"","p_val","avg_log2FC","pct.1","pct.2","p_val_adj"
"RPS4Y1",3.77484693866858e-38,-1.55787132601017,0.287,0.715,6.6346709794039e-34
"HBB",1.87936598879704e-29,-2.25399668551328,0.092,0.402,3.30317366190968e-25
"HLA-DQB1",1.83115469975388e-19,-0.490750158487011,0.921,0.991,3.21843750028742e-15
"RPL28",2.26755141241631e-16,-0.288778939140592,0.999,1,3.98544836246291e-12
"DDX3Y",2.5558677407028e-16,-1.4204122539526,0.194,0.462,4.49219314105923e-12
"CD52",5.92548802201863e-16,-0.667524784271645,0.751,0.909,1.04146377475e-11
"HLA-G",3.71655299960474e-14,2.35255800533711,0.204,0.048,6.53221355210529e-10
"IFI44L",1.53783449165625e-11,-1.43225078416584,0.136,0.305,2.70289790253503e-07
"IFITM1",5.71849137802731e-11,-1.06694281888642,0.307,0.51,1.00508204460208e-06
"WDR74",7.5056491530216e-10,0.953784021293226,0.515,0.481,1.31919289513508e-05
"SFPQ",9.2308417769033e-10,0.516874457760372,0.798,0.758,1.62241275070852e-05
"HLA-A",3.35417400777674e-09,-0.391918552937429,0.983,0.989,5.8952962360684e-05
"S1PR1",5.71739032390801e-09,1.20863372017693,0.356,0.205,0.000100488852333007
"ARRDC2",1.09365769770513e-08,0.726064265145534,0.661,0.567,0.000192221276948653
"PIK3IP1",4.55203520349704e-08,1.19719658194348,0.358,0.214,0.000800065707366639
"USP9Y",5.10684783075093e-08,-1.33280465671174,0.093,0.242,0.000897579574732783
"MKNK2",1.15977697821309e-07,-0.531014792371482,0.747,0.875,0.00203842401690733
"CYBA",1.99462542290691e-07,-0.41929335520355,0.835,0.932,0.00350575364330119
"ZBP1",2.34957015472839e-07,-1.88480663437059,0.05,0.157,0.00412960450395062
"CD83",3.57011963556055e-07,0.384256847874966,0.992,0.986,0.00627484227146122
"RPL12",3.84141509576544e-07,-0.187725833622748,0.994,0.997,0.00675167117231733
"RPS18",4.68982104183326e-07,-0.212659041767004,0.999,1,0.00824282946312614
"TSC22D3",5.02503658843727e-07,0.6357461403126,0.85,0.852,0.00883200430783735
"RPS15",8.00591747642442e-07,-0.160796657956951,0.997,0.997,0.0140712005565636
"COBLL1",8.54369087400943e-07,1.12489358505028,0.327,0.219,0.015016391080159
"IFITM2",9.7054518538041e-07,-0.706559366973995,0.361,0.47,0.0170583021782461
"ZFAS1",1.36307180154861e-06,0.373079356723301,0.932,0.877,0.0239573499840183
"KDM6B",1.70999602218835e-06,0.371797866006581,0.786,0.726,0.0300548900859824
"PNRC1",2.69628348406264e-06,0.336888840602192,0.975,0.963,0.0473898785158849
"SKIL",2.94407132642513e-06,0.457715616891711,0.731,0.67,0.0517449976332481
"RPL36",3.41628903584949e-06,-0.16308346205486,0.992,0.997,0.0600446960940907
"EIF1AY",4.27841939871603e-06,-1.45549275534472,0.068,0.185,0.0751974993518329
"LY6E",4.6904079084248e-06,-0.60979325195401,0.42,0.578,0.0824386093984743
"ARID4B",4.70713150060123e-06,0.347253108621961,0.806,0.764,0.0827325432545672
"CCNT1",4.86773990934967e-06,0.985027498142478,0.306,0.188,0.0855553966467299
"ENSG00000287979",5.52350393164702e-06,-3.49066819237721,0.001,0.037,0.097081105102628
"ZNG1A",7.66016409913412e-06,1.2435826556323,0.208,0.117,0.134635044206381
"TXNIP",8.166675552333e-06,0.700002548637901,0.536,0.413,0.143537489507805
"KDM5D",8.87054494002927e-06,-1.87157180669227,0.028,0.105,0.155908697865954
"CD48",9.9094851329369e-06,-0.466713702480551,0.583,0.718,0.174169110696499
"RAB8A",1.49436287844522e-05,0.815109947169821,0.274,0.185,0.262649219515533
"TAF1D",1.49438651837526e-05,0.449249708924543,0.736,0.695,0.262653374469636
"ACTB",1.5122673095782e-05,0.196406192263505,0.979,0.98,0.265796102331464
"CD37",1.84907081548732e-05,-0.21910598112443,0.986,0.997,0.324992686530052
"RPS7",1.87107115424033e-05,-0.162209577799713,0.997,0.997,0.32885946606928
"RAMACL",1.91603593674695e-05,4.62753742623517,0.031,0,0.336762476242644
"IFI6",1.95267292474219e-05,-1.22517164192865,0.072,0.177,0.343201793252688
"EEF1D",1.95840114648343e-05,-0.207858571464761,0.95,0.972,0.344208585505928
"EIF5",2.01823561412586e-05,0.448969068707417,0.703,0.672,0.354725091538761
"RPL14",2.24006604654445e-05,-0.169516799545362,0.996,0.994,0.393714008340652
"RPS23",2.32037377595011e-05,-0.107831144552291,1,0.997,0.407828894860991
"CDKN2AIP",2.37734422428627e-05,0.911457039159164,0.274,0.182,0.417842020860555
"CD72",2.41832585864386e-05,-0.617684637138752,0.211,0.362,0.425044952915245
"ATF7IP",2.53235413917128e-05,0.603166763770765,0.661,0.587,0.445086563500744
"HLA-DRB5",2.6728470060145e-05,-0.569488601309041,0.533,0.647,0.469779589777108
"MTMR6",2.87061314601614e-05,0.56964796456726,0.494,0.402,0.504538966543798
"EWSR1",3.10067217822925e-05,0.529496213523779,0.505,0.422,0.544974142045573
"FAU",3.58661364712644e-05,-0.11819945648904,0.997,1,0.630383214618943
"PRPF38B",3.65655571278922e-05,0.553194389802889,0.479,0.382,0.642676232079833
"SNRPG",3.75297176662374e-05,0.446897409619922,0.617,0.536,0.659622317701789
"C1orf115",4.29088896655236e-05,5.08397611201795,0.033,0,0.754166644761242
"RPS14",4.36887225930463e-05,0.162756588316904,0.993,0.994,0.767872988295382
"DNAJA1",4.8320662660939e-05,0.32286636548087,0.878,0.823,0.849283966928663
"RPS13",4.91008931533227e-05,-0.128216255044642,0.996,0.994,0.862997298062799
"UTY",5.08543573442936e-05,-1.04711755314365,0.126,0.256,0.893816184683304
"PDRG1",5.34561636746205e-05,1.18887797524308,0.173,0.088,0.93954553274513
"RPL18A",5.47339514766783e-05,-0.143409200631327,1,1,0.962003931154097
"RSRC2",5.52781637107904e-05,0.422511595170129,0.747,0.715,0.971569005380852
"PCDH9",5.97279138701695e-05,-0.99348157772508,0.093,0.194,1
"FAM133B",6.03353634117253e-05,0.597361222000894,0.369,0.328,1
"XAF1",6.04469766037928e-05,-1.15192407240455,0.113,0.208,1
"ZFY",6.13375320106302e-05,-0.227689153629892,0.106,0.182,1
"H1-10",6.76568126961992e-05,-0.594208109662612,0.358,0.473,1
"ZNF260",8.76852094122026e-05,2.46691575516088,0.066,0.014,1
"ODF3B",9.191804717134e-05,-0.788292366066077,0.106,0.217,1
"PPIL4",0.000110190964894316,0.540324564108772,0.472,0.365,1
"CNBP",0.000111829970272495,0.359153615605971,0.728,0.678,1
"NEAT1",0.000114614996226444,-0.396897108314038,0.407,0.57,1
"DUSP5",0.000118664179106282,-0.65317290789174,0.393,0.53,1
"SRSF3",0.00013132366934091,0.388947775063754,0.779,0.741,1
"GCC2",0.00013624648535534,0.518733373568902,0.414,0.368,1
"TGIF1",0.000137579049099208,0.561487980063781,0.487,0.399,1
"RPL32",0.000151582361984741,-0.126129635500607,0.997,1,1
"BFAR",0.00015299034969306,0.913776631619259,0.248,0.162,1
"PLSCR1",0.000153913595223591,-0.943063037634355,0.122,0.242,1
"CAPZA1",0.000160370501562906,0.395088277334879,0.57,0.51,1
"MT-CO1",0.000167442729828827,0.337541633588846,0.996,1,1
"RPS3",0.000168231518430319,-0.141968443796393,0.992,0.997,1
"RPL18",0.000182368640411304,-0.120772381920205,0.997,0.994,1
"DDX5",0.000197939552754918,0.267499921086469,0.934,0.917,1
"HLA-DOB",0.000198236155737761,-0.667195113625741,0.163,0.282,1
"ENSG00000289169",0.000199062735442722,4.56632686138247,0.025,0,1
"ZNF773",0.000204012461932184,2.23623153433057,0.074,0.02,1
"SIK1",0.000204870224553686,-0.444075595296499,0.525,0.604,1
"CCR7",0.000207918185792954,0.55831998939455,0.791,0.729,1
"IFNAR1",0.000215799038886287,0.739056316374175,0.362,0.285,1
"H3-3B",0.000218852529793002,-0.287399394985773,0.984,0.997,1
"TNFRSF18",0.000229051597869798,-0.215703126266576,0.216,0.342,1
"STK17A",0.000236965555542692,0.368600233375998,0.693,0.709,1
"TMF1",0.00025510506436186,0.631295368734115,0.371,0.291,1
"CHI3L2",0.000288804372002387,-1.44712553832859,0.047,0.105,1
"MTRFR",0.000290046335374025,1.57796996748783,0.112,0.051,1
"CHTOP",0.00029456952300686,1.07123168961294,0.178,0.111,1
"STAT1",0.000298059536588993,-0.834576342815977,0.19,0.316,1
"MIR142HG",0.000320665440654996,-0.737604491271765,0.228,0.365,1
"TNFAIP1",0.000332794569279516,2.80270327392507,0.042,0.006,1
"C1orf43",0.000333472605893964,0.37345625115205,0.393,0.302,1
"EMP3",0.00033355718066593,0.251821570327364,0.893,0.852,1
"AKAP13",0.00033506857110587,-0.445080374096937,0.508,0.647,1
"HBG2",0.000354843676570996,-3.37501180886571,0.003,0.034,1
"AIRE",0.000362175861866662,-5.40570860135843,0,0.017,1
"EIF2S3",0.000371021979862562,0.533258602749393,0.382,0.291,1
"ILKAP",0.000375247104438012,0.597020473041353,0.286,0.197,1
"DIPK1B",0.000392885959882503,2.55048536069219,0.048,0.009,1
"LYSMD3",0.000393055927752753,1.06508824045151,0.178,0.105,1
"ZNF595",0.000418234983691443,2.99191486505729,0.042,0.006,1
"RPF2",0.00044771435612645,1.21920587126584,0.141,0.071,1
"C12orf57",0.000455714979855073,0.525803592351533,0.581,0.501,1
"MT-ATP6",0.000463471931044339,0.377577454125784,0.843,0.821,1
"LPIN2",0.000466135289665057,0.983669225232525,0.204,0.125,1
"HNRNPF",0.000467155667413577,0.358250294849607,0.631,0.564,1
"CFL2",0.000468395234030381,0.857212353018657,0.17,0.085,1
"ENSG00000263393",0.000477364259303572,-4.82510293189181,0,0.017,1
"XRCC5",0.000495622471886272,0.452938436685568,0.487,0.439,1
"MT-ND1",0.000499764342395768,0.232781671063977,0.965,0.986,1
"RPL24",0.00052178485301463,-0.176691055272575,0.992,1,1
"INTS6",0.000530557108027889,0.482407154734878,0.463,0.416,1
"ZNF24",0.000537033168341662,0.346335856747068,0.491,0.393,1
"CYTH1",0.000537785691823309,-0.492557685463594,0.504,0.638,1
"ZFP36L2",0.000542381435475209,0.418186851465373,0.709,0.638,1
"RPSA2",0.000559618606437749,-1.23317792067755,0.068,0.151,1
"GRWD1",0.000566962555807663,0.860815797401411,0.222,0.14,1
"SSBP4",0.000569181585800688,-0.927488152132568,0.116,0.225,1
"MTERF4",0.000573310291019555,0.716176276140446,0.17,0.108,1
"NME2",0.000591036738539204,-0.456016694210522,0.557,0.67,1
"MOSPD1",0.000591417868076067,2.78177520139329,0.05,0.011,1
"RASGEF1B",0.000594728595085582,0.300575239538272,0.747,0.675,1
"RRP1B",0.000607694671176364,-1.18567331731402,0.088,0.188,1
"SNHG5",0.000609781614890902,0.446609251866566,0.498,0.45,1
"CNN3",0.000623703519638559,-0.915083512301307,0.083,0.174,1
"YBX3",0.000624741994057911,-0.337966150445805,0.719,0.815,1
"RPL5",0.000625169890988735,-0.155221233842672,0.98,0.991,1
"RPS27",0.000628826985779843,0.157215449283712,1,1,1
"RPL11",0.000633118031137892,-0.118002911226044,0.999,1,1
"PSD4",0.000678854901075236,1.62171223019356,0.074,0.026,1
"PTPRCAP",0.000698493153303202,-0.359124351186457,0.69,0.792,1
"RBM3",0.000706404674366372,0.275871070469234,0.779,0.738,1
"EEF2",0.000785223873944031,-0.208351266585844,0.955,0.969,1
"RPS26",0.00078577098130661,-0.102742217898986,0.999,1,1
"NBPF26",0.00078906198701627,-1.02497524088031,0.126,0.228,1
"PPP4R3B",0.000793468189710026,0.499127864923617,0.383,0.319,1
"ZNF417",0.000804822140601446,2.34524338991918,0.048,0.011,1
"REL",0.000836170250279076,0.189363113415094,0.949,0.937,1
"LGALS9",0.000840822792904327,-0.63956153825207,0.199,0.316,1
"SP110",0.00088878883899834,-0.617370521250038,0.293,0.376,1
"NOL7",0.00089335790426454,0.493413962376184,0.395,0.345,1
"NCF1",0.000912511221380249,-0.477719992819172,0.31,0.439,1
"DGUOK",0.000914852073631289,0.679146410985748,0.267,0.199,1
"UBXN4",0.000919645491419636,0.265383010619467,0.453,0.47,1
"ENSG00000251600",0.000971347017726445,3.68091555394775,0.017,0,1
"AGPAT3",0.000985715663606326,-1.13677138166447,0.069,0.148,1
"VPREB3",0.00101291276046193,-0.678175312282062,0.167,0.254,1
"CCNA1",0.00101842511636767,-4.46965239419548,0,0.02,1
"DNAJB9",0.00108556441568644,0.633060460594804,0.284,0.248,1
"SNHG12",0.00109978311513977,0.862081122012274,0.25,0.191,1
"UBE2L3",0.00111108769765264,-0.397793606977364,0.269,0.396,1
"DDX41",0.00111365765472223,-1.83529933340085,0.035,0.094,1
"PLAAT4",0.00112347954787497,-0.893913722893152,0.122,0.205,1
"ZFP82",0.00112365144747559,1.94349609495386,0.057,0.017,1
"XRRA1",0.00115482404175276,-1.56626723984818,0.037,0.105,1
"PLAC8",0.00116342777951274,-0.612133417033287,0.235,0.345,1
"CEBPZ",0.00120870536172813,0.450066628712957,0.426,0.379,1
"HLA-DPB1",0.00124955195530879,-0.141630449971042,0.972,0.989,1
"RPL29",0.00125023934263269,-0.136657520596728,0.994,1,1
"MALAT1",0.00125356546918253,-0.162614439805484,1,1,1
"CYRIA",0.0012709678567327,-0.580306717353571,0.347,0.481,1
"EIF2S2",0.00127105897979413,0.379091565238533,0.388,0.382,1
"SON",0.00127981192508397,0.245947828463032,0.813,0.792,1
"ERVK3-1",0.00129000269874065,0.575190792822864,0.315,0.262,1
"EIF1B",0.00130404805623327,0.444329295166384,0.714,0.661,1
"UBALD2",0.00130503895008852,-0.265835711037126,0.846,0.92,1
"SLC30A4",0.00131033751273797,-1.35401848833043,0.023,0.068,1
"KMT2E",0.00132314015262402,0.229488339944492,0.897,0.872,1
"IZUMO4",0.00134373690176047,-0.91591680175531,0.106,0.197,1
"TTN",0.0013938452317672,-0.953384929564278,0.081,0.165,1
"IGKV1-39",0.00141108495748638,-1.84686364998967,0.034,0.071,1
"ZNF33A",0.00141334611463329,0.867450122859384,0.195,0.151,1
"PRDM2",0.00143693427713952,0.334263609118661,0.679,0.658,1
"NPEPPSP1",0.00143696892524038,0.822246428530212,0.298,0.217,1
"IGHM",0.00143786550304423,-0.430352724141647,0.571,0.672,1
"VIM",0.00145366197160694,-0.677529648323443,0.588,0.681,1
"PMM2",0.00145578822662934,0.909761322499692,0.163,0.105,1
"RBM39",0.00146223665465668,0.285981432822646,0.929,0.909,1
"ARL14EP",0.00150623392859691,0.867174616915147,0.208,0.14,1
"HMBOX1",0.00153607775737634,-0.149422236155021,0.187,0.179,1
"FCRL1",0.0015756904678545,-0.33421492195938,0.482,0.578,1
"CAMK4",0.00160036615704236,1.42113713125517,0.055,0.023,1
"MS4A1",0.00163443827565049,-0.297085844913515,0.885,0.906,1
"MBNL2",0.00163716097438007,-0.45056412671498,0.423,0.558,1
"FBL",0.00164959611259297,-0.4127488801285,0.371,0.447,1
"ZNF668",0.00167788564287968,3.70733863290419,0.017,0,1
"DNAJB6",0.00168412568834288,0.508145124045912,0.563,0.49,1
"MUL1",0.00173580907308358,1.11708974682201,0.107,0.051,1
"DEK",0.00174338637520124,0.525884461203766,0.286,0.217,1
"ZNF91",0.00177405927728987,1.12267952523465,0.13,0.068,1
"UBE2D1",0.00178367046046531,0.712242139361212,0.264,0.191,1
"PEX3",0.00180863054519845,1.68205398889659,0.054,0.02,1
"MIF",0.00184006436622228,-0.269890490978777,0.67,0.789,1
"BOD1L1",0.00184692121031567,0.370356677254104,0.438,0.413,1
"ENSG00000285639",0.00187140818279604,-0.573750279966326,0.174,0.285,1
"DAPK1",0.00187632290289997,-3.6692666233498,0.001,0.026,1
"SRRM1",0.00192693107747953,0.211869150326708,0.686,0.701,1
"LINS1",0.00193730227927472,1.26640076039934,0.081,0.037,1
"ITGB2",0.0019472700142189,-0.773870379845609,0.11,0.205,1
"TFAM",0.00195010738930323,0.664248236317959,0.238,0.194,1
"IRF2BP2",0.00195382685502255,-0.281930896610317,0.736,0.772,1
"RSL1D1-DT",0.00197189036667905,-1.04219811562896,0.061,0.14,1
"RBKS",0.00197707168625718,-1.0680024108787,0.079,0.134,1
"IFI27L2",0.00198192827632771,-1.28039884212968,0.041,0.103,1
"ALKBH7",0.00198357363984982,-0.620056698007329,0.208,0.316,1
"TAMALIN",0.00199869808352237,0.308969879257093,0.833,0.809,1
"DDX39A",0.00207106523774071,0.41798362112547,0.652,0.607,1
"RELB",0.0020822518883999,0.284484876682201,0.76,0.721,1
"TIPARP",0.00210584316698496,0.543221977702148,0.361,0.288,1
"MVP",0.00218024282922021,-0.699600305059252,0.042,0.097,1
"ENSG00000251652",0.00218785379454703,-4.92623512100004,0,0.014,1
"LINC03049",0.00221357565230407,3.00020432406995,0.031,0.003,1
"H1-2",0.00221593978255026,-0.629737172443164,0.253,0.356,1
"MTMR14",0.00224014650893408,0.604242422885554,0.29,0.225,1
"SLC39A1",0.0022410511582309,1.03621178454917,0.16,0.097,1
"GADD45G",0.00227847924440659,-1.02760723328233,0.054,0.117,1
"SLC9A8",0.00230569783817481,0.668361747397972,0.192,0.123,1
"SLC25A6",0.0023320958432355,-0.136592744711257,0.86,0.949,1
"VCPKMT",0.00233251905049276,0.629334906314033,0.429,0.348,1
"ATF1",0.00237382158645459,0.821716824938199,0.181,0.12,1
"EBNA1BP2",0.00239385556905764,0.865909464798006,0.096,0.054,1
"ZNF667-AS1",0.00243997753120751,1.56185042254857,0.061,0.02,1
"CCDC186",0.00245532016565238,0.725616860532151,0.202,0.157,1
"RPS29",0.0024774199098585,0.130864852296883,0.992,0.994,1
"KPNA2",0.00251453087692562,-0.754988059602861,0.219,0.339,1
"DERL2",0.0025372568829811,0.712948223621577,0.197,0.134,1
"EFHD2",0.00254258610953389,-0.208381277674766,0.577,0.593,1
"CLCN7",0.00258460296655278,-0.903166969346593,0.112,0.205,1
"TMEM126A",0.00261693576796121,1.2605007176387,0.129,0.071,1
"EIF4A2",0.00269858166200722,0.272124989815535,0.768,0.792,1
"EBF1",0.00270565383074517,-0.322503060117238,0.612,0.744,1
"PIK3AP1",0.00270712178486091,-0.891349224684865,0.119,0.211,1
"CCDC85B",0.0027128492725564,-0.746247674432652,0.143,0.248,1
"CABLES1",0.002722630995657,0.878805833888177,0.064,0.028,1
"CLK4",0.00273055969912069,0.56595061073035,0.376,0.299,1
"GAPDH",0.00279485825655312,-0.524070790323568,0.518,0.63,1
"JUN",0.00282184347037926,0.356411947154665,0.871,0.823,1
"WASHC4",0.00283387120357914,0.354778056538675,0.53,0.473,1
"RPS6",0.00285129276447918,-0.136735171168372,0.996,1,1
"UBE2Q2P13",0.00290165124696753,3.49045612114435,0.014,0,1
"MFSD10",0.00290929339609157,-0.441531067499891,0.139,0.231,1
"ZBTB2",0.00292245805630057,0.85143352878462,0.163,0.117,1
"RNF213",0.00296560728896905,-0.507381766500318,0.233,0.35,1
"DYNC1H1",0.00299098960680183,-0.107813486547793,0.205,0.282,1
"PTPN1",0.00299275775555819,-0.355444070130791,0.325,0.459,1
"RPS21",0.00299765676390863,0.122518757316302,0.996,0.994,1
"GRAMD1B",0.00303932100822601,3.58489003617305,0.013,0,1
"CA2",0.00304599489547077,-0.780163325171484,0.146,0.239,1
"CD9",0.00308734099936348,-0.998663180230358,0.058,0.123,1
"NOLC1",0.0031288487153331,0.404617963289768,0.332,0.311,1
"ZNF267",0.00313531516814931,0.367503986406163,0.526,0.473,1
"ERGIC1",0.00314889770962637,-0.59253788659044,0.214,0.319,1
"ARPC5",0.0031705572649293,0.557534536236376,0.281,0.234,1
"CIR1",0.00318104194151854,0.376377365429672,0.372,0.291,1
"SC5D",0.00320053656437868,0.483513770086926,0.388,0.35,1
"ELF1",0.00320060182759466,0.242774814410832,0.791,0.758,1
"ARHGAP15",0.00326342853239505,-0.459225304345661,0.419,0.513,1
"SMAD4",0.00327873402919777,0.567038914528793,0.272,0.245,1
"HLA-DRB6",0.00329488582759102,1.64606048191002,0.081,0.031,1
"ERP29",0.00330349946949587,-0.454722274720164,0.405,0.519,1
"ERF",0.00334897244608121,0.679584999461603,0.243,0.177,1
"ALAS2",0.00335987528076878,-5.33654970658635,0,0.011,1
"TLNRD1",0.00337895639222395,0.627601211437581,0.229,0.197,1
"PHETA1",0.0033976833576714,3.32745009078301,0.014,0,1
"IPO7",0.00340874778931737,-0.315135525008972,0.24,0.353,1
"AMFR",0.00341242628627475,-0.429332089224516,0.174,0.274,1
"HES4",0.00341830105746522,-0.738942169547262,0.17,0.262,1
"COL9A3",0.00343882778686802,-0.79298258901992,0.088,0.165,1
"RPL19",0.0034783965252913,-0.112832098442786,0.997,1,1
"CSGALNACT1",0.00350849726335706,-0.993108217497326,0.069,0.145,1
"ZFX",0.00356740147360695,0.717483638281549,0.306,0.242,1
"ENSG00000288839",0.00356880005230933,3.39858319584031,0.014,0,1
"PPDPF",0.00358285194403851,-0.203040956526847,0.74,0.84,1
"ATG12",0.0036848827311341,0.452202988503253,0.284,0.254,1
"ENSG00000289569",0.00373869076916432,-4.21953482386092,0,0.014,1
"TAGAP",0.00376116720542053,0.322135613953733,0.885,0.849,1
"NDEL1",0.00385666001144811,0.367517998756683,0.274,0.214,1
"LST1",0.00386923128327226,-1.24274261752983,0.051,0.1,1
"BTG1",0.00393558024163426,0.217490800453719,0.982,0.983,1
"RABGGTB",0.00399106723176955,0.490434427678903,0.328,0.296,1
"TMC8",0.00407796389950527,-0.546970751595096,0.158,0.262,1
"METTL13",0.00408398695327234,1.7609881496032,0.04,0.011,1
"SRSF4",0.0041117242272306,0.320273207077959,0.518,0.456,1
"ARHGAP4",0.00412049640832373,-0.471870248940584,0.27,0.368,1
"H2BC12",0.00412965085467723,-0.49164148178659,0.133,0.217,1
"ZFHX2",0.00418700927230637,3.02590859584062,0.013,0,1
"ERBB2",0.00419331782552712,-4.38923592966413,0,0.011,1
"TUBB6",0.0042311978319966,-0.693999639055815,0.212,0.328,1
"BLNK",0.00424730285602422,-0.656923962514665,0.204,0.271,1
"YWHAZ",0.00424906241010148,0.1135019865747,0.943,0.963,1
"PLD4",0.0042581025664972,-0.996862270591506,0.098,0.165,1
"MRPL4",0.00426057618215062,0.689849509675705,0.167,0.114,1
"DRAP1",0.00430626333992599,-0.478159112665913,0.354,0.47,1
"GORASP2",0.00432843308545896,0.488081351952372,0.246,0.185,1
"EPAS1",0.00433812456142344,3.82591558702101,0.016,0,1
"RC3H1",0.00439979063483945,-0.123526722107519,0.28,0.362,1
"MT-ND2",0.00441564035015502,0.312408507404029,0.96,0.952,1
"ZFAND2A-DT",0.00443748372142112,3.52776055740908,0.013,0,1
"NRAV",0.00444966206489121,3.2887564198227,0.013,0,1
"DNAJC4",0.00446687684436274,-0.630420081347368,0.17,0.239,1
"RAB30",0.0044670296418258,0.431396554804684,0.519,0.481,1
"IGHV6-1",0.00452065034316523,-7.35007070705936,0,0.014,1
"MRPL1",0.0045399393746164,1.18359447076943,0.078,0.034,1
"RPL7",0.00455542207977932,-0.187024484262182,0.908,0.937,1
"ENSG00000289045",0.00458983417495558,-4.2877268342674,0,0.011,1
"NIFK",0.00459705168912298,0.580985730315034,0.272,0.211,1
"BECN1",0.00460412704640141,0.781632295951717,0.178,0.117,1
"ZNF394",0.00463534659533134,0.597645260385268,0.291,0.228,1
"IGKV3-15",0.00466480350978352,-0.425352074784245,0.081,0.068,1
"DNTTIP1",0.00467425234169024,0.953782458471545,0.109,0.066,1
"SLC35D1",0.00469071142304887,-0.486589128372998,0.14,0.228,1
"ENSG00000289496",0.00469967339021159,3.95916959842084,0.016,0,1
"TXLNGY",0.00473886232982039,-1.43252827241603,0.035,0.091,1
"IGLV3-1",0.00474627528513023,0.584075653284845,0.021,0.043,1
"CTNNB1",0.00477834140007772,-0.166600386113778,0.385,0.493,1
"ING1",0.00478201661560482,0.761320597655664,0.141,0.094,1
"ABHD14B",0.00481353160494899,-0.786776851159515,0.12,0.197,1
"HSPBAP1",0.00482501352966064,0.510604708726116,0.144,0.094,1
"ENSG00000291100",0.00484808259767016,-1.08541092884468,0.051,0.114,1
"KLF10",0.00485012606422785,0.287682813647847,0.454,0.382,1
"ACVR1B",0.0049140901548425,-2.77796444731797,0.007,0.037,1
"ENSG00000285756",0.00494820682717674,2.45090515043161,0.024,0.003,1
"CD59",0.00497991009199234,0.464788978873204,0.163,0.108,1
"YWHAE",0.00498316934753966,0.364776250026044,0.552,0.49,1
"RPL10",0.00501903928605193,-0.114476441082397,0.999,1,1
"NNT-AS1",0.00505101831363594,3.63409036773875,0.014,0,1
"FAF2",0.00509430825169074,0.9039437749965,0.12,0.068,1
"TMEM18",0.00512503601303093,0.626758403567578,0.201,0.168,1
"UBA7",0.00514535140155374,-0.947142158496608,0.064,0.128,1
"RHPN2",0.00518660039340822,-4.53946753269844,0,0.011,1
"MARCHF1",0.00531358348799947,-0.928649189846877,0.105,0.174,1
"MIS12",0.005321519783731,0.629058778243457,0.198,0.134,1
"NEMP1",0.00532594418984413,1.37554422211102,0.071,0.031,1
"ARL6IP4",0.00533278628295549,-0.612122020616738,0.222,0.325,1
"SEPSECS-AS1",0.00539788820973673,-4.25157808496983,0,0.011,1
"ENSG00000234162",0.00540448706320518,-3.8290800920642,0.001,0.02,1
"RPS27A",0.00543144748498675,0.105797142101077,1,0.997,1
"PBDC1",0.0054644595747484,-0.766812003825217,0.137,0.228,1
"SAMD9L",0.00552233426924306,-1.03255318885513,0.064,0.134,1
"LINC03034",0.00552858742483564,-3.02459987758802,0.003,0.023,1
"PATJ",0.00554069904877458,1.27464302349156,0.044,0.014,1
"ULK4",0.00556046221327398,-0.896401360784209,0.061,0.134,1
"PHLDB2",0.00557104513521145,-0.707335153640951,0.129,0.191,1
"RGCC",0.00557383568269231,0.219736034827252,0.322,0.242,1
"TAGLN2",0.00564072947262487,0.182502072275047,0.963,0.952,1
"FBXO22",0.00568499646988617,1.35141308625173,0.066,0.031,1
"PARPBP",0.00568804609585484,2.80074532608419,0.011,0,1
"PPP2R2A",0.00569788386790704,0.379795874345005,0.345,0.276,1
"NTNG2",0.00571153702562147,-4.33774192538812,0,0.011,1
"ZBTB10",0.00571741212882713,0.367512854273612,0.574,0.504,1
"PDK1-AS1",0.00571763313624779,-1.2219141594915,0.038,0.091,1
"CDK2AP2",0.00573232069820445,-0.550019756558233,0.209,0.308,1
"PLA2G12A",0.00583834648403076,-1.87880737522174,0.008,0.04,1
"PGAP1",0.005860671041306,-1.34757170066696,0.083,0.137,1
"CBLB",0.00595800339964249,-0.549775896264499,0.273,0.379,1
"LRRC47",0.00597343133612972,0.643435601052869,0.057,0.028,1
"PTCD2",0.00600629308013885,-4.69521257781365,0,0.011,1
"GIMAP5",0.00602193413312279,3.84245844981537,0.014,0,1
"DGKZ",0.00602408116855755,-1.60273437238517,0.031,0.077,1
"ILK",0.00604398720903219,0.71106747417578,0.197,0.148,1
"YIPF3",0.00606386102270287,0.524753516224427,0.187,0.171,1
"NSF",0.00608701691334346,-0.526110143963445,0.267,0.382,1
"ARMT1",0.0061556594288821,1.494154015631,0.054,0.02,1
"IFI44",0.00617012200156246,-1.2572185474912,0.038,0.088,1
"CEBPG",0.00618313423376504,0.39349453694008,0.291,0.276,1
"GTF2B",0.00619532940421982,0.353395633594906,0.56,0.516,1
"ENSG00000291107",0.0062255000114563,0.73578432138242,0.177,0.114,1
"STX17-DT",0.00622670962982285,-0.517541042457769,0.168,0.271,1
"ENSG00000233848",0.00626807856129166,3.4974148467721,0.014,0,1
"RNASEH2B",0.00628780298104012,0.355479255256654,0.225,0.165,1
"NRDE2",0.00629165635164863,1.03746962599867,0.072,0.031,1
"LYRM2",0.00632620947260262,0.779221283330713,0.124,0.08,1
"CCDC88B",0.00633533139916648,-1.05128941103783,0.048,0.111,1
"PPIA",0.0063456469214877,0.123444560387382,0.946,0.923,1
"TM4SF19-AS1",0.00634853200135913,-4.27412599703946,0,0.011,1
"AFTPH-DT",0.00637409245618689,-4.40252014752275,0,0.011,1
"GARS1",0.00640739743129234,0.443642701022951,0.262,0.242,1
"HLA-C",0.0064156217261384,-0.1829693363343,0.98,0.986,1
"ENSG00000261172",0.00648878463167073,-4.07871656876922,0,0.011,1
"EIF4H",0.00663010563518565,0.285867186743235,0.515,0.462,1
"HBA2",0.00664740407332441,-2.01316339701467,0.007,0.031,1
"CTH",0.00665241565997582,-2.08359132101194,0.008,0.04,1
"C5orf22",0.00665713806859368,1.2401022964008,0.083,0.043,1
"TPP1",0.00672032656781509,0.857992821213472,0.116,0.066,1
"CDC42SE2",0.00682104139764889,-0.394788708106176,0.481,0.613,1
"KLHL24",0.00685065988668576,0.554926488578486,0.47,0.399,1
"NEK11",0.0068595226306668,3.25589614920106,0.013,0,1
"BTF3",0.00689770923468666,-0.167166871118746,0.924,0.946,1
"ETS1",0.00690503273917591,-0.107977494536444,0.238,0.319,1
"LIMS2",0.00690733596152229,-1.3805704905487,0.03,0.077,1
"FMO4",0.00691533728005233,3.14916464159793,0.011,0,1
"NOTCH2",0.00695178350382605,-0.560201099250093,0.175,0.271,1
"CTSB",0.00696502407219892,0.579620687341649,0.105,0.063,1
"P2RY10",0.00704721127826419,0.531516813685859,0.389,0.313,1
"CDK12",0.0071224816120969,0.601499639964514,0.212,0.165,1
"ZNF81",0.00721614734989195,-1.54378974192011,0.025,0.074,1
"WDFY4",0.00723352256367081,-0.421004146692718,0.297,0.362,1
"TBC1D9",0.0072574069070963,-0.696770102286921,0.062,0.123,1
"AIMP1",0.00727625992395512,0.616208241666924,0.243,0.185,1
"ANKRD49",0.00728675492385854,0.890749362519372,0.151,0.097,1
"CKAP2",0.00733917290758497,0.773304584558638,0.235,0.182,1
"SYK",0.00736550005341824,-0.835072057966843,0.164,0.254,1
"SPIRE1",0.00740437894617157,-2.30745401251639,0.004,0.028,1
"ABRAXAS1",0.00743655892816701,-0.787149140027567,0.059,0.125,1
"EIF1",0.00746285308119251,0.162874448766318,0.999,0.994,1
"SNRPD1",0.00762687303916499,0.401950273575848,0.349,0.285,1
"C18orf21",0.00763766196827034,1.11920576970929,0.092,0.048,1
"FEZ2",0.00768460110966581,-0.93264772352483,0.083,0.16,1
"GDE1",0.00769620160060469,-1.15694432586785,0.037,0.091,1
"BDP1",0.00770331837775461,0.297412188469261,0.368,0.373,1
"ITGB3",0.00773979105964519,-3.31505307882312,0.004,0.031,1
"BMP2K",0.00776696207971414,-0.495219631207841,0.253,0.356,1
"NFKBID",0.00781132553918969,0.273085911099552,0.854,0.852,1
"CHAC1",0.00791185055483701,1.26180147220299,0.047,0.02,1
"CEP135",0.00794932424100651,0.590044369417256,0.212,0.165,1
"BAZ1B",0.00795097036885825,0.629355179542202,0.232,0.174,1
"MANBA",0.00804443822816913,-0.35748922595381,0.55,0.652,1
"SYT5",0.00804529477702695,3.45429764101747,0.013,0,1
"LENG8",0.00805501470120956,-0.510239030060225,0.231,0.33,1
"ISG15",0.00806976377734114,-0.721084814343445,0.263,0.362,1
"ENSG00000261260",0.00811860247955174,2.64443597693747,0.01,0,1
"CMTM3",0.00818826915183706,1.34155747272638,0.076,0.04,1
"CD164",0.00821826662259142,0.326648987967364,0.496,0.493,1
"RNF10",0.00821913442984811,-0.23293657867198,0.293,0.39,1
"FYB1",0.00827302255129009,4.09619079166838,0.023,0.003,1
"MAGOH",0.00830359794521299,0.416047646014524,0.436,0.385,1
"SOCS7",0.00837892427969027,3.52256459264941,0.013,0,1
"KBTBD2",0.00846059392852236,0.560561477061958,0.361,0.288,1
"BCL3",0.00846890250660389,0.300149804736045,0.576,0.55,1
"LZTS3",0.00851490618309327,1.15742410518476,0.078,0.04,1
"PSMC2",0.00855059881053408,0.788204544701114,0.156,0.105,1
"CCL4",0.00856461768552934,-0.781669435151539,0.071,0.048,1
"CD86",0.00860449059317749,-0.986377138712123,0.102,0.182,1
"ENSG00000271918",0.00866207207916943,-2.79659290418809,0.006,0.031,1
"MYC",0.00872894943930984,-0.196251583456128,0.287,0.396,1
"TNFSF10",0.00876767948470665,-3.17541016716232,0.001,0.02,1
"KCNC3",0.00878029677865802,-3.5104503047419,0.001,0.023,1
"TPI1",0.00880818213148252,-0.53372133848149,0.233,0.33,1
"ZEB2",0.00885717495542428,-0.278686649083606,0.424,0.547,1
"ZBTB1",0.0088858405191373,0.450931974574445,0.429,0.379,1
"ENSG00000269984",0.00897935046535692,2.29554100103261,0.024,0.003,1
"DLGAP3",0.0089897230248713,2.60376187463688,0.01,0,1
"SCAF11",0.0089987648925634,0.306758087373955,0.584,0.538,1
"TMEM160",0.00901592955533746,-0.83019325414324,0.096,0.154,1
"STX8",0.00903479771362344,-0.276630677826714,0.086,0.08,1
"ZBTB21",0.00903890118238361,0.682418347929832,0.223,0.168,1
"FFAR1",0.00907175244688865,3.80828346863768,0.014,0,1
"AKIRIN1",0.00915255665653903,0.228296610936087,0.446,0.456,1
"EEF1G",0.00919310836398073,-0.180904446795445,0.952,0.969,1
"ATP8A1",0.00919808762942819,-0.425929141577887,0.211,0.282,1
"YWHAG",0.00922246189832124,0.439231131273711,0.192,0.179,1
"WARS1",0.00922706757325219,0.444820490836311,0.277,0.211,1
"UBE2B",0.00925721396580987,0.262705368625349,0.711,0.689,1
"GNB5",0.00929974090472593,-0.463861863657311,0.342,0.447,1
"SNTB1",0.00932514186362887,-0.745531503662166,0.047,0.097,1
"HLA-DQA2",0.00935062349834184,0.540406987474681,0.31,0.285,1
"ZC3H10",0.0093539809875179,3.0051938752747,0.011,0,1
"PSME1",0.00939025411824747,-0.31851525777485,0.532,0.613,1
"WHAMM",0.00943698241277864,0.345235578935933,0.477,0.473,1
"VIRMA",0.00952775180928067,0.989301577923074,0.141,0.1,1
"NBPF14",0.00955827372714745,-0.670188268343565,0.066,0.128,1
"LINC02018",0.00958548698951241,3.11912964031228,0.011,0,1
"KLHL18",0.00963255285253554,0.700582889674872,0.184,0.128,1
"PSMD12",0.00963588024030138,0.671333428347824,0.187,0.134,1
"ENSG00000290122",0.0096808134179119,-1.54453406233572,0.024,0.057,1
"SRSF2",0.00972593314652485,0.175027826677823,0.861,0.877,1
"ENSG00000290085",0.00972768920084357,-2.83703980361515,0.004,0.028,1
"ENSG00000289155",0.00982798613438818,1.71618331534245,0.035,0.009,1
"DHX9",0.00987172331694927,0.42076478017096,0.399,0.376,1
"LLPH",0.00988035912823616,0.577934782586287,0.246,0.191,1
"SANBR",0.00990814289644309,3.09550026948472,0.011,0,1
"ENSG00000290853",0.00996063290989297,-4.15831580857198,0,0.011,1
"SELL",0.00999474319558969,0.65779468962431,0.33,0.262,1
"DUSP2",0.0100063049062922,-0.563755098517313,0.537,0.61,1
"ATP5MJ",0.010075005494406,0.520724884748135,0.276,0.222,1
"IMPDH1",0.0100952678273932,-1.33609877913633,0.021,0.06,1
"FOXO3B",0.0101407463903488,3.43574171007115,0.013,0,1
"AGTRAP",0.0101575897570037,-1.72699327422959,0.011,0.043,1
"GALNT10",0.0101850849713459,-0.651028005813754,0.1,0.179,1
"ENSG00000289963",0.010199594278643,0.81581428663029,0.229,0.171,1
"INO80",0.010316985238086,0.57703458837468,0.238,0.202,1
"ENSG00000289707",0.0103182448512625,-1.9466908002094,0.004,0.028,1
"DDX21",0.0103338317762324,0.216665922863156,0.856,0.843,1
"SRSF7",0.0103383326367131,0.214791771072688,0.864,0.849,1
"ZBTB20-AS1",0.0103867563297434,2.70477460939325,0.01,0,1
"LARS2",0.0104377639811624,1.44270523456622,0.054,0.023,1
"KRTCAP2",0.0104536022509938,0.108525389294397,0.279,0.328,1
"SIRT1",0.0105559869844641,0.353639497761497,0.311,0.239,1
"FRAT1",0.0105974519199692,1.51092093770137,0.072,0.034,1
"GPRASP1",0.0106230312973613,3.0045874734319,0.011,0,1
"RPLP1",0.0106299068146418,-0.110578749177892,0.997,1,1
"BCLAF3",0.0106437407700251,1.34625970116692,0.055,0.026,1
"NUP153-AS1",0.0106608613891809,1.31258696212238,0.088,0.046,1
"PSMC3IP",0.0106663093134864,2.62178143766437,0.03,0.006,1
"FGFR1",0.010669996350222,-2.1514972004744,0.006,0.034,1
"ZNF629",0.0106992509060111,2.97000745493709,0.011,0,1
"GPX1",0.0107279239099786,-0.499596559716363,0.286,0.353,1
"PAG1",0.0107394962756322,-0.578410777761398,0.136,0.165,1
"RAB1A",0.010806569228487,-0.281634033715203,0.355,0.416,1
"SLC16A3",0.0108066902904181,0.738394031791562,0.161,0.114,1
"CCL3L3",0.0108289394825065,2.00547998786283,0.021,0.003,1
"SH2D3A",0.0108507609700828,0.824823893582787,0.174,0.134,1
"USP37",0.0108823339530013,0.560488130186106,0.204,0.16,1
"PUSL1",0.0109095316976906,1.39865003949156,0.052,0.02,1
"BBLN",0.0109290712321425,-0.454262692077523,0.279,0.393,1
"U2SURP",0.01093492104686,0.533816300354561,0.356,0.308,1
"PPIEL",0.0109655898198927,-2.30148107436226,0.003,0.023,1
"PGLS",0.0110078870526953,-0.662935657639399,0.17,0.268,1
"HEXB",0.0110211005369705,-1.22361119267292,0.05,0.094,1
"ACYP2",0.0110364850784996,-0.637276876236593,0.11,0.177,1
"ENSG00000290588",0.0110388432030452,-4.09036998375932,0,0.011,1
"MRPS17",0.0110965199564511,1.33919636168654,0.069,0.037,1
"FAM117B",0.0111443935256864,-0.616098582240068,0.151,0.171,1
"STEEP1",0.0111545946792699,1.17778466543151,0.072,0.034,1
"SCAMP3",0.0111955738350866,0.668907109029506,0.191,0.14,1
"MPPED2",0.0111991115584501,-2.69788284897561,0.003,0.023,1
"KRBOX4",0.0112112790244635,0.854292632648599,0.062,0.028,1
"NMNAT1",0.0112188944941563,3.65117536462059,0.013,0,1
"ZNF19",0.0112813396339502,2.6978475350533,0.024,0.003,1
"SNHG16",0.0112842654676283,0.401391275444383,0.464,0.473,1
"RSRP1",0.0113084707576639,0.347093786711937,0.679,0.621,1
"ZNF614",0.0113227525447907,1.20135771762562,0.066,0.028,1
"GOSR1",0.0113237251410678,0.555966632207653,0.188,0.137,1
"SLC9A7",0.0113456285713,-0.693289179396169,0.106,0.174,1
"IGLV2-23",0.0114468299859073,2.09758489898985,0.031,0.026,1
"IGLV7-43",0.0115205123771546,-8.27812840225103,0,0.011,1
"ENSG00000234361",0.0115558757318997,-2.89664870461796,0.003,0.026,1
"ZNF767P",0.0115565626112879,-0.39723919047549,0.088,0.088,1
"MICU2",0.0115990958612031,0.412589666642834,0.225,0.179,1
"MYO1B",0.0116382743021814,-2.47789820427795,0.004,0.026,1
"RNF144B",0.0116711385179766,-0.817802792363487,0.129,0.197,1
"RBMS1",0.0117296474834732,0.137685084483124,0.188,0.228,1
"HSPB1",0.0118249428239885,-0.782979265520778,0.222,0.276,1
"GALNT7",0.0118269735258434,-0.206444627394992,0.105,0.151,1
"MZT2A",0.0118369684359541,-0.571365039944075,0.127,0.211,1
"RBM5",0.0119217722886993,0.499161883306127,0.332,0.282,1
"SNRNP27",0.011965286441242,0.760601097963319,0.132,0.085,1
"LINC00926",0.0119960391814716,0.386684794964055,0.614,0.59,1
"RARA",0.0120601848883379,0.219433485323746,0.672,0.695,1
"USP49",0.0120696952251959,1.41962351991634,0.042,0.017,1
"SPATA2L",0.0120729711271507,0.732971128127556,0.157,0.12,1
"ITPKB",0.0120777766479452,0.448329399204932,0.289,0.228,1
"CPEB4",0.0121199543927056,-0.322638151848089,0.147,0.148,1
"RPL36A",0.0122658592631727,-0.149915501997436,0.976,0.98,1
"PRMT9",0.0122721012508253,0.52378217586846,0.146,0.137,1
"SLC35F5",0.0123063213937992,0.866031649704555,0.112,0.077,1
"RRP7A",0.0124502310135232,0.686189808718939,0.273,0.214,1
"RAB2A",0.0125518578476497,0.447474447106919,0.416,0.356,1
"ICAM2",0.0125531887662232,0.684820860607406,0.194,0.137,1
"TTTY14",0.012587613615092,-2.81484324267038,0.003,0.02,1
"WNT10A",0.012593617663615,0.766471183300366,0.134,0.088,1
"NEK7",0.012658625777907,-0.333449863948778,0.31,0.427,1
"TXNDC5",0.0127330874933865,-0.814016143586781,0.079,0.148,1
"RSBN1L",0.012805706290587,-0.310792426607794,0.19,0.199,1
"SF3A3",0.0128169201331274,0.52882539545637,0.177,0.128,1
"ABCF1",0.0128843721507278,0.240882418711768,0.397,0.41,1
"NOC3L",0.0128952826934984,0.63218212073361,0.242,0.182,1
"RABAC1",0.0128987374002247,-0.375729988337431,0.311,0.425,1
"STOML1",0.0129067415853189,3.12711382863594,0.011,0,1
"LASP1",0.0129390108811069,0.295345260444444,0.088,0.1,1
"RNH1",0.0129670025829744,0.482211128613277,0.324,0.262,1
"SNHG17",0.0130392359885543,0.477475038442457,0.324,0.282,1
"SH3BP5",0.0131023487060963,-0.404757641676431,0.342,0.456,1
"PLCH2",0.0131396690844228,-2.48556742717821,0.006,0.031,1
"SDHD",0.0131536584502798,0.607689386323248,0.269,0.214,1
"CDK11B",0.0132573312643756,0.72831354856045,0.229,0.236,1
"RAB29",0.0133626965695705,0.661635398024118,0.281,0.239,1
"IGHV1-69D",0.0134021622162367,1.21502591532749,0.062,0.048,1
"TIMP2",0.0134210397095844,0.786335178760643,0.117,0.071,1
"SMNDC1",0.0134345979995394,0.411252023928431,0.361,0.356,1
"HBA1",0.0134431908602042,-1.38898548150084,0.008,0.034,1
"DNAJC2",0.0135233424617575,0.492532173963994,0.27,0.234,1
"TRBJ2-1",0.0135260459656476,-3.65194037121322,0,0.011,1
"PSMB7",0.013833441905732,0.554445337665753,0.264,0.211,1
"NOL11",0.0138394312629719,0.224695010370463,0.184,0.145,1
"BRD4",0.0138807984879797,0.214686519810017,0.518,0.544,1
"RAD51B",0.0139736061817311,-0.473409569763195,0.124,0.194,1
"SIT1",0.0139997113550623,-1.09580314949591,0.051,0.108,1
"RHOC",0.0142231932004048,-1.09134108876124,0.031,0.074,1
"ENSG00000254571",0.0142546759714997,3.21045828787423,0.011,0,1
"CIB1",0.0142922285445317,0.292097940277954,0.574,0.516,1
"ADD2",0.0143142059227291,2.09519908309413,0.03,0.006,1
"PPM1G",0.0143951645245787,0.415219545690105,0.294,0.265,1
"IRF5",0.0144172919666704,0.699965377172795,0.164,0.111,1
"PHPT1",0.0144577225508256,-0.978204442037064,0.072,0.128,1
"SNRNP40",0.0144948563960839,0.622108377129169,0.192,0.142,1
"PPIG",0.0145098492837461,0.366224433749599,0.446,0.402,1
"COX6C",0.0145472269808954,0.265866940608445,0.463,0.413,1
"GPCPD1",0.0145641623897745,0.49994334384816,0.351,0.291,1
"CAMK2D",0.0146408895931638,-0.440362586692696,0.29,0.356,1
"ENSG00000290018",0.0146566440055069,0.965497768258755,0.076,0.04,1
"IDI1",0.0147934020037807,0.350999741952798,0.564,0.533,1
"FDX1",0.0148191024383103,0.648437340474741,0.161,0.114,1
"HDAC9",0.0149610048038137,-0.719033495857623,0.18,0.254,1
"FXYD5",0.0150401669147623,0.267504006917483,0.737,0.715,1
"AMDHD2",0.0151059713284991,-0.902304871545985,0.071,0.137,1
"NUDT3",0.0152048161380803,-0.478224103096106,0.238,0.299,1
"DTNBP1",0.0152106458617753,0.455259078011844,0.334,0.271,1
"IQCB1",0.0152314294480033,0.51860492386775,0.222,0.168,1
"CCT7",0.0152505654034231,0.274515818684118,0.263,0.219,1
"NOTCH4",0.0152637277186778,2.32332675443862,0.04,0.009,1
"TPD52",0.0153039753262433,-0.390244767675542,0.304,0.376,1
"RDX",0.0153295097625089,-0.226879793389326,0.045,0.071,1
"CD24",0.0154152507271903,-0.624260368824689,0.167,0.254,1
"SLC30A9",0.0154395865541558,0.761572791820897,0.171,0.128,1
"PDE6D",0.015469199769205,-0.807631478001105,0.123,0.208,1
"KAT2A",0.0155433248795083,-1.07463107315608,0.031,0.08,1
"OGT",0.0156345153900054,-0.51742670726569,0.255,0.368,1
"ZNF573",0.0156531774480827,0.318674687701624,0.024,0.011,1
"COX17",0.0156949804780685,0.471597446832152,0.376,0.368,1
"ACBD7",0.0157173469413798,3.29649731449552,0.011,0,1
"ATP5MC2",0.0157894464978763,-0.338879081698706,0.665,0.735,1
"CYB5B",0.0157912366268447,0.256572094819771,0.208,0.177,1
"NFAT5",0.0158328865040723,-0.351321778243137,0.516,0.618,1
"NR4A2",0.0159264392346657,0.24245173778213,0.84,0.88,1
"ING3",0.0160722223587208,0.599030859652253,0.198,0.137,1
"NT5DC2",0.0161117727163549,2.86794530547285,0.01,0,1
"ENSG00000275638",0.0161516299472702,3.09835170308711,0.01,0,1
"DHX29",0.0161850275414069,-0.926998827929941,0.089,0.157,1
"BST2",0.0163208709441,-0.704770871200051,0.124,0.194,1
"TMBIM6",0.0163224239486399,0.21476655651047,0.72,0.681,1
"CRCP",0.0163414273420452,0.658568414789572,0.212,0.157,1
"TBXA2R",0.0164317855097563,2.64706602950323,0.023,0.003,1
"PHKB",0.0164488381580503,-0.70839457675744,0.143,0.222,1
"TRMT112",0.0164549554910144,0.150127772360828,0.427,0.39,1
"UBA52",0.0165060116744319,-0.108311701813803,0.994,0.994,1
"TAF10",0.0165607986801166,-0.287982182075074,0.499,0.57,1
"NF1",0.0165733559708754,-0.5822510583439,0.109,0.185,1
"CCDC174",0.0167061410966971,0.538461808901616,0.279,0.228,1
"CWC25",0.0167105386380583,0.435250395674937,0.355,0.305,1
"TMEM192",0.0167695533659857,1.09375202811064,0.099,0.057,1
"ENTPD6",0.0168011947708491,-1.2977523062011,0.02,0.057,1
"ENSG00000289277",0.0168415963228925,3.41176383326644,0.02,0.003,1
"BRD1",0.0168429560771712,0.173867700335255,0.164,0.123,1
"GCN1",0.0169035767504938,-0.906221327536292,0.054,0.111,1
"SEC62",0.0169051557424337,0.351862548272727,0.539,0.481,1
"MED21",0.0169094780585456,0.856551954789195,0.192,0.14,1
"MICOS10-DT",0.0169097361729406,3.20631448962861,0.01,0,1
"GOT2",0.0169174279716983,1.51967938196942,0.035,0.011,1
"TARS1",0.0169176690958703,0.403073351852352,0.208,0.177,1
"LAT",0.0169216242606631,3.26333837648451,0.01,0,1
"PHF5A",0.0169289843269706,0.464732772227525,0.308,0.265,1
"ZDBF2",0.0169521634920005,0.488775890598912,0.274,0.251,1
"ENSG00000289474",0.0169930273986928,-0.427855290277988,0.221,0.248,1
"GNA12",0.0170172588466548,-0.678730222245328,0.124,0.182,1
"STK17B",0.0170201956799213,0.260353028912646,0.653,0.652,1
"PSMB9",0.0170360631557818,-0.472314019676191,0.294,0.373,1
"CDC42",0.01708611527824,0.268251608135627,0.774,0.749,1
"GOLGB1",0.0171668302170756,0.282158042563089,0.477,0.425,1
"PXDN",0.0171736586855807,-1.76272568553891,0.004,0.026,1
"DCAF8",0.0172677235809221,0.435335213301391,0.297,0.254,1
"SNHG1",0.0173142897821311,0.36229584853716,0.487,0.439,1
"IGHV1-3",0.0174879441528538,-2.59693027808307,0.01,0.037,1
"IGKV2-30",0.0175052361734631,-2.17082647831821,0.013,0.043,1
"COX10-DT",0.0177561676132081,-1.44442382408226,0.014,0.043,1
"EXOC4",0.0177852610473434,-0.584618876599799,0.149,0.217,1
"VEZF1",0.0179534820526448,0.571876904455596,0.222,0.179,1
"SUMF1",0.0180543419598691,1.07026886532677,0.055,0.026,1
"DNTTIP2",0.0180621120589455,0.346116609835689,0.434,0.399,1
"CENPC",0.018076559560874,0.410032446051959,0.397,0.376,1
"ITM2C",0.0180880745400086,-1.00934205416443,0.062,0.117,1
"MT-ND6",0.0180908802676378,-0.268810019303793,0.629,0.746,1
"GSDMD",0.0181834632993799,-1.23657603356461,0.04,0.068,1
"NCOA4",0.0182346164748238,0.251932736358293,0.232,0.182,1
"NR4A3",0.0182937880367557,0.187418814743698,0.545,0.613,1
"SPTAN1",0.0183711617249551,-0.552263670698574,0.219,0.311,1
"PARP1",0.0184833615248861,-0.32107317894582,0.201,0.285,1
"ZNF600",0.0185115731848082,1.22911703042957,0.065,0.034,1
"TOR1A",0.0185166867939695,1.06033573098425,0.078,0.046,1
"VPS4B",0.0185924388284354,0.39501947482135,0.294,0.248,1
"DUSP4",0.0186000022594459,0.36069608502754,0.129,0.148,1
"PERP",0.0186721863790925,3.56399964301848,0.023,0.003,1
"TMBIM1",0.0187151944923938,0.531374093715879,0.406,0.359,1
"EPM2AIP1",0.0189372853305463,0.66305920653115,0.133,0.085,1
"SMARCD2",0.0189374152827723,0.50693754887505,0.149,0.12,1
"CARD11",0.0190124868681228,-0.437223530293927,0.298,0.419,1
"ZSCAN18",0.0190820563442716,0.727447866418455,0.134,0.085,1
"IRS2",0.019118037916702,0.623285098988973,0.233,0.188,1
"KAT5",0.0191341856796353,0.505229011330394,0.211,0.194,1
"CHMP4A",0.019143909480804,0.554487483013346,0.218,0.174,1
"GTPBP10",0.0191577125675809,1.12046666495331,0.082,0.046,1
"ZNF638",0.0191622114818855,0.470297465042466,0.286,0.234,1
"ENSG00000235979",0.0192310263824602,-0.752616848799936,0.061,0.114,1
"DDT",0.0193014610506729,-0.394006607285925,0.239,0.348,1
"ARPC4",0.0193606288005219,0.498830937606176,0.315,0.262,1
"PSMG2",0.0193622872907433,0.385501389935873,0.279,0.256,1
"MED29",0.0193932812756909,1.00950572991387,0.089,0.051,1
"CLEC4A",0.0194153137726709,-1.41486021953755,0.024,0.063,1
"IGKV1D-33",0.0195549159306092,3.87625036587336,0.011,0,1
"SSR4",0.0196064800535779,-0.253261731432741,0.553,0.621,1
"NAP1L1",0.0196076743068775,0.199082154682105,0.593,0.567,1
"FRMD3",0.0196215564860725,2.85945680969472,0.01,0,1
"ELF4",0.0196271446015276,0.657837961507558,0.115,0.077,1
"LIN54",0.0196324883087882,1.10060826994562,0.066,0.037,1
"CBX6",0.0196714722620099,-0.88787596723328,0.028,0.066,1
"PPFIBP2",0.0197133110827724,-0.285381359841252,0.133,0.145,1
"CLN8",0.0197456984977311,-1.03395930001624,0.062,0.114,1
"TXNL4B",0.0197531024903138,0.982762428950795,0.1,0.06,1
"BCL2L11",0.0198421526941893,0.252885887039093,0.249,0.276,1
"NRARP",0.0198789080479558,-0.289745302259424,0.174,0.256,1
"ENSG00000251309",0.0199907302054406,-0.867105257263152,0.054,0.094,1
"DDX1",0.0201551815418242,1.17153695661929,0.072,0.043,1
"ARID5A",0.0201611702580412,0.340220033992948,0.651,0.61,1
"CCDC127",0.0201844116111478,1.09859311012301,0.048,0.02,1
"LINC01588",0.0202200145233622,1.49022333936334,0.068,0.028,1
"EXOSC8",0.0202697000638048,0.750406408408845,0.102,0.068,1
"SNX1",0.0202756798023414,0.551862421861095,0.221,0.179,1
"ZNF383",0.0202808774932486,0.641826752140445,0.089,0.051,1
"WDR76",0.0203117901730711,1.8086193821354,0.024,0.006,1
"BRCC3",0.0203249095743835,1.18141969365453,0.047,0.02,1
"ENSG00000289447",0.0203502122397824,2.95099997556449,0.01,0,1
"MRPL13",0.0204027063495128,0.530943862288482,0.13,0.088,1
"MTFR1L",0.0204484319494998,2.1471199080483,0.027,0.006,1
"SMURF2",0.0205796397771048,0.530578778405308,0.301,0.256,1
"ANKHD1-DT",0.0206359323250938,3.93598859908577,0.013,0,1
"IGHV3-15",0.0206374491257573,-2.06518091552062,0.016,0.04,1
"TICAM1",0.0206617439476508,0.439255673099032,0.263,0.222,1
"TLR6",0.0206939741533513,1.84038606438687,0.04,0.014,1
"PPP1R18",0.0207819724611667,0.749459024590306,0.195,0.14,1
"PIP5K1A",0.0208517217451342,0.510663953108865,0.163,0.14,1
"FAM199X",0.0208637908317921,0.805571492215483,0.095,0.057,1
"PML",0.0209486896315959,-0.917046578149368,0.078,0.128,1
"USP35",0.0209749613669401,3.20992745195357,0.01,0,1
"MIR4435-2HG",0.0210533682921792,0.518764728079794,0.106,0.071,1
"ATP6AP1",0.0211057442839475,0.986745679058363,0.089,0.054,1
"LIMD2",0.0211092611679814,0.204142967237418,0.843,0.818,1
"UST",0.021150051760368,0.117143296401626,0.171,0.211,1
"ATP5F1D",0.0211738587290618,-0.393194079403524,0.364,0.467,1
"MYL12A",0.021192463540827,0.156113839193175,0.451,0.504,1
"PYCARD",0.0212042239207709,-0.836401524955907,0.037,0.08,1
"PIM2",0.0212131902825765,0.357300725863959,0.693,0.647,1
"CAMLG",0.0215489381974596,0.468961142022598,0.274,0.234,1
"REEP5",0.0216040367089617,-0.263087114408582,0.18,0.188,1
"SIPA1L3",0.0217951370191178,-0.452375783110328,0.259,0.33,1
"FBXO16",0.0218013591694239,3.42918136891014,0.011,0,1
"ZNF669",0.0218459714056978,0.700267255084132,0.153,0.103,1
"TENT5C",0.0220072514191527,-0.22155594844399,0.509,0.61,1
"ORC4",0.0220176914665374,-0.218212370783571,0.075,0.074,1
"LIG3",0.0220705482713634,0.3493035530675,0.066,0.046,1
"RBM18",0.0221411873066524,-0.56346487413155,0.117,0.191,1
"PDCL",0.0221437043446077,1.06543248091865,0.064,0.034,1
"YTHDC1",0.022155586745787,0.263387863073837,0.543,0.519,1
"RBMXL1",0.022264930309986,0.70777863770652,0.102,0.077,1
"NEMF",0.0222747248759035,0.492407460797436,0.264,0.217,1
"WWOX",0.0223274498523843,-0.531832140870232,0.115,0.191,1
"GOLGA4",0.0223592138189502,0.324443372988778,0.376,0.342,1
"ZNF280B",0.0223952413982662,3.1868727429427,0.01,0,1
"CTDSP2",0.0224596987643842,0.874119779617592,0.139,0.097,1
"ENSG00000284977",0.0225175323589476,-0.33288208153307,0.119,0.134,1
"HM13",0.0226231971505714,-0.175320202879334,0.113,0.151,1
"GNPDA1",0.0226404693957971,-2.90360564642529,0.001,0.017,1
"TIMM9",0.0226811028292398,0.782281133546924,0.11,0.071,1
"SNHG8",0.0227196959927891,0.28140399636872,0.714,0.712,1
"LARP7",0.0228780894399107,0.579344453557001,0.209,0.162,1
"DOCK11",0.022967439226145,0.604615304254531,0.235,0.191,1
"NFKBIA",0.0230919363420103,0.150203938481142,0.963,0.954,1
"BAIAP2L1",0.0231120844606499,-0.701502707503279,0.098,0.162,1
"SYS1",0.0232166869862955,0.347558314379158,0.311,0.254,1
"TUT4",0.0232222487191524,0.201939113082827,0.618,0.598,1
"RHOG",0.0232709502498036,0.244259035219596,0.717,0.729,1
"SPTBN4",0.0233059822364635,-3.71973194895988,0.001,0.02,1
"NPC1",0.0233799398557359,-0.633305706254514,0.11,0.185,1
"CNPPD1",0.0233905180601993,0.305022339363621,0.434,0.387,1
"TRPM2",0.0235544770815591,-1.84159985673596,0.003,0.02,1
"ZNF256",0.0235841595503976,0.840666123942611,0.069,0.04,1
"N4BP2L1",0.0236159696068497,-0.555917261004272,0.211,0.285,1
"ZNG1B",0.0239775020795959,0.38105146066462,0.24,0.194,1
"NSMF",0.024057741868067,-0.939752643502582,0.059,0.114,1
"BACH1",0.0240806972234563,0.228951434392417,0.666,0.67,1
"KCNH3",0.0242413716726196,3.18947938999823,0.01,0,1
"RHOA",0.0242979826477101,0.199477038721177,0.839,0.84,1
"TIMM44",0.0242986273132455,0.834097122528451,0.103,0.077,1
"CEP95",0.0244698750827442,0.500918916201054,0.276,0.225,1
"IGLV3-19",0.0245085223492492,1.60134418106569,0.038,0.011,1
"EIF3J",0.0246683793173505,0.318690407082447,0.3,0.254,1
"TSG101",0.0247102573251413,0.615402823798363,0.232,0.191,1
"TTPAL",0.024770283383165,-1.47008999791729,0.021,0.06,1
"TMEM208",0.0248108859464161,0.657388343100754,0.252,0.211,1
"GXYLT1",0.02495523769599,-0.749605087132654,0.062,0.12,1
"MGA",0.0249751945979031,0.508067018462443,0.168,0.125,1
"FAM8A1",0.0252476425419192,1.26965638008364,0.024,0.006,1
"YPEL5",0.0252909858694562,0.249860887991923,0.87,0.88,1
"BBC3",0.0253630782731998,0.753305454549034,0.13,0.083,1
"GABARAPL1",0.0258882917542816,-0.412427362015608,0.198,0.234,1
"ENSG00000288928",0.0259042700663112,-1.68770067330175,0.006,0.026,1
"HIF1A-AS1",0.02594014097081,3.4135573739609,0.01,0,1
"HSD17B7P2",0.0259463298416575,0.546390166210535,0.069,0.046,1
"ENSG00000287780",0.0260022887434078,3.20130325961399,0.01,0,1
"GNA13",0.0260730998479561,-0.329608597455987,0.603,0.715,1
"NSMAF",0.026117531318628,-0.344822147178438,0.072,0.114,1
"USP36",0.0261293250905011,0.303148627621749,0.441,0.444,1
"PDE4B",0.0262644875062916,-0.290795411062153,0.67,0.764,1
"DOT1L",0.0262830700481007,-0.745626700033717,0.096,0.165,1
"MEGF9",0.0262907659843104,-1.14098047241932,0.034,0.077,1
"OPA3",0.0266090244525838,0.959934572492693,0.12,0.08,1
"MGAT1",0.0266619654995911,-0.564110337581489,0.095,0.157,1
"ENSG00000273338",0.026692769137398,-0.606546948522242,0.078,0.091,1
"RPSA",0.0267633805048041,-0.113367339708487,0.983,0.994,1
"ACAP1",0.026864193329931,-0.566449825637278,0.156,0.239,1
"GNPAT",0.0269159924713467,-0.891057273925335,0.074,0.137,1
"AQP3",0.0269825153238416,3.0878886996524,0.01,0,1
"TAF15",0.0270848733722985,0.154659176341154,0.314,0.282,1
"ST8SIA4",0.0271204094033133,-0.304827085325053,0.31,0.416,1
"CCDC107",0.027250323816245,-0.524028352938032,0.272,0.37,1
"MRGBP",0.0272613845209128,0.880639103643353,0.088,0.063,1
"CCAR1",0.0273631464257152,0.456217379965163,0.257,0.225,1
"ENSG00000290013",0.0274395012937511,0.730883811204583,0.069,0.043,1
"ST3GAL3",0.0275358336847768,1.99723856742946,0.04,0.014,1
"HMCES",0.0276299755817964,-0.334631374871895,0.157,0.168,1
"CTNNBL1",0.0276759733103253,-0.444626456404688,0.113,0.182,1
"HSPA1A",0.0278809544763932,-0.499752987241699,0.132,0.191,1
"NUFIP1",0.0280046078312409,0.929539576227151,0.075,0.043,1
"SF3B6",0.0280178056158039,-0.265181867604628,0.325,0.43,1
"IFITM3",0.0282222512163236,-1.63858292460667,0.02,0.057,1
"NUDC",0.0282550423777549,0.151865630519395,0.325,0.336,1
"EBPL",0.0282718208804242,-0.846115166310359,0.048,0.097,1
"SP100",0.0283767026972391,0.141790813664401,0.612,0.627,1
"DAZAP2",0.0285619584493749,0.167788126170579,0.782,0.795,1
"TMEM60",0.0286025973886369,1.19050724483311,0.083,0.048,1
"SERP1",0.0287524650369561,-0.290360378767868,0.713,0.783,1
"PPP6R3",0.0288082201493686,0.328344441345469,0.402,0.387,1
"KRT10-AS1",0.0288544249687437,3.21288573535718,0.01,0,1
"LSM5",0.0288944080095331,0.520114569058856,0.218,0.174,1
"DERPC",0.029059938412391,1.35894744704874,0.045,0.017,1
"BSG",0.0290892864956483,-0.428964362880649,0.27,0.348,1
"MRPL39",0.0291007743392009,0.642789082262149,0.15,0.123,1
"ITPR2",0.0291683984647061,-0.599009995091585,0.197,0.251,1
"EP300",0.02920015199711,0.443055588175852,0.291,0.254,1
"LAPTM4B",0.0292977798546124,1.10380220260946,0.021,0.006,1
"DIMT1",0.0293541806525581,0.247865526719375,0.194,0.157,1
"TRPT1",0.0293629235394677,-0.860134753124339,0.05,0.1,1
"ADAM7-AS1",0.0293640295213279,0.556047474599021,0.225,0.211,1
"MED25",0.0294299426659988,-0.632224555921099,0.064,0.12,1
"TTYH3",0.0294303535871758,-1.25380514838667,0.034,0.077,1
"ENSG00000258216",0.0294763580700752,1.33549581061183,0.041,0.014,1
"ABCC1",0.0295043501078621,-0.448512328322458,0.139,0.217,1
"CD38",0.0295789863435607,-0.542737900770788,0.116,0.185,1
"SLC25A36",0.0296204678232244,0.383323569573425,0.208,0.205,1
"CD55",0.029636539794019,0.192831614164082,0.953,0.932,1
"ZDHHC8",0.0296834012545024,-1.22441446448479,0.024,0.06,1
"EPC2",0.029709181126729,0.406009717941639,0.25,0.205,1
"USP3",0.0297262875866255,0.283340924006566,0.478,0.427,1
"ENSG00000276517",0.0297572606866493,-2.74085757704577,0.003,0.02,1
"NSUN4",0.0298876334490251,0.477834898454735,0.123,0.085,1
"CCDC91",0.0299491517509773,0.359750617941292,0.301,0.288,1
"FOS",0.0299989640772374,0.164014958401807,0.85,0.795,1
"THOC2",0.0300446903861961,0.389065781817184,0.274,0.245,1
"PSMB2",0.0300655642889816,0.498548423782341,0.214,0.168,1
"ARHGAP17",0.0301037630373246,-0.372506138491013,0.219,0.311,1
"ABHD17A",0.0301520053417503,-0.671163226808978,0.102,0.174,1
"TGIF2",0.0302243425956528,0.393539252660224,0.451,0.419,1
"DST",0.0303266285682837,3.55552128788189,0.01,0,1
"NPAT",0.0303847658275086,0.409706341411082,0.379,0.322,1
"MYBPC2",0.0304484465043044,-2.16937266368127,0.006,0.028,1
"CD79B",0.030465894942772,0.35499496641259,0.358,0.296,1
"RBSN",0.0305323073501447,-0.797872670963539,0.054,0.08,1
"SERPINB9",0.0305349598580764,0.24433383809861,0.508,0.464,1
"NME4",0.0305735743705111,-0.82810413220753,0.091,0.162,1
"H2AC8",0.0305773922019415,-1.3712100293181,0.025,0.06,1
"C8orf33",0.0308042574133233,0.784684129852079,0.093,0.06,1
"FGD2",0.0308734330991012,-0.622111138695452,0.088,0.14,1
"CCDC59",0.0309232057015645,0.404701220496516,0.383,0.336,1
"ENSG00000289156",0.0309427956719227,2.55686659408385,0.018,0.003,1
"P4HA1",0.0309972674698416,-0.501996573273344,0.137,0.214,1
"MATR3",0.0310148389070329,0.164438155515761,0.651,0.632,1
"SMAD7",0.0310203475285076,0.653012743787024,0.188,0.142,1
"IRF4",0.0310504825029128,-0.225537564818334,0.485,0.598,1
"TNF",0.0310509068944924,0.626873799145653,0.253,0.211,1
"RAC2",0.0311098128184812,-0.332377122241004,0.416,0.504,1
"XIST",0.0311429926612952,0.643420902403167,0.124,0.08,1
"WDR1",0.031143078801729,-0.351731199221133,0.284,0.319,1
"ANO6",0.0311442171645813,-0.743878219878813,0.058,0.111,1
"SPDL1",0.0312378745955461,2.70936067156936,0.018,0.003,1
"TFRC",0.0312561728523607,0.597706079484394,0.255,0.208,1
"NFATC1",0.0314196915368593,0.176853940677437,0.444,0.399,1
"NEU1",0.0315420288658795,0.313607444532353,0.362,0.339,1
"MLF2",0.0317181465568665,-0.362426515018592,0.214,0.302,1
"QRSL1",0.0319382512717607,-0.206200590053512,0.093,0.14,1
"MIEN1",0.031988350505637,-0.485489941805172,0.149,0.231,1
"TPR",0.0320432799904744,0.305537755103198,0.321,0.302,1
"AGPAT5",0.0320882124890216,-0.383704737022014,0.256,0.305,1
"MLLT10",0.0320954885763705,0.286147086546511,0.082,0.054,1
"RALGPS2",0.0321068391133931,-0.287149481684277,0.494,0.556,1
"INSIG1",0.0321879097938858,-0.488536073278852,0.332,0.399,1
"FBXW9",0.0321887102363002,3.29865765889774,0.01,0,1
"CXXC5",0.0322686400879393,-0.26246064358913,0.325,0.433,1
"RESF1",0.0324060066192042,0.396890151032576,0.32,0.291,1
"CASP4LP",0.0324286104691087,-0.136014888694504,0.016,0.034,1
"DENND4B",0.0324677313565403,-0.809641592519657,0.076,0.131,1
"MTMR9",0.0325802105360538,-0.146512678080598,0.092,0.134,1
"ARHGAP5",0.0326800008901937,-0.537706566248589,0.082,0.142,1
"MMP17",0.0326960788473547,-1.1225689972988,0.023,0.057,1
"ENSG00000258820",0.0327023413279953,2.85648712433465,0.024,0.006,1
"KMT2D",0.0328030120818225,-1.05233578069314,0.057,0.111,1
"LATS1",0.0328197861428475,0.563543938928898,0.197,0.157,1
"ANKAR",0.0329535304382729,-1.0716851863667,0.04,0.085,1
"DTX1",0.0329743375218216,-0.878474732854249,0.042,0.085,1
"IFIT3",0.0331130257003057,-2.9685904492282,0.01,0.023,1
"ASPH",0.033145163325803,-0.978566550782125,0.008,0.028,1
"ZFYVE26",0.0332819482993915,1.06655365631545,0.047,0.023,1
"MCPH1",0.0334387493453047,0.58727168432028,0.201,0.151,1
"SIPA1L1",0.0334408318159184,0.22247761565901,0.84,0.855,1
"SARAF",0.0334636467326066,0.132036543694658,0.885,0.866,1
"SF1",0.0335467915404338,0.198798107839182,0.839,0.809,1
"CPSF6",0.0336506750673488,0.410108393758355,0.29,0.268,1
"STS",0.0336750629088965,1.32204024717103,0.037,0.014,1
"GAPT",0.0337246810605792,-0.833950308688646,0.061,0.111,1
"SAFB2",0.0337754385838381,0.335609513265219,0.338,0.288,1
"ZNF675",0.0338532258082473,0.659261040824398,0.156,0.105,1
"CUL1",0.0339210779265768,0.45750371554867,0.272,0.219,1
"BCLAF1",0.0339563716145009,0.222733761347181,0.656,0.621,1
"MED6",0.0339594535517133,0.563761860602588,0.165,0.125,1
"SNAPC1",0.0341064741651765,0.908348797334282,0.126,0.083,1
"TM9SF1",0.0341466414338222,-0.637463986904353,0.123,0.197,1
"DNAJC18",0.03422973828608,-0.62347261044595,0.058,0.108,1
"POLM",0.034383884311642,-0.826311501367011,0.051,0.091,1
"TNK2",0.0345035301448983,-0.926440438396742,0.045,0.094,1
"SLC26A2",0.0345663836409549,-2.52862892436217,0.004,0.023,1
"CCNDBP1",0.0346653926371077,0.254837494291243,0.286,0.242,1
"MOB1A",0.0346893024908858,0.123316685122489,0.516,0.476,1
"TANK",0.0347980335281588,0.228919302169529,0.652,0.661,1
"PARP12",0.0348816235894044,-0.600623844077887,0.129,0.179,1
"GNG7",0.0349071293334081,-0.387659163137742,0.44,0.533,1
"IGLV2-5",0.0350199692565422,5.20824946327931,0.01,0,1
"FCRL5",0.0351943819051143,-0.819518354281367,0.146,0.214,1
"TEFM",0.0352112390555505,1.46713226463348,0.048,0.02,1
"ENSG00000278158",0.0352509378912202,-0.643340550429673,0.075,0.131,1
"MED20",0.0352519748243177,1.29028287670198,0.04,0.017,1
"ZNF10",0.0352769605660247,0.511189118590624,0.283,0.228,1
"NDUFB4",0.0354921842632795,-0.146751883594968,0.252,0.328,1
"ZCCHC10",0.0355597033803754,0.462207959664436,0.354,0.296,1
"WIPI1",0.0355963861735574,0.38546617764163,0.037,0.017,1
"ALCAM",0.0356754573540415,-0.556617368648611,0.127,0.194,1
"PDE7A",0.0357409882372547,-0.188063921210724,0.496,0.61,1
"TSPYL1",0.0358050342753116,0.506984863809921,0.334,0.291,1
"NDUFV1",0.0358264681647591,-0.690570928994227,0.136,0.211,1
"SLC49A4",0.0359460221366166,0.43480688354608,0.331,0.302,1
"GTPBP4",0.0360151012336785,0.208890515958629,0.257,0.274,1
"MED28",0.0360524049646078,-0.146098545575541,0.208,0.276,1
"TOE1",0.0360824095369634,0.572337573611919,0.115,0.08,1
"ACO2",0.0361224515931064,0.462813153493693,0.168,0.131,1
"TRAPPC11",0.0361410907001355,0.956220774825812,0.066,0.034,1
"RP9",0.0361715174687153,0.634666989406248,0.191,0.145,1
"MOB3B",0.0362986438588213,-0.849240796704456,0.042,0.083,1
"TET2",0.0363293856669812,-0.314474352485354,0.294,0.402,1
"TIMM8B",0.0363473790022707,0.577965624200263,0.1,0.066,1
"ACTN4",0.0366839360271239,-0.585345778123937,0.133,0.199,1
"APOBEC3G",0.0367735937202114,0.353593092154228,0.201,0.194,1
"ENSG00000272667",0.0367778462123151,3.35483747095262,0.01,0,1
"DCTPP1",0.0368232615339067,0.888880540907007,0.119,0.083,1
"ZNF281",0.0368517354952432,0.644689075090362,0.127,0.088,1
"CALM3",0.0369832184097458,-0.184678679700266,0.209,0.293,1
"ATP1B1",0.0370319820103677,-1.78057357928445,0.011,0.034,1
"SPATA2",0.0370374984101359,0.586150698551487,0.122,0.085,1
"LDHB",0.0370486337304394,-0.450421860469314,0.167,0.248,1
"TIMM17A",0.0370887844767021,0.297556709221905,0.296,0.291,1
"PIGH",0.0371021887309578,-0.141737362420487,0.083,0.125,1
"PHYKPL",0.037140507751794,-0.217276730313628,0.157,0.171,1
"CTSH",0.0371715932697292,0.434712581746396,0.116,0.117,1
"PSMB10",0.0373184524534654,-0.568235763428302,0.168,0.248,1
"TOP1MT",0.0373430653144846,-1.4001374778086,0.02,0.051,1
"BANK1",0.0373433988050024,-0.259998566240397,0.653,0.726,1
"RELA",0.0374313640165778,0.30569074598069,0.403,0.379,1
"NRIP1",0.0374417536645473,0.372756523243021,0.339,0.296,1
"SOX5",0.0374444262107723,-1.15924420930357,0.045,0.094,1
"MT-ND4",0.0374516329587238,0.248197995676231,0.904,0.889,1
"HMGN3",0.0374924792822378,-0.498810381823948,0.113,0.182,1
"HMGXB4",0.0374987362892677,0.212325313812098,0.144,0.151,1
"ADPRS",0.037509898458397,0.699416181118857,0.181,0.137,1
"NCOR2",0.0375569718248304,0.461169880131567,0.105,0.1,1
"PPP1R11",0.0376190822004268,0.366319278693085,0.297,0.285,1
"FEM1C",0.0376263301660392,0.551351182775459,0.103,0.068,1
"MX2",0.0378543344408875,-0.516048346295102,0.086,0.142,1
"IGLV9-49",0.0378721904992791,-2.580515416978,0.006,0.02,1
"TOP1",0.0378774384794036,0.114020795656963,0.501,0.544,1
"SNX13",0.0379553480708107,0.662974744256535,0.163,0.117,1
"PLCG2",0.038030220524303,0.2844438180676,0.372,0.319,1
"ZFAND5",0.0380610902446837,0.22137058680962,0.413,0.373,1
"CD69",0.0381303642217133,0.213109485719414,0.958,0.954,1
"IGF2BP3",0.0381340936350849,0.31532438534606,0.429,0.402,1
"PHLDB3",0.0381477272461372,0.58052107611022,0.149,0.105,1
"LINC01118",0.0381568049403367,-2.42975426963697,0.003,0.02,1
"HIGD1A",0.038216032895219,-0.840038847026271,0.079,0.145,1
"PPP1CB",0.0384490958839174,0.278002591169607,0.516,0.496,1
"LHPP",0.0384644799831786,-0.6273410401869,0.072,0.128,1
"SLC25A33",0.038466036845707,0.353932928893661,0.407,0.356,1
"TMED10",0.0384666944144279,0.305471965314367,0.382,0.382,1
"TRPM7",0.0385764385624199,0.369103729030627,0.397,0.362,1
"NR3C1",0.0387435247281894,-0.254309350628976,0.526,0.584,1
"MAPK9",0.0387637306230932,0.50373514770176,0.076,0.051,1
"ADARB2",0.0387769452576079,-0.65550187886972,0.076,0.14,1
"NPIPB5",0.0387878754120756,-0.793952976666108,0.034,0.071,1
"SARS2",0.0388398112774252,-2.01733728769895,0.01,0.034,1
"COPS5",0.0388569425143816,0.49077119661746,0.188,0.148,1
"SMIM15",0.0390425422584504,0.832889145164358,0.095,0.068,1
"COL19A1",0.039245550095158,0.371753719570688,0.412,0.348,1
"EIF4G3",0.0392966356284323,-0.388516858383805,0.253,0.35,1
"BLTP3A",0.0394680932252582,-1.20679413389348,0.021,0.06,1
"SSNA1",0.0394880837908488,-0.325475234826494,0.266,0.362,1
"MAP3K21",0.0395962283216125,-2.56252542049473,0.003,0.02,1
"MRPS23",0.0396016188901369,1.00034578647016,0.083,0.051,1
"LZTFL1",0.0396347556637471,1.14134954437994,0.089,0.057,1
"HLA-DMA",0.0396359929177759,0.284244226559924,0.788,0.749,1
"THRAP3",0.0398213429395186,0.271779875136843,0.506,0.51,1
"FBRSL1",0.0399567988208444,-0.543372769442936,0.14,0.219,1
"POC1B",0.0400929022364212,-0.153935165672721,0.168,0.234,1
"GPATCH4",0.0402186734168401,0.718864436419346,0.122,0.085,1
"EIF3D",0.0406255675314497,0.248899976660943,0.505,0.462,1
"CSF1",0.0406671387766674,1.33900941002937,0.025,0.02,1
"KIF9-AS1",0.0406688386941376,-1.19182219996805,0.025,0.057,1
"TFEC",0.0407777687041945,-3.50029375375651,0.001,0.014,1
"ZNF570",0.0408290688883591,1.41777921479087,0.051,0.026,1
"TVP23B",0.0408587337724847,0.81121785626676,0.123,0.085,1
"SERINC1",0.0409330436833415,0.335959490379543,0.516,0.481,1
"ATP5IF1",0.0410090273723787,-0.567402818263751,0.136,0.214,1
"AKR7A2",0.0411809150011824,1.39881046193625,0.048,0.02,1
"RPL3",0.0413842173798682,-0.114009987730065,0.993,0.997,1
"IGHV3-66",0.0414256703566288,2.39930872777326,0.02,0.003,1
"AP1B1",0.0414939761825137,0.425531354091465,0.283,0.239,1
"NDUFAF4",0.0415223411176101,0.406322245539288,0.194,0.165,1
"KATNA1",0.0415714715809739,0.729679486319328,0.123,0.1,1
"TXNL1",0.0415969092215373,0.336251869393524,0.311,0.271,1
"IGHV4-34",0.0418753021767501,-0.575838289329353,0.078,0.077,1
"TPK1",0.0418778722442843,-0.115482344888974,0.064,0.054,1
"COX20",0.0420405133891825,0.562365056446088,0.232,0.188,1
"FOXK1",0.0421397177537606,-0.129000717255461,0.182,0.248,1
"ENSG00000275063",0.0421552739284698,1.33327771166028,0.05,0.02,1
"RTCB",0.0421850273778894,-0.451370644233969,0.216,0.311,1
"AP3M1",0.0423766818580573,0.925373942708024,0.096,0.06,1
"C6orf62",0.0424261343285484,0.583600613562089,0.168,0.125,1
"SNX9",0.0424413465516535,0.156909500921314,0.907,0.88,1
"NFYC",0.0424458208214072,0.29037782947499,0.233,0.228,1
"NIBAN3",0.0424924926265741,-0.391468501100378,0.409,0.507,1
"RPL17",0.0425427745650314,-0.108799138099743,0.987,0.986,1
"ANGPTL1",0.0425674625938278,-0.894902564659672,0.066,0.108,1
"ZNF165",0.0426932961839419,0.623613642529656,0.194,0.154,1
"ISG20L2",0.0428223273265115,0.491974241585004,0.198,0.151,1
"STAT6",0.0428801331438606,0.167994787586047,0.328,0.353,1
"NLRC3",0.0430258744721229,-1.19906391557238,0.018,0.048,1
"SLC12A7",0.0430907204166373,-0.825603569893655,0.081,0.14,1
"RLF",0.0431910300118743,0.285001456929458,0.402,0.387,1
"CASZ1",0.043257775209921,0.696060210882931,0.16,0.12,1
"GNG4",0.0432867280615761,0.749864679606977,0.085,0.054,1
"ZNF175",0.0434048210541607,2.12054029726226,0.017,0.003,1
"ZNF787",0.0434184742636696,0.220884961728097,0.164,0.168,1
"UQCC2",0.0434634866131299,-0.82254333344024,0.052,0.1,1
"PHF23",0.0435848051146197,0.647583832281937,0.171,0.134,1
"CD7",0.0435856512779241,0.54574776899034,0.017,0.006,1
"PNPT1",0.0436054316906913,0.768207075523175,0.099,0.066,1
"PRKD2",0.0436506585928878,-0.521934221328079,0.13,0.202,1
"MCRIP1",0.0436606027508877,-0.289564138895633,0.127,0.142,1
"IL7R",0.0436692684083315,3.11898145008137,0.017,0.003,1
"TBRG4",0.0437172063203386,0.656664257330059,0.126,0.097,1
"YIPF4",0.0437745687720137,0.636314742711025,0.168,0.151,1
"TIFA",0.0438309348740375,0.29667318210578,0.197,0.142,1
"GBA2",0.0438905949341456,1.48593420267494,0.044,0.02,1
"CEP20",0.0439900962646729,0.36247492089287,0.071,0.043,1
"IGHV3-30",0.0441023927284947,-1.62544221681859,0.045,0.068,1
"ADCY7",0.044164348806621,-0.844200719230267,0.034,0.068,1
"TMEM222",0.0441689535512545,0.88026624185411,0.096,0.066,1
"TFG",0.0441746658041559,0.213304509024353,0.269,0.279,1
"NOM1",0.0442251492735222,-0.83974565173925,0.071,0.105,1
"COX7C",0.0442952798705923,0.108467431777113,0.861,0.84,1
"SQLE",0.0442999847400059,0.342801151021551,0.286,0.239,1
"ST6GAL1",0.0443481282826757,0.327505474794096,0.54,0.516,1
"ZC3H12A",0.0443726595769673,0.168215992552764,0.376,0.322,1
"ZNF576",0.0444668128316612,0.96660771649034,0.04,0.017,1
"N4BP1",0.0445007559157607,0.671457426238596,0.12,0.083,1
"ZNF737",0.0445091410534419,0.806823069380419,0.113,0.071,1
"ENSG00000287839",0.0445162801425978,-0.856300366023905,0.008,0.031,1
"POMP",0.0447117289308446,0.287952937876954,0.537,0.53,1
"RPF1",0.0447471386114771,0.450940708387042,0.182,0.142,1
"HELZ",0.0448184422812925,0.275917610270152,0.242,0.202,1
"IGHV2-26",0.0448446169777727,6.20947871584251,0.01,0,1
"ZNF197",0.0448771660465688,1.68255573169979,0.021,0.006,1
"KATNIP",0.0450906861525311,0.680040292905252,0.069,0.048,1
"ISG20",0.0452458679537012,-0.247603517401917,0.656,0.752,1
"ATF7IP2",0.0455872387920311,0.582149350114633,0.188,0.151,1
"KCTD10",0.0457310163908695,-0.715628534044238,0.048,0.091,1
"UBE2Q2P2",0.0458179124766401,1.2723590149436,0.066,0.034,1
"GPBP1",0.0458319800044363,0.1768601223779,0.724,0.732,1
"RALGAPA1",0.0459057275710738,-0.237400941830893,0.475,0.587,1
"TSEN2",0.0459208415391866,2.20265947973585,0.017,0.003,1
"CSNK1D",0.0459540820017015,0.311645844474046,0.509,0.479,1
"SEC22B",0.0461358527048949,0.562042206134829,0.12,0.085,1
"BIN2",0.0462393954001915,0.92668773395041,0.106,0.071,1
"STK38",0.0462480846486569,-0.284022632307993,0.167,0.239,1
"ZNF790",0.0463846946144745,-1.22261985341098,0.024,0.06,1
"POLR2E",0.0464277248320477,-0.155924098212853,0.204,0.205,1
"ASH1L",0.0464814261190063,0.198649887279877,0.543,0.544,1
"TFPT",0.0464938532603354,1.65285409759049,0.031,0.011,1
"ACP1",0.0465130484405865,0.474908272686285,0.26,0.217,1
"TELO2",0.0465180834100642,-0.897953158194627,0.062,0.108,1
"FRY",0.046547431552303,-1.58401795575043,0.016,0.043,1
"PTPRJ",0.0466327491043071,-0.856863646348528,0.099,0.157,1
"NAA35",0.0466410906327914,0.582443798890429,0.163,0.125,1
"EIF5B",0.0467584472412788,0.265943715838788,0.421,0.419,1
"ING4",0.0467983498545127,0.414977506694897,0.086,0.08,1
"CENPT",0.0468223991769631,-0.78890402930447,0.05,0.097,1
"RAMAC",0.0469048940483458,-0.239164184065967,0.212,0.254,1
"TCP11L2",0.0469764420626442,0.300314087291801,0.454,0.427,1
"SBF2",0.0469997575616774,0.842418127107879,0.069,0.037,1
"SLC35B1",0.0470179058754992,0.366051019842049,0.11,0.083,1
"ENSG00000236283",0.0470867882944645,-1.30433582360595,0.014,0.037,1
"VPS13B-DT",0.0473623725061981,-1.98216714575833,0.011,0.04,1
"PPP1R13B",0.0473857533141037,0.304234985951175,0.098,0.097,1
"IGLV3-27",0.0474075066046708,6.66134047323499,0.01,0,1
"GK",0.0474772243084277,0.869503584948341,0.055,0.028,1
"SLC30A7",0.0475854639660072,0.534116100168548,0.201,0.157,1
"ATP5F1E",0.0476502154149831,0.121560862973731,0.894,0.923,1
"MRPL41",0.0476891528894602,-0.526998243685637,0.147,0.194,1
"PTK2B",0.0477290620912049,-0.410822622556551,0.182,0.259,1
"MTLN",0.0477299196364331,1.07596518918356,0.042,0.02,1
"NCF4",0.0477671571357068,-0.551031623041232,0.112,0.179,1
"CHORDC1",0.0478293342374586,0.370656810852481,0.31,0.262,1
"MIIP",0.0480525263579633,-1.08530791307113,0.041,0.083,1
"ITFG1",0.0481625331404714,0.45878026538136,0.168,0.145,1
"LY86",0.0482297530484032,-0.577366070444139,0.158,0.228,1
"RALB",0.0482572755397646,-1.00231673295406,0.045,0.085,1
"ZKSCAN2-DT",0.0483249045633002,-1.92332269542559,0.004,0.023,1
"ARHGAP24",0.0483798346672336,0.220913191114558,0.368,0.325,1
"KPNA5",0.0484393737563717,0.680983035626009,0.175,0.128,1
"EOLA1",0.0485318478895206,0.832461015469044,0.151,0.117,1
"EIF3F",0.0486357826084412,-0.201868921040986,0.679,0.772,1
"SLC35A4",0.0486994098930588,0.764175457445125,0.051,0.026,1
"SIRT5",0.0487126236464528,-2.07576134766336,0.007,0.026,1
"RBM48",0.0487663891278414,0.621421685834673,0.174,0.128,1
"ATP6V0E2",0.0487971042730984,2.76048493348849,0.02,0.003,1
"DDX3X",0.0488748787193057,0.204233837951326,0.73,0.738,1
"YTHDF2",0.0489850060330254,0.156350857907796,0.354,0.382,1
"UGT8",0.0489926207782127,-0.872801708652668,0.083,0.128,1
"NDUFB9",0.0490896866124302,0.23822376878136,0.41,0.365,1
"MRPS18A",0.0491253697147838,0.476585777763603,0.165,0.123,1
"TRIM22",0.0491300965688097,-0.272472023132767,0.373,0.479,1
"RRN3",0.0494391209533187,0.372933681743136,0.137,0.142,1
"HSPA2",0.049466670389533,-0.439281657579871,0.047,0.083,1
"SIVA1",0.049573892152377,-0.488812665135606,0.246,0.339,1
"SNW1",0.0495784965222024,0.358741530644193,0.321,0.282,1
"CLCF1",0.0497568435074267,0.510263716747279,0.165,0.123,1
"CA5BP1",0.0498234431318481,0.157983119884045,0.088,0.068,1
"PNO1",0.0499618673294216,0.501325896451744,0.209,0.165,1
"ACHE",0.050003285765238,2.16882813768474,0.017,0.003,1
"RPP21",0.0500809094709617,-0.308997484367111,0.321,0.419,1
"MAP2K4",0.0501210463448295,0.138167083259616,0.248,0.211,1
"AP4M1",0.0502004315411441,1.1728862709884,0.079,0.048,1
"CRBN",0.0502918946647956,0.49438889657943,0.154,0.117,1
"COX19",0.0503425211250724,0.383948145731584,0.222,0.171,1
"MRFAP1L1",0.0503785422126676,0.646966193154878,0.151,0.105,1
"UTP11",0.0504754757975646,0.881115298428219,0.115,0.077,1
"ARPC1B",0.050594898079556,-0.527771040806958,0.345,0.456,1
"NCSTN",0.0506238989980494,0.323191348647716,0.139,0.108,1
"MTCH2",0.0507174699806282,0.494862150675371,0.15,0.114,1
"LINC02986",0.0508536462425142,1.62799110093114,0.024,0.009,1
"ADD1",0.0508815075084646,0.459423085680416,0.283,0.251,1
"CCSER1",0.0509425711569799,-0.426971486801364,0.201,0.251,1
"TENM4",0.0510856083665055,-2.32810697574974,0.003,0.02,1
"ZNF567",0.0511460481168201,0.880592773110095,0.105,0.071,1
"INTS15",0.0512541212903411,0.986668280507022,0.072,0.043,1
"RRM2B",0.0513518604246931,0.330838181243995,0.334,0.291,1
"MYO7B",0.0513705412902923,-1.24422207180943,0.027,0.057,1
"CLCN6",0.0514420997421317,-0.539538694193741,0.105,0.154,1
"DYRK1A",0.0514577670201578,0.319109227703193,0.382,0.33,1
"N4BP3",0.0515892397246638,0.497793388438309,0.194,0.162,1
"MDM2",0.0516191322033429,0.798432570163791,0.105,0.068,1
"ZNF821",0.0517212398640607,0.635661373688066,0.232,0.177,1
"UNC119",0.0518102139789796,-0.462399341757181,0.165,0.245,1
"NAT10",0.051872521208009,0.666512634774276,0.091,0.06,1
"TLK2",0.051882098459469,0.271791047033362,0.243,0.202,1
"UBE2L6",0.0518949999603445,-0.582648163346874,0.134,0.208,1
"CENPN",0.0519505965315892,1.03416252779447,0.048,0.028,1
"SEC22A",0.0519547952880214,1.32115476000201,0.066,0.04,1
"GBA1",0.0521622215841038,1.74121338548709,0.031,0.011,1
"RBM28",0.0523697195933054,0.805653370414204,0.089,0.057,1
"ZNF141",0.0525969844030302,0.51926979817448,0.191,0.165,1
"MIR3667HG",0.0527242667594263,-0.729438818734867,0.047,0.088,1
"ZCCHC8",0.0528711793975457,0.355102888169786,0.168,0.162,1
"SGPP1",0.0528733920124421,0.550576347928072,0.082,0.048,1
"ABHD8",0.0528878104914118,-2.48452796281279,0.006,0.026,1
"ENSG00000290791",0.0529179105518548,-2.93635828789415,0.001,0.017,1
"YTHDF3-DT",0.0530650714183663,-2.07348576861566,0.007,0.026,1
"AGO2",0.0530842344124479,0.216740640168232,0.537,0.501,1
"FERMT3",0.0531316701274959,-0.751301300642247,0.061,0.114,1
"EIF3G",0.0532871458728813,-0.294312765404526,0.45,0.561,1
"SLF2",0.0533653328886345,-0.854851843752091,0.03,0.066,1
"CLK1",0.0534298927053947,0.303815172250352,0.636,0.593,1
"PCNA",0.0535341841232017,0.885027329526015,0.085,0.051,1
"DCLK2",0.0535585956930094,-2.67069039822688,0.003,0.017,1
"PLOD3",0.0535766439639288,-1.2351619928813,0.007,0.026,1
"CASP4",0.0536358565865474,-0.450114029029033,0.157,0.202,1
"UBQLN4",0.0536487427142346,0.403134246468567,0.062,0.04,1
"EAF2",0.0537027093008731,-0.405978035550712,0.163,0.231,1
"TATDN1",0.0537355438698041,-0.820357017520417,0.033,0.071,1
"PPP1R14A",0.0542331191629479,-0.353166750396988,0.068,0.108,1
"ZNF521",0.0543270175380389,-3.33077304903123,0.001,0.011,1
"IRF9",0.0543473894044194,-0.300662174924434,0.407,0.51,1
"ZNF582",0.0543975886463063,1.50339186090501,0.016,0.003,1
"SMIM18",0.0544476600359428,-1.90748471081386,0.006,0.026,1
"TIMM23B",0.054496924819564,0.515622427485038,0.147,0.111,1
"RNF41",0.0546324060301726,0.391451998986676,0.226,0.208,1
"PSMA1",0.0547756592363122,0.330249176721642,0.388,0.353,1
"RPP38",0.0548630999508637,0.545828960485812,0.16,0.131,1
"TMX2",0.0549960076648989,0.555193546139984,0.147,0.12,1
"ORMDL2",0.0551034344411011,0.792531650760799,0.137,0.105,1
"ST6GALNAC4",0.0551745220219803,0.503006105705164,0.154,0.137,1
"SNHG15",0.0553235875029793,0.191113265885227,0.581,0.573,1
"MACROD2",0.0554240924200969,-0.713008354894851,0.11,0.162,1
"EPB41L4A-AS1",0.0555374434406962,0.214549583675492,0.369,0.328,1
"SLC10A7",0.0555717079448062,-1.45305571787581,0.014,0.037,1
"FBXO21",0.0556884587433372,0.447256518494494,0.201,0.157,1
"CCNB1IP1",0.0557504856992834,0.34636589671673,0.13,0.128,1
"C17orf58",0.0558523442819389,-2.79593949580937,0.001,0.014,1
"MEIOC",0.0561142301439173,1.21793683108123,0.013,0.003,1
"MIDN",0.0561246290756392,0.325131695977869,0.463,0.413,1
"ISCU",0.0561632128795024,0.251389449240418,0.38,0.373,1
"HCG18",0.0562350622904259,-0.1025630597377,0.286,0.353,1
"TLR10",0.056324507756808,-1.00872310437145,0.018,0.048,1
"ACD",0.0564231338831164,0.547261900412203,0.187,0.154,1
"SP2",0.0564312401847787,0.683612404955382,0.157,0.117,1
"SEC14L1",0.0565694132091406,0.409367568557043,0.289,0.265,1
"RFC3",0.0565933340595557,0.65681089584608,0.028,0.017,1
"PRDX3",0.0567532454452824,0.641132581176903,0.075,0.048,1
"FUT8",0.0567609575811574,-0.906158250562008,0.089,0.148,1
"ZNF622",0.0567860309442898,0.488846663397782,0.211,0.171,1
"HNRNPH3",0.0569339395496704,0.315306599632363,0.547,0.513,1
"DSTN",0.0569842395277886,-0.621484635123617,0.066,0.085,1
"NBEAL1",0.0570526689205913,-0.623606389758274,0.136,0.211,1
"SENP5",0.0570807683820662,0.369044347682497,0.215,0.208,1
"FAM83D",0.0571950614616712,0.536337923070793,0.013,0.003,1
"CXCR4",0.0572735611719737,0.190793363095983,0.967,0.957,1
"DHFR",0.0573156904534434,-0.798599329027969,0.115,0.162,1
"RPL41",0.0573315243428549,-0.182760052643042,0.999,0.994,1
"ZMYM6",0.0573672691702915,-0.84040232099503,0.088,0.14,1
"PNRC2",0.0574722944632626,0.248903844579458,0.521,0.496,1
"FAM13B",0.0574926227532543,0.31877686162411,0.368,0.33,1
"CDKN1A",0.0577154669817569,0.102892593958709,0.806,0.783,1
"POP7",0.0577754323538875,0.933713556943546,0.061,0.034,1
"SMG1P5",0.0577910747133358,0.572970341566792,0.231,0.188,1
"PSMA6",0.0578063326546763,0.235568353199421,0.322,0.316,1
"EIF5A",0.0578078098859475,0.158123720028661,0.728,0.744,1
"ZNF461",0.0580384035716406,1.28879826095007,0.045,0.023,1
"ZRANB1",0.0582858101791232,0.197323881278603,0.115,0.125,1
"PNKP",0.0583382715074174,-0.145702621713659,0.144,0.205,1
"ZNF626",0.0583777529570181,-0.805255795950926,0.034,0.068,1
"TUBB4B",0.0584164104890512,-0.17062102708533,0.733,0.732,1
"IGKV1-33",0.0584315598149776,-1.14526066806869,0.033,0.028,1
"FAM172A",0.0584584420141534,0.340513854047758,0.218,0.171,1
"TCEA2",0.0585231586605807,-0.685984888504096,0.057,0.105,1
"ZC3H15",0.0585298177132673,0.223413866980896,0.581,0.553,1
"RRAGC-DT",0.0585373213415844,0.979750371096976,0.055,0.028,1
"SOX4",0.0586060105154326,-0.39263487946701,0.17,0.239,1
"ELOC",0.0587998270928511,0.250130786269481,0.378,0.365,1
"SH3BP5L",0.0589205373208983,2.39184879299939,0.023,0.006,1
"MBOAT1",0.0589496185200873,-2.06811075330953,0.001,0.011,1
"TMEM209",0.0590334253550531,0.775143017732333,0.044,0.026,1
"IER3-AS1",0.0591151565872109,-3.28626518733145,0.001,0.014,1
"PJA2",0.059347384691451,0.254149681120202,0.429,0.382,1
"LACTB2",0.0593497556978844,1.45306859448657,0.037,0.014,1
"RSRC1",0.0593723134751321,0.524150828458106,0.181,0.145,1
"KIAA0232",0.0596251629170653,0.145505402149179,0.164,0.188,1
"BRK1",0.059758255471401,-0.201721860896597,0.279,0.302,1
"PSMA3",0.0598636437163085,0.407965786136858,0.262,0.219,1
"ENSG00000224376",0.0598852843664456,-0.216157221608881,0.038,0.066,1
"HSPH1",0.0599034946169627,0.265467576554175,0.549,0.527,1
"TRBJ2-3",0.0599241213754192,-1.6167753082806,0.001,0.014,1
"TXLNG",0.0603658642414111,0.477768848504964,0.181,0.179,1
"BTBD2",0.0604351690176732,-1.11754602873396,0.037,0.08,1
"MYL6B",0.0604742011535229,-1.58924969871414,0.014,0.04,1
"RPL7L1",0.0605821837525213,0.49416888996351,0.201,0.157,1
"ENSG00000268027",0.0606325763163037,-0.418778906976272,0.069,0.117,1
"PARVG",0.060739856904284,-0.506383351770106,0.147,0.208,1
"CENPS",0.0607467107532589,1.24108924254364,0.078,0.046,1
"IGKV2-28",0.0608313300269155,1.11342133023129,0.025,0.009,1
"LAIR1",0.0610640630038539,-0.752360050291916,0.05,0.091,1
"TNFRSF14",0.0611332971662859,-0.255614017971707,0.424,0.524,1
"FEM1A",0.0611772228559432,0.809438855630888,0.076,0.051,1
"SNHG20",0.0612306882106258,-0.894190913816642,0.028,0.06,1
"NFE2L2",0.0612793228034678,0.190507949570061,0.682,0.65,1
"OGFOD3",0.0613404461881372,-1.07005603060977,0.027,0.057,1
"ATP6V1C2",0.0613836344177232,0.834992866208705,0.081,0.066,1
"PLK3",0.0616461756661894,0.598255373512215,0.198,0.162,1
"TSR3",0.0616882568599774,-0.512540558724527,0.089,0.145,1
"REPIN1",0.0617900951775154,0.441210939455338,0.174,0.162,1
"NSL1",0.0618283649676103,0.865899139623168,0.079,0.051,1
"MCM5",0.0619300592693373,-0.556012988062959,0.091,0.117,1
"ENSG00000272558",0.0619504858313569,-2.99675009098955,0.003,0.017,1
"PKD1L3",0.0621795392246956,-2.05561927219114,0.003,0.02,1
"DNAJC7",0.0622757301380276,0.224521699297088,0.267,0.279,1
"IGLV3-10",0.062335785127655,-4.56662943888225,0.003,0.017,1
"MICU1",0.0624073809177592,0.951529076898335,0.098,0.074,1
"IFNAR2",0.0624287274450856,-0.558507421350868,0.143,0.214,1
"PRANCR",0.0624309472290108,-0.794760547232697,0.079,0.123,1
"RAE1",0.0624552019404181,0.373063135359216,0.175,0.151,1
"PIGBOS1",0.0625116302465833,2.60033697719634,0.023,0.006,1
"PSME2",0.0625724729957409,-0.400021369120805,0.344,0.439,1
"PPP3CB-AS1",0.0625942151138451,2.07339213657669,0.025,0.009,1
"PSME3IP1",0.0626507700781191,0.272543729497098,0.105,0.08,1
"PMPCB",0.0626768950204396,-0.413477700833334,0.205,0.296,1
"PRKAG2",0.0627178650795245,-0.644955612039553,0.071,0.123,1
"COX10",0.062817803814195,0.806078764264944,0.066,0.04,1
"RANBP10",0.062820300243256,-0.31300430441387,0.085,0.12,1
"CYRIB",0.062990219965562,-0.346657244432997,0.364,0.47,1
"CREM",0.0630706774881049,0.224381065466503,0.754,0.772,1
"ZNF700",0.0631383838762958,0.974774235982414,0.064,0.034,1
"CYP4V2",0.0631829149505098,-1.29975464803042,0.035,0.077,1
"RGS1",0.0631967299991109,-0.283954252019359,0.264,0.231,1
"ENSG00000274213",0.0632564703819472,-0.603638240293508,0.011,0.028,1
"UTP3",0.0632726167495854,0.739370512533236,0.132,0.094,1
"DHX33",0.0632933218232372,0.793251049959008,0.044,0.026,1
"ZMAT3",0.0633693229098434,-0.505643478359921,0.093,0.151,1
"PUM3",0.0633804582806471,0.425207711262835,0.147,0.134,1
"IER2",0.0633810231387399,0.121979374568989,0.864,0.829,1
"FBXO28",0.0633815896015048,0.266626601769235,0.154,0.128,1
"HRK",0.0635334410428346,-0.679445121216544,0.116,0.174,1
"GRAP2",0.0636434292331566,-1.62709031812643,0.018,0.043,1
"LIN52",0.0636883264185397,0.40508163836086,0.051,0.037,1
"IARS1",0.0637407477346086,0.304528618898602,0.14,0.117,1
"SLC30A6",0.0638016172495071,0.760634974440368,0.051,0.028,1
"SRGN",0.0639000153761307,-0.403070961673608,0.441,0.538,1
"DNASE2",0.0639670161600807,1.11753267281941,0.054,0.028,1
"AKT3",0.0640286750298515,0.283168620261416,0.393,0.385,1
"DMD",0.0640563407711686,0.165132492566147,0.074,0.048,1
"MED10",0.0640636288923791,0.28534495230097,0.364,0.336,1
"ZC3H12D",0.0641065626103831,-0.846161887320285,0.12,0.168,1
"ITGB2-AS1",0.0641114504864393,-0.792314707488841,0.045,0.085,1
"POP4",0.0643496098181996,1.02347230470064,0.092,0.06,1
"APEX1",0.064394335612095,-0.45795335645401,0.215,0.299,1
"HVCN1",0.0646300303596545,0.348450759454386,0.434,0.43,1
"CMTM7",0.0647802762951288,-0.424199435383073,0.253,0.308,1
"SMIM27",0.0648310897101595,-0.735710655021382,0.05,0.057,1
"AKAP8L",0.0648340568152246,-0.226342491034121,0.195,0.274,1
"WIPF2",0.0649666343768373,0.310658223547875,0.223,0.199,1
"MAPRE2",0.0649922519651827,0.168062646323829,0.474,0.422,1
"MLH3",0.0650474139115687,0.643122942562408,0.033,0.014,1
"UPF3B",0.0653021514247826,0.362123597026693,0.287,0.242,1
"INSR",0.0653471546553977,0.62543705886041,0.116,0.085,1
"DEAF1",0.0653748900246248,0.633541758214418,0.124,0.105,1
"NHLRC3",0.0653932870966354,-1.393925886796,0.023,0.051,1
"SMC1A",0.065570916031138,0.402497100792602,0.153,0.14,1
"INTS6L",0.0658332717087762,0.558595930788558,0.136,0.111,1
"H4C3",0.0658454254821635,0.287162114546696,0.536,0.499,1
"ENSG00000269954",0.0659832508223808,-1.0459769445432,0.027,0.06,1
"HMGN4",0.0663336566718037,0.143520043417114,0.194,0.219,1
"ENSG00000236255",0.066372117505071,1.6827350777452,0.017,0.006,1
"RBM25",0.0664560120033277,0.183676310311338,0.553,0.567,1
"GOT1",0.0664907757132377,0.350850193060751,0.158,0.12,1
"CA8",0.0672255090981208,-3.18004807457863,0.001,0.014,1
"ZNF764",0.067568212402511,1.17940802974468,0.041,0.02,1
"IGKV1-16",0.0678035750725513,4.070443700206,0.014,0.003,1
"MCCC2",0.0679296218476795,0.67653138761326,0.141,0.117,1
"CYTH4",0.0679920699995224,-0.841539269512632,0.047,0.088,1
"ENSG00000272092",0.0680298164177793,2.14742058223239,0.021,0.006,1
"ENSG00000285492",0.0680451011656032,3.10022568697473,0.018,0.003,1
"AMPD2",0.0680829887583625,-0.618945513457362,0.016,0.043,1
"LUC7L",0.0680882193012404,0.230010049965838,0.356,0.359,1
"XRN2",0.0681238099688326,0.177131914583619,0.286,0.254,1
"PRKAR1B-AS1",0.0681669304864183,1.90667187917503,0.025,0.006,1
"ORAI3",0.0682596469563113,0.69485729387444,0.109,0.077,1
"IL10RB",0.0683002323085393,-0.586483897892133,0.134,0.197,1
"TMEM167A",0.0683068279482024,0.383423751204592,0.17,0.137,1
"DAP",0.0683184618783902,0.440967939312569,0.197,0.179,1
"AHNAK",0.0683804883226522,-0.332542913858066,0.535,0.613,1
"GPR137",0.0684803444886543,0.383563022876932,0.204,0.191,1
"NGDN",0.0685074229923289,0.326451152468074,0.409,0.37,1
"ITGB1BP1",0.0686156919733039,-0.526812943447442,0.079,0.134,1
"NT5C",0.0686363170451408,-0.283968096029926,0.201,0.231,1
"MIS18BP1",0.0688864034044399,0.230812544992713,0.325,0.274,1
"PSMC1",0.068923522482049,0.202907533629272,0.14,0.14,1
"UAP1L1",0.0690679235861665,0.971964488135101,0.079,0.054,1
"ENSG00000251867",0.0694982116795481,0.311454827022097,0.035,0.026,1
"ZNF528-AS1",0.0695786823108945,1.36226967799847,0.017,0.006,1
"RASSF3",0.0696011606164813,-0.327563565645934,0.143,0.211,1
"SNRK",0.0696734191761146,0.373960103584447,0.236,0.239,1
"PANO1",0.0697191023066564,2.25416333087715,0.014,0.003,1
"ENSG00000289614",0.0697823603597226,-0.103370325528144,0.055,0.085,1
"FICD",0.0698869705855511,1.75546169914975,0.016,0.003,1
"CCDC47",0.0700133052939784,0.337970470362757,0.257,0.242,1
"ACSF2",0.0700785980838375,-1.85023738713031,0.007,0.026,1
"EOLA2",0.0701029267580784,0.660058132392625,0.164,0.128,1
"HMGB2",0.070336670330889,-0.235840573231443,0.301,0.382,1
"TXNDC12",0.0704241669177766,0.503889518958198,0.147,0.114,1
"ZBED1",0.0704356937672441,0.123162288258413,0.061,0.074,1
"ATP5PB",0.0705123634426527,0.282411737851862,0.362,0.339,1
"DCAF6",0.0706146374050672,0.115162299117506,0.163,0.197,1
"ENSG00000288827",0.0706480704878591,-1.20834003022729,0.01,0.028,1
"THAP5",0.0707146709262823,0.760349727559796,0.098,0.063,1
"BTBD3",0.0708049899596186,-1.01527276248071,0.013,0.037,1
"IGKV1-9",0.0708668288217506,0.631398402076473,0.028,0.011,1
"ENSG00000285842",0.0710458077573981,2.30631233037412,0.017,0.003,1
"HSP90B1",0.071203333300666,-0.249781640871207,0.748,0.812,1
"KLF6",0.071217252268767,0.143583681311262,0.839,0.815,1
"ZNF26",0.071316829585698,0.614540125664069,0.079,0.054,1
"ZC3H12B",0.0713311519567997,0.781978093161681,0.088,0.054,1
"NAPSB",0.0713720928066184,-0.27941470742066,0.182,0.248,1
"HIPK2",0.0717517537641706,-0.727241858174668,0.099,0.165,1
"TSPAN33",0.0718075127176784,0.284927591517219,0.429,0.422,1
"MORF4L2",0.0718119847628028,0.305257981046156,0.525,0.521,1
"GK5",0.0719183133806,2.19688136332437,0.016,0.003,1
"C5orf15",0.0721084752814822,-0.460367406347003,0.136,0.205,1
"KLRK1",0.0721645529025948,-0.921871499035081,0.034,0.068,1
"ZNF468",0.072197284084659,0.752597568678012,0.064,0.043,1
"LINC01572",0.0722062679725695,0.636496917501545,0.058,0.034,1
"DMXL1",0.0722095303684222,-0.401122223952954,0.257,0.342,1
"GIPC1",0.0722227376725169,-2.90449214404124,0.001,0.014,1
"PKNOX1",0.072384105889255,1.06776562583293,0.071,0.046,1
"YAF2",0.0724058307808223,0.220129255316998,0.256,0.262,1
"LSM12",0.0724519415928011,0.156660266477334,0.16,0.177,1
"FNBP1",0.0724864553923041,-0.239773918015154,0.557,0.615,1
"PPP2R1A",0.0724980820427218,0.262447570844715,0.378,0.373,1
"ATL3",0.0725303752848415,-0.982254359361221,0.028,0.066,1
"NDUFAF6",0.0729043398859714,0.589232620156835,0.134,0.1,1
"RAMP1",0.0731615808179439,1.08120578210649,0.017,0.006,1
"TAF7",0.0731622474437217,0.293936536364631,0.461,0.433,1
"KLHL14",0.0731677305867264,-0.199673884451334,0.055,0.088,1
"NECAP2",0.0731948831959084,0.248400312334927,0.33,0.291,1
"ARRB2",0.0732355969822958,-0.622717858347245,0.085,0.142,1
"EIF1AX",0.0732940905918913,0.233494780248305,0.421,0.385,1
"HAUS5",0.0733232272694747,-1.3350770559355,0.025,0.048,1
"NOB1",0.0733295104281967,0.322643501164446,0.209,0.177,1
"BRIX1",0.073626349312375,0.484903662044512,0.175,0.157,1
"ZNF20",0.0737689016848954,2.15887457422218,0.017,0.003,1
"GMFB",0.0738147055355602,-0.353656821058485,0.232,0.293,1
"C1GALT1",0.0738816147653748,0.421214042866101,0.201,0.177,1
"NOSIP",0.0738853909983444,0.246391972357265,0.201,0.199,1
"DNM1L",0.0738863067220125,0.400376899209717,0.232,0.191,1
"PELI2",0.0739119226607395,0.123043005034202,0.113,0.094,1
"PDLIM1",0.0739385516254371,0.303403312587143,0.371,0.362,1
"CENPU",0.0739955374494013,-1.11801150235087,0.008,0.026,1
"ARID5B",0.0740391006061234,0.327631320853686,0.557,0.507,1
"RRP1",0.0740719219563963,-0.722262566516659,0.093,0.154,1
"MCU",0.0741813115882055,-0.404061486101833,0.105,0.157,1
"NOL9",0.0743808922673612,1.01499145624704,0.061,0.037,1
"UBE3B",0.0744432838502503,-0.662713325971355,0.028,0.057,1
"HIC1",0.0744928899707639,0.887166244497107,0.033,0.017,1
"UBLCP1",0.0746508104658979,0.647063839307127,0.096,0.066,1
"DMAC2L",0.0748731380572784,0.436452095645056,0.113,0.085,1
"BEX4",0.0748883684016134,-0.523560775100694,0.132,0.194,1
"USP39",0.0750044112327171,0.304569306811888,0.153,0.148,1
"KDM4A",0.0750987948888624,-0.614953788529467,0.051,0.088,1
"PIGG",0.0752430273959848,0.992796111869908,0.052,0.026,1
"ZSCAN16",0.0753410264356467,1.2479609629196,0.044,0.023,1
"CCNL1",0.0757425426426339,0.178372896311861,0.772,0.775,1
"NEIL1",0.0758927411642545,-0.192831510749368,0.242,0.319,1
"IPO9-AS1",0.0759600254713402,-2.45177600513528,0.003,0.017,1
"BLOC1S1",0.076014834321989,-0.359581192635231,0.255,0.322,1
"ABCF3",0.0761136561858781,0.504617523742823,0.093,0.066,1
"LRP2BP-AS1",0.0763108042977386,-3.19856185267183,0.001,0.014,1
"MSL2",0.0765149095784105,0.295363034787718,0.274,0.276,1
"ZNF841",0.0765518003616769,0.739613050566848,0.071,0.046,1
"TBC1D1",0.0765933294002401,0.274986589038929,0.372,0.345,1
"PNKD",0.0766192319031111,-0.210621970369194,0.054,0.083,1
"MED7",0.0766214441454642,1.08621863035482,0.041,0.023,1
"DNAJB2",0.0767640445966024,0.371216244697032,0.198,0.185,1
"LRWD1",0.0768203716217207,1.00825281626226,0.076,0.051,1
"TNFRSF13C",0.0769106853220804,-0.232991171382201,0.45,0.556,1
"SNHG25",0.0769388036956747,-0.166232835913285,0.201,0.271,1
"ARHGEF6",0.0772658405227493,-1.10349377436267,0.028,0.057,1
"DCUN1D5",0.0773496714273674,0.51697862798443,0.119,0.088,1
"NCAM2",0.0773713173571533,-2.6618645039937,0.001,0.011,1
"GPRIN3",0.0774028412566949,2.91922721884499,0.017,0.006,1
"GTF3C6",0.0774297340137323,0.369712831351289,0.207,0.194,1
"TM9SF3",0.0774674032194908,-0.297047505435151,0.263,0.353,1
"PIBF1",0.077545116959511,0.523943996137945,0.153,0.12,1
"ZNF212",0.0776644428260492,0.796800767882421,0.055,0.031,1
"CCDC88C",0.0777166940116401,0.253416971249301,0.273,0.245,1
"CLCC1",0.0781120627822398,-0.885556172401614,0.035,0.063,1
"TENT2",0.0782190564465316,0.349740616565623,0.33,0.322,1
"MAP3K12",0.0783444994995294,1.01894406057761,0.014,0.003,1
"THUMPD3-AS1",0.078477384875288,0.343032972404027,0.249,0.211,1
"SNX32",0.0787061365371508,-1.43453983262733,0.003,0.014,1
"CXCL16",0.0788043729224928,0.445515628581651,0.199,0.177,1
"BCL10",0.0789408904903129,0.263560536034353,0.361,0.319,1
"PNP",0.0789610103324925,-0.541405721646329,0.207,0.288,1
"CALR",0.0789861356936741,0.123435794791015,0.697,0.681,1
"USP50",0.0791752435956499,2.27314978913096,0.02,0.006,1
"MAPRE3",0.0792192337467668,1.81142117365675,0.014,0.003,1
"ADARB1",0.0792309707126859,-0.455681185388805,0.11,0.174,1
"PRMT6",0.0793103813751211,0.551543806487059,0.035,0.02,1
"ENSG00000291032",0.0795035753304926,-3.3670576989718,0.001,0.011,1
"MED22",0.0795360546502045,1.25629751600058,0.041,0.02,1
"NPTN",0.0795921874217047,0.448900826860364,0.139,0.105,1
"A1BG",0.0796523168364117,-0.511372964400735,0.115,0.162,1
"ANP32B",0.0799256997841409,-0.178326089827476,0.463,0.564,1
"CCDC32",0.0799432886849151,0.219102807286355,0.24,0.208,1
"MTHFD1L",0.0800354029305944,-0.349482943465788,0.127,0.137,1
"ENSG00000289226",0.0800777413541362,-2.26694969440292,0.004,0.017,1
"RIN3",0.080135401268018,-0.458660023366031,0.171,0.236,1
"ARL15",0.0801563039207541,-0.692933309713031,0.081,0.123,1
"CAMTA1",0.0802454354429981,0.336611699834423,0.38,0.376,1
"ACBD6",0.0802735296907353,-0.295852817400404,0.089,0.1,1
"ENSG00000228086",0.0803976139467059,-1.99754344160075,0.001,0.011,1
"YLPM1",0.0805181707294393,0.248945537771024,0.165,0.165,1
"NIPBL-DT",0.0809046679580568,-0.79267404251284,0.023,0.051,1
"TFB2M",0.080921492688868,0.689074148362805,0.1,0.071,1
"MX1",0.0810117198883019,-0.354026496853878,0.174,0.251,1
"ENSG00000289564",0.0810689872142878,0.91770904828031,0.038,0.017,1
"IPO5",0.0811485028133173,-0.446387734674565,0.153,0.191,1
"NUP88",0.0812103551472984,0.355659759585838,0.33,0.288,1
"IGHV3-7",0.0812646829138914,0.683374472282994,0.03,0.037,1
"MAPK1IP1L",0.0813375031052754,0.188858866065104,0.653,0.655,1
"KMT5C",0.081357906390299,-0.875575174120394,0.027,0.057,1
"SQSTM1",0.0814939893229373,0.117682218732542,0.895,0.872,1
"NUP54",0.0816011050638978,0.352728349671849,0.204,0.165,1
"FBF1",0.0819056324712554,2.7943811353181,0.014,0.003,1
"PVT1",0.081947573150657,0.520897826862395,0.042,0.04,1
"HEXIM1",0.0821072770913266,-0.127373908784356,0.117,0.168,1
"ARCN1",0.0824478055685389,0.266442078267884,0.211,0.217,1
"GEM",0.0824670062283361,0.836452606780416,0.098,0.074,1
"RPAP2",0.0827028553302332,0.321483246492576,0.096,0.074,1
"RBM34",0.0827034264831409,0.551808373020265,0.12,0.085,1
"METTL18",0.082802628160992,1.46618632425208,0.03,0.011,1
"SLC2A5",0.0828153308065431,1.26426898770237,0.041,0.023,1
"PIH1D1",0.0829960358354787,0.222606668949497,0.233,0.205,1
"DBF4",0.0830402883505016,-0.465047717911527,0.192,0.274,1
"IGHV1-46",0.0830716312452203,2.28172731189936,0.025,0.011,1
"TMEM67",0.0830766535648153,0.497553963948641,0.044,0.023,1
"IFNGR1",0.0830883132904317,0.361021911305791,0.345,0.322,1
"ZNF780A",0.0833156567042107,1.12108081523848,0.027,0.014,1
"MMD",0.0838838883300457,0.515997547952272,0.151,0.117,1
"LTV1",0.0839580993455901,0.540923285147438,0.126,0.091,1
"ENSG00000258740",0.0840728398421773,1.5077716404819,0.041,0.017,1
"R3HDM2",0.0841040398342299,-0.282205188918211,0.177,0.248,1
"APTX",0.0842593659667296,0.893006146985571,0.091,0.063,1
"PTDSS2",0.084267113366399,-2.12881674602414,0.01,0.031,1
"ENSG00000291181",0.0843142784499186,-1.15579289572419,0.05,0.091,1
"RTCA",0.0843621335119993,0.632990703078778,0.102,0.071,1
"NDUFC1",0.0843730173977279,0.403037293098287,0.207,0.188,1
"PHC3",0.0845215048580083,0.405557974019702,0.283,0.248,1
"ZNF143",0.0845730075996326,0.424445187089978,0.093,0.068,1
"ARRDC3-AS1",0.0845929222056609,0.638285773267417,0.027,0.011,1
"PGM5P2",0.0846560449459447,-1.52667898833186,0.006,0.026,1
"CKAP4",0.0847464912162709,0.152483799606314,0.12,0.142,1
"ADAMDEC1",0.0847539371312681,2.52490755258024,0.018,0.003,1
"IGKV1D-39",0.0847739080264773,-1.74975337157254,0.003,0.017,1
"AP2B1",0.0848073312163441,-0.612759631076628,0.109,0.171,1
"ERV3-1",0.0848406595593692,1.22323223332105,0.062,0.034,1
"COPS8",0.0849121218458396,0.383358077042517,0.225,0.234,1
"MCRS1",0.0851710641439428,0.347222709092778,0.158,0.148,1
"GRB2",0.085415904388918,-0.247109740310204,0.545,0.647,1
"COMMD10",0.0855086285152489,0.333968878454032,0.232,0.197,1
"MTG1",0.085570386486913,-0.578110304963127,0.096,0.148,1
"SNX2",0.0856045760232472,0.144608616302838,0.707,0.744,1
"TTTY10",0.0856193555186581,-3.04407053211335,0.001,0.011,1
"MCRIP2",0.0856815075366532,-1.35068854354915,0.013,0.034,1
"IGLV1-51",0.0858474802790944,1.58189639383197,0.042,0.017,1
"MMADHC",0.085875592266229,0.185584392496659,0.304,0.276,1
"ENSG00000289341",0.0861944220532487,0.480484745592761,0.136,0.148,1
"ENSG00000290121",0.0862410870541802,-2.56916928626311,0.003,0.017,1
"RPE",0.0863928295932152,1.31177014777133,0.059,0.034,1
"ZNF146",0.0864136043705273,0.428554026180624,0.199,0.162,1
"ENSG00000287190",0.0868062984345725,-1.54260304779097,0.006,0.023,1
"NIPBL",0.0868558894699718,0.195986716768314,0.57,0.544,1
"SH3RF3",0.087260185398089,-1.82420494082659,0.01,0.028,1
"TSC22D1",0.0872930136678331,-0.722579975109999,0.054,0.094,1
"PPFIA1",0.0875477854271463,0.533417318032408,0.178,0.148,1
"CD70",0.0875574947994531,0.813384589193702,0.074,0.054,1
"NSMCE1",0.0875982190030453,-0.930081298517558,0.042,0.085,1
"NCBP1",0.0876059882977617,0.341699452523234,0.098,0.077,1
"OPTN",0.0877484874559781,0.119035106419826,0.208,0.236,1
"MAP1S",0.0877965117576824,0.571639197094217,0.182,0.162,1
"YDJC",0.0877987987618668,0.497543294784723,0.221,0.177,1
"FMNL2",0.0878172245534606,1.10571455672439,0.027,0.011,1
"DBI",0.087865054915157,-0.176739783128182,0.495,0.593,1
"LINC00426",0.0879653151577306,0.676014207199393,0.052,0.031,1
"GGNBP2",0.0879907632689552,0.257581182391166,0.595,0.587,1
"ENSG00000290767",0.0881158385558251,2.35908662806831,0.016,0.003,1
"ENSG00000257277",0.0881911565537096,1.60225775364511,0.024,0.009,1
"LINC03062",0.0882303919144899,-2.5897070843273,0.003,0.014,1
"IST1",0.0882413641294963,0.289876958831875,0.361,0.322,1
"ADO",0.0884099372165341,0.615885519864488,0.044,0.023,1
"CSDE1",0.0887060249838275,0.212941995079215,0.611,0.598,1
"CHASERR",0.0887328744152288,0.119425199953294,0.843,0.86,1
"ENSG00000224610",0.0887558605910427,1.0867375017439,0.086,0.051,1
"USP12-AS1",0.0888006603192113,-0.624168660108018,0.074,0.12,1
"HYOU1",0.0889105330528888,-0.36321117059664,0.066,0.1,1
"NOP58",0.0889735431698651,0.235359531318913,0.61,0.615,1
"TNRC18",0.0889958037492816,0.522504638035288,0.095,0.074,1
"ZNF226",0.0890866143410649,0.898432407319863,0.042,0.028,1
"MCTP1",0.0891286659774565,-2.82707745610075,0.006,0.023,1
"FPGT",0.0892256516905486,1.98411043791236,0.014,0.003,1
"CHD4",0.0893473149334775,0.23567262896622,0.407,0.37,1
"MTCL1",0.0893475119758868,-1.89181719720965,0.006,0.023,1
"BIRC6-AS2",0.0894938865029419,-1.33187353522169,0.018,0.048,1
"ABTB3",0.0896206073868495,1.42738945524483,0.023,0.009,1
"MZT1",0.0897485093674045,0.413460837129651,0.144,0.111,1
"MDM4",0.0898343533856826,0.207198195801805,0.39,0.35,1
"GRK5",0.0900389346091023,-0.362296707785825,0.324,0.407,1
"TXNDC9",0.0900484520823733,0.352272709757903,0.095,0.071,1
"GSTP1",0.0901627478207082,-0.296718342131362,0.256,0.316,1
"TCF25",0.0901815716580629,0.14827160296986,0.481,0.507,1
"ANAPC16",0.0902777205148551,0.17273865158251,0.369,0.333,1
"EXOSC9",0.0902953600035458,0.541333755123206,0.107,0.083,1
"MRPL50",0.0903607361336965,0.446242161736526,0.198,0.16,1
"FDX2",0.0904471577947987,1.05016878505485,0.059,0.034,1
"EMC1",0.09062910699762,1.30753439483524,0.05,0.031,1
"HEBP2",0.0907513533276878,0.540916164296252,0.137,0.097,1
"UBE2K",0.09081317230941,0.305208763613834,0.28,0.251,1
"NUMA1",0.0908639013548598,0.105700242573225,0.156,0.182,1
"MITD1",0.0911649477505354,-0.105706078161281,0.092,0.128,1
"UBE2A",0.0912967562798131,0.236452872970043,0.519,0.496,1
"WBP1",0.0914017507026083,-0.561965213695601,0.064,0.111,1
"HNRNPD",0.0916508021561535,0.147373201305713,0.564,0.59,1
"HDAC1",0.0916749105548832,-0.685077388554583,0.115,0.177,1
"CMPK2",0.0917435294503673,-1.58821902080992,0.017,0.04,1
"ECHS1",0.0919517085677709,-1.39617281107561,0.021,0.048,1
"ELP6",0.0920155961440141,0.790020010294972,0.055,0.034,1
"TLR1",0.0921255598351802,0.612091783235893,0.16,0.128,1
"GALNT2",0.0921285330572819,-0.278045569199596,0.438,0.538,1
"DEPDC1B",0.0921934268913518,1.31125868703243,0.017,0.006,1
"FBXO42",0.0922118768010435,0.23838007069388,0.133,0.14,1
"IKZF1",0.0922458496849278,-0.209607098022351,0.318,0.399,1
"ENSG00000267283",0.0922741843209567,-3.26820587324476,0.001,0.014,1
"SSR1",0.092443828183277,0.269124724791526,0.14,0.131,1
"BPNT2",0.09249006686121,0.320634529811435,0.105,0.08,1
"COQ3",0.0925081204269115,-3.09576008642702,0.001,0.011,1
"TM9SF2",0.0925316999360944,0.372857774579448,0.3,0.268,1
"SETX",0.0925453563105666,-0.275652695759295,0.277,0.37,1
"MAP2K5",0.0925941094677136,-1.22784162685202,0.04,0.071,1
"FAR1",0.092694992033699,-0.480506741344438,0.115,0.177,1
"TIPIN",0.0928526400030617,1.91534337817245,0.02,0.006,1
"WNK1",0.0929467088010873,0.220889960862708,0.263,0.279,1
"PELI1",0.0932397084645156,0.243485700103089,0.506,0.45,1
"SMARCE1",0.0934421558872919,0.287857717129322,0.245,0.242,1
"ZC3H8",0.0934696896623627,0.39129071193587,0.219,0.182,1
"NRROS",0.0935304983328118,-0.279314303255836,0.212,0.296,1
"NCOA7",0.0935877182805153,-0.86437334059897,0.045,0.083,1
"SRP19",0.093591105594056,0.29570428960804,0.324,0.291,1
"GLCCI1",0.0935914037565241,-0.452070099641071,0.116,0.179,1
"GATAD2A",0.093650749435653,0.283232414045439,0.26,0.231,1
"METTL2A",0.0936748527478758,-0.396207365262711,0.045,0.054,1
"PSMD4",0.0937459476036141,-0.153848614474775,0.149,0.154,1
"ENSG00000287092",0.0937592951777196,-0.706895526939256,0.082,0.088,1
"MTOR",0.0938344649871496,0.554215679904354,0.066,0.046,1
"RASA1",0.0938605426343366,0.612615874975077,0.149,0.131,1
"PDCD10",0.0939335953660903,0.316430341209946,0.253,0.219,1
"SCP2",0.0940712061583061,0.824934622012349,0.091,0.063,1
"C8orf76",0.0942195375186137,0.449744135835029,0.113,0.085,1
"AXIN1",0.0943663501577095,0.498598701728266,0.081,0.057,1
"ENSG00000234961",0.0944019663487075,-0.948494250708848,0.052,0.091,1
"AP5M1",0.0944034290238433,0.435277275210462,0.122,0.091,1
"ENSG00000260274",0.0945983869435921,-2.14926199028766,0.004,0.02,1
"DAAM1",0.094728564775586,0.745715665950598,0.086,0.077,1
"SDHAF2",0.0947958254013821,0.520067683993862,0.161,0.131,1
"ARID2",0.0951184809764351,0.300730282822455,0.358,0.342,1
"SLU7",0.0953194696611457,0.288041451413191,0.281,0.256,1
"PDE4A",0.09535345777695,-0.146599075040107,0.242,0.308,1
"CYTIP",0.0954217713507874,0.204138471551074,0.847,0.838,1
"LNCRNA-IUR",0.0954461236984183,-0.395790133450969,0.136,0.157,1
"YJU2",0.0954805191123441,0.47313820983577,0.178,0.148,1
"POP5",0.0955979779005924,-0.7797341855773,0.041,0.068,1
"NUBPL",0.0956385227769372,0.739235030248235,0.034,0.017,1
"EPC1",0.0956757538727876,0.208547515834187,0.634,0.604,1
"CLTB",0.0958594225831384,0.267153224376178,0.181,0.171,1
"C19orf53",0.0958720913437194,-0.331179555491322,0.322,0.407,1
"DNAJC27",0.096075651469694,0.749065168353848,0.122,0.1,1
"TRAPPC6A",0.0962363612221784,-0.514344368569331,0.088,0.142,1
"DDIT3",0.0963015263733279,0.250183910051399,0.436,0.43,1
"SP140L",0.0965615256708285,0.370236277895065,0.257,0.228,1
"WRAP73",0.0966897359190321,-0.793559053790295,0.028,0.057,1
"IGHV5-51",0.096717782339647,-1.11519911331724,0.048,0.077,1
"SLC7A6",0.0967206954940096,0.498128084562848,0.124,0.091,1
"RBFOX2",0.0967449046873812,-0.165887690708191,0.975,0.972,1
"ZNRF3",0.0967960974899266,1.47748230062847,0.017,0.003,1
"SLC4A1AP",0.0969623139887251,0.767182925711643,0.081,0.054,1
"IRF7",0.0970122913530243,-0.215790140009761,0.364,0.456,1
"ADAM28",0.0970255229792417,0.487785766508691,0.399,0.365,1
"PPP4R3A",0.0970345007803375,0.199370202608244,0.47,0.484,1
"CASP9",0.0970639410883198,0.189717588631416,0.222,0.256,1
"TERF2",0.0971718728663655,0.173611151059882,0.153,0.134,1
"UBA2",0.0972451440505813,0.16130597433016,0.29,0.299,1
"TRIM56",0.0972478275191999,0.80181960965648,0.093,0.063,1
"IKBIP",0.0972681090287236,-0.158386831059063,0.109,0.151,1
"TSPYL4",0.0974811895115259,-0.535752169138061,0.045,0.083,1
"ENSG00000288957",0.0974928340885391,-0.433939320774138,0.016,0.014,1
"ENSG00000250850",0.097526111797459,-0.742341130309388,0.057,0.091,1
"UNC119B",0.0978055157476986,-2.38642106361874,0.004,0.02,1
"NBDY",0.0980187731262856,-0.433236616521449,0.192,0.256,1
"EPS8",0.0983227481409797,-1.06643205872938,0.03,0.063,1
"MRPS18C",0.0983355488018549,0.294770156059797,0.199,0.197,1
"BMP6",0.0984244224253619,-1.51827137863764,0.01,0.031,1
"LRRC59",0.0984392805431919,0.383121258571975,0.228,0.202,1
"WARS2-AS1",0.0985347169355464,1.31224080153049,0.044,0.023,1
"ENSG00000237126",0.098604316928716,1.10786143193381,0.014,0.003,1
"PRORP",0.0986456657810752,0.650318194631675,0.059,0.04,1
"ANKRD50",0.0986560401517398,-1.32578505536612,0.014,0.037,1
"ZFAND2A",0.0986784392856837,0.327385746572124,0.238,0.236,1
"MAPK6",0.0987382328641729,-0.382204980965528,0.195,0.239,1
"ARL4A",0.0987494948131166,0.238996535305767,0.38,0.376,1
"SCAMP2",0.0987920933433936,0.290836153761131,0.211,0.197,1
"MMS19",0.0988378086241613,0.606883172278822,0.059,0.037,1
"LMBR1",0.0988800313044117,-0.528987072395836,0.144,0.208,1
"UBE3C",0.0989274958767597,-0.122541954310931,0.098,0.137,1
"TRIP10",0.0990064708072495,-0.707890407332528,0.074,0.123,1
"SS18L2",0.0991689863137962,0.303812807191583,0.364,0.336,1
"KLF9",0.0991805636697257,-0.168175114857966,0.13,0.177,1
"KRT10",0.0992421347644648,0.253189240904648,0.494,0.456,1
"NUP85",0.0993131258806522,0.794478617234458,0.05,0.028,1
"ABT1",0.099451764613993,0.102193133150698,0.238,0.214,1
"KCNJ14",0.0994836551640087,1.3831270479213,0.011,0.003,1
"VGLL4",0.0995131483794506,-1.15774487757395,0.025,0.043,1
"TMEM158",0.0995349403056742,-2.63441685044557,0.003,0.017,1
"ENSG00000229848",0.0995423460917625,-2.62216483765368,0.001,0.011,1
"POGK",0.0995633590736787,0.612653412369967,0.102,0.085,1
"NFYB",0.0997275327682787,0.934883509835793,0.068,0.043,1
"LACTB2-AS1",0.0997760359224045,2.07968531659026,0.016,0.003,1
"QRICH2",0.0997789032467495,1.73695722378046,0.016,0.006,1
"WDR46",0.0998407546952164,0.297267932523539,0.116,0.088,1
"ENSG00000291101",0.100015911600491,2.27898305744502,0.016,0.003,1
"NABP2",0.100028950699499,-1.50344013067118,0.007,0.026,1
"CYLD",0.100048481383539,0.189307419182284,0.53,0.507,1
"EIF2D",0.100076954296736,-0.745111031780798,0.072,0.117,1
"NSDHL",0.100093064442091,0.646341919577493,0.025,0.011,1
"STX5",0.100128061373201,0.22724643421079,0.506,0.499,1
"KDM7A",0.100130491465214,0.426227398564775,0.19,0.154,1
"LARS1",0.100248164960598,0.38912351226143,0.098,0.074,1
"ATG16L1",0.100308637388998,-0.498407890999764,0.068,0.117,1
"EIF4ENIF1",0.100369429273255,-0.727577578487087,0.031,0.066,1
"NAP1L4",0.100576435311887,-0.319409350040168,0.291,0.382,1
"DBT",0.10057786092281,2.00551572842062,0.025,0.011,1
"RRAS",0.100641173693547,-2.11497509810997,0.003,0.017,1
"KDM2A",0.100808835437439,0.26497302908164,0.352,0.348,1
"MYL12B",0.100975579110771,0.16884619200417,0.692,0.687,1
"ARHGDIA",0.101049431167999,0.191358548490161,0.62,0.621,1
"FAIM",0.101104685821085,1.30807763358806,0.024,0.009,1
"SCD",0.101154927981486,-2.38354500067381,0.001,0.014,1
"ANAPC13",0.101230257652843,0.73918848744071,0.085,0.063,1
"UTP6",0.101305079203186,-0.13769292644568,0.153,0.154,1
"FIGNL2",0.101371659387297,-3.26452628702822,0.001,0.011,1
"DSP",0.101541849089634,1.75212822542776,0.02,0.006,1
"QSOX1",0.101607184574753,-1.39596579094687,0.01,0.028,1
"TTLL5",0.101681238742954,-0.95005892987788,0.037,0.071,1
"H2AJ",0.101745218081822,-0.140950234690244,0.092,0.131,1
"CXCL2",0.101803559705758,-0.945510051680176,0.02,0.017,1
"TTC7A",0.101848734946274,-0.342361607725518,0.28,0.373,1
"ALOX12-AS1",0.102072707240368,-0.628282940004047,0.058,0.097,1
"FAM53B",0.102246998952663,-0.423703659752321,0.079,0.128,1
"SLC38A2-AS1",0.102441067623646,2.12880962293288,0.016,0.003,1
"STXBP3",0.102599008464281,-0.351457640268583,0.201,0.282,1
"BLM",0.102654717354151,1.50360010359121,0.028,0.011,1
"C2orf76",0.102666456580252,-1.26013685941623,0.023,0.051,1
"CD3D",0.102730724677371,2.15338059993832,0.014,0.003,1
"TADA2A",0.102808863278839,1.55938971579035,0.04,0.02,1
"CSRNP2",0.102939532756918,0.922422268641105,0.058,0.034,1
"IFI30",0.102985137493544,-0.255654231836834,0.366,0.462,1
"ZMIZ1",0.103037681701467,0.381723393637127,0.086,0.085,1
"OTUD6B",0.103100956284882,0.396899621389706,0.081,0.071,1
"ZXDB",0.103135068895483,0.329979246547828,0.065,0.043,1
"NOL10",0.10320193990415,0.548081224431548,0.164,0.137,1
"RALY-AS1",0.103279266794138,-2.34647229282982,0.003,0.014,1
"C9orf72",0.103299108379084,0.385457426034082,0.283,0.251,1
"PRPF3",0.103358607401802,0.556051110972541,0.153,0.123,1
"EXOSC2",0.103464607250462,0.640917404699864,0.065,0.04,1
"RPS4X",0.103519724773657,0.135215980116502,0.993,0.986,1
"PXK",0.103537146743155,-0.354199412437471,0.212,0.242,1
"IGLV1-47",0.103675501827518,-0.394224184433962,0.03,0.028,1
"HSPA13",0.103817895854428,0.460202042510272,0.173,0.14,1
"GMPR2",0.103825547509518,-0.744471135684792,0.034,0.066,1
"SCAND1",0.103884630252325,-0.291534397920165,0.341,0.407,1
"SEM1",0.103896791043418,0.237881301358013,0.266,0.291,1
"SGK1",0.103897243267794,0.442651375490327,0.205,0.165,1
"NDUFA7",0.104278951869844,-0.560196494474371,0.098,0.154,1
"TGFB1",0.104336915073701,-0.269114217237093,0.782,0.835,1
"LINC02211",0.10434264783865,-1.25406069896896,0.01,0.031,1
"HLA-F",0.104535024844318,-0.212132004857356,0.511,0.584,1
"EIF4EBP2",0.104570861733522,-0.319899748223966,0.095,0.105,1
"ZNF300",0.104737609944685,2.03859290083558,0.014,0.003,1
"PARN",0.104797722525678,-0.694721704503692,0.058,0.103,1
"CDK11A",0.104868308441273,0.358819688256549,0.226,0.194,1
"SAMD8",0.104951838511044,-0.275043708622555,0.25,0.305,1
"SYPL1",0.104969971522759,-0.184535422074875,0.46,0.521,1
"ABL2",0.105023719186951,0.347978655754618,0.062,0.046,1
"PPIH",0.105025094256786,0.484318206214585,0.096,0.085,1
"HBP1",0.105084486379837,0.258479103701736,0.519,0.484,1
"CDK7",0.105117795023983,0.262619334775972,0.113,0.085,1
"NUDT1",0.105258497635086,-0.745033165825816,0.055,0.097,1
"IL23A",0.105268605249989,0.958639749564651,0.064,0.037,1
"CCNE2",0.105480984097313,-1.35102025129277,0.006,0.02,1
"NEPRO",0.105679347404584,0.32596161024078,0.18,0.151,1
"ELK3",0.105899107418451,0.595936091276529,0.144,0.117,1
"ASH1L-AS1",0.105970152928432,-0.895526744957272,0.02,0.046,1
"GGCX",0.106043163282682,-0.189804130453135,0.059,0.097,1
"CCNT2",0.106140351291369,0.226264190508925,0.259,0.276,1
"HDAC2",0.106148515908211,0.344399377378482,0.215,0.185,1
"EIF3M",0.106172058360634,-0.18155988442485,0.417,0.447,1
"SRRM2",0.106557727766872,0.125567418878486,0.744,0.726,1
"INAFM1",0.106591445169356,-0.72913754087128,0.024,0.051,1
"ZDHHC9",0.106663783294047,-2.67618207013974,0.006,0.023,1
"LETM2",0.106710157662644,0.164613338443578,0.048,0.037,1
"TMEM179B",0.106783691672937,-0.359215017268745,0.129,0.145,1
"ARSK",0.107243461184433,1.54475170727575,0.027,0.011,1
"IFT140",0.107409611186101,-1.7365593344675,0.004,0.017,1
"UBE2N",0.107505920653872,0.233453063508419,0.504,0.484,1
"MAD1L1",0.107668955026709,-0.384491904049621,0.284,0.379,1
"ROCK1",0.107696140278901,0.160055545180548,0.414,0.419,1
"NSD1",0.107740081695795,0.226221805374172,0.181,0.154,1
"TIGD2",0.107796314289751,-2.08575467229001,0.003,0.017,1
"SAT1",0.10793580481354,-0.320013852192015,0.799,0.852,1
"STT3B",0.107949731349846,-0.288938977643636,0.257,0.333,1
"CMPK1",0.107997347249628,-0.465112562774508,0.212,0.276,1
"LRCH4",0.108019138702345,-0.476508205867425,0.072,0.111,1
"SLFN5",0.10805149988626,-0.831795689855176,0.041,0.068,1
"IGKV1-5",0.108207486887162,-0.900048948973972,0.054,0.091,1
"ENSG00000232611",0.108210203217262,-1.73434085376396,0.004,0.017,1
"MTO1",0.108251561846381,0.410567096584632,0.089,0.094,1
"TAP1",0.108303155579524,-0.351255053832473,0.468,0.567,1
"HTR3A",0.108463812454524,1.23907158687733,0.018,0.006,1
"GINM1",0.108731024694013,0.33767177354389,0.218,0.214,1
"LMAN2L",0.108774713478449,1.87647321985839,0.014,0.003,1
"CORO1A",0.108841053574019,-0.252850788460397,0.543,0.644,1
"FNBP4",0.109200729927041,0.22679568785857,0.438,0.439,1
"ARHGDIB",0.109215129333099,-0.12158857037859,0.694,0.715,1
"RPL27A",0.109249803884601,-0.103197160929216,0.969,0.986,1
"PSMG4",0.109357826620952,0.788603624345536,0.034,0.017,1
"ZSCAN29",0.10943197684528,1.22427858432811,0.027,0.011,1
"TBC1D10C",0.109457743158234,-0.195495744273823,0.308,0.39,1
"NDUFA2",0.109671399693583,-0.396414331267029,0.249,0.319,1
"MYL6",0.109770176240642,0.162769158990451,0.83,0.829,1
"HLA-L",0.109862752888948,0.174173691138572,0.136,0.148,1
"DNAJC6",0.109948128262434,-1.150661278699,0.006,0.02,1
"MIGA1",0.110094828024591,0.687165710289163,0.098,0.085,1
"CHIC2",0.110115972770174,0.177613106044275,0.354,0.368,1
"CREBRF",0.110124276369242,0.415518982579558,0.409,0.365,1
"PLEKHJ1",0.110128967689504,-0.298900864668741,0.099,0.154,1
"PEAK1",0.110224048360088,-0.210135284832569,0.229,0.308,1
"MED11",0.110242315100427,-1.19302241952184,0.027,0.051,1
"PDLIM7",0.110512811059833,-1.2214643556021,0.024,0.048,1
"DNAJC8",0.110533839664306,0.202119963147643,0.4,0.41,1
"BORCS6",0.110652170477969,0.459201747811896,0.109,0.083,1
"PILRA",0.110779990787879,0.882158785739802,0.018,0.006,1
"EVI2B",0.110827713837594,-0.321908784792917,0.289,0.376,1
"SAP30",0.110855772927754,-0.793364508969809,0.048,0.08,1
"ATP5MG",0.110885224268554,-0.169380630923397,0.762,0.806,1
"FLYWCH2",0.110974792304603,-0.901219460433612,0.016,0.037,1
"HACE1",0.110987313608424,-1.22553780729158,0.008,0.026,1
"LINC00623",0.111133700067136,-0.501784210440013,0.078,0.12,1
"RASD1",0.111246438516594,-2.31055388000119,0.003,0.014,1
"GYPC",0.111492034596612,-0.330789406454231,0.264,0.319,1
"OSBPL8",0.111493510403733,0.209570463630546,0.543,0.516,1
"TMEM120A",0.11158978337671,-0.722572284815058,0.092,0.145,1
"ACTR2",0.111611523218407,0.195300683005968,0.496,0.479,1
"CCDC77",0.111646039220359,0.863615046383136,0.054,0.028,1
"ITPKC",0.111658956542068,1.04053754188992,0.057,0.034,1
"CCDC137",0.11183267419364,0.233135117065743,0.122,0.103,1
"RTN4R",0.111855527618047,-2.27013619999087,0.001,0.011,1
"POLR2J2",0.112051251709356,-1.69454087829684,0.011,0.031,1
"FUOM",0.112195905915195,-0.759909795059555,0.05,0.088,1
"PDE6B",0.112253756953127,1.68082284201917,0.023,0.009,1
"FAM168B",0.112375762422945,0.357787977193208,0.144,0.114,1
"ZEB1",0.112393006809568,0.224131243058229,0.648,0.632,1
"MUS81",0.112494424858128,-0.684124013718864,0.024,0.048,1
"ARFGAP2",0.112495001766626,0.184508386143056,0.195,0.174,1
"TAPT1",0.112710754939987,0.40874237644802,0.296,0.259,1
"OXR1",0.112762096188393,-0.436373018256705,0.095,0.134,1
"SUN1",0.112796935021643,-0.592313267223151,0.076,0.125,1
"CCNL2",0.112813946561341,0.361243335657386,0.246,0.214,1
"HAUS4",0.112939487196179,-0.787230254751285,0.027,0.057,1
"SPTLC1",0.113011432182072,0.452367972505439,0.14,0.111,1
"TCL6",0.113294786782813,0.376778563666607,0.069,0.046,1
"H1-3",0.113349758702311,-0.291177166980705,0.093,0.142,1
"EIPR1",0.113388489966581,0.643281568887966,0.052,0.031,1
"AHI1-DT",0.113588844501629,2.53504710371233,0.014,0.003,1
"ARHGEF40",0.113723504127051,1.14424176795801,0.013,0.003,1
"PLIN3",0.113762723389448,0.889594665946554,0.081,0.054,1
"ELAC2",0.113949969225285,0.908530021504341,0.082,0.06,1
"NDUFB1",0.113977804087506,-0.145145785391941,0.153,0.211,1
"SYT11",0.114003731764509,0.483347848608878,0.055,0.037,1
"AAAS",0.114159936668857,1.27244894566259,0.034,0.014,1
"RFK",0.114163886254034,-0.671761650980568,0.082,0.134,1
"LDLRAP1",0.114166112715944,-1.81446119267766,0.001,0.011,1
"NT5C2",0.114193145425017,0.321423594949841,0.259,0.225,1
"ENSG00000266378",0.114202192436252,-1.91445595032625,0.006,0.023,1
"SRSF10",0.114324219070412,0.164366402815137,0.717,0.692,1
"MAK16",0.114455670342114,0.354409638349627,0.068,0.048,1
"GCFC2",0.114501124026794,0.419963303190157,0.066,0.046,1
"TBC1D5",0.114604228051709,-0.366542226379825,0.216,0.262,1
"NCR3",0.114656323212774,-0.642780299433678,0.064,0.103,1
"GLS",0.114773288309351,-0.144599885393351,0.441,0.538,1
"TMED2",0.114854840526151,0.332801577397332,0.225,0.191,1
"ORAI2",0.114918089245242,0.172776854844341,0.426,0.39,1
"RHOF",0.114930090596645,-0.284273244696588,0.341,0.416,1
"KIF9",0.115083349839536,0.322450530912159,0.045,0.028,1
"PES1",0.115144455784349,0.399267843027969,0.133,0.105,1
"EPB41L2",0.115388342485338,0.116334488162533,0.165,0.145,1
"GZF1",0.115463693228606,0.518426603212031,0.076,0.051,1
"C14orf93",0.115631874761033,-1.55373558638189,0.008,0.026,1
"MIR181A1HG",0.115824986242121,-0.557894304287975,0.071,0.114,1
"ZNF296",0.115949320723744,0.354413308991536,0.168,0.165,1
"LYPLAL1",0.116033975224272,-0.288556245449268,0.041,0.06,1
"PNPO",0.116286678470491,-1.48069928733625,0.004,0.017,1
"CEP350",0.116482234032047,0.180496111325587,0.313,0.308,1
"ZNF326",0.11653339405968,0.407074622000998,0.307,0.282,1
"ENSG00000234261",0.116789100533255,1.55844408788642,0.011,0.003,1
"ZNF710",0.116819436387756,-0.900914697294926,0.021,0.048,1
"WRN",0.116908442804158,0.669189098493022,0.103,0.088,1
"HSD17B10",0.117131785459696,0.403699809398102,0.1,0.074,1
"COPS9",0.117144182084927,0.108980727035649,0.214,0.197,1
"IDUA",0.117491641229891,-1.14868752083333,0.016,0.028,1
"ENSG00000273272",0.117554981562218,-1.28556386871866,0.014,0.037,1
"ETV3",0.117651347613529,-0.421026062121341,0.17,0.239,1
"DNAH1",0.117701494701947,0.722749404346252,0.024,0.009,1
"TFDP1",0.117715522306585,0.565458227298561,0.072,0.051,1
"TRIM8-DT",0.117742809997841,3.09030961896023,0.016,0.003,1
"MLXIP",0.117801001217709,-0.248068559599851,0.099,0.1,1
"STK38L",0.117803260047362,0.105638548254398,0.106,0.094,1
"CLN3",0.117947300814807,0.913182571258989,0.062,0.037,1
"SLC14A1",0.118021163884234,-1.97553625998375,0.003,0.014,1
"NDUFAF1",0.118150011811405,1.61022073019668,0.018,0.006,1
"SDHAF3",0.11820920097004,0.269286359278282,0.021,0.009,1
"MTURN",0.118338198151265,-1.01103740328807,0.028,0.06,1
"INTS5",0.118355935660954,0.666906527702487,0.048,0.028,1
"CCDC154",0.118434522014645,-1.9705458024919,0.007,0.023,1
"CHD1",0.118442400837657,0.160308133980743,0.641,0.644,1
"DDX46",0.118579083994518,0.389192678759971,0.264,0.236,1
"GSKIP",0.118626178497018,0.449165241206827,0.127,0.097,1
"QSOX2",0.118652893576049,0.305172564217972,0.146,0.117,1
"TMEM71",0.118740438431903,1.30918766263995,0.033,0.014,1
"DTD2",0.118904889287609,-1.18562065768194,0.008,0.026,1
"ANAPC5",0.119108594314472,-0.286053099249858,0.184,0.248,1
"MCOLN2",0.119133022258966,-1.15363126514766,0.025,0.054,1
"ZIK1",0.119136272099566,1.91766817614608,0.014,0.003,1
"IGKV1-8",0.11921336758928,-0.112709741060776,0.018,0.034,1
"FANCM",0.119220334252162,1.11636258843213,0.041,0.023,1
"KLHDC7B",0.119269083741574,-1.90545575560151,0.006,0.023,1
"ZFP90",0.119288302950079,-0.417828953596906,0.04,0.034,1
"USP1",0.119362844960602,0.440728478898479,0.209,0.185,1
"MXD4",0.119384474369656,-0.2391276617754,0.228,0.299,1
"JOSD2",0.119481721446908,-1.72862212475157,0.014,0.037,1
"LMBRD1",0.119742445508951,0.186258354165408,0.591,0.561,1
"PRDX6",0.11982632230596,0.333450050571495,0.301,0.274,1
"TMEM94",0.119918781068738,-0.809443791279716,0.013,0.031,1
"CLEC17A",0.119944569072352,0.216378481576308,0.327,0.336,1
"GOLGA8A",0.120117597546778,-0.815334112926033,0.057,0.083,1
"MXI1",0.120320917045559,0.40415163115184,0.286,0.245,1
"SEC61B",0.120430127333139,-0.252085618298759,0.659,0.715,1
"APRT",0.1206033483662,-0.203045587882706,0.318,0.402,1
"ENSG00000291060",0.120641117157038,-0.428778108282898,0.143,0.194,1
"SEPTIN7",0.120669542110253,0.206138533660334,0.577,0.553,1
"TUBGCP3",0.120697536188476,-0.697389971715108,0.038,0.071,1
"METTL4",0.120715140279884,0.810652459778718,0.05,0.031,1
"ACADSB",0.12081651651263,1.48982658980328,0.038,0.017,1
"ENSG00000289620",0.120847867718937,-1.75578759215384,0.007,0.026,1
"LSM3",0.120986562559087,0.493621591503677,0.18,0.151,1
"WDR7",0.121158256574333,0.237194052941572,0.05,0.037,1
"SLC5A3",0.121261055928944,-0.883122369372005,0.033,0.066,1
"BLOC1S6",0.121273517648935,0.328177442636165,0.256,0.231,1
"SNRPA",0.121587981738507,-0.517159736599815,0.139,0.185,1
"PDLIM2",0.121730250938128,0.213627918715839,0.074,0.06,1
"CCND3",0.121743999822764,-0.125809216323497,0.174,0.228,1
"SPART",0.121760895272916,0.835686488576804,0.089,0.06,1
"FUBP1",0.121922601007175,0.289573873030301,0.376,0.348,1
"NECAB3",0.121962750659548,-1.97179255274753,0.001,0.011,1
"MT-CO3",0.121964096780154,0.114447892809956,0.993,1,1
"SH2D3C",0.122050576320559,-0.420656694589039,0.061,0.06,1
"IMMP2L",0.122122704494937,-0.338184280809355,0.141,0.174,1
"BUD31",0.122187498161403,0.150429280129929,0.495,0.493,1
"EMB",0.122249437295478,0.199870637523812,0.192,0.168,1
"NCOA1",0.122256789279996,0.120189098708542,0.187,0.219,1
"ENSG00000272182",0.122273552431059,-2.25700463990098,0.003,0.014,1
"RAD1",0.122338106496149,0.581299868574243,0.088,0.068,1
"POLR1H",0.12238435380334,0.20822809787523,0.413,0.379,1
"RPL36AL",0.122423908348669,-0.12982082878788,0.87,0.915,1
"NDUFS4",0.122457465709859,0.320043979643244,0.124,0.094,1
"WASHC5",0.122540598737544,0.476738744784335,0.093,0.068,1
"TOR1AIP1",0.122669179005284,-0.454467648163654,0.16,0.231,1
"SLC25A37",0.122687744324741,-0.770831615783379,0.098,0.14,1
"DNAJC30",0.122691256653783,0.847360753203322,0.035,0.017,1
"XPO1",0.122708966545244,-0.397726512257915,0.15,0.217,1
"ATP5PO",0.1227278172313,-0.224113964471651,0.378,0.467,1
"HEXA",0.122790493295114,-0.423835299750952,0.167,0.234,1
"ZNF263",0.122880050598085,0.649145552081045,0.095,0.068,1
"GAB2",0.122929646439009,-0.178488026725182,0.168,0.179,1
"IGHV2-5",0.12293774035459,1.10083257875386,0.025,0.026,1
"SCLT1",0.12312496825068,0.154868327419427,0.238,0.256,1
"JMJD6",0.123277460558524,0.355110989296453,0.239,0.199,1
"CBFA2T3",0.123387521648918,-0.585793084782291,0.076,0.128,1
"HMGA1",0.123420347405595,-0.187466473471664,0.47,0.567,1
"RBBP6",0.123448557626576,-0.180963436984625,0.39,0.479,1
"C1orf52",0.123471101497419,0.218609823989681,0.304,0.282,1
"RNASEH1",0.123545620804965,0.586198726133004,0.106,0.083,1
"ABR",0.123613690690556,-0.402516607313303,0.178,0.254,1
"SREK1IP1",0.123675507357072,0.510795886618032,0.153,0.123,1
"HLA-DQA1",0.123864194640576,0.113232224351041,0.973,0.977,1
"FAM111B",0.12386912665678,0.880267838160797,0.045,0.031,1
"RBM44",0.123967911471233,-2.13083881659007,0.003,0.014,1
"CD99",0.123969035392679,-0.350970517138649,0.214,0.299,1
"TARDBP",0.123973744600218,0.19530025491164,0.291,0.308,1
"HDAC8",0.12400305393224,0.204600021351818,0.066,0.051,1
"MRPL57",0.124219735428949,-0.326753480246675,0.141,0.177,1
"DSE",0.124257633715,0.416717784471341,0.163,0.131,1
"CEP164",0.124481410284182,-0.850949969642687,0.027,0.057,1
"DYRK2",0.124803340203143,-0.556313587943113,0.038,0.068,1
"ENSG00000259375",0.124923320926985,-1.17633716113392,0.007,0.023,1
"ZNF460",0.125046130297089,0.366323897510241,0.143,0.111,1
"TRMT61A",0.125060057139164,0.988407039039616,0.048,0.028,1
"SLC35E3",0.12508395467069,1.3575579978413,0.024,0.011,1
"MRPL22",0.125127928699946,0.239547326727293,0.181,0.174,1
"OTUB1",0.125236494264828,-0.24992596966023,0.354,0.447,1
"MEF2A",0.125273454513307,0.24829606795159,0.492,0.481,1
"MRPL45P2",0.12534256488311,0.873905208242407,0.035,0.02,1
"USP42",0.125390332193602,0.599102815954327,0.141,0.111,1
"TRIM5",0.125401360578885,-0.27634346205399,0.045,0.046,1
"ARSA",0.125499223664716,-1.0679916903899,0.03,0.06,1
"ENSG00000280800",0.125526291807899,-0.484277638886756,0.014,0.031,1
"PPA1",0.125635213161485,-0.431657462898698,0.156,0.202,1
"TAP2",0.125711023597057,-0.312767735488798,0.214,0.285,1
"NFYC-AS1",0.125907922736023,2.34977853572731,0.018,0.006,1
"IVD",0.12604384198048,-1.70825148720342,0.008,0.028,1
"KCTD5",0.126045926459921,0.620324070481217,0.081,0.057,1
"CD200",0.126107974242941,-0.592982575529433,0.075,0.123,1
"SREK1",0.126180207580943,0.270350192217492,0.342,0.319,1
"METAP2",0.126389465553234,0.274372601074866,0.272,0.245,1
"RBM10",0.126423759375312,0.538089559932907,0.112,0.091,1
"CALCB",0.126504927654919,1.18426391561015,0.013,0.003,1
"BMERB1",0.126513741959096,-0.931861330730305,0.018,0.043,1
"NR1D2",0.126615767591538,0.280297229383495,0.252,0.245,1
"SPOCK2",0.126644149170428,-0.15853012799773,0.414,0.43,1
"TCF4",0.126715580264743,0.115894000367225,0.658,0.689,1
"PRKAG1",0.126885197591033,0.808354778186692,0.076,0.054,1
"CFLAR-AS1",0.126918490437927,1.86920374144124,0.013,0.003,1
"NOP10",0.127200092605451,0.274297205646542,0.528,0.544,1
"CHD7",0.127274992765329,0.347110074815064,0.239,0.234,1
"B3GALNT2",0.127314191063231,-0.97688150334162,0.04,0.077,1
"LRRCC1",0.127372926974991,-1.1521279741125,0.006,0.017,1
"ENSG00000290047",0.127533421512077,1.54143840090427,0.014,0.003,1
"CTDNEP1",0.127614518297743,0.20753764400862,0.347,0.316,1
"ENSG00000276216",0.127668837250126,-0.876562919327191,0.027,0.054,1
"PTPN23",0.127722651095969,-0.959733176326517,0.038,0.068,1
"ZBTB7A",0.127729855932471,0.201277924687629,0.276,0.299,1
"PSMD8",0.12773543196865,0.211788692301679,0.385,0.368,1
"PSMD14",0.127736571684113,0.438889865865021,0.185,0.154,1
"MSH2",0.127911697821929,-1.25995312632576,0.017,0.04,1
"RASGRP3",0.128028673668363,-0.281238240589519,0.194,0.265,1
"PTPRK",0.128050455250979,-0.786274612321761,0.058,0.091,1
"TNFSF8",0.128112349421573,-1.89805794609595,0.008,0.026,1
"RFC2",0.128182995100128,0.566737950539392,0.144,0.12,1
"B3GAT3",0.12826795368958,-0.69691774160745,0.082,0.123,1
"TMCO1",0.128268297395763,0.567600484066872,0.12,0.1,1
"AP1S3",0.128349957242748,0.31791417461924,0.279,0.251,1
"MYADM",0.128491151024375,0.190631803500467,0.81,0.806,1
"PPP3CC",0.12857110286011,-0.222899355170966,0.297,0.325,1
"CGAS",0.128615307255698,0.701872997231852,0.106,0.08,1
"SMIM19",0.128616679675707,0.743097187812153,0.106,0.085,1
"ENSG00000257322",0.128688554324195,-0.153415762576462,0.675,0.755,1
"NIPAL4",0.128767375688156,-0.358354436886333,0.047,0.074,1
"CHERP",0.128819721980941,0.130625125805928,0.151,0.174,1
"HAUS3",0.1288687449329,0.440006444914715,0.115,0.085,1
"PTP4A3",0.129062467654565,-0.817094688080424,0.027,0.051,1
"NPIPA1",0.129168596419372,-1.34644168815795,0.014,0.034,1
"LINC00685",0.129247105834005,-2.47867433227474,0.003,0.014,1
"WDR41",0.12945665445275,-0.778433346462292,0.038,0.071,1
"ALOX5",0.129466219373772,-0.309535949314733,0.243,0.328,1
"GCC1",0.129512577861158,0.908423659014661,0.061,0.04,1
"CDC42SE1",0.129572597631372,0.25348722731876,0.504,0.487,1
"EEA1",0.129679947056855,0.529969865369209,0.171,0.145,1
"STAG2",0.129820279230467,0.194241236223644,0.448,0.442,1
"LPCAT1",0.129864450791916,-0.673026640817133,0.1,0.148,1
"TANGO6",0.130103069494135,-0.134490182113913,0.038,0.031,1
"RFX7",0.130223106606333,0.378630164373648,0.175,0.165,1
"CMSS1",0.130270322657087,0.243203309238795,0.587,0.57,1
"CNOT2",0.130333792475881,-0.212217988875554,0.413,0.453,1
"PITPNB",0.130622659439973,0.244913628827097,0.419,0.393,1
"YIPF5",0.130789673992552,0.547088497460758,0.11,0.083,1
"FXYD7",0.130813504551914,1.12991818406804,0.027,0.011,1
"ADGRG5",0.130923944489779,-1.10939394706441,0.014,0.037,1
"HERPUD2",0.13100231602125,0.12075485959061,0.287,0.316,1
"MED19",0.131041318075482,0.165558576018056,0.201,0.171,1
"POLR2L",0.131217577875635,0.174117392377062,0.437,0.442,1
"TM2D3",0.13127425246426,0.248093432639424,0.154,0.157,1
"RCSD1",0.131297211845227,0.238547823338961,0.382,0.379,1
"SPRTN",0.13141706377387,0.643110609012971,0.098,0.068,1
"RPRD2",0.131479764497123,0.295529229607905,0.144,0.148,1
"FOXO4",0.131516842119563,-0.885269896899739,0.014,0.034,1
"IGKC",0.132106429597883,-0.308468881783026,0.301,0.368,1
"GTF3C4",0.132440928985758,0.466854488800557,0.168,0.154,1
"PIP4K2A",0.132688762594724,-0.516772977808681,0.116,0.171,1
"PTTG1IP",0.132705455637759,0.458076295411115,0.061,0.046,1
"TAX1BP1",0.13273352766304,0.205379053805485,0.488,0.47,1
"ENSG00000291015",0.132837145984534,-0.582239407375149,0.059,0.1,1
"KBTBD6",0.132932945360322,1.26294373681244,0.023,0.011,1
"CDKN2B-AS1",0.13303275827184,0.886083097587449,0.023,0.009,1
"NUDT15",0.133128742271606,0.669645805659449,0.095,0.063,1
"UTP4",0.13321860711398,0.422193826381445,0.124,0.103,1
"ACTG1",0.133261340773314,-0.192569693053636,0.608,0.707,1
"SP140",0.133274942557717,-0.355122160991532,0.352,0.413,1
"ENSG00000290548",0.133429168400902,-0.471878298292974,0.037,0.066,1
"ZNF227",0.133445460822211,0.461201519586466,0.075,0.051,1
"CSNK2A2",0.13373801363194,0.486603914445455,0.116,0.091,1
"ACOT13",0.133863157632693,1.63987133765174,0.017,0.006,1
"C1QBP",0.133944877086848,-0.257270149503627,0.246,0.325,1
"GMCL1",0.134036559553206,-0.573146431546727,0.072,0.117,1
"RNASEH2C",0.134040293726913,-0.491529195169939,0.123,0.168,1
"PABPC4",0.13433508117987,0.305862762333207,0.204,0.217,1
"PGLS-DT",0.134396345450386,1.96018773828407,0.017,0.006,1
"ITGAE",0.134552346503048,0.613784496709445,0.153,0.125,1
"NAIF1",0.13462288035543,-1.39383791127543,0.006,0.02,1
"HDAC10",0.134637364938527,0.748806617123016,0.078,0.057,1
"RIOK3",0.134918500600534,0.254280315136845,0.354,0.319,1
"DYNLL1",0.13503962491724,0.200456402010617,0.521,0.487,1
"SERGEF",0.13507394912328,0.277621275064604,0.023,0.011,1
"HTD2",0.13531422330097,1.06243409750938,0.031,0.014,1
"FAM53C",0.135340357612387,0.315078948896195,0.223,0.211,1
"SCYL2",0.135440080295761,0.515635777397089,0.168,0.14,1
"CD46",0.135453657631245,0.499578493575883,0.208,0.174,1
"ST6GALNAC2",0.135540949281677,-1.44458928884921,0.008,0.026,1
"SNRPA1",0.135628141317446,0.138410760661463,0.38,0.396,1
"BIRC3",0.135704155015385,-0.251558697846289,0.757,0.826,1
"CRIP2",0.135718876651245,0.600066449233436,0.059,0.043,1
"ENSG00000290928",0.135870978875399,-0.376124864515907,0.134,0.174,1
"KNL1",0.135909646592792,0.712750320430202,0.052,0.034,1
"SOCS4",0.136055088057237,0.607180393699091,0.149,0.125,1
"POMC",0.136057885829687,-0.922856476018875,0.033,0.051,1
"YJU2B",0.136132219641577,-0.389508782175476,0.083,0.108,1
"ARID4A",0.136136543689328,0.249857081518272,0.321,0.305,1
"IGHD",0.136344167488245,-0.150028603205459,0.375,0.396,1
"VPS8",0.136346443419109,-0.457580939032826,0.065,0.105,1
"ZDHHC7",0.136533830938752,0.904842215945181,0.042,0.023,1
"ZNF667",0.136636718853155,1.54606262252782,0.03,0.011,1
"MSH5",0.136652116719135,2.07258228438348,0.024,0.009,1
"MSANTD4",0.136940074724179,0.996803150649713,0.023,0.009,1
"TLE5",0.136962456962411,0.111457703409961,0.668,0.692,1
"SCPEP1",0.136967936809026,-0.405960606062434,0.105,0.157,1
"MAN2B2",0.137068504014555,1.07670127988262,0.048,0.028,1
"IGFLR1",0.137129807298508,-0.448107371330078,0.157,0.219,1
"SHISAL2A",0.137230250752575,0.32136726795933,0.279,0.285,1
"TARBP2",0.137232670846179,-0.674601759310755,0.031,0.057,1
"PTCH2",0.137741274853871,0.819697196584884,0.033,0.02,1
"ZNF248",0.137815214999886,1.76660612615444,0.011,0.003,1
"ROCK2",0.137864206283472,0.156873245304226,0.075,0.057,1
"EMD",0.137900181581335,0.118166485987866,0.573,0.553,1
"ITFG2-AS1",0.138052812837319,-1.15740467361416,0.01,0.028,1
"NBPF8",0.138205997186922,-0.657736856872816,0.041,0.077,1
"ENSG00000258982",0.13836000290218,-2.07408927950301,0.004,0.017,1
"MAD2L1-DT",0.138548315343944,1.29517030259441,0.011,0.003,1
"DPF2",0.138555281699714,0.187428061472327,0.156,0.174,1
"INTS4",0.138595898763428,0.246964515173586,0.112,0.091,1
"ADAM17",0.138618382041897,0.451825933113505,0.242,0.208,1
"ENSG00000257496",0.138685641280252,0.341660220873754,0.014,0.023,1
"INSIG1-DT",0.1387169639645,-1.91330383749089,0.006,0.023,1
"YIF1A",0.13875483939402,0.557610399162073,0.126,0.097,1
"RECQL5",0.138788300624721,-1.3548125757801,0.014,0.031,1
"YBEY",0.139131363658055,-0.885242758593128,0.041,0.08,1
"NOC2L",0.139569786376298,0.494848278109972,0.158,0.142,1
"BTBD9",0.139645103299993,0.172976492405311,0.338,0.313,1
"IL6",0.139669567437155,-0.488644847613704,0.132,0.148,1
"GNB2",0.139764316151281,0.132708540823756,0.44,0.447,1
"PIGM",0.140034773858152,-1.41272898351683,0.003,0.014,1
"LDAF1",0.140038448097791,-0.341602541501689,0.047,0.074,1
"WDR70",0.140110517801339,-0.665122491582109,0.103,0.157,1
"AP1G2",0.140148346242692,-0.326992892381736,0.129,0.182,1
"ARHGEF5",0.140177940269806,1.5270682515149,0.02,0.006,1
"FUT11",0.140206049044743,-0.648807481116166,0.03,0.057,1
"TTC9C",0.140243599832375,0.756950062533847,0.089,0.063,1
"AGO4",0.140251024731215,0.809480291877321,0.061,0.037,1
"TTF1",0.140350360986222,0.488605755211986,0.188,0.154,1
"CDK10",0.140709605282347,0.622516437018261,0.092,0.063,1
"CEP290",0.140737296422571,0.630492332931285,0.095,0.083,1
"WDR75",0.140741118998926,0.421113560720741,0.239,0.202,1
"FANCB",0.140984489176676,-0.794310035605065,0.011,0.031,1
"HELB",0.141071003802243,-0.73917438366923,0.088,0.137,1
"THAP11",0.141232344815139,0.11020411531912,0.059,0.046,1
"DYRK3",0.141368038180537,-1.03888794615818,0.018,0.043,1
"DYM",0.141573099860282,-0.389698048021579,0.194,0.271,1
"FRMD4A",0.141607252537833,1.48422897800003,0.018,0.006,1
"RB1CC1",0.141671852697101,0.219607267265344,0.379,0.35,1
"TNFSF9",0.141700058610906,-0.470563962716961,0.099,0.151,1
"SIK2",0.141915339825611,-0.263304963954042,0.24,0.265,1
"ANKMY1",0.14195837512443,0.42369556571518,0.059,0.04,1
"COMMD3",0.142030147838836,-0.560393066543352,0.069,0.08,1
"SLC20A1-DT",0.142074982344002,-2.1180129841795,0.003,0.011,1
"SBDSP1",0.142159834828552,0.271267514627821,0.235,0.217,1
"PRMT7",0.142209272235953,0.849191022921342,0.03,0.014,1
"ACADM",0.142378829829702,0.567132775700729,0.088,0.068,1
"DYRK1B",0.142407317532574,0.640534819109969,0.14,0.105,1
"NDUFA11",0.142556512269682,-0.412064041413333,0.294,0.373,1
"ZSCAN5A",0.142574883229245,1.53499387580421,0.018,0.006,1
"COPG1",0.142637145851314,0.961535637558613,0.062,0.04,1
"ECD",0.142774039122634,0.413816857837967,0.243,0.219,1
"BRD2",0.143096913080499,0.179073846742515,0.7,0.684,1
"PTBP2",0.143105441539662,-0.199263435166035,0.242,0.316,1
"TOMM5",0.143201105467444,0.351006734912136,0.291,0.259,1
"NAA38",0.143327077491973,-0.522717976929545,0.151,0.214,1
"PRPF38A",0.143358534532203,0.29429353294229,0.202,0.179,1
"CAND1",0.143363299455373,0.442823733847165,0.243,0.205,1
"CDKAL1",0.143483423265402,0.473705178661149,0.192,0.174,1
"PARP15",0.14355041471968,-0.374870021873907,0.303,0.376,1
"ZNF83",0.143633230465609,-0.116185889141254,0.059,0.083,1
"CCDC93",0.143722966677845,0.172735813399617,0.338,0.362,1
"PREPL",0.143754246830296,-0.355197018865035,0.075,0.111,1
"COMMD2",0.143777904544353,0.135421168857814,0.102,0.088,1
"WDFY2",0.143815079914103,-0.204005554365096,0.286,0.376,1
"SLC4A5",0.14384004863276,-2.68696784215143,0.003,0.011,1
"MED24",0.143846488882358,-0.731707519154695,0.044,0.08,1
"SIRT7",0.143880299142125,0.453510297655195,0.133,0.105,1
"ATP5MC3",0.143935887960511,-0.283168746350208,0.344,0.419,1
"MAP3K2-DT",0.143949068817413,1.93222524226118,0.027,0.011,1
"BRMS1",0.143999172680215,0.266683517558333,0.132,0.114,1
"HERC5",0.144083785200055,-0.873497487042201,0.05,0.071,1
"ENSG00000257086",0.144094876852154,2.58369626436062,0.011,0.003,1
"PKM",0.144146957456704,-0.364669258291747,0.218,0.299,1
"KLHL28",0.144159243998315,0.489935200461715,0.204,0.174,1
"CHCHD5",0.144236952847764,-0.304579196293651,0.058,0.083,1
"SDE2",0.144288514263205,0.26791257451276,0.434,0.402,1
"BCL2A1",0.144303220580358,-0.114596890576396,0.482,0.584,1
"BROX",0.144408298248494,0.532657309723939,0.091,0.066,1
"YEATS4",0.144667261519999,0.495051564268633,0.141,0.131,1
"DDX27",0.144703143819779,0.140202383205743,0.296,0.316,1
"AGA",0.144832599845824,1.29818333003963,0.04,0.02,1
"SKI",0.144839296886185,-0.263998879215298,0.134,0.182,1
"KDM6A",0.14492243611431,0.295059922446247,0.356,0.325,1
"NT5C3B",0.144947205986912,1.29720226290555,0.035,0.017,1
"PUS3",0.145015146303668,0.895744891788373,0.035,0.023,1
"FCRLA",0.14509822550922,-0.400412094507879,0.103,0.131,1
"ADPGK-AS1",0.145173774694786,-0.927859859890623,0.008,0.023,1
"HEY2",0.145219020029452,1.53003727744752,0.023,0.009,1
"SCML4",0.145325039308678,-0.653285459516085,0.107,0.162,1
"SLC2A3",0.145555352268059,0.128218819789769,0.839,0.812,1
"FARSA",0.145633898709849,0.577311947160338,0.106,0.091,1
"EIF3I",0.145890842612314,0.124879775879638,0.441,0.447,1
"ZNF516",0.145966238805849,-0.429579807936061,0.047,0.08,1
"BCAT1",0.145979086253247,-1.60891478675037,0.014,0.037,1
"NUBP1",0.146390309343948,0.427087678684208,0.177,0.145,1
"STXBP4",0.146528944363148,1.65988945805522,0.021,0.011,1
"INO80D-AS1",0.146567399677841,1.06986648111079,0.031,0.017,1
"GPATCH2",0.147003850367033,-0.22633962134566,0.089,0.114,1
"TMEM183A",0.14703234498206,-0.340770754516889,0.158,0.202,1
"ZKSCAN1",0.147078367801142,-0.334019905078861,0.074,0.111,1
"NBPF15",0.147104770019796,-0.642053403882691,0.028,0.054,1
"MIR22HG",0.147162026138884,-0.780836102804359,0.04,0.068,1
"PIGO",0.147282393496974,1.00697844766994,0.042,0.023,1
"USF3",0.147298678545825,0.461558450365445,0.222,0.197,1
"NHERF1",0.14741133394638,-0.340333658516655,0.127,0.188,1
"PEX11B",0.147512579090951,1.10054948568342,0.034,0.017,1
"GLIPR1",0.1476760213494,0.31798061872681,0.281,0.256,1
"LRRC56",0.147761025556659,1.08481908329529,0.011,0.003,1
"AP1G2-AS1",0.147837705924363,-1.91025515099275,0.004,0.017,1
"EMC6",0.147843209450366,0.226940245751017,0.256,0.262,1
"SRGAP2B",0.147902795665144,0.939506800352515,0.037,0.023,1
"FANCD2",0.147982260859919,-0.834258924187745,0.028,0.057,1
"ENSG00000288851",0.148004870098305,-0.214105882240366,0.037,0.054,1
"THYN1",0.148121726731745,-0.837958500062183,0.014,0.037,1
"JKAMP",0.148392407210432,-1.02932086697614,0.03,0.057,1
"RBBP4",0.148445521474757,0.266901450455151,0.28,0.256,1
"DIP2A",0.148703521125245,-0.454810790018719,0.062,0.103,1
"METTL16",0.148785583921094,0.478726017623763,0.143,0.117,1
"LRRFIP2",0.148827732868531,0.406416522929732,0.167,0.142,1
"HNRNPUL1",0.148927782450579,-0.286593048857004,0.366,0.422,1
"TET3",0.148933248055536,0.264395200464361,0.294,0.299,1
"ORAI1",0.149114566585357,0.13528850662516,0.385,0.353,1
"PQBP1",0.149128460721414,-0.171191559989436,0.304,0.379,1
"NRBP1",0.149250413274012,-0.19328716022645,0.233,0.311,1
"UPF3A",0.149492854812147,0.364400527273642,0.116,0.105,1
"GINS3",0.149527987568854,0.353463515658317,0.021,0.009,1
"IDH3B",0.149634891863911,0.494030834769126,0.149,0.12,1
"ETHE1",0.149770614240647,-1.04073629961437,0.023,0.046,1
"NUP58",0.149817009302115,0.181468312315949,0.522,0.513,1
"ZCCHC7",0.149870481086712,-0.24853518672427,0.463,0.51,1
"DHX58",0.150182888019608,-1.55821452190173,0.004,0.014,1
"EIF3B",0.150247957072724,0.176900655175292,0.284,0.285,1
"ELF2",0.150267512494497,0.257481119470607,0.512,0.487,1
"SPDYA",0.150413483033671,0.833306151907167,0.03,0.017,1
"FHL1",0.150985389978262,-1.85832701602397,0.004,0.017,1
"UBE4A",0.151000448409759,0.445073627168108,0.184,0.162,1
"CDC73",0.151006493654692,0.260686975855334,0.297,0.274,1
"TNRC6B",0.151132214381054,0.315895653418305,0.43,0.419,1
"GARS1-DT",0.151226930975348,-0.799726453721789,0.031,0.063,1
"ZNF322",0.151314460678067,0.88858530633677,0.051,0.031,1
"DNAJA2",0.151366175312491,0.204146361140706,0.392,0.365,1
"ENSG00000275765",0.151508412160137,-2.10968841268609,0.004,0.017,1
"BLTP2",0.151698960432883,0.401609175255729,0.092,0.074,1
"ENSG00000289788",0.151749832357162,0.851309145522956,0.052,0.034,1
"CRYZL1",0.151779289925147,0.648056413642571,0.069,0.048,1
"CBR3",0.151972360932538,-1.28432771585093,0.01,0.028,1
"CASP6",0.152123550211843,2.33081934362232,0.013,0.003,1
"CDK13",0.152230273794703,-0.338961982587531,0.246,0.293,1
"SARM1",0.152230289691903,-1.09542638810021,0.011,0.028,1
"ENSG00000288942",0.152270258427519,-2.60766604438571,0.003,0.011,1
"CBLL1-AS1",0.152353585007051,1.83130877635197,0.014,0.003,1
"GPATCH11",0.152356336051499,0.898021626247961,0.069,0.051,1
"TMEM170B",0.152740098246798,-1.56039532457573,0.004,0.017,1
"KDM3A",0.152886334703249,0.463593745940349,0.178,0.174,1
"WAC",0.152928251743456,0.195949850703221,0.475,0.456,1
"UBTF",0.153034396674521,-0.326564824499493,0.124,0.174,1
"UTRN",0.153057551529904,-0.303449780037119,0.416,0.484,1
"EFNB2",0.153064213434002,1.67471629197165,0.018,0.006,1
"SETD1A",0.15331582392613,-0.47503479899144,0.034,0.06,1
"ZCCHC4",0.153404293843203,0.824957268641151,0.038,0.02,1
"WAC-AS1",0.153510391440751,0.370094842966636,0.035,0.023,1
"CCDC57",0.15372374377346,-0.483703032205892,0.095,0.123,1
"UIMC1",0.15375018559172,0.256688079765813,0.27,0.236,1
"YME1L1",0.153777056267052,0.221022200286023,0.409,0.413,1
"SLC24A1",0.154269974806424,-0.722089158654845,0.042,0.077,1
"UFD1",0.154311582266909,0.35355632459984,0.17,0.165,1
"ENSG00000267469",0.154345530146705,-0.880066455717664,0.028,0.057,1
"ATP2A3",0.154452199616893,-0.314808605240677,0.314,0.405,1
"ANKRD42",0.154457285886884,0.843293667536698,0.045,0.028,1
"JOSD1",0.154491835983592,0.232692928484077,0.366,0.336,1
"ETS2",0.154690585486648,-0.300452577988837,0.04,0.057,1
"CRELD2",0.154829003937531,-0.676096850408877,0.051,0.085,1
"TNIP1",0.154884212795287,0.135549649631744,0.318,0.342,1
"ITGB3BP",0.15500805377039,0.23939809641331,0.042,0.031,1
"NPHP3",0.155213420295132,-0.959513059051987,0.028,0.054,1
"KYAT1",0.15545131707042,2.67492412575279,0.013,0.003,1
"ZNF395",0.155597879902401,0.557381703352149,0.091,0.077,1
"ENSG00000286242",0.155707185604587,-1.03773024570392,0.025,0.048,1
"ACTR10",0.155718944836475,-0.387114690947271,0.181,0.254,1
"ARL16",0.155725169221193,-0.485363175685389,0.066,0.103,1
"C4orf3",0.155838038428106,-0.247290727942531,0.274,0.325,1
"SPAG5-AS1",0.155897272626039,1.14378667338128,0.021,0.009,1
"FBXO30",0.156019941570667,-0.943758844411419,0.031,0.057,1
"KDM5A",0.156059797407655,0.284621930650829,0.296,0.305,1
"ZNF266",0.156158795579168,0.63190355387971,0.105,0.077,1
"AGGF1",0.156302208328039,0.70072830061407,0.057,0.037,1
"ZNF708",0.156547742555696,0.463103694169835,0.112,0.088,1
"RAB12",0.156743751393056,-0.756577884785956,0.066,0.117,1
"SLC11A1",0.156808950044356,-1.73661948275544,0.004,0.017,1
"PEX2",0.156997497080714,-0.133400301478568,0.071,0.071,1
"UQCRQ",0.157026524038491,-0.334741410551208,0.19,0.259,1
"RAB11FIP2",0.157035068831554,-0.323614358862586,0.075,0.108,1
"MEPCE",0.157089211832526,0.405384345015411,0.181,0.165,1
"RELL1",0.157172622368465,-0.508824809077832,0.054,0.066,1
"RFC4",0.157221938204591,1.67783665480077,0.021,0.009,1
"ENSG00000259327",0.157290929695245,-2.15574645982761,0.001,0.011,1
"TMEM165",0.157349438512081,0.183989310524018,0.294,0.271,1
"EMC4",0.157509373363434,0.34753126360342,0.236,0.217,1
"CALU",0.157696693331084,-0.698017748275823,0.064,0.105,1
"ZNF717",0.1578385354777,-1.72116264801797,0.011,0.028,1
"SIAH1",0.157899477845194,0.478219572019372,0.212,0.171,1
"MBTPS1",0.157936091414345,-0.398223384946245,0.106,0.16,1
"HAPLN3",0.158034835892647,-1.19351785244084,0.025,0.051,1
"PRPS2",0.158036011993374,0.607665351287834,0.044,0.026,1
"MED12",0.158119198647005,0.968461248931018,0.055,0.034,1
"KIAA2013",0.158131814138921,0.58988147324027,0.089,0.066,1
"LINC01678",0.15818420195507,0.586596456385529,0.055,0.04,1
"DMAC2",0.158554536729161,0.805686107993394,0.072,0.048,1
"CHID1",0.158676461491839,0.621335282907997,0.03,0.017,1
"PPP1R12A",0.158695608628177,0.152578637808218,0.38,0.353,1
"FTSJ1",0.158736498731312,0.546573569189917,0.079,0.071,1
"L3MBTL3",0.158973200118693,-0.248400717652324,0.072,0.108,1
"NET1",0.158997027587652,-0.852916706827113,0.033,0.063,1
"TCEAL4",0.159216837851861,1.22552404174999,0.035,0.02,1
"ENSG00000288528",0.159373543945083,-0.60646943043655,0.092,0.123,1
"FOXO3",0.159406974401468,0.468936702258257,0.151,0.131,1
"EGR2",0.159540753583171,0.514726678524712,0.091,0.071,1
"TMLHE",0.159656033494097,-0.602502897876334,0.064,0.1,1
"FAM104A",0.15976397205353,0.586375509206051,0.085,0.06,1
"PHACTR4",0.160101216857885,0.618897419119131,0.133,0.105,1
"FSD1L",0.160120511364222,1.79168377857733,0.031,0.014,1
"HNRNPL",0.160310810033289,0.172231513629154,0.672,0.647,1
"LLGL2",0.160513793011306,-1.12986954120346,0.016,0.034,1
"SUMO3",0.160555648462883,0.109299235956935,0.184,0.214,1
"SYNJ2BP",0.160673854366983,-0.247164986841449,0.038,0.031,1
"HNRNPA2B1",0.160721463772537,0.141694093810513,0.867,0.863,1
"ENSG00000285646",0.160938406552604,0.68063482185869,0.031,0.014,1
"RNF103",0.16095463855383,0.497273652748285,0.168,0.142,1
"LTB",0.161109911113324,-0.176216945596682,0.624,0.704,1
"MZB1",0.161503101952544,-0.333915254799928,0.143,0.202,1
"PHB1",0.161677489379755,-0.590706344921034,0.079,0.108,1
"CMTM8",0.161878258654545,-1.2208494489184,0.008,0.023,1
"PAIP2",0.161999151393484,0.231009877154883,0.646,0.641,1
"ZNF135",0.162000029787275,1.46585555083122,0.024,0.009,1
"BISPR",0.162048730121118,-0.827165679362014,0.027,0.051,1
"TIA1",0.162063848213536,-0.431634171350896,0.103,0.157,1
"TSC22D4",0.162148889495356,-0.467757883557691,0.146,0.205,1
"NANOS1",0.162247358221619,-1.95877989510186,0.01,0.02,1
"CREBBP",0.162315224445165,0.199720586270434,0.328,0.302,1
"RFTN1",0.162326303209879,-0.227188946591835,0.564,0.661,1
"MYO1F",0.162459646827485,-0.674218557011,0.016,0.034,1
"PTGES3",0.162563235698634,0.134101547036785,0.45,0.467,1
"LRIF1",0.16261687598619,0.573614787939887,0.079,0.051,1
"TRIAP1",0.162683915067614,0.407072481504344,0.12,0.097,1
"ZNF544",0.162776230876419,-0.237809096533852,0.047,0.034,1
"RUSC1",0.162865652720947,1.40855018995827,0.037,0.02,1
"C1orf109",0.162875645354601,0.409457577466423,0.068,0.046,1
"TNPO2",0.162878898085274,0.632437540947744,0.05,0.031,1
"MAN1B1-DT",0.162933351263854,2.0765587246831,0.025,0.011,1
"ENSG00000267568",0.163071155649551,-0.615429018783693,0.054,0.071,1
"ENSG00000265987",0.163148758099716,-1.31353120274978,0.018,0.046,1
"ZNF133",0.163222700995691,-1.31815798312363,0.007,0.023,1
"SLCO4A1",0.16339964956879,-0.495974344599641,0.168,0.234,1
"CCDC97",0.163653280292105,0.198454639242831,0.154,0.128,1
"ATF6B",0.163772114560794,-0.445076058653232,0.115,0.157,1
"BRD8",0.163775667378419,0.426300773564174,0.078,0.057,1
"BAHD1",0.163879960866676,-0.579927583432564,0.048,0.083,1
"AFMID",0.163934985950136,2.00161696315009,0.025,0.011,1
"COPS7B",0.164093871212414,0.304777357815113,0.064,0.06,1
"TAF5",0.164302907857809,0.529978383259154,0.069,0.048,1
"ENSG00000255139",0.164595399331068,0.773102823759226,0.071,0.051,1
"KLF13",0.164726537366537,0.163442765913,0.209,0.228,1
"TRAF5",0.164978153906683,-0.255404614216771,0.124,0.168,1
"NUP62CL",0.165032127764487,2.2272583890824,0.011,0.003,1
"PPP1R14B",0.165439471758771,0.189706333432895,0.291,0.311,1
"TRA2B",0.16546573118803,0.244777911117769,0.631,0.604,1
"STRIP1",0.165476341731257,-0.40234929529919,0.143,0.199,1
"VPS13C",0.165544739573794,-0.169580897769523,0.315,0.348,1
"MBIP",0.165632682402073,0.214922167019399,0.083,0.071,1
"ENSG00000242861",0.165728321528352,1.24406820237648,0.018,0.006,1
"ATOSA",0.165931014375035,0.356213883879202,0.269,0.248,1
"HSPA5",0.16595227406262,-0.159502693548048,0.525,0.55,1
"PLEKHA8",0.166211241153271,-1.91783658991074,0.008,0.026,1
"TTC19",0.166252564103128,0.193174610696819,0.216,0.228,1
"ATP10D",0.166391670579946,-0.469107545174189,0.1,0.142,1
"GAR1",0.166407299871112,0.401927272287995,0.132,0.105,1
"SLC31A1",0.166799796999815,-1.1459236930266,0.01,0.026,1
"LACTB",0.166815892943499,0.389689459669966,0.246,0.211,1
"FASTKD5",0.166863112641937,0.804785467147227,0.082,0.057,1
"NUDCD2",0.167168920541977,0.573604277001636,0.065,0.046,1
"LINC01353",0.16721960922514,0.925838577231381,0.057,0.037,1
"LEAP2",0.167241202896919,-2.11624430368022,0.003,0.014,1
"ZNF644",0.1673043036161,0.212416253594283,0.546,0.536,1
"ST6GALNAC6",0.167353515901767,0.593513229207125,0.122,0.094,1
"DHX30",0.167368151986414,-0.399760377048,0.102,0.148,1
"PPP4R2",0.167376432350082,0.17653519153833,0.365,0.336,1
"RAB33B",0.167384452080823,-0.245397986489013,0.062,0.085,1
"PDPR",0.167385784477661,0.425585197629883,0.065,0.051,1
"PLA2G4C",0.167575259973638,-0.585657981430112,0.018,0.034,1
"RBM15B",0.168193214420292,0.353158290485784,0.156,0.148,1
"DGCR2",0.168421897094997,-0.343289238357169,0.059,0.088,1
"RPL26L1",0.168433265219609,0.836747594610645,0.034,0.02,1
"MRM2",0.168458338680202,-0.609446476368806,0.031,0.06,1
"POT1",0.16877508593735,-1.07188600742453,0.028,0.057,1
"CPSF3",0.16879615111324,0.689939740015842,0.058,0.04,1
"DGKD",0.168843759380687,-0.255802027432984,0.313,0.385,1
"POFUT2",0.16910568969436,-0.384300711606695,0.107,0.157,1
"SEC22C",0.169125623191766,0.32485229104503,0.112,0.088,1
"CAMKMT",0.169156418427688,-0.817879207670802,0.052,0.085,1
"CEP19",0.1691989689854,0.949229374232018,0.041,0.023,1
"ARHGEF9",0.169255923828344,-0.362296324563971,0.021,0.04,1
"ERCC4",0.169297476822575,-1.29868308230956,0.016,0.037,1
"RHEB",0.16944144144678,0.249406900289683,0.471,0.439,1
"CLPP",0.169576522445865,-0.2214871104712,0.102,0.108,1
"ENSG00000289567",0.169599921079128,1.36369753241597,0.034,0.017,1
"ZCCHC2",0.169629696115432,-0.555307258307671,0.083,0.108,1
"FIBP",0.169771860253705,-0.668093007669083,0.081,0.128,1
"FAM118B",0.169821905896103,0.842887228473693,0.034,0.017,1
"ZNF268",0.169925344941867,0.342400043163062,0.051,0.034,1
"ZNF230",0.17003934360331,0.928293800234031,0.045,0.028,1
"SH3GLB1",0.170125556304963,-0.38551409130213,0.201,0.268,1
"F11R",0.170228359350862,-0.828473344977869,0.05,0.083,1
"ENSG00000272449",0.170433917485705,-0.30601636062606,0.184,0.236,1
"TENT5A",0.170442289036917,-0.690107400533302,0.076,0.117,1
"CARD16",0.170566385267767,-0.650108099960538,0.076,0.117,1
"EID3",0.170839630922765,1.04380508690436,0.044,0.026,1
"TMEM65",0.170850889068944,0.344521841001668,0.106,0.091,1
"JUNB",0.170904939674417,-0.103562385779846,0.973,0.966,1
"NCR3LG1",0.170928564719581,0.448310764915579,0.038,0.028,1
"ABRAXAS2",0.171111009896824,0.583186657886953,0.1,0.091,1
"PALM2AKAP2",0.171151579879163,0.314659576689401,0.25,0.259,1
"SCAF8",0.17120759754573,0.400607353814162,0.252,0.222,1
"ENSG00000265100",0.171257228636915,-1.16924914708437,0.014,0.037,1
"YWHAH",0.171408245296097,0.48041236483983,0.28,0.239,1
"MAMLD1",0.171470362352321,-0.748896772059086,0.044,0.085,1
"ARMH1",0.171476325717412,-0.296095152498291,0.164,0.205,1
"SPTY2D1",0.171538633188477,0.170129855347044,0.178,0.185,1
"ID1",0.171599290788446,-0.905715243083714,0.016,0.034,1
"C2orf42",0.171600912786729,0.99691785960571,0.031,0.017,1
"RAB37",0.171634398336081,-0.463075018578945,0.025,0.048,1
"FAM136A",0.17189291887231,-0.536642878609231,0.079,0.12,1
"BCAP31",0.171939598871693,-0.128140639793748,0.171,0.219,1
"WDR54",0.171947522943539,0.934625814912968,0.034,0.023,1
"PTPN23-DT",0.171983014570189,1.27949019719555,0.021,0.009,1
"DUSP16",0.172215731996938,0.433730477703874,0.071,0.057,1
"PPP1R15A",0.172286844604515,-0.119732313859832,0.857,0.84,1
"ATF4",0.172361158831967,0.186966726592402,0.472,0.444,1
"ENSG00000274015",0.17248840035382,1.26409589053297,0.025,0.011,1
"IGLJ3",0.172604452926696,-0.13459184322901,0.011,0.02,1
"PGAP6",0.172844500004683,-0.739898719509789,0.057,0.1,1
"CPT1B",0.172856943566311,-0.614885496011175,0.007,0.023,1
"SPATS2L",0.172958522026608,-2.17875318489996,0.004,0.014,1
"OCIAD2",0.173096435925305,0.363529675663441,0.216,0.188,1
"AKAP13-AS1",0.173267090298949,-0.866979106199397,0.025,0.051,1
"LRR1",0.173346305391005,0.612591679682854,0.071,0.048,1
"GRK6",0.173460909478339,-0.355141390175525,0.197,0.268,1
"CHAMP1",0.17357857470715,1.26062214910623,0.041,0.023,1
"ZNF90",0.173642544631592,2.17541567159184,0.014,0.003,1
"BACH2",0.173693761762412,0.160941170791626,0.884,0.906,1
"RIMOC1",0.173724438957947,0.383459506747602,0.113,0.094,1
"MAGT1",0.173917144928655,0.294546923480933,0.185,0.154,1
"PDXK",0.174096968685531,-0.248504454588346,0.325,0.41,1
"PRCP",0.174099971677099,-0.17117582148387,0.134,0.174,1
"CDADC1",0.17410233128314,0.740360681844537,0.04,0.02,1
"MALSU1",0.174141479529631,0.354089232745805,0.13,0.105,1
"PGM1",0.174215649283166,-0.467756868766413,0.02,0.034,1
"RIMKLB",0.174370907879093,-0.587098226501116,0.078,0.12,1
"IRF2BP1",0.174605921394439,0.541462214725173,0.078,0.057,1
"ITGA4",0.174643857161435,-0.356699729757191,0.253,0.322,1
"PPP2R3C",0.174709131972649,0.183187692999185,0.177,0.145,1
"CLTA",0.174917718842033,0.202512006009239,0.395,0.368,1
"TRAF4",0.175049259978526,0.112143128152424,0.717,0.721,1
"ITPRIP",0.175092874330244,-0.474140587479314,0.071,0.1,1
"TXNDC16",0.175122497091103,-0.681205131564125,0.048,0.077,1
"RBM4B",0.17542415520179,0.642755125751237,0.12,0.094,1
"ENSG00000253636",0.175528801919595,-3.01360722023699,0.001,0.011,1
"CRK",0.175604228019382,0.384256063438111,0.194,0.174,1
"POMT1",0.175606518821135,-1.10328525002689,0.014,0.037,1
"BCL7A",0.175630754518362,0.384067659662317,0.194,0.188,1
"SATB1",0.175995682791576,0.403031555434079,0.28,0.265,1
"WRNIP1",0.176120130986343,-0.647778248855207,0.112,0.165,1
"STARD9",0.176131050120347,-0.988737628591894,0.011,0.026,1
"METTL7A",0.176170016461873,-0.58899090869991,0.027,0.048,1
"ZC3H18",0.176199784201596,0.306828702707216,0.133,0.123,1
"EXT2",0.176255164186979,-0.586670144187145,0.05,0.085,1
"NDUFA6",0.176374657817291,0.157913490878624,0.361,0.393,1
"MIR23AHG",0.176536215226236,-0.184081955375889,0.236,0.305,1
"SERPINI1",0.177187699034399,-1.3171208073781,0.008,0.023,1
"VPS37C",0.17725003244619,1.26640319393282,0.03,0.014,1
"ENSG00000279168",0.177392751274031,-0.468984652087519,0.072,0.111,1
"SLC25A1",0.177407245930521,-0.137187521633392,0.074,0.1,1
"GTF3C5",0.177452585404495,0.607990064273553,0.103,0.08,1
"TBC1D9B",0.177504266690973,-1.48310363462159,0.042,0.074,1
"AFTPH",0.177692543211574,0.177850162486974,0.375,0.348,1
"TRNT1",0.177908959639918,0.472388340931041,0.137,0.142,1
"PRELID3B",0.177963208985263,-0.230041764411464,0.212,0.282,1
"EEF2K",0.178034658940958,-0.613332290971482,0.068,0.114,1
"VHL",0.178222078149031,0.257611449987458,0.177,0.168,1
"ELP3",0.178226085090814,0.364384858898541,0.069,0.048,1
"SREBF1",0.178310078201373,-0.423582360094014,0.146,0.211,1
"NFKB2",0.178571174400445,0.119825828061363,0.651,0.689,1
"GPAT4",0.178919396772219,0.407568348946748,0.146,0.12,1
"CLN8-AS1",0.178930862707731,-1.55303477771533,0.016,0.031,1
"APH1A",0.179068212059148,0.143960571127076,0.385,0.407,1
"VAC14",0.179137705061137,0.557578611420579,0.086,0.063,1
"SCN11A",0.179174908219541,1.75275819038642,0.013,0.003,1
"TCL1A",0.179404283291336,-0.211276579309355,0.184,0.214,1
"NFATC2",0.179428175069678,0.326830358018134,0.219,0.199,1
"TAF6",0.179575242507978,1.03787917336914,0.041,0.023,1
"ENSG00000286277",0.179725753030216,-3.00119989702459,0.001,0.011,1
"TTC9",0.179938370757206,0.737351697334988,0.035,0.02,1
"PLEKHM2",0.179957097104478,0.22362120214649,0.322,0.296,1
"LSR",0.180274597480699,0.433329640371863,0.051,0.063,1
"GIMAP7",0.180350219813352,1.82074321965624,0.018,0.009,1
"GET3",0.180487673337505,-0.489330033753552,0.143,0.197,1
"CERS4",0.180521243529912,0.341726695281489,0.194,0.197,1
"ENSG00000267002",0.180567129237918,-0.286154003810323,0.02,0.034,1
"IL2RA",0.181115322571899,-1.05655542265645,0.024,0.051,1
"SPIDR",0.18126617972948,-0.502069948630717,0.154,0.208,1
"ZBTB20",0.181268868465154,-0.243396241579853,0.347,0.41,1
"GLRX3",0.181379267128491,0.282283427751774,0.141,0.12,1
"SATB1-AS1",0.181400453164402,0.211810817620337,0.064,0.051,1
"ZNF33B",0.181522118182374,-0.683629837031901,0.048,0.085,1
"SEC61G",0.182018968656541,0.29202456026732,0.38,0.376,1
"RTF2",0.182073415846672,0.104002795127829,0.218,0.202,1
"PPRC1",0.182118421276763,0.479485673559207,0.15,0.134,1
"CAP1",0.182138929221407,0.272987228251034,0.28,0.274,1
"ENSG00000284428",0.182261500563611,-0.875964918912406,0.034,0.054,1
"RPS19BP1",0.182279705162872,0.372541402996416,0.246,0.214,1
"AKAP7",0.182375666108361,-1.32623997866401,0.021,0.043,1
"PDK3",0.182425861207164,0.67359054550951,0.102,0.074,1
"DDX59",0.182460472287222,0.316450119122744,0.083,0.06,1
"TRAPPC6B",0.182461055398507,0.240084558864302,0.093,0.105,1
"LINC00472",0.182649716400579,-1.34451337556259,0.013,0.031,1
"CAB39L",0.182905484979303,1.1350526245565,0.054,0.031,1
"VPS39",0.182910200903582,0.668825143363729,0.085,0.063,1
"CSAD",0.18296621174184,-0.27680557504416,0.034,0.054,1
"WASL-DT",0.182996248978857,1.31199134909634,0.011,0.003,1
"HECTD4",0.183008959390445,-0.419862608139952,0.178,0.251,1
"ICAM1",0.183063240265851,-0.442545984954107,0.245,0.305,1
"WDR47",0.183075900788896,0.411571854674054,0.173,0.145,1
"MIR4458HG",0.183087490707637,-1.67798118608376,0.007,0.023,1
"FAM76A",0.183288520843107,0.634964014760801,0.096,0.077,1
"VMP1",0.183452927186804,0.156403503227389,0.238,0.228,1
"DLGAP1",0.183618513450524,2.71312536301507,0.013,0.003,1
"WDR36",0.183662970552767,0.132338551550925,0.146,0.165,1
"RNF220",0.183901083487838,0.358952240282125,0.182,0.165,1
"SAMD4B",0.183956779896656,0.219056955368045,0.157,0.157,1
"ZBTB5",0.184031786977718,0.328519317281499,0.143,0.145,1
"SMYD4",0.184130095899674,1.32100063108309,0.02,0.009,1
"COMMD7",0.18460828720119,-0.9291199287827,0.037,0.068,1
"PDZD11",0.184664074280806,1.04164481953251,0.028,0.014,1
"ARFIP2",0.184837525983883,0.838969149596975,0.065,0.048,1
"RAB11A",0.18497350406611,-0.205464496129013,0.649,0.715,1
"SNN",0.184975248609559,-0.123083253775307,0.26,0.322,1
"GFOD1",0.1849759529922,-0.470654319325521,0.089,0.131,1
"SNAI1",0.185035404789245,1.14305478892344,0.024,0.011,1
"AFG3L2",0.185336343946697,0.361771747115433,0.167,0.154,1
"HIBCH",0.185347875560827,-1.04796089870072,0.03,0.048,1
"ENSG00000251661",0.18535830381665,-1.87504948314964,0.008,0.023,1
"HAPSTR1",0.185380388239015,0.319991150854,0.216,0.194,1
"UBXN2B",0.18549681005836,-0.74361128138992,0.04,0.071,1
"RPA2",0.185766217438674,0.361162569445316,0.116,0.1,1
"SMG9",0.185844682231619,1.18823117896486,0.048,0.028,1
"TMEM35B",0.18585525877962,0.841360740659382,0.021,0.011,1
"TSIX",0.186125545366826,1.80232645715671,0.021,0.009,1
"DDAH2",0.18637115717721,-0.480469526195824,0.143,0.205,1
"HNRNPM",0.186387589185815,0.210367227503466,0.424,0.407,1
"CEBPB",0.186419914342069,0.321076462642103,0.113,0.094,1
"H2BC11",0.186498917332084,-0.466656143787416,0.025,0.04,1
"SMARCB1",0.186569215018118,0.23846168396099,0.211,0.205,1
"PRADC1",0.186587418282919,-1.55615996916799,0.004,0.017,1
"KCTD21",0.186653774260938,-2.36817935792484,0.004,0.02,1
"TMEM69",0.186795443286098,0.775407586120997,0.072,0.054,1
"MRPS15",0.186816679613323,0.393762339225396,0.153,0.128,1
"PHACTR1",0.187222801840587,0.255958199416859,0.487,0.499,1
"AP3S1",0.18737090111936,-0.440668020010106,0.163,0.214,1
"SNX6",0.187646351538041,0.24729755104326,0.338,0.348,1
"TMEM134",0.18766002197061,0.222385566895237,0.163,0.14,1
"MS4A6E",0.187761013794416,2.06721129750114,0.014,0.003,1
"RHOBTB1",0.18781038226589,0.146447472365248,0.05,0.043,1
"DHRS7B",0.188252925726444,0.545471175237869,0.072,0.054,1
"ANAPC10",0.188295231581636,0.623295725440892,0.074,0.051,1
"NBPF11",0.188443616541832,0.526480142649055,0.079,0.057,1
"ATG14",0.188564923032272,0.406406188377535,0.133,0.111,1
"H4C11",0.188596617744913,-0.782791272123393,0.01,0.026,1
"PLAUR",0.188622636421035,-1.06082109078148,0.01,0.028,1
"LSM6",0.188649367337449,0.470962044665177,0.107,0.088,1
"SYTL3",0.188737956200197,-0.562897304727243,0.031,0.054,1
"ENSG00000215022",0.188831987622548,-2.19487344516208,0.003,0.014,1
"NKILA",0.188947594496649,1.923518097598,0.018,0.006,1
"N4BP2L2",0.188951534527332,0.214361270681272,0.496,0.462,1
"DDX60",0.189131384635578,-0.830666144061571,0.037,0.068,1
"URM1",0.18918113807246,0.210626434357958,0.137,0.111,1
"SKIC3",0.189333321036778,-0.349061388250151,0.095,0.14,1
"FMNL3",0.189336201539362,0.883309310434672,0.083,0.06,1
"MINDY2",0.189481693423351,-0.331070040401285,0.038,0.063,1
"ENSG00000228655",0.189620871379604,-0.750160268766751,0.064,0.105,1
"CLIP1",0.189795425905278,-0.543919110497437,0.103,0.137,1
"C2orf81",0.189813026611003,-0.32345074877692,0.011,0.006,1
"NOP16",0.189891385972853,0.291450700014119,0.225,0.199,1
"SUZ12",0.190020600272016,0.193231550899225,0.207,0.219,1
"SSBP3",0.190084525699511,0.196482898591301,0.055,0.066,1
"GRK3",0.190092254446203,0.29280021219809,0.214,0.211,1
"DNAI7",0.190147251860348,2.14433279182009,0.011,0.003,1
"TSSC4",0.190462920750754,0.330046642409653,0.19,0.165,1
"POLR2C",0.190641165611847,0.388369479155543,0.143,0.114,1
"PFDN4",0.190719892242651,0.528167862364998,0.123,0.1,1
"PTTG1",0.190727703830999,-0.421577681273086,0.11,0.165,1
"IWS1",0.190812316083041,0.249794337398999,0.191,0.168,1
"ENSG00000271858",0.190871548494147,-0.897392947582841,0.006,0.017,1
"FKBP5",0.190961304614315,0.80480309922877,0.062,0.048,1
"TOPORS",0.190981270508629,0.305163527079889,0.204,0.202,1
"TBL3",0.191123234191233,0.478430000667686,0.066,0.046,1
"ATP6V0D1",0.191142384743527,0.223213927360976,0.584,0.55,1
"KLF3",0.19114799652737,0.264002020820948,0.396,0.365,1
"ENSG00000255882",0.191353985147544,-1.46853480445763,0.008,0.026,1
"SFSWAP",0.191472710115885,0.404211095118393,0.202,0.174,1
"PPP1R15B-AS1",0.19149163985881,1.04915483695605,0.025,0.014,1
"FOXJ2",0.191572841561054,-1.14916443639869,0.017,0.037,1
"DDX6",0.191577823498556,0.122096605315664,0.54,0.521,1
"XPC",0.191657960993006,0.515312882758165,0.137,0.117,1
"CDV3",0.191681773626298,0.178027022840985,0.403,0.413,1
"YRDC",0.191686834980482,0.335136907682584,0.209,0.177,1
"ENSG00000224848",0.191999723454222,1.87275394209119,0.017,0.006,1
"POLR3F",0.192061424251462,0.284571418734034,0.062,0.066,1
"TRIM34",0.192143940520589,-0.980834173441028,0.02,0.04,1
"DONSON",0.19229994401225,0.713844499264719,0.035,0.023,1
"ARHGEF12",0.192464568240617,0.605515277731143,0.041,0.026,1
"BCL11A",0.192546828212158,-0.243501199896534,0.219,0.265,1
"SRSF11",0.192704435322296,0.126842732656257,0.656,0.667,1
"ZSWIM4",0.193216902810486,0.337058526668326,0.052,0.046,1
"SASH3",0.193242669813726,0.220284413778188,0.356,0.333,1
"ARL5B",0.193248830036641,0.188874764062663,0.279,0.296,1
"SLFN11",0.193295659399863,-0.169239430869006,0.055,0.046,1
"CEP89",0.193467559289826,-1.02996099896049,0.027,0.051,1
"IQCG",0.193467825949562,1.32393833450877,0.035,0.02,1
"MLF1",0.193499518107077,1.11189543786054,0.028,0.014,1
"C4orf33",0.193740284464115,-0.46599902811768,0.052,0.08,1
"DUSP12",0.193801327321546,0.357178500488194,0.123,0.1,1
"FMNL1-AS1",0.193870929435948,0.934779813201924,0.052,0.034,1
"FBXO5",0.193886581152385,0.89550934263044,0.041,0.026,1
"ODC1",0.193899903538816,0.152918813431099,0.588,0.57,1
"PECAM1",0.194286461468661,-0.337793216514153,0.045,0.071,1
"ZNF689",0.194579016481458,0.654799576395645,0.061,0.057,1
"ST3GAL1",0.194601304084235,0.642308063927269,0.115,0.085,1
"AEBP2",0.19466469954954,0.151138516931256,0.194,0.205,1
"MRE11",0.194665907560897,-0.364245934156566,0.069,0.071,1
"EIF2S1",0.194682719209862,0.308138436792657,0.226,0.208,1
"ENSG00000237356",0.19468961691023,2.18670233829925,0.011,0.003,1
"TRIT1",0.194795876537636,0.721597543763621,0.042,0.031,1
"AHCTF1",0.194826390416837,-0.44384416235476,0.126,0.165,1
"GTPBP6",0.194826958792839,0.330604786878443,0.182,0.157,1
"TCERG1",0.194840478734711,0.140477954198227,0.311,0.305,1
"SMC2",0.194853060533321,1.00643532839482,0.044,0.026,1
"BTN2A1",0.194912264809274,0.338359725062733,0.163,0.154,1
"ZNF473",0.194944876763152,0.857822578450267,0.041,0.02,1
"CYB5R1",0.194987778904616,0.864260764771014,0.048,0.031,1
"NDUFC2",0.195009135559754,-0.252521810656977,0.1,0.145,1
"FAS",0.195046832750347,-0.411464265217912,0.062,0.105,1
"ENSG00000290856",0.195174596845354,0.591630051436637,0.054,0.04,1
"TIMM13",0.195188533319931,-0.471134481733789,0.115,0.171,1
"ISCA1",0.195203713353331,-0.23343951924338,0.417,0.479,1
"CCT5",0.195649871246057,0.175167549186954,0.334,0.319,1
"TMED7",0.196002942743375,0.41794009898519,0.153,0.137,1
"BDH1",0.196220999377318,-1.00926987282056,0.01,0.026,1
"TESPA1",0.196277561471366,0.980745235723218,0.03,0.017,1
"DOK3",0.196349259955199,-1.54148866892982,0.023,0.043,1
"MAP1LC3A",0.196533359622793,-0.337758358800795,0.167,0.219,1
"ITIH4",0.196691504693716,-1.51962212344399,0.006,0.017,1
"USP34",0.196699212251397,-0.306308965019516,0.433,0.507,1
"ZNF180",0.19689185961109,0.426058024256842,0.044,0.028,1
"LINC00467",0.196898840501456,1.3799435692468,0.018,0.006,1
"SHF",0.197034250191589,0.652675915687907,0.1,0.08,1
"FGD6",0.19703513638653,-0.812727718073909,0.006,0.017,1
"PPWD1",0.197219524901932,0.323133807266821,0.147,0.123,1
"ENSG00000260536",0.197370960993625,1.11501184245997,0.013,0.006,1
"TRADD",0.197431566070266,-0.613016432446205,0.047,0.074,1
"INPP5E",0.197471735894152,-1.15119846390794,0.018,0.037,1
"NDUFB3",0.197505998067789,0.393230445641683,0.106,0.094,1
"PBX4",0.197571359399892,0.663413346194212,0.01,0.003,1
"IGKV2-29",0.198344797787006,-0.11082557322304,0.02,0.028,1
"DNAAF2",0.198450243802197,0.214403901226944,0.165,0.162,1
"DNMT1",0.198458211878469,-0.210724759420912,0.089,0.128,1
"FAM91A1",0.198809152832882,0.337163653717203,0.174,0.168,1
"LUC7L2",0.198921716745683,0.184368889718365,0.471,0.476,1
"TMEM184C",0.199166069437187,0.494479310484018,0.122,0.105,1
"NTNG1",0.199373600860262,1.92138516288313,0.011,0.006,1
"UROS",0.199459833887426,-0.850777922119446,0.023,0.048,1
"ENSG00000290569",0.199738295851439,-0.625514946377885,0.061,0.094,1
"BTN3A1",0.199759191002636,-0.152427556479024,0.095,0.105,1
"YWHAB",0.200098239281832,0.200022194799084,0.646,0.635,1
"RIPOR1",0.200151447154475,0.224429784544843,0.431,0.407,1
"TULP4",0.200387862356452,-0.451125817683297,0.156,0.217,1
"MRPS35",0.200397395054799,0.263646904808862,0.157,0.142,1
"ENSG00000290396",0.200468831524943,-1.54486912280862,0.006,0.02,1
"LDHA",0.200622273884587,-0.295953669882082,0.426,0.501,1
"ENSG00000226824",0.200651089781673,-0.286696481886697,0.071,0.103,1
"ENSG00000232754",0.200728459046367,1.44253621530434,0.014,0.006,1
"KIF22",0.200923229003857,0.396951707124697,0.062,0.046,1
"ZNF718",0.200938738533142,0.675450566498277,0.065,0.043,1
"MANF",0.200961813418159,0.318131115137198,0.141,0.12,1
"ZGPAT",0.201053219742492,0.699286754405725,0.092,0.066,1
"ELP2",0.201103946759334,0.352052392795625,0.199,0.197,1
"SEC23B",0.201129224362247,-0.503038233771437,0.15,0.202,1
"PSTPIP1",0.201249696617214,-0.576566129490064,0.045,0.077,1
"DDX42",0.201425081677132,0.325209434023474,0.15,0.145,1
"LINC00324",0.201566774412749,0.945476304680711,0.037,0.026,1
"INPP5A",0.201648916141413,-0.377382273659596,0.332,0.416,1
"ENSG00000233223",0.201888048912031,-1.0662818367269,0.028,0.048,1
"ERAL1",0.202260804578234,0.521192074702655,0.064,0.046,1
"ENSG00000255495",0.202300155383064,1.91078430751015,0.014,0.003,1
"RETREG1",0.202411335993748,-0.771898375775065,0.042,0.068,1
"SYNGR3",0.202433996372529,-0.582395649270079,0.048,0.083,1
"ABCB10",0.202544968763137,0.198811564745029,0.027,0.02,1
"EXOC6",0.202937972002604,0.279102472898605,0.175,0.148,1
"RIC3",0.202994774818163,-0.570014641557943,0.071,0.111,1
"STX6",0.203016854514315,0.25089015792783,0.086,0.066,1
"DERA",0.203092914159312,0.809524137695292,0.059,0.051,1
"TRAPPC9",0.203137255635963,0.434456605928741,0.115,0.103,1
"ZPR1",0.203221733280919,0.288302523490675,0.283,0.262,1
"ENSG00000288990",0.203314702147657,-1.39566264000934,0.011,0.028,1
"EIF4G1",0.203509954398254,0.316163309971085,0.223,0.205,1
"STK19",0.203598191754632,-0.73306652047082,0.064,0.103,1
"BDH2",0.203607882469128,-0.945059801174853,0.034,0.06,1
"POM121C",0.203626960874031,-0.38124112994542,0.164,0.225,1
"EMC7",0.203803777660632,0.190825233753907,0.272,0.271,1
"BLOC1S2",0.203959368618556,0.269749327357608,0.315,0.291,1
"PRKRA",0.203990333976981,0.228859289310227,0.209,0.214,1
"VTI1B",0.204075974112155,0.312515839916793,0.163,0.14,1
"GABARAPL2",0.204087608014801,0.272282777650421,0.471,0.447,1
"THSD4-AS1",0.204280268137671,0.454620865558595,0.112,0.114,1
"TRIM38",0.204460558987231,0.219515048518408,0.328,0.299,1
"SLC35B4",0.204523818251482,0.733669487720785,0.021,0.009,1
"PITHD1",0.204583340933325,-0.354798264458607,0.214,0.288,1
"ZNF606",0.204811637188028,-0.858160782060243,0.027,0.048,1
"SH3GLB2",0.205261551196948,-0.255165594510366,0.057,0.088,1
"C1orf122",0.205272528531192,0.34048174290308,0.146,0.12,1
"ZNF436",0.205282825281904,1.83321472872233,0.017,0.006,1
"ENSG00000278932",0.205347564653535,2.31490103442467,0.013,0.003,1
"BBS2",0.205588604228002,-0.744681932459895,0.024,0.048,1
"FASN",0.205803532395458,1.11195793669891,0.021,0.009,1
"TRH",0.206227174231202,-1.88257125824971,0.004,0.017,1
"ENSG00000284669",0.206427184020876,1.91815927798018,0.014,0.006,1
"ENSA",0.206435682311723,0.154633551546822,0.43,0.43,1
"BICDL1",0.206514179449491,-0.170723555823112,0.04,0.057,1
"PTPN2",0.206559421319086,0.112118595211165,0.348,0.362,1
"CLINT1",0.206918532740945,0.205055741644671,0.337,0.316,1
"THUMPD1",0.207042676193221,0.355815232889538,0.195,0.182,1
"RPRD1A",0.207082651250653,-0.410939786103139,0.075,0.12,1
"SPON2",0.207084281367565,-0.784234608897126,0.021,0.043,1
"ACTL6A",0.207095894958975,-0.622535203828813,0.057,0.088,1
"TSHZ1",0.207214851168595,0.244413393412008,0.023,0.011,1
"CKS2",0.207291954881895,0.139741920022087,0.518,0.484,1
"RBM23",0.207364547765709,0.217584612050303,0.318,0.311,1
"MMP7",0.207568687091623,-1.07239557178122,0.024,0.04,1
"SLC35F1",0.207688235327014,-0.405689963960946,0.153,0.202,1
"ENSG00000255240",0.207914860031709,-0.865545964314956,0.045,0.074,1
"SFMBT1",0.208040415091104,0.401558228804764,0.129,0.108,1
"ENDOG",0.208049339711091,-0.631790796425519,0.02,0.043,1
"ALG11",0.208103519761962,0.41795115244567,0.072,0.051,1
"KRCC1",0.208316388882134,0.424505398749187,0.092,0.08,1
"ROR1",0.208350603553136,0.532504049050704,0.147,0.128,1
"CLDN15",0.208514774557073,1.68264321020857,0.01,0.003,1
"ZNF721",0.208581042351589,-0.117766673426373,0.178,0.234,1
"CENPP",0.20874260488911,-0.469829303002396,0.047,0.071,1
"ACAA2",0.208967218089105,-0.323565431685053,0.021,0.04,1
"TRUB1",0.209269472819068,1.0175365559487,0.024,0.011,1
"ING2-DT",0.209573519649745,-1.28641610552636,0.004,0.014,1
"ATP6V1G1",0.209722934565702,0.213060863508183,0.519,0.513,1
"CENPL",0.209825662674375,0.694332054306092,0.031,0.017,1
"EFHC1",0.209875080833313,-1.0497114680691,0.027,0.04,1
"ORC3",0.209879646237476,0.628633599988787,0.051,0.031,1
"PER1",0.209958693666607,-0.153155871618896,0.501,0.59,1
"EBI3",0.20999315404439,0.159190633406708,0.057,0.063,1
"DPYD",0.210146344100663,-0.126739951479294,0.161,0.214,1
"IFIH1",0.210252255648971,0.131136076599716,0.212,0.188,1
"STAM",0.210461253400557,-0.405943790449833,0.119,0.174,1
"TRBC2",0.210524652089765,0.15992029199213,0.389,0.425,1
"ENSG00000286313",0.210699243320275,-0.90475395740927,0.006,0.017,1
"SCN3A",0.210881014406503,-0.528161763178509,0.045,0.063,1
"TUBD1",0.21102519516442,0.878805157991747,0.047,0.031,1
"LINC00963",0.211040661357024,0.83965952800672,0.035,0.026,1
"COPA",0.211200978700209,0.101241776136789,0.426,0.45,1
"IRF3",0.21126186639539,-0.799612898127063,0.057,0.088,1
"CELF2",0.211489350000235,0.316662661708576,0.293,0.276,1
"ENSG00000269968",0.211516569137875,-1.19688685915605,0.008,0.023,1
"ZNF730",0.211889474229213,-1.2452235900305,0.004,0.014,1
"EIF2B4",0.211936428473688,-0.604365460778366,0.064,0.094,1
"G3BP1",0.212085747534653,0.124589024131827,0.358,0.345,1
"USE1",0.212118637141351,0.135768516275405,0.113,0.094,1
"MYO1C",0.212215294507801,-0.312868721109296,0.264,0.345,1
"STAU2",0.212324246692082,0.674527918057363,0.057,0.048,1
"MTX1",0.212341515774027,0.409024547798366,0.107,0.088,1
"ZNF804A",0.212424922168713,1.90977800187533,0.016,0.009,1
"EPM2A-DT",0.212503184176873,-1.2130160048639,0.014,0.031,1
"TOMM70",0.212526865048993,0.507531983936477,0.134,0.111,1
"GABPA",0.212776931650718,0.224734898774211,0.123,0.105,1
"SUCLA2",0.212906283538721,0.241766893715726,0.112,0.103,1
"COPS4",0.212925875422261,0.559473941560064,0.12,0.105,1
"ST3GAL5",0.212987736408763,-0.402264610359182,0.112,0.162,1
"TFDP2",0.213006467583931,-0.532047525519123,0.106,0.154,1
"STX17",0.213348537149057,0.618473172043717,0.095,0.074,1
"UQCRC2",0.21341306324665,0.261631680818107,0.252,0.245,1
"MASTL",0.213450932869039,0.439114727772848,0.107,0.094,1
"DGLUCY",0.213481428797806,-0.697421004944926,0.047,0.077,1
"CD22",0.213501031541329,0.188976566797893,0.397,0.362,1
"TMEM38B",0.213516303066615,-0.227430336158978,0.147,0.199,1
"DUSP8",0.213537274385106,0.318099157192397,0.18,0.154,1
"ZNF235",0.213965004544235,0.191834874845768,0.044,0.031,1
"GLUD1P3",0.214009111120144,2.10969508944955,0.017,0.006,1
"TMEM185B",0.214072029554682,0.470796104174302,0.083,0.066,1
"IGHV3-74",0.214344213562618,-1.86573179928949,0.01,0.023,1
"MLH1",0.214348170647199,0.42655686660448,0.124,0.1,1
"WBP4",0.214423687867489,0.574621176193806,0.151,0.128,1
"MPC2",0.214829071816358,0.209663115215196,0.209,0.208,1
"UBASH3B",0.214924639597545,-0.971535104421688,0.028,0.057,1
"ZNF414",0.215138970698046,-0.500737917977904,0.047,0.077,1
"NSUN2",0.21515749351452,0.182291359196435,0.164,0.177,1
"CSTF2T",0.215445469715836,0.312108069141714,0.103,0.083,1
"ATG4A",0.215482882738461,1.28514585918007,0.025,0.014,1
"AFF1",0.215521310182334,-0.310382714613094,0.209,0.274,1
"PRKAB1",0.215671414377355,0.593783080395866,0.072,0.057,1
"ESRRA",0.215924105263361,1.04663606729341,0.041,0.028,1
"LEMD2",0.216131012640308,0.153871782293733,0.069,0.077,1
"GUSBP2",0.216165147196438,-2.5523256891273,0.001,0.011,1
"DCAF4",0.216172540400285,-0.183240028962411,0.047,0.068,1
"ENSG00000224905",0.216255445728215,-1.3871201090547,0.004,0.014,1
"ADGRF3",0.216300796000172,1.74131530621183,0.011,0.003,1
"TP53I11",0.216534775949814,0.348073357923636,0.089,0.071,1
"TMEM127",0.216642577241991,0.546856201445323,0.13,0.108,1
"UBE2V1",0.216719398821291,0.134987439989567,0.242,0.231,1
"SLC25A46",0.216842526691184,0.449675439496096,0.069,0.051,1
"NCK1",0.216890011695734,-0.293096418776689,0.132,0.154,1
"PAN2",0.216959996889297,1.14071508503191,0.038,0.023,1
"INSIG2",0.217130903299693,-0.294532459552252,0.137,0.148,1
"ENSG00000237461",0.217165304293023,-0.916714745672054,0.017,0.011,1
"H2AC4",0.217449703346053,-2.52270039149005,0.001,0.011,1
"R3HDM1",0.217568988903897,0.405220002637816,0.1,0.105,1
"SPRED2",0.217635606954187,-0.394067561485478,0.038,0.066,1
"ABHD2",0.217767472347828,0.900822193465911,0.03,0.017,1
"IGLV4-69",0.21778484587499,0.683705929430177,0.011,0.006,1
"BRAP",0.217964890947694,0.49471595501375,0.132,0.105,1
"TNS3",0.218126816190859,-0.828678781772928,0.052,0.091,1
"IFFO1",0.218325127948146,-0.943946373890685,0.017,0.034,1
"PGAP2",0.218379767637856,0.424243925224978,0.035,0.023,1
"SNTG2",0.218582555997874,-1.35014119731831,0.007,0.02,1
"MED8",0.218629252889927,0.395664261318741,0.124,0.108,1
"DPP8",0.218646928931922,0.309831178017718,0.086,0.068,1
"ENSG00000287351",0.21900420357007,-1.6172845462475,0.007,0.02,1
"ABCA7",0.21902010101938,-0.804375447883063,0.034,0.06,1
"NADK",0.219041720684758,0.318892113525974,0.124,0.117,1
"ZNF816",0.219051273241954,1.77971844894259,0.013,0.003,1
"ACP5",0.219106853866556,-0.388924331531747,0.147,0.182,1
"CUTC",0.219355494535239,0.687577353145316,0.075,0.057,1
"PINX1",0.21943738476132,0.570096362263708,0.076,0.068,1
"PIP4P2",0.219513566816382,-0.473587570540123,0.008,0.02,1
"CMIP",0.219741977820812,0.110403431018481,0.239,0.268,1
"BORCS8",0.219850611116419,-0.445733558373153,0.051,0.077,1
"SLC2A1",0.220025050713793,0.230569209629735,0.133,0.142,1
"ENSG00000285744",0.22033379068354,-0.705449697773621,0.031,0.06,1
"GNG11",0.220488290309888,-1.31282821335189,0.007,0.023,1
"SNX22",0.220639946821435,-0.210689886894682,0.083,0.117,1
"ASNS",0.220675013695026,0.35558731660478,0.01,0.003,1
"TTC13",0.220675033049362,-0.658027280907266,0.034,0.06,1
"CRIM1",0.22080028912302,-0.408200146785529,0.132,0.188,1
"SHPRH",0.220813031429111,-0.595348246795512,0.064,0.1,1
"MRPS22",0.220823669879902,0.40180054043202,0.173,0.16,1
"DGAT1",0.221098775582366,-0.710507247465995,0.052,0.085,1
"ALG2",0.221105568230651,-0.42523335369848,0.16,0.222,1
"DAPK3",0.221491979876732,0.390127452112255,0.078,0.06,1
"ENSG00000254604",0.221643001180201,-0.612892918444553,0.016,0.031,1
"ZNF512B",0.221693406821084,0.537664142147586,0.01,0.003,1
"SCFD1",0.221782857673172,0.176651896707921,0.233,0.217,1
"LEPROT",0.222124877205395,-0.852307551621595,0.025,0.048,1
"MIR4422HG",0.22252516379896,-0.911980618255693,0.037,0.068,1
"KCNC4",0.222597922418902,1.34265786186167,0.018,0.009,1
"LYST",0.222643291507785,0.177806784953195,0.502,0.487,1
"ZNF853",0.22281778871475,-2.49168689117471,0.003,0.011,1
"PHF20",0.222870323271627,-0.243163211820213,0.485,0.558,1
"PIK3CD",0.223464074507198,0.242430982042363,0.222,0.222,1
"CAAP1",0.223722648087179,0.320717759146343,0.122,0.105,1
"CARS1",0.224015399195229,0.163807769554071,0.141,0.151,1
"SAP130",0.224116278342223,-0.702039048589298,0.034,0.063,1
"NOMO2",0.224345903591178,-0.89793000313681,0.023,0.048,1
"ZNF814",0.224750700213014,0.282567200018875,0.095,0.074,1
"HNRNPUL2",0.224786089466681,0.214882733349113,0.182,0.174,1
"RCAN3",0.224859387401108,0.656089058427026,0.074,0.06,1
"PCGF1",0.224932398190349,0.389424581905521,0.099,0.074,1
"IL32",0.225162373691912,-0.645714096474157,0.008,0.017,1
"MRPL38",0.225564646975346,0.164641064081467,0.144,0.145,1
"ENSG00000287510",0.225670927561872,-0.663879302305332,0.033,0.06,1
"CDCA7L",0.225806108187263,0.14830175077512,0.216,0.194,1
"HS2ST1",0.225815227866129,-0.658230668417167,0.062,0.103,1
"UBXN2A",0.225909776677533,0.509495905523685,0.13,0.108,1
"TRMT1",0.226237357850243,-0.451264410822298,0.107,0.157,1
"TMEM216",0.226314769111365,0.734847161715309,0.047,0.031,1
"LAMTOR5",0.226672305284649,-0.206293280206779,0.465,0.556,1
"ALOX5AP",0.226685271330452,-0.222083326155373,0.123,0.174,1
"AAK1",0.226744082405709,-1.28691817834923,0.021,0.046,1
"SETD7",0.226915141523989,-0.896303542594847,0.05,0.083,1
"NUP37",0.226972558385509,0.359490653729211,0.031,0.017,1
"PNPLA8",0.227052904833372,0.201010723491357,0.421,0.396,1
"FBXO34",0.227055456150432,0.255151953762129,0.298,0.279,1
"NCF1B",0.227286500250941,0.240055724374993,0.328,0.291,1
"ABHD17C",0.22738012498042,-1.86727335300953,0.003,0.014,1
"ENSG00000270659",0.22752521639967,1.23470044434657,0.034,0.017,1
"ANXA2",0.227634368018016,-0.490552182570669,0.164,0.217,1
"TSTD1",0.227720909918792,-0.289441332822588,0.199,0.245,1
"ARL10",0.227829301767588,0.193475824257011,0.018,0.011,1
"ENSG00000286808",0.22802856481222,-1.70891959011432,0.004,0.014,1
"TMEM88",0.228175495573387,-1.16525130468045,0.017,0.037,1
"UTP25",0.228238725203355,0.505820481561574,0.102,0.08,1
"CWC15",0.228346701389309,-0.100719569062391,0.25,0.311,1
"RNMT",0.228463671174675,0.135351008258365,0.549,0.53,1
"RRP36",0.228520019794981,0.413343045894355,0.086,0.066,1
"HSPA1B",0.228576026535666,-0.130715669499096,0.201,0.245,1
"DENND2D",0.228601633311387,1.1149397439518,0.037,0.023,1
"LINC02391",0.228843347041628,0.259281761306309,0.02,0.014,1
"SNX14",0.228877546277973,0.496947751637634,0.081,0.068,1
"NIPA2",0.228884562268793,0.182063164118201,0.368,0.365,1
"SLC6A3",0.228941656317176,1.24435421905645,0.01,0.003,1
"TBC1D22B",0.229274648534762,-0.429074113933967,0.052,0.083,1
"ZNF613",0.229526797066498,1.28674364387191,0.023,0.009,1
"PSMA2",0.229631544289035,-0.207294668093359,0.451,0.513,1
"IGBP1",0.22981714159823,-0.267330263588691,0.207,0.265,1
"AMN",0.229828597454583,-0.769587466834145,0.027,0.031,1
"CENPK",0.229850097236075,0.709332185917541,0.033,0.02,1
"SGO2",0.229947542714786,1.02965472673931,0.014,0.006,1
"ZNF791",0.229976566183626,0.294781709636914,0.266,0.236,1
"ZBTB34",0.229980996358248,-0.723607347199439,0.011,0.028,1
"CHURC1",0.230155613699506,0.354544926669862,0.263,0.245,1
"DRAM1",0.230208443740168,-0.331949981659794,0.064,0.097,1
"IGHV7-81",0.230230890131506,2.62584665041966,0.014,0.006,1
"PPP1R13L",0.230242232895389,2.1772337309664,0.016,0.006,1
"ENSG00000291117",0.230277252975274,-0.549697921101573,0.079,0.111,1
"CFAP210",0.23033432193994,0.715472982473551,0.065,0.046,1
"ENSG00000289196",0.230374308560975,-2.00336610495377,0.003,0.011,1
"BBIP1",0.230579264417582,0.651424687849369,0.124,0.108,1
"GCNA",0.230987600298558,-0.741077441886753,0.023,0.046,1
"NDUFB10",0.231046274060141,-0.217179628391313,0.178,0.242,1
"ENSG00000261573",0.23109164956004,0.40587992620853,0.079,0.06,1
"DNAJC3",0.231161464137832,-0.245072294668682,0.175,0.234,1
"MARK2",0.231216646214678,0.215875322317553,0.122,0.125,1
"ABLIM2",0.231269130265854,-1.73368310929886,0.006,0.017,1
"SMAD5",0.231271491493169,-0.969349630041259,0.041,0.071,1
"SLC27A3",0.231307648428069,0.310694135093452,0.01,0.003,1
"ENSG00000272735",0.23144184259261,1.70130559682482,0.011,0.003,1
"NAV1",0.232418080267421,-0.863969454019571,0.004,0.014,1
"METTL14",0.232517695136124,0.65694828277007,0.127,0.103,1
"FASTK",0.232622838369516,0.373429245963319,0.106,0.085,1
"PDK1",0.232662950621911,-0.162217458551049,0.103,0.142,1
"NME3",0.233005370584133,-0.239874761923817,0.103,0.145,1
"ZNF875",0.233090419331384,0.414724111466921,0.061,0.043,1
"MOB2",0.233107207804453,0.40923167335281,0.113,0.105,1
"C11orf68",0.233136796160509,0.56037032421216,0.078,0.063,1
"NBEAL2",0.233227763954457,-0.877587868024958,0.03,0.054,1
"ENSG00000259007",0.233328240470185,-1.17447354220174,0.008,0.023,1
"EGLN1",0.233400922222453,-0.575436956441547,0.05,0.085,1
"ZNF292",0.23357070514228,0.231362373406835,0.354,0.333,1
"OASL",0.233777539957583,-1.55605072851056,0.008,0.023,1
"IFI35",0.233946535985862,-0.624962000358171,0.054,0.083,1
"H2BC9",0.234227833701065,-0.352273995176874,0.006,0.014,1
"EEF2KMT",0.234293704508753,0.966754237367874,0.011,0.003,1
"FDFT1",0.234299924276101,0.190056580392661,0.27,0.242,1
"ESAM",0.234379503049865,-0.561821053277892,0.085,0.125,1
"SBF1",0.234487663901285,0.355605937364739,0.1,0.097,1
"SGO1-AS1",0.23455870538656,-0.442296926448144,0.027,0.046,1
"ZNHIT1",0.234712123194302,0.404777521556642,0.132,0.105,1
"MED16",0.23477339895001,0.715253938545676,0.089,0.068,1
"DDX10",0.234790220790682,0.460382654269091,0.11,0.091,1
"STAG3L4",0.234894446702788,-0.364769837218516,0.127,0.171,1
"SEPTIN9",0.234928070516009,-0.277146735631292,0.349,0.439,1
"WDR33",0.235229942374426,0.255826348786351,0.349,0.325,1
"H2AC19",0.235269154418564,-0.913970630907387,0.025,0.046,1
"ENSG00000266088",0.235398969698068,-1.57220487591685,0.007,0.02,1
"LIN9",0.235442683182403,-1.58588174178909,0.008,0.02,1
"PCMTD1-DT",0.235508921471089,-1.3829120427012,0.008,0.023,1
"SETBP1",0.235511645083053,-0.560156958021894,0.117,0.154,1
"CSNK1G3",0.235657740427562,0.329288564495405,0.306,0.276,1
"ENSG00000291075",0.235725084635545,-0.391378364138641,0.109,0.157,1
"SHLD2",0.235767401806487,0.396380735232301,0.143,0.12,1
"WHRN",0.235833638632345,0.575675715197206,0.065,0.046,1
"ASH2L",0.235921326529369,0.523013259577463,0.082,0.071,1
"SMARCA2",0.235958292005907,-0.255309950662944,0.225,0.293,1
"DRG1",0.23597919679077,0.11287708792264,0.153,0.14,1
"SOCS3",0.236230315808792,-0.241126874704576,0.274,0.339,1
"CTIF",0.236292473947123,-1.59497465922588,0.008,0.026,1
"NIPSNAP2",0.236298374355836,0.559706333577698,0.083,0.066,1
"NOP2",0.236466121800397,0.408791348801893,0.143,0.12,1
"FASTKD3",0.236549258758697,1.19694696262909,0.024,0.011,1
"SELENOF",0.236652406880863,0.115485409061573,0.344,0.37,1
"ERMAP",0.236729494684086,1.45590714592938,0.011,0.003,1
"ZNF571",0.236744026562081,1.31441609675103,0.04,0.026,1
"DNAJA3",0.23674630019367,0.106252422219171,0.055,0.04,1
"SLC7A6OS",0.236801548313033,0.619767369587585,0.064,0.046,1
"CCDC117",0.236900635791689,0.350881864641541,0.12,0.1,1
"CETN3",0.237165142169128,0.698354915042594,0.02,0.009,1
"RAB11FIP1",0.23746382683546,0.180290770896692,0.446,0.419,1
"EXOC3",0.237700906292667,-0.579753314561006,0.068,0.091,1
"MFSD14CP",0.237818762113033,-0.206729009656852,0.103,0.145,1
"NTAQ1",0.237877251088843,1.07861240712036,0.028,0.014,1
"RNF4",0.237916391682101,0.365757675985407,0.233,0.208,1
"LINC01725",0.237925928605427,1.08184875797037,0.016,0.006,1
"HOTAIRM1",0.237926983405421,-1.4802729291493,0.013,0.028,1
"RNF20",0.237977272876973,0.581346510891802,0.061,0.043,1
"SKP2",0.238068706025613,0.954966046290226,0.025,0.011,1
"EGR1",0.238344569912176,0.399771039530679,0.17,0.145,1
"PAFAH1B3",0.238402979430704,-0.90508997726407,0.028,0.04,1
"CA13",0.238409366541833,-1.1675601592121,0.007,0.02,1
"PGGT1B",0.238439889655489,0.417455556917786,0.139,0.123,1
"NUP188",0.238503217832007,-0.512805365896174,0.072,0.097,1
"RTEL1",0.238566150130933,1.47882758844848,0.011,0.003,1
"TMC6",0.238668996220854,-0.32240428487159,0.212,0.254,1
"SDC4",0.238681963349459,1.92438386127298,0.013,0.003,1
"ARMC7",0.238743788644057,0.966236271233091,0.016,0.006,1
"COPS6",0.238960546780061,0.267421144947616,0.13,0.111,1
"ENSG00000265401",0.23898191884667,0.696867867904386,0.048,0.031,1
"ENSG00000290924",0.238988940172952,0.471052202673175,0.081,0.063,1
"ENSG00000273565",0.239100471838463,1.71754720901481,0.017,0.006,1
"ZNF703",0.23931553331457,-0.456858334920362,0.069,0.103,1
"PRPSAP1",0.239578041825571,-0.253511855013695,0.033,0.051,1
"MRPL47",0.23962823271877,0.266024444395694,0.238,0.234,1
"PLIN2",0.23965585222974,0.295646578068665,0.119,0.137,1
"TCIRG1",0.239675679197745,-0.31982216425536,0.164,0.197,1
"ZNF416",0.239786531212249,0.423998946244196,0.034,0.023,1
"KCNMB3",0.23995336821287,0.106677609631355,0.024,0.017,1
"CYB5A",0.240212214138587,0.465046553690273,0.17,0.148,1
"RFC5",0.240287457523575,0.444500706674495,0.024,0.014,1
"TJAP1",0.240719848614412,0.150109215524443,0.071,0.054,1
"NCOA5",0.240785257046221,-0.200451439505356,0.181,0.197,1
"PPP1R8",0.240799808523256,0.207769476614664,0.083,0.063,1
"TCP1",0.240876880907262,0.124671088189775,0.324,0.342,1
"VPS13D",0.24113511812026,0.232752658219192,0.107,0.091,1
"SPTLC2",0.241382258539967,-0.29686784784889,0.192,0.256,1
"MIR181A2HG",0.24143253971068,-1.58627586053332,0.007,0.02,1
"IGLV3-25",0.241476606362621,1.84696039279004,0.023,0.009,1
"TAX1BP3",0.241649387288175,-1.100224002176,0.023,0.048,1
"VPS51",0.241651978665692,-0.237587441566505,0.252,0.325,1
"RP2",0.241701798280435,0.459250439072925,0.192,0.165,1
"POC5",0.241735087748419,0.635544158686122,0.038,0.028,1
"PHF3",0.241802900154083,0.183293923523978,0.436,0.425,1
"TPRKB",0.241990927521922,0.372357190926856,0.103,0.083,1
"ZNF506",0.242001385829141,0.344353844396092,0.222,0.205,1
"CIAPIN1",0.242014834137084,0.753413196833382,0.074,0.057,1
"SELENOS",0.242090441538709,0.267113931108023,0.156,0.151,1
"TRMT10A",0.242103394054664,1.3920232665715,0.018,0.009,1
"ABHD15",0.242154382140612,0.711389580678555,0.02,0.011,1
"CZIB",0.242158648198081,-0.84211737060946,0.02,0.04,1
"ZBTB40",0.242159680770372,0.651503970871054,0.081,0.063,1
"MANEA",0.242330618999866,-1.07324385186076,0.013,0.028,1
"BAZ2B",0.242375590162444,0.248239640861828,0.194,0.168,1
"MEI1",0.242465154773839,0.985036108824426,0.034,0.017,1
"CDC5L",0.24249996637809,0.198567119030817,0.296,0.293,1
"CNOT7",0.24251666427202,0.103438121635271,0.19,0.171,1
"HNRNPK",0.24284676288471,-0.155260975487335,0.771,0.826,1
"CENPO",0.242856611037434,-1.97768828781682,0.006,0.017,1
"MAPK7",0.24292653157666,1.2579015357429,0.024,0.011,1
"PIKFYVE",0.243291427408762,-0.27850841953278,0.438,0.519,1
"MIER3",0.24330968672107,0.374178469692312,0.074,0.057,1
"ARF5",0.243343633529306,0.109184938502596,0.313,0.302,1
"PP2D1",0.243442151743732,-1.32370174299285,0.006,0.017,1
"KLHL20",0.243771993894464,-0.439641518492966,0.124,0.179,1
"PRDX4",0.243787279487261,0.574183848451844,0.106,0.088,1
"DHX37",0.244013301433587,0.606808329511684,0.052,0.037,1
"RBM6",0.244262331080261,0.112334332455722,0.314,0.299,1
"RALGAPA2",0.244333294393149,-0.746843482591977,0.041,0.066,1
"TIMM23",0.244449417918084,0.295837152245986,0.211,0.191,1
"ACTR1A",0.244524255430442,0.323484257558506,0.171,0.165,1
"MAPK1",0.24457857052104,0.226210521359382,0.322,0.305,1
"NFE2L3",0.244904030961569,0.901555712954074,0.023,0.011,1
"PIM1",0.245035162399402,0.236154602207126,0.45,0.433,1
"LINC01138",0.245072744279259,0.138520722636356,0.303,0.288,1
"STX7",0.245100079642273,0.35506546260793,0.249,0.219,1
"HOMER1",0.245108688582059,-0.644500996381749,0.027,0.048,1
"ORMDL1",0.24522021882356,0.106490794729343,0.266,0.276,1
"DDX19B",0.24524104563812,0.682242576886908,0.098,0.083,1
"FLYWCH1",0.245277166542617,-1.19930124783023,0.017,0.037,1
"CPEB2",0.245335686671342,0.358905136177934,0.052,0.043,1
"ATXN7L3",0.245340736267717,0.413570874818709,0.088,0.077,1
"CD44-AS1",0.245412249269581,-1.30691438237736,0.017,0.031,1
"YOD1",0.245423205862549,-0.742321059218544,0.03,0.051,1
"PDE4DIPP4",0.245441060190322,-2.45659806834718,0.001,0.011,1
"BCS1L",0.245449232350971,-0.769879355152674,0.017,0.034,1
"H2AC6",0.245510588035755,-0.291514717181297,0.119,0.162,1
"ZNF548",0.245527435110314,0.579830672131434,0.091,0.066,1
"ENSG00000272211",0.245582421877019,-1.61043654182918,0.007,0.02,1
"ESF1",0.24567278383199,0.123453841697166,0.156,0.148,1
"PIGQ",0.2457815472901,-0.786214661373275,0.027,0.046,1
"NOCT",0.245956729270745,0.338277263020859,0.119,0.103,1
"GTF2H5",0.246232001282109,0.56358888145548,0.051,0.034,1
"NSUN7",0.246352976735577,-0.112606795509826,0.062,0.06,1
"ZNF79",0.246767397684744,1.18021403790019,0.025,0.014,1
"SERINC5",0.246794994141981,-0.477153560591121,0.066,0.1,1
"NUDT4",0.246914480428346,0.432330147807051,0.188,0.168,1
"SLC25A25",0.246955153634724,0.34516633622934,0.127,0.12,1
"GUK1",0.247004463579051,-0.154034200918752,0.502,0.59,1
"SIL1",0.24709068990553,-0.391972332774031,0.035,0.051,1
"ZNF160",0.2471081453679,-0.13157581571352,0.088,0.085,1
"ZNF747-DT",0.247242212279916,1.39713114811273,0.011,0.003,1
"RNFT1",0.247256519743813,0.475852212054606,0.1,0.08,1
"GMDS-DT",0.247365481524541,-0.823118042008639,0.051,0.083,1
"ENSG00000291078",0.247394337909325,0.28308083697401,0.13,0.123,1
"PAFAH1B2",0.247493844897645,0.35816971921583,0.174,0.162,1
"NUDT9",0.247638872455036,0.181298490989158,0.051,0.04,1
"SEPSECS",0.247667717362272,0.424313494205942,0.047,0.031,1
"B4GALT4",0.247735725266046,0.125898293623341,0.082,0.097,1
"CEP128",0.247791038840408,-0.803903214181106,0.017,0.034,1
"SNIP1",0.248084729625934,0.153206826013223,0.167,0.154,1
"RPN1",0.24810582659877,-0.141950050864969,0.335,0.41,1
"ARHGAP10",0.248277376851998,0.937137293853441,0.014,0.006,1
"ST14",0.248527470323186,-0.811976983194599,0.014,0.031,1
"ENSG00000236449",0.248636780881806,0.256777170074636,0.058,0.06,1
"TBC1D10B",0.248703453694307,0.425782214553898,0.061,0.046,1
"CHIC1",0.248856336897743,0.113424628400959,0.065,0.074,1
"GSTO2",0.248870668372623,-1.53743332495141,0.004,0.014,1
"RNF5",0.248923652017693,-0.43176917910998,0.149,0.188,1
"WDR45",0.248994100081136,-0.307177752814883,0.1,0.142,1
"CAPN3",0.248997523067813,-1.4611022489328,0.011,0.026,1
"DNAJB4",0.249124417891461,-0.361012789597774,0.059,0.085,1
"USF2",0.249136976394246,-0.491245692700629,0.079,0.12,1
"ATXN1L",0.249233056213038,-0.191757163463171,0.089,0.117,1
"MXRA7",0.24923404040316,-0.196421791903667,0.047,0.048,1
"KCNG2",0.249322537767871,-0.930829688140271,0.034,0.066,1
"CYSLTR1",0.249432685077702,0.547882105882212,0.061,0.066,1
"PAGR1",0.249470161487665,-0.420051667057906,0.065,0.103,1
"ENSG00000289170",0.249650173467181,-2.00821431711925,0.004,0.014,1
"RTL6",0.249714312198819,-1.21110694807647,0.004,0.014,1
"PEX13",0.249955090404653,-0.368970823986351,0.075,0.088,1
"DDX49",0.250144697373679,0.436280211121355,0.103,0.085,1
"CXorf65",0.250145527448848,1.35663922158231,0.01,0.003,1
"ADPGK",0.250311623936833,-0.169010500096314,0.232,0.291,1
"SPSB1",0.250354813834877,0.907463141014838,0.062,0.048,1
"ENSG00000267379",0.250415255463509,-1.21401242955883,0.017,0.037,1
"MEF2C-AS1",0.250625221493779,-0.591666045803298,0.048,0.063,1
"ODF3L1",0.250670446704406,-1.21790493266243,0.006,0.017,1
"DAZAP1",0.250672918514232,0.27161991054859,0.248,0.231,1
"TRIB2",0.250764940962188,-0.154254873282411,0.05,0.074,1
"TULP3",0.250889282668227,0.685200161643529,0.052,0.034,1
"TC2N",0.251198481824676,1.23975655434285,0.021,0.009,1
"GALK1",0.251228787079667,-0.909815280671776,0.008,0.023,1
"TMPO",0.251335395597662,0.38752565833384,0.208,0.191,1
"IGHV1-69",0.251375955449979,-0.566590898809824,0.021,0.017,1
"VTA1",0.251420619516375,0.327619198216139,0.17,0.151,1
"TGS1",0.251460986466922,0.194575388119916,0.214,0.197,1
"ENSG00000290931",0.251491620166447,1.08478224942598,0.013,0.006,1
"PLAA",0.251606090292484,0.191357101410437,0.139,0.148,1
"SSBP1",0.251673544369673,0.145811661186993,0.208,0.234,1
"EXD3",0.251685467239479,-1.07252028279262,0.014,0.031,1
"DUSP22",0.251898654773102,0.382952561166797,0.156,0.137,1
"ODAD3",0.251987238284412,-1.17896580173801,0.008,0.026,1
"SART3",0.252086454035871,0.185758835886378,0.139,0.154,1
"NR1H2",0.252227698534847,-0.179365327771363,0.492,0.581,1
"LMBR1L",0.252257180514291,0.380911754013241,0.195,0.188,1
"IFRD2",0.252268410504377,0.536189985011482,0.093,0.08,1
"CERK",0.252301280233923,-0.353913966124933,0.124,0.174,1
"UBE2M",0.252320194089104,0.162043051116581,0.273,0.291,1
"ENSG00000275964",0.252353323237214,1.00564813194685,0.01,0.003,1
"POLR1F",0.252420418277645,0.214534581115559,0.199,0.185,1
"ZNF621",0.252516233654766,0.890975107135299,0.03,0.017,1
"RNF115",0.252553929974574,0.280170985886355,0.201,0.182,1
"COL1A1",0.252686955822565,0.238839528575222,0.062,0.071,1
"DUSP3",0.252981148905352,0.641783437391915,0.066,0.048,1
"ENSG00000281021",0.253123829892794,-1.58146727645768,0.006,0.017,1
"TMED1",0.253249976482454,-0.290673822611109,0.061,0.066,1
"SETDB1",0.253422115344699,0.532861813525842,0.086,0.068,1
"USP4",0.25343122370333,0.332645400600363,0.161,0.137,1
"S100A8",0.253486477902087,-0.976503494476566,0.003,0.011,1
"ENSG00000247228",0.253603430611432,1.49140222178594,0.01,0.003,1
"NAPRT",0.253655689747105,-1.30993344319464,0.021,0.043,1
"MDC1",0.253872606342365,0.509192050718272,0.055,0.04,1
"NRSN2-AS1",0.253946656955777,-1.37721786029678,0.007,0.02,1
"AGER",0.254166996246301,-1.01886430470691,0.01,0.023,1
"MAP3K2",0.254216614453333,0.171836859553466,0.487,0.484,1
"CYSTM1",0.254220804386387,0.211330597491965,0.447,0.456,1
"SCML1",0.254226759588303,-0.518879280208949,0.071,0.103,1
"BNIP1",0.254454690156646,0.551228921700239,0.088,0.068,1
"RTN3",0.254527478521228,0.292170575114913,0.16,0.157,1
"SRRD",0.254603310042363,0.637583103147438,0.04,0.037,1
"LPAR2",0.254623687018205,-0.147340380599347,0.017,0.011,1
"GBP4",0.254638375022292,0.194898923772427,0.197,0.185,1
"BLK",0.25466346545061,-0.18621708028793,0.335,0.407,1
"SOD1",0.254782823329502,0.189963502517391,0.376,0.405,1
"ARL8B",0.254832305548883,0.271681186021226,0.402,0.376,1
"CUL4B",0.255053298106165,0.883986238328536,0.054,0.04,1
"MCL1",0.255211660789919,-0.256122225015208,0.61,0.689,1
"GMPR",0.255558547631093,-2.19934588634916,0.003,0.014,1
"NSRP1",0.255584402438399,-0.129493742050703,0.15,0.182,1
"HERC4",0.255588653397563,-0.455592600665217,0.14,0.177,1
"ELP1",0.255676992805634,-0.947046339940361,0.028,0.051,1
"PDE3A",0.255840689596782,0.360983761021084,0.079,0.06,1
"RAB1B",0.255924371208705,0.269672404059985,0.264,0.245,1
"FBXO9",0.255996833851558,-0.658035913252086,0.044,0.074,1
"SNX18",0.256033513046111,-0.714325428425437,0.038,0.068,1
"GDPD1",0.256051444917434,-2.11871901295232,0.003,0.011,1
"PPP1R3D",0.256340280015303,-2.11091941371025,0.006,0.017,1
"GABPB1-AS1",0.256393993534765,0.338812211691635,0.171,0.148,1
"ZSWIM7",0.256496745911548,-0.493270166306114,0.064,0.094,1
"ATP5MF",0.256760373361757,0.297442857805789,0.235,0.217,1
"SEH1L",0.256948823968258,-0.209155018675529,0.122,0.174,1
"ZNF704",0.257031294918012,-0.445478279766431,0.03,0.057,1
"ENSG00000235119",0.257081641413669,-0.714159005011742,0.035,0.063,1
"ENSG00000289757",0.25720504885221,-1.29966857473157,0.004,0.014,1
"CYP51A1",0.257367073206291,-0.149937651689106,0.245,0.311,1
"POLD4",0.257406480518954,-0.166638202621902,0.317,0.382,1
"ST13",0.257607586550109,-0.255955131831952,0.372,0.45,1
"SLFN13",0.25766478276287,-1.32965608389939,0.007,0.02,1
"TPRN",0.257678324687953,1.01641510257049,0.023,0.011,1
"PPP2R3B",0.257721314111228,1.03766418185007,0.027,0.014,1
"HSPA4",0.257737729918636,0.202618390228172,0.32,0.319,1
"GOLGA8B",0.257902265590931,0.555613878702731,0.081,0.066,1
"ETFB",0.258387631597097,-0.238553262177451,0.045,0.068,1
"CWC22",0.258406925246784,0.398458767591212,0.178,0.154,1
"PTBP3",0.25863277076284,-0.21615966329795,0.28,0.299,1
"CHM",0.258633325985717,0.477086154971626,0.075,0.074,1
"DCTN4",0.258750113309259,0.3393154513398,0.253,0.225,1
"ATP8B2",0.258771912482771,0.930642819573539,0.023,0.014,1
"PWWP2A",0.258840175234596,0.487869085453141,0.115,0.097,1
"TMEM43",0.258908492864541,-0.105503831347217,0.095,0.1,1
"CLEC2B",0.259096844372485,-0.106655192569109,0.446,0.521,1
"FAM174B",0.259172795078186,1.59976548584126,0.013,0.003,1
"RNF168",0.259259253696931,0.147415269128698,0.168,0.154,1
"SLAMF1",0.259331451371794,0.163712030921853,0.306,0.282,1
"VPS4A",0.259366837876999,0.431320888984519,0.129,0.108,1
"STX16",0.259565167535744,0.225118833921026,0.086,0.071,1
"TKFC",0.259674623026509,-1.15386158137116,0.016,0.034,1
"OSBPL2",0.259782765344052,0.630801276446658,0.071,0.048,1
"RTN4",0.259885421214115,-0.143371616567234,0.277,0.348,1
"GNA11",0.259940981127402,-1.72716214655011,0.006,0.017,1
"TRIM58",0.260107186957156,-1.28866051468368,0.004,0.014,1
"PLPP3",0.26048199572179,-0.481924522505823,0.02,0.037,1
"ENSG00000290576",0.260540539749468,-1.40951251899988,0.004,0.014,1
"UMPS",0.26097190560148,0.787898608586219,0.074,0.054,1
"RPP40",0.261018004630119,0.889961692247217,0.025,0.014,1
"GPR132",0.261034680033093,0.130278269625216,0.392,0.425,1
"CEP85L",0.261305477213315,-0.434032837433258,0.098,0.14,1
"RIC1",0.261484282301873,0.2790025477038,0.294,0.291,1
"CCDC122",0.261579492602011,1.76922886938736,0.023,0.009,1
"LRRC32",0.261755160577257,-0.933310499604147,0.035,0.057,1
"ZNF480",0.261769753747681,0.757771889600988,0.068,0.054,1
"GORASP1",0.261848016867764,0.890415199412688,0.042,0.026,1
"FAM151B-DT",0.261882314029689,-0.692504956121623,0.037,0.063,1
"ZNF891",0.261969887053618,0.539787349605992,0.065,0.051,1
"NDUFB6",0.262011624538432,-0.434852789016012,0.132,0.185,1
"UBE2Q1",0.262018095935596,0.458161262113382,0.066,0.057,1
"RPS6KA3",0.262439481359389,0.21251202748467,0.308,0.285,1
"ALG14",0.262511075340805,1.38692145178738,0.024,0.011,1
"USP5",0.26254849755332,0.627778789429487,0.034,0.023,1
"LYRM9",0.262571595855832,-0.842790923585867,0.011,0.028,1
"HCK",0.262616085375197,0.335596471053512,0.078,0.068,1
"ATP6V0A2",0.262640300442457,-0.795587414778425,0.058,0.094,1
"SLC35F6",0.262898038061612,1.200044700313,0.025,0.014,1
"GPR160",0.263096543738545,-0.499062613817792,0.03,0.057,1
"RCE1",0.263107604698775,0.311885498798723,0.158,0.142,1
"ALG13",0.263119402225355,0.178175506432537,0.484,0.47,1
"SIDT1",0.26322328761579,-0.221495891493228,0.171,0.219,1
"WDR19",0.263269623311258,0.194857640109882,0.062,0.051,1
"IGLC2",0.263382647750411,0.622107020779403,0.122,0.094,1
"TCF12",0.263416872173209,0.21900692430437,0.281,0.274,1
"NAB2",0.263658328054304,0.381851283437969,0.076,0.063,1
"SHISA5",0.263676293127474,-0.278575800381633,0.122,0.168,1
"ZC3HC1",0.263805847308359,0.791539246573564,0.047,0.031,1
"MPP7",0.264107434585134,-0.228243697337215,0.123,0.171,1
"LIMD1",0.264148050544079,-1.03923908339528,0.037,0.066,1
"SAP30BP",0.264152688050033,0.25050164701328,0.379,0.376,1
"PDCD5",0.26417382391945,-0.35270589098514,0.093,0.137,1
"PPP4R3B-DT",0.264305399605311,-1.20072872928533,0.014,0.031,1
"UAP1",0.264393700534466,0.261538967489842,0.136,0.148,1
"POLR3GL",0.264496068616854,0.731041262612182,0.05,0.034,1
"ZNF580",0.264643982539707,-0.296526907835756,0.069,0.105,1
"METTL8",0.264750095012451,0.330848716048753,0.033,0.034,1
"ESR2",0.26503074395804,-0.497084356944971,0.021,0.04,1
"ENO3",0.265095864989048,-1.60798147046263,0.006,0.017,1
"CARD11-AS1",0.265128202982711,-1.22108741009762,0.011,0.028,1
"UCKL1",0.265283624571166,-0.403887956329937,0.107,0.154,1
"ASB16-AS1",0.265353526527452,-0.543638153542698,0.025,0.046,1
"METTL9",0.265492835228108,-0.409665435291722,0.126,0.179,1
"SPN",0.265512211131955,1.42666541136667,0.01,0.003,1
"ENSG00000291156",0.265848465252616,0.435206910974255,0.078,0.066,1
"NUFIP2",0.265942727966121,0.129021599995083,0.315,0.296,1
"KDM4C",0.266198130528997,0.169486351268437,0.303,0.342,1
"TNRC6C",0.266322476045199,-0.257380873070474,0.228,0.296,1
"TAFAZZIN",0.266357008956029,-0.336756931583344,0.1,0.142,1
"SLC2A4RG",0.266361974692659,-1.20112133846112,0.013,0.028,1
"INIP",0.266673433273579,0.41941976748604,0.069,0.051,1
"SRSF8",0.266681617586093,0.475313751054799,0.192,0.174,1
"H4C2",0.26670504777905,-1.24665123434634,0.01,0.023,1
"GCOM1",0.266810040697374,1.03602946512907,0.021,0.009,1
"SHLD1",0.266911754823685,0.170501256861356,0.057,0.063,1
"FTH1",0.266961885538774,-0.225397302723812,0.996,1,1
"ENSG00000278376",0.267066104200453,-0.417592435702593,0.021,0.04,1
"GLIDR",0.267206909227843,-0.470300667801034,0.011,0.028,1
"ZNF800",0.267214666952245,0.211671003394353,0.349,0.336,1
"NDUFV2",0.267239424606284,0.107946947688124,0.498,0.481,1
"DENND1B",0.26737016542277,0.20287761258761,0.066,0.071,1
"RNF31",0.267398594160283,0.11933272759572,0.059,0.048,1
"RPP30",0.26778643947309,0.311498045578641,0.122,0.105,1
"RFX1",0.267922337438675,0.302223479668456,0.156,0.145,1
"CDR2",0.268161866966852,0.275495302994377,0.091,0.094,1
"BIRC2",0.268162830140441,0.11469255173926,0.474,0.464,1
"ENSG00000255026",0.268228230509438,1.42713689476819,0.01,0.003,1
"SBNO2",0.268364778616464,-0.447185049070121,0.089,0.131,1
"NCOR1",0.268662579410735,0.245670092943221,0.335,0.316,1
"JPT1",0.268768338289293,-0.202266311274069,0.264,0.333,1
"ACTR6",0.26881982364248,0.452305750259069,0.134,0.114,1
"RMND5A",0.269008313678224,-0.401317623532044,0.17,0.222,1
"UBA6-DT",0.269225114790525,0.978948636082945,0.037,0.026,1
"LONRF3",0.269254044811676,-0.953092902082334,0.004,0.011,1
"SEPTIN2",0.269297426748718,0.263174543940773,0.338,0.319,1
"CUL4A",0.269350494044151,-0.307913434815635,0.177,0.217,1
"IL13RA1",0.269382785029483,0.439439754749015,0.076,0.06,1
"SPCS2",0.269450934112548,0.227346192867205,0.39,0.373,1
"RAB3GAP1",0.269644261915799,0.30328888541158,0.393,0.376,1
"ZRANB2",0.270314647097751,-0.321657700343792,0.291,0.342,1
"VAMP1",0.270428364546942,-0.737207727758066,0.024,0.043,1
"JAM3",0.270493666193825,0.445673170704039,0.089,0.083,1
"COA1",0.270718283767836,0.304475785116603,0.13,0.131,1
"TPTEP1",0.270760855693658,1.92901171060705,0.013,0.003,1
"ATG16L2",0.271079482236878,0.263361264530319,0.143,0.125,1
"PRPF39",0.271113506047602,-0.216525532324886,0.151,0.202,1
"LINC02328",0.271164393245405,1.05362635025704,0.038,0.034,1
"UQCRHL",0.271510921336476,-2.26196245020371,0.006,0.017,1
"EFTUD2",0.271573996921156,-0.239135002220948,0.117,0.134,1
"FAM204A",0.271877025772096,0.278481682013202,0.233,0.208,1
"CLIC1",0.271881893283296,-0.149524165436854,0.569,0.638,1
"LINC01619",0.271927620738442,-0.320227997252175,0.264,0.342,1
"STX3",0.271947582869354,-0.678591226668703,0.041,0.068,1
"AP2M1",0.27199486409823,-0.276710632057196,0.134,0.157,1
"ASNSD1",0.272103638718359,0.700894206527173,0.037,0.026,1
"APC",0.272281659416125,-0.236546731786745,0.105,0.12,1
"SNHG7",0.272288578198794,-0.231392447083618,0.41,0.49,1
"SLC15A4",0.272415182832648,0.301401905338558,0.113,0.103,1
"GDPGP1",0.272625541793871,-1.14736399529657,0.007,0.02,1
"RBM26",0.2728244595235,0.193481936818698,0.272,0.254,1
"MRPL53",0.272842333076789,-0.673002531660257,0.038,0.066,1
"APBB1",0.272904816842142,1.12116080102453,0.027,0.014,1
"ENSG00000275418",0.272952417446629,1.14987419665381,0.03,0.014,1
"GCLC",0.273200521610056,1.32628753665007,0.033,0.02,1
"KLHL17",0.273287526321927,-1.42037950367603,0.004,0.014,1
"CSE1L",0.273393774811157,0.432763711351583,0.141,0.134,1
"EGR3",0.273601486573207,0.250665866482951,0.18,0.168,1
"LINC00630",0.273661691264803,-1.09374572106789,0.01,0.026,1
"POLD1",0.273753370712083,-0.696662886349718,0.037,0.051,1
"AKT1",0.273996523303793,-0.883879777525184,0.041,0.077,1
"ZNF41",0.274055642528846,0.66825943183922,0.037,0.023,1
"RRP15",0.274083163147102,0.330688642939643,0.164,0.151,1
"ANKRD33B",0.274159435264026,-0.335609475090892,0.277,0.35,1
"ADAM8",0.274250652879067,-0.197540804297572,0.147,0.188,1
"D2HGDH",0.27435610991697,-0.777903021684644,0.025,0.048,1
"ADIPOR1",0.274422924678111,0.169507487668512,0.298,0.274,1
"VAV3-AS1",0.274460217101597,-0.53710742047638,0.027,0.046,1
"ENSG00000273188",0.274762238501978,1.60664616741952,0.011,0.003,1
"TSEN54",0.275001037482672,-0.894559979459266,0.018,0.037,1
"MZT2B",0.275217466877512,-0.146946307741856,0.479,0.553,1
"CACNA1D",0.275448819413531,-0.469630220745313,0.011,0.023,1
"TAOK1",0.275509226971006,0.164505353315873,0.171,0.162,1
"IGHJ6",0.275513523708064,1.84317889429119,0.011,0.003,1
"AGAP2",0.27553090307795,-1.30078082770113,0.014,0.034,1
"TGOLN2",0.27555413421133,0.130303431203461,0.221,0.202,1
"GPN2",0.275557584799974,0.248963800403716,0.086,0.071,1
"MLLT6",0.275673759459696,-0.761824170318965,0.058,0.088,1
"KXD1",0.275763879853687,0.433920176955104,0.099,0.083,1
"USP22",0.275888395510659,0.229829570273624,0.293,0.282,1
"YEATS2",0.276282792363598,-0.854002721489504,0.037,0.057,1
"SERTAD1",0.276472570236668,0.278501652559764,0.366,0.342,1
"PHF13",0.276626721022696,0.419830536033118,0.035,0.023,1
"SLC9B2",0.276788233230242,-0.24620729000882,0.061,0.091,1
"ENSG00000290003",0.276957091280641,-0.529253512613953,0.02,0.034,1
"IL27RA",0.276966603162774,0.339655335925529,0.167,0.154,1
"RANBP3",0.277111566639498,0.219031050499555,0.103,0.097,1
"HFM1",0.277133037582092,-0.449507610000562,0.03,0.031,1
"PSIP1",0.277156286867294,-0.298561055226826,0.14,0.191,1
"P3H1",0.277261687632121,-0.880764496417829,0.028,0.048,1
"INKA1",0.277273376857092,-0.462747382881098,0.024,0.048,1
"INTS12",0.27728631845233,0.287193683305247,0.088,0.077,1
"DOP1A",0.277305209369801,0.584925214804801,0.085,0.071,1
"IFI27",0.27745101727089,-1.90687232211952,0.003,0.011,1
"PHF20L1",0.2776812710743,0.178236314074752,0.229,0.208,1
"MAPKAPK5-AS1",0.277713933916476,-0.188589311850996,0.066,0.068,1
"IGKV4-1",0.277828713471976,-0.78027735521944,0.051,0.068,1
"ZNF354A",0.278022343430369,0.31495053272498,0.038,0.023,1
"HNRNPC",0.27802417764383,-0.121746188672441,0.778,0.792,1
"ENSG00000291159",0.278406206726117,-0.556699445916837,0.014,0.031,1
"TSPAN13",0.278438387723243,0.1041018151791,0.201,0.185,1
"HERC6",0.278464034628241,-0.915491105734393,0.016,0.031,1
"PDCD4-AS1",0.278567004246402,0.991400103999526,0.057,0.043,1
"TRIM21",0.278697835679826,0.488390074635516,0.033,0.02,1
"MYH10",0.2788482079449,-0.992731559144313,0.006,0.017,1
"TMEM87A",0.278851415420936,0.248048709935714,0.318,0.325,1
"MIA2",0.27930228628946,0.257976261257205,0.233,0.211,1
"ZNF28",0.279392841620681,0.608800682584317,0.045,0.028,1
"ZNF518B",0.27951011313289,-0.149162787621905,0.075,0.083,1
"SRGAP2",0.279844854603309,-0.634464055264258,0.066,0.103,1
"PCNP",0.280065641503012,0.219290279887624,0.306,0.296,1
"PAICS",0.280435330962585,-0.647808649968567,0.045,0.077,1
"HIF1A-AS3",0.280672282597848,-0.344184237324521,0.177,0.231,1
"SPRYD4",0.2806967186105,-1.23542173724835,0.013,0.026,1
"ENTPD7",0.280820037182569,-1.34830752890771,0.008,0.023,1
"NUTM2A-AS1",0.28083729100524,-0.276970155891664,0.226,0.299,1
"C9orf78",0.281084162480297,0.154215398370111,0.294,0.302,1
"MYRIP",0.281334345837836,-1.08149641903639,0.004,0.014,1
"SPAG1",0.281400881960469,-0.511880061619614,0.086,0.128,1
"GAS6-AS1",0.281504300719035,-1.31783372204346,0.006,0.017,1
"TOR1B",0.281647817407296,-0.17722639187242,0.085,0.111,1
"ENSG00000247121",0.281653743109722,1.97662112897375,0.021,0.009,1
"ENSG00000291068",0.281759003062874,-1.68412343645733,0.01,0.023,1
"AP4B1",0.281851499561253,0.258945140334078,0.088,0.1,1
"TTC4",0.281894193295603,0.761547576274581,0.042,0.028,1
"FKBP8",0.281912825079199,0.240126640057822,0.199,0.177,1
"EEF1E1",0.281977656671674,0.253548106151311,0.116,0.123,1
"GALNS",0.282297186836813,-0.630320774334483,0.03,0.054,1
"ADPRM",0.282325175041748,0.768687228065491,0.103,0.08,1
"CPSF2",0.282414539781595,-0.649203375169502,0.034,0.06,1
"TBC1D7",0.282446015481781,0.370357113770491,0.058,0.048,1
"ENSG00000289974",0.28251040006218,0.462604357366973,0.064,0.051,1
"ENSG00000257275",0.28251464866016,-0.750488259425839,0.048,0.068,1
"UQCRC1",0.282584135219841,-0.210720509694538,0.14,0.148,1
"TENT4B",0.282961318830032,-0.595923175916583,0.074,0.114,1
"RAB14",0.283086771825307,0.103566143334642,0.345,0.368,1
"GFM2",0.28331805525298,-0.863811934381506,0.034,0.06,1
"POLR1B",0.283319330731071,-0.974896852993695,0.038,0.068,1
"ZNF101",0.283371286877003,1.00781596459342,0.04,0.026,1
"LONP2",0.283570406029543,0.274228587156247,0.106,0.091,1
"ENSG00000223732",0.283875928043197,-1.30857317553841,0.006,0.017,1
"ZNF493",0.283908636070495,0.462794392813609,0.102,0.077,1
"NLRP6",0.284011759425703,-1.427720919089,0.003,0.011,1
"HARS1",0.284105895138584,0.13977357926144,0.103,0.103,1
"ANAPC4",0.284135340769592,-0.406667521628448,0.033,0.054,1
"HEIH",0.284240403092772,1.00203968163349,0.047,0.031,1
"BMS1",0.284251325027177,0.337177272524077,0.103,0.085,1
"GSTZ1",0.284418979178603,0.886982185275212,0.033,0.02,1
"OLA1",0.28442600182665,-0.349215690409758,0.197,0.262,1
"CSGALNACT2",0.284532968167983,-0.176675067251734,0.177,0.222,1
"RNPEPL1",0.284564208740679,-0.474245009310475,0.126,0.157,1
"TLE3",0.284750770753336,-0.210471898970808,0.124,0.165,1
"GPR35",0.284820483325548,-0.355258684173328,0.051,0.074,1
"PIK3R5",0.285160839468483,-0.51161842812035,0.082,0.12,1
"RTL8A",0.285268178311196,-0.77119512374536,0.023,0.043,1
"ENSG00000176593",0.285331018032392,1.5218543091894,0.03,0.014,1
"SMAD3",0.285389773553543,-0.279376900239922,0.399,0.47,1
"ZNF200",0.285422443612131,-0.782072667171856,0.023,0.04,1
"TMUB2",0.28545993569058,0.441903631091183,0.137,0.12,1
"MORC4",0.285479172455424,0.75397142738988,0.028,0.014,1
"RNLS",0.285703093604279,-0.746411593777781,0.01,0.023,1
"FBXL15",0.285914064898302,0.491039997382632,0.052,0.037,1
"CXCR5",0.285953099344946,0.15367730870971,0.58,0.561,1
"AKAP12",0.286021074821275,1.40050751751523,0.038,0.028,1
"RPS6KA4",0.286181841297483,-1.52530508960387,0.004,0.014,1
"ENSG00000267058",0.286221813540525,0.643896918261611,0.017,0.009,1
"CISH",0.286297965863773,-1.33613970622591,0.003,0.011,1
"PBX3",0.286381770527416,-0.226933062148344,0.055,0.057,1
"ZNF317",0.286392687603061,0.413888597536221,0.1,0.083,1
"ENSG00000289047",0.286419703139304,0.995796498129287,0.041,0.026,1
"SLAIN2",0.286494022805626,0.241346051013268,0.113,0.097,1
"TMCC1",0.286531439685569,-0.552665680848337,0.091,0.128,1
"GORAB",0.286721506301412,0.550548536727271,0.076,0.068,1
"ENSG00000289393",0.286771917629682,-0.361077650932943,0.013,0.006,1
"MAPK14",0.286932013035281,-0.210396636542658,0.054,0.083,1
"RFC1",0.287061776361447,0.171286979223658,0.109,0.12,1
"H2BC21",0.287133464308663,-0.353344648293403,0.018,0.028,1
"ENSG00000235319",0.287325010794067,2.31446098176712,0.013,0.003,1
"HACD4",0.287343456758808,-0.310245885999249,0.035,0.051,1
"AKT2",0.287486702309306,-0.106809445996461,0.233,0.256,1
"ZYX",0.287534204880604,-0.480827178825417,0.065,0.085,1
"ENSG00000289057",0.287576910365167,2.24842270117911,0.011,0.003,1
"PRR14",0.287895253075334,0.378683188080208,0.185,0.165,1
"SLC39A11",0.288153293393355,0.925209253338658,0.044,0.028,1
"DDX56",0.28825808227577,0.330608861097106,0.136,0.12,1
"GTF3A",0.288281586279559,-0.317603185816309,0.248,0.293,1
"IMMP1L",0.288478107847739,0.673964671655181,0.058,0.04,1
"BTBD1",0.28850570454888,0.211912268281393,0.219,0.205,1
"GYG1",0.288634098409228,0.612797172239987,0.045,0.031,1
"CDK9",0.288706960267855,0.172269447014083,0.222,0.222,1
"UBAP1L",0.288941218423177,1.59463664887887,0.01,0.003,1
"IFIT5",0.289000674027981,-1.00836754702183,0.044,0.074,1
"ANKRD13A",0.289124293419511,0.33319390595565,0.235,0.219,1
"ARHGAP25",0.289275547751345,0.117824986999659,0.331,0.313,1
"MRPL20-AS1",0.289387546899556,0.819080566766578,0.05,0.031,1
"TRIO",0.289588585487109,-0.3221732238403,0.242,0.296,1
"PRAF2",0.289640511156077,-1.08467004724335,0.021,0.043,1
"ALDH16A1",0.289658502115973,0.379431981211788,0.14,0.114,1
"ENSG00000287825",0.289666852950379,-1.30802091711245,0.008,0.02,1
"RAB11B",0.289686094706379,0.265516756023106,0.281,0.262,1
"USP44",0.289800603726785,-1.8540821819049,0.003,0.011,1
"TBC1D25",0.28983439707128,0.411046931588068,0.14,0.134,1
"VPS36",0.289857301537742,-0.446377773727326,0.112,0.16,1
"TMEM11",0.289939437201335,0.12648987294094,0.194,0.194,1
"E2F1",0.289999117373623,1.13493441765848,0.011,0.006,1
"POLDIP3",0.290357392866323,0.20944221170831,0.249,0.251,1
"H2AC15",0.290396769072516,-0.5107976336989,0.013,0.023,1
"TIAM2",0.290519769893176,0.988210574281774,0.027,0.014,1
"POLR1D",0.290546113726164,-0.171139870768666,0.407,0.453,1
"TBC1D19",0.290633742960891,1.1247591782816,0.023,0.011,1
"PCGF6",0.291078845693112,0.387012441094368,0.034,0.034,1
"PPP1R9B",0.291107571061395,-0.463834653185356,0.085,0.125,1
"ZBTB18",0.291192666967579,0.111637126878779,0.139,0.162,1
"SLC1A4",0.291198921647479,0.444325663112838,0.076,0.06,1
"ENSG00000289928",0.291221429351589,0.98104883334441,0.02,0.011,1
"NABP1",0.291388099114725,0.479974969904965,0.1,0.085,1
"MTMR4",0.291504259811074,-0.620860717684847,0.079,0.117,1
"GRAMD1C",0.29157995770718,0.353884833161592,0.037,0.026,1
"RGP1",0.291674767592603,-0.439078173335334,0.037,0.06,1
"SLC31A2",0.291709536909919,0.932368501371763,0.028,0.017,1
"MED23",0.2917587333027,0.472869616352175,0.157,0.131,1
"CBFB",0.291922896310581,0.301643524449821,0.219,0.202,1
"CRYBG1",0.292166376046901,0.309979907220451,0.195,0.162,1
"CLUH",0.29235168027766,1.11385397361272,0.024,0.014,1
"CENPX",0.29251985472292,-0.130028850391722,0.058,0.085,1
"SAYSD1",0.292542727705416,-1.12037732336341,0.016,0.034,1
"C4orf19",0.292588303259888,-1.74361115422455,0.003,0.011,1
"ZNF605",0.292655715407728,-0.916748438771739,0.014,0.026,1
"ATP11C",0.292666541153333,0.328193135120554,0.109,0.097,1
"HOMER2",0.292824664937766,0.402235469955639,0.023,0.011,1
"CBX4",0.292833022233421,-0.351856330181641,0.112,0.157,1
"ERRFI1",0.292864721465896,-0.360520708598542,0.04,0.04,1
"COMMD1",0.292978862553421,0.176299833740221,0.187,0.208,1
"TRBC1",0.293092222248891,-0.601598057940173,0.01,0.006,1
"RMDN1",0.293158195448161,-0.6161981756636,0.042,0.071,1
"PPP1CA",0.293301111491197,-0.260241560823237,0.324,0.402,1
"ZNF43",0.293366267121479,0.43789512943075,0.088,0.066,1
"VPS54",0.293554009754954,-0.342074852091056,0.047,0.068,1
"ENSG00000286138",0.293693687053281,-2.09984417488874,0.001,0.011,1
"ARPC5L",0.293725131982852,-0.272967650533089,0.266,0.322,1
"HSDL2",0.293813791262239,-0.920698044720978,0.017,0.031,1
"DEXI",0.293943782759043,-1.23687947627183,0.021,0.04,1
"RAB5A",0.293964958614776,0.280989354543135,0.255,0.239,1
"CRNKL1",0.294128882076132,0.21550428466856,0.164,0.151,1
"ARID1A",0.294220262404493,0.161009655765511,0.238,0.222,1
"ZFP91",0.29429879464967,0.159832730705115,0.365,0.345,1
"ENSG00000288756",0.294469725258886,-0.997998092175803,0.003,0.011,1
"LRP2BP",0.294591718012524,-1.50292839656222,0.006,0.017,1
"HNRNPH1",0.294629044417149,0.171853467381593,0.427,0.427,1
"ZNF106",0.294656610999036,-0.257915611767695,0.086,0.1,1
"HIP1",0.2946953326793,-0.610397897611822,0.091,0.131,1
"NHP2",0.29474120693064,-0.249864756569398,0.178,0.208,1
"ITGB7",0.29474777955088,-0.223117607079732,0.099,0.14,1
"MARCHF7",0.294927431123289,-0.219383748828567,0.313,0.348,1
"MAILR",0.294977940703928,-0.165693414900946,0.028,0.043,1
"CHD3",0.295391440413113,0.330042296014658,0.103,0.091,1
"UQCRH",0.295395834900793,-0.215508009524297,0.579,0.655,1
"LRRC37A3",0.295572110712814,0.361774658603075,0.068,0.051,1
"MRPS16",0.295711201637232,-0.597842678617356,0.081,0.12,1
"TRANK1",0.295750596946421,-0.393778366921966,0.117,0.148,1
"ARMH3",0.295761115809944,-0.2693383038425,0.082,0.111,1
"C12orf42",0.295939773915531,0.471921255110766,0.105,0.088,1
"ENSG00000289469",0.296135011236041,-2.076062181634,0.003,0.011,1
"KCNAB2",0.2962349185159,-0.508166848664156,0.081,0.114,1
"SLC25A17",0.296572519493094,0.512757756963158,0.04,0.028,1
"TMEM154",0.296734384164535,0.384461029909642,0.117,0.097,1
"ADA",0.297099435057386,-0.642447910431515,0.064,0.105,1
"DHX16",0.297102321488793,0.734564266118271,0.068,0.051,1
"STAM2",0.297275535315999,0.433329862911695,0.089,0.071,1
"RNF149",0.297394254701416,-0.169462772553407,0.228,0.296,1
"GRK2",0.297735316430368,0.10655508206655,0.199,0.205,1
"ESCO1",0.297802164607519,0.219388501548175,0.163,0.148,1
"TES",0.298272487244443,0.134614193253935,0.277,0.274,1
"PRPF6",0.298373252366087,0.143997720384154,0.178,0.194,1
"NDUFS5",0.298409406787808,0.211707726295434,0.496,0.476,1
"ZBED6",0.298759641695951,-0.408833238131235,0.102,0.142,1
"RAB5C",0.298791814243782,0.162783267985745,0.39,0.379,1
"GMIP",0.298809694887583,0.35690904738705,0.119,0.108,1
"TSPAN17",0.298851165222021,-1.3018376276178,0.01,0.023,1
"PPP4R1",0.298923944959194,0.314853899052557,0.109,0.111,1
"ME2",0.298996990210916,-0.162419766658658,0.113,0.154,1
"PDHX",0.299117923601508,0.523609046344893,0.085,0.066,1
"HOOK2",0.299267815161094,-0.158622904494556,0.385,0.462,1
"EHBP1L1",0.299273111493488,0.205590593317165,0.171,0.171,1
"PIAS1",0.299395749221127,0.132210755787761,0.472,0.501,1
"CD80",0.299448050978643,0.495239653924037,0.027,0.023,1
"AKR1A1",0.299620403797321,0.206060404054948,0.252,0.231,1
"C11orf98",0.299654387506913,0.138501743658681,0.167,0.174,1
"CCDC86",0.299660669057378,0.101478242393921,0.047,0.037,1
"ZBTB8OS",0.30008959876912,0.425230555370708,0.096,0.103,1
"LSM8",0.300361945856777,0.254362173758115,0.274,0.251,1
"ZNF430",0.300439215251144,0.245281507175216,0.219,0.225,1
"ENSG00000291073",0.30054563785725,-0.139993427862766,0.44,0.513,1
"NR4A1AS",0.300587453381598,-0.314081766441534,0.153,0.205,1
"KCTD9",0.300719828486519,-0.387414149377553,0.05,0.06,1
"PRPF4B",0.300846241443798,0.211305975585979,0.478,0.476,1
"TBC1D23",0.30094513418496,0.107028202480732,0.158,0.145,1
"ENSG00000286009",0.300982829231459,-1.05743153853349,0.011,0.028,1
"ZNF316",0.30107594787727,0.558321101025658,0.068,0.054,1
"ADSS2",0.301400579374986,0.205583293120676,0.199,0.199,1
"NKAP",0.301443503006121,0.526179647128341,0.136,0.117,1
"ENSG00000240963",0.301509557315971,-1.14594138960986,0.013,0.031,1
"ITGB1",0.301562369041959,-0.340206698060074,0.164,0.219,1
"DUSP10",0.30170086232386,-0.304429027680419,0.39,0.467,1
"QTRT2",0.301878769602725,0.175285717464453,0.165,0.174,1
"HOOK3",0.302136690003582,-0.274633175482822,0.332,0.396,1
"MISFA",0.30240792969888,-1.76113034525753,0.003,0.011,1
"IRAK4",0.302717301963606,-0.287371634133644,0.088,0.123,1
"REC114",0.303378589341119,-1.77290210274433,0.003,0.011,1
"MFNG",0.303506658538911,0.293025258776471,0.11,0.097,1
"TIGAR",0.303583595909287,0.312104682577277,0.201,0.177,1
"ARHGAP19",0.303594191127995,0.417579913311461,0.027,0.014,1
"DTYMK",0.303603916560618,-0.247868662744624,0.031,0.031,1
"HELQ",0.303626554379806,0.407444494474595,0.143,0.117,1
"CCSAP",0.303654904419879,-0.629582012989659,0.044,0.071,1
"DDX55",0.303673238734184,0.646774276583113,0.04,0.026,1
"TMEM109",0.303798736554603,0.462337747887497,0.1,0.08,1
"NAGPA",0.30386327385567,0.620866378387927,0.027,0.014,1
"MIR302CHG",0.303914065847837,0.843730082677336,0.024,0.011,1
"BCAS3",0.304027583988746,-0.13676766299162,0.102,0.108,1
"FBXO3",0.30409253033815,0.322423051649374,0.12,0.1,1
"STAT2",0.304098879848945,-0.75137568537776,0.076,0.117,1
"RAPGEF1",0.304187498074143,0.130202297034094,0.351,0.37,1
"VPS26B",0.30435027211339,-0.954379865905922,0.013,0.028,1
"ENSG00000289293",0.304988021549311,0.329537646165369,0.089,0.077,1
"CBX5",0.30508434962232,0.533229105956346,0.105,0.085,1
"MZF1",0.305112261601905,-0.143662089186426,0.042,0.06,1
"SPCS3",0.305299314143577,-0.203343083754589,0.212,0.245,1
"FNDC3A",0.305343203633928,0.233078495720954,0.18,0.16,1
"TKT",0.305352480069861,-0.238196950904206,0.18,0.234,1
"SLC43A2",0.305404122228184,-0.493005565592702,0.075,0.114,1
"AAMP",0.305404908605165,0.111393115383061,0.211,0.197,1
"TMEM79",0.305468067320826,1.66600375571962,0.01,0.003,1
"KBTBD4",0.305473363828097,0.253059326332125,0.102,0.108,1
"TIMM8A",0.306213463627322,-0.743331089320872,0.016,0.034,1
"EIF3H",0.306290204374694,-0.137308410926381,0.662,0.709,1
"HNRNPR",0.30648808266252,0.133854170532725,0.405,0.425,1
"ACSL1",0.306542262505907,0.114313690531503,0.256,0.245,1
"ZMYM4",0.306770378510922,0.312083642096964,0.116,0.097,1
"CSNK1G1",0.306770569058412,-0.664273597453614,0.069,0.108,1
"GPATCH1",0.306847149327787,0.825389752109479,0.02,0.011,1
"NUDT18",0.306980532246337,-0.830828669709084,0.013,0.028,1
"NOL8",0.307109694962086,0.425160412289192,0.103,0.094,1
"CCDC30",0.307279130528833,1.0111687133752,0.011,0.006,1
"CGGBP1",0.307378691863959,0.133490738947737,0.426,0.413,1
"ENSG00000289182",0.3074060839945,-1.57589095824811,0.003,0.011,1
"RHOB",0.307431372833518,0.394657501986848,0.335,0.33,1
"BPTF",0.307442923123924,0.117430110443784,0.509,0.513,1
"ENSG00000291130",0.307580495619507,1.54134181213352,0.011,0.003,1
"MTM1",0.307864905233392,-0.552036436841036,0.059,0.08,1
"ATG4B",0.307882227064769,0.175275134405845,0.17,0.171,1
"PASK",0.307892118452324,0.465410685053075,0.04,0.028,1
"GLYCTK",0.308003935464279,-0.903818708090842,0.03,0.051,1
"P2RX5",0.308012713964816,-0.266570350928034,0.264,0.322,1
"ENSG00000274292",0.308067245067046,1.85235745820025,0.016,0.006,1
"ZNF107",0.308111180553609,0.247693284609965,0.212,0.191,1
"PFKP",0.308208448821223,0.412519666531284,0.064,0.054,1
"BCAS2",0.308443728530355,0.217750234520045,0.45,0.436,1
"H2AC17",0.308606580795209,-0.609124874007254,0.025,0.048,1
"MIB2",0.308679448893575,0.233262251929511,0.093,0.08,1
"CTU2",0.309041868001031,0.602749886151408,0.037,0.026,1
"DUS2",0.309101556777118,0.536916613670754,0.072,0.051,1
"GAREM1",0.309166704173979,-0.489352737411842,0.065,0.094,1
"ENSG00000285280",0.309485509892973,-0.837481950055396,0.033,0.06,1
"CPNE1",0.309551279815544,-0.20490736308892,0.222,0.254,1
"MAP2K2",0.309789139215098,-0.224910593514472,0.188,0.248,1
"FAR2",0.309810012451417,-1.15403981200983,0.006,0.017,1
"ZNF136",0.309812798422092,0.231236252226874,0.126,0.125,1
"PPCS",0.309959751058525,0.360142414235272,0.192,0.174,1
"HNRNPH2",0.310048905478402,0.302236396669524,0.187,0.165,1
"ECPAS",0.310149317690473,-0.244228370794537,0.103,0.151,1
"TBP",0.310316576564742,0.167204095081734,0.095,0.103,1
"NCBP3",0.310411815620196,0.206837882273103,0.157,0.151,1
"DDX28",0.310531739267336,0.509049623516968,0.045,0.028,1
"NUP107",0.310760285129341,0.278844668853432,0.147,0.134,1
"ENSG00000287070",0.310761199555545,0.863464149884356,0.038,0.026,1
"DENND4A",0.311099930055495,-0.139690505558356,0.835,0.866,1
"ZNF3",0.31115916319008,0.333408470966265,0.068,0.068,1
"TOMM40L",0.311247213273921,1.2372273569108,0.01,0.003,1
"CELF1",0.311294233567421,0.185298706924985,0.291,0.274,1
"GDI1",0.311416972399869,0.23206270211995,0.223,0.208,1
"TNFRSF10A-DT.1",0.311425262634148,-1.11935970951906,0.006,0.017,1
"MGAT4A",0.311450156314757,0.351966541085703,0.045,0.034,1
"MAT2A",0.311499650534022,-0.205708051724651,0.215,0.279,1
"TEAD2",0.311541324337487,0.56662916980986,0.02,0.011,1
"CSNK2A1",0.311589712298858,0.33161840684256,0.191,0.179,1
"MKRN1",0.31190610095994,-0.261403724869347,0.233,0.282,1
"RAP1GDS1",0.312024924917317,-0.276726394758156,0.161,0.185,1
"CCNG1",0.312395750854655,-0.305181866710143,0.123,0.168,1
"ZNF444",0.312399759040999,0.388814011586069,0.085,0.068,1
"ENSG00000291124",0.312615887675796,0.312489601737769,0.074,0.071,1
"PTPRE",0.312657196030943,-0.710035559889882,0.065,0.097,1
"ZNF524",0.312741068957337,-0.276863815041608,0.025,0.04,1
"PRRG4",0.312779990000529,-0.503917468429878,0.033,0.06,1
"ENSG00000288999",0.312995702093485,-0.650371865235417,0.04,0.063,1
"FCHSD1",0.313212029926584,-0.63572051961363,0.038,0.06,1
"CCZ1",0.313360973629206,-0.621135708763234,0.045,0.071,1
"PIGA",0.31351089794383,-0.467543765687692,0.072,0.094,1
"MTA1",0.313615357846589,-0.51252196038048,0.065,0.1,1
"KIF20B",0.313820758656643,0.343383244408537,0.154,0.145,1
"ZBED5-AS1",0.313846732071904,-0.859100268551914,0.013,0.028,1
"GPER1",0.313847573038527,2.05914414217981,0.01,0.003,1
"HLA-E",0.314116065825458,-0.112258302640041,0.888,0.915,1
"KNSTRN",0.314277609913572,-1.85492647482219,0.003,0.011,1
"SESN1",0.314408941751807,-0.383459292749822,0.072,0.105,1
"JMY",0.3145998624152,0.217574705392625,0.32,0.313,1
"ZNF542P",0.314921793487802,0.706439936890395,0.04,0.026,1
"TICAM2-AS1",0.314928705084278,0.367563531733146,0.045,0.031,1
"ITM2A",0.315044558254774,0.330356836899547,0.031,0.034,1
"ZNF551",0.315069646017518,-0.219217092266506,0.051,0.068,1
"SELENOT",0.315104652988347,0.138208606795371,0.475,0.481,1
"PGRMC1",0.315381230198614,0.158214474891242,0.069,0.06,1
"ENSG00000287104",0.315558903193611,1.46558893639219,0.01,0.003,1
"NSMCE2",0.315803946563453,0.212700201069887,0.16,0.142,1
"ZNF487",0.315846347344261,-0.4203145328327,0.054,0.085,1
"STK3",0.31592246406288,-0.69326701323636,0.045,0.074,1
"LINC00877",0.316357637543325,0.843473421045892,0.054,0.04,1
"UBL7",0.316648079383483,0.146158767202476,0.102,0.114,1
"TCEANC2",0.316658800444691,-1.08101417477877,0.017,0.034,1
"LZTR1",0.316671359185207,-0.659279514840777,0.017,0.034,1
"ADPRH",0.31682758946678,0.813298923906649,0.016,0.009,1
"NEPRO-AS1",0.316847870631769,0.716334314029374,0.031,0.02,1
"NIN",0.317017422253759,-0.148436488586326,0.358,0.43,1
"UNC93B1",0.317292293453995,-0.327412137671117,0.151,0.202,1
"DISP1",0.317362661643408,-0.571302729376379,0.064,0.091,1
"RAB20",0.317395135199691,-1.26029099998706,0.007,0.017,1
"KSR1",0.317428832029382,0.391081304933594,0.071,0.068,1
"CASC3",0.317428921222175,0.153799343017398,0.129,0.148,1
"PSD3",0.317476000910854,-0.963674498252642,0.027,0.04,1
"COA3",0.317832129216431,0.722132801177098,0.062,0.048,1
"RCOR1",0.317846194271093,-0.210305753598539,0.273,0.296,1
"ADAM9",0.317984711928505,-0.719774388140768,0.031,0.057,1
"ENSG00000261505",0.318124962866991,-0.508775361905865,0.008,0.02,1
"ZNF169",0.318186955954337,-0.298561291121188,0.035,0.057,1
"TRAK2",0.318432459459544,-0.27252679005068,0.072,0.097,1
"MRPL49",0.318442773679536,0.477283264713236,0.123,0.103,1
"KRIT1",0.318447360394702,0.399286439935012,0.093,0.077,1
"ANAPC1",0.31866252453865,-0.448688870870881,0.095,0.134,1
"PPAT",0.318751476623993,0.663335069007788,0.042,0.028,1
"CASP8",0.318811672725267,-0.301711638620277,0.146,0.194,1
"MICAL3",0.319050769503227,0.296573755690618,0.221,0.202,1
"NDRG1",0.319344841216368,0.160845919624846,0.18,0.199,1
"CAMTA1-DT",0.319570278016405,1.67934386715262,0.011,0.003,1
"ADA2",0.319632589143412,-0.189227547433275,0.064,0.097,1
"WDR59",0.319667370069897,-0.539209377777958,0.048,0.06,1
"SLC4A2",0.319737891694683,0.998134812431438,0.038,0.026,1
"SLC35F2",0.319824827960779,0.41470347382665,0.047,0.034,1
"CCDC167",0.319870583748387,0.528977091807467,0.079,0.074,1
"RFX5-AS1",0.319924057995209,0.878612600090548,0.058,0.04,1
"SCO1",0.320096629092013,-0.251898741589189,0.068,0.094,1
"SEMA4F",0.320238556132328,1.74911957607084,0.011,0.003,1
"FAM30A",0.320251680388815,-0.320325846738609,0.153,0.199,1
"MRPS18B",0.320317985439262,0.541990162822429,0.15,0.125,1
"IGLV1-40",0.320392826253507,-0.810104946947577,0.027,0.04,1
"ENSG00000273729",0.320413089231063,-1.17091944448295,0.006,0.017,1
"LGALS3BP",0.320629502903708,-1.06086970022544,0.023,0.037,1
"TMOD3",0.320692831933113,-0.158516727624418,0.264,0.328,1
"VAMP3",0.320720279728188,-0.390540985186283,0.058,0.094,1
"TUBA4A",0.320780928652483,-0.25979208237516,0.516,0.561,1
"POLRMT",0.320798980183894,-0.415748071122943,0.033,0.054,1
"MYBL2",0.320826362192747,0.236169536824048,0.126,0.12,1
"CREB3",0.32093319710123,-0.403279031261268,0.088,0.125,1
"DPPA4",0.320997403339602,-0.486833698335076,0.013,0.026,1
"DHTKD1",0.320999394464714,-0.508473257233464,0.058,0.085,1
"UROD",0.321020062439138,0.316527925844022,0.042,0.034,1
"TOR1AIP2",0.321063687345871,0.703328598164091,0.042,0.034,1
"RNF43",0.321237297211002,-1.24792760371696,0.003,0.011,1
"WRAP53",0.321489194190446,0.712767529968652,0.02,0.014,1
"ENSG00000288879",0.321788129347916,0.656379372537899,0.028,0.023,1
"TCTN2",0.32193998444999,-0.999818665632652,0.007,0.02,1
"ZNF318",0.322199552815765,0.129247209611929,0.136,0.162,1
"FANCL",0.322565144827981,-0.496935704766493,0.054,0.083,1
"HIVEP1",0.322735182575124,0.110061233653181,0.443,0.427,1
"APOL3",0.322788315277312,0.418727825077116,0.048,0.048,1
"MBTPS2",0.322876414892731,-0.957912388559746,0.008,0.02,1
"ABHD14A",0.322882764384519,-1.19237327804349,0.008,0.02,1
"GDAP2",0.323005570340321,0.557126917818515,0.103,0.085,1
"SERINC3",0.323475508851452,0.210873003396152,0.259,0.245,1
"VAPA",0.323516995624047,0.134381062190161,0.475,0.49,1
"NECAP1",0.323799142854899,0.276763185304913,0.204,0.179,1
"PHTF2",0.323909068415065,-0.347693983359485,0.195,0.248,1
"TNFRSF13B",0.324065636281034,-0.793862136650846,0.074,0.114,1
"STAG3",0.324263268888545,-0.975033569802739,0.021,0.037,1
"SNX27",0.324339151070359,-0.626787375831292,0.057,0.085,1
"DENND1A",0.324360839134879,0.306459953839471,0.113,0.094,1
"EAF1",0.324607945843203,0.279499934718636,0.105,0.1,1
"RAP2A",0.324612975444893,0.381940517419338,0.068,0.054,1
"RAB3GAP2",0.324617917974348,-0.252988516178253,0.163,0.194,1
"PLGLB1",0.324632195634572,1.19993610434028,0.017,0.009,1
"HAUS7",0.324886362024959,1.99014796193972,0.011,0.003,1
"MIR223HG",0.325020249025021,-1.77990212075819,0.004,0.017,1
"RALGAPB",0.325098550895101,0.319450000977954,0.154,0.148,1
"ENSG00000282951",0.325315393623722,-1.19670011075,0.006,0.017,1
"TIMP1",0.325411263292564,-2.36437027653584,0.006,0.017,1
"TOMM7",0.325767438688953,0.111348533624796,0.839,0.826,1
"ZUP1",0.325970735792379,0.316776512747413,0.164,0.14,1
"BMT2",0.32603621813451,0.553226447275589,0.062,0.048,1
"JAK2",0.326124466440752,-0.367368407709135,0.065,0.094,1
"KAT8",0.326204014998147,0.420168964611053,0.119,0.12,1
"CREB3L4",0.326305779749726,-1.25902323616201,0.006,0.017,1
"CHST12",0.326342492820328,-0.503767908236096,0.055,0.083,1
"SLX4",0.326383533698403,-1.43988852690467,0.006,0.017,1
"KLF8",0.326489712035554,-0.457366094353644,0.017,0.031,1
"DPM2",0.326554264948248,0.52019697262905,0.045,0.034,1
"NDUFA12",0.32659043968479,0.290322019077368,0.168,0.154,1
"DUS3L",0.326695762269679,0.17804146550432,0.157,0.165,1
"OCIAD1",0.326779244942962,-0.286505632233436,0.181,0.242,1
"PRKAR1A",0.327089351623613,0.148712524314119,0.468,0.487,1
"DEF6",0.327225727954327,0.237843227361147,0.132,0.12,1
"IP6K1",0.327248321435374,0.284545235382454,0.228,0.219,1
"DYNC2I1",0.327311334195616,0.766541293860076,0.047,0.031,1
"PRNP",0.32738427433091,-0.207906208735083,0.552,0.63,1
"SMIM7",0.327690258683857,-0.201304614810949,0.137,0.185,1
"BRPF3-AS1",0.32806209663636,-0.522685898536865,0.011,0.023,1
"INO80B",0.328124464457233,0.413614607830545,0.096,0.088,1
"TRIM14",0.328141303656265,-0.796371229734179,0.023,0.034,1
"CAPN7",0.328150883170994,0.330353853507974,0.161,0.137,1
"SPRYD7",0.328224408741679,1.07851660384855,0.018,0.009,1
"GNG10",0.328394043227337,-0.235803943682154,0.065,0.094,1
"SLC2A13",0.328409412355183,0.662879173054135,0.038,0.028,1
"ZNF443",0.328694744008159,-1.50980474590397,0.004,0.014,1
"CILK1",0.328702144612003,-0.880073056746677,0.021,0.04,1
"CCL4L2",0.328864944255802,-0.194208121641997,0.047,0.034,1
"LINC00886",0.329028789453915,0.780642610849567,0.016,0.009,1
"ZFYVE16",0.329144784776898,0.1826843467263,0.137,0.12,1
"HSF2",0.329503686246732,-0.617439384811351,0.044,0.068,1
"CAPZA2",0.329568802717128,0.139704738719057,0.39,0.41,1
"CSNK1A1",0.329673123785733,0.102703386632819,0.417,0.413,1
"POR",0.329706772626801,-0.247612683394933,0.147,0.179,1
"ERCC1",0.329763217786507,-0.302079831708503,0.239,0.293,1
"IFIT2",0.329767387756608,-3.05660558537736,0.033,0.043,1
"NUP62",0.329806368927344,0.128931794336034,0.177,0.199,1
"H2BC4",0.329948532938771,-0.143654966182451,0.085,0.12,1
"RAB2B",0.329959501639583,-0.421179438896717,0.082,0.117,1
"CWF19L2",0.330025170577794,0.186052249143554,0.209,0.231,1
"TOB2",0.330097384523843,-0.419689281805855,0.167,0.219,1
"TCF7",0.330143070306677,0.737479270137444,0.042,0.028,1
"ANKRA2",0.330240498866305,-0.159510248113803,0.057,0.085,1
"ZNF777",0.330315078342104,-1.78509817901159,0.006,0.017,1
"ARNT",0.330392686443628,-0.309150498421169,0.078,0.111,1
"IVNS1ABP",0.330744181945867,0.208398118282093,0.42,0.425,1
"PEX16",0.330895865563243,0.161270938367384,0.126,0.117,1
"RAD54L2",0.330977327205883,0.14952134737335,0.072,0.066,1
"USP32",0.331262309778742,-0.444806137171363,0.112,0.137,1
"PIK3CA",0.331338389260718,-0.157387891687863,0.485,0.558,1
"MYCBP2-AS1",0.331339519021527,-1.06417996704106,0.02,0.04,1
"SDHB",0.33134557578095,0.263485597036792,0.187,0.188,1
"CLASP2",0.33137718296709,0.236396779222008,0.246,0.239,1
"MATN1",0.331592476035405,1.28886244998867,0.028,0.014,1
"HCCS",0.331618269934954,0.41532450817587,0.095,0.08,1
"FBXO2",0.331712904920358,-1.57479743448987,0.006,0.014,1
"IGHV3-49",0.331728640091929,2.00784338084483,0.011,0.003,1
"ATAD1",0.331737186214914,0.107813588911191,0.191,0.174,1
"ZNF510",0.332165017848159,0.755085980272594,0.018,0.011,1
"HAT1",0.332229133380433,0.324282458663029,0.219,0.202,1
"ENSG00000290832",0.332479588233023,-0.531064894088601,0.051,0.08,1
"LDLRAD4",0.332565146230736,0.143527127092302,0.484,0.49,1
"TMCC2",0.332661671479498,-0.890868274946663,0.006,0.017,1
"EIF2AK3-DT",0.333327245900316,1.46261677107333,0.011,0.003,1
"TAF4",0.333466294497029,-0.833360868252214,0.017,0.034,1
"PSMB4",0.333535697260397,-0.233427156121943,0.253,0.319,1
"SAE1",0.33362358999012,0.47529780379853,0.091,0.074,1
"PROSER1",0.333664897220306,-0.142496759082945,0.066,0.063,1
"USP47",0.333952021191416,-0.265380186071739,0.382,0.447,1
"AVPI1",0.333999234511655,-1.21013543574937,0.014,0.026,1
"STARD10",0.33422344254441,-0.372946095922753,0.059,0.091,1
"ELMO1",0.334442990542116,0.107406781874462,0.359,0.345,1
"ACSL4",0.334573199096061,-0.134569162832724,0.071,0.068,1
"KIAA0319L",0.334669331511054,-0.596016808026498,0.048,0.08,1
"GSTM4",0.334693407599634,-1.26515542575553,0.013,0.026,1
"ARHGAP1",0.334864804398734,0.228879005785315,0.05,0.04,1
"MAP4K3-DT",0.33507562032952,-0.206883039222609,0.04,0.04,1
"SLC39A7",0.335079006620397,0.451095696867264,0.057,0.04,1
"MAP2K1",0.335139729257393,-0.233228479024491,0.16,0.211,1
"IK",0.33531063644739,0.103183558404892,0.334,0.365,1
"TANK-AS1",0.335418845315629,0.328038577120691,0.27,0.265,1
"NDUFA3",0.335454124965541,-0.167820519598731,0.177,0.234,1
"TRA2A",0.335573094528521,0.242790994041963,0.675,0.661,1
"AP1M1",0.335602706443791,-0.376843069108465,0.068,0.1,1
"TOMM20",0.335688105517543,-0.126014947210187,0.535,0.613,1
"C10orf143",0.335710689932736,-1.14810284571345,0.01,0.023,1
"SPATA5L1",0.335742909362741,0.621099415334702,0.041,0.028,1
"NFYA",0.335871025797484,0.339822334680867,0.126,0.105,1
"RBM45",0.335899689489179,1.46881625064247,0.017,0.009,1
"FOXN2",0.335926000573648,0.254616852456438,0.167,0.148,1
"NELFE",0.336311238143342,-0.386410837982141,0.109,0.157,1
"ZNF572",0.336535987734259,1.14922201082688,0.01,0.003,1
"SLC41A2",0.336620802209464,0.452330400344018,0.074,0.06,1
"ZMIZ2",0.336870698467081,0.254014343967004,0.12,0.103,1
"TXNRD2",0.337058583419251,0.43814524186603,0.021,0.011,1
"ATP5MK",0.337082847338817,0.276926993462171,0.287,0.279,1
"LAMTOR3",0.337136061985921,0.211303715685851,0.313,0.282,1
"PPIP5K2",0.337174804208627,0.136985061877619,0.119,0.108,1
"STIM1",0.337184294494203,0.273227430791999,0.164,0.168,1
"ENSG00000291207",0.337185408275886,0.174013688793267,0.102,0.1,1
"C11orf54",0.337227635825682,0.375036687268397,0.068,0.054,1
"TALAM1",0.337352925914328,-0.166835667706814,0.902,0.929,1
"TRAFD1",0.337383784597014,0.575152877142042,0.074,0.06,1
"NCKIPSD",0.337501843562381,1.50418519522183,0.01,0.003,1
"IKZF2",0.33760106767036,-0.292310217875508,0.137,0.191,1
"GOSR2",0.337611328720322,0.25966533833948,0.102,0.091,1
"ABCC10",0.33784467709976,-0.777592527882663,0.013,0.026,1
"FCER2",0.338203772323262,0.103739689492663,0.406,0.382,1
"METRN",0.338249457569937,-1.28751472897989,0.008,0.02,1
"INTS11",0.338323525743848,-0.246295830919878,0.112,0.142,1
"ENSG00000236065",0.33840457944831,1.18270866359337,0.014,0.006,1
"MSL3",0.338850962075441,-0.438254080805913,0.134,0.182,1
"SERPINE2",0.338957948624027,0.31860138655545,0.055,0.063,1
"ENSG00000259945",0.338990812055013,0.105465358813213,0.068,0.077,1
"SPAG16",0.33905829791611,0.840516852527839,0.037,0.026,1
"ENSG00000273275",0.339715710004213,1.11941499306132,0.02,0.011,1
"BMS1P1",0.339876578754758,1.86362122008398,0.01,0.003,1
"ENSG00000247925",0.340007114903422,0.613829620416197,0.011,0.006,1
"FMR1",0.3400822003425,0.324671459109217,0.14,0.125,1
"FUS",0.340239339290133,0.102128350665857,0.682,0.672,1
"UBIAD1",0.340400688557243,-0.481741832970616,0.074,0.105,1
"AASDHPPT",0.340415820808327,0.182285843662395,0.164,0.157,1
"PI4K2B",0.340463193981346,-0.4070215875348,0.052,0.08,1
"AMN1",0.340638127932885,-0.267198840092961,0.055,0.08,1
"GATD3",0.340656016919623,-0.296086917743605,0.141,0.194,1
"SNX29",0.34103466148861,0.186313800339334,0.39,0.379,1
"ETFDH",0.34126280225742,0.567792782885481,0.051,0.034,1
"HEG1",0.341272916691812,-1.05058477870353,0.025,0.046,1
"SMPD4",0.341341441505929,0.228469895323234,0.168,0.154,1
"OXNAD1",0.341353366766651,0.339707495519206,0.085,0.077,1
"ATPAF2",0.341410563379582,0.498029532989679,0.075,0.06,1
"ENSG00000268056",0.34141059227425,-1.28277376727035,0.007,0.02,1
"DNAAF10",0.3415885311696,-1.03373578402686,0.008,0.02,1
"POFUT1",0.341711485327256,-0.978656470456259,0.01,0.02,1
"ZNF584",0.342080553176585,-0.689313787998897,0.035,0.051,1
"MYSM1",0.342234546374952,0.323382387522577,0.149,0.131,1
"BRAT1",0.342234789995306,-0.444008377480732,0.054,0.083,1
"ABCE1",0.342265974133765,-0.148373043030281,0.173,0.222,1
"TBC1D22A-DT",0.342277409765063,-0.712133985343742,0.069,0.091,1
"ENSG00000290048",0.342368800850891,1.39980152169633,0.013,0.006,1
"FMNL1-DT",0.342448315387426,-0.261907138481797,0.219,0.259,1
"EIF3K",0.343019043137036,-0.137819365350845,0.598,0.652,1
"SAMSN1",0.343209362601928,0.106297212575126,0.133,0.151,1
"CPPED1",0.343249528109724,-1.12856997739945,0.01,0.026,1
"ASB6",0.343276683173475,-0.141204482871659,0.061,0.08,1
"TMEM205",0.343396038732429,0.364428345134656,0.076,0.068,1
"IPO4",0.343531425623909,0.471757545484719,0.074,0.06,1
"COPZ1",0.343556477561905,-0.220461552847575,0.103,0.142,1
"ENSG00000288939",0.343734762052068,-0.896007915390394,0.008,0.02,1
"SKAP2",0.34377993676455,-0.326238318813278,0.123,0.168,1
"KLC4",0.343887991147345,0.50596811482833,0.025,0.014,1
"NDUFA10",0.34402575771209,-0.263586026143269,0.204,0.265,1
"GIGYF2",0.3442228129171,0.279767714924357,0.133,0.12,1
"TUBGCP5",0.344245584233454,0.686690427748007,0.03,0.023,1
"PLCXD2",0.34427690278847,-2.53355725257717,0.003,0.011,1
"ZNF677",0.344628891814739,1.12308193558719,0.027,0.014,1
"PKIA",0.344705892703115,-0.613729042892701,0.044,0.068,1
"C12orf29",0.344802805554175,0.450484461715952,0.085,0.074,1
"SNAPIN",0.344935824734618,0.425003235239417,0.086,0.071,1
"C12orf76",0.344951958560892,-0.831888759787315,0.024,0.046,1
"SLC25A26",0.344976603275111,-0.106245716686831,0.149,0.171,1
"RBM22",0.345313146186913,0.226802088250879,0.266,0.251,1
"ZNF71",0.345529821930928,1.19643861233623,0.018,0.011,1
"RPGR",0.345690798488483,0.196763901600256,0.205,0.211,1
"TMCO6",0.345715694956122,-1.35197613896806,0.013,0.028,1
"FIZ1",0.345808513623891,0.582093661817844,0.037,0.023,1
"PITPNM1",0.345835770546159,-0.270364469974882,0.034,0.034,1
"CHPT1",0.345845895880605,0.158167483755102,0.461,0.473,1
"ENSG00000267598",0.34593174541934,-0.523271047585283,0.069,0.103,1
"DCBLD2",0.346076134056725,-0.925278532491348,0.014,0.023,1
"ENSG00000235419",0.346305061931952,-1.38394318974355,0.016,0.023,1
"RNPC3",0.346393271854335,-0.260634754113036,0.122,0.145,1
"CHCHD3",0.346492611645385,0.175564142088572,0.208,0.222,1
"METTL1",0.346715568349447,0.154755103832493,0.035,0.04,1
"ENSG00000291212",0.346730827657097,-1.29168610858055,0.01,0.023,1
"DTD1",0.346970799128659,-0.296998368808928,0.04,0.063,1
"LINC00863",0.347095813185267,0.253665652264395,0.047,0.037,1
"SEC24B",0.347108316045425,0.163727245948606,0.228,0.251,1
"DERL1",0.347122245043457,0.141883209262204,0.274,0.299,1
"RNF2",0.347289872663142,0.140589881221407,0.157,0.14,1
"ZNF761",0.347324660158603,0.424496381396341,0.074,0.071,1
"TPCN1",0.347632869579013,-0.385886180023094,0.034,0.04,1
"ERMN",0.347671691816704,1.1171730036424,0.017,0.009,1
"ZGRF1",0.347783319477894,1.23330185226464,0.025,0.014,1
"CRTC1",0.347785984401346,0.528172282401019,0.075,0.06,1
"NBPF19",0.347893524222224,-0.774233917541276,0.033,0.057,1
"MKLN1",0.348132012509914,0.144066896686851,0.32,0.302,1
"EIF4A1",0.348225349990626,-0.113841325684485,0.878,0.9,1
"ERGIC3",0.348599256258994,-0.31224255427552,0.26,0.33,1
"PRPF4",0.348687583519435,0.292855003887707,0.174,0.16,1
"CASK",0.34878538952872,-0.3533039362903,0.098,0.14,1
"AP1AR",0.348837968512168,0.52131482978935,0.089,0.074,1
"ETV5",0.348869382936285,-0.953323595560906,0.013,0.026,1
"GUCD1",0.348955378914432,-0.133086070434328,0.13,0.168,1
"MYNN",0.349093909170437,0.310961401135239,0.147,0.125,1
"GFM1",0.349117377421196,0.474178304406379,0.092,0.083,1
"PIN4",0.349121137018889,0.657167783604415,0.066,0.051,1
"DIPK2A",0.349428439300665,-0.503880733403532,0.078,0.105,1
"GCA",0.349452293865436,-0.172210493880877,0.098,0.137,1
"CYFIP2",0.349491727368353,-0.216656215182842,0.27,0.333,1
"TCEAL1",0.349532784545149,-0.168327416726099,0.016,0.011,1
"FKBP15",0.349541646371641,0.589231947441198,0.05,0.043,1
"CCDC103",0.349641541251813,1.4985475546806,0.011,0.003,1
"TAF9",0.349667841641953,0.197066473689826,0.259,0.239,1
"MCM3AP",0.349729665475044,-0.548578205013702,0.064,0.077,1
"FNIP1",0.34977243709313,0.159497950136471,0.373,0.393,1
"SNHG31",0.349810121441033,-0.351466197766103,0.011,0.02,1
"HES6",0.350042777015227,-0.512602339041038,0.025,0.043,1
"CDKN1C",0.350075846306442,-0.956882919458864,0.033,0.051,1
"BORCS7",0.350193903279994,0.389238672424172,0.198,0.191,1
"DHRSX",0.350196802695235,0.364970382373647,0.122,0.123,1
"PEX10",0.350334523054611,0.507309977425319,0.031,0.023,1
"DPM3",0.350446315655385,-0.359126245146561,0.071,0.088,1
"C2CD3",0.350717982315881,0.218041585364467,0.079,0.091,1
"CBL",0.350896750814153,-0.339834248597011,0.085,0.125,1
"NBPF1",0.351213707014704,1.06647394410039,0.042,0.028,1
"REM2",0.351293094437242,1.223044459504,0.014,0.006,1
"UNC50",0.351429091246254,-0.30283085508261,0.042,0.066,1
"GKAP1",0.35147693867656,0.279795734746292,0.139,0.117,1
"GTF2E2",0.351544132217181,0.301440221210799,0.187,0.179,1
"RING1",0.351558077537866,0.200203511609365,0.153,0.137,1
"PDCD6IP",0.351598305845285,0.300920656823505,0.267,0.248,1
"KYAT3",0.35169139728956,-0.13410367244779,0.066,0.088,1
"INTS9",0.35188238118875,0.25378706414069,0.095,0.08,1
"CHMP1A",0.351982907806965,0.191040458300701,0.151,0.148,1
"SLA",0.351987185579576,0.125252359818644,0.119,0.125,1
"ARL6",0.351989822306016,-0.919335684719734,0.008,0.023,1
"YPEL2",0.352082433193254,-0.174275249940217,0.074,0.083,1
"SNAP29",0.352147699435938,0.277282840133755,0.048,0.037,1
"ENSG00000170846",0.352162394508718,-1.24235677460026,0.016,0.028,1
"IL6R",0.352190353544955,-1.54720718785639,0.004,0.014,1
"MRPL12",0.3522622266742,0.311898042088814,0.093,0.08,1
"HDHD3",0.352446896761108,-0.612246459047911,0.035,0.06,1
"MFF",0.352656012650071,0.17765577790348,0.205,0.217,1
"SSU72",0.352796364708901,0.138308222241078,0.297,0.302,1
"SRPK2",0.352930344173561,-0.197080255867835,0.347,0.399,1
"RPA3",0.353039175326401,0.16026756637136,0.267,0.285,1
"SRP68",0.35329779140386,0.249548789097587,0.141,0.128,1
"GABPB1",0.353314745236083,0.322395887990311,0.28,0.271,1
"C12orf75",0.353340387125696,0.252591452251277,0.076,0.083,1
"ENSG00000262039",0.353436169413147,-1.29673288321743,0.008,0.02,1
"RB1-DT",0.35358811763735,2.1832118584292,0.011,0.003,1
"ITM2B",0.353906011506718,0.11890888774033,0.624,0.627,1
"ENPP4",0.353944773744558,0.250999619730213,0.025,0.017,1
"HSBP1",0.354091100412141,-0.100242730207064,0.222,0.262,1
"ACSL3",0.354315245878318,0.190561797508456,0.18,0.185,1
"ENSG00000289952",0.354531775476683,1.49662600910354,0.01,0.003,1
"ZNF407-AS1",0.354675891539205,0.671148508801374,0.062,0.051,1
"MTHFD2",0.354700881937743,0.16662384628748,0.231,0.228,1
"ARHGEF1",0.354775099278387,-0.168911643662262,0.38,0.456,1
"EEIG2",0.354776294524138,-0.606964620764195,0.051,0.077,1
"NUDCD1",0.354855376208755,-0.31428664862956,0.055,0.083,1
"ENSG00000235189",0.35489526340104,-0.566335645134764,0.011,0.023,1
"IER3IP1",0.355269738776657,-0.171557007351303,0.095,0.125,1
"PUS1",0.355437249152921,-1.11389762644867,0.018,0.034,1
"IGHV3-43",0.355445327572778,-0.954935938123995,0.027,0.031,1
"FBXW7",0.355574507135755,-0.158431719497863,0.228,0.279,1
"SMUG1",0.35558098439856,-0.701123334404853,0.01,0.023,1
"CSRP2",0.355592555090434,-0.791350299435431,0.013,0.026,1
"RAP2B",0.355732639217998,-0.394727690982063,0.074,0.111,1
"SLC7A5",0.355809787251864,-0.101064035528062,0.161,0.202,1
"MSH6",0.356186201576592,0.361774281161934,0.158,0.148,1
"TNFRSF4",0.35630636468288,-0.622192388110681,0.047,0.074,1
"GLA",0.356338915064434,-0.172265962693894,0.338,0.405,1
"NARS1",0.356369080726791,0.1503130919461,0.132,0.125,1
"TMED3",0.356628682499951,0.470927078530194,0.051,0.04,1
"FAM171A1",0.356649888648907,1.13724944087017,0.02,0.011,1
"UTP23",0.356737751307399,0.3687279384626,0.119,0.108,1
"P2RY8",0.356758668162813,-0.310945606835277,0.19,0.256,1
"MTRR",0.356889656982449,-0.169631422372103,0.075,0.094,1
"FAF1",0.35702162077389,-0.266894986270685,0.207,0.228,1
"PTEN",0.357037081033635,-0.311330300307154,0.188,0.236,1
"ACER3",0.357345193164677,0.273306872685012,0.099,0.085,1
"ENSG00000266677",0.357479403379659,-0.716951286745776,0.008,0.02,1
"EFCAB2",0.357498100984417,-0.256072784252389,0.086,0.117,1
"ECI2",0.357516102734625,0.824564808517173,0.054,0.037,1
"NRM",0.357692237340641,-0.807221955693759,0.033,0.048,1
"MT-ATP8",0.357773260272319,0.162988723191375,0.989,0.994,1
"PATZ1",0.357806839503527,0.617235282770337,0.055,0.043,1
"LINC03076",0.357827076217562,0.511986779227235,0.035,0.034,1
"RBBP8",0.357867599143049,0.185186553909025,0.354,0.359,1
"HDLBP",0.357985962167991,-0.195585402264865,0.14,0.171,1
"RBM43",0.358009289910084,0.246895974125595,0.011,0.006,1
"GPR137B",0.358033071398838,-0.25324296043266,0.085,0.12,1
"NME9",0.358720581481411,0.735866604237236,0.01,0.006,1
"GCHFR",0.35894250035551,1.351568926817,0.028,0.02,1
"ENSG00000249870",0.359023242215629,0.305107598498301,0.033,0.034,1
"ZNF768",0.359297044992652,0.940550981343645,0.023,0.011,1
"FAM3A",0.359311027943884,0.577129655259059,0.05,0.048,1
"ICOSLG",0.359318845256958,0.242676998107763,0.297,0.293,1
"BCAT2",0.359579056944833,1.43111378029624,0.025,0.014,1
"UBE2E2",0.359615598495585,-0.220643096439268,0.406,0.476,1
"DHPS",0.359683957685828,-0.127866600953874,0.095,0.125,1
"RO60",0.359722583193105,-0.162397658824771,0.158,0.174,1
"SEC31A",0.360200880951216,-0.355927961669619,0.18,0.236,1
"NPRL3",0.360210136345707,-0.475577845332568,0.021,0.034,1
"EGLN2",0.360414095065973,-0.245432556604294,0.225,0.279,1
"RPP25L",0.360474820092458,0.910499147471298,0.017,0.009,1
"CRY2",0.360610223950464,0.190517985538244,0.12,0.105,1
"CD3E",0.360655268067584,0.577685217731226,0.01,0.011,1
"ZFYVE1",0.360832553916126,0.694645724190578,0.057,0.04,1
"SPHK2",0.361064563828834,0.93750198468913,0.027,0.014,1
"UBE2Z",0.361189093643756,0.27859129679018,0.283,0.271,1
"IL16",0.361252767037547,0.196072696007972,0.26,0.248,1
"ENSG00000287555",0.361253877029753,-0.546100925874516,0.069,0.105,1
"CD180",0.361329861428451,0.177962899318395,0.069,0.077,1
"DUSP14",0.3613638812724,0.235070529931939,0.065,0.063,1
"TMEM175",0.361384685930051,-0.267485880048639,0.126,0.16,1
"PRRC2A",0.361429925912876,0.200656345078063,0.207,0.222,1
"LINC02694",0.361460803739729,0.822266157082251,0.016,0.009,1
"NAA30",0.361721001175559,0.186136512784279,0.095,0.1,1
"IL3RA",0.361748221004201,0.466392107102483,0.103,0.088,1
"ENSG00000286480",0.361930052437142,-0.847933483474582,0.006,0.011,1
"LDB1",0.361939806461398,-0.437608284963817,0.103,0.142,1
"CARD19",0.362127753947065,-0.592633389026993,0.064,0.1,1
"TMBIM4",0.362251068299946,0.161921031160262,0.238,0.222,1
"PPP1R3E",0.36253408550098,-0.265020483697464,0.021,0.023,1
"WDR6",0.362537008403197,-0.209866208377464,0.109,0.125,1
"CFAP20",0.3626008338732,0.442120710918669,0.153,0.137,1
"GOLGA3",0.362694535034953,0.607248645803318,0.057,0.043,1
"TTN-AS1",0.36269891215277,-0.297834140235937,0.068,0.103,1
"RAF1",0.36284717521435,0.205710092344688,0.188,0.174,1
"PAM16",0.362865815127699,-0.303582532411724,0.062,0.091,1
"UBR3",0.362971064452967,-0.272734202336073,0.123,0.137,1
"PTPN9",0.363219507224123,-0.549270728802886,0.041,0.066,1
"ERVK13-1",0.36348507704529,0.735429983628473,0.041,0.026,1
"ZNF124",0.363594094686435,0.130013438176185,0.098,0.091,1
"TMEM248",0.363927642226214,0.104188481518713,0.342,0.333,1
"ZRSR2",0.364032471951914,0.304190771883887,0.149,0.134,1
"RABEP1",0.364051176737234,0.154518940876358,0.443,0.427,1
"FAM241A",0.364208101471788,0.391640291388621,0.239,0.217,1
"S100A9",0.364250434840343,-0.147543959404548,0.007,0.017,1
"OARD1",0.364271394873729,0.47726779185375,0.095,0.085,1
"VPS41",0.364418511890922,-0.272596689634147,0.126,0.165,1
"SMARCC1",0.364437078675328,0.239607603781703,0.344,0.336,1
"KIAA0586",0.36448718955701,0.607876637074138,0.048,0.034,1
"TARS3",0.364564172628465,0.470381343106532,0.137,0.117,1
"PRKACB",0.364608382853601,-0.216329813574604,0.106,0.137,1
"OSBPL10",0.364646433397396,-0.43244911610594,0.163,0.208,1
"ARIH1",0.364804458479523,-0.13667349107347,0.562,0.635,1
"CNIH3",0.364937793710607,-2.06646921325821,0.003,0.011,1
"CHCHD10",0.364950243972318,0.158607150503247,0.294,0.279,1
"C14orf39",0.365015840420846,-1.11559635639327,0.013,0.026,1
"FAM78A",0.365059593244438,-0.978648738407082,0.023,0.037,1
"ZNF264",0.365216333699843,0.419506474466487,0.054,0.04,1
"PKD2L2",0.365227833279719,-0.446046889005444,0.047,0.054,1
"RMND5B",0.365371632669758,0.36013970806296,0.052,0.046,1
"DCAF7",0.36548532627603,0.170625181287703,0.192,0.214,1
"STRN",0.365590824791214,-0.389978292775331,0.115,0.145,1
"ZBTB25",0.365599330640574,0.41432771459479,0.085,0.066,1
"POLR2F",0.365604178300779,-0.266180969674573,0.12,0.137,1
"RNF216",0.365614438446687,0.385304014919205,0.153,0.134,1
"TRIB1",0.365621566352091,-0.672726418617921,0.05,0.08,1
"FAM161B",0.365817113811396,1.61073657747582,0.02,0.009,1
"ATIC",0.365847536538215,0.397277406048832,0.081,0.085,1
"SNAP47",0.365982768970553,1.18136875401497,0.028,0.017,1
"SRD5A1",0.366135869482,-0.45271325368512,0.042,0.068,1
"GAMT",0.366199674584047,-0.682516006733426,0.017,0.034,1
"CLCN3",0.366215178850513,0.30054225974107,0.219,0.205,1
"ENSG00000231329",0.366222881992382,0.837112713975769,0.037,0.023,1
"CARS2",0.366334460722027,0.185871332086967,0.116,0.1,1
"HCG17",0.366632906715603,-0.417918410909121,0.127,0.174,1
"C19orf47",0.366760294557509,0.89057583554491,0.021,0.011,1
"ANK1",0.366813831843079,0.579345925670292,0.023,0.014,1
"XPO6",0.36705365979792,0.414742300442564,0.14,0.125,1
"POLR2J3",0.367194648957651,-0.209341140881984,0.134,0.165,1
"PAF1",0.367346922116165,-0.174500762540299,0.438,0.487,1
"DCUN1D2",0.367400115653322,-0.726055768025763,0.023,0.04,1
"RBM4",0.367456747866344,0.233061665540697,0.525,0.504,1
"TNFAIP3",0.367764491057629,0.139126473134603,0.692,0.695,1
"ENSG00000289610",0.367769098271735,1.36447039160816,0.016,0.006,1
"RGS12",0.367772918864455,-0.746843912881414,0.007,0.017,1
"WDR86",0.367821447001782,-0.852998493052039,0.025,0.046,1
"CNIH4",0.368124826978801,0.102756787177367,0.137,0.131,1
"TIMM10",0.36819702374569,0.284078067911558,0.181,0.179,1
"GTF2A2",0.368293048429808,0.268522993351088,0.259,0.245,1
"MED1",0.368368552100728,0.279524446722739,0.173,0.157,1
"INTS1",0.368558453970763,-0.16250213122319,0.047,0.071,1
"ADH5",0.368679276065229,0.263749546057739,0.066,0.054,1
"CNOT6",0.368681520833817,0.435368488610047,0.076,0.066,1
"ACP2",0.368696469871936,1.3300928307782,0.01,0.003,1
"OSER1",0.368730164301718,0.153127747885673,0.513,0.538,1
"NDUFAB1",0.368792682964833,0.170667049034668,0.208,0.194,1
"MRS2",0.368849136546682,0.800535724448156,0.025,0.014,1
"LDAH",0.36898083504434,-0.629665243285538,0.028,0.037,1
"FAM98B",0.369050898542983,-0.174832505122815,0.065,0.071,1
"SNX10",0.369080211472308,0.114431452709109,0.132,0.111,1
"DBP",0.369159234682474,-0.211118406194,0.013,0.023,1
"CIAO1",0.369175800057644,-0.366617139615668,0.133,0.177,1
"CACTIN",0.369196759944351,-0.560623450151333,0.04,0.063,1
"RGPD8",0.369315731409924,0.428542859804086,0.059,0.046,1
"TIMM50",0.369418892672963,-0.445800121466374,0.093,0.125,1
"PFKFB3",0.369498405101625,0.285972828288585,0.252,0.236,1
"SLC9A6",0.369673446046827,-0.43610596040468,0.023,0.037,1
"UBA5",0.369688721033973,0.109859756381939,0.05,0.037,1
"ISOC2",0.37004551803812,0.59450246886781,0.033,0.023,1
"AVEN",0.370067071836808,-0.792477950949044,0.044,0.066,1
"IGHV3-11",0.370201505270588,-0.748860909882662,0.021,0.037,1
"PLEKHA2",0.370262775092588,0.163441982664714,0.368,0.359,1
"ZC3H11A",0.37047271977915,0.475105993612781,0.064,0.051,1
"TCF7L2",0.370511669341714,-0.344046788933343,0.051,0.08,1
"DYNLT1",0.370599867629702,-0.442760231530701,0.11,0.157,1
"FCRL2",0.370745976475248,0.202785291771196,0.102,0.088,1
"CPSF7",0.370871154060491,0.132171917466351,0.256,0.274,1
"ENSG00000289827",0.371064632588243,1.69727648776864,0.01,0.003,1
"NEU3",0.37125152047732,-0.773725837984885,0.023,0.043,1
"CREB3L2",0.371285618042631,0.860198236898139,0.038,0.026,1
"PHYH",0.371321144142085,0.618625388639563,0.038,0.028,1
"SUGT1P3",0.371375483668625,-0.938781645554095,0.01,0.023,1
"CNOT4",0.371655783726509,0.164842369590893,0.382,0.359,1
"RETREG2",0.371736234949099,0.12552078138765,0.089,0.08,1
"HDX",0.371818158464917,0.96928705976794,0.037,0.026,1
"LMF2",0.372200269144164,0.418327501613664,0.109,0.091,1
"HPS5",0.372225000313957,0.121701299284701,0.177,0.197,1
"NDUFAF5",0.372396721025744,0.562998519749557,0.058,0.043,1
"IGLV2-14",0.37242762586956,-0.341658776636205,0.057,0.077,1
"ADAT2",0.372541071687992,0.800224159655906,0.037,0.023,1
"ENSG00000272906",0.37265456574639,0.847238698818548,0.014,0.006,1
"PSMG3",0.372665619078449,0.728108030210556,0.037,0.026,1
"ZNF763",0.372793798752062,1.38278117423802,0.03,0.017,1
"DPEP2",0.373175368207099,-0.272506834366874,0.079,0.103,1
"IFT52",0.373249332276774,0.406900482778254,0.058,0.054,1
"SETD6",0.373280818131412,-0.988160206709138,0.013,0.026,1
"KPNB1",0.373290849273247,0.185065196668608,0.382,0.368,1
"ENSG00000259709",0.373348776540016,-0.532121518527844,0.017,0.031,1
"SEC16A",0.373963566640174,0.211506853497309,0.116,0.105,1
"GIHCG",0.373970545490251,0.459258285499442,0.059,0.046,1
"UBE3A",0.373998913225022,0.134750375643937,0.373,0.368,1
"COLGALT1",0.374010903580992,-0.558673106638034,0.024,0.04,1
"TPT1-AS1",0.374294258015495,-0.346283294969321,0.072,0.085,1
"RB1",0.374424299562614,0.182720346101721,0.522,0.516,1
"NDUFB8",0.374505652532931,0.138438766594782,0.25,0.259,1
"ELOA",0.374626226768779,0.252499302463791,0.14,0.123,1
"LYPLA1",0.374672477456831,0.21759850197328,0.158,0.157,1
"FTX",0.37484053365605,-0.334282063439385,0.123,0.171,1
"SMIM8",0.374966636544646,-0.772607673548226,0.013,0.026,1
"JMJD8",0.375030533618072,0.412499872356671,0.057,0.046,1
"ZNF776",0.375047386574999,0.817358853124153,0.044,0.031,1
"TP53",0.375248653109183,-0.347644845916368,0.078,0.108,1
"ACACB",0.375362072771061,-1.27891981061534,0.007,0.011,1
"OLMALINC",0.375478721726336,0.428898953502219,0.011,0.006,1
"SLC7A1",0.375520110414188,0.26221971012167,0.151,0.157,1
"RMDN3",0.37555371210504,0.456288974037353,0.062,0.063,1
"ENSG00000228830",0.375943784276405,-0.447329873975059,0.028,0.051,1
"SPOPL",0.376000795152775,-0.384348348015038,0.182,0.231,1
"TMEM117",0.376127986887939,0.735066211633232,0.068,0.057,1
"ENSG00000289121",0.376285760596619,1.30309876744772,0.014,0.006,1
"NEK6",0.376363050946328,-0.504741489798962,0.023,0.04,1
"SCNM1",0.376403897624474,0.224667121068062,0.177,0.179,1
"TSPYL2",0.376596417770846,0.293527896057787,0.3,0.293,1
"SLBP",0.376624744097731,-0.261797743827917,0.403,0.484,1
"CENPV",0.376720000283309,-0.792004746321192,0.016,0.026,1
"PRRT3",0.37675490633988,1.76746009143624,0.01,0.003,1
"GTF3C2",0.376819119117074,0.453651580953813,0.091,0.077,1
"RCAN1",0.376985203213745,1.41403444198534,0.01,0.006,1
"COQ9",0.377031974781841,-0.964383241567687,0.02,0.037,1
"UBR5",0.377088574741972,0.231357176884355,0.315,0.311,1
"SKA2",0.37721967540529,0.566429633326178,0.031,0.023,1
"ARFGEF2",0.377224969471962,-0.166705737100152,0.201,0.251,1
"C7orf50",0.377642744608413,0.125489581754636,0.322,0.333,1
"HPF1",0.377750422550567,0.486788363239537,0.041,0.031,1
"PYHIN1",0.37781105275417,1.34310116148343,0.014,0.006,1
"ZC3H4",0.377910169789959,-0.231949160031566,0.071,0.1,1
"G6PD",0.377930115476677,0.487449804591875,0.089,0.074,1
"C1orf112",0.377931709505521,0.535174195656661,0.071,0.06,1
"CD74",0.377957588837404,0.101949742064954,1,1,1
"PRR14L",0.37798896120363,-0.428341378701022,0.072,0.105,1
"PEBP1",0.378099358697111,-0.322714157558825,0.173,0.228,1
"BBX",0.378166423118067,-0.177557048958947,0.293,0.325,1
"CLHC1",0.378181981905597,-0.967821514689517,0.007,0.017,1
"HINT3",0.378196198772261,0.876558315007768,0.044,0.028,1
"MGAT4B",0.378200818995981,0.23168751224858,0.089,0.08,1
"RASA2",0.378290068047786,-0.223442977278059,0.279,0.336,1
"CTBP2",0.378388370909271,-1.20677988682505,0.016,0.023,1
"TAB3",0.378549571650046,0.279628735112049,0.075,0.068,1
"DIPK1A",0.378602716519531,0.146949605527181,0.267,0.265,1
"OFD1",0.378613211279852,0.236637409480534,0.29,0.271,1
"R3HCC1",0.378740411319212,0.31212568507987,0.023,0.014,1
"NDUFA6-DT",0.378890553013567,-1.18604481097983,0.013,0.026,1
"ANAPC11",0.379022951072671,0.328290276720469,0.18,0.165,1
"FAM43A",0.379039361627035,-0.708377054546897,0.048,0.068,1
"NRAS",0.379242576120264,0.137865308541893,0.253,0.236,1
"FRAS1",0.379366367239712,-1.44159343542162,0.006,0.014,1
"SNHG30",0.379565169056846,0.932812009133411,0.045,0.037,1
"MED27",0.379651238661202,-0.284838789197062,0.122,0.171,1
"CSNK1G2",0.379747182222352,0.134962502680829,0.31,0.299,1
"P2RY14",0.379767761051486,0.90534443571949,0.047,0.028,1
"PHLPP2",0.379828276470804,-0.346366779782957,0.091,0.125,1
"GEMIN2",0.37996605523908,-0.712361337253175,0.023,0.043,1
"TCHP",0.380019453718795,-0.579906911492252,0.033,0.04,1
"FSTL4",0.380034870172376,0.812967591732556,0.034,0.028,1
"TNFRSF1B",0.380044138738772,-0.473485506748524,0.126,0.179,1
"ATXN7L1",0.380226029859517,1.01400304295405,0.017,0.009,1
"FBXO31",0.38023136473671,0.280165810450559,0.052,0.06,1
"TCAIM",0.380305568210729,-0.981643917411829,0.017,0.034,1
"MICALL1",0.380413931643925,0.237733963329624,0.045,0.048,1
"P2RX4",0.380489686859746,-0.206747207954367,0.02,0.034,1
"UQCR10",0.380593419462828,0.120296994765413,0.335,0.35,1
"CFAP97",0.380841922556908,-0.313281589019278,0.071,0.097,1
"ZNF562",0.380854064452179,0.780428221384891,0.044,0.028,1
"LINC02613",0.380930901619777,-0.857195909639684,0.016,0.031,1
"SIRT6",0.380947149066005,0.832981539724906,0.079,0.06,1
"APMAP",0.381082820649761,-0.419940245775881,0.066,0.091,1
"FAM234A",0.381154103174542,0.684556820091514,0.042,0.028,1
"DCUN1D1",0.381204615772033,-0.438392898663905,0.103,0.142,1
"FCHO1",0.38121888134633,-0.610315787875022,0.075,0.105,1
"CNOT3",0.381341536005124,0.274204017614547,0.062,0.051,1
"YPEL1",0.381355037710827,-0.99164698291025,0.016,0.031,1
"TRIM69",0.3816043310682,0.534957364112115,0.058,0.051,1
"GRIPAP1",0.381801477376282,-0.143729258704988,0.124,0.142,1
"PCF11",0.382108491314866,0.244839082134479,0.243,0.256,1
"ENSG00000258623",0.382257490888603,0.381250910198871,0.041,0.048,1
"BICD2",0.382317766021323,-0.205123086186218,0.057,0.063,1
"GEMIN7-AS1",0.382588200508817,-1.113611829533,0.006,0.017,1
"FBXO25",0.38270063112097,-0.581102662772473,0.054,0.08,1
"XRCC4",0.382717078294001,0.518982651940844,0.033,0.023,1
"ENSG00000274104",0.382832634995689,0.844213761184662,0.013,0.006,1
"LINC00513",0.382843840535627,-0.161660583990017,0.161,0.177,1
"ZNF446",0.382977316036998,-1.08858602142489,0.008,0.02,1
"ENSG00000287377",0.383039778985192,-1.35505259950483,0.01,0.023,1
"PPIL3",0.383300883669062,-0.475622806775581,0.034,0.054,1
"DLGAP1-AS1",0.383316377463137,1.34467192138985,0.021,0.011,1
"TMEM87B",0.383318311437552,0.291729834416786,0.051,0.037,1
"ENSG00000272256",0.383363756493281,0.308966702511045,0.175,0.16,1
"CXCR3",0.383514333040581,-0.927843504516396,0.006,0.014,1
"ENSG00000233461",0.383568755685658,-0.885520022059699,0.011,0.026,1
"WDR37",0.383664377404487,-0.255124643298936,0.103,0.123,1
"INTS2",0.383835636079922,1.07595539303144,0.018,0.011,1
"NMNAT3",0.38416810602623,-0.257740269244396,0.01,0.006,1
"ENSG00000288891",0.384437853880778,-0.794920744173295,0.024,0.04,1
"RPS6KA2",0.384477719747538,-1.28704673788515,0.021,0.034,1
"RFWD3",0.384623504310436,0.360633213586704,0.096,0.083,1
"DPP9",0.384647688813783,0.335005846223196,0.099,0.085,1
"GMEB1",0.384754776204582,0.306184346606796,0.134,0.12,1
"ENSG00000272384",0.384910282129379,1.6217194230767,0.01,0.003,1
"OGFRL1",0.385085716132823,-0.362272934285309,0.143,0.185,1
"USP9X",0.385164317528953,-0.174828969898317,0.289,0.353,1
"USP45",0.385367062033686,0.473849547582422,0.033,0.023,1
"MOB3A",0.385610787233527,-0.156417495564957,0.461,0.538,1
"LCN8",0.385685232418803,-0.675687319992624,0.014,0.023,1
"POLR3K",0.385879246506894,0.617821415902009,0.057,0.043,1
"RAB4B",0.38593952488936,-0.28268676415785,0.144,0.188,1
"METRNL",0.385988069152403,-0.246997483912668,0.212,0.276,1
"ZNF550",0.386009710125151,-0.320447386576081,0.033,0.054,1
"ZFAND1",0.386049475791509,-0.672566652402336,0.041,0.063,1
"S1PR4",0.386185062812115,0.35301546586469,0.184,0.177,1
"ENSG00000272277",0.386267673692487,1.00163353579152,0.01,0.003,1
"GOLT1B",0.386387238747707,-0.12662966376439,0.182,0.197,1
"ADSL",0.386551143010719,0.329179881945916,0.119,0.105,1
"HPS4",0.386609157012988,0.497859551308768,0.091,0.088,1
"SH2B1",0.386616451499235,-0.419046469989308,0.033,0.051,1
"SLC41A1",0.386816195846789,-0.325891409578695,0.042,0.054,1
"MPHOSPH10",0.386825713071109,0.133332577783469,0.174,0.162,1
"GALE",0.386863198015447,-1.39987125687553,0.004,0.011,1
"DBNL",0.386872520312704,-0.284117532777614,0.168,0.191,1
"SMARCAD1",0.387021827330612,0.450313438717612,0.079,0.066,1
"N4BP2",0.38705583264853,-0.358458101794563,0.082,0.12,1
"IQCN",0.387147576795386,-1.23063323410711,0.017,0.034,1
"SLC16A13",0.387197460133308,1.70417032345822,0.013,0.006,1
"ENSG00000233367",0.387199270339287,-0.571345613892676,0.021,0.037,1
"BAG1",0.38754943640668,-0.162850684874392,0.262,0.322,1
"UBALD1",0.38758617175498,-0.283421721062042,0.112,0.148,1
"ATP5PD",0.387615636505901,-0.331188104270636,0.147,0.194,1
"SLC38A4-AS1",0.387834341338593,-0.361650919166432,0.031,0.048,1
"CATSPERG",0.387941975003505,0.727846125056159,0.017,0.009,1
"KRBOX5",0.387999795355496,-0.581842889054741,0.062,0.094,1
"FAM3C",0.388147951708811,0.23579652309753,0.539,0.519,1
"APBB3",0.38817570598224,0.82817699280447,0.038,0.023,1
"ENO1",0.388215805151463,0.100135129378456,0.392,0.387,1
"RECQL",0.388251533988797,0.352948400585194,0.14,0.128,1
"ZNF134",0.388311943015317,0.338940044175209,0.151,0.125,1
"SH3RF1",0.388333526922287,-0.769965757541272,0.013,0.028,1
"LINC01504",0.388447740545542,-0.730142775379441,0.01,0.02,1
"RAB27A",0.388743856737621,-0.347501433700574,0.113,0.157,1
"CTSZ",0.38925186561664,-0.197442689990962,0.216,0.242,1
"CAPN12",0.389341476390113,1.72283404294225,0.016,0.006,1
"AGAP9",0.389365485186498,-1.26655044108062,0.004,0.011,1
"SETMAR",0.389401262271102,-0.541078266736377,0.008,0.017,1
"TM9SF4",0.389477510431718,0.300376391834197,0.103,0.088,1
"RMI1",0.389895212097577,0.844385004253475,0.034,0.02,1
"DUSP11",0.389987201092098,0.297016847377703,0.214,0.199,1
"TSPO",0.390057600956528,-0.219558074993768,0.078,0.108,1
"VIPAS39",0.390219985515129,-1.18411940503513,0.013,0.026,1
"UBE2W",0.390275543965395,0.14359255499556,0.204,0.197,1
"ZBTB24",0.390454241696944,0.265341170425056,0.303,0.293,1
"RAPGEF5",0.390455545270895,-0.876933254471317,0.013,0.026,1
"HYCC2",0.390463405209635,0.255622737750902,0.188,0.174,1
"CCDC43",0.390536380864869,0.331273659753071,0.095,0.085,1
"LRRC8B",0.390655840953614,0.479820213746012,0.092,0.094,1
"TUBA1B-AS1",0.390667341781844,-0.124076749072834,0.103,0.114,1
"WIPI2",0.390821931823385,-0.183689514379245,0.219,0.274,1
"ENSG00000289405",0.390861590331926,0.607242872096839,0.027,0.017,1
"EMC1-AS1",0.390977146262674,-0.531241576143846,0.025,0.046,1
"EIF3E",0.391070837248714,-0.172383295205031,0.658,0.735,1
"INO80C",0.391086080896916,0.190892577132827,0.139,0.14,1
"BOP1",0.391096130701116,0.352717987968369,0.05,0.04,1
"TLN1",0.391352615788552,0.260646621935358,0.25,0.248,1
"GEMIN6",0.391576020021953,0.759936470906491,0.033,0.026,1
"POLR2B",0.39161383488375,0.242118898969044,0.24,0.231,1
"SREBF2-AS1",0.391624973942442,0.910432064244154,0.054,0.043,1
"NUP214",0.391710004967751,-0.263274733376236,0.147,0.194,1
"COPE",0.391794344302472,0.157958421255104,0.354,0.356,1
"GLOD4",0.392078991485025,-0.355282186746965,0.065,0.097,1
"ZKSCAN7-AS1",0.392249245933611,-0.913909943265577,0.007,0.017,1
"VPS33A",0.392344363909001,0.737179142449636,0.064,0.048,1
"MYCBP2",0.392415057077815,0.145644773041722,0.454,0.439,1
"EDF1",0.392465532183845,-0.148210134391726,0.533,0.581,1
"ENSG00000288907",0.392669596438583,-1.21897957489326,0.004,0.014,1
"CPED1",0.392672362528714,-1.10466485684965,0.007,0.017,1
"BAG3",0.392709962760771,0.307920132421843,0.069,0.057,1
"OAS1",0.392840636635828,-0.48606549505004,0.064,0.091,1
"ZXDC",0.392919099873383,0.293470300283078,0.126,0.114,1
"BAZ2A",0.392930934279615,0.12487988525897,0.334,0.353,1
"RBM5-AS1",0.392946065516948,1.03318553509749,0.017,0.011,1
"KNOP1",0.39295830472217,0.566959196329742,0.017,0.009,1
"NIPAL3",0.393052179082417,0.661110566143734,0.027,0.02,1
"RNF213-AS1",0.393067817116211,1.02599906739588,0.021,0.014,1
"MCPH1-AS1",0.393128722326052,1.41468740769771,0.013,0.006,1
"ENSG00000291264",0.393308570113773,-0.701919647782073,0.006,0.014,1
"LINC01004",0.393332973088337,0.316215339957087,0.141,0.134,1
"BNIP3L",0.393365552958785,-0.176063554582753,0.348,0.402,1
"GPD1L",0.393414759632303,-0.842689739047469,0.007,0.014,1
"ENSG00000289536",0.393742059226288,-0.500237349218953,0.023,0.037,1
"RETSAT",0.39400221631952,-1.47439712755389,0.007,0.017,1
"LINC00667",0.394057621672097,0.886745874811634,0.05,0.034,1
"ATF6",0.394177649109086,0.249722570268524,0.276,0.279,1
"MVB12A",0.394358136227588,0.663045537883368,0.014,0.009,1
"ZNF418",0.394447610765419,1.7704890404381,0.01,0.003,1
"LCK",0.394698139993386,-0.380170628029825,0.02,0.034,1
"PNPLA6",0.394750011063704,-0.167304712134228,0.031,0.028,1
"SDCBP",0.394765290734077,0.135083503218602,0.498,0.516,1
"DALRD3",0.394910682003553,-0.618727110708481,0.062,0.088,1
"CACYBP",0.395018252489968,-0.287259002300816,0.191,0.242,1
"SHISA8",0.395054212649082,-0.406708908123383,0.033,0.054,1
"KLHL22",0.395162158538989,0.802944162467775,0.031,0.02,1
"NRIP3",0.395223665838957,-1.31767298276355,0.007,0.017,1
"RFXANK",0.395323670662056,-0.515564781275381,0.047,0.071,1
"ZNF780B",0.395346530420285,0.927021637059491,0.035,0.023,1
"PANX1",0.395401719057788,-0.483278565316527,0.038,0.063,1
"FAAP100",0.395407854042332,-0.695671413078671,0.02,0.034,1
"CAB39",0.395459196953079,-0.343086577963314,0.158,0.188,1
"GPHN",0.395587053780372,-0.379890955071692,0.057,0.071,1
"DOCK7",0.39560509203288,0.499285263971339,0.037,0.034,1
"SRP9",0.395608283685393,0.250086997294195,0.383,0.37,1
"RNF25",0.395633885719555,0.295973058052759,0.083,0.071,1
"TMEM259",0.395687145851305,0.235245442942178,0.42,0.413,1
"F12",0.395900026509749,0.218134995015405,0.016,0.011,1
"ZFHX3",0.395970305852332,-0.214323139073476,0.025,0.043,1
"NEDD4L",0.396005016326867,-0.423032959284026,0.072,0.103,1
"SLC16A1",0.396339100923102,-0.257767334833538,0.065,0.097,1
"CDKL3",0.396503573421955,0.899206112395435,0.031,0.02,1
"TM7SF2",0.396594434238036,-1.5825609999702,0.01,0.023,1
"DNAAF4",0.39662960563912,0.834348091530334,0.014,0.009,1
"UNC13D",0.396689749739028,-0.971547203060214,0.021,0.037,1
"CAPG",0.396878378380951,-0.331358917020323,0.13,0.185,1
"ZNF530",0.396960903653037,1.17935424617771,0.014,0.006,1
"DENND6A",0.397046930142914,-0.45514056165277,0.038,0.057,1
"INSYN2B",0.397145281005066,-0.738854283883453,0.007,0.014,1
"PWWP3A",0.397246853839292,0.746111419970758,0.057,0.046,1
"CBX3",0.397271652600394,0.188367028904548,0.236,0.242,1
"IFIT1",0.397485486871245,-3.01899113186226,0.007,0.014,1
"H1-4",0.397519523051282,-0.219084521306609,0.39,0.45,1
"ENSG00000288744",0.397612585445289,-0.159738560842309,0.02,0.017,1
"PPA2",0.398117912557719,0.166298795732569,0.093,0.108,1
"MFAP1",0.398134700813887,0.343402770570314,0.182,0.171,1
"FOXRED1",0.398405661494734,-0.907252471329792,0.024,0.043,1
"KIAA1958",0.398558557689587,0.289560318806005,0.123,0.123,1
"ATG5",0.398824767665021,-0.145695217567309,0.192,0.217,1
"SAV1",0.399222768465096,0.128445252298713,0.273,0.296,1
"STX18",0.399267853344442,-0.511394666207971,0.071,0.105,1
"CUX1",0.399291906108988,-0.155559186241476,0.225,0.279,1
"MAP1A",0.399363322499129,-1.21559823452419,0.011,0.026,1
"ZNF45",0.399374622770724,-0.704563175226716,0.031,0.048,1
"IER3",0.399491367618321,-0.240094762027093,0.044,0.066,1
"PSME4",0.399519973021826,0.155005295020742,0.284,0.288,1
"ARHGAP45",0.399677340454346,-0.222710873657649,0.253,0.313,1
"EPRS1",0.399885452144298,-0.275530927133397,0.082,0.12,1
"EFNA3",0.400095136918536,0.369339061453053,0.038,0.043,1
"RCC1L",0.400237406891042,0.22815153477909,0.069,0.057,1
"ZNF484",0.400391265216133,0.381513633378659,0.098,0.094,1
"MINCR",0.400522971094856,-0.636556674093621,0.007,0.014,1
"CRY1",0.400710824435972,-0.240154794594964,0.14,0.185,1
"ENSG00000222043",0.400974462869882,0.654098447584413,0.027,0.02,1
"TRMT10C",0.401337239175732,0.131270793378774,0.257,0.239,1
"ZNF320",0.401408972053443,-0.876639292752952,0.011,0.023,1
"LARP4B",0.401462565090051,0.178737017918223,0.279,0.288,1
"ZBTB16",0.401478934449969,-1.17601313789586,0.011,0.023,1
"FBXW4",0.401492543479043,0.257777609950977,0.074,0.063,1
"TUFT1",0.401875628611368,0.744324888652788,0.027,0.017,1
"TOX4",0.401913768873647,0.128488043200477,0.249,0.256,1
"AVL9",0.402063154451269,0.364208511467698,0.129,0.108,1
"TCTN3",0.402077544795893,0.444078245726093,0.061,0.06,1
"AATF",0.402238248835649,0.31403411913504,0.188,0.171,1
"MAN2A2",0.40228551886293,1.12603524859558,0.025,0.014,1
"SLC52A2",0.402314727654681,0.30506435855958,0.075,0.066,1
"SCRN3",0.402526376721027,1.31404409573109,0.011,0.006,1
"PALS1",0.402868247158441,0.581585781534295,0.042,0.028,1
"ACSL5",0.402917746372163,-0.143544492025891,0.072,0.085,1
"CXXC1",0.40292161550279,-0.274219496133261,0.055,0.08,1
"GBP1",0.40318226956987,-1.2325319328124,0.011,0.023,1
"ZNF48",0.403282103339909,0.661450682499782,0.035,0.028,1
"FDXACB1",0.403374742207634,-1.15942330776226,0.013,0.026,1
"HMGXB3",0.403549953866441,-0.166156193865774,0.081,0.085,1
"BUD13",0.403571966004769,0.24190824793798,0.133,0.125,1
"URB1",0.403576970273898,-0.844335366061798,0.021,0.04,1
"RNF113A",0.403577594894905,-0.187213672601331,0.123,0.151,1
"LRRC42",0.403627394570432,0.936720471670042,0.042,0.031,1
"FBLN2",0.403805883745839,-0.997382697206385,0.006,0.014,1
"PFN1",0.403883461688408,-0.113550629250157,0.87,0.917,1
"PLAGL1",0.404245789754384,-0.444366509814555,0.102,0.145,1
"NHLRC2",0.404411063405906,0.414328553152143,0.074,0.057,1
"PLCG1",0.404854278339884,-1.09977959099355,0.01,0.023,1
"PCED1B",0.404855016910421,0.287579498796847,0.054,0.043,1
"ENSG00000272195",0.405015587566221,-0.555683864660289,0.004,0.011,1
"DNAJC15",0.405261390193713,0.293893054364019,0.228,0.219,1
"SLC25A51",0.405646649840848,0.327699702693564,0.05,0.04,1
"ENSG00000263823",0.405797613418301,1.14010050986928,0.011,0.006,1
"MCM6",0.40581062549176,-0.576690735290137,0.041,0.066,1
"CYB5D1",0.405852946274033,0.466630486404396,0.018,0.011,1
"SRBD1",0.406025410427776,-0.422774236582941,0.051,0.074,1
"KCP",0.406479877676009,-1.21782680728149,0.006,0.014,1
"FOXK2",0.406551568136423,-0.52730230350271,0.133,0.188,1
"IL15",0.407049440771477,0.330270011735921,0.069,0.057,1
"ARL6IP5",0.407065494253099,0.23908641721757,0.194,0.185,1
"LY86-AS1",0.40714903680659,-0.690729570190253,0.016,0.031,1
"CD19",0.407219816184255,-0.137933287385898,0.314,0.37,1
"ERLIN2",0.407234357981319,-0.443050260805019,0.014,0.017,1
"ITFG2",0.407249081437496,-0.224726011098222,0.098,0.117,1
"PPM1K",0.407272541721653,0.138017000533252,0.273,0.288,1
"FBXO33",0.407362398350577,0.149381883167039,0.279,0.262,1
"SSH1",0.407606048955888,-0.727526361997873,0.021,0.037,1
"PPP1R9A",0.407634148927744,0.339061954294754,0.027,0.017,1
"STRADA",0.407829402266365,0.128525697477418,0.071,0.057,1
"SELENOK",0.40786354728062,-0.150877795214983,0.663,0.738,1
"TAF3",0.407947422622546,-0.460694662610047,0.154,0.197,1
"ROBO1",0.407986400936791,-0.746412503569328,0.004,0.011,1
"MVP-DT",0.4080156862258,-0.58804705856486,0.006,0.014,1
"SLC25A39",0.408164971376615,-0.149196797626478,0.116,0.12,1
"CARF",0.408319817598772,-0.866390374012754,0.021,0.037,1
"PAIP2B",0.408322907418043,1.19011608557521,0.02,0.009,1
"ENSG00000289056",0.408505580840765,0.482159455142493,0.04,0.026,1
"ENSG00000291149",0.408610384426781,0.266221050208156,0.052,0.063,1
"PIK3C2B",0.408642078763282,-0.409543275559761,0.051,0.071,1
"CERNA1",0.408743198774989,0.861578193692305,0.025,0.014,1
"ZDHHC18",0.408745274522493,0.375384398521799,0.052,0.051,1
"YARS2",0.408764585231661,0.360571602582173,0.099,0.085,1
"KPNA1",0.408822802377755,-0.106048938873822,0.301,0.368,1
"PITRM1",0.408926067572875,0.252613652114555,0.074,0.06,1
"CCDC28A",0.409052635658291,0.442792437966982,0.192,0.171,1
"TOM1L2",0.40928424253029,-0.139201187850543,0.052,0.068,1
"GAA",0.409508362425751,-0.893471345505882,0.008,0.02,1
"KIN",0.409569305382007,0.181210109684768,0.099,0.083,1
"SAR1A",0.409638079536506,0.176680086313248,0.335,0.33,1
"ZNF75A",0.409649275235096,-0.331235892859683,0.068,0.097,1
"DDX11",0.409808265363947,0.995213016665681,0.028,0.017,1
"LINC00662",0.410045311862353,-0.734187692588805,0.041,0.066,1
"DCAF10",0.410133252260016,0.21484056883924,0.115,0.114,1
"PINK1",0.41027067971276,0.877810763371075,0.037,0.026,1
"PUS7L",0.410317219068852,0.147315453189163,0.044,0.031,1
"HIF1AN",0.410361503160916,0.400620330507574,0.065,0.054,1
"INPP4A",0.410420688081889,-0.833655651245203,0.035,0.06,1
"MAFF",0.410434075146116,0.201026687459162,0.109,0.108,1
"GUSB",0.410521841293654,0.418358560607273,0.081,0.071,1
"PARP6",0.41083613061565,0.495953977466163,0.081,0.071,1
"GP6-AS1",0.411350077705686,0.474982962759153,0.031,0.02,1
"COQ7",0.411384098584913,0.40021715680346,0.052,0.054,1
"CHMP6",0.411386302669193,-0.490006712964432,0.035,0.046,1
"REV3L",0.411554100873418,-0.216563564610003,0.342,0.368,1
"RGPD2",0.411576630242289,-0.747715289926051,0.057,0.071,1
"ZNF283",0.411927200892321,0.624659019707276,0.017,0.011,1
"KLF7",0.412024065060777,0.273465683165689,0.153,0.157,1
"TMA16",0.412214213943438,0.22062662318355,0.048,0.043,1
"ENSG00000291136",0.412407213574312,0.32376449011589,0.184,0.165,1
"ACVR1",0.412561770905452,-0.493314002478174,0.02,0.023,1
"EXOSC6",0.412569582402005,0.235932664414661,0.263,0.256,1
"CASC19",0.412716287092487,0.993987479332818,0.013,0.006,1
"TMEM243",0.412723077157285,-0.207229972986007,0.45,0.499,1
"NDRG3",0.412759811707122,-0.926767036388584,0.016,0.023,1
"TRIM25",0.412924503903173,-0.749130129162062,0.034,0.054,1
"IREB2",0.41293671696956,0.34271703613556,0.137,0.123,1
"TRMT12",0.413013344557721,0.613789612527457,0.045,0.037,1
"EFR3A",0.413052160457828,-0.255623843406071,0.25,0.293,1
"BNIP3",0.413176331936417,-0.580701309096509,0.058,0.085,1
"PMS1",0.413392284760072,-0.476434494034432,0.044,0.068,1
"THAP3",0.413511507157236,-0.747030285285622,0.023,0.04,1
"QRICH1",0.413587892651922,0.140329052717759,0.238,0.251,1
"SLC27A4",0.413688540993149,-0.530690285466795,0.01,0.02,1
"OTUD6B-AS1",0.413713793650219,0.328535575519453,0.18,0.154,1
"ENSG00000253200",0.413875457122934,-1.22577265254695,0.008,0.02,1
"CDK5R1",0.413945801576806,0.625393469437753,0.083,0.063,1
"DSCAML1",0.413946109020425,-1.55774266014481,0.006,0.014,1
"TMEM9B",0.414053780728146,0.126208014888174,0.231,0.228,1
"TRAF7",0.41434943079233,-0.520744962910286,0.05,0.074,1
"CYFIP1",0.414428497127904,0.716222465495603,0.018,0.011,1
"SNX9-AS1",0.414488411781133,-0.308490912297346,0.059,0.071,1
"LINC00540",0.41458656778723,0.621474305061421,0.064,0.054,1
"OTUD3",0.414597128386696,0.572562657295053,0.034,0.023,1
"NEK8",0.414652941652428,0.597048676899094,0.065,0.051,1
"CALHM6",0.414668951105723,-0.124911787900602,0.14,0.179,1
"POU2F2",0.414762276308782,-0.309527587341213,0.3,0.37,1
"SORD",0.415107072612917,0.923156897379446,0.025,0.02,1
"AMBRA1",0.415355200628253,-0.18913088792703,0.117,0.157,1
"STAT4",0.415748892612979,-0.433992402948535,0.149,0.185,1
"EAPP",0.416017174154405,0.226345348789868,0.334,0.319,1
"DAD1",0.416454765213226,0.201697111449649,0.221,0.214,1
"NUP205",0.416456647454159,-0.208547078601613,0.085,0.114,1
"NME7",0.416620405369453,0.665301704858619,0.052,0.04,1
"C11orf24",0.416648312923664,0.290587712387302,0.061,0.068,1
"SORBS1",0.416696140099222,1.43749345066731,0.01,0.003,1
"ZC3H7B",0.416730399648455,-0.210495708499777,0.112,0.145,1
"STARD7",0.416911547501721,-0.297340851250003,0.235,0.274,1
"TACO1",0.417046044338838,-0.925641335821273,0.031,0.051,1
"GPRC5C",0.417046930428197,-1.79915367082221,0.004,0.014,1
"INTS6-AS1",0.417065436174567,-1.04536344499827,0.01,0.023,1
"JAKMIP2",0.417247063953681,-0.682967805210883,0.006,0.014,1
"KCNN1",0.417738710368179,-0.920859676890867,0.008,0.02,1
"TCEA1",0.417918071773527,0.125825169726894,0.39,0.416,1
"ELMO3",0.41792017337049,-1.69424368931886,0.006,0.014,1
"MAML3",0.4179997800692,-0.495303931426713,0.055,0.066,1
"PIP5K1B",0.418040097235296,-0.439580151735616,0.095,0.128,1
"ENSG00000289005",0.418121838259826,1.15082982763535,0.017,0.009,1
"RNF125",0.418147804994994,-1.01504509694095,0.033,0.054,1
"GALNT4",0.418171428191289,0.704326124533918,0.03,0.017,1
"TMSB15B",0.418330022766855,-0.455423605942098,0.013,0.026,1
"MHENCR",0.418359293310066,-0.249475325015022,0.106,0.14,1
"LAPTM4A",0.418588000828193,-0.128921564347141,0.455,0.504,1
"TMEM9",0.41868904751668,-0.361660165689144,0.018,0.031,1
"ZNF808",0.418934293603513,-0.718987269824528,0.038,0.06,1
"S100PBP",0.419267968733109,0.205485997472242,0.079,0.071,1
"RASAL3",0.419318275075311,0.163235459431328,0.14,0.128,1
"CRYBB2P1",0.419493213352242,-0.553541873564601,0.062,0.094,1
"SRI",0.419545537707405,-0.4124746085664,0.115,0.157,1
"C1D",0.419613363053502,0.125631052605981,0.209,0.202,1
"ALG10",0.419641916652996,0.62365747802181,0.01,0.003,1
"ZNF778",0.419772664518064,0.291133751380166,0.017,0.011,1
"FIGNL1",0.420125032315773,0.804922199252193,0.028,0.017,1
"SPSB2",0.420294112948906,1.15897257662901,0.013,0.006,1
"ALDH2",0.42039079562493,0.835036530473373,0.02,0.014,1
"TMX4",0.420406514234408,0.359816499899158,0.245,0.228,1
"FILIP1L",0.420433928482925,0.193811768147267,0.379,0.393,1
"SLC35A5",0.420640680509683,0.474124006763948,0.057,0.048,1
"MECR",0.420689321175257,0.891374640257585,0.013,0.006,1
"ANKRD28",0.420933799445001,-0.17941750706784,0.16,0.197,1
"ENSG00000269043",0.420943796655631,0.863493148385152,0.021,0.011,1
"ZC3H13",0.421018907601442,-0.319554390107957,0.144,0.191,1
"ZER1",0.421051367035094,0.726610786672854,0.055,0.046,1
"TPM4",0.421060335328583,-0.270978757370583,0.393,0.459,1
"EMSY",0.421275896441908,-0.331903385685713,0.137,0.188,1
"UNK",0.421322162966639,0.302846434684859,0.113,0.088,1
"MAK",0.421325540265249,0.356916064153258,0.059,0.063,1
"UVRAG",0.42168987444443,0.112819290400675,0.581,0.573,1
"WASHC1",0.421700924671859,-1.6927765669345,0.007,0.017,1
"TRIM8",0.421839352851269,-0.370272020013994,0.079,0.117,1
"SPACA6",0.421892413041628,-0.624520210095319,0.007,0.017,1
"DDB1",0.421933238079414,0.13882967987036,0.187,0.182,1
"SEC24D",0.421967302698227,-0.176180624222087,0.068,0.097,1
"CBX8",0.422089648965922,-0.984965237498687,0.007,0.017,1
"PTPN6",0.422194338848852,-0.252138466205306,0.246,0.305,1
"GPAT4-AS1",0.422403243749576,0.12094668903412,0.028,0.034,1
"EI24",0.422471156377248,0.33346064654281,0.136,0.128,1
"RAPGEF2",0.422496216394038,-0.302092934673939,0.228,0.288,1
"ST3GAL6",0.422789252236347,-0.94648588707816,0.006,0.014,1
"ENSG00000274425",0.422790550823791,-0.351124159020726,0.011,0.02,1
"MRFAP1",0.422950971619071,0.184924854890978,0.383,0.37,1
"BSDC1",0.423202744228369,0.292685814017001,0.173,0.171,1
"NADSYN1",0.423346673054989,0.116366837652262,0.062,0.071,1
"IL7",0.423543816949394,-0.495766114522059,0.05,0.074,1
"CCDC157",0.423623665956771,0.640643712846521,0.024,0.017,1
"SUCLG1",0.423722126453033,0.186073269543026,0.109,0.1,1
"DLST",0.423769637519151,0.198066454267873,0.218,0.211,1
"FAM227B",0.423929475764716,-0.485200948293203,0.007,0.014,1
"LIPA",0.423988518739414,-0.74329512661505,0.047,0.071,1
"WDR55",0.424006279580706,0.541446008148913,0.074,0.06,1
"LY96",0.424033115379987,0.105094892900362,0.035,0.043,1
"RASGRP1",0.42427939983938,0.199791319891991,0.25,0.256,1
"ENSG00000288064",0.424455781302454,-1.05917312260596,0.006,0.014,1
"IQGAP2",0.424478507030584,-0.166913490680653,0.188,0.242,1
"SMARCA5-AS1",0.424548329088667,0.480230560539794,0.066,0.054,1
"ANKRD36C",0.424707888770921,-0.448464905079835,0.068,0.103,1
"ENSG00000253607",0.424762422958156,-0.298164581240679,0.027,0.04,1
"SURF2",0.424765120882432,0.424098152135212,0.096,0.083,1
"H2AC7",0.424815509319155,-0.693760942062861,0.017,0.031,1
"MSRB1",0.424838840587469,-2.2506715030111,0.006,0.014,1
"ZNF775",0.425209339383874,0.343529120860842,0.083,0.071,1
"KLHDC1",0.425423392803492,-1.2603279513999,0.01,0.02,1
"FGD5-AS1",0.425465628921303,0.376264699671337,0.102,0.085,1
"RUFY3",0.425648967446122,0.252709480286182,0.109,0.1,1
"KLF5",0.426050825724915,-1.05597113905086,0.016,0.031,1
"MRPL34",0.426666240361733,0.437259936858225,0.059,0.048,1
"RPUSD3",0.426864895320817,-0.963701241410698,0.017,0.034,1
"WARS2",0.42696097083664,0.187584147717588,0.151,0.134,1
"IGHV3-20",0.427051132675542,1.04728353160667,0.017,0.017,1
"MAPKAP1",0.427103090903115,-0.265236905643441,0.099,0.114,1
"HSH2D",0.42712478462282,-0.174917133130927,0.266,0.325,1
"ARID1B",0.427203840550773,-0.265528345298288,0.42,0.481,1
"DOCK4",0.427436853514513,-0.604570189481466,0.018,0.034,1
"ARF3",0.427437545634746,0.175958053620874,0.096,0.097,1
"ZNF184",0.427509987827257,0.236261115654767,0.055,0.048,1
"JADE2",0.427602138004934,-0.359662203824169,0.129,0.171,1
"SYT17",0.42761981515111,-0.395383941958031,0.018,0.031,1
"ABCF2",0.427702865498435,0.10022747318625,0.109,0.103,1
"CSTF3",0.427743394294419,-0.692385884386438,0.033,0.051,1
"REV1",0.427813840832605,0.180976366515957,0.175,0.168,1
"SP1",0.427845291476756,0.579249560314826,0.089,0.074,1
"FCRL3",0.427962640082268,-0.376640297919809,0.107,0.125,1
"SSX2IP",0.428285880724162,0.631828885092701,0.028,0.02,1
"RMND1",0.428329000572662,0.331817667732884,0.028,0.02,1
"OAZ1",0.428350997702678,-0.129129963200507,0.826,0.869,1
"DNAJC16",0.428646848419487,0.647395154087311,0.042,0.034,1
"PLEKHA1",0.42875916330231,-0.162752540650405,0.187,0.208,1
"ZNF500",0.428771928873738,1.06846961342234,0.013,0.006,1
"SLC8B1",0.428915684991143,-0.730607039602755,0.021,0.034,1
"ZNF592",0.429013770252569,0.185733882256763,0.154,0.142,1
"DNAJC9",0.42913870622431,0.2094687893505,0.188,0.197,1
"MRPL21",0.429253447603036,0.175608958735539,0.158,0.151,1
"NAPG",0.429431680228159,0.294246347637343,0.149,0.137,1
"CDC16",0.429564627577068,-0.417481751823846,0.064,0.097,1
"TP53BP2",0.429673416806103,-0.112334353014614,0.28,0.325,1
"ASF1A",0.429693196610152,-1.09145556809231,0.018,0.034,1
"COX7A2L",0.429798651696441,-0.205530707316368,0.194,0.236,1
"FN3KRP",0.429954483795669,-0.423321955967162,0.031,0.048,1
"ENSG00000285830",0.430009137508879,-0.521940173139305,0.013,0.026,1
"BAG4",0.430090515191249,0.422797460931955,0.088,0.077,1
"TM2D1",0.430097132170637,-0.480305888039504,0.098,0.14,1
"KAT7",0.430277744315194,0.402310004364806,0.201,0.188,1
"COX8A",0.430301023771403,-0.151781063083145,0.341,0.41,1
"GRAMD1A",0.430332551247701,0.297986936916261,0.098,0.083,1
"RNASEK",0.430393839005474,0.126161417060518,0.638,0.652,1
"CCNE1",0.430478847823167,0.987304866883234,0.013,0.006,1
"RANBP6",0.430531140707544,-0.62554587111906,0.045,0.071,1
"FAHD1",0.430594171644294,1.44712030638818,0.011,0.006,1
"SLF1",0.430629354671315,0.409635264837351,0.066,0.054,1
"TIMM10B",0.430758989506433,0.349109360390517,0.182,0.174,1
"CD96",0.430829270188506,-0.38051860831269,0.014,0.026,1
"LINC00278",0.431249555055211,-0.734775957206605,0.017,0.031,1
"CRELD1",0.431263473112817,0.223876434505904,0.02,0.028,1
"ANKZF1",0.431307251355112,-0.401337262268273,0.028,0.046,1
"ENSG00000277369",0.431424095041598,-0.313000112312809,0.008,0.017,1
"CSTF2",0.431544151518707,0.335494629571602,0.03,0.02,1
"DIABLO",0.431547268355552,-0.46135199121683,0.072,0.103,1
"HINT2",0.431781724998863,0.643200469451109,0.03,0.02,1
"TMEM33",0.431790354897653,0.338432834453449,0.1,0.091,1
"HAGH",0.43187307009269,-0.589059472180995,0.031,0.051,1
"IGHV1-69-2",0.43193144159561,2.71209188652707,0.01,0.003,1
"LRIG1",0.431970214802913,-0.644284791383139,0.057,0.088,1
"MCAT",0.432264786921289,0.512455633048408,0.041,0.031,1
"ZNF706",0.432430666232986,-0.197269336578091,0.43,0.51,1
"LIN37",0.432630957401812,0.542437695170833,0.052,0.043,1
"FLII",0.432892621887831,-0.317885140222419,0.061,0.071,1
"ZNF428",0.433147891288467,0.127316586686563,0.069,0.074,1
"ENSG00000268362",0.433318411175058,-0.913661828041865,0.008,0.02,1
"LMNB1",0.433388950725437,0.364280089565719,0.037,0.034,1
"ARHGEF35-AS1",0.433497015906194,0.787418652305242,0.021,0.011,1
"SFXN2",0.433618724784345,-0.735049766849736,0.008,0.02,1
"PHLPP1",0.43367266084295,0.288561779210089,0.202,0.205,1
"ENSG00000290762",0.433741167417791,-1.34557222311579,0.007,0.02,1
"TOP3A",0.433749721083294,0.347722952735213,0.048,0.037,1
"DPY19L4",0.433796771703658,1.80294093107719,0.011,0.006,1
"PSMB6",0.433970211051825,-0.169373308839765,0.246,0.311,1
"PIGX",0.434038818244105,0.311050364257698,0.107,0.108,1
"NELFCD",0.434455255979398,0.151154826918183,0.132,0.128,1
"IMP4",0.43452515668401,0.179982870659136,0.249,0.234,1
"TUT7",0.434547105838716,0.217530509212665,0.219,0.208,1
"CLTC",0.434804280162322,0.133001611445078,0.238,0.254,1
"ALAS1",0.434894396072179,0.322409162537785,0.082,0.08,1
"SNHG6",0.434930577073433,0.11061457676027,0.726,0.712,1
"RFXAP",0.435260864775571,1.37046542296791,0.013,0.006,1
"RSU1",0.435331367480217,-0.358158092285243,0.061,0.088,1
"SPRYD3",0.435512778579458,1.06465418870838,0.024,0.017,1
"CCDC24",0.435607010898799,-0.215140613736588,0.01,0.02,1
"SBDS",0.435672291713266,0.160274613971242,0.397,0.413,1
"ZDHHC20",0.435673433694367,-0.204078464232367,0.164,0.171,1
"SERPINH1",0.43578586273722,0.535271332038044,0.011,0.009,1
"ZNF609",0.435796107746553,-0.442189539460102,0.058,0.088,1
"ARL6IP1",0.435805372718284,-0.187677399710519,0.653,0.701,1
"FHIP2A",0.435913110389222,-0.239292765006138,0.047,0.074,1
"IFT20",0.436056740411706,-0.462104175771574,0.054,0.08,1
"SVIL",0.436081900655981,-0.425374526000003,0.014,0.011,1
"SVIP",0.436256373338871,0.153926041988183,0.147,0.151,1
"STMN3",0.436293138695234,-0.446213906704688,0.031,0.051,1
"LIME1",0.436445169158764,-0.844197448271454,0.018,0.037,1
"PRKRIP1",0.436585681331647,-0.141925956548052,0.157,0.162,1
"GTPBP3",0.436741702538607,-0.749699589451608,0.014,0.028,1
"PI4KAP1",0.43676444969465,0.185380747521876,0.065,0.06,1
"GOLGA7",0.436873020364995,0.30096936692116,0.151,0.134,1
"LYN",0.437345013877681,-0.116788249633095,0.812,0.863,1
"EXOC7",0.437592855644769,-0.385296824745315,0.093,0.131,1
"HS3ST1",0.437705543189312,-0.89652988619329,0.008,0.017,1
"SMIM30",0.43775428428127,-0.752996327440291,0.013,0.026,1
"AGAP6",0.437826400643283,-0.611164833052246,0.025,0.043,1
"SMARCA5",0.437836356121637,0.111332490870503,0.355,0.345,1
"SF3B1",0.437878287638511,0.104076330996733,0.652,0.65,1
"ENSG00000284968",0.437901996471788,1.70253271917423,0.01,0.003,1
"RRAS2",0.437983649280953,0.202108970825353,0.484,0.484,1
"KCNA3",0.438168935179472,-0.550903400805047,0.064,0.091,1
"GTF2I-AS1",0.438517598159989,-0.162982309106452,0.023,0.037,1
"ARHGEF18",0.438971796613837,-0.164730377375955,0.249,0.296,1
"FUZ",0.438974054259834,-0.776840328756567,0.024,0.04,1
"ESYT1",0.439049612499672,-0.629895237309204,0.045,0.06,1
"ANKRD40",0.439071496686966,0.330302398882804,0.074,0.068,1
"FAM81A",0.439214451814059,-1.49101774173832,0.004,0.011,1
"UPF1",0.439276997786053,-0.273863880327998,0.132,0.174,1
"TIMM17B",0.439287810799481,0.267367200020473,0.171,0.154,1
"IBA57",0.439301841111881,0.593376527970343,0.057,0.043,1
"FAM89B",0.439450624402456,-0.117818554600306,0.127,0.165,1
"GBP5",0.439486975828579,0.258741857170682,0.044,0.037,1
"DNAJC13",0.439708253049218,-0.666725062721966,0.048,0.074,1
"ENSG00000261840",0.439766112631839,-0.33069918458651,0.013,0.014,1
"ACOX3",0.43980159856542,-0.53727472782468,0.018,0.034,1
"PPAN",0.439866842942746,0.232519313520944,0.154,0.151,1
"ZNF92",0.439926426091733,0.278666223864404,0.182,0.171,1
"TXNDC17",0.439982907026618,0.393119615349034,0.157,0.151,1
"KIF1B",0.440062479055194,-0.60235491528394,0.037,0.046,1
"PLEKHM3",0.440334287200971,-0.99533026951296,0.007,0.017,1
"MECP2",0.440480821740461,0.217577570397414,0.31,0.302,1
"LRPAP1",0.440608633315088,-0.20213061907737,0.194,0.245,1
"DNAJA4",0.440638921177335,0.59142469645294,0.05,0.04,1
"FADS1",0.440680095512424,0.908802615206725,0.021,0.014,1
"TSNAX",0.440799761219896,0.563321415054738,0.068,0.066,1
"MYO15B",0.4409868203277,-0.228090607965628,0.058,0.08,1
"CELSR1",0.441094050189968,0.867263245986374,0.037,0.028,1
"SEC61A1",0.441248835565119,0.33380783419992,0.113,0.097,1
"RGMB",0.441326035395405,0.371007313675682,0.034,0.034,1
"GSN",0.441327733187586,-0.147931233848844,0.027,0.043,1
"ZFYVE27",0.441459662098777,-0.213668842041715,0.123,0.16,1
"DCTN5",0.441886053989958,0.36741849754619,0.065,0.057,1
"COG6",0.441940305203725,-0.766309752907017,0.031,0.051,1
"ENSG00000253653",0.441984772202553,-0.769365836700751,0.011,0.023,1
"TMEM191C",0.441987359079137,1.15224711713504,0.021,0.011,1
"HOPX",0.442923051525095,-0.126278713477845,0.025,0.037,1
"DNMBP",0.442949761584774,-0.186877360021014,0.092,0.128,1
"SLC17A9",0.443264577778522,-0.292486387830414,0.091,0.1,1
"DPM1",0.443320459106305,0.250004963480061,0.153,0.148,1
"SLC46A3",0.443839794993697,-1.54334520683948,0.006,0.014,1
"TOR3A",0.443993082757184,-0.100675168543894,0.338,0.399,1
"CYGB",0.444149409086596,-1.63124983115019,0.004,0.014,1
"ZDHHC2",0.444263902053933,0.356065732865442,0.088,0.074,1
"ZNHIT3",0.44434249847453,0.123866239061249,0.175,0.197,1
"KLHL11",0.444394728119536,-0.247161888038374,0.04,0.057,1
"ZNF565",0.444438509127686,0.248352699076194,0.057,0.051,1
"C1orf56",0.444497231186458,-0.863792193551631,0.008,0.02,1
"ENSG00000257027",0.444506743739757,-1.61704561845682,0.004,0.011,1
"ZNF529-AS1",0.444527152012208,0.7160577198607,0.031,0.023,1
"CBR4",0.444531088558987,-0.684762498358124,0.024,0.04,1
"POLR2G",0.444558832272186,-0.259729283214019,0.14,0.182,1
"LDOC1",0.444875136650744,1.30739264450421,0.031,0.02,1
"MED13L",0.444896069301142,-0.266649763041447,0.423,0.487,1
"TSPAN5",0.444926707920907,0.366765593562337,0.047,0.037,1
"LRRC58",0.445000973243697,-0.200392505223353,0.072,0.094,1
"THUMPD2",0.445012278231242,0.229571155760653,0.133,0.114,1
"ZNF85",0.445083173236719,0.190477675443057,0.038,0.034,1
"ENSG00000289315",0.445346258022367,1.09888455969304,0.018,0.011,1
"SPATA5",0.445499911449256,-0.550656903067382,0.031,0.048,1
"ARMC10",0.445674682228976,0.108142888069998,0.105,0.1,1
"ENSG00000229502",0.445701148966722,-0.462196632382698,0.035,0.051,1
"JAM2",0.445753660366976,1.27755080759469,0.011,0.006,1
"SKIC8",0.445912756738056,0.533373679413597,0.047,0.037,1
"BTRC",0.446009999076143,-0.472115903158486,0.052,0.077,1
"APRG1",0.446096709222338,-0.924773797327446,0.01,0.023,1
"UPK2",0.4461781942374,0.92277857222425,0.017,0.009,1
"NPIPB11",0.446188981327019,-0.975170715526636,0.013,0.026,1
"BCL2L13",0.446247607571812,0.228047075384946,0.079,0.074,1
"CHAC2",0.446352749561321,0.799961394011817,0.018,0.011,1
"SNRNP35",0.446481775401741,0.141419922621878,0.107,0.117,1
"ZNF587B",0.446561284127328,0.446530984356504,0.044,0.034,1
"NOTCH2NLA",0.446571951033404,-0.390036172308186,0.064,0.094,1
"ACBD3",0.446603214868511,0.160891399239875,0.32,0.316,1
"ENSG00000274422",0.446733032755676,-1.21696718301889,0.008,0.017,1
"MCM7",0.446736228790225,0.183786105005377,0.296,0.274,1
"COA6",0.446766692165149,0.301819766316851,0.079,0.083,1
"IGLV6-57",0.446901741825805,1.0781450448383,0.023,0.014,1
"ENSG00000259536",0.446954524940013,-0.358708679029214,0.016,0.028,1
"ICE2",0.447542129534832,0.321248867710803,0.066,0.057,1
"TMEM128",0.447594504755592,-0.928047531280998,0.024,0.034,1
"MAP3K3",0.447675835968444,-0.330696187875044,0.086,0.117,1
"ZSWIM6",0.447676063781069,0.150120852880591,0.485,0.496,1
"USP27X",0.44785346623293,0.919672388021009,0.018,0.009,1
"SLC16A10",0.447910484982276,0.746207460752697,0.023,0.014,1
"HHIP-AS1",0.448042485316328,0.584553357760452,0.017,0.009,1
"NASP",0.448231292115707,0.164418120946631,0.455,0.464,1
"JMJD4",0.448280938721326,-0.481448212349943,0.023,0.037,1
"SLC16A4",0.448366513065381,-1.24892884917309,0.007,0.017,1
"NSD3",0.448411644431238,0.233471723990814,0.496,0.499,1
"ENC1",0.448537429834074,-0.441173992041086,0.058,0.068,1
"RNF146",0.448777580267825,-0.105494263715597,0.074,0.068,1
"ACSS2",0.448945317964846,2.09811852751641,0.01,0.003,1
"GIGYF1",0.448952990888233,0.102910493895791,0.074,0.083,1
"ENSG00000287382",0.449244871594489,0.7495780155988,0.055,0.043,1
"COMT",0.449612408498336,0.150283726515946,0.064,0.06,1
"ZMYM4-AS1",0.449803921977007,1.31234406804848,0.011,0.006,1
"ZNF585A",0.450235608342303,-0.132028970750999,0.054,0.071,1
"BTBD10",0.450374531468112,0.225248661963999,0.117,0.105,1
"ADAM10",0.450583280076735,-0.345115608451848,0.194,0.248,1
"DENND1C",0.450596248538675,-0.565729302021537,0.059,0.085,1
"SEC11A",0.450758892943906,0.216430067281742,0.24,0.228,1
"DDX31",0.450858697210373,-0.385129547687007,0.061,0.091,1
"MRPL28",0.450956056561146,0.306977422116677,0.098,0.091,1
"EIF2AK2",0.451264806905228,-0.339289838237691,0.167,0.214,1
"WDR48",0.451456475907986,0.17314415595145,0.371,0.379,1
"GSTCD",0.45153971177234,0.560091470232898,0.025,0.017,1
"PAXIP1-DT",0.451569213363007,-0.383346666573267,0.01,0.017,1
"BEST1",0.451822068811837,0.159367614611927,0.273,0.265,1
"AKTIP",0.45186544106198,0.761755903778467,0.021,0.014,1
"APPBP2",0.451977428800617,0.161777777445177,0.134,0.125,1
"TSTD2",0.452112941225639,0.302924783459698,0.115,0.108,1
"HHEX",0.452179702914029,0.218366464064251,0.149,0.148,1
"ZNF77",0.452234995593524,1.48112203114008,0.01,0.003,1
"SNHG29",0.452343726052889,-0.137627218676883,0.772,0.806,1
"SERPINB8",0.452411868522865,-0.35594491951965,0.059,0.083,1
"MPC1",0.452450964189655,0.194683951488971,0.12,0.128,1
"TMED5",0.452501457354322,-0.19721325900239,0.236,0.296,1
"ARHGEF7",0.452529332042863,-0.112952081382179,0.252,0.305,1
"AKT1S1",0.452676828370496,0.267988846328354,0.037,0.026,1
"SYNJ2",0.452689048684358,-0.294061729387291,0.124,0.165,1
"BEND4",0.452703914210763,-0.613926120933225,0.047,0.068,1
"NMB",0.452874473034562,-0.163957216728642,0.018,0.031,1
"ECSIT",0.452881929403621,-0.463912374874956,0.069,0.094,1
"FURIN",0.452950279538356,-0.680216898953246,0.035,0.06,1
"COMMD5",0.453229616185801,0.279854418362842,0.212,0.194,1
"TTC21B-AS1",0.453284499845914,0.726083433152646,0.021,0.014,1
"SMAD2",0.453435988781564,0.304243064236085,0.209,0.205,1
"BSCL2",0.453588745667235,-0.456547922461887,0.037,0.057,1
"EOLA1-DT",0.45359697035465,1.0857300664142,0.02,0.011,1
"FBXL6",0.453693334241837,-0.482709096116044,0.045,0.06,1
"NPLOC4",0.45405453965534,-0.403495016606356,0.098,0.117,1
"SF3B3",0.454088582410786,0.158661709726358,0.209,0.194,1
"B3GALT6",0.454459028824734,0.12935141469027,0.136,0.148,1
"GRPEL1",0.454550309160853,0.346539316605395,0.136,0.128,1
"NUDT13",0.454566277852092,-1.23087646439872,0.006,0.014,1
"MFSD8",0.4547738464461,-0.536305763357151,0.075,0.085,1
"BRI3BP",0.454826602299559,-0.394683528865897,0.038,0.057,1
"TP53BP1",0.454860335900723,0.15630437162263,0.194,0.182,1
"ENSG00000265907",0.454930686723079,1.23573163108532,0.013,0.006,1
"MBD6",0.45493102631148,-0.217293439850046,0.038,0.034,1
"NAGK",0.455009543109459,-0.254516684236163,0.11,0.134,1
"ALKAL2",0.455027223591587,-0.318750591664858,0.016,0.028,1
"TEX264",0.45536781877158,0.287925885309583,0.065,0.066,1
"EMG1",0.455415864277145,0.384391463791667,0.153,0.14,1
"DUS1L",0.455529298048924,-0.222082817732837,0.117,0.151,1
"KDM1B",0.455797431923603,-0.596944032452487,0.05,0.074,1
"C16orf74",0.456042359006364,-0.151297554248272,0.202,0.256,1
"VPS29",0.456103015126553,0.248981684142649,0.18,0.165,1
"CCR6",0.456137906125609,-0.318665010775593,0.154,0.202,1
"CMC1",0.456162848180358,-0.500510856481087,0.052,0.06,1
"BORA",0.456185205400337,0.745134763281131,0.017,0.009,1
"ZNF615",0.456333634150309,-0.388772482719487,0.04,0.051,1
"ENSG00000255670",0.456371943897713,1.07625338645745,0.013,0.006,1
"LPGAT1",0.456618656877477,0.190056567529749,0.18,0.165,1
"XKR8",0.456750309729038,0.483327666305318,0.02,0.011,1
"SLC10A1",0.456830224144967,1.33832688766425,0.024,0.017,1
"MFSD6",0.45683419728219,-0.595851510310755,0.059,0.088,1
"LRATD2",0.457125645336711,-0.267604322165766,0.025,0.043,1
"LETM1",0.457146070513923,-0.675505061215683,0.058,0.074,1
"PCMT1",0.457240281049008,0.216668364441053,0.199,0.188,1
"CKMT2-AS1",0.457401027910718,-1.08270086456473,0.01,0.02,1
"TMEM126B",0.457407250517216,-0.473771788459101,0.082,0.117,1
"SWSAP1",0.457666071572326,-0.86639198443188,0.03,0.048,1
"ZNF846",0.457699660550132,0.686587610068051,0.025,0.02,1
"AOAH",0.457723748253818,1.1705566779907,0.013,0.006,1
"ADI1",0.458333110571217,0.301680503465233,0.119,0.103,1
"PTPRO",0.458343298759576,0.68843866987213,0.047,0.031,1
"GOLPH3",0.458348656885097,-0.173045022121784,0.26,0.325,1
"NDUFA1",0.458359442192611,0.143888007098458,0.433,0.462,1
"SLC4A10",0.458723095424854,-0.870315128259582,0.004,0.011,1
"SLC25A45",0.458817754190374,-0.629136127506565,0.034,0.037,1
"ZFP64",0.45889680882042,1.24416965977512,0.017,0.009,1
"SNED1-AS1",0.458958980569023,-0.515489737407604,0.074,0.103,1
"SFMBT2",0.459049254108801,0.214084820014967,0.072,0.074,1
"ENSG00000283674",0.459136549189425,0.695150740187787,0.02,0.014,1
"ARFIP1",0.459265461928021,-0.592232314180056,0.064,0.085,1
"PRRC1",0.459355299348108,0.19726536988828,0.051,0.04,1
"TASOR",0.459403766110148,0.258113175561695,0.174,0.16,1
"RBFA",0.459434308687913,-0.551836091673587,0.059,0.083,1
"NDUFS2",0.459488309505829,0.50835698692666,0.082,0.077,1
"ALDH18A1",0.459554472285393,0.274045445019147,0.041,0.04,1
"METTL21A",0.459647760106383,0.146049640861815,0.245,0.251,1
"AP2A2",0.459681026795903,-0.56948645675755,0.052,0.083,1
"CDC40",0.459881516495432,0.220447855427697,0.256,0.242,1
"SPATA21",0.46017767628589,-1.22121986445257,0.01,0.02,1
"NKG7",0.460221157669927,-0.892094807095955,0.007,0.014,1
"ENSG00000232934",0.46028650060055,-1.0914343255176,0.011,0.023,1
"ZHX1",0.460379968855451,0.337081966529652,0.064,0.054,1
"PPID",0.460584179933231,0.414008058588596,0.102,0.088,1
"ENSG00000214719",0.460706559307664,-0.493971913999524,0.05,0.077,1
"GRHPR",0.460760679462001,-0.385688376222829,0.11,0.151,1
"KLHDC2",0.460837801828877,0.193998292079592,0.112,0.128,1
"SLC38A9",0.46087531008741,-0.684869510396898,0.048,0.077,1
"TRIM13",0.461025382514744,0.132240258137707,0.173,0.16,1
"SEL1L3",0.461171670849868,-0.364378411173284,0.086,0.114,1
"ELOA-AS1",0.46121705594011,-0.800354077341338,0.014,0.028,1
"ECE1",0.461271116568474,-0.287234786209452,0.315,0.362,1
"C5orf63",0.461524741592242,-0.939715286235144,0.016,0.026,1
"RNF114",0.461532683182289,-0.211458791438846,0.366,0.43,1
"PPP2R3A",0.461576599907248,1.24861701433737,0.013,0.014,1
"DNPEP",0.461737591562941,-0.16366541475977,0.147,0.182,1
"ADCK5",0.461870154443306,-1.27572244050212,0.011,0.02,1
"SF3A1",0.462078840576784,-0.147486685964097,0.373,0.439,1
"ATP6V1E1",0.462087083974635,0.124930559924308,0.14,0.128,1
"FCHSD2",0.46245240528158,-0.202892624891793,0.365,0.422,1
"TRAPPC13",0.462754945025454,0.18862264484627,0.055,0.057,1
"XNDC1N",0.462761857486703,-0.929214942184155,0.017,0.031,1
"LINC02757",0.462802616738152,0.600364138553508,0.02,0.011,1
"ZNF880",0.46287785583023,-0.347925833952501,0.038,0.054,1
"PMF1",0.462915047764964,0.20610873820002,0.242,0.231,1
"AHCY",0.462927393942952,-0.249784031607187,0.085,0.114,1
"API5",0.462940164509497,0.179203115597325,0.192,0.182,1
"AIFM1",0.463014902438191,-1.33730175653541,0.01,0.023,1
"STAMBPL1",0.463057055419394,0.970283454632562,0.021,0.014,1
"ARHGAP35",0.463142934159244,0.207752310121139,0.04,0.031,1
"LANCL2",0.46324751238015,-0.267689830537401,0.071,0.094,1
"TRMT44",0.463278039960445,0.560404017257605,0.034,0.031,1
"DMAP1",0.46343929777835,-0.59363673926067,0.044,0.063,1
"ASB7",0.463522207276776,0.449076427815469,0.075,0.066,1
"ALG1",0.463665383367314,0.131941788032336,0.024,0.017,1
"MAP3K5",0.463671432972912,0.464007096977079,0.095,0.083,1
"NT5DC1",0.463798042475328,-0.17759141632565,0.054,0.046,1
"TMEM135",0.46390206318494,-0.644515678454932,0.04,0.063,1
"FAM111A",0.464002380049012,-0.24877184600574,0.061,0.085,1
"QPCTL",0.46425254535875,0.428688763437205,0.055,0.046,1
"OBI1",0.464350794661882,0.310454841712607,0.099,0.097,1
"GRAPL",0.464368053609451,0.24759554232663,0.023,0.017,1
"CENATAC",0.464434300315764,0.241280754291316,0.086,0.074,1
"ENSG00000273391",0.464526784298217,1.24495232495397,0.02,0.011,1
"CMTR2",0.464703867195932,0.326808040436921,0.083,0.091,1
"TBC1D32",0.464740400810858,-0.378956907761646,0.038,0.057,1
"SAC3D1",0.464960522363881,-0.547559715605251,0.02,0.031,1
"INKA2",0.46503669962103,-0.204973578095359,0.052,0.077,1
"IGHV3-33",0.465053283141434,-0.494205182581009,0.052,0.068,1
"ENSG00000289331",0.465093240058214,-0.59241254246713,0.048,0.074,1
"CRLF3",0.46509710884998,0.245272761531153,0.214,0.202,1
"LINC01013",0.465194062563072,-0.875373799665635,0.023,0.037,1
"PACSIN2",0.465242185382758,0.161373923925673,0.198,0.191,1
"PCNX4",0.465249486157906,0.11717036383976,0.236,0.256,1
"LINC00494",0.465331177438964,0.583091941529494,0.031,0.017,1
"POLE4",0.465373564022127,-0.288456314111746,0.122,0.16,1
"BIK",0.465512143543805,0.595164546682744,0.011,0.006,1
"KCNMB4",0.46552841468359,-0.576916683464674,0.024,0.037,1
"PLSCR3",0.465559136578544,-0.138054224709851,0.065,0.088,1
"BABAM1",0.465848032487972,-0.458590668009448,0.1,0.128,1
"SERHL2",0.465944543993297,-0.525062787613749,0.01,0.02,1
"PSMC4",0.465965745091905,-0.20338053616136,0.286,0.348,1
"TMEM276",0.466221423380878,-1.06883770440987,0.007,0.014,1
"STARD3NL",0.466241967103539,0.101265100632699,0.177,0.171,1
"SH2D2A",0.46630223372486,0.828676604834438,0.014,0.009,1
"LYL1",0.466799710998592,0.304281211561143,0.154,0.148,1
"CHCHD6",0.466983325691401,-0.677782051116819,0.021,0.037,1
"UCK1",0.467069128047076,0.894894740643426,0.04,0.031,1
"DCAF13",0.467140980452,0.165381428582398,0.194,0.202,1
"GOLGA1",0.467558835289999,-0.580641732437447,0.028,0.048,1
"DTX3L",0.467783104398139,0.147059037782782,0.132,0.125,1
"RAB6A",0.467894912837133,-0.278436451794444,0.177,0.228,1
"B9D2",0.468137292618691,0.476618458579055,0.13,0.114,1
"IMPDH2",0.468483698192437,-0.290553340394187,0.225,0.282,1
"TTI2",0.46878771435056,0.461341022500735,0.037,0.034,1
"HACD2",0.469113952995313,0.290548199168791,0.106,0.103,1
"ARL11",0.469321154927253,0.744019950898567,0.033,0.023,1
"TBXAS1",0.46957232144003,-1.46466061939083,0.006,0.014,1
"ACIN1",0.470041379602329,0.147096896290996,0.334,0.342,1
"ZNF14",0.470183920944677,0.259872441546896,0.078,0.068,1
"CEP126",0.470338901744573,0.333720964899439,0.034,0.026,1
"DDX54",0.470793554326767,0.124548016272984,0.201,0.191,1
"IGLV2-11",0.47085380232039,0.925651506120223,0.023,0.014,1
"SNX3",0.470943531732517,-0.100322616002648,0.519,0.584,1
"C11orf80",0.471757707493881,-0.304225586320257,0.081,0.105,1
"CBX1",0.471853396707437,-0.285180658555791,0.098,0.111,1
"TRMT6",0.471949511134212,0.13490450135123,0.074,0.066,1
"ENSG00000290872",0.472086297308512,0.690526704348172,0.034,0.023,1
"DCAF16",0.472158597917201,-0.259724441224135,0.082,0.097,1
"ENSG00000272368",0.472461097019496,0.560524736122652,0.037,0.028,1
"SUGP2",0.472580637706992,-0.424147416495117,0.062,0.071,1
"MRPL32",0.472669885746029,0.197521608491491,0.212,0.205,1
"TFAP2E-AS1",0.472678528980649,-1.89586627614973,0.004,0.011,1
"ENSG00000288012",0.472713236982543,-0.691911329646964,0.016,0.023,1
"BMAL2",0.472748573452637,0.891304563205788,0.028,0.023,1
"DPY30",0.472943969818038,0.264782951435143,0.062,0.071,1
"SLC19A2",0.472953234831655,0.89261057510861,0.047,0.031,1
"CRACR2B",0.473087950909859,-1.19709751794604,0.004,0.011,1
"NOP56",0.473394968098813,0.146036854204641,0.293,0.296,1
"CABIN1",0.473633961202362,-0.434914726451352,0.068,0.1,1
"TAF1C",0.473683467179016,-0.511100230428909,0.057,0.077,1
"ARAP1",0.473776735690596,0.16143792772586,0.061,0.074,1
"TMEM19",0.474042051346473,0.186834318001539,0.071,0.074,1
"PRPF31",0.474155863575944,-0.127066990125918,0.115,0.148,1
"ZNF75D",0.474265465136171,-0.639631618667215,0.038,0.054,1
"RNF141",0.474521810932196,-0.208854314814413,0.074,0.1,1
"PABIR1",0.474687800933906,0.437280776089892,0.076,0.068,1
"ZNF766",0.474738534296142,0.201442945508024,0.076,0.066,1
"NFIL3",0.474746073780473,0.407935577715387,0.054,0.046,1
"PIP4P1",0.475000929335268,0.107083599609242,0.29,0.302,1
"CEP83",0.475453849215271,0.148622508452264,0.202,0.211,1
"MIR924HG",0.475552899649399,0.531398058912043,0.017,0.009,1
"LIG4",0.475796611071656,0.457233402905925,0.082,0.074,1
"BNIP2",0.475918180495835,0.168488136054775,0.349,0.339,1
"MIX23",0.476071115395756,0.388518877424147,0.083,0.074,1
"ARHGEF19",0.476091432984963,-1.28905459659505,0.008,0.017,1
"MYDGF",0.476095933779988,-0.120085032233517,0.199,0.242,1
"GALNT3",0.476239808880376,0.571111227727147,0.085,0.083,1
"EIF3C",0.476361727408183,0.428707592967132,0.02,0.011,1
"TNFAIP8",0.476671480410559,0.176856312404527,0.286,0.308,1
"WDR20",0.476959761471007,0.263672662325493,0.177,0.16,1
"ENSG00000291121",0.477056298052318,0.736107397673569,0.02,0.02,1
"DPH5",0.477076907701707,0.537250877164238,0.055,0.054,1
"GTF2IRD2",0.477255939667337,-0.636541175202691,0.028,0.046,1
"GDI2",0.477511853303907,-0.216073892126786,0.468,0.544,1
"SLC25A24",0.477516512678811,-0.482868038560856,0.042,0.063,1
"DYNLL2",0.477644062180903,-0.230139606018483,0.156,0.197,1
"OXSM",0.477651070554219,-0.455504309964897,0.038,0.057,1
"TPMT",0.477682348368563,-0.929030759700939,0.008,0.02,1
"NDUFB11",0.4777651860779,-0.167291707338179,0.406,0.476,1
"PYROXD1",0.477913300518586,0.270651947557281,0.093,0.08,1
"DAGLB",0.477949969505508,0.373351098972243,0.04,0.037,1
"ZNF441",0.478033723541792,0.733288373542821,0.028,0.017,1
"PSD",0.478071458420828,0.790671952361619,0.014,0.009,1
"ENSG00000290796",0.47816000575158,-0.155987674052012,0.089,0.114,1
"MAP9",0.478234576446455,0.496344146190209,0.078,0.068,1
"SPTSSA",0.478240015792516,0.516649637909148,0.086,0.071,1
"HS3ST3B1",0.478244965142018,-0.601216044609952,0.035,0.057,1
"TNFRSF14-AS1",0.478286008649278,0.966367574778139,0.024,0.014,1
"COASY",0.478341078704161,-0.239748117477588,0.057,0.068,1
"IPO13",0.478483377890212,-1.35187653095532,0.01,0.017,1
"SENP7",0.478598087489681,-0.367732162629926,0.093,0.125,1
"SCYL1",0.478672295758048,0.125755723624663,0.091,0.103,1
"SIGLEC14",0.478728113675052,0.760412528073197,0.011,0.006,1
"PPP1CC",0.478741006700911,-0.204527984583898,0.308,0.379,1
"MTMR8",0.478803289750414,-0.723794165919247,0.023,0.028,1
"UBE2J1",0.478938465724376,-0.115829998122156,0.208,0.251,1
"SNED1",0.479044691416718,-0.195695900306108,0.222,0.239,1
"CCNY",0.479096092525451,-0.195371617352383,0.337,0.399,1
"RNF130",0.479296900896688,-0.37044683425454,0.055,0.077,1
"STAT3",0.479425401483143,-0.19369005570605,0.355,0.427,1
"EFCAB14",0.479870298056024,0.186839043681596,0.153,0.148,1
"SNHG9",0.479886939884085,0.288889582730745,0.199,0.217,1
"CIPC",0.480161743744651,1.14709672269835,0.016,0.009,1
"PARK7",0.480163564196853,0.100489351421069,0.388,0.39,1
"HEATR6",0.480311563667761,-0.646128263260057,0.031,0.048,1
"BLVRB",0.480662770990374,-1.15732245368397,0.027,0.04,1
"RABGAP1",0.480881369731896,0.131900358921822,0.31,0.299,1
"METTL6",0.480885619307894,-0.445102897183921,0.044,0.066,1
"ZNF44",0.481031133305639,0.513362808324693,0.096,0.085,1
"CRYM",0.481174748892377,-0.262718710412544,0.014,0.011,1
"FCF1",0.48126836332186,0.157448484464032,0.112,0.105,1
"MCTP2",0.481589272922045,0.195470449191929,0.226,0.222,1
"FBRS",0.481723854745021,0.157307649131808,0.325,0.316,1
"ZNF655",0.481754207206972,-0.325593895539564,0.18,0.228,1
"STX5-DT",0.481771300483995,-0.423272335625601,0.02,0.031,1
"ZNF549",0.481953561695764,0.546034033053176,0.041,0.031,1
"IGFBP4",0.482023847293229,0.214940326313805,0.294,0.282,1
"TARBP1",0.482093877156849,0.224463518761329,0.033,0.046,1
"WASHC2C",0.482118515114669,0.397745696912183,0.109,0.094,1
"ERLIN1",0.48217581276871,0.755214388704953,0.028,0.02,1
"ZNF142",0.482299369862,-0.587097550718521,0.041,0.06,1
"HPCAL1",0.482362650902528,-0.262962205278356,0.082,0.1,1
"MATCAP2",0.482600376588771,1.35277559698305,0.014,0.009,1
"ZNF701",0.482639050183717,0.736060040215937,0.045,0.031,1
"TRIM28",0.482646520245384,-0.159109537150032,0.426,0.496,1
"RAB33B-AS1",0.482676699760136,-0.255942279899078,0.068,0.1,1
"EML6",0.482788515048203,0.220839651138832,0.014,0.009,1
"CCPG1",0.482801167659276,-0.282762091344071,0.161,0.214,1
"METTL26",0.482804443481049,-0.382381729009734,0.103,0.142,1
"TARS2",0.483131103595591,0.806902528100419,0.031,0.026,1
"FUCA2",0.483171871502918,-0.872829729103573,0.006,0.014,1
"RAB11B-AS1",0.483182122845623,0.941373966051063,0.014,0.009,1
"ITPKB-IT1",0.483432192638312,0.526239830197428,0.028,0.023,1
"GNG5",0.48345216119635,-0.174397883701366,0.421,0.49,1
"ENSG00000290357",0.483504237962405,0.746996782583225,0.011,0.006,1
"ANKFY1",0.483588905531876,0.220287663830204,0.065,0.06,1
"NME1",0.483616146441919,-0.464062714000575,0.054,0.066,1
"IFI27L1",0.483869868571359,-1.32845195821582,0.004,0.011,1
"ULK3",0.483912433725008,0.292400119571529,0.03,0.02,1
"CYB561",0.483991220685693,0.448711333734629,0.03,0.023,1
"ZNF234",0.484014526832828,1.07855574855519,0.02,0.011,1
"NEK4",0.48422606629832,0.302628627590892,0.016,0.009,1
"ENSG00000289970",0.484514445161553,0.269357679646351,0.016,0.009,1
"ZFYVE21",0.484520328351935,-0.60672162751097,0.011,0.02,1
"APEH",0.484592061632598,0.30880544762879,0.028,0.017,1
"TUBB",0.484666216264829,-0.107943755009589,0.369,0.43,1
"CIC",0.484788405469169,-0.187887144641918,0.069,0.097,1
"LAP3",0.484873923732138,-0.322061899320694,0.164,0.214,1
"SEPHS1",0.485129105729327,0.119350343446134,0.048,0.063,1
"PKD1",0.485206810827538,-0.88472521400449,0.017,0.026,1
"PDE12",0.485208324548513,0.261716932933513,0.119,0.108,1
"LYRM1",0.485214525536975,-0.485993508173426,0.04,0.06,1
"MID1IP1",0.485665234909739,0.130642376755785,0.099,0.097,1
"ENSG00000285693",0.485748168471043,-0.46655029444549,0.016,0.028,1
"NAT14",0.485921595948866,-0.956943304674768,0.011,0.023,1
"BICD1",0.486009786462506,-0.56195801191513,0.066,0.097,1
"PRDM4",0.486039676157185,0.404545163465834,0.175,0.165,1
"MRPS12",0.48609417333967,-0.18057710479021,0.13,0.151,1
"ENSG00000288531",0.48614629899605,-0.571573990207833,0.02,0.034,1
"SP2-DT",0.486220406275041,-0.871910734768165,0.011,0.02,1
"GRN",0.486818830020466,-0.224069028342715,0.188,0.214,1
"DEDD2",0.486926156941109,0.273633767910474,0.208,0.202,1
"EPOR",0.486950184758479,-0.490713746147675,0.021,0.037,1
"TMCO3",0.48709343434309,-1.05563158029769,0.017,0.031,1
"PRDM1",0.487194040154266,-0.693717042458969,0.011,0.02,1
"S100A4",0.487426757305764,0.391600872788428,0.051,0.043,1
"KRAS",0.487604704901482,0.152041102630837,0.42,0.419,1
"IGHV3-48",0.487807899413729,-0.8268840874056,0.033,0.051,1
"LYAR",0.487967403311069,0.296342471073985,0.057,0.051,1
"ENSG00000290033",0.487976005950028,0.696169370584851,0.024,0.017,1
"DNAJC24",0.488030539756314,-0.866415400526312,0.027,0.046,1
"AP3M2",0.488138769359247,0.30019123878007,0.098,0.088,1
"RIN2",0.488233089432736,-1.0172459110971,0.004,0.011,1
"MYO1G",0.488266013184889,-0.281772541226552,0.133,0.165,1
"EFNA1",0.488333351202539,-0.86444961382906,0.013,0.023,1
"MYCBP",0.488356798099832,0.466919607377379,0.051,0.054,1
"TCTN1",0.488666781779188,-0.238244866015457,0.1,0.134,1
"BRF1",0.488782699697964,-0.607612254565618,0.035,0.057,1
"ENSG00000231128",0.488966072379861,-0.638208031574264,0.02,0.037,1
"FBXL13",0.489006972297122,-1.39228084921873,0.007,0.017,1
"HEXD",0.489087044281779,-0.381215717731153,0.071,0.094,1
"SP4",0.489243807911209,0.403552945839583,0.115,0.108,1
"BCL7B",0.489274978981429,0.197157636714534,0.389,0.396,1
"MOXD1",0.489404380111389,0.958479524648975,0.01,0.011,1
"LBH",0.489415357558916,-0.162732267588655,0.188,0.234,1
"ENSG00000290073",0.48950608523546,0.614408137924047,0.033,0.026,1
"ZNF639",0.489535589640601,0.218531428623518,0.208,0.194,1
"ATP13A3",0.48956967225955,0.131363881592516,0.146,0.14,1
"UBE2O",0.489574661343941,0.136785853379045,0.137,0.154,1
"POLR3H",0.489606421997083,0.380269303720697,0.027,0.02,1
"NQO2",0.489627997459441,-0.851723965421292,0.016,0.028,1
"MNT",0.489699383737998,-0.419798907307323,0.035,0.054,1
"ENSG00000288925",0.490209333803854,0.301705868995918,0.055,0.046,1
"C16orf87",0.49022880277333,0.308012704256637,0.14,0.128,1
"ZNF649",0.490516001069405,0.438145039934854,0.065,0.057,1
"COQ8A",0.490721390210451,0.707559964217507,0.069,0.063,1
"PFDN6",0.490755132436167,-0.387425324824261,0.099,0.131,1
"ENSG00000275119",0.490761885270452,0.704801780281181,0.016,0.014,1
"DLG1",0.490858399326658,-0.418045723124248,0.161,0.202,1
"LINC00339",0.491000267740058,0.298651622355124,0.037,0.031,1
"PMS2P3",0.491054128220485,-0.597160204870054,0.018,0.031,1
"EDEM2",0.491057872712533,0.399817245242656,0.035,0.031,1
"MYG1",0.491062233033503,-0.643282751640506,0.061,0.088,1
"TOMM22",0.491140538229578,-0.16261365047574,0.304,0.368,1
"ZNF195",0.491227636346315,0.255511270818667,0.115,0.12,1
"STX4",0.491304800385282,0.125639065473073,0.209,0.208,1
"ENSG00000287398",0.491406727868109,-0.657180958749983,0.004,0.011,1
"ANKS3",0.491434363350633,-0.429372529948599,0.018,0.026,1
"GTF3C1",0.491453038497537,0.16460932041174,0.095,0.083,1
"SLAMF7",0.491483589707268,-0.852748803342338,0.037,0.06,1
"ENSG00000289339",0.491513688286022,0.166345471627797,0.021,0.031,1
"NDUFS6",0.491535472243518,0.209301305944308,0.297,0.296,1
"DERL3",0.491881564097273,-0.468410429456065,0.048,0.068,1
"SAMHD1",0.491973412556227,-1.02753854847565,0.023,0.037,1
"MAP3K4",0.492277055519622,0.330718493061927,0.079,0.066,1
"CCL28",0.492371715870094,-0.759073203960334,0.014,0.023,1
"BAIAP2",0.492603994285657,0.563048890573302,0.064,0.051,1
"ENSG00000285190",0.492796161075642,-0.757554827593991,0.007,0.014,1
"NATD1",0.492889953455843,1.42639137475203,0.013,0.006,1
"C14orf28",0.493049986665915,-0.589789032555285,0.038,0.057,1
"MRPS11",0.493083169541777,-0.492730331782257,0.034,0.051,1
"B4GALT1",0.493099578176606,-0.186447144821202,0.4,0.447,1
"USP25",0.493217689453796,0.198302958770202,0.199,0.211,1
"ACOT9",0.493231066639368,-0.161487755206883,0.173,0.194,1
"HSD17B12",0.49330619144249,0.126683330530362,0.105,0.114,1
"KMT5A",0.493449572973982,0.354146093831288,0.081,0.074,1
"SPRING1",0.493454577554249,-0.208866419506445,0.177,0.217,1
"LSS",0.493570611464997,-1.35173489730873,0.018,0.028,1
"CTDP1",0.493700009229468,0.546949126998216,0.076,0.071,1
"COX7B",0.49371864399164,0.145495272427414,0.443,0.436,1
"MKRN2OS",0.494517621043641,-1.03516772614982,0.006,0.014,1
"YIPF1",0.494576234336893,0.805938657215199,0.028,0.02,1
"G6PC3",0.49457776222805,1.17040164205908,0.02,0.011,1
"COMMD9",0.494669332894552,0.567373703020027,0.068,0.054,1
"RSPH1",0.494846277415153,0.57332937998229,0.011,0.006,1
"TMLHE-AS1",0.495003560902822,-1.02086250873792,0.011,0.023,1
"CAGE1",0.495160741598649,0.902311245535457,0.01,0.006,1
"GSDMB",0.495177777723457,1.44139046964719,0.016,0.009,1
"LINC00665",0.495244025198068,-1.11489683593735,0.027,0.043,1
"MED17",0.495330434050562,-0.284445294871116,0.167,0.214,1
"SLC44A2",0.495492552276075,0.202080028334011,0.321,0.308,1
"ENSG00000237768",0.495800674105884,-0.855600703365554,0.004,0.011,1
"TNIP2",0.496165296281941,-0.245278346934855,0.187,0.219,1
"CASP7",0.496266424783697,-0.441031627240956,0.074,0.103,1
"GGH",0.49633574575307,-0.437188638800742,0.01,0.02,1
"SYNPO",0.496385372982529,-1.58205318795721,0.007,0.014,1
"ATP9B",0.496413029400315,0.186380515584075,0.167,0.177,1
"CCNK",0.496538976032524,-0.291575413236415,0.26,0.313,1
"SUMO4",0.496573288174934,-0.673569891196482,0.011,0.02,1
"MARCHF3",0.496656346427386,-0.186313430504604,0.478,0.519,1
"MAEA",0.49667898518782,-0.108492524978943,0.106,0.128,1
"LRIG2",0.49673469681533,-0.718847842420482,0.04,0.06,1
"SERTAD2",0.496824888567606,0.115851304306923,0.134,0.14,1
"BCL10-AS1",0.496857952833881,0.394209978206409,0.055,0.046,1
"TANGO2",0.497095330971497,-0.641141501584592,0.031,0.051,1
"ARL4D",0.49712134552547,-0.325975507616719,0.05,0.068,1
"SLC1A5",0.497133040282689,0.159737571778015,0.106,0.1,1
"FAM219A",0.497213517102854,-1.23587984971445,0.008,0.017,1
"CDKN2AIPNL",0.497245520777099,-0.433317973869559,0.035,0.054,1
"LRRC14",0.497251107970021,0.103974580438711,0.027,0.02,1
"WWC3",0.497608088370495,-0.258788308723038,0.068,0.083,1
"DLEU1",0.497919617281112,0.141978121731309,0.211,0.248,1
"FKRP",0.497971762421701,0.32529824148921,0.033,0.026,1
"RIGI",0.498020994585143,-0.419839819777318,0.051,0.074,1
"PPARD",0.498066527916495,0.278385781768715,0.132,0.12,1
"GRK4",0.498083805433644,-0.998537983120236,0.007,0.017,1
"HEMK1",0.49842489711789,0.746802047455887,0.021,0.014,1
"ENSG00000291066",0.49863350246601,0.384299797505617,0.095,0.083,1
"PREB",0.498735322497593,-0.405269045773696,0.051,0.077,1
"TMEM131",0.498744352926242,-0.112288329435944,0.32,0.37,1
"ZSCAN12",0.499013740851542,0.239204874388117,0.028,0.02,1
"PCGF3-AS1",0.499179825734294,-1.2917127979395,0.01,0.02,1
"RERE",0.499251397671432,-0.129676012328866,0.454,0.501,1
"ZNF274",0.499442755272434,0.269840274027415,0.12,0.108,1
"IMMT",0.499592914954101,0.247808321057242,0.156,0.154,1
"POLR3A",0.499601920980472,0.452409847469978,0.035,0.028,1
"MIGA2",0.499775690026827,0.454370113176328,0.044,0.034,1
"SLC33A1",0.49985269234887,0.418406992296086,0.031,0.023,1
"FEZ1",0.500068155130099,0.230912402207854,0.048,0.043,1
"PKN2",0.500298956598494,-0.13822096305069,0.257,0.282,1
"CHD9",0.500306832205512,-0.210643746564962,0.246,0.299,1
"LRRC57",0.500355632879332,0.119326252354872,0.048,0.046,1
"ZNHIT2",0.50043546551511,0.408183981553235,0.057,0.048,1
"DHRS1",0.500453626043574,-0.730467514284245,0.031,0.054,1
"MMGT1",0.500583911847123,-0.189790974837276,0.123,0.16,1
"TINF2",0.500620159032848,0.158059842031755,0.32,0.333,1
"GLRX",0.500740252509056,-0.936743498080865,0.037,0.051,1
"PAK1",0.500773019193168,0.107731262733915,0.379,0.399,1
"ZBED5",0.500860662235248,0.275307207934918,0.137,0.123,1
"LINC01970",0.500890922607415,-2.20428234993023,0.007,0.014,1
"ENSG00000283118",0.500910502505187,-0.584851040684059,0.014,0.026,1
"HSPA6",0.501042793666147,0.415756649634719,0.007,0.011,1
"PRXL2B",0.501139460294255,-0.13380261570138,0.02,0.028,1
"ZNF324",0.501224494314114,0.52409476050273,0.05,0.037,1
"ZSWIM1",0.501242338222847,0.997650100625873,0.024,0.014,1
"AZI2",0.501276377543216,0.157443148931323,0.071,0.063,1
"ENO2",0.501289224231964,0.800183984589351,0.013,0.006,1
"NCOA3",0.501425560380136,-0.200778451367512,0.518,0.561,1
"H4C6",0.501556690501419,0.572992953881271,0.023,0.017,1
"ZNF684",0.502091166421988,0.385742447477092,0.028,0.026,1
"NDUFB5",0.502203284768273,0.392947560974977,0.117,0.108,1
"MAGED2",0.502406211455041,0.410238182656379,0.088,0.074,1
"NBPF12",0.502483260315189,-0.419100585157252,0.1,0.125,1
"BRD7",0.502727301267116,-0.172434849971747,0.219,0.271,1
"FCGRT",0.5027373915335,-0.327999999072963,0.044,0.057,1
"ATG9A",0.502831998440678,0.339739373249499,0.078,0.074,1
"PIK3R5-DT",0.503146776106128,0.747292514044688,0.016,0.009,1
"APAF1",0.503182007560782,-0.363399774973537,0.047,0.066,1
"RREB1",0.503187889734808,-0.360664804310644,0.123,0.151,1
"C9orf85",0.503505120035038,0.551117171135728,0.041,0.034,1
"SPEN-AS1",0.503774465222095,-0.548092319522631,0.041,0.063,1
"ARL8A",0.504176345025826,0.236586859669044,0.249,0.239,1
"KIF5B",0.50454597087559,0.114302055586537,0.373,0.402,1
"PIK3R4",0.504644527369611,-0.553347044505917,0.065,0.091,1
"RPL23",0.504774092083471,-0.125890146904386,0.815,0.86,1
"SMG1",0.50478623763909,-0.137619701934026,0.43,0.501,1
"NAF1",0.504860045143241,0.141827041822854,0.277,0.279,1
"ARF6",0.504882145066704,-0.108306129458888,0.666,0.718,1
"RRAGC",0.505029578789507,0.154237687488253,0.296,0.305,1
"ENSG00000290784",0.505181483309705,-0.2285276664351,0.013,0.02,1
"ENSG00000265656",0.505201492749836,-0.946886167791437,0.006,0.014,1
"ENSG00000289395",0.505287450715056,0.391201002194924,0.011,0.006,1
"RHBDF2",0.505422653416276,-0.124422347328543,0.199,0.248,1
"SDHAP1",0.505511138895914,0.164445573508765,0.197,0.205,1
"ATP6V1H",0.505527600580841,0.168118734842779,0.211,0.214,1
"ATAD2",0.505701298613893,0.338604104520854,0.048,0.037,1
"SOS2",0.505764611991531,-0.168815210302771,0.212,0.256,1
"ALG5",0.505875587562171,0.141275311785181,0.081,0.077,1
"C1RL-AS1",0.505887153633269,-0.15718734234206,0.004,0.011,1
"CTPS2",0.50593830175941,0.640544828275708,0.013,0.009,1
"BTBD7",0.505954106782336,0.165588754519976,0.171,0.171,1
"HSD17B11",0.505983421385348,0.26432757126555,0.13,0.12,1
"SRP14-DT",0.50604420819325,1.79274391220666,0.021,0.011,1
"ZCCHC18",0.506543922001294,-0.669211030509396,0.011,0.009,1
"CEP57",0.506559946306291,0.239636746709611,0.263,0.259,1
"DOCK2",0.50670190702059,-0.238936979132301,0.208,0.245,1
"MIF4GD-DT",0.506826318147426,-1.74614792699972,0.006,0.014,1
"HAUS1",0.506941231685997,0.487571519685919,0.035,0.028,1
"HERC2",0.507013613255719,-0.388252606868146,0.048,0.071,1
"CCDC69",0.507284667475564,-0.43014198329547,0.089,0.117,1
"INVS",0.507373822115935,0.293978546258596,0.059,0.06,1
"DOP1B",0.507403285341737,-0.147160930987907,0.117,0.151,1
"SAP30L-AS1",0.507417772939398,-0.295258992279232,0.021,0.037,1
"ALMS1",0.507489836502027,-0.519821411201467,0.065,0.088,1
"SETDB2",0.507653771473855,-0.184874631679887,0.098,0.128,1
"ZNG1C",0.507995386047737,-1.20337994818955,0.01,0.017,1
"TPST2",0.508153287806248,0.441019779022813,0.048,0.046,1
"IL4I1",0.508195755254151,0.610021795556094,0.033,0.028,1
"NGLY1",0.508511754253714,-0.140630973376498,0.426,0.462,1
"NCK2",0.508531494127949,-0.131046814989261,0.226,0.254,1
"DRG2",0.50862530037239,-0.215575912550238,0.066,0.083,1
"RFX5",0.508827784661112,0.27448031934646,0.143,0.131,1
"ENSG00000273320",0.508874236364651,-1.80177657353094,0.004,0.011,1
"AUH",0.508997698615134,-0.487788486872163,0.041,0.054,1
"CDC34",0.509067067267856,-0.405654430745414,0.098,0.123,1
"TTLL3",0.509083095278189,-0.255012763572303,0.02,0.028,1
"ZFP69",0.509104061226526,0.460015758512022,0.01,0.006,1
"MIB1",0.509129432995222,0.316954168101522,0.078,0.071,1
"GPX4",0.50916794770386,0.137174074312501,0.762,0.769,1
"ZNF532",0.509195357295322,1.05239015609873,0.02,0.011,1
"TFCP2",0.509284973747173,-0.344867097271472,0.052,0.054,1
"MTIF3",0.509468538280706,-0.518568782505086,0.054,0.08,1
"GTDC1",0.509511466097367,0.163561922397004,0.088,0.094,1
"SAAL1",0.509783259694463,0.233729708623881,0.086,0.074,1
"ZNF563",0.50978813079755,0.566304746568651,0.054,0.043,1
"MFGE8",0.509868035841498,-0.794737039261264,0.008,0.017,1
"KIF13B",0.509932065444926,0.317187487936606,0.143,0.137,1
"ITGAV",0.509982595968267,-0.924996670948429,0.021,0.04,1
"MED18",0.510051328447974,-1.09965781584439,0.018,0.034,1
"FUCA1",0.510070106315753,-0.25856957255534,0.004,0.011,1
"GET4",0.510150756953004,-0.10672159023605,0.151,0.182,1
"TCF3",0.510153123819441,-0.228325222424459,0.116,0.154,1
"LIMK2",0.510414159519087,0.663792860501055,0.037,0.026,1
"LINC03009",0.510472223263285,-0.323990309413388,0.116,0.137,1
"RALA",0.510545304036993,-0.162772705150543,0.342,0.407,1
"FUNDC2",0.510577198350214,0.205299788641276,0.231,0.219,1
"ZNF529",0.510670026029303,0.233885428210854,0.149,0.14,1
"TBCEL",0.510740102330895,-0.107792617671545,0.031,0.023,1
"PORCN",0.510761683449867,0.884706823087673,0.018,0.011,1
"C16orf54",0.510774388236881,0.376439408778726,0.088,0.083,1
"TCOF1",0.510813265745283,-0.323410650101157,0.052,0.071,1
"ZNF302",0.510895777557344,-0.572798897204275,0.055,0.083,1
"SLC10A3",0.511172045293183,0.107273100908052,0.136,0.134,1
"COQ10A",0.511308685283967,-0.516929114325907,0.061,0.083,1
"MTFP1",0.511497344167641,0.298632352550436,0.068,0.066,1
"LBR",0.511563816812969,0.108407149425426,0.245,0.262,1
"ZNF7",0.511605962446601,0.389811216476815,0.04,0.028,1
"PACC1",0.51168795876045,-0.328250429586967,0.044,0.066,1
"TMEM203",0.511763877083323,0.341636956821332,0.115,0.108,1
"TAMM41",0.511841921043939,0.743757058134744,0.031,0.023,1
"TGFBRAP1",0.511998246600318,-0.388182568371601,0.033,0.054,1
"TMEM181",0.512103011513399,-0.868926452241377,0.03,0.048,1
"PHKG2",0.512227342493101,-0.654475451966849,0.054,0.08,1
"TRIM4",0.512237945337279,0.218520901091368,0.116,0.12,1
"TMEM168",0.51244511194617,-0.137601995827848,0.062,0.08,1
"NMRK1",0.512551517988069,-0.937827776333608,0.016,0.031,1
"MAN1B1",0.512620113660928,0.407858412882801,0.054,0.043,1
"HTATIP2",0.512746440424538,0.214532199329486,0.038,0.04,1
"CHRNB1",0.512942658322898,-0.764123786796564,0.014,0.026,1
"LINC02245",0.512957974437404,-0.507048047716965,0.072,0.097,1
"KCNQ5",0.513039795538086,-0.145751759239477,0.115,0.142,1
"TMEM14A",0.513049373272316,-1.02718939465996,0.008,0.017,1
"PMS2P4",0.513072081159668,-0.629233680077601,0.017,0.034,1
"TTC27",0.513240739732228,0.186638367019055,0.078,0.077,1
"ENSG00000288926",0.513408000291645,-1.76482700154852,0.004,0.011,1
"ZNF432",0.513478536663755,0.584912859974714,0.047,0.037,1
"PSMD14-DT",0.513481656313408,-0.837019840671871,0.03,0.048,1
"DLGAP4-AS1",0.513606012595851,-1.192620113185,0.008,0.02,1
"COX5A",0.513664975760245,-0.183523343723974,0.348,0.396,1
"GGT7",0.513716435490614,-1.46317966786596,0.008,0.017,1
"PUS10",0.513882154694562,-0.290653906498596,0.078,0.111,1
"H2AC25",0.513886472981721,-0.821687406567624,0.018,0.031,1
"ENSG00000290833",0.513940877326779,0.330535484888022,0.082,0.08,1
"TECR",0.514296947730086,0.25822815650414,0.153,0.148,1
"AIF1",0.514392311365123,0.203370692483857,0.01,0.009,1
"VCP",0.514436776671206,-0.124542279135788,0.474,0.521,1
"JPX",0.514444791836011,0.333257085911854,0.146,0.142,1
"NUDT21",0.514679916961079,0.231520691653082,0.175,0.174,1
"USP10",0.514891924016791,0.175285469877316,0.32,0.319,1
"KHDRBS3",0.514958500288509,-0.206684030099141,0.103,0.103,1
"MRPS27",0.514987594930691,-0.463112181673273,0.076,0.111,1
"NFRKB",0.515099295123423,-0.523280761034387,0.044,0.06,1
"DCLRE1C",0.515261906773447,-0.55929637489683,0.04,0.048,1
"ZNF691",0.51526935371975,-1.76744437200127,0.004,0.011,1
"LZTS2",0.515351040503677,-0.67487552411976,0.017,0.02,1
"PCED1A",0.515514577147296,0.261407795661497,0.045,0.051,1
"SNAPC4",0.515531833272888,-0.511486609559225,0.044,0.068,1
"NDUFV3",0.515635334930456,-0.66527583388183,0.054,0.08,1
"SAMD10",0.516387902953374,-1.18557646703119,0.004,0.011,1
"MESD",0.516507043010308,0.317221442393982,0.105,0.094,1
"TUBB3",0.516583596970473,0.187107278125744,0.025,0.031,1
"WDR5",0.516641218483359,0.210786976748341,0.055,0.051,1
"RHOT2",0.516923713388557,0.412038099479285,0.133,0.123,1
"NANP",0.51726494066834,0.746224833293535,0.024,0.014,1
"TMEM163",0.517437391701964,-0.839115473240261,0.027,0.046,1
"ZFPM1",0.517553235096572,-1.23290481979112,0.024,0.04,1
"MFAP3",0.517557367995894,0.955326733906195,0.03,0.026,1
"LINC00869",0.517577537608864,0.295093816621352,0.158,0.148,1
"KLHL36",0.517846986115213,0.519934144053075,0.12,0.105,1
"ENSG00000257221",0.517862089723438,-0.630507384925591,0.044,0.063,1
"PDP2",0.517954659744314,0.925001698295236,0.016,0.009,1
"PCNX2",0.517955359153556,0.787900527809411,0.013,0.009,1
"ENSG00000282885",0.518039731193181,-0.415830684377068,0.129,0.134,1
"KLHDC10",0.518121029515497,0.443595674374529,0.095,0.083,1
"ENSG00000289406",0.518124288072046,-0.660548182963366,0.008,0.017,1
"BABAM2",0.518194848939198,-0.172296832610648,0.136,0.16,1
"CDYL2",0.518306471614404,-1.57700319070291,0.004,0.011,1
"DCP1B",0.518321631306481,0.857906698352997,0.013,0.009,1
"TSTD3",0.518381609033828,-0.607259781690826,0.037,0.057,1
"PDIA4",0.51839327645104,-0.247078135015783,0.057,0.08,1
"RBL2",0.518446598139168,0.218984736347433,0.11,0.111,1
"POLH",0.518450384591551,0.224769076980326,0.054,0.051,1
"EPM2A",0.518500074027048,0.289721101661055,0.038,0.046,1
"PET100",0.518659915286015,0.205013191485306,0.291,0.302,1
"TMED4",0.518742827784921,-0.138538276808252,0.153,0.165,1
"DHX36",0.518755267311033,0.136899336241892,0.446,0.456,1
"SNHG3",0.518834454432526,0.256160080750657,0.26,0.239,1
"SETD9",0.518909701723686,0.298865135270607,0.035,0.028,1
"RTKN",0.519167532437693,-1.5045852498595,0.004,0.011,1
"PRDM8-AS1",0.519440881204082,-0.479406437644788,0.008,0.017,1
"EIF2B1",0.519718724455802,-0.213152746918233,0.091,0.111,1
"PLEK",0.520009894458714,-0.168035528369558,0.218,0.231,1
"GON4L",0.520161063226892,0.173037522748854,0.211,0.205,1
"CERS2",0.520266133378408,0.270944235517228,0.106,0.1,1
"CEP120",0.520306465703438,0.171678543909677,0.137,0.128,1
"ZNF236-DT",0.520364185719316,0.344768228516545,0.023,0.014,1
"GDPD5",0.520453677841803,-0.938774511219789,0.013,0.023,1
"ATF5",0.520467578837746,0.131570272037545,0.064,0.057,1
"GCLM",0.520469003103868,0.510489528438422,0.033,0.026,1
"LGALS1",0.520577343737182,0.213667707045536,0.279,0.268,1
"YIPF2",0.520587542279499,-0.776527673998961,0.018,0.034,1
"SMAGP",0.520639436691243,-0.444591275436563,0.042,0.066,1
"HDAC5",0.520666866549976,-0.248132029258868,0.164,0.197,1
"SNHG14",0.520850906460256,-0.304671020488227,0.086,0.114,1
"PHF12",0.521024285909981,-0.487658636017856,0.082,0.111,1
"METAP1",0.521172663936617,0.384434637041391,0.083,0.08,1
"RWDD4",0.52125313858254,-0.502877921389802,0.064,0.074,1
"SNRPD2",0.521317324583529,-0.107197384248541,0.614,0.678,1
"FRYL",0.521328826791496,-0.217762583009663,0.269,0.325,1
"RCC1",0.52153423545978,0.366097716865022,0.042,0.037,1
"ELAC1",0.521602626982906,-0.602712886025025,0.01,0.006,1
"MTFMT",0.521898847107111,-0.557929706452756,0.025,0.037,1
"WASH2P",0.521913268901165,-0.438374114429243,0.074,0.094,1
"HDHD5",0.521946472115171,-0.124390052188105,0.021,0.034,1
"ENSG00000260651",0.521991255725464,0.501255978446434,0.023,0.02,1
"H4C12",0.5221253322803,-1.14103691377958,0.004,0.011,1
"PRRC2B",0.522157800292025,-0.12109320815786,0.277,0.308,1
"GLCE",0.522168050733488,0.815065584478019,0.033,0.023,1
"NETO2",0.522201098264755,-0.543074138920151,0.044,0.068,1
"KLF12",0.522261918983335,0.217020441279095,0.27,0.256,1
"CTU1",0.522338025228034,0.20000293927191,0.068,0.06,1
"GEMIN8",0.522411662329107,-0.430367294418366,0.033,0.051,1
"ENSG00000237705",0.522422327992769,0.403993506554372,0.048,0.037,1
"ZNF709",0.522588428158544,0.205058444091901,0.047,0.037,1
"MT1X",0.522681893062671,-0.139327308118727,0.014,0.009,1
"CUL5",0.522706357256221,0.165772873325454,0.205,0.197,1
"NFKBIE",0.52319249743358,0.110738175969662,0.352,0.336,1
"PRKN",0.523308867705561,1.14741835353007,0.013,0.006,1
"RC3H2",0.523545177277721,0.224047995214155,0.242,0.239,1
"TRUB2",0.524127414927492,0.379921993848212,0.034,0.026,1
"GNG3",0.524256891919364,-0.970164071080761,0.008,0.017,1
"DTX2",0.524604435951669,0.326390499494972,0.071,0.066,1
"ABI2",0.524673898615491,-0.38634401619386,0.025,0.043,1
"TMEM254",0.524725670643992,0.794427972255119,0.018,0.011,1
"ODF2",0.524851623416929,-0.295889584693909,0.143,0.179,1
"ARRDC4",0.525458773280476,0.260593191663397,0.123,0.111,1
"LANCL1",0.525501781861249,-0.472205823662295,0.018,0.02,1
"SORL1",0.525574015421112,0.357834217058756,0.106,0.091,1
"NCAPD3",0.525644075570159,0.181941280852947,0.037,0.048,1
"SPATA1",0.525664330253216,-0.936981903960203,0.013,0.023,1
"PPP6C",0.525842555980302,0.105881090247014,0.28,0.274,1
"MICB-DT",0.525845313770765,0.920459558985351,0.011,0.006,1
"FBXW11",0.525959474741178,-0.202743300589296,0.348,0.385,1
"ENSG00000289872",0.526155994849419,0.539251217425209,0.044,0.034,1
"PMPCA",0.526284156773026,-0.357445790933909,0.088,0.117,1
"BCL2",0.526616131060148,0.109870305851769,0.552,0.55,1
"HNRNPK-AS1",0.526642050107322,-0.252515095231993,0.095,0.111,1
"LZIC",0.526750463957618,0.255363945505887,0.059,0.051,1
"HEBP1",0.526816636737578,0.496261117559142,0.02,0.014,1
"MOB3C",0.52682635716339,-0.858218777430592,0.008,0.017,1
"NUAK2",0.526837932099545,0.208292341677641,0.405,0.402,1
"DUSP1",0.526983493070066,0.168352518015461,0.815,0.849,1
"RXRB",0.526990782742134,0.12633371738068,0.106,0.091,1
"ASB1",0.527212816816389,-0.435502024083634,0.044,0.066,1
"RDH11",0.527225854061413,-0.526242938642805,0.044,0.063,1
"SETD1B",0.527265885625303,-0.359112845021216,0.126,0.157,1
"NUTM2E",0.527561030063006,0.866640076244583,0.013,0.006,1
"ZNF17",0.527573691162842,0.454695738110752,0.042,0.034,1
"C2CD2",0.527585690754787,1.0487827476414,0.016,0.009,1
"XKR6",0.527615585664532,0.368436802886595,0.059,0.051,1
"TREML2",0.527623127561325,-0.642037314703705,0.025,0.028,1
"CEP104",0.527945313075389,0.4397390861118,0.064,0.057,1
"FCHO2",0.528024184490637,-0.206468785418955,0.021,0.017,1
"ENSG00000291299",0.528098771811796,-0.690652682977387,0.011,0.02,1
"ARMC9",0.528172090011813,-0.466463170785619,0.02,0.031,1
"TMOD2",0.528302763179296,-0.584674818522044,0.023,0.037,1
"KIF1C",0.528443700881578,-0.917240862630118,0.008,0.02,1
"ALYREF",0.528695260694209,0.135161882168829,0.46,0.476,1
"AMZ2P1",0.528733408899606,0.291460015232549,0.086,0.08,1
"PALLD",0.528735968668807,1.00804154550859,0.014,0.011,1
"PGD",0.528740648484262,-0.28832437852802,0.093,0.117,1
"ANKRD9",0.528825778290146,-1.72891503311099,0.004,0.011,1
"ZNF596",0.528937840586809,-0.55864607268511,0.008,0.017,1
"ZNF408",0.528995508653334,0.311618588178476,0.088,0.077,1
"E2F6",0.529055136720066,0.251633668425553,0.045,0.037,1
"ADISSP",0.529373723071142,-0.518400060636599,0.033,0.048,1
"ATAD3B",0.529379456870086,0.240646538447228,0.083,0.08,1
"CDC26",0.529449258317685,-0.169481834654489,0.144,0.188,1
"VMA21",0.529528677051565,-0.165902051068149,0.126,0.154,1
"SNX11",0.529667822736976,0.333521955304208,0.163,0.151,1
"KDELR2",0.529726464596918,-0.305509832841333,0.136,0.174,1
"ZNRD2-DT",0.529952509923511,0.124459155068006,0.031,0.02,1
"DNAJC17",0.529973023137038,0.584603374650433,0.057,0.048,1
"TNFRSF21",0.530073068121424,-0.578582252055521,0.027,0.043,1
"ZNF385A",0.530279404531891,-0.326068492106899,0.034,0.051,1
"ORMDL3",0.530294017618191,-0.324522115033008,0.074,0.097,1
"WBP2NL",0.530413826118017,-0.307128993868468,0.01,0.009,1
"GTF2H2C",0.530476076541749,-0.354515052922864,0.03,0.034,1
"PPP2R5C",0.530741949069591,-0.221936525086293,0.276,0.319,1
"ZNF740",0.530861697690245,0.43336921461525,0.069,0.054,1
"HMG20A",0.530870223742568,0.244015762863913,0.109,0.117,1
"LONP1",0.530969202539177,0.302699174954012,0.055,0.048,1
"TUBE1",0.531045962075628,0.219625309326849,0.038,0.031,1
"APPL1",0.531341176146906,-0.115789903046897,0.27,0.311,1
"MRPL16",0.531365598369028,-0.421147098808786,0.068,0.1,1
"LINC00954",0.531555413864804,-1.28200775049327,0.004,0.011,1
"RPUSD4",0.531587308873816,-0.424224332771728,0.079,0.105,1
"FRG1",0.531930759597002,0.206149228789549,0.161,0.151,1
"TSEN34",0.531965677324262,-0.1384536750985,0.076,0.091,1
"MAP4K1",0.532057044721406,-0.307794777789981,0.112,0.142,1
"PRKCD",0.532270134457549,-0.147749555547732,0.231,0.285,1
"HAUS6",0.532310346872331,0.416586730519191,0.047,0.037,1
"ENSG00000290104",0.532335893335266,-0.225956585629147,0.141,0.16,1
"POLE",0.532558122819301,-0.658516269054288,0.041,0.048,1
"XRCC1",0.532779645044331,0.220037382080526,0.035,0.034,1
"PARP2",0.532817930475979,1.39843226126871,0.013,0.006,1
"NUP35",0.53291267227621,0.217521792501139,0.034,0.028,1
"MCOLN1",0.532943226331637,0.606349288193346,0.016,0.009,1
"DIAPH2-AS1",0.533108731462232,-0.52169187345599,0.011,0.009,1
"ACSM1",0.533180589120298,0.298365177050801,0.055,0.051,1
"IPP",0.53330230980449,-0.310928773514071,0.016,0.028,1
"VBP1",0.533305527062504,0.28664683937034,0.165,0.148,1
"CD2AP-DT",0.533307168548653,0.789003126823876,0.014,0.009,1
"ZKSCAN5",0.533371450503025,0.58310435478911,0.035,0.026,1
"PON2",0.533486142466957,-1.00364090083356,0.013,0.026,1
"MPDU1",0.53352103034106,0.294813046747233,0.095,0.085,1
"GAN",0.533826182572835,-0.64688348938662,0.035,0.051,1
"MYO5C",0.533863150423158,0.282963547149258,0.042,0.034,1
"MED31",0.534180483308813,0.383026688364054,0.136,0.123,1
"ECI1",0.534192991867977,-0.543709290440517,0.054,0.08,1
"ALAD",0.53450483078314,0.597378261510424,0.016,0.009,1
"ZRANB3",0.534589299951801,-0.148104800436786,0.061,0.063,1
"SMG7-AS1",0.534692462784687,-1.62935881110009,0.006,0.011,1
"EML3",0.534798132431814,-0.349129839543643,0.058,0.08,1
"B4GALT7",0.534895295567858,-0.228675567306578,0.041,0.063,1
"CCDC92",0.534998648794867,0.327328315614475,0.078,0.074,1
"ELMOD2",0.535186469773032,-0.222862052404709,0.017,0.023,1
"SCAMP1",0.535243766625469,0.377847606295957,0.054,0.046,1
"RPAP3",0.535251699017608,0.247013378065196,0.133,0.131,1
"SAP25",0.535648585407902,-0.247595768340736,0.017,0.017,1
"ATP23",0.535663751438802,-0.223554282947393,0.024,0.04,1
"ANKHD1",0.535683310615001,-0.138674132272106,0.356,0.416,1
"MRPS28",0.535687364430816,0.328956940139498,0.082,0.068,1
"CHN2",0.535706457049722,-1.09550377601098,0.006,0.011,1
"VAT1",0.535744629405659,0.716733570736195,0.035,0.028,1
"H4C8",0.535943166964065,-0.953560044424151,0.014,0.028,1
"ENSG00000290192",0.535999711630689,-0.344320254266822,0.149,0.191,1
"GHITM",0.536028234768918,-0.215999154157275,0.348,0.41,1
"TASP1",0.536324310422176,0.131630337479889,0.11,0.105,1
"PA2G4",0.536402747344721,-0.297043395772803,0.28,0.33,1
"APP",0.536493508511376,-0.268518080136485,0.151,0.185,1
"MON1B",0.536601109474366,0.257119243176208,0.091,0.085,1
"SIN3B",0.536656372548427,-0.235294132535253,0.05,0.048,1
"ACOX1",0.536787692531821,-0.130326619965065,0.041,0.06,1
"PAK1IP1",0.536904827174665,0.409303390614197,0.085,0.083,1
"SIDT2",0.537158041784503,-0.412798495943673,0.064,0.091,1
"ZFYVE28",0.537191357223458,-0.833371283937643,0.007,0.014,1
"ENSG00000291283",0.537221380378785,-0.543918835860794,0.027,0.048,1
"STAT5A",0.537287365104991,-0.566850564030742,0.074,0.103,1
"TBC1D13",0.537433250169646,0.750067602053328,0.024,0.023,1
"SLC36A4",0.537612954126902,-0.151770427364631,0.182,0.205,1
"RBM38-AS1",0.537622781523592,0.489436723561584,0.042,0.034,1
"GNE",0.537631175308161,0.345752375151661,0.074,0.071,1
"WDR82",0.537726310280088,0.15001317476905,0.223,0.214,1
"TPGS2",0.537969793063271,-0.526311203576924,0.031,0.04,1
"ENSG00000225889",0.538280538765775,-0.187305021830735,0.038,0.057,1
"EPN1",0.538297932092207,-0.33542915384028,0.165,0.211,1
"FAM13A",0.538311644770037,0.114160913122998,0.016,0.02,1
"ENSG00000262049",0.538408196095424,-0.133733153356862,0.023,0.034,1
"ENSG00000286177",0.538422381357487,0.74178950586789,0.013,0.009,1
"OGFOD1",0.53860567331123,0.524747379106892,0.061,0.054,1
"FASTKD2",0.538892613374927,0.181423739720164,0.141,0.134,1
"LYSET",0.53891796620225,0.108363023778971,0.042,0.051,1
"CAPNS1",0.538950126625783,0.161269741125332,0.195,0.202,1
"WDFY1",0.539089625278327,-0.177826592111262,0.115,0.14,1
"OSGEPL1-AS1",0.539147879392767,-1.34171197268712,0.004,0.011,1
"CD244",0.539209810001684,-0.466211025397325,0.017,0.028,1
"MTERF3",0.539356941354253,0.349276883888208,0.102,0.094,1
"RNF40",0.539378575300691,0.175451214793065,0.079,0.074,1
"DDI2",0.539424453884262,0.193946337019705,0.129,0.114,1
"USP24",0.539708119911501,-0.139321489513572,0.365,0.427,1
"COA8",0.539826731578551,0.472276935328749,0.066,0.057,1
"LINC03072",0.539863356515688,-0.302808782434766,0.011,0.011,1
"NORAD",0.539950296956692,0.202072065694587,0.209,0.211,1
"RUNX1",0.539955357993003,-0.104417510905343,0.219,0.265,1
"SIRPA",0.5400246337554,0.625460609879068,0.035,0.031,1
"NUDT5",0.540044961138166,-0.183261871322126,0.061,0.08,1
"PGM2L1",0.540099851616864,0.148690629435819,0.103,0.097,1
"PLEKHO1",0.540256940044991,0.127075202496249,0.366,0.379,1
"CYBB",0.540408496762441,0.159911343701718,0.273,0.274,1
"TPRG1L",0.540418152441761,0.235519283936898,0.103,0.094,1
"EIF2AK1",0.540432890153713,-0.25740005558497,0.112,0.131,1
"CTSC",0.540837800463633,-0.26948785213291,0.037,0.034,1
"WBP1L",0.540859777075063,0.327628270583467,0.031,0.04,1
"SCAMP4",0.541086154039058,-0.289174090001366,0.102,0.125,1
"CEP152",0.541179340411369,-0.419317216823497,0.025,0.034,1
"UQCC1",0.541191752713116,-0.442802858114811,0.024,0.037,1
"ASCC3",0.541223126016443,0.270987817857229,0.146,0.137,1
"ZNF16",0.541261102177653,0.538437463761286,0.021,0.014,1
"ERCC6L2-AS1",0.541365360544841,0.412745525392527,0.041,0.04,1
"ZNF181",0.541392811034519,0.601466777648572,0.018,0.011,1
"DYNLT2",0.541411364548118,0.927545240360828,0.023,0.014,1
"AGAP4",0.541462642734292,0.745643082577331,0.017,0.011,1
"THG1L",0.541489130215164,-0.319740584577871,0.042,0.06,1
"A2ML1-AS1",0.5414972448961,-0.724883458357736,0.021,0.034,1
"IFNG-AS1",0.541647079255039,0.949354927808286,0.033,0.023,1
"RELT",0.541806129397255,0.126469079622183,0.218,0.234,1
"ATXN7L2",0.541958107342498,0.332661558203019,0.057,0.051,1
"TTC30A",0.542070354821232,1.44896050001261,0.014,0.009,1
"IGHV4-31",0.542072668323367,-0.642088322769567,0.033,0.04,1
"PEPD",0.542152167396081,0.328528571239675,0.054,0.048,1
"KTI12",0.542168099460058,-0.996421212982983,0.01,0.023,1
"XPR1",0.542243153873979,0.113485072743558,0.143,0.134,1
"SRF",0.542451881890831,0.290313203744137,0.119,0.114,1
"ENSG00000262265",0.5426564355639,-0.202940227313096,0.013,0.009,1
"TOMM20L-DT",0.542675920954917,0.827946670832703,0.011,0.006,1
"FBXL19",0.542709995148914,0.937492327930275,0.016,0.009,1
"KCNQ1",0.542911286703045,-0.381745359872136,0.023,0.037,1
"POU2F2-AS1",0.543083484142125,0.886738786098363,0.018,0.011,1
"ZNG1E",0.543405788391967,0.168652032475409,0.15,0.154,1
"MIER2",0.543479721831387,0.834168614491571,0.034,0.026,1
"ZNF32",0.543691570604758,0.232789436744169,0.044,0.046,1
"LINC00641",0.543869523232883,0.203180699550575,0.024,0.017,1
"DNHD1",0.543966632706176,-0.766060172668102,0.016,0.028,1
"STK11",0.543990581233202,0.283562006461168,0.072,0.066,1
"KIAA1143",0.544008207396099,0.232206848807228,0.113,0.111,1
"CENPW",0.544546166773767,0.868248055145611,0.02,0.011,1
"RDH14",0.544590565983052,0.456496320120524,0.107,0.1,1
"ENSG00000288983",0.544590776327871,-0.472618010251502,0.035,0.051,1
"PTAR1",0.544802305480186,-0.278624489774486,0.107,0.137,1
"CLASP1-AS1",0.544954505221438,0.794390532901471,0.04,0.043,1
"ENSG00000272742",0.54509270784774,-0.174525105312842,0.057,0.077,1
"ENSG00000230684",0.545156591370773,0.730499719465751,0.016,0.009,1
"ARMC2",0.545168797464362,-0.925702752870607,0.018,0.023,1
"HECTD1",0.545251917976808,-0.273701058655581,0.25,0.293,1
"CENPE",0.545375283243022,-0.959197251885385,0.013,0.023,1
"SUMO1",0.545629089043001,-0.14374717926929,0.356,0.405,1
"NCBP2",0.545727058397996,0.220316514070399,0.214,0.211,1
"RHOBTB2",0.545737876637776,-1.12901787952756,0.006,0.011,1
"ATRX",0.545780397477548,-0.214615900879417,0.375,0.425,1
"STIL",0.546049579268084,-0.691679529909926,0.004,0.011,1
"SGSM2",0.546068974839014,0.542813559743891,0.037,0.026,1
"LTBP3",0.546100771515862,-0.365495107501863,0.062,0.088,1
"GLMN",0.546153799414324,-0.446856761276937,0.079,0.114,1
"SLC2A6",0.546192856929757,-0.261043041265873,0.095,0.117,1
"TRAP1",0.546204661822037,0.422616095001572,0.038,0.028,1
"ANP32E",0.546357738555703,-0.124925591437629,0.171,0.205,1
"TRIP11",0.546378913060448,0.202752923569736,0.14,0.131,1
"ADM",0.5468746710406,0.844575812566355,0.018,0.011,1
"SESN3",0.546972272193667,-0.224157405930568,0.38,0.442,1
"MAN1A1",0.547026567673554,-0.226615570205515,0.32,0.356,1
"ATM",0.54705610943175,-0.178822065500294,0.201,0.222,1
"PHTF1",0.547472441746387,0.292518127180382,0.109,0.103,1
"FAM216A",0.547547012332034,-1.15598854624531,0.011,0.023,1
"SMYD3",0.547847225621817,-0.231352084276288,0.127,0.157,1
"PRIM2",0.547848095144144,0.271069550388646,0.044,0.037,1
"SCAPER",0.547850018915496,-0.114998021317382,0.095,0.12,1
"MDP1",0.547956262921875,-0.387464693227202,0.04,0.063,1
"RRM1",0.547961143818701,0.333723604253418,0.086,0.074,1
"C1orf50",0.548007705490877,0.410697250280788,0.103,0.091,1
"C1orf131",0.548025332315341,0.591658405315281,0.058,0.051,1
"KANSL3",0.548158817142842,0.14267656475768,0.078,0.08,1
"TSEN15",0.548332875798918,-0.570834570314554,0.02,0.034,1
"OSGEP",0.548360545709349,-0.39565901000986,0.12,0.157,1
"REXO1",0.54839028816948,0.244863863970497,0.132,0.117,1
"OAZ2",0.548529178340294,0.309688126323546,0.098,0.088,1
"MOV10",0.548594819800874,1.07114909817808,0.023,0.014,1
"SPNS1",0.548832785848512,-0.202561116604828,0.078,0.088,1
"ENSG00000225339",0.549006351466838,0.5084476416859,0.023,0.017,1
"HSPA2-AS1",0.549098172109844,0.646840002067285,0.045,0.04,1
"RAB24",0.549121276333983,-0.246417085809514,0.11,0.128,1
"HABP4",0.549142190024129,-0.58762590725592,0.031,0.051,1
"MAGOHB",0.54920452406045,0.232117851410185,0.048,0.043,1
"VAPB",0.549537270313137,0.167583207545178,0.124,0.114,1
"SLC25A19",0.549554597315086,-0.209379688808557,0.116,0.148,1
"ARF4-AS1",0.549598663211771,-0.27354928323822,0.016,0.026,1
"ZNF577",0.549680046040573,-0.897418954376699,0.007,0.014,1
"MRPS25",0.549732517171458,-0.352320704062822,0.119,0.154,1
"SOCS5",0.550000827215013,-0.155217387913935,0.048,0.068,1
"ANAPC2",0.550009212628582,-0.163547346762681,0.055,0.066,1
"ARL2BP",0.550241876684703,0.268440422178512,0.139,0.131,1
"KIAA0040",0.55058357031116,-0.174070333916337,0.105,0.131,1
"SHARPIN",0.550695634995993,-0.244519492768426,0.071,0.094,1
"AGPS",0.550917183839609,0.487473091342918,0.037,0.028,1
"TRIM37",0.550955809312275,0.310581506197009,0.059,0.051,1
"FUNDC1",0.551031191444967,0.616112824151685,0.018,0.011,1
"PLET1",0.55125507154551,-0.891884788049621,0.01,0.017,1
"PRR34-AS1",0.551288646786369,1.0966735542059,0.016,0.009,1
"NDUFAF7",0.551311288557194,0.230110582865802,0.075,0.066,1
"RAB39B",0.551340632234524,0.760360712190501,0.024,0.017,1
"CCDC120",0.551451449449566,1.56808842432286,0.013,0.006,1
"POLL",0.551578828991108,-1.04951740696348,0.013,0.023,1
"NRP2",0.55168531630365,-0.903562133547265,0.018,0.031,1
"ENSG00000277383",0.551811858945849,-0.68568107035166,0.01,0.017,1
"ANKRD13C",0.551911374894703,0.286849224184776,0.126,0.117,1
"UHRF2",0.551957280851142,0.133588473157578,0.253,0.239,1
"ENSG00000289285",0.552013939535489,-1.55809715693111,0.007,0.014,1
"ZNF202",0.552046865438772,0.168331329799636,0.037,0.028,1
"CALCOCO1",0.552068034764092,-0.214883779384004,0.062,0.088,1
"ACY1",0.552490261051405,-1.2038406836117,0.004,0.011,1
"CEP76",0.552505793941286,-0.656739940437637,0.04,0.06,1
"MFSD9",0.55251291130159,0.874608426080871,0.018,0.011,1
"DPYD-AS1",0.5526631620148,-0.772457790897329,0.011,0.023,1
"POLR3D",0.552667148688827,0.290807604187335,0.071,0.06,1
"TTC38",0.552910742413975,-0.745536679430311,0.006,0.011,1
"HARS2",0.552981547261363,-0.398132925899798,0.057,0.083,1
"FAM228B",0.553077570280936,-0.415307553151735,0.033,0.048,1
"CITED2",0.553131647934006,0.240310163515298,0.149,0.134,1
"DANCR",0.553147456121308,-0.20215840064195,0.202,0.251,1
"WWP1",0.553170026689121,-0.492938184165439,0.048,0.066,1
"ATP13A1",0.553196515281832,-0.527464500626665,0.059,0.085,1
"GCNT7",0.553273709093324,0.991609280646506,0.011,0.006,1
"RRAD",0.553369781839427,-0.569378963299637,0.051,0.048,1
"ATR",0.553411585864112,0.135846785255097,0.188,0.182,1
"PIN1",0.553469769275026,0.259983954838353,0.085,0.083,1
"ENSG00000291232",0.55350306400478,0.428288461695705,0.016,0.011,1
"SLC26A5",0.553521891392264,-1.03733158174518,0.006,0.014,1
"SCAF4",0.553637079723448,0.137484685492571,0.233,0.228,1
"UBTD1",0.55368484129083,0.919874768569662,0.01,0.006,1
"RAB11FIP4",0.553687091243385,0.242746863668221,0.074,0.063,1
"GOPC",0.553745791604265,0.138171541523807,0.106,0.1,1
"TMEM219",0.553808939675443,0.325797834910004,0.122,0.114,1
"WDR11",0.554126810665141,0.268502618795905,0.126,0.12,1
"UBXN7",0.554201691294443,0.190880221076694,0.236,0.219,1
"SGPL1",0.554355672863344,0.449153602009005,0.054,0.043,1
"LY6E-DT",0.554479428176904,-0.752515737086177,0.007,0.014,1
"PRKDC",0.554541567261858,0.254844220959574,0.144,0.142,1
"ENSG00000230074",0.554570720218282,1.06255285991622,0.013,0.006,1
"EPS8L2",0.554572425608743,0.816699144000525,0.016,0.014,1
"PABIR2",0.555077596144333,-0.438252354086362,0.055,0.08,1
"IGHV4-4",0.55540012819411,1.50411875422864,0.017,0.011,1
"CYP20A1",0.555475711641986,-0.104414971129143,0.219,0.254,1
"ANKRD54",0.555512940894881,0.254264835815599,0.059,0.054,1
"ABHD15-AS1",0.555522225646729,-0.410930322193353,0.074,0.103,1
"AKAP8",0.55556675083495,0.239739265559279,0.164,0.154,1
"PIK3R1",0.555662595539174,0.123722018203722,0.269,0.259,1
"RMC1",0.555700831962547,-0.219025496845965,0.156,0.174,1
"DVL1",0.555836745625839,-1.00395728867973,0.008,0.017,1
"CYLD-AS1",0.556212986284075,-0.689999633561801,0.02,0.034,1
"PSME3",0.556247751094434,0.193582355752432,0.209,0.211,1
"GP1BA",0.556422348958371,-0.927396071557824,0.007,0.014,1
"NFKB1",0.556739325243919,-0.167984738625226,0.909,0.934,1
"MRPL35",0.556980144866717,1.03287410307167,0.025,0.02,1
"FADD",0.557460070748845,-0.262911872780888,0.027,0.046,1
"COA5",0.557801273765714,-0.625164761843541,0.033,0.048,1
"RNF181",0.557892461578698,0.236554669910079,0.245,0.239,1
"RWDD3",0.55796760894825,0.342127753562785,0.054,0.054,1
"C7orf31",0.557987030840855,0.127178024239836,0.023,0.02,1
"ZBTB47-AS1",0.55811119558049,-0.581519371531395,0.016,0.031,1
"PRDM10",0.558163460793033,-0.281205074171892,0.045,0.063,1
"CTSD",0.558180784328048,0.221522490284512,0.031,0.034,1
"CLK2",0.558222111357062,0.419086537534644,0.076,0.068,1
"SUFU",0.558385095106251,-0.746376689564205,0.023,0.04,1
"XXYLT1",0.558413042751052,0.322738367518158,0.024,0.031,1
"LINC01098",0.558436394225422,-0.35239902992579,0.016,0.026,1
"POLR3C",0.558472563871863,0.163449779975369,0.165,0.16,1
"DRAM2",0.558509011956153,0.17781999270221,0.204,0.185,1
"AP1G1",0.558654795174208,0.201667652991901,0.235,0.239,1
"NUDT16L1",0.558671230918083,0.208767051735268,0.099,0.094,1
"MT-ND3",0.558716065344806,0.121671732574733,0.98,0.977,1
"SMCR8",0.558773899337352,0.451751500706592,0.045,0.037,1
"HPS3",0.558807902375705,-0.635254566346025,0.025,0.04,1
"DENND5A",0.558945453201589,0.120460658891596,0.16,0.157,1
"ENSG00000271380",0.559026308433167,0.956718286554434,0.013,0.009,1
"UBL3",0.559064883045422,-0.166781020408957,0.264,0.308,1
"RRP8",0.559356070377033,0.180313545501451,0.113,0.117,1
"ENSG00000278133",0.55946460104019,-0.886175121431132,0.004,0.011,1
"TFEB",0.559597864660795,0.216179407335781,0.146,0.137,1
"RNF19B",0.559663341358323,0.272423902522595,0.072,0.066,1
"MEF2D",0.559828051329622,0.144553018289528,0.416,0.407,1
"CCDC71",0.559906159603195,0.220861293709324,0.04,0.034,1
"A1BG-AS1",0.56014458820365,-0.34192896508808,0.013,0.023,1
"MAFG",0.560287428617621,0.200458370614141,0.226,0.214,1
"ZNF566",0.560402860225701,-0.994076732309095,0.013,0.026,1
"DYNLT2B",0.560415660682075,-0.275667342854719,0.014,0.026,1
"PHF21A",0.560577770108757,-0.281830543419064,0.116,0.145,1
"GRINA",0.560618102051517,0.332992743798926,0.144,0.134,1
"TRIM24",0.560648581154474,0.29049283561091,0.068,0.057,1
"CFAP119",0.560665150692359,-0.295031329885678,0.025,0.04,1
"ACAD10",0.56067614522672,0.433116706793325,0.016,0.011,1
"APIP",0.560793979985036,0.418034730023443,0.064,0.051,1
"DOCK8",0.560799718969324,0.23918421704232,0.325,0.319,1
"ACSS1",0.560863706696202,-0.281002595223154,0.096,0.128,1
"SLC35B2",0.560960542639765,-0.41855922723812,0.038,0.06,1
"BLOC1S4",0.561157855652895,-0.141289937047695,0.086,0.094,1
"TMEM38A",0.561312455979043,-0.572405551640157,0.014,0.017,1
"FAM229B",0.56139048050108,1.19867050527124,0.016,0.009,1
"RCOR3",0.561391480924009,0.198816433535529,0.137,0.137,1
"ENSG00000288755",0.561655207447012,-0.286831989335822,0.089,0.105,1
"SHC1",0.561664304900474,0.131643939926663,0.083,0.083,1
"MPZL1",0.561682248867439,-0.80772235198212,0.027,0.046,1
"TFB1M",0.561806425463219,-0.286347695584205,0.033,0.04,1
"ENSG00000277855",0.562015063078966,-0.101617552099583,0.059,0.083,1
"CSTF1",0.562338704635874,0.273937082881685,0.05,0.046,1
"LTN1",0.562567685178619,-0.55407509932313,0.085,0.114,1
"SQOR",0.563023919464179,-0.140093321197682,0.066,0.077,1
"P4HTM",0.563261323392619,-0.330544764837435,0.038,0.051,1
"SMARCC2",0.563415143872318,-0.221477723898952,0.105,0.12,1
"INPP5B",0.563465642630536,-0.584110023510881,0.033,0.046,1
"ZMPSTE24-DT",0.563560983900782,1.33958577213335,0.013,0.006,1
"GALK2",0.563715727586738,0.840179627670246,0.041,0.031,1
"STXBP5",0.563923726223552,-0.600760539417559,0.033,0.04,1
"SNTA1",0.563929290999293,-1.04651170789208,0.004,0.011,1
"ATP6AP2",0.563943350093751,0.239243913545931,0.211,0.202,1
"MORC2",0.564182286886353,-0.660932262329902,0.011,0.023,1
"IL1RAP",0.564186893061131,0.394900555187439,0.088,0.083,1
"MIEF2",0.564266798019421,0.215924141232151,0.014,0.009,1
"RTL8C",0.564342897729261,0.773434787977889,0.027,0.017,1
"HMGB3",0.564356043496176,-0.578237653394135,0.024,0.04,1
"IKBKG",0.564519578684493,-0.294563127457895,0.079,0.105,1
"IDE",0.564568338981053,-0.332371228396648,0.037,0.04,1
"FXR2",0.564657436194488,0.44271241160478,0.057,0.048,1
"FGGY",0.564734366023329,0.559126658544737,0.051,0.037,1
"CEP250",0.564818565399388,0.285128955076233,0.03,0.023,1
"THAP6",0.564847670989376,0.4696806159398,0.042,0.034,1
"CST3",0.565003737544786,-1.37227378182853,0.007,0.017,1
"MAIP1",0.565072348957466,0.240353945781695,0.071,0.063,1
"PIEZO1",0.565188977913858,-0.53424157161606,0.02,0.031,1
"CDC7",0.565263610310237,-0.683119814925436,0.011,0.017,1
"ADCK1",0.56531711121045,-0.22806243066925,0.008,0.014,1
"BLOC1S3",0.565613573413358,-1.07232787541671,0.011,0.023,1
"TLCD3A",0.565627306835561,-1.55252364427227,0.007,0.017,1
"UQCC3",0.565757672440902,-0.444822031467838,0.037,0.057,1
"FLI1",0.566082680750373,0.272319985719427,0.18,0.168,1
"SMIM26",0.566128255408295,0.157599797240899,0.362,0.37,1
"FAM200B",0.566165947053415,0.247214329154331,0.048,0.04,1
"SWT1",0.566277743940204,0.304898214607783,0.061,0.068,1
"KLF16",0.56630926218791,0.392907156388205,0.134,0.123,1
"KARS1",0.566546249535221,0.395934735953598,0.122,0.114,1
"BAG6",0.566846477556212,-0.1047773668012,0.165,0.199,1
"NLRP2",0.566890099814127,1.07237740285018,0.013,0.006,1
"MOSMO",0.566957617361235,0.365282510525581,0.126,0.12,1
"POLR2H",0.567062812473475,0.252090846720155,0.062,0.054,1
"MEN1",0.567176812716818,0.350100891400993,0.025,0.031,1
"PLD3",0.567412508873611,-0.526378448543508,0.035,0.054,1
"ENSG00000289312",0.567509327759483,0.857788068247109,0.014,0.009,1
"RGS9",0.567545065643785,-1.10338079046945,0.007,0.02,1
"XRCC3",0.567582706160164,-0.560120617638579,0.006,0.014,1
"SS18L1",0.567606452420228,0.566157773524334,0.024,0.017,1
"ELP4",0.567657075652542,-0.15393680156525,0.066,0.074,1
"MGAT2",0.567679971714842,0.348714390665394,0.096,0.088,1
"NDUFS1",0.567704090736054,0.147434917816652,0.068,0.068,1
"NUCB2",0.567967762673332,0.529759873476259,0.041,0.037,1
"ENSG00000272831",0.568387087698347,0.598012438984211,0.038,0.028,1
"GANC",0.568485435559876,-0.175621825799619,0.052,0.066,1
"TRAPPC12",0.56851226167315,-0.504508063969025,0.061,0.08,1
"AGBL3",0.568862604008555,0.742690331299289,0.027,0.026,1
"VPS26A",0.569116709352862,-0.15334515044844,0.235,0.282,1
"PEF1",0.569137024015806,0.291320583214647,0.177,0.171,1
"EP400",0.569148126386559,-0.215718293351004,0.137,0.151,1
"RNF185",0.569202772893793,0.466642368069245,0.048,0.043,1
"ADAMTS6",0.569229616000633,0.100165298056227,0.024,0.02,1
"MLX",0.569274998106165,-0.275523312440638,0.064,0.091,1
"BLTP3B",0.569295820441289,-0.134817390822582,0.161,0.179,1
"ATE1",0.569411798780365,0.187281357917882,0.079,0.068,1
"ELP5",0.569579217377684,0.192207291763866,0.174,0.162,1
"SGK3",0.569777002263923,-0.409316298065511,0.037,0.048,1
"HK2",0.569830048544252,0.428122529738852,0.03,0.031,1
"CECR2",0.569923953158203,0.316175869212371,0.014,0.009,1
"CHD8",0.56995408870547,-0.245400588142754,0.194,0.234,1
"PLA2G6",0.570148573275334,0.690617451926881,0.027,0.017,1
"C6orf226",0.570423617612472,-0.296305566932974,0.04,0.057,1
"BLMH",0.570535027217353,0.449023299870737,0.051,0.046,1
"SLC15A3",0.571172747913911,0.323704905476776,0.031,0.028,1
"DLL1",0.571354052436866,-0.749302420101036,0.016,0.026,1
"TMEM80",0.571361928574589,-0.623517021748079,0.027,0.043,1
"ZNF805",0.571435796655468,-0.257267652513731,0.041,0.054,1
"GNPDA2",0.57158268922898,0.250540500213146,0.041,0.034,1
"H2AC11",0.571587307623363,-0.321452229073466,0.03,0.043,1
"PIK3CG",0.571694893981733,0.220121920031499,0.119,0.131,1
"MYPOP",0.571722335304902,0.704364208384567,0.025,0.017,1
"VRK1",0.571797732958838,0.255222193102318,0.098,0.088,1
"DPY19L1",0.571909649587113,-0.279922018288488,0.021,0.031,1
"CSTPP1",0.571976562107456,0.353913994898264,0.065,0.057,1
"NBPF3",0.572031105881512,-0.826478945378164,0.008,0.017,1
"PEX14",0.572259257642588,-0.529922342429134,0.076,0.1,1
"PLRG1",0.572259698595799,0.217396525557311,0.089,0.094,1
"AGPAT2",0.57226713286738,0.192413871830558,0.086,0.091,1
"DHX32",0.572307474080847,0.403889116576472,0.025,0.02,1
"HCFC1R1",0.572400892056824,-0.125258924501445,0.072,0.091,1
"B3GNTL1",0.57253682342309,-0.815761593150762,0.007,0.011,1
"ENSG00000225450",0.572567097206525,0.49111429135887,0.034,0.028,1
"CEP72",0.572571782493837,0.937321070495869,0.011,0.006,1
"RACGAP1",0.572621897120701,0.353225948213559,0.024,0.02,1
"MIS18A",0.572635361063169,-0.128111630139097,0.024,0.023,1
"GTF2IP1",0.57283273047648,-0.654404030902024,0.013,0.023,1
"UBP1",0.572834427289258,-0.221256416320979,0.093,0.125,1
"CCDC125",0.572930986172179,-0.149399246643652,0.008,0.014,1
"RBM41",0.573351570474504,-0.232739735291266,0.055,0.074,1
"GUSBP1",0.573368086944996,-0.413850598372589,0.034,0.048,1
"RAC1",0.573565118999384,-0.13281667025138,0.426,0.479,1
"BLZF1",0.573572607184288,0.232950460908748,0.112,0.105,1
"HECTD3",0.573692890936723,0.721110591481632,0.028,0.023,1
"INO80D",0.574039161892568,0.216792402218436,0.301,0.299,1
"ZC4H2",0.574418756515644,-0.846135529775665,0.033,0.048,1
"GCSAM",0.574473899809257,0.283734212427266,0.082,0.077,1
"ENSG00000288764",0.574496081880927,-0.372741067766982,0.01,0.017,1
"TRPV2",0.574590877808302,-0.449269750107876,0.033,0.048,1
"UBN1",0.574647477976434,0.155358496746122,0.161,0.154,1
"GSK3B",0.574701208824406,-0.203880063768095,0.15,0.185,1
"CNTNAP2",0.574763523796907,-0.347926871388852,0.014,0.014,1
"ABHD18",0.575140169343262,-0.14282684750345,0.1,0.125,1
"TEX22",0.575457252955083,1.06746179251411,0.014,0.009,1
"SUSD1",0.575547216768094,-0.336732948529528,0.016,0.026,1
"CXCL8",0.575743807855533,-0.371233589309851,0.011,0.02,1
"PNPLA7",0.575867856911006,-0.316249887603026,0.045,0.066,1
"ZBTB32",0.575886913942178,-0.887636447161129,0.011,0.023,1
"IQSEC1",0.575986871575829,-0.146128358309898,0.306,0.333,1
"MRPL15",0.576196673569392,-0.455722285269397,0.062,0.094,1
"SYTL1",0.576315108356496,-0.306924787454605,0.192,0.236,1
"IL2RG",0.576387362550441,0.111247794225635,0.547,0.567,1
"AMY2B",0.576441159121234,-0.344905205010898,0.011,0.023,1
"MSTO1",0.576542553586647,-0.137208990430128,0.028,0.026,1
"FAM222B",0.576593279586205,-0.252398958634501,0.083,0.111,1
"ENSG00000224478",0.576771650417034,0.765736453117921,0.028,0.023,1
"ZNF678",0.576785967492792,0.507405053154609,0.052,0.043,1
"TMEM164",0.576858251448965,-0.550690798449301,0.03,0.043,1
"FAM32A",0.576869158287846,0.248928888293302,0.208,0.199,1
"PLPP1",0.576883297873746,0.306650216533236,0.113,0.103,1
"ENSG00000290993",0.576904047368996,0.110213202366687,0.078,0.083,1
"ZEB2-AS1",0.576918060680474,0.807620732403462,0.025,0.017,1
"MYBBP1A",0.576945157463036,-0.63126731704838,0.037,0.054,1
"PANK4",0.577073550012233,0.517142679790568,0.066,0.054,1
"SDK2",0.577167540728864,-0.647110731573177,0.008,0.017,1
"XRN1",0.577491898140906,0.125608791490289,0.33,0.35,1
"SUCO",0.577686664130155,0.259696596480493,0.294,0.288,1
"LINC02067",0.577700530507892,-1.14597648966992,0.01,0.02,1
"TFE3",0.578066739461183,0.38876638058308,0.112,0.114,1
"MTR",0.578148061359397,0.126798868514528,0.157,0.16,1
"LINC01781",0.578225653893856,-0.120260440293564,0.054,0.068,1
"C3orf52",0.578336918593709,-0.403754699228398,0.017,0.031,1
"FAM107B",0.578386140227416,-0.171255040926201,0.744,0.806,1
"PKP4",0.578440850609818,0.137344046045512,0.123,0.117,1
"RNF24",0.578791779236026,0.317383652476887,0.048,0.048,1
"ADAM19",0.578947859158319,-0.145271528015386,0.182,0.219,1
"TTC28-AS1",0.579246024770336,-0.110749725381021,0.024,0.02,1
"MRPL44",0.579294822376266,0.105341275241637,0.165,0.168,1
"IKZF5",0.579343353320071,0.191638731224563,0.195,0.205,1
"PLK4",0.579399610601949,0.550620202301184,0.01,0.006,1
"DNAJC10",0.579612411530635,-0.14862123452634,0.156,0.197,1
"MAU2",0.579682621602349,0.141084182600951,0.071,0.074,1
"TVP23C",0.580094598230134,-1.34765227208279,0.006,0.017,1
"AQR",0.580117721465839,0.288661203352086,0.119,0.114,1
"USO1",0.580127838070326,0.293878724095122,0.115,0.103,1
"SLC20A1",0.580213064864465,-0.166944596736183,0.245,0.276,1
"VSIR",0.580218040455599,0.166954945581529,0.239,0.236,1
"MYL11",0.580220496463562,0.68565053003167,0.018,0.011,1
"TIGD5",0.580503342774183,-0.496602832255247,0.033,0.043,1
"MAX",0.580503493243602,0.129653690806593,0.389,0.39,1
"ENSG00000228427",0.580524114270346,1.14410978246197,0.011,0.006,1
"BRCA2",0.581057141177631,0.423780242723113,0.035,0.031,1
"REPS1",0.581069651189832,-0.409151397131866,0.079,0.1,1
"SLC9A3-AS1",0.581101837488909,0.68460590152139,0.011,0.006,1
"XYLT1",0.581201061256993,-0.149324899155,0.156,0.191,1
"MSRA",0.581380341997534,0.61405135956761,0.055,0.043,1
"MT2A",0.581432061288147,-0.204427894829338,0.057,0.054,1
"PSMD13",0.581574578583665,-0.111583848307528,0.17,0.185,1
"VPS52",0.581587820693095,0.529750906099598,0.04,0.031,1
"CHD6",0.581749261897954,-0.210217070671766,0.173,0.219,1
"DPY19L2P2",0.58177239655254,0.742975420101148,0.024,0.017,1
"NOP14-AS1",0.581818839328868,-0.927529130758225,0.016,0.028,1
"ENSG00000291047",0.581842643801836,-0.50710324396543,0.047,0.068,1
"PLPBP",0.581867819932003,0.397922214939951,0.069,0.057,1
"LMNB2",0.581889400239755,-0.392202365438515,0.082,0.114,1
"LINC01800",0.581990514534649,-0.388859939853718,0.027,0.04,1
"MRPS6",0.582020834287382,0.239535069293414,0.19,0.185,1
"DTWD2",0.58220614306345,0.415008355474007,0.024,0.02,1
"TMEM241",0.58245085453322,0.906271660924146,0.031,0.023,1
"CEPT1",0.582491226050945,0.109837354432991,0.127,0.14,1
"C15orf61",0.582981147073827,-0.264031261872507,0.054,0.08,1
"LSMEM1",0.583273555253999,-0.674876346945164,0.008,0.017,1
"LINC01362",0.583357649775437,0.588142385571056,0.018,0.011,1
"ST7L",0.583393397293831,-0.330395036366853,0.038,0.048,1
"CFAP410",0.583487015463144,0.204629992984802,0.1,0.094,1
"ZCCHC9",0.583528336792214,1.10637568092136,0.024,0.017,1
"TMEM245",0.583578364734166,0.124120718563785,0.045,0.051,1
"AREL1",0.583605083030777,-0.113075273846319,0.116,0.14,1
"MAVS",0.583718194160626,-1.00156876333126,0.016,0.026,1
"GM2A",0.583890268072305,-0.14820806242755,0.058,0.06,1
"LRRC8C",0.58407944244286,-0.412066665175305,0.078,0.094,1
"ENSG00000258232",0.584122159774005,0.352316543843524,0.017,0.011,1
"GCNT1",0.584243651647612,0.126196933692222,0.069,0.057,1
"ISCA2",0.584254525918796,0.291495481895856,0.069,0.06,1
"GSDME",0.584290362873925,-0.604446329865913,0.017,0.028,1
"SEC24C",0.584488025596953,0.352851046145946,0.074,0.063,1
"TYMP",0.584831014940156,-0.416689186614034,0.156,0.194,1
"LIG1",0.58487307304921,0.373122003841231,0.04,0.04,1
"ZNF354C",0.584966638551211,0.70331099551005,0.018,0.017,1
"ENSG00000288075",0.585232265492177,1.00097613100764,0.011,0.006,1
"STX10",0.58538506813973,-0.576674187609685,0.037,0.051,1
"TSPOAP1-AS1",0.585389055566273,-0.38222702249143,0.102,0.14,1
"ZNF823",0.585503430691656,0.125406165821484,0.011,0.009,1
"DDX52",0.585779832139741,0.314085616495806,0.1,0.1,1
"DNPH1",0.586245386826625,0.39439098980555,0.055,0.048,1
"ERFL",0.586260782085795,0.937080166185328,0.013,0.009,1
"GDAP1",0.586342457052443,0.792921199941556,0.034,0.026,1
"KEAP1",0.586371537454597,0.272776087778629,0.023,0.017,1
"CLCN5",0.586376102840724,-0.379460051770698,0.021,0.034,1
"CAMSAP2",0.58655547609602,-1.22895457987379,0.004,0.011,1
"LINC01806",0.586706505930282,-1.24172272698651,0.006,0.014,1
"CCDC200",0.586845066372891,0.138177825255205,0.085,0.077,1
"PTPN11",0.587168602392446,-0.142022453560973,0.168,0.177,1
"MAPK8IP1",0.587217072892382,-1.41503804067977,0.008,0.017,1
"PRXL2A",0.587245883739569,-0.815047581188286,0.004,0.011,1
"MACF1",0.587392974989678,0.142547995228163,0.229,0.234,1
"SF3B5",0.587520475743572,0.112614275164475,0.413,0.405,1
"ENSG00000261218",0.587645892290644,-0.654845093218414,0.025,0.037,1
"ENSG00000290057",0.587662454446501,-0.708124640487771,0.033,0.048,1
"ENSG00000290450",0.587723104655122,1.20317817432006,0.011,0.006,1
"MPPE1",0.588003031269971,0.396836112253559,0.119,0.105,1
"DHX57",0.588053640373753,0.422679057088398,0.038,0.034,1
"ZNF330",0.588085455983309,0.240792701948928,0.188,0.182,1
"SUPV3L1",0.588623682520822,-0.282551936441341,0.144,0.165,1
"ZDHHC23",0.588731201112442,-0.409151455469294,0.027,0.04,1
"ENSG00000251194",0.588791004008281,0.458692237628346,0.017,0.011,1
"TBL1X",0.588841843724224,-0.11563422292736,0.301,0.325,1
"PSMB8",0.588911125220824,0.108909459002572,0.386,0.385,1
"FEN1",0.589030454666205,0.129428378296211,0.091,0.108,1
"PUS7",0.589139405296471,-0.525286297198264,0.018,0.034,1
"VPS50",0.58914400532372,0.251237104625477,0.093,0.085,1
"LINC00528",0.589237936377838,0.826994517379909,0.01,0.006,1
"PLD2",0.589448887608489,-0.892772732400231,0.007,0.014,1
"ZNF789",0.589543714453829,0.223901630645863,0.045,0.048,1
"ENSG00000235978",0.58957436809857,-0.489248850564186,0.028,0.04,1
"U2AF1L4",0.589644250576536,0.274382541992244,0.14,0.137,1
"ATP8B1-AS1",0.589684170094725,0.177389034438446,0.071,0.06,1
"ADORA2A",0.589755889369794,-0.207207189665801,0.158,0.197,1
"ENSG00000258526",0.589825396505923,-0.658457717330585,0.016,0.02,1
"SP3",0.589840180914577,0.138588493717655,0.308,0.305,1
"MOCS3",0.589873808800957,0.824417865345441,0.024,0.017,1
"KDM5C",0.590067564700258,0.1884319114883,0.123,0.117,1
"ENSG00000240553",0.590090699442663,-1.11660241469377,0.008,0.02,1
"TACC3",0.590130496665639,-0.382808791289217,0.1,0.134,1
"RRP12",0.590152562523638,0.16688562068702,0.156,0.151,1
"DCAF11",0.590289397935234,-0.203087167591012,0.117,0.151,1
"PXDC1",0.590412009769778,-0.478310220519707,0.018,0.02,1
"SLC38A2",0.590813571173309,0.161579080471013,0.529,0.553,1
"HDGFL3",0.590816177828058,0.325588736784361,0.023,0.017,1
"PPP2R5D",0.590875053583971,0.111425200491858,0.037,0.031,1
"MARK4",0.590930216041543,-0.435158187442437,0.047,0.057,1
"UBAP1",0.59102862269281,-0.264204666424538,0.207,0.251,1
"CRAT",0.591043110267366,-1.06773651518388,0.006,0.011,1
"ENSG00000271554",0.591141627998999,0.319291920469731,0.021,0.017,1
"ANXA11",0.591297530801897,-0.202510183984159,0.263,0.311,1
"FAM118A",0.591376016212725,-0.356377606639114,0.072,0.1,1
"EHMT1",0.591654047850798,-0.186691194983349,0.306,0.362,1
"PPM1M",0.591654132304311,-0.432098433888174,0.021,0.031,1
"ICA1L",0.592016145694086,-0.42273295814899,0.02,0.028,1
"CDK2AP1",0.592024924255767,-0.481100213013164,0.069,0.1,1
"ELOF1",0.592065814216985,0.157403262043599,0.153,0.145,1
"TCAF1",0.592366271517467,0.76034673339677,0.018,0.014,1
"MBD3",0.592530215104105,0.101196025105069,0.068,0.06,1
"TAF1A",0.592592628726178,0.34601682573929,0.048,0.04,1
"ENSG00000262211",0.592887081478116,-1.07903596021605,0.01,0.02,1
"TRIM62",0.593094912888985,-0.410195070171457,0.041,0.057,1
"ARFGEF1",0.593288558827012,0.115174526834668,0.202,0.197,1
"IGHA1",0.59333436794715,0.123926559581009,0.065,0.074,1
"ATP6V1B2",0.593588869080561,-0.303881596095114,0.099,0.12,1
"ENSG00000273254",0.593690596677531,-0.397967543143698,0.006,0.011,1
"SLC25A11",0.593853363374875,0.754187302015458,0.052,0.046,1
"TBCB",0.593895491127754,0.259149854381931,0.173,0.171,1
"MCF2L",0.593949296111895,-1.2736519625279,0.008,0.017,1
"MED15",0.593975221306763,0.108297262509893,0.156,0.174,1
"GPATCH8",0.594345567835924,-0.260532083536379,0.317,0.376,1
"GRAMD2B",0.594450574163978,-0.436637615561225,0.018,0.028,1
"TTC1",0.594639912540399,0.248064881998189,0.095,0.1,1
"GFPT1",0.594907621917689,0.149397091700985,0.154,0.168,1
"BAX",0.594910462158527,-0.158008632854865,0.157,0.194,1
"CDKL5",0.594950185112058,0.611141369134362,0.035,0.028,1
"BAD",0.595306158241867,-0.275044056899749,0.072,0.091,1
"NRBF2",0.595352590217678,0.123919803877799,0.327,0.322,1
"LMTK2",0.595421082968341,-0.176995819926097,0.061,0.074,1
"RNF38",0.595434699756988,-0.147233012145945,0.229,0.274,1
"DNAAF9",0.595667898527695,-0.515413562959437,0.007,0.014,1
"ATP6V0A1",0.595688145465089,0.204129503358817,0.085,0.074,1
"ANKMY2",0.595777936563182,0.364247237144041,0.034,0.031,1
"FKBP2",0.595807557099171,0.238173570478701,0.204,0.202,1
"STPG1",0.59581805679442,-0.842371802366011,0.007,0.014,1
"EPHB6",0.595929810028412,-0.825453415790228,0.041,0.06,1
"HLA-DPA1",0.595935078132342,0.111441148183639,0.959,0.954,1
"XPNPEP1",0.596004646944777,0.242742717832554,0.066,0.066,1
"TRMT61B",0.596119448027354,0.249607955051931,0.069,0.066,1
"LINC00680",0.596202631845488,0.464931607503641,0.037,0.028,1
"ENSG00000259363",0.596269084273618,1.29356374006547,0.016,0.011,1
"GDF11",0.596315228917276,0.842214520185006,0.025,0.017,1
"ENOPH1",0.596319647459303,-0.276233043275853,0.065,0.088,1
"RAD9A",0.596452255921519,0.184140405973568,0.078,0.071,1
"MRPL54",0.59667087799655,0.103728995828426,0.465,0.456,1
"MRPS7",0.596691956252508,-0.24913037438546,0.18,0.219,1
"ICAM3",0.596893857488622,-0.216295607303686,0.338,0.396,1
"ENSG00000271737",0.597430499557817,-1.23067934240994,0.004,0.011,1
"GPATCH3",0.597750872540958,-0.174937247888263,0.088,0.091,1
"DAB1",0.597770826490562,-0.387158342601157,0.013,0.023,1
"CAPN15",0.598184783026939,0.478572355630738,0.035,0.028,1
"TBL1XR1",0.598361142404869,0.125023971088545,0.221,0.211,1
"PSAT1",0.598372177255245,1.03506362767433,0.01,0.006,1
"GPD2",0.598400751290736,0.237117146485272,0.086,0.088,1
"FAHD2A",0.598452235747415,0.920951480623376,0.014,0.009,1
"ZSCAN25",0.598453032925004,0.556636756332384,0.027,0.02,1
"NPIPB3",0.59849805939338,-0.169899346655901,0.03,0.043,1
"ZBTB46",0.598566938964683,0.606312003394257,0.017,0.014,1
"NIP7",0.598713481468935,-0.232541650746495,0.154,0.182,1
"SLIRP",0.598777583309411,-0.239622993595244,0.239,0.282,1
"SLC23A2",0.598909829841912,-0.322099807965775,0.096,0.125,1
"THTPA",0.598953578527619,0.454063233587729,0.011,0.006,1
"ERAP1",0.599160576165394,-0.169013973663804,0.088,0.114,1
"ATG2A",0.599270142687923,0.411996145985676,0.044,0.031,1
"ENG",0.599401726303098,0.93574939904152,0.023,0.014,1
"THBS3",0.599557225054415,1.50850932987091,0.016,0.009,1
"ELK1",0.599696625846079,0.353351074171461,0.062,0.054,1
"ETF1",0.600225546804386,-0.105272435441841,0.39,0.419,1
"PWWP2B",0.600233232352082,0.130419781261827,0.137,0.142,1
"TRAF2",0.600352533960562,0.420468988470298,0.081,0.074,1
"UBE2D4",0.600419660642225,-0.233496530736236,0.031,0.046,1
"NOPCHAP1",0.600423976718788,0.396608161803143,0.065,0.054,1
"PLXNA1",0.600529735646956,0.155450047977728,0.023,0.017,1
"STOML2",0.600769795215876,-0.372094272419183,0.078,0.108,1
"TOX",0.600790928148186,-0.979730210172615,0.007,0.014,1
"KPTN",0.6010257212141,-1.51517212710297,0.007,0.011,1
"ITGAM",0.601127334441349,-0.612346408302928,0.008,0.017,1
"SETD4",0.601211180424356,0.290090660334837,0.058,0.054,1
"MICA",0.60122149614862,-0.639428483201852,0.027,0.04,1
"SEC31B",0.601338546498554,-0.713053337975902,0.006,0.011,1
"PLXNC1",0.601354861184307,-0.419515504001074,0.047,0.066,1
"RAB31",0.601364351486917,0.160231158231821,0.089,0.083,1
"ZFAND4",0.601634836284792,-0.738539180960238,0.03,0.048,1
"OAS2",0.60167982786775,0.434315821882911,0.047,0.046,1
"NOTCH2NLB",0.601863804225032,-0.211750568378833,0.021,0.031,1
"MRPL17",0.602101179638111,0.24023482142209,0.051,0.051,1
"OXT",0.602168244806733,-0.524785007869953,0.031,0.043,1
"ALS2",0.602191099528109,0.939774184266458,0.023,0.017,1
"PURA",0.602427033703884,-0.235905326089839,0.083,0.097,1
"BRD3OS",0.602607735146919,0.615521098539635,0.021,0.017,1
"ENSG00000183562",0.602830054073865,-0.134571749537013,0.038,0.051,1
"CBR3-AS1",0.602881635346149,-0.607161900990201,0.017,0.028,1
"ADGRL1",0.602974111330612,-0.965469049984606,0.004,0.011,1
"GALNT1",0.603100366171441,-0.113308939912203,0.143,0.171,1
"TG",0.603112375975525,0.774699644740092,0.014,0.009,1
"EDEM1",0.603251717195922,-0.159873079502124,0.208,0.231,1
"ZNF333",0.603270901079804,0.665369237937109,0.027,0.023,1
"HDAC7",0.603555630183256,-0.166643791672894,0.157,0.197,1
"LRRC27",0.603646461280781,-0.173697722483475,0.011,0.02,1
"CDPF1",0.60377171491384,-1.93752619049489,0.004,0.011,1
"H6PD",0.603854739392217,0.140544313825653,0.03,0.023,1
"DICER1",0.603874399483689,-0.167767125827544,0.153,0.162,1
"COX5B",0.604002393564162,-0.101294181818009,0.383,0.447,1
"PLXNA3",0.604182501021261,-0.69967662098171,0.018,0.028,1
"DENND4C",0.604233289069589,0.324696362412496,0.107,0.1,1
"EHD3",0.604365144247096,-0.821892236777361,0.01,0.017,1
"PARL",0.604433689918074,0.263551294435215,0.123,0.117,1
"ENSG00000288919",0.604569342560432,-0.458197387372576,0.018,0.028,1
"PRKAG2-AS1",0.604575656843224,0.8131484846443,0.01,0.006,1
"PEX6",0.604642481559472,-0.134386795845433,0.059,0.06,1
"ANXA4",0.604692149972002,-0.284889927764995,0.076,0.1,1
"ADIPOR2",0.604692509241625,-0.253326941985871,0.149,0.191,1
"NREP",0.604753658678542,0.142557171478916,0.025,0.034,1
"EIF2B2",0.6047733747134,0.332600739082625,0.083,0.083,1
"MRPL48",0.604889511001556,0.28207589683295,0.035,0.031,1
"SLX4IP",0.605137770337386,-0.372689371377604,0.016,0.023,1
"XAB2",0.605202056432883,-0.304277407966794,0.173,0.214,1
"C18orf32",0.605273936957498,0.280016240121574,0.171,0.168,1
"PVRIG",0.605580075312436,-0.558707157172889,0.038,0.057,1
"MEF2C-AS2",0.605713536184751,-0.46466710977898,0.025,0.026,1
"LMO4",0.60589676665243,0.16688060947449,0.065,0.083,1
"MOK",0.605972519796909,-0.647635633684449,0.018,0.031,1
"SLC12A4",0.606063220540322,0.943004346993107,0.011,0.009,1
"C2orf68",0.60624038847985,-0.481211365577074,0.018,0.028,1
"URI1",0.606440200060266,-0.233870669361279,0.182,0.205,1
"RRAGB",0.606490551620622,0.147898572767724,0.047,0.04,1
"FXYD1",0.606596057592521,0.132622277140461,0.034,0.031,1
"USP15",0.606914375850804,-0.123198167467092,0.693,0.744,1
"LINC02149",0.60692883912254,-1.22098307752668,0.01,0.017,1
"HYI",0.607108176011383,0.287831210445206,0.013,0.009,1
"KLHL8",0.607111538919097,-0.458220830246506,0.041,0.063,1
"EXOSC10",0.607151352474666,-0.106424565331284,0.117,0.145,1
"NXT2",0.607393813624246,-0.423113275542022,0.031,0.046,1
"ZFAT",0.607564709562351,-0.302149282452787,0.042,0.06,1
"HAGHL",0.607806821517669,-0.192687904681356,0.031,0.043,1
"ANAPC7",0.607902995076709,0.3802333841286,0.054,0.046,1
"VPS39-DT",0.608017056180085,-0.938443613344057,0.006,0.011,1
"VPS35",0.608239743804754,0.125549685233779,0.184,0.191,1
"ENSG00000255847",0.608252571105369,-2.13669477538536,0.006,0.011,1
"ENSG00000230709",0.608346507086554,-0.158080370890215,0.018,0.023,1
"TLE1-DT",0.608452060150862,0.64529866040213,0.016,0.011,1
"ITGAL",0.608582511293039,0.818903543242406,0.034,0.026,1
"LINC01841",0.608756385803643,-0.189092173970971,0.016,0.014,1
"INPP5K",0.608807885630554,0.201647799261376,0.238,0.231,1
"USP54",0.608817837940995,1.21259427146882,0.01,0.006,1
"PTGER4",0.608917544319275,0.111828143504277,0.266,0.256,1
"TFIP11",0.609082333213666,0.163098599465717,0.216,0.231,1
"HUS1",0.609182300469133,0.111840694428418,0.132,0.125,1
"ENSG00000291202",0.609298888981989,0.737651233386849,0.014,0.009,1
"ERICH6-AS1",0.609311690534905,0.130250767942611,0.035,0.031,1
"SLC26A11",0.609455735513796,0.429148325745633,0.044,0.037,1
"UMAD1",0.609464465932666,-0.218043503818169,0.177,0.219,1
"SLC25A29",0.609738846539905,-0.41863653486675,0.031,0.046,1
"HIBADH",0.609788522892529,0.13184942967309,0.04,0.034,1
"HDAC4",0.609844750187779,-0.242940136223247,0.095,0.128,1
"TMEM120B",0.610078056521683,-0.534086703986949,0.069,0.091,1
"PEDS1",0.610146050885332,0.402319686555848,0.048,0.037,1
"KLC2",0.610286707744868,0.368059865282267,0.052,0.043,1
"SND1",0.61068936720558,-0.256849549451693,0.156,0.197,1
"EXOSC7",0.610824679634005,-0.378536537154988,0.086,0.097,1
"DCTN1",0.611030379797463,-0.311453399828995,0.058,0.08,1
"TMX3",0.611118199309968,0.354174610881782,0.089,0.077,1
"NAPA-AS1",0.611146935991148,-0.426422299896573,0.018,0.028,1
"RNF170",0.611300513661448,0.218257338544775,0.027,0.028,1
"SNRNP70",0.611317228426362,0.130182460456746,0.409,0.41,1
"FBXL12",0.611394256491193,0.271156789200043,0.139,0.137,1
"MDH2",0.611894751206365,-0.267483348896495,0.199,0.251,1
"PSMC3",0.6121805245481,-0.18583259640003,0.223,0.259,1
"CR2",0.612183523200737,-0.279905440631457,0.042,0.057,1
"PAPOLG",0.612268637127753,-0.261139149572197,0.095,0.125,1
"ELL2",0.612299948818763,-0.186110593549322,0.537,0.613,1
"SMPD2",0.612351760358817,-0.218554366505158,0.184,0.225,1
"ACBD5",0.612427619906552,-0.190713588787942,0.076,0.085,1
"NKRF",0.612480647098687,0.103320413440063,0.066,0.066,1
"CCDC102A",0.612506255544032,-0.588709447986894,0.03,0.037,1
"MFSD14B",0.612531236284973,0.155950313396746,0.164,0.16,1
"MCM8",0.612703653510333,0.394629534663305,0.021,0.017,1
"METTL25B",0.61275032591753,0.689421979763881,0.038,0.034,1
"ENSG00000228318",0.612790810972649,-1.09697981880195,0.006,0.011,1
"MTMR10",0.612966554124379,0.322068734052312,0.153,0.14,1
"KLHDC3",0.613183562383257,0.189208976182224,0.069,0.063,1
"TBC1D20",0.613248438289507,0.276320748222861,0.123,0.117,1
"LMAN2",0.613592670381338,0.151556066481536,0.208,0.205,1
"ENSG00000268403",0.613756999126487,1.76692168315478,0.011,0.006,1
"SLC35C2",0.613757059434962,0.217086664041587,0.068,0.08,1
"GPS2",0.613824145436266,-0.102785581178438,0.334,0.382,1
"SLC25A42",0.613934328966546,-0.263643007512457,0.041,0.057,1
"ZNF350-AS1",0.613987284363186,-1.05603711567497,0.007,0.011,1
"AGK",0.614118305500295,-0.327101359570946,0.027,0.04,1
"NIFK-AS1",0.614120876444369,0.683766538973384,0.024,0.02,1
"TRMT10B",0.614361028941534,0.662697927341411,0.034,0.028,1
"VPS28",0.614365924134784,0.116334306040287,0.239,0.248,1
"ZNF347",0.614499178634789,-0.315879039839012,0.007,0.014,1
"RHBDD1",0.614541748492746,0.2788542976436,0.113,0.105,1
"CIITA",0.614645637649588,-0.228506473778442,0.158,0.191,1
"METAP1D",0.614646299054159,-0.768383776597526,0.014,0.026,1
"TMEM138",0.614869657811958,-0.433870786792883,0.064,0.08,1
"HLTF",0.615017242506221,-0.453906066331868,0.033,0.048,1
"RPUSD2",0.615079773824972,0.265898274024836,0.028,0.02,1
"TRDMT1",0.615205951805033,0.308033041153569,0.059,0.054,1
"ENSG00000268081",0.615319117810363,0.87928172035312,0.021,0.014,1
"ENSG00000273674",0.615597174002334,0.816926866151621,0.016,0.009,1
"CEP295",0.615636381431205,-0.193677642741402,0.064,0.085,1
"PTPN18",0.615711040096895,-0.113580450593956,0.034,0.043,1
"ATP6V1C1",0.616025234955234,-0.186179695429192,0.106,0.14,1
"STAT5B",0.61604022525993,-0.255339264171472,0.085,0.111,1
"EOGT-DT",0.61623924070984,0.303735578785831,0.051,0.048,1
"LINC02202",0.616333451086476,-0.57228541116968,0.018,0.028,1
"C1orf159",0.616607792285601,-0.417693115114223,0.023,0.034,1
"IFT46",0.616615640891283,0.407822701216145,0.017,0.011,1
"NSMCE4A",0.616720940889932,0.317960064347781,0.081,0.074,1
"FAM24B",0.616896253504116,-0.448359595954499,0.014,0.026,1
"ZNF276",0.617148788495812,0.483087861351874,0.098,0.091,1
"PLEKHF1",0.617330947358843,1.36499300280958,0.03,0.02,1
"FIG4",0.617368271009719,0.203681975646821,0.048,0.046,1
"ENSG00000254420",0.617503276088545,-0.304578349411259,0.048,0.057,1
"MIR762HG",0.617704305866144,-0.722097070629441,0.007,0.011,1
"PRUNE1",0.61776754579198,0.324604021641638,0.034,0.026,1
"NIT2",0.617796291618129,-0.376270547088426,0.068,0.091,1
"LINC01215",0.617866758198792,0.18956986955056,0.13,0.12,1
"ARSB",0.618029104834444,0.219341752830891,0.079,0.077,1
"STAP1",0.618166746938475,0.151829309215776,0.327,0.345,1
"MBD1",0.61858830293981,0.263440716343354,0.079,0.071,1
"KCNN4",0.618589276288222,-0.556747818046748,0.017,0.028,1
"RAB43",0.618728763057471,0.193018818832941,0.018,0.014,1
"ENSG00000286652",0.618771245823198,1.66451827769445,0.016,0.011,1
"SMN2",0.618771649366911,0.907437913157408,0.014,0.011,1
"ZNF429",0.619026587879367,-0.335931839327971,0.028,0.043,1
"ZNF275",0.619198101699478,-0.172885826050202,0.024,0.037,1
"LRRK1",0.619363042116548,-0.166314049508749,0.045,0.054,1
"SNRPC",0.619619538174951,0.114690676986231,0.153,0.148,1
"KLHL7",0.619694563847893,-0.340892154693325,0.054,0.074,1
"PLCG1-AS1",0.619836676794544,-0.169250357585375,0.025,0.037,1
"CBFA2T2",0.619945975775482,-0.266206325148245,0.091,0.117,1
"MAN2A1",0.619985376776091,-0.197548572566784,0.188,0.225,1
"NUCKS1",0.620222815024104,-0.103384205907312,0.328,0.387,1
"UTP15",0.620258844485988,-0.524295852255928,0.047,0.068,1
"TMEM53",0.62030450424928,-0.859236265473721,0.007,0.014,1
"HCP5",0.620319065658091,0.173105893426765,0.361,0.353,1
"FHIT",0.620468822426622,-0.403357449916306,0.085,0.108,1
"NMI",0.620511105412166,-0.26857444753741,0.054,0.077,1
"GMEB2",0.620518905015516,-0.19820317460992,0.089,0.108,1
"DVL2",0.62080569775793,-0.371147079765167,0.034,0.048,1
"CPOX",0.620945160451144,0.683660313347642,0.013,0.009,1
"TBC1D10A",0.620973377101652,0.290084305083157,0.042,0.048,1
"MAP3K13",0.621105605776525,0.134310099749527,0.151,0.142,1
"NAB1",0.62120861221691,0.122751695751554,0.045,0.054,1
"DDTL",0.621246872123686,-0.678130266912503,0.008,0.011,1
"AKNA",0.621347486145446,0.14606518614704,0.165,0.179,1
"RBCK1",0.621411192661625,-0.234507836797912,0.116,0.142,1
"FAM162A",0.621466660761424,-0.279197417255984,0.091,0.117,1
"ENSG00000262413",0.621542694404786,-0.579772358286065,0.007,0.014,1
"TBX19",0.621544053946587,1.23371668846827,0.01,0.006,1
"ENSG00000226266",0.621572476843861,-0.191697708854148,0.011,0.02,1
"VPS16",0.621603506745521,-0.648392030232162,0.044,0.063,1
"CCDC112",0.621685039320398,0.290522968592724,0.059,0.046,1
"MCM2",0.621685803927381,-0.998285743702129,0.011,0.023,1
"GON7",0.621796954449557,-0.298495710750971,0.042,0.051,1
"NINJ2",0.6218578782746,-0.769137393861113,0.014,0.017,1
"ZNF174",0.622319448193591,-0.901986138539494,0.006,0.014,1
"UBN2",0.622536021819174,-0.248059771124875,0.074,0.083,1
"FAM217B",0.622622766265092,0.47769131018695,0.014,0.011,1
"RAP2C-AS1",0.622722145217261,-0.845587497588163,0.025,0.037,1
"HBS1L",0.623266280246922,0.136610613651058,0.248,0.239,1
"LIMASI",0.623389350549134,-0.714411730356303,0.03,0.04,1
"DOK1",0.623474028606847,0.415467113354532,0.064,0.054,1
"ENSG00000288730",0.62357751479092,-0.800668952428158,0.02,0.031,1
"ST20",0.623612543348204,-0.464990236403052,0.024,0.04,1
"INF2",0.623657433347718,-0.472572156557196,0.04,0.054,1
"GPAA1",0.623678302438272,0.385169532532514,0.082,0.077,1
"NOTCH2NLR",0.623708495098033,-0.485000525293722,0.01,0.017,1
"ZNF664",0.623812655154489,-0.153435944224711,0.052,0.074,1
"ENSG00000288044",0.624008851924089,-0.117542096375068,0.021,0.031,1
"ENSG00000275764",0.624139955366429,-0.658250690635023,0.007,0.014,1
"BBS7",0.624197414261161,0.418804357943258,0.025,0.017,1
"PLXNB2",0.624201293044035,-0.972406251220495,0.004,0.011,1
"NPRL2",0.624269179287604,-0.366758969161743,0.033,0.048,1
"RNF166",0.624388031330403,-0.294911985649326,0.083,0.111,1
"ALG10B",0.624912972979919,-0.972192699098467,0.008,0.014,1
"ADCY9",0.624944119775045,-1.28837131956931,0.006,0.011,1
"BBS4",0.624952261173927,0.457478967383974,0.023,0.02,1
"TSC1",0.625017070910034,0.128530932595581,0.076,0.077,1
"FBXL4",0.625291217454124,-0.108691474282769,0.055,0.068,1
"NENF",0.625394434043141,0.200709127643477,0.1,0.091,1
"ETNK1",0.625618908020722,0.132260226386475,0.27,0.268,1
"PTK2",0.625630597035028,0.125788983743649,0.245,0.245,1
"CARMIL2",0.625639183963865,-0.239708499870126,0.04,0.037,1
"BAIAP3",0.62569960407259,0.751967103901436,0.013,0.009,1
"KLHL21",0.625728313062845,-0.201129541154377,0.048,0.068,1
"ZNF295-AS1",0.625731036139116,0.666487829336233,0.016,0.014,1
"UBE3D",0.625938340134138,-0.807871936267543,0.013,0.02,1
"CYB561A3",0.625991201564306,-0.114916891123544,0.164,0.197,1
"PCBD2",0.626098847398971,-0.326358937675722,0.033,0.048,1
"CTPS1",0.626133276575118,-0.335067507531651,0.091,0.114,1
"SMIM14",0.626310023755929,-0.1492234910361,0.26,0.305,1
"SDK1",0.626334566776733,0.631793384662788,0.014,0.011,1
"SLC39A8",0.626496612336416,0.135823438862476,0.269,0.271,1
"ZFTRAF1",0.62653471536854,0.421974602763112,0.033,0.028,1
"DPP7",0.626617245945045,-0.218390822070326,0.303,0.359,1
"CC2D1B",0.626633077054631,-0.251837978692683,0.034,0.054,1
"PCYT2",0.626649239322942,0.517586894840918,0.023,0.014,1
"MDM1",0.626684509777878,-0.413697794528884,0.028,0.046,1
"CKAP5",0.626716708413411,-0.317392954942941,0.076,0.094,1
"VPS53",0.62673954243738,0.15775447073643,0.133,0.128,1
"CCDC184",0.627137892005223,0.474966403411067,0.014,0.009,1
"VPS13A",0.627267038636237,-0.107806533264369,0.372,0.425,1
"ENSG00000263756",0.627327976567813,0.372317274025851,0.031,0.026,1
"PNPLA4",0.627354813026035,0.874003617395203,0.011,0.006,1
"GPR155",0.627368673830066,1.0861938822429,0.011,0.006,1
"AURKA",0.627517650272611,-1.05639724007484,0.007,0.014,1
"HEXIM2",0.627610176320298,0.503053507850299,0.011,0.006,1
"GAL3ST2",0.627634732091326,-1.5155693143242,0.004,0.011,1
"NIT1",0.627635877267228,0.549135739382807,0.035,0.034,1
"THAP4",0.627729203521265,-0.307355472210089,0.074,0.088,1
"NBEA",0.627877925166814,0.350975157685998,0.028,0.02,1
"ZNF623",0.627920072100143,0.434168674326981,0.011,0.009,1
"ARRDC1-AS1",0.62800048798637,-0.369011902385358,0.014,0.023,1
"PLEC",0.628141415932348,-0.270030485215025,0.126,0.162,1
"PINLYP",0.628143911602478,-0.734973413910595,0.006,0.011,1
"PACS1",0.62865311543405,-0.168706803181181,0.276,0.308,1
"RGL4",0.628844580973167,0.637849849317684,0.014,0.011,1
"CAPN1",0.629212049708487,0.137671981805426,0.048,0.043,1
"HMGN1",0.629272415353884,-0.105464003410585,0.523,0.59,1
"ENSG00000291171",0.629289313412757,-0.11393007986093,0.025,0.034,1
"C1orf198",0.629316618109373,-0.281714538686816,0.013,0.02,1
"TSPOAP1",0.629448462143562,-1.64821229903359,0.007,0.017,1
"HENMT1",0.629646212118529,0.349116133898928,0.011,0.006,1
"SEC24A",0.629772427736094,0.151562356538467,0.081,0.08,1
"COPDA1",0.629898819744417,-1.02801210075145,0.017,0.02,1
"GIMAP2",0.629912218703363,-0.488837801256556,0.02,0.031,1
"MYOSLID",0.629921921875536,0.230696557465268,0.027,0.028,1
"HADHA",0.630024902029622,-0.142981336638863,0.187,0.228,1
"XPO5",0.630050155166543,-0.58369692852602,0.038,0.054,1
"PLBD2",0.630165645420123,0.493722419088952,0.011,0.006,1
"ZNF445",0.630169929691244,0.857719519794565,0.021,0.017,1
"FBXO38",0.630703531513972,0.275726920281186,0.106,0.094,1
"ENSG00000258302",0.630828636106654,0.175457252757199,0.013,0.009,1
"TOM1",0.630963752749567,0.419833895345879,0.126,0.114,1
"LCMT1",0.631008575626035,-0.349626704015679,0.033,0.048,1
"PRAG1",0.631025996815413,-0.398208523813307,0.031,0.048,1
"EYA3",0.631091491922895,0.151014890491258,0.082,0.083,1
"C15orf39",0.631130372119622,-0.120276436733575,0.061,0.077,1
"ENSG00000274092",0.631141417847284,1.02031230125876,0.023,0.014,1
"GNL1",0.631239158326498,0.13319969990072,0.347,0.348,1
"AK3",0.631401342286127,-0.321643906532922,0.042,0.06,1
"EGR4",0.631746249056236,-1.15299856340266,0.013,0.026,1
"ZSCAN26",0.631815643585695,0.78967892876172,0.03,0.02,1
"CDC23",0.631877754176741,0.327445949286356,0.078,0.071,1
"PCMTD2",0.631896404084846,-0.22555292097971,0.037,0.048,1
"BPGM",0.632340584730326,-0.207455192878384,0.021,0.028,1
"ZNF646",0.632979964774102,-0.570861682550945,0.014,0.026,1
"U2AF2",0.632980715920083,0.119216907390661,0.304,0.316,1
"CNEP1R1",0.633341875476947,-0.242205075018524,0.051,0.063,1
"PPM1L",0.633535985317523,0.343355958307914,0.05,0.046,1
"TMEM62",0.633666536153329,-0.361689870496568,0.086,0.108,1
"SMARCA4",0.633744939906014,-0.390373009732466,0.076,0.103,1
"CANX",0.633781846172063,0.102526155289119,0.24,0.245,1
"PCBP2",0.634018493791786,0.142573764009983,0.433,0.439,1
"CSF2RB",0.634051111463333,-1.11178127477202,0.017,0.026,1
"ZSCAN16-AS1",0.634152474481452,0.275987443296652,0.096,0.088,1
"BCL7C",0.634207842983909,-0.292235218306569,0.068,0.091,1
"TMEM161A",0.634350342295821,-0.560499650286046,0.025,0.037,1
"CYB5D2",0.634410907928647,-0.586298284824777,0.016,0.023,1
"DTNB",0.63462368847494,0.341141389419898,0.075,0.08,1
"PSMB8-AS1",0.634648683086755,-0.122403468381238,0.082,0.091,1
"PCK2",0.634685051939781,0.106482532261771,0.037,0.031,1
"TNFSF12",0.63471259221659,-0.232437158816553,0.041,0.051,1
"KIDINS220",0.634810575303332,0.300857876587593,0.129,0.12,1
"ENSG00000284526",0.634961816311169,-0.641487292572711,0.008,0.017,1
"SORBS3",0.635037867004338,-0.182312150057989,0.016,0.011,1
"ZBTB37",0.635085638555183,-0.290873656798303,0.01,0.017,1
"ANKRD42-DT",0.635237731540469,0.625099842441814,0.031,0.023,1
"SDCCAG8",0.635403531684666,-0.264971368454787,0.12,0.151,1
"SNX12",0.635407310965125,-0.197143684193455,0.038,0.046,1
"IGF2R",0.635430507330562,-0.243089412437778,0.198,0.219,1
"THAP2",0.635510151058168,0.185410968172472,0.034,0.028,1
"SRC",0.63582788077366,0.646285756099994,0.025,0.023,1
"CASP8AP2",0.635864859942573,0.365345170047208,0.044,0.037,1
"MAFK",0.635901328639238,0.438153768265625,0.083,0.071,1
"ENSG00000289043",0.635926501645688,-1.10624542952309,0.01,0.017,1
"CCNC",0.636018893597418,0.124817521932652,0.215,0.217,1
"PBXIP1",0.636151677564439,0.153039898377724,0.289,0.288,1
"POGLUT1",0.636181343723657,0.256670721466593,0.045,0.04,1
"ZNF620",0.636276880451781,-1.31646509934762,0.004,0.014,1
"TLR7",0.636348360918306,0.393812140169086,0.042,0.04,1
"BTAF1",0.636432452545222,-0.144677693554855,0.321,0.365,1
"ZNF442",0.636458069858219,0.735387197985932,0.016,0.009,1
"KLHL9",0.636722330230603,0.567335693033816,0.059,0.051,1
"ITK",0.636873474925078,0.902297912279707,0.01,0.006,1
"CHRM5",0.637032708079769,-1.17262959112319,0.006,0.011,1
"XPA",0.637049104395146,-0.254460212252684,0.085,0.114,1
"RAD51",0.637129365719087,0.908409640254825,0.01,0.006,1
"VEGFB",0.637287878274635,-0.247055103638406,0.181,0.219,1
"TMEM107",0.637404378972723,-0.414282242222721,0.038,0.054,1
"CHD1L",0.637479968970075,-0.395171995648035,0.04,0.06,1
"SCMH1",0.637772394923397,-0.102177457290898,0.143,0.171,1
"TRIP4",0.637891243749188,0.263631220620809,0.038,0.028,1
"MRPL43",0.637945995963961,-0.561971333127785,0.075,0.103,1
"NARS2",0.638082770031374,-0.164751406296837,0.048,0.063,1
"ZNF490",0.638345742526976,0.309850371402141,0.119,0.111,1
"DOLK",0.638353206735218,-1.10708916022271,0.007,0.017,1
"PRDX6-AS1",0.63839214844594,0.667783682246402,0.024,0.023,1
"ATP6V1D",0.63848666545266,0.211032416127151,0.161,0.154,1
"CES4A",0.638527066300257,-1.26790274296592,0.01,0.02,1
"NT5C3A",0.638581924090408,-0.190251162898783,0.192,0.234,1
"IL6ST",0.638770074933601,0.188984699969267,0.321,0.319,1
"ENSG00000287269",0.638856620644721,-0.598504659851265,0.021,0.034,1
"COG5",0.638873183336284,0.222147703731616,0.209,0.202,1
"ENSG00000286533",0.639029746253022,0.557259000104478,0.018,0.017,1
"ENSG00000279738",0.639077234251019,-1.03771435448086,0.01,0.017,1
"C12orf60",0.63917287303284,-0.27602433737274,0.02,0.017,1
"TP53TG1",0.639190021704092,0.567824918541154,0.031,0.023,1
"GLMP",0.639195268356835,-0.812164201136689,0.011,0.02,1
"ITCH",0.639207243061233,0.178703116810774,0.311,0.308,1
"TMEM63B",0.639227637591667,-0.311160785194308,0.11,0.148,1
"ZBTB22",0.639427031161158,0.48117492245596,0.035,0.028,1
"EID2",0.639581094974952,0.248922887086776,0.064,0.06,1
"PITPNM2",0.639709022480119,-0.625212464365454,0.034,0.051,1
"BHLHE40-AS1",0.639736969780445,-0.329133854453363,0.024,0.026,1
"THOC5",0.639797237250534,0.227916639817515,0.035,0.028,1
"RINL",0.639893141295611,-0.569147465147831,0.024,0.037,1
"RBM33-DT",0.640117403442991,0.271355836054733,0.013,0.009,1
"FBH1",0.64012534517429,0.196664152041766,0.086,0.08,1
"SYNC",0.640581025849818,0.166887637050821,0.099,0.108,1
"FBXO8",0.640659676870673,0.101447664610506,0.064,0.074,1
"BCL11B",0.640836303998388,0.623196942548448,0.013,0.009,1
"ENSG00000265474",0.640922870557686,-0.125608356441021,0.011,0.02,1
"ATAT1",0.640951740045525,-0.489665050164868,0.017,0.023,1
"FNBP1L",0.641023146930457,-0.511445369173421,0.038,0.051,1
"GNB4",0.641100090513003,-0.166262543574867,0.124,0.154,1
"YAE1",0.64111791980721,0.289376926985133,0.017,0.011,1
"ENSG00000183308",0.641180020893357,0.108340814060871,0.075,0.068,1
"PAM",0.641236970779402,-0.123107257750665,0.141,0.157,1
"FBXO44",0.641243557506536,-0.245877901524854,0.052,0.063,1
"SHLD3",0.641524457475718,-0.402660382112823,0.018,0.028,1
"RTKN2",0.641635979017855,0.628621779991533,0.016,0.011,1
"OS9",0.641760657762367,-0.113072840713377,0.175,0.205,1
"ETAA1",0.641864870466799,-0.945479657657941,0.013,0.02,1
"ENSG00000289340",0.641869408558952,0.245633662546171,0.102,0.094,1
"ZNF519",0.641918415525,-0.554740453200757,0.011,0.02,1
"THADA",0.64202451791108,0.419475142617598,0.086,0.083,1
"ENSG00000290039",0.642242195398553,-0.257041123663574,0.093,0.091,1
"AHDC1",0.642343161349399,-0.586859176316008,0.035,0.051,1
"RHOT1",0.642399359660229,-0.252481021870119,0.023,0.028,1
"ENSG00000290093",0.642473949873976,-1.01345450838542,0.006,0.011,1
"CTDSPL2",0.642474640873343,0.233191351029041,0.149,0.142,1
"KLF2",0.642820228197777,0.225826946382006,0.714,0.732,1
"ZNF345",0.642850007232076,-0.214317979167164,0.028,0.04,1
"CTBP1",0.643167873807326,-0.152340217344155,0.134,0.154,1
"ZNF121",0.643352213576189,-0.211566425856379,0.12,0.145,1
"SLC37A1",0.64341989299386,0.150909332587306,0.289,0.282,1
"TMEM140",0.643455590511162,0.539314340209948,0.083,0.071,1
"MYL5",0.643474546061315,-0.404996933914588,0.031,0.04,1
"ENSG00000288856",0.643491689917914,-0.420771757246731,0.021,0.034,1
"P4HB",0.643585081937369,0.192375475854553,0.192,0.197,1
"TUBGCP2",0.643718815634388,0.199089069891822,0.089,0.085,1
"PRXL2C",0.643727088559975,0.178912505750472,0.219,0.208,1
"CHTF18",0.643823426149355,0.805772451404574,0.017,0.011,1
"GPSM1",0.643834180911185,-0.797331107013324,0.018,0.031,1
"FNDC3B",0.644029138729483,-0.177678432259683,0.134,0.171,1
"MRPS34",0.644079011896728,-0.495533510094405,0.048,0.071,1
"HILPDA",0.644421577906079,0.667643503703816,0.044,0.031,1
"KDELR1",0.644478985833114,-0.103711411243418,0.096,0.108,1
"RBM14",0.645402860653851,0.200647831282492,0.209,0.197,1
"ENSG00000236986",0.645611309991546,-0.570632130518363,0.021,0.034,1
"POU6F1",0.645667993465849,-0.978836468583682,0.011,0.023,1
"C22orf39",0.645702945020298,-0.220940423215909,0.14,0.171,1
"KATNAL1",0.645777387398312,0.186124085583276,0.072,0.066,1
"NR1D1",0.64585089752627,0.569439990026037,0.071,0.06,1
"LINC02649",0.646077452068418,-1.12723301404572,0.011,0.02,1
"STYX",0.646475139722937,-0.174023473886789,0.048,0.066,1
"CRAMP1",0.646842252093111,-0.447689645820819,0.052,0.071,1
"EXOC5",0.646953252922135,0.221849344206331,0.13,0.125,1
"DPP3",0.647100938741009,-0.168816026701264,0.027,0.026,1
"HCFC1",0.647736413768712,0.172076040153372,0.091,0.088,1
"NDUFV2-AS1",0.64791112289919,-0.262242720188445,0.088,0.103,1
"LEKR1",0.647990113479832,0.280929413823884,0.01,0.011,1
"ARHGEF2",0.648238505680508,0.136194050023521,0.25,0.254,1
"CNBD2",0.648362944701735,0.300674889642811,0.028,0.031,1
"FANCA",0.648407436990623,-0.877796545886578,0.02,0.031,1
"MLKL",0.648729936633701,-1.29591214400987,0.01,0.017,1
"BTN2A2",0.648991249262277,0.243398872053637,0.236,0.225,1
"DUT",0.649194484714115,-0.315917538372424,0.096,0.125,1
"KLHL26",0.649213973107034,0.125798459120236,0.016,0.023,1
"NDUFS3",0.649238109770499,-0.161051942070315,0.149,0.157,1
"ENSG00000249236",0.649456350501601,-0.194666316932255,0.054,0.06,1
"IL21R-AS1",0.649475856235934,-0.895215704418519,0.007,0.014,1
"ENSG00000281181",0.649724292493109,0.687207270705778,0.04,0.04,1
"LIX1L",0.649740368348656,-0.358816441841889,0.081,0.103,1
"CCDC62",0.649770341945494,0.66588071781982,0.028,0.02,1
"USP20",0.650045597500944,-0.347656037118167,0.038,0.051,1
"TOMM34",0.650298337096804,0.195647935497631,0.143,0.137,1
"PTPMT1",0.650410614999827,-0.260526364360843,0.068,0.088,1
"KATNBL1",0.650558134140226,0.18306716402128,0.168,0.165,1
"FAAH2",0.650713661151819,0.707391636347801,0.014,0.011,1
"VAV2",0.650753282503201,0.18024588173157,0.081,0.074,1
"KMO",0.650776425314401,-0.196865770650335,0.165,0.165,1
"ENSG00000288871",0.651029516034731,-0.305086690670453,0.042,0.046,1
"KCNJ13",0.651503968253393,0.907478645807229,0.011,0.009,1
"ZNF514",0.651521083521087,0.487824437016807,0.016,0.011,1
"MAP2K7",0.651613877359361,0.13523977806857,0.165,0.157,1
"ENSG00000225420",0.651700633999195,-0.332835594949084,0.025,0.037,1
"ENSG00000291209",0.65174231664064,-1.30574261641083,0.006,0.011,1
"HAUS2",0.651765710138314,0.24512994498351,0.126,0.125,1
"SLC4A8",0.651771179795924,1.00378388085269,0.017,0.014,1
"CENPQ",0.65197530274955,-0.543003774764077,0.016,0.017,1
"HOMEZ",0.652047783779176,0.873911656099606,0.016,0.011,1
"RFFL",0.652054471116116,0.329435404139423,0.093,0.085,1
"KIF3A",0.65206198652234,-0.542801028729662,0.04,0.06,1
"GFER",0.652093541689089,0.143069473283263,0.115,0.108,1
"ENSG00000286153",0.652441796847805,1.19528305750641,0.014,0.009,1
"ENSG00000233635",0.652455486665989,-1.03324765512748,0.006,0.011,1
"ZNF343",0.652482527982498,0.562607807676001,0.014,0.009,1
"RENBP",0.652843471246519,-0.911790673911357,0.007,0.014,1
"ZFP62",0.652907071012616,-0.443436842742335,0.024,0.034,1
"TMPO-AS1",0.652923163961721,-0.748757993863656,0.008,0.017,1
"FAM169A",0.653073192389887,0.494676558137971,0.041,0.037,1
"PHF11",0.653085530286952,-0.185671157251454,0.187,0.228,1
"ABITRAM",0.653199565568698,0.390393613328315,0.033,0.026,1
"CHUK",0.653213432328135,-0.212772369870008,0.081,0.105,1
"ZNF561-AS1",0.653535234887916,0.447895779289106,0.018,0.011,1
"ZNF407",0.653749877337635,0.206193333693713,0.156,0.151,1
"LINC01480",0.653875637523437,-0.345944891672479,0.064,0.066,1
"FAM219B",0.654182942241182,-0.295137192832836,0.025,0.04,1
"SLC18B1",0.654396415681347,-0.689348009546765,0.04,0.054,1
"SFXN4",0.654402156908452,-0.453098380998374,0.01,0.017,1
"FAM98C",0.654656177881916,0.295184642453723,0.044,0.04,1
"ENSG00000291228",0.654803384809196,-0.691508226803525,0.042,0.057,1
"ERO1B",0.654887276804115,0.124195684655217,0.276,0.268,1
"WDR3",0.654958162074652,0.440023539608959,0.028,0.026,1
"PEX7",0.655089557879038,0.656341967545115,0.016,0.009,1
"ATXN7L3B",0.655421086609405,0.122841880447943,0.107,0.103,1
"RASSF7",0.655770627554348,0.810679619213323,0.033,0.023,1
"RAD51AP1",0.655865146864167,-0.639499407680543,0.007,0.011,1
"RNASE6",0.655869271605708,-0.463556700739253,0.027,0.037,1
"MRPL45",0.655874480010221,0.108352928585787,0.054,0.066,1
"CDC123",0.65588168556064,0.130792926813856,0.209,0.208,1
"NIPAL2",0.655944101265015,-1.83381248981305,0.007,0.014,1
"HADHB",0.656041239496066,0.200968632955317,0.153,0.151,1
"FAAP24",0.656608946240721,-0.698565855190837,0.008,0.014,1
"FAM83G",0.656623018211794,0.329545306421217,0.042,0.043,1
"RABEPK",0.656626431947891,0.389284459054812,0.017,0.014,1
"ASL",0.656695210389611,-0.164880049553302,0.054,0.068,1
"FRMPD3",0.656848029355845,-0.844702191840714,0.006,0.011,1
"SNX15",0.656991839444965,0.222048902766065,0.027,0.023,1
"SH3BP5-AS1",0.657023096418329,-0.331739514592046,0.028,0.043,1
"HIRA",0.657104570541851,0.271256734335033,0.058,0.054,1
"ENSG00000289841",0.657158085308833,-0.528981790999448,0.011,0.017,1
"ETFA",0.657181016938456,0.192550890800054,0.144,0.14,1
"PSMD11",0.657186531542392,-0.233841743351129,0.246,0.288,1
"PSEN1",0.657204080063029,-0.103535710884264,0.281,0.328,1
"DR1",0.657219423023139,-0.248904769779031,0.257,0.299,1
"DGCR6L",0.657309575063112,-0.531516982856128,0.037,0.051,1
"QARS1",0.657312775838143,0.118893422134814,0.113,0.131,1
"SYNJ1",0.657425236293977,0.358645552758125,0.027,0.02,1
"TRIM59",0.657505142505813,0.361931863859065,0.054,0.048,1
"ENSG00000288818",0.657632261431645,-0.728818251818257,0.02,0.028,1
"CD82",0.657680244910328,-0.181594904988201,0.328,0.399,1
"TBC1D16",0.657731557225545,0.401601879293413,0.081,0.071,1
"ENSG00000289883",0.657910606203936,-0.284876594040628,0.008,0.017,1
"CHEK1",0.658032062282736,-0.568022582107734,0.027,0.04,1
"STRN3",0.658115586953955,0.188471409306071,0.154,0.148,1
"ATP2B1-AS1",0.658215990257467,-0.326942960199974,0.119,0.148,1
"CMC2",0.658233599953778,-0.158189403911326,0.267,0.319,1
"SNX25",0.658282626851184,-0.253088840166359,0.27,0.322,1
"PTPA",0.658585788399009,-0.423927499448183,0.061,0.077,1
"TLR2",0.659046049754628,0.865262557407542,0.011,0.006,1
"EIF4E",0.659155381356801,0.117097270372743,0.318,0.316,1
"SPPL3",0.659446781234461,-0.201861128723074,0.205,0.248,1
"UTP18",0.659486570920542,0.186368278430045,0.146,0.137,1
"ENSG00000241073",0.65954304628797,-0.675802829186888,0.011,0.02,1
"ENSG00000285966",0.659667106182811,-0.120436461406707,0.014,0.02,1
"NOTCH1",0.659780439214289,-0.518397373561473,0.054,0.068,1
"TAPBPL",0.659873495852986,0.240299048109048,0.04,0.034,1
"ACYP1",0.659944542745096,0.125928762270478,0.021,0.017,1
"EIF2AK4",0.659946041472182,-0.228502526497537,0.102,0.128,1
"RNASEH2A",0.659982742392888,-1.01005184091406,0.007,0.014,1
"STK11IP",0.66029503354909,-0.645476113388403,0.024,0.034,1
"EGLN3",0.660398635452248,0.167798091395547,0.027,0.023,1
"PYCR2",0.6604071426227,-0.217483056961091,0.086,0.1,1
"ENSG00000286786",0.660419475190511,1.22910364457343,0.011,0.006,1
"CTNND1",0.660420458183046,-0.14257317411089,0.207,0.251,1
"TMEM68",0.660420944188538,0.17794034670584,0.035,0.034,1
"NPIPB13",0.660659165258803,-0.398198468130528,0.024,0.034,1
"USP28",0.66104123855155,0.166055792383238,0.083,0.077,1
"RRAGD",0.661047083754281,-0.334191405519539,0.02,0.031,1
"SAXO2",0.661105451222474,-1.97520764320248,0.006,0.011,1
"CHRAC1",0.661195423733133,0.127781590397759,0.307,0.296,1
"ENSG00000274265",0.661217854728602,0.18629267552119,0.143,0.151,1
"TMX1",0.661419257564612,-0.112366062765405,0.109,0.134,1
"TIMM21",0.661557356533649,0.325804989398957,0.038,0.034,1
"NLN",0.661625585665237,0.618267087814931,0.034,0.028,1
"MYO5A",0.66164269454952,-0.202447714744332,0.143,0.182,1
"PLEKHA7",0.661758136934966,-0.58807494403088,0.041,0.063,1
"CDKL1",0.661822541146471,-0.809707125218754,0.017,0.026,1
"CPSF4",0.661854368318875,-0.533361406871464,0.024,0.04,1
"KRBA2",0.661955466669933,1.02638470827353,0.016,0.009,1
"TNRC6A",0.662181816289203,0.123648123006617,0.239,0.234,1
"ENSG00000288899",0.662439490585668,1.0425312722781,0.016,0.011,1
"GSK3A",0.662451148911404,0.122812585706496,0.16,0.157,1
"SAFB",0.662595012664585,0.223081846446343,0.313,0.316,1
"XBP1",0.662784992880239,-0.312790810914497,0.158,0.197,1
"CDKN2C",0.662785450118005,0.194195196602492,0.023,0.02,1
"ZNF382",0.662792952625281,-0.901917176400923,0.006,0.011,1
"GHDC",0.663006554774743,-0.466914745817838,0.014,0.023,1
"PMS2",0.663166336331778,0.613593287833704,0.023,0.017,1
"CISD1",0.663211942580791,-0.491643183674414,0.018,0.028,1
"TBCCD1",0.663278279058434,-0.50880757588409,0.024,0.04,1
"WDR13",0.663460219787705,-0.479804595607309,0.066,0.091,1
"RNF216P1",0.663519171410779,-0.311325765244806,0.083,0.105,1
"CDIPT",0.663827254008554,0.321630271138201,0.047,0.043,1
"TPRA1",0.66393739332574,-0.557940137731312,0.041,0.057,1
"CCDC18-AS1",0.664238293203564,0.123426840225057,0.16,0.177,1
"MTCP1",0.664518589494879,-0.47001963679358,0.02,0.031,1
"ENSG00000267476",0.664644751098646,0.193986692858157,0.086,0.094,1
"B3GNT7",0.664849261874473,-0.21518373801567,0.068,0.088,1
"AK6",0.664932494888278,0.171432445429683,0.113,0.111,1
"ENSG00000286334",0.664958435871847,0.881867439348539,0.016,0.011,1
"SOX12",0.665237092099804,0.621286828257105,0.016,0.011,1
"DDX23",0.665251668005142,0.189612350925672,0.085,0.088,1
"PDHB",0.665407140402056,0.325641941626408,0.12,0.111,1
"PGBD4",0.665570230573497,1.02788412353534,0.014,0.009,1
"KLK1",0.665642659839774,-1.39867341863635,0.004,0.011,1
"CORO2B",0.665702027647631,-0.573435056069374,0.023,0.031,1
"SLC17A5",0.66605280816623,0.513827666112813,0.055,0.051,1
"SNHG26",0.666109695294688,-0.141979471009633,0.033,0.034,1
"ZNF367",0.66616212328002,0.301711225515621,0.03,0.028,1
"MMP9",0.666244001330658,-0.447896004931635,0.017,0.026,1
"ZMYND8",0.666272145867474,-0.367537456121169,0.064,0.068,1
"AFF2",0.666507732556728,0.358177408607326,0.018,0.017,1
"E4F1",0.66651747185331,-0.126589897090898,0.074,0.083,1
"UBE2Q2P1",0.66671629840886,0.29054817009937,0.016,0.011,1
"SYNE3",0.666802869635671,-0.363324195323933,0.091,0.125,1
"H2AC21",0.666882830448208,-0.623881630035275,0.021,0.031,1
"RNPEP",0.666921627056547,0.201736971412547,0.042,0.037,1
"PDCD11",0.667052337251163,-0.119234034038449,0.034,0.043,1
"MT-ND4L",0.66739994475967,0.107792162397689,0.977,0.977,1
"ENSG00000290366",0.667428328148297,1.31545070811885,0.011,0.006,1
"MTHFS",0.667552895502582,0.156359472609621,0.134,0.134,1
"SMIM29",0.667620552668952,0.113378743663141,0.106,0.117,1
"PHF7",0.66776542579151,-1.31357317116958,0.018,0.026,1
"GPR174",0.667996903346607,0.220607764759307,0.065,0.063,1
"DDHD2",0.668070599151872,0.13193624071598,0.068,0.074,1
"APOA1-AS",0.668098717473418,0.772427828343933,0.01,0.006,1
"NT5E",0.668104120591864,0.675527284715803,0.034,0.026,1
"APOLD1",0.66822826903505,-0.46191894804256,0.054,0.068,1
"ENSG00000289055",0.66843873577821,0.320360930132567,0.025,0.026,1
"SCYL3",0.668443600934451,0.166754205848663,0.035,0.031,1
"IGLC3",0.668457920707627,0.192097269207443,0.165,0.168,1
"TTC39C",0.668530236134837,0.167830744524681,0.079,0.077,1
"APPAT",0.668730751680045,-0.358445988512168,0.014,0.02,1
"PPIE",0.668821099520909,-0.13789934691169,0.074,0.074,1
"PIAS2",0.668881862284864,0.152441924367313,0.105,0.108,1
"AP5Z1",0.668916740908705,-0.104089103005848,0.201,0.217,1
"TIGD3",0.668938040341374,-1.35912550375373,0.006,0.011,1
"BCL2L12",0.66906253331889,0.338490296665907,0.031,0.028,1
"LNX2",0.669127946212951,-0.574455980627261,0.047,0.063,1
"SUPT5H",0.669134474901446,-0.197974892203383,0.211,0.254,1
"TTI1",0.66936021409009,-0.200990907002902,0.058,0.063,1
"VNN2",0.669399187042569,-0.251164608949725,0.024,0.034,1
"RSAD1",0.669413848825555,-0.269187448893948,0.033,0.048,1
"ZNF765",0.669945567023982,-0.518787549726681,0.048,0.057,1
"TTLL4",0.670038439483628,-0.579717785901253,0.023,0.034,1
"LARP1",0.670046504226774,-0.443161565205932,0.092,0.123,1
"RALGDS",0.670075871015309,-0.245782946811576,0.174,0.194,1
"SERAC1",0.670115298326412,-0.860675314003143,0.011,0.02,1
"CFAP44",0.670171981528896,0.373290703165028,0.017,0.011,1
"TTC28",0.670259611101804,0.249441276464188,0.055,0.048,1
"PARVB",0.670383126894509,0.100039002396811,0.164,0.168,1
"TAPT1-AS1",0.670476522413865,-0.125596037149654,0.013,0.02,1
"ENSG00000249207",0.6705461812147,0.298663295711338,0.095,0.091,1
"CNPY3",0.670606876275033,-0.141222063925171,0.307,0.336,1
"KLHL2",0.670782004073637,-0.233406656032181,0.185,0.219,1
"AURKAIP1",0.67092621707175,-0.174893387737178,0.229,0.271,1
"RHEX",0.671250770320215,-0.563132584558142,0.01,0.017,1
"FHL3",0.671261186788398,0.168724658798514,0.014,0.009,1
"TTLL12",0.671287222005111,0.152266147413346,0.01,0.006,1
"ABCB6",0.671298834459942,0.990987702421251,0.011,0.006,1
"MRPL10",0.671329271068851,-0.262979624072982,0.062,0.08,1
"PARD6G-AS1",0.671608408444661,-1.10216248944711,0.008,0.017,1
"LRRC23",0.671691302736217,-0.618172461236198,0.024,0.031,1
"PEX1",0.671732895968034,-0.455384625790222,0.021,0.031,1
"LRRC69",0.671766454677991,0.457839905168888,0.011,0.006,1
"FLJ20021",0.671827430752041,-0.998758094813925,0.01,0.02,1
"EIF4EBP1",0.671882870770333,0.525182358521302,0.033,0.028,1
"ENSG00000232347",0.67198199111877,-0.206268379120869,0.008,0.014,1
"FYCO1",0.672055756620182,-0.556382281802815,0.02,0.031,1
"WASHC2A",0.672293646811902,-0.183081212148629,0.093,0.108,1
"RBM33",0.672456012683583,0.182886906842544,0.339,0.336,1
"CCDC9",0.672471452641326,0.224485688292204,0.204,0.197,1
"ANKLE2",0.672921292507837,0.107694025418919,0.233,0.234,1
"C8orf82",0.673233286411411,-0.780585024534398,0.018,0.028,1
"UGGT1",0.673307745820665,-0.155237308740007,0.045,0.063,1
"TRABD-AS1",0.673309695628203,-0.496742829306221,0.028,0.04,1
"SMIM13",0.673348136814116,-0.26057074294894,0.055,0.074,1
"ZNF507",0.673358554155042,0.330122001017513,0.051,0.043,1
"NDUFAF8",0.673462177230488,-0.370104444845284,0.136,0.171,1
"PCGF3",0.67377915639232,0.116267519225914,0.054,0.051,1
"DHRS7",0.673849997771336,0.255131018391624,0.089,0.083,1
"FNDC11",0.673880921624637,-0.783154020466768,0.008,0.014,1
"MTHFD1",0.674159786791269,0.576428576401804,0.037,0.031,1
"COG4",0.674294537588607,0.967133157085715,0.018,0.014,1
"AGAP3",0.674340827415266,0.282438260727782,0.013,0.009,1
"LINC00624",0.674418860149576,0.271741209987423,0.017,0.014,1
"SLC39A13",0.674802208630912,-0.316831021511677,0.014,0.023,1
"BPHL",0.674918607060583,0.725877610999309,0.014,0.011,1
"STK25",0.674944224150505,0.620398800370551,0.068,0.06,1
"DEF8",0.675089646324918,0.406516057334092,0.102,0.094,1
"PRR5",0.675131537365798,-1.13194245619606,0.013,0.02,1
"ACAD11",0.675384704747785,0.451549073074654,0.014,0.009,1
"DCAF15",0.675395148618975,-0.104162926107136,0.144,0.157,1
"CRLS1",0.675533337607568,0.262617909798385,0.069,0.066,1
"KIF18A",0.675540244617305,0.314706725715221,0.065,0.063,1
"SPAG4",0.675621627745344,-0.627797549572866,0.044,0.066,1
"ALKBH3",0.67577889218149,-0.479430242156728,0.014,0.023,1
"ENSG00000231856",0.676192705536527,0.874941726002723,0.025,0.017,1
"PIGT",0.676493115671402,0.233942281070391,0.164,0.171,1
"URB1-AS1",0.676494208968191,0.564093287845883,0.011,0.009,1
"SMIM11",0.676633102294343,-0.270729030828728,0.04,0.057,1
"RNASEL",0.677075120749864,1.28124209771629,0.01,0.006,1
"ENSG00000289135",0.677105079008124,1.56777839593692,0.013,0.009,1
"MPHOSPH9",0.677156701760069,0.406915577812841,0.055,0.051,1
"CDC42BPB",0.677170316702814,-0.561642955744549,0.024,0.04,1
"LINC03006",0.677261222175478,1.04381932826674,0.025,0.023,1
"HACD3",0.677469740138964,0.121572030278444,0.072,0.074,1
"METTL3",0.677537757967751,-0.29473916448615,0.035,0.048,1
"CDK5RAP1",0.677568678035654,0.150488864238759,0.072,0.085,1
"EXTL3",0.677935648007143,-0.736273569913672,0.013,0.02,1
"MKRN2",0.678005119334051,0.31252630734491,0.092,0.085,1
"IFT22",0.678118700057534,0.352917752205983,0.02,0.017,1
"CRADD",0.678137894805358,0.742944260494445,0.028,0.02,1
"TMEM141",0.678144009988036,0.272478119182368,0.044,0.04,1
"SLC4A7",0.678348697115499,0.146972937160923,0.123,0.148,1
"ATOX1",0.678383709295248,-0.250017886989069,0.081,0.1,1
"ENSG00000291099",0.6784184616359,-0.826811384604485,0.014,0.023,1
"TMEM161B-DT",0.678423396438493,-0.378335807184178,0.021,0.028,1
"ARRDC1",0.678475687209249,-0.289914032885185,0.075,0.1,1
"SPOUT1",0.678541060434423,0.117430242782022,0.031,0.028,1
"IFFO2",0.678763081465285,0.104887238422277,0.116,0.114,1
"POMT2",0.679094677110334,0.956970179409397,0.014,0.009,1
"NGFR",0.6791161815268,1.64990860088769,0.01,0.006,1
"ENSG00000257553",0.679162527791716,0.331965144341519,0.016,0.011,1
"ZNF692",0.679202548263473,0.356484390086114,0.025,0.02,1
"MARF1",0.679247453696026,0.257259333924053,0.198,0.194,1
"IGHV3-23",0.679504846496133,-0.27859783127902,0.064,0.066,1
"PALB2",0.679716643588982,-0.593774699722901,0.008,0.014,1
"ENSG00000236935",0.679750013629163,-0.43914056750581,0.014,0.026,1
"CA5B",0.679874947253967,0.174000028163406,0.134,0.12,1
"SELENOO",0.679993412912863,0.115123557383867,0.201,0.199,1
"AP3B1",0.680100346612029,0.157564737793636,0.163,0.16,1
"OGFOD2",0.680131693067334,-0.618832466966328,0.017,0.026,1
"FKBP11",0.680152256464721,-0.755413330826425,0.03,0.043,1
"STK32C",0.680200100837864,0.202866072029702,0.034,0.028,1
"MR1",0.680408914304818,0.288040917939083,0.045,0.04,1
"GLTP",0.680417283111877,-0.112582120524149,0.105,0.125,1
"EXOC6B",0.680619122375649,-0.337940325042868,0.044,0.048,1
"GAK",0.680620728181776,-0.256267672359283,0.221,0.268,1
"APOBEC3C",0.680735823136333,-0.207259028678506,0.054,0.071,1
"PSMD9",0.680764368952012,0.130246369083155,0.175,0.177,1
"ENSG00000280614",0.680775965514146,-0.162430904660011,0.018,0.026,1
"TEX10",0.680777244330012,0.132621469133687,0.173,0.174,1
"SLC45A4",0.681259163678052,0.312475727982517,0.076,0.071,1
"SELENOM",0.681340410761228,0.653077182250066,0.01,0.009,1
"PIGC",0.681711641006645,-0.267029560357468,0.042,0.057,1
"ZNF93",0.681810916422845,1.04541973713603,0.016,0.011,1
"RCBTB1",0.681810960697138,-0.475579396251548,0.034,0.048,1
"GABBR1",0.681881586788353,0.372538756736971,0.061,0.068,1
"EVI2A",0.681899283424448,-0.292664871755931,0.064,0.085,1
"MIRLET7A1HG",0.682025522997404,-0.349500938841563,0.098,0.128,1
"SERPINB9P1",0.68204992208802,0.133182218039492,0.13,0.123,1
"CSK",0.682146886416411,-0.170717898762927,0.277,0.316,1
"DNAL4",0.682356394611299,0.573035384263602,0.01,0.006,1
"SLC1A3-AS1",0.682632156777231,-0.374035090479101,0.013,0.009,1
"LIX1-AS1",0.682638117351746,-0.275685623460701,0.057,0.077,1
"CD99P1",0.682782267708747,-0.557780476471831,0.055,0.071,1
"NT5DC3",0.683128824805243,-0.177332075156083,0.024,0.034,1
"APLF",0.683239304313436,-0.36378918115724,0.033,0.04,1
"TIGD7",0.683286198387315,-0.307120264425222,0.013,0.02,1
"ENSG00000228061",0.683450106829852,-0.244255197362826,0.011,0.011,1
"ENSG00000251131",0.68361327694022,1.02382456443517,0.023,0.017,1
"MRPL3",0.683780393215241,-0.220315647529289,0.113,0.14,1
"SMYD2",0.684118345803159,0.210514573164545,0.047,0.051,1
"ZNF552",0.684277959046615,0.430971376746014,0.031,0.026,1
"CABLES2",0.684335021458643,-0.991140443683396,0.006,0.014,1
"ENSG00000290709",0.684523735154817,0.416206229933308,0.044,0.043,1
"ABTB1",0.684767038423073,0.142526891549909,0.1,0.103,1
"CEP250-AS1",0.684807464823411,0.128479217736372,0.02,0.017,1
"ENSG00000262202",0.68503378364066,0.134516268002256,0.021,0.028,1
"TRPC1",0.685040867257935,0.363927290320939,0.01,0.006,1
"PLPP5",0.685072041630172,0.254136799806924,0.297,0.285,1
"RNFT2",0.685154598930772,-0.689221507046624,0.011,0.017,1
"PPHLN1",0.685375569301144,-0.148228211643846,0.246,0.293,1
"HSD17B7",0.685626702995326,0.276754000624131,0.066,0.063,1
"ZCCHC14",0.68567685758433,0.419872179510371,0.01,0.006,1
"SLC25A14",0.685701337432322,0.168282371593784,0.035,0.031,1
"RARS2",0.68591970513737,-0.151501237159381,0.096,0.114,1
"C2orf49",0.685952309209691,0.286463121422174,0.109,0.103,1
"S100A6",0.686160878784042,-0.435856006943635,0.102,0.128,1
"PCNT",0.686246745882118,0.210990989858124,0.065,0.074,1
"SPPL2B",0.686291379953713,-0.30184027505912,0.098,0.123,1
"ABCB8",0.686296473979727,0.356690872221591,0.027,0.023,1
"MYADM-AS1",0.686574129628627,-0.590175042003942,0.011,0.017,1
"DCAF12",0.686924788730132,-0.58643736031592,0.008,0.014,1
"ZNF574",0.686972593170724,0.122035616224578,0.137,0.131,1
"CNOT11",0.687239787830093,-0.270247364297874,0.093,0.123,1
"GART",0.687245834860806,0.425399204068074,0.089,0.083,1
"GAS7",0.687495180255377,-0.653005626485376,0.065,0.091,1
"RHOQ-AS1",0.687495532617823,-0.56212033658821,0.025,0.037,1
"LAS1L",0.687520128561653,-0.294640662052518,0.058,0.071,1
"FAM177B",0.687522260112164,0.377912227905555,0.024,0.02,1
"PARP10",0.687564203960257,-0.23705227034622,0.037,0.051,1
"PCAT1",0.687570492636015,0.587385560818805,0.041,0.034,1
"BCKDHA",0.687642266094637,-0.34343168174071,0.038,0.054,1
"SLC48A1",0.687705040831153,0.598013278633019,0.016,0.017,1
"SULF2",0.687787068598803,0.216720857878629,0.035,0.037,1
"PTCD1",0.687887704293639,0.225286186057782,0.023,0.02,1
"MCCC1",0.687890814948936,-0.461893750755343,0.04,0.06,1
"CR1",0.687948651505541,-0.16048826618544,0.083,0.091,1
"ABCA5",0.688022869288255,0.645229368499582,0.05,0.043,1
"NTAN1",0.68804761562255,0.173241397221628,0.078,0.077,1
"PGPEP1",0.688083828402788,1.05196232464555,0.01,0.006,1
"CDK6",0.688486762949612,0.127352347040672,0.076,0.083,1
"SLC2A8",0.688598193984891,-0.701517381423519,0.02,0.026,1
"HBEGF",0.689246305531494,-0.783445697832443,0.016,0.017,1
"PPP1R16A",0.68933689412479,0.149769537487384,0.01,0.006,1
"ZNF219",0.68950861282391,0.573557432030125,0.017,0.011,1
"ZNFX1",0.689581165572839,-0.209204861334569,0.276,0.322,1
"EBP",0.689661191249665,0.303368051619717,0.083,0.091,1
"NUDT8",0.689793879376139,1.39849076088798,0.016,0.009,1
"MRTO4",0.689846347067895,0.167910949669585,0.099,0.108,1
"MAN2B1",0.689863118399444,0.124109987882075,0.158,0.168,1
"ZBTB7B",0.690182386979819,-0.440940980984452,0.018,0.026,1
"VPS45",0.690575319839906,-0.423301955805781,0.023,0.031,1
"PPP6R1",0.690689211873063,-0.271103046291346,0.127,0.157,1
"SPATA13",0.690699392407981,-0.166502624477937,0.058,0.071,1
"HTT",0.690782010514716,-0.450213871291573,0.122,0.148,1
"SLC9A9",0.690817140557754,0.469546781627034,0.04,0.031,1
"C19orf38",0.690869692333736,-0.654598089899729,0.01,0.017,1
"ZNF222",0.690919340965063,-0.16004830638818,0.024,0.034,1
"CCDC88A",0.691153854163071,0.387630036887741,0.031,0.028,1
"MAGEH1",0.691198266464786,-0.475392287138167,0.016,0.026,1
"WAKMAR2",0.691483062694036,-0.178702450681535,0.031,0.043,1
"CREBZF",0.691556796351647,-0.155732422576932,0.184,0.211,1
"TP53TG5",0.691648116682822,0.411304467279772,0.01,0.006,1
"ENSG00000284707",0.691751464510926,-0.13562381454255,0.161,0.174,1
"KANSL1-AS1",0.691788735463068,0.33105042050589,0.013,0.009,1
"UBE2G2",0.691949296677221,0.189408227263347,0.133,0.125,1
"SUDS3",0.691979986767748,0.239059148352735,0.127,0.131,1
"SLC16A1-AS1",0.692248343970343,0.25025144129923,0.024,0.023,1
"PPP2R1B",0.692392918827592,0.296766947375813,0.081,0.077,1
"UBFD1",0.692413817919409,-0.392397834517657,0.035,0.051,1
"ENSG00000291224",0.692423661892891,-0.411728004848044,0.035,0.048,1
"DCTD",0.692638848168143,-0.627344899947751,0.033,0.051,1
"CNR2",0.692639051402479,0.200117046243655,0.059,0.051,1
"MRPL42",0.69276884072651,-0.152843107369824,0.143,0.177,1
"PIGS",0.692769364673421,-0.251743977582401,0.04,0.048,1
"AP4E1",0.693166754131759,0.388693118600568,0.037,0.034,1
"RABL2B",0.693206214105442,-0.611624419569389,0.038,0.054,1
"PLP2",0.693210572942818,-0.136481342874338,0.364,0.419,1
"PPP1R7",0.693323379586061,-0.208146218074095,0.086,0.1,1
"BBS1",0.693647438907522,0.657750569914787,0.027,0.02,1
"REX1BD",0.693690981441532,-0.270661742442963,0.12,0.142,1
"ARHGEF3",0.693746294114139,-0.299460507165404,0.071,0.085,1
"EZH1",0.693795869392077,0.107760045635791,0.109,0.114,1
"ENSG00000261386",0.693813596318856,0.622082164329107,0.023,0.017,1
"CD320",0.69388689491926,-0.296002934162926,0.021,0.028,1
"LILRB1",0.694322470342368,-0.249749133742223,0.055,0.074,1
"MIR17HG",0.694499896875377,0.283757500066349,0.037,0.034,1
"CFDP1",0.694696066761589,0.176884202748647,0.141,0.142,1
"NDUFS8",0.694743997044728,-0.469778128489638,0.095,0.123,1
"CHMP2A",0.69494938364795,-0.314682974176937,0.136,0.165,1
"TBX21",0.694950592375212,-0.635312473432633,0.01,0.017,1
"TRNAU1AP",0.69498463511467,0.141140588138044,0.074,0.074,1
"SLC43A3",0.695200971059843,0.279890583278458,0.025,0.02,1
"DCAKD",0.695410956191671,-0.715601078431846,0.02,0.026,1
"NUDT16",0.69557759129094,-0.772509310404094,0.011,0.011,1
"TOLLIP",0.695976992917607,-0.305850939595084,0.096,0.117,1
"ACAP2",0.696427657050171,0.109999124007258,0.39,0.405,1
"COX11",0.696460603318169,0.720137906708876,0.03,0.023,1
"LUC7L3",0.696467322425509,0.17918727401687,0.375,0.373,1
"UNKL",0.696545730305075,-0.286131463436179,0.072,0.088,1
"SEPHS2",0.696577824267422,0.210069011338565,0.123,0.117,1
"AAR2",0.696700498873908,0.496098686335501,0.071,0.066,1
"PREP",0.696759303125478,-0.605718813474329,0.045,0.06,1
"ZBTB45",0.696772329447958,0.508101700621101,0.041,0.034,1
"NPEPL1",0.696825524979201,0.53567723256351,0.02,0.014,1
"DBNDD1",0.696920017912623,-0.172837928782345,0.014,0.017,1
"IRAK1BP1",0.697121673042095,0.439508327666618,0.02,0.017,1
"STPG4",0.697216213581572,0.371241387387493,0.017,0.023,1
"LTO1",0.69739757487228,0.144481292082093,0.037,0.037,1
"STX2",0.697471371978791,0.168267538786031,0.054,0.063,1
"ITPA",0.69753644065157,-0.203693954836473,0.105,0.134,1
"TMEM202-AS1",0.697563839660275,0.342582516398905,0.02,0.017,1
"FAM174A",0.697663220664306,0.249502174324629,0.038,0.043,1
"SUPT20H",0.697710440381846,-0.170661030450972,0.061,0.071,1
"GOLIM4",0.697815892406614,-0.614609022215687,0.023,0.034,1
"CDK8",0.698456341253107,0.395925835864698,0.112,0.114,1
"RABGGTA",0.698659345880892,-0.192085911499027,0.054,0.06,1
"INTS13",0.69876060342191,0.321486323536452,0.041,0.034,1
"TMEM42",0.698904728513514,-0.227803385906908,0.02,0.028,1
"NUP153",0.698953996234332,0.112992226066036,0.325,0.342,1
"IL4R",0.698973608905266,0.183726394698396,0.382,0.407,1
"ENSG00000285165",0.699133345575438,-0.338431591678114,0.008,0.014,1
"HERC2P3",0.699250851900678,0.459133175345977,0.011,0.009,1
"NCBP2AS2",0.699455156407574,-0.194992161907105,0.119,0.14,1
"GNPTG",0.699813016362694,-0.272284682631101,0.076,0.097,1
"IFT57",0.699813479791989,0.106113194308837,0.368,0.373,1
"PELP1",0.699835707918076,0.128727968107416,0.035,0.031,1
"RYK",0.70013120537918,-0.162540411182394,0.157,0.191,1
"CFAP36",0.700453957147113,0.389186441001947,0.058,0.051,1
"TMEM150A",0.700620288293591,-0.235333678517661,0.038,0.051,1
"B3GAT2",0.700903218830933,0.384964549158105,0.01,0.006,1
"CAPN10-DT",0.700913576590831,0.771671722114703,0.013,0.011,1
"MKKS",0.701135817033454,0.369791117109178,0.034,0.034,1
"BASP1",0.701210450241526,-0.100663775921364,0.516,0.578,1
"SPIN1",0.70124156649656,0.323231371538685,0.066,0.066,1
"DYNLT3",0.701318659254133,0.272808257032194,0.137,0.142,1
"ENSG00000291143",0.701321871216333,-0.458015625330185,0.027,0.037,1
"TMEM106A",0.70155182753312,0.466780484640331,0.041,0.034,1
"ZNF682",0.701839378908651,-0.225852009875783,0.027,0.04,1
"ARHGAP12",0.701863149267814,0.383259036661672,0.106,0.097,1
"IRF1-AS1",0.701879661136724,0.133641119086419,0.126,0.123,1
"ENSG00000290578",0.701914705714044,-0.911108903113166,0.013,0.02,1
"LINC02256.1",0.701941372684653,-0.718229650763803,0.024,0.034,1
"USP21",0.701965152091764,0.682061120684552,0.025,0.031,1
"MRPL55",0.702279968923032,-0.100394637868412,0.059,0.063,1
"ADCK2",0.702338797488356,-0.346605415441129,0.028,0.037,1
"TRIB3",0.702556347825443,-0.170767193369294,0.021,0.026,1
"ZDHHC17",0.70292167777772,-0.240717917103751,0.109,0.134,1
"NUP133",0.702952848341028,0.229999074785625,0.16,0.157,1
"EHMT2",0.703299944968348,-0.582033666149745,0.028,0.034,1
"CNTRL",0.703324385684104,0.10074034786915,0.32,0.328,1
"EMC8",0.703332408461548,-0.316768904121443,0.161,0.197,1
"H2AC13",0.703457144149552,0.215332014740531,0.033,0.026,1
"CNP",0.703683275463646,-0.265511477447638,0.037,0.043,1
"JMJD7",0.703695630530883,0.324479985139088,0.033,0.026,1
"PGBD2",0.703725371984276,-0.158780223452955,0.024,0.037,1
"ENSG00000287425",0.703901615859188,0.819972709501378,0.01,0.006,1
"SLC5A6",0.703929348634887,0.282423353666451,0.116,0.12,1
"SH3BP1",0.703972969488108,-0.49086762720052,0.017,0.028,1
"ZNF674-AS1",0.704251318001528,0.701422108448189,0.013,0.009,1
"HDDC2",0.704255422987575,-0.354159723274559,0.038,0.043,1
"ZNF771",0.704486993215826,0.160237000408167,0.011,0.009,1
"L3MBTL4",0.704569836691782,0.220741704556572,0.038,0.046,1
"POLR1A",0.704597048045297,-0.721306381723402,0.044,0.066,1
"ZBTB9",0.705176776011977,0.439898781577753,0.017,0.014,1
"WDR86-AS1",0.70524203770924,-1.44984189895123,0.004,0.011,1
"AP3S2",0.705288084511939,0.668443953662617,0.025,0.023,1
"ATG7",0.705400589099277,-0.171818438385772,0.064,0.08,1
"KIFAP3",0.705562551276536,0.179862266365408,0.082,0.077,1
"CXCL3",0.705634141181065,-0.551972023157683,0.006,0.011,1
"HERC3",0.705794082338204,0.173643944125822,0.089,0.094,1
"MRPL14",0.705864479910962,-0.13754526983681,0.283,0.313,1
"ZNF540",0.706094305735049,-0.342947196782325,0.02,0.017,1
"ZNF25",0.706160514888297,0.500298579477315,0.014,0.011,1
"CTNNBIP1",0.706222719426539,-0.688981558542376,0.017,0.028,1
"SLX9",0.706421571624513,0.484896223332515,0.034,0.031,1
"NUBP2",0.706454434480565,-0.316264025611242,0.075,0.1,1
"ANGEL2",0.706468163271898,0.127127565219563,0.089,0.094,1
"WWP2",0.706574916794972,-0.125833178101773,0.139,0.171,1
"TMEM170A",0.70676805274594,0.224432036812562,0.197,0.202,1
"FEM1B",0.706901985519368,-0.191951960680488,0.083,0.111,1
"ENSG00000291055",0.707104413079648,-0.169091354696449,0.057,0.054,1
"SGIP1",0.707113002843305,-1.43014475068734,0.01,0.017,1
"FZD6",0.707315660354333,-0.459049009538409,0.013,0.023,1
"ASAP1",0.707378201752731,0.15570983374257,0.188,0.188,1
"PDSS2",0.707449997061809,0.175791896497797,0.048,0.046,1
"RNF139",0.707458536289621,-0.248449728550826,0.211,0.248,1
"EFCAB7",0.707473653626397,-0.468905689110404,0.02,0.023,1
"ZNF568",0.70780116610628,0.423065339002536,0.034,0.028,1
"EIF1B-AS1",0.707814032572414,-0.629464119373048,0.016,0.023,1
"HSD17B1-AS1",0.707869250837434,-0.573124008514055,0.018,0.028,1
"SLC12A2",0.707912351220023,0.158475263234823,0.139,0.134,1
"PREX1",0.707940783275597,-0.127241652916525,0.156,0.182,1
"TMED8",0.707975562966877,0.163324368169801,0.113,0.108,1
"ULK1",0.707982333578161,-0.257947105680533,0.076,0.091,1
"CLUAP1",0.708109857228557,-0.61533261932794,0.01,0.017,1
"CYB561D1",0.708147591494435,-0.338744836490333,0.02,0.028,1
"TTC5",0.708288519430061,0.399931691714464,0.033,0.026,1
"PEX19",0.708308421969347,0.316252168990929,0.047,0.04,1
"NFXL1",0.708464925913899,-0.402446640376558,0.025,0.026,1
"KBTBD7",0.70850242358989,0.149146996544433,0.031,0.028,1
"ZNF304",0.708504900002613,0.75673301886016,0.017,0.011,1
"CCL3",0.70851898298462,-0.581631030103694,0.011,0.017,1
"SEMA7A",0.708707420245862,-0.108676290405812,0.444,0.47,1
"PRKCA",0.7088382368753,0.164189219736492,0.018,0.023,1
"LINC02976",0.708895083842118,0.448789871043369,0.016,0.011,1
"CFAP298",0.708959280234411,0.136557593373325,0.075,0.071,1
"ENSG00000288896",0.708969007168909,0.605409706052737,0.023,0.017,1
"TOP2B",0.709105988971798,0.129607523969955,0.33,0.362,1
"KIAA1191",0.709403419119587,0.212010493846668,0.178,0.174,1
"ANK3",0.70973812872871,-0.545866567655121,0.006,0.011,1
"CPB2-AS1",0.709994406471302,-0.444824050367208,0.089,0.12,1
"PSTK",0.710129909976355,0.253537345184025,0.052,0.048,1
"TTC21B",0.710489750095978,0.222635578551773,0.091,0.088,1
"SRFBP1",0.710566783476136,-0.115005752345499,0.161,0.179,1
"SPTBN1",0.710577123564738,-0.120439835856297,0.239,0.279,1
"ENSG00000226571",0.710786251826366,-0.405452486376811,0.016,0.014,1
"AMZ2",0.710836065840918,-0.26678137168649,0.17,0.214,1
"KICS2",0.710885479129322,0.263538926790762,0.03,0.028,1
"ENSG00000290560",0.710915537899952,0.330630947106159,0.047,0.037,1
"PTPRN2",0.711224735387056,0.302089768036475,0.024,0.02,1
"MCEE",0.711399944817883,0.904463397316221,0.014,0.009,1
"USP53",0.711682352366049,0.512912546042265,0.072,0.068,1
"CYB561D2",0.711714323914101,-0.395097006685166,0.054,0.074,1
"AKAP10",0.711760989007655,0.272467706730851,0.124,0.12,1
"ETFRF1",0.7117787249777,-0.211858916109942,0.082,0.088,1
"PPT1",0.712109677414231,0.24383417254532,0.037,0.031,1
"SCARB2",0.712130564122405,0.150641662617028,0.054,0.051,1
"PDPK1",0.712181969702478,-0.303895414188028,0.112,0.137,1
"LMAN1",0.712221896808627,-0.168792590013878,0.069,0.083,1
"ZNF76",0.712343308178184,0.231850077489991,0.076,0.071,1
"ATP7A",0.712417112982102,0.205961640412438,0.04,0.043,1
"IGHV3-53",0.712424960622285,0.732668292070995,0.011,0.009,1
"POLDIP2",0.712617812015875,-0.253073242578703,0.061,0.068,1
"PRR12",0.712817792626669,0.2699927903291,0.025,0.023,1
"NUP210",0.712856600168576,0.195509040918648,0.095,0.091,1
"ZSWIM3",0.713037519038898,0.67088521267276,0.021,0.017,1
"C10orf95-AS1",0.713051964818666,0.215963773693978,0.018,0.017,1
"ADK",0.71306093049122,0.158279107047091,0.518,0.516,1
"ABI3",0.713081425189455,-0.522295375009236,0.014,0.023,1
"NUDT2",0.713331257002841,0.855330297086311,0.03,0.026,1
"ENSG00000258949",0.713378274710158,0.824159436882654,0.01,0.006,1
"TP53RK",0.713481534313889,-0.44505703544394,0.066,0.088,1
"ARPC1A",0.713954784403369,0.153378527605724,0.191,0.191,1
"POU2F1",0.713994634187408,0.283292580310934,0.102,0.1,1
"STARD7-AS1",0.714026298039981,0.630852729878836,0.013,0.011,1
"SLC37A3",0.714226884935903,0.244321795345956,0.031,0.031,1
"PGAM5",0.714436687740595,0.18460499780347,0.05,0.043,1
"FBXL14",0.714465101374048,0.484733737757765,0.076,0.071,1
"TRIM66",0.714573837824134,-0.781456921557776,0.011,0.017,1
"HARBI1",0.714698238703695,0.520997751140606,0.02,0.014,1
"DGKA",0.71496479017547,0.334690231999813,0.076,0.068,1
"PEG10",0.714980559429415,-0.259679401254083,0.041,0.034,1
"DDX51",0.715127329479156,-0.159793991254904,0.042,0.04,1
"TYK2",0.715178842179616,-0.18041362998347,0.057,0.077,1
"COX6B1",0.715341491903519,-0.104125171234028,0.383,0.436,1
"CCDC14",0.715357869994474,-0.293956155705695,0.048,0.06,1
"TAF11",0.71540547384292,0.141007910212887,0.157,0.148,1
"CINP",0.715638883533536,-0.152658956737304,0.037,0.034,1
"BIN3",0.715859435964153,-0.228666581381338,0.14,0.165,1
"SGMS1-AS1",0.715877416296286,0.991664120081133,0.02,0.014,1
"UBAC2",0.716141662596705,0.117869936984545,0.351,0.353,1
"FLOT2",0.716175610438635,-0.119552377122629,0.105,0.125,1
"LINC00571",0.716223285556972,0.596075255345771,0.01,0.006,1
"PEMT",0.716268594908038,0.533419937056522,0.024,0.02,1
"GNLY",0.716288365451468,-0.920531151757026,0.008,0.014,1
"CCT4",0.716295214225393,-0.140400778537073,0.436,0.484,1
"LYSMD2",0.716351054801384,0.104441359760167,0.335,0.35,1
"NELFA",0.716437875923552,0.152162244928026,0.134,0.137,1
"FAM50B",0.716441338932824,-0.636121016939998,0.011,0.017,1
"PARP8",0.716554179046209,0.159599859212607,0.416,0.425,1
"ZNF589",0.71679836887951,0.33510973415547,0.027,0.028,1
"MYO1D",0.716798777810132,0.273702529087475,0.078,0.071,1
"TENT4A",0.717110984215238,-0.137262188186367,0.107,0.14,1
"TWF1",0.717136398652336,0.19497763826913,0.194,0.205,1
"AKIP1",0.717242138615407,-0.645692757855805,0.02,0.028,1
"SPATA20",0.717535064867197,-0.864288614588944,0.006,0.011,1
"SLC25A53",0.71753772256913,-0.122405071520806,0.098,0.117,1
"NOL4L",0.717558913930342,-0.157486026304271,0.013,0.017,1
"PEX12",0.717682653349813,-0.383418140650635,0.006,0.011,1
"PM20D2",0.717730567703566,-0.430630989805371,0.024,0.034,1
"PRR13",0.717773547302056,0.178078875907941,0.385,0.399,1
"ATP2C1",0.718064151678189,-0.131231615774156,0.092,0.111,1
"EXO5",0.718139361195612,0.435841041790103,0.016,0.011,1
"DIP2B",0.718311602437573,-0.151904980252942,0.221,0.254,1
"SAMD1",0.718422184075588,-0.138433691484525,0.023,0.023,1
"ATP6V1F",0.718470184963575,0.102739004783631,0.457,0.496,1
"HYPK",0.718484898863421,0.372290330228177,0.064,0.068,1
"EMC2",0.718786284378742,-0.382934344287112,0.059,0.077,1
"ENSG00000289938",0.718818405840029,0.641610509874437,0.011,0.009,1
"CNOT9",0.719041205472433,-0.175258670728047,0.161,0.199,1
"TSC22D2",0.719122142540765,0.112645966571283,0.426,0.433,1
"ZNF273",0.719187996351167,-0.295845548436324,0.057,0.071,1
"EPB41L4A",0.719221651409555,0.541133093009073,0.011,0.009,1
"TNNI2",0.719266592521608,-0.295149789713859,0.008,0.014,1
"H2AC20",0.719293626239759,0.141272516633406,0.105,0.1,1
"IGHMBP2",0.719394039764004,-0.107654076117069,0.047,0.051,1
"ZNG1F",0.719415745337334,-0.884032186985467,0.016,0.026,1
"AIG1",0.719483796115594,0.531161343921223,0.031,0.026,1
"WASL",0.719551903565352,0.192507158054767,0.098,0.097,1
"MAPKBP1",0.719602676109021,-0.124690657285664,0.02,0.028,1
"BOLA3",0.719909789843377,0.808128675051866,0.01,0.006,1
"MRPL27",0.719949464194892,-0.152375603504386,0.124,0.145,1
"HNRNPD-DT",0.72006528211529,0.152479383217867,0.028,0.034,1
"ENSG00000260570",0.720082442988553,0.824424683913024,0.017,0.011,1
"CLPTM1",0.720125484515441,0.121858526993971,0.151,0.151,1
"TMEM97",0.720140739300954,1.2283100544378,0.01,0.006,1
"SYNE2",0.720244553310158,-0.22737364145641,0.147,0.171,1
"CNNM4",0.720256489366498,0.48742137075316,0.081,0.074,1
"NADK2",0.720304734309137,-0.204507307784743,0.033,0.046,1
"ACO1",0.720387549266662,-0.416615485151461,0.014,0.017,1
"TXN",0.720428652398421,-0.344240424869003,0.096,0.125,1
"PPOX",0.720579350808814,0.464404758802784,0.028,0.02,1
"SCARB1",0.720652124864046,0.468641100849752,0.025,0.02,1
"PPP2CB",0.720705748842926,0.311410201721332,0.089,0.085,1
"FKBP3",0.720787309967439,0.358865999159355,0.076,0.074,1
"PLGRKT",0.720957931406419,-0.364417115028253,0.04,0.054,1
"ENSG00000289319",0.721111352636395,0.242589777484683,0.023,0.031,1
"GPR180",0.721143708003462,-0.79644942571649,0.006,0.011,1
"MTHFD2L",0.721222132732274,-0.243410181167679,0.082,0.091,1
"VIM-AS1",0.72138500686869,-0.142653717102891,0.033,0.046,1
"RCN1",0.721559265437354,0.6286591615559,0.038,0.031,1
"GNG8",0.721598587694859,0.348718573821512,0.061,0.057,1
"C2orf74-DT",0.721750682104408,0.59128868150662,0.013,0.009,1
"SSRP1",0.72181026409297,0.28902958989808,0.12,0.125,1
"RPS6KC1",0.721837729550674,-0.283739368297829,0.059,0.071,1
"TOR2A",0.722386993823071,-0.525232161488988,0.021,0.031,1
"ENSG00000291203",0.722405743893404,-0.234791453891832,0.054,0.063,1
"DNAJC27-AS1",0.722430017966446,0.552195737487018,0.016,0.011,1
"CCT6P3",0.722680559519008,0.457150017183624,0.059,0.054,1
"USP18",0.722682257187797,-0.703069630301071,0.011,0.017,1
"GBP2",0.722750135913486,0.261199830173543,0.134,0.142,1
"LGMN",0.722835117507141,0.280026585619354,0.126,0.125,1
"BICRA",0.722845409015709,0.8328476888984,0.023,0.017,1
"H2BC15",0.723082704853117,-0.186570772790005,0.042,0.057,1
"ZNF579",0.72346029190238,-0.635630269363491,0.018,0.026,1
"TMEM231",0.723706027747647,0.106176111831509,0.02,0.026,1
"UTP20",0.723828194894942,0.104307557309479,0.068,0.066,1
"TRIM2",0.723938454978745,-0.613380235444333,0.011,0.011,1
"B4GALT6",0.72415353574959,-0.990370553379281,0.006,0.014,1
"DNAL1",0.724381967377063,0.16985488447938,0.027,0.026,1
"ENSG00000253853",0.724415848690392,0.114307298184227,0.013,0.009,1
"CTNNAL1",0.724431853161329,-0.353320017390944,0.042,0.054,1
"ENSG00000290459",0.724720491244168,0.860462799558676,0.014,0.009,1
"PRELID1",0.724849303358531,0.102913916721179,0.321,0.325,1
"RPAIN",0.724929808749854,0.128008777392625,0.205,0.202,1
"ENSG00000271204",0.724931222764591,0.295182642015766,0.023,0.017,1
"EDEM3",0.725021445055611,-0.389253295071151,0.081,0.103,1
"ZBTB14",0.725027288749,0.27518865481276,0.014,0.011,1
"LMNTD2",0.725111308102757,-0.79317903622033,0.016,0.023,1
"TRIQK",0.72526112551677,0.636549307799075,0.023,0.02,1
"ENSG00000274591",0.725432395169912,0.524807769626486,0.02,0.02,1
"IL18BP",0.725470720319559,-0.950586570268151,0.008,0.017,1
"NR2C1",0.726001024501445,-0.198415580388382,0.095,0.111,1
"BTBD6",0.726032879312387,-0.230178535730403,0.064,0.088,1
"TUBB2A",0.726164895655329,0.368668975274393,0.238,0.217,1
"ZNF785",0.726574383245177,-0.705742893606099,0.008,0.011,1
"ELL3",0.727108256190952,0.372240015908392,0.037,0.034,1
"GLG1",0.727125135982762,-0.1826500198514,0.18,0.199,1
"ENSG00000288820",0.727134039840495,-0.61579243099042,0.025,0.034,1
"RMDN2",0.727141790426354,1.46044680966023,0.014,0.011,1
"H2AC16",0.727282555383191,-0.28339235953139,0.023,0.028,1
"SFXN1",0.727433997462068,0.172237416818659,0.052,0.051,1
"PRDX2",0.727512027974544,0.337349096606185,0.021,0.026,1
"SEC61A2",0.7275354953745,0.152696688370334,0.059,0.057,1
"CD6",0.727569779751826,-0.911626366307738,0.014,0.014,1
"ENSG00000259001",0.727734431953403,0.270068873861641,0.031,0.037,1
"DYNC2I2",0.727804962305084,0.639699493155416,0.037,0.034,1
"GID4",0.727832479530109,-0.374214175594081,0.031,0.043,1
"MPST",0.727883361280141,0.117663890179542,0.034,0.043,1
"RNF14",0.727986069369269,-0.425949603525167,0.048,0.066,1
"ADAM23",0.728135979640516,-0.408177051889471,0.023,0.028,1
"PDCD2",0.728195795460093,0.238131613013801,0.102,0.1,1
"MGME1",0.72832503677802,0.544128024679146,0.04,0.031,1
"ASTL",0.728464253215656,0.515359597291488,0.013,0.014,1
"CCDC152",0.728572622696679,0.450520028678557,0.01,0.009,1
"CARD8",0.728629791713159,-0.132045855114383,0.117,0.142,1
"RMI2",0.728761072909615,-0.517356392294188,0.024,0.04,1
"PDAP1",0.728806295339543,-0.294178570351309,0.102,0.131,1
"EXO5-DT",0.728912847053125,-1.31177920280738,0.008,0.014,1
"KLHL12",0.728960321206006,0.630773395108137,0.041,0.034,1
"SMN1",0.729056465589349,-0.444096528573128,0.023,0.034,1
"ETNK2",0.729067747480997,-0.725617971058318,0.008,0.011,1
"PGAP3",0.72924051919031,0.30179850483387,0.033,0.031,1
"PLEKHO2",0.729736199393061,-0.173877415669587,0.05,0.063,1
"NAA80",0.729737533627328,-0.934702142406155,0.016,0.026,1
"ENSG00000273149",0.729772335986029,-0.405339339030418,0.047,0.06,1
"LINC01505",0.729919077785853,-1.41899953855303,0.016,0.023,1
"PRKCH",0.729954714962678,0.327521416421404,0.017,0.011,1
"MTERF1",0.730079622722777,0.222691428653477,0.044,0.037,1
"FAM120A",0.730113769330994,-0.106580793009191,0.098,0.125,1
"CD27-AS1",0.730567757837226,0.488212662225306,0.023,0.017,1
"ENSG00000254682",0.730690170572809,0.648480975195877,0.01,0.006,1
"CTSO",0.730704894085359,-0.312459076309606,0.018,0.017,1
"CTTNBP2NL",0.730709404233831,-0.293029988376122,0.023,0.031,1
"ARID3B",0.730722300410868,0.356940533840243,0.054,0.048,1
"GLT8D1",0.73092798012689,0.871877853356969,0.014,0.009,1
"FLAD1",0.731185514828872,0.103289662928048,0.065,0.063,1
"KIAA1586",0.731268955180581,0.12769799248645,0.068,0.066,1
"CRIP1",0.731276857078619,-0.106593904346473,0.805,0.821,1
"TGDS",0.731294459255865,-0.282428414885822,0.042,0.057,1
"NUMBL",0.731405089440466,-0.210920587840675,0.078,0.103,1
"IMP3",0.731498678969096,-0.185890135999935,0.204,0.251,1
"GNAL",0.731661699220503,-0.168446454938547,0.041,0.048,1
"GPSM2",0.731730372980356,-0.185795685764969,0.017,0.023,1
"STK40",0.731876388242443,-0.280551312404461,0.211,0.259,1
"PLEKHM1",0.731944853859477,-0.136343717966706,0.116,0.14,1
"FMC1",0.732001255148355,-0.176480716099136,0.037,0.037,1
"ABCB4",0.732013163086265,-0.204559933254371,0.105,0.128,1
"PLCE1",0.732038262757448,-0.6324845498875,0.008,0.014,1
"AAGAB",0.732043693473672,0.109078084251159,0.099,0.1,1
"CISD3",0.732282693322374,-0.74833500598227,0.01,0.017,1
"MPND",0.732358049531367,-0.47123084573457,0.011,0.02,1
"ENSG00000288934",0.732459682710541,-0.15476707845135,0.017,0.026,1
"ENSG00000278601",0.732653261309986,1.34048072096141,0.01,0.006,1
"SLC39A9",0.732835094489066,0.332725996349416,0.089,0.088,1
"PPME1",0.73287190090039,-0.553837176735283,0.033,0.046,1
"PIGB",0.732994810685812,-0.206824577554106,0.18,0.205,1
"ENSG00000289117",0.733017386776812,-0.607444100702452,0.011,0.02,1
"EFNA4",0.733173876006514,-0.149956371823822,0.025,0.034,1
"PLAG1",0.733331438930203,0.481252790777257,0.013,0.009,1
"DNAJC25",0.733761603230551,0.131568532452321,0.082,0.094,1
"RCHY1",0.734037244023283,-0.198209783308559,0.141,0.171,1
"MAPK8IP3",0.734088016527364,0.104496599811499,0.255,0.259,1
"ZNF286A",0.734148819753621,0.487500543868578,0.038,0.031,1
"ZNF879",0.734171593717019,-0.526743328109784,0.007,0.011,1
"TOP2A",0.734319879993246,0.219055758706297,0.047,0.04,1
"MYD88",0.734484120288948,-0.47551838854623,0.065,0.083,1
"MRPL30",0.734524577388088,0.157531406705077,0.054,0.057,1
"FKTN",0.734665394414515,-0.166955967772632,0.013,0.011,1
"ENSG00000259972",0.734723738074052,0.279893133339465,0.017,0.014,1
"TRIM3",0.734775840619412,0.165889422817035,0.02,0.026,1
"FBXL3",0.734857652363746,0.196317336743847,0.256,0.254,1
"ENSG00000288872",0.734869689803549,0.204365151566075,0.013,0.009,1
"LIN7C",0.73487638460206,-0.288145730931753,0.086,0.114,1
"BRPF1",0.734905672088991,0.166633665166342,0.035,0.034,1
"FADS3",0.735016696579509,-0.104661091073016,0.368,0.425,1
"CISD2",0.735049355915884,-0.123858187319996,0.204,0.219,1
"MUTYH",0.735086202966579,0.397232215785594,0.075,0.071,1
"BTBD19",0.735107267984729,-1.32352208088194,0.004,0.011,1
"C1S",0.735208652900505,-0.176745863329865,0.031,0.043,1
"WDPCP",0.735220607549859,-0.365441188027177,0.095,0.12,1
"KLHL42",0.735409398970603,-0.50815082511873,0.02,0.028,1
"GGACT",0.73555930841069,0.485965529179779,0.013,0.009,1
"MBLAC1",0.735826397712863,-0.668992020817541,0.007,0.011,1
"DGKI",0.735881618820679,-0.581304642946936,0.006,0.011,1
"ING5",0.735997538610594,0.142810787286886,0.123,0.117,1
"GATM",0.736016976680657,-0.610013676383938,0.021,0.031,1
"CCDC141",0.736068752630912,-0.410877362804131,0.027,0.037,1
"ATP5ME",0.73616091613644,-0.209223327534222,0.262,0.308,1
"C17orf100",0.736170509617871,0.648921767728346,0.01,0.006,1
"M6PR",0.736179804279336,-0.155555708585444,0.167,0.188,1
"SPCS3-AS1",0.736275898273706,-0.797374493500822,0.008,0.014,1
"BMF",0.736330058042507,0.539604464619598,0.031,0.026,1
"CUL9",0.736332134369408,-0.415787663739381,0.031,0.043,1
"ZCWPW1",0.736345627814647,0.322612166856819,0.03,0.026,1
"FGR",0.737047828019636,0.198097564912209,0.071,0.077,1
"LYRM7",0.737146529170263,-0.540175928667865,0.03,0.04,1
"ENSG00000290948",0.737187545540051,-0.299839860510915,0.025,0.026,1
"OCRL",0.737221124328325,0.602940989105106,0.01,0.006,1
"CRTAP",0.737224695475956,0.327146970557576,0.059,0.054,1
"LYSMD4",0.7372764628748,-0.730634061361995,0.007,0.014,1
"ENSG00000268584",0.737421232954616,-0.473883920821476,0.007,0.011,1
"STARD4",0.737449828090529,-0.133716480714293,0.054,0.068,1
"NAA40",0.737468584357226,0.335606554047821,0.035,0.037,1
"ABCB1",0.737566758236126,-0.1775377079704,0.045,0.057,1
"STYXL1",0.737857301954391,-0.292645245281145,0.02,0.028,1
"EEFSEC",0.737877992396472,0.273178066467005,0.089,0.091,1
"ZSCAN30",0.737906270158785,0.431550294278001,0.024,0.023,1
"ENSG00000223725",0.737957466234118,-0.320115517680231,0.031,0.037,1
"ABALON",0.738157192728222,-0.430805491970914,0.007,0.014,1
"ANKRD39",0.738295441390161,-0.113241399280393,0.044,0.057,1
"DTWD1",0.738416259964107,-0.148682845190259,0.041,0.043,1
"PEX5",0.738524062538103,-0.459712257111797,0.008,0.017,1
"NEDD1",0.738543063596584,-0.202732676645449,0.069,0.088,1
"ENSG00000289929",0.73865491838203,0.130002516485297,0.034,0.04,1
"DENND5B-AS1",0.738708454788498,-0.221408663645614,0.021,0.02,1
"CUEDC2",0.738723094948541,-0.167020977807919,0.071,0.088,1
"FLJ40194",0.738915087435821,-1.09807540980021,0.011,0.02,1
"VPS13B",0.73908961043682,-0.121331855844483,0.184,0.217,1
"PARP16",0.739098413867381,-0.181610875154752,0.027,0.023,1
"TRIM52-AS1",0.739498216106377,-0.16754149337711,0.071,0.071,1
"SIGIRR",0.739597752280103,-0.233637161150179,0.078,0.094,1
"COQ2",0.739804704110134,0.269796179532472,0.095,0.088,1
"SLC2A11",0.740086431839905,-0.360731617242387,0.052,0.074,1
"RCL1",0.740132270485857,0.224589536904497,0.115,0.105,1
"FHIP2B",0.740139030700501,-0.462552940241525,0.04,0.057,1
"BMP8A",0.740319557743235,-0.426230776693406,0.016,0.02,1
"ENSG00000289159",0.740369449372315,1.28724613270441,0.018,0.011,1
"VILL",0.740399721988029,-0.432451187673712,0.016,0.023,1
"ZNF746",0.740410513460133,0.175021283136895,0.071,0.068,1
"SDCBP2-AS1",0.740488163976103,-0.34333057957173,0.037,0.051,1
"ENSG00000241490",0.740691202567416,-0.194723468184991,0.034,0.046,1
"UEVLD",0.74074068573744,-0.289312812381284,0.031,0.043,1
"HSPBP1",0.74075197705926,-0.208002619766255,0.075,0.083,1
"SLC35E2B",0.740754764247061,0.167575109234436,0.04,0.034,1
"RPP14",0.740832903857264,-0.62485962650891,0.028,0.04,1
"C16orf46",0.740921245432813,0.485033701516071,0.052,0.046,1
"SNX20",0.741334959294639,0.454316199597399,0.048,0.043,1
"SPIN2B",0.741388057642264,0.461581798949754,0.016,0.011,1
"ALDOA",0.741430501723361,-0.117341009555974,0.383,0.442,1
"ZNF433-AS1",0.741441617707796,-0.262867006927554,0.149,0.179,1
"PIGV",0.74146506087283,0.779986354810356,0.013,0.009,1
"TTC39B",0.741492117794786,-0.45633809655719,0.018,0.026,1
"MBNL1-AS1",0.741538938413235,-0.168413252329732,0.017,0.02,1
"CCND2",0.741621284144318,0.138351944118114,0.099,0.103,1
"PRIMPOL",0.741662336272041,-0.534841933547489,0.013,0.011,1
"CAPRIN1",0.74168856836856,0.107329031999734,0.218,0.219,1
"LINC01089",0.741755468897346,-0.125799160137767,0.035,0.048,1
"LRRC1",0.741778857026474,-0.264289462061248,0.014,0.023,1
"ENSG00000287378",0.741929153343146,-0.129966561751299,0.042,0.057,1
"ZNF557",0.742069103938393,0.468416683651088,0.038,0.037,1
"DIRAS1",0.742093014370873,0.68969273439344,0.054,0.043,1
"CASP10",0.742159133814072,-0.53565721367339,0.035,0.048,1
"DCAF17",0.742315321849313,-0.24968855748623,0.018,0.023,1
"ENSG00000224746",0.742609826850807,-0.351748522288823,0.007,0.011,1
"HSD17B1",0.742856623055279,-0.713017679163338,0.008,0.014,1
"MAD2L1BP",0.743086369316786,0.154749207572923,0.15,0.154,1
"ATRAID",0.743155419042477,-0.185770293841579,0.096,0.103,1
"KCMF1",0.743175086848221,-0.154184082406797,0.26,0.302,1
"CBLN3",0.74332092842093,-0.63406097341162,0.011,0.017,1
"PPP1R12B",0.74332740434784,0.188174048121794,0.03,0.028,1
"CREBL2",0.74365986272222,0.5460182145599,0.052,0.048,1
"ENSG00000255321",0.74383408282199,-0.725167948802972,0.007,0.014,1
"GPR183",0.743869393995913,-0.147941109744406,0.641,0.704,1
"ZMYM5",0.743922647215893,0.177892985992167,0.168,0.168,1
"EHD4",0.743937719680009,-0.21958590094571,0.124,0.151,1
"REEP3",0.74395409872637,-0.422322794654392,0.069,0.091,1
"PARP3",0.744069764157451,0.803670694003944,0.01,0.006,1
"IDH3A",0.744139495235652,0.131232252604505,0.132,0.131,1
"FBXW8",0.744318220343044,0.144386178161375,0.042,0.04,1
"CCDC146",0.744531581257875,0.345995537583461,0.018,0.017,1
"B4GALT4-AS1",0.744945674645774,-1.54553803402048,0.006,0.011,1
"COQ5",0.744988471376872,-0.417371936763074,0.021,0.02,1
"NAAA",0.745013945799033,0.147371422327875,0.042,0.051,1
"ANKRD26",0.745054432769482,-0.133776046410049,0.04,0.054,1
"WDR81",0.74514550651994,0.287112338264007,0.024,0.02,1
"SLC3A1",0.745147902032407,-0.944199549906176,0.011,0.02,1
"UBL7-DT",0.7451942493629,0.539701849111211,0.021,0.017,1
"LNPEP",0.745236973990513,0.113243571401487,0.243,0.254,1
"DGCR8",0.745375109970777,0.188356103015404,0.024,0.028,1
"ZNF100",0.74558405896801,0.129296312816443,0.119,0.12,1
"H1-5",0.745586717032955,-0.192882590309478,0.011,0.017,1
"RALBP1",0.745675635108044,-0.278901640999127,0.157,0.191,1
"PCBP1-AS1",0.745902152346047,-0.214149100457255,0.119,0.137,1
"BCL2L2",0.745985770646276,-0.754944163872105,0.007,0.014,1
"ERG28",0.74606104219477,-0.376251557974157,0.035,0.051,1
"AHR",0.746192908780674,0.200164220790414,0.13,0.125,1
"UNC5D",0.746277197267778,-0.47476679767048,0.008,0.017,1
"CHST7",0.746324083786597,0.120328648207132,0.01,0.011,1
"ILF3-DT",0.746675952890383,-0.35038522691771,0.047,0.057,1
"ENSG00000287124",0.746893852747709,-0.138699158002765,0.048,0.063,1
"SPIB",0.74689861354724,-0.111143482608144,0.641,0.692,1
"FAM185A",0.747140676634804,0.719253808806823,0.014,0.011,1
"CPEB3",0.747145086588206,0.123894618081701,0.04,0.043,1
"ENSG00000235852",0.747439581711716,1.29101736073393,0.01,0.006,1
"PDE2A-AS2",0.747959123563775,-0.386395672747468,0.008,0.014,1
"EPS15L1",0.748032538667356,-0.398207288853933,0.095,0.108,1
"IFT74",0.74812102470022,-0.592666994943662,0.033,0.046,1
"SLC25A43",0.748153995777484,0.152185819736477,0.028,0.026,1
"CETP",0.748223648927838,-0.769433508700374,0.01,0.017,1
"CCDC106",0.748379231114287,-0.355264679804048,0.028,0.043,1
"REPS2",0.74846248745233,0.577053677883392,0.014,0.009,1
"HDAC4-AS1",0.748905459336355,-0.506501676935574,0.013,0.017,1
"ENSG00000287644",0.748944040128826,1.44357957602243,0.01,0.006,1
"ALKBH2",0.749141205437176,0.66922391843331,0.027,0.026,1
"TAOK3",0.749553189812748,0.133642818324992,0.218,0.222,1
"CROCC",0.74958756272345,-0.171258817143945,0.045,0.063,1
"DECR1",0.749836596064841,-0.321397033608248,0.095,0.117,1
"PTER",0.749877072351788,0.588086506397513,0.023,0.017,1
"CPM",0.750201863003055,0.262719457181585,0.028,0.037,1
"NOTCH2NLC",0.750203751457073,0.322464096780207,0.086,0.085,1
"ZNF189",0.750386412930374,-0.1471152414706,0.062,0.071,1
"HCG11",0.750486393646089,-0.280099382119468,0.014,0.017,1
"ENSG00000285612",0.7505200196066,0.110522158548103,0.059,0.057,1
"CRACR2A",0.750555103350963,0.142634465454623,0.023,0.023,1
"DXO",0.750611758382651,0.476633274880288,0.058,0.051,1
"BTN3A3",0.750665371461027,0.204630937149256,0.059,0.063,1
"C2orf69",0.751068938617282,0.146894794021685,0.091,0.091,1
"SIRT3",0.751081219860424,-0.32787639904312,0.027,0.034,1
"CCDC39",0.7510946657147,1.43440850422957,0.01,0.006,1
"ZNF598",0.751270297581804,-0.136980590988475,0.058,0.071,1
"HIKESHI",0.751361672819176,-0.394174594970853,0.069,0.088,1
"NUDT14",0.751475309452454,-0.349098217000014,0.023,0.034,1
"PIAS3",0.751677806339503,0.149036024250153,0.025,0.023,1
"PER2",0.751806270956316,-0.413639666500849,0.066,0.094,1
"SBNO1-AS1",0.751846778531353,0.100689862836442,0.028,0.034,1
"ARL3",0.75190632153348,-0.189021103709532,0.042,0.057,1
"GATAD2B",0.752098250569992,-0.133564138478105,0.252,0.299,1
"IGKV1-27",0.752836787431277,-0.544196756515137,0.014,0.02,1
"PRKG1",0.752900669511974,-0.312602616138456,0.007,0.011,1
"ERI1",0.75296109659598,-0.358608572755388,0.033,0.037,1
"CCDC61",0.753111383302585,-1.21809586970566,0.007,0.011,1
"MSH3",0.753116380573616,0.272735380958984,0.048,0.043,1
"EIF3J-DT",0.753144904183741,0.614516832120521,0.027,0.023,1
"IL12A",0.753198121978456,0.846644781601055,0.016,0.009,1
"TTC21A",0.753320569091251,-0.268136864408041,0.03,0.026,1
"MRPL33",0.753391306188109,-0.107486167052144,0.208,0.242,1
"RBMX2",0.753467416646483,-0.294235001820046,0.034,0.051,1
"C18orf25",0.753503354414437,0.282445703900407,0.164,0.162,1
"WDR89",0.753583636143817,0.156691096963747,0.045,0.04,1
"MRPL19",0.753627108436166,-0.413483544688183,0.059,0.071,1
"C14orf119",0.753655673028503,-0.139319813888729,0.167,0.205,1
"LIPE-AS1",0.753769776440839,0.64712544043721,0.027,0.026,1
"ACBD3-AS1",0.753874758900497,0.390752197526342,0.02,0.017,1
"PPIL2",0.75388819515395,-0.189032723839267,0.072,0.08,1
"KPNB1-DT",0.753900403786925,0.484780369100268,0.024,0.02,1
"TXN2",0.754001763846986,-0.323917969942095,0.082,0.108,1
"GLRX5",0.754024049196353,-0.169503742200434,0.143,0.177,1
"CCNY-AS1",0.754062017621297,-0.346495740602148,0.011,0.02,1
"ENSG00000272540",0.754312994591589,-0.629800718058773,0.007,0.014,1
"ATXN7L3-AS1",0.754324032558361,-0.460748829074758,0.023,0.031,1
"DDA1",0.754329648532789,0.116132927418988,0.165,0.165,1
"ANTKMT",0.75434562582951,-0.414143276159496,0.037,0.048,1
"FTSJ3",0.754597734909014,-0.125502594229696,0.072,0.097,1
"FIP1L1",0.754601985370814,-0.116292404817405,0.259,0.276,1
"SCRN1",0.754642339775517,-0.244390979855766,0.027,0.037,1
"MPV17",0.75477263653078,-0.283904177765945,0.055,0.074,1
"FCGR2B",0.754827053938886,0.254615025835709,0.078,0.071,1
"CEP192",0.754843474976307,0.110578917166917,0.061,0.06,1
"GEMIN7",0.754964780912832,0.161349938161195,0.107,0.111,1
"ADGRV1",0.755106500945939,0.419924482493894,0.01,0.006,1
"ENSG00000276232",0.755357798345148,-0.981177352129481,0.007,0.011,1
"TWNK",0.755388985897809,0.2879604918269,0.02,0.014,1
"NUP50",0.755418492397175,0.196560685872724,0.141,0.137,1
"HLA-DOA",0.755505021550719,0.160762059598401,0.115,0.125,1
"TRPS1",0.755663921283456,0.194499469285124,0.074,0.071,1
"CLYBL",0.755881560684294,-0.55071994721986,0.011,0.02,1
"C7orf25",0.755887068516083,-1.19511221913476,0.006,0.011,1
"ENSG00000290737",0.75592958636367,-0.505377571203755,0.018,0.028,1
"RFT1",0.755936567456834,-0.197686997023625,0.024,0.028,1
"ENSG00000278743",0.756175330109553,-0.313693266655719,0.044,0.054,1
"EDRF1",0.756254825619043,0.220187594733865,0.092,0.088,1
"NCAPH2",0.756395633343532,0.10136371390788,0.093,0.091,1
"WDR49",0.756429747723739,0.37069858482308,0.016,0.014,1
"ZNF486",0.756476566301027,-0.238362150173004,0.033,0.043,1
"ABHD10",0.756490654731288,-0.588371305234157,0.028,0.043,1
"SH3BP2",0.756638869250503,0.143924023112398,0.071,0.083,1
"GPR89A",0.756821558287768,0.113305054098703,0.076,0.077,1
"ZNF8-DT",0.756845640318529,0.315925578549232,0.017,0.014,1
"STAMBP",0.756973844216353,0.128836534424251,0.074,0.077,1
"TBK1",0.757165623347899,-0.203256077241032,0.14,0.162,1
"ANKRD13D",0.757441410759125,-0.142009339300639,0.041,0.046,1
"USP30",0.757763267789908,0.540454301719212,0.024,0.026,1
"SPSB3",0.7578652105695,0.123184174981387,0.239,0.242,1
"ENSG00000258891",0.75801093320583,0.152362210944416,0.025,0.031,1
"SH3D21",0.758061438918364,0.995565474112344,0.014,0.009,1
"SLC29A2",0.758159889848249,-0.783283746052692,0.008,0.014,1
"ZWILCH",0.758178291706081,-0.837912806977021,0.02,0.028,1
"GAS2",0.758386292394097,0.382170327336595,0.013,0.009,1
"PCED1B-AS1",0.75862755984316,0.103986583852928,0.133,0.123,1
"PAX8-AS1",0.758646590821228,-0.673945666689321,0.02,0.028,1
"SLC39A6",0.758734042864255,0.252554444352886,0.058,0.054,1
"TRMT2B",0.758905083474672,-0.615332799458709,0.024,0.034,1
"ABHD6",0.759296850486177,-0.421961996791373,0.023,0.031,1
"DROSHA",0.759519927469727,-0.659231686086308,0.033,0.043,1
"KRBA1",0.759641856700426,0.835886828363554,0.016,0.011,1
"CBY1",0.759846943489429,-0.152613937008838,0.013,0.017,1
"SGSH",0.76028597170141,-0.236794511877659,0.045,0.048,1
"PTDSS1",0.760287154946813,-0.156015873989836,0.201,0.239,1
"USP3-AS1",0.760315513989452,-0.263138536514666,0.083,0.105,1
"ENSG00000227741",0.760352772543138,0.822103311865791,0.01,0.006,1
"RAB34",0.760391423136755,-0.606924507546768,0.014,0.02,1
"ZNF543",0.76059061550347,0.576358023885466,0.03,0.028,1
"CARNMT1",0.760803273207855,0.518382074975724,0.03,0.026,1
"LINC01890",0.760855802034888,0.106842470535474,0.01,0.011,1
"IDI2-AS1",0.760999345482388,-0.725768498417998,0.023,0.031,1
"MAST4",0.761133736645261,-0.146059988711432,0.034,0.04,1
"KCNK12",0.761186522472883,-1.30266690809432,0.006,0.011,1
"DSTYK",0.761264568070665,-0.374724824674006,0.028,0.04,1
"ENSG00000286145",0.761330028809929,-0.277395262091732,0.132,0.16,1
"EOGT",0.761357473009392,0.882400505772882,0.016,0.014,1
"MAP3K20",0.761688729528665,0.268137897163232,0.02,0.017,1
"MPP1",0.761759412293836,-0.706636041716216,0.011,0.02,1
"MSANTD3",0.76197028297579,0.613649068553493,0.018,0.014,1
"RBL1",0.762041936632178,0.40156242930015,0.034,0.028,1
"ZNF547",0.762294492386921,0.370338339239427,0.031,0.028,1
"LSM10",0.762329959708251,-0.245122142012917,0.139,0.171,1
"TAGAP-AS1",0.762337314324706,-0.212733682778046,0.151,0.165,1
"CARMIL1",0.762366295136138,0.335184587596932,0.023,0.023,1
"ARHGEF35",0.762449659102315,-0.62345010685587,0.006,0.011,1
"CTDSP1",0.762633275513276,-0.355361813193227,0.099,0.125,1
"SPG21",0.762637892977961,-0.211345270725997,0.144,0.177,1
"KCTD2",0.762650207651503,0.650210974165335,0.021,0.017,1
"TLR9",0.762669296879746,-1.55452454660349,0.007,0.014,1
"PRR3",0.762867530128752,-0.471470580195326,0.038,0.051,1
"ENSG00000290927",0.762881892000186,0.328059967008697,0.116,0.123,1
"ABL1",0.763104139852561,-0.265097966369165,0.041,0.054,1
"ENSG00000250751",0.763125383454965,-0.503901429777128,0.008,0.017,1
"RNF212",0.76313447470414,-0.468502065696202,0.007,0.011,1
"ENSG00000272918",0.763201764946343,0.100805858204444,0.027,0.028,1
"NBL1",0.763277301397866,-0.591216938686782,0.028,0.043,1
"STAG3L5P",0.763299644411819,-0.242994995271095,0.324,0.382,1
"GEMIN4",0.763345669177409,0.200215250302812,0.071,0.074,1
"SRPRB",0.763429391621617,-0.316368924885905,0.091,0.12,1
"PGGHG",0.76349285822166,-0.19684643677048,0.062,0.074,1
"MRNIP",0.763811988882602,-0.156028006769207,0.058,0.068,1
"COPS2",0.763949300749322,0.102303119099672,0.306,0.311,1
"ZNF431",0.764178727403148,-0.153043106490515,0.174,0.211,1
"WASH6P",0.764185194398562,-0.314773947886637,0.013,0.02,1
"MEGF8",0.764259004140986,-0.999852609668356,0.007,0.011,1
"RIT1",0.76430407501384,0.126308511460833,0.197,0.194,1
"DPYSL2",0.76435009901997,-0.172067244031507,0.011,0.017,1
"CSKMT",0.764407958392349,0.122566835252826,0.072,0.088,1
"ANTXR2",0.764933029616425,0.104307916869411,0.132,0.128,1
"KCNQ1OT1",0.76494772548195,0.413094453150566,0.044,0.04,1
"SLC25A4",0.765040427372328,0.133902127917536,0.085,0.085,1
"NFIC",0.765129947847872,0.321529379239739,0.052,0.048,1
"ZFP3",0.765187372985448,0.653029882846959,0.023,0.017,1
"ANXA5",0.76519867393576,-0.192269055056882,0.229,0.276,1
"IMPACT",0.765300637961862,-0.688747688798979,0.017,0.026,1
"ENSG00000265943",0.765413147907362,0.508551143711983,0.011,0.009,1
"ADD3",0.765498800378839,0.192583872029634,0.253,0.245,1
"JADE3",0.765543443783642,-0.173235801929001,0.034,0.034,1
"MICU3",0.76558692218579,0.408751651397292,0.068,0.066,1
"WDR4",0.765677350215799,-0.280563368505371,0.071,0.085,1
"C19orf25",0.765780705179871,-0.295392746995353,0.075,0.077,1
"NPIPA9",0.766136412348832,-1.08930294905907,0.007,0.011,1
"LDLR",0.766149168205181,0.81844458053115,0.018,0.014,1
"ACTR3C",0.766829810805923,-0.263518210485739,0.021,0.017,1
"IAH1",0.767013970221119,-0.272475617394579,0.064,0.071,1
"SLC12A2-DT",0.7670675605134,0.200282943887934,0.04,0.034,1
"PRKACA",0.767118100979946,0.5937235969566,0.034,0.028,1
"CACFD1",0.767177456701653,-0.390089495361789,0.044,0.051,1
"TRAPPC4",0.767194571394993,0.155429824752279,0.207,0.205,1
"PIGK",0.767316211518552,0.279190266538646,0.139,0.148,1
"ZCRB1",0.767345725220032,-0.173426019464446,0.098,0.111,1
"IGF1R",0.76755943122178,0.311676328363288,0.066,0.063,1
"BRD9",0.767648321121558,0.123602356114903,0.088,0.088,1
"BCKDK",0.767732139108141,-0.51057441299197,0.031,0.046,1
"MIPEP",0.767859134311544,-0.117549045750689,0.011,0.017,1
"CENPH",0.767881617242492,0.529116732731469,0.021,0.017,1
"NOD1",0.767897556253511,-0.141490105396701,0.031,0.031,1
"HCFC2",0.76790029000038,0.175664445165759,0.064,0.063,1
"SV2C",0.768048842189335,0.118326194128406,0.065,0.074,1
"DEPDC5",0.768068628272435,-0.480776138485489,0.031,0.048,1
"TAF12-DT",0.768199234761445,0.7085694060974,0.014,0.011,1
"CEP44",0.768253822682562,-0.537812866288014,0.018,0.023,1
"PAPSS1",0.768372602097925,-0.252127856561221,0.04,0.054,1
"BAK1",0.768384640224971,0.120156473297056,0.1,0.103,1
"RNF11",0.76841230613252,0.134917014258843,0.184,0.185,1
"FOXJ1",0.768427883478896,-0.122362052895105,0.023,0.028,1
"ENSG00000287608",0.768532107370401,-0.386756803671608,0.013,0.02,1
"PPP3R1",0.769059619957647,0.155987554574425,0.249,0.254,1
"SCIMP",0.769078749010655,-0.264955840876908,0.034,0.046,1
"ZNF726",0.769080807419676,-0.156821049759554,0.01,0.014,1
"TRAPPC14",0.769099899203504,-0.290364824273919,0.083,0.1,1
"TMEM256",0.769216762988481,0.24384750848539,0.167,0.16,1
"VPS72",0.769392022493829,0.128043760801581,0.061,0.063,1
"ZFP28",0.769485354529415,-0.871882203848269,0.006,0.014,1
"CIAO2A",0.769563637420113,-0.149879350183736,0.143,0.168,1
"ATG101",0.769833771903853,0.207782502527449,0.263,0.256,1
"LSAMP",0.769867434076516,0.266604729402279,0.069,0.066,1
"SMPD1",0.770330642492558,-0.44365468748904,0.03,0.043,1
"FRMD8",0.770828403656578,0.367922965946227,0.078,0.077,1
"RNF111",0.771279617429656,-0.143937536011905,0.207,0.242,1
"ENSG00000257342",0.771301018440288,0.60618464256773,0.018,0.014,1
"HLA-DQB2",0.771378765620694,0.442695302971146,0.086,0.08,1
"FAM20B",0.771478018341436,-0.119100493549242,0.065,0.083,1
"ROGDI",0.771676453413224,-0.292051986216802,0.017,0.026,1
"UBL4A",0.771872614689992,-0.30266626904449,0.021,0.031,1
"C9orf64",0.771938517647321,0.84030397151329,0.01,0.006,1
"MDH1",0.772182620505098,-0.122696062221118,0.175,0.194,1
"PCCB",0.772411227314715,-0.102485677169384,0.037,0.037,1
"RNF26",0.772446587397251,-0.124333622459122,0.023,0.031,1
"ENSG00000286803",0.772446848746678,-0.393329672535284,0.016,0.017,1
"UBAC2-AS1",0.772595573615743,1.04748627834788,0.021,0.017,1
"CHRNE",0.772832560725277,-0.579463181707858,0.028,0.04,1
"MRI1",0.772850581745226,-0.45154600094653,0.018,0.026,1
"EARS2",0.773014709702124,-0.976753197477315,0.008,0.014,1
"ENSG00000230735",0.773238969548618,0.248761586662692,0.013,0.009,1
"TSPAN32",0.773635878378119,-0.19658197642755,0.038,0.046,1
"EFCAB13",0.77372651600721,0.150216570397213,0.052,0.054,1
"GPANK1",0.773869872676058,0.297134064804697,0.065,0.06,1
"ABAT",0.773964443796132,0.272330710938617,0.033,0.034,1
"DENND3",0.774163044076476,0.113562952880787,0.229,0.234,1
"ALG12",0.774281531086531,-0.161366086827071,0.034,0.048,1
"ENSG00000267605",0.774308896203586,0.550626635235764,0.014,0.011,1
"ANKRD17-DT",0.774483009966703,1.04609719582106,0.01,0.006,1
"BAG5",0.774635212328185,0.117030206990445,0.184,0.182,1
"TRMT11",0.774958840188307,0.241353838351325,0.058,0.054,1
"ATAD5",0.774970460801971,0.443595066067349,0.025,0.023,1
"CCZ1B",0.775104436488479,0.468566049806475,0.042,0.037,1
"MYH11",0.77511456695533,-0.60481486866208,0.013,0.02,1
"TALDO1",0.775683619561358,-0.281437782293223,0.106,0.125,1
"NUCB1",0.77571449396847,-0.156169716171392,0.071,0.085,1
"PTGIR",0.775792017116634,-1.49314685685116,0.007,0.011,1
"PTPRS",0.776058863263832,-0.601364993282607,0.014,0.02,1
"FRS2",0.776079883967861,-0.101908046509468,0.161,0.182,1
"PXMP2",0.776082671893323,0.41307953696427,0.013,0.009,1
"UPRT",0.776122494060958,0.140493360520171,0.064,0.06,1
"ZNF786",0.77649164132875,-0.971581386220086,0.008,0.017,1
"ARFRP1",0.776786108590295,-0.22467949196457,0.037,0.051,1
"CRYBG3",0.776876969615532,-0.718411015958467,0.024,0.028,1
"REEP4",0.776914376294813,0.253989565033264,0.03,0.028,1
"ELMOD3",0.776952778507519,0.775114281703685,0.034,0.031,1
"MRPS26",0.777028724679411,0.128194622135822,0.156,0.16,1
"THUMPD3",0.777226867821344,-0.334140295194737,0.05,0.063,1
"ATL1",0.777304036147014,-0.861747011748046,0.011,0.017,1
"TIGD1",0.777692568635361,0.200365678983014,0.016,0.02,1
"LINC00174",0.777716816872176,-0.217524038129937,0.024,0.026,1
"WDR83",0.777871218405607,-0.170255685597868,0.042,0.04,1
"MRPL23",0.777924637676593,0.408821083457774,0.064,0.066,1
"CHST2",0.77796609780508,-0.763185107970551,0.02,0.017,1
"ZNF862",0.778073585346214,-0.176102905612121,0.034,0.046,1
"VPS26C",0.778559349296378,-0.191001317579838,0.095,0.12,1
"BTG2-DT",0.778640250004365,-0.169930882373555,0.01,0.009,1
"GATAD1",0.778660182802387,-0.320713211759536,0.045,0.054,1
"CYB5R4",0.778701125073131,0.118348059491654,0.204,0.208,1
"PIDD1",0.779061231247762,-0.594493150780153,0.021,0.023,1
"SLC39A4",0.779183265957139,-0.941333670392943,0.013,0.023,1
"TEX14",0.779375478331765,0.21442446509723,0.05,0.057,1
"SMG8",0.779462908182217,-0.508239024398807,0.013,0.02,1
"GINS4",0.77949091616744,0.523629431984924,0.028,0.023,1
"PPIP5K1",0.779629895367911,-0.775794773367668,0.011,0.017,1
"ZBTB6",0.779694226851343,0.211967097832821,0.051,0.051,1
"USPL1",0.779741283284527,0.218400567283587,0.25,0.254,1
"KIF2A",0.779904353912391,0.129820812420629,0.256,0.265,1
"TRAM2",0.780041095034517,-0.533615546863538,0.013,0.017,1
"MEAF6",0.780086682582032,-0.24496953065581,0.133,0.168,1
"ZSCAN21",0.78019845743644,0.724693593980813,0.025,0.02,1
"SNX30",0.780298669602786,-0.257450497274386,0.033,0.04,1
"C8orf44",0.780421852925663,0.67483630538322,0.027,0.028,1
"RBX1",0.78049121720008,-0.111000437444172,0.385,0.442,1
"GFOD2",0.780684362794315,-0.49274744105726,0.024,0.034,1
"CHP1",0.781002531365087,0.105595459198002,0.085,0.08,1
"MPG",0.781044831395596,-0.141324116365038,0.074,0.088,1
"AIDA",0.781619364257432,0.174279399707907,0.129,0.14,1
"RBM15",0.781622068974243,-0.114248764342136,0.099,0.117,1
"ZFTA",0.781956745751122,-0.464151602548212,0.008,0.014,1
"DAG1",0.781996625342253,-0.304472285324447,0.023,0.031,1
"TUBGCP4",0.782077357606855,-0.132064793744087,0.027,0.031,1
"ANKRD27",0.782085502429772,-0.526145229959869,0.054,0.066,1
"GCDH",0.782362879631622,-0.349782207557883,0.085,0.108,1
"WSB2",0.782371633279877,-0.445041054709514,0.027,0.037,1
"THOC7",0.782373218919842,0.127839853432719,0.062,0.068,1
"NELFB",0.782447432068078,-0.293921113112634,0.05,0.063,1
"COPS7A",0.782571998744,-0.37973239615687,0.04,0.048,1
"RUVBL2",0.782603281898475,-0.232807492619417,0.059,0.071,1
"ZNF831",0.782683108407244,0.606414130348848,0.013,0.009,1
"CD5",0.782888470757403,-0.282861362530693,0.069,0.085,1
"TRABD2A",0.782930538789173,0.438900484006533,0.017,0.02,1
"CXXC5-AS1",0.783011651681005,-0.578782009115979,0.011,0.014,1
"CPQ",0.783166129704546,-0.224122217416316,0.037,0.046,1
"NICN1",0.783219781196944,-1.50530665301426,0.011,0.017,1
"SGMS1",0.783300787450554,-0.125717035253239,0.141,0.16,1
"CAPN2",0.783451268521402,0.394644313572322,0.047,0.043,1
"HPRT1",0.783823460740971,-0.119232880053161,0.122,0.142,1
"PIGU",0.784029209353844,-0.589383927938865,0.023,0.023,1
"VWA8",0.784029583752658,-0.334531863037021,0.028,0.031,1
"ZNF225",0.784162796052296,0.274048384954182,0.01,0.009,1
"KNTC1",0.784178842108251,-0.442939624598323,0.017,0.014,1
"RND1",0.784391854421119,0.147455956679027,0.116,0.117,1
"VAMP2",0.784807038482014,0.122096633345458,0.472,0.479,1
"VKORC1L1",0.784827453363571,-0.254007801721646,0.038,0.051,1
"HCST",0.785072392784147,0.154132470604623,0.089,0.091,1
"ENSG00000285999",0.785254205312484,-0.328774868949478,0.014,0.023,1
"ARL6IP6",0.785402720250985,-0.155365812241706,0.115,0.137,1
"AP4S1",0.785467047948627,0.146925378538387,0.054,0.051,1
"MACC1",0.785625601659833,-0.115374959834327,0.01,0.014,1
"ENSG00000273456",0.785778568012574,0.906633451091905,0.014,0.009,1
"GMNN",0.785848879157241,-0.271024278781775,0.062,0.071,1
"H4C16",0.785853602839214,0.254669034545472,0.058,0.054,1
"GRAMD4",0.78598813334333,-0.227461665543152,0.064,0.085,1
"ORC6",0.785999419737294,0.283551007312025,0.03,0.026,1
"NEDD8",0.786011450118216,0.150770327284937,0.161,0.16,1
"ZNF525",0.786011895574663,0.606777408682532,0.038,0.037,1
"RUSF1",0.786138626359021,0.238663023945998,0.033,0.026,1
"TXNRD1",0.786273442889081,-0.158523152733267,0.293,0.336,1
"SLC39A13-AS1",0.786291452496035,1.30015202780623,0.014,0.009,1
"CAMSAP1",0.786315988461892,-0.241312267606437,0.021,0.028,1
"ZNF586",0.786411626667268,-0.186497168832908,0.129,0.157,1
"ENSG00000290043",0.786620109149895,-0.769600807203609,0.01,0.014,1
"ZNF84",0.786648736058476,-0.133296447582974,0.079,0.097,1
"INPPL1",0.786683806400243,-0.336755581412316,0.044,0.054,1
"ESYT2",0.786806844726289,-0.131477091499558,0.513,0.57,1
"SLC27A5",0.786871891945184,0.349163176297148,0.018,0.014,1
"USB1",0.786975301593971,-0.159448567597424,0.038,0.043,1
"DIAPH2",0.787136874058838,-0.200955762898389,0.119,0.131,1
"NKIRAS1",0.787321302976524,0.152981481016708,0.047,0.048,1
"TSR1",0.787357424784598,-0.116146153235828,0.119,0.137,1
"ENSG00000231873",0.787472566001997,0.138488268300101,0.025,0.028,1
"TIMM29",0.787545441139343,0.25636821109408,0.038,0.037,1
"ZNF839",0.787659345657866,0.410582157699211,0.013,0.011,1
"NFE2L1",0.787729002478415,-0.253625284117491,0.044,0.051,1
"SCO2",0.787742114362256,-0.428176380400884,0.065,0.088,1
"LHFPL2",0.787836626224817,-0.220080118337396,0.024,0.034,1
"FAAP20",0.788355149590899,-0.100899833034121,0.154,0.162,1
"LCORL",0.78850955700729,-0.201042006319724,0.158,0.188,1
"IPO11",0.788575581612479,-0.144617429094973,0.068,0.083,1
"ENSG00000284052",0.788591566480303,-0.366456235407429,0.027,0.04,1
"SLC38A5",0.788987831917852,0.247988907342117,0.013,0.011,1
"NEIL2",0.789085195680669,-0.320716755242071,0.024,0.023,1
"PIK3C2A",0.789395406226404,0.177216853669628,0.163,0.162,1
"NIPSNAP1",0.789485637115381,-0.73550667427538,0.016,0.023,1
"IGHV4-59",0.789543010471022,0.282450190911542,0.064,0.06,1
"FECH",0.789604486833594,0.299496690691714,0.011,0.009,1
"CCDC7",0.789691233052033,1.1363571600286,0.02,0.017,1
"ENSG00000227598",0.789847234414625,0.582956947674732,0.016,0.011,1
"HLA-F-AS1",0.789868951515142,-0.771751617258339,0.023,0.031,1
"ANAPC15",0.790024339781046,-0.398321521025186,0.057,0.071,1
"TADA2B",0.790028769982624,-0.16451985494864,0.042,0.046,1
"ZNF232-AS1",0.790686683888963,-0.384063711534967,0.025,0.031,1
"TANC2",0.790689672804161,0.452192125559663,0.059,0.054,1
"ZSCAN9",0.790771498092673,0.468842628845962,0.035,0.031,1
"SMYD5",0.790788568414807,-0.240689384046855,0.031,0.028,1
"CERS5",0.790801611543954,0.247458250464266,0.079,0.08,1
"SLC25A13",0.790886212732309,-0.111697350911723,0.062,0.083,1
"OPA1",0.790945612840532,0.103370424639081,0.167,0.171,1
"CENPB",0.791433698810085,-0.163454448664338,0.014,0.023,1
"ZNF451-AS1",0.791548594952117,0.170215985776674,0.05,0.048,1
"DCAF8-DT",0.791819424189492,0.446377312619094,0.027,0.023,1
"PPCDC",0.791877666783778,-0.311692959048183,0.02,0.023,1
"CHMP3-AS1",0.792075831161858,0.281730293399378,0.021,0.017,1
"ISY1",0.792349017031279,0.114846536180492,0.178,0.185,1
"FIS1",0.792762899683429,0.142644899796615,0.242,0.251,1
"RECK",0.792825137465439,-0.412145729179016,0.013,0.02,1
"L3MBTL2",0.793167349347421,0.462817030141056,0.024,0.023,1
"OSER1-DT",0.793188671810253,-0.456147036498987,0.013,0.02,1
"RNF123",0.793250731336424,-0.20498226301086,0.024,0.023,1
"ANKS1A",0.793576288986665,0.370557503539871,0.052,0.048,1
"FLT3LG",0.793815598477863,-0.418030660183863,0.086,0.108,1
"KIF13A",0.793847383477249,-0.3853374784355,0.018,0.028,1
"METTL5",0.793907191550124,0.301687265609885,0.047,0.048,1
"IGHA2",0.794099089509041,0.488647411393614,0.013,0.009,1
"TTC36-AS1",0.794261596972847,0.145436001580701,0.011,0.009,1
"KANSL1L",0.794380580203891,0.144817028821362,0.122,0.123,1
"PRKAR2A",0.794486592466521,-0.193906016748792,0.124,0.151,1
"ENSG00000230325",0.794548035658521,-0.317883670984487,0.013,0.017,1
"GCSH",0.794713444823339,0.514464005973904,0.013,0.009,1
"SEPTIN6",0.794768906834604,-0.229121634861917,0.31,0.359,1
"MFSD4B",0.794888935057903,-0.163855978993529,0.085,0.097,1
"ZNF224",0.794944520775193,0.12181973587068,0.066,0.068,1
"GYS1",0.794959202325998,-0.576459042576612,0.014,0.023,1
"PHKA2",0.795016210130512,-0.616411560244181,0.016,0.023,1
"ATOSB",0.795815409608615,-0.335203287069146,0.017,0.023,1
"NIPSNAP3A",0.796023072105181,0.307286255297119,0.038,0.04,1
"FBXL20",0.796048527329982,0.124079623379003,0.124,0.12,1
"CHEK2",0.796161417991715,-0.80044074222624,0.011,0.02,1
"AK9",0.796882783116263,0.216186557622902,0.05,0.048,1
"PKD2L2-DT",0.796936809992599,-0.588171155211275,0.011,0.017,1
"GNB1L",0.797101056763295,0.107381838663681,0.017,0.017,1
"PLCB2",0.797223037190608,-0.220981249822033,0.038,0.048,1
"WDR24",0.797413702813607,-0.771585256912299,0.008,0.014,1
"CCDC90B",0.797602086922227,0.376093424387137,0.093,0.094,1
"CCDC82",0.797606613021728,0.169987476025551,0.171,0.179,1
"FAM153CP",0.797807284350619,-0.180231809949857,0.04,0.046,1
"ZMAT5",0.797808527063419,-0.138882993645125,0.031,0.034,1
"CCDC22",0.797831962319008,-0.294004357806499,0.03,0.04,1
"CEP97",0.797930252853027,-0.110648968499599,0.027,0.031,1
"ALG8",0.798076686972008,0.128718262087406,0.034,0.037,1
"GSR",0.798104355132473,0.107494145702963,0.045,0.048,1
"AP3D1",0.798344622498879,0.149996704287626,0.089,0.097,1
"NAT1",0.798420914094374,0.225886686723226,0.014,0.011,1
"ENSG00000291063",0.798631766327776,0.351109887748967,0.04,0.034,1
"TMEM41B",0.798740743563522,0.285433758360962,0.099,0.097,1
"CARD8-AS1",0.798816740340782,0.136346257449595,0.115,0.111,1
"RNF34",0.798895281081489,0.147606051821114,0.132,0.134,1
"ANKDD1A",0.799334606260766,-0.347665607446404,0.007,0.011,1
"SLC29A3",0.799376392392147,-0.679461701985338,0.018,0.026,1
"ZDHHC13",0.799500201849085,-0.16289624457199,0.05,0.057,1
"NUF2",0.799786658053854,0.668650423355842,0.013,0.009,1
"ANKIB1",0.799896264759436,-0.318840492631975,0.098,0.125,1
"RBM42",0.800048273790699,0.107773781288179,0.249,0.256,1
"ENSG00000285080",0.800144792549841,-0.369753439336609,0.044,0.054,1
"TTC24",0.800292236932539,-0.878743572052172,0.014,0.02,1
"ZNF680",0.800440011154155,0.390884481239917,0.025,0.023,1
"WIZ",0.800595829702861,0.368694434699591,0.041,0.037,1
"STK39",0.800658765664656,-0.570089227665214,0.034,0.048,1
"STARD5",0.800729234960262,-0.756289307516015,0.023,0.031,1
"NDUFAF2",0.80075184797443,-0.237872486971826,0.068,0.083,1
"ZNF251",0.800835731869215,0.182240027928679,0.04,0.04,1
"NOMO1",0.800869093224358,0.520797500471776,0.023,0.023,1
"ENSG00000290951",0.800878575785142,-0.189371525912713,0.035,0.043,1
"ZNF860",0.800972827148689,0.844370736090363,0.014,0.009,1
"ENSG00000197813",0.801007042817431,0.28609121315409,0.209,0.214,1
"SGO1",0.801063813373806,0.198413554845157,0.044,0.043,1
"TM7SF3",0.801139145392587,-0.341293983082745,0.033,0.04,1
"KBTBD3",0.80134209319345,0.176429880269064,0.014,0.014,1
"ADCY3",0.801456360558317,0.213500972077537,0.069,0.068,1
"TBCD",0.801614294256006,0.315394879862367,0.041,0.04,1
"ZNF747",0.801748328822837,0.952509436459238,0.018,0.014,1
"TSN",0.801773194467636,0.182446809217426,0.132,0.131,1
"CCNO-DT",0.801825197236761,-0.231758486935293,0.008,0.014,1
"PYM1",0.801890247099797,0.143237661401289,0.05,0.048,1
"NUMB",0.801938140651711,0.129468858291389,0.242,0.262,1
"ANO10",0.802374893295101,0.703432977572651,0.013,0.009,1
"ZNF335",0.802421305597365,-0.200355778244143,0.165,0.174,1
"ENSG00000226471",0.802561307194037,-0.725666890055248,0.011,0.017,1
"EXOSC4",0.802618814156836,-0.234419759469975,0.074,0.097,1
"ZMYM3",0.802673970946431,-0.779927115028996,0.01,0.017,1
"MBD5",0.802689533688517,-0.108828716667869,0.144,0.168,1
"PPP5C",0.80275341517412,-0.2701386032008,0.057,0.06,1
"FAM120AOS",0.802809834466713,-0.130387206470745,0.158,0.188,1
"FZD3",0.802891083960609,-0.233685689451963,0.007,0.011,1
"RHBDD2",0.802917663454751,0.20669429937917,0.168,0.171,1
"ZNF426",0.802981214467754,0.24725228270978,0.047,0.043,1
"ENTPD5",0.802983470937197,0.925870013652916,0.013,0.009,1
"ARL17B",0.803051474841129,-0.460523501037923,0.028,0.037,1
"SCGB2B2",0.803130642876598,0.409204668075266,0.008,0.011,1
"UFL1",0.803162170563575,0.155493115946842,0.153,0.151,1
"THOC3",0.803276161115828,0.196816681771382,0.061,0.066,1
"CNPY2-AS1",0.803599124865287,0.655925008909188,0.018,0.02,1
"WDR27",0.80369783276346,0.263431981320389,0.033,0.028,1
"ACAD9",0.803852474357393,-0.218802941935789,0.03,0.04,1
"ERP27",0.804072897313261,-0.93864178607641,0.007,0.011,1
"NRL",0.804082387646833,-0.276564830656107,0.038,0.048,1
"EXOC2",0.804337059024056,-0.127025016557162,0.119,0.137,1
"ENSG00000289298",0.80440695326707,-0.122097334715279,0.068,0.068,1
"NBN",0.805025476864002,0.153196279968111,0.1,0.103,1
"HELZ2",0.805041950266781,-0.20828429749247,0.058,0.066,1
"C17orf97",0.805111902272383,0.471768503372715,0.013,0.011,1
"ECT2",0.805135972762466,-0.52041403048632,0.007,0.011,1
"DCAF1",0.805175019964684,0.24784297980467,0.129,0.128,1
"ZNF34",0.805299759771524,0.64990957019249,0.021,0.017,1
"SLC11A2",0.80537896743779,0.275481503735049,0.011,0.014,1
"C6orf47",0.805405161410781,-0.389911941669017,0.037,0.054,1
"ALPL",0.805755956957903,-0.716889135751537,0.017,0.026,1
"DACT1",0.805878121881298,0.587616513041175,0.01,0.006,1
"ENSG00000272078",0.806001871839822,0.605431631432163,0.014,0.009,1
"GTF2F2",0.806257106544464,0.155485230342701,0.127,0.128,1
"ENSG00000227006",0.806344391376968,-0.278956069427095,0.008,0.014,1
"PCYT1A",0.80642143854087,-0.166583696697121,0.038,0.04,1
"NAIP",0.806476076591346,0.364202544632034,0.027,0.026,1
"HEXIM2-AS1",0.806478588075469,-0.45485051798152,0.038,0.046,1
"GPN1",0.80653662838679,0.167228695654244,0.141,0.142,1
"AASDH",0.806775126029378,0.20474717570025,0.044,0.043,1
"SCOC",0.806851248783718,0.2411055180422,0.059,0.057,1
"ZNF358",0.806943636042697,0.244214199944838,0.014,0.014,1
"LRRC37A2",0.806951374051154,0.198076676793121,0.027,0.023,1
"RNF144A",0.807106340661862,0.659051064425068,0.013,0.009,1
"RGS14",0.807159386372865,0.224382034243212,0.061,0.054,1
"C1GALT1C1",0.807593424217973,-0.21635405608549,0.03,0.04,1
"H2AC18",0.807859755664336,0.321734606428443,0.016,0.02,1
"SNRNP25",0.80791042085799,-0.322284332966107,0.051,0.066,1
"ST3GAL2",0.808112959144469,0.300124523264576,0.027,0.026,1
"ZNF714",0.80829943572567,0.365262517996376,0.018,0.023,1
"GSE1",0.808561770048458,-0.125137449557276,0.178,0.211,1
"SH3BP4",0.808775585988693,0.449894394591945,0.01,0.006,1
"ENSG00000247134",0.808970461103353,0.461432834742752,0.011,0.009,1
"ELL",0.80897399307283,0.101102504722361,0.163,0.177,1
"GGPS1",0.809029055357935,-0.22384149100603,0.083,0.097,1
"ENGASE",0.809414168331799,-0.239368061565473,0.02,0.028,1
"NEMP2",0.809451279578041,0.344155553015976,0.03,0.031,1
"SHQ1",0.809763611023534,-0.186279810758751,0.031,0.037,1
"NCLN",0.809775932470651,0.179668354951967,0.045,0.048,1
"TMEM106C",0.809984648597715,-0.633340766269584,0.017,0.026,1
"KCTD17",0.81003633627808,-0.457519167312213,0.011,0.017,1
"ENSG00000271717",0.81040930525607,0.274252243234942,0.017,0.014,1
"DHRS4-AS1",0.810463585229791,-0.427178582171266,0.021,0.028,1
"STK35",0.810499052034955,0.283376738348205,0.044,0.043,1
"H4C5",0.810707920671996,0.19202709373329,0.014,0.011,1
"ENSG00000290879",0.810714160044974,1.14598529976676,0.01,0.006,1
"FAM104B",0.810900881699851,0.68292897710725,0.021,0.017,1
"PRDM15",0.810939320151849,0.256619388654892,0.03,0.026,1
"DBF4B",0.811143844976654,-1.04893647197588,0.007,0.011,1
"COX14",0.811297028512188,-0.110947106116086,0.185,0.217,1
"NFKBIL1",0.811369988214971,-0.560109802753559,0.03,0.04,1
"CTNNA1",0.811374434514436,0.270879927402242,0.052,0.048,1
"ENSG00000242628",0.811414607471756,0.192836836026352,0.016,0.017,1
"EVL",0.811521770788661,0.177365411482106,0.334,0.333,1
"RNF32-DT",0.811859840480622,-0.388822272298685,0.011,0.017,1
"STARD3",0.812104463519952,-0.194535900480737,0.105,0.128,1
"DPH7",0.812125346615627,0.312032141281134,0.034,0.034,1
"ITGA6",0.812218016569579,-0.81583998733141,0.01,0.011,1
"DELE1",0.812241420961286,0.125664242941152,0.115,0.12,1
"TBC1D22A",0.812560605939079,-0.131407777758856,0.276,0.313,1
"CEP131",0.812563754552512,0.651830841701075,0.017,0.014,1
"NDOR1",0.812984014204536,-0.119278392039926,0.04,0.043,1
"EDC4",0.813146276100021,0.184833456137779,0.037,0.037,1
"LIPT1",0.813463209485408,-0.473740072951114,0.016,0.02,1
"NLK",0.813582534185226,-0.494832920059184,0.038,0.046,1
"FANCF",0.81369556124751,0.276212121428843,0.024,0.026,1
"ZNF827",0.813716679400294,0.184908484827766,0.069,0.068,1
"LIAS",0.813856883444531,-0.20571871731547,0.016,0.023,1
"DNAJC11",0.814118960969209,-0.158225841165891,0.047,0.057,1
"TAGLN",0.81426184219039,-0.494582258907324,0.011,0.017,1
"CCDC134",0.814344510457146,-0.134720098588575,0.023,0.02,1
"CCDC18",0.814353788118221,-0.201311573545889,0.059,0.074,1
"TDP1",0.814726224180114,0.131485517222941,0.064,0.063,1
"SIPA1L2",0.814726970164194,-0.699607346544639,0.007,0.011,1
"IER5L",0.814821100991852,-0.15611312256211,0.095,0.117,1
"ENTPD1",0.814906656872471,0.53428125591157,0.035,0.028,1
"ENSG00000267694",0.815042405834362,-0.249617289880348,0.011,0.017,1
"ABCB7",0.815116084032931,-0.146884460660275,0.147,0.162,1
"ENSG00000289912",0.815279430362511,0.216650815631636,0.021,0.026,1
"ALDH6A1",0.815367954056403,-0.998896309869798,0.007,0.011,1
"C8orf58",0.81539892033454,-0.477760279176497,0.011,0.014,1
"MROH1",0.815453697627776,0.165591557399384,0.024,0.026,1
"CWC27",0.815790676809663,-0.297802752807517,0.089,0.103,1
"PSENEN",0.81597236270734,-0.171593684843708,0.123,0.148,1
"ENSG00000236472",0.816736829397643,-0.480269075386281,0.007,0.011,1
"SOX6",0.816885715108125,0.450297065992443,0.014,0.011,1
"RIOK2",0.81689791104006,0.289128951022451,0.078,0.074,1
"TRAPPC2",0.816957760268275,-0.121650441999022,0.042,0.054,1
"ADRB2",0.817035878639875,-0.1966298093458,0.017,0.023,1
"INTS14",0.817353631977617,-0.152967085690557,0.062,0.077,1
"LMO2",0.817426362604543,-0.637491453487957,0.014,0.02,1
"ZNF699",0.817566859115661,-0.154519392342899,0.024,0.028,1
"GIT1",0.817604770541346,-0.21872214302049,0.027,0.037,1
"ARHGAP21",0.817725534013845,0.829959087564663,0.011,0.009,1
"PHF2",0.817856247624857,-0.725555000483587,0.02,0.031,1
"CCL5",0.817997667539957,-0.60135405745923,0.018,0.017,1
"TRMO",0.818142609797961,0.192552754185089,0.126,0.12,1
"RAB40C",0.818196066146161,0.605330261317063,0.014,0.011,1
"AACS",0.818196150934352,0.81592075371521,0.014,0.009,1
"NECTIN1",0.818225434054539,-0.110249271154662,0.033,0.037,1
"RRS1",0.818246552574962,-0.334627720434272,0.024,0.026,1
"NAGLU",0.818284519562291,-0.239358218779862,0.03,0.037,1
"ZNF585B",0.818585715717417,-0.340112613578849,0.03,0.037,1
"SNHG4",0.81869225240427,-0.155489134827827,0.014,0.017,1
"PYGM",0.819093209977753,-0.787335037302046,0.007,0.014,1
"KIAA1328",0.819380307809236,-0.191324557549084,0.045,0.057,1
"MPHOSPH6",0.819406633053057,-0.197781487387478,0.037,0.051,1
"HRG-AS1",0.819753269630461,-0.483106212993088,0.013,0.017,1
"ENTREP3",0.819766297483257,-0.467505742453129,0.008,0.011,1
"MEA1",0.819926569561095,0.109384789567924,0.134,0.148,1
"FRMD6",0.820057844593709,-0.531782185222191,0.011,0.014,1
"PKN2-AS1",0.820305233468144,0.392815091224332,0.01,0.009,1
"ECH1",0.82044819192253,-0.170584867143406,0.112,0.137,1
"ZFPM2",0.820462334049727,0.290688252504828,0.013,0.011,1
"TRMT2A",0.8204920306262,0.333466742124036,0.037,0.043,1
"GNPTAB",0.820510202060179,-0.132945597389558,0.132,0.145,1
"HSPA8",0.820532428936798,0.100726139563088,0.769,0.778,1
"HINFP",0.820587947237618,0.109992424850803,0.041,0.04,1
"PPP3CB",0.820622193431309,-0.180153782342149,0.119,0.148,1
"DPAGT1",0.820804005147948,0.264636737123598,0.014,0.017,1
"ERCC8",0.820955513093332,0.154307585017897,0.031,0.034,1
"ATMIN",0.820972872514063,0.14972644444364,0.054,0.048,1
"GGA2",0.821005549325152,-0.157781538758025,0.284,0.325,1
"ZNF653",0.821008463564395,0.205537401243593,0.021,0.02,1
"COPB2-DT",0.821010259240186,-0.512121563766516,0.011,0.017,1
"MZF1-AS1",0.821012390921357,0.175147053216923,0.016,0.011,1
"EXOSC5",0.821041913851303,-0.264294817773674,0.028,0.04,1
"HELLS",0.821163158091539,0.43086363740206,0.04,0.037,1
"RNF214",0.821359040584457,-0.121016394548081,0.025,0.031,1
"HAUS8",0.821362916345064,0.526503501206304,0.035,0.031,1
"PHACTR2",0.821775673300905,-0.468671317064495,0.014,0.02,1
"RFX3-DT",0.821810759807306,0.189252986434167,0.023,0.028,1
"PALS2",0.821868694227343,-0.180788561007286,0.105,0.128,1
"ALG6",0.821997646366697,0.513362882551386,0.035,0.031,1
"FBXO48",0.822135736116742,-0.249617146904648,0.017,0.023,1
"PAXIP1",0.822268966741167,0.419095976489003,0.024,0.02,1
"CD151",0.822475894172016,-0.477982486149384,0.028,0.037,1
"GATC",0.822691347958978,0.165640918798101,0.05,0.048,1
"TMEM267",0.822823034609871,-0.171327455575832,0.042,0.057,1
"ENSG00000287100",0.822847186904271,0.274117975200358,0.037,0.034,1
"LAMTOR1",0.822990515465502,-0.233396704842052,0.157,0.188,1
"NCK1-DT",0.823026120467626,-0.971804950431294,0.007,0.011,1
"CTC-338M12.4",0.823227078282357,0.474896413596163,0.011,0.009,1
"HLCS-AS1",0.823351363361647,-0.201447359339308,0.013,0.02,1
"CDK5RAP2",0.823496901522883,0.23299168173366,0.109,0.108,1
"ZBTB17",0.824274939433951,-0.13611133580448,0.099,0.123,1
"NFS1",0.824417704324246,0.865474319410843,0.01,0.009,1
"CDK4",0.824508422108394,-0.189490148018517,0.099,0.12,1
"CEP112",0.824509790043844,-0.225714578263126,0.016,0.023,1
"WDR18",0.824514189534738,-0.319171401837166,0.079,0.108,1
"NOL6",0.824666631274879,0.468324125621591,0.02,0.017,1
"AGPAT1",0.824922711831912,-0.146702904648692,0.028,0.04,1
"KANTR",0.824977794153562,-0.600603332556925,0.023,0.031,1
"ATXN1",0.824997240559438,-0.444043903360909,0.024,0.031,1
"ATP1A1",0.825073427097877,0.109327518095773,0.226,0.248,1
"RRBP1",0.825315201547591,0.162252177496627,0.062,0.068,1
"TCF4-AS1",0.825863332047207,-0.305285565888239,0.048,0.06,1
"UPF2",0.825890147660258,0.113262419190782,0.314,0.319,1
"LEF1",0.825939473366481,-0.978868278411698,0.021,0.028,1
"TRMT13",0.825951343529557,-0.171689622497413,0.059,0.074,1
"MFHAS1",0.825981177550793,0.154208463904626,0.047,0.054,1
"CTC1",0.825982674761463,0.299887129817251,0.091,0.085,1
"BOD1",0.826012203128887,0.189182331537067,0.123,0.123,1
"PBX2",0.826014188608887,0.110025384485503,0.096,0.103,1
"LCP2",0.826081544368132,0.729407450160384,0.018,0.014,1
"NRG4",0.826091847047081,-0.11285422376652,0.011,0.014,1
"FMO5",0.827021541080071,-0.520764812926577,0.014,0.02,1
"ICMT",0.827296642394909,-0.280028400112483,0.018,0.02,1
"KLHL15",0.827550703176232,0.239003020901143,0.059,0.057,1
"SHB",0.827970724980346,-0.337607091917956,0.007,0.011,1
"COG7",0.828201064422717,-0.55018879814947,0.028,0.04,1
"LINC01135",0.828230753086616,0.29297067575705,0.024,0.023,1
"DNASE1",0.828354572604183,-0.928443711619991,0.013,0.02,1
"ZBTB20-AS5",0.828514960516493,0.631452393408469,0.018,0.017,1
"THOC1",0.828785423988393,-0.11733026219238,0.165,0.179,1
"ASPHD2",0.828975228480734,-0.259552902161384,0.059,0.08,1
"ATG10",0.829201978233158,-0.295966001809411,0.024,0.031,1
"FXN",0.829238780798066,0.277962993119615,0.023,0.023,1
"C1orf35",0.829258546885053,-0.263823720889261,0.083,0.105,1
"EFCAB13-DT",0.829337480634217,-0.828419161096231,0.007,0.011,1
"HRAS",0.829481386060296,0.152605542546434,0.103,0.105,1
"PFKM",0.829739297167593,-0.355169269263025,0.013,0.02,1
"LPAR5",0.829806313234732,0.261562160345363,0.016,0.02,1
"SLC25A22",0.82990037713953,0.398480376160748,0.025,0.026,1
"LINC01473",0.829914885191479,-0.179435672198369,0.057,0.068,1
"TECPR1",0.829922360344808,0.174923536472122,0.031,0.028,1
"ISOC1",0.830011198366991,-0.239608912187384,0.034,0.048,1
"SNX4",0.830612230629496,0.181211914161841,0.076,0.08,1
"CHTF8",0.830638982985279,0.145842596240468,0.054,0.057,1
"PKHD1L1",0.830841579634445,0.33333052408766,0.018,0.017,1
"BYSL",0.831016330521796,0.29738967270435,0.048,0.046,1
"PMM1",0.831050646363233,0.579012615017574,0.027,0.023,1
"ELAPOR2",0.831125256158491,-0.431576473146844,0.02,0.02,1
"ERCC6",0.831130592626394,-0.310279787841761,0.05,0.066,1
"ZKSCAN8",0.831210902407443,0.240888509178807,0.088,0.085,1
"DLG2",0.831261661164874,1.15888837679207,0.017,0.02,1
"ANKH",0.83199760416195,0.124151614035256,0.057,0.051,1
"HSCB",0.832061436929403,-0.287200929311818,0.057,0.071,1
"GAB1",0.83240773076574,-0.159182009087081,0.085,0.1,1
"GTF2IRD1",0.832414930184604,-0.445018685316155,0.013,0.011,1
"KDM8",0.832499600662692,-0.298955306456699,0.017,0.02,1
"C19orf12",0.832656791072907,-0.125000915762613,0.058,0.06,1
"FBXO45",0.832802688872157,-0.182276883382684,0.045,0.057,1
"MTRF1",0.832959607664418,0.681468318030354,0.016,0.011,1
"ZNF584-DT",0.832994843947783,0.480634002934113,0.01,0.006,1
"ZMYND19",0.83301378522259,-0.251323922986301,0.044,0.051,1
"MFSD14A",0.833029702046323,0.183089959699246,0.252,0.254,1
"ARIH2OS",0.83321168055502,-0.494115978021536,0.016,0.02,1
"ZAP70",0.833275273189378,0.225057385256493,0.028,0.026,1
"TMEM214",0.833351549623745,0.332535976585445,0.051,0.048,1
"FAM120C",0.833883641714702,0.695193757846666,0.025,0.02,1
"SLC66A1",0.83393715637228,0.863762584521742,0.01,0.009,1
"IARS2",0.834046949904257,0.270897456121763,0.052,0.054,1
"MIR4432HG",0.834135674699442,-0.324863972627079,0.051,0.066,1
"ALDH4A1",0.834204535358063,0.458004804135601,0.014,0.011,1
"ENSG00000228863",0.834718027114666,-0.852963197550663,0.011,0.011,1
"GOLPH3L",0.834790056869114,0.607082165962693,0.031,0.028,1
"GGA3",0.834880987757698,0.104260110426623,0.074,0.08,1
"ARL13B",0.83493112857051,0.113354828735106,0.185,0.185,1
"EFCAB5",0.835234553575573,-0.319143769670725,0.033,0.04,1
"SFI1",0.83538736071435,-0.129545920521248,0.072,0.077,1
"SDHC",0.835425808074536,-0.365197285920087,0.086,0.103,1
"ENSG00000259564",0.835555501815387,0.23098818477109,0.011,0.009,1
"ATP2B4",0.835661844079405,0.432074893454249,0.016,0.017,1
"CDIN1",0.835736260943438,0.361834626639124,0.014,0.011,1
"ZFP1",0.835961289476028,0.355733840669988,0.048,0.043,1
"TRIM41",0.836156013173707,0.370337618626016,0.031,0.026,1
"SDR42E2",0.836241841181974,0.340114024704671,0.023,0.017,1
"ENSG00000259805",0.836263879681105,-0.76503854743644,0.007,0.011,1
"CLN5",0.836350355586904,0.2893069861844,0.058,0.057,1
"OGFR",0.836462218323087,-0.14551414923425,0.202,0.231,1
"SLC39A3",0.836528484626568,-0.107541352510299,0.116,0.123,1
"MPZL3",0.836818686376648,0.238345623973366,0.037,0.031,1
"SHKBP1",0.836942127623656,-0.172888220975535,0.134,0.162,1
"ENSG00000289865",0.836992228970078,0.303272407067147,0.01,0.009,1
"HLCS",0.837003122744058,-0.104877931641281,0.028,0.034,1
"GTPBP2",0.837036310113666,-0.272859838490262,0.025,0.034,1
"KIZ",0.837346202805373,0.305578688342393,0.075,0.077,1
"PSMG1",0.837655900379971,-0.644447004513879,0.014,0.023,1
"NSUN3",0.83796432350442,0.156237867556177,0.057,0.051,1
"DZIP3",0.838026781502911,0.56579654886659,0.064,0.068,1
"POLR3B",0.838034284262749,-0.461329472894785,0.024,0.034,1
"NBR1",0.838286307496903,-0.160462534654656,0.058,0.074,1
"C2CD5",0.838581325449778,0.125741407759926,0.078,0.083,1
"METTL15",0.838613906162312,0.138965849342005,0.068,0.066,1
"MDN1",0.838627348237972,-0.157239998547061,0.065,0.08,1
"TET2-AS1",0.838697495601196,-0.759668639195456,0.014,0.023,1
"FADS2",0.838747423327094,-0.89277359441601,0.014,0.02,1
"PIP4K2B",0.839179558917984,0.378980427185382,0.014,0.011,1
"ATP5F1A",0.839329230416493,-0.198879405606371,0.277,0.322,1
"ATP11A",0.839370323842822,0.275682114920648,0.028,0.026,1
"ZNF440",0.839376182624539,0.148526663400913,0.007,0.011,1
"GINS2",0.839474995663664,-1.18636981469426,0.007,0.011,1
"NAA16",0.839489749283012,-0.315523565725281,0.105,0.125,1
"ANP32A",0.839676184756964,-0.118510954194245,0.222,0.262,1
"FAM234B",0.83998523360281,0.242922462370188,0.013,0.011,1
"SRR",0.839998618155319,-0.246454871465367,0.007,0.011,1
"LINC01278",0.840006122240725,-0.237641680600249,0.04,0.048,1
"ZFP14",0.840379224204765,0.167090234263692,0.017,0.017,1
"TMEM218",0.840625284359711,-0.285702953895973,0.011,0.017,1
"DKC1",0.840644454380492,-0.191609235783508,0.126,0.151,1
"ENSG00000260616",0.840780592532435,0.142538095274684,0.031,0.026,1
"SLC25A16",0.840986272344912,0.168742928751705,0.051,0.054,1
"GTF2H2",0.841124601255451,0.256891410597538,0.018,0.02,1
"CFLAR",0.841163419946981,-0.133091799060106,0.18,0.211,1
"MTA3",0.841217400291404,0.102452804158605,0.03,0.034,1
"ENSG00000291220",0.841351944237304,0.403831144403422,0.011,0.009,1
"LTA",0.841494636862417,0.180760835709073,0.113,0.108,1
"HTRA2",0.841497101394739,0.108538277776078,0.122,0.12,1
"CMTR1",0.841925640285286,-0.398002780764868,0.047,0.057,1
"SH2B2",0.841927211798266,0.103696472148537,0.089,0.097,1
"ZNF559",0.841942820162466,-0.263778092647683,0.02,0.023,1
"MDFIC",0.841964446879845,-0.190241946770915,0.066,0.068,1
"ASPSCR1",0.842260359184225,-0.173360711166977,0.074,0.085,1
"RPTOR",0.842340755246751,-0.177031935951848,0.071,0.083,1
"CDK2",0.842409900241999,0.235596521355783,0.031,0.028,1
"SPESP1",0.842439832984543,-0.376261031714366,0.017,0.023,1
"ENSG00000286546",0.84259115751112,0.417596818694074,0.042,0.037,1
"ZNF337",0.842768413686428,-0.661154547151591,0.02,0.026,1
"RXRA",0.842888372318786,0.453374613666413,0.013,0.011,1
"HMGCR",0.842991723943445,0.27037066196322,0.11,0.114,1
"SLC36A1",0.843043742711611,-0.377701913407919,0.018,0.023,1
"MAP3K14-AS1",0.843081313228757,0.215559924383002,0.027,0.026,1
"IFT27",0.843164290898436,-0.511247333406363,0.017,0.023,1
"SNTB2",0.843372270205557,-0.316572190106552,0.023,0.028,1
"IPO9",0.843620688169177,-0.14722859640082,0.096,0.114,1
"TCF20",0.844095223096667,0.253969470334465,0.081,0.077,1
"TRIM44",0.844148381175357,-0.138861522228295,0.239,0.268,1
"GLYATL1",0.844213659639857,-0.558832809632566,0.014,0.02,1
"LRRC40",0.84426965537904,0.190942242220216,0.092,0.094,1
"MAML1",0.844355530103456,-0.186080985898408,0.11,0.137,1
"C11orf71",0.844359491004919,0.56512486824372,0.016,0.011,1
"SRSF12",0.844863365043739,0.91962406581377,0.011,0.009,1
"VASN",0.844875339798008,-0.227491612919837,0.008,0.011,1
"RAD9B",0.845223013156974,0.124851561164258,0.011,0.009,1
"TTC12",0.845352722718052,-0.267598920881013,0.008,0.011,1
"EXOC1",0.845425889821405,0.409601991264239,0.069,0.074,1
"NOA1",0.845473477957621,-0.158558917252106,0.076,0.094,1
"TOMM40",0.845757044183159,-0.238890108507329,0.081,0.097,1
"MAGEF1",0.845809915415686,-0.406094845744327,0.028,0.04,1
"SMO",0.845818413814359,-1.01482172123386,0.01,0.017,1
"ATPAF1",0.846209234389015,0.408745647223986,0.017,0.014,1
"PARP4",0.84664846160334,-0.152335453500426,0.057,0.068,1
"DUSP23",0.84672627044378,0.614860141247919,0.03,0.026,1
"CEP63",0.846738754052633,0.136867901409254,0.033,0.034,1
"GABPB2",0.846791214541535,-0.144548809575943,0.018,0.026,1
"SLC38A10",0.846998394157985,0.166966621571074,0.054,0.057,1
"SLC30A5",0.847116896247003,0.104256003601849,0.165,0.174,1
"PNMA1",0.847135713535217,0.214432611768987,0.064,0.06,1
"CHD1-DT",0.847158568468951,0.620788878343494,0.021,0.023,1
"ENSG00000254263",0.847415384971784,-0.820434933587153,0.013,0.02,1
"ANKRD16",0.847415888563877,-0.332693038253942,0.02,0.028,1
"DNAH14",0.847450642108382,-0.336415705070156,0.008,0.011,1
"SUGT1",0.847470715457046,-0.147551190896547,0.255,0.285,1
"DIS3",0.847535399604879,-0.18343786992296,0.185,0.219,1
"PDCD1",0.847614758124434,-0.236483114697394,0.02,0.023,1
"REC8",0.847779773594841,-0.434630847602842,0.027,0.028,1
"IRAK3",0.847984222244698,-0.451113765460367,0.016,0.02,1
"PDCD2L",0.848148172160543,0.365394511043327,0.017,0.014,1
"IFT25",0.848266721426551,-0.23387982226175,0.054,0.068,1
"DENND10",0.848290022710619,-0.185203638868381,0.037,0.043,1
"MAPK10",0.848382758463879,0.329196971805141,0.023,0.02,1
"MLEC",0.848714354118511,-0.143840141112242,0.072,0.088,1
"WDR91",0.848956550686645,-0.141205029986712,0.045,0.046,1
"NPHP4",0.849002150401723,-0.22145949271121,0.038,0.048,1
"ENSG00000280383",0.849353524870667,-0.185658354645759,0.014,0.02,1
"GNL3L",0.849412924989334,-0.177216853839635,0.076,0.097,1
"PKD2",0.849503131503412,0.313602479025619,0.02,0.023,1
"DNAAF5",0.849626700799963,-0.219481541484725,0.034,0.046,1
"FABP5",0.849875175137436,-0.260164399558593,0.127,0.162,1
"UBR2",0.849946553654176,0.106544897160824,0.175,0.185,1
"KLHDC4",0.850363800108069,0.19139122635757,0.069,0.071,1
"ZFPL1",0.85039761452127,0.115825932357522,0.055,0.057,1
"PGM2",0.85047234516227,-0.320377922222681,0.042,0.051,1
"LEO1",0.850487520910149,-0.250160663061579,0.062,0.08,1
"CCNT2-AS1",0.850749464129722,0.337259796205591,0.018,0.017,1
"EXT1",0.850862481605373,0.176777998289773,0.085,0.083,1
"C20orf96",0.851833558601925,-0.716659769573376,0.007,0.011,1
"SGCE",0.851965063952448,-0.347925977081384,0.038,0.048,1
"ENSG00000234915",0.851998581087268,-0.367384211042053,0.02,0.026,1
"FH",0.852042700402864,0.230014432627955,0.069,0.068,1
"KLHL23",0.852285616727215,0.17554349842518,0.021,0.017,1
"MAN2C1",0.852551676227825,0.170463638591888,0.037,0.04,1
"ZSWIM8",0.852586777328904,0.143434428237977,0.059,0.063,1
"ENSG00000286264",0.852632686432749,-0.348770678554405,0.041,0.054,1
"DUSP6",0.852799956603283,0.554763892053147,0.05,0.046,1
"PDIK1L",0.852916311442883,0.363008183378393,0.016,0.011,1
"BTD",0.852975494770232,0.14962120595211,0.069,0.077,1
"AEBP1",0.85301224417257,-0.140649586870402,0.062,0.074,1
"TAF1B",0.85365956589873,-0.35153124005781,0.076,0.088,1
"DYNC1LI2",0.853676741511617,-0.166753375953556,0.123,0.14,1
"ZNF397",0.853836989968693,-0.327728410268713,0.044,0.054,1
"NDC1",0.853867213690391,-0.28478942177468,0.031,0.034,1
"PAK4",0.853875847237785,-0.192672893212412,0.042,0.048,1
"BEND3",0.853923108595465,0.361719825189333,0.023,0.023,1
"ERMP1",0.853929311920591,0.287172419831413,0.048,0.046,1
"ATP6V1E2",0.853952166074409,-0.80622359606473,0.014,0.02,1
"OSBPL3",0.854102900089367,-0.171005362124871,0.047,0.051,1
"ENSG00000272447",0.854403664973454,0.394365335928257,0.031,0.028,1
"MARCHF9",0.854598054584316,0.112933380089862,0.204,0.205,1
"ENSG00000288924",0.855007794908752,-0.447192071967573,0.016,0.02,1
"C19orf44",0.855056364344219,-0.510428337821316,0.01,0.017,1
"RAPGEF6",0.855304832069002,0.126546938661336,0.383,0.402,1
"KIFC2",0.855416199782952,0.361418473547763,0.014,0.017,1
"SDF2L1",0.855816793230969,0.36319225130274,0.044,0.04,1
"EXOC8",0.855867205849438,0.228551350084203,0.082,0.08,1
"POLA2",0.856021153796814,-0.50037857018869,0.017,0.026,1
"MSANTD2",0.856022042116196,-0.22067776618296,0.044,0.051,1
"ENSG00000260077",0.856335261036188,0.319720956754067,0.016,0.011,1
"USP38-DT",0.85637250426108,-0.165420461237474,0.013,0.011,1
"RRP9",0.856763570172442,-0.279478794999993,0.047,0.06,1
"ULBP2",0.8568161366519,-0.346952484254132,0.034,0.043,1
"PPM1A",0.856941760197719,-0.104943764727575,0.216,0.242,1
"ENSG00000285454",0.856995764339519,-0.64497188616067,0.008,0.011,1
"MTMR2",0.857179353414453,0.14817466251475,0.048,0.048,1
"IL10RB-DT",0.857556875275085,-0.29865987698067,0.018,0.023,1
"MINDY3",0.8575802366486,-0.410016634828572,0.052,0.066,1
"ZNF724",0.857978594615945,-0.846648391211644,0.014,0.023,1
"ZNF57",0.858111641033353,-0.680720238576389,0.007,0.011,1
"ZNF66",0.858165174613736,0.292582536623995,0.042,0.04,1
"PACS2",0.858181014834935,-0.473348259165208,0.028,0.037,1
"PBLD",0.858201088263258,-0.556979615477659,0.02,0.028,1
"SYCE1L",0.858290891483076,-0.811607830503418,0.007,0.011,1
"AARSD1",0.858357182104005,-0.18672579143945,0.064,0.066,1
"AMACR",0.858533083104309,0.691224685701529,0.01,0.009,1
"HIC2",0.858592105509581,0.152244489162526,0.062,0.066,1
"MMACHC",0.858624337168775,-0.302151318080176,0.017,0.026,1
"ENSG00000254538",0.858722814287575,-0.407621021755864,0.011,0.017,1
"LINC02340",0.858818404140474,0.538736513851425,0.02,0.017,1
"ZNF749",0.858838440536225,-0.389452118342053,0.042,0.054,1
"TM2D2",0.859039654422214,-0.295131970102009,0.041,0.054,1
"RNF145",0.859069202250982,-0.250695034439055,0.253,0.291,1
"CENPF",0.859116482653667,-0.252429933201396,0.008,0.011,1
"ENSG00000291177",0.859129081308856,-0.201130562164127,0.047,0.051,1
"RAD51C",0.85913495715215,-0.325844239246669,0.027,0.037,1
"ENSG00000290989",0.859149370145458,0.146359566317949,0.024,0.026,1
"ACOT2",0.859237451123338,0.121580284154445,0.04,0.048,1
"C11orf21",0.859333584433521,-0.598966473637385,0.027,0.028,1
"SPRY1",0.859593115286295,0.184592689842499,0.149,0.145,1
"SPECC1",0.859599124658124,-0.682053972926823,0.028,0.04,1
"PSMC6",0.859665891665605,-0.174414428529137,0.291,0.336,1
"CD1D",0.859761787507607,0.27102995396861,0.013,0.011,1
"UHMK1",0.859876582659589,-0.155967771137223,0.173,0.199,1
"GALNT11",0.859979193874084,0.2365831020115,0.082,0.077,1
"AMIGO2",0.859991199035107,-0.110202109281238,0.008,0.011,1
"DPH2",0.860427747715288,-0.244313813187459,0.061,0.071,1
"ENSG00000291175",0.860443652325727,0.630190383629602,0.041,0.037,1
"ENSG00000287387",0.860470374468623,-0.172015261038713,0.024,0.028,1
"PRDM8",0.860688398690251,0.100614745087548,0.055,0.063,1
"WDR35",0.860790299878276,-0.179834973714597,0.048,0.06,1
"LHFPL5",0.860790711598349,-0.365893201988478,0.02,0.028,1
"CITED4",0.860793874760661,0.191388014968377,0.013,0.014,1
"TBC1D12",0.861083825522062,0.735500588655428,0.011,0.009,1
"ENSG00000272843",0.861111538177132,0.408643117688155,0.016,0.014,1
"TMEM260",0.861123848220059,0.115896211246096,0.052,0.051,1
"LIX1L-AS1",0.861276698348049,0.254848979914341,0.033,0.028,1
"ENSG00000290835",0.86128922599726,0.258888373461763,0.03,0.028,1
"HDAC6",0.861301770639092,-0.157232197578625,0.031,0.04,1
"RPIA",0.861307434661722,-0.232040619640058,0.109,0.125,1
"GANAB",0.861309965440946,-0.256570369361912,0.071,0.08,1
"FCGR2C",0.861323768949741,-0.693049707864233,0.011,0.017,1
"GSS",0.861779021924259,-0.255370236038661,0.011,0.011,1
"VDAC3",0.862216803954729,-0.113389669163301,0.105,0.125,1
"NSUN5P1",0.86230931705,-0.282100026846053,0.024,0.028,1
"OMD",0.862516368401494,-0.2538791645686,0.014,0.017,1
"H4C9",0.862876821575139,-0.604084910430579,0.011,0.014,1
"ATG4C",0.862982674827251,-0.101022633920875,0.038,0.043,1
"PGM3",0.863066687541159,0.138072591233136,0.05,0.054,1
"HADH",0.863134857413733,-0.31691835263235,0.028,0.037,1
"LINC02397",0.863143523640474,0.201676701394998,0.137,0.137,1
"ACTR3-AS1",0.863220450027595,-0.462456797562281,0.025,0.034,1
"PANK1",0.863486842255952,-1.448144890557,0.006,0.011,1
"GPX7",0.863577450212737,0.24814876581057,0.1,0.103,1
"NMD3",0.863649676186557,-0.216524953244573,0.141,0.168,1
"ASCC1",0.863739728968873,-0.148845641205613,0.071,0.074,1
"TBC1D17",0.863902738641718,-0.11500142906406,0.085,0.103,1
"PEX26",0.863935905978739,0.111453047332755,0.057,0.054,1
"ARL1",0.864288504461241,0.201644380035037,0.055,0.063,1
"MILR1",0.864384401877951,-0.105146354663019,0.033,0.04,1
"ENOX2",0.864401226150195,0.110632458217218,0.038,0.043,1
"MTAP",0.864474759896984,-0.122348705126711,0.065,0.083,1
"POU2AF1",0.864650203722987,0.157183788425695,0.175,0.177,1
"TMEM167B",0.864924506933636,0.144885610437661,0.228,0.228,1
"LINC02482",0.86499721440038,-0.483130596489357,0.008,0.011,1
"ENSG00000265496",0.86514279497876,-0.298393590180352,0.017,0.023,1
"ENSG00000255328",0.865159289631265,-0.420369202843513,0.008,0.011,1
"C2orf49-DT",0.865196918128245,-0.228462263846079,0.025,0.026,1
"TCEAL8",0.865266071142422,-0.733687343223501,0.02,0.026,1
"DDX47",0.865346818054526,-0.295868665823658,0.167,0.191,1
"ZNF607",0.865378929512187,-0.691769370473828,0.007,0.014,1
"AAMDC",0.866017082838653,0.125724529395517,0.021,0.02,1
"SNHG21",0.866079198627781,-0.150742756644943,0.034,0.04,1
"UXS1",0.866115989253809,0.155777067659134,0.092,0.094,1
"ENSG00000275807",0.866185709631222,-0.306225628328578,0.024,0.034,1
"RHD",0.866289959968925,0.662052566442867,0.011,0.009,1
"NPIPB15",0.866339705275041,-0.446812452602818,0.007,0.011,1
"PRKCZ",0.866395159501339,0.151984235339949,0.013,0.017,1
"SCRN2",0.866483603294435,-0.186586646523232,0.021,0.026,1
"ZNF569",0.866506698237764,-0.178089827114741,0.041,0.046,1
"CNDP2",0.866601012270583,-0.116687046864838,0.116,0.137,1
"CCT6A",0.866602787762487,-0.147006395580374,0.248,0.285,1
"DLAT",0.86664879127913,0.237867388993316,0.03,0.031,1
"SLC35A1",0.8666534527274,-0.156878605191405,0.045,0.057,1
"TMEM14B",0.866722071521062,-0.259411313486231,0.126,0.148,1
"CEACAM21",0.867015052660195,-0.220392014889491,0.017,0.023,1
"ANGEL1",0.86703719312196,0.263080489820384,0.023,0.02,1
"ENSG00000289995",0.867064478497936,-0.27808695048618,0.008,0.014,1
"ENSG00000259635",0.867078905122744,-0.476546892332477,0.01,0.011,1
"DSN1",0.867243630615837,0.199434574427888,0.016,0.017,1
"SYNGAP1",0.867285547394169,-0.118729265712252,0.076,0.091,1
"NAT9",0.867384147363585,-0.218875531794709,0.062,0.077,1
"TNFSF13",0.867708330311107,-0.330767273322114,0.017,0.02,1
"IFT88",0.868016132952365,-0.300259491316378,0.042,0.048,1
"CKAP2-DT",0.868108527593373,0.446045450283166,0.011,0.017,1
"ABHD17B",0.868127608258633,-0.171870415241342,0.134,0.16,1
"MVB12B",0.86834258877686,-0.861614779502612,0.008,0.011,1
"RASA4",0.868380701548646,-0.21550390815149,0.031,0.04,1
"FAM167A",0.86852224885567,-0.292348035363033,0.008,0.014,1
"DDN-AS1",0.86852787422502,-0.329192558507857,0.021,0.031,1
"DOK2",0.868762385629058,-0.442818219915317,0.028,0.034,1
"PGRMC2",0.869062930354927,-0.272714779853616,0.082,0.103,1
"ACAD8",0.869097698934086,0.129978794400534,0.025,0.02,1
"ENSG00000287934",0.869110014475871,-0.638996237576105,0.007,0.011,1
"INTS8",0.869128846129426,-0.379069948795263,0.052,0.06,1
"ENSG00000261592",0.869224171038319,-1.05823624496096,0.007,0.011,1
"ENSG00000259201",0.869276011517803,-0.123986977242988,0.016,0.017,1
"CAMK2G",0.869309394629691,-0.49243740274519,0.034,0.04,1
"SLC22A23",0.869367048970587,-0.395780909812453,0.007,0.011,1
"WDR77",0.869434128680932,-0.100742036620848,0.035,0.043,1
"CNKSR2",0.869508243545205,-0.102565732083578,0.061,0.057,1
"LRRC41",0.869519967521184,-0.14325342131281,0.157,0.179,1
"SELPLG",0.869600476668926,0.202019429499827,0.018,0.014,1
"VRK3",0.869867609175229,0.121682521894539,0.103,0.108,1
"ZNF555",0.870069537884081,0.377352833866934,0.011,0.009,1
"ILRUN-AS1",0.870108217680523,1.03521628616336,0.023,0.02,1
"SLAMF6",0.87024157030626,0.252800745814051,0.074,0.071,1
"ENSG00000263990",0.870499687478876,0.539125238954918,0.016,0.011,1
"PWP2",0.870587782681897,0.143776167951238,0.082,0.088,1
"CDC14A",0.87069959639469,0.17119488335956,0.095,0.094,1
"LINC01816",0.871037122259433,0.823676470510187,0.016,0.011,1
"UCHL5",0.871052159892656,0.129330006937133,0.045,0.054,1
"TRMT1L",0.871094412627869,-0.109194851053405,0.057,0.063,1
"PITPNA",0.871278578482761,-0.197898049715688,0.126,0.154,1
"FAM50A",0.871311381450095,-0.119856034526101,0.109,0.134,1
"CATSPER2P1",0.871389303625567,-0.314717832167731,0.008,0.011,1
"ECE1-AS1",0.871433552715336,0.33534584600468,0.014,0.011,1
"ZNF513",0.871628184945014,0.119500960790492,0.031,0.034,1
"FKBPL",0.871700774398084,-0.361012716727919,0.03,0.031,1
"ARFGAP1",0.871772412954275,-0.477615249775879,0.035,0.046,1
"RNF8",0.871798515447328,0.317063165263726,0.041,0.04,1
"DNAJC19",0.871996307863519,0.173858128665158,0.079,0.083,1
"PAOX",0.872420547872994,-0.122883239772035,0.05,0.06,1
"VARS1",0.872600649379924,-0.200934516169296,0.03,0.031,1
"NOC4L",0.872891333541586,-0.434306625289645,0.072,0.091,1
"MRPL40",0.873265823444857,0.633868711032377,0.033,0.028,1
"ING2",0.873267173424984,-0.108328208108792,0.058,0.068,1
"RNF187",0.873377326656192,-0.414543465358666,0.055,0.068,1
"TAF6L",0.873447843010666,-0.236546809991575,0.042,0.051,1
"PIGF",0.873451784577084,-0.131031399102662,0.048,0.057,1
"CMAS",0.87369479841767,0.456864150097705,0.035,0.034,1
"ACAA1",0.873706313808175,0.218074631083684,0.112,0.123,1
"NR4A1",0.873812815473853,-0.20613309341711,0.832,0.846,1
"CAMKK2",0.873927518472579,-0.106130658451588,0.02,0.023,1
"UGDH",0.874043973222793,-0.616354385685035,0.013,0.017,1
"CAPN10",0.874064601389734,-0.223844974552287,0.047,0.051,1
"LAMP2",0.874171432221565,0.129880718725185,0.083,0.097,1
"GALM",0.874311331065018,-0.375236819164307,0.018,0.017,1
"CROT",0.874373606242341,-0.146592712355346,0.014,0.011,1
"MED12L",0.8748745110124,0.269157670750503,0.017,0.017,1
"ADORA2A-AS1",0.874878371646519,-0.588632396228079,0.016,0.017,1
"VPS35L",0.874961003467616,-0.163979419311277,0.055,0.068,1
"GNAT2",0.875076724626337,0.673918409410351,0.011,0.009,1
"CHAF1A",0.875461473020371,-0.39427997307636,0.04,0.043,1
"PI4K2A",0.875598331293898,0.101600382225117,0.086,0.085,1
"HSF5",0.875640508610152,-1.10118357639874,0.008,0.014,1
"CPD",0.87578837699174,0.185998217322385,0.082,0.091,1
"APOBEC3F",0.875953886497319,-0.10160898376733,0.069,0.08,1
"ARSG",0.876011770822579,-0.235693243411285,0.014,0.014,1
"DMPK",0.876021474898307,0.196567686351044,0.016,0.014,1
"ENSG00000287086",0.876333573787544,0.678744978046217,0.018,0.017,1
"DDB2",0.876371108490554,0.381775796727854,0.031,0.026,1
"POLR1E",0.87664404527661,-0.193098995991207,0.041,0.048,1
"ALKBH4",0.876778749337304,0.144999820258874,0.013,0.011,1
"SH3YL1",0.876825592223525,0.142015987624697,0.047,0.051,1
"KLF2-DT",0.876852704754055,0.387941080249914,0.02,0.017,1
"SMG6",0.87697765279909,0.146709292150797,0.093,0.094,1
"RPAP1",0.87702845865165,-0.426516762161577,0.021,0.026,1
"HYCC1",0.877298553673337,-0.152919635943571,0.163,0.188,1
"VAMP4",0.877489969872215,0.107663337044868,0.059,0.066,1
"ENSG00000287503",0.877810930305696,-0.280255425998434,0.014,0.02,1
"TBCE",0.877965152410825,-0.75170937168899,0.018,0.02,1
"IL21R",0.878195430032935,-0.10241823946596,0.478,0.521,1
"TMEM18-DT",0.878257942721418,1.34434661713283,0.011,0.009,1
"CHFR",0.878537087588867,-0.122120278994339,0.099,0.108,1
"ITSN1",0.878565201406594,0.284842585481493,0.011,0.009,1
"KLF3-AS1",0.8787025909451,0.85204292211521,0.025,0.023,1
"ACLY",0.878718863944346,0.119311629984791,0.054,0.057,1
"PIGP",0.878745151738403,0.115902134405796,0.055,0.054,1
"MXD1",0.878851269266963,0.162035316083328,0.141,0.14,1
"PRCD",0.878876275855942,0.268073957177847,0.013,0.017,1
"RCAN3AS",0.878952858541983,-0.148035395697433,0.014,0.02,1
"ARMCX5-GPRASP2",0.879378739609876,-0.220496185192878,0.01,0.017,1
"RSAD2",0.879422065390378,-0.414737057404752,0.014,0.017,1
"KHNYN",0.879512433685176,0.113808462060413,0.115,0.114,1
"ADAM15",0.879584625813432,0.542297730131168,0.023,0.023,1
"ANKRD44",0.879604955128522,0.108051398089176,0.554,0.564,1
"ZNRF2",0.879745345701543,0.10413464642984,0.178,0.188,1
"MARCKSL1",0.880269924546743,0.188707716122998,0.429,0.439,1
"NUDT22",0.880563931056271,-0.548055736160607,0.045,0.06,1
"CCDC25",0.880596198374385,0.197359626546196,0.05,0.048,1
"COX15",0.880971613020101,-0.162325422251103,0.024,0.031,1
"EBAG9",0.881051820045765,-0.345729261713827,0.047,0.063,1
"TAB1",0.881217607794566,0.696321060033221,0.017,0.014,1
"ACVR2A",0.881236413762601,-0.598267778295289,0.011,0.017,1
"FOXP1-AS1",0.881479217933377,0.180561451997529,0.025,0.023,1
"ZNF252P",0.881525811283764,0.307507709560133,0.01,0.011,1
"PAAF1",0.881606235486143,-0.388590153030387,0.018,0.023,1
"ENSG00000285692",0.881694755907158,0.149617416235532,0.021,0.023,1
"FRAT2",0.881826182804423,0.110700957530909,0.107,0.105,1
"LSM14B",0.881827028141483,0.269368627430509,0.058,0.051,1
"DHRS4",0.881838863332378,-0.174427975458531,0.033,0.034,1
"MAGI3",0.881902982323009,-0.277822856230109,0.023,0.026,1
"ZNF280C",0.881981096025051,0.36082995347797,0.034,0.034,1
"RFNG",0.882201400365588,0.170259143511322,0.027,0.023,1
"PABIR3",0.882453624542561,0.302036067521453,0.051,0.051,1
"WDR5B-DT",0.88261570453466,-0.181577013485511,0.079,0.1,1
"WASF1",0.882771789146486,0.118531475862129,0.058,0.057,1
"S100A10",0.882883544638903,-0.199683407414831,0.201,0.217,1
"WDR25",0.882953817535604,-0.365741667321466,0.018,0.026,1
"ENSG00000215014",0.88317301287438,-0.312604831586377,0.007,0.011,1
"CPLANE1",0.883176887269466,0.114290166837131,0.052,0.051,1
"RNF135",0.883305892298349,0.486181560649478,0.013,0.011,1
"SLC25A30",0.883328040201123,0.235149167128756,0.024,0.026,1
"ZNF324B",0.883408979130111,-0.761858079173376,0.007,0.011,1
"TUT1",0.883442220586333,-0.103159462832695,0.042,0.051,1
"RBAK",0.883581839532658,0.174983488861348,0.023,0.02,1
"XPNPEP3",0.883682877568039,-0.261348089841371,0.042,0.054,1
"LCMT2",0.88399053439263,0.112480488286914,0.014,0.011,1
"CDH23",0.88402019154424,0.223898801852851,0.013,0.017,1
"KCTD18",0.88417383011967,-0.453527012696477,0.031,0.034,1
"SYMPK",0.884655258675369,-0.110669753432023,0.116,0.131,1
"GMPPA",0.88483397507729,0.283624989177008,0.024,0.023,1
"GALNT6",0.884862863399795,-0.175818654169295,0.052,0.066,1
"FAM131B-AS2",0.884969884202873,-0.566637567237072,0.018,0.026,1
"PCNX3",0.885075480410956,0.345879658389398,0.031,0.028,1
"NSD2",0.885204647215077,-0.114081371169104,0.068,0.083,1
"KMT2B",0.885463275941179,-0.350778539859647,0.072,0.091,1
"CBR1",0.885550717165201,-0.386408476167246,0.016,0.02,1
"CD274",0.885591345020485,-0.497773851385858,0.017,0.017,1
"MIEF1",0.885768182485969,-0.459121350644977,0.02,0.026,1
"ZNF254",0.885996386231281,0.23699344254804,0.064,0.066,1
"ZNF257",0.886096436724046,0.619191365098664,0.014,0.011,1
"LTBP4",0.886224146642622,-0.384046147111579,0.02,0.026,1
"ENSG00000229839",0.886249236893652,-0.650170015012502,0.008,0.011,1
"ENSG00000289294",0.886557278290084,-0.154078225475602,0.025,0.026,1
"TMEM201",0.886558338593579,0.66339949746806,0.011,0.009,1
"RIC8A",0.886569256045287,-0.292772126550968,0.095,0.125,1
"ZNF546",0.886579975028114,0.202365296705763,0.011,0.011,1
"NLE1",0.886603032624699,-0.206057648285904,0.025,0.026,1
"ENSG00000248367",0.886604294921514,-0.297508916649153,0.013,0.014,1
"PDLIM5",0.886817244098908,0.112573693510964,0.103,0.103,1
"ZNF354B",0.887058317068827,0.163151969437925,0.04,0.04,1
"USP30-AS1",0.887091238721252,-0.475582285557165,0.016,0.023,1
"LHFPL6",0.887222681909815,-0.499758846580042,0.013,0.02,1
"ENSG00000278390",0.887264669724273,0.679976075596289,0.021,0.02,1
"STRADB",0.887365951432734,-0.295264541743948,0.037,0.046,1
"PANK3",0.887495892532971,0.139066919449755,0.124,0.131,1
"ARMCX2",0.88767587528099,0.196521504902391,0.016,0.014,1
"SLC6A6",0.887911287056479,0.139357792917025,0.096,0.094,1
"MRPL18",0.888124162517337,0.11825429457561,0.192,0.191,1
"FCMR",0.888232763355537,0.109471545706757,0.417,0.419,1
"ZNF830",0.888300095832525,-0.169631545240667,0.143,0.16,1
"BCL9L",0.888336828363428,-0.145471781456406,0.232,0.274,1
"CHST15",0.888677818991603,0.144958416659569,0.076,0.088,1
"TCAF2",0.888874154428374,-0.135085217624621,0.017,0.023,1
"SMC4",0.888877903157284,0.191890317079464,0.18,0.191,1
"BMI1",0.888926149370689,0.265198453059984,0.058,0.057,1
"HS1BP3",0.889007384523818,0.302127070369316,0.016,0.014,1
"ZNF594",0.889162522764976,-0.192719665361778,0.007,0.011,1
"SCLY",0.889212825273896,0.165557684043844,0.031,0.031,1
"IGLL5",0.88923326752241,-0.122869515098882,0.168,0.188,1
"IGHV3-21",0.88927284904386,-0.461137702968524,0.055,0.057,1
"LRRC8A",0.889492062808048,-0.558728405053702,0.066,0.083,1
"POLR3E",0.889915256927139,-0.111955519283732,0.127,0.151,1
"EPHA4",0.889969695045385,0.168775832718431,0.042,0.04,1
"ENSG00000288964",0.890133330240273,-0.522985365427425,0.01,0.014,1
"LINC00957",0.890288240708811,-0.552807813878409,0.014,0.017,1
"RAI1",0.890434748195611,-0.102636000484066,0.047,0.06,1
"ENSG00000288900",0.89062306038308,0.289802359163344,0.011,0.009,1
"XACT",0.890891626863761,-0.751732467123611,0.008,0.011,1
"CLPB",0.890916670122268,-0.451805629712208,0.016,0.02,1
"ENSG00000291067",0.891007235397769,0.200684218031375,0.173,0.174,1
"DCAF5",0.891086272937438,0.176830961105936,0.127,0.131,1
"ENSG00000267523",0.891167800853642,0.236198215190838,0.042,0.046,1
"PPARA",0.891379920050002,-0.29000124049685,0.061,0.077,1
"AGBL5",0.891487907399218,-0.179631019137219,0.017,0.023,1
"GRSF1",0.89157281941171,-0.132350307173837,0.126,0.154,1
"MLLT1",0.891675918474659,-0.112724410762076,0.04,0.04,1
"COMMD8",0.891715170956614,-0.118669086265383,0.075,0.091,1
"SOS1",0.891862630279962,-0.104413913284665,0.177,0.205,1
"ADGRL1-AS1",0.891890926857871,0.116165011938506,0.011,0.014,1
"H2AC14",0.892017947612904,-0.270065643681775,0.01,0.014,1
"ENSG00000288880",0.892100692173647,-1.3778214755899,0.007,0.011,1
"EIF5A2",0.892168117251209,-0.127623994418808,0.016,0.017,1
"PIK3R2",0.892252302271735,0.283836152464136,0.016,0.017,1
"POLG2",0.892355478900156,-0.332778205363625,0.045,0.06,1
"KCTD3",0.892513172442277,-0.1114167196953,0.007,0.011,1
"PROCA1",0.89271829899173,-0.339154863356079,0.008,0.011,1
"TMEM44-AS1",0.8928991587048,0.433211245305249,0.034,0.031,1
"TAF5L",0.893009097869702,-0.222063129488629,0.099,0.114,1
"TASL",0.893037108924637,-0.133391638338513,0.027,0.031,1
"PFAS",0.89330496853967,0.214469945381335,0.024,0.028,1
"ZNF711",0.893409613903256,0.126089689238386,0.01,0.014,1
"ENSG00000285976",0.893484470432735,-0.15106491120555,0.153,0.171,1
"ENTR1",0.893540079519982,-0.205690360056706,0.064,0.071,1
"CCHCR1",0.893826894262682,0.58406810520535,0.011,0.011,1
"H2BC7",0.893898645693329,-0.394681753902685,0.024,0.031,1
"CAMKK1",0.893943442459832,-0.118102630162542,0.064,0.071,1
"ZNF844",0.894094795309869,0.116637782483267,0.079,0.08,1
"ENSG00000291201",0.894373466090209,-0.638242167474507,0.016,0.023,1
"ZNF707",0.89440812332334,-0.313516435093891,0.023,0.031,1
"PHC1",0.894451884947137,-0.12436741000622,0.05,0.06,1
"ENSG00000270022",0.894453344915523,0.85774696585523,0.031,0.028,1
"THBS3-AS1",0.894608905698766,-0.610049751365151,0.007,0.011,1
"PDGFA",0.894726728288147,-0.466054478520951,0.007,0.011,1
"CEP78",0.894900716697137,0.39293686255043,0.038,0.037,1
"IRF2-DT",0.894940522229557,0.69762474219213,0.017,0.014,1
"C2orf74",0.89503942456865,0.721959463208335,0.01,0.009,1
"ENSG00000226455",0.895266025562419,-0.14653454719774,0.048,0.057,1
"ENSG00000238142",0.895280689839515,0.340942053699071,0.024,0.028,1
"AP5S1",0.895284924542212,-0.645026199472871,0.03,0.037,1
"BBS9",0.895328659541656,0.365210508656362,0.044,0.046,1
"CD99L2",0.895340147295761,0.817673967484121,0.013,0.011,1
"TMEM204",0.8955070232123,-0.33809854937985,0.008,0.011,1
"MTIF2",0.895535283826852,0.176058315847125,0.024,0.023,1
"DNAJC5",0.895820344544945,0.310161186432813,0.044,0.046,1
"ABTB2",0.896117941150257,-0.291387535225093,0.037,0.046,1
"ENSG00000264895",0.896128851238845,0.375322469114566,0.02,0.023,1
"FAM131A",0.896306793185568,-0.348121478329349,0.017,0.023,1
"DMAC1",0.896368628455475,0.214067399044313,0.051,0.054,1
"IQCE",0.896699589241791,-0.515868790018613,0.01,0.017,1
"KLC1",0.8967506359219,-0.348391903139335,0.1,0.12,1
"NTN1",0.896930253365491,0.603870240104511,0.016,0.014,1
"STK26",0.896944671545037,0.102803529315734,0.133,0.14,1
"GSTM3",0.897269665141796,-0.228361253403283,0.016,0.023,1
"DTX4",0.897270664041134,0.44702661002082,0.027,0.023,1
"SMARCAL1",0.897567345755719,0.405459462293527,0.023,0.02,1
"TMEM91",0.897643898521311,-0.278207008208066,0.016,0.02,1
"SUV39H2",0.897690826782199,0.395083021311851,0.008,0.011,1
"APOL2",0.897710814590372,-0.684989111304994,0.016,0.02,1
"TCEAL3",0.898223314946019,0.202854822631799,0.055,0.054,1
"ZNF236",0.898369209041205,-0.213270321495371,0.078,0.091,1
"OXLD1",0.898456045820608,0.268140806469842,0.034,0.037,1
"EMILIN2",0.898781864647788,-0.102715895121824,0.137,0.165,1
"GALT",0.898803612904663,0.335269349165449,0.035,0.034,1
"SNAI3",0.898985332938218,0.294897785681414,0.014,0.017,1
"IGHG1",0.899060629358003,0.724147136005301,0.014,0.011,1
"GBGT1",0.899084110285444,0.269947485267346,0.017,0.02,1
"ENSG00000235066",0.899097595249649,-0.301847188701311,0.028,0.04,1
"ENSG00000289558",0.899127033520566,0.732732398109197,0.011,0.009,1
"EML4-AS1",0.899183319815214,0.103348983492102,0.02,0.02,1
"GID8",0.899213678424186,-0.107826111808756,0.187,0.219,1
"TAOK2",0.899323132716637,-0.251869317126745,0.014,0.023,1
"ZNF616",0.899370988151948,0.208204686719703,0.013,0.014,1
"WDSUB1",0.899739179595267,0.187350753354259,0.054,0.054,1
"LPCAT4",0.899744813658008,-0.152814944958007,0.034,0.043,1
"ZNF528",0.899769064441942,-0.964396996356527,0.007,0.011,1
"NOP9",0.899900276482283,-0.111169733591989,0.03,0.031,1
"MCM4",0.899936652934342,-0.358708128485433,0.03,0.037,1
"HEATR3",0.899942458582747,0.295003181696262,0.016,0.014,1
"CUL7",0.899993417126673,-0.424180671262026,0.013,0.014,1
"LINC02384",0.900190080579814,-0.182540986164247,0.025,0.034,1
"CLSPN",0.90025167940979,0.670345178828141,0.016,0.011,1
"ZNF433",0.900698678165917,-0.59575323024324,0.008,0.011,1
"PRC1",0.900718152491136,-0.17818190393898,0.027,0.037,1
"SENP1",0.900898888382667,0.262748382482588,0.072,0.071,1
"NSUN5",0.901256750807582,-0.195774469544737,0.071,0.091,1
"SOAT1",0.901367295389104,-0.127447653378961,0.085,0.103,1
"BLCAP",0.901524136404251,0.100024654083035,0.184,0.191,1
"ZHX3",0.901710190870681,-0.255961980270069,0.028,0.028,1
"HGH1",0.901743092432188,-0.128951236880964,0.014,0.014,1
"ENSG00000261526",0.901780832254382,-0.423474399453288,0.025,0.034,1
"PTCD3",0.901893836637633,-0.245851225724748,0.122,0.137,1
"ENSG00000258666",0.901898431517335,-0.473466564173192,0.007,0.011,1
"POC1B-AS1",0.902089406951901,0.530042322826536,0.031,0.034,1
"COPB2",0.902171563592377,-0.101454639965874,0.225,0.251,1
"SPDYE2",0.9022478082267,-0.221567519714798,0.01,0.009,1
"ENSG00000286548",0.902390642537939,0.2484367694469,0.021,0.02,1
"ACACA",0.902542233965609,0.277617474793425,0.037,0.04,1
"BLTP1",0.902578435695865,-0.216332645009421,0.096,0.114,1
"AGRN",0.903118517459844,0.573034598435798,0.013,0.017,1
"TMTC2",0.903156446778552,0.391136003568505,0.01,0.009,1
"SPECC1L",0.903246848976213,0.122995820271965,0.096,0.1,1
"GTF2E1",0.903326325850455,0.320414602592028,0.021,0.026,1
"TTC31",0.903384336985395,-0.285750344295656,0.04,0.048,1
"LINC01857",0.903631223320887,-0.253777009179721,0.147,0.174,1
"MCEMP1",0.903666674858549,-0.769420593997823,0.008,0.011,1
"DENND6B",0.903796649906933,0.629240404900982,0.011,0.009,1
"DPH6",0.903861904168191,0.198749273197465,0.025,0.026,1
"ZBTB11",0.903931139468368,-0.12921250327009,0.204,0.228,1
"RGS10",0.903968308660195,-0.136290095984063,0.047,0.057,1
"NISCH",0.904013852622433,0.104159196618851,0.064,0.063,1
"GNAI1",0.904068834520831,-0.257392026117707,0.008,0.011,1
"PLCD1",0.904121418143387,-0.457206561340912,0.007,0.011,1
"AGTPBP1",0.904308660138732,0.170597764587931,0.197,0.211,1
"TMEM129",0.904318670660953,-0.414089362090543,0.013,0.02,1
"ENSG00000280441",0.904468808937809,0.163232699932554,0.987,0.989,1
"CASP1",0.904576531061589,-0.154978989241544,0.021,0.028,1
"SLC25A35",0.904602518799324,-0.493676052736518,0.008,0.011,1
"BRF2",0.904630971908286,-0.594047385538834,0.023,0.028,1
"PIP5K1C",0.904742970989935,-0.210503928181748,0.023,0.028,1
"ENSG00000262879",0.904775156470174,-0.312734509465333,0.059,0.068,1
"CASTOR3P",0.904775926667347,-0.174834217099145,0.037,0.046,1
"ENSG00000273319",0.904804194954351,0.25108788254785,0.055,0.057,1
"ENSG00000237938",0.904804235468585,-1.33816804677807,0.006,0.011,1
"ZNF671",0.904888953327017,-0.126065328296517,0.025,0.026,1
"TEX2",0.905005681257097,-0.134254557658573,0.013,0.011,1
"CHKB",0.90570130907821,0.107088040258984,0.225,0.228,1
"LRP6",0.90580886704299,-0.224982382729145,0.008,0.011,1
"RAD18",0.905863073248275,-0.323896320355316,0.083,0.097,1
"TRAF3IP1",0.905881193909332,-0.308661135350252,0.008,0.014,1
"YTHDF1",0.905960281044443,-0.163761499526435,0.163,0.171,1
"MARS2",0.906106966000768,-0.235443371782827,0.016,0.017,1
"RORA-AS1",0.906196389308937,-0.617087353797558,0.023,0.028,1
"ENSG00000286458",0.906211917845067,0.241652376654327,0.013,0.014,1
"ENSG00000250592",0.906504011037108,-0.155244458066329,0.01,0.011,1
"CELF6",0.906911565552253,-0.130810988284632,0.016,0.017,1
"ENSG00000285730",0.907029020954318,-0.563524811245298,0.01,0.014,1
"EID1",0.907081578767406,-0.11830253120407,0.18,0.205,1
"C4orf47",0.907159755758006,-0.409225564921847,0.011,0.014,1
"FBXO7",0.907554951938236,-0.140027948091744,0.263,0.302,1
"INO80E",0.907751285282316,0.125612870836652,0.096,0.1,1
"DDIT4",0.907848859192424,-0.15113880599085,0.376,0.416,1
"KCTD11",0.908048500104339,-0.109387634353308,0.011,0.009,1
"BCORL1",0.908249618386199,-0.126549464740448,0.024,0.023,1
"GNS",0.908502277339522,0.536968956917087,0.028,0.026,1
"PACRGL",0.908854051959285,-0.696552652490011,0.024,0.026,1
"LRRC28",0.908866674343354,-0.162999915388316,0.048,0.054,1
"SBF2-AS1",0.909080291680338,0.33199954218974,0.017,0.02,1
"PAQR3",0.909351596825423,0.124381163653473,0.122,0.128,1
"PSMD5",0.909371104239626,0.104704127613195,0.107,0.12,1
"RCCD1",0.909451084181913,0.222685363783749,0.018,0.014,1
"WDTC1",0.909759779898054,0.13456178809495,0.119,0.128,1
"WDHD1",0.909850201721877,0.117079487977217,0.027,0.028,1
"SLC20A2",0.909912250951366,-0.206905941711602,0.109,0.128,1
"IGKV3-20",0.90996299458627,-0.196598912116523,0.123,0.134,1
"ENSG00000258752",0.910025367717258,-0.724579590715621,0.011,0.017,1
"ZSCAN22",0.910269921931943,-0.452287260900588,0.01,0.014,1
"ZNF496",0.910315756925897,0.15335704206697,0.023,0.023,1
"EMP1",0.91047477815347,-0.607118275046826,0.018,0.023,1
"FBXO46",0.910529881572704,0.217822712773354,0.065,0.066,1
"C9orf40",0.91053684626199,0.294216824343055,0.024,0.023,1
"HEATR5A",0.910600920562464,0.101033838422223,0.031,0.031,1
"REXO4",0.910658084002062,0.109000085769823,0.065,0.074,1
"SIGLEC10",0.910948974297226,0.187730586688172,0.037,0.04,1
"GABPB1-IT1",0.911003152804773,0.299629987028478,0.103,0.1,1
"ZNF362",0.911012464631946,-0.504641179156872,0.01,0.014,1
"CTBS",0.911064414557842,0.135205575770656,0.086,0.088,1
"ACTR8",0.911078769979992,-0.399281531364061,0.058,0.071,1
"CIAO2B",0.911356077828318,-0.112325159638637,0.335,0.376,1
"NDUFB7",0.911368109867357,-0.264882013660162,0.089,0.108,1
"MIDEAS",0.911591044700121,-0.237037705584368,0.151,0.177,1
"ENSG00000256448",0.911655901286326,0.331151001271504,0.013,0.014,1
"ZNF155",0.911737124918989,0.174408556154436,0.025,0.028,1
"DLGAP4",0.912128824140825,0.233937286525929,0.102,0.103,1
"SLC25A28",0.912375263948297,-0.123749298861946,0.078,0.088,1
"TAF1",0.912434138389932,-0.180107068098152,0.079,0.1,1
"ZNRD2",0.91253629481041,-0.132037806598972,0.225,0.251,1
"ACBD4",0.91300505237947,0.521168755938068,0.023,0.02,1
"DEDD",0.913136739732599,-0.118094236555972,0.088,0.103,1
"KCTD20",0.913347073568986,-0.124502577145533,0.157,0.182,1
"FGD3",0.913695342472132,-0.103836122233308,0.112,0.12,1
"WASHC3",0.913985209956559,0.189788453278347,0.079,0.08,1
"COG8",0.914318583159477,0.155875119674875,0.02,0.02,1
"POP1",0.914397754399936,-0.315119760867187,0.025,0.034,1
"PI4KA",0.914416941240719,-0.184636258970357,0.122,0.137,1
"LSP1",0.914499805683244,-0.1120126821179,0.358,0.402,1
"USP7-AS1",0.914532850854456,0.26433371670841,0.028,0.028,1
"FOXN3-AS1",0.914626194135049,0.263673830115565,0.013,0.011,1
"ENSG00000290032",0.914696825640428,-0.409559327062932,0.014,0.017,1
"ZNF319",0.914771188975887,-1.07619247846947,0.01,0.014,1
"TNFAIP8L1",0.914778858589973,0.31160168421327,0.018,0.017,1
"GSTM2",0.914878980315832,0.188813138284675,0.013,0.014,1
"ZNF688",0.914880403405286,0.338690468990209,0.014,0.014,1
"ZNF892",0.915258309617976,0.503794116083906,0.01,0.009,1
"MED28-DT",0.91597318382979,-0.391567988872192,0.007,0.011,1
"ENSG00000227627",0.916278251586581,-0.273472418479453,0.011,0.017,1
"GBF1",0.916762251259483,-0.174128916814092,0.191,0.211,1
"ALDOC",0.916840069682241,-0.598462103386782,0.011,0.014,1
"ENTPD3-AS1",0.917112525278914,0.973217920105146,0.016,0.014,1
"KAZN",0.91714084940528,-0.165515588434826,0.007,0.011,1
"TEX261",0.917351537211816,0.394039458832118,0.023,0.026,1
"FYN",0.917403022232937,-0.130011096660982,0.156,0.177,1
"UBQLN1",0.917436787011131,-0.104039993415742,0.279,0.319,1
"LACC1",0.917547934581076,0.187365892310174,0.044,0.048,1
"NHEJ1",0.917642165560266,-0.142042726159673,0.075,0.083,1
"ZNF594-DT",0.91796220296413,0.509038234807528,0.011,0.011,1
"ENSG00000286314",0.918234311891352,-0.643010341572023,0.008,0.014,1
"OBSCN",0.918352119579843,-0.47442151121861,0.018,0.023,1
"MTPAP",0.918402240884032,0.225828629195293,0.074,0.074,1
"ZSCAN2",0.918409398853049,-0.20249185717377,0.014,0.014,1
"OMA1",0.918696520631285,0.309254634392834,0.017,0.014,1
"TMEM250",0.918949304027608,-0.167017883782014,0.021,0.031,1
"UBE2E3",0.919240050110064,-0.109454950027,0.133,0.151,1
"ENSG00000290876",0.919283904459556,0.275481776352977,0.016,0.014,1
"HHAT",0.920086997789931,-0.433754375655566,0.014,0.017,1
"APTR",0.920276005207405,-0.236305223840808,0.01,0.011,1
"HIVEP2-DT",0.920409801425231,0.212814480483373,0.013,0.014,1
"GBP3",0.920735142005282,-0.106912964615321,0.011,0.014,1
"LMBRD2",0.920762755249213,-0.522157727645834,0.023,0.031,1
"MON2",0.920795009068903,-0.12571712579214,0.215,0.248,1
"ADAT3",0.920797516014882,0.441445902709365,0.031,0.028,1
"DPF3",0.920822029861507,-0.149911267929189,0.018,0.023,1
"ISYNA1",0.920868633145628,-0.303453524542629,0.023,0.028,1
"NSUN5P2",0.921185342376101,-0.169056356956418,0.023,0.02,1
"SYT9-AS1",0.921201132030112,0.512333811795817,0.028,0.026,1
"RIPK3",0.921235062936156,0.151367026884783,0.011,0.014,1
"TMEM167B-DT",0.921601316176122,-0.275250169993687,0.01,0.014,1
"MAP3K10",0.921636756796155,-0.419864355604389,0.017,0.02,1
"C17orf67",0.921884964575679,0.279552792006769,0.027,0.028,1
"EPG5",0.921936174598525,-0.173263427770646,0.062,0.077,1
"LIMK1",0.921947401846348,-0.431650901053707,0.048,0.054,1
"ATP8B1",0.922013691657737,0.108362560720767,0.038,0.04,1
"CMC4",0.922150543211283,-0.131984384473659,0.014,0.017,1
"ENSG00000288909",0.922320350681539,-0.478778968870642,0.008,0.011,1
"TMEM106B",0.922450704631242,-0.281242631842389,0.033,0.043,1
"HMGA1P4",0.922618182143819,0.107147906870885,0.048,0.048,1
"KIAA0753",0.922649312037353,-0.238219427353486,0.03,0.037,1
"JARID2-AS1",0.922658740229934,0.130776717537036,0.011,0.011,1
"MRPL11",0.922706533783093,-0.270640990102372,0.112,0.131,1
"NDST2",0.922891396075812,-0.191862932685807,0.062,0.08,1
"ZNF419",0.922965096628183,-0.222029304774447,0.017,0.026,1
"LBHD1",0.923198849095053,0.254545740078919,0.011,0.011,1
"SPAST",0.92337100672374,-0.154908321939923,0.052,0.054,1
"XPC-AS1",0.923398509001641,0.908683994976185,0.01,0.009,1
"SNRNP48",0.923456013132581,0.157726821321616,0.058,0.06,1
"C1orf174",0.923666045314207,-0.183268834929848,0.088,0.108,1
"COMTD1",0.923710436360143,-0.280980378258149,0.018,0.017,1
"KIAA0930",0.923828643035133,-0.310159586028317,0.01,0.014,1
"AKAP17A",0.923872138814609,-0.14254490019102,0.279,0.313,1
"ENSG00000254397",0.924035235682518,-0.700046632816872,0.007,0.011,1
"ARHGAP15-AS1",0.924229823158284,-0.378839062086731,0.013,0.011,1
"ENSG00000267009",0.924237922095529,0.163627757425941,0.013,0.011,1
"MYO19",0.924282569556244,-0.2842841100344,0.03,0.037,1
"DCP2",0.924358151318254,0.138955613397362,0.173,0.182,1
"ENSG00000238221",0.924377813125937,0.369501807022537,0.008,0.011,1
"LINC01128",0.924511877475351,0.120596691894372,0.075,0.077,1
"VPS11",0.924567984498972,-0.160253215081707,0.061,0.068,1
"FANCI",0.924583606136517,-1.08904458997914,0.008,0.014,1
"SNAPC2",0.92463957835152,-0.211603589778411,0.04,0.051,1
"C2CD2L",0.924928864320533,-0.151874524048798,0.008,0.011,1
"PYGB",0.924988746131672,-0.107856363555377,0.024,0.028,1
"GPAM",0.925050740411316,-0.435771987390806,0.008,0.014,1
"RIOX2",0.925300650051233,-0.182586026187702,0.021,0.026,1
"CKB",0.925417353388179,-0.111212712946319,0.031,0.037,1
"GTF2H4",0.92544328724193,-0.260954955983506,0.023,0.028,1
"DGKQ",0.925542735611356,-0.287517551513564,0.014,0.014,1
"TMEM185A",0.925661453432042,0.331272401909222,0.025,0.026,1
"NKIRAS2",0.925902929677331,-0.211234120500339,0.054,0.066,1
"OBI1-AS1",0.926069222412822,-0.424464155810033,0.011,0.014,1
"PUDP",0.926185397483941,-0.291097440836764,0.041,0.048,1
"PPP2R5A",0.926301595474525,-0.291719868370492,0.127,0.142,1
"PLXNA2",0.926306051306328,-0.639900743572068,0.011,0.011,1
"CCND1",0.926346715722088,0.11479686116445,0.023,0.023,1
"ADGRE3",0.926482467320237,-0.536757051762049,0.011,0.017,1
"CD2BP2",0.926605032455028,-0.107568950850003,0.144,0.171,1
"TSFM",0.92674756097119,-0.281531954504356,0.051,0.068,1
"HGS",0.927026899291109,0.109977251387168,0.15,0.162,1
"BPNT1",0.927420339254288,-0.164786673110246,0.013,0.014,1
"LMF1",0.927707143081286,0.280130110783418,0.035,0.037,1
"IGHV1-24",0.927789205491071,0.449133366076872,0.017,0.02,1
"LRPPRC",0.927829254693911,0.110185439700365,0.194,0.205,1
"OCEL1",0.927890217951741,-0.13306866851585,0.021,0.02,1
"FES",0.927909836599335,0.285392503882917,0.01,0.009,1
"CNNM2",0.92797810576041,0.313659965893826,0.044,0.046,1
"MKNK1",0.928103695169831,-0.117335681843745,0.03,0.034,1
"BAP1",0.928132312404006,-0.171195868355842,0.038,0.046,1
"C1QTNF7-AS1",0.928160824910109,0.519022510880081,0.018,0.017,1
"IGHV1-18",0.928256756598408,-0.158510647518226,0.04,0.043,1
"RNGTT",0.928259805805375,-0.222618592092255,0.165,0.191,1
"MME",0.928273200778153,0.273265701992792,0.024,0.023,1
"MPV17L2",0.928314193909078,-0.502320481041234,0.017,0.023,1
"UBE2D3-AS1",0.928588430651644,0.57009223086576,0.013,0.011,1
"CTR9",0.928651277576154,-0.160188812163289,0.191,0.214,1
"TRAF1",0.928722562139922,-0.406722995451444,0.054,0.06,1
"DHRS13",0.928818728247533,-0.516714115761237,0.01,0.014,1
"MPEG1",0.929173953505828,-0.386275254092752,0.037,0.046,1
"SPATS2",0.929211919188637,-0.235014058257311,0.045,0.051,1
"C5orf24",0.929627712502702,0.100163099492476,0.153,0.162,1
"THOC6",0.929749407534869,0.287686997863177,0.081,0.08,1
"TOP3B",0.929927876653081,-0.229261246266148,0.018,0.023,1
"DHCR7",0.929958977753694,-0.504363893062013,0.011,0.014,1
"TSC2",0.930242457310689,-0.352443590888124,0.023,0.026,1
"SLC35E4",0.930561921716118,-0.279829386792662,0.01,0.011,1
"LMO7",0.93065357374384,0.420673996097578,0.018,0.017,1
"ZNF784",0.930871377812005,-0.148014714169441,0.028,0.031,1
"CNNM3",0.930927076316333,-0.111818114538507,0.035,0.034,1
"CCNYL1",0.931196577063088,-0.122624253528162,0.173,0.177,1
"ZNF35",0.931409407329844,-0.14254330279915,0.024,0.026,1
"TRRAP",0.931500551229384,0.151922624393708,0.117,0.123,1
"CCNJ",0.931730964597631,0.179900689975013,0.028,0.028,1
"UBR7",0.931742856898982,-0.129197869782106,0.083,0.1,1
"TCFL5",0.931767579442232,-0.123946488742703,0.066,0.08,1
"NIPSNAP3B",0.931785929884291,0.231052589959547,0.024,0.023,1
"G2E3-AS1",0.931910614635664,0.151601056886119,0.024,0.023,1
"IPO8",0.932031598434836,-0.117146899551304,0.068,0.077,1
"CENPM",0.932034252795906,0.311475399113319,0.076,0.077,1
"MAP9-AS1",0.932099382861995,0.299459547020086,0.01,0.009,1
"MTHFSD",0.932392561422356,0.117561335253803,0.011,0.009,1
"ZMYND11",0.932414747729663,0.242281160647692,0.099,0.108,1
"ZNF672",0.932516461825057,0.106712919539261,0.115,0.117,1
"LENG9",0.93259793855197,0.528296203743214,0.013,0.011,1
"ZC3H6",0.932635225150624,-0.153550714240752,0.045,0.057,1
"ENSG00000272426",0.932661850458909,0.493828946575162,0.021,0.017,1
"TIMM22",0.932765585959064,0.169263593132143,0.088,0.091,1
"HOOK1",0.933009741633653,0.322273857475098,0.02,0.02,1
"DIS3L2",0.933196026213056,0.160694502143236,0.066,0.068,1
"FAN1",0.933215200946357,-0.218671811380612,0.013,0.017,1
"CKLF",0.933217458962245,0.239005003105591,0.047,0.046,1
"POLD2",0.933234828552386,-0.215104598692502,0.075,0.091,1
"TMEM104",0.933289469702117,0.288173932308104,0.016,0.014,1
"GLE1",0.93341333065937,-0.285113285692061,0.035,0.037,1
"ZCCHC3",0.933486819404333,0.179269467361865,0.11,0.111,1
"MAP4K2",0.933720573052455,-0.182540088014927,0.099,0.111,1
"ENSG00000229337",0.933743928230873,-0.485906858237863,0.008,0.011,1
"GEMIN5",0.933813879343848,-0.456597035413338,0.035,0.037,1
"SLC15A2",0.933828885776978,-0.224974813750661,0.024,0.028,1
"LINC00342",0.934063506040929,-0.271450346425834,0.034,0.043,1
"DPH1",0.934071088464322,-0.115572940431686,0.139,0.154,1
"FLT1",0.934163989106817,-0.723398294397148,0.008,0.014,1
"LRSAM1",0.93484064782319,-0.24740087914763,0.016,0.014,1
"COQ8B",0.93520291610075,0.347068382802749,0.028,0.028,1
"ENSG00000289084",0.935241685629609,0.450858077893291,0.011,0.014,1
"PTPN7",0.935282685633105,-0.133769947804996,0.123,0.131,1
"MTHFR",0.935318299168419,-0.117991494515266,0.047,0.054,1
"CD1C",0.935318749900804,0.114610064546875,0.024,0.023,1
"KIF3B",0.935353436991501,-0.338849168243985,0.038,0.046,1
"PRMT5",0.935475901298109,-0.235380699206846,0.044,0.054,1
"HDDC3",0.935517411514326,0.941963455375954,0.01,0.009,1
"GNPNAT1",0.935536423996855,-0.541158757883337,0.018,0.023,1
"PPP6R2",0.935842885353963,-0.249308520799101,0.12,0.142,1
"SLC25A44",0.935915815212234,-0.245489308826915,0.044,0.06,1
"ENSG00000273141",0.936121274357817,-0.315272156086255,0.011,0.009,1
"TMCC3",0.936200588031204,-0.326464999237588,0.013,0.014,1
"MFSD12",0.936221023886444,-0.299163919147178,0.082,0.097,1
"LINC00847",0.936343028365093,0.374953415747238,0.014,0.014,1
"CCT6B",0.936361037561722,0.112469563188705,0.014,0.014,1
"ENSG00000254459",0.936394794642779,-1.10376525528818,0.007,0.011,1
"GTPBP8",0.936417518354291,-0.257925187787037,0.076,0.094,1
"GFUS",0.936534130023084,-0.111780160968928,0.1,0.12,1
"DYNC1I2",0.936546283576023,-0.131262698516676,0.103,0.123,1
"ENSG00000290476",0.93654740667451,0.29070704531996,0.016,0.014,1
"ZNF439",0.936558893104379,-0.199484629882009,0.024,0.028,1
"CYP2U1",0.936571801700088,-0.276333008504756,0.024,0.031,1
"PTGR2",0.936645204845148,0.508382135461033,0.01,0.009,1
"PCYOX1L",0.936761124506403,0.975528704404117,0.01,0.009,1
"RIOX1",0.936919099055254,0.107460620233832,0.057,0.06,1
"CRYL1",0.937044817712348,-0.507659725959748,0.008,0.011,1
"CD68",0.937248636987362,-0.513826667919844,0.01,0.014,1
"C5orf34",0.93742877003293,0.33862882225155,0.008,0.011,1
"MSANTD7",0.937493839439038,-0.179581466406773,0.045,0.054,1
"CYTOR",0.938140847415706,-0.370848721668526,0.014,0.017,1
"HECW2",0.938247685768394,0.242085362436527,0.014,0.02,1
"NUSAP1",0.938563548607749,-0.302752516221645,0.037,0.04,1
"CETN2",0.938577456043075,0.192644853465333,0.018,0.02,1
"BOLA2",0.9391754788225,-0.297690236968564,0.071,0.091,1
"KATNB1",0.939340916729717,0.69161536530258,0.01,0.009,1
"BCR",0.939593313114784,0.534672033469997,0.03,0.037,1
"TRMU",0.939661641455378,-0.23354379317243,0.048,0.054,1
"ENSG00000285728",0.939736334530092,0.55589743762314,0.01,0.011,1
"POLI",0.939744339784155,0.910833880730781,0.011,0.009,1
"GSPT2",0.939773181022357,-0.16476367319924,0.023,0.023,1
"CD58",0.939959636377788,-0.211632407433842,0.235,0.276,1
"CHST10",0.940376665581362,0.152767287429382,0.03,0.028,1
"MADD",0.940485224106323,0.128673406752589,0.05,0.054,1
"CDIP1",0.940683223775376,-0.122289320642453,0.065,0.08,1
"TNFRSF10A",0.940738360939185,0.194837880269535,0.105,0.114,1
"BCKDHB",0.940771849873974,-0.393572635180115,0.024,0.028,1
"PRPF40A",0.940898166416466,-0.108854760356369,0.489,0.533,1
"NAXD",0.941118591256479,-0.209754037421723,0.02,0.026,1
"TRIM52",0.941202262027616,0.181930892639767,0.028,0.028,1
"PRKX",0.941456520093453,-0.144505147817137,0.16,0.177,1
"RAD17",0.941483887154121,-0.19156746158731,0.035,0.043,1
"TMEM63A",0.941591375223257,0.121402191409228,0.052,0.054,1
"ZNF182",0.941952966734597,-0.282723976806732,0.014,0.017,1
"ENSG00000289161",0.942093938390497,-0.234692186806825,0.007,0.011,1
"ZNF18",0.942134491987816,-0.217023094813641,0.014,0.017,1
"RAB30-DT",0.942141207081278,-0.192351166827435,0.028,0.034,1
"URGCP",0.94218856907543,0.228864317315609,0.045,0.048,1
"MRTFB",0.942191833269793,-0.183965532885542,0.024,0.028,1
"VEGFA",0.942330722627349,-0.220883929049726,0.018,0.023,1
"FANCC",0.942331492043855,-0.210047049368308,0.023,0.028,1
"ENSG00000231104",0.942930656103213,0.667563486714846,0.013,0.014,1
"DYNC2LI1",0.942970152355974,0.375173154829987,0.016,0.014,1
"TNFSF13B",0.942998576734907,0.165324788558942,0.014,0.014,1
"MYO1E",0.943011143357366,-0.106397858761655,0.229,0.248,1
"ENSG00000286931",0.943053168714831,0.765548732057614,0.013,0.011,1
"ZMYM1",0.943062633365093,-0.62462382913005,0.011,0.014,1
"IGLV2-8",0.943075778829343,-0.451635657054118,0.011,0.014,1
"TMEM184B",0.943383407108444,-0.214991816323696,0.025,0.026,1
"EEF1AKMT1",0.943432312097523,-0.325275410385677,0.008,0.011,1
"SPACA9",0.943635156389544,0.54511672999492,0.01,0.011,1
"HDGF",0.943796054989178,-0.233878617883986,0.1,0.123,1
"MAFA",0.944136216062878,0.252262400838943,0.054,0.054,1
"IGLVI-70",0.944543241182236,1.46570446585225,0.016,0.014,1
"TECPR2",0.944711859649786,-0.714102807703781,0.01,0.014,1
"CFAP68",0.944739901110236,-0.116286511504679,0.023,0.028,1
"PPP2R5B",0.945028278114323,0.550383616606108,0.02,0.02,1
"ENSG00000287200",0.945236432966237,0.27513355077327,0.01,0.009,1
"PITPNA-AS1",0.945445286432793,-0.343866382869344,0.017,0.02,1
"CDC37",0.945587271014214,-0.129046056649865,0.683,0.735,1
"SOGA1",0.945679890450901,-0.436383206797006,0.014,0.02,1
"TMEM39B",0.945701184055428,-0.410256580800215,0.038,0.046,1
"PIK3CB",0.945715156530285,-0.136128455297942,0.031,0.037,1
"SYVN1",0.945845246385056,-0.10472437393864,0.284,0.319,1
"ENSG00000254907",0.945874241864817,-0.741939685264621,0.011,0.017,1
"CORO1A-AS1",0.945926463319788,-0.408181811859919,0.03,0.04,1
"RINT1",0.946093095048747,-0.112856263721133,0.1,0.114,1
"USP38",0.946104362613677,0.21462332121245,0.092,0.097,1
"ENSG00000226310",0.946290599426734,-0.192478960355138,0.01,0.011,1
"ENSG00000290383",0.946317491355956,0.256542413529817,0.04,0.037,1
"CNTN5",0.946497252176505,-0.442341519212185,0.008,0.011,1
"MBTD1",0.946651800176273,-0.210847155124533,0.12,0.137,1
"SEMA4B",0.946659320820977,-0.134943940012592,0.098,0.105,1
"RXYLT1",0.946744160707823,-0.190490497277755,0.045,0.048,1
"PARP9",0.946765538783237,-0.201042348238946,0.112,0.131,1
"MORN2",0.947148210553432,0.183909813936072,0.014,0.017,1
"WDR53",0.947371697701574,0.619604701382074,0.017,0.014,1
"MCUR1",0.947469479682666,0.203352617059711,0.086,0.088,1
"NDUFA8",0.947538033803749,-0.137432975986287,0.062,0.071,1
"H2BC8",0.94754500088739,0.202044530009847,0.01,0.011,1
"TATDN3",0.947716603126308,-0.349797071755493,0.045,0.054,1
"LINC00534",0.947834709839885,-0.85204768263487,0.01,0.011,1
"SZT2",0.948449494869093,-0.259651727159795,0.037,0.046,1
"JRKL",0.948570577897679,-0.200701154575489,0.014,0.023,1
"ENSG00000290921",0.948757391155734,-0.18425906904115,0.048,0.057,1
"CCDC142",0.948854879731376,0.233762202373442,0.021,0.02,1
"ZNF687",0.948992749789304,-0.275831881528029,0.034,0.04,1
"GALR2",0.949196298910495,-0.34632635473613,0.034,0.043,1
"TDP2",0.949197614873217,0.119208283500311,0.062,0.068,1
"EDRF1-AS1",0.949416600141252,-0.530410132893715,0.008,0.011,1
"ABCD3",0.949779873745936,0.254275895481323,0.061,0.063,1
"DISC1",0.949828333600874,-0.120485730690874,0.016,0.017,1
"ENSG00000289228",0.949909670920329,0.234853256603647,0.011,0.014,1
"PRKCI",0.949998132958188,-0.463684782448761,0.018,0.026,1
"ASB3",0.950116345803198,0.123483020832013,0.13,0.137,1
"L2HGDH",0.950244222254781,0.150352966236505,0.014,0.017,1
"RPS6KA1",0.950422297575175,-0.267341370473693,0.038,0.048,1
"ENSG00000240401",0.950492944915376,-0.862333433299971,0.008,0.011,1
"ZC3H3",0.950521070919494,0.191051260216621,0.038,0.043,1
"ATRIP",0.950633831835289,0.118534570964157,0.064,0.068,1
"TNFRSF10D",0.950950392143291,0.382191434963361,0.014,0.011,1
"SRGAP2C",0.950998834161407,-0.1192595057748,0.031,0.034,1
"LINC00115",0.951098349793053,-0.548237381824555,0.014,0.014,1
"NUP43",0.951251257479782,-0.33797574722593,0.018,0.026,1
"POMGNT2",0.95140934808437,-0.739817585889433,0.01,0.014,1
"RELA-DT",0.951514177099391,0.155796119490232,0.021,0.02,1
"RDH13",0.95164092941879,-0.116388355903152,0.01,0.011,1
"LRRC8C-DT",0.951867409474417,0.416732732814628,0.023,0.02,1
"RAVER2",0.952164239166152,-0.953677993209435,0.011,0.017,1
"GADD45A",0.95222571864476,-0.11885472055042,0.102,0.108,1
"KIF27",0.952236179999472,-0.273047708678475,0.058,0.063,1
"ZZZ3",0.952244332475718,-0.150099762319881,0.182,0.211,1
"BID",0.952265863328615,-0.149009007368617,0.15,0.177,1
"FBXW5",0.952508907806232,-0.165928965469587,0.115,0.131,1
"H3C1",0.952573245380681,0.596401058961484,0.018,0.014,1
"PROSER3",0.952854110835813,0.11525456995069,0.013,0.014,1
"TMCO4",0.95289572454819,-0.215642863007655,0.016,0.017,1
"PTOV1",0.953455430225527,0.189739535387893,0.184,0.199,1
"ID2",0.953469930083479,-0.248265717369627,0.096,0.114,1
"ZNF23",0.953603889737832,0.138170150778798,0.021,0.026,1
"TDRD7",0.953666556042269,0.210174949117965,0.083,0.085,1
"DOHH",0.953703787566429,-0.128523962170627,0.085,0.091,1
"CLCN4",0.953799083036584,-0.191087470761036,0.011,0.009,1
"AP5B1",0.954330862029232,0.110156281707363,0.038,0.04,1
"DZANK1",0.954509861614949,-0.332846021273219,0.024,0.028,1
"ENSG00000291054",0.954649133748992,-0.387426236852368,0.024,0.028,1
"LAMTOR5-AS1",0.954735806718983,0.522420171723587,0.014,0.017,1
"PARG",0.955003262585693,-0.113818735446003,0.069,0.077,1
"UTF1",0.955168659788774,-0.619953030529339,0.014,0.017,1
"MRPS9",0.955226079053819,-0.351804808167651,0.04,0.048,1
"RSKR",0.955311810169362,-0.576927328261952,0.01,0.014,1
"ENSG00000275457",0.955497814144392,-0.263373171023748,0.008,0.011,1
"RSPH3",0.955515187113411,-0.182103472144775,0.011,0.014,1
"ENSG00000290008",0.955721814675993,-0.291424423499733,0.011,0.014,1
"CRKL",0.955831130043423,-0.105336511556488,0.107,0.12,1
"REXO2",0.95593763081247,-0.122193567191502,0.044,0.054,1
"CANT1",0.956078161281996,-0.164939148642079,0.075,0.085,1
"ENSG00000287042",0.956421747618846,-0.110089335710457,0.018,0.023,1
"ENSG00000273828",0.956495828017164,0.103328287025226,0.01,0.009,1
"CHMP3",0.95713310700314,-0.141076648247034,0.16,0.182,1
"YTHDC2",0.957189049935563,-0.101800626777381,0.163,0.174,1
"RAD52",0.957194988404352,-0.343632245178291,0.021,0.026,1
"ZNF865",0.957713863181669,0.166016165411926,0.02,0.02,1
"APBB2",0.958006416114135,0.145416013826137,0.058,0.063,1
"ENSG00000204620",0.958177117782499,0.240384791081043,0.016,0.017,1
"ANXA2R",0.958256697710655,-0.139170898832348,0.018,0.02,1
"TMEM9B-AS1",0.958284422700596,0.100570413094513,0.01,0.011,1
"POLA1",0.958304899154556,0.180323017429791,0.021,0.023,1
"PPP1R37",0.958375833228219,-0.18956119012317,0.021,0.026,1
"ARHGAP42",0.958415306615569,-0.180036748727908,0.05,0.06,1
"DENND11",0.958432497934606,-0.140136973275557,0.109,0.125,1
"HDGFL2",0.958569942699967,-0.162427630207401,0.03,0.031,1
"YIPF6",0.958778823608024,-0.214015844177321,0.051,0.057,1
"PPFIBP1",0.958797279481193,-0.190699448866981,0.021,0.026,1
"KIAA0825",0.958839882125498,-0.13030928945583,0.013,0.011,1
"SUGP1",0.958862199719092,-0.395623602788894,0.047,0.06,1
"SIPA1L1-AS1",0.958921210203972,0.552485532652769,0.01,0.009,1
"TRIM36",0.958960708316216,0.388535974541319,0.01,0.011,1
"PABPC4-AS1",0.959014647820296,-0.109692604533787,0.014,0.017,1
"ENSG00000279529",0.95906612397029,-0.331134518980565,0.016,0.017,1
"ESS2",0.959083411260204,0.229281217905303,0.064,0.068,1
"ZBTB39",0.959182340401179,-0.310061564673053,0.017,0.02,1
"SP2-AS1",0.959310044388849,0.228705729014221,0.013,0.014,1
"AMZ1",0.959354098297583,-0.305647348217322,0.023,0.028,1
"GPALPP1",0.959368486478268,0.160432431395645,0.047,0.046,1
"MRPS31P5",0.95938374236181,0.304299103822038,0.02,0.02,1
"TBC1D31",0.9595555522702,0.502497621550189,0.011,0.009,1
"ATG9B",0.959556727577522,0.55761753380543,0.013,0.011,1
"HEATR5B",0.959692599193947,-0.120543044742175,0.074,0.085,1
"MTBP",0.959789664984083,0.285926137544505,0.018,0.02,1
"INPP1",0.960001428406752,0.43510291319667,0.01,0.011,1
"MEGF6",0.96014168392566,0.277806442772138,0.023,0.023,1
"ENSG00000278869",0.960272903003243,-0.180077751383513,0.011,0.011,1
"ANXA1",0.960368560805863,-1.43557529300397,0.014,0.017,1
"MORN3",0.960385712804152,-0.313799010451617,0.017,0.023,1
"LATS2",0.960476755737744,-0.463192217661425,0.027,0.031,1
"KLHL6",0.960572974480192,-0.112781982385292,0.139,0.162,1
"DHRS12",0.960673862242664,-0.294020153820792,0.031,0.037,1
"TTC32",0.960738442794137,0.171195289570897,0.054,0.054,1
"DAP3",0.960833712497214,-0.11327268536092,0.174,0.199,1
"ENSG00000273748",0.960890944386673,-0.483047381774815,0.024,0.034,1
"ENSG00000262151",0.960893275600121,-0.681377104472866,0.007,0.011,1
"RCBTB2",0.961527285177113,0.240497368839437,0.031,0.031,1
"MRPS5",0.961558452123525,-0.137934132067274,0.099,0.114,1
"VPS33B",0.96172657058842,0.433993756431342,0.014,0.014,1
"ZNHIT6",0.961830212061951,-0.297378333556436,0.069,0.068,1
"EEF1A2",0.961957025265479,-0.356999905447323,0.01,0.011,1
"MAP3K11",0.962125711129315,0.129527268801635,0.116,0.128,1
"H2BC5",0.962209931323989,-0.373998579058875,0.018,0.023,1
"C1RL",0.962407800250253,-0.735714469882143,0.01,0.011,1
"HIRIP3",0.962910593905522,0.321121696419828,0.017,0.017,1
"ENSG00000289979",0.962944984394878,0.29838962912843,0.02,0.02,1
"RABL2A",0.963147365681136,-0.522418796850219,0.013,0.017,1
"PCBD1",0.963451717845217,-0.325941653879528,0.01,0.009,1
"RAB3A",0.963599539693945,0.22785706106149,0.013,0.011,1
"PDCD6",0.963603776869425,-0.124340090093257,0.211,0.242,1
"ENSG00000260719",0.963745907221111,0.244223337925306,0.018,0.017,1
"CHSY1",0.963893364017963,-0.110085282589959,0.044,0.046,1
"ACAP3",0.964043063775444,-0.242121113381838,0.028,0.034,1
"MTX3",0.964179080208002,-0.179168053917844,0.018,0.02,1
"C17orf75",0.964257086155229,-0.287650025342218,0.031,0.04,1
"MRPL24",0.964259667231179,-0.395279121431724,0.031,0.04,1
"GPR146",0.964479185815214,-0.15008043212912,0.102,0.12,1
"DBNDD2",0.964509559760566,-0.180931007196699,0.014,0.014,1
"LINC01374",0.964691155637171,0.130570895910448,0.025,0.026,1
"DGKE",0.964778958118443,-0.442068120704584,0.017,0.02,1
"ZCWPW2",0.965080005682363,0.30631385727906,0.027,0.028,1
"FBXL18",0.965484862587787,0.136465025240935,0.01,0.009,1
"CAPRIN2",0.965537063508885,0.358481121804333,0.031,0.028,1
"FAM85B",0.965553164522653,0.192002637942045,0.01,0.009,1
"ENSG00000291113",0.965605617151959,-0.361626391497323,0.014,0.017,1
"IDH2",0.965622660360346,-0.161340883306219,0.071,0.085,1
"ENSG00000291131",0.965776996369848,0.178995260434299,0.016,0.017,1
"ERICH1",0.965807337974133,0.157453420608064,0.188,0.199,1
"GALNT7-DT",0.965810062437788,0.361934270356165,0.011,0.011,1
"SBK1",0.96618375579042,-0.284050259161414,0.01,0.009,1
"PRPF40B",0.966192010359759,-0.945305229555385,0.013,0.014,1
"ZNF526",0.966205599475655,0.365425661497907,0.014,0.014,1
"SLC38A6",0.966339806585845,-0.593599143970014,0.014,0.017,1
"ENSG00000290793",0.966440316319405,0.1341386316573,0.01,0.011,1
"MIR497HG",0.966691448473472,-0.166444878237405,0.064,0.071,1
"SPAG6",0.96682738022566,0.417822859774527,0.017,0.014,1
"MIRLET7IHG",0.966891648245304,-0.780171565828467,0.011,0.014,1
"PSEN2",0.967040532641993,0.476506999864371,0.013,0.011,1
"TRMT5",0.967086428338279,-0.393672572037597,0.008,0.011,1
"TIMMDC1",0.967273002552292,0.106596341233288,0.034,0.034,1
"FBXL17",0.967523396691802,-0.129223165336708,0.098,0.114,1
"SRM",0.967546701666872,-0.105445985748013,0.13,0.145,1
"ENSG00000237188",0.968220674664267,0.521841150194506,0.011,0.011,1
"SASS6",0.968636140965188,-0.311942450319396,0.028,0.031,1
"H4C4",0.968653801869224,-0.351560893333932,0.014,0.017,1
"ANGPT2",0.968974036913679,-0.526725315644175,0.013,0.017,1
"ENSG00000243305",0.969241142643503,0.261324528686733,0.021,0.023,1
"RER1",0.969293700133974,-0.156546619803923,0.127,0.145,1
"GNA15",0.969430620717588,-0.168227121689282,0.045,0.057,1
"COG1",0.969847758569809,-0.240755127146686,0.042,0.048,1
"GRPEL2",0.96993935212295,-0.216911512897621,0.016,0.017,1
"PARD6A",0.970544533861701,-0.161987141400385,0.054,0.063,1
"H2BC18",0.970607398346116,-0.206529270214851,0.051,0.057,1
"ENSG00000260136",0.970686054348095,-0.406821817168873,0.014,0.017,1
"CHROMR",0.971125734144792,0.413647503731119,0.01,0.009,1
"COA6-AS1",0.97118569952742,0.378316062861974,0.047,0.046,1
"ALG9",0.97122011204052,-0.11659594197542,0.025,0.028,1
"ZDHHC14",0.97124877827959,-0.118229016225376,0.065,0.077,1
"TMTC3",0.971278429991797,-0.212579822122593,0.017,0.02,1
"ENSG00000289603",0.971306280121636,0.458121579064872,0.027,0.023,1
"PHF14",0.971322883939688,-0.18217106795982,0.113,0.123,1
"ENSG00000273175",0.971380174899071,0.156300730791514,0.079,0.085,1
"RETREG3",0.971387872134032,-0.182567385870611,0.069,0.077,1
"DCXR",0.971450679310761,0.101636029013173,0.392,0.419,1
"EIF2B3",0.971619199871243,0.376798763367534,0.041,0.043,1
"ABCD1",0.972552738173282,0.132410412426967,0.013,0.011,1
"DUSP18",0.972594513667921,-0.237394409732145,0.021,0.026,1
"EID2B",0.972798965719336,0.255237206921248,0.01,0.009,1
"TPCN2",0.973113149022045,-0.31562002204256,0.042,0.051,1
"DNAJB1",0.973353508403236,0.145606078382048,0.461,0.467,1
"CDC25B",0.973391046207784,-0.102105995774262,0.071,0.077,1
"PRICKLE1",0.973460144054171,-0.203780720216457,0.038,0.043,1
"RELL2",0.97348919778674,0.182455616495184,0.017,0.014,1
"CXorf38",0.973664320715695,0.103750574690074,0.082,0.088,1
"UBR5-DT",0.973692259606633,0.250039648438352,0.079,0.085,1
"ENSG00000280195",0.973804955696674,-0.154434364106367,0.018,0.023,1
"LRRC37B",0.973868946310306,0.108882077522571,0.03,0.028,1
"CPT1A",0.974084317475453,-0.401230815694364,0.025,0.028,1
"TLCD1",0.974203246183918,-0.223374429034335,0.013,0.014,1
"ENSG00000286223",0.974311348399227,0.196856075768505,0.031,0.034,1
"DUS4L",0.974328581792953,-0.314047200756152,0.023,0.026,1
"FOXO6",0.974391523799638,-0.619105675224136,0.011,0.014,1
"ZNF420",0.974391975121831,-0.194805552076553,0.047,0.051,1
"TOR4A",0.974445342395025,-0.371807688031425,0.014,0.014,1
"PGS1",0.974485440859943,0.101186844563508,0.042,0.048,1
"FHOD1",0.974515174331972,-0.174570932939209,0.025,0.028,1
"ZNF512",0.974572023377591,0.277196474147821,0.054,0.054,1
"STK33",0.9746184641617,0.728859770101062,0.013,0.011,1
"H3C13",0.97483668073523,0.270419849579679,0.01,0.009,1
"AFG1L",0.974878397161284,-0.723160000959307,0.013,0.014,1
"PDZD8",0.975091591862005,-0.121461823492493,0.092,0.105,1
"LINC01409",0.975516309061008,0.313689002699897,0.023,0.023,1
"RABL6",0.975871020601948,-0.233411310860543,0.076,0.088,1
"CNIH2",0.975903461406333,-0.153133100311179,0.062,0.071,1
"THEMIS2",0.975970590121299,-0.155888724509746,0.03,0.034,1
"TXNDC11",0.976201557763138,0.104128324024333,0.158,0.174,1
"PGP",0.976202233375126,-0.31590106363954,0.041,0.051,1
"NMRAL1",0.97621877415316,-0.881050639058949,0.011,0.014,1
"POLG",0.976238137933099,0.112389633915462,0.126,0.137,1
"ENSG00000289100",0.976579504742396,0.193671111631028,0.014,0.014,1
"OAS3",0.976755937049779,-0.203781261282929,0.031,0.034,1
"ZNF567-DT",0.976895719523888,0.32479302291376,0.01,0.009,1
"RHOBTB3",0.976976580910184,-1.11604937082594,0.007,0.011,1
"SLC66A3",0.977098408518866,-0.123398394894278,0.027,0.028,1
"EPN2",0.977181588758603,-0.212508547507507,0.047,0.048,1
"SLFN12",0.977197263240763,0.20823335707918,0.011,0.011,1
"SWI5",0.977459266292459,-0.117423364843374,0.025,0.028,1
"SLC12A9",0.977705103321076,-0.109638946037723,0.042,0.048,1
"ARMCX4",0.9779365804541,-0.557832449391272,0.011,0.011,1
"GAB3",0.978056833277448,0.606991761821706,0.016,0.014,1
"ENSG00000273702",0.978071623722802,0.580726599463108,0.018,0.02,1
"CHPF2",0.978199650055499,0.333061396301451,0.03,0.031,1
"SUV39H1",0.978294288271385,0.124395535497452,0.013,0.017,1
"DNAH11",0.978363425024343,-0.236228747569264,0.013,0.011,1
"OGG1",0.978496250667743,0.658110152296367,0.017,0.017,1
"ILVBL",0.978652909293672,-0.201413236310429,0.042,0.046,1
"CDYL",0.97865521769749,-0.168694121740402,0.175,0.194,1
"ARMC5",0.978808564553938,0.100576851928455,0.065,0.066,1
"MFSD2A",0.9789273667491,-0.259827009426767,0.057,0.066,1
"TICAM2",0.97900823812518,-0.181337247299526,0.021,0.028,1
"ENSG00000231731",0.979015727037338,-0.142742161787152,0.024,0.026,1
"CPNE8",0.97922109682065,-0.672465125396462,0.01,0.011,1
"RPA1",0.979311210855711,-0.380128572948061,0.037,0.04,1
"ENSG00000291079",0.979459932245458,-0.187854506156238,0.064,0.071,1
"ZBTB41",0.979631381662911,-0.136858300555101,0.033,0.037,1
"RBM12B",0.979720474762201,0.117255598275362,0.05,0.057,1
"RPUSD1",0.980326722804354,-0.18555419023158,0.03,0.031,1
"SNRK-AS1",0.980340828960251,0.343405822209079,0.02,0.02,1
"GSTM1",0.980348946548096,-0.422899294464722,0.016,0.02,1
"PDE7B-AS1",0.980418086321879,0.272582825375454,0.011,0.011,1
"PHF8",0.980536597698015,-0.164810247706812,0.061,0.063,1
"STK16",0.980637186396091,-0.146631426930172,0.04,0.04,1
"SH3D19",0.980887247568715,0.499501244645393,0.033,0.037,1
"NME6",0.980961861235671,-0.117971969515652,0.027,0.031,1
"CAMTA2",0.981222718629009,-0.410839262530151,0.024,0.028,1
"PPIL6",0.981345606764462,0.11210333871192,0.03,0.034,1
"HMGCL",0.981463953885477,0.193590686099533,0.018,0.017,1
"CIP2A",0.981667012292354,0.147765504889144,0.027,0.026,1
"TYW5",0.981966574611233,0.187540657006649,0.042,0.046,1
"MARCHF2",0.982320232997687,0.212505577460917,0.023,0.023,1
"WNT5B",0.982420507124017,0.23397186368123,0.013,0.014,1
"TDRD3",0.982475458085551,0.316357347928325,0.055,0.057,1
"ECHDC2",0.982829307652535,-0.19335625682784,0.024,0.026,1
"SLC9A1",0.982893716479617,0.175733462001195,0.044,0.046,1
"ENSG00000286162",0.98312512091562,0.161746831741063,0.05,0.057,1
"ACVR1C",0.983444680881396,-0.29486805020339,0.013,0.014,1
"CACNA1A",0.983578501790533,-0.203805945521276,0.018,0.026,1
"MMAB",0.98362480237374,-0.294637718211464,0.031,0.034,1
"ZNF232",0.983719909888393,-0.274549989318124,0.021,0.026,1
"CAV1",0.983740387372007,0.631757690753266,0.01,0.009,1
"ANXA2R-AS1",0.983752856216554,-0.234147366415422,0.017,0.017,1
"UBXN8",0.983786475082038,-0.309885531559665,0.021,0.026,1
"EPS15-AS1",0.983797234314562,-0.246640684637982,0.014,0.017,1
"ZNF329",0.983902308175503,0.264016256108297,0.042,0.043,1
"MREG",0.983987079915108,-0.809687117427954,0.018,0.023,1
"CASC11",0.984039755222377,-0.347903066705031,0.013,0.017,1
"LFNG",0.984488464941463,-0.111237055377488,0.395,0.442,1
"CPTP",0.984748594225761,-0.125447554407861,0.028,0.028,1
"ENSG00000290689",0.984792304783418,0.236615085004348,0.034,0.034,1
"IFT80",0.984855430175442,-0.174134366295665,0.042,0.051,1
"CDK5",0.985368000333995,0.100541964136267,0.021,0.023,1
"TMEM223",0.985383422380721,-0.147148006993215,0.078,0.085,1
"FUT4",0.985556477028221,0.225759712193348,0.013,0.014,1
"OSM",0.985648615538674,-0.253446479710627,0.021,0.026,1
"LINC02390",0.985869932463966,-0.110445905284878,0.011,0.014,1
"UBAP2",0.986035374886854,0.132186015320815,0.129,0.142,1
"ATP1A3",0.986139187242653,0.536545148092062,0.01,0.011,1
"ANKRD46",0.986278490753637,-0.310790108824806,0.033,0.043,1
"ZFX-AS1",0.98636508140981,0.350384735205207,0.017,0.017,1
"ZNF713",0.986753221192653,-0.20597563719699,0.03,0.037,1
"TNKS1BP1",0.986772358017057,0.447463805819766,0.01,0.011,1
"ARHGEF39",0.98744982746209,0.147310524187007,0.011,0.014,1
"TAF12",0.987452640544082,0.129081655456934,0.072,0.08,1
"GET1",0.98751592078797,-0.107169060880811,0.048,0.057,1
"NEU4",0.987575175037789,-0.417629676706008,0.01,0.011,1
"ENSG00000228804",0.987685643404941,-0.202249426320381,0.011,0.014,1
"TMEM230",0.987811286554105,-0.106558141562004,0.12,0.131,1
"ZBTB3",0.987934610660416,0.286188320550405,0.01,0.009,1
"PDK2",0.988045259288495,-0.196595529290831,0.023,0.023,1
"ENSG00000283103",0.988074465203163,0.290387595121846,0.044,0.046,1
"ZNF850",0.988168755462508,-0.225783380307643,0.024,0.028,1
"AEN",0.988291768928171,-0.338019663054662,0.076,0.088,1
"UVSSA",0.988314778210285,-0.301144180797463,0.023,0.026,1
"BOLA1",0.988369688636551,-0.224435966352331,0.021,0.026,1
"TK1",0.988625722949999,-0.779492546118461,0.008,0.011,1
"DNAJC14",0.988744130395504,0.280532747020303,0.025,0.026,1
"TIAM1",0.988878509228984,-0.119252047552676,0.018,0.023,1
"TMEM220",0.989112273312766,0.341187075652945,0.016,0.017,1
"ENSG00000260618",0.98926513865264,-0.557151133724916,0.024,0.028,1
"TIMELESS",0.989790314347371,0.166681425341643,0.021,0.023,1
"LINC02942",0.989833273257681,-0.496838129457952,0.011,0.011,1
"AIM2",0.989971974651655,-0.611987578627746,0.008,0.011,1
"SLC5A10",0.990275477164354,0.149085968306504,0.01,0.011,1
"ENSG00000187186",0.990292839240499,-0.69687063008247,0.01,0.011,1
"ACER2",0.990374642853302,-0.220355085528286,0.008,0.011,1
"TNFRSF10A-DT",0.9904874760196,-0.104609856226251,0.025,0.028,1
"TTLL11",0.990540370457913,0.100097701429126,0.01,0.011,1
"ENSG00000289526",0.990540601504788,0.121980210432376,0.024,0.026,1
"CREG1",0.990560969525666,0.390904638443897,0.021,0.023,1
"SYNRG",0.990634859494731,-0.102686247258381,0.153,0.168,1
"NCEH1",0.990867139271967,-0.205601068084645,0.011,0.011,1
"C10orf88",0.990943284888243,-0.813351811818338,0.01,0.011,1
"PSMD6-AS2",0.99147880108733,-0.751392334116534,0.008,0.011,1
"NUP50-DT",0.991484567192573,-0.138548760594348,0.025,0.031,1
"ORC5",0.991763182234731,0.142116754417873,0.037,0.04,1
"PDSS1",0.991885054884413,-0.539642123933865,0.016,0.02,1
"APEX2",0.992193374177806,-0.208875700805871,0.037,0.046,1
"VASH1",0.992202829384216,-0.164536511813881,0.008,0.011,1
"ENSG00000269570",0.99226724423097,-0.258515215931499,0.008,0.011,1
"GATB",0.992284752038566,0.415967357318118,0.018,0.02,1
"IL17RA",0.99236423203258,-0.147242491497938,0.052,0.063,1
"SDAD1-AS1",0.992474034477772,-0.237093766463421,0.01,0.014,1
"MPI",0.992533029855005,-0.155353027600759,0.016,0.017,1
"NUP210L",0.992796074223753,-0.560503201878254,0.01,0.011,1
"SLC7A7",0.992851846743547,-0.12672302883017,0.018,0.023,1
"RITA1",0.992866929853361,-0.132846142303791,0.013,0.014,1
"FBXO4",0.993110612400965,-0.273519189380871,0.024,0.023,1
"HHLA3",0.993153512768759,0.368333571791189,0.014,0.014,1
"PARP11",0.993495312652031,-0.284712491424471,0.074,0.083,1
"ACCS",0.993609960751538,0.180738540842976,0.01,0.014,1
"FAM114A2",0.993769692334598,0.234835834561501,0.02,0.02,1
"MLYCD",0.994049357521066,-0.210880953480262,0.023,0.023,1
"CLIC3",0.99434211033841,0.304399850062581,0.02,0.023,1
"NUP93",0.994448211885129,-0.144975064426853,0.086,0.094,1
"SYCP3",0.994855978692615,0.453146999556941,0.016,0.017,1
"CASP2",0.994858035769248,-0.100541238744419,0.064,0.071,1
"MTRES1",0.994866432333762,0.368193088496678,0.013,0.014,1
"DDX19A",0.994897747709271,-0.112556548391856,0.095,0.108,1
"MOCS2",0.995194971450817,0.161164729494623,0.048,0.051,1
"MYEF2",0.995218701797484,-0.101484358607037,0.062,0.071,1
"ARMCX6",0.995388332722317,-0.155159533800241,0.098,0.103,1
"C12orf4",0.995837824130224,-0.383287751981828,0.033,0.037,1
"CBX7",0.995845834682201,-0.36151320120881,0.024,0.026,1
"ZNF154",0.995863472822803,0.128750864478956,0.091,0.097,1
"PDXP",0.996143149957969,-0.158693265294517,0.052,0.06,1
"SCRIB",0.996148747182279,-0.340259351668568,0.016,0.017,1
"ZNF783",0.996370528782243,-0.366363099664328,0.013,0.014,1
"SFT2D3",0.996484896973994,-0.284413153491366,0.016,0.017,1
"POMGNT1",0.99666660375336,0.547244769730256,0.011,0.011,1
"ENSG00000260805",0.996671923736079,0.101964178308952,0.01,0.009,1
"PHOSPHO2",0.996767230805156,0.327944901963439,0.014,0.014,1
"ENSG00000277368",0.997146952215855,0.338906265904902,0.011,0.011,1
"SACS",0.997166733373784,-0.213603163938103,0.065,0.071,1
"ZC2HC1A",0.997238867999954,0.339309842829992,0.011,0.011,1
"BOLA2B",0.997255870244919,-0.380070999915489,0.016,0.017,1
"MRPS2",0.997410192983003,-0.173530702229481,0.099,0.108,1
"SNAPC3",0.997454180882935,-0.290857000031006,0.031,0.034,1
"ENSG00000232124",0.997553817575477,-0.136067975543397,0.044,0.046,1
"ZNF561",0.997663090505696,-0.410923180292415,0.023,0.026,1
"CCNQ",0.99782546811653,-0.156107140220266,0.107,0.117,1
"ENSG00000234185",0.99788444386002,0.227760615593552,0.013,0.017,1
"ENSG00000272030",0.997995615801823,-0.396333012154949,0.024,0.026,1
"SLC9B1",0.998089776353239,-0.100840305188007,0.014,0.014,1
"CRLF1",0.998094941821076,0.348112476961458,0.016,0.017,1
"ENSG00000267244",0.99820290467478,0.426842118547813,0.011,0.011,1
"COPRS",0.998220521297389,0.187864644874052,0.102,0.108,1
"NVL",0.998281751122821,-0.428035534241255,0.045,0.051,1
"CUBN",0.99833472861615,-0.219714325864445,0.013,0.014,1
"ENSG00000291215",0.998543759837181,-0.457823720473051,0.017,0.02,1
"AGBL4",0.998565543064463,-0.188264134915753,0.01,0.011,1
"CRYZ",0.998597338143286,-0.585533825123585,0.021,0.026,1
"CREB5",0.998849715652209,0.164860565470952,0.017,0.02,1
"MAP7D3",0.998950219272869,0.115564083930569,0.02,0.023,1
"ZNF527",0.998954935187812,-0.15658466257289,0.025,0.031,1
"ENSG00000290453",0.999169374830399,0.171928942612416,0.016,0.017,1
"ZNF213-AS1",0.999173794148487,0.243115823141423,0.018,0.02,1
"TATDN2",0.999460863331018,-0.186908013483202,0.071,0.083,1
"ANKUB1",0.999461707368026,0.2018243823759,0.065,0.066,1
"CA3-AS1",0.999760316422052,0.532473933175051,0.011,0.011,1
"SLC22A5",0.999864907894465,0.125667174796541,0.011,0.011,1
