"","p_val","avg_log2FC","pct.1","pct.2","p_val_adj"
"ENSG00000289901",4.86093781625653e-48,1.97118430774672,0.836,0.4,8.54358430585248e-44
"RPS4Y1",1.38476654119141e-37,1.44900749192578,0.676,0.245,2.43386567279803e-33
"HLA-A",1.61810485486404e-30,0.596805206919665,0.993,0.979,2.84398109290903e-26
"DDX3Y",1.25715790476419e-25,1.65358047943316,0.475,0.14,2.20958073341354e-21
"HLA-DRB5",5.58019469424799e-14,-0.639204253722278,0.45,0.661,9.80775019461027e-10
"HBB",2.19896405748502e-13,0.976698128460368,0.306,0.112,3.86489922743567e-09
"HLA-DQB1",6.88518213555235e-13,0.498400013773783,0.951,0.939,1.21013961214468e-08
"RHOA",1.09829279053644e-11,-0.52008429600977,0.816,0.857,1.93035940864685e-07
"UTY",7.82693415142804e-11,1.494367238342,0.277,0.089,1.37566194645499e-06
"EIF1AY",3.69280310005942e-10,1.92507447753734,0.191,0.044,6.49047072866444e-06
"EMP3",5.40701303637622e-10,-0.412483117516471,0.829,0.916,9.50336611273484e-06
"RBFOX2",5.47650828391128e-10,-0.352037422670498,0.967,0.979,9.62551095980246e-06
"USP9Y",1.14971499272813e-09,1.3452095732867,0.233,0.076,2.02073907121896e-05
"TSC22D3",1.67086938889163e-09,-0.764959639805125,0.823,0.871,2.93672003791592e-05
"RPL37A",7.42826851352909e-09,-0.246513732735253,0.993,0.997,0.000130559247393787
"RPL34",1.34741654795085e-08,-0.195709939858745,0.998,0.998,0.000236821932467842
"ZFY",1.6141349764514e-08,1.54569546847342,0.217,0.068,0.000283700363461099
"CYBA",3.64627314608929e-08,0.418235827582568,0.92,0.827,0.000640868968156653
"RBM39",3.85734835499842e-08,-0.383007981356705,0.9,0.939,0.000677967546874522
"ZFAS1",5.74898381527629e-08,-0.355332897030244,0.9,0.924,0.00101044139537296
"TAF1D",1.41516531830536e-07,-0.479797689182795,0.698,0.74,0.00248729456345349
"XIST",9.32259943992479e-07,-1.47870674158594,0.058,0.148,0.0163854007756118
"C1orf115",1.48453017812803e-06,-5.66564621352249,0,0.038,0.0260921024107783
"MT-CO2",1.80585999818966e-06,-0.281441868899949,0.991,1,0.0317397953281815
"RPL39",2.24199173798421e-06,-0.226338785409968,1,1,0.0394052467868104
"DDX21",2.56065131246699e-06,-0.269670487350374,0.82,0.875,0.0450060074679198
"SRSF3",2.69907308606757e-06,-0.44919081992781,0.758,0.773,0.0474389085607237
"ARRDC2",3.17236878366975e-06,-0.536220080472351,0.61,0.644,0.0557575537417794
"RPS29",3.61743682355728e-06,-0.231222401740801,0.989,0.995,0.0635800696108427
"IFITM1",3.93478414711162e-06,0.782515509656277,0.461,0.31,0.0691577661696338
"RSRC2",4.56637727255927e-06,-0.426876663682567,0.729,0.741,0.0802586469425017
"STAT1",5.16181658512354e-06,1.01626272259686,0.319,0.166,0.0907240883001313
"TAP2",1.25008762206227e-05,0.745007622598721,0.324,0.173,0.219715400453664
"MT-ND4L",1.2738314466567e-05,-0.336285289053619,0.969,0.984,0.223888615064382
"CHI3L2",1.32278264990567e-05,1.79212077806699,0.111,0.033,0.23249227854742
"BCL2A1",1.45041659651227e-05,0.510449126095334,0.63,0.432,0.254925221002997
"MCRIP2",2.12009836293235e-05,3.51111689190353,0.042,0.003,0.37262848826899
"CXCR4",2.45924016504802e-05,-0.300887491434751,0.947,0.977,0.43223605140884
"SYNPO",3.23981931257157e-05,5.15333188605928,0.022,0,0.56943064237758
"LCN8",4.67494660174985e-05,-5.54504585938832,0,0.03,0.821668614723553
"N4BP3",4.70242223013322e-05,-0.857576776207473,0.137,0.217,0.826497731168215
"CDC42",5.01781932873431e-05,-0.336786751419243,0.763,0.768,0.881931925218342
"CD52",5.45924251343558e-05,0.320709832154055,0.851,0.768,0.959516464161438
"ISG15",7.2585630888159e-05,0.50073166402962,0.386,0.229,1
"PPDPF",7.70898294806898e-05,0.317048351521889,0.836,0.727,1
"RPL28",8.50129734427414e-05,0.156235132828974,1,0.998,1
"SERP1",8.64028567768125e-05,0.368378694655375,0.78,0.703,1
"HEIH",8.65600972272048e-05,-2.21834601253065,0.018,0.059,1
"MT-ND3",8.67494917736245e-05,-0.315206498651357,0.969,0.987,1
"CD83",8.90037988821762e-05,-0.276349022391964,0.984,0.993,1
"HLA-C",9.82140629277828e-05,0.23717712409131,0.993,0.974,1
"PLAAT4",0.000110506895503734,0.943411338117944,0.208,0.105,1
"THEM4",0.000121997813164761,5.00038308087863,0.022,0,1
"NOP58",0.000125495023015106,-0.333114397973934,0.605,0.616,1
"HLA-DQA2",0.000127373534870641,-0.608848098897174,0.255,0.336,1
"HLA-DRB6",0.000148332668252474,-1.9865019073661,0.029,0.091,1
"XRCC5",0.000152532461798951,-0.414491580281907,0.446,0.489,1
"EIF5",0.000154005268163276,-0.418807000772211,0.674,0.707,1
"RGCC",0.000154268344056213,-0.705470655148954,0.242,0.336,1
"CD72",0.000177124331346637,0.645330837180788,0.339,0.203,1
"POLB",0.00017954207629235,0.528576058070676,0.379,0.224,1
"RAP1GDS1",0.000194700600805451,1.00891548838222,0.237,0.119,1
"S1PR1",0.000202327389620604,-0.815267372009042,0.266,0.336,1
"GYPC",0.000209350690480445,0.673113736835372,0.346,0.236,1
"IL3RA",0.000232115232306065,1.24655028516003,0.146,0.063,1
"CREBRF",0.000234432777698918,-0.531366254534155,0.328,0.443,1
"VCPKMT",0.000238101143543577,-0.678401508661492,0.368,0.427,1
"RPL37",0.000248574602358189,-0.161762998204292,0.998,0.998,1
"PIM2",0.000253282711518207,-0.366118552141005,0.639,0.707,1
"ODF3L1",0.000253927257918268,4.79515629425227,0.022,0,1
"LY6E",0.000283495468002897,0.511802227583063,0.537,0.425,1
"HSPA5",0.000313351379508222,0.41567992495592,0.608,0.478,1
"BFAR",0.000326197859175914,-0.823650884857214,0.186,0.244,1
"EAF2",0.00032961991242223,0.56362515823756,0.246,0.14,1
"SON",0.000361836729516623,-0.296890453272455,0.798,0.812,1
"MT-ND4",0.000367400706094078,-0.394890777075921,0.894,0.903,1
"SNHG17",0.000378685886725011,-0.644824319924001,0.273,0.338,1
"RRP1B",0.000391205804972246,1.27926653673256,0.177,0.079,1
"PSMC5",0.000410061251145341,0.545603161976301,0.208,0.112,1
"GSDMD",0.000449322171511721,1.73729735095491,0.078,0.028,1
"HLA-E",0.000471739561909098,0.277561918426071,0.933,0.87,1
"C3orf38",0.000509037285465871,-1.01842106963223,0.102,0.168,1
"UBC",0.000513136406235627,0.193804134226337,0.969,0.977,1
"CLCN7",0.000524039442560013,1.08320039611299,0.202,0.099,1
"IFITM2",0.000529840117220771,0.532190645769884,0.472,0.341,1
"CEBPG",0.00053116256586967,-0.48558181570103,0.266,0.301,1
"DDX39A",0.000561350198333479,-0.453436897656093,0.619,0.651,1
"ENSG00000290122",0.000588768780374966,-2.87681385415287,0.013,0.051,1
"STK17A",0.000602805792855459,-0.390848705150445,0.69,0.705,1
"ATP5F1E",0.00060469030152166,-0.21076823664652,0.909,0.9,1
"IFITM3",0.000606373767965512,2.38456831500265,0.06,0.012,1
"SRSF10",0.000616996008384357,-0.261139392127117,0.67,0.738,1
"TBC1D10C",0.000638895129556209,0.320745600040368,0.377,0.305,1
"CTNNB1",0.000642023554638855,0.288061525462527,0.506,0.357,1
"TAMALIN",0.000660366874255163,-0.274462092708589,0.829,0.822,1
"VIM",0.000680998865756082,0.645980941869326,0.696,0.562,1
"GAPDH",0.000682735424123575,0.535593741936087,0.63,0.499,1
"REL",0.000685983414706997,-0.15303969115586,0.951,0.941,1
"ENSG00000290450",0.000719320099515396,-4.1483321621686,0,0.016,1
"ZNF331",0.000781048384448063,-0.29326069987752,0.721,0.7,1
"EIF1AX",0.000818161326561112,-0.282665816505463,0.417,0.404,1
"NDUFV1",0.000852548005876249,0.774879529499111,0.222,0.115,1
"SRSF2",0.000856786785193407,-0.216127252998019,0.863,0.87,1
"KLF6",0.000896766092508612,-0.373734398528868,0.814,0.843,1
"TAGAP",0.000930408409213968,-0.321300668267928,0.882,0.867,1
"BPTF",0.000930454129671981,-0.128417635151555,0.557,0.476,1
"TMBIM1",0.00102553334371517,-0.450626949606754,0.404,0.381,1
"PRPF4B",0.00107609177860775,-0.445369007276208,0.443,0.502,1
"ZRSR2",0.00110953261928713,-0.881098122053156,0.122,0.16,1
"SEC62",0.00113788234558116,-0.420709106436195,0.483,0.547,1
"MIEN1",0.00115466266180169,0.687676735268943,0.237,0.13,1
"KDM5D",0.00118320684743676,1.44711591902769,0.086,0.03,1
"RPS4X",0.00123558566451049,-0.195776478374037,0.987,0.993,1
"PSMA1",0.00123977259391818,-0.49827966481182,0.357,0.39,1
"RRAS",0.0012562100898955,4.35824270722175,0.018,0,1
"CXCL8",0.00126375565158703,2.05095449616749,0.011,0.016,1
"ZCRB1",0.0013063615285738,1.09456726115734,0.155,0.063,1
"CEP170",0.00131760462575711,-0.584333949827877,0.186,0.204,1
"ABHD14B",0.00132410438659985,0.895560445194158,0.195,0.109,1
"ENSG00000280441",0.00134752840708637,0.449441130405652,0.991,0.985,1
"ZNF165",0.00138550070922162,-0.690356607377278,0.171,0.188,1
"TGIF1",0.00140993126946761,-0.426714868012222,0.439,0.471,1
"PPIA",0.00146692688884585,-0.190933069210473,0.929,0.946,1
"TXLNGY",0.00146762057942557,1.54938740214019,0.089,0.028,1
"EOLA2",0.0014946487373709,-0.895891707478597,0.129,0.17,1
"GBP2",0.00149739569290341,0.607636209655485,0.191,0.097,1
"TCIRG1",0.00150964642842567,0.749986486326223,0.228,0.135,1
"TMEM123",0.00157380382258958,-0.273156685913935,0.856,0.867,1
"NDUFA11",0.001596853360359,0.649678109857807,0.401,0.26,1
"AIRE",0.0016250841040941,4.82403849985389,0.013,0,1
"SNHG5",0.00163157253852132,-0.346724328570934,0.448,0.507,1
"UBXN2A",0.00163503691534181,-0.870638439772764,0.095,0.143,1
"SNRPN",0.00165120755557615,0.614440784374359,0.242,0.137,1
"ELF1",0.00167314609732866,-0.21560121136987,0.756,0.797,1
"TOR3A",0.00169480885731194,0.432076805022272,0.435,0.301,1
"DUS1L",0.00173641387554588,0.576843285074739,0.177,0.092,1
"NLRC5",0.00175326330202314,0.737352282120796,0.222,0.114,1
"EDEM1",0.00176410908854253,-0.494979710703907,0.186,0.237,1
"MYL12A",0.00177989004784637,-0.341712117353669,0.475,0.465,1
"NUCKS1",0.00178087459266684,-0.387420301910242,0.353,0.344,1
"TUBB2A",0.00178156965831258,-0.834189766623279,0.177,0.27,1
"MRFAP1",0.00182228839432106,-0.254661456324258,0.348,0.402,1
"ENSG00000290758",0.0018354390112896,4.39302775487851,0.016,0,1
"FAM174B",0.00183883970229448,-4.37985280429805,0,0.016,1
"ZNF24",0.00188469182800849,-0.334843176511268,0.419,0.488,1
"PSMB9",0.00196708557051395,0.639731743031702,0.399,0.262,1
"BACH1",0.00202322398741146,-0.286687816713329,0.674,0.662,1
"FFAR1",0.00206337398292041,-4.38995357014222,0,0.016,1
"SC5D",0.00213478164215994,-0.376091761356538,0.377,0.374,1
"BCLAF1",0.00216092568031543,-0.315778263239911,0.632,0.654,1
"EIF3G",0.00221946802614746,0.327420040397384,0.579,0.418,1
"ZNF521",0.002263061145208,4.52794653951359,0.011,0,1
"GPX4",0.00229171454399745,-0.220914793765784,0.738,0.784,1
"CD55",0.00233940867881598,-0.32146623812968,0.94,0.951,1
"ATF7IP",0.00237776801329935,-0.405205209914794,0.608,0.657,1
"PPIL4",0.00239407897376019,-0.502910093087612,0.408,0.458,1
"UIMC1",0.00243128366515642,-0.563520055875142,0.222,0.287,1
"TMEM14B",0.0024457836971309,0.748542571174126,0.184,0.096,1
"TGIF2",0.00246285043672246,-0.440936820809294,0.412,0.461,1
"EID3",0.00248142427190784,-1.72844274735893,0.02,0.051,1
"ENSG00000215022",0.00252545020924556,4.31300601123785,0.016,0,1
"SYNGR1",0.00255773545392538,4.19842841317513,0.013,0,1
"CCNL1",0.00260990693662011,-0.242396113932284,0.78,0.768,1
"SIN3B",0.00263211428676572,1.33744213275176,0.075,0.03,1
"PKM",0.00263230031296181,0.733117333094656,0.313,0.194,1
"KIF20B",0.00263720967690506,-0.758011314764676,0.129,0.168,1
"IGKV1-8",0.00265251512867201,0.263610385109197,0.038,0.013,1
"TMEM147-AS1",0.00274348563067975,4.13492131304418,0.016,0,1
"ENSG00000271737",0.00275024630306638,4.21243334525344,0.016,0,1
"OSBPL2",0.00277205638813334,-1.14448044786811,0.04,0.081,1
"ENSG00000271918",0.00283117491592459,2.62629931846378,0.029,0.003,1
"ARF6",0.00287667405928729,-0.210052263528437,0.696,0.674,1
"ENSG00000288865",0.00298146666261043,4.5851871943417,0.016,0,1
"NPEPPSP1",0.00299300995031016,-0.537810880143482,0.226,0.305,1
"ZNF66",0.00300314377074167,1.01497310110719,0.069,0.021,1
"POU2F1",0.00304956997536814,-0.755253542021616,0.093,0.107,1
"RMDN2",0.0030732759021637,-4.05933280528397,0.002,0.021,1
"ENSG00000290879",0.00310376159729746,-4.11161505268704,0,0.015,1
"HSPE1",0.00311832232117435,0.448084932855881,0.678,0.542,1
"CISH",0.00312142443282577,4.18957526158652,0.013,0,1
"MT-ND5",0.00320696871029489,-0.15294712082552,0.953,0.901,1
"WHAMM",0.00321607451103776,-0.444773879429057,0.437,0.504,1
"SPSB1",0.00324326610907543,1.52427052664424,0.091,0.033,1
"ATP6AP1",0.00327987776150756,-1.00445946558118,0.058,0.092,1
"NSUN4",0.00328659404423303,-0.63801452329959,0.089,0.127,1
"TRIM28",0.00328908384956338,0.440368151829317,0.537,0.384,1
"CNOT4",0.00332297839958693,-0.493887665704249,0.337,0.402,1
"RRP7A",0.00336763472524857,-0.81751752725288,0.222,0.277,1
"ENSG00000283360",0.00342921304117364,4.17403949556325,0.013,0,1
"EBLN3P",0.003469122707765,-0.379144802306354,0.268,0.262,1
"HERC6",0.00354433222794242,2.09914282310301,0.038,0.008,1
"NDUFB10",0.00356810870936552,0.608656318033935,0.264,0.152,1
"ENSG00000291032",0.00358159815479443,4.33657310422431,0.011,0,1
"SAE1",0.00368212873040111,-1.0277524815552,0.073,0.094,1
"EIF5B",0.00369214715035893,-0.316788043874272,0.424,0.418,1
"GGA3",0.00369518857587881,-0.966120515846482,0.055,0.091,1
"CSNK1D",0.00374718743098313,-0.300147342994149,0.514,0.488,1
"SMNDC1",0.00382854976713748,-0.542518832723943,0.337,0.376,1
"SCAND1",0.00394641113023987,0.426739196789083,0.439,0.306,1
"ENSG00000289385",0.00401763144640575,-3.49191999312508,0,0.012,1
"TBC1D24",0.00402520920569275,4.06591464036302,0.013,0,1
"IER3-AS1",0.00415243291087519,4.26177423650247,0.013,0,1
"PAIP2",0.00415267719652721,-0.299299041688295,0.632,0.654,1
"MRPL54",0.00417098759246025,0.332824056267974,0.532,0.41,1
"MAP1LC3B",0.00421313342913799,-0.325273193365706,0.692,0.672,1
"PNRC2",0.00423390069983923,-0.316239436542448,0.483,0.534,1
"BAZ2A",0.00434051853931159,-0.119926626718115,0.324,0.353,1
"CLCF1",0.00437476781077602,-0.715178010877379,0.122,0.173,1
"GABPB1-AS1",0.00449996285160334,0.721354779286968,0.213,0.127,1
"PNRC1",0.00454163080268096,-0.205627443476657,0.976,0.967,1
"MED24",0.00455289199243814,0.993285164164129,0.086,0.033,1
"KYAT3",0.00461091694406073,-1.04407752054719,0.051,0.091,1
"POLR2J3",0.00478976346633084,-0.709057226790514,0.12,0.163,1
"KDM4B",0.0048400749304987,-0.252712846043259,0.639,0.647,1
"SF1",0.00485999461870186,-0.244788567340476,0.814,0.84,1
"ENSG00000259712",0.00487938884696751,3.94140017948894,0.013,0,1
"IGHV3-66",0.00489318203313216,-5.22581496802689,0.002,0.023,1
"PARVB",0.00491445856978628,0.675048208503965,0.226,0.12,1
"FBXO4",0.00498122534144162,1.62708957390785,0.04,0.012,1
"THAP5",0.00501058448654511,-1.14924756024461,0.06,0.105,1
"ENAH",0.00506848759086722,-3.87295614605258,0,0.012,1
"TAB1",0.00507994569591633,2.57640073478263,0.031,0.005,1
"P2RY10",0.00510643890807228,-0.528341049168255,0.328,0.39,1
"GCLC",0.00511923232579493,-1.6466810212773,0.013,0.04,1
"FAM3C",0.00536639113191159,-0.427882400249201,0.506,0.552,1
"SRSF4",0.00541601316462319,-0.228533011982707,0.47,0.517,1
"NUAK2",0.00542342877145108,-0.402897453636983,0.373,0.427,1
"ZNF787",0.00546690785044158,-0.590201799916449,0.149,0.178,1
"LMNTD2",0.00558004722991524,2.87882069729976,0.035,0.005,1
"TUBB3",0.00560206022519232,-1.90553109086061,0.013,0.038,1
"SRFBP1",0.00560268559023884,0.666427116347681,0.206,0.138,1
"ACAP1",0.00561756879973625,0.591889365008636,0.239,0.142,1
"RNF149",0.00569876302137764,-0.232964102652141,0.271,0.236,1
"TFRC",0.00576942481043399,-0.63540024527399,0.211,0.26,1
"MAT2A",0.00584341692895907,0.674550717581527,0.304,0.186,1
"CD200",0.00584724392450949,1.18532918410761,0.131,0.061,1
"HBG2",0.0058537740330426,2.79334170736118,0.027,0.003,1
"CWC25",0.00590839386664294,-0.437097928595776,0.324,0.349,1
"FBXO31",0.00599223875363506,-1.32017301333081,0.035,0.069,1
"GNA15",0.00600977484918541,-1.02354556438349,0.038,0.058,1
"SH3RF3",0.00605933204092974,2.5166572012498,0.031,0.005,1
"PIAS1",0.00606020416652202,-0.399458970269999,0.455,0.502,1
"IFNAR1",0.0060997172481705,-0.504255850547543,0.328,0.343,1
"CHIC1",0.00613147241539103,0.844112923383779,0.102,0.043,1
"CPPED1",0.00615437450636486,2.98583909889103,0.031,0.003,1
"TRIM33",0.00624507467121782,0.644548405490855,0.344,0.213,1
"RBM5",0.00626507414840181,-0.403270118340779,0.304,0.325,1
"RINL",0.00635618424401679,1.57270054468937,0.049,0.013,1
"AGER",0.00645782298499282,1.73169186334581,0.027,0.005,1
"HARS2",0.00663304076654231,1.1964299792416,0.1,0.04,1
"IFI44L",0.00666450254927094,0.636786564769133,0.231,0.163,1
"ENSG00000290968",0.00670978591020461,-0.69345587533856,0.129,0.16,1
"POLDIP3",0.00672102127005454,-0.439871944073452,0.226,0.267,1
"SIK1",0.00673501841477921,0.407505814774026,0.608,0.509,1
"FBXO16",0.00675842371181011,-4.01085147041468,0,0.013,1
"ACTB",0.00677483437705682,-0.140908042771176,0.978,0.98,1
"STMN1",0.00678619760538875,-0.626737673168422,0.306,0.372,1
"TBKBP1",0.00679279257874062,4.31599177732711,0.011,0,1
"RFTN1",0.00682818367016605,0.29203484473736,0.681,0.534,1
"ZNF207",0.00685378568115565,-0.243004712653162,0.554,0.596,1
"SMDT1",0.00685499160758281,-0.401208672322049,0.45,0.483,1
"INTS6",0.00689065269746955,-0.138942986273098,0.428,0.461,1
"ANKRD12",0.00689769818371274,-0.20823058595749,0.734,0.755,1
"ENSG00000291188",0.00700146030221704,3.87366546425108,0.013,0,1
"CBLL1",0.00704740600929349,-0.565097764529636,0.208,0.255,1
"ZCCHC18",0.00704873429777854,3.52355040573324,0.022,0.002,1
"TCFL5",0.00706899137868275,-1.10669316843754,0.051,0.086,1
"KLF9",0.00711130671742385,-0.537154314678822,0.118,0.166,1
"PIK3IP1",0.00716995067912055,-0.671953844842511,0.29,0.325,1
"TXNIP",0.00720936740771759,-0.311680055710098,0.459,0.522,1
"P4HA1",0.00726580964956586,0.52040377548124,0.188,0.143,1
"RHOG",0.00731564233276447,-0.249853110236973,0.732,0.713,1
"COMMD1",0.00736130397288523,0.615793631062893,0.253,0.15,1
"AGGF1",0.00736858767642167,1.31244796833997,0.078,0.03,1
"CD63",0.00737214023960451,-0.546306126355271,0.14,0.145,1
"RREB1",0.00739408616502897,0.756213964132148,0.169,0.105,1
"SNX9",0.00747703950052877,-0.16556083216805,0.882,0.909,1
"MT-ATP8",0.00751936780835092,-0.231090924314397,0.987,0.993,1
"STIL",0.00758974321636538,4.21704259662387,0.016,0,1
"YRDC",0.00760172976635872,0.295742726334824,0.211,0.189,1
"CD164",0.00761799121644623,-0.217568357862701,0.47,0.514,1
"YWHAB",0.00763073252763898,-0.292375761053799,0.641,0.644,1
"ENSG00000290948",0.00764825327875173,2.00141249999362,0.044,0.012,1
"SMG1",0.0076941944725136,0.383709258296841,0.521,0.404,1
"ZFAND6",0.00774942624323493,-0.422983847594332,0.395,0.412,1
"EBF1",0.00777724245286267,0.362027787748371,0.725,0.605,1
"ERI3",0.00778776264013782,0.908729694744216,0.075,0.03,1
"ABCB4",0.00785683305035922,0.683881266864273,0.155,0.081,1
"JUN",0.00794992700091285,-0.174452952796515,0.827,0.876,1
"GORAB",0.00795832642285125,-1.26069694073597,0.051,0.091,1
"MAP2K6",0.00796637612725845,-3.36353415859995,0,0.01,1
"ZFYVE21",0.00812791726141755,1.56417704179607,0.027,0.005,1
"ADAM17",0.00817199128595301,-0.596970197483149,0.213,0.244,1
"CCDC191",0.00818497932296703,-1.24955673658115,0.067,0.102,1
"ZNF575",0.00821469941295263,4.03234352289621,0.011,0,1
"XAB2",0.00822511681903208,0.611180119036066,0.246,0.142,1
"ENSG00000257732",0.00829011605408574,-0.720945690959284,0.104,0.155,1
"AMPD3",0.00846925537720463,1.03846446352615,0.111,0.044,1
"SLFN5",0.00847885348585951,1.09459870414552,0.069,0.036,1
"COX19",0.00849252395222147,-0.487037970585224,0.173,0.229,1
"FUOM",0.00854309422381729,0.921632756216524,0.093,0.04,1
"MACROD2",0.00857256858196828,-0.720677987898698,0.098,0.15,1
"ZC3H7A",0.00870712037942647,-0.494045042206245,0.251,0.285,1
"KTN1",0.00877443008717785,-0.228937286205303,0.525,0.512,1
"RBM15B",0.00878590069888028,-0.608389029175065,0.14,0.163,1
"SSR4",0.00880177381421086,0.289127804235674,0.654,0.517,1
"ATP6V0D1",0.00888534462764474,-0.324310493936231,0.541,0.596,1
"LINC01800",0.00890984264150083,-1.0317666519142,0.018,0.041,1
"ZBP1",0.00902886031616234,1.08294346225827,0.12,0.059,1
"CHD1-DT",0.00905803968272569,-2.28635673406377,0.009,0.031,1
"EIF1",0.00909247267004165,-0.177810526020789,0.996,0.998,1
"CSRP2",0.00912396908700759,2.12213528102418,0.031,0.007,1
"ARHGAP45",0.00925435985050733,0.562699153302348,0.344,0.221,1
"TIMP2",0.00940016525999843,-0.827112294861087,0.078,0.12,1
"CNBP",0.00949248713492883,-0.254643739921106,0.705,0.717,1
"COX7C",0.00961069724503933,-0.17973852111435,0.847,0.86,1
"CREM",0.00963980906768995,-0.189290645192574,0.783,0.743,1
"SLC30A7",0.00973232080890972,-0.434179189629186,0.162,0.204,1
"LINC02863",0.00977045146420372,-3.89720514622495,0,0.012,1
"USP22",0.00979106006506902,-0.418920508783782,0.277,0.298,1
"HSPA1A",0.00979158215165827,0.650968823205691,0.186,0.125,1
"SP2",0.00982037230669217,-0.804289406550938,0.115,0.165,1
"CCNA1",0.00991374455975895,3.88798229269094,0.016,0,1
"CNEP1R1",0.00992381602730965,-0.728556686613608,0.04,0.066,1
"OPRL1",0.0100043893292565,3.84982459256031,0.013,0,1
"ENSG00000290003",0.0100219946386561,-2.00370313407865,0.009,0.036,1
"IDS",0.0100406084880066,0.440227759069799,0.585,0.435,1
"PLCH2",0.0100569166771181,2.64929045592267,0.029,0.003,1
"WDR1",0.0100677342568404,0.515711438397003,0.346,0.259,1
"MLLT11",0.0101809837258806,-3.26618276804723,0,0.01,1
"PTPRO",0.010189463703079,-1.54534803845937,0.022,0.056,1
"FAXDC2",0.0103042079332858,-3.34236462011611,0,0.01,1
"OTUD5",0.0103336696902986,-0.381705426417104,0.264,0.315,1
"SP1",0.0103753450848934,-1.25201100952343,0.058,0.104,1
"HAPLN3",0.0103802508342947,1.31195421878601,0.055,0.018,1
"RPSA2",0.0104332595816291,1.01657890488882,0.131,0.069,1
"RPS16",0.0105169903692394,-0.1364280762092,0.991,0.997,1
"ENSG00000287263",0.010543235736674,1.02904425059856,0.073,0.03,1
"ADPRM",0.010599071832791,-0.989233606004439,0.071,0.114,1
"LINC01135",0.0106363854078669,1.76583954268784,0.04,0.012,1
"SPRY1",0.0106624384526015,0.712509724862241,0.193,0.114,1
"RABGGTB",0.0106722073660911,-0.414617009256164,0.313,0.321,1
"PPP1R14B",0.0106749978743356,-0.423703170563801,0.286,0.306,1
"BTG1",0.0106963110446672,-0.213946685503903,0.984,0.98,1
"HSBP1",0.0107085349949276,0.309863175105531,0.288,0.196,1
"BRI3",0.0107506499022882,-0.3537197883274,0.446,0.465,1
"CAPZA1",0.0107510582837529,-0.273050625750032,0.537,0.56,1
"LINC02964",0.0107546405580397,3.73784342847329,0.011,0,1
"ENSG00000284977",0.0107850435076262,-0.460203103709722,0.126,0.122,1
"MIR142HG",0.0108572479813484,0.362686142483706,0.341,0.222,1
"WDR73",0.01102840830585,-1.2224786150306,0.024,0.054,1
"CCPG1",0.011068192910374,0.687690346666953,0.239,0.133,1
"TAFAZZIN",0.0111225394139892,0.560496601861888,0.153,0.086,1
"HSP90AA1",0.0111354922134664,0.158505631521217,0.94,0.9,1
"FDXACB1",0.0112710501349223,1.4981118480734,0.031,0.007,1
"FBXL22",0.0112927707006786,-3.3191673043526,0,0.01,1
"ATP5MC2",0.0113025195688428,0.24533176187704,0.734,0.654,1
"CAPS",0.0113072715522587,3.650719982803,0.011,0,1
"HLA-DQA1",0.0113075518598659,-0.21296648654141,0.973,0.975,1
"SNHG3",0.0113782808769442,-0.753079413836827,0.226,0.273,1
"YPEL5",0.0114140742943227,-0.270962698229017,0.869,0.876,1
"HBP1",0.0114541668150499,-0.350442464299669,0.503,0.511,1
"DNAJB6",0.0114694106488195,-0.243937828083951,0.51,0.56,1
"C11orf68",0.0114797107151133,1.05431618110232,0.104,0.049,1
"COX6B1",0.0115171435339742,0.309005196526133,0.446,0.367,1
"GRN",0.0115245046370199,0.611206819311495,0.251,0.157,1
"MARCHF3",0.0117223796330242,0.360225650860848,0.545,0.451,1
"NSA2",0.0118974877341766,-0.312378337246826,0.47,0.494,1
"METAP1",0.0119130394260699,0.422091007502941,0.109,0.063,1
"NDUFS3",0.0119835719093654,0.731431770466653,0.202,0.114,1
"CWF19L2",0.0119923886455035,-0.224572089245791,0.237,0.201,1
"AIMP1",0.0122855769053153,-0.477081564041344,0.206,0.237,1
"CYP4V2",0.012296804567696,0.932630257324523,0.075,0.03,1
"CNIH2",0.0123718067215006,0.956141518722379,0.095,0.043,1
"AFDN",0.012510452303026,0.919705453238037,0.064,0.023,1
"ENSG00000259327",0.0125338898969493,3.71280199300239,0.011,0,1
"CHASERR",0.0125359510118292,-0.21485104713841,0.847,0.85,1
"UTP25",0.0125494300614626,-0.905456224602558,0.073,0.11,1
"ENSG00000272742",0.0126572854484573,-1.05689803230287,0.042,0.079,1
"STARD7-AS1",0.0127293637670943,3.02304639023453,0.024,0.003,1
"CDK12",0.0128559251461159,-0.496912417410692,0.191,0.201,1
"IGLV2-5",0.0128767588461372,-5.78991956478385,0,0.012,1
"LINC01725",0.0130591856085836,2.73053301043478,0.024,0.003,1
"NCF1",0.013086106226872,0.324190330665762,0.417,0.305,1
"ZBED5",0.0133657722960716,-0.654388910563868,0.12,0.142,1
"RUNX3",0.0134449284715436,0.46477184696955,0.437,0.334,1
"CCDC97",0.01346140534671,-0.343551460582617,0.126,0.16,1
"WDR74",0.0135239288675126,-0.169332484716944,0.492,0.512,1
"ENSG00000272256",0.0136649563903831,-0.618865353199488,0.146,0.188,1
"PDCD5",0.0136965636675555,0.720990347851703,0.151,0.076,1
"HSD17B7",0.0138253755242491,-0.771423230054333,0.051,0.076,1
"SNHG12",0.0139701237972219,-0.443312904315061,0.204,0.25,1
"CLCN5",0.0141691790397827,-1.51849776710082,0.013,0.035,1
"ENSG00000253853",0.014249507404043,-2.17932839486724,0.002,0.018,1
"PGAP6",0.0142871522870526,1.26408603119382,0.106,0.044,1
"VSIR",0.0143490124501344,0.546539988848453,0.299,0.193,1
"WRNIP1",0.014516614271562,0.758727249744174,0.175,0.096,1
"TNFRSF14",0.0145280447816439,0.321062432014012,0.523,0.409,1
"PHF7",0.0145296018377822,2.12443292573108,0.038,0.008,1
"SERINC5",0.0147726237129801,0.846499584664099,0.111,0.053,1
"TMEM134",0.0148306661704988,0.303444420589577,0.193,0.127,1
"H2AC11",0.0148413445183885,-0.630793707876856,0.022,0.043,1
"ENSG00000234361",0.0148584149249249,2.91756214813528,0.022,0.002,1
"ARPC1B",0.0148997791740438,0.508227906271312,0.466,0.32,1
"NKRF",0.0149943910831288,1.17330094069557,0.095,0.044,1
"ANKRD49",0.015145523736542,-0.865684920240985,0.106,0.153,1
"GPAM",0.0151623543710989,-1.84724449119779,0.004,0.015,1
"WASF2",0.0152628561051556,-0.33307974131903,0.337,0.328,1
"PGM2",0.0152678392013542,1.06232492217419,0.064,0.031,1
"PRKCSH",0.0152902074351878,0.662777749352223,0.22,0.125,1
"AGTRAP",0.0153928260291444,1.54788456373017,0.038,0.01,1
"RNF5",0.0154194686407032,0.650756819597938,0.211,0.125,1
"SLC24A1",0.0154321864758999,1.08415903718786,0.084,0.031,1
"AVL9",0.0154585144575639,-0.541997849543001,0.102,0.137,1
"LINC01480",0.0155466003808194,0.629532198319246,0.091,0.044,1
"B3GNT7",0.0155576163020682,-0.926978480019256,0.053,0.091,1
"ADAM23",0.0156099934875545,-1.87595833896925,0.011,0.035,1
"KIAA1958",0.0156146109442634,-0.787961500094181,0.1,0.14,1
"ZNF354C",0.0156210569835093,-2.00233383689917,0.009,0.025,1
"YDJC",0.0156969232288225,-0.521722843404738,0.177,0.227,1
"BCL10",0.0157365045329323,-0.415196908452071,0.333,0.357,1
"PARD6A",0.0157466652582819,1.12267273138246,0.084,0.036,1
"ZNF595",0.0157837419667572,-1.90362539121605,0.016,0.041,1
"MT-ATP6",0.0158332260418538,-0.298498154507523,0.834,0.837,1
"NUMB",0.0158342490247599,-0.54784777725323,0.228,0.264,1
"SH3BGRL",0.0159461686730778,0.348991526746335,0.392,0.277,1
"NIPAL2",0.0159521292898451,3.28778272410885,0.02,0.002,1
"ENSG00000260274",0.0159899988832622,2.92850168909527,0.02,0.002,1
"ZNF141",0.0160496465197927,-0.576469019051914,0.164,0.196,1
"HERC1",0.0161143687851807,-0.4707310452945,0.386,0.423,1
"BEX4",0.0161277110966749,0.717173901201463,0.195,0.12,1
"RAI14",0.0161300544799014,-3.70000173070257,0,0.01,1
"MAPK8",0.0162212977257397,-0.273303857571298,0.424,0.478,1
"WWOX",0.0163616121478769,0.77674144751005,0.186,0.105,1
"IRF9",0.0165698422133678,0.293159764896569,0.512,0.389,1
"ANKRD33B",0.0166048727381608,0.521855319696793,0.359,0.259,1
"DBR1",0.0166158043670434,1.80290743075801,0.035,0.008,1
"RBMX2",0.0166535399901185,1.36220177188702,0.067,0.02,1
"TGFBRAP1",0.0166702260389742,1.2861234707693,0.064,0.021,1
"CD58",0.0167274627967592,0.639211961977347,0.319,0.196,1
"ENSG00000276216",0.0167659352462512,-1.42609649314422,0.02,0.048,1
"GAS6-AS1",0.0168192911542901,3.52664682428449,0.02,0.002,1
"CABLES1",0.0168617636066686,-0.6063936959115,0.038,0.063,1
"TUBB2B",0.0168690320659157,-3.82081504653981,0,0.01,1
"EIF2AK3",0.016892986022546,-0.349912211365075,0.599,0.641,1
"HSBP1L1",0.0169226583567942,3.95378608721982,0.011,0,1
"PXMP2",0.0170385805415523,2.37721584353181,0.022,0.003,1
"PSMA2",0.0170811373646907,0.199683012084371,0.499,0.451,1
"CCND3",0.0171901384140942,0.518244168840757,0.246,0.152,1
"DPPA4",0.0172675147465287,-1.19712506807316,0.007,0.025,1
"ARHGAP31",0.0173393279604447,1.10796124143465,0.162,0.077,1
"IGKV2-26",0.0173435942923676,-5.18645422521648,0,0.01,1
"NELFE",0.0173852357974769,0.796598614163313,0.173,0.089,1
"HRAS",0.017386618095235,-0.938626788909799,0.082,0.12,1
"COPA",0.0174429193028231,-0.287380792558892,0.43,0.437,1
"HACD2",0.0174506975858965,0.310296655200136,0.133,0.084,1
"TMEM9B-AS1",0.0174878581336959,-2.52910973457627,0.002,0.016,1
"CDKN2AIP",0.0174999422039377,-0.520896382003585,0.217,0.264,1
"CBX3",0.0175558865760644,0.138031024832871,0.282,0.206,1
"IGLL5",0.01764784517932,-0.634975218758883,0.146,0.196,1
"HNRNPH2",0.0179204764165316,-0.358478907063207,0.191,0.171,1
"GNL2",0.0180327729547078,0.324356159262169,0.297,0.199,1
"POLD1",0.018057170022705,0.935069129715829,0.06,0.028,1
"DPP7",0.0181627773387515,0.265654877911167,0.386,0.273,1
"CTBS",0.0183095785452471,0.508156631863153,0.118,0.064,1
"RNF139",0.0184351339908221,0.597966710425239,0.266,0.191,1
"SMN2",0.0184776720204884,-2.27716111100839,0.007,0.018,1
"ITGAX",0.0185226699639009,3.7907555463139,0.013,0,1
"RSRP1",0.0186058829104479,-0.312857108385083,0.63,0.682,1
"LPAR2",0.0186709340679816,1.69355968303223,0.029,0.005,1
"MIR4422HG",0.0187099959206632,1.21103665131994,0.075,0.026,1
"LZTS3",0.0187256711782668,-1.04292572423786,0.047,0.079,1
"PLCL2",0.0188919515730547,-0.408370429978284,0.315,0.328,1
"SRP54",0.0189093353253246,0.461276219815203,0.35,0.26,1
"PLAGL2",0.0189361449930505,1.04568034321418,0.078,0.031,1
"SMIM18",0.0190076109538894,-1.72944249762382,0.004,0.018,1
"TXNL1",0.0190417850318288,-0.253374211227335,0.282,0.31,1
"IGLV3-27",0.0190876771612518,-7.24301057473952,0,0.012,1
"MIR4432HG",0.0191574566868977,1.11999777999713,0.082,0.036,1
"EIF2B4",0.0192417042763338,1.05676133025464,0.106,0.049,1
"PLK2",0.0192620515811995,1.11657103343533,0.073,0.041,1
"TMEM230",0.0194518229436857,0.637633897495767,0.164,0.094,1
"ATP5F1A",0.0195233411251193,0.46170775138481,0.361,0.241,1
"STX5-DT",0.0195598741619342,1.09347166692068,0.038,0.013,1
"PTPN1",0.0196358885615835,0.394267380184571,0.424,0.329,1
"SMIM10L1",0.0196414379376481,0.236992906147571,0.153,0.099,1
"GADD45G",0.0197181511055881,0.779903283278452,0.102,0.054,1
"USP37",0.0198447312515227,-0.513913120608352,0.175,0.199,1
"RUBCNL",0.0198975445156111,-0.176530081789985,0.703,0.718,1
"JMJD1C",0.0199125928860105,-0.169970344392145,0.623,0.585,1
"DENND1C",0.0199545647610385,1.05014361700002,0.102,0.043,1
"INPPL1",0.0200941982292756,-0.510984282939453,0.035,0.056,1
"UCK2",0.0201737534489413,0.976137359305854,0.062,0.023,1
"VAPA",0.0203450058531909,-0.221398953769755,0.483,0.478,1
"HLA-B",0.0204169777043155,0.112751825419706,1,1,1
"PTGES3",0.0204531216279117,-0.150458249465065,0.488,0.432,1
"CAPN3",0.0204825153190902,-1.95296704230906,0.007,0.023,1
"TSG101",0.0205398780713152,-0.438494410107215,0.202,0.231,1
"ZFAND3",0.0206609884465216,-0.131722186555489,0.63,0.567,1
"MFF",0.0207725681544441,0.149514066098724,0.251,0.178,1
"CNOT6L",0.0210245464580452,0.217698962196272,0.381,0.336,1
"AKAP8",0.0210367398675037,-0.671431959809903,0.14,0.176,1
"EIF3L",0.02104199481587,0.248965984646361,0.639,0.567,1
"DEAF1",0.0210822222929508,-0.676818484993908,0.106,0.127,1
"ATP5F1D",0.0210984175673381,0.366522238881479,0.468,0.346,1
"RABAC1",0.0211784429454514,0.228172559183652,0.417,0.298,1
"DRAP1",0.0212080618763549,0.406607021478182,0.463,0.339,1
"ZC3H12A",0.0212411392450279,-0.334593292921864,0.33,0.379,1
"PRDM1",0.0214066337708779,-2.75468191872389,0.004,0.021,1
"CAPG",0.0214480822970097,0.812965237360455,0.202,0.109,1
"EIF4A2",0.0215361899300514,-0.224855566769182,0.756,0.791,1
"RSL1D1",0.021667931096657,-0.153967288120978,0.565,0.565,1
"PLEC",0.0216857152208007,0.808051302027576,0.182,0.105,1
"MYO1G",0.0217312883118602,0.684687668643559,0.186,0.112,1
"EGR3",0.021746145170993,0.526715388726734,0.186,0.168,1
"HMGN3",0.0217704425216738,0.557601700594709,0.18,0.104,1
"APLP2",0.0218127812671903,-0.201949479630205,0.308,0.343,1
"PSMB7",0.0218601402753109,-0.478322708467842,0.237,0.254,1
"RB1CC1",0.0218767246383163,-0.279948716495741,0.353,0.382,1
"IGLV4-69",0.0220418766838773,0.969008885394173,0.007,0.012,1
"CEP85L",0.0221175544987094,0.796661882389408,0.142,0.089,1
"AKT3",0.0222835262043083,-0.273161237034588,0.386,0.394,1
"USPL1",0.0223247167623762,-0.470779445795157,0.231,0.267,1
"MIRLET7A1HG",0.0223277208434643,-0.757145448519546,0.091,0.12,1
"BCL2L2",0.0223643887922984,3.09040102131903,0.02,0.002,1
"GMCL1",0.0223743508063079,0.827202940021533,0.122,0.061,1
"CANT1",0.0224085029009503,0.661300706279721,0.111,0.054,1
"MOB1A",0.022452171948855,-0.204674445502561,0.486,0.516,1
"H2AX",0.0224652775951394,0.356358911654054,0.337,0.232,1
"TCP11L2",0.022468888196352,-0.264346870882076,0.432,0.455,1
"IGLV9-49",0.022512615185242,1.11193250744027,0.007,0.013,1
"RCC2",0.0227540415798265,-0.215305117307477,0.242,0.224,1
"OGT",0.0227543630609387,0.534076815261322,0.361,0.241,1
"ZFP36L2",0.022797436908909,-0.30058531712838,0.681,0.689,1
"PGM1",0.0228215442112401,1.46684819221063,0.04,0.013,1
"ZZZ3",0.0228760073892436,-0.507677546996371,0.175,0.204,1
"VAMP5",0.0228816774735119,0.984192092738504,0.086,0.04,1
"TNFRSF13C",0.0230808714617376,0.272555233562546,0.554,0.433,1
"TMEM30A",0.0231413577350392,0.499717989070609,0.169,0.1,1
"GBP4",0.0232297295119176,0.670280765413801,0.239,0.158,1
"CLK1",0.0233857569871077,-0.154771265917376,0.596,0.641,1
"PGM2L1",0.0234550227630957,0.939996365448447,0.137,0.074,1
"PAPOLA",0.0235297239464786,-0.227887681530125,0.512,0.517,1
"ACVR1B",0.0236091643353224,1.63522425242236,0.031,0.007,1
"TXNL4A",0.0236643403506252,0.221929879367029,0.517,0.389,1
"CYRIA",0.0237373961707368,0.449710960190703,0.45,0.348,1
"LSM4",0.0238682481157679,-0.245958649757442,0.182,0.201,1
"DCAF12",0.0239516838095032,2.69540011623693,0.02,0.003,1
"DOK3",0.0240013149819237,1.67992239124811,0.051,0.013,1
"RARA",0.0241356422271619,-0.255025832166157,0.692,0.671,1
"C9orf72",0.0242886272725524,-0.447588033007185,0.257,0.283,1
"PRCP",0.0244059545095178,0.668983771397813,0.188,0.117,1
"CRIM1",0.0245885102675393,-0.241585586726854,0.133,0.163,1
"TNRC6B",0.0245939426951166,-0.325652534199411,0.404,0.443,1
"FAM118A",0.0247493565992823,0.889404501927127,0.111,0.059,1
"IFIT5",0.0247861967430513,1.33734743851449,0.084,0.031,1
"POMP",0.0248135782455176,-0.237180372727271,0.55,0.524,1
"RPRD1B",0.0248796573738976,0.161040411209485,0.14,0.138,1
"DNAJB4",0.0249847190676111,0.83752955227115,0.084,0.056,1
"DDIT3",0.0250091755535937,-0.445038638508874,0.421,0.443,1
"ENSG00000278996",0.0250228180771527,0.371131828556009,0.692,0.611,1
"MRPL55",0.0251097204859177,1.02795780984319,0.091,0.038,1
"RASSF5",0.0251131611126248,0.444894587145809,0.39,0.267,1
"CCDC115",0.0251386370746669,0.706470354707025,0.149,0.079,1
"UVRAG",0.0253248500711748,-0.309609105159844,0.552,0.598,1
"LIN37",0.0253330844936573,-1.20110156147999,0.033,0.061,1
"RGS2",0.0253456348698465,0.256554340177009,0.497,0.367,1
"ENTR1",0.0253687861265754,0.851651776311497,0.095,0.044,1
"FEZ2",0.0255117153377381,-0.429248714826707,0.093,0.12,1
"LY86",0.0255542978794247,0.573840311752986,0.228,0.147,1
"NMI",0.0256983953835855,0.974620234342735,0.091,0.04,1
"UBE2L6",0.0258027245762036,0.443462839523803,0.206,0.124,1
"THRAP3",0.0258150562884216,-0.229657026927467,0.523,0.496,1
"CEMIP2",0.0258296833208169,0.477112925665428,0.246,0.163,1
"MYLK4",0.0260473411737493,1.74352908065677,0.027,0.007,1
"CAB39L",0.0260681565208561,-1.5920623878077,0.029,0.059,1
"SFPQ",0.0260718433049154,-0.130334876195067,0.807,0.768,1
"MOXD1",0.0261344368993719,2.63608764924329,0.02,0.003,1
"SIT1",0.0262420107340129,1.05682514464488,0.1,0.048,1
"GMFG",0.0263802274535674,0.468164648904835,0.282,0.188,1
"CENPC",0.026455794591262,-0.453375059934343,0.381,0.397,1
"RBL1",0.0265441493952701,1.08056828288764,0.051,0.018,1
"NUDT19",0.0265812270333405,-1.63687287994298,0.004,0.01,1
"ENSG00000288961",0.0265930495066213,3.50386657050794,0.011,0,1
"ENSG00000277969",0.0266853737761641,3.64712677922259,0.011,0,1
"SCML1",0.0266973899411949,0.845667247595576,0.1,0.068,1
"GPR132",0.0267750028547352,-0.119249424293677,0.437,0.377,1
"ZDHHC8",0.0267970421033654,1.38541504665448,0.055,0.021,1
"NOP16",0.0268008298000156,0.202134390858511,0.224,0.211,1
"MAP3K14",0.0270585271648613,-0.528798414797978,0.124,0.157,1
"TSPAN4",0.0270696663356481,-3.78119628470958,0,0.01,1
"RAB11FIP3",0.0270698650724216,-0.558467877860231,0.073,0.1,1
"LINC02757",0.0270870760534987,-1.96221480297265,0.007,0.025,1
"RPP38",0.027092534417224,-0.297919584002268,0.16,0.143,1
"PITHD1",0.0271548877939219,0.486456609907521,0.288,0.201,1
"ENSG00000291136",0.0272563473973365,-0.477197742877487,0.171,0.183,1
"REPS1",0.0274078632171687,0.687322343315017,0.118,0.063,1
"ENSG00000265474",0.0274434444311739,2.50417715372351,0.027,0.005,1
"ZNF3",0.0276381699485512,-1.11261438553217,0.049,0.082,1
"ARHGEF12",0.0278112706397901,1.41449781925197,0.058,0.02,1
"ARRB2",0.027885779485692,0.912111528365496,0.144,0.074,1
"ANO6",0.0279864143112003,0.885788272369852,0.106,0.053,1
"TRIM56",0.0280448755188108,-0.584270310880914,0.067,0.096,1
"TSPYL1",0.0280461042170317,-0.383023675079327,0.315,0.323,1
"CAPRIN1",0.0281230796932941,-0.385582778065884,0.213,0.222,1
"PTK2",0.02817500047773,0.486220092255703,0.302,0.203,1
"PCSK7",0.0282650355411724,0.75469227915972,0.149,0.089,1
"KLHL24",0.0282972608354661,-0.363618395732617,0.412,0.471,1
"ACSM1",0.0283371799455189,-0.532075968011431,0.044,0.061,1
"NBEAL1",0.0287333674893291,0.650793692122248,0.211,0.124,1
"WASH2P",0.0288371644715698,0.869320318098207,0.106,0.061,1
"KCNJ13",0.0290498193597673,-1.70974240414742,0.004,0.015,1
"FOXRED1",0.0290586307203815,1.40904664572241,0.049,0.016,1
"FPGS",0.0291219292738243,-0.602333603754882,0.131,0.152,1
"SCRN2",0.0293159449834152,1.43911939819841,0.04,0.01,1
"LINC03034",0.0293708333068549,2.44292977608349,0.018,0.003,1
"ZNF254",0.0294570221211727,-0.653665329220756,0.051,0.074,1
"ARMCX6",0.0295124248209243,0.578196203267161,0.131,0.076,1
"MEGF9",0.0295147277501367,0.201218445268065,0.062,0.038,1
"FAM234B",0.0295478064374769,-1.78453294045388,0.004,0.018,1
"CARM1",0.0296377196547885,-1.88914585429436,0.007,0.025,1
"E2F3",0.029685951460259,-0.394582983274598,0.086,0.102,1
"YTHDC1",0.0297120139216157,-0.253988818162206,0.528,0.54,1
"XIAP",0.0298099761909169,0.507772711262083,0.186,0.109,1
"FERMT3",0.0298907090453423,0.98110813468893,0.113,0.053,1
"AIP",0.0299296015259219,0.213555975698119,0.257,0.18,1
"YWHAH",0.0299981008078738,-0.593007712135533,0.237,0.288,1
"CCSER1",0.0301130845757944,0.514372038055113,0.262,0.185,1
"ZNF740",0.0301656392823613,-0.863406235941411,0.044,0.079,1
"SYNGR2",0.0301921728562174,0.26980309657917,0.836,0.779,1
"TPT1-AS1",0.0302233249213648,0.906025180146813,0.106,0.054,1
"RFFL",0.0302709875560574,-0.485754042308217,0.075,0.102,1
"TMEM50A",0.0302986210816616,-0.270361397541993,0.488,0.466,1
"TMEM140",0.0303423651164726,-0.818573194341664,0.06,0.094,1
"IGHV1-46",0.0303701392362209,-0.897895133998924,0.009,0.03,1
"DNMBP",0.0304495502675959,0.542484132367515,0.142,0.076,1
"ENSG00000274292",0.0304807279700192,1.33386598841042,0.022,0.005,1
"PIKFYVE",0.0305056523095969,0.326405936798775,0.539,0.41,1
"LINC00278",0.03063910248555,1.31741504216258,0.038,0.01,1
"VAMP1",0.0307664588270933,1.47943796341296,0.047,0.018,1
"POLR2M",0.0307990672047019,-0.410472237454545,0.2,0.214,1
"CTSS",0.0308208100192805,-0.261219957468107,0.512,0.486,1
"MSL3",0.0309020825455257,0.68516940305245,0.191,0.12,1
"RNF114",0.0309594423038698,0.173057875407704,0.448,0.343,1
"HLA-DPB1",0.0309610390226271,-0.147604175172866,0.971,0.982,1
"ARPC5L",0.0309734173985476,0.4303779266173,0.333,0.249,1
"NKIRAS1",0.0311307003463228,-1.02164520393358,0.033,0.058,1
"IQCG",0.0311973145929729,-2.34125170123476,0.016,0.041,1
"SEMA7A",0.031208725708882,0.44031392568231,0.534,0.392,1
"LNPEP",0.0313168641518405,-0.363211918345884,0.242,0.25,1
"PIP5K1C",0.0313421882160464,1.39352090373521,0.04,0.013,1
"RAB6A",0.0313964460991635,0.394128719059606,0.244,0.157,1
"ISCA1",0.0314452225045321,0.3028908248632,0.503,0.389,1
"HOTAIRM1",0.0315063594162627,2.19868748842704,0.031,0.008,1
"LINC02384",0.0315658171500195,1.65827785869633,0.047,0.015,1
"ZNF212",0.0315876266365718,-1.44014533917905,0.033,0.058,1
"UBE2Q2",0.0315888750310154,-0.556520323463907,0.129,0.153,1
"ANXA6",0.0317854931242034,0.712521051690402,0.195,0.112,1
"TCAF1",0.0319013848282992,-1.43099154745789,0.009,0.023,1
"ANXA1",0.0322100865848865,2.60755874456925,0.027,0.007,1
"SAMM50",0.0323889072524243,0.931206379136936,0.091,0.04,1
"HCP5",0.0323963136196156,-0.387001300141898,0.33,0.379,1
"ENSG00000226465",0.0325049871807484,0.995800448215999,0.013,0.002,1
"PDRG1",0.0327225552253368,-0.619224604312778,0.126,0.158,1
"TMC8",0.0327304474630788,0.534401952013269,0.246,0.153,1
"AP5M1",0.0328043383658543,-0.459832523809075,0.095,0.124,1
"SNURF",0.0328057740306344,-3.28489898349782,0.002,0.013,1
"NINJ1",0.0328382288616352,0.470105866096193,0.428,0.341,1
"P2RY8",0.032847802793098,0.774937038098464,0.275,0.165,1
"CCDC107",0.0329382735802712,0.433990592129726,0.368,0.257,1
"SRM",0.0329808155958881,0.683648534656581,0.182,0.1,1
"ENSG00000290057",0.0330900007760538,1.14559991928116,0.058,0.023,1
"TCL6",0.0331125031695364,-0.730551343096236,0.042,0.076,1
"SEC61B",0.0331254056321944,0.292398613169734,0.734,0.636,1
"HLA-DOB",0.0331309581786773,0.269188887682716,0.244,0.171,1
"ADGRE5",0.033327625203868,0.252368119459095,0.608,0.484,1
"PHB2",0.0333653881723942,-0.287345237351572,0.41,0.427,1
"NPIPB4",0.0334547448128766,-0.248336894131845,0.091,0.069,1
"MT-ND1",0.0335043958070627,-0.235393753250742,0.973,0.97,1
"TRAF4",0.0336180637431202,-0.11132466729445,0.712,0.723,1
"HLA-G",0.0336538436296587,-0.729665268264503,0.129,0.17,1
"ZC3H8",0.0337152393682051,-0.445568669016211,0.197,0.214,1
"DNAJB9",0.0337351745084006,-0.488458043004401,0.248,0.29,1
"ENSG00000285692",0.0337781107545654,-1.8551390575852,0.013,0.028,1
"LINC00963",0.0338004718527494,-1.00238752060161,0.022,0.04,1
"ZNF800",0.0339030055069419,-0.276762674725063,0.333,0.354,1
"TRIM27",0.0339459513647299,-0.614884965865628,0.075,0.094,1
"STRIP1",0.0339460881580288,-0.55947483830139,0.144,0.175,1
"PRDX6",0.0340618950493093,0.232366587352449,0.344,0.254,1
"UFSP2",0.0341968440797735,0.766521018871009,0.115,0.056,1
"NIPBL",0.0342369982320497,-0.221548006469503,0.554,0.567,1
"IGHV3-30",0.0344380202249969,1.51207282332164,0.071,0.04,1
"LHPP",0.0349003996663481,0.908357884759359,0.12,0.069,1
"BMT2",0.0349627562984423,-0.805531594578825,0.044,0.068,1
"WDR33",0.0350879579255307,-0.43437652106957,0.322,0.356,1
"KAT7",0.0351335132149307,-0.643005569515082,0.18,0.209,1
"FSTL4",0.0351922744788616,2.18234553488025,0.049,0.02,1
"SKAP1",0.0352116141162045,-0.831701238586791,0.055,0.087,1
"NDUFB1",0.0353685088876554,0.56424149504854,0.215,0.14,1
"QKI",0.0353875910076306,-0.347170373198637,0.406,0.445,1
"KAT6A",0.0353936104468636,-0.19516599811253,0.419,0.443,1
"IGHV3-74",0.0354722912264658,1.88588264049346,0.024,0.007,1
"NOC3L",0.0354778647306244,-0.431509812602224,0.215,0.227,1
"SEPTIN6",0.0354789602001502,0.413359374897237,0.395,0.275,1
"DGKZ",0.0355177533679376,1.10880054213894,0.067,0.031,1
"ARL17A",0.0355851761957945,-1.60742619910895,0.018,0.044,1
"NLRP1",0.0357473403941442,0.402671886640051,0.184,0.112,1
"NXPH4",0.0358703355364934,-0.7497905593032,0.02,0.036,1
"UFC1",0.0358829352824943,0.357268178941846,0.386,0.275,1
"UBR5-DT",0.0358921122819173,-0.782374258339617,0.062,0.096,1
"SLC25A29",0.0359245516112378,-1.17704376518103,0.022,0.046,1
"LGALS9",0.0361878869089887,0.467174433824802,0.279,0.208,1
"ICOSLG",0.0364141178433322,-0.206682080787293,0.284,0.305,1
"MFSD12",0.0365098578395264,0.882952564891882,0.12,0.063,1
"ANGEL2",0.0365268025510973,-0.722832364859071,0.071,0.105,1
"ARHGEF39",0.0366622714519879,-1.38055337036041,0.007,0.016,1
"RIOX1",0.0367927375597214,0.700107796519702,0.082,0.04,1
"RNF213",0.0368185660092877,0.352391538720051,0.328,0.231,1
"STAM2",0.0369513591680463,-0.67967034059195,0.067,0.096,1
"CD82",0.0370346954815844,0.565398145453288,0.437,0.288,1
"PJA2",0.0371026688486707,-0.312348892892788,0.39,0.43,1
"MAGED2",0.0373179276680305,-0.516866264356132,0.067,0.096,1
"WASHC5",0.0374216477135459,0.723700907110122,0.12,0.059,1
"ENSG00000229502",0.0375003120302058,-0.923997297652135,0.027,0.051,1
"CMIP",0.0375035655360304,-0.277166543833838,0.244,0.252,1
"FLT3LG",0.0375789712580125,0.439060493767006,0.126,0.069,1
"BANK1",0.0376625511351542,0.177311074522128,0.727,0.641,1
"ENSG00000290927",0.0376801285745068,0.578211447827777,0.151,0.094,1
"ZNF451",0.0377713371117957,-0.317957153157296,0.328,0.308,1
"MCEMP1",0.03786697349506,3.08397467349612,0.02,0.002,1
"SAMD8",0.0379045603297854,-0.15104530493618,0.259,0.275,1
"MRPL49",0.0380632317929493,-0.787554096280633,0.098,0.13,1
"BTBD10",0.0381578876743394,0.463125042166183,0.149,0.087,1
"LAMTOR5",0.0383484220806839,0.335470391961145,0.565,0.443,1
"TTC33",0.038553485552684,-0.44029133935889,0.113,0.133,1
"VGLL4",0.0386647901218005,1.72748765959213,0.049,0.018,1
"DCAF15",0.0386674685966036,0.48186332873796,0.193,0.115,1
"UBE2D1",0.0387686123379151,-0.309940732605334,0.22,0.255,1
"SMAGP",0.0388023593403459,1.07069675728307,0.075,0.031,1
"VPS4B",0.0388603132691579,-0.386681049217356,0.273,0.283,1
"NFE2L2",0.0390661561996383,-0.210542482834926,0.665,0.675,1
"TMEM179B",0.0393378535684657,0.776349335747886,0.182,0.099,1
"TRBC2",0.0393664147976745,-0.361371843793542,0.392,0.407,1
"SEMA6A",0.0394475519864079,1.34447072534097,0.047,0.016,1
"COPB2",0.0395455467188058,0.444766858701007,0.282,0.198,1
"ANXA2R",0.0395471355918488,1.19689679146513,0.033,0.008,1
"ARF4-AS1",0.0395638523527329,1.72378381970111,0.031,0.01,1
"ZCCHC10",0.0395760878371962,-0.160243079821771,0.322,0.344,1
"HM13",0.039592468516007,0.608199427515542,0.166,0.096,1
"EPHX1",0.0396931476975929,-2.23984358791912,0.002,0.013,1
"POMGNT2",0.0399391348779623,1.82079536945636,0.022,0.003,1
"PRKN",0.0400057647393552,-2.97981863642298,0.002,0.016,1
"PAPSS1",0.040301545725549,0.757400283535099,0.067,0.028,1
"FBXO25",0.0405612575539437,-1.2370337870528,0.047,0.074,1
"SLC6A3",0.0406218975422855,-1.82602432056099,0.002,0.012,1
"PCGF1",0.0406780179179666,-0.640067660165798,0.069,0.107,1
"CCDC88B",0.0406893678169527,0.789869386149277,0.1,0.046,1
"PML",0.0407434118132822,0.837764633786821,0.129,0.069,1
"MSL2",0.0407650217627886,-0.390833145622624,0.262,0.285,1
"EMC6",0.0408405510254313,-0.187790195223452,0.271,0.249,1
"DPH5",0.0409158051656269,-0.958622038654607,0.04,0.066,1
"TRIR",0.0409746940897188,-0.118146214159302,0.734,0.699,1
"FRA10AC1",0.0411101130259746,1.17829314260238,0.062,0.023,1
"ATP5MK",0.0412453322421205,-0.248795394596066,0.308,0.267,1
"CTSO",0.0412713220071241,1.50969928016604,0.031,0.008,1
"TANK",0.0413571709042259,-0.212606870183575,0.67,0.644,1
"CCDC112",0.0415107919302336,-1.15515112930428,0.038,0.068,1
"PCNX2",0.0415648672687365,1.68475478051734,0.022,0.003,1
"LAP3",0.0419316619102966,0.598018038362854,0.228,0.145,1
"EIF2S2",0.0422099820576821,-0.25023022092775,0.386,0.386,1
"ENSG00000285646",0.0423098209223328,1.72041123618451,0.04,0.015,1
"GLS",0.0423508406973131,0.332580640000413,0.53,0.432,1
"CACYBP",0.0423658135021662,0.440159804231913,0.235,0.188,1
"MPC2",0.0424685178742342,0.127757187245243,0.246,0.181,1
"IQSEC1",0.0425373650702329,0.46681876687494,0.381,0.265,1
"PRPF40B",0.0426277810338459,2.32427280086674,0.024,0.005,1
"ILKAP",0.0427080288980524,-0.466835714870462,0.233,0.273,1
"MGAT4A",0.0428357120305038,1.0888768719473,0.064,0.025,1
"ENSG00000290104",0.0428554013434569,0.41269563637025,0.186,0.119,1
"CSNK2B",0.0429220080170363,0.302349952144079,0.517,0.412,1
"BTF3",0.0429776031982035,0.109651704100408,0.942,0.923,1
"DUSP11",0.043100787815832,-0.399522595814942,0.213,0.206,1
"CTCF",0.0431396914662905,-0.506830726742696,0.177,0.188,1
"ALKBH5",0.0431411553137008,0.562965679190612,0.264,0.173,1
"PIM3",0.0432059689165943,-0.151917877005566,0.871,0.853,1
"ZNF506",0.0434096484263012,-0.34476213688871,0.202,0.227,1
"SCMH1",0.0437128468600996,-0.635644339979136,0.137,0.163,1
"TNFRSF10B",0.0437869350816021,0.517921767230339,0.106,0.061,1
"PIN4",0.0438222892803248,-0.86365699149537,0.047,0.072,1
"SAMD9",0.043890519713622,0.337182641364303,0.109,0.066,1
"RAB3A",0.043942681990305,1.62491817935847,0.022,0.005,1
"TBX21",0.0441471746455491,2.6300666511296,0.022,0.005,1
"SLC16A4",0.0441505428748482,1.51809886473352,0.02,0.003,1
"USP49",0.0441943779771876,-1.20331116071641,0.027,0.04,1
"JPX",0.044255210659192,-0.423652428391741,0.146,0.143,1
"RPS6KA4",0.0442771252428738,2.33836659961453,0.016,0.002,1
"HIVEP1",0.0443816101504037,-0.158938935656379,0.424,0.448,1
"NDUFC2",0.0444510159147823,0.608827464912747,0.157,0.084,1
"FBXL5",0.0444622180408208,0.532562429470453,0.173,0.117,1
"TCHP",0.0445857732703647,1.23293520023175,0.053,0.021,1
"ZNG1B",0.0446727194414808,-0.53014977628241,0.208,0.237,1
"ZBTB6",0.0446854891032584,0.436906133878561,0.071,0.036,1
"HMGN4",0.0447209196224774,0.380839481820674,0.251,0.166,1
"GLIPR1",0.0447723569555215,-0.140602362240546,0.264,0.28,1
"SUDS3",0.0448049154149326,-0.279694128081392,0.118,0.137,1
"ARL6IP4",0.0448072455017829,0.340336967845586,0.295,0.227,1
"PREPL",0.0448084332598608,0.790390024874483,0.12,0.063,1
"SPCS3",0.0449710002612122,0.275818769533336,0.244,0.208,1
"B2M",0.044995139725184,0.125679497532291,1,0.998,1
"ZNF770",0.0450450762908347,0.170392658095697,0.118,0.107,1
"GNB5",0.0450615696873791,0.460878247774132,0.428,0.339,1
"TAGAP-AS1",0.0451239626725758,-0.667368140667739,0.137,0.17,1
"ABHD17A",0.0451548105481553,0.731968830485098,0.166,0.096,1
"HMGN1",0.0452625661611029,-0.169033826418074,0.534,0.554,1
"FKBP2",0.0452676624834921,-0.376483691684089,0.197,0.208,1
"BASP1",0.0452782591492436,0.333694104467333,0.596,0.493,1
"VBP1",0.0453397459181939,-0.449340747780146,0.151,0.166,1
"USP6NL",0.0454547465151122,-0.203718781370987,0.231,0.208,1
"LUC7L3",0.0454555056325706,-0.263630643975735,0.353,0.39,1
"PEAK1",0.0455257823630778,0.111406466278277,0.304,0.219,1
"TRIM8-DT",0.0456033735089188,-2.94623234679842,0.002,0.018,1
"TMEM276",0.0456423541938587,1.74358574427406,0.018,0.003,1
"ENSG00000289341",0.0458689688507706,0.393417391449614,0.151,0.132,1
"NIFK-AS1",0.0460328351378825,1.7822039082404,0.038,0.012,1
"ZNF148",0.0461056632992223,-0.109812802691021,0.275,0.232,1
"DYNLL1",0.0461364112205173,-0.290862383651964,0.492,0.522,1
"ST6GALNAC6",0.046185762201972,-0.681380673739014,0.095,0.125,1
"MCL1",0.0463143734243666,0.241509449471052,0.712,0.58,1
"ETHE1",0.0463954231633012,1.49775111047895,0.047,0.018,1
"MZT2B",0.0464305045022731,-0.303440498366962,0.499,0.507,1
"IPO4",0.0464402313556783,0.851599311948367,0.098,0.048,1
"ZNF613",0.0466316040140065,1.41812394452741,0.029,0.01,1
"ATRAID",0.046735986749629,0.731504953936412,0.126,0.077,1
"RNGTT",0.0468067136673904,0.533068380454571,0.222,0.138,1
"RPL22L1",0.0468621499562308,-0.219767292816757,0.63,0.657,1
"IGKV1-5",0.0469775875261245,0.933472228973719,0.091,0.048,1
"ARL14EP",0.0471283171873525,-0.580132561953652,0.166,0.199,1
"IFI27L2",0.0471343709001857,0.86868305658925,0.086,0.043,1
"RAPGEF2",0.0473353925169055,0.582866928590993,0.29,0.216,1
"MFSD14CP",0.0474691922241665,0.590989726451878,0.153,0.091,1
"EEIG1",0.047478885729756,0.574541728928704,0.144,0.087,1
"GPRASP1",0.0478050887935743,2.25686385423342,0.016,0.002,1
"TBC1D9B",0.0479241249765367,1.01967174447369,0.08,0.033,1
"KLHL6",0.0479461728126064,0.46832536183227,0.164,0.133,1
"RRAS2",0.0480643911795479,-0.264847246720783,0.499,0.473,1
"PGGHG",0.0480913476071699,0.657742383151275,0.093,0.046,1
"TNFRSF1B",0.0482193798407302,0.861387252510539,0.195,0.105,1
"ZNF394",0.0483592233557826,-0.452133411526857,0.255,0.282,1
"TFG",0.0485234600172666,-0.165883404214163,0.286,0.262,1
"ASXL2",0.0485246985101617,-0.470889530665946,0.146,0.18,1
"ENSG00000273565",0.0485582579283563,-2.35512571879672,0.004,0.02,1
"PTK2B",0.0486132974988435,0.390514129669781,0.253,0.175,1
"OPA3",0.0486152221296944,-0.539176278370299,0.109,0.105,1
"AREG",0.0486152976828009,-0.37455137855954,0.271,0.265,1
"NFKBID",0.0488069136687949,-0.234263979889191,0.856,0.852,1
"IGKC",0.0488613451998474,-0.198271335605272,0.353,0.301,1
"SOX4",0.0489854749270233,-0.672794509084243,0.173,0.208,1
"NADSYN1",0.0490011596416541,-0.607555542882689,0.062,0.068,1
"TBXA2R",0.0491286984498682,-1.8673496301922,0.007,0.023,1
"ERBIN",0.0491449802100628,-0.24987106738527,0.439,0.422,1
"USP39",0.0492108485001777,-0.479885243049708,0.137,0.161,1
"KCTD18",0.0492457981662472,1.42417265382845,0.049,0.02,1
"SAP30",0.0492699626305302,1.02718748746018,0.084,0.04,1
"RASGRP1",0.0494124086280987,-0.122315546365532,0.246,0.257,1
"NRBP1",0.0495969036928146,0.198954971776381,0.306,0.224,1
"CHSY1",0.049775370707727,1.0496366835892,0.067,0.028,1
"PSMB6",0.0497953006736473,0.454120256476695,0.333,0.219,1
"CCNDBP1",0.0500494692282207,-0.282876400862158,0.255,0.283,1
"ZNF224",0.0503732787133897,1.16954940999468,0.093,0.048,1
"ENSG00000288044",0.0505544249382706,1.08835511700051,0.04,0.013,1
"ENSG00000284707",0.0505818548908936,0.483830385511878,0.211,0.132,1
"CSNK1G1",0.0505934968357385,0.938453238196062,0.113,0.059,1
"HNRNPM",0.050631841730275,-0.259629464055917,0.41,0.425,1
"ZFAND2B",0.0506753864852091,0.691098648479949,0.175,0.109,1
"MCTP2",0.0507642096098052,-0.327111026446287,0.208,0.237,1
"IDE",0.0508139511537835,-0.515908522862088,0.027,0.046,1
"EEF1G",0.0508988688705683,0.111842259237947,0.96,0.956,1
"ACSL1",0.0509418494679175,0.527365189129075,0.302,0.216,1
"PRXL2C",0.0510548281225477,0.307543663961918,0.262,0.181,1
"LEPROT",0.0510915985170536,0.617188483390375,0.049,0.021,1
"EIF2D",0.0511587288028205,0.79169383488883,0.118,0.064,1
"CNN3",0.0512159588428127,0.544856361259832,0.149,0.087,1
"NFYC",0.0513722368958698,-0.325811364447321,0.235,0.229,1
"CYRIB",0.0514019680891997,0.376250726803917,0.47,0.346,1
"PEX10",0.0514041033195481,1.47740935172489,0.047,0.015,1
"SRSF7",0.0515225762573731,-0.127600538322264,0.88,0.843,1
"OTUB1",0.0516570430728902,0.34397957130218,0.443,0.341,1
"RNF4",0.0518750721712235,-0.334449652118973,0.228,0.222,1
"DNAJC27",0.0519547987754407,-0.581670262110764,0.1,0.125,1
"ENSG00000290709",0.0520275465164653,1.07920739504153,0.064,0.028,1
"PYCR2",0.0521224661836817,0.716858000078032,0.124,0.066,1
"NDUFB3",0.0523476136992962,0.353096918399047,0.135,0.077,1
"EFHD2",0.052421886191969,0.311526266012707,0.639,0.54,1
"NSFL1C",0.0524635300189679,0.197560055385321,0.226,0.155,1
"OXCT1",0.0524771763843366,0.562734619904042,0.206,0.145,1
"SEC16A",0.0525483239685863,0.796755385470468,0.153,0.082,1
"CLASP1-AS1",0.0527165794709765,0.967535363704514,0.044,0.038,1
"PWWP2B",0.0527627891403513,-0.396525875242066,0.129,0.147,1
"KLHL14",0.0528207915736912,-0.437083857792874,0.053,0.076,1
"MPZL1",0.0528683626852405,1.34873507212257,0.053,0.018,1
"RBM12B",0.053056361084125,-0.985522396393643,0.042,0.059,1
"FOXO3",0.0531636621113376,-0.54841227774337,0.126,0.158,1
"ENSG00000274092",0.0532118103172769,1.52984742921983,0.031,0.012,1
"HAUS3",0.0532702616716817,-0.651232089367966,0.086,0.119,1
"TTYH3",0.0533358516500699,0.827987912900811,0.071,0.031,1
"LSM6",0.0534344303004747,-0.426013957466329,0.091,0.109,1
"EMB",0.0535032492792514,0.255209521154153,0.228,0.152,1
"ARF1",0.0535593658188428,-0.207378755920815,0.696,0.68,1
"ICAM1",0.0536024566726063,0.385129300816047,0.319,0.224,1
"YEATS4",0.0536028152766506,-0.619035054404755,0.118,0.153,1
"ZNF267",0.0537057047584388,-0.230032404591479,0.492,0.521,1
"S1PR4",0.0537268738374235,-0.531899011442229,0.169,0.191,1
"NABP2",0.0537569199698777,1.97699718866383,0.024,0.005,1
"NCF4",0.0537587716792788,0.308848001761701,0.169,0.109,1
"RRAD",0.0538106227635273,-0.991593646777673,0.051,0.049,1
"PDAP1",0.0538389382598763,-0.331720338612499,0.1,0.12,1
"CD79B",0.0538727065708195,-0.306852494616541,0.313,0.356,1
"EDF1",0.0539181736405131,0.269081989791928,0.603,0.509,1
"AMDHD2",0.053951399722423,0.715064527007516,0.126,0.068,1
"IKZF1",0.0540084284088108,0.253902373932837,0.399,0.305,1
"HS3ST1",0.05404173322298,1.46751775224813,0.02,0.005,1
"MORN2",0.0541426190517833,1.99233365165607,0.027,0.007,1
"TNPO3",0.0541447580717461,-0.377253049331817,0.211,0.226,1
"TSN",0.0541472071762284,-0.597088027867527,0.122,0.138,1
"DNAJC8",0.0544736090846676,-0.245118246859123,0.412,0.397,1
"CDIP1",0.054484286515061,-0.547848490535144,0.062,0.076,1
"SOAT1",0.0544876444598146,0.551994695486361,0.122,0.068,1
"LMBR1",0.0546352216039031,0.424115051862491,0.206,0.135,1
"PTAR1",0.054743453742691,0.209070783121962,0.142,0.099,1
"TIMM23",0.05491865530543,-0.406906545513118,0.188,0.216,1
"IGHV3-53",0.0550928386046762,-2.84960828157094,0.009,0.012,1
"LSS",0.0551968864610237,0.197627366177851,0.033,0.013,1
"TNIK",0.0552629965817979,0.489457208691459,0.051,0.026,1
"ISG20",0.0553879437424986,0.212880812681958,0.752,0.641,1
"DTWD2",0.0554116809513902,-1.46376612316178,0.013,0.03,1
"HIKESHI",0.0556619824961398,0.604118627982527,0.102,0.056,1
"FIS1",0.0557636092533474,-0.149922424746056,0.268,0.227,1
"ZNF706",0.0558119008636165,0.333934330574524,0.525,0.405,1
"RBMS1",0.0559494720700446,-0.121742720738127,0.195,0.206,1
"PEX11B",0.0559878056737787,1.04821474624108,0.044,0.016,1
"ZNF626",0.056206732242608,0.821474368048012,0.064,0.031,1
"MS4A6E",0.0562120493869509,-2.64888139900568,0.002,0.016,1
"DOCK11",0.0567442944700441,-0.463419838718262,0.211,0.227,1
"SRI",0.0568490717487307,0.673559844961462,0.171,0.097,1
"ALKAL2",0.0569369395470883,-1.96355905197678,0.016,0.023,1
"CASZ1",0.0570818077965858,-0.596936538560417,0.135,0.155,1
"MRPL57",0.0571044454878622,0.528912119563763,0.202,0.117,1
"GTF2H5",0.0572796234714684,-0.349390624646876,0.033,0.054,1
"DCAF11",0.0573466271201992,0.620570195966731,0.166,0.1,1
"PEX14",0.0574108753929201,0.527838145824872,0.113,0.063,1
"NIPBL-DT",0.057546239068981,1.39361495204317,0.049,0.02,1
"DDX47",0.0577447793947546,-0.195280592154217,0.186,0.166,1
"ATP6V1G1",0.0578121520721721,-0.175135138355865,0.545,0.496,1
"FKBP5",0.0578497384700862,-0.36984169570681,0.051,0.063,1
"FOXJ1",0.0578644758462713,1.44670855531276,0.038,0.015,1
"THOC1",0.0580270282719707,0.431546258813541,0.197,0.15,1
"TUG1",0.058034651412852,-0.403908325231618,0.069,0.089,1
"FCRL5",0.0580853757234105,-0.13205101452667,0.184,0.157,1
"ERICH1",0.0581085120438603,-0.529104582461326,0.186,0.196,1
"CCDC184",0.0581723448771475,1.50992507751775,0.022,0.005,1
"SNHG16",0.0583456290845602,-0.265015379030219,0.49,0.45,1
"SDHD",0.0583483748257474,-0.327674456282356,0.257,0.245,1
"EXOC4",0.0583940837400027,0.497493908811579,0.213,0.14,1
"TMSB4X",0.0584996250173102,0.122568748977152,0.96,0.946,1
"GPAT4-AS1",0.058546925537249,1.25895574341368,0.047,0.018,1
"GUK1",0.0585716211876279,0.255121717188043,0.603,0.478,1
"SKIL",0.0586233754258249,-0.205169551560185,0.727,0.699,1
"HMBOX1",0.0586917841013084,-0.412701649921403,0.175,0.191,1
"C11orf54",0.05870554796698,-0.955867336437888,0.053,0.071,1
"SPG7",0.058940361145952,0.452741930593436,0.126,0.097,1
"CHP1",0.058951312222596,0.220423432493799,0.102,0.069,1
"STAT3",0.0589763410078052,0.345656429591427,0.448,0.328,1
"RP9",0.059059487330113,-0.289167038402683,0.186,0.168,1
"TRAF3",0.0591082378061174,0.408073889904383,0.466,0.351,1
"CCDC174",0.0591517337998297,-0.363182081650048,0.255,0.267,1
"ENSG00000287979",0.0591554809805555,-2.59787373039718,0.004,0.02,1
"CAPN1",0.0592799141780469,0.347557210096635,0.064,0.033,1
"SENP1",0.0594717130510181,0.495388886947303,0.098,0.053,1
"STK10",0.0594773006095788,0.268033976637095,0.319,0.219,1
"RBM18",0.0595124235943506,0.184653963354316,0.169,0.122,1
"PSMD9",0.0596358841623075,0.461044054529198,0.222,0.142,1
"TXLNG",0.059869550170742,-0.472168734974439,0.171,0.188,1
"TNFSF12",0.0599485921445506,0.760521728575076,0.064,0.03,1
"HES4",0.0600054708296246,0.608583501209973,0.239,0.171,1
"ZMIZ1",0.0600200462072397,0.38533329798685,0.113,0.066,1
"EZH2",0.0601527222409625,-0.254814613745147,0.271,0.293,1
"TUBB6",0.0605311090055793,0.580456919491897,0.31,0.206,1
"HYOU1",0.0607872057441642,-0.197497615327834,0.086,0.071,1
"CERNA1",0.0609124959299187,-1.80209261535048,0.011,0.03,1
"ZC3H15",0.0609136419750068,-0.16190700381086,0.574,0.57,1
"BTBD7",0.0609788317511015,-0.387638952409102,0.169,0.173,1
"FAM81A",0.061656643274255,2.95377169323092,0.013,0.002,1
"MMADHC",0.0619648760977468,-0.177161396422298,0.313,0.282,1
"MTMR14",0.0620751814542082,-0.340896938600714,0.251,0.282,1
"GINS2",0.0620758856148762,2.60550458130595,0.018,0.002,1
"SNX12",0.0622197308587374,-0.566339972693208,0.029,0.049,1
"NR1D2",0.0624902370564386,-0.430896383766597,0.226,0.267,1
"ENSG00000267009",0.0624958499028433,1.03181879847278,0.02,0.007,1
"PNPT1",0.0625004994383805,-0.898705269668042,0.071,0.1,1
"BYSL",0.0625096104741684,-0.814366399678633,0.035,0.056,1
"POLR2K",0.0625857689541934,0.343019034957464,0.424,0.32,1
"SOCS3",0.0626145832603976,0.297189205043613,0.355,0.252,1
"ARHGAP32",0.0626244055977622,-0.61669263480742,0.071,0.099,1
"OPTN",0.0626848419328534,-0.40189039677574,0.195,0.234,1
"ARSB",0.0627430416411325,-0.665261392832118,0.062,0.091,1
"CREBBP",0.0627743189547233,-0.347949666100117,0.315,0.323,1
"MTSS1",0.0628358781724686,-0.189357161368324,0.627,0.613,1
"YTHDF2",0.0629478277819982,-0.299111498271248,0.357,0.367,1
"SPI1",0.0630614069364376,0.501952578090198,0.297,0.198,1
"CMPK2",0.0631057765012902,1.42748702625041,0.038,0.015,1
"NAA15",0.0631282642420263,-0.174725965528549,0.251,0.209,1
"PSMC2",0.0632584802654495,-0.539810037840696,0.126,0.148,1
"FAM117A",0.0632655531900976,-0.381376251091945,0.31,0.341,1
"ANKHD1",0.0637777078711046,-0.320899000928283,0.373,0.379,1
"IQCB1",0.0637788469856838,-0.289938084035498,0.191,0.214,1
"NET1",0.0642892015626501,0.785377307067832,0.062,0.028,1
"XPOT",0.064416182887267,-0.799824506074933,0.016,0.031,1
"MED30",0.0644530865064659,0.285180441374766,0.326,0.237,1
"NSMCE3",0.0645039944890188,0.118331522222872,0.441,0.346,1
"BIN3",0.0645704555460604,0.420313198790353,0.188,0.119,1
"TRIM36",0.0646907513552619,-2.29292042306921,0.004,0.015,1
"ATXN7L1",0.0650714465618295,-1.93451173225357,0.007,0.02,1
"HSPA8",0.0651593055048828,0.135577220850482,0.787,0.761,1
"ECD",0.0651935095835013,-0.307149777849021,0.239,0.232,1
"CD24",0.06534718652871,-0.399968225962835,0.195,0.196,1
"NGRN",0.065463177398432,-0.34016140127123,0.337,0.372,1
"NIBAN1",0.0654649017310334,1.84170099376424,0.02,0.003,1
"LRPPRC",0.0654683037660552,-0.436050418334171,0.186,0.206,1
"SUGT1P3",0.0654725697219355,-1.73977632917727,0.007,0.02,1
"KLF2",0.0655454825596502,-0.369575412122669,0.707,0.73,1
"PELP1",0.0656781489951067,1.41250984017063,0.053,0.02,1
"TRADD",0.0656874436320724,1.04314109524089,0.078,0.04,1
"HTR3A",0.0657020504751002,-1.82127395364009,0.007,0.02,1
"EIF1B",0.0657289823497613,-0.295659345890686,0.705,0.69,1
"ATP6V1D",0.0658305713052996,0.330639002078094,0.197,0.13,1
"P2RX4",0.0658950085329311,1.31605372382737,0.04,0.013,1
"DUSP5",0.0660837160447003,0.120356496903606,0.497,0.395,1
"TMEM222",0.0662287342871951,0.279255053144285,0.111,0.068,1
"LINC00847",0.0662389528470441,-1.20231194275276,0.007,0.02,1
"KDM7A",0.0662748921010981,-0.215896656623391,0.193,0.166,1
"WIPF2",0.0663428422552068,-0.18661967701872,0.208,0.221,1
"ENSG00000286883",0.0663868057832645,2.52093369280362,0.013,0.002,1
"GSK3A",0.0664148436335111,-0.127029628834586,0.169,0.152,1
"MLF2",0.0664720307446565,0.407866297173206,0.295,0.204,1
"DCP1B",0.0667194911518702,1.9033312188594,0.022,0.003,1
"ZNF549",0.0668028323076394,-1.11796526288362,0.027,0.046,1
"CLK2",0.0668069281284809,-0.720542429070165,0.062,0.082,1
"EIF1AD",0.0670612663419544,-0.441503858753336,0.182,0.173,1
"TMEM184B",0.0670909149673732,1.19631990629817,0.04,0.015,1
"SCAF11",0.0671941629422719,-0.222451864293844,0.568,0.57,1
"SNX4",0.0671971157061136,0.277304066566898,0.1,0.061,1
"ARHGEF19",0.0672442839918924,1.74486351494892,0.02,0.005,1
"SVIP",0.0673575941098891,0.302784088347126,0.188,0.119,1
"GMDS-DT",0.0673701699098048,0.522182154868033,0.084,0.044,1
"WNT10A",0.0673733688740718,-0.303422306265095,0.118,0.12,1
"NDUFB8",0.0673851894374456,0.400315916086418,0.315,0.208,1
"DUSP2",0.0674759858298967,0.499024316069817,0.61,0.526,1
"TAP1",0.0675657878529392,0.356610462365877,0.568,0.451,1
"PSMA6",0.0675722424217275,-0.221963614957939,0.326,0.316,1
"NUDT3",0.0676682758365525,0.185029947932733,0.297,0.229,1
"SLC35D2",0.067743590446574,2.15798014212621,0.02,0.005,1
"NDUFA12",0.067814455625653,0.140757094949823,0.2,0.137,1
"ENSG00000290590",0.067836291079096,3.19063137290366,0.013,0.002,1
"TRA2A",0.067902382212825,-0.249724505286517,0.676,0.666,1
"HOPX",0.0680178490084555,-1.31648308781183,0.02,0.036,1
"CCDC7",0.0680203394973945,-1.27938898715903,0.011,0.025,1
"FUS",0.0681600592216979,0.159923375899541,0.738,0.634,1
"CIC",0.068216368007364,-0.494997242583144,0.064,0.089,1
"YPEL3",0.068279374504006,-0.301043794570541,0.415,0.455,1
"TPRN",0.0683000662949124,1.91626781034899,0.031,0.01,1
"ZBTB11",0.0683179620462927,-0.119861592215291,0.206,0.216,1
"EIF3J-DT",0.0684181464114836,1.00627249830906,0.04,0.015,1
"ZNF670",0.0684408227511112,0.317104417671831,0.109,0.068,1
"TAF6L",0.0685875135620927,1.41957874888404,0.071,0.026,1
"RIF1",0.0686055281488731,0.120480826873129,0.195,0.142,1
"RNPEPL1",0.0686097293967965,0.542784386727592,0.166,0.114,1
"TRAPPC11",0.0688125068274997,0.52111574549797,0.073,0.043,1
"GUCD1",0.0688167235774345,-0.495649131281972,0.142,0.143,1
"NDUFA2",0.0688269882079737,0.394592372133564,0.324,0.234,1
"XAF1",0.0691985605365069,0.510092532834304,0.173,0.124,1
"DZIP3",0.0692256808508353,-0.254049603192358,0.058,0.071,1
"TMEM120A",0.0692256852354536,0.408826237583183,0.144,0.084,1
"ENSG00000262879",0.069233487544392,-0.586807488583394,0.06,0.064,1
"EOLA1",0.0694089094632996,-0.373067315146564,0.146,0.135,1
"ATP2C1",0.0694699379445455,0.50365227652581,0.129,0.076,1
"TARS1",0.0694800474037256,-0.234552993073941,0.197,0.198,1
"PSMB2",0.070032508544038,0.121175979337617,0.233,0.173,1
"CMTM7",0.070047863519017,0.426869186929409,0.319,0.236,1
"ULK4",0.0702109512723133,0.818639914377657,0.115,0.063,1
"THUMPD2",0.0702325285371136,-0.579433607251733,0.109,0.14,1
"SAMHD1",0.0703304211117954,1.16198548194265,0.042,0.016,1
"PRDM2",0.0704524280700896,-0.173260371926476,0.687,0.661,1
"SYTL3",0.0706362638267565,1.13441878753644,0.058,0.025,1
"IGHV4-61",0.070788291011776,1.15590252772974,0.051,0.036,1
"FGFR1OP2",0.0709518789002119,-0.361806061547018,0.257,0.283,1
"HTD2",0.0710717956797398,-1.26498075910998,0.016,0.033,1
"SLC35B3",0.071200318253123,0.582397600399604,0.098,0.048,1
"SRGN",0.0716508206900906,0.242028533054502,0.541,0.423,1
"MORF4L2",0.0717660786218798,-0.317507265044926,0.521,0.526,1
"BAP1",0.0718431619576663,0.80739446071767,0.06,0.026,1
"FRAT1",0.0720183725110275,-0.698598600171526,0.047,0.069,1
"CCL3L3",0.0721631933753056,-1.79594414720734,0.009,0.02,1
"FRAS1",0.0723080809483774,-2.93192656837858,0.002,0.013,1
"DGKI",0.0723648946545147,-1.80431778645716,0.002,0.012,1
"CRK",0.0724390607905758,-0.377359780165129,0.177,0.194,1
"NIP7",0.0724439213555038,0.523596479984915,0.206,0.132,1
"CASP7",0.0724709118736957,0.706369188360934,0.113,0.061,1
"SNX8",0.072482683542762,0.365350676191118,0.35,0.259,1
"PCNT",0.0725110982810715,-0.600536973726897,0.053,0.079,1
"RIC8A",0.072569845586688,0.674972435895682,0.146,0.074,1
"PSMB10",0.0726898318344534,0.436439317642706,0.246,0.157,1
"CEP72",0.072747529749877,2.4277623384806,0.018,0.003,1
"MED7",0.0728349484076768,-0.992561442146148,0.027,0.041,1
"GCDH",0.0733555448679087,0.614381686328498,0.124,0.069,1
"MRPS27",0.0735748153743768,0.800309990026657,0.122,0.063,1
"DPYD",0.0736038497706756,0.373793426473942,0.222,0.147,1
"DDI2",0.0737298601242936,-0.590163646452556,0.104,0.138,1
"EED",0.0739029357921516,0.395560453897449,0.169,0.104,1
"SLC66A2",0.073924594734997,0.370162114579094,0.408,0.313,1
"ENSG00000236065",0.0740030897694774,-1.8054985131206,0.004,0.016,1
"TAF5L",0.074076518202196,0.503031302247732,0.135,0.081,1
"PTGER4",0.0741007373205312,-0.292962822549408,0.244,0.277,1
"GLG1",0.0741665892406949,0.436554693635054,0.213,0.166,1
"LINC03076",0.074236162019372,-1.26913198638729,0.029,0.04,1
"SP140",0.074240040220755,0.476120086491595,0.439,0.323,1
"KYNU",0.0743233648543154,0.795645988349998,0.109,0.063,1
"DDX3X",0.0744943215432915,-0.145708796582651,0.756,0.715,1
"NHLRC3",0.0745429381468178,1.32441291269233,0.049,0.02,1
"NBL1",0.0746138362216991,1.58588199407243,0.049,0.021,1
"DENND4A",0.0746232684727814,0.160299751720193,0.863,0.832,1
"SMYD3",0.0749312553661492,0.400777650896537,0.171,0.112,1
"SANBR",0.0750825803680484,-2.76522845237269,0.002,0.012,1
"C12orf76",0.0751716481107335,1.30509968163839,0.049,0.018,1
"MCPH1-AS1",0.0752647346767482,2.32875021650622,0.018,0.005,1
"ALDH16A1",0.0753416562953343,-0.186924205040759,0.12,0.14,1
"RFNG",0.0759971206408703,-1.61098821804489,0.013,0.035,1
"ERP29",0.0760840634775059,0.157189916274286,0.466,0.425,1
"KNTC1",0.0762132478799945,2.09719577265849,0.027,0.008,1
"ARHGEF1",0.0763635959774116,0.309007307960461,0.47,0.357,1
"SPRING1",0.0763937729657337,0.439871334932137,0.226,0.163,1
"NAPA",0.076444787798651,0.311205021614482,0.452,0.353,1
"ZNF790",0.0764789429078096,0.964478183111544,0.055,0.021,1
"NFS1",0.076496736857164,1.09142541070163,0.018,0.003,1
"ARHGEF5",0.0765176285703081,-1.14197246095925,0.007,0.021,1
"CCNG2",0.0765611689194459,-0.569754983518248,0.142,0.193,1
"UBN1",0.0766250788768288,-0.456580850462383,0.144,0.17,1
"TCERG1",0.0766922659360709,-0.178069501278318,0.304,0.313,1
"YARS1",0.0768714600976911,-0.294262668948966,0.16,0.168,1
"SKP2",0.0768791285997407,-1.72181348384084,0.011,0.028,1
"PPP1R18",0.0768861903043099,-0.467547082275351,0.173,0.18,1
"MON1B",0.0769077384848459,-0.611164728596255,0.078,0.097,1
"RBMXL1",0.0769254265292152,-0.456868254406284,0.08,0.104,1
"HVCN1",0.076927442888564,0.207566975783784,0.494,0.387,1
"CPNE5",0.0771939771344439,0.504502884880692,0.191,0.122,1
"C1orf162",0.0771973949133264,0.493848756183487,0.1,0.058,1
"LINC03049",0.0772093888945659,-1.72689675058082,0.011,0.03,1
"ZKSCAN8",0.0772971259810189,-0.730946895111033,0.08,0.092,1
"PDF",0.0774236844245971,1.11778333766043,0.04,0.013,1
"LONP2",0.0777201057932581,-0.596225405832419,0.089,0.11,1
"NAXD",0.0778207955229391,1.43294064440224,0.035,0.012,1
"TMEM131L",0.0779206420499392,-0.272520185493538,0.428,0.466,1
"CISD3",0.0780098241518807,1.44382844679972,0.022,0.005,1
"EML4",0.0780292279119029,0.217668463907523,0.654,0.549,1
"ENSG00000289620",0.0782432669062842,1.54872240812183,0.024,0.005,1
"TLR1",0.078267600531076,-0.531294889383561,0.14,0.157,1
"SLC35F6",0.0784457516758674,-1.72625117253215,0.013,0.028,1
"PRKAG1",0.078518725867385,0.579616647635653,0.095,0.049,1
"CASK",0.0785730781006865,0.202947697862283,0.14,0.091,1
"TBC1D22A-DT",0.0786208951577575,0.693672178632642,0.098,0.061,1
"ACOT9",0.0787191649622092,0.434628485140165,0.211,0.157,1
"RNF32",0.0788099138016736,2.58969424733685,0.011,0.002,1
"RPUSD1",0.0788381529921563,1.35440276024536,0.047,0.018,1
"ENSG00000291181",0.0788777392628852,-0.135702496721004,0.053,0.071,1
"SIDT2",0.078885364585879,0.703663943517965,0.1,0.053,1
"FRS2",0.078894469550464,-0.451687335992443,0.16,0.175,1
"BBLN",0.0791051143234326,0.287728927981782,0.375,0.273,1
"PURA",0.0791143289832917,0.732635860826314,0.118,0.066,1
"SRRM2",0.0792032095225426,-0.145529720414393,0.738,0.738,1
"ZBTB10",0.0792220491054212,-0.206513786837478,0.548,0.554,1
"SELENOS",0.0792932004586652,-0.361307536679731,0.162,0.148,1
"CEBPZ",0.079348956673523,-0.173223999911088,0.404,0.415,1
"BAZ2B",0.0794390817827439,-0.498455477976361,0.173,0.194,1
"PLSCR1",0.0797424046535555,0.625974901547197,0.208,0.127,1
"ZFP91",0.0801049228157266,-0.251967526020391,0.353,0.362,1
"S1PR2",0.0802529248456373,0.989102888952551,0.075,0.04,1
"NDUFA6-DT",0.0802842113480871,-1.58448324818446,0.009,0.023,1
"SQOR",0.0803627901370768,0.855604598042922,0.095,0.051,1
"UFD1",0.0805749023016094,-0.17513416924072,0.18,0.16,1
"CETP",0.0805960306299911,1.92139336471779,0.022,0.005,1
"JAKMIP2",0.0806101588849386,-2.98424357849571,0.002,0.013,1
"AMN1",0.0806354882391984,0.831627481726471,0.089,0.044,1
"ENSG00000233230",0.0806439931819743,2.75555732832012,0.013,0.002,1
"MRPL47",0.0806590318124739,0.173341327574903,0.279,0.204,1
"SAT1",0.0806616404057795,0.270477377919141,0.86,0.784,1
"TLCD1",0.0806695813552748,1.96369004916542,0.024,0.005,1
"CABIN1",0.0808536471660455,0.583139065579431,0.106,0.058,1
"PRKAR1A",0.0811308818226397,-0.103134889910481,0.499,0.456,1
"THAP11",0.0811499212602139,0.895266102522251,0.08,0.036,1
"TTBK2",0.0811946401947682,-0.363890468920802,0.049,0.059,1
"IER3",0.0813242781402334,0.918929026883325,0.064,0.041,1
"PEX26",0.0814817190088985,-0.852857734469594,0.044,0.064,1
"TAF5",0.0815380310918516,-0.41432870966526,0.053,0.069,1
"CELF1",0.0815679743575821,0.167102189740907,0.335,0.249,1
"PIK3AP1",0.0816745314537208,0.595076543962826,0.186,0.122,1
"MTRFR",0.0819875797532277,-0.878594944218969,0.08,0.1,1
"ENSG00000253200",0.082166278364328,1.95802569398608,0.022,0.005,1
"AP1S3",0.0823123027730216,-0.205734486364125,0.257,0.278,1
"ENSG00000287398",0.0824201283554953,2.72137284145,0.013,0.002,1
"PIP4K2A",0.082431007404554,0.405418618198054,0.171,0.107,1
"ACER3",0.0825535266165676,-0.606689459897992,0.08,0.105,1
"C2orf74-DT",0.0826341287867004,-2.41428716922533,0.004,0.016,1
"ZNHIT3",0.0826928163379307,-0.309983717995125,0.186,0.18,1
"WARS1",0.0828014914527515,-0.397554995336578,0.244,0.264,1
"HS3ST3B1",0.0828153360156676,-1.14908035283856,0.033,0.049,1
"PPP3CC",0.0828849512535839,0.301566995663849,0.359,0.267,1
"WDR19",0.0828902648618385,-0.870776064988334,0.047,0.068,1
"MCU",0.0830613536122324,0.354514445351308,0.153,0.099,1
"BROX",0.0830845679643177,-0.536089444038879,0.069,0.092,1
"PTPN12",0.0831063591013495,-0.814500040247666,0.044,0.069,1
"PPIG",0.0838341909869372,-0.196438760292399,0.45,0.417,1
"TMEM192",0.0841067025270059,-0.805247267822957,0.071,0.096,1
"P2RX5",0.0841518237269313,-0.139818362596383,0.271,0.293,1
"MYL6",0.0842222738210928,-0.109430272725827,0.825,0.834,1
"ZNF300",0.0843442989073968,-1.16285882307421,0.004,0.015,1
"TMBIM4",0.0845716305729842,0.506450570053689,0.284,0.194,1
"FBXO28",0.0848713941513037,-0.465751395693859,0.135,0.153,1
"YTHDF3-DT",0.0849738099485789,1.5677766662071,0.022,0.007,1
"SCLT1",0.0850718115473621,0.192031100195243,0.29,0.209,1
"ENSG00000280206",0.0850971106637139,-1.93767984532855,0.002,0.013,1
"HBS1L",0.08510675546063,-0.171820796268938,0.233,0.254,1
"MTRR",0.0856232920938301,0.799378521358397,0.109,0.061,1
"ZHX1",0.0856250370954186,0.584457534883223,0.084,0.043,1
"SBF2",0.0857775738209224,-0.723829760838237,0.044,0.069,1
"TOMM5",0.0857941264628672,-0.25470944520342,0.297,0.269,1
"MYT1",0.0858046064260304,3.09343296018905,0.011,0,1
"ERF",0.086017825584079,-0.449274571254413,0.211,0.229,1
"COMMD7",0.0861377524652575,0.949556733149975,0.069,0.031,1
"TSR3",0.0861568462797837,0.710670976972453,0.144,0.081,1
"TRABD",0.0861692328442779,0.376783262549736,0.404,0.285,1
"CBX5",0.0861748732525404,-0.405224368127918,0.086,0.107,1
"NEK1",0.0865195906156778,-0.257320358991959,0.2,0.199,1
"ENSG00000289100",0.0866778449963136,-1.48384682952461,0.007,0.02,1
"PPP2R2D",0.0867567803804856,-0.299618378370884,0.204,0.209,1
"REEP3",0.0868435866651088,0.860402749500611,0.104,0.056,1
"C1orf43",0.0868853087365365,-0.223329103263408,0.357,0.367,1
"SLC39A3",0.0869655154201028,-0.172338008969501,0.113,0.122,1
"PNISR",0.0870044108563661,-0.201773309754075,0.554,0.565,1
"C1orf112",0.0870441097436629,-0.363704016579257,0.055,0.076,1
"SLC5A3",0.087102275590734,-1.13046771067686,0.033,0.051,1
"CAP1",0.0873407797458032,0.432263884292623,0.335,0.236,1
"HEBP2",0.0873684207949703,0.383646877553441,0.153,0.102,1
"AEN",0.0874927696896617,0.440423140108097,0.106,0.061,1
"ZNF441",0.0875399361422832,-1.20547543297072,0.013,0.033,1
"C1orf50",0.0876434268777048,-0.382579620562199,0.089,0.107,1
"MAST4",0.0877019542228074,0.41814782019802,0.049,0.026,1
"GRAMD4",0.0878900780431537,0.766404888005787,0.1,0.049,1
"SPDYE5",0.0879409347782666,-2.30999843724455,0.002,0.01,1
"FAM162A",0.0881235430034723,0.420826097278185,0.129,0.077,1
"LAMTOR4",0.0886949297209649,0.201535356731905,0.277,0.209,1
"NRARP",0.088788643877644,0.593014421023618,0.253,0.163,1
"CDK11B",0.0888501035378051,0.622192831121921,0.242,0.224,1
"RYK",0.0889579737894814,0.242369986317257,0.204,0.142,1
"GDAP1",0.0890205121310879,-1.26937508512427,0.02,0.04,1
"LIX1L",0.0891436394382173,0.746515844421781,0.111,0.071,1
"FNDC3B",0.0891505690156879,0.642220779611764,0.188,0.115,1
"PNPLA7",0.0891617001358724,1.03530425352889,0.073,0.036,1
"ENSG00000291208",0.0891825727148681,2.38771246121136,0.011,0.002,1
"MICOS10-DT",0.0892146879658188,3.01033237894929,0.013,0.002,1
"NOP53",0.0892901529951844,0.108405820397867,0.898,0.822,1
"ECI2",0.0893649820128274,0.562417634571869,0.067,0.035,1
"RAP2C",0.0894389335983496,0.116928655785654,0.319,0.249,1
"ARL4A",0.0895657952112792,0.178662500870991,0.437,0.336,1
"MS4A1",0.089855382261694,0.171329415160804,0.902,0.885,1
"ZNF569",0.0898597474721792,-0.805561481283597,0.031,0.051,1
"EPM2A",0.0898713985155946,0.765068455139388,0.055,0.03,1
"SHF",0.090080611990829,-0.682051800071597,0.082,0.102,1
"BOD1",0.0900851789287205,0.119384045782815,0.149,0.104,1
"PDK1",0.0902445809559852,0.65094693898061,0.149,0.092,1
"UBA1",0.0902820731021116,-0.298490954634229,0.155,0.158,1
"PI4KAP1",0.0903540311361672,0.879998640697382,0.089,0.044,1
"RNF138",0.0903874270012057,-0.23089401857083,0.428,0.404,1
"PPM1G",0.0904151882095096,-0.155729275355268,0.306,0.269,1
"RNF10",0.0905197227931012,0.380618860168865,0.368,0.293,1
"ZFX",0.0906129779847551,-0.45503055680166,0.271,0.295,1
"RAC1",0.0907289409792111,-0.114099516688657,0.439,0.446,1
"WDR49",0.0907717873186781,1.51110194285417,0.024,0.008,1
"CD7",0.0908104166844051,0.682154376987722,0.011,0.015,1
"N4BP2L2",0.0911875539333268,-0.124782337780791,0.517,0.461,1
"ITM2A",0.0912759460024847,0.661644563258268,0.047,0.021,1
"KMT5A",0.0916361911637626,-0.369589389817418,0.071,0.084,1
"SH2D3C",0.0916954189730279,-0.305791151551572,0.053,0.066,1
"TERF2IP",0.0918562001857344,-0.198417915771587,0.486,0.461,1
"SNF8",0.0919297908451902,0.564920023992411,0.193,0.127,1
"LGALS3",0.0919331466361682,-0.265846607787467,0.16,0.183,1
"TRIM37",0.0922075300038052,-0.719620496184156,0.051,0.061,1
"MDH2",0.092929408615976,0.43469678536452,0.268,0.178,1
"MAPRE1",0.0929647034932745,0.173998970783917,0.479,0.371,1
"TMBIM6",0.0930046026713652,-0.167831430596046,0.721,0.697,1
"UGP2",0.0930749769623439,-0.663181533011533,0.109,0.132,1
"SULF2",0.0930949092669923,-1.22430552892795,0.024,0.044,1
"EPC2",0.09312446573952,0.294427841106307,0.266,0.213,1
"DHX58",0.0931753118574094,1.985600897605,0.013,0.003,1
"EPN1",0.0932450626764708,0.550724331445796,0.222,0.15,1
"NR4A1AS",0.0933069409415004,0.427794283367685,0.215,0.137,1
"TAGLN2",0.09333219119569,-0.102997958539862,0.956,0.962,1
"KARS1",0.0934251608778275,0.42241857592733,0.153,0.094,1
"FCMR",0.0934538405129257,-0.378479340680497,0.41,0.423,1
"CSE1L",0.0935387765533651,-0.403190550476105,0.133,0.143,1
"GTDC1",0.0935472860699697,-0.407288876735641,0.082,0.096,1
"SAMSN1",0.0935524132449513,0.891914185462081,0.182,0.107,1
"SNU13",0.0936292248917468,0.239820844380595,0.694,0.61,1
"CASP4",0.0936487806233933,0.426955906727092,0.202,0.15,1
"COMMD4",0.0936692298379526,0.295175416576693,0.091,0.056,1
"LFNG",0.0937728653253854,0.131693118890858,0.472,0.364,1
"OGDH",0.0938268969605817,0.550194951863084,0.202,0.135,1
"ENSG00000271780",0.0938978920884525,2.9596744484906,0.011,0.002,1
"RELL1",0.0939774163137239,-0.916933789113287,0.051,0.063,1
"NCAPD3",0.0940477535893049,0.850856917528666,0.06,0.026,1
"ID1",0.0941662320711901,0.454687526382027,0.031,0.015,1
"CHRAC1",0.0943202366165829,-0.208083627849863,0.315,0.295,1
"ZNF32",0.094377666301796,-0.703977616086048,0.033,0.053,1
"CCDC85B",0.0943816138688726,0.515550598175911,0.224,0.143,1
"PCDH9",0.0944674633658976,0.557773976355504,0.153,0.107,1
"CHST11",0.0946479821469107,0.335495003212871,0.552,0.453,1
"CEP250",0.0948900296514669,1.3470697279021,0.042,0.016,1
"LNCRNA-IUR",0.0952171271274937,0.450380748224,0.184,0.112,1
"TAPBP",0.0952807733602627,0.218005511600395,0.494,0.422,1
"TSR1",0.0953375755701237,0.34242798774548,0.157,0.1,1
"PIGO",0.0954944442252617,-1.08544729048702,0.024,0.044,1
"RAD21",0.0956679541033479,-0.177703559727841,0.486,0.491,1
"SRPK1",0.0958983032934826,-0.238559365970412,0.224,0.199,1
"NUP50-DT",0.0959689256490534,1.68965022859442,0.044,0.015,1
"SERTAD2",0.0959774557345605,0.303963807869469,0.166,0.114,1
"OSER1",0.0959971349128945,-0.20373998455266,0.537,0.511,1
"CRYZ",0.0960206126363043,1.62058322551497,0.038,0.012,1
"LINC01215",0.0960456886732629,-0.559537648702265,0.111,0.138,1
"ZFYVE1",0.0960497465348163,-0.794006397528233,0.038,0.061,1
"EEPD1",0.0960865275170453,2.2478871867529,0.013,0.002,1
"BMPR2",0.0962229111774305,0.450265400322891,0.109,0.087,1
"RAB5IF",0.0962356353002571,0.214607491627853,0.344,0.252,1
"ENSG00000263756",0.0962523438973183,-1.03999478706539,0.02,0.036,1
"DBI",0.0962678163605756,0.206842840211005,0.59,0.481,1
"PORCN",0.0963487980959405,-0.978460907521217,0.009,0.021,1
"PELI2",0.0965600848990943,0.35228219460595,0.115,0.1,1
"TNFRSF10A-DT",0.0965773517203168,-1.06432504911517,0.02,0.031,1
"ENSG00000265987",0.0965923798754898,1.4482759241006,0.044,0.015,1
"CCDC34",0.0966768569993033,0.625492351327692,0.011,0.002,1
"INPP1",0.0966902188660115,0.72728392541456,0.018,0.005,1
"ENSG00000288755",0.0966967044287066,0.55324838875989,0.106,0.086,1
"SNHG30",0.0968906310990617,-0.165170648304079,0.055,0.033,1
"PHTF2",0.0969515484755691,0.313322611764901,0.246,0.188,1
"PHF3",0.0970537172095264,-0.144202295327967,0.432,0.432,1
"RNASEK",0.0972358306403171,-0.193291703780696,0.632,0.651,1
"FANCD2",0.0973317730277739,1.50523144788445,0.055,0.025,1
"BIRC6",0.0975665028106908,-0.236318776957341,0.35,0.364,1
"VPS13B-DT",0.0975980572537535,1.59883899248971,0.035,0.01,1
"RAB3GAP2",0.0977590709235743,-0.336977861427431,0.169,0.176,1
"CHCHD10",0.0977811180610631,0.298981751221778,0.344,0.249,1
"MRPS17",0.0978208745782115,-0.264267902769268,0.058,0.059,1
"FKBP11",0.0978878891505767,1.14679644882549,0.051,0.021,1
"PPP1R2",0.0978888146565459,-0.186063928972789,0.539,0.519,1
"RAB7A",0.098007239134187,-0.115150352025178,0.588,0.596,1
"PSD",0.0981242394892351,1.6847692053969,0.022,0.005,1
"SNRPG",0.0982660277723647,-0.180956034077151,0.594,0.586,1
"PDIA4",0.0984589082898089,0.749729462870292,0.089,0.046,1
"MAP3K2-DT",0.0984987730594471,-1.69421969378921,0.013,0.028,1
"THAP9-AS1",0.098559433279331,-0.724351460594603,0.1,0.13,1
"ENSG00000259201",0.0987045689638008,-1.64164731247785,0.009,0.021,1
"SLAMF1",0.0987103365207852,0.371762618945839,0.346,0.262,1
"TRAPPC6B",0.0987249347502279,-0.283308375611005,0.106,0.091,1
"ADGRV1",0.0988261106554579,-1.67928101064149,0.002,0.013,1
"ENSG00000290018",0.0988498897161838,-0.60448988424496,0.053,0.072,1
"CPEB3",0.0989169830464862,1.20260581249592,0.06,0.026,1
"ENSG00000275638",0.0989648935604009,2.44256163164692,0.013,0.002,1
"MIR181A2HG",0.099278509230698,1.71007337190579,0.02,0.005,1
"ANK2",0.0993456018150674,-0.397821025270008,0.206,0.227,1
"UNC93B1",0.0993817265620815,0.366032471338408,0.188,0.153,1
"CASP9",0.099425239044767,-0.273246152148076,0.226,0.239,1
"ENSG00000224478",0.0998326374340151,-0.582178937024249,0.018,0.033,1
"CTSC",0.0998847511682801,1.62143354718729,0.055,0.021,1
"ZSCAN9",0.100065547114104,-1.08031188941446,0.024,0.041,1
"MMP24OS",0.100197575905229,-0.126964502190449,0.118,0.127,1
"SNRNP27",0.100689895478322,-0.408811965245874,0.118,0.115,1
"CDYL2",0.100806387944235,2.91062202982401,0.013,0.002,1
"TTC9C",0.100908082843609,-0.556703266622531,0.078,0.082,1
"TESK2",0.101003856286936,-0.76895094523339,0.109,0.129,1
"TMEM39A",0.101046506291601,0.415171650619942,0.084,0.046,1
"ZEB2-AS1",0.101061836865137,1.13039899127152,0.033,0.015,1
"GLIPR1-AS1",0.101116253470506,2.76267496890332,0.013,0.002,1
"CGRRF1",0.101200704451492,0.652586632014338,0.109,0.071,1
"PYHIN1",0.101340087176886,-2.2753217810517,0.004,0.016,1
"TNRC6C",0.101506997393983,0.540524405994377,0.302,0.213,1
"GAS5",0.101679814551397,-0.119094761395717,0.774,0.783,1
"NUDCD3",0.101815520725431,-0.694675111052577,0.069,0.082,1
"LZIC",0.10185127332692,0.655139182933671,0.078,0.041,1
"ZNF43",0.101937591144135,-0.79106744360039,0.067,0.091,1
"SLC30A6",0.10196616587085,-0.660390131445589,0.033,0.051,1
"LTBP4",0.102031928019468,-0.816648765857435,0.013,0.028,1
"NFE2L1",0.102081555707963,0.685656200062899,0.067,0.031,1
"ILRUN-AS1",0.102157756282585,-1.45955003556229,0.013,0.028,1
"MYC",0.102166739688282,0.400940824768194,0.384,0.278,1
"DERPC",0.102181550356277,-1.05002569108882,0.024,0.044,1
"ZNF582",0.102242534297273,-1.80867611997538,0.004,0.016,1
"TTC17",0.102293607435363,-0.144117009045196,0.324,0.334,1
"TENT4B",0.102391383426565,0.849103044296474,0.115,0.066,1
"SHOC2",0.102848847823817,-0.229871152179822,0.494,0.499,1
"TMEM87A",0.102855884779468,-0.391060873525385,0.31,0.328,1
"FBXL4",0.102919761260685,0.298962642036986,0.078,0.046,1
"ANKRD9",0.102966585541117,2.44274888524895,0.013,0.002,1
"MCM2",0.102984119774844,1.27552903992584,0.027,0.007,1
"SPON2",0.103147625035046,0.756754547421711,0.042,0.018,1
"TTN",0.103184003842196,-0.713335060383838,0.1,0.115,1
"MRPL43",0.103237181115787,0.504141954367896,0.115,0.061,1
"CASP8AP2",0.103279132956758,0.578805984107277,0.06,0.028,1
"TM9SF3",0.103316547251042,0.216671039308911,0.344,0.255,1
"CNTNAP2",0.103352989883619,-1.93433136838164,0.007,0.02,1
"HMGA1",0.103522550370141,0.250667924609348,0.57,0.451,1
"MGME1",0.103538757136814,-1.03966053648811,0.024,0.046,1
"GALR2",0.103782004591917,1.48482528829416,0.058,0.021,1
"FBXW5",0.103849753880424,0.622151785986428,0.155,0.094,1
"GFOD1",0.104065500465757,-0.256866178112352,0.095,0.109,1
"NELFB",0.10417472100386,0.702361689235539,0.075,0.038,1
"AKAP13",0.10417689789416,0.135772320481765,0.614,0.509,1
"ARG2",0.104614538997807,-0.788553481669419,0.062,0.072,1
"MAP2K2",0.104669853193608,0.118437298464997,0.246,0.18,1
"ADSS2",0.104692089725693,0.318702539514592,0.239,0.17,1
"BLOC1S3",0.104847679363533,2.02379572102527,0.027,0.007,1
"TRABD2A",0.104921096602397,-1.10055626077508,0.011,0.023,1
"SLC2A5",0.104979302244658,1.32125944915634,0.053,0.021,1
"CCDC47",0.105135918221496,-0.203523533380656,0.266,0.242,1
"FH",0.105298184352005,0.396829441268923,0.091,0.053,1
"ENSG00000226310",0.105319768046146,1.35376508659123,0.018,0.005,1
"SERPINB1",0.105816595598274,0.37066648406426,0.231,0.157,1
"ZC3H7B",0.106109102708452,0.141817215350589,0.146,0.105,1
"GDI2",0.106453901804017,-0.177987983824873,0.499,0.489,1
"SNTA1",0.106507307226794,1.83826812628911,0.013,0.002,1
"NCBP2",0.106612891503777,-0.279516657513967,0.208,0.216,1
"GOLGA8A",0.106885852652022,0.896472939865236,0.078,0.056,1
"RALB",0.106903383718346,0.956813571454057,0.075,0.046,1
"RGS19",0.107021778078975,0.566116351781101,0.295,0.191,1
"TOB2",0.107051195737909,0.260266132877348,0.224,0.155,1
"ARRDC4",0.107060803173706,-0.448271700234103,0.106,0.129,1
"TTL",0.107122074033374,1.17090897821301,0.062,0.025,1
"EBPL",0.107229413190322,0.266926239290101,0.082,0.051,1
"ENSG00000287092",0.107306142022167,-0.852834387633488,0.071,0.094,1
"PEX19",0.107472110394605,-1.00378911056357,0.033,0.053,1
"FXYD5",0.107607749512951,0.123135769089968,0.783,0.69,1
"PRPF4",0.107609169394081,0.219053929663673,0.18,0.161,1
"NOLC1",0.107856010741527,-0.149418827095142,0.344,0.311,1
"RAB3IP",0.107864186569442,-0.181030326772072,0.211,0.189,1
"FCGR2B",0.108011248103359,-0.57196937833745,0.062,0.086,1
"INO80",0.108146777482072,-0.432058921581361,0.213,0.236,1
"MTERF4",0.108186390473496,-0.409361159396914,0.149,0.15,1
"MLF1",0.10821568335042,-0.391060888211064,0.018,0.028,1
"ZNF718",0.10825171627963,-0.850023632815591,0.044,0.068,1
"PSME4",0.108603890910369,-0.301131606871524,0.271,0.297,1
"GPCPD1",0.108636572908582,-0.408744632604915,0.324,0.336,1
"IVD",0.108661861304891,1.71190472544882,0.027,0.007,1
"ENSG00000266598",0.108681098155441,1.47808179980412,0.024,0.008,1
"HDAC7",0.108737547887714,0.437408692896101,0.197,0.15,1
"PRPF6",0.108759167474465,0.304148706393916,0.208,0.165,1
"ATF4",0.109035196847798,-0.14541675622423,0.448,0.474,1
"HMGCL",0.109051315999419,-1.73295012223747,0.009,0.025,1
"SERINC3",0.109053066148046,-0.176830378825466,0.266,0.245,1
"MIR155HG",0.109125999753239,0.486112842759427,0.299,0.211,1
"TSPYL4",0.109202034457402,0.614891404197584,0.067,0.051,1
"ULK1",0.109210190174631,0.806195808504733,0.106,0.063,1
"SNAI1",0.109241787728253,1.55398245998489,0.027,0.015,1
"TPST2",0.10958600614888,0.226452024834335,0.062,0.036,1
"UGT8",0.109674771018518,0.69665934772319,0.129,0.076,1
"MTG1",0.109774788554165,0.5545255439457,0.142,0.092,1
"GNG2",0.109806174758549,0.176157347808212,0.778,0.699,1
"PTPRCAP",0.109813075071879,0.208442578905738,0.761,0.697,1
"AIMP2",0.110006369523297,0.696713068501385,0.084,0.044,1
"PACRGL",0.110028799876646,1.30589546093056,0.038,0.015,1
"HPRT1",0.110243034321756,0.15079120825088,0.151,0.112,1
"METAP2",0.110261610608997,-0.190517362954601,0.262,0.264,1
"MYCBP",0.110272340868538,0.428209107332866,0.073,0.036,1
"ALOX12-AS1",0.110290057412495,0.196086411760479,0.073,0.069,1
"ZNF317",0.110294776845699,-0.595032221559808,0.084,0.102,1
"TINF2",0.110446661042227,-0.317406768495838,0.319,0.328,1
"SLC31A1",0.110461991698553,1.12393208109412,0.024,0.008,1
"PHAX",0.1104691149743,-0.423619528342309,0.12,0.112,1
"DCAF8",0.110733977372985,-0.370652266501365,0.266,0.295,1
"ANGPTL1",0.110815864799713,0.386751348593234,0.091,0.072,1
"PPP2R5B",0.110862801076083,-1.25437882745594,0.011,0.026,1
"NTMT1",0.110891980824742,-0.248147495157012,0.182,0.181,1
"TRAPPC9",0.110975138225802,0.474397157160926,0.14,0.089,1
"RPL7L1",0.110986960346683,-0.48712828627813,0.173,0.196,1
"SRP9",0.110999475857065,0.140334442619773,0.435,0.338,1
"FHOD1",0.111086182130109,1.33189977274722,0.04,0.016,1
"SPTSSA",0.111166123591998,0.111784500931016,0.095,0.071,1
"PRKAG2",0.111251103606679,0.527992317653418,0.115,0.068,1
"CD70",0.111548714961326,0.515347248395507,0.067,0.068,1
"BMI1",0.111630937929874,0.675521488108656,0.08,0.041,1
"PDSS1",0.111688483690845,-0.828539259045587,0.011,0.021,1
"FBXO9",0.111696818928695,0.821366874432834,0.075,0.038,1
"HDAC1",0.111786237372581,-0.312767805494691,0.135,0.135,1
"MARF1",0.111791577647377,-0.406785738834544,0.182,0.208,1
"NRROS",0.111892716969737,-0.203846106939336,0.251,0.232,1
"BOLA1",0.112041874527642,1.50684479923948,0.035,0.013,1
"HCLS1",0.112056943021586,0.108788044619037,0.475,0.389,1
"GLMP",0.112107434162924,1.59046861893382,0.024,0.007,1
"EIF3F",0.112183456799919,0.18397155009868,0.767,0.667,1
"ARMH1",0.112256320809149,0.382849288125346,0.206,0.157,1
"CSNK1G3",0.112307705831459,-0.29395844752445,0.302,0.292,1
"RIPK1",0.1123870686583,0.553158939821677,0.177,0.107,1
"PRDX1",0.112446121277079,0.124173663228138,0.61,0.501,1
"ZNF791",0.112883818734617,-0.302454850463899,0.242,0.267,1
"CARD11",0.113134318621873,0.390265501153647,0.392,0.298,1
"HLA-DQB2",0.113237826227195,-0.910971915587152,0.067,0.097,1
"IGHV5-51",0.113268812567959,0.353304586216942,0.073,0.046,1
"ARL8A",0.113387381188745,-0.384406405653388,0.239,0.25,1
"ZCWPW2",0.113397735784614,-1.15122397743093,0.02,0.033,1
"ABHD12",0.113579353659322,-1.06234834858976,0.038,0.054,1
"AAR2",0.113604512584374,-0.728419125629321,0.06,0.076,1
"SLC25A25-AS1",0.113667866457566,-2.62225529297227,0.002,0.012,1
"TMEM38B",0.114014314114945,0.342141544421986,0.202,0.137,1
"PNPO",0.114035806312833,1.9314345459988,0.016,0.003,1
"TPST1",0.114370114692333,0.16468451088397,0.2,0.176,1
"ZNF256",0.114391783011646,-0.469764641898302,0.044,0.071,1
"CYB5B",0.114453567555979,0.363147722117763,0.228,0.175,1
"TPGS1",0.114476549479112,0.925267515126075,0.071,0.038,1
"H2AC6",0.114484783488699,0.110782715026233,0.126,0.138,1
"ENO1",0.114518159600473,-0.205606277729303,0.395,0.387,1
"USP34",0.114870238761853,0.239724271906376,0.523,0.409,1
"ZFYVE27",0.114924172866017,0.610405736587422,0.173,0.107,1
"FCRL3",0.114992538282058,0.507132290513746,0.146,0.089,1
"PLEKHA8",0.115323569001286,1.70921272995343,0.024,0.007,1
"DCK",0.115329181494955,-0.360760684822593,0.149,0.17,1
"YKT6",0.115484531374389,0.220854163693933,0.14,0.092,1
"DAP",0.115605752086165,0.369951966571335,0.237,0.157,1
"LINC02149",0.115653941212734,-0.895249543453176,0.007,0.016,1
"ZBTB8OS",0.115681054603154,0.102458575040502,0.12,0.082,1
"DNPEP",0.115699221161174,0.388785275360704,0.202,0.127,1
"DNAJC24",0.115779815148416,0.826666614040178,0.049,0.021,1
"NPHP3",0.115952972754185,0.489725213338486,0.051,0.026,1
"PRPF38B",0.115995998337752,-0.214961556908127,0.439,0.453,1
"CDC42SE2",0.116041835611345,0.182029896065069,0.59,0.476,1
"RERE-AS1",0.116205250868436,2.51480369734925,0.013,0.002,1
"FAM86B3P",0.116427104239887,-2.57039173999586,0.002,0.012,1
"ZNF252P",0.116502295302987,2.32089787044348,0.02,0.003,1
"PHLDB3",0.11673584641652,-0.166154959410332,0.126,0.14,1
"ABL1",0.116850547681347,-0.928909318641866,0.038,0.051,1
"GRIK1",0.116960784798452,-2.23675935789751,0.004,0.012,1
"ERVK3-1",0.116979140334603,-0.222808373105779,0.29,0.303,1
"SIDT1",0.116982370117644,0.422711889285545,0.226,0.158,1
"DENND5B-AS1",0.117086564103821,1.75688539555816,0.033,0.012,1
"ST20",0.117196963530183,-0.623476895029921,0.022,0.035,1
"USP38-DT",0.117288732251928,1.92201920573697,0.022,0.005,1
"ALG8",0.117394380366307,-1.17422829758371,0.024,0.043,1
"TRAF3IP3",0.117604390846352,0.441430843235814,0.157,0.105,1
"MMAB",0.117646515840918,1.35095113406672,0.049,0.02,1
"NARF",0.117670596762298,0.248496648578441,0.288,0.208,1
"MTREX",0.117937539890419,-0.23991256977272,0.208,0.229,1
"GPS1",0.118085826635451,0.483170586758553,0.08,0.048,1
"MCEE",0.118224913503684,-1.84142203378924,0.004,0.018,1
"IDI2-AS1",0.118249398922107,1.13264756367124,0.038,0.016,1
"SH3GL1",0.118494170988433,-0.329511523553256,0.171,0.185,1
"ALPL",0.118555624490226,1.66626681231022,0.033,0.01,1
"SLC2A4RG",0.118573954592404,1.4493922225377,0.029,0.01,1
"LINC01237",0.118632242932852,0.41025404203367,0.091,0.051,1
"TMC6",0.118706166372371,0.553506288304761,0.279,0.186,1
"LAMP1",0.1187558827632,-0.335013337011421,0.279,0.292,1
"IFFO2",0.118795964894343,0.503474908259302,0.146,0.092,1
"ATOX1",0.118819008739445,0.649238622995979,0.111,0.069,1
"CYTH3",0.118826004834388,-0.551511814591339,0.055,0.077,1
"SOX6",0.118858652573604,-1.34492586160163,0.007,0.018,1
"SLX4",0.11887573389285,-1.55824434053655,0.004,0.013,1
"FCF1",0.118899212415009,-0.757149885812535,0.091,0.124,1
"ITFG2",0.118910119642256,0.423215388721808,0.129,0.086,1
"TOMM70",0.118911252136467,-0.291875035758461,0.133,0.122,1
"ATR",0.119097422052545,-0.100768398447062,0.182,0.189,1
"ENSG00000228010",0.119367738565648,1.44109140695129,0.029,0.01,1
"GART",0.11950377309082,0.193125909803604,0.111,0.069,1
"CNPY2",0.119625065001034,0.512065940281916,0.171,0.112,1
"MT-ND2",0.119846004619077,-0.141011657903719,0.949,0.964,1
"ZGRF1",0.119874478912179,-1.36355761108738,0.013,0.028,1
"EIF3D",0.120089483294365,-0.216716894331453,0.494,0.488,1
"BST2",0.120119195646252,0.489783274704188,0.177,0.125,1
"ENSG00000260719",0.120122478163344,1.10493915148417,0.027,0.012,1
"ENSG00000251034",0.120166020786765,0.797121013437111,0.051,0.023,1
"PHF1",0.120370194272841,0.192918605572893,0.415,0.356,1
"BTAF1",0.120600250578502,-0.221804830132326,0.33,0.339,1
"NUP88",0.120738381058154,-0.350496058846997,0.302,0.326,1
"ZNF638",0.120834044130942,-0.287467103602719,0.259,0.275,1
"SPRY3",0.120938305649924,1.89747425747685,0.011,0.002,1
"RELB",0.120945681739724,-0.141209010392268,0.743,0.75,1
"IPPK",0.121135097283577,0.59994040127923,0.078,0.044,1
"ZNF783",0.121141386547363,1.75384590749915,0.022,0.007,1
"SH3BGRL3",0.121278454498733,0.267815099523804,0.632,0.563,1
"PPRC1",0.121298115572498,0.522472394939763,0.186,0.114,1
"SLC16A3",0.121324131093889,0.356200010557154,0.182,0.119,1
"APRG1",0.121353117797928,-1.66505166778351,0.009,0.018,1
"MUSK",0.1216433932832,2.47948352076618,0.013,0.002,1
"HSPD1",0.121675275575292,0.31237150752959,0.634,0.519,1
"TXNDC17",0.121692684490537,0.370262476618849,0.193,0.127,1
"RFWD3",0.121726320246447,-0.518482878084068,0.08,0.1,1
"SDE2",0.121752915855717,-0.241107143399535,0.406,0.437,1
"ENSG00000286931",0.121903745463501,1.41368525754671,0.02,0.007,1
"ELAPOR2",0.121938476363632,1.11593427872141,0.033,0.01,1
"ERAP1",0.122031334928939,-0.465421968244924,0.082,0.107,1
"YAE1",0.122053036574892,0.879648807464804,0.024,0.008,1
"SLC9B2",0.122062809523033,0.631211560530117,0.098,0.051,1
"ANKRD11",0.122103161711814,0.194890765998108,0.539,0.47,1
"PISD",0.122328540342067,-0.681192308929843,0.084,0.109,1
"PRR7",0.122546203086011,-0.203406554702949,0.375,0.367,1
"SEM1",0.122548907702332,-0.310981395840154,0.284,0.267,1
"SPAG6",0.122636264451594,1.12450938543634,0.024,0.01,1
"TEDC1",0.122797851972901,0.620148504268366,0.1,0.061,1
"SUMO3",0.122849016479179,-0.248834168920577,0.182,0.203,1
"STXBP4",0.122877480388354,2.35189404155757,0.031,0.008,1
"ATAD5",0.122909270615933,-1.22425966025874,0.018,0.03,1
"PLCG1",0.122944562776625,1.35313370584039,0.024,0.007,1
"RNF146",0.122969242838202,0.653676084464832,0.095,0.054,1
"RAB21",0.123014932512828,-0.112107763408913,0.592,0.557,1
"TRIM14",0.123041091455426,1.50898507490577,0.04,0.016,1
"HAUS5",0.123147227282647,1.08654520051179,0.051,0.02,1
"HSPA1B",0.123199524932656,0.398390166887447,0.239,0.198,1
"HCCS",0.123273540405975,-0.560897435661995,0.08,0.097,1
"IFT27",0.123307078534072,-1.50867820262126,0.011,0.025,1
"MRPL58",0.123313255028981,-0.590358403282093,0.047,0.059,1
"AMZ2P1",0.123392795156826,-0.410945542369035,0.075,0.091,1
"FTX",0.123453062945504,0.147699664803105,0.169,0.117,1
"HSPA9",0.12358959794443,0.21880645043663,0.534,0.42,1
"SAP30BP",0.12381775790184,-0.212309581223222,0.392,0.367,1
"RPIA",0.12396949667876,0.452985795457231,0.14,0.096,1
"PES1",0.124060343140869,-0.431725194599516,0.122,0.125,1
"SRCAP",0.124142925593853,0.497938586813511,0.177,0.115,1
"LRRC32",0.124152695958833,-0.734227796985092,0.033,0.049,1
"ZNF765",0.124180249992617,0.280664392070038,0.051,0.051,1
"ZBTB44",0.124282236130951,-0.157736838638589,0.186,0.198,1
"PKP4",0.124387099148807,-0.402257002898679,0.111,0.129,1
"ATMIN",0.12448988944395,0.60052723465731,0.071,0.038,1
"NDUFA4",0.124540334503728,0.243647749999162,0.477,0.392,1
"THOC6",0.124661328645145,-0.921313870793988,0.067,0.091,1
"BRCC3",0.124774308660211,-0.584759051923239,0.029,0.044,1
"ENSG00000282951",0.124951479973856,-1.35035811658954,0.004,0.013,1
"NAA25",0.125066494412051,-0.325767422939366,0.129,0.143,1
"STRAP",0.125103887522151,0.281708624919579,0.503,0.392,1
"LRRC42",0.125150390985065,-1.16380520738951,0.029,0.046,1
"FHIP2A",0.125502043672499,0.713468904891862,0.073,0.043,1
"GCSAM",0.125558704361087,-0.451401996251353,0.082,0.079,1
"ENSG00000233367",0.12558790989763,-0.60233380576067,0.018,0.033,1
"RABGAP1L",0.125590709038476,0.18040227733953,0.439,0.351,1
"SIAH1",0.125727644299755,-0.515153614238441,0.18,0.213,1
"ENSG00000291212",0.12589089061476,1.74247724980217,0.024,0.007,1
"PTPN23",0.126060745285862,0.90385947711241,0.069,0.033,1
"SRPRB",0.126202760554947,0.221857559010187,0.106,0.096,1
"TRIM52-AS1",0.12622661888408,0.629820298267875,0.089,0.058,1
"LINC01588",0.126415424222552,-1.39021701972013,0.038,0.068,1
"ZSCAN16",0.126559883011877,-1.13969340171064,0.027,0.044,1
"SESTD1",0.126583754541796,0.109570410881814,0.441,0.353,1
"GLYCTK",0.126607948975557,0.702226405468652,0.053,0.025,1
"ACVR1C",0.126611211464768,1.96130990773101,0.022,0.007,1
"PDXDC1",0.126648255443448,-0.260006912561915,0.322,0.308,1
"KATNBL1",0.126690241749039,-0.186344265605048,0.16,0.173,1
"NOTCH1",0.126932329870753,0.412997665542926,0.078,0.044,1
"HERC2",0.127273909043682,-0.357016206461398,0.06,0.053,1
"ENSG00000214719",0.127277795811049,0.749593880760023,0.082,0.041,1
"CRTAP",0.127283444100611,0.799769971045039,0.075,0.044,1
"SLIRP",0.127372120665734,0.423029726144253,0.31,0.211,1
"WWP2",0.127494049047439,0.283862895653198,0.188,0.12,1
"VPREB3",0.127568823863936,0.366997306779142,0.239,0.163,1
"SQSTM1",0.127800453824598,-0.163634446056752,0.885,0.89,1
"GPR89B",0.127896649099301,0.456325145239007,0.109,0.074,1
"FYB1",0.127936230558653,1.43875688802478,0.018,0.015,1
"NFATC3",0.128048190202784,-0.505260889244194,0.155,0.175,1
"ENSG00000289929",0.128192861499681,0.422151989017302,0.051,0.025,1
"NDST2",0.12825128421098,0.829455422769891,0.095,0.048,1
"NRF1",0.128258673135746,-0.248511663016536,0.2,0.185,1
"FLT1",0.128260056420494,-1.06589537700881,0.007,0.013,1
"RAD51D",0.128306149602981,-0.992381951697539,0.011,0.021,1
"ARID5A",0.12830644478764,-0.182922684417979,0.643,0.633,1
"ENSG00000224746",0.128352632184746,-2.54862512967755,0.002,0.013,1
"RHOBTB2",0.128460063797452,1.70656496249324,0.013,0.003,1
"FUBP1",0.128590664924836,-0.268435144654029,0.359,0.372,1
"ODF2",0.128611686387968,0.259758475253852,0.184,0.133,1
"DMAP1",0.128684162832402,1.12096397017594,0.071,0.035,1
"ATP5F1B",0.128717584776355,0.250254487122076,0.701,0.596,1
"ZW10",0.128836089190166,-0.892350120624785,0.027,0.043,1
"TMEM60",0.128882857189358,-0.791812537304112,0.06,0.081,1
"UBAP1",0.128975725205504,-0.197257831845942,0.208,0.231,1
"LARP1",0.128998051939761,0.650305012178404,0.131,0.081,1
"SRF",0.12900625762482,-0.287777075850249,0.129,0.109,1
"GPM6A",0.129329401854614,-2.10107753694332,0.004,0.02,1
"ZNF397",0.129339959546463,0.575368969584643,0.064,0.035,1
"DDX46",0.129361829937596,-0.121726462395214,0.271,0.244,1
"PSMC6",0.129945796731752,-0.22589460606446,0.317,0.298,1
"DAPK3",0.12995553579157,0.858293482719473,0.098,0.053,1
"BBX",0.130016665936139,0.23546481457764,0.33,0.283,1
"CCR6",0.130146897485754,0.263662085993441,0.208,0.142,1
"NHLRC2",0.130236313572716,-0.860108500261266,0.055,0.077,1
"RAF1",0.130376708806625,-0.20124991438408,0.171,0.193,1
"TIMM44",0.130535418669559,-0.420120758237913,0.095,0.094,1
"UAP1L1",0.130635620141062,-0.607915824727479,0.064,0.076,1
"MEX3C",0.130708209220815,-0.32440416377409,0.195,0.199,1
"ACTR3B",0.130733726244541,1.06971301527296,0.04,0.015,1
"ALCAM",0.130760396425768,0.366112695732388,0.182,0.125,1
"RCBTB2",0.130873585881532,-0.907251137109739,0.022,0.038,1
"ALAS1",0.130919505187426,0.640007442641705,0.106,0.063,1
"CD3D",0.131009863154656,0.501660251427048,0.018,0.005,1
"ENTPD3-AS1",0.131029717963926,-1.73542558162815,0.009,0.02,1
"GNG11",0.131080449043473,1.79903517261738,0.022,0.005,1
"B9D2",0.131187051493419,-0.37877864385694,0.126,0.124,1
"PSMA3",0.131337377121748,-0.303583301255306,0.246,0.249,1
"INSYN2B",0.131367906687307,-1.82161535481814,0.002,0.015,1
"PWWP3A",0.131371392540883,0.645380818777324,0.075,0.036,1
"HNRNPDL",0.131401977500359,-0.131322259176341,0.812,0.794,1
"CFDP1",0.131571422648622,-0.417431072416417,0.129,0.152,1
"SNX16",0.13196035570506,-0.423234769296388,0.035,0.048,1
"LRRC37A",0.132200271731512,-1.38631830715972,0.002,0.01,1
"TSPYL2",0.132336886494985,-0.276647553604082,0.297,0.298,1
"MESD",0.132473341582123,0.55570774615185,0.131,0.079,1
"IRF2BP1",0.132758032129119,0.925443668412349,0.093,0.054,1
"DDX54",0.132835008847782,0.296801445404534,0.242,0.165,1
"TIPIN",0.132903813796495,0.507884838217833,0.024,0.008,1
"OVOL2",0.132947709865068,-1.13322079599939,0.007,0.02,1
"MED11",0.132976727050365,0.895253175500109,0.051,0.023,1
"TOR1B",0.133026441583207,0.625906299368768,0.124,0.071,1
"UQCRH",0.133046340851909,0.169236863386036,0.665,0.558,1
"PLAC8",0.133102668994784,0.364741089950236,0.306,0.245,1
"FLVCR1",0.13323716203138,-1.55311122991669,0.009,0.02,1
"FBXL12",0.13335145909467,-0.546245398953694,0.124,0.148,1
"SAP30L",0.133351553166145,0.49538976666555,0.104,0.059,1
"ELOC",0.133786356040254,-0.217008572334307,0.377,0.371,1
"NCOA4",0.133802571695851,-0.326688862647819,0.206,0.222,1
"SPHK1",0.13409684217929,0.616656341234886,0.1,0.054,1
"DIAPH2-AS1",0.134106183703555,1.02707042332915,0.018,0.005,1
"CAMK2G",0.134181557794108,0.747486503986865,0.049,0.026,1
"PRPS2",0.134197070247389,1.14819229309535,0.053,0.026,1
"ENSG00000224610",0.134207901409243,-0.725994010539449,0.058,0.087,1
"DCLK2",0.134341753721782,-2.49061035952685,0.002,0.012,1
"KANTR",0.134555299648935,1.17184219119841,0.038,0.016,1
"FAM83D",0.134653420864022,-2.03354314347831,0.004,0.013,1
"SH3TC1",0.134809533076755,0.889253351579614,0.071,0.035,1
"ZNF571-AS1",0.134958820921794,2.23637839160797,0.016,0.003,1
"NME2",0.135081044201142,0.227544114879573,0.65,0.554,1
"DOCK9",0.135102444571714,0.521504052888406,0.122,0.074,1
"CCDC59",0.135222325761846,-0.227201524213055,0.373,0.364,1
"DCBLD2",0.135306426226814,0.712464358912109,0.027,0.01,1
"DOP1B",0.135448515560449,-0.528866352860577,0.118,0.137,1
"ANGEL1",0.135448768749762,-1.68061187110058,0.013,0.028,1
"DOLK",0.135593986667292,2.27065000730926,0.02,0.003,1
"MED14",0.135615646127159,-0.419663933094156,0.14,0.148,1
"MAP4",0.135647504711166,0.528606141190979,0.213,0.135,1
"PIH1D1",0.135760903057793,-0.292345323737711,0.215,0.231,1
"TMX4",0.135809428663065,0.114636211865621,0.246,0.234,1
"ZNF737",0.135878298210362,-0.769301359273046,0.082,0.112,1
"H3C1",0.135935697227374,0.952621051990335,0.024,0.012,1
"FAM174A",0.135989016763567,-0.803506815153065,0.029,0.048,1
"USP50",0.136104628861001,-1.53555361620838,0.009,0.02,1
"CLEC2B",0.13635595510808,-0.294273181916616,0.477,0.466,1
"BORCS5",0.136480843159681,0.104742108637045,0.415,0.326,1
"ADNP2",0.136639699964428,-0.211888487316805,0.14,0.157,1
"RFC4",0.137276825329991,-1.0200429772156,0.011,0.021,1
"PNPLA2",0.137375367040073,-0.192339610027681,0.448,0.425,1
"ENSG00000260536",0.137522952012823,1.46846261230097,0.02,0.003,1
"SNRPD1",0.137556251536336,-0.253379742492729,0.322,0.333,1
"STAG3",0.137619367254566,1.19188537254024,0.038,0.018,1
"KIAA2013",0.137626832494993,0.492336343284878,0.106,0.063,1
"C14orf28",0.13763232411837,0.926983823531613,0.062,0.031,1
"DSE",0.137654065252442,0.292059894023114,0.171,0.138,1
"EPC1",0.137765768507176,-0.195456452400331,0.634,0.616,1
"ENSG00000258561",0.137840077066834,2.62681567031232,0.011,0.002,1
"SLC39A10",0.138012277909148,0.299924727750027,0.122,0.094,1
"MT-CO1",0.138016000570296,0.140961774700604,0.996,0.998,1
"GHITM",0.138068794731167,0.316119819779914,0.428,0.325,1
"IGKV1-39",0.138122040346634,-1.02433280146026,0.04,0.051,1
"ADAR",0.1384851572908,0.345042891186836,0.417,0.313,1
"AMZ1",0.138650362605482,1.40469963281238,0.035,0.016,1
"CHAC2",0.138659264036274,1.09842319511914,0.027,0.008,1
"DNAJC3-DT",0.138775923520204,-1.66206917268613,0.002,0.01,1
"CSF2RB",0.138883216673216,1.55088617017877,0.031,0.012,1
"PTPN22",0.139023765237012,0.222118969343943,0.166,0.109,1
"FCRLA",0.139095492857102,-0.422681748024325,0.1,0.122,1
"GEMIN8",0.139299956751641,0.735079446004124,0.055,0.026,1
"KCMF1",0.139347299099088,-0.232069651577516,0.264,0.282,1
"LYSMD2",0.139387277207658,-0.128203917167681,0.335,0.344,1
"RPL38",0.139475213242582,-0.15885167135177,0.989,0.987,1
"DCAF4",0.139604466352011,-0.669925441221467,0.042,0.063,1
"EPRS1",0.139931133330797,0.57347720650868,0.129,0.069,1
"ETV3",0.139952244071152,0.401371729556251,0.235,0.161,1
"SYNCRIP",0.140047178598166,0.105112383787448,0.379,0.297,1
"ANKUB1",0.140138495791286,-0.821948664625442,0.051,0.076,1
"AKAP17A",0.140189790201384,0.35397019144661,0.344,0.25,1
"SLC30A1",0.140219136248168,-0.722944462455846,0.029,0.041,1
"SHKBP1",0.140321364321922,0.209749001918797,0.173,0.122,1
"BANP",0.140353585614056,-0.123622401710885,0.222,0.239,1
"ZNF277",0.140408800970027,0.21039125667756,0.137,0.097,1
"TBC1D10B",0.140612678500149,-0.722851447826234,0.049,0.061,1
"TAF15",0.140669692663643,0.407775382833749,0.355,0.265,1
"ENSG00000272768",0.14067571165718,-2.20760155946331,0.004,0.012,1
"CTNS",0.14081133476475,1.40601650407027,0.022,0.008,1
"UBALD2",0.140836776511358,0.153526367579912,0.898,0.85,1
"ENSG00000274265",0.140861439925587,0.255770137245379,0.182,0.119,1
"EMC9",0.140945916254733,-0.199073553684215,0.069,0.084,1
"ZMYND19",0.141070949847114,0.356839501402493,0.064,0.033,1
"MX1",0.141203727719251,-0.369086295700236,0.191,0.206,1
"MAP3K2",0.141380539400279,-0.145307518374041,0.503,0.473,1
"ARFGEF2",0.141611644927131,-0.270700793254843,0.224,0.213,1
"TRAC",0.141703248542209,1.29899159050876,0.031,0.012,1
"PKIG",0.141970647058725,-0.268076611706062,0.251,0.254,1
"METTL23",0.142027582339249,-0.241213988857581,0.137,0.124,1
"STAT6",0.142205389828726,-0.269798993309747,0.33,0.341,1
"ENSG00000260618",0.142292589432532,-0.348556290229439,0.02,0.03,1
"ACIN1",0.142364019172455,-0.212243430229487,0.337,0.336,1
"MRPL23",0.142418707575763,-0.547667346364989,0.058,0.069,1
"RERE",0.142427105947292,0.21574874353369,0.499,0.448,1
"ACTR1B",0.142527701545676,0.631841274349613,0.142,0.086,1
"ELMO1",0.142574329328644,0.310549390093702,0.412,0.311,1
"TMEM128",0.142690383854098,1.19891958290964,0.04,0.018,1
"ADNP-AS1",0.142765703931098,-2.07194854025665,0.002,0.012,1
"ANKRD39",0.14286347313781,0.514339705471639,0.064,0.036,1
"DCUN1D1",0.142927352024533,0.577065720468219,0.146,0.094,1
"L3MBTL4",0.143569512256679,-0.280555488445157,0.035,0.044,1
"ENSG00000266378",0.143596644761434,-1.22669468431013,0.007,0.015,1
"CA2",0.143756706722773,0.334676036895243,0.211,0.152,1
"LENG1",0.143877008438559,-0.18614921692489,0.106,0.115,1
"EIPR1",0.143903143073778,0.772119918345338,0.064,0.031,1
"ZNF618",0.143917257883224,2.11769501500901,0.013,0.003,1
"ENSG00000261669",0.144100892146893,1.85812496746006,0.011,0.002,1
"SINHCAF",0.144115054207905,0.173837253425976,0.344,0.267,1
"NR3C2",0.1441401445304,1.78825526132939,0.024,0.007,1
"DIPK1B",0.144146817182348,-1.43796108957117,0.024,0.043,1
"EEIG2",0.144223919406586,-0.445918140651703,0.058,0.061,1
"SLC2A1",0.144228306650649,-0.636739422005446,0.122,0.147,1
"NAA35",0.144282461239767,-0.34836526732385,0.14,0.158,1
"WDR11",0.14434004152268,0.248290738878514,0.151,0.104,1
"CHD4",0.144437872800844,-0.222679331496551,0.415,0.381,1
"SNED1",0.144840240165511,-0.159063348478336,0.226,0.229,1
"YIPF4",0.144868592789548,-0.470510717860265,0.155,0.168,1
"ZFHX3",0.144967826850019,-1.14375669476624,0.022,0.038,1
"TNFRSF4",0.145033808283064,1.07640157737199,0.073,0.043,1
"ENSG00000291177",0.145069952980389,-0.875196517154829,0.038,0.056,1
"ENSG00000276900",0.145088872411118,1.1280288877287,0.011,0.002,1
"LINC01781",0.145143763094709,0.449194886085046,0.075,0.046,1
"DOCK2",0.145199311642422,0.478591665585138,0.266,0.186,1
"CKAP4",0.145309515685989,-0.159680017367201,0.137,0.12,1
"PEF1",0.145327682383653,-0.247588935947064,0.184,0.168,1
"APBB2",0.145346070291205,-0.665166940060755,0.051,0.066,1
"MRPL48",0.145359681887315,-0.792664517696766,0.029,0.038,1
"PSME1",0.145600748254283,0.236302005145016,0.619,0.514,1
"ZNF671",0.145633454628119,-0.312478189008552,0.02,0.03,1
"PCBP1-AS1",0.145663831889768,-0.463888783348745,0.113,0.133,1
"AOAH",0.145732725545667,-2.52637905873197,0.004,0.015,1
"ZNF154",0.145752140581407,-0.625358109890984,0.082,0.1,1
"MYBL2",0.145949279940231,0.706507561846022,0.164,0.094,1
"ZDHHC19",0.146247672323707,0.758464443445928,0.049,0.036,1
"SNX25",0.146316248743823,0.428897141806027,0.337,0.25,1
"BLOC1S1",0.146334043663958,0.239545806263394,0.31,0.252,1
"ENSG00000285909",0.146761999529902,2.07259437643356,0.011,0.002,1
"DDX6",0.146810282047078,-0.183511842218611,0.539,0.53,1
"ARFGAP3",0.146835501839509,-0.102495936388632,0.242,0.237,1
"ST13",0.147323402339378,-0.117921555098109,0.424,0.379,1
"IGHV1-3",0.147545157302594,2.04580466856294,0.029,0.012,1
"ENSG00000258526",0.147593309072602,-0.812957494586449,0.011,0.021,1
"DDX5",0.147621038118297,-0.108646572391612,0.927,0.929,1
"ZNF136",0.147653887029832,-0.463310407339209,0.111,0.137,1
"LINC00926",0.147772183409609,-0.272297428936789,0.61,0.603,1
"FOXN3",0.14800885557819,-0.298108746236362,0.361,0.371,1
"SMC2",0.14818552106591,0.27010248086905,0.04,0.036,1
"ENSG00000278017",0.148253843938549,2.34938803719565,0.011,0.002,1
"SEC24A",0.148287822723864,-0.390612649818611,0.075,0.084,1
"APOBEC3C",0.148471219895712,0.792690893053388,0.084,0.041,1
"MAP2K1",0.148616472088999,-0.132644746825188,0.195,0.163,1
"EIF4ENIF1",0.14878560162269,-0.434746131793868,0.035,0.048,1
"CCDC200",0.148944177234427,-0.140972830093059,0.073,0.089,1
"BMP2K",0.148959705481419,0.356438912582613,0.344,0.245,1
"PDLIM7",0.148979731854585,1.11899522223298,0.044,0.023,1
"BEST1",0.149154323469753,0.112756480865587,0.282,0.262,1
"IGF2R",0.149176120528898,-0.153221048413691,0.224,0.191,1
"AP1B1",0.149432847951859,0.359884201508375,0.315,0.234,1
"UAP1",0.149462978016355,0.802362003699954,0.177,0.112,1
"IGLJ3",0.149514024352933,0.75423696237606,0.022,0.008,1
"MDH1",0.149556551878791,0.364132181598866,0.226,0.148,1
"GTF2F2",0.149569936904641,-0.240213283698499,0.122,0.132,1
"HYCC2",0.149898201569739,-0.392046077320291,0.175,0.189,1
"RPP40",0.149994631168016,-0.814944258473269,0.016,0.026,1
"MRPL11",0.150063885739316,0.553692919942778,0.155,0.091,1
"CYP2R1",0.150068167894769,0.249518947834607,0.109,0.076,1
"ZNF785",0.150110437475012,0.10026849684387,0.007,0.012,1
"GTF2H2",0.1501935569951,-0.592829667669078,0.016,0.021,1
"ZDBF2",0.15035782550006,-0.27277805015403,0.262,0.27,1
"ATP8A1",0.150417685398416,0.104859377998233,0.244,0.227,1
"MIEF1",0.150441475979455,1.4820228456108,0.033,0.013,1
"POGZ",0.150441572703398,-0.312739670386003,0.284,0.31,1
"ACAP2",0.150511124129133,-0.253192267411707,0.399,0.392,1
"ENSG00000286009",0.150581061352318,1.42763860222898,0.029,0.008,1
"RMND5B",0.150776450998949,0.494183586223577,0.067,0.038,1
"ZBTB43",0.150803284606467,-0.246203765568109,0.151,0.127,1
"POLR3E",0.150868677212951,-0.305703740626375,0.133,0.137,1
"MARS1",0.151005355712984,-0.21771470122103,0.151,0.148,1
"RSPH1",0.151035217987106,-1.15499948148683,0.004,0.013,1
"LITAF",0.151270080233432,0.268224536565069,0.59,0.494,1
"RAB30",0.15127429269973,-0.258104108018685,0.492,0.517,1
"HDGF",0.151294658796473,0.567870898692978,0.142,0.082,1
"LSP1",0.151308182193497,0.320695760494358,0.424,0.334,1
"DNAJC10",0.151493361167617,-0.452001902618526,0.166,0.171,1
"PRKCI",0.151512134361926,-1.22987170046997,0.016,0.025,1
"SELENOI",0.151532040160054,0.368319181990614,0.155,0.115,1
"KCNN1",0.151552455316639,-1.7261614794506,0.007,0.016,1
"PGP",0.151606368346142,0.784342690140589,0.064,0.03,1
"GTF2F1",0.151625121552077,0.29846167094001,0.244,0.165,1
"POLR1E",0.151630911333854,-0.126258719903105,0.035,0.049,1
"SCRN3",0.151662437586956,1.65083890095841,0.018,0.003,1
"RAD23A",0.151716232411532,0.183015467005242,0.366,0.325,1
"STX16",0.151995744517481,0.274721144889998,0.089,0.076,1
"POMT1",0.152095823169992,1.50729052466742,0.035,0.012,1
"NDUFB2",0.152139330213955,0.336315725115883,0.437,0.346,1
"ZNF586",0.152171603078498,-0.275283446608903,0.126,0.147,1
"PRANCR",0.15226597027534,0.479252979961165,0.106,0.084,1
"ESYT1",0.152329397405067,-0.324848742748718,0.042,0.056,1
"SMAP1",0.152351874081522,-0.202584454675433,0.164,0.176,1
"LAMP2",0.152408299685224,-0.333816506078472,0.093,0.084,1
"BNIP1",0.152513867072836,-0.197319656256524,0.091,0.074,1
"CLIP1",0.152637198549712,0.627598728506553,0.146,0.091,1
"VAMP7",0.152847578926849,-0.473914939711827,0.098,0.114,1
"ENSG00000286223",0.152909350713569,-1.03598829769151,0.022,0.04,1
"FAM117B",0.15295957476586,0.246980121545423,0.164,0.153,1
"PLEKHF2",0.153110248883323,-0.264862841569563,0.22,0.252,1
"SMG6",0.153121070234397,-0.478723115948547,0.082,0.102,1
"UBR4",0.153182488851081,0.196636722643619,0.364,0.325,1
"COPRS",0.153237813901287,-0.611290399090074,0.093,0.112,1
"SCAF8",0.153391335519369,-0.375188939829473,0.237,0.245,1
"IQGAP2",0.153482345383423,-0.415520724792113,0.213,0.201,1
"ACHE",0.153525823329775,-0.962144090824397,0.007,0.016,1
"NBEAL2",0.15361173669933,0.976335482036178,0.053,0.026,1
"GGA2",0.153908666810947,0.26307611200117,0.339,0.267,1
"ZNF654",0.153937827238747,0.488652025831054,0.182,0.119,1
"ENSG00000290683",0.154004527816921,0.423934769214249,0.12,0.081,1
"H2BC11",0.154246994456847,0.716035228314664,0.033,0.028,1
"SEC23B",0.154352782860416,0.25146270331817,0.204,0.14,1
"WDR59",0.154364639352053,0.635083567080365,0.069,0.04,1
"RGPD2",0.154455040479902,0.553511535201551,0.082,0.046,1
"GSTM4",0.154505086227678,1.66330226115762,0.029,0.008,1
"ADRB2",0.154752854384482,0.757524446061999,0.029,0.012,1
"AFF3",0.15488949502927,-0.130580575957987,0.683,0.699,1
"EEF2",0.155128047907641,0.135143402670965,0.973,0.949,1
"DHRS1",0.1554465070106,0.45684126087508,0.055,0.026,1
"ZBTB41",0.155534600806828,1.14927620357747,0.049,0.023,1
"VPS51",0.155585431921936,0.124359221866935,0.317,0.245,1
"ZNF263",0.15559853499671,-0.569116390840605,0.075,0.094,1
"RP2",0.15569820963511,-0.399878056860169,0.171,0.193,1
"TAF10",0.155750665483534,0.208359857755703,0.563,0.493,1
"MIB2",0.156021495341601,0.677178275493401,0.118,0.068,1
"ENSG00000290872",0.156203530930843,1.03664381224268,0.042,0.021,1
"SHISA8",0.156260198766683,1.07799301429977,0.058,0.026,1
"IGHA1",0.156319588025588,0.233333991370176,0.089,0.053,1
"IGHG2",0.156359882331368,1.05404481287023,0.013,0.002,1
"PGAP1",0.156593405486793,0.906243325607524,0.133,0.077,1
"RBM10",0.15663237241797,-0.111593845840314,0.104,0.105,1
"CUL3",0.156706931147281,0.192606570344676,0.541,0.435,1
"ASB8",0.156755168991778,-0.455288743002323,0.071,0.087,1
"FANCI",0.156833921293561,2.43061886663384,0.02,0.003,1
"STK26",0.156908310956007,0.11733547962084,0.162,0.115,1
"GNG4",0.157118617428101,-0.332826798628356,0.067,0.081,1
"SCPEP1",0.157150129595454,0.236943085053724,0.149,0.102,1
"FAM193A",0.157206955243169,0.196294889850283,0.175,0.122,1
"NARS2",0.157239941052969,0.758545150789886,0.073,0.038,1
"ANKRD13C",0.157294117078785,-0.453725349976455,0.124,0.122,1
"PRR14L",0.157313150294347,0.555240840389144,0.109,0.064,1
"SESN3",0.157354787099885,0.224286956799012,0.455,0.361,1
"LINC00540",0.157437241641581,-0.753950979836294,0.049,0.069,1
"PPM1K-DT",0.157604869764233,2.39678080738594,0.011,0.002,1
"TPRKB",0.157606872863996,0.184549520311538,0.118,0.081,1
"ENSG00000254397",0.157627067280716,-1.45406127978348,0.004,0.012,1
"EMG1",0.157715094178735,0.240703785430653,0.182,0.124,1
"RHOB",0.157756083019706,-0.284706673981703,0.313,0.349,1
"CRYBG1",0.157775818428818,-0.326441473907646,0.166,0.198,1
"HOMER1",0.1577760496333,0.855278193296915,0.049,0.023,1
"PPIF",0.157902821668955,0.465677823569782,0.284,0.196,1
"ENSG00000291175",0.157947141880816,-1.28606446410471,0.033,0.044,1
"FBXO46",0.157993034151556,-0.203524594620804,0.073,0.059,1
"XBP1",0.158083288132421,0.610655621413882,0.211,0.142,1
"UBAC2-AS1",0.158140187822742,0.964100724384627,0.031,0.012,1
"ASH1L",0.158316029944113,-0.119335647026975,0.541,0.545,1
"SEL1L3",0.158497453988649,0.391009269867146,0.118,0.079,1
"ADGRG5",0.158640226738739,-0.81670999190597,0.016,0.026,1
"YPEL1",0.15880847460819,1.39501641203578,0.033,0.012,1
"HCFC1R1",0.158816717343418,-0.511152208808619,0.069,0.086,1
"RRP1",0.159009475661305,-0.170404782707736,0.106,0.119,1
"B3GALT6",0.159022849681955,-0.495049424969277,0.135,0.143,1
"MRPL24",0.159067076222215,1.24002721536065,0.053,0.02,1
"HLTF",0.159190234813468,-0.456540517638501,0.031,0.043,1
"KCNK6",0.159259042155365,-1.68275077261894,0.004,0.012,1
"REC8",0.159747417950272,-0.814281788943012,0.02,0.033,1
"PSME3IP1",0.159778182669089,0.735441957263486,0.124,0.076,1
"NAB2",0.159810209293602,0.57170777829098,0.086,0.061,1
"SLC25A12",0.159864947342127,0.667228756138275,0.089,0.061,1
"TMEM117",0.160165977564939,0.484388866479217,0.086,0.048,1
"LETM1",0.160180188024222,0.936293159901465,0.084,0.048,1
"VPS37A",0.160451954904178,0.507959512863238,0.131,0.081,1
"DLAT",0.160462451620914,1.03065923462028,0.047,0.018,1
"RC3H1",0.160481227406119,0.137930762837433,0.35,0.275,1
"PGM5P2",0.160589770130987,2.72887530191402,0.022,0.005,1
"AAMP",0.160600247852894,0.454503473079548,0.253,0.171,1
"ENSG00000291207",0.160625140325969,0.316939312809608,0.106,0.097,1
"ETFRF1",0.160692411279424,0.552344636446227,0.109,0.066,1
"IKZF2",0.160939353131929,-0.21694893189858,0.157,0.153,1
"ZDHHC5",0.160961906152915,-0.437758966483698,0.118,0.135,1
"CAD",0.161245684754989,-1.28590767169923,0.007,0.013,1
"GXYLT1",0.161268963276123,0.647042417777052,0.104,0.064,1
"PSMD13",0.161438266984378,0.217126855502096,0.186,0.166,1
"GGNBP2",0.161512605989188,-0.128401375556308,0.627,0.567,1
"SLC35C1",0.161734395862551,-1.65889014060004,0.011,0.025,1
"VPS26C",0.161859238795895,-0.430011877049719,0.098,0.107,1
"NUDT22",0.161864124934759,0.82956055208647,0.071,0.035,1
"LEPROTL1",0.161933744868332,0.424441836566352,0.239,0.18,1
"GRSF1",0.161944456408476,-0.322025527636231,0.133,0.137,1
"CLIC4",0.162017786964942,-0.246684898042072,0.355,0.374,1
"MGAT4B",0.162078901259315,0.593171079000437,0.104,0.072,1
"ENSG00000291063",0.162229325000172,-0.932307961412171,0.029,0.044,1
"EXT1",0.162313533534704,0.618129351279167,0.102,0.071,1
"CERS5",0.162519387293651,-0.634403387881827,0.073,0.084,1
"CUL4A",0.162719794267826,-0.22306125318086,0.184,0.194,1
"C8orf44",0.16292989029337,1.13498206854343,0.04,0.018,1
"TPI1",0.163032851522783,0.110136209147939,0.302,0.239,1
"LRWD1",0.163068054350094,0.145380818894751,0.086,0.054,1
"PERP",0.163355047744486,0.607034994465522,0.024,0.01,1
"PPP2R3A",0.163610673088662,0.180583370933603,0.011,0.015,1
"RBM4",0.163760021410434,-0.264846622570192,0.51,0.524,1
"ENSG00000291259",0.164146615797385,1.13398899016246,0.027,0.01,1
"TMOD3",0.164295850302055,-0.240797993133491,0.288,0.283,1
"TMEM191A",0.164301427972696,0.88221033389605,0.044,0.018,1
"ZMYND8",0.164568694830063,0.342319824275539,0.084,0.051,1
"DALRD3",0.164628265469571,0.51014854391362,0.084,0.061,1
"ZSCAN16-AS1",0.164759365795165,-0.595787248402909,0.086,0.099,1
"C4orf3",0.164882923209858,0.311261066066337,0.335,0.259,1
"MTSS2",0.164917371005844,1.92483214361512,0.011,0.002,1
"MIR762HG",0.1649468308561,0.913947812778762,0.013,0.005,1
"SDHA",0.165321108052429,0.316929428258894,0.195,0.132,1
"U2AF2",0.165348299063493,-0.261474583448406,0.31,0.306,1
"C1GALT1",0.165573195843532,-0.459447618064482,0.177,0.204,1
"IGLC2",0.165601920887769,-0.79322663247782,0.095,0.125,1
"PITRM1",0.165793886458155,-0.846164307964762,0.055,0.079,1
"NME7",0.165889944044832,-0.697792061781485,0.038,0.056,1
"TP53BP2",0.165898991778988,0.316876746580203,0.341,0.26,1
"AKIRIN2",0.165980176805532,-0.10815908019282,0.361,0.367,1
"PMM2",0.166202733449668,-0.208202291328739,0.155,0.135,1
"ENSG00000272449",0.166311937591961,0.328258695635176,0.233,0.178,1
"ZNF440",0.166453470719522,-1.73508289055362,0.004,0.012,1
"ARL8B",0.166555058384601,-0.272255072393263,0.384,0.4,1
"C15orf61",0.166765627754,0.801889207698017,0.086,0.044,1
"PIP4K2C",0.166796481395462,0.728272003413919,0.038,0.016,1
"COPS5",0.166823801557844,-0.222967756872538,0.173,0.176,1
"PPP1R37",0.167028120217209,1.0560611119477,0.035,0.013,1
"P2RY14",0.167210288173792,-1.46467708629253,0.029,0.049,1
"CEP41",0.167262979347392,2.13747147348125,0.011,0.002,1
"TRIM38",0.167365791190421,-0.263564404837787,0.31,0.325,1
"FCGR2C",0.16740569323709,1.594112730875,0.022,0.007,1
"VPS36",0.167423505829501,0.328165912284346,0.137,0.12,1
"CAT",0.16744466195495,0.492114494499331,0.106,0.071,1
"VEZF1",0.167611350793706,-0.41827208729094,0.197,0.216,1
"FOXN2",0.167614629855445,-0.520276499477107,0.162,0.16,1
"TRABD-AS1",0.167627139187772,1.31611838581803,0.047,0.021,1
"MTAP",0.167661960287814,-0.686187726857597,0.062,0.077,1
"SLC8B1",0.167664716255017,0.876686210353055,0.035,0.018,1
"DDOST",0.167787212499277,0.271749538036421,0.308,0.217,1
"RAB11FIP1",0.167969926553962,-0.174292271084988,0.435,0.438,1
"STEEP1",0.168067897861884,-0.644369921942206,0.051,0.066,1
"ESF1",0.168142987785824,-0.194391079328331,0.149,0.157,1
"NBPF26",0.168486099964234,-0.38573467070466,0.157,0.161,1
"CFAP20",0.168541242859338,-0.329551918005975,0.14,0.153,1
"ENSG00000226455",0.168587350191177,-0.640637117972624,0.04,0.059,1
"THUMPD1",0.168721933261774,-0.200010461025102,0.202,0.183,1
"STX17-DT",0.168848574137111,0.690790701742306,0.255,0.163,1
"SETMAR",0.169003517063486,-2.42534754771009,0.004,0.016,1
"KLHL5",0.169118799467617,-0.228091250023419,0.35,0.361,1
"UBE2Q2P2",0.16914542231843,-0.817334351295399,0.044,0.064,1
"ABI2",0.16915169792992,0.494791237013644,0.044,0.021,1
"AZI2",0.169161638029193,0.705134173696428,0.093,0.049,1
"FAF1",0.169226594893634,0.218053504544152,0.251,0.186,1
"CCDC88A",0.169497966539517,-0.732184546331938,0.024,0.035,1
"THEMIS2",0.169528724213992,0.918962049555657,0.047,0.02,1
"PPP4R3B-DT",0.16968026218715,1.21274031636737,0.031,0.012,1
"DPY19L1",0.16984723699522,-1.21555574921318,0.016,0.031,1
"SSNA1",0.16987085990234,0.225032300417729,0.346,0.262,1
"MIS12",0.169934059837008,-0.504213847122479,0.164,0.186,1
"ZNG1C",0.170065361575044,0.10827541295887,0.009,0.015,1
"ZNF888",0.170171383811701,0.786039743010762,0.035,0.015,1
"ZNF844",0.170227464841306,0.48227037423458,0.102,0.063,1
"NUDT21",0.170244301610013,-0.251034939486603,0.182,0.17,1
"TRAPPC6A",0.170355809245414,0.478441363071024,0.135,0.084,1
"CYB5R1",0.170383507669438,0.634209022485554,0.06,0.03,1
"NPAT",0.170504544027302,-0.172726762685066,0.35,0.367,1
"UBE2H",0.170599348204767,-0.253356966875685,0.341,0.364,1
"ADAM19",0.170695248429157,0.362042894185315,0.228,0.17,1
"RB1-DT",0.170778420091865,-2.49398732872007,0.002,0.013,1
"TRMT10B",0.170927555691353,-0.864918906304353,0.024,0.038,1
"UBE2N",0.171025469326611,-0.178003112426123,0.494,0.499,1
"SLC39A1",0.17106348112665,-0.556071506160878,0.126,0.148,1
"TMEM208",0.171130182116835,-0.405239576657072,0.242,0.236,1
"ENSG00000241490",0.17120196058228,1.31465348124038,0.053,0.026,1
"FBXL17",0.171216737475761,0.473606235061296,0.135,0.079,1
"XNDC1N",0.171278945083394,1.28891076071702,0.033,0.013,1
"FSCN1",0.171325699367906,-0.245889049405374,0.049,0.061,1
"XPR1",0.171444000929756,-0.203960602352736,0.153,0.13,1
"GABPB1",0.171460456292668,-0.364224561983263,0.273,0.28,1
"PSMD11",0.171465769776933,0.444081962596077,0.313,0.221,1
"ROR1",0.171792344347988,-0.269200707301372,0.131,0.148,1
"ZDHHC2",0.171798455357539,0.609386696642057,0.106,0.066,1
"CDK14",0.171931627685576,-0.170451502097454,0.366,0.367,1
"RHNO1",0.172085120465408,0.685800214893159,0.027,0.01,1
"MRPS12",0.17227345191722,0.45302365946607,0.171,0.112,1
"ZNF180",0.172302158929429,-0.941656330348268,0.033,0.043,1
"GRK6",0.172552367306337,0.128049736503214,0.251,0.198,1
"ENSG00000275063",0.172646283074878,0.654201898199354,0.035,0.043,1
"LRRC58",0.172769335897885,0.626056018741779,0.104,0.061,1
"DUSP16",0.172915284001964,-0.233203352063861,0.064,0.068,1
"MAFK",0.172923715945465,-0.400289533467134,0.075,0.082,1
"CHD3",0.17302461553581,0.522328813759325,0.118,0.086,1
"CHMP2A",0.173341626876983,-0.374119818840867,0.135,0.153,1
"PLAA",0.17336602708038,-0.233726477962223,0.149,0.137,1
"NPTX1",0.173608818615081,-1.72686529306766,0.004,0.01,1
"BTN3A2",0.173864988765261,-0.32285501456283,0.098,0.1,1
"GLB1",0.173945134521991,0.703935980743724,0.062,0.03,1
"FAAP20",0.174062851698318,0.256100893117162,0.173,0.145,1
"PRAF2",0.174283846374327,1.1387637998293,0.042,0.018,1
"CXCR5",0.174347939714983,-0.175439140799812,0.588,0.563,1
"TADA2B",0.174396351780701,0.589116505170609,0.06,0.031,1
"NLE1",0.174415384153782,1.2654706799783,0.04,0.015,1
"IGKV1-9",0.174655831436126,-0.485350451377599,0.016,0.028,1
"PXK",0.174663175247679,0.407131480659308,0.268,0.188,1
"C17orf58",0.174683995231389,2.21426939430483,0.011,0.002,1
"GNL1",0.174730562555893,0.175260080976853,0.373,0.328,1
"ZAP70",0.174737422290368,1.00775657989143,0.04,0.018,1
"PLCG2",0.174833829845174,0.290708278905506,0.404,0.318,1
"UBR1",0.174896822412521,0.223371788040571,0.257,0.189,1
"TBC1D13",0.174904902582229,-1.03558166263589,0.02,0.026,1
"ZNG1A",0.175123606073084,-0.473862879509054,0.175,0.18,1
"TOPORS",0.175143244933473,-0.280204796410575,0.197,0.208,1
"MRGBP",0.175293475568227,-0.459726774450184,0.071,0.086,1
"TPCN1",0.17562682128035,0.931570720576812,0.051,0.025,1
"ENSG00000291124",0.175669997654942,-0.231624551720405,0.078,0.069,1
"SLC9B1",0.175920196539919,1.42335188988027,0.022,0.008,1
"PLK4",0.176018723412135,-1.13229030380572,0.004,0.012,1
"MTG2",0.176067400257972,0.730738252005223,0.067,0.035,1
"MOSPD2",0.176481601782048,-0.529596824837291,0.018,0.028,1
"MIF4GD-DT",0.176729510310636,2.39107232960089,0.016,0.003,1
"CSPP1",0.176824465810083,-0.518314797847684,0.098,0.104,1
"ALDOA",0.177043495610192,0.269042439869853,0.463,0.357,1
"TRMT2B",0.177211940980219,0.953343753333965,0.04,0.018,1
"MED13",0.177429918527677,-0.172474060109467,0.275,0.282,1
"ENSG00000257225",0.177491178381365,-2.04631012953746,0.002,0.01,1
"ANKMY2",0.177589230052578,-0.288152501940622,0.029,0.036,1
"PDE3B",0.177788018829896,-0.249675565493789,0.328,0.338,1
"MAPK1IP1L",0.177917836084881,-0.141559341048597,0.67,0.643,1
"ENSG00000283696",0.17798416438885,1.6640338962558,0.022,0.007,1
"ZBTB21",0.178036644061378,-0.239299983741602,0.215,0.198,1
"STAG3L5P",0.17806340389638,-0.105902680803944,0.364,0.328,1
"IDH1",0.178207197248862,0.142196765346911,0.051,0.033,1
"VAV2",0.178322616787308,0.201729177987144,0.084,0.074,1
"ZNF433-AS1",0.178325549878048,0.220699534682957,0.171,0.15,1
"ATXN7L2",0.178434364317456,-0.502288219920468,0.051,0.058,1
"ICAM2",0.178543105797527,-0.447627440218552,0.166,0.181,1
"XRRA1",0.178554118464947,0.989204066726971,0.084,0.041,1
"SPCS2",0.17863197438339,-0.24493683743001,0.377,0.39,1
"NEDD1",0.178639777515545,-0.216531745381315,0.08,0.072,1
"SMARCE1",0.178671993679473,-0.250916275111406,0.239,0.247,1
"ETV6",0.17875345825639,0.278606694131728,0.401,0.293,1
"ARSG",0.178756395748043,-0.546307101505223,0.009,0.018,1
"B4GALT6",0.179317817359313,-0.684550166185542,0.007,0.01,1
"RPA3",0.179491302816963,0.254055670920765,0.326,0.234,1
"PRPF8",0.179526523694218,0.276820117540385,0.335,0.242,1
"EFNA1",0.17960190469574,0.750065814564628,0.024,0.01,1
"GP6-AS1",0.17979020787198,0.959804669247108,0.04,0.018,1
"FAM76B",0.179821481654035,-0.160627954320161,0.277,0.26,1
"GSTK1",0.179921255172612,0.232409092854496,0.239,0.186,1
"CTR9",0.179929781066667,0.446957499425593,0.244,0.165,1
"NOM1",0.180042952268051,0.715477738260356,0.106,0.064,1
"EXOG",0.180043372984797,0.575022990061362,0.113,0.072,1
"C5orf34",0.18016136312547,-1.29977776068124,0.004,0.013,1
"COASY",0.180261063575634,0.546056820630807,0.075,0.049,1
"HDAC5",0.180274118905884,0.383017209746983,0.202,0.155,1
"RAPH1",0.180287911809746,-2.51240653767236,0.002,0.012,1
"POLR3D",0.180351914896793,0.674914246693338,0.086,0.053,1
"CDK16",0.180384767664754,-0.110747551575194,0.191,0.163,1
"IDH3B",0.180764406714789,0.34247080547357,0.171,0.115,1
"HLA-DMA",0.180840359116291,-0.180075605462419,0.765,0.783,1
"TGFBR1",0.181075678029512,0.32406823552648,0.259,0.193,1
"MAP3K21",0.181117231357413,2.03696919567784,0.016,0.003,1
"AHNAK",0.18112328479717,-0.157779382153052,0.572,0.552,1
"ARL3",0.181199101517469,-0.722899680780393,0.038,0.054,1
"WDR41",0.181310808952576,0.81432440707188,0.067,0.036,1
"TAF7",0.181373133342904,-0.203250708588092,0.446,0.456,1
"POM121C",0.181383914124075,0.206699138345773,0.195,0.176,1
"USP54",0.181527511496295,1.45222136336167,0.016,0.003,1
"FAM32A",0.181685303772813,-0.140287992141478,0.208,0.203,1
"SIGLEC14",0.181750061820971,-1.48791168031506,0.004,0.013,1
"SLC17A9",0.181776815156937,-0.475967931642602,0.084,0.1,1
"ATP6V1B2",0.18180709519913,0.601309720649954,0.133,0.086,1
"DNAJC15",0.181947203492601,-0.18716700414429,0.222,0.227,1
"NSUN2",0.18209604598213,0.417524763160182,0.2,0.145,1
"ARHGDIA",0.182420945167904,-0.153118096239689,0.621,0.619,1
"RCBTB1",0.182462284546077,0.556330180198524,0.051,0.03,1
"TAF4B",0.182577009440443,0.227062430099621,0.306,0.247,1
"MTFP1",0.182591499447578,0.229836200028022,0.082,0.056,1
"TOM1",0.182601026038718,-0.417020463101146,0.115,0.127,1
"CENPP",0.182917547147238,0.770427434191046,0.073,0.041,1
"UXT",0.183262224967436,0.12089527151357,0.654,0.6,1
"DDX31",0.183381003983083,0.600637401106634,0.095,0.053,1
"CCDC88C",0.183389479744806,0.330772047134737,0.319,0.222,1
"MYO1E",0.183416754793342,0.382983219146657,0.271,0.209,1
"SCRN1",0.183578150771831,1.09453896405491,0.044,0.02,1
"NHP2",0.183647602670685,0.26757666282586,0.228,0.158,1
"SPATA21",0.183693651192844,-1.36366720282157,0.007,0.018,1
"TSSC4",0.183790303537681,-0.149709944636615,0.195,0.171,1
"EMD",0.184075481772861,-0.128827730836399,0.568,0.565,1
"CDC37L1",0.184250578858328,0.395407795334848,0.146,0.107,1
"GPI",0.184477297362094,0.480020050076582,0.169,0.117,1
"CCP110",0.184532823234756,0.4886713372403,0.098,0.063,1
"ZNF730",0.184552659721779,1.0693389977454,0.013,0.003,1
"UBAP2",0.184767110660543,-0.393895094389612,0.129,0.137,1
"AGO3",0.184872130510238,-0.137602686330238,0.228,0.231,1
"CAB39",0.185308442812519,0.228405707325783,0.186,0.155,1
"NFKBIB",0.185394913259925,-0.200730403336129,0.417,0.422,1
"ENSG00000277369",0.185557913351537,1.56608942187661,0.018,0.007,1
"HACD4",0.185837297118596,0.874651322750846,0.053,0.031,1
"U2SURP",0.185949517036758,-0.36458221281442,0.335,0.344,1
"ENSG00000289536",0.186192998649244,1.07674451653075,0.038,0.02,1
"GNA12",0.186210078135572,0.534082088549203,0.177,0.119,1
"HPS1",0.186233553207912,-0.320032228823733,0.113,0.115,1
"ZNF446",0.186346716690403,-1.59677997191985,0.007,0.016,1
"ANXA11",0.186446587324478,0.165938885319978,0.322,0.247,1
"STX17",0.186579075194066,-0.503447146600026,0.086,0.089,1
"ATG3",0.186689152557619,0.319041695685623,0.406,0.311,1
"FBXL13",0.186818354022725,-1.76893096537073,0.007,0.013,1
"SLC9A8",0.186854031893983,-0.164828028185847,0.162,0.175,1
"BMF",0.186977406002913,-1.07515799498431,0.02,0.036,1
"ENSG00000288827",0.187010637607545,1.53097187682594,0.024,0.01,1
"FAM89B",0.187158387570744,-0.545851719466756,0.131,0.147,1
"ENSG00000258740",0.187262956014846,-1.18917853264557,0.022,0.041,1
"MAMLD1",0.187401432948035,1.06525669923506,0.084,0.038,1
"SORD",0.187703789552306,-0.969877210943411,0.02,0.026,1
"EP300",0.187741510798544,-0.333612240424784,0.275,0.282,1
"ENSG00000289170",0.187911283243806,2.12219505637454,0.013,0.003,1
"CBX8",0.187955003016786,1.59208343797624,0.018,0.005,1
"IER2",0.187988786241452,-0.153764450130312,0.854,0.852,1
"CCDC90B",0.188277511975761,-0.422599452296627,0.086,0.099,1
"IGLVI-70",0.188331359449264,-2.49948880896615,0.011,0.018,1
"OSBPL9",0.188475166140509,-0.123266539152543,0.286,0.255,1
"NPLOC4",0.188493915545782,0.30201250313507,0.111,0.099,1
"NXF1",0.188740967530843,-0.163206732354046,0.259,0.232,1
"TFCP2",0.188743830107183,0.785986012298553,0.073,0.038,1
"MXD1",0.188915190675398,-0.473126519165262,0.126,0.152,1
"TMED4",0.188916565796582,0.319678326937618,0.186,0.135,1
"DAAM1",0.188927311387278,-0.478898970304962,0.078,0.087,1
"ATG12",0.188933027619903,-0.167230935946258,0.284,0.267,1
"FNBP1",0.189160305232939,0.18881570007146,0.639,0.53,1
"B3GALNT2",0.189336762588775,0.959989895424285,0.073,0.036,1
"SMIM27",0.189340353528238,1.07902964992163,0.069,0.04,1
"CCDC69",0.189344853583331,0.349950180354174,0.122,0.081,1
"UTRN",0.189347617140074,-0.111740227721131,0.475,0.412,1
"ST7L",0.189500059786635,0.140353117369096,0.055,0.031,1
"CYP20A1",0.189610393696405,0.233727229495822,0.271,0.201,1
"PER2",0.189749625474383,0.651918145007369,0.104,0.054,1
"CROCC",0.189798434083558,1.17087023419165,0.069,0.038,1
"SLC16A10",0.189964202095191,-0.124439836023253,0.016,0.023,1
"POLM",0.189987617238584,0.663796848033825,0.08,0.053,1
"CUL2",0.190078803773821,-0.248432759070457,0.164,0.171,1
"ENSG00000289496",0.190139524656957,-0.56307938938998,0.004,0.015,1
"YIPF3",0.190183984642274,-0.260750124250162,0.186,0.178,1
"AP1G1",0.190327134550298,-0.373446745957888,0.235,0.237,1
"ENSG00000289084",0.190595357681943,-1.40334323058728,0.007,0.016,1
"NPC2",0.190613470669309,0.154025602529193,0.37,0.305,1
"ECE1",0.190685100415776,0.387430611254132,0.377,0.297,1
"ZNF528",0.190722841129839,2.36973135120633,0.016,0.003,1
"SLC9A7",0.190846652955557,-0.235191516004254,0.113,0.14,1
"KAT5",0.190965966431807,-0.189139009967289,0.222,0.193,1
"OSTC",0.191015526260798,-0.276444424246869,0.191,0.183,1
"STK24",0.191190002422092,-0.142746850326109,0.246,0.252,1
"JCHAIN",0.191208478592428,0.324680560212337,0.191,0.148,1
"TICAM1",0.191228353070317,-0.207653393371235,0.251,0.249,1
"ENSG00000285979",0.191418096353888,1.79444550952884,0.011,0.002,1
"EIF4A3",0.191446401088731,0.176530125042486,0.532,0.432,1
"SLC25A1",0.191566653532673,-0.136218535281891,0.093,0.074,1
"BLK",0.191578727507622,0.24144102286091,0.408,0.323,1
"CLINT1",0.191639127592528,-0.184008090040246,0.33,0.329,1
"GMEB1",0.191664327814965,-0.265940164891563,0.122,0.135,1
"DNAJB11",0.191728117446734,-0.123966935881642,0.266,0.232,1
"PSTK",0.191864911567323,-0.510214044205677,0.044,0.056,1
"KIAA0753",0.192025660448534,-0.600110294702946,0.024,0.038,1
"ZCCHC9",0.192113919574172,-1.38590854826608,0.018,0.025,1
"AGK",0.192375481099852,0.789022129996112,0.044,0.021,1
"LYPLAL1",0.192379163060068,0.467748916990494,0.062,0.036,1
"FAF2",0.192447350468689,-0.356872286864577,0.093,0.11,1
"NAA60",0.192533968873938,-0.497757504926869,0.086,0.091,1
"SFSWAP",0.192595137883928,-0.134659645849671,0.186,0.198,1
"RPS19BP1",0.192675617781114,-0.223645940420017,0.224,0.244,1
"TWF1",0.192686924375279,0.183712863545845,0.237,0.168,1
"IGKV2-28",0.192752367567132,-0.169605425013734,0.016,0.023,1
"TRMT61B",0.192865355491985,-0.416302438372742,0.075,0.063,1
"SYNJ1",0.193179512155324,-1.01617953473109,0.016,0.031,1
"CAMKMT",0.19332156199044,0.376712717329945,0.084,0.048,1
"MZF1-AS1",0.194026442210922,1.46216792854631,0.022,0.008,1
"NOCT",0.1940402236445,-0.275396208994435,0.109,0.117,1
"OAZ2",0.194071120291765,-0.361714699867903,0.086,0.1,1
"PLK3",0.194086647010901,-0.362091830887692,0.191,0.183,1
"ENSG00000261840",0.194143741725227,-1.17040465906181,0.009,0.016,1
"DCAF16",0.194149581000832,0.228949269044722,0.102,0.076,1
"TMEM63B",0.19436214923373,0.411001595075757,0.16,0.096,1
"PHRF1",0.194407955288033,0.17848882586565,0.086,0.054,1
"LIX1-AS1",0.194481266299455,0.35354184709073,0.071,0.058,1
"ENSG00000283128",0.19450845114751,-1.83205950672746,0.002,0.01,1
"NEK7",0.194556913176866,0.33330781629268,0.404,0.308,1
"MAN2B1",0.194584929150657,0.423985166559393,0.204,0.13,1
"COPDA1",0.194614706099669,1.92572045855147,0.029,0.01,1
"MAILR",0.194722743091082,-0.501260153751027,0.029,0.036,1
"ADARB2",0.194822053301777,0.119713491978287,0.118,0.082,1
"ABHD16A",0.194938692465964,-0.184821582352065,0.155,0.133,1
"EHMT1",0.195140884754891,0.296762176455366,0.368,0.292,1
"ZDHHC14",0.195155825350205,0.122745932799653,0.075,0.064,1
"SORBS3",0.195390602069713,0.714667889736179,0.011,0.016,1
"ABCG1",0.195527840079889,0.277604614279224,0.448,0.359,1
"SSBP3",0.195557366866745,-0.589087734387837,0.049,0.066,1
"SEMA4A",0.195633469873718,-0.707967728645675,0.029,0.04,1
"STX8",0.195659301956287,0.592977213856485,0.102,0.071,1
"MOB1B",0.195720500887104,0.708301546741303,0.106,0.066,1
"TTC14",0.195804628035472,0.27185380700477,0.153,0.124,1
"CCDC57",0.195819016716179,0.379645645311529,0.12,0.092,1
"TMEM106C",0.195875028723901,1.16001661612853,0.031,0.012,1
"GIN1",0.195977414561477,-1.56202687353265,0.002,0.01,1
"LMNB2",0.196122400979211,0.606551357010745,0.122,0.071,1
"ZDHHC12",0.19615577647032,0.775391345479204,0.078,0.043,1
"SNED1-AS1",0.196236538530463,-0.416546129387152,0.078,0.087,1
"TRBJ2-3",0.196358297604379,1.03510520677606,0.011,0.002,1
"KCNAB2",0.196421530983481,0.385597724413801,0.115,0.074,1
"TAF1C",0.196502243711067,0.585357326707174,0.075,0.054,1
"ENSG00000272558",0.196776310642222,1.16975026274291,0.013,0.003,1
"CYSTM1",0.196828353698584,-0.203339588886506,0.461,0.442,1
"KPNA3",0.196851311887354,0.443870798657948,0.215,0.153,1
"SNX17",0.196901503659205,0.331467247683981,0.133,0.086,1
"ZNF529",0.196984141681525,-0.441753114005656,0.135,0.153,1
"KDM5A",0.197019943748733,-0.247348978827406,0.31,0.29,1
"BID",0.197055728071507,0.476407131518346,0.2,0.129,1
"JAM3",0.197209540824998,0.426386147852957,0.106,0.072,1
"DAPP1",0.197252799699077,0.25441408983209,0.437,0.357,1
"NUP155",0.197328188569745,0.523205287302958,0.104,0.063,1
"CMC2",0.197354796222193,0.318924276684022,0.337,0.245,1
"BIN1",0.197438547952938,0.359460013770622,0.2,0.155,1
"CD99",0.197556670294292,0.290507503432173,0.293,0.204,1
"CEPT1",0.197615212140094,-0.224316652792655,0.142,0.124,1
"ELAC2",0.197748821937295,-0.604728150271205,0.073,0.076,1
"AMIGO2",0.198060565015242,1.70113248617473,0.016,0.005,1
"LGMN",0.198265947436753,0.358915273068386,0.157,0.102,1
"WASHC4",0.198595217983746,-0.167852069014829,0.512,0.511,1
"DOCK7",0.198890654707572,0.702468376126474,0.049,0.026,1
"GALNT1",0.198911983818986,0.502828796214258,0.188,0.125,1
"CPNE1",0.198963613697899,0.220803544200748,0.277,0.199,1
"ENSG00000291073",0.19905735531353,-0.157521201811687,0.459,0.468,1
"ENSG00000267598",0.199143114561901,-0.531654339441305,0.075,0.084,1
"YARS2",0.199338644764426,0.464805505520505,0.113,0.081,1
"CAPN15",0.199450489471608,-0.689154192900177,0.027,0.038,1
"TUBGCP3",0.19975767500464,0.81395684275281,0.069,0.035,1
"MGA",0.199783264789553,0.12553471417917,0.184,0.132,1
"FANCL",0.19995367394938,-0.70316625065692,0.053,0.071,1
"NF1",0.200052624959477,-0.209100509985072,0.131,0.137,1
"HILPDA",0.200104625363655,-0.94367709055804,0.029,0.048,1
"PRKCD",0.200332610357568,-0.245241829129012,0.251,0.247,1
"MAPK10",0.200358672959114,1.4474185109075,0.031,0.015,1
"ZACN",0.200388798921455,-1.01009116071013,0.013,0.021,1
"SRD5A1",0.200559132995373,0.697896301853568,0.071,0.036,1
"FAAH2",0.200771929820589,1.02125920677306,0.022,0.007,1
"POLR2H",0.200994845021561,0.531981783097526,0.073,0.049,1
"TBC1D15",0.20110515811567,-0.159183721621352,0.306,0.278,1
"ILF2",0.201219581142655,0.127220240672406,0.541,0.502,1
"LDHB",0.201265351586295,0.42852536169389,0.235,0.163,1
"RAB11FIP4",0.201558025767818,0.657053593214881,0.084,0.059,1
"PLCD1",0.201563985588729,-1.10541516130325,0.004,0.012,1
"SSB",0.201731493061429,0.224860344561457,0.408,0.339,1
"SETD3",0.201773131039401,0.314053865964854,0.069,0.038,1
"CINP",0.202481239465404,0.715050433151702,0.049,0.026,1
"DYNC1I2",0.202564331453044,-0.472161002961377,0.109,0.11,1
"CCDC92",0.2027181647243,-0.377541744758543,0.08,0.074,1
"P3H1",0.202729185777935,0.886780330104921,0.047,0.026,1
"MIDEAS",0.202756464891168,0.268955656042002,0.171,0.152,1
"ENSG00000273748",0.202760942192119,-0.233446630243358,0.024,0.03,1
"CEBPD",0.202844468517774,2.62818829393972,0.013,0.003,1
"IGHV4-59",0.202863160724106,-0.734707609141085,0.051,0.071,1
"ENSG00000237126",0.202987280546751,1.71205444289314,0.018,0.005,1
"SESN2",0.203392118380425,0.158173751154456,0.131,0.096,1
"TNFAIP3",0.203411782307881,-0.223344460738553,0.685,0.699,1
"ENSG00000204620",0.203457311860365,-0.447558510466997,0.011,0.02,1
"PFDN4",0.203512591947099,-0.531608918687541,0.109,0.12,1
"JARID2-AS1",0.203634423315193,1.46867531961188,0.02,0.005,1
"UBXN7",0.20363974636114,-0.298003772279406,0.217,0.241,1
"SMIM20",0.203725565223912,-0.418406362566502,0.042,0.04,1
"RBM47",0.20379639226875,1.3938024564524,0.027,0.008,1
"CASP3",0.203803840523587,0.369764498822379,0.182,0.142,1
"MTMR8",0.203830194614707,1.23873392802265,0.035,0.016,1
"HNRNPH3",0.204044833306574,-0.139965537911823,0.565,0.514,1
"MBOAT2",0.20416773607306,1.97957755729075,0.016,0.003,1
"RFX3-DT",0.204188526198653,0.2561413282503,0.033,0.018,1
"CUL4B",0.204456795403605,-0.733764649454707,0.038,0.058,1
"ARHGAP15",0.204882522350044,0.186181602027436,0.497,0.415,1
"PCYOX1L",0.204905672748155,-1.26289019093214,0.004,0.013,1
"LMO2",0.205022790103626,1.27282850418068,0.024,0.01,1
"STX7",0.205031569278102,-0.259978343169605,0.231,0.245,1
"COPB2-DT",0.205060249882653,0.469082270313872,0.02,0.008,1
"ZNF330",0.205060457781918,-0.33198855739247,0.188,0.185,1
"CTH",0.205070333978068,1.29480908988283,0.029,0.012,1
"ZSCAN30",0.205096539030312,-1.02584641159266,0.018,0.028,1
"NUTM2B-AS1",0.205280983645573,-0.13953714805939,0.295,0.295,1
"STK25",0.205493933677466,0.562917350971359,0.078,0.056,1
"SPDYA",0.205638714122743,-0.770431098777507,0.022,0.028,1
"TRAPPC5",0.205810226295809,-0.4345168197083,0.248,0.264,1
"UCHL5",0.206300281002703,0.704218242841263,0.067,0.035,1
"SPRED2",0.206704231656216,0.705409712950836,0.064,0.035,1
"ITPRIP",0.206874264997973,0.44226965872175,0.091,0.072,1
"ENSG00000290569",0.206933533196202,-0.585566058701172,0.06,0.081,1
"IL13RA1",0.206959599293326,0.540594980824041,0.089,0.058,1
"PTPRS",0.207008361414175,-1.73297804378133,0.009,0.021,1
"POLR2J",0.207031655828312,0.113412018309352,0.164,0.115,1
"SNHG7",0.207148456232631,0.29288872573298,0.488,0.399,1
"IDH2",0.207235327165625,0.777213621127464,0.102,0.056,1
"PRMT3",0.207237450063677,-0.490993595416005,0.035,0.048,1
"FOXK2",0.207410118101305,0.353700735284695,0.171,0.137,1
"ENSG00000197813",0.207428894520515,-0.491612802166712,0.195,0.222,1
"WDR12",0.207455550980561,0.451997192074794,0.06,0.031,1
"XPO5",0.207502786098438,0.941251722076381,0.06,0.031,1
"ARID4B",0.207609955798931,-0.102661273355129,0.8,0.786,1
"FASTKD1",0.207663532133682,0.640126340592757,0.102,0.059,1
"SSH2",0.207908943487777,-0.109788414920869,0.634,0.638,1
"PCBD1",0.208016207007653,1.52169793599065,0.013,0.007,1
"NCSTN",0.208071714905701,0.487321483043049,0.162,0.104,1
"MTF2",0.208117699443545,-0.283219144102827,0.202,0.209,1
"TSIX",0.208203718033823,-1.34482397692747,0.011,0.021,1
"SLC25A35",0.208267031861792,1.71188216584872,0.016,0.005,1
"CR1",0.208368898906056,0.482541842935035,0.098,0.077,1
"C12orf43",0.208387784177014,-0.440291558226439,0.053,0.069,1
"CIR1",0.208405940423267,-0.230387053031934,0.337,0.351,1
"LINC03009",0.208406319256993,0.390496577343829,0.155,0.099,1
"TNK2",0.208713493195143,0.884546205468953,0.082,0.046,1
"GABARAP",0.208747832720459,-0.180883590702818,0.749,0.736,1
"ENSG00000288772",0.208817980510438,2.86924043691118,0.016,0.002,1
"PLCXD2",0.208937280043402,2.31564915643798,0.011,0.002,1
"SMG1-DT",0.20894624791269,2.86691537923791,0.013,0.002,1
"ZBTB2",0.20900986006844,-0.526989296120238,0.135,0.157,1
"ACAT1",0.209063890748372,0.504445127129501,0.053,0.03,1
"PCAT1",0.209161105742636,-0.562199222310454,0.04,0.038,1
"ATP6V0A2",0.209223732202617,0.713502286841084,0.098,0.049,1
"CES4A",0.209234094550803,0.977775132910664,0.022,0.007,1
"PSMD3",0.209298992287144,-0.370752461215677,0.151,0.161,1
"UPK2",0.209623942001473,1.48108620282883,0.022,0.008,1
"ENOPH1",0.209749711264477,0.631361215525928,0.093,0.058,1
"WAC",0.209861932808891,-0.153664819609613,0.47,0.468,1
"PPP1R3B",0.209993803396628,1.07337763981772,0.016,0.005,1
"CCR7",0.21020251922407,-0.278200935234808,0.765,0.774,1
"IFT43",0.210391044112519,-0.57230145278578,0.042,0.041,1
"YEATS2",0.210469445684081,0.656164316231822,0.058,0.033,1
"ZDHHC6",0.210590101834119,0.214270833993399,0.169,0.129,1
"ENSG00000291214",0.210601968003453,-0.434383454311389,0.091,0.114,1
"PBXIP1",0.210690448970929,-0.111119912417405,0.317,0.267,1
"ARHGAP9",0.210726985673164,0.361231644860033,0.204,0.17,1
"ADI1",0.210740687382996,0.37427040175574,0.135,0.097,1
"CUL1",0.210749523131424,-0.284764719518329,0.248,0.259,1
"ENSG00000284052",0.210820520066247,0.512532188595375,0.044,0.021,1
"MTX1",0.210986121714453,-0.163109193126492,0.109,0.096,1
"DKC1",0.210991796489149,0.457131183360904,0.162,0.114,1
"RPS24",0.211046360831068,-0.109611711256481,0.996,0.997,1
"GEMIN7",0.21114065010606,-0.185916813334436,0.12,0.1,1
"CTDSP2",0.211307199667535,-0.490383520146412,0.111,0.135,1
"TSPAN3",0.211420341791727,-0.121483587459246,0.33,0.31,1
"SENP7",0.211466614046388,-0.482875921027764,0.093,0.112,1
"UBA6",0.211468646865862,-0.156360209796409,0.262,0.267,1
"NPEPPS",0.211504667635061,-0.245554677684187,0.315,0.333,1
"GNE",0.211666690557642,-0.602458466008931,0.062,0.081,1
"POMC",0.211883579867162,0.815578561462696,0.049,0.031,1
"HDAC8",0.211913055737851,0.476394912558457,0.071,0.054,1
"IGBP1",0.211972621416723,0.35860187067861,0.273,0.191,1
"PROSER1",0.212007722845117,0.562270097744426,0.082,0.053,1
"DPH5-DT",0.212222244196591,0.706124889967094,0.067,0.04,1
"ARHGAP17",0.212389054598617,0.315005456612956,0.29,0.219,1
"AKT1S1",0.212486440210394,-0.618753005633167,0.024,0.04,1
"AMZ2",0.212488091577986,0.333027491784367,0.226,0.153,1
"SCN11A",0.212732084982744,-1.83204557318142,0.004,0.013,1
"LUC7L2",0.212877267488662,-0.101739980354601,0.494,0.456,1
"ID3",0.21305984333376,-0.225266752722489,0.397,0.338,1
"BCAR3",0.213272285444675,0.668540118954308,0.073,0.056,1
"TARS2",0.213426372734358,-0.72712048719258,0.024,0.033,1
"LINC00861",0.213451718899393,1.74735928452627,0.013,0.003,1
"PRDM10",0.213753500803684,0.212305994181949,0.064,0.041,1
"TNFAIP1",0.21377348476344,-1.03400542962811,0.022,0.036,1
"ENSG00000289285",0.213825832635799,1.34359735602232,0.016,0.005,1
"SPG21",0.213898566778682,0.491420344253561,0.195,0.125,1
"TMEM115",0.214166267242574,-0.323459659209701,0.106,0.124,1
"DUS2",0.214181462069492,-0.57570721643944,0.053,0.074,1
"YPEL2",0.214201416555157,-0.687403564195626,0.062,0.087,1
"PLXNA3",0.21429412043652,1.3329545214255,0.031,0.015,1
"ARID4A",0.214313986811509,-0.302149000173658,0.304,0.325,1
"KIF9-AS1",0.214409260263775,0.846889893136492,0.053,0.023,1
"FLYWCH1",0.214430300725696,1.12815321536375,0.035,0.015,1
"THAP2",0.214501538927358,0.796128675211084,0.044,0.023,1
"ENSG00000289331",0.214620367602472,0.307391972436915,0.071,0.046,1
"MRPS21",0.214655057128995,-0.268510021415821,0.231,0.237,1
"ENSG00000289315",0.214707492456684,-1.13309091355273,0.011,0.02,1
"OGFOD3",0.21481697188565,0.623210609577193,0.049,0.028,1
"ZNF852",0.2149556327493,-0.37037917176059,0.067,0.063,1
"LACTB",0.215017008382707,-0.384705451668767,0.228,0.239,1
"DNAJB1",0.215194911487227,0.15179578709128,0.475,0.455,1
"CALCB",0.215204122401146,-2.37788402156131,0.004,0.013,1
"ZFP69",0.215361764560947,0.962719248073524,0.016,0.003,1
"SMIM15",0.215693226962616,0.159631123824365,0.106,0.071,1
"IGKV2-30",0.215891874696395,1.51873851439089,0.033,0.015,1
"PPP6R3",0.215973438640738,-0.181859506441389,0.406,0.39,1
"TP53I11",0.216135127500192,0.827282387093783,0.111,0.063,1
"IGLV3-21",0.216138901715538,-0.927511241096947,0.04,0.049,1
"PAM16",0.216345199315278,0.707642783736656,0.091,0.058,1
"PGAM5",0.216461848336346,0.311712973049814,0.06,0.038,1
"IFIH1",0.216591329618849,-0.120568420607319,0.233,0.183,1
"FAM27C",0.216746404337565,-1.51234168433411,0.002,0.01,1
"FAM177B",0.216915685564286,-1.37122811766796,0.013,0.03,1
"OCEL1",0.217076888119701,1.30695232650755,0.031,0.013,1
"PRKCZ",0.217101275618994,-1.10254935180967,0.009,0.018,1
"NDUFS5",0.217164175651205,-0.235506811004084,0.494,0.486,1
"ENSG00000267379",0.217245127610478,1.20378405180549,0.035,0.015,1
"ACTR10",0.217270575472851,0.200507294441868,0.224,0.191,1
"MTOR",0.217592667205102,-0.679955762432944,0.053,0.064,1
"STAT2",0.217708446962465,0.755364019849333,0.115,0.071,1
"STX18",0.217994935083101,0.625762501708299,0.109,0.063,1
"CCNO-DT",0.218033405131578,1.59983975128709,0.018,0.005,1
"PPP3CB",0.218207071229527,-0.422134728059468,0.131,0.127,1
"WWP1",0.218246751183013,0.591900402875534,0.064,0.046,1
"GABBR1",0.218300973416642,-0.805095632889004,0.055,0.069,1
"UBE2E1",0.218447149926664,0.199396266795789,0.255,0.193,1
"REEP5",0.218511723573844,0.450384068783015,0.217,0.157,1
"ENSG00000291171",0.218651829289766,-0.910968080711257,0.02,0.035,1
"CTDSPL2",0.218670664428061,-0.358100865630635,0.146,0.147,1
"ZNF766",0.218800255380928,0.59882379441431,0.091,0.059,1
"PAQR8",0.218819854564492,-1.26960047773307,0.004,0.012,1
"TRAPPC2L",0.218859925103843,0.470935485520596,0.122,0.077,1
"AMFR",0.218868244152066,0.20026277975816,0.242,0.181,1
"PSMD4",0.218935031968576,0.347490032571252,0.171,0.135,1
"TTC7A",0.219013874811582,0.249783147559201,0.366,0.27,1
"IGLV3-10",0.219119949460092,3.98495933737771,0.013,0.003,1
"KPNA2",0.219202812469596,0.470629178210441,0.302,0.227,1
"MVP-DT",0.2192030157856,-1.74097350918495,0.004,0.012,1
"ZNF433",0.219269465029183,1.16248482096104,0.016,0.005,1
"CCDC120",0.219331161607117,0.752935076625639,0.016,0.007,1
"ENSG00000261526",0.219409057366016,1.02223097757984,0.038,0.021,1
"AHR",0.219437546745556,0.418836506051377,0.157,0.107,1
"SOCS4",0.219647664544241,-0.418857507102409,0.133,0.147,1
"ARV1",0.219690089836943,1.78205468871715,0.011,0.002,1
"CXCL16",0.219692206411198,-0.235191779074035,0.197,0.188,1
"SLC9A3-AS1",0.219724706281585,-1.22476339014899,0.004,0.013,1
"PNP",0.219749996603477,0.284467978710328,0.273,0.204,1
"C5orf15",0.21988355371347,0.415921500148762,0.195,0.132,1
"PPM1A",0.219884591126109,-0.196139670803378,0.224,0.226,1
"ANKRD54",0.220118009958731,-0.486504462651278,0.058,0.058,1
"ENSG00000242880",0.220145487243935,-2.63679998857238,0.002,0.01,1
"ADPGK",0.220341406147415,-0.222133257690431,0.248,0.254,1
"HMG20A",0.220356425789941,-0.613290355946455,0.111,0.112,1
"PSMA3-AS1",0.220435393145196,-0.307989427568644,0.133,0.148,1
"SNRK",0.220499323290914,-0.278695003046131,0.242,0.234,1
"GP1BA",0.220578180740221,1.15297418113926,0.016,0.005,1
"ARL10",0.2205799279411,1.67407152568987,0.027,0.008,1
"PARM1",0.220591941063529,-2.04571727684632,0.002,0.012,1
"BIRC6-AS2",0.220673471060666,-0.286339756888002,0.024,0.031,1
"HSDL1",0.220679701516656,-0.490528143016841,0.029,0.041,1
"EXOC2",0.220806574967213,0.319293612120303,0.149,0.107,1
"LINC01409",0.220905294629952,0.519812677213042,0.033,0.015,1
"FAM133B",0.220911441336097,-0.18659632429019,0.364,0.349,1
"UBE3C",0.220918905191904,0.201855615389265,0.14,0.089,1
"SEC24D",0.22095449994412,0.212376556299589,0.082,0.074,1
"ENSG00000289005",0.221256060319689,1.6206258216111,0.02,0.01,1
"PMPCB",0.221276083090238,0.298430971352439,0.282,0.201,1
"LCORL",0.221315572604007,-0.105993045970871,0.191,0.152,1
"AHCY",0.221361194574411,-0.176616208161627,0.089,0.099,1
"CDK5RAP3",0.221428360707898,0.150786736326848,0.257,0.194,1
"ST6GALNAC4",0.221601019262038,-0.257848234781139,0.144,0.152,1
"ENTPD1-AS1",0.221778651442832,0.631924382551831,0.062,0.04,1
"ING2",0.221928744765144,-1.07970580977624,0.051,0.069,1
"KYAT1",0.222101220897697,-1.8556885616892,0.004,0.013,1
"CCDC28A",0.222289095917162,-0.53344946012733,0.175,0.193,1
"MED28",0.22229575957826,0.255846757861057,0.273,0.199,1
"MORC4",0.222303611289842,-1.03006370031366,0.016,0.03,1
"PDE9A",0.222319032282375,-0.894872982161901,0.018,0.028,1
"LINC02067",0.222453784296093,-0.682503964317791,0.009,0.016,1
"BTG2-DT",0.222508818925434,2.17956177226052,0.016,0.005,1
"GTF3A",0.222547960158725,0.266002659386917,0.304,0.232,1
"ISY1",0.222682516773274,0.165415996479495,0.213,0.157,1
"PRRC2B",0.22276489875209,0.324225822920946,0.33,0.255,1
"PHF20",0.222839064156571,0.209536640100386,0.543,0.484,1
"WDR35",0.222898645805926,-0.543794050520133,0.047,0.056,1
"ENSG00000260510",0.222940890253895,2.42408982882964,0.013,0.003,1
"ZSWIM8",0.223157048886316,0.543914753115962,0.08,0.046,1
"NDRG3",0.223170861878494,1.16661218277802,0.027,0.012,1
"GLUD1",0.223237832366808,0.388480033232969,0.217,0.17,1
"ENSG00000274213",0.22326615498377,-0.342197257146843,0.018,0.016,1
"FXYD7",0.223342936575235,0.976118178133864,0.031,0.015,1
"SPEN",0.223426630149442,0.194765752572654,0.377,0.297,1
"LINC00324",0.223462789567891,0.412424701572074,0.047,0.023,1
"PRKAG2-AS1",0.223528904076403,-1.39481858614884,0.004,0.012,1
"EIF2S1",0.223589862200599,-0.239711754865951,0.224,0.217,1
"ELP2",0.223640152741583,-0.360117099091581,0.195,0.201,1
"PPP1R7",0.223763687888658,-0.378595954927233,0.084,0.096,1
"ENSG00000289055",0.224038470778053,1.36974703549341,0.038,0.016,1
"FNIP1",0.224150049593489,-0.343186895054443,0.377,0.382,1
"SHLD2",0.224184710828488,-0.465384700867208,0.129,0.14,1
"CCT4",0.224214125185853,0.197619089182614,0.51,0.409,1
"CLNS1A",0.224240833224541,0.361460308035059,0.151,0.107,1
"ANKS3",0.224265687280504,1.20418781436756,0.031,0.013,1
"NIF3L1",0.224410220093392,-1.08029969449736,0.02,0.031,1
"TMEM161B",0.224721572266193,-0.455936007767461,0.082,0.087,1
"ENSG00000289155",0.224728787298618,-0.690826206497722,0.02,0.031,1
"IRAK3",0.224900969413115,1.06525848670059,0.024,0.012,1
"HERC3",0.224944263497137,0.359835799051165,0.115,0.072,1
"ITCH",0.22504889583142,-0.181684841829461,0.322,0.301,1
"NNT-AS1",0.225188381509732,-2.13256382647646,0.004,0.013,1
"ENSG00000289340",0.225306636727205,-0.383806477842056,0.084,0.11,1
"NCR3",0.225368501276771,0.505672608852842,0.095,0.063,1
"ATP5PF",0.225676461707626,0.347773083504979,0.259,0.18,1
"PAXX",0.225814662474911,0.215416769757444,0.226,0.175,1
"TNFSF8",0.225840240756905,1.78887107159246,0.022,0.008,1
"ABCF2",0.225884095868995,0.372011489884923,0.137,0.084,1
"FRMD6",0.225968962315501,-1.30938876871139,0.007,0.016,1
"HPF1",0.226219511436828,0.690179335588203,0.053,0.026,1
"RPS6KA5",0.226224869010532,0.234630861075001,0.235,0.173,1
"TBC1D2B",0.226637545394853,0.810794331580014,0.04,0.018,1
"PVT1",0.226810700586892,-0.12838055809463,0.053,0.033,1
"COX10",0.227128241569058,-0.480537820902376,0.051,0.063,1
"LSM12",0.227135793791996,0.383274599755081,0.202,0.138,1
"C17orf97",0.227219221561308,-0.780782282632998,0.009,0.015,1
"LYAR",0.227252168466578,0.426102189110722,0.075,0.04,1
"MMP7",0.22729995803839,1.27693769652345,0.042,0.02,1
"PARP15",0.227399847910916,0.256145324187517,0.373,0.293,1
"SMAD4",0.227568849760593,-0.183889431469902,0.259,0.265,1
"NKAP",0.227714139247271,-0.386730005900878,0.12,0.137,1
"ZNF234",0.227722979680518,-1.41398047046007,0.011,0.021,1
"PSMD14-DT",0.227989049060496,0.974490866358835,0.051,0.025,1
"PI4KB",0.228019468208838,0.159965010028278,0.151,0.105,1
"ZNF337",0.22807502254265,-0.42673235129983,0.018,0.025,1
"CRIPT",0.228081329022673,0.606708348785888,0.131,0.081,1
"MYADM-AS1",0.228355249635985,-1.71658382508249,0.007,0.018,1
"RETREG2",0.228395698811962,0.437965268008739,0.098,0.077,1
"SUSD3",0.228414064974991,0.702184529285289,0.069,0.038,1
"STXBP5",0.228467971176877,0.992010599914955,0.049,0.025,1
"SECISBP2",0.228550564498116,0.131992112341823,0.29,0.25,1
"TMUB1",0.228831491381735,0.133564887088807,0.242,0.183,1
"CMTM6",0.228897385496169,0.147812108840492,0.721,0.662,1
"SUFU",0.229273150183278,-0.211722394348082,0.024,0.031,1
"DNAJB2",0.229277675784945,-0.212698525767909,0.193,0.194,1
"IPO5",0.229765961132355,0.501903194584034,0.204,0.137,1
"YBEY",0.229787310512341,0.684333629279243,0.075,0.038,1
"LIN52",0.22993541406605,-0.652125170414227,0.04,0.051,1
"CNPPD1",0.229982397103968,-0.121118730042406,0.439,0.404,1
"MFSD13A",0.230036377018194,1.720068103054,0.011,0.002,1
"PIK3C3",0.230095155192447,-0.306471924618058,0.146,0.15,1
"SNAPC3",0.230278471884291,0.300873254137461,0.033,0.031,1
"GADD45GIP1",0.230421383994408,0.38573151709494,0.306,0.226,1
"INPP5A",0.230515330040007,0.368281437315131,0.401,0.329,1
"ENSG00000285744",0.230542032389121,-0.546139694905011,0.035,0.044,1
"FN3KRP",0.230626528196969,0.647910065848524,0.051,0.026,1
"MBTD1",0.230690022296913,0.273625214247657,0.151,0.107,1
"RMI1",0.230837607879007,-0.444669311165479,0.02,0.036,1
"PPTC7",0.231047217493744,-0.163907670889512,0.333,0.336,1
"IL18BP",0.231089805623971,1.87358305264289,0.02,0.005,1
"MYL5",0.231197002760723,0.64025650438075,0.047,0.025,1
"NIPSNAP2",0.231230304839824,0.272725915396341,0.1,0.061,1
"MAD2L2",0.231466829602125,0.399128447717882,0.08,0.051,1
"SNRPD3",0.231551159677192,-0.191578850274609,0.253,0.236,1
"TP53INP2",0.231633262761371,0.346046782148287,0.157,0.105,1
"WBP1L",0.23166642481205,-0.99635719230168,0.029,0.038,1
"NPEPL1",0.231751510305695,0.755444749696879,0.027,0.012,1
"UBE2V2",0.231921367983269,-0.45811616610296,0.104,0.115,1
"ORMDL3",0.232119937866544,-0.32596540992659,0.075,0.086,1
"NEPRO",0.232401752063701,0.413924225227008,0.211,0.14,1
"YY1AP1",0.232423327545169,-0.104667516383574,0.299,0.297,1
"ARHGAP5",0.232443973989717,0.183530904833459,0.126,0.084,1
"TBC1D22B",0.232572474370636,0.602959003381204,0.08,0.049,1
"BTN3A3",0.233143613972799,0.265876193044214,0.075,0.049,1
"POLL",0.23327711687041,1.29480910035839,0.024,0.01,1
"TNS2-AS1",0.233291732779507,-0.409958523164935,0.042,0.041,1
"RPS27L",0.233400968092508,-0.340956318512679,0.131,0.145,1
"ENSG00000289474",0.233457984378286,-0.221602448831566,0.226,0.232,1
"ZBTB39",0.233631999119126,1.12388278791396,0.027,0.012,1
"OSBPL8",0.233699860375329,-0.12675528152521,0.539,0.53,1
"KIFAP3",0.233813108207729,-0.782401991427067,0.073,0.086,1
"MEIOC",0.233926221650831,1.78859099308522,0.018,0.003,1
"GNPTG",0.233929675058681,0.422612130311645,0.106,0.066,1
"TIAM1",0.233960161025273,1.46631619648916,0.031,0.012,1
"ACAD9",0.234124402102572,0.649867307114149,0.047,0.023,1
"ACYP1",0.234726639768729,1.05780170334809,0.031,0.012,1
"PPM1D",0.23478586322458,-0.30682728998066,0.22,0.224,1
"DNAJC18",0.234793354885625,0.249295113540181,0.08,0.071,1
"DELE1",0.234890491551832,-0.337289395419762,0.122,0.112,1
"NOL4L",0.234893979285794,-1.18724501877413,0.007,0.02,1
"EPS8",0.234901555305408,0.628671099629065,0.055,0.03,1
"C17orf80",0.234981877090874,0.486774851821607,0.049,0.023,1
"ZNF460",0.23505908433293,-0.349310595018927,0.131,0.133,1
"ADIPOR2",0.235097760122165,0.151795686837896,0.195,0.138,1
"PAX5",0.235456365087762,-0.198340709630344,0.337,0.348,1
"PPP1R35",0.235661077524315,0.355924309252354,0.191,0.135,1
"PTPN7",0.236058381070499,0.29936182327856,0.153,0.105,1
"BCL2L1",0.236371671988448,-0.288960744078209,0.044,0.049,1
"IGHV1-69D",0.23673865942518,-0.353910830782481,0.049,0.064,1
"ENSG00000287104",0.236837403712039,1.79464728797128,0.013,0.003,1
"FAAP100",0.236908568441624,1.09235475359062,0.033,0.018,1
"ENSG00000236255",0.236969614482448,-0.743118024877536,0.011,0.015,1
"ENSG00000286652",0.237117850604944,-1.00338743103373,0.018,0.012,1
"FRY",0.237181845069419,-0.523222923047396,0.018,0.03,1
"RAB28",0.237230441015032,0.274372448005003,0.197,0.14,1
"APLF",0.237369963447675,0.572810200725312,0.051,0.023,1
"MTMR2",0.237461125866532,-0.521953939758725,0.042,0.053,1
"CLN8-AS1",0.23757339503908,1.3285433749043,0.029,0.015,1
"DNAJC27-AS1",0.237629675752623,-1.62948691005122,0.009,0.018,1
"LYRM4",0.237656635853147,0.526337915218868,0.129,0.086,1
"PPP2CB",0.237698639251865,-0.315490858923565,0.082,0.092,1
"TP53",0.237947530730468,0.471201522052375,0.111,0.071,1
"ENSG00000272906",0.238079928546956,1.63437589263767,0.018,0.007,1
"GPR18",0.238197420045727,-0.123151530777142,0.322,0.285,1
"EYS",0.238284906518789,0.563548528486034,0.013,0.003,1
"DDHD1",0.238526440028562,0.314876959427263,0.257,0.181,1
"DYRK1B",0.238797191748957,-0.313645408213421,0.115,0.138,1
"FTSJ3",0.238881079374821,0.596510127466294,0.109,0.059,1
"ANXA2R-AS1",0.239060693446945,1.05104322982827,0.024,0.012,1
"RPGR",0.239203248042783,0.53817179808943,0.239,0.183,1
"ISYNA1",0.23927532929241,0.808785631072121,0.035,0.016,1
"PLPP3",0.239745600779254,-0.699328762942983,0.02,0.03,1
"ANAPC16",0.239834469247324,0.189492467199028,0.381,0.339,1
"CDKN1A",0.239900165118196,-0.112554918673621,0.812,0.789,1
"WDR45B",0.239969033269168,-0.300078088973801,0.162,0.17,1
"MTERF2",0.240154286730463,-1.70195643142322,0.002,0.01,1
"BNIP3",0.240195702213248,0.560987331013186,0.086,0.053,1
"RAP2A",0.240288217075694,0.102820241148824,0.075,0.054,1
"SARNP",0.240366520900084,-0.223154182597984,0.293,0.277,1
"RASGRP3",0.240511145496949,0.291383810258245,0.253,0.191,1
"IRAG2",0.240513912469109,0.503351438987273,0.284,0.216,1
"DCAF13",0.240600243312194,0.289518705310886,0.224,0.176,1
"TRPM2",0.240745855582388,0.99189851396912,0.013,0.005,1
"APOL6",0.240805363136781,1.10467336884554,0.053,0.023,1
"ENSG00000236449",0.241025590368576,0.533906667799828,0.078,0.044,1
"IGLV3-19",0.241086909962099,-0.980504038048717,0.02,0.036,1
"RPAP1",0.241370633641662,0.842993573709597,0.031,0.016,1
"AP2B1",0.241378979672977,-0.245934177346208,0.137,0.124,1
"ZNFX1",0.241440860768281,0.270589708142096,0.333,0.26,1
"COX16",0.241473112940553,0.135336948851894,0.322,0.247,1
"HELB",0.241596335086938,0.121161907493718,0.106,0.102,1
"ARFIP1",0.241630259684253,0.612859202954284,0.093,0.054,1
"DMXL1",0.241774789586484,0.121174867698785,0.302,0.273,1
"PARPBP",0.241886154710326,-0.800970415160362,0.004,0.01,1
"PSMD8",0.242087400278072,0.130140980981812,0.435,0.338,1
"PMS2",0.242115697469999,-0.670425315479138,0.016,0.025,1
"C5orf22",0.242161602252404,-0.490380837298352,0.064,0.074,1
"NOP56",0.2422205527158,0.308544905408268,0.326,0.27,1
"SPAG1",0.242376826447445,0.50803059518129,0.126,0.081,1
"WDR86-AS1",0.24238623937999,2.78316834822826,0.013,0.002,1
"NDUFAB1",0.242502612766593,0.298509623387864,0.244,0.173,1
"TENM4",0.242545909588077,1.7464368742452,0.016,0.003,1
"ELK3",0.242571790448406,0.420043986573176,0.166,0.112,1
"DPF2",0.242648783891069,-0.182157552324455,0.169,0.157,1
"PSD4",0.242719836184505,-0.430617214058942,0.051,0.063,1
"MSRA",0.242796224248221,-0.326651027121288,0.044,0.056,1
"SYTL1",0.242812669738224,0.252438040382762,0.242,0.181,1
"EVL",0.242974921411365,0.154896060901032,0.377,0.301,1
"COQ8B",0.24311323625512,-0.612717204736605,0.02,0.035,1
"STT3A",0.243297767472174,0.560008565913262,0.1,0.058,1
"COA3",0.243472170587401,-0.739961291552461,0.051,0.063,1
"ARL5A",0.243517832623323,-0.231732144405666,0.202,0.204,1
"GAB3",0.243544699910682,-0.591799174715598,0.009,0.02,1
"KHNYN",0.243708282026964,0.270346639568371,0.124,0.107,1
"FASTK",0.243790930717102,0.471320375450184,0.126,0.079,1
"PDS5B",0.243878999978546,-0.175671961280778,0.184,0.161,1
"CASP1",0.244009475649693,1.09485736555848,0.035,0.015,1
"ENSG00000290832",0.244042177325407,0.542296406254294,0.08,0.046,1
"ENSG00000226824",0.244223093534313,0.587640198349885,0.104,0.064,1
"MALAT1",0.244342931180202,-0.108100617662219,1,1,1
"THAP6",0.244508434835571,0.881331553279161,0.055,0.028,1
"ZNF281",0.244518907304885,0.53002664646855,0.137,0.097,1
"PLIN3",0.244559705645969,-0.456715927381157,0.075,0.069,1
"RPP21",0.244687728811434,0.275720570557361,0.392,0.325,1
"PPIEL",0.244735567197148,1.21193022074414,0.016,0.005,1
"SYNJ2BP",0.245092773612229,0.600688273699005,0.047,0.028,1
"ULBP2",0.245172683140295,-0.465949612576024,0.029,0.043,1
"CDS2",0.245265748950304,-0.128449123263375,0.237,0.211,1
"VASP",0.24534862264587,0.293923773891868,0.419,0.349,1
"ARHGEF7",0.245648399743082,-0.161553504152148,0.29,0.254,1
"TMEM258",0.245822441474435,-0.213377666497691,0.379,0.359,1
"AP2M1",0.246149138915585,0.487412614599732,0.18,0.114,1
"ZNF385A",0.246198999954685,-0.916195530793138,0.033,0.044,1
"LYSMD3",0.246260275265998,-0.376233181144466,0.153,0.155,1
"TNS3",0.24628445070878,-0.297172017812983,0.073,0.059,1
"SNAPC1",0.246385031330813,-0.595040497298806,0.102,0.119,1
"ENSG00000289312",0.246412685212033,-1.98736355843265,0.007,0.016,1
"ANKRD50",0.246468695863187,0.55721264665301,0.031,0.015,1
"CCDC117",0.246587137277242,-0.175961421574462,0.106,0.119,1
"HSH2D",0.246762163879883,0.113367982729784,0.326,0.255,1
"REV1",0.246875240517266,-0.24785330478994,0.177,0.17,1
"ATP5PO",0.246991589249054,0.175997884319031,0.437,0.386,1
"ALKBH6",0.247279740458677,0.418151300332017,0.069,0.04,1
"AP1G2",0.247472789219094,0.247793929062419,0.175,0.125,1
"UBAC2",0.247558200753013,-0.195855827219041,0.344,0.357,1
"NEDD8",0.24765579693178,0.131612578532669,0.188,0.14,1
"ARMCX3",0.247916013412716,-0.176685569895943,0.253,0.265,1
"DARS2",0.24802999972758,0.86123299667667,0.033,0.018,1
"VTI1A",0.248238717353041,-0.275006841056314,0.195,0.204,1
"ENSG00000288730",0.248367646032949,1.0104719771501,0.031,0.018,1
"EBLN2",0.24839211865673,2.98422861604927,0.013,0.002,1
"CCT8",0.248477491023405,0.132734632310514,0.346,0.264,1
"LINC01128",0.248623271338985,-0.158761655778272,0.071,0.079,1
"TUBA1B-AS1",0.248696097989109,-0.286922442972438,0.111,0.104,1
"LYPLA2",0.24889711387767,0.131608983562531,0.153,0.11,1
"RPE",0.248924804053962,-0.909365552322425,0.04,0.059,1
"ERCC8",0.249162636968119,-0.956741876960224,0.024,0.038,1
"LINC00158",0.249292535964934,2.78847156656314,0.011,0.002,1
"CNIH1",0.249367752154462,-0.198515858123734,0.268,0.262,1
"MANBA",0.249712575818795,0.234042870440584,0.641,0.542,1
"LAMB1",0.249898025044212,2.30010842042823,0.011,0.002,1
"SLC25A44",0.249907585955641,0.978639976431825,0.069,0.035,1
"LINC00662",0.24995646616713,0.680476379181632,0.069,0.035,1
"CCNT1",0.250123929473446,-0.483012050223977,0.253,0.277,1
"VAMP4",0.250239942310607,0.312799259030507,0.08,0.048,1
"DYNLT3",0.250281709909036,-0.271378330940851,0.144,0.135,1
"RGPD6",0.250405476317306,-1.88526166697447,0.002,0.01,1
"CHMP1A",0.250801791085225,-0.146842370835141,0.16,0.143,1
"MFSD4B",0.25103094169645,-0.393424183957102,0.086,0.091,1
"APOLD1",0.251041295064982,-0.231013412895797,0.049,0.066,1
"PUS3",0.251076427057574,-0.701731131747807,0.031,0.031,1
"SNX2",0.251170755551163,-0.180929437487497,0.723,0.717,1
"CHMP6",0.251359229950539,0.79007054076668,0.055,0.026,1
"ENOX2",0.251365491204828,0.321897312298861,0.051,0.031,1
"ENSG00000290192",0.251588175833119,0.262651264091511,0.197,0.137,1
"MTMR1",0.251737307983518,-0.177172478861343,0.206,0.208,1
"DUT",0.251842266003047,0.472086352996235,0.133,0.086,1
"LDAH",0.251897709937681,0.557794969229982,0.044,0.021,1
"COL19A1",0.251917616181143,-0.219831370266336,0.381,0.397,1
"MED9",0.251930459226286,-0.645208076689408,0.044,0.059,1
"MGRN1",0.251997858065512,-0.34272959319313,0.173,0.168,1
"NECAP1",0.25212548052463,-0.356082935338747,0.193,0.198,1
"MSI2",0.252154892349139,-0.140709711868996,0.31,0.269,1
"MRPL41",0.252161640564223,0.288679102439604,0.18,0.15,1
"CNPY2-AS1",0.252162397430579,-1.34053338640131,0.013,0.023,1
"BBS7",0.252196767916526,0.78318288746676,0.031,0.016,1
"SGTB",0.252212646588569,0.287225700563129,0.102,0.069,1
"COPS6",0.252623415464701,-0.117788589521054,0.137,0.114,1
"NLRC3",0.252667036438367,0.956409076351067,0.04,0.02,1
"RBX1",0.252699209878223,0.111533715474487,0.459,0.362,1
"ZNF33A",0.252956584035456,-0.35428423469071,0.175,0.185,1
"ZNF892",0.25297108843769,-1.10398976102267,0.004,0.013,1
"GRAMD2B",0.253224320077298,0.81126045509159,0.031,0.015,1
"CBFA2T3",0.253240700473704,0.807262961340047,0.122,0.072,1
"GNG8",0.253321407805344,0.499079662930463,0.071,0.051,1
"PTBP2",0.253488026644912,-0.232249293705109,0.259,0.272,1
"KCNQ5",0.253676962953616,-0.331117510641496,0.118,0.129,1
"ZNF184",0.253718388630225,-0.239297607844162,0.053,0.053,1
"JUP",0.25414770230928,0.299625540797575,0.386,0.293,1
"ENSG00000290453",0.254258845103613,0.759839391067646,0.024,0.01,1
"MED16",0.254386887947832,-0.49207783554249,0.073,0.089,1
"ENSG00000287378",0.254600663198647,-0.483164391384824,0.047,0.048,1
"PTTG1",0.254656446787177,0.44874686921849,0.155,0.109,1
"NMNAT3",0.254807078861689,2.72128476948643,0.016,0.003,1
"ARID1B",0.254885333963889,0.109002652423961,0.49,0.404,1
"ATP10D",0.254916849434406,-0.498714256023512,0.104,0.122,1
"TMED10",0.254933367107422,-0.213926365900477,0.39,0.376,1
"LIX1L-AS1",0.25498613519952,-0.800045524645018,0.022,0.038,1
"PDK1-AS1",0.255030859141071,0.640078969774706,0.069,0.046,1
"TBL2",0.25505049622493,-0.941547346266733,0.02,0.03,1
"ENSG00000257277",0.255223210395738,-1.00573422502052,0.013,0.023,1
"MRPS25",0.255335525868748,-0.22147808522275,0.122,0.137,1
"FUCA2",0.255394733572916,-0.856995797943444,0.004,0.012,1
"RICTOR",0.255483371290449,-0.260886430702671,0.308,0.326,1
"HPS3",0.255519533443289,0.268231073845272,0.031,0.03,1
"ENSG00000258760",0.255679466929401,2.32565538236856,0.011,0.002,1
"CDK7",0.255738028524256,0.564219592132805,0.129,0.086,1
"ZMPSTE24-DT",0.255893047677561,-1.92125587363789,0.004,0.015,1
"NCBP3",0.256022601244189,-0.255555343700482,0.149,0.16,1
"SUZ12",0.256210175704427,-0.121353321135826,0.228,0.198,1
"OLMALINC",0.256646217492915,1.633084342762,0.016,0.005,1
"ECHS1",0.256672696261427,1.09844372485685,0.044,0.02,1
"SMG9",0.256682475941782,-0.981784380684318,0.033,0.048,1
"CKAP2",0.256690824669452,-0.306452967218678,0.217,0.217,1
"RAB29",0.256700975831254,-0.238725676759135,0.266,0.269,1
"SEC61A1",0.256742413201365,0.127475248425098,0.129,0.092,1
"SPRYD4",0.256818040074748,1.08730476767329,0.024,0.012,1
"CDCA4",0.256953353865587,-0.444004514121391,0.086,0.087,1
"DR1",0.257040159705309,0.208569243606115,0.317,0.237,1
"CUL7",0.257062182111475,1.11189926793592,0.02,0.008,1
"NSMCE4A",0.257128494743706,-0.304539885237537,0.086,0.072,1
"VPS28",0.257203571447901,0.139173670100725,0.268,0.222,1
"ZNF8-DT",0.257349257324521,1.05258765155538,0.024,0.01,1
"TIMM8A",0.257442300477917,0.928409096469385,0.033,0.013,1
"ENSG00000267058",0.25778209551043,-0.296497034990283,0.009,0.018,1
"LATS1",0.257846077208884,-0.247271223222359,0.182,0.185,1
"MAPK6",0.257902850394399,-0.213237567455715,0.22,0.203,1
"VRK2",0.25802409766994,0.254681408763956,0.195,0.143,1
"GALNT11",0.258049952299671,0.397178764487761,0.1,0.066,1
"ELOVL5",0.258053329254035,0.150250177191966,0.674,0.608,1
"PPP1CC",0.258125512319971,0.23649311713703,0.361,0.31,1
"KANSL2",0.258127948329538,-0.242827093620414,0.233,0.249,1
"IFNGR1",0.258172517240948,0.13407283362879,0.39,0.298,1
"SNHG15",0.258234434617326,0.124602556953165,0.634,0.537,1
"MCMBP",0.258349185817229,0.269449243196343,0.18,0.132,1
"ATF3",0.258369834469528,-0.314399127476274,0.173,0.18,1
"USP10",0.258439226389104,-0.193387619801481,0.322,0.318,1
"KRIT1",0.258724867140466,0.63844595442537,0.113,0.069,1
"CNNM3",0.258797334522996,0.387712156479692,0.042,0.03,1
"TSC22D1",0.25905457392814,0.31634712693683,0.075,0.061,1
"ZNNT1",0.259065176091273,2.28779825708126,0.011,0.002,1
"NCOA7",0.259072504946043,0.396734653978313,0.06,0.056,1
"ACSL4",0.259157376859218,0.395707724798098,0.091,0.054,1
"SEPTIN7-DT",0.259200009795724,0.634349483742896,0.013,0.005,1
"VAV3",0.259377961688174,-0.460417109341747,0.228,0.25,1
"FLAD1",0.259563671449365,-0.374540843599181,0.06,0.068,1
"ENSG00000288528",0.259566587812604,0.641107404106394,0.131,0.081,1
"TAOK1",0.259597693467035,0.291212298133801,0.188,0.153,1
"NSUN5P2",0.25962672208254,0.878888880575051,0.031,0.015,1
"ENSG00000288833",0.259664064045189,0.78718698951458,0.027,0.012,1
"SLC2A8",0.259669979273279,1.19183144201969,0.031,0.015,1
"RILPL2",0.259977699764146,0.276751324033943,0.543,0.437,1
"IGHV4-31",0.259990774637154,1.00254589195023,0.047,0.026,1
"GLIDR",0.260136471671931,0.930916064938616,0.027,0.01,1
"PITPNM1",0.260241385714016,-0.107509999372391,0.031,0.036,1
"INPP5B",0.260440296279133,0.355656435967948,0.049,0.028,1
"MFN1",0.260450390077182,0.535851476871473,0.135,0.087,1
"PRDX6-AS1",0.260728800402619,0.260475225398971,0.033,0.016,1
"PSMA7",0.261084158014009,0.153252357906057,0.497,0.402,1
"C17orf107",0.261226961103309,0.651201491074127,0.06,0.026,1
"ZNF581",0.261388131676669,-0.373422034789488,0.186,0.189,1
"ZFP90",0.261432900456217,0.117479710195675,0.035,0.04,1
"ZEB2",0.261445190916095,0.257354158768514,0.517,0.427,1
"LINC01278",0.261515794728315,0.99807846337581,0.055,0.033,1
"FAM161B",0.26162559866429,-1.44700602180476,0.009,0.021,1
"MRPS16",0.261657874941032,0.402297293247109,0.12,0.074,1
"PUS10",0.261884243723277,-0.456056639921669,0.091,0.087,1
"TOMM20",0.262047876161593,0.114104875047943,0.614,0.521,1
"CRCP",0.262173795688625,-0.352861942985449,0.191,0.196,1
"MED29",0.262348707513939,-0.481005490412522,0.075,0.077,1
"WWC3",0.262358463405067,0.406985343309982,0.093,0.058,1
"PSME2",0.262363122196218,0.317896453441011,0.432,0.333,1
"C10orf143",0.262628442203742,-1.29352423141624,0.009,0.018,1
"RMI2",0.262638245124073,-0.388633574076204,0.027,0.031,1
"TXN2",0.262832809316543,0.104263289667917,0.109,0.077,1
"MPHOSPH10",0.262877369986153,-0.269425069542065,0.166,0.173,1
"POLR1F",0.262950555147393,0.35227977158471,0.224,0.173,1
"GPSM1",0.26299107656432,-0.348853819815412,0.018,0.026,1
"TGS1",0.263037879472099,0.278248531553571,0.235,0.188,1
"ENSG00000291067",0.263042025059964,-0.537758348964829,0.162,0.181,1
"ENSG00000219410",0.263451959580597,0.978911865699249,0.038,0.016,1
"ZNF232-AS1",0.263684250770225,0.784448322738157,0.038,0.02,1
"PEG10",0.263737544166312,-0.184048710050595,0.035,0.041,1
"CLEC2D",0.263763662627161,-0.209369130239955,0.545,0.534,1
"PLSCR3",0.263800583393121,-0.428693641919819,0.067,0.077,1
"CD2AP-DT",0.263860189363001,0.612771997589766,0.02,0.007,1
"RNPC3",0.26394779848901,-0.240417648611021,0.122,0.135,1
"ASCC3",0.263959066547604,-0.430667941495803,0.137,0.147,1
"CSRNP1",0.263964597789106,-0.157304436035791,0.707,0.672,1
"RABEP1",0.263992257583332,-0.187919176963243,0.428,0.445,1
"PIGK",0.264015692245608,-0.310996861775559,0.135,0.147,1
"WDR25",0.264063053213257,-1.0209942403812,0.016,0.025,1
"SNX32",0.264711915593594,2.06147834266577,0.011,0.003,1
"LRRFIP2",0.264728664867858,-0.370024788533443,0.157,0.16,1
"PHIP",0.264971425658295,0.169927634924388,0.457,0.402,1
"NANOS1",0.265022979631238,2.33534568212032,0.02,0.008,1
"TFIP11",0.265166457888246,0.271032358915545,0.259,0.193,1
"NDUFA13",0.265265829698384,0.13441176422177,0.528,0.43,1
"GOLGA7",0.265719831268371,-0.366797745034284,0.135,0.153,1
"ZNF71",0.265943854315424,-1.11328799697549,0.013,0.018,1
"MRPL9",0.266046574481298,-0.474394835008006,0.106,0.105,1
"CRIP1",0.266244526500806,0.252360339749606,0.82,0.802,1
"BEX2",0.266277663538735,-0.188328169415989,0.093,0.082,1
"AKAP9",0.26634634488153,-0.155082473504443,0.322,0.329,1
"MED25",0.266501194590691,0.139972149355382,0.1,0.069,1
"PGD",0.266702538208786,0.43876118394922,0.122,0.086,1
"SLC49A4",0.267048209588725,-0.254150262285605,0.315,0.326,1
"RIPK2",0.267060756989676,0.350936732203472,0.273,0.198,1
"PPP1R3D",0.267219370450692,1.58596437802205,0.016,0.005,1
"CHCHD7",0.267268067247816,0.436494186065111,0.173,0.114,1
"SFMBT1",0.267355460988706,-0.476419669718119,0.122,0.122,1
"NPM3",0.267719087639828,1.68613945486374,0.013,0.005,1
"PHLPP1",0.267737950552201,0.389480184467353,0.233,0.181,1
"CRLF1",0.268056276313231,-0.559440442877661,0.011,0.02,1
"SEC23A",0.268187167920173,-0.19646927437109,0.086,0.066,1
"MPV17L2",0.268335821496873,1.07490414697001,0.029,0.012,1
"EXOC1",0.268441589429574,-0.514003590653884,0.064,0.076,1
"KLRK1",0.268559404410393,-0.663742231194453,0.042,0.048,1
"THUMPD3-AS1",0.268583829119128,-0.290550904687093,0.233,0.239,1
"TAF13",0.268664170894769,-0.372166779642857,0.1,0.102,1
"STARD7",0.268727916053336,0.318200360591283,0.286,0.219,1
"MX2",0.268734623601367,0.371804491527085,0.131,0.086,1
"PLAGL1",0.268736141940579,-0.39692412523284,0.113,0.119,1
"ENSG00000287124",0.268742015541664,0.362696190838116,0.069,0.041,1
"CHRNB1",0.268766260047414,0.955998895849305,0.027,0.012,1
"KMT2B",0.268906893804309,0.381382511132557,0.091,0.069,1
"ENSG00000260257",0.268970972718414,-1.40788257437302,0.002,0.01,1
"RABGGTA",0.269246239865588,0.799974075744256,0.078,0.04,1
"LINC00426",0.26939124151814,-0.448202074713404,0.049,0.043,1
"DCAF6",0.269654114683885,0.375095481720883,0.208,0.148,1
"UTP20",0.269712310485043,-0.405460060620022,0.062,0.071,1
"SLCO4A1",0.269752309189077,0.242471661285477,0.228,0.161,1
"PFDN1",0.269752907805224,-0.182001082523336,0.146,0.147,1
"PCYT1A",0.269803263372532,0.892760015434895,0.058,0.025,1
"TRIP10",0.269868720758925,-0.409023304564609,0.082,0.096,1
"PATL1",0.269876918416683,-0.260984920937117,0.302,0.305,1
"ELOF1",0.269926498838065,0.272149565609403,0.184,0.125,1
"ENSG00000290020",0.269986531544254,-0.21084785830439,0.12,0.104,1
"BCKDK",0.270066540577902,-0.776466917859251,0.031,0.04,1
"BABAM1",0.270068925337835,0.572594842014478,0.137,0.089,1
"ZNF674-AS1",0.270388011685034,-1.40914117136526,0.007,0.015,1
"ZNF684",0.270770648976237,0.575643272211442,0.033,0.023,1
"PSEN1",0.270831229625346,-0.112093377930422,0.297,0.297,1
"GET4",0.271097714067326,-0.329419030755156,0.157,0.165,1
"ZNF513",0.271181401173934,0.836789501712325,0.044,0.023,1
"FBXO41",0.271268726178379,1.26967477264883,0.016,0.005,1
"RORA-AS1",0.271292247458443,0.724849585616015,0.033,0.018,1
"FAM43A",0.271452502610923,-0.130339897784226,0.067,0.046,1
"S1PR1-DT",0.271718987111434,0.782863226182174,0.022,0.008,1
"CTIF",0.271796030170051,-0.165028182490015,0.011,0.016,1
"SURF1",0.272049620880059,0.553763073974519,0.113,0.081,1
"CDC16",0.272074526912711,-0.247172541948115,0.071,0.077,1
"FAM91A1",0.272192354281645,-0.428325612623737,0.166,0.176,1
"EIF2B1",0.272246724091053,0.38186136589121,0.113,0.086,1
"NSD1",0.272558230324943,-0.244779455129156,0.18,0.166,1
"NME4",0.272645787466659,0.51538100102886,0.142,0.094,1
"PDE12",0.272766081047512,-0.246736373097635,0.113,0.117,1
"CARF",0.272884102409612,0.662338987909384,0.038,0.018,1
"DAXX",0.272913745626856,0.393983718541128,0.204,0.143,1
"VPS35",0.272924827761234,0.336165937135638,0.215,0.165,1
"ENSG00000251143",0.273052093639826,-0.315244251003321,0.022,0.015,1
"ARPC4",0.273190227726746,-0.267730701005087,0.293,0.301,1
"SLC39A13-AS1",0.273195139538386,0.829321545844217,0.009,0.015,1
"MTMR10",0.273222480756004,-0.393056784999813,0.135,0.158,1
"LIMD1",0.273527783102277,0.839120787532547,0.062,0.035,1
"KDM2B",0.273590240255559,0.27910327740251,0.377,0.293,1
"TESC",0.273630017334771,0.302479942086835,0.02,0.018,1
"DLL1",0.273900264915056,0.807358937284649,0.024,0.015,1
"ENSG00000288891",0.274005714750505,0.768055065196259,0.04,0.021,1
"COPS8",0.274283764976431,-0.111509751113767,0.255,0.208,1
"UBE2I",0.274511030206065,-0.13388120789945,0.596,0.586,1
"FAM104B",0.274681062112281,-1.05204732507232,0.013,0.025,1
"ABCB1",0.274729706815623,0.465177396669427,0.062,0.04,1
"FAM53B",0.274769629703105,0.461790143184128,0.118,0.079,1
"DYNLT1",0.274770311620603,0.276781273841732,0.157,0.102,1
"FAM216A",0.275227274794641,-0.941141989284441,0.011,0.018,1
"ZNF649",0.275333269732322,-0.545520975541036,0.053,0.069,1
"ZNF81",0.275351563724343,0.884190037127272,0.058,0.03,1
"APPL2",0.275447924819163,-0.262304678671903,0.084,0.097,1
"IGLV3-1",0.275584793746665,-0.901757531091115,0.033,0.025,1
"IRF5",0.275723533056757,-0.289426658523083,0.144,0.148,1
"MIR4458HG",0.275751583261469,1.07871494424043,0.02,0.007,1
"WDR45",0.275848026969135,0.119515410116865,0.137,0.097,1
"CAMTA1",0.276099399053964,-0.29662490169866,0.375,0.382,1
"CCDC61",0.276265446714729,1.7772799566607,0.016,0.003,1
"KDM3A",0.276286784570635,-0.420513268057746,0.173,0.18,1
"ENSG00000257496",0.27645404525991,-1.46311992673827,0.016,0.018,1
"RGPD5",0.27646098248467,1.34669308977709,0.018,0.005,1
"NDUFS8",0.2765093173119,0.308373554528362,0.129,0.086,1
"LACC1",0.276524206534018,0.361495729542891,0.06,0.035,1
"MICB",0.276666710032263,0.107641587076438,0.073,0.053,1
"SIPA1",0.276841902913947,0.348853761589067,0.406,0.306,1
"MED26",0.276859087322096,-0.309333140036328,0.164,0.168,1
"ADCK2",0.27689174601563,0.506722695694816,0.042,0.023,1
"KCNMB4",0.277017819257096,0.790216425660673,0.038,0.021,1
"NUP35",0.277080030229789,0.567913704781811,0.044,0.023,1
"APAF1",0.277216492326516,0.473717663255023,0.069,0.041,1
"KBTBD2",0.277225372800231,-0.254343814115416,0.324,0.346,1
"EXOC7",0.277344735448089,0.407788457814753,0.133,0.086,1
"ENSG00000286458",0.277554402303054,-1.43277260700629,0.009,0.016,1
"ANP32E",0.277593237122096,-0.240577480752835,0.18,0.185,1
"CCDC141",0.277660051073023,-0.966644337080215,0.022,0.036,1
"TBCE",0.277706160343389,0.82725270103581,0.029,0.012,1
"FLVCR1-DT",0.277826175973353,-1.571751584915,0.002,0.01,1
"TOX4",0.277906520573496,0.234339612737232,0.277,0.232,1
"ZBTB18",0.277966613457448,-0.139837260872,0.16,0.137,1
"SNRPC",0.278039492751042,0.341291180411331,0.186,0.125,1
"TLE1-DT",0.278221281723201,1.52156555822707,0.02,0.01,1
"DPY19L3",0.278262895761773,-0.244306037505281,0.04,0.031,1
"NIFK",0.278313248936244,-0.217273739515076,0.253,0.25,1
"TMEM161A",0.278334046560358,0.841923237307006,0.042,0.02,1
"NT5C",0.278472369467677,0.220173295298632,0.228,0.198,1
"ARHGAP30",0.278570175945045,-0.241619142261889,0.144,0.145,1
"LINC01013",0.278620092185228,-0.120864595910426,0.022,0.031,1
"ENSG00000268362",0.278766861505052,1.47334395957873,0.02,0.007,1
"TIPARP",0.278768240468902,-0.105593340096676,0.344,0.331,1
"SATB1-AS1",0.27879152873015,0.521774227407455,0.067,0.054,1
"ENSG00000289526",0.278894971176476,1.27638056478486,0.031,0.02,1
"PNO1",0.278936223363602,-0.237655655147796,0.191,0.198,1
"FASTKD5",0.279084626819318,-0.530453686452362,0.071,0.076,1
"POLR2J2",0.279153690076344,1.30012461602519,0.027,0.012,1
"ENSG00000291174",0.279353641367583,-0.562572582121718,0.033,0.041,1
"TRIM41",0.279590391549572,0.625568414545608,0.038,0.023,1
"SSBP2",0.279933103413969,-0.179191217989163,0.412,0.414,1
"GPD2",0.280078842346009,0.546099694549769,0.113,0.068,1
"ZNF100",0.2804356846788,0.439807811901117,0.149,0.097,1
"TOB1",0.280670089875089,0.233902377939189,0.164,0.115,1
"GINM1",0.280688467234738,-0.392754954145237,0.213,0.219,1
"UBP1",0.280908476339067,0.157522471944822,0.122,0.091,1
"CEBPZOS",0.28106445468201,0.368938657974648,0.069,0.044,1
"ZNF830",0.28111231915012,0.431011334550573,0.18,0.125,1
"IL32",0.281301234814434,1.35678407116169,0.018,0.007,1
"PHF6",0.281416433041903,0.26888150788187,0.071,0.066,1
"DCUN1D4",0.281553998496309,-0.255162067445646,0.067,0.054,1
"ENSG00000255026",0.281637584879416,1.17568802359701,0.013,0.003,1
"EEF1AKMT1",0.281722027397231,1.35252102448,0.016,0.005,1
"SH3BP5",0.281927785229048,0.223169939928235,0.43,0.343,1
"GADD45A",0.282022456653157,-0.196949602703558,0.1,0.107,1
"ELP5",0.282046797204315,-0.258402300019763,0.162,0.176,1
"OR2A1-AS1",0.282313292971178,-2.31749117651376,0.002,0.01,1
"CD6",0.282329661244408,1.11712618534265,0.02,0.01,1
"CPT1B",0.282420442926152,-1.25506745395505,0.009,0.015,1
"ARAP2",0.282491175648987,0.312331429707082,0.226,0.158,1
"CLSTN3",0.282820489883996,1.19963146410883,0.018,0.005,1
"CRLF3",0.282883742335715,-0.191827711437126,0.206,0.213,1
"HAUS2",0.282891382686636,-0.3365624876619,0.122,0.129,1
"TRAPPC12",0.282906779948574,0.276997632503277,0.082,0.056,1
"ENSG00000285999",0.282921116257902,1.19493910085612,0.027,0.01,1
"KDM1A",0.282938114869656,-0.470942298097924,0.058,0.071,1
"TVP23B",0.283155853635441,-0.106655996747006,0.109,0.112,1
"SF3A2",0.283178660661253,0.171478251102733,0.341,0.259,1
"RNF19B",0.283279427598244,0.26262444102583,0.091,0.054,1
"CASP4LP",0.283533900045107,-0.646617051808452,0.024,0.02,1
"MLX",0.283539222161553,0.75159155054239,0.098,0.054,1
"FAM229B",0.283617155072606,1.1633249098615,0.02,0.008,1
"GSTP1",0.283687859491727,0.218963265239988,0.317,0.245,1
"CMC4",0.283821580191342,1.19430526131125,0.024,0.008,1
"ZNF239",0.283834600063992,1.48131336100506,0.011,0.003,1
"ZMIZ2",0.283872998236341,0.171187496181447,0.124,0.107,1
"SH3D19",0.283880783744008,-1.19711816957881,0.027,0.04,1
"C12orf75",0.283952007525331,-0.454589166706752,0.073,0.082,1
"PGK1",0.284112556178623,0.156037863066832,0.455,0.39,1
"ENSG00000287697",0.284325646445827,1.16974317749599,0.031,0.015,1
"PREX1",0.284398180615458,0.222014098221678,0.191,0.145,1
"INSIG2",0.284398181919306,-0.36459277271838,0.137,0.143,1
"FAN1",0.28452748316133,1.09284108901341,0.022,0.008,1
"PRNP",0.284546882571312,-0.100096114731238,0.581,0.575,1
"SASS6",0.284824003839329,0.673372879411385,0.042,0.02,1
"EFCAB14",0.284890291757844,-0.283706178217529,0.16,0.145,1
"ZNF350",0.284934220832254,-0.348412876309301,0.118,0.125,1
"VAPB",0.285098116638676,-0.213321753165,0.126,0.117,1
"ITGAE",0.285173865304982,-0.330153918535675,0.14,0.147,1
"IGHV1-69",0.285259465535607,-1.94648145103811,0.013,0.025,1
"RPF1",0.285424046341285,-0.175938433224396,0.166,0.171,1
"MRPS34",0.285485042801636,0.919587647955934,0.075,0.041,1
"ITPKB-IT1",0.285815783573186,-0.574071589819147,0.024,0.028,1
"CLPB",0.285895287531564,1.00023539160318,0.024,0.012,1
"ZNF398",0.285918119781152,0.755396844557829,0.073,0.046,1
"VIM-AS1",0.285977299695797,0.230977356597486,0.04,0.035,1
"OXLD1",0.286120226751098,-0.930887152106145,0.027,0.041,1
"SERPINH1",0.286176893044811,0.443490138744857,0.016,0.007,1
"UBE2B",0.286281010331816,-0.119286434191562,0.714,0.697,1
"SLC35A2",0.286287841412782,0.16850710113813,0.08,0.053,1
"NRDC",0.286425770660346,0.321617021673137,0.226,0.18,1
"WEE1",0.286569429179731,0.40666727849134,0.137,0.105,1
"MPLKIP",0.286625540522142,0.438193252470714,0.118,0.074,1
"MIGA2",0.286681186691616,0.770937326694622,0.055,0.03,1
"ZNF146",0.28669409485117,-0.180860096071915,0.195,0.181,1
"ENSG00000291215",0.2868877179219,-0.941166657001107,0.013,0.021,1
"IPO13",0.286896888138402,1.67100076919718,0.02,0.007,1
"IGLV1-51",0.286965219614528,0.419311207263709,0.035,0.033,1
"BCL11B",0.287013064084548,1.37472496694896,0.018,0.007,1
"HDAC3",0.287238432437726,-0.270686744581393,0.111,0.1,1
"ZNRD2",0.287246194555596,0.171513032034878,0.266,0.209,1
"SNTB1",0.287326008143359,0.260716977589834,0.078,0.053,1
"EID2B",0.287366853546823,-1.42760415418301,0.004,0.013,1
"DEDD2",0.287368960106854,-0.317819934409096,0.213,0.201,1
"SMG5",0.287390616377909,-0.274288783703295,0.137,0.129,1
"ZNF181",0.287496924413786,1.2413330265461,0.024,0.01,1
"TOMM20L-DT",0.287509410530916,1.51846325751707,0.016,0.005,1
"SUGP1",0.287600102830749,0.700714603152768,0.071,0.036,1
"CD2BP2",0.287621922782293,0.375839408997031,0.188,0.127,1
"SLC48A1",0.287664486279256,-1.13571531582616,0.013,0.018,1
"BAG5",0.287731441789586,-0.306577791506945,0.175,0.189,1
"ENSG00000277855",0.287925914535269,0.197198557402412,0.069,0.066,1
"JPT1",0.287934570119031,-0.200001639515505,0.284,0.29,1
"EFCAB2",0.288006165800924,-0.294977144790423,0.086,0.104,1
"CCDC102A",0.28816608302224,0.957648406022459,0.044,0.023,1
"CDC37",0.288296639186283,0.309783311361779,0.747,0.666,1
"HYAL2",0.288312217216279,1.37750256010418,0.011,0.003,1
"LIN9",0.288403317814495,0.691747957454652,0.018,0.008,1
"PPP2R3C",0.288532918140386,-0.173252049835038,0.18,0.157,1
"RBMS2",0.288729012154717,1.03435799128159,0.024,0.01,1
"SLC25A26",0.288760128065452,-0.276361299773824,0.153,0.158,1
"KIF5B",0.289071884046335,0.264559661507258,0.435,0.344,1
"CARD16",0.289138953186153,0.480089517966531,0.113,0.072,1
"DPY30",0.289336619401408,0.503784746311534,0.084,0.051,1
"LEF1",0.289410118475282,1.20551304744137,0.031,0.018,1
"CCT6A",0.289439481737223,0.272046099468201,0.31,0.222,1
"RFC2",0.289450608595554,-0.271597673741256,0.137,0.135,1
"PABIR3",0.290295248130889,-0.479597256919008,0.044,0.056,1
"RDX",0.290302719349967,-0.602878522142356,0.044,0.061,1
"SAC3D1",0.290645363887042,0.25416994619962,0.031,0.018,1
"TBC1D17",0.290787085346546,0.168261837205417,0.095,0.087,1
"DNAJC3",0.29084920024215,0.300329028115488,0.224,0.173,1
"SAP30L-AS1",0.290937383942607,0.421106392708372,0.038,0.018,1
"DUSP4",0.291058862059874,0.510477072612968,0.173,0.107,1
"GPBP1L1",0.291375158925427,-0.251588150165426,0.288,0.28,1
"TFEB",0.29141417542413,-0.322743694595905,0.137,0.147,1
"NPTN",0.291420180821277,-0.278625574607702,0.122,0.132,1
"CRY1",0.29155462849771,-0.341297349804585,0.151,0.158,1
"REEP4",0.291686070201297,-0.917400618608565,0.024,0.033,1
"ENSG00000274422",0.292016401653684,1.3216457898901,0.018,0.007,1
"AHCTF1",0.292040175428478,-0.252543778104229,0.135,0.142,1
"CRBN",0.292111851089565,-0.338280275539118,0.137,0.145,1
"AGAP4",0.292196920722829,-0.904140646569171,0.011,0.018,1
"CRAMP1",0.292227884344448,0.56037063191469,0.075,0.046,1
"TUBG1",0.29234495463948,-1.32763424036996,0.007,0.012,1
"FMO4",0.29247261257087,1.0227534031628,0.013,0.003,1
"DTD1",0.292580114152429,0.345201341867693,0.062,0.036,1
"UPF2",0.292651100265621,-0.234915098301112,0.319,0.313,1
"EPB41L4A-AS1",0.292909555885319,-0.175456843205518,0.357,0.354,1
"PIK3C2B",0.293001404814471,0.558300714439048,0.071,0.048,1
"CDK5RAP1",0.293020451466828,-0.129286286130411,0.084,0.071,1
"SLC15A4",0.293052373742022,0.459027231941942,0.142,0.086,1
"UTP18",0.293084645308848,0.111077883318198,0.153,0.135,1
"CIAPIN1",0.293160553026951,-0.219475604961663,0.064,0.071,1
"CEP95",0.29318223315476,-0.263114333072788,0.253,0.264,1
"GRAP",0.293218556483967,-0.553382153140219,0.051,0.061,1
"CA11",0.293223800754286,-0.953882953810879,0.013,0.018,1
"ELOVL1",0.293303927954507,-0.211355197968687,0.202,0.206,1
"DEK",0.293369661846888,-0.173760842633607,0.275,0.254,1
"HGH1",0.293380616271212,-0.904499718474012,0.011,0.016,1
"TAF1",0.293434199522578,-0.226416386596892,0.086,0.086,1
"FYTTD1",0.293449468276464,0.111481015053369,0.401,0.32,1
"NUDT14",0.293466852546393,0.750738926129098,0.038,0.018,1
"MCRIP1",0.293562638850558,0.325630021692955,0.144,0.124,1
"CLASP2",0.293658329860996,0.302217459666118,0.279,0.217,1
"CDC42EP4",0.293715595108625,0.836237364149839,0.022,0.012,1
"ENSG00000286546",0.293820575906172,-0.783880799665684,0.031,0.048,1
"CREB3",0.293835498829529,0.465624438847817,0.126,0.081,1
"RBM22",0.294072225742777,-0.147901067798547,0.277,0.249,1
"ALMS1",0.294215897304926,0.610428107202154,0.089,0.061,1
"DSTYK",0.294236774036337,0.910020712582228,0.044,0.023,1
"NDEL1",0.294283116542595,0.166599366023104,0.277,0.237,1
"NELFA",0.294311321236251,-0.430869531925559,0.135,0.135,1
"MBNL2",0.294366582541873,0.174050070694399,0.521,0.428,1
"ZNF724",0.294367747554858,0.78840332105112,0.018,0.016,1
"NFKB1",0.294383231110683,0.242660309774652,0.936,0.904,1
"HPS4",0.294991317600351,0.110508150140335,0.111,0.074,1
"NFKBIA",0.295118953543597,-0.175111687370731,0.967,0.956,1
"KIF18A",0.295350331596383,-0.677747684212636,0.055,0.071,1
"ENSG00000174171",0.295497135687132,0.481725252763169,0.011,0.003,1
"EPOR",0.295606338949182,0.917194923306138,0.038,0.018,1
"PRKRA",0.295642224874891,-0.218569253644943,0.222,0.203,1
"KLHL15",0.295794175877806,0.405834931369502,0.064,0.054,1
"ENSG00000289865",0.295922640755695,1.90198669360901,0.016,0.005,1
"ENSG00000290793",0.295952564613671,-0.970673001655785,0.007,0.013,1
"PRXL2B",0.296127856924275,0.115254663817177,0.031,0.016,1
"OAZ1",0.296135562829268,0.165502010643819,0.874,0.815,1
"CRTC3",0.296143399738206,0.325070559203154,0.153,0.117,1
"ZNF540",0.296355734986444,1.35094449153908,0.027,0.013,1
"RAB33B-AS1",0.296509033496398,-0.293149325926924,0.084,0.074,1
"MBD2",0.296687201862223,0.221439320153834,0.246,0.181,1
"SARS1",0.296763531944109,0.220287493984965,0.246,0.18,1
"JOSD2",0.297019218966386,0.729083592112222,0.033,0.013,1
"PAOX",0.297185472225227,0.590191381303447,0.071,0.04,1
"ANAPC11",0.297261120777256,-0.275248911452971,0.171,0.178,1
"DHX16",0.297263961478969,0.436743873102126,0.08,0.049,1
"PCNX4",0.297554553192312,-0.19425033117493,0.248,0.239,1
"CSGALNACT2",0.29766001519769,0.124149625829771,0.208,0.18,1
"IER3IP1",0.297704254232724,0.448369696428447,0.124,0.091,1
"ANKRD42",0.29780953738578,0.402879437247204,0.053,0.03,1
"DDX55",0.29782745828904,-0.702181797491149,0.031,0.038,1
"THAP7-AS1",0.297828469746435,1.39511175483051,0.011,0.003,1
"MXRA7",0.298291293190162,0.880132342623368,0.064,0.035,1
"GPATCH2L",0.298334692280545,0.268706770398546,0.18,0.125,1
"ENSG00000290989",0.298782090953462,1.14559885748964,0.033,0.018,1
"PTEN",0.298806026803622,0.133331174622915,0.237,0.18,1
"MRPS18A",0.298898996008131,-0.312936589826213,0.144,0.157,1
"RBM15",0.299099743304406,0.355364722090614,0.129,0.087,1
"LIME1",0.299111324372462,1.43900079509397,0.035,0.016,1
"TRAM2",0.299418710749414,1.4249343394533,0.02,0.01,1
"PARL",0.299440708574165,-0.368749153753007,0.115,0.125,1
"DERL1",0.299633571301375,-0.27629994712618,0.284,0.282,1
"ZNF106",0.299772167803397,-0.132795309850183,0.089,0.092,1
"HDGFL3",0.299882230317046,0.291023157821759,0.029,0.015,1
"REX1BD",0.300022889441707,0.15414651576505,0.153,0.109,1
"ZNF260",0.300080040517589,-0.619832451873205,0.04,0.056,1
"EPB41L4A",0.300088860005122,1.46548032468651,0.018,0.005,1
"MFSD11",0.300121019262065,-0.242143694526167,0.204,0.209,1
"ITPKB",0.300236728348725,-0.257525261496226,0.264,0.272,1
"PAK1",0.300339923848312,0.255310637639493,0.439,0.346,1
"PPP1R11",0.300445452654056,-0.189529495952698,0.306,0.283,1
"TTC4",0.300499180878814,0.635599215813313,0.051,0.028,1
"ERICH6-AS1",0.300867860931638,-0.471863344518452,0.033,0.035,1
"USP45",0.301101483891947,-0.665696667027277,0.024,0.033,1
"MRPL51",0.301177236879967,0.381874838638255,0.248,0.18,1
"NKG7",0.301211560258865,0.362714945296385,0.013,0.007,1
"LIMASI",0.301439228882426,0.943461708511565,0.042,0.026,1
"FUT4",0.301525624192544,0.48059086402003,0.02,0.008,1
"RALGPS1",0.301532282743714,0.513872044365684,0.067,0.044,1
"BORCS8",0.301705586302199,0.534635393720442,0.075,0.048,1
"AMN",0.302001565028312,0.951770637617374,0.035,0.023,1
"GDF11",0.302113097751139,-1.1915175648196,0.016,0.028,1
"STX2",0.302123746707901,-0.744052593545366,0.049,0.063,1
"NDUFB4",0.302167751994404,0.249277307111534,0.326,0.241,1
"PDE7A",0.302216100197076,0.213160676909983,0.59,0.493,1
"TP53TG5",0.302408718507981,-1.32672736909029,0.004,0.012,1
"ALKBH2",0.302465857804576,-0.913168136012656,0.022,0.03,1
"NCEH1",0.302786999540917,1.37536756419932,0.018,0.007,1
"ABCD3",0.302945407388775,-0.852849724002538,0.055,0.066,1
"SLC25A51",0.303034212001465,0.437071921546309,0.062,0.035,1
"ZNF567-DT",0.303061032638148,-1.54505441006698,0.004,0.013,1
"APC",0.303233426459984,-0.30437485238132,0.109,0.11,1
"FCHSD2",0.303369526206498,0.123821966199223,0.424,0.354,1
"CEP76",0.303472904099039,0.747743315540647,0.062,0.035,1
"ENSG00000291159",0.303588835168371,0.57965395029696,0.029,0.013,1
"PDZD8",0.303777316190674,0.423796806816258,0.12,0.079,1
"H2AC18",0.30420641634692,0.610857935260655,0.024,0.012,1
"ENSG00000251131",0.304234642437125,-1.17727250671492,0.016,0.025,1
"ZNF445",0.30429312785692,-0.945961013872291,0.016,0.023,1
"GATD3",0.304385087579999,-0.310162193152284,0.157,0.16,1
"ENSG00000288928",0.304606116056641,1.45387408810208,0.018,0.008,1
"ENSG00000267283",0.304722805872,2.68653577174022,0.011,0.002,1
"CAPN10",0.304781713165364,0.733927379840374,0.067,0.035,1
"ORMDL2",0.305140498747278,-0.45347119076796,0.129,0.125,1
"MRPL36",0.305182935221745,0.303534093759993,0.118,0.097,1
"BOP1",0.305283792518234,0.627771906032925,0.06,0.036,1
"MACO1",0.305348200268973,-0.35934797261196,0.215,0.239,1
"USF3",0.305414803628846,-0.325819147246796,0.208,0.217,1
"NBPF9",0.305425960738393,0.710354704772953,0.06,0.035,1
"SLC25A16",0.305527652535867,0.752670619547049,0.071,0.038,1
"GPR65",0.305551990506062,0.422551788265038,0.118,0.069,1
"RGP1",0.30573058959854,-0.271590291509251,0.04,0.048,1
"ENSG00000290099",0.305784757628342,-0.269186651836602,0.009,0.013,1
"IKZF5",0.305822539551405,-0.24982100458759,0.206,0.193,1
"MAML3",0.305900927946791,-0.190760106270617,0.055,0.061,1
"TMEM245",0.305917283105477,-0.592419453774026,0.044,0.049,1
"PACS2",0.306015464184252,1.13204510458925,0.042,0.023,1
"MYO15B",0.306019401724163,0.345557401744947,0.071,0.061,1
"PDLIM5",0.306120690406888,0.244242896328828,0.111,0.097,1
"RFK",0.306299443287788,0.421185973072947,0.126,0.079,1
"LRRC41",0.30645777184783,0.477159927718748,0.206,0.133,1
"EBNA1BP2",0.30649421554069,0.418380488702645,0.109,0.063,1
"METTL1",0.30660894598831,0.804684149780285,0.051,0.026,1
"SLC25A13",0.306679336628147,0.574906497014845,0.091,0.053,1
"HBA1",0.307059965289163,-0.48830521477598,0.022,0.013,1
"SHMT2",0.307221297584025,0.295651584362284,0.195,0.148,1
"NEPRO-AS1",0.307297861308679,-0.564067436101695,0.022,0.031,1
"CCDC167",0.307504710734008,-0.390324303218748,0.08,0.076,1
"INPP5K",0.307582423065435,-0.282349715507899,0.242,0.231,1
"NDUFB7",0.307658517470891,0.379100076096965,0.122,0.076,1
"TCTN1",0.307771363378297,0.385944411151527,0.133,0.096,1
"SFR1",0.307873039783699,0.800259784834771,0.029,0.02,1
"DDX19B",0.307913198136578,-0.403922678116936,0.089,0.096,1
"PBX4",0.308093238980571,1.44105831917389,0.013,0.003,1
"TOR1A",0.30811521813294,-0.560750597936994,0.064,0.069,1
"RNF13",0.308192271872804,-0.189355518486748,0.208,0.217,1
"SLBP",0.308225347396147,0.291190066494546,0.49,0.386,1
"EGR1",0.308327175554921,0.46301656585041,0.191,0.14,1
"KCNK12",0.308393885559689,1.34157438974134,0.013,0.003,1
"ZEB1",0.308513497962165,-0.106188366523178,0.643,0.643,1
"MANF",0.30867260647515,0.140573418704779,0.153,0.12,1
"ADCK1",0.308680855011832,-1.77019634150321,0.004,0.015,1
"DST",0.308688527166476,-2.51698858049486,0.002,0.01,1
"GID8",0.308803213837455,-0.264744916031649,0.197,0.198,1
"SNX11",0.308841234300214,-0.332524379129597,0.153,0.163,1
"MOSMO",0.308917069610111,-0.449717095294574,0.118,0.129,1
"PPP1R9B",0.309015559731026,0.559649662988117,0.124,0.079,1
"VPS72",0.309098108939056,-0.285046475235044,0.058,0.064,1
"ENSG00000282885",0.309510602850003,-0.516905875671626,0.124,0.135,1
"ENSG00000291079",0.309753683698881,0.566583909805276,0.078,0.058,1
"SURF2",0.309832643022709,-0.49316561546771,0.086,0.096,1
"GBP1",0.309870881167517,1.22285719446139,0.022,0.01,1
"PTTG1IP",0.309988484935729,-0.609368562615921,0.053,0.058,1
"UHRF2",0.310082060742452,-0.264324267939628,0.242,0.254,1
"UBE2L3",0.310273636660637,0.235141295823326,0.35,0.282,1
"BARD1",0.310621882189685,0.654989236482968,0.095,0.059,1
"GPX1",0.310823645581397,0.213039792367005,0.337,0.287,1
"BTBD3",0.31100056945755,0.108180991430838,0.027,0.016,1
"NAPSB",0.311010505313982,0.298579174975935,0.226,0.188,1
"ENSG00000290578",0.311063473081599,0.822060704070894,0.016,0.015,1
"KCTD10",0.311387542710954,0.500744906792012,0.08,0.049,1
"PAX8-AS1",0.311764408101947,0.863948631440285,0.029,0.018,1
"KAT2B",0.311851692848523,-0.405966005779265,0.08,0.092,1
"PACS1",0.312026845628724,0.260222503982487,0.328,0.255,1
"CLK4",0.312125489407639,-0.246681766452736,0.357,0.346,1
"GORASP2",0.312202503388386,0.177280808632285,0.246,0.211,1
"BHLHE40",0.31227719844629,0.2595228279522,0.443,0.343,1
"UEVLD",0.312305710004754,-0.486935039001051,0.029,0.04,1
"NAPRT",0.3123396651249,0.785591475813598,0.04,0.02,1
"NFKBIL1",0.312511149749015,-0.36120551745576,0.027,0.038,1
"C18orf21",0.312516021778408,-0.379457890645225,0.071,0.082,1
"CCDC186",0.312549511238738,-0.304952193725505,0.195,0.181,1
"PLEK",0.312730178785925,0.137061066868311,0.228,0.217,1
"SGO1",0.312801502790844,0.123990781137034,0.042,0.044,1
"FEN1",0.312863621207145,0.478634441171155,0.124,0.076,1
"IGHV3-15",0.312907689390253,0.295516330459056,0.027,0.021,1
"IRF1-AS1",0.312932132289273,0.263507832719807,0.153,0.104,1
"GMFB",0.313027958299849,0.22626728177431,0.282,0.231,1
"MON2",0.313151294507257,0.282442764267979,0.271,0.193,1
"ZDHHC9",0.313232449842984,0.582964214866873,0.018,0.007,1
"RNF111",0.313375392787267,-0.212538677399853,0.22,0.217,1
"CHURC1",0.313433164501613,-0.246629170100521,0.257,0.257,1
"C1orf131",0.313437289814909,-0.569046281485707,0.051,0.059,1
"WIPI2",0.313453530739625,-0.124868279296973,0.257,0.222,1
"UQCC5",0.313544273253194,0.179774643338953,0.084,0.076,1
"RRAGC-DT",0.313624939711525,-0.934576182502565,0.04,0.051,1
"LRRC8A",0.313832144684823,0.569585679879614,0.089,0.059,1
"PARP1",0.313891214724647,-0.146194350984433,0.237,0.222,1
"CCDC157",0.313977160064819,0.748686866360884,0.033,0.013,1
"TSPO",0.314000856567958,0.501892803197276,0.106,0.074,1
"ENSG00000272182",0.314022413491335,1.98463258117556,0.011,0.003,1
"WASHC2A",0.314035574309851,0.462999632433915,0.12,0.082,1
"QPCTL",0.314064000959563,-0.292501949608979,0.058,0.048,1
"SV2C",0.314114025214977,-0.275775341175926,0.062,0.072,1
"TNFAIP8",0.314114783665528,0.210596885816918,0.337,0.26,1
"DMWD",0.314173051524984,0.471774825568711,0.095,0.068,1
"ANKRD36",0.314378978075984,-0.4021826633479,0.071,0.081,1
"IGHD",0.314382900905556,0.115350453385021,0.426,0.349,1
"CKAP5",0.314429330617062,-0.461209507310193,0.078,0.086,1
"USP21",0.314439142652133,-0.218891862030634,0.035,0.021,1
"PSMC3IP",0.314500430097016,0.165422448944342,0.029,0.016,1
"CRLS1",0.314699629678449,0.533392254694622,0.089,0.053,1
"SLF2",0.314773313248142,0.707181947112804,0.055,0.031,1
"BSDC1",0.314932585246959,-0.257762515325914,0.186,0.161,1
"CDC25B",0.314992390516086,0.417747115833318,0.093,0.058,1
"ACTR1A",0.315216595748885,0.319152591727056,0.202,0.145,1
"HECTD4",0.315424299020284,-0.231100316912288,0.211,0.196,1
"KIF21B",0.31542984398266,-0.660497030736931,0.089,0.097,1
"E2F4",0.316048185181821,0.103744939413602,0.204,0.157,1
"TBC1D25",0.316098120424804,-0.351536850350791,0.126,0.147,1
"MRPS11",0.316132565501692,0.622003837989578,0.053,0.03,1
"ENSG00000272211",0.31620416069662,1.38192753011964,0.018,0.007,1
"ZNF92",0.316431543547013,-0.328521230271627,0.173,0.183,1
"HIBCH",0.3165969290937,-0.168135283378106,0.031,0.04,1
"MAFG",0.317031347338022,-0.309574608539333,0.213,0.229,1
"ITPA",0.317264455405274,0.164143756213751,0.133,0.1,1
"RRM2B",0.317458538586117,-0.158504348506716,0.33,0.311,1
"XPNPEP3",0.317519290922998,0.537544018217056,0.062,0.035,1
"C1orf198",0.317625902926494,-1.06841224114798,0.009,0.02,1
"TBRG4",0.317677908664024,-0.288726774712855,0.122,0.112,1
"ABCD4",0.317957084782803,-0.262251852021339,0.047,0.054,1
"MIF",0.318011978086713,0.107747182856686,0.745,0.684,1
"C9orf64",0.318109773605474,1.5071979427323,0.013,0.005,1
"WBP2NL",0.318204670195656,-1.43198833828967,0.004,0.013,1
"NBPF3",0.318534706467545,1.45637930512693,0.018,0.007,1
"MED22",0.318537117043422,-0.750569879732871,0.029,0.038,1
"CFAP410",0.318553651088567,0.173795167432926,0.106,0.092,1
"RUFY3",0.318655846406567,-0.402044521288689,0.104,0.107,1
"ZMAT5",0.318674463563132,0.642351908088639,0.047,0.021,1
"ARHGEF18",0.318902142818169,0.296493136075167,0.295,0.242,1
"ZNF827",0.318952353149732,-0.520638912888796,0.062,0.074,1
"ENSG00000290043",0.318960050700951,1.40006250841128,0.018,0.007,1
"NME3",0.319047960556182,0.36976902387447,0.14,0.1,1
"THAP4",0.319096616134599,0.552946607042354,0.102,0.061,1
"MYO5A",0.319124029316883,-0.354131493567841,0.157,0.155,1
"LRGUK",0.31940914787292,2.39526307323291,0.011,0.002,1
"ENSG00000287555",0.31948491738942,0.483584547845118,0.104,0.064,1
"FCHO2",0.319589052641365,1.24691211259672,0.029,0.013,1
"CYB5A",0.319623656042988,-0.404351511527345,0.155,0.168,1
"CARS1",0.319678668408976,-0.205992119149746,0.149,0.142,1
"ENSG00000278743",0.319702340812928,0.735564920625182,0.055,0.041,1
"NAT10",0.320255730638344,0.102026300200399,0.095,0.069,1
"EIF2AK4",0.320327572511629,-0.244490492626707,0.104,0.115,1
"SYNE1",0.320331658481128,0.27942486422906,0.089,0.066,1
"RPA2",0.320671401579856,-0.213290306426063,0.111,0.11,1
"GAS2",0.320672744787692,-0.841929907247421,0.007,0.015,1
"SLC4A1AP",0.320842103104963,0.274481453058524,0.091,0.058,1
"NUCB1",0.321029223240477,0.395165638068308,0.093,0.063,1
"PIAS3",0.321180904034548,-0.538266553197751,0.02,0.028,1
"AGPAT5",0.321355793433684,0.155347614025043,0.308,0.245,1
"U2AF1L4",0.321358230563218,-0.340170896791446,0.14,0.138,1
"ACOT2",0.321557805142164,0.724719940241488,0.058,0.031,1
"ARMC2",0.321585116534832,0.91948543837136,0.024,0.016,1
"KBTBD3",0.321597215441534,1.12794873387414,0.022,0.008,1
"BCL7A",0.321811176190073,-0.284662353450942,0.195,0.189,1
"GOLGA4",0.321905892698167,-0.114694480442012,0.37,0.361,1
"TUT1",0.32191100897002,-0.228518479942428,0.042,0.048,1
"DGAT1",0.321961127713692,-0.402771728218511,0.055,0.069,1
"DHRS4-AS1",0.321985989920639,0.900384897653383,0.031,0.018,1
"SELENOT",0.322097939810753,-0.107421863574982,0.503,0.458,1
"SLC50A1",0.322335261956795,-0.233005262061124,0.202,0.204,1
"ENSG00000250075",0.322413554256783,-0.821184585593525,0.022,0.03,1
"GLTP",0.322415976626179,0.250057251859427,0.133,0.096,1
"TBC1D22A",0.322424992429472,0.30257783801894,0.33,0.257,1
"BTRC",0.322451179263976,0.569026281993394,0.078,0.048,1
"STMN3",0.322729909828487,0.593510460394074,0.051,0.028,1
"ZNF211",0.322760440725391,0.500346652814293,0.08,0.049,1
"LYST",0.322873014900918,-0.123357384969961,0.506,0.491,1
"ORMDL1",0.322943494723898,0.279488747639759,0.315,0.236,1
"FAM174C",0.323052957834513,0.157655240023815,0.171,0.133,1
"GOSR1",0.323139271962411,-0.270690697699072,0.171,0.171,1
"NFATC2IP",0.323201921978143,-0.540450967906111,0.129,0.145,1
"NKIRAS2",0.323300056094403,-0.539021014056198,0.055,0.059,1
"CPLANE1",0.323446945780839,0.589687567389174,0.069,0.04,1
"DIS3",0.32352858625554,0.327326054685515,0.235,0.168,1
"USP13",0.323664281363655,0.919109367397812,0.035,0.023,1
"LRP6",0.323725338898152,1.58296134084877,0.016,0.005,1
"R3HDM2",0.323758757680557,-0.132494655508659,0.202,0.199,1
"CORO2B",0.323759216101815,-1.19511951422384,0.018,0.031,1
"PINK1",0.323918213699087,0.546103486057974,0.042,0.026,1
"ZNF611",0.323939228262121,0.200909487852853,0.071,0.043,1
"ENSG00000290931",0.324228675519838,2.03225633577523,0.018,0.005,1
"ENSG00000287070",0.324387919907848,-0.588337564467551,0.029,0.038,1
"UTP3",0.324404798825183,-0.488650322419509,0.111,0.125,1
"KCNJ14",0.324528430706071,1.69350387861637,0.016,0.003,1
"TMEM80",0.324551194101517,-0.451103497757743,0.029,0.035,1
"PRH1",0.324823869420253,-0.649978822975867,0.024,0.031,1
"OAS1",0.324836698410954,0.258901969105896,0.089,0.061,1
"SDC4",0.324947568630121,-1.74574228142422,0.004,0.013,1
"ENSG00000290993",0.324957681845238,0.418570001206762,0.098,0.066,1
"FRAT2",0.325007156500439,-0.264972259491333,0.106,0.107,1
"CIAO2B",0.325132030985955,0.188238901187488,0.401,0.31,1
"TRANK1",0.325152080027879,0.393656060191909,0.157,0.105,1
"FMNL1",0.325214334387312,0.190827269524651,0.643,0.585,1
"IGHM",0.325432803086155,-0.174342052572897,0.599,0.61,1
"POLR1B",0.325599701693884,0.795110745761495,0.067,0.035,1
"ITGB3",0.325658828980172,1.10958674103018,0.022,0.007,1
"GLI4",0.325817370926735,-0.621583603517892,0.018,0.015,1
"PASK",0.325854276341063,0.851243865279328,0.051,0.025,1
"FBXO45",0.3258761990123,0.431832762569635,0.064,0.038,1
"STK11IP",0.326110993581783,0.638736090509584,0.038,0.02,1
"CDC42SE1",0.326394279679186,-0.1448224695575,0.512,0.488,1
"SLC27A3",0.326589773367217,1.36220384537511,0.013,0.003,1
"ETV5",0.326862346109726,1.05436630532399,0.024,0.012,1
"ENSG00000290121",0.326928241033001,-1.13036101875797,0.004,0.01,1
"TMEM116",0.327182601174339,-2.28804817722553,0.002,0.01,1
"CC2D1B",0.327486634591879,-0.222319510143991,0.047,0.036,1
"CENPQ",0.32758452288786,0.447660737777814,0.016,0.016,1
"VPS37B",0.327598123640866,0.199668189652744,0.78,0.712,1
"TRIM34",0.327624916399827,0.546999542340386,0.035,0.02,1
"NDUFAF3",0.327942879551192,0.32083087790192,0.182,0.124,1
"DDX56",0.328002671178618,0.479950684231685,0.162,0.107,1
"C4orf46",0.328553065722831,0.21119284334648,0.118,0.086,1
"MIR23AHG",0.328620187297618,0.188942629627902,0.293,0.234,1
"NUDT18",0.328811722806604,1.1664650995161,0.027,0.012,1
"RPS11",0.328832624694459,-0.105446142928789,0.987,0.984,1
"ATP11C",0.328959829403642,0.427793407605872,0.131,0.086,1
"UBA7",0.328974464596224,0.369394942629315,0.104,0.071,1
"TMEM218",0.329417818473868,-1.32058212416966,0.009,0.016,1
"SCO1",0.329591095009239,-0.239157049324255,0.08,0.074,1
"LINC01098",0.329639053151862,-0.958604730377823,0.013,0.023,1
"MRPL53",0.329658181963592,0.480354498118651,0.062,0.036,1
"OAS3",0.329683841190425,0.459502534209297,0.042,0.025,1
"ENSG00000262151",0.329733647675555,-1.21500819432411,0.007,0.01,1
"TXNDC11",0.329759339055108,0.248384611342529,0.193,0.142,1
"BBIP1",0.329763273049497,-0.292934139885528,0.122,0.117,1
"TMEM267",0.329832747721087,-0.199013325594249,0.049,0.046,1
"ABCA7",0.329873563936776,0.794095042616978,0.055,0.033,1
"ZNF763",0.330042760298396,0.801059579174568,0.033,0.02,1
"DHX57",0.330062442619202,-0.406698588540764,0.033,0.04,1
"SUCO",0.330290516913987,0.160273796672423,0.317,0.273,1
"RXRA",0.330473817995473,1.00449069633424,0.02,0.007,1
"SNRPA",0.330607638170192,0.39645530738736,0.184,0.132,1
"LRCH4",0.330697889885897,0.252932388293649,0.095,0.077,1
"MTLN",0.330930412823954,-0.722080975262831,0.031,0.038,1
"LINC01679",0.330947094360227,0.914300056411227,0.018,0.007,1
"PSAP",0.331067186113146,0.260639132285375,0.41,0.331,1
"SNRNP48",0.331095137094024,-0.439884940888577,0.06,0.058,1
"ZNRD2-DT",0.331153474879078,0.632927891276221,0.033,0.023,1
"LINC00534",0.331248587559119,0.315889494608958,0.016,0.007,1
"VPS13C",0.331297096354522,-0.114929786906313,0.353,0.306,1
"VPS16",0.331517923367729,0.572343105149052,0.06,0.043,1
"CXorf38",0.33177868165152,0.400923981701163,0.104,0.069,1
"NUDCD1",0.332012304658636,-0.567565021839746,0.064,0.064,1
"TTC19",0.332098615691089,0.232256168095198,0.242,0.204,1
"ZNF547",0.332106103115755,-0.379990708873765,0.027,0.033,1
"ENSG00000238221",0.332448156534253,2.02052358142365,0.016,0.005,1
"RABL2A",0.332476864075422,-0.595629238165653,0.011,0.016,1
"ARSA",0.332636897887213,0.966260101111544,0.053,0.03,1
"ENSG00000268081",0.332722896594954,-1.21120779826919,0.013,0.023,1
"FBXL15",0.332758982415668,-0.169960845223097,0.042,0.051,1
"UCHL3",0.332915636027248,-0.443006355626749,0.089,0.087,1
"IP6K2",0.332938211119334,-0.125167726191885,0.277,0.282,1
"CNTRL",0.333154622572203,-0.16230135036485,0.33,0.316,1
"CTNNBIP1",0.333236880309646,0.819313147714133,0.031,0.013,1
"DUSP6",0.333463166348872,-0.806448577967269,0.04,0.054,1
"GOLGA6L9",0.333481825259931,0.901770954108122,0.013,0.005,1
"TMF1",0.333646383062124,-0.183780679855319,0.346,0.343,1
"PIK3CB",0.33376075671213,-0.59581187538966,0.033,0.033,1
"DERL3",0.333795639958585,0.338964652247649,0.069,0.044,1
"ENSG00000258232",0.333842574897191,-0.7971400267371,0.011,0.018,1
"EGLN3",0.333856732577625,-0.531877058945231,0.022,0.028,1
"CCT3",0.334014226891071,0.254532131935903,0.335,0.252,1
"SPINDOC",0.334018131823632,-0.65804742441808,0.044,0.059,1
"RUFY2",0.334125661542385,-0.529770351933422,0.064,0.069,1
"GNAI2",0.334157282440665,0.166980233501972,0.388,0.3,1
"PCIF1",0.334187913714142,-0.125130154275284,0.29,0.272,1
"H2AC16",0.334290325579826,0.739901203102522,0.031,0.02,1
"SRP14-DT",0.334725394326646,-0.572840119900164,0.013,0.021,1
"DUSP18",0.334845089021199,1.09932514506491,0.033,0.015,1
"NAA20",0.334925554205153,0.438497536389308,0.188,0.127,1
"PLEKHA3",0.335189678734329,0.320061171567218,0.255,0.199,1
"LRRC69",0.335224084241183,-1.57640264703917,0.004,0.013,1
"UBE2J2",0.335487753647872,-0.142604806753693,0.124,0.129,1
"CD151",0.335501354651248,-0.580068096025033,0.024,0.036,1
"HEATR1",0.335540425446105,0.552096743754802,0.162,0.107,1
"WDR13",0.335586673455317,0.485763939684222,0.095,0.059,1
"PKN1",0.335672574030212,0.199114126795402,0.22,0.157,1
"ZNF767P",0.33570440991379,0.549969529095894,0.115,0.068,1
"PPFIBP1",0.335803074742564,-0.876479610125109,0.018,0.026,1
"GTPBP4",0.335930695224089,0.261797986350071,0.308,0.229,1
"TSNARE1",0.335965424155024,0.501098775783618,0.044,0.021,1
"KANSL1-AS1",0.336020730243733,1.00363093916388,0.018,0.007,1
"MAFA",0.336111478092136,-0.441743759678512,0.047,0.059,1
"METTL25",0.336138006633647,0.813375485113177,0.035,0.016,1
"WDR47",0.336175288868616,-0.212964514230315,0.16,0.166,1
"BAG4",0.336388768937358,-0.397385350278164,0.084,0.084,1
"SCAP",0.336399691878969,-0.375491959026282,0.055,0.054,1
"SELENOK",0.336535110724408,0.201667559566448,0.725,0.661,1
"RBM33",0.336646447543051,-0.233072688346745,0.333,0.343,1
"ZNF790-AS1",0.336707674059545,-0.253117058147851,0.031,0.038,1
"ADA2",0.336749715459438,-0.174240066672443,0.084,0.068,1
"SOD2",0.336762229427091,0.1015769749232,0.499,0.418,1
"RCL1",0.336932201992135,-0.365485995728559,0.113,0.11,1
"SLC25A45",0.336953753972372,0.467533009532,0.035,0.035,1
"ZBTB38",0.33724997262413,-0.750207032265402,0.018,0.026,1
"MPEG1",0.337320706035307,0.387949373605657,0.053,0.03,1
"ZC3H12B",0.337526906402972,-0.465940420522177,0.075,0.077,1
"FBXO21",0.33754691391458,-0.237830983661926,0.188,0.185,1
"DMPK",0.337739090419244,-1.12027017710174,0.011,0.018,1
"CERS6",0.337759811580187,-0.437169042978625,0.135,0.153,1
"PSMD10",0.337965236684037,-0.186580447531415,0.084,0.081,1
"C6orf47",0.338003137818071,0.637886119241363,0.06,0.03,1
"CDC34",0.338088818247009,0.626162128025796,0.133,0.086,1
"REST",0.33812806406365,0.360913808588525,0.211,0.15,1
"PSPC1",0.33818700652927,-0.11709724703497,0.279,0.273,1
"RBM26-AS1",0.338209638006254,2.82640851541478,0.013,0.002,1
"LINC00685",0.3382692411853,1.8970042307702,0.011,0.003,1
"NETO2",0.338291840156987,0.104946254743791,0.067,0.041,1
"BOD1L1",0.338323165651735,-0.132759547205938,0.448,0.417,1
"MRPL27",0.338412488575537,0.376145772396898,0.157,0.112,1
"FMNL2",0.338445274604589,-0.425020509839259,0.022,0.021,1
"RBM43",0.338653430932625,1.54614492142185,0.016,0.005,1
"TYW3",0.338669205460421,0.391959159167032,0.106,0.069,1
"C1orf35",0.338683091225454,0.113883175460729,0.106,0.079,1
"ENSG00000258982",0.338689823934598,-1.13421641456213,0.004,0.012,1
"PIGBOS1",0.338738321858669,0.874856602111747,0.024,0.012,1
"WDFY4",0.339146155884637,0.185223170382044,0.364,0.285,1
"UNG",0.33919743819972,1.02023167437825,0.011,0.003,1
"SUMF1",0.339208059730101,0.373928193822734,0.06,0.035,1
"ELMOD3",0.339345603961747,-0.441796352302403,0.029,0.036,1
"WDFY1",0.339636743538674,0.27546733920496,0.135,0.114,1
"CYB5R3",0.339648089174666,0.267730144942547,0.295,0.219,1
"HMCES",0.339695176577357,-0.325630292006232,0.153,0.166,1
"FOXP1-AS1",0.340008089674514,-0.529584103110757,0.02,0.028,1
"ABALON",0.340163947027796,-0.696024022874407,0.007,0.012,1
"IGHV3-23",0.340266665210066,0.200018110693887,0.062,0.066,1
"SH2B2",0.340277781148053,-0.253225106893674,0.084,0.097,1
"ENSG00000226571",0.340407445130348,0.25921239938129,0.013,0.016,1
"ENSG00000268403",0.340788501308718,-1.48561827354709,0.004,0.013,1
"GPBP1",0.340824220420415,-0.114694894448095,0.738,0.718,1
"WDR89",0.340839966133629,-0.731970092315658,0.035,0.049,1
"PCED1B",0.340883628895974,0.251623156553405,0.067,0.038,1
"GGH",0.340902661907576,-1.25337535734444,0.009,0.016,1
"MFSD14A",0.341046071993778,-0.260270410626441,0.246,0.257,1
"AGA",0.341068068796622,-0.784778758783772,0.027,0.038,1
"CCDC144BP",0.341347800792099,-2.33409221491995,0.002,0.01,1
"SYNGR3",0.341445165988713,0.173758004543608,0.075,0.048,1
"LARP4B",0.341710303155783,-0.111139611059631,0.288,0.277,1
"LINC01374",0.341802517033982,-0.316795681275208,0.027,0.025,1
"ENSG00000253607",0.341820976215569,0.492979666865705,0.042,0.023,1
"GET3",0.341831429914809,0.279975844716737,0.182,0.145,1
"DYNC1LI2",0.341880444618569,0.333247721707615,0.149,0.114,1
"APTR",0.341895205561012,-1.44720013452455,0.007,0.013,1
"DIAPH2",0.341971931205718,0.189787478695248,0.133,0.115,1
"PEBP1",0.342225353668322,0.380891399511097,0.228,0.163,1
"SCAMP1",0.342412234654614,-0.678119611841408,0.049,0.053,1
"CMPK1",0.342537994010055,0.281482037617893,0.271,0.206,1
"AFTPH",0.342607334895555,-0.148983410183778,0.375,0.359,1
"ELOA",0.342650786568893,-0.266190335614293,0.129,0.138,1
"EVI5",0.342752186971995,-0.239103603497703,0.124,0.13,1
"UBAP1L",0.342923368961953,-0.242604168871337,0.004,0.01,1
"HAUS4",0.342926337526748,-0.475949119237842,0.035,0.038,1
"HMG20B",0.343276593618826,0.346237624122364,0.089,0.056,1
"GNL3L",0.343550522257605,0.689336530637951,0.104,0.068,1
"KDM6A",0.343974820063263,-0.137220554896948,0.339,0.351,1
"TACC3",0.344012412109848,0.448151938467615,0.14,0.091,1
"STAG3L4",0.344213452957608,0.262242413123455,0.164,0.125,1
"HARS1",0.344334603362511,0.574444720595416,0.129,0.084,1
"UBE2S",0.344377206197343,0.115003742177959,0.521,0.474,1
"PPP1R14A",0.34438823751289,-0.235184700845573,0.08,0.082,1
"ATF6",0.344691300795188,0.313936077517834,0.317,0.247,1
"ZNF551",0.344746459049581,-0.201503875944164,0.051,0.061,1
"TALAM1",0.345016654107654,-0.134724080216688,0.916,0.908,1
"F12",0.345043101950883,0.258793690785422,0.013,0.015,1
"RAB37",0.345124796472113,0.18917420765324,0.04,0.028,1
"ENSG00000225420",0.345140282204771,-0.823611316746478,0.024,0.033,1
"CALM3",0.345176788588143,0.156396146609327,0.264,0.217,1
"GPHN",0.345344871224782,-0.154615073589162,0.06,0.063,1
"HSDL2",0.345513980438228,0.604317513539285,0.029,0.016,1
"UNC45A",0.345530908134223,0.488974175288491,0.104,0.066,1
"ANP32A",0.345784150872013,-0.191326743024009,0.244,0.229,1
"SPAG16",0.345987520687657,0.690023300585477,0.044,0.025,1
"CHCHD2",0.345996215547914,0.129672518342315,0.805,0.746,1
"EIF2S3",0.346174521861523,-0.120270108480408,0.368,0.339,1
"WDR20",0.346278732898949,-0.316316395267278,0.166,0.175,1
"TBC1D12",0.346389992568166,-0.300756687194196,0.007,0.013,1
"HAUS8",0.346438977748015,-1.20083168074158,0.027,0.04,1
"SEMA4D",0.346595224907143,-0.441411112985978,0.049,0.058,1
"AKAP10",0.346682649136515,-0.392467130996341,0.113,0.13,1
"TXNDC15",0.346835755748912,0.62195018017443,0.118,0.069,1
"ISCA2",0.346862095660111,0.494586101333431,0.084,0.053,1
"WBP4",0.34703388969832,-0.26344375479859,0.144,0.143,1
"NAA50",0.347180573113983,-0.156698370135145,0.293,0.275,1
"RFX2",0.347233852626204,0.947415920098051,0.042,0.021,1
"DIPK2A",0.347273803973364,0.531264260946657,0.111,0.069,1
"TRIM5",0.347379365032696,0.53137779269698,0.058,0.036,1
"KIAA1143",0.347752682997241,-0.159069442487047,0.129,0.1,1
"REPIN1",0.347769118301769,-0.247377961013411,0.175,0.166,1
"ZNF546",0.347771271892284,-1.2487066992981,0.007,0.015,1
"ENSG00000232611",0.347777558694976,0.929993694636495,0.013,0.005,1
"CSF1",0.347787565182361,0.472919636147677,0.033,0.016,1
"TRPT1",0.347796477200591,0.377890403689008,0.084,0.053,1
"PDSS2",0.347818358245571,0.295506325182024,0.06,0.038,1
"JMJD8",0.347977494811448,0.30552309019509,0.069,0.041,1
"ENSG00000273262",0.34806421368361,1.26012773312154,0.011,0.003,1
"PARP14",0.348088838201052,0.182324354637043,0.672,0.58,1
"NABP1",0.348156307835665,-0.196967270335527,0.102,0.091,1
"SREK1IP1",0.34823460447316,-0.349468467133531,0.137,0.147,1
"SRP19",0.348272697191348,-0.187992195291419,0.322,0.306,1
"MIR222HG",0.348474186248613,-0.218131092881876,0.047,0.054,1
"GATC",0.348516235480395,-0.350247579195394,0.049,0.049,1
"BMP8A",0.348524736250684,-0.762307472450459,0.011,0.021,1
"TYK2",0.348811320338011,0.218104740141983,0.073,0.056,1
"ZNF133",0.34882976576322,-1.27956531664833,0.009,0.015,1
"GTF2A1",0.348986705911053,0.425899672367924,0.142,0.107,1
"WBP1",0.349087873229603,0.521571404571674,0.102,0.063,1
"TRMU",0.349608293676516,0.423522708942505,0.064,0.04,1
"FARSA",0.34980269056268,0.441320898199362,0.129,0.081,1
"ZC3H12D",0.35037431654274,0.523745559449057,0.162,0.117,1
"MTF1",0.350475046141429,-0.172778955061366,0.091,0.076,1
"SFT2D1",0.350623868996813,0.276095775380427,0.364,0.306,1
"ATP2B1-AS1",0.350980619889268,0.101040636384529,0.151,0.112,1
"POU2F2-AS1",0.351280849352562,-1.13631566570787,0.011,0.02,1
"MSANTD2",0.351318621648163,0.186011530232777,0.06,0.036,1
"MZF1",0.351326407784626,0.194312091079977,0.062,0.038,1
"BAD",0.351330603738145,-0.397901531742149,0.075,0.081,1
"RALGAPA1",0.351826773840249,0.285022341070426,0.568,0.471,1
"COX10-DT",0.35185859569872,0.658921888250541,0.031,0.018,1
"ST8SIA4",0.352001726876695,0.262853848094504,0.377,0.321,1
"RPRD2",0.352180166836319,-0.365042290939739,0.146,0.145,1
"MNS1",0.352300429541032,1.37567048054303,0.011,0.003,1
"TMEM64",0.3524816923964,0.580140780548782,0.082,0.053,1
"ELP4",0.35251424575291,-0.504603849779464,0.064,0.072,1
"EXOC6B",0.352522838477392,-0.660317479025027,0.04,0.049,1
"BCDIN3D",0.352535710542381,-0.710391260701076,0.02,0.028,1
"SEC22C",0.352557522968495,0.160066285849058,0.109,0.1,1
"SNHG29",0.352904971799771,0.106277554741059,0.807,0.766,1
"MED17",0.352929615719436,-0.127397364915007,0.182,0.183,1
"ZNF319",0.353253366898008,1.45142558490689,0.018,0.007,1
"BAG6",0.353278951994041,0.277493664556305,0.208,0.153,1
"EZH1",0.353472101341036,-0.386604940862773,0.102,0.117,1
"MTIF3",0.353567923288223,0.447273511949142,0.073,0.054,1
"UBE2D3",0.353657171695555,0.181794811489717,0.84,0.763,1
"ENSG00000291228",0.353675714873931,0.682092267225157,0.06,0.038,1
"HCG18",0.353789370741662,0.300567015796514,0.359,0.27,1
"NAP1L1",0.353904858004266,-0.122387924680003,0.608,0.567,1
"SLC23A2",0.353988482262219,0.160123700153347,0.126,0.091,1
"NDOR1",0.354021042926,-0.57068528106094,0.038,0.043,1
"DSTN",0.354035274597913,0.584684804482844,0.091,0.059,1
"C12orf4",0.354064387940706,0.881370443910361,0.042,0.028,1
"DPM2",0.354209435679343,-0.236071980917429,0.047,0.038,1
"SLC33A1",0.354282071806706,0.311893615090894,0.035,0.023,1
"USP12",0.354356267182036,0.136641647438575,0.446,0.397,1
"ZFP64",0.354369508351893,0.183292483200305,0.02,0.01,1
"SYPL1",0.354395844041449,-0.170177120787686,0.479,0.481,1
"TMEM97",0.354465735276503,0.814990008090127,0.013,0.005,1
"MPC1",0.354641395152529,0.360624859340207,0.149,0.104,1
"EGLN1",0.354778431018725,0.425406219220422,0.073,0.053,1
"POGK",0.355040900864922,-0.447731754565151,0.089,0.102,1
"ZNF814",0.355130254431916,0.17384784209294,0.109,0.072,1
"LLPH",0.355445627275704,-0.340890720833773,0.222,0.232,1
"JDP2",0.355477464487862,-0.443619703086414,0.042,0.04,1
"TMEM63C",0.355657997593735,0.811855104658372,0.011,0.003,1
"SLC35F5",0.355857189332146,-0.165469011430756,0.109,0.094,1
"EIF3C",0.355866448675713,0.648275450760178,0.024,0.012,1
"UBQLN4",0.356082041001895,0.482017370250692,0.067,0.046,1
"PCID2",0.356365895635652,-0.32679549679443,0.055,0.053,1
"POR",0.356432022133236,-0.123629701122369,0.171,0.148,1
"AGO1",0.356521652132674,0.598628713581395,0.042,0.023,1
"RAB18",0.356616528935972,-0.16046176385917,0.275,0.265,1
"ENSG00000287190",0.357052081449346,1.08308199041241,0.018,0.007,1
"CCDC127",0.357058599091964,0.531985643690071,0.051,0.03,1
"KRR1",0.357112521675754,-0.178054404047252,0.29,0.288,1
"STX10",0.357288436920318,0.782272122221025,0.055,0.031,1
"CHD8",0.357329933566597,0.282433248320783,0.242,0.181,1
"ENSG00000261573",0.357340213183445,-0.359673448259925,0.069,0.076,1
"USP38",0.35778983792098,-0.270204729775768,0.102,0.087,1
"PIK3R1",0.357833789105721,0.227713906533685,0.302,0.239,1
"ZNF429",0.358040764612422,0.512266897054587,0.044,0.025,1
"LMO4",0.358217794068247,-0.116903701803063,0.067,0.074,1
"BCAS3",0.358266225202868,0.298630998844496,0.106,0.102,1
"ETFB",0.358356847223607,0.59870411264245,0.071,0.04,1
"ZNF804A",0.358499510255533,-1.43335471815109,0.016,0.012,1
"JAGN1",0.358595856169094,-0.200699902459443,0.135,0.129,1
"SARS2",0.358621796195215,1.12629090566478,0.027,0.012,1
"PSIP1",0.358649172929415,-0.23788140315096,0.157,0.157,1
"TDP2",0.358755778736287,0.410099495681076,0.084,0.049,1
"MRPS33",0.35876411894297,-0.338980933003435,0.067,0.072,1
"RAD51B",0.358787532258111,0.180488427991947,0.162,0.137,1
"AKR7A2",0.358805526188426,-0.537873844934518,0.035,0.041,1
"DUSP28",0.358806044569842,0.525586175403378,0.069,0.044,1
"CCDC142",0.358808878037936,0.883687219757572,0.029,0.015,1
"ARL6IP6",0.358982210579297,0.183874614564898,0.142,0.107,1
"DENND5A",0.359470332985614,-0.288267103489831,0.162,0.157,1
"POLR2B",0.359505785396172,0.143272426509994,0.275,0.209,1
"PHTF1",0.359665220036484,0.230273710181558,0.126,0.092,1
"SPATA2L",0.35980904044374,-0.297018253908693,0.14,0.148,1
"CYTH2",0.360106777835761,0.319468403433079,0.186,0.13,1
"ENSG00000278601",0.360229247624628,-1.81576836576563,0.004,0.012,1
"CAAP1",0.360234047416313,0.427441352194887,0.135,0.102,1
"MYH11",0.36026467444575,-0.668518368503723,0.011,0.018,1
"ZNF701",0.360498929268632,-0.84783058570771,0.033,0.046,1
"ENSG00000289047",0.360601175904039,-0.525174877572402,0.035,0.036,1
"CHCHD1",0.360761350534786,0.121544197991627,0.14,0.102,1
"AKAP7",0.360867435902339,0.704591817194315,0.038,0.021,1
"ATP2A3",0.361252135019027,0.292378491687841,0.39,0.31,1
"EEF2KMT",0.361289776714452,0.361706068672993,0.013,0.005,1
"PHF14",0.361462337441611,0.2612930160021,0.137,0.1,1
"SPTLC2",0.36148512829467,0.319781036488267,0.248,0.188,1
"ANKDD1A",0.36169935076217,1.07678920464701,0.013,0.005,1
"TTC27",0.361864496844986,-0.511049251557353,0.073,0.081,1
"HEATR5B",0.361959554362557,-0.424246991195104,0.071,0.082,1
"ZNF511",0.36208177812038,-0.475953494145133,0.075,0.091,1
"ZNRF2",0.362184189528303,-0.183311462262696,0.197,0.17,1
"ENSG00000290833",0.362301005274313,0.779092993015825,0.109,0.061,1
"DNTTIP1",0.362419727152256,0.129254552342021,0.102,0.089,1
"VASH1",0.362468606543968,-0.682809026188001,0.007,0.012,1
"SPTAN1",0.362530366144045,0.251420575972493,0.293,0.217,1
"ENSG00000289610",0.362547358501948,-1.40910433709981,0.007,0.016,1
"LINC00877",0.362573908498136,-0.458751422144042,0.047,0.051,1
"UBTD2",0.362603184132371,0.377683769693785,0.084,0.058,1
"ENSG00000285280",0.362782213181343,0.634428346523377,0.058,0.03,1
"IL7",0.362801015610397,0.592230944271542,0.073,0.046,1
"FANCA",0.362953672323066,0.729812627266478,0.033,0.016,1
"GGCX",0.363123698753766,0.316943481333839,0.093,0.056,1
"DDX27",0.36335211167143,0.271864674071543,0.35,0.267,1
"IFRD2",0.36351636626909,0.298217921097721,0.113,0.071,1
"BPNT2",0.363560942637171,0.324232831480913,0.115,0.082,1
"ZNF442",0.363663518356997,1.07588364019115,0.018,0.01,1
"ENSG00000289159",0.363684243999606,-0.901970494456003,0.011,0.02,1
"ZNF777",0.363711331978642,-1.60510476225973,0.007,0.012,1
"MTA2",0.3638575672893,0.287490340080659,0.142,0.096,1
"MACF1",0.363952913989366,-0.147113620734763,0.246,0.219,1
"CENPW",0.363990310162574,-0.914171134704809,0.011,0.021,1
"ENSG00000251314",0.36399611274876,0.969936805870431,0.016,0.005,1
"MYO1B",0.364031270589904,-0.935153812459355,0.007,0.015,1
"MCM9",0.364138388390735,-0.546877446694117,0.053,0.064,1
"ZUP1",0.364146436496018,0.282673858707846,0.182,0.137,1
"LETMD1",0.364221206293232,0.215247866778445,0.089,0.058,1
"TMCO3",0.364286675231881,0.924004691755045,0.031,0.015,1
"ITGA4",0.364467352327224,-0.26993233751933,0.277,0.275,1
"TPRG1L",0.364696414990717,-0.22286449783424,0.098,0.102,1
"SUGT1",0.364862093524184,0.415187040921597,0.306,0.234,1
"ENSG00000291299",0.36497004774513,-1.40798416401878,0.009,0.018,1
"ENSG00000285165",0.364986740707401,1.45821200974369,0.016,0.007,1
"KATNA1",0.365040322897742,-0.390324857606144,0.118,0.114,1
"ENTPD6",0.365234403081124,-0.530946436028388,0.027,0.036,1
"ZNF841",0.365365512281366,0.135633212661227,0.075,0.053,1
"CEP57",0.36536720254548,-0.135222610688518,0.275,0.252,1
"ATXN1",0.36580241415897,-0.304806354963364,0.029,0.025,1
"TSC22D2",0.365930516263826,-0.232807580309292,0.437,0.422,1
"INKA1",0.366026674914406,0.153539261979896,0.044,0.023,1
"UQCRC2",0.366033322901458,0.288393189830466,0.288,0.221,1
"ENSG00000291147",0.366132261677844,0.28092589317195,0.155,0.114,1
"GNG5",0.366408062081853,0.17233992204317,0.49,0.41,1
"DNAH1",0.366627309385358,0.654411277843693,0.027,0.013,1
"SIGLEC10",0.366630510009974,-0.601007988891087,0.033,0.041,1
"COPE",0.36671328383687,0.246662684298444,0.39,0.328,1
"PITPNC1",0.366823834447618,0.37241576961677,0.055,0.051,1
"TEX261",0.367195754255122,-0.357176105981662,0.022,0.025,1
"ZDHHC13",0.367231347809252,-0.450435076513321,0.047,0.056,1
"INTS15",0.367236475919452,-0.521018961716421,0.058,0.066,1
"MUL1",0.367252611978791,-0.320132350275311,0.082,0.094,1
"MLYCD",0.367580888761747,0.574161706701902,0.031,0.016,1
"UBL7-DT",0.367594102907615,-0.649994841233529,0.016,0.023,1
"ENSA",0.367696669414779,-0.103233730334636,0.446,0.418,1
"NR1D1",0.367815891312585,-0.742985856844833,0.062,0.071,1
"ZNF778",0.367866706361217,0.769741090631138,0.024,0.008,1
"RAP2B",0.367977147274301,0.396918274987019,0.1,0.076,1
"HIP1R",0.368005758895282,0.154907167883187,0.437,0.354,1
"CREB5",0.368010678694902,1.23261209755235,0.027,0.012,1
"ENSG00000243176",0.368075480706276,-0.631047876593865,0.011,0.023,1
"TMEM106B",0.368099814397878,0.641556579218192,0.049,0.026,1
"RCHY1",0.368337905672965,0.195303772843306,0.16,0.145,1
"SMARCC1",0.368349091314182,-0.102248771463019,0.359,0.328,1
"ARCN1",0.368380907524373,-0.112044381245926,0.22,0.208,1
"MRPS18B",0.368691915331303,-0.410436332934669,0.135,0.147,1
"GINS4",0.368744551910758,0.51404215632521,0.035,0.02,1
"ALDOC",0.369283450475735,1.04564310253348,0.018,0.008,1
"LMTK2",0.369334387743023,0.246391360005779,0.078,0.056,1
"NUDT4",0.369352607605108,-0.283358853534734,0.186,0.178,1
"PRDM15",0.369496912926851,-0.346673100064367,0.024,0.031,1
"FAM200B",0.3696239850998,-0.689969476257057,0.04,0.049,1
"PTPRK",0.369658021999374,0.299220880924544,0.08,0.061,1
"PLPBP",0.369741672839062,0.458212732107021,0.08,0.054,1
"HDHD5",0.369790125284933,1.11516687312202,0.038,0.016,1
"PPP6R2",0.369799229056696,-0.247828675377228,0.129,0.127,1
"AKIP1",0.369856195295292,0.628339694952411,0.031,0.016,1
"BTN3A1",0.36994016149313,0.467105551706691,0.122,0.081,1
"TBCCD1",0.370129627156983,-0.484122140748,0.029,0.03,1
"BCL9L",0.370327737493898,0.144755595318883,0.264,0.232,1
"CHRNE",0.370348699894293,0.64021836441804,0.044,0.023,1
"ZNF587",0.37040915595072,-0.210529285058085,0.035,0.044,1
"PRIM2",0.370493856129348,-0.20681457461579,0.038,0.044,1
"ERLEC1",0.370555833244969,0.295116668232706,0.188,0.135,1
"ING4",0.370622088192646,-0.269948400883464,0.084,0.084,1
"RLIM",0.370668364246591,-0.176446143768279,0.228,0.216,1
"METTL5",0.370964996624488,-0.145180097587314,0.053,0.043,1
"ZDHHC16",0.371042961912582,0.862277336679413,0.047,0.023,1
"IGHV3-43",0.371149759552477,-0.86783575109344,0.024,0.031,1
"POLR3F",0.371154766209654,0.41170584629397,0.08,0.051,1
"HEXIM1",0.371163562392748,0.395458943627355,0.153,0.12,1
"ANKS1A",0.371238904280704,-0.576213629968903,0.047,0.054,1
"QSOX2",0.371262000370012,0.130549716989768,0.146,0.129,1
"MYG1",0.371361300685514,0.477894830232622,0.082,0.061,1
"NRM",0.371379548154823,0.528139010963338,0.049,0.03,1
"BNIP2",0.371390122487601,0.208873854842836,0.39,0.313,1
"ENSG00000237768",0.371662922390826,1.23641473754553,0.011,0.003,1
"SNRNP25",0.371664642754887,-0.498053061531055,0.051,0.059,1
"ZWILCH",0.371712571398805,0.494598083792792,0.031,0.016,1
"TYW1",0.371929228672424,-0.23273015712539,0.091,0.089,1
"TRAPPC1",0.372138616884357,0.289425585368003,0.177,0.129,1
"GPAA1",0.372202312489544,0.382388130704026,0.095,0.069,1
"FUNDC2",0.372505224781101,-0.221967047711161,0.224,0.229,1
"MMACHC",0.372572726146876,-0.464313375447823,0.018,0.021,1
"SERPINE2",0.372619982080802,-0.88791583855958,0.047,0.066,1
"RNLS",0.372626831547279,1.53249977302214,0.02,0.01,1
"MEN1",0.372667243449896,0.525376786538473,0.029,0.026,1
"THSD4",0.372678938654372,-0.830767438676284,0.009,0.012,1
"MFSD1",0.372687828349066,0.368612546780732,0.106,0.066,1
"TNNI2",0.372728557806813,0.498437604063716,0.016,0.007,1
"PPP1R12B",0.372732429967811,0.805735810948868,0.038,0.023,1
"PBDC1",0.372793807361033,0.379621878293054,0.195,0.147,1
"FAM149B1",0.372886312953816,0.898465538527274,0.031,0.015,1
"RALGDS",0.372968507662078,0.28450470809147,0.217,0.153,1
"PCBD2",0.373092572111034,0.368849685741594,0.047,0.031,1
"SEPTIN7",0.37340309409766,-0.191311831456838,0.583,0.558,1
"SNX19",0.373483500470626,-0.177765099149987,0.064,0.066,1
"CPSF3",0.373489973960813,-0.490948746777985,0.049,0.054,1
"INSIG1",0.373623289565831,0.1985837322449,0.401,0.32,1
"HEATR6",0.373678962175543,0.554250214577321,0.049,0.028,1
"ODF3B",0.3738269008832,0.451660551732969,0.173,0.12,1
"ZNF576",0.373913990018435,-0.234536519034757,0.029,0.035,1
"RCAN1",0.374007800254545,1.45142944622727,0.016,0.003,1
"PKN2",0.374058800716931,0.116684854287529,0.286,0.25,1
"AP5S1",0.374123490762601,0.423256991525842,0.042,0.025,1
"TUNAR",0.374148657549507,0.752971973918548,0.035,0.026,1
"HNRNPK-AS1",0.374342741190086,-0.270858241019084,0.091,0.107,1
"PTCH2",0.37439208337562,0.648745244348764,0.033,0.025,1
"HSPH1",0.374436254979203,0.132626706480666,0.59,0.506,1
"HYCC1",0.374521071194811,0.346751052203191,0.195,0.153,1
"DENND6A",0.374651843283588,0.222695693227549,0.055,0.036,1
"CYB5D2",0.374713049274014,0.75764903146038,0.024,0.013,1
"DESI1",0.374976519783384,-0.249413991118028,0.06,0.068,1
"IGHV2-5",0.37499958255445,0.923153193425305,0.035,0.018,1
"ENSG00000237461",0.375001357884659,1.24769829200837,0.018,0.013,1
"SRSF12",0.375014875756489,-0.458954602163417,0.007,0.013,1
"DBNDD1",0.375113752863512,-1.02471817095678,0.009,0.02,1
"SMAD7",0.375254842231583,-0.190078243733711,0.173,0.173,1
"EIF4B",0.375416112239362,0.178364673503772,0.49,0.433,1
"MSN",0.375418965214329,0.159981591333463,0.395,0.313,1
"STAMBPL1",0.375480783453832,-1.09180636841955,0.016,0.021,1
"NR6A1",0.375579100108981,0.10066139394753,0.08,0.079,1
"FLOT2",0.375743671873919,-0.203294239054844,0.118,0.107,1
"CECR2",0.375745347323793,-1.03324226348047,0.009,0.015,1
"ZXDC",0.375869095995521,0.133482565472556,0.146,0.104,1
"KLHL8",0.375899186424325,0.294084093251405,0.064,0.036,1
"KIAA1191",0.375960611021711,-0.143832510717662,0.177,0.176,1
"MIS18BP1",0.375973813369878,-0.140490073259721,0.315,0.303,1
"ENSG00000273702",0.376085230858306,0.996735269092004,0.027,0.013,1
"LINGO3",0.376136985240155,1.25046686008956,0.013,0.005,1
"SLC29A3",0.376302853329354,-0.496981634327481,0.016,0.025,1
"IGKV1-33",0.376607876480949,-0.476021339917994,0.024,0.036,1
"GNPAT",0.376682908933736,-0.102888397086724,0.091,0.097,1
"ENSG00000259007",0.376703171048208,-0.628648982324351,0.009,0.016,1
"SLC25A53",0.37674729070927,-0.439521331106965,0.095,0.11,1
"BACH2",0.376882012696659,-0.137493647657806,0.898,0.886,1
"SPART",0.376970932641585,0.284121215279939,0.098,0.066,1
"COPB1",0.377146764144983,0.167724121346849,0.39,0.328,1
"EDEM2",0.377316767501726,0.35774090734249,0.044,0.026,1
"FADS3",0.377352475094258,0.236554052498041,0.439,0.348,1
"CCDC93",0.377416671839471,-0.120608954525947,0.355,0.339,1
"IL15",0.377497000709814,0.461028155802427,0.082,0.053,1
"PLCB2",0.377716009710791,-0.132445995380663,0.04,0.043,1
"GIGYF1",0.377799068525159,0.358521141982293,0.091,0.066,1
"RRP7BP",0.377812692400216,-0.411817136636478,0.069,0.077,1
"CDKN2C",0.377881872911951,0.52154745371597,0.027,0.018,1
"DGLUCY",0.377913942745967,0.374533034838292,0.071,0.046,1
"NUP50",0.377973299716766,0.308281491003938,0.164,0.122,1
"CKLF",0.378088896330936,-0.667216266072566,0.042,0.049,1
"SMO",0.378246254698153,1.49486613655024,0.02,0.007,1
"ELL2",0.378447960978945,0.314316483829631,0.605,0.53,1
"VPS54",0.378744628417924,-0.489277791000239,0.049,0.058,1
"STAC3",0.37885874407686,1.85476933779289,0.011,0.003,1
"DAD1",0.379057734551135,0.14601696678374,0.255,0.191,1
"SNX27",0.379072061273236,0.640413515361985,0.082,0.054,1
"MRPS28",0.379218581088634,0.392164268951047,0.095,0.064,1
"CCT6P3",0.379236966126506,-0.631779376540666,0.051,0.063,1
"RIPK2-DT",0.379264994331209,0.172219303199176,0.113,0.077,1
"MAP1LC3A",0.37927456682276,0.247689293628398,0.215,0.161,1
"CCNT2",0.379315563551494,-0.204733705357829,0.266,0.264,1
"PSMD5",0.37943893709226,0.224433709307285,0.133,0.096,1
"RNF216",0.379472625196899,-0.303038356638426,0.14,0.152,1
"NREP",0.379481195318444,0.84298411071491,0.035,0.023,1
"ENSG00000288853",0.379568044739865,-0.834942447128033,0.022,0.028,1
"NFYA",0.379724214749328,-0.224735321674171,0.111,0.125,1
"GPR180",0.379912311507085,-0.389692624603048,0.004,0.01,1
"SIAH2",0.379913015827618,0.278081752679853,0.404,0.346,1
"TMEM88",0.380218070657827,0.654144623880978,0.033,0.016,1
"ARMCX4",0.380396658191907,0.639022934741893,0.016,0.008,1
"DOT1L",0.380571203622082,0.220092969256655,0.142,0.102,1
"NSD3",0.380629182786166,-0.224333908291132,0.497,0.498,1
"NEAT1",0.380710270895758,-0.10312821440409,0.486,0.443,1
"LCMT2",0.380991913763256,-0.759014038965661,0.009,0.016,1
"ARFGEF1",0.381191879708889,-0.240737367766792,0.2,0.201,1
"FAM8A1",0.381734605595276,-1.31441469432033,0.013,0.021,1
"RCC1",0.381763480166124,0.690146138497665,0.053,0.031,1
"SNX14",0.381874831806242,0.19600139621111,0.093,0.064,1
"NOL12",0.382042505913843,-0.478638247296416,0.055,0.068,1
"SLC6A16",0.382437433948784,0.231915600938482,0.055,0.036,1
"NAA38",0.382589183418766,0.275933536256528,0.191,0.158,1
"KANSL1L",0.382679689956591,-0.223882220296656,0.131,0.115,1
"NAGLU",0.382707973811876,-0.345743967018849,0.027,0.036,1
"SHISA5",0.382860489644377,0.19858853503453,0.162,0.119,1
"DNASE1L1",0.383044196800036,1.11517663715171,0.013,0.005,1
"ATP5MG",0.383149780282065,0.120828877554146,0.812,0.751,1
"BTG3",0.383173632980402,0.279014144717264,0.306,0.241,1
"MT1X",0.383272216293197,0.951168739010205,0.018,0.008,1
"ENSG00000240401",0.383297428281093,0.117681331019142,0.007,0.012,1
"HECTD1",0.38332501523772,0.297609008401471,0.308,0.232,1
"EAPP",0.383620904323768,-0.133927723647578,0.346,0.316,1
"FOXP1",0.383651041742999,-0.134422573149048,0.894,0.886,1
"TP53RK",0.383705318769113,0.729981463642812,0.093,0.059,1
"ZHX3",0.383757205137491,0.981316414813345,0.038,0.021,1
"SNHG8",0.383910005901969,-0.102841551146406,0.721,0.708,1
"SAMD1",0.383978592350302,0.983055289550038,0.035,0.013,1
"POLD4",0.384374250052689,0.118281437128742,0.368,0.316,1
"DNTTIP2",0.384451283569782,-0.132399831795796,0.426,0.42,1
"H4C2",0.384846869532967,-0.828063175067841,0.009,0.018,1
"CAPN7",0.384891456107046,-0.319105515798528,0.153,0.153,1
"ZNF563",0.38498162558061,-0.429666461176522,0.044,0.054,1
"DSCAML1",0.385017055961365,1.10893084602511,0.013,0.005,1
"ANKRD17",0.385319566787919,0.270114441021626,0.302,0.247,1
"PCNA",0.385625091639532,-0.57328632602223,0.071,0.076,1
"ENSG00000287644",0.385640569214357,-1.36857981000928,0.004,0.012,1
"FAM217B",0.385840311544063,-0.987492268398458,0.011,0.015,1
"CENPU",0.385940885545653,-1.48685542972382,0.009,0.018,1
"IL21R",0.386223886282039,0.160547051409184,0.523,0.47,1
"NAAA",0.386294599434795,-0.598015832026513,0.044,0.046,1
"LINC02202",0.386504715913234,1.19376166515212,0.031,0.015,1
"EPM2AIP1",0.386533629096573,-0.339778959063895,0.111,0.122,1
"RAB20",0.38656099273913,0.857588249875697,0.016,0.007,1
"COX5B",0.386645464915669,0.200242976133166,0.459,0.364,1
"BICD1",0.386688897612335,0.169537959765378,0.08,0.074,1
"DLGAP4-AS1",0.386694968730414,1.17938648993244,0.02,0.007,1
"ENSG00000288788",0.386757125976305,-0.65604624555835,0.035,0.046,1
"BATF",0.3870198310076,0.868735874586697,0.042,0.026,1
"GBP5",0.387436478092243,0.294423927296942,0.053,0.033,1
"MSRB1",0.387647429652113,1.57801575752147,0.013,0.005,1
"SOX12",0.38792471747677,0.398251511024628,0.02,0.01,1
"EXOSC2",0.388220921226804,0.261001267565355,0.071,0.046,1
"GPATCH4",0.388286501426016,0.424097494215082,0.135,0.091,1
"SLC11A2",0.388561726512476,-0.99595679722739,0.009,0.015,1
"ZNF407",0.388960878472751,-0.131982028254381,0.151,0.157,1
"BIN2",0.389056099585527,-0.14242457879097,0.106,0.086,1
"DENND10",0.389155869300949,0.683048413604213,0.055,0.026,1
"NICN1",0.389377481067283,1.48089016783407,0.018,0.01,1
"SMCR8",0.389451419597091,0.669123555187641,0.053,0.035,1
"MRPL50",0.389489791019137,-0.186940820034331,0.184,0.186,1
"NDUFV2",0.389628990817814,-0.146360380832707,0.508,0.481,1
"LENG8-AS1",0.389634275469439,1.0911820618416,0.016,0.005,1
"ENSG00000271380",0.390178189520749,-0.885360616632567,0.009,0.013,1
"MYDGF",0.390526558493243,0.306277980486813,0.251,0.186,1
"ZNF644",0.390600190093879,-0.176954479357425,0.554,0.534,1
"LPXN",0.390761761130228,0.253696749914595,0.612,0.509,1
"PTER",0.390856491633157,0.533446098468502,0.029,0.015,1
"AQR",0.390876748831977,0.160170226150096,0.131,0.107,1
"FICD",0.391114485719341,0.948799763960459,0.018,0.007,1
"ATL1",0.391146732608969,1.39382424518884,0.018,0.01,1
"ZBTB1",0.391151084025871,-0.199115970334107,0.428,0.4,1
"TMEM18",0.39141452982323,-0.260005566352733,0.197,0.185,1
"CGGBP1",0.391450220624308,-0.171138464450865,0.426,0.418,1
"CCNQ",0.391477402425357,0.288032515303398,0.131,0.096,1
"H1-4",0.391497719231348,-0.119889440200603,0.41,0.41,1
"KLHDC4",0.391581336723183,-0.283849485613812,0.073,0.068,1
"ENSG00000253736",0.391592843828127,0.380443590347439,0.129,0.104,1
"CALU",0.391668743310952,0.467534765985877,0.098,0.063,1
"CETN2",0.391951551138089,1.26305748833547,0.029,0.012,1
"COL9A3",0.391963980768042,0.288118829027951,0.133,0.099,1
"FBF1",0.392139899522223,-1.27301440416779,0.007,0.013,1
"SGO1-AS1",0.392540921860837,0.466076606929732,0.042,0.026,1
"ATPAF1",0.392768939690687,0.685491900762402,0.022,0.012,1
"INPP4A",0.392888570733839,-0.266232095153614,0.042,0.044,1
"BCAP29",0.392980519388972,-0.402339744824115,0.089,0.094,1
"DCXR",0.393034349512323,-0.21243496477978,0.399,0.402,1
"TSTD3",0.393036014890129,0.73908383631724,0.058,0.033,1
"CAPN12",0.393091188773375,-1.57112216864351,0.007,0.016,1
"ZC3H11A",0.393097225024418,-0.413120172184666,0.055,0.063,1
"PMVK",0.393178745564041,-0.153455322954101,0.04,0.043,1
"APIP",0.393184431254935,-0.495644043509153,0.055,0.063,1
"ZNF653",0.393215022768569,0.600242977215716,0.029,0.015,1
"NAP1L5",0.39332090320065,-0.241208846542408,0.024,0.03,1
"AP1M1",0.393417127180529,-0.306996229061359,0.082,0.076,1
"SETX",0.393439428252812,0.23600145192465,0.35,0.277,1
"UBE2V1",0.393657258926678,-0.1140935966079,0.246,0.232,1
"MAML2",0.393727785616707,0.196595667031569,0.233,0.189,1
"IL12A",0.393814034474832,-1.42831488310559,0.007,0.018,1
"OTULIN",0.393954797456711,0.427484715642182,0.184,0.142,1
"IDUA",0.394068214454415,0.480143659686032,0.018,0.021,1
"DGCR2",0.394182001270112,0.120403534711157,0.08,0.061,1
"BLOC1S4",0.394447265606692,-0.300553515631083,0.086,0.091,1
"FAM219B",0.394455692699303,0.656000001821147,0.042,0.021,1
"BAG2",0.394578254785227,0.563436768921799,0.058,0.035,1
"FLI1",0.394583867674525,-0.345606247267442,0.169,0.181,1
"ZNF490",0.394636302150213,-0.336152408102593,0.115,0.117,1
"CDC27",0.394872252412758,-0.182744265206314,0.213,0.203,1
"SNX13",0.39500625118319,-0.175078101586082,0.16,0.138,1
"MDS2",0.395006615505196,-2.46283681779622,0.004,0.01,1
"ZYG11B",0.395029457190487,0.642997468806965,0.058,0.035,1
"MTHFD1",0.395152442032425,-0.633494991279835,0.031,0.038,1
"MIR9-1HG",0.39522021807579,1.37319000176816,0.011,0.003,1
"SRSF9",0.395313308028833,0.11616038886161,0.475,0.42,1
"EMC8",0.395388889229437,0.209331938087851,0.195,0.157,1
"C6orf226",0.395405575310205,0.453416899612587,0.055,0.038,1
"ZDHHC4",0.395456345618916,-0.250514172623248,0.053,0.046,1
"ASB16-AS1",0.395633002609763,-0.626207000716021,0.027,0.036,1
"SAP18",0.395736877431481,0.105670010191542,0.705,0.61,1
"DNAJB12",0.395784839595628,0.38434754004198,0.164,0.119,1
"SCOC",0.395819946905332,-0.386406750126566,0.055,0.061,1
"CHKA",0.395917721781199,0.251963588582899,0.14,0.097,1
"LPAR6",0.396217781594482,-0.325037337822191,0.042,0.048,1
"ENSG00000236472",0.396247960941463,1.43263574744963,0.013,0.005,1
"PRAG1",0.396470042112313,-0.134082374927305,0.044,0.031,1
"IMPDH2",0.396481832404735,0.309507770961737,0.279,0.217,1
"ARIH2",0.396513478391404,0.11876810500801,0.404,0.349,1
"ZNF564",0.396549148694391,-0.640769963874519,0.035,0.041,1
"FBXL6",0.396616084035211,0.314668882276447,0.053,0.048,1
"IKBKG",0.396621029683817,0.454009615865182,0.104,0.076,1
"NUCB2",0.396677783215956,0.750597489769444,0.055,0.028,1
"SMIM29",0.396691704295676,-0.256338530360273,0.1,0.117,1
"CSTB",0.39680509513651,0.199525763075959,0.344,0.278,1
"ENSG00000288871",0.397082007275223,-0.279704494343414,0.038,0.048,1
"ZFP36L1",0.397101626606381,-0.122056910497186,0.922,0.916,1
"APMAP",0.397145780486643,0.310135458941086,0.093,0.061,1
"ENSG00000285938",0.397152872919603,1.78712871446081,0.011,0.003,1
"PLGRKT",0.397312730893104,0.361172192054331,0.058,0.035,1
"ALG1",0.397335713468865,0.6150490985226,0.031,0.015,1
"OSGIN2",0.397673524905507,0.259440590131633,0.044,0.041,1
"SLC12A4",0.397677247630825,-0.726724267483204,0.009,0.012,1
"BRD2",0.397706919635155,-0.121984036849058,0.716,0.679,1
"NUP54",0.397723982785006,-0.194229507748471,0.188,0.193,1
"DIP2B",0.39773561848197,0.389182332072376,0.268,0.204,1
"ENSG00000273320",0.397883627285556,1.52125641846251,0.011,0.003,1
"ZNF672",0.397975404052022,-0.31878558419389,0.118,0.114,1
"POLR2E",0.398023126385992,0.370524266124363,0.251,0.17,1
"PRKD2",0.398074123011986,0.374144783870526,0.186,0.13,1
"TNFRSF13B",0.398370057940594,0.75189919817738,0.113,0.068,1
"PHF5A",0.398379191037219,-0.10572298360529,0.315,0.278,1
"SYS1",0.398465397242996,-0.171308165872902,0.29,0.293,1
"STK33",0.398775716205311,0.821168741789497,0.018,0.008,1
"UBR3",0.398887513421133,0.353631967935323,0.157,0.105,1
"PIBF1",0.398929810984414,0.331176741638462,0.166,0.124,1
"UTP15",0.399027143041223,0.227619586636351,0.06,0.049,1
"ZNF225-AS1",0.399164801663702,2.12581595824468,0.011,0.003,1
"ETNK1",0.399278804965883,0.149637472017701,0.31,0.239,1
"PSD3",0.399338029223792,0.60728405472664,0.042,0.023,1
"TULP3",0.39938614464062,-0.674664522237094,0.042,0.049,1
"THG1L",0.399396619455428,0.650514159908593,0.064,0.036,1
"TLR10",0.399546804383284,-0.332811353172542,0.033,0.025,1
"CNOT6",0.39977531085247,0.525026366625726,0.089,0.061,1
"ALS2",0.40004696155168,-0.983925388783278,0.018,0.023,1
"FAM120C",0.40031070055851,-0.575635726789934,0.027,0.021,1
"STXBP3",0.400388245980476,0.135888972057613,0.246,0.214,1
"C15orf40",0.400539359629395,0.197517333917166,0.053,0.048,1
"DOCK4",0.400570771933908,1.04566805852872,0.033,0.016,1
"DAPK1",0.400784530307344,-0.226733464738894,0.007,0.012,1
"C11orf24",0.400787279472853,0.410871024500468,0.082,0.049,1
"RALGAPB",0.401055578348109,0.373701119754534,0.182,0.13,1
"NIPAL4",0.401065633260336,0.224373317468614,0.069,0.046,1
"CDKAL1",0.40113685557179,0.106151147627296,0.206,0.171,1
"PARP10",0.401157282078123,-0.713335302090288,0.038,0.044,1
"KAZN",0.401219493827312,-1.00117621370441,0.007,0.01,1
"PWP2",0.401264553142785,0.224467261183509,0.102,0.071,1
"FANCM",0.401325421227934,-0.550833359939082,0.035,0.035,1
"ARNT",0.401346730469412,0.231562514835625,0.104,0.077,1
"MVK",0.4013491876862,-0.45086913414606,0.049,0.053,1
"TTC28",0.401418932421521,0.147912002380291,0.058,0.049,1
"HDAC4",0.401592546029911,0.287088421027153,0.12,0.096,1
"LEMD2",0.401641553910622,-0.491687931459973,0.069,0.074,1
"SNAP47",0.401703240954721,0.860808533137986,0.033,0.018,1
"KLHL21",0.40173594003264,-0.67239010909644,0.058,0.053,1
"ENSG00000241073",0.401759213369873,-0.777057754393788,0.011,0.016,1
"DHCR7",0.401907737596909,0.824840114267431,0.018,0.008,1
"ARF3",0.401969339517539,-0.362471970258089,0.1,0.094,1
"NUFIP1",0.40225571023972,-0.224327503988583,0.062,0.066,1
"TTF2",0.402289945224914,0.600938458740864,0.047,0.028,1
"STT3B",0.402349022629789,0.234120519537014,0.319,0.255,1
"SH2D3A",0.40237752837573,-0.25841292541199,0.166,0.157,1
"PITPNA",0.402462944494947,0.3562871766795,0.166,0.112,1
"TMEM138",0.402820173822248,0.180827945445767,0.084,0.058,1
"UFL1",0.40288801988751,-0.343915267128001,0.153,0.152,1
"SPPL2B",0.402934050968417,0.388716491304721,0.126,0.091,1
"BCL11A",0.403118725734812,0.150730824069293,0.264,0.213,1
"ABAT",0.403176831550817,0.601724532544127,0.044,0.025,1
"BZW1-AS1",0.403270204667545,-2.20413047210514,0.004,0.01,1
"AARSD1",0.403373121149928,0.569006159223316,0.084,0.049,1
"IGHV3-49",0.403635501127478,-1.43933393960606,0.004,0.012,1
"ACACB",0.403872061063195,0.541375968030365,0.007,0.01,1
"GDAP2",0.403999255670934,0.284310808235777,0.118,0.082,1
"PLEKHG1",0.404037210579523,0.146250448126433,0.743,0.656,1
"CAST",0.404369889462181,0.152215647759287,0.492,0.395,1
"NUP214",0.404504106003038,0.232141793365568,0.191,0.142,1
"ENSG00000288926",0.404537336698563,1.11346074952173,0.011,0.003,1
"ENSG00000286334",0.404661974438377,-0.542764270437861,0.011,0.016,1
"C2CD2",0.404712675292455,-1.41152407499286,0.009,0.016,1
"NUP133",0.404750717215155,0.220417072348366,0.175,0.147,1
"SP3",0.404785055973602,-0.279164871330964,0.31,0.305,1
"MRPL38",0.404813300753494,-0.184905491081641,0.144,0.145,1
"HNRNPUL1",0.404848017099676,0.23537260640497,0.424,0.356,1
"COG7",0.405015507306668,0.598043797905994,0.038,0.028,1
"OBI1",0.405057776339727,0.368191665558804,0.122,0.081,1
"GRHPR",0.405066197460846,-0.121822621518446,0.126,0.122,1
"HMGCR",0.405105492959884,-0.343661235215492,0.118,0.107,1
"PTPN6",0.405154264008589,0.260362299184377,0.299,0.241,1
"ZNF524",0.405163088442662,0.193657806317526,0.038,0.025,1
"MRPS23",0.405299781475571,0.183455803326187,0.091,0.059,1
"TOPBP1",0.405303679372402,0.234737476248596,0.162,0.117,1
"ETFDH",0.405490846445941,0.477436481172852,0.053,0.04,1
"ENSG00000289293",0.405553975485199,0.191723298889535,0.104,0.071,1
"ANAPC7",0.405562843175691,-0.360133383249318,0.053,0.049,1
"NUF2",0.405674637693207,-2.24694060302321,0.007,0.015,1
"SLC3A1",0.405758234142116,-0.650956286300338,0.011,0.016,1
"CENPX",0.405793197030509,-0.140945650460964,0.075,0.061,1
"ZNF26",0.405862821052252,-0.347882830405673,0.069,0.072,1
"YME1L1",0.405934623060835,-0.100980865428572,0.419,0.404,1
"ENSG00000269243",0.406079392390048,-1.33431908715874,0.004,0.01,1
"KLHDC2",0.406159657024111,-0.239206534241007,0.122,0.114,1
"ENSG00000228655",0.406407805252649,-0.29152003888047,0.075,0.079,1
"CBX1",0.406566761872682,-0.299497058449573,0.095,0.107,1
"MT2A",0.406589595485673,0.544251052893201,0.058,0.054,1
"SPIB",0.40662112489659,0.161242451628122,0.69,0.634,1
"BZW2",0.406673904413537,0.374279630499603,0.175,0.143,1
"PPP4C",0.406762815601245,0.26438877528587,0.424,0.339,1
"PYM1",0.407173820102369,0.465467575154676,0.064,0.038,1
"PSMC1",0.407522320723893,-0.309730353449527,0.137,0.142,1
"MICAL3",0.407659107367184,0.220057574040362,0.242,0.194,1
"LIMS2",0.407683081678509,0.344000695583106,0.058,0.036,1
"H2BC12",0.407919081420929,0.242204953638183,0.186,0.142,1
"CCT5",0.408128878976255,-0.113081479255017,0.35,0.313,1
"SMIM14",0.408146097357288,0.209776585308397,0.302,0.255,1
"ZNF628",0.408182281649034,0.435773190281723,0.058,0.038,1
"CRIP2",0.408359557374105,-0.13113269542681,0.055,0.053,1
"SF3B6",0.408394095625986,0.158873577281283,0.404,0.328,1
"ABL2",0.408691082251467,-0.421610166648057,0.055,0.058,1
"SUSD6",0.408716360504026,0.234370529046169,0.211,0.17,1
"TTC28-AS1",0.40891547598464,0.598390996359176,0.024,0.021,1
"PHF8",0.40893613264793,-0.202358383851746,0.058,0.064,1
"ENSG00000272195",0.408947007965736,1.49757713080565,0.011,0.003,1
"TRIM52",0.409170279005955,-0.571628050452792,0.027,0.03,1
"TMEM167B",0.409211017968758,-0.249638929506634,0.222,0.232,1
"POLH",0.409262965301692,-0.307428216042069,0.049,0.056,1
"CBX6",0.409595573343524,-0.679472796686616,0.035,0.044,1
"HINT3",0.409645616458823,0.411057943263781,0.049,0.031,1
"PLCE1",0.409681189970207,1.08131144099371,0.016,0.007,1
"SCML4",0.409849580436849,0.404485116588523,0.155,0.104,1
"DNAJC7",0.409872723626825,-0.156519849114043,0.275,0.269,1
"HIPK1",0.409900181135606,0.252427328482096,0.279,0.226,1
"MIER1",0.409933050804442,-0.210449976745786,0.361,0.341,1
"RIDA",0.410029966094938,0.524745378528765,0.011,0.005,1
"PCMTD1-DT",0.41022968911819,1.13820669892044,0.02,0.008,1
"BRD9",0.410320126456046,-0.122763474705356,0.102,0.077,1
"CASP8",0.410392288476103,0.279804986079275,0.184,0.145,1
"STRADB",0.410488487148293,0.440087754297884,0.051,0.031,1
"YTHDF1",0.410506020010286,0.121606746655916,0.188,0.148,1
"TUT7",0.410963358892393,0.200136942545784,0.251,0.189,1
"MAPRE2",0.411460825726116,0.129696339015055,0.497,0.427,1
"CLYBL",0.411561690509285,1.10381434456795,0.022,0.008,1
"SNHG14",0.411844356900404,0.35032843519668,0.113,0.082,1
"MDM1",0.411920551646858,-0.554209037794639,0.031,0.036,1
"CARNS1",0.412044925476345,1.13093272290785,0.013,0.005,1
"SLCO5A1",0.412239018321688,0.515840144813362,0.115,0.079,1
"RSRC1",0.412294559544005,-0.224755577487898,0.166,0.171,1
"IRAK4",0.412399157561678,0.278459574757949,0.115,0.087,1
"ABCA5",0.41253257981924,-0.644936481138587,0.042,0.051,1
"VWA8",0.412667902114549,0.959926412567982,0.04,0.021,1
"MFSD10",0.412678837724686,0.273734347221792,0.2,0.147,1
"GTF3C4",0.412760663207662,-0.172847386085941,0.169,0.16,1
"RIC3",0.412762278427867,-0.339668967300696,0.091,0.079,1
"MCUB",0.413412969419276,0.272378125176453,0.213,0.155,1
"FGD5-AS1",0.413451588469478,-0.558712471430331,0.093,0.099,1
"RPUSD2",0.413556473819115,0.852421287550022,0.033,0.02,1
"DNAJC4",0.413618543779701,0.277058392458761,0.222,0.171,1
"STIM2",0.413912636685727,-0.272742463762973,0.346,0.367,1
"MDN1",0.414139098121559,0.308918891221976,0.089,0.056,1
"STEAP1B",0.414184660788212,0.187355257656714,0.208,0.16,1
"H2AC21",0.414253675555456,-0.49803947617919,0.02,0.028,1
"RECQL5",0.414409849486716,0.852316447929546,0.027,0.015,1
"PRDX4",0.414424506102087,0.282624539809559,0.122,0.084,1
"MYEF2",0.414672562587669,-0.445780229294081,0.064,0.066,1
"TSTD2",0.414732468844748,0.4175190720686,0.137,0.094,1
"GAK",0.414796502905963,0.387163308127101,0.279,0.204,1
"SERPINB6",0.414802231340721,0.734262579294456,0.022,0.01,1
"SDK1",0.414857476994711,-0.795602294932306,0.009,0.016,1
"BZW1",0.414959498381513,0.113197645221961,0.701,0.657,1
"ANKRD26",0.41519968199963,0.780082580786197,0.055,0.036,1
"PPP1R13L",0.415224291367569,0.468209566471501,0.018,0.008,1
"ARL17B",0.415264820699225,-0.300271964345116,0.029,0.033,1
"FBXW4",0.415436147597746,-0.165796343011208,0.078,0.064,1
"ENSG00000235635",0.415520601884449,0.416423061365417,0.011,0.003,1
"ZBTB26",0.415533899079246,0.353991701864468,0.044,0.038,1
"TACO1",0.415841590708219,0.483307062387778,0.049,0.03,1
"COA1",0.415883787644414,-0.302408523752934,0.126,0.133,1
"SLC37A3",0.416192172643371,-0.343603344503699,0.033,0.03,1
"SMIM7",0.416484112119882,-0.189768668230155,0.162,0.147,1
"TTLL4",0.416508947993588,0.819603242251586,0.035,0.02,1
"ENSG00000258623",0.416619767187385,0.509046703840299,0.053,0.036,1
"NBPF8",0.416630958221991,0.551023475686846,0.069,0.041,1
"FEM1C",0.416748647728826,-0.457903310261733,0.089,0.094,1
"TNF",0.41679996640398,0.20727525062924,0.251,0.231,1
"TJAP1",0.416858779275108,-0.373703602755273,0.062,0.068,1
"C1orf122",0.417057935992821,-0.227564974872738,0.142,0.133,1
"CROCCP2",0.417070018667397,-0.314765166152339,0.064,0.074,1
"PATL2",0.417122717626399,0.404604897239333,0.104,0.071,1
"MTX2",0.417302905403,-0.471436177661758,0.035,0.04,1
"MBNL1",0.417393607020499,-0.123146414404264,0.674,0.654,1
"PTP4A3",0.417578749541223,0.555049225456124,0.047,0.026,1
"SLC39A11",0.417700762801754,0.480381646823093,0.049,0.031,1
"TBP",0.418019364747925,-0.319651376957502,0.093,0.1,1
"CCDC159",0.418061938400279,0.607609368927452,0.033,0.026,1
"P4HTM",0.418077455468236,0.183676228962744,0.051,0.036,1
"AASDH",0.418098557605625,0.490964718124177,0.058,0.033,1
"IGLC3",0.418099313422736,0.212331855605685,0.18,0.157,1
"SLC17A5",0.418370909054716,-0.272449132134178,0.06,0.049,1
"ITGA5",0.418425720128897,0.766914652668761,0.04,0.018,1
"TRPC4AP",0.418757953754853,-0.204099103129307,0.246,0.232,1
"FSD1L",0.418994133736261,-1.12345373268618,0.02,0.03,1
"E2F5",0.419292883380978,0.138930350304048,0.275,0.216,1
"ZNF236",0.419346517511281,0.302601023948537,0.095,0.072,1
"RAB33B",0.419353756731725,0.233159345352133,0.084,0.059,1
"ENSG00000270022",0.419448154003037,0.961140912259048,0.035,0.026,1
"IFIT3",0.419463476621083,-0.391276471330333,0.02,0.01,1
"PHLDA1",0.419765507973143,-0.541624383261795,0.033,0.043,1
"PGM3",0.42008732762874,0.517660503996351,0.06,0.044,1
"LEMD3",0.420098854653237,-0.217501581415353,0.264,0.272,1
"PIP4P1",0.42013033097184,-0.216421758232518,0.302,0.288,1
"MOSPD3",0.420135205066344,0.382535459017249,0.031,0.016,1
"SART1",0.420157701777433,0.328851491296723,0.222,0.153,1
"TRAPPC14",0.420202109160164,0.447778667146426,0.109,0.074,1
"L3MBTL3",0.420387991368835,0.467268072320853,0.1,0.072,1
"ENSG00000273149",0.420415313827377,-0.343549698497415,0.047,0.054,1
"IGHV1-18",0.420472884242897,0.172580339388067,0.04,0.041,1
"C2orf74",0.420568202251796,-1.0396631335161,0.007,0.012,1
"BSG",0.420682707277755,-0.144668414808197,0.304,0.29,1
"PIGX",0.420764069906355,-0.138130699117998,0.111,0.105,1
"MRPS36",0.420810795124784,0.142885764544566,0.293,0.249,1
"USP8",0.420826682922254,0.116381008227259,0.346,0.27,1
"ZNF410",0.420843665386225,-0.17915350262071,0.264,0.262,1
"PRPF19",0.421023215174444,0.454753903437586,0.122,0.079,1
"OARD1",0.421191345537225,0.248721214686404,0.111,0.077,1
"N4BP2",0.421199095350491,-0.141600307319324,0.095,0.094,1
"RCOR3",0.421213186614045,-0.232872359754144,0.133,0.14,1
"SNRNP70",0.421370541012478,-0.144081123799465,0.419,0.402,1
"ENSG00000274460",0.421443039362399,0.961929694834673,0.02,0.01,1
"ALG9",0.421450618094568,1.32420837872025,0.038,0.018,1
"ACBD3",0.42145288217461,-0.224502687245084,0.328,0.311,1
"ZNF850",0.421466177530096,-0.593940135105562,0.022,0.028,1
"APTX",0.421571059660319,-0.455501441976013,0.08,0.082,1
"TLN1",0.421639891843349,-0.211655256119328,0.259,0.242,1
"TMEM260",0.421725129673296,-0.435919733230043,0.047,0.056,1
"PHPT1",0.421893651760151,0.264486814619421,0.109,0.077,1
"RAD54L",0.421911433658811,1.7538601509033,0.013,0.003,1
"NBPF12",0.421921695605768,0.178202620680017,0.131,0.092,1
"MMS22L",0.421958642451555,-0.551737740774213,0.011,0.016,1
"OFD1",0.422064844613625,-0.234340508507266,0.284,0.283,1
"CTBP1-AS",0.422101624318382,-0.930827303747981,0.004,0.01,1
"PPP5C",0.422130743788023,0.332617097483725,0.062,0.054,1
"NAA16",0.422214538981542,0.428388286522594,0.126,0.1,1
"DMD",0.422411447833766,0.197091082184172,0.067,0.064,1
"SPAG4",0.422494084139198,0.772233776409102,0.069,0.038,1
"OGFOD1",0.422561461252292,0.173790098199067,0.075,0.046,1
"SHFL",0.422782435297773,0.200505035869889,0.14,0.1,1
"ATP5F1C",0.422867312949409,0.239014028714927,0.288,0.209,1
"LPIN2",0.423003506231782,-0.273102960153712,0.191,0.168,1
"ZNF493",0.423037402875213,0.133818743050959,0.102,0.087,1
"ANKRD17-DT",0.423266184945683,-1.84419274736325,0.004,0.012,1
"ENSG00000238142",0.423772717537691,0.174360014275001,0.033,0.02,1
"RAB11A",0.423901826469433,0.143722207608914,0.707,0.644,1
"ATP1A3",0.42390687990076,-1.05409474179033,0.007,0.013,1
"ZNG1E",0.423918196069756,-0.183807314696967,0.149,0.153,1
"ENSG00000257275",0.42424094646471,0.428173498765698,0.06,0.051,1
"SEC61A2",0.424244009062935,0.175419219098027,0.071,0.049,1
"LMNA",0.424623551648209,0.118888549043228,0.541,0.507,1
"PDCD11",0.424969694393847,-0.827075715897949,0.031,0.041,1
"MTERF1",0.425022277606711,0.411327388884039,0.053,0.033,1
"PIAS4",0.425054328368348,-0.222251643401584,0.062,0.059,1
"RNF25",0.425238992347575,-0.162952380152471,0.078,0.081,1
"LCDR",0.425305026338213,0.501480622239543,0.011,0.005,1
"TRIM66",0.425318502987478,1.47102261368004,0.02,0.008,1
"PKHD1L1",0.425381278685753,-0.464156253869541,0.016,0.02,1
"IGHV3-33",0.425428481965755,0.488669458326957,0.069,0.049,1
"PAXIP1-AS2",0.425452832157708,0.565217396328612,0.029,0.015,1
"NOPCHAP1",0.425507231977088,-0.436292694574151,0.055,0.066,1
"ENSG00000222043",0.42554084868397,0.330758444628263,0.033,0.018,1
"FAM111B",0.42555368310194,0.586820883303107,0.053,0.031,1
"ZBTB25",0.425607283660319,0.286685437985485,0.093,0.068,1
"CLPTM1",0.425738420038997,-0.280513978805081,0.151,0.152,1
"PARVG",0.42586463559695,0.176496672332882,0.197,0.145,1
"ZNF276",0.425951926529877,-0.571489339236757,0.093,0.097,1
"EIF3M",0.426117998436032,-0.116388477464353,0.441,0.417,1
"MFSD2A",0.426215594487887,0.496072373472687,0.075,0.048,1
"SF3B3",0.426257628997053,-0.274172317860402,0.2,0.208,1
"ST3GAL2",0.426515021045662,-0.729120888910452,0.022,0.03,1
"IRF3",0.426668382669748,0.172227065186287,0.075,0.061,1
"KDM4C",0.427059853578963,-0.181371462299695,0.319,0.313,1
"PTPRC",0.427214940567879,-0.110819749652882,0.716,0.71,1
"AHCYL1",0.427218000243431,0.534940344310191,0.098,0.076,1
"GSTCD",0.427246655339862,0.654715618290967,0.029,0.018,1
"UBE4A",0.427461359129273,-0.317626921472614,0.177,0.176,1
"TM2D1",0.427493300604149,0.463559180239201,0.14,0.091,1
"TMEM41A",0.427819274063606,0.654971686503969,0.06,0.035,1
"CDC7",0.427845282272844,0.424444504993184,0.018,0.01,1
"ARHGAP21",0.42789473354894,-1.65955652665219,0.007,0.013,1
"NDUFAF8",0.428218496454854,0.405061002952431,0.177,0.125,1
"PIGA",0.428332045136713,0.208381812371121,0.086,0.074,1
"PGRMC2",0.428409708795996,0.508243799596245,0.111,0.072,1
"LYPLA1",0.42842211041487,0.135173318630915,0.173,0.147,1
"L3MBTL1",0.428568774758751,1.15004829104423,0.013,0.005,1
"ANTKMT",0.428854632904067,0.800441191297727,0.051,0.033,1
"CPSF7",0.428886318228539,-0.20765586110305,0.275,0.252,1
"DCTD",0.429187757317028,0.760408269264771,0.051,0.03,1
"ZCCHC2",0.429196354119241,0.142525131778674,0.095,0.089,1
"EFTUD2",0.429244536866325,0.266423039864298,0.142,0.109,1
"TRIM39",0.429318510453276,-0.279129963908862,0.144,0.15,1
"DGCR8",0.429512973210051,-1.08816275722275,0.022,0.028,1
"MARK3",0.429670092656808,0.152913285323893,0.231,0.183,1
"GCN1",0.429810596797968,0.493146797524245,0.089,0.061,1
"PDCD4-AS1",0.430040596214439,0.180209971135767,0.067,0.041,1
"CENPM",0.430215866802032,-0.499267238635992,0.075,0.077,1
"PATJ",0.430232040874701,-0.428511300281985,0.031,0.036,1
"ASTE1",0.430322283250035,-0.175171798142625,0.075,0.064,1
"SNAP23",0.430363002242369,0.154662866383515,0.208,0.163,1
"BISPR",0.430501724894833,0.541861239059909,0.044,0.028,1
"TADA2A",0.431052559555939,-0.592691963443688,0.029,0.036,1
"CPSF1",0.431267826717159,-0.459028207552645,0.044,0.043,1
"ZNF286A",0.43129494985663,0.493704040229965,0.047,0.028,1
"RAB31",0.431331985143468,0.543725970837472,0.109,0.071,1
"ZNF699",0.431459805557843,0.23014116039589,0.033,0.02,1
"LMF2",0.431514546434313,0.343239607718153,0.124,0.087,1
"SPATA5",0.431722016103848,0.729535280627569,0.047,0.03,1
"MFNG",0.431756618912877,0.187271713222799,0.126,0.091,1
"CEP112",0.431801385425342,-0.815251305815078,0.016,0.02,1
"ZBTB5",0.432269965380117,0.149468659466388,0.169,0.125,1
"ENSG00000288879",0.432288586441927,0.406508687926939,0.033,0.021,1
"TAX1BP3",0.432446084783039,0.844287334775031,0.044,0.021,1
"SIRT6",0.43252290809132,-0.398778300503879,0.073,0.072,1
"SLC1A5",0.433079218851154,0.254658101627025,0.129,0.086,1
"TECPR2",0.433600072061121,0.974668544741481,0.018,0.007,1
"SEPTIN9",0.433765373982258,0.256540507161141,0.432,0.339,1
"HSD17B4",0.433782261305147,-0.655855587220764,0.031,0.03,1
"RTF1",0.434002905586798,0.236385416191093,0.317,0.265,1
"MXI1",0.434049155005585,-0.245331985192028,0.268,0.275,1
"GRPEL1",0.434138304955442,0.187581217816214,0.155,0.117,1
"LDOC1",0.434194398308905,0.298426405492041,0.033,0.023,1
"VILL",0.434435054560452,0.668415479424118,0.024,0.013,1
"LINC02100",0.434532107563557,0.450335006946876,0.018,0.008,1
"TCF12",0.434587582663977,0.254880901327851,0.308,0.257,1
"UROD",0.434822352380942,0.652443151208624,0.055,0.028,1
"CNP",0.43484318372716,0.464570857113416,0.049,0.031,1
"NRDE2",0.434885180197423,-0.827183885708844,0.053,0.063,1
"VARS1",0.434907394065232,-0.346552325983236,0.029,0.031,1
"FHL1",0.434978890999369,1.36177086380549,0.013,0.005,1
"ZRANB1",0.43498664376886,-0.278800659556179,0.12,0.117,1
"KLHL36",0.435349127502467,-0.378949872438278,0.118,0.114,1
"POP4",0.435375345501597,-0.135547330949396,0.089,0.076,1
"PIGS",0.435761185308442,-0.174261831022351,0.042,0.043,1
"POLE",0.435834058619828,0.675049405561122,0.06,0.031,1
"H2AJ",0.435880772950503,-0.357226317494755,0.102,0.107,1
"GTPBP8",0.435880975641562,0.257294277142804,0.091,0.076,1
"MAGED1",0.43590982567056,0.823556942635821,0.069,0.041,1
"SH3BP5-AS1",0.435948330936356,0.839787126018666,0.044,0.025,1
"C1QTNF7-AS1",0.436006884462155,-0.978561527585911,0.013,0.021,1
"FYCO1",0.436044768719732,0.683864146010888,0.033,0.016,1
"NRIP3",0.436243259796346,-0.637256964246919,0.009,0.012,1
"CHST14",0.436281683864017,-0.322069236992052,0.02,0.026,1
"CCZ1B",0.436535783881353,-0.431157631449592,0.035,0.044,1
"HACE1",0.436554377884536,1.12759113848863,0.02,0.01,1
"ENSG00000256448",0.43661119212786,1.20751128163036,0.02,0.008,1
"MAN1A2",0.436673930234453,0.339074338716351,0.164,0.119,1
"HIC2",0.436891125680861,0.456666904449157,0.08,0.051,1
"CD68",0.436915257057276,1.25329873026827,0.018,0.007,1
"KANSL1L-AS1",0.436995850747365,1.12623245707737,0.011,0.003,1
"PAK2",0.437182232968371,0.220231534350595,0.494,0.392,1
"METRN",0.437262102416667,1.10009972652715,0.018,0.008,1
"C12orf60",0.437428867889793,-1.02435682554624,0.013,0.023,1
"MAP3K4",0.437729669567271,0.425005743540032,0.091,0.063,1
"GATAD1",0.438175841826719,0.56396968096481,0.058,0.041,1
"IFT88",0.438469728838164,-0.138343156824089,0.042,0.046,1
"CCND1",0.438477103246593,0.719401757612783,0.031,0.016,1
"MPG",0.43870839368307,0.602295941501917,0.102,0.061,1
"ENSG00000278002",0.438789231923656,0.361003524686011,0.033,0.023,1
"ADAMTS6",0.438912433331702,0.685712396714442,0.033,0.015,1
"RRAGC",0.439014840115575,-0.280959835314868,0.304,0.295,1
"GEMIN5",0.439121729120849,0.908760420679495,0.049,0.026,1
"MFHAS1",0.43917701626627,-0.350219637886379,0.047,0.051,1
"CBL",0.439487121529861,0.246978202212499,0.111,0.089,1
"ZBTB20-AS5",0.43949568123918,-0.519477362173633,0.016,0.02,1
"TNFRSF14-AS1",0.439553170890033,-1.06341994545344,0.016,0.025,1
"APPBP2",0.439588360961395,0.138645775795574,0.142,0.124,1
"NPIPB3",0.439633603892935,-0.897643900655758,0.029,0.038,1
"ENSG00000289370",0.439814311944768,0.589234137395721,0.011,0.005,1
"TOR2A",0.440110167067465,-0.330450834217896,0.02,0.028,1
"C18orf25",0.440380287189452,0.111049302215918,0.186,0.147,1
"ACAA2",0.440391073139898,0.405234928443217,0.038,0.02,1
"SLAMF6",0.440420953456922,0.278094246480326,0.08,0.068,1
"CCDC71L",0.440424401691292,0.20845646534914,0.071,0.046,1
"PKIA",0.440725705658304,0.27302822699233,0.055,0.049,1
"CLCC1",0.441076075213111,0.74582831381992,0.06,0.033,1
"UBXN6",0.441465324289242,0.546864251547988,0.062,0.035,1
"ENSG00000288839",0.441544726986549,-0.386447911717897,0.007,0.012,1
"C16orf46",0.441685969165523,-0.698791968614284,0.044,0.054,1
"ZBED4",0.441704261067565,0.550645238733523,0.062,0.036,1
"GZMM",0.44171766388807,1.3677003583504,0.011,0.005,1
"EXT2",0.441723298622882,0.518176726273937,0.078,0.049,1
"TTF1",0.441747372211369,-0.167071426287561,0.186,0.17,1
"COX6A1",0.442035009174626,0.16992930128461,0.67,0.598,1
"IL7R",0.442185480271563,2.18820326773029,0.018,0.008,1
"NBDY",0.442392709402271,0.183844354029091,0.248,0.188,1
"TCF20",0.44248474757543,-0.166349301255258,0.078,0.081,1
"PAGR1",0.442621125614636,0.446622753438227,0.098,0.063,1
"RETSAT",0.442623414685103,0.654650006800011,0.016,0.007,1
"ENSG00000284428",0.442687723842697,0.717115421419937,0.051,0.033,1
"DNAH11",0.442716005647849,-0.998989445678611,0.009,0.015,1
"TM7SF2",0.442849210591701,1.03209149382698,0.022,0.008,1
"PPP1R16B",0.442899268316413,0.242813997401404,0.341,0.265,1
"ENSG00000288983",0.44302448354617,0.520933369755604,0.051,0.033,1
"XXYLT1",0.443081361630435,0.314266199075293,0.035,0.02,1
"EXOSC5",0.443319588142137,0.123966013294473,0.033,0.031,1
"PPP4R2",0.44332555847075,-0.114520025249587,0.359,0.353,1
"PEBP4",0.443347323752744,1.18559079182241,0.011,0.005,1
"TBCEL",0.443722274695711,0.723274570750138,0.035,0.023,1
"TLE3",0.443810838935005,-0.155445764458777,0.146,0.132,1
"SGTA",0.443883023905249,0.335305938044486,0.171,0.119,1
"MRPL35",0.443996459885359,-0.864195720651503,0.022,0.025,1
"LY9",0.444021259604666,-0.215969657536541,0.667,0.652,1
"FAM222A",0.444021689025671,0.225394457448018,0.109,0.079,1
"RRP36",0.444246897218943,-0.1514677281788,0.078,0.081,1
"ENSG00000291220",0.444250093116953,-1.71452758985814,0.007,0.013,1
"PRR34-AS1",0.44433540814961,-1.41681309916908,0.009,0.016,1
"MAP4K4",0.44434894441624,0.149140056717502,0.588,0.545,1
"RHD",0.444355323839353,0.652506170254783,0.016,0.007,1
"ENSG00000275765",0.444641964480472,1.29398599558949,0.013,0.005,1
"PANK1",0.444820612249014,1.30407447524454,0.013,0.003,1
"VAC14",0.444895935002169,-0.315810713900346,0.075,0.081,1
"ENSG00000291075",0.445033540830875,0.259817516945381,0.149,0.107,1
"VKORC1L1",0.445250950078367,-0.327624653911165,0.047,0.04,1
"PSTPIP1",0.445330221203291,0.467963739566017,0.071,0.044,1
"TMX1",0.446197038626181,-0.157527256430522,0.124,0.112,1
"SMC3",0.44625320717795,-0.244861522129417,0.259,0.247,1
"VAMP2",0.446330548908526,-0.246918289221412,0.481,0.47,1
"IGHV7-81",0.446800195460663,-2.21159203000042,0.007,0.015,1
"TTI2",0.44681649223269,-0.212514737014157,0.044,0.03,1
"PDHB",0.446878213681349,0.147085255912793,0.137,0.102,1
"BPNT1",0.447115854498791,1.3038259002884,0.02,0.008,1
"VPS29",0.447130640601013,-0.276097807593211,0.173,0.176,1
"SESN1",0.44713663407178,0.464087123380726,0.102,0.069,1
"HCFC2",0.447139875705733,-0.646852846446004,0.058,0.068,1
"GSN",0.447264464880829,-0.776203510491564,0.027,0.036,1
"ECSIT",0.447352300419349,0.413485384017101,0.091,0.068,1
"NLK",0.447668712970075,0.167444479551308,0.042,0.04,1
"PCYT2",0.447683953762356,-1.64718132141347,0.013,0.025,1
"PEX3",0.447766083612919,-0.426743954354454,0.047,0.04,1
"PPP1R15B-AS1",0.447768422050056,-0.446925019482592,0.024,0.02,1
"DBF4B",0.447977842464679,1.47344117362136,0.013,0.005,1
"NGFR",0.448007368781445,0.809420486699578,0.013,0.005,1
"DDX20",0.44812931915507,-0.186323607218528,0.133,0.133,1
"RGS1",0.44817900873784,0.110090599677185,0.273,0.239,1
"BBC3",0.44838584344519,-0.380345212850166,0.106,0.12,1
"BABAM2",0.448497575144593,0.26083017044295,0.171,0.124,1
"TTC39B",0.448537381963739,0.391911605708225,0.027,0.016,1
"HYPK",0.448538215699109,0.102136534891588,0.071,0.061,1
"IGLV2-11",0.448633618600347,-0.452261877188496,0.016,0.023,1
"CPOX",0.448655595235728,0.981013315510554,0.018,0.007,1
"PSMB4",0.448680806671554,0.189159916845747,0.317,0.244,1
"STK40",0.448960917663849,0.299383844076468,0.271,0.194,1
"TRMT44",0.448969498427152,-0.206506140395087,0.031,0.035,1
"ZMYM4",0.449068301815919,0.10238700729907,0.124,0.099,1
"TCEA2",0.449298542723155,0.479217241461291,0.091,0.059,1
"NSUN6",0.449301994584456,0.400759746027937,0.082,0.063,1
"GSTM2",0.449327643290905,-0.983990156757791,0.009,0.016,1
"NOB1",0.449501278444067,-0.136959423407404,0.204,0.194,1
"PRDM4-AS1",0.449656663667143,0.464969270823309,0.04,0.02,1
"ENSG00000288919",0.44968059561319,0.807912941273529,0.029,0.016,1
"ZNF160",0.449780046940461,0.339121365481598,0.109,0.071,1
"ATP5PD",0.449814407808057,0.290182156971942,0.193,0.14,1
"FAM168A",0.449835785800169,0.108963686100606,0.051,0.038,1
"WSB2",0.449955527399047,0.483857334506501,0.04,0.023,1
"ZNF559",0.450610734959521,-0.20460714074438,0.018,0.023,1
"PIGG",0.450719097100685,-0.699635251922261,0.04,0.046,1
"TMA16",0.450752500746773,0.637017936350863,0.064,0.033,1
"DNAI7",0.451329100632729,0.555126026905767,0.013,0.005,1
"IGLV2-8",0.451405589107782,1.23499682872337,0.018,0.008,1
"ICA1L",0.451623929720249,-0.833452597502477,0.02,0.025,1
"ESD",0.451703940614219,0.374808668432371,0.124,0.086,1
"SEPHS2",0.451707655606619,0.181253461230282,0.14,0.107,1
"EGR2",0.451770145099542,0.595063511322812,0.106,0.068,1
"TRIM3",0.451991983290565,-0.254476434175313,0.02,0.023,1
"PIGF",0.452013303885943,0.244440931122643,0.055,0.048,1
"COQ10B",0.45223746166531,-0.139342793900213,0.37,0.367,1
"MRPS10",0.452368030053578,-0.238401955778618,0.115,0.117,1
"ZNF652",0.452473977374361,0.410880086701991,0.126,0.089,1
"CNDP2",0.452577434630067,-0.34661601783699,0.118,0.127,1
"MSH3",0.452599846281981,0.56656121470059,0.058,0.038,1
"ENSG00000290560",0.452674847050545,0.535047600080767,0.053,0.036,1
"TLNRD1",0.452684400399747,-0.219965460426243,0.222,0.216,1
"STX18-AS1",0.452755764830548,-1.75192736824822,0.004,0.01,1
"GSTM1",0.453283320920789,0.735889408859877,0.024,0.012,1
"ENSG00000289057",0.453304258729234,-0.467504188525693,0.007,0.01,1
"BRAT1",0.453331286078679,-0.184956757073522,0.06,0.066,1
"RAB5A",0.453385240375359,-0.127294407773191,0.253,0.247,1
"GRIPAP1",0.453575655386192,0.420558803441158,0.157,0.11,1
"CDC42EP3",0.453587430880305,-0.119278276182156,0.177,0.158,1
"AACS",0.453737607595225,-1.32792881203897,0.007,0.016,1
"ERRFI1",0.453884137496482,-0.431897020835963,0.035,0.043,1
"JPT2",0.453982160849707,0.287328656446092,0.151,0.11,1
"METTL2B",0.454020099780266,-0.311649707833805,0.055,0.054,1
"SUMF2",0.454113944845381,0.45459117163851,0.12,0.079,1
"FAS",0.454268156395303,0.624047445966752,0.098,0.061,1
"S100PBP",0.45446683771069,-0.51390464918362,0.073,0.079,1
"ZNF354A",0.454581605283076,0.379971901715439,0.033,0.033,1
"ZNF236-DT",0.454790899913766,-0.86572058979187,0.018,0.021,1
"EIF3B",0.454841902383032,0.155479226741379,0.328,0.252,1
"ENPP4",0.454952344483452,0.901340432415182,0.031,0.016,1
"PSME3",0.454958766991486,-0.157497920042491,0.211,0.209,1
"ENSG00000289294",0.455042981548825,0.340816530139356,0.033,0.02,1
"GUF1",0.455081894200926,-0.62652000988063,0.04,0.044,1
"NEIL1",0.455347489946901,0.15843665313145,0.302,0.242,1
"FAM114A2",0.4553872609221,-0.620069569019021,0.013,0.025,1
"H4C11",0.455432903171535,-1.00770097693781,0.011,0.018,1
"TBC1D10A",0.455502908237527,-0.711652587835225,0.042,0.046,1
"DNAJC14",0.455614021991107,-0.513637595459242,0.022,0.028,1
"CSRP1",0.455657140725214,1.21174591976115,0.02,0.01,1
"ENSG00000258302",0.455771672030473,1.09752982129702,0.018,0.007,1
"ANKRD36C",0.455877479843741,-0.405708684208048,0.08,0.079,1
"ST6GAL1",0.455926119630921,-0.201312025813278,0.537,0.529,1
"PLCL1",0.456182084459195,2.18197452955215,0.011,0.005,1
"GZF1",0.4562078119905,0.229243489842178,0.071,0.066,1
"TWNK",0.456833191844269,0.733986451133447,0.024,0.013,1
"ENSG00000289582",0.456846169453911,0.671584794727282,0.011,0.005,1
"ANXA5",0.457051395916739,0.280415885368994,0.288,0.213,1
"PGLS-DT",0.457243297119357,-0.556499480720896,0.011,0.015,1
"SELL",0.457317289283779,-0.119640274623944,0.333,0.288,1
"KLHL20",0.457407365492945,0.353755473965773,0.173,0.12,1
"LAPTM4B",0.457539060680538,1.20980712843336,0.024,0.01,1
"CCNB1IP1",0.457570982371923,-0.371793701930286,0.126,0.132,1
"CUL9",0.457844939964988,0.556238317923365,0.047,0.026,1
"ENSG00000262202",0.458084878206029,0.496412622652139,0.024,0.023,1
"WRAP53",0.458183698827182,-0.294146095555388,0.016,0.02,1
"TMTC2",0.458214873991199,-0.557522065588052,0.007,0.012,1
"LINC00910",0.45830145022867,0.402513422565365,0.089,0.068,1
"DANCR",0.458340826913248,0.15276702069766,0.239,0.203,1
"UBE2O",0.45835917959267,0.382065477573214,0.171,0.122,1
"ADNP",0.458561621205423,0.270226091704833,0.237,0.176,1
"DHODH",0.458895552417278,-0.959363466571006,0.024,0.035,1
"TSPAN32",0.459042538931072,0.452496323055126,0.049,0.035,1
"NFYB",0.459223398669281,-0.58379292203122,0.058,0.061,1
"CAPN2",0.459259165231193,-0.489459744713892,0.049,0.043,1
"ITGAM",0.459540060134627,-0.886606678692118,0.009,0.013,1
"NDUFAF1",0.4595446913465,-0.792981162527278,0.011,0.016,1
"PMF1",0.459559756355766,-0.147181064170734,0.239,0.237,1
"BHLHE40-AS1",0.460001370043661,0.345497512429653,0.031,0.02,1
"ENSG00000236924",0.460048359518284,1.29952559762781,0.011,0.005,1
"ZNF222",0.460145786253088,0.740327298698146,0.038,0.02,1
"FAR2",0.460223906205634,-0.228937283641605,0.007,0.012,1
"CORO7",0.460327238074595,0.177182039784906,0.339,0.255,1
"TSPOAP1-AS1",0.460367163580052,0.480476408084645,0.142,0.094,1
"LSM5",0.460580509169155,-0.171218269227223,0.208,0.199,1
"SLC16A1",0.460627426810939,0.412674376573563,0.091,0.064,1
"CHST2",0.4606538803498,1.44084721469542,0.024,0.015,1
"SHPK",0.460693521302584,0.981355176699821,0.011,0.003,1
"PTPN23-DT",0.460776547911922,-1.14210973763567,0.013,0.02,1
"NBPF20",0.460907883853165,-0.671637173760461,0.02,0.025,1
"SPOCK2",0.460923781287443,0.207504655784119,0.468,0.384,1
"HDAC6",0.461115696193667,-0.735858492449888,0.031,0.036,1
"NDUFAF5",0.461121437197806,-0.280082322933753,0.055,0.051,1
"KDM4A",0.461230291322438,0.23297979425629,0.075,0.054,1
"ZNF646",0.461244955229172,-0.662526289654522,0.016,0.02,1
"SYNE3",0.461267166541339,0.385757179859833,0.122,0.087,1
"ENSG00000258216",0.461268726205758,0.658954137927232,0.04,0.026,1
"ARID5B",0.461337405570465,-0.165217058772742,0.545,0.537,1
"EMILIN2",0.461407256792382,0.196595143786995,0.175,0.125,1
"ZNF587B",0.461440600124076,0.314061423688654,0.044,0.038,1
"ENSG00000231856",0.461566257931842,-0.316867881177159,0.024,0.021,1
"CLPTM1L",0.46159573831434,0.362555413974489,0.175,0.122,1
"CD99P1",0.461778148906876,0.184181653461288,0.064,0.058,1
"PDLIM2",0.461829361984019,0.498763772717228,0.086,0.056,1
"ZNF708",0.461898226032954,-0.109771838110276,0.104,0.104,1
"RAD51-AS1",0.461960012621698,-0.37354661172171,0.018,0.023,1
"PRKCE",0.462027334120791,0.118153823966544,0.466,0.392,1
"YIPF1",0.462046290043537,-0.490992160273722,0.022,0.028,1
"ENSG00000240553",0.462116499317832,1.24111418872822,0.02,0.007,1
"CALCOCO1",0.462251582918805,0.293866565506588,0.084,0.061,1
"ATM",0.462291185588044,0.184222083521353,0.239,0.185,1
"SGPP2",0.462343024217441,1.77390814838751,0.013,0.003,1
"SNAPC2",0.462344490865062,-0.370789872710661,0.042,0.044,1
"NBAS",0.46243700105791,0.121373901376717,0.106,0.081,1
"GRK2",0.462461350540928,0.340119832005695,0.239,0.173,1
"ATP6V1F",0.462496341034886,-0.140201206924075,0.477,0.465,1
"EML4-AS1",0.462502046544487,0.527534676205843,0.027,0.015,1
"YJU2B",0.462502102694371,0.33168375803042,0.115,0.074,1
"TRIM8",0.462529191287134,0.49726669944068,0.113,0.076,1
"LRRC27",0.46272422876218,-0.964185630819245,0.011,0.016,1
"PIK3R5-DT",0.462742804922499,-0.797541435778976,0.009,0.016,1
"CWF19L1",0.463086973679239,0.300311371669285,0.126,0.086,1
"ACY1",0.463096892550297,1.27483732848343,0.011,0.003,1
"NADK2",0.463281047851651,0.735091336123827,0.051,0.026,1
"SCN3A",0.463633368998051,0.18498059937038,0.058,0.046,1
"COPS7A",0.463796475122794,0.754627984513844,0.055,0.033,1
"P2RX1",0.463846841737669,0.401646413598053,0.146,0.102,1
"ATP1A1",0.463867342653938,0.226276753416641,0.271,0.206,1
"DZANK1",0.463889156149913,-0.267763469317745,0.029,0.023,1
"TRA2B",0.463959100814835,-0.16651823879824,0.621,0.623,1
"MEAF6",0.46397044282529,0.292821504949329,0.177,0.12,1
"ZFYVE26",0.464062574066974,0.707295377556026,0.053,0.028,1
"DERA",0.464125758492326,-0.157223880791177,0.064,0.051,1
"TMEM185B",0.464251531868877,-0.255186457366219,0.084,0.072,1
"NOL11",0.46459036735347,0.2197300625695,0.2,0.15,1
"ENSG00000228830",0.464623306618726,0.499984882623706,0.049,0.026,1
"SNX18",0.464734790663493,-0.383327501195561,0.049,0.048,1
"GTF2IRD2",0.465012298564077,0.58544265682891,0.044,0.026,1
"MGST3",0.465018476593459,0.213785131275827,0.095,0.081,1
"PRPF3",0.465057539128366,-0.235486536607214,0.14,0.145,1
"ABHD2",0.465101832029262,-0.66018056379019,0.022,0.028,1
"GLOD4",0.465107475009772,0.283533150594718,0.091,0.064,1
"ENSG00000250592",0.465288809204167,0.634150713294092,0.016,0.007,1
"POLG",0.465389558658962,0.306235888576679,0.153,0.112,1
"NTAN1",0.465593419410127,0.166050633034646,0.095,0.064,1
"CD80",0.465661917677339,1.06411565154391,0.038,0.016,1
"NUDT9",0.465794577366006,-0.520687887462867,0.049,0.046,1
"EIF6",0.466033575211432,0.162796918364376,0.419,0.336,1
"ING2-DT",0.466272280301608,0.704746004021826,0.011,0.005,1
"CCDC86",0.466287121551743,0.394251084046948,0.058,0.033,1
"STYXL1",0.466395849525457,-1.1658158286018,0.018,0.026,1
"SPTBN1",0.466540370806425,-0.15925620105906,0.268,0.241,1
"SEC24C",0.466813507816967,0.176816409167246,0.084,0.059,1
"ELP1",0.466840784653902,0.952208389820251,0.044,0.03,1
"ZBTB3",0.466932273562005,0.541136110533998,0.013,0.007,1
"GRAMD1C",0.466953064571205,-0.291095719612863,0.031,0.035,1
"MAPKAPK5-AS1",0.467046193210013,0.247859298044106,0.082,0.056,1
"ENSG00000278376",0.467335840521537,0.386023018476883,0.035,0.021,1
"CDK13",0.46738977054762,0.185267538335659,0.284,0.245,1
"NT5C3B",0.467433666376176,-0.764379313180088,0.024,0.033,1
"BMS1P1",0.467440396155526,-1.43827189006605,0.004,0.01,1
"SFI1",0.46771217028231,0.409218283143654,0.095,0.058,1
"RRAGB",0.46779508856853,-0.700784317386784,0.04,0.048,1
"EIF4E",0.467816487197325,-0.1994682204939,0.319,0.316,1
"PRKACA",0.467948218987165,0.575073014995105,0.042,0.025,1
"ENSG00000290951",0.468050120764393,0.442123145451467,0.047,0.031,1
"RHOC",0.468145570309349,0.221416572034645,0.053,0.04,1
"GOLGA2P5",0.468232658183032,1.20728126403809,0.013,0.005,1
"ENSG00000288899",0.468463558447561,0.703296535404363,0.02,0.01,1
"SMURF2",0.468647138724018,-0.210352372388014,0.286,0.287,1
"ENSG00000228061",0.468755396714394,-0.851924337748318,0.009,0.013,1
"ZNF347",0.46892122223848,-1.0512653959345,0.007,0.012,1
"FAM20B",0.469080907444936,0.146413930923977,0.078,0.066,1
"FIZ1",0.46929096896142,-0.745643473275243,0.027,0.036,1
"LRIG1",0.469354434399619,0.626434217306254,0.086,0.053,1
"CEP162",0.469358068856404,0.587119976382912,0.055,0.035,1
"DVL2",0.469398364225976,0.482931474459185,0.049,0.031,1
"ZFAND4",0.469741593294317,0.843703288801718,0.049,0.026,1
"RTN3",0.47014986510168,-0.207195831739645,0.169,0.152,1
"ATP5MC3",0.470203874788429,0.173849023587726,0.401,0.344,1
"WARS2",0.470530390466084,-0.219078927491107,0.142,0.148,1
"FIGNL1",0.47059372369328,-0.747068839932481,0.022,0.026,1
"ZNF561-AS1",0.470593766793306,-1.05817152504583,0.011,0.02,1
"SERPINB9P1",0.470668030335063,-0.110931085054251,0.137,0.12,1
"CDK9",0.470858669553609,-0.237857579908217,0.213,0.229,1
"ZNF891",0.470920168078911,0.120104399442452,0.073,0.051,1
"AKAP12",0.471022775378625,-0.595590715620095,0.029,0.04,1
"TRAF5",0.47104635850451,0.346061692794024,0.16,0.124,1
"MRRF",0.471059062921328,-0.253525439676837,0.1,0.099,1
"SMYD4",0.471086159953534,-0.666142748440063,0.013,0.018,1
"UGCG",0.471569543151228,-0.13617412339544,0.146,0.152,1
"WRN",0.471606616479927,-0.185055071638278,0.1,0.097,1
"SPACA6",0.471739368726718,0.505773352997593,0.016,0.007,1
"UBL7",0.471834336633449,0.496140541845492,0.131,0.087,1
"ZFAND5",0.47186471638169,0.239933275172801,0.435,0.374,1
"SDHAF1",0.471955036200215,-0.387778246843896,0.058,0.066,1
"MMP17",0.471972754496788,0.681617151057764,0.044,0.026,1
"LNPK",0.472445456734325,0.708967589208247,0.064,0.038,1
"MICA",0.472453763872333,0.637128336276983,0.04,0.025,1
"ENKD1",0.472462610810995,-0.631644983065883,0.035,0.035,1
"ENSG00000262049",0.472549908362515,0.419688980906576,0.033,0.021,1
"MAPK9",0.472551951541813,0.410050049684249,0.086,0.054,1
"TRIM69",0.472629791873519,-0.592553561591497,0.053,0.058,1
"ST3GAL3",0.472678281733262,0.364932309591421,0.04,0.025,1
"POLR2I",0.472686152880433,0.173382285189257,0.171,0.125,1
"ZNF579",0.47268681348574,0.785676020238361,0.027,0.016,1
"CCDC137",0.472783365789134,0.307127893157969,0.142,0.096,1
"FADS1",0.472938044877601,0.209974125420461,0.024,0.015,1
"ENSG00000278390",0.472967118378271,-0.812651067135238,0.018,0.023,1
"PBLD",0.472984784712676,0.287788416101598,0.031,0.016,1
"TAF9B",0.473152560660762,-0.252806466639901,0.018,0.023,1
"H2AC20",0.473207285435755,-0.510204368889516,0.098,0.107,1
"TMEM18-DT",0.473239705409595,-1.99813107388419,0.007,0.013,1
"ARHGEF35-AS1",0.47346195549946,-0.746074531534251,0.013,0.021,1
"ENSG00000288900",0.473645884485209,-0.935013740134471,0.007,0.013,1
"ITGAV",0.473719690691193,0.903634495106322,0.038,0.02,1
"ENSG00000279168",0.473884363843198,-0.240405515908572,0.089,0.082,1
"LINC00667",0.473922978078751,0.282470326877821,0.053,0.038,1
"ZNF605",0.474089014622732,0.549683919365052,0.022,0.015,1
"UBXN11",0.474174095556119,0.588328277999338,0.04,0.021,1
"NOC4L",0.474292839990154,0.374458600593473,0.098,0.064,1
"H2BC4",0.474550572075852,-0.241217616074152,0.102,0.092,1
"ENSG00000287825",0.474724036060058,-0.564127200091522,0.009,0.015,1
"OBSCN",0.474822715209749,0.652316019006123,0.027,0.015,1
"ICAM3",0.474905262003662,0.260918293224364,0.39,0.333,1
"AGO4",0.475416683476109,-0.457170162632211,0.047,0.058,1
"AK3",0.47544536582994,0.307677344621992,0.06,0.04,1
"ZNF562",0.475615695760625,-0.708707610267497,0.033,0.043,1
"LANCL1",0.475894937561475,0.913004052195869,0.027,0.013,1
"ZNF510",0.476019883985314,0.68166971568837,0.024,0.01,1
"ZSWIM1",0.476068756850801,-0.719874915207046,0.016,0.025,1
"SBF2-AS1",0.476099586537043,-0.634236161217517,0.013,0.021,1
"WDR48",0.476142208699542,-0.191508023681257,0.375,0.372,1
"AXIN1",0.47622026780831,0.253573376182048,0.082,0.066,1
"C8orf88",0.47644401500076,-0.585652070679413,0.027,0.035,1
"ATP6V0A1",0.476446978080965,-0.48279681624579,0.075,0.086,1
"IGHV3-21",0.476463577359424,0.283346913269389,0.055,0.056,1
"RNASEH2B",0.476491424327022,0.225724656263371,0.226,0.189,1
"ZNF773",0.476554251324076,-0.587299724651992,0.053,0.058,1
"ENSG00000285454",0.476632895139814,1.05088167983996,0.013,0.007,1
"MAN2B2",0.476795482778368,-0.564809629807348,0.038,0.044,1
"SH3GLB2",0.477023622900439,0.437694195826909,0.084,0.054,1
"GPD1L",0.477168827860383,1.37860893741235,0.013,0.007,1
"PFKM",0.477284542305756,0.748785465679043,0.022,0.01,1
"ST6GALNAC3",0.47743263065615,0.175316057267899,0.184,0.142,1
"ENSG00000287934",0.4774586146973,1.07533645260129,0.013,0.005,1
"LRRC1",0.477493818613458,0.72103864941469,0.024,0.012,1
"C22orf39",0.477996728285879,-0.346660531735064,0.146,0.153,1
"LPCAT1",0.478078165654491,0.51107789467836,0.137,0.1,1
"RAB2B",0.478084074352492,0.253097800115609,0.111,0.081,1
"NKD1",0.478292471490821,1.63188308812097,0.013,0.003,1
"EDC4",0.478296908449416,0.620747472695156,0.051,0.026,1
"SCFD1",0.478498171186554,0.175892206341423,0.264,0.201,1
"N4BP1",0.478624571255546,-0.366597200333815,0.104,0.11,1
"IFT80",0.478742393936552,-0.5581358355528,0.049,0.043,1
"TNFSF9",0.478759462786248,0.507646416939225,0.135,0.102,1
"UMAD1",0.478922702189866,0.199593841892158,0.22,0.17,1
"SLC12A6",0.479056608550026,-0.214351482268938,0.284,0.269,1
"RCAN3",0.479085146232105,0.369206980269944,0.086,0.056,1
"ATP1B3",0.479114263127312,0.377052644060045,0.508,0.451,1
"GNAS",0.479141205292628,0.117192312801184,0.809,0.773,1
"IFNG-AS1",0.479181300287082,-1.37443179962223,0.022,0.035,1
"TMEM219",0.479348573181872,-0.27026217399359,0.12,0.119,1
"MLLT1",0.479430939600069,0.377397937480711,0.049,0.033,1
"MARCHF1",0.479537586603362,0.31256668080984,0.144,0.115,1
"ZRANB2",0.479578768959729,0.239036791733871,0.344,0.282,1
"ERO1B",0.479599166635834,-0.119968270986779,0.288,0.262,1
"DDX19A",0.47976189049961,0.258499987709694,0.122,0.082,1
"NUP98",0.480319655744161,0.10055184871937,0.466,0.394,1
"CHCHD5",0.480354545460959,-0.178752453245056,0.071,0.063,1
"DNASE1",0.480387551514158,1.19451655388576,0.022,0.01,1
"SPIRE1",0.48041674411,1.10597746441172,0.018,0.008,1
"THOC7",0.480453115636048,0.737984640987177,0.086,0.048,1
"ABHD4",0.480600318032733,-0.967946761560407,0.027,0.041,1
"ERI1",0.480678032738384,0.277155113403401,0.038,0.031,1
"ING1",0.4808383582527,0.454176096022431,0.151,0.107,1
"IGKV1-27",0.480899320083528,0.81541173827368,0.02,0.013,1
"TBXAS1",0.481089668393396,1.11184822288989,0.013,0.005,1
"CTC-338M12.4",0.48116640434022,0.853147783626771,0.016,0.007,1
"HCST",0.481195269554382,-0.385312645506739,0.089,0.091,1
"LEO1",0.481209029734392,0.67861247021834,0.091,0.051,1
"VOPP1",0.48134277087948,0.323409647814276,0.339,0.254,1
"EPM2A-DT",0.481344752890887,0.590248398860585,0.027,0.015,1
"NOL10",0.481405365908481,-0.143984420223938,0.164,0.148,1
"IGHG1",0.481497834441491,-1.26011800073766,0.009,0.016,1
"SLC25A24",0.481592537734215,0.445555432188433,0.064,0.038,1
"ZNF418",0.481632196741109,1.42954524120257,0.011,0.005,1
"CCDC134",0.481726560615765,0.26856623809522,0.024,0.02,1
"TCAIM",0.481897713380341,0.929355787999891,0.031,0.016,1
"ISOC2",0.482068486064345,0.345880596441189,0.038,0.023,1
"SRRD",0.482149566713733,-0.269472478355407,0.04,0.038,1
"ENSG00000254459",0.482259932449803,-0.897920157719743,0.007,0.01,1
"MACC1",0.482582430828845,-1.20184547522084,0.007,0.015,1
"MRM2",0.482945972886958,0.544581738512536,0.053,0.031,1
"ZNF831",0.482949952234608,1.25793781432527,0.016,0.008,1
"CTBP2",0.48322739436617,0.438224605638768,0.018,0.018,1
"FBH1",0.483324309504222,0.272894719014488,0.102,0.071,1
"ZNF143",0.483392661372339,-0.118034241354324,0.082,0.087,1
"ANKRD40",0.483446163175025,-0.115686060973876,0.078,0.068,1
"PRELID3B",0.483548496399385,0.220673155378362,0.266,0.213,1
"H2AC15",0.483667247331756,0.914622366095508,0.02,0.013,1
"FARS2",0.483691872038763,0.340065088002011,0.093,0.066,1
"HLA-F",0.483734933831462,0.123837741318106,0.581,0.501,1
"PDE6B",0.484082663756362,-0.802470657312491,0.016,0.02,1
"NOL9",0.48410817585524,-0.5153865982843,0.051,0.054,1
"CHMP4A",0.484127547941989,0.292005264741703,0.242,0.175,1
"GSKIP",0.484281870891451,0.378765581985128,0.14,0.1,1
"LDLR",0.484384531649159,-0.141100915767771,0.022,0.013,1
"C19orf38",0.484417255610489,0.556309072307241,0.018,0.008,1
"OXR1",0.484522148404105,-0.245430128437017,0.102,0.112,1
"LST1",0.484769646086056,0.304386858075574,0.078,0.059,1
"ORC5",0.485060005880261,-0.647661546616587,0.038,0.038,1
"RSL1D1-DT",0.485199436046785,0.477671055313593,0.104,0.074,1
"MED21",0.485279731566446,-0.1198594267758,0.175,0.175,1
"SYNGAP1",0.485398266554665,-0.366025001339286,0.084,0.079,1
"RGS3",0.485532622102637,1.57535138226937,0.011,0.003,1
"EI24",0.485554634418108,0.162022044560981,0.155,0.117,1
"BTN2A1",0.485648353454831,-0.298868328392234,0.16,0.16,1
"TIA1",0.485687903498512,-0.149018898866578,0.124,0.119,1
"ENSG00000227627",0.485862382021356,0.748769834276228,0.02,0.008,1
"ZNF597",0.485882614598874,0.214592463495737,0.062,0.058,1
"LINC02613",0.486198180198676,-0.678341661523154,0.018,0.023,1
"PLA2G6",0.486578195988975,-0.577479999040519,0.018,0.028,1
"METTL25B",0.486594748574881,0.177603336585396,0.044,0.031,1
"ANAPC1",0.486605250644052,0.461575382548245,0.126,0.094,1
"TESPA1",0.486694424959978,0.518023434244379,0.031,0.021,1
"POP1",0.486729960213275,0.611933907363392,0.04,0.02,1
"NDUFA1",0.487153315651567,-0.171772623108112,0.457,0.432,1
"RNF213-AS1",0.487427086469738,0.286019306238416,0.027,0.013,1
"NASP",0.487489697121548,-0.109122616622684,0.475,0.446,1
"CCL5",0.487560243989644,1.36696184510695,0.024,0.013,1
"HES6",0.487636666706507,-0.566581165595293,0.029,0.033,1
"ZNF14",0.48768289444881,-0.261085514081749,0.075,0.074,1
"COP1",0.487902849282716,-0.141052542546746,0.306,0.278,1
"SYCP3",0.487975765464639,-0.846279799966045,0.013,0.018,1
"RBM4B",0.487979623637282,-0.439289864563634,0.109,0.114,1
"HEXIM2-AS1",0.487983592768058,-0.366803138664062,0.038,0.043,1
"ZNF268",0.488048095285336,0.503174129953206,0.058,0.036,1
"WBP2",0.488076249351723,-0.182141301207052,0.251,0.247,1
"ZNF12",0.48811054092725,0.387689351294305,0.098,0.076,1
"BCAT1",0.48821074897658,-0.567250930015788,0.02,0.023,1
"URB1",0.488417264651291,0.467168840649712,0.038,0.02,1
"LBHD1",0.488580666192226,-0.766300816338538,0.009,0.013,1
"MANEA",0.488655707018054,0.479369474549041,0.024,0.013,1
"PRR12",0.488683096003502,0.703107977594953,0.033,0.018,1
"SMC4",0.48879287200346,-0.237710230806261,0.184,0.183,1
"CYGB",0.48894770519406,1.62382530534464,0.013,0.003,1
"AVEN",0.488986616468691,-0.100395005473461,0.055,0.048,1
"CISD2",0.488991894366358,0.263135992979611,0.239,0.186,1
"MAGEH1",0.489022042938686,0.652576362405125,0.027,0.013,1
"TLE1",0.489081174794408,0.100599634000928,0.284,0.264,1
"ATP6AP2",0.489082537765096,-0.175090810708801,0.208,0.208,1
"RBM41",0.489463072646915,0.473162791136767,0.078,0.049,1
"RELCH",0.489587477241974,0.198561539752047,0.184,0.135,1
"ZNF25",0.489679693973539,0.871007704956048,0.02,0.008,1
"PTPRE",0.489765138098011,-0.11686569423792,0.082,0.071,1
"PCGF6",0.489834122082687,0.613632737260702,0.042,0.028,1
"ENSG00000267605",0.49006614539765,0.988098668843854,0.02,0.008,1
"WASHC1",0.490089384566902,0.9788555254436,0.016,0.007,1
"ZNF585B",0.490093592202373,-0.742485553388647,0.027,0.036,1
"PYCARD",0.490233052973093,0.547453808228473,0.064,0.041,1
"PIP5K1B",0.490400894547186,-0.22396167570885,0.102,0.109,1
"APOBEC3G",0.490536153757714,0.310008770116264,0.231,0.175,1
"BAIAP2",0.490572820243879,-0.428304090790342,0.053,0.064,1
"NFE2L3",0.490649738982261,-0.5855408471493,0.016,0.021,1
"ENSG00000257221",0.490891111610159,0.460960283960873,0.06,0.043,1
"SIL1",0.491247737001183,0.386634123400609,0.049,0.035,1
"ITGB1BP1",0.491270964915186,0.275342680957543,0.12,0.081,1
"GON4L",0.491275161916889,-0.182242862607016,0.22,0.201,1
"TMEM120B",0.491846625173761,-0.438770794759628,0.071,0.081,1
"CETN3",0.491959075987469,0.100517929591446,0.013,0.018,1
"FOXK1",0.491967188110231,0.145968672998019,0.239,0.178,1
"EIF2AK3-DT",0.492090392596267,-1.49331463697676,0.004,0.012,1
"OSBPL3",0.492172766297271,-0.178482499864613,0.049,0.048,1
"GOLGB1",0.492221941589106,-0.103116835194796,0.477,0.446,1
"ZNF354B",0.492355938265834,-0.510492825567515,0.035,0.043,1
"RDH14",0.49242302134629,-0.20941790844754,0.111,0.1,1
"COP1-DT",0.492425330486949,0.570169748559869,0.011,0.005,1
"HIRA",0.492579809866681,0.329102089954225,0.064,0.051,1
"MIPEP",0.492828696437078,0.89870043183999,0.018,0.01,1
"DPEP2",0.49306278665792,0.112256421239433,0.093,0.082,1
"NT5E",0.493189083491924,-0.720011769463351,0.024,0.036,1
"KLHL22",0.493412753672498,0.169582626619672,0.033,0.023,1
"ENSG00000287382",0.493534126542478,-0.395595032021929,0.051,0.051,1
"MBP",0.493637663034265,0.130925697251627,0.461,0.4,1
"MAPK3",0.493838836273094,-0.424695891862386,0.024,0.026,1
"DCP2",0.49389062766194,0.213254008726468,0.206,0.153,1
"PPWD1",0.493912944315029,0.142194556918894,0.162,0.122,1
"CRTC2",0.49398608041504,0.106435034987038,0.297,0.236,1
"ICMT",0.494039571258666,1.2346044733441,0.029,0.012,1
"RNF26",0.494157762086644,0.522893578018331,0.033,0.02,1
"G6PC3",0.494419157756949,-0.734948929266572,0.013,0.02,1
"SEPSECS",0.494490644672985,0.622136067403535,0.051,0.035,1
"RAD50",0.494534502906966,-0.178512331713318,0.053,0.048,1
"SLC39A8",0.494593702909974,0.267105213519508,0.304,0.244,1
"LINC00624",0.494688494306372,1.04246494243934,0.024,0.01,1
"BCL2L13",0.494706300093807,0.43654084851281,0.102,0.059,1
"PCBP3",0.494834460258048,0.663177635150382,0.035,0.025,1
"CYTH4",0.494845778445636,0.160135616878214,0.071,0.053,1
"TASOR2",0.494855929079811,0.129000336341535,0.379,0.308,1
"INO80B",0.494904343781098,-0.206129933737603,0.095,0.092,1
"MRFAP1L1",0.495440726370328,-0.185298434369789,0.14,0.133,1
"PRXL2A",0.495473665650458,0.924565059371474,0.011,0.003,1
"ZNF570",0.495508188969086,-0.689551154873039,0.035,0.048,1
"TMEM50B",0.495582976699945,0.137536122847704,0.16,0.115,1
"PITPNB",0.495762120835259,-0.107437559857617,0.415,0.407,1
"GPATCH2",0.49577431699495,0.364184709970632,0.115,0.084,1
"HPS6",0.495782487714999,-0.28730852431928,0.038,0.04,1
"DDX11",0.49583098578123,-0.732880364072511,0.02,0.028,1
"FLNA",0.495867564396158,-0.224753151145058,0.242,0.234,1
"ENSG00000278932",0.495894401106448,0.876360756064951,0.013,0.007,1
"GCNT1",0.496027979601635,0.303380498191036,0.078,0.056,1
"CKAP2-DT",0.496033891052636,1.28199184229571,0.018,0.01,1
"ITIH4",0.496240931887603,1.37213306088445,0.013,0.007,1
"POLR2F",0.496337072391734,0.36937419564816,0.144,0.112,1
"COA5",0.496349831559464,0.601357062675651,0.049,0.03,1
"PDHX",0.496395918176973,-0.459002260140872,0.073,0.082,1
"FBXO44",0.4966232746198,0.158823991065598,0.069,0.046,1
"ZNF691",0.496624958658744,1.76518557356635,0.011,0.003,1
"NRBF2",0.496727852752251,0.152333348046657,0.366,0.295,1
"SGK3",0.49691967595648,0.48608933016087,0.049,0.035,1
"ITSN2",0.497025905817548,-0.152218758536452,0.696,0.677,1
"CACHD1",0.497038857927893,1.94162233663215,0.011,0.003,1
"MAGEF1",0.497046593451474,0.849191829381139,0.044,0.023,1
"SHQ1",0.497291992871824,0.854345470365724,0.042,0.026,1
"PPP3R1",0.497343614529643,-0.105907988741717,0.275,0.232,1
"MRPL46",0.497565153880568,0.110675396550197,0.075,0.054,1
"BUB3",0.497666747410089,0.232943572557359,0.335,0.265,1
"CCDC28B",0.497766529650198,-0.268588547847733,0.067,0.072,1
"AP2A1",0.497856865090546,-0.225547227716311,0.035,0.04,1
"LMAN2",0.497918854453492,0.102578630916105,0.237,0.185,1
"XKR8",0.497975340886516,-0.533038235367949,0.013,0.02,1
"CENPF",0.498161384464347,0.489545492355998,0.013,0.007,1
"CCNE1",0.49821852543046,1.11227153579791,0.016,0.007,1
"MYL11",0.49834791027063,1.54566186106646,0.022,0.012,1
"DOHH",0.498366088176856,0.241891349065213,0.104,0.074,1
"ZDHHC3",0.498438589773759,-0.111111615729274,0.078,0.064,1
"RNASEH1",0.498493654713019,0.14156517267892,0.118,0.084,1
"ACO2",0.498534851482975,-0.176013075069521,0.16,0.153,1
"AGRN",0.498539524425668,-1.00934287406708,0.011,0.016,1
"HSPA2-AS1",0.498543789515149,-0.398534085485687,0.038,0.048,1
"PPIL2",0.498804092671969,0.405486826218014,0.091,0.063,1
"PRPSAP2",0.498926553496494,-0.235764422605335,0.08,0.077,1
"ITPK1",0.499008486307497,0.37315061305499,0.062,0.04,1
"ZNF721",0.499110656193016,-0.249626883663215,0.197,0.196,1
"HECA",0.499193753123176,0.17704382804076,0.246,0.219,1
"ZSCAN18",0.499208809023579,0.233409414077445,0.131,0.109,1
"MKNK2",0.499258566850064,0.138256786615856,0.816,0.769,1
"CYTIP",0.499267079149029,-0.113248957950412,0.863,0.83,1
"UNC50",0.499377514103468,-0.309299547353325,0.051,0.049,1
"ENSG00000271717",0.499568093187963,-0.651988936699571,0.013,0.018,1
"ENC1",0.499646393091971,0.257255379671446,0.069,0.056,1
"TIMM22",0.499698522936547,0.321957964141808,0.109,0.074,1
"ZNHIT2",0.49974424971115,-0.520498711701987,0.053,0.054,1
"MRPL33",0.499751271618413,0.168448347654462,0.239,0.204,1
"ADPRS",0.499863900677838,-0.152246108907855,0.173,0.161,1
"RBM28",0.500132192543729,-0.398159717352264,0.075,0.081,1
"NPIPB5",0.500158196223261,0.237226477091069,0.055,0.04,1
"EPSTI1",0.500290825688757,-0.169155773689787,0.288,0.283,1
"ZNF90",0.500360774817963,-1.3634315414131,0.007,0.013,1
"CAMK2D",0.500751526508971,-0.143793342258263,0.31,0.313,1
"MATCAP2",0.500997171044682,-1.00886385488752,0.011,0.013,1
"CS",0.501011314216852,-0.135314573124018,0.222,0.214,1
"ENSG00000291209",0.501089871926902,-1.39351749846633,0.004,0.01,1
"COA6",0.501155404743246,0.441452588168363,0.1,0.066,1
"CCDC103",0.501170881736397,-1.38677007261478,0.004,0.012,1
"PIGW",0.501369779182251,0.774765402797579,0.033,0.016,1
"EMP1",0.501519506390503,0.843791612765277,0.027,0.015,1
"LRP10",0.501525286252645,0.100792728812972,0.213,0.166,1
"GALNS",0.501558286978538,0.524203851272211,0.049,0.03,1
"FLII",0.501650223929212,0.488125211156302,0.078,0.054,1
"IGKV1D-13",0.501680410843851,1.05007910166565,0.011,0.005,1
"PREP",0.501721706236998,0.667892647047063,0.062,0.041,1
"PRMT5",0.501846334462516,0.936686088050914,0.064,0.035,1
"SLC35B1",0.501876865988,-0.277959370238023,0.1,0.102,1
"CIPC",0.501895404250107,-0.45890196376406,0.013,0.013,1
"ADAT2",0.501997824541158,-0.186716981784415,0.038,0.028,1
"CLUAP1",0.502135360195295,0.811083981547742,0.018,0.008,1
"QRICH2",0.50221173525167,0.425688067267115,0.018,0.008,1
"RARA-AS1",0.502370566326498,0.653064924335295,0.075,0.043,1
"GNA13",0.502403071554276,0.109950539828118,0.696,0.598,1
"ENSG00000273391",0.502417435923503,-0.379605093857675,0.013,0.02,1
"SNAP29",0.502486091855902,0.559704863784617,0.055,0.036,1
"DDX60",0.502586354528186,0.260176531917587,0.058,0.04,1
"RAB5B",0.502719688571794,0.429929866907466,0.113,0.077,1
"C4orf48",0.50316778382145,0.20250177766082,0.135,0.107,1
"CHPT1",0.503358308919318,-0.15539105182215,0.475,0.458,1
"ACTR3C",0.503389081020741,0.752297392431545,0.027,0.015,1
"PGS1",0.503468741496919,0.3713466945292,0.058,0.035,1
"EZR-AS1",0.503577100466276,1.11526590569358,0.02,0.012,1
"ENSG00000284526",0.50362053345552,-0.764891241341231,0.009,0.013,1
"PIK3R4",0.503723084404734,0.542969552533319,0.091,0.061,1
"GNAT2",0.50382905011652,-1.25558851091489,0.007,0.013,1
"CILK1",0.504232127436816,0.239680665730526,0.031,0.025,1
"ZNF726",0.504288428595731,-1.23094522250272,0.007,0.015,1
"ZBED1",0.504628464018662,0.141718146336576,0.08,0.054,1
"RASSF2",0.504653850964123,0.136753808926574,0.379,0.298,1
"MAPK7",0.50468878312249,0.830214751438328,0.027,0.015,1
"TTLL10",0.504698655365522,1.08373766611808,0.013,0.005,1
"SCAI",0.504744269410642,-0.487527753090795,0.047,0.056,1
"ZNF217",0.504848867136767,0.43735788892587,0.115,0.086,1
"KEAP1",0.505016675359026,0.287417736284542,0.029,0.015,1
"SMARCA4",0.505166861551193,-0.142400354777809,0.086,0.084,1
"PARP16",0.505275182583771,0.858227602203272,0.033,0.02,1
"MICU2",0.505412089732526,-0.118822693945029,0.217,0.204,1
"SCGB2B2",0.505512571064151,-0.285020506591029,0.013,0.007,1
"ZNF544",0.505604491412666,-0.195157768635328,0.053,0.035,1
"LY86-AS1",0.505691038050056,0.652669193233193,0.029,0.015,1
"AP4E1",0.506047826480356,-0.122516076949364,0.035,0.036,1
"KLHL23",0.506145700591915,-0.881893786603761,0.016,0.023,1
"MCRS1",0.506377833817274,-0.24126303983709,0.155,0.155,1
"CBY1",0.506417898946909,0.870376693158814,0.02,0.01,1
"PPP1R12A",0.50669492597547,0.179279539508089,0.417,0.338,1
"PSMB3",0.506781869750573,0.122356254958679,0.366,0.318,1
"APBB3",0.507009883410171,0.319044357463742,0.04,0.028,1
"SNX20",0.507017960557,0.316027516829267,0.058,0.038,1
"SLC35F1",0.507078788652266,0.312564738070448,0.2,0.147,1
"ZNF674",0.507189865537385,0.52351986647235,0.011,0.005,1
"THUMPD3",0.507570057192355,0.423702858619417,0.062,0.048,1
"KLF5",0.507579736517187,0.932370669347288,0.029,0.015,1
"C5orf63",0.507592248049567,0.627773067521324,0.022,0.016,1
"BDP1",0.50767750766859,-0.107734905947799,0.375,0.366,1
"PDHA1",0.507983662888306,0.360547516493994,0.137,0.094,1
"MOCS3",0.508151403860785,-0.771933699532746,0.018,0.025,1
"GEMIN6",0.508260002847997,-0.321556899283158,0.031,0.03,1
"METTL26",0.5084897786634,0.329473576845185,0.142,0.097,1
"LPGAT1",0.508742511438121,-0.204550910780017,0.175,0.175,1
"KMT2D",0.508792654165362,0.343926603837726,0.091,0.063,1
"USP7-AS1",0.50895900567585,0.592124082216704,0.038,0.021,1
"TOGARAM1",0.509023119294689,0.328848648930866,0.14,0.104,1
"ABCC5",0.509047652157723,0.585484882895523,0.016,0.012,1
"ARL2",0.509157229883657,-0.258352320452375,0.044,0.054,1
"ABHD3",0.509164502011129,0.201517899032005,0.328,0.269,1
"GALM",0.509171957661195,0.226247508136516,0.022,0.015,1
"FDX1",0.509222085707739,-0.156283371351528,0.146,0.145,1
"CLSPN",0.509668845777702,-1.40457945560603,0.009,0.018,1
"TATDN2",0.50967479790929,0.560096481638472,0.095,0.059,1
"TTC39C",0.509701745447634,0.288474131446471,0.093,0.068,1
"ZNF280D",0.509898200803639,-0.154000532456219,0.069,0.076,1
"IGLV1-47",0.509979887690058,0.375080338549714,0.033,0.026,1
"CYB561D2",0.510054438270427,0.426020921434365,0.078,0.048,1
"SEC22A",0.510148089527104,-0.207792659283483,0.06,0.056,1
"MAD2L1BP",0.510288366000795,-0.338219884536712,0.146,0.155,1
"HABP4",0.510300116354556,0.538626777183772,0.051,0.028,1
"RDH11",0.510378920430644,0.663611794753824,0.062,0.041,1
"KATNB1",0.510507653839014,0.239520139843351,0.013,0.007,1
"GPATCH3",0.510792083511027,-0.152551548616024,0.089,0.089,1
"GEMIN4",0.511052641134431,-0.106920789248752,0.078,0.068,1
"C15orf39",0.511170050837036,0.416879568713792,0.084,0.053,1
"KLHDC1",0.511222824890052,0.92894443683658,0.018,0.01,1
"EIF4G3",0.511231616724532,0.149974119694886,0.322,0.259,1
"RGS16",0.511232713353937,0.28335652611945,0.277,0.203,1
"CAMSAP1",0.511386970550363,0.425418600871891,0.031,0.018,1
"CHMP3",0.511940867501475,0.110001758478179,0.195,0.147,1
"ENSG00000255328",0.511972603193266,0.951277601138934,0.013,0.007,1
"BICD2",0.512174677028843,-0.299527720541568,0.062,0.056,1
"PIK3CG",0.512239240604677,-0.12058296949818,0.133,0.115,1
"ZMYM5",0.512246368733117,-0.233905524522503,0.169,0.168,1
"ENSG00000289827",0.512249722855204,-1.19870440924527,0.004,0.01,1
"ERV3-1",0.512266669540084,0.215832067939333,0.064,0.044,1
"E2F6",0.512351713604395,-0.382261544805331,0.042,0.043,1
"ENSG00000249207",0.512505038024532,0.35061654084864,0.111,0.081,1
"SHLD1",0.512560332955507,0.349581280728844,0.075,0.046,1
"LINC01118",0.512676000315602,1.17428747361868,0.013,0.005,1
"ANXA4",0.51269055874066,0.188677281631229,0.1,0.072,1
"FLOT1",0.512702873961495,0.574494352602977,0.047,0.033,1
"PALS1",0.513123472664537,-0.262894961534743,0.033,0.041,1
"TCF4-AS1",0.513264338451168,-0.41382797055305,0.051,0.053,1
"ZNF512",0.513308544318343,-0.432478651685059,0.049,0.058,1
"RALGAPA2",0.513320285591086,0.436867124330036,0.058,0.043,1
"UBALD1",0.513386444038031,-0.286944719388722,0.124,0.124,1
"HIF1A-AS3",0.513835546643567,0.188244957712133,0.215,0.18,1
"PPP4R3B",0.513859182633707,-0.121074776150709,0.368,0.357,1
"LAT2",0.514134139684103,0.274392166338524,0.366,0.292,1
"ENSG00000236935",0.514302738401617,1.19156867171227,0.027,0.012,1
"SEC11C",0.514461319042766,0.100137807649998,0.131,0.099,1
"XPC",0.514503952374892,-0.141359160285137,0.137,0.125,1
"NEDD9",0.514530832033282,0.135528890343136,0.144,0.119,1
"DENND4C",0.514600851743431,0.147610222828914,0.126,0.089,1
"TIMM17B",0.514650071091276,-0.176397885914111,0.166,0.165,1
"SCRIB",0.51467906668442,1.07253419953613,0.022,0.012,1
"SOCS1",0.51472184382177,0.338774660764043,0.259,0.196,1
"TMEM161B-DT",0.514737517538314,-0.697738208693375,0.018,0.028,1
"NMB",0.514742180748478,0.886695343421124,0.029,0.018,1
"DNAJC6",0.514911108457466,-1.13074312335267,0.007,0.013,1
"TRIM26",0.514929580263794,0.284648721277842,0.257,0.201,1
"CLN8",0.515001942911562,-0.165621135042909,0.078,0.081,1
"SMIM19",0.51515847836262,0.234833958712034,0.122,0.082,1
"PCED1B-AS1",0.515317655796298,0.245405273598654,0.144,0.119,1
"EHMT2",0.515772077784748,-0.402757952615969,0.024,0.035,1
"SETD1A",0.515835104139037,-0.423769933879833,0.035,0.048,1
"CIP2A",0.515908690749863,0.304660032621235,0.033,0.021,1
"ARMC9",0.516052766435315,0.80528697795015,0.029,0.02,1
"HUS1",0.516102245433806,0.250440634961637,0.153,0.112,1
"CCZ1",0.516340963238613,0.37475285161922,0.058,0.051,1
"LINC02328",0.516342960143547,0.24843235474523,0.047,0.03,1
"LARP7",0.51647778082386,-0.120792697982448,0.2,0.189,1
"SLCO3A1",0.516492320631108,1.8140746731096,0.011,0.003,1
"NQO2",0.516496681318593,0.221177887982044,0.024,0.016,1
"DTD2",0.516542784339352,-0.305190923576646,0.011,0.016,1
"UTP6",0.516663572196617,0.410430448242601,0.182,0.132,1
"IFIT2",0.516664583135703,-1.60529926964513,0.047,0.028,1
"ENSG00000254263",0.516741086379585,1.38330499001162,0.022,0.01,1
"ACP1",0.516936363346574,-0.224527454785572,0.248,0.244,1
"PET100",0.516956955063263,0.101929548018535,0.333,0.267,1
"RAD52",0.516969483112614,0.55896655069527,0.031,0.016,1
"ADORA2A",0.51711150414257,0.318781299081787,0.193,0.155,1
"BCKDHB",0.517131206755411,0.776959875699209,0.033,0.02,1
"EIF2B5",0.517527233532349,0.281032671583748,0.144,0.104,1
"GIMAP2",0.517751657257061,-0.625895195882496,0.022,0.025,1
"MAIP1",0.517803999126997,0.368469288465552,0.08,0.059,1
"RNF144A",0.517838203786582,0.9051831727824,0.016,0.008,1
"KIF27",0.517955599929854,-0.362440029204608,0.055,0.063,1
"LIMK1",0.518046063999024,0.118396840167195,0.055,0.046,1
"ERLIN2",0.51856201411568,0.613734636340361,0.018,0.013,1
"NT5DC1",0.518689191166899,-0.464013421077222,0.047,0.054,1
"CCDC152",0.51878100354861,-0.82765538030443,0.009,0.01,1
"ITFG1",0.518806632085491,0.118811732143924,0.188,0.14,1
"FAR1",0.519030448016981,0.132963073143867,0.157,0.119,1
"DIRAS1",0.519155888084706,-0.772520187800831,0.042,0.056,1
"YIF1B",0.519204055331518,0.566957850267752,0.029,0.02,1
"RNFT1-DT",0.519278842098177,-0.480348999935749,0.02,0.023,1
"HDHD2",0.519400411756763,-0.410497476956608,0.027,0.031,1
"ERCC4",0.519486718774359,0.875432513998928,0.031,0.016,1
"DEPDC1B",0.519517143672811,-0.452127469113104,0.013,0.013,1
"RABGAP1",0.519618134160215,0.104499933198464,0.328,0.29,1
"LRRC47",0.519649875644534,-0.628533936295327,0.047,0.048,1
"PSMB5",0.519679467544267,-0.188717896026378,0.135,0.13,1
"HIPK2",0.519906687095046,0.275981422665507,0.146,0.102,1
"U2AF1",0.520026646525113,0.113270792906939,0.734,0.682,1
"RTN4",0.520078319800154,0.215512310015119,0.341,0.27,1
"ECE1-AS1",0.520236013865368,0.773770482704536,0.018,0.01,1
"TNKS",0.520268646648175,-0.242789701839572,0.197,0.198,1
"SLC35E1",0.520540555588187,-0.180528011788378,0.084,0.081,1
"RPP14",0.520669342063723,0.676262999550704,0.04,0.026,1
"CCNL2",0.520693486872516,-0.190010377357976,0.239,0.232,1
"JMJD4",0.520954284132469,0.272737822659495,0.035,0.021,1
"SPRTN",0.520980183388077,-0.188523594867171,0.084,0.091,1
"HIPK3",0.521034565414072,0.207144005094999,0.206,0.158,1
"MRPS26",0.521128233242092,0.300143273050413,0.186,0.135,1
"SYMPK",0.521177015141562,0.175259404171878,0.131,0.114,1
"MTRF1L",0.521181832956676,0.300846361141891,0.137,0.096,1
"ENSG00000255240",0.521237214936173,-0.448175462450362,0.049,0.059,1
"LY6E-DT",0.52125879179715,1.33195135190668,0.013,0.007,1
"RNF227",0.521299071366376,0.583483733604541,0.011,0.005,1
"TOM1L2",0.521328877557147,0.14479820987654,0.067,0.051,1
"STARD5",0.521374715508772,0.572637712151901,0.031,0.021,1
"NUBPL",0.521453190192933,-0.34540602150304,0.022,0.033,1
"NAB1",0.521570539081297,0.625455120590746,0.055,0.043,1
"PRRC1",0.521640490851496,0.657972790087194,0.058,0.04,1
"RAB12",0.521672262890881,0.610568074063071,0.109,0.064,1
"IL2RA",0.521760196981701,0.514093187401738,0.044,0.025,1
"ENSG00000275807",0.52177288251215,0.702017455700376,0.038,0.02,1
"TRBC1",0.521821575705118,1.12242179723267,0.011,0.007,1
"TBC1D16",0.521848514327803,0.195424354058656,0.086,0.071,1
"SPAG5-AS1",0.522090350683096,0.969771958070439,0.022,0.013,1
"GSR",0.522616129693562,-0.401309969608339,0.047,0.046,1
"ENSG00000234915",0.52275842329466,0.472199283878445,0.027,0.018,1
"RPUSD4",0.522772402386654,0.321678760491755,0.109,0.072,1
"NDUFAF7",0.52331706835962,0.31858478813841,0.086,0.061,1
"DPP9",0.523385047998091,0.355186157259565,0.115,0.079,1
"SNAPIN",0.523433496985216,0.463896081554825,0.095,0.071,1
"PRORP",0.523511445863044,0.734980819606146,0.069,0.041,1
"E2F1",0.523564176963258,-0.865780661989547,0.009,0.01,1
"ENSG00000234185",0.523661816402353,-0.586396255897141,0.013,0.015,1
"DNM2",0.523788059779985,0.130556511351449,0.248,0.221,1
"LUZP1",0.523920993834486,-0.209292839084435,0.089,0.087,1
"SNHG1",0.524088264131853,-0.142014888761546,0.483,0.461,1
"SBDS",0.524215017010465,-0.173271911148117,0.406,0.4,1
"ZNF432",0.524240408977799,-0.319523673277905,0.047,0.041,1
"TDRD7",0.524537397143676,-0.403785346725938,0.075,0.091,1
"CAMKK1",0.524687634475795,-0.219992025012258,0.071,0.063,1
"LINC00863",0.524812369965391,0.476288335312745,0.055,0.035,1
"ID2",0.524839061615141,0.151277361479641,0.122,0.087,1
"KLHL18",0.524892461222988,-0.189231022712269,0.169,0.163,1
"PRPF31",0.524905625380976,-0.249643211746603,0.126,0.125,1
"ENSG00000289979",0.525032314298868,-0.517000228329868,0.02,0.02,1
"TMEM14A",0.525048763595138,0.656901343648849,0.016,0.008,1
"ZNF333",0.525079556698404,-0.419658887484578,0.029,0.023,1
"DNAAF4",0.525083411120433,-0.630464373933012,0.011,0.013,1
"FHIP2B",0.525148223817019,0.41641674686038,0.058,0.036,1
"ATXN7L3-AS1",0.525438266117913,0.313168274338203,0.031,0.021,1
"NPIPB15",0.525516596312698,-0.446738191022075,0.007,0.01,1
"WRAP73",0.52565489435396,0.537163121457475,0.047,0.031,1
"UBE3B",0.525729216322315,0.696356359934063,0.047,0.031,1
"BCL2L11",0.525798147424217,0.206717363476541,0.295,0.231,1
"PQBP1",0.525872871625355,-0.114347741859369,0.346,0.316,1
"RTL6",0.525883159709021,-1.15410730909127,0.004,0.01,1
"NAE1",0.526079285331059,-0.38055136346088,0.053,0.051,1
"LARS2",0.526154997260818,-0.437714405692195,0.04,0.046,1
"IGLV1-40",0.526364988824882,0.299973890521843,0.027,0.035,1
"MRPS31",0.526462628057481,-0.16157667949943,0.067,0.061,1
"UNC13D",0.526601610575764,0.864350018845273,0.035,0.02,1
"NONO",0.526608049091402,-0.104717402919815,0.408,0.366,1
"IFI44",0.526870990074521,0.524513657404015,0.064,0.048,1
"ENSG00000253653",0.526962664048271,0.888806352895235,0.02,0.012,1
"PUDP",0.527372379501001,-0.570442599325721,0.04,0.046,1
"ARFRP1",0.527395916816909,0.691844870360026,0.053,0.033,1
"LINC00115",0.527406883292118,0.880807126494415,0.016,0.013,1
"GCHFR",0.527451571309415,-0.69033513921926,0.027,0.025,1
"ABHD18",0.527592120443353,0.168456446972841,0.124,0.097,1
"CCNG1",0.527673211028348,0.333215306924512,0.157,0.124,1
"GSTO2",0.527846444873675,-0.91142415813741,0.004,0.01,1
"PFKFB3",0.527908943548295,0.129134731657191,0.282,0.221,1
"TAF2",0.528028866108422,0.285608003052696,0.157,0.107,1
"CHN2",0.528039346975519,-0.656496294595776,0.004,0.01,1
"MRPL13",0.528048264475929,-0.146765409174097,0.118,0.115,1
"IGHV1-2",0.528133567890522,-0.363419688728761,0.035,0.046,1
"SFMBT2",0.528176397609429,0.659776601267766,0.084,0.064,1
"ENSG00000281021",0.528482736603805,-1.1388876581157,0.007,0.012,1
"FAM204A",0.528604257044057,-0.187165168764309,0.235,0.217,1
"EAF1",0.528623645081018,-0.279148791252461,0.106,0.1,1
"ENSG00000259692",0.528653877641431,0.513869425629311,0.011,0.005,1
"XACT",0.528847532529711,0.902783725060786,0.013,0.007,1
"VARS2",0.529168063189938,-0.126993170130949,0.016,0.012,1
"ZEB1-AS1",0.529188004700136,0.742702519589661,0.018,0.013,1
"IGKV1-16",0.529276366622542,-1.70081366751105,0.007,0.013,1
"ZNF91",0.529582557941979,-0.143920979993936,0.109,0.11,1
"KLF16",0.5297361889055,-0.258501304216264,0.133,0.129,1
"MILR1",0.529986482003503,-0.834094479475222,0.029,0.04,1
"FAM136A",0.530325902553196,0.302734746584619,0.109,0.081,1
"CBLN3",0.530346798000989,0.764423881201795,0.018,0.01,1
"ENSG00000247121",0.53041509619452,-0.874973651792077,0.011,0.021,1
"ZNG1F",0.530452786305666,-0.670673055909015,0.018,0.02,1
"CDK19",0.530647268482356,-0.228846788723198,0.109,0.102,1
"NOTCH2NLB",0.530669378694425,-0.151096293719681,0.02,0.028,1
"SH3BP5L",0.530736196829587,-0.434740965178166,0.013,0.02,1
"BLTP3B",0.530887573689724,-0.15196541850405,0.164,0.17,1
"ZNF717",0.531186226784691,0.441228800757242,0.018,0.016,1
"ACSS2",0.531287426491795,-0.428674124706498,0.004,0.01,1
"MRPL37",0.531418032751492,0.400748219597097,0.14,0.094,1
"FUBP3",0.531522228775702,0.184433141560532,0.08,0.071,1
"CYTOR",0.531538913627178,1.22192225450397,0.022,0.01,1
"CIZ1",0.531701288778347,0.277713380408894,0.08,0.058,1
"ACOT13",0.531821891128143,0.173331418413921,0.013,0.013,1
"NUP62CL",0.531880184331185,1.30274387651339,0.013,0.005,1
"ENSG00000290396",0.532021415888188,-0.294829082178266,0.009,0.012,1
"PSMD7",0.532038978812153,-0.110511337047398,0.375,0.359,1
"ACBD7",0.532149739698477,-1.6943177182419,0.004,0.01,1
"NF2",0.532267720113839,-0.314897500849946,0.033,0.038,1
"MDM2",0.532287897509153,-0.280592438151291,0.091,0.094,1
"SACS",0.532369928928525,0.379834429780375,0.082,0.056,1
"WASF1",0.53241395974377,-0.229831492051361,0.058,0.058,1
"SIRT2",0.532474182014916,-0.213473065780926,0.157,0.143,1
"FAM135A",0.532626151437543,-0.224960134048228,0.089,0.081,1
"AAAS",0.532687580677279,-0.681671571931753,0.022,0.031,1
"ENSG00000233223",0.532690461896011,0.714488116894433,0.044,0.028,1
"ZNF600",0.532744246965871,-0.303984149357696,0.053,0.056,1
"FLNB",0.532757319164121,0.314872085681884,0.08,0.054,1
"MEF2A",0.532764597778654,0.139921891779544,0.532,0.456,1
"ZNF408",0.532771053997814,-0.277249832763819,0.078,0.089,1
"CACNA1A",0.532879043489299,0.892902931473528,0.031,0.013,1
"KHSRP",0.532947347909422,-0.142122064570959,0.106,0.11,1
"ADGRE3",0.533083044737951,0.479608287804695,0.02,0.008,1
"SFT2D3",0.533087490478063,-0.116657551906569,0.013,0.018,1
"HDGFL2",0.533268171771813,0.383875220322538,0.038,0.025,1
"EXD3",0.533307208358125,0.904029527532577,0.027,0.015,1
"SLC5A6",0.533309265524289,-0.198872791841367,0.122,0.114,1
"FAM50B",0.533417648511749,0.700167708041899,0.018,0.01,1
"SPATS2",0.53366698841402,-0.485045718933793,0.047,0.048,1
"RNF14",0.533946261311985,0.36594937974119,0.067,0.044,1
"IGKV4-1",0.534050844730148,-0.2941991739556,0.053,0.059,1
"TRAPPC2",0.534058966817308,-0.105600141320235,0.051,0.043,1
"DRG2",0.534197851554342,-0.148186534334861,0.082,0.064,1
"CACFD1",0.534377423782955,0.250724248408883,0.055,0.04,1
"ERAP2",0.534569448886279,0.166149710890905,0.118,0.096,1
"ATN1",0.534719790382634,0.648886745585592,0.053,0.035,1
"PRKCG",0.534781046124698,-1.45717636906554,0.004,0.01,1
"RNF135",0.534995417679557,0.455519361057314,0.018,0.008,1
"ZDHHC20",0.535148046876129,-0.241879680633349,0.155,0.175,1
"EXO5",0.535196406191067,-1.24840113726337,0.011,0.016,1
"IPO8",0.535241059326374,0.552182213669106,0.086,0.059,1
"RWDD4",0.535242401281491,0.472484697104824,0.084,0.054,1
"SLC4A8",0.53528007334796,0.328719436270209,0.018,0.015,1
"ZBTB20-AS1",0.535356947355342,1.21345654077621,0.011,0.003,1
"PPP5D1P",0.535381715996958,0.893770561405101,0.011,0.005,1
"LINC01619",0.535819640338708,0.152198016142316,0.319,0.269,1
"MRPS2",0.535827112578405,0.159355304387714,0.12,0.089,1
"GPANK1",0.535924954227817,0.283910920707764,0.075,0.054,1
"GNL3",0.535970679879379,0.137563080155696,0.386,0.334,1
"LINC00623",0.536011671212654,-0.206560113833036,0.089,0.094,1
"PLBD2",0.536054509719816,0.927553630573798,0.013,0.007,1
"MAP3K12",0.536246927760433,0.477626186742333,0.016,0.007,1
"DHX35",0.53629588798218,-0.483414741821265,0.035,0.033,1
"DNAJC1",0.536348787382404,0.261264950935508,0.175,0.137,1
"ENSG00000288851",0.536440014972468,-0.305458801368006,0.044,0.041,1
"TEN1",0.536456694985707,-0.170247290337749,0.126,0.137,1
"SETD7",0.536863280775797,0.539326124035274,0.075,0.049,1
"NRAV",0.536979951502672,0.803961709097095,0.013,0.005,1
"NHSL1",0.536982610261449,-0.774597928151755,0.007,0.01,1
"NCAPH2",0.537317551795849,0.306662926391266,0.111,0.079,1
"SLC35B2",0.537332249329436,0.43685814605042,0.055,0.038,1
"KMO",0.537370710407358,-0.485484384120054,0.162,0.168,1
"C11orf65",0.537621130318087,-1.23372340680597,0.009,0.015,1
"FOXJ2",0.537655003878496,0.653263749365877,0.031,0.018,1
"MZT2A",0.537674794798256,0.244309343533841,0.177,0.138,1
"CCDC122",0.537792189519049,-0.653766647621736,0.013,0.021,1
"CERT1",0.538228831705219,-0.216647190428033,0.217,0.201,1
"PLXNA1",0.538307971583755,0.776783209669976,0.027,0.016,1
"EPAS1",0.538655714794669,-1.36617787607677,0.007,0.013,1
"ITPKC",0.538766301934543,0.120566036949859,0.06,0.041,1
"EEFSEC",0.539273943441145,-0.190561941132639,0.089,0.091,1
"NT5DC3",0.539289225724344,-0.318536248724989,0.024,0.03,1
"SRSF6",0.539399728974823,0.175729041660384,0.341,0.29,1
"NFATC2",0.539428111210077,-0.296393932635167,0.213,0.213,1
"SDF2L1",0.539444201583913,0.16484001069816,0.051,0.036,1
"MLH1",0.539552935803074,0.228439041476716,0.131,0.105,1
"TMEM185A",0.539711401161215,0.234040264690687,0.033,0.02,1
"ENSG00000226647",0.539741132983183,-0.512566714256908,0.047,0.058,1
"COMMD9",0.539787960394268,-0.502488755670014,0.06,0.066,1
"GTF2I",0.539815934462242,0.161782766342129,0.184,0.14,1
"ZDHHC17",0.539824850166769,0.222491237752501,0.137,0.102,1
"C2CD3",0.540042755751629,0.276291214887011,0.1,0.071,1
"B4GALT4",0.540128176859933,-0.146800000769494,0.098,0.079,1
"ENSG00000287042",0.54013682656858,-0.562854675583527,0.02,0.02,1
"SMAD2",0.540165633815238,-0.171063960367302,0.211,0.206,1
"CCDC25",0.54050384603096,0.687044532802263,0.062,0.04,1
"ENSG00000288880",0.540519371601766,1.12959935358359,0.013,0.005,1
"HCK",0.540624219031576,-0.16621818843833,0.078,0.072,1
"ENSG00000290085",0.540817619467955,1.21240092382458,0.018,0.008,1
"LTV1",0.540819859049374,-0.103651665399861,0.113,0.115,1
"COPG1",0.540850131010157,0.213638725113509,0.067,0.046,1
"ENSG00000287503",0.541049945939491,0.905483221609097,0.022,0.012,1
"BAK1",0.541052457055644,0.33132086512868,0.115,0.091,1
"UBAP2L",0.541095012744084,-0.162187728394599,0.264,0.245,1
"LHFPL2",0.541163096352944,-0.778447747580859,0.024,0.03,1
"ENSG00000284669",0.541352375353846,0.699456668600418,0.018,0.007,1
"RBM6",0.541359265829209,-0.165073133616134,0.317,0.303,1
"EIF3E",0.541388142919747,0.140862450831617,0.734,0.646,1
"WDR83OS",0.541410942299091,0.209598311645981,0.428,0.344,1
"IRS2",0.541415797995015,-0.239628162736279,0.215,0.221,1
"MRPL20-AS1",0.54165544177682,-0.608878029260048,0.042,0.044,1
"FKBP1A",0.541732908352003,0.215603071149714,0.319,0.241,1
"THYN1",0.541818026978315,-0.30499408110336,0.027,0.018,1
"HDLBP",0.541850307984884,0.157083271531797,0.18,0.129,1
"WAKMAR2",0.541947839131815,0.100873925173053,0.042,0.03,1
"NUTM2E",0.542035998202021,-0.957682351968903,0.007,0.013,1
"ARHGEF40",0.542244011384695,0.497903001952092,0.013,0.007,1
"UBE2M",0.542559336171198,0.255023478777609,0.324,0.245,1
"ZNF689",0.542717731777553,-0.497065650924386,0.062,0.058,1
"KCNH8",0.54280279744562,-0.483271108871545,0.051,0.068,1
"TERF1",0.542818909994921,-0.170153907677825,0.149,0.14,1
"RRN3P3",0.542904348886836,-0.276369760501901,0.055,0.054,1
"SUPT5H",0.542929625429449,0.328616730550224,0.264,0.196,1
"PSMF1",0.543151160051066,0.126394639261012,0.188,0.145,1
"GNAI3",0.54317330605174,-0.1475288117184,0.341,0.311,1
"SLC12A7",0.543466236719544,0.438158021283958,0.12,0.086,1
"C11orf98",0.543492159086687,0.350285191687914,0.195,0.15,1
"KIF13A",0.543662158488317,-0.639296246289744,0.02,0.023,1
"ZNF235",0.543851508398405,0.543352247926261,0.049,0.033,1
"SPDL1",0.543929142865038,-1.07596670679794,0.011,0.015,1
"ZFP30",0.543947020369777,-0.273718302900584,0.042,0.036,1
"LMBRD2",0.544045003235028,0.615868848257188,0.035,0.018,1
"ZNF594-DT",0.544091417292628,-1.36364570252076,0.007,0.015,1
"COX5A",0.544119988345947,0.125093107779567,0.388,0.346,1
"C8orf76",0.544129757149473,-0.254468661422006,0.111,0.099,1
"PWWP2A",0.544655254196183,-0.247878347487476,0.111,0.107,1
"ENSG00000290796",0.544661986419228,-0.395389149861021,0.091,0.102,1
"SKI",0.544913826567604,-0.143783641880038,0.153,0.148,1
"COPS4",0.544928933200773,-0.284250340078644,0.126,0.107,1
"PEX7",0.54495875475851,-0.683773767904976,0.009,0.016,1
"BCORL1",0.544962474528301,0.325827915261221,0.027,0.021,1
"PPP6R1",0.5451209526508,0.135349263810359,0.151,0.127,1
"PHF23",0.545200333230333,-0.225538115772513,0.16,0.158,1
"SIRPA",0.545244875603215,0.252695514873383,0.044,0.026,1
"KAT2A",0.545288727439267,0.492694575065904,0.062,0.036,1
"PRKAR2A",0.545312972652793,-0.243726837562789,0.135,0.132,1
"EYA3",0.545457166533997,-0.17737568784222,0.086,0.079,1
"CCDC146",0.545523798991996,0.761907318838968,0.027,0.012,1
"LINC00528",0.545592312488089,1.18040385438367,0.013,0.005,1
"TIAL1",0.545678693836516,-0.1121505294275,0.297,0.269,1
"OSTM1",0.545859127143721,-0.423608066484707,0.058,0.063,1
"DEPDC5",0.545999781586531,0.759347883604757,0.047,0.03,1
"FARP2",0.546051475707977,0.328256731731318,0.208,0.161,1
"SDK2",0.546239944998704,-0.713600272732525,0.009,0.013,1
"TMEM71",0.546313598865849,-0.793323688754882,0.022,0.03,1
"RUFY1",0.546357369647592,0.261391295022965,0.193,0.145,1
"TANGO2",0.54638718189843,-0.128383034026173,0.038,0.038,1
"RETREG1",0.546475649451398,0.839490544852757,0.071,0.036,1
"ZNF426",0.546626334797668,0.461313026771353,0.055,0.038,1
"C12orf29",0.54671032224521,0.231555466321837,0.102,0.066,1
"GGPS1",0.546881985627673,0.419934234994749,0.106,0.074,1
"DTX3L",0.546900024673613,-0.272274186510102,0.133,0.127,1
"PPP3CB-AS1",0.547112010660949,0.265698710918681,0.027,0.015,1
"SNUPN",0.547134143532158,-0.832524256006587,0.022,0.031,1
"KLF4",0.547159608169768,-0.458935971939021,0.118,0.137,1
"COMMD2",0.547181142379361,-0.270816118618295,0.098,0.097,1
"VPS13B",0.547189261972047,0.21661911288136,0.226,0.171,1
"TRAK1",0.54725439321827,0.216415133194827,0.333,0.283,1
"COX8A",0.547478582191154,0.200804090722754,0.408,0.331,1
"EMC10",0.547638938674878,0.260192753117769,0.222,0.163,1
"SAXO2",0.547644272220881,1.50092910719168,0.011,0.005,1
"CENATAC",0.547766382973612,0.436429213583312,0.1,0.069,1
"SFT2D2",0.548025699783703,-0.140580731849205,0.213,0.201,1
"DDB2",0.548173695029626,0.211109737744064,0.035,0.025,1
"TMEM38A",0.548281072101023,0.903795912851664,0.02,0.012,1
"RNF38",0.548325732800398,0.170976006018606,0.275,0.221,1
"ZNF345",0.548378742913351,-0.525590077689485,0.029,0.035,1
"STYX",0.548461815562593,-0.332368481288992,0.051,0.056,1
"LARGE2",0.548498097989198,-0.549802591084085,0.078,0.091,1
"C8orf58",0.548824934755535,0.844975538166891,0.018,0.008,1
"CENPL",0.548832096606119,0.260606918939696,0.033,0.021,1
"POLR2G",0.549068578486665,-0.126528606319709,0.157,0.152,1
"ENSG00000257086",0.549132698007858,-1.25948307492166,0.007,0.01,1
"C1S",0.549254926317535,-0.180702526489669,0.031,0.038,1
"DMAC2L",0.549545996288465,-0.192439613895529,0.104,0.104,1
"H1-5",0.549559585221625,0.949347600616773,0.016,0.012,1
"ENSG00000289970",0.54965566399863,-1.19340705189393,0.011,0.015,1
"PARP11",0.549715056942239,0.612906130823033,0.095,0.063,1
"ENSG00000289121",0.549841558721425,0.271633590867023,0.016,0.008,1
"SLC20A2",0.549974946500151,-0.105379758196819,0.113,0.117,1
"WDR43",0.550007829108125,0.183333459890363,0.286,0.221,1
"SLC35E4",0.550219276820721,0.86244243936548,0.016,0.007,1
"C14orf93",0.55038194236697,0.176328285611649,0.013,0.015,1
"ARPC3",0.550719710371375,0.106074614458977,0.794,0.75,1
"CLTB",0.55084265952709,0.157219627637919,0.195,0.165,1
"EVI2A",0.550935392871524,0.454465470014188,0.086,0.059,1
"CARD8",0.551011225326333,0.295694418517654,0.146,0.11,1
"LAMTOR2",0.551144526577475,-0.236936378554364,0.08,0.066,1
"RNF125",0.551393228216607,0.451312440215724,0.049,0.033,1
"ZNF529-AS1",0.551580969998115,-0.258008041324765,0.024,0.031,1
"CDK8",0.551590404344929,0.139034972387013,0.12,0.107,1
"WARS2-AS1",0.551601011531607,0.240798157394051,0.044,0.031,1
"TMEM164",0.551607501523284,0.424172924393935,0.038,0.031,1
"SP140L",0.551610808792344,-0.17556000962484,0.251,0.245,1
"EHBP1L1",0.551614181177184,0.487225264502502,0.208,0.143,1
"CCDC66",0.551764274562213,-0.118163314580603,0.073,0.074,1
"ZNF251",0.55179256017188,0.487042176042147,0.051,0.031,1
"C1QBP",0.551894800755702,0.214218111587026,0.317,0.239,1
"ANKRD27",0.55217450377036,0.34036273114341,0.062,0.054,1
"CDC5L",0.552258023965168,-0.103762292586361,0.315,0.28,1
"HECTD3",0.552286711129203,0.659553469357976,0.033,0.021,1
"ZNF382",0.55250965784558,0.984186613861005,0.011,0.005,1
"POMK",0.552596659711101,0.702371787986353,0.027,0.016,1
"RNF216P1",0.552713657828269,0.374126970533198,0.109,0.077,1
"SLC25A39",0.552848884028628,0.406615055239411,0.142,0.099,1
"TGFB1",0.552855468613589,0.163720434336732,0.836,0.773,1
"CA3-AS1",0.552931039294726,0.434344349097621,0.016,0.008,1
"ECPAS",0.553140648369887,0.206474090619687,0.144,0.1,1
"THOP1",0.553230035756952,0.59872947497795,0.047,0.028,1
"SLC37A1",0.553315583991408,-0.129783497382729,0.295,0.28,1
"MROH1",0.553469791782103,0.323639108497705,0.031,0.02,1
"DCAF8-DT",0.553497900824944,-0.149813544951271,0.022,0.028,1
"TCAF2",0.553553271767681,-0.743720467020295,0.016,0.021,1
"ZNF707",0.553847846419641,0.34483949538403,0.035,0.018,1
"EXOC6",0.553869207624289,-0.222205888357921,0.171,0.163,1
"ENSG00000259001",0.553982851182763,-0.501556214645412,0.029,0.036,1
"SGK1",0.553998969028172,-0.191836424232762,0.191,0.193,1
"USP30",0.554354132245701,-0.734456232794979,0.024,0.025,1
"ITGB2-AS1",0.554429860654645,0.500043143594623,0.071,0.049,1
"NFIX",0.55458059180918,-1.17063827107073,0.016,0.018,1
"AMMECR1L",0.554630269919723,-0.427517132433092,0.055,0.066,1
"SPATA33",0.554647932150798,0.327213610047176,0.033,0.018,1
"EIF4EBP3",0.55468461867638,-0.5921405413456,0.031,0.04,1
"PRUNE1",0.554727681460572,-0.650877805529016,0.027,0.035,1
"SMARCA2",0.554896035947206,-0.105050535684811,0.271,0.231,1
"SMG7",0.554942869793393,0.258088463746758,0.182,0.147,1
"FGD3",0.555047710269532,0.159900267549577,0.122,0.109,1
"LINC01890",0.555077141995272,0.899401255895198,0.016,0.007,1
"CNBD2",0.555118580162459,-0.149363491135302,0.029,0.03,1
"ORC2",0.555268344197785,-0.276777582871296,0.086,0.074,1
"C7orf50",0.55529362406806,0.295407637914328,0.37,0.293,1
"ZBTB11-AS1",0.555416021720764,0.41216178841345,0.038,0.023,1
"EP400",0.555441657981583,0.276992802442956,0.162,0.127,1
"SLMAP",0.555456080276601,0.214534631882386,0.264,0.196,1
"RCAN3AS",0.555878013796142,0.593675808082299,0.022,0.012,1
"PRMT2",0.555917242232791,-0.263934926801323,0.146,0.145,1
"IGHV3-7",0.555929977791246,-0.450599910082641,0.029,0.035,1
"ADD3",0.555931059156308,0.12995628568906,0.271,0.236,1
"DUSP12",0.556250130017495,-0.193988615626882,0.115,0.115,1
"PELI1",0.556452499416038,-0.166720774363252,0.497,0.481,1
"CES2",0.556458569311184,0.63401661790533,0.044,0.031,1
"COA6-AS1",0.556618516903465,0.275160312133157,0.053,0.041,1
"TTC21A",0.556630100826345,0.387394873725345,0.035,0.023,1
"FUT8",0.557013475154273,0.178036795832775,0.122,0.099,1
"ENSG00000280614",0.557032277964003,-0.463615881126168,0.022,0.02,1
"DVL3",0.557042281960314,0.358555807108791,0.093,0.064,1
"NFAT5",0.557092461176023,0.176497581086896,0.59,0.521,1
"VIRMA",0.557284891826712,-0.306641066111301,0.129,0.127,1
"DYRK3",0.557309565862464,0.750059641871798,0.035,0.02,1
"DSEL",0.55734222462959,0.810658349630227,0.016,0.01,1
"DMAC1",0.55735222415594,0.32012100260685,0.064,0.043,1
"CD9",0.557444662300298,0.454229665109893,0.086,0.074,1
"CRNKL1",0.557460742461594,-0.130602643597203,0.169,0.153,1
"KAT8",0.5575200858943,-0.38407813805308,0.12,0.119,1
"ZNF416",0.557794342075454,0.351066343085517,0.035,0.026,1
"VAT1",0.558119870473794,-0.802805441410514,0.029,0.036,1
"FMNL1-DT",0.558323322615576,-0.108293131625275,0.237,0.229,1
"CUL5",0.558397972655925,-0.259925322962678,0.206,0.199,1
"ORAI2",0.558561967213188,0.106235018390462,0.457,0.382,1
"THAP7",0.558582685013909,-0.358267400726837,0.086,0.087,1
"C16orf86",0.558624953386978,0.830526105049304,0.011,0.005,1
"KLC2",0.558765695524947,-0.271566865478803,0.053,0.046,1
"SLC41A2",0.558894145434158,-0.24628894890775,0.069,0.069,1
"TUBA1C",0.558949601844859,0.136451447194633,0.279,0.229,1
"ZDHHC23",0.559372732180776,0.816083028218894,0.04,0.025,1
"GNG10",0.559480830358088,-0.166452421209731,0.073,0.076,1
"CCNH",0.559549480923286,0.141591997806771,0.437,0.362,1
"ENSG00000258752",0.559749577338271,1.00149916963078,0.02,0.008,1
"ENSG00000241666",0.559786536887931,0.253705251116367,0.011,0.007,1
"FDFT1",0.560166958632777,-0.147868099509684,0.266,0.257,1
"NEB",0.560234793278751,1.54511267448083,0.011,0.003,1
"HSPA13",0.560521634968339,-0.167151590249881,0.162,0.161,1
"NDUFAF4",0.560711265399926,-0.157568389641687,0.184,0.185,1
"C12orf42",0.560985045618199,-0.282129211683521,0.1,0.099,1
"PKD1",0.560986469761528,0.577916787925479,0.027,0.015,1
"PCF11",0.56100876602542,-0.296017592652595,0.251,0.245,1
"ENSG00000289757",0.561090230292457,0.867153229521604,0.011,0.005,1
"TCL1A",0.561094653391822,-0.194591590887927,0.191,0.196,1
"ERGIC3",0.561184704288324,0.235553713530811,0.326,0.252,1
"ISOC1",0.561228168579521,0.197857283826704,0.049,0.031,1
"FAM98A",0.561393607254106,0.372748269088347,0.093,0.068,1
"LINC02422",0.561585075652696,-0.32784475219324,0.035,0.031,1
"OASL",0.561671416932663,-0.7369984334597,0.011,0.015,1
"GFM2",0.56177218909047,-0.114810424398816,0.042,0.043,1
"RRN3",0.561975516100501,0.313734728813218,0.162,0.122,1
"WASL-DT",0.562099613058258,-0.497140275600637,0.007,0.01,1
"ASF1B",0.562106377225025,2.00639629666717,0.011,0.003,1
"GRAP2",0.56214909821298,0.73056123184168,0.035,0.02,1
"FAM167A",0.56224622506699,-0.618440214447775,0.009,0.012,1
"ENSG00000291283",0.562367079590866,-0.429657908422461,0.035,0.033,1
"BTLA",0.562461781453513,-0.35906964807246,0.142,0.145,1
"SNX22",0.56255277540057,0.206429112402121,0.111,0.082,1
"EML2",0.562646286847494,0.283699411589266,0.053,0.033,1
"ZBTB37",0.562705745046502,1.12434303748601,0.018,0.008,1
"HSD17B7P2",0.562837747522994,0.301912971693521,0.075,0.051,1
"ARMT1",0.562841283860743,-0.384176159193744,0.04,0.044,1
"TMEM165",0.562863854937783,0.155140295571124,0.31,0.269,1
"SACM1L",0.563109657611572,0.301749418720171,0.12,0.084,1
"RPAIN",0.563114272248062,0.104157954046091,0.233,0.183,1
"KIAA0586",0.563124018788319,-0.368699248592478,0.042,0.044,1
"ACYP2",0.56318613060397,-0.13815694985933,0.142,0.125,1
"SPECC1L",0.563197996624219,-0.120464132996715,0.102,0.094,1
"ZNF703",0.56322198452265,0.338459482128016,0.093,0.071,1
"CSNK2A2",0.563361421142135,-0.352898323943719,0.109,0.107,1
"UBR7",0.563432564127675,0.428483216299436,0.102,0.079,1
"METTL15",0.563656228065417,0.288743620894747,0.075,0.061,1
"BMAL1",0.563794124964522,-0.299184850021105,0.069,0.074,1
"ALOX5",0.563921171139436,-0.113951955363964,0.279,0.265,1
"NAGK",0.564198984048123,0.297218207182747,0.133,0.107,1
"SEC24B",0.564202856242161,-0.103902600042209,0.239,0.232,1
"TIMM9",0.564263991382669,0.150197225976289,0.118,0.082,1
"TSC1",0.564369701926436,-0.271353606064782,0.075,0.077,1
"MAP4K2",0.56445036700397,-0.111396960462893,0.102,0.104,1
"SERAC1",0.564507304705692,1.0552769382973,0.02,0.01,1
"PRR5",0.564799433267283,0.942179146967092,0.02,0.012,1
"DLGAP3",0.564885258973405,1.28669959158595,0.011,0.003,1
"ENSG00000289938",0.564893301539971,-1.07166274178771,0.009,0.012,1
"MRPL18",0.564965652401967,-0.255334723822673,0.195,0.189,1
"ENSG00000289228",0.56514633431807,-1.5377362599827,0.009,0.015,1
"HAUS1",0.565266362262593,0.453077012028922,0.044,0.025,1
"GIMAP5",0.565274959053292,0.507032764148641,0.013,0.007,1
"ITGAL",0.565462765499967,-0.502323714674958,0.027,0.035,1
"ZNF550",0.565490161478192,0.372074953144674,0.051,0.031,1
"MAST2",0.565788793883645,-0.529468217109203,0.047,0.049,1
"MIER2",0.565969992980723,-0.525454630547842,0.031,0.031,1
"SPPL3",0.566202663936669,0.25494383368936,0.248,0.198,1
"CAMKK2",0.566267397951221,0.361311452631218,0.029,0.015,1
"PPP2R5D",0.566272675360731,0.54312865497257,0.047,0.026,1
"ERMP1",0.56640396489056,-0.12565855475477,0.047,0.048,1
"RAD51AP1",0.566415679922576,0.782237079150115,0.011,0.007,1
"CCDC125",0.566416392984425,-0.314189226577328,0.007,0.013,1
"VPS26B",0.566460650236535,-0.642698356187515,0.016,0.02,1
"HERC2P3",0.566485585133112,-0.927250100658371,0.009,0.012,1
"ZNF232",0.56654703509899,0.751132387399832,0.031,0.016,1
"STRADA",0.566660639953598,-0.266331327703151,0.064,0.068,1
"ENSG00000275180",0.566809822404585,-0.672739668234917,0.018,0.023,1
"CCDC171",0.567024315467579,1.32526395360169,0.011,0.005,1
"ZMAT2",0.567053021671536,0.225780690077347,0.302,0.244,1
"FGR",0.567421017369897,0.442926856872068,0.093,0.058,1
"TM7SF3",0.567426073423731,0.371401503143252,0.038,0.033,1
"XKR6",0.567492678766255,-0.479390019688795,0.053,0.059,1
"MYO18A",0.5675052346477,0.134486062753701,0.055,0.041,1
"ENSG00000280800",0.567622858644356,0.339110630604173,0.02,0.02,1
"RNF20",0.567701179145725,-0.366618254416545,0.058,0.053,1
"MASTL",0.567873340938744,0.213472329934522,0.118,0.092,1
"MRPL3",0.568187835213205,0.212312565367572,0.149,0.102,1
"EPB41L2",0.568274850798284,-0.263488854789781,0.153,0.163,1
"MRTO4",0.568315398234639,0.368728954407813,0.126,0.084,1
"ATG4D",0.56831635728778,-0.37074153212418,0.104,0.114,1
"ENTPD1",0.568330277190663,-0.207788094335549,0.029,0.036,1
"IGLV1-44",0.568395634750566,-0.420553672881484,0.031,0.04,1
"IGKV3-15",0.568427792920178,0.470679655316934,0.084,0.071,1
"GRAPL",0.568567329378234,-0.544708909274412,0.02,0.021,1
"SLC7A7",0.568597591645392,-0.442702668134868,0.018,0.021,1
"FAM185A",0.568628177199582,0.232648626785492,0.011,0.015,1
"ATP1B1",0.568820192262385,0.366556190016314,0.02,0.018,1
"PROSER3",0.568840318036663,-1.37633469447352,0.009,0.016,1
"PRELID1",0.569041636842732,0.148128883947895,0.364,0.292,1
"MXD4",0.569090166865919,-0.1466894996632,0.262,0.244,1
"ZMPSTE24",0.569416383914644,0.242410291547035,0.089,0.064,1
"KMT5C",0.569590160479952,0.527380941875024,0.044,0.031,1
"DNAJC11",0.56984547104102,0.438163255786744,0.064,0.04,1
"INSIG1-DT",0.570003217246209,1.22101129629176,0.018,0.007,1
"ACOX3",0.570244241200339,-0.608832661942887,0.024,0.023,1
"TMEM175",0.570264566662295,-0.158511017668902,0.137,0.137,1
"MPZL3",0.570271763766231,-0.663341171270683,0.029,0.04,1
"ATF7",0.570345251323034,0.348278966794999,0.135,0.097,1
"TMEM65",0.570690557694777,-0.174842552542812,0.098,0.104,1
"AAK1",0.570733197306995,0.605472468420942,0.038,0.023,1
"EDRF1",0.570948029883768,-0.172564948503889,0.091,0.091,1
"FANCF",0.5710063425506,-0.897814195616844,0.022,0.026,1
"MED28-DT",0.571075789031245,0.891473249020541,0.013,0.005,1
"FAM13A-AS1",0.571088129070381,1.57193694737742,0.013,0.007,1
"PFKFB2",0.571244908706415,-0.424603832040066,0.024,0.025,1
"CD244",0.571331563010652,-0.826743486296201,0.018,0.023,1
"ENSG00000251661",0.57134673429704,0.942159394094708,0.018,0.01,1
"ZNF577",0.571659296453158,1.03344521791486,0.013,0.007,1
"SMURF1",0.571762493624006,0.148223303306347,0.237,0.198,1
"SCAMP4",0.571861747233186,0.229233461919323,0.124,0.099,1
"CENPN",0.571872192195104,0.205536143918555,0.053,0.033,1
"PRR14",0.571891832668003,-0.156373232218989,0.18,0.178,1
"BCL6",0.571986578847465,0.103602226748099,0.215,0.185,1
"GATD1",0.572041665193704,-0.835241535384442,0.02,0.023,1
"GTF3C1",0.572264820496832,-0.211801444768287,0.093,0.089,1
"FOXO1",0.572507125973426,-0.153179892006465,0.353,0.353,1
"H2AC17",0.572565907746265,0.642362123593029,0.042,0.026,1
"SMU1",0.572780537174709,0.253591626498932,0.308,0.247,1
"LINC02035",0.572810009496896,0.96696989841675,0.011,0.003,1
"DIS3L2",0.572834207206475,-0.372358896766204,0.069,0.066,1
"SLC25A11",0.573298323420002,-0.482273322888872,0.049,0.051,1
"ENSG00000223969",0.573324627229404,0.577065206356081,0.031,0.02,1
"JKAMP",0.573385703604676,-0.43652847377517,0.035,0.041,1
"LRRK2",0.573499909259995,-0.256773756573853,0.062,0.063,1
"MYO1C",0.573737822390141,0.125026690805828,0.326,0.265,1
"STK16",0.573883015401044,0.371796123775491,0.047,0.035,1
"ACAT2",0.574124270347942,0.355500803630108,0.091,0.068,1
"TYW5",0.57424805128705,0.480363742113056,0.055,0.035,1
"ENSG00000236498",0.574387771100969,0.746272688341882,0.018,0.012,1
"BLOC1S6",0.574535774579848,0.220068124619629,0.277,0.226,1
"FLJ20021",0.574642728246947,1.15913724016718,0.02,0.008,1
"TRAPPC13",0.574730118386635,-0.404958498638984,0.053,0.058,1
"ZKSCAN5",0.574814065424185,-0.297031190085059,0.033,0.031,1
"WDR91",0.574863522943941,0.443760953575785,0.06,0.035,1
"RAB4A",0.57498386870427,0.209121457716117,0.191,0.135,1
"FBXL3",0.575084558734311,-0.238998970994035,0.259,0.252,1
"SLC22A18",0.575093287841519,0.396839306093208,0.013,0.007,1
"PARP12",0.575113949602277,0.266182353096839,0.171,0.127,1
"CD38",0.575144901650304,0.231373021206764,0.16,0.124,1
"CD247",0.575216120756533,1.29186724941674,0.016,0.008,1
"HEG1",0.575289418329165,0.26631672058837,0.04,0.026,1
"TASL",0.575661311987012,0.384138390080905,0.035,0.023,1
"SGSH",0.576019117356888,0.302044002066522,0.051,0.043,1
"FGGY",0.57628290903857,-0.190434818750849,0.049,0.044,1
"HRG-AS1",0.57636341085162,-0.845432578651381,0.011,0.016,1
"ARF4",0.576417908312228,0.19325098129682,0.541,0.451,1
"ZFHX2",0.576432186249907,1.13143374372778,0.013,0.005,1
"MR1",0.57648201481915,-0.1664865042377,0.042,0.044,1
"SKAP2",0.576507151526438,0.227899849097304,0.162,0.12,1
"CARHSP1",0.5765967160401,0.184129736312119,0.135,0.105,1
"TOX",0.57671035567937,-0.922383373924531,0.007,0.012,1
"NSDHL",0.577051214469473,-0.589500716166258,0.02,0.021,1
"INAFM1",0.577173127939095,-0.423915996374407,0.031,0.035,1
"SNHG4",0.577296749334089,0.506929726502769,0.02,0.012,1
"EIF5A2",0.577318956307995,-0.739132333353665,0.013,0.018,1
"ACSL5",0.57743682668858,0.440855023235328,0.095,0.063,1
"TMLHE",0.577578510682424,-0.452659849640842,0.071,0.079,1
"SIKE1",0.577594035379052,0.166059469934098,0.109,0.087,1
"SVBP",0.578114757594202,0.161417137432852,0.151,0.115,1
"ENSG00000290762",0.578391997828502,0.808319042033604,0.018,0.007,1
"KLF12",0.57848293277832,-0.170592043384835,0.266,0.265,1
"RFXANK",0.578484491764051,0.485081093780102,0.071,0.043,1
"PLEKHF1",0.578793441665309,-0.341669606861973,0.027,0.026,1
"TM2D3",0.578813984993538,0.152282042663956,0.173,0.142,1
"SPEN-AS1",0.578916252881386,0.420872795437044,0.06,0.04,1
"RBCK1",0.578977281073897,0.169679399054122,0.146,0.109,1
"TRIM58",0.579114587350494,0.626818047551983,0.011,0.005,1
"DHX34",0.579185169804898,-0.640647292489693,0.011,0.018,1
"SOCS7",0.579353154294538,1.17350546368242,0.011,0.007,1
"APH1A",0.579462194888577,0.125342562950182,0.437,0.359,1
"PSMB8-AS1",0.579914585189009,0.296882270459103,0.093,0.079,1
"SPHK2",0.579924676119998,-0.633339320252153,0.018,0.026,1
"ZNF829",0.580056448518986,0.760199878691411,0.018,0.01,1
"LSM3",0.580089950267391,-0.100905910579552,0.173,0.168,1
"JTB",0.58011965144769,0.139797136574217,0.419,0.346,1
"JARID2",0.580405471677238,-0.100018790505184,0.437,0.43,1
"TTC30A",0.580510460589193,1.88576233712185,0.018,0.008,1
"CSTF3",0.580537765681323,0.712420195071445,0.049,0.031,1
"HMOX2",0.58054382712648,-0.333281083376961,0.106,0.102,1
"SPDYE2B",0.580725291631267,-0.591656585466688,0.007,0.012,1
"ENDOV",0.580975388089097,0.188786703486123,0.031,0.031,1
"C2orf42",0.581311944429683,0.369141149084018,0.035,0.02,1
"GALK2",0.581434173193377,-0.115667109538762,0.044,0.033,1
"NUP43",0.581572048941814,-0.444975447711536,0.02,0.021,1
"VMP1",0.581621619093878,0.204505047457318,0.273,0.206,1
"CATSPER2P1",0.581734477262356,0.769391150229962,0.013,0.007,1
"TIMMDC1",0.581803648281486,0.266795317146833,0.042,0.028,1
"TPK1",0.581808959100691,0.283137165795256,0.071,0.053,1
"POLE4",0.58181641964115,-0.196479067639505,0.137,0.132,1
"ALG12",0.581840522282758,0.297664205117011,0.042,0.036,1
"CNOT1",0.581910679105143,-0.156280722578885,0.399,0.384,1
"RSU1",0.581980987342704,-0.220149569819045,0.073,0.068,1
"METTL16",0.582063165642588,-0.125532382793316,0.149,0.124,1
"ENSG00000233635",0.582069312061778,1.2413752518337,0.011,0.005,1
"ENSG00000285842",0.582099333722145,-0.945126253372478,0.009,0.015,1
"MEPCE",0.582298903195974,-0.207345602012742,0.182,0.171,1
"MCOLN2",0.582419662665624,0.295827354688161,0.044,0.028,1
"CHD1L",0.582508199915017,-0.329499570412477,0.053,0.041,1
"ALG11",0.58251199623437,0.237810932731568,0.073,0.059,1
"ZSCAN29",0.582622784272927,0.7706086444081,0.029,0.016,1
"C6orf136",0.58294990303371,-0.343156905813117,0.069,0.071,1
"KLC4",0.583074473118607,0.963763376265879,0.029,0.016,1
"USP20",0.5833003425345,0.103720793175968,0.04,0.044,1
"UPRT",0.583486414277376,-0.140876070050076,0.062,0.063,1
"GRWD1",0.583720704061625,-0.176970920170363,0.193,0.196,1
"ROCK2",0.583790127222281,0.445244100923722,0.086,0.056,1
"MTCL1",0.583897355018712,-0.366736454769604,0.009,0.013,1
"NSF",0.583942545790197,0.209545281334765,0.339,0.28,1
"RNF122",0.584028208020095,0.451300671356768,0.053,0.038,1
"GABPB1-IT1",0.584044625951561,0.131278799707843,0.115,0.092,1
"BTBD6",0.584069590269996,0.457715402517576,0.091,0.058,1
"LAMTOR1",0.584203744647616,0.300078739025447,0.195,0.147,1
"CELSR1",0.58428888486128,-0.831751866479508,0.031,0.036,1
"SLC15A2",0.584488725084435,-0.643975026623577,0.022,0.028,1
"CRYL1",0.584572826560038,0.65158025647916,0.013,0.007,1
"JRKL",0.584704540554954,-0.382828299305787,0.018,0.016,1
"ZNF675",0.584856882813261,-0.34628793680689,0.133,0.143,1
"ABRACL",0.584879021001416,-0.187993325405558,0.251,0.229,1
"ENSG00000291149",0.584886108287748,-0.353958057366544,0.053,0.058,1
"IGLV2-23",0.584938831718051,-0.608758155923353,0.029,0.03,1
"GANAB",0.584966938878972,-0.314092961599119,0.08,0.069,1
"MIEF2",0.585129985144686,0.888692209038867,0.018,0.008,1
"PRKCH",0.585307435731131,0.567917758484507,0.02,0.012,1
"ENSG00000258820",0.585341643421544,-0.224275524118019,0.018,0.018,1
"RIPK3",0.585757911003599,0.307239090722039,0.018,0.008,1
"ZNF20",0.585762638656373,-0.555706451617034,0.009,0.015,1
"LZTS2",0.585817686387617,0.867000924222119,0.022,0.015,1
"ACCS",0.585913020167226,0.531753112726302,0.018,0.007,1
"MORC2",0.585920373978111,-0.82674964292669,0.013,0.016,1
"QSER1",0.585973454530806,0.277743425078547,0.069,0.048,1
"FASTKD3",0.586202838240836,0.17748425060951,0.024,0.016,1
"ZFPM2",0.586258792520823,-0.841575148663346,0.009,0.015,1
"WDR46",0.586307191086857,0.252939526313851,0.129,0.091,1
"KIDINS220",0.586343952644224,-0.282761444046236,0.129,0.124,1
"TMCC3",0.586688847451161,0.175281868302386,0.018,0.01,1
"PRMT9",0.586791945364747,0.163288508374625,0.164,0.127,1
"PRADC1",0.58686198077453,-0.642284549628018,0.007,0.01,1
"C1orf52",0.587097240296517,-0.153508324671326,0.302,0.293,1
"SLC9A9",0.587198998782837,0.603011782380138,0.042,0.033,1
"SNX5",0.587212468701787,0.116676486854216,0.253,0.227,1
"CASTOR3P",0.587231745582542,0.534634907652442,0.049,0.033,1
"PRKAA1",0.587294703021599,-0.177002493255651,0.18,0.152,1
"ZFAT",0.587510188856928,-0.396688420886873,0.044,0.051,1
"HELLS",0.587994912112379,0.210030699780047,0.047,0.033,1
"ERN1",0.588058870346029,0.413435287891849,0.058,0.044,1
"LINC01145",0.588210857225421,0.236795368015769,0.082,0.053,1
"ENSG00000291101",0.588226241384812,-0.154730841442343,0.016,0.008,1
"IGKV3-11",0.58836632278617,-0.475536178821236,0.049,0.049,1
"RBIS",0.588386309999073,0.167869900752726,0.266,0.213,1
"DNAAF5",0.588386805969233,0.212756000318326,0.047,0.031,1
"CPB2-AS1",0.588464008940618,0.266862956805464,0.12,0.084,1
"ENSG00000239300",0.588467898944049,-0.407759602245255,0.02,0.023,1
"EBP",0.588526085443073,-0.405962992123722,0.086,0.086,1
"ENSG00000254907",0.588533965826871,1.0898332689041,0.02,0.008,1
"DCAKD",0.5887101506229,0.34160483610699,0.027,0.018,1
"SAMD4A",0.588752374800833,-0.138400659022473,0.222,0.211,1
"IQCN",0.589200687035723,0.83264930145899,0.031,0.016,1
"SEC23IP",0.589502274995277,0.129311569911549,0.129,0.097,1
"ENSG00000228863",0.589582966370883,1.25060933010964,0.016,0.008,1
"ATP8B2",0.589613528277444,-0.299603849551366,0.02,0.02,1
"JADE1",0.589667047089962,0.214313732400634,0.093,0.069,1
"C2CD2L",0.589698147038139,0.971456852284114,0.013,0.007,1
"MAP4K1",0.589860657895342,0.274454081811549,0.142,0.107,1
"AGPS",0.589946616621897,-0.763832171340733,0.029,0.038,1
"RRS1",0.590039378827791,0.291454858448394,0.031,0.02,1
"TTC38",0.590044465343212,-1.15054362623854,0.004,0.01,1
"ZNF780A",0.590066779269456,0.331045816685906,0.031,0.016,1
"BDH2",0.590119357400852,0.676992562935148,0.055,0.033,1
"SLC35D1",0.590191399072971,0.315873463606135,0.191,0.153,1
"USO1",0.590242528588853,0.179271568290616,0.126,0.099,1
"EIF2AK1",0.590464507934216,-0.112809293043329,0.126,0.112,1
"SNTB2",0.5904839568213,-0.496826486875501,0.022,0.026,1
"TECPR1",0.590781010479325,0.177334498771722,0.038,0.025,1
"PRICKLE3",0.590836971774838,-0.458510519393847,0.016,0.02,1
"MRPL19",0.590868458257387,0.428965889980456,0.08,0.051,1
"ENSG00000287265",0.59096592084056,-0.667372596059634,0.022,0.031,1
"DNAJC17",0.590984971246577,-0.35960136639466,0.053,0.054,1
"LIN54",0.590994984343972,-0.350274839207975,0.058,0.056,1
"MDC1",0.591015051396483,0.374987926922394,0.062,0.041,1
"USP12-AS1",0.591069415682456,0.281635786472669,0.102,0.079,1
"POMT2",0.591139759725726,-0.745307388592482,0.009,0.015,1
"ENSG00000273729",0.591322860964541,1.25496346526234,0.013,0.007,1
"COMMD3",0.591358918635374,0.146099812314291,0.075,0.071,1
"ACOX1",0.591496807356853,-0.405835097754557,0.047,0.048,1
"MCCC2",0.591505151881157,-0.189400859678453,0.137,0.13,1
"CEP131",0.591529807090664,0.579451743767866,0.02,0.013,1
"ZNF17",0.591591291952968,-0.286059601168084,0.042,0.038,1
"SRGAP2C",0.59168682050348,0.467357151424042,0.04,0.026,1
"RHOT2",0.591757525480665,0.243040622956538,0.149,0.115,1
"USP24",0.591771173900751,0.114924581875535,0.426,0.356,1
"CDV3",0.592092609128744,0.12760821491843,0.439,0.382,1
"FECH",0.592124516241072,-0.382063686824707,0.009,0.012,1
"ENSG00000259589",0.592335811875699,-0.324970753065474,0.051,0.051,1
"PRPF18",0.592405193760475,-0.213991833522221,0.12,0.12,1
"MVP",0.592414842482754,0.48246392990432,0.078,0.048,1
"COX17",0.592549990543859,-0.215773808733184,0.377,0.371,1
"RBFA",0.592584728913254,0.524516102627529,0.084,0.054,1
"CDR2",0.592614205439649,0.165770041124729,0.109,0.079,1
"ENSG00000228427",0.592792895442643,-0.691414347557531,0.007,0.012,1
"ZNF257",0.592826257802033,0.844508436289256,0.018,0.01,1
"SERINC1",0.592839481983433,-0.107522183529343,0.528,0.488,1
"HDX",0.592852530609392,0.383073515103777,0.042,0.026,1
"CBR3-AS1",0.593457832429044,-0.639817905203657,0.018,0.023,1
"TEX2",0.593575103303913,1.16920570471584,0.018,0.008,1
"RRBP1",0.593647401906262,-0.456677743913928,0.067,0.063,1
"ZNF548",0.593975537783404,-0.430778849201487,0.078,0.086,1
"ZGPAT",0.594405782854866,-0.460238585533347,0.078,0.087,1
"HDDC3",0.594592785919657,0.248694076527578,0.013,0.007,1
"CEBPB",0.594606625066677,0.414667591034529,0.129,0.091,1
"DCTN5",0.594911139757347,-0.12270455549384,0.071,0.056,1
"USP42",0.594998214290099,0.162432367103846,0.146,0.12,1
"LZTR1",0.59500293553735,-0.688731211574039,0.02,0.025,1
"FCHSD1",0.595068290500181,0.474606074327064,0.055,0.038,1
"TMEM202-AS1",0.595082190972942,0.529662557850541,0.027,0.013,1
"LTBP3",0.595670382078152,0.320094729199658,0.086,0.059,1
"ZNF175",0.595738655018335,0.684550530100216,0.018,0.008,1
"SIMC1",0.595784661074574,-0.111038691081203,0.175,0.168,1
"POM121",0.595804890916786,0.291223474375075,0.2,0.152,1
"LINC00665",0.595924614804027,0.623273174094549,0.04,0.026,1
"C6orf62",0.5960302952344,-0.208469590430928,0.157,0.152,1
"ENSG00000289015",0.59618150508813,-0.445178510894474,0.013,0.02,1
"TIGD3",0.596215606847203,1.11696958316262,0.011,0.005,1
"CTNNA1",0.596245062424383,-0.561089734445837,0.051,0.051,1
"TMEM109",0.596289672233534,0.139869210681156,0.106,0.084,1
"MAPK8IP1",0.596495113381477,-0.38695518753113,0.009,0.013,1
"SUCLA2",0.596586118076174,-0.120457758155129,0.111,0.107,1
"DSN1",0.596655744334675,-0.630207282828362,0.013,0.018,1
"FBRSL1",0.596700288593599,0.307682822275335,0.193,0.147,1
"ENY2",0.596742712067128,0.129815046358412,0.452,0.386,1
"DHTKD1",0.596754975524631,0.206145939219015,0.08,0.058,1
"ZNF383",0.597063510661529,-0.148059440580448,0.078,0.076,1
"RUNX1",0.597064210852881,0.240999379092603,0.266,0.211,1
"TMEM167A",0.597298001752546,0.113092355741168,0.173,0.148,1
"PRR13",0.597364724346657,0.132632198957076,0.43,0.359,1
"MAP3K20",0.59740519709197,0.41872774778314,0.027,0.013,1
"TMEM205",0.597446159640826,-0.210943599724718,0.078,0.071,1
"SMARCD1",0.597449015213204,0.185917903095038,0.204,0.155,1
"ENSG00000273456",0.597792875022496,0.915620127976386,0.016,0.01,1
"ZNF182",0.597841508109065,0.481550858418226,0.02,0.012,1
"ENSG00000289406",0.597966798152653,1.49209672752895,0.016,0.008,1
"UBOX5",0.597989801384232,-0.156511930598271,0.035,0.026,1
"GRAMD1A",0.598015892632278,-0.35885486719054,0.089,0.096,1
"ALKBH8",0.598024033705303,0.698707319876511,0.022,0.012,1
"SLC12A2-DT",0.598045725107747,0.59166535640626,0.047,0.031,1
"CHPF2",0.598079084697693,-0.18729755285751,0.027,0.033,1
"TAF6",0.598210147740539,-0.351912027279662,0.031,0.038,1
"FAM228B",0.598340666099291,-0.355561877814016,0.033,0.041,1
"IBTK",0.598390910734815,0.143041557424048,0.064,0.054,1
"HMGB1",0.598524554615651,0.105172549049138,0.867,0.85,1
"ABHD17C",0.598638728961493,1.28498485393663,0.011,0.003,1
"PTPRA",0.59887690671486,-0.190887633841081,0.169,0.168,1
"BLCAP",0.598965614978133,0.180299277486688,0.211,0.168,1
"SYK",0.59898909082903,0.160169634368239,0.22,0.175,1
"ELOB",0.599444561033804,-0.145426398316436,0.435,0.422,1
"TMED8",0.599993854585772,-0.294118918293996,0.106,0.115,1
"QARS1",0.600008460765947,-0.236035938321051,0.124,0.115,1
"PCCB",0.600424071801734,0.368453810316069,0.047,0.03,1
"CEP120",0.600628885370651,-0.211526774705313,0.14,0.13,1
"CD3E",0.600673386751989,0.676809397200529,0.011,0.01,1
"ZSWIM7",0.60077832556212,0.349934778444498,0.091,0.061,1
"ZNF326",0.60079667766075,-0.198106193364582,0.306,0.293,1
"CHMP7",0.600863990571137,-0.111983384880062,0.169,0.152,1
"TSEN2",0.601073375363978,-0.134385440824333,0.011,0.013,1
"BOLA2",0.601158575785456,0.389418372931523,0.1,0.061,1
"FAM177A1",0.601511056386743,0.227969489023592,0.51,0.427,1
"BICRA",0.601513434246081,-0.136795417191735,0.027,0.016,1
"DYNC2I1",0.601570588650116,0.505964545015406,0.051,0.035,1
"RBM34",0.601653700227546,-0.199013300295801,0.113,0.105,1
"MTO1",0.601674234159226,0.248490166523228,0.104,0.081,1
"MPRIP",0.60169583526135,0.103778861802804,0.149,0.114,1
"LRRC37A2",0.601850309798377,-0.729214990106413,0.022,0.028,1
"CNTROB",0.601912588928994,-0.531293173158296,0.011,0.015,1
"SETD1B",0.602041629805927,0.125784907798429,0.155,0.122,1
"ECI1",0.602111903813166,0.493870143832233,0.075,0.053,1
"BTG1-DT",0.602355606898073,-0.164509610713954,0.169,0.18,1
"CYB561D1",0.602364873424747,0.222281077247958,0.029,0.018,1
"KCTD7",0.602450301863029,-0.360527803277687,0.029,0.035,1
"SLC19A2",0.602516724145994,-0.206457288394767,0.04,0.043,1
"GAS7",0.602570103467034,-0.171518907009856,0.08,0.069,1
"EXOSC4",0.602840881694037,0.469001206668232,0.1,0.068,1
"FRMD4A",0.603045417737796,-1.37000647306661,0.011,0.016,1
"GMPPB",0.603420742008692,0.287965533416322,0.118,0.089,1
"PTDSS1",0.603732742938431,0.204858250750697,0.248,0.188,1
"ASL",0.603778496595839,0.217055815748573,0.071,0.049,1
"ENSG00000234961",0.603950698156639,0.737976470614742,0.086,0.049,1
"MAK",0.604064506385496,-0.669948531189975,0.055,0.064,1
"TSC22D4",0.604171622217566,0.219968364501232,0.191,0.147,1
"RNF139-DT",0.60417388346906,0.465049152584948,0.022,0.013,1
"CA13",0.604184278053073,0.87616207422414,0.016,0.008,1
"ZFYVE28",0.604516186793667,0.657695314212903,0.013,0.007,1
"ESS2",0.604547463920764,-0.460581772431193,0.062,0.068,1
"RPP30",0.604558269922153,0.194971601238462,0.135,0.102,1
"ZCCHC8",0.604602343681801,-0.107449840126723,0.177,0.158,1
"MBD4",0.604778767816696,-0.268646040491169,0.248,0.249,1
"NEDD4L",0.604796675240735,0.187172175071606,0.089,0.077,1
"APOL2",0.604886331310757,1.11369511741456,0.022,0.013,1
"MCCC1",0.604954861107843,-0.453144908826194,0.047,0.046,1
"SNX15",0.604969787987846,-0.215627231052091,0.024,0.026,1
"ZNF444",0.605116436865134,0.205192515618686,0.095,0.068,1
"BANF1",0.605143324716256,0.156125487542852,0.277,0.229,1
"DYNC1H1",0.605267891138707,0.183393922968313,0.255,0.213,1
"MRPS9",0.605285241389785,0.373128105517033,0.051,0.036,1
"TUSC2",0.605515546661036,-0.124091296611192,0.206,0.188,1
"LYRM7",0.605519449960859,-0.158430447709944,0.033,0.033,1
"NHEJ1",0.606032906903533,0.33705633926019,0.095,0.064,1
"PPP1R9A",0.606050973796603,-0.567660389173089,0.022,0.025,1
"STK38L",0.606055203295995,0.178162281241034,0.111,0.096,1
"USE1",0.606093148782773,0.293629918414358,0.124,0.094,1
"MTX3",0.606297995813854,0.683181979440865,0.027,0.013,1
"KLHL17",0.606512058893916,0.866904470623067,0.011,0.005,1
"SMARCC2",0.606636043417626,0.261068036521695,0.126,0.097,1
"GTF3C3",0.606682543994965,0.234201763442917,0.047,0.033,1
"ENSG00000224905",0.606692483409522,-0.652706453124743,0.004,0.01,1
"KRBA2",0.606731629469991,-1.34467438710382,0.009,0.016,1
"FAM227B",0.607120426090816,-1.13787096497381,0.009,0.01,1
"GRK4",0.607180512131437,1.12132090451484,0.016,0.007,1
"LRRC37B",0.60746109578126,-0.725437547547742,0.024,0.033,1
"ENSG00000274015",0.607517628593329,-0.944530568332655,0.018,0.023,1
"PMS2P3",0.607535544197493,-0.317842197818627,0.02,0.025,1
"ABLIM2",0.607801077831912,0.637492931219684,0.013,0.007,1
"DLG1",0.607846119413897,0.449397668897343,0.208,0.15,1
"TMEM87B",0.607912573842615,0.455574664873999,0.058,0.038,1
"ENSG00000287269",0.608019743974131,0.387747581022709,0.033,0.02,1
"KLHL7",0.608024889047013,0.344314680119725,0.073,0.051,1
"SNRPF",0.608270428034102,0.154370266236504,0.384,0.303,1
"DCPS",0.608293934365629,0.254712533595103,0.051,0.036,1
"MAU2",0.608410228442009,0.327693890989895,0.086,0.061,1
"LIPT1",0.608454535573116,1.36531881587997,0.024,0.012,1
"INPP5F",0.608616342672179,0.175708600621871,0.175,0.138,1
"RAB43",0.608626447730589,0.625621643507737,0.024,0.012,1
"PDCD1",0.608671958178929,0.818610611166011,0.031,0.013,1
"ZNF786",0.608727204467473,0.643960480921708,0.018,0.007,1
"SNX30",0.608728252058389,-0.579496839796543,0.031,0.038,1
"ZNF320",0.608960435272371,0.51177022198706,0.02,0.012,1
"CKMT2-AS1",0.609016211113108,0.79827691014252,0.018,0.01,1
"ARHGAP11B",0.609249870539215,-1.91346029039368,0.007,0.01,1
"TRAM1",0.609373172682182,0.202313184585874,0.341,0.265,1
"IGHV3-48",0.609929733003553,-0.10376944152438,0.04,0.038,1
"GNG3",0.610075543046994,0.758202467366378,0.016,0.008,1
"URB2",0.610257710788402,-0.340023946888012,0.086,0.084,1
"ZNF213-AS1",0.610742979771305,-0.218278405722788,0.016,0.021,1
"SERPINI1",0.610906651833399,0.592212448640207,0.018,0.01,1
"GAN",0.610961728137523,-0.185463423636014,0.04,0.041,1
"AURKAIP1",0.611069280628137,0.109848271267758,0.266,0.226,1
"BMP6",0.611076835969104,0.856157210974603,0.024,0.012,1
"NR1H2",0.611639687834277,0.11124583241163,0.57,0.486,1
"CCDC9",0.611680040972816,-0.200129428755351,0.202,0.201,1
"ENSG00000263823",0.611699373315761,1.72943710810991,0.013,0.007,1
"MYO9A",0.6117738056175,-0.247782448519939,0.091,0.094,1
"MZB1",0.611864991440724,-0.115929506669783,0.18,0.15,1
"GUSBP1",0.612192644802532,0.448983249418786,0.047,0.033,1
"IRF2-DT",0.612533836648875,-0.497784740647746,0.018,0.015,1
"ENSG00000289169",0.612573589611067,0.436345412688028,0.02,0.015,1
"FBP1",0.61272920116562,0.87830154725645,0.011,0.005,1
"KIF16B",0.612766747361919,0.388976856390588,0.033,0.02,1
"C14orf119",0.612767322659313,0.301052701562336,0.213,0.155,1
"NLRP2",0.612844881817471,-1.1441661568348,0.007,0.013,1
"RYBP",0.613444861926724,-0.19161606180079,0.226,0.206,1
"DPH6",0.613602797514108,0.494325404328335,0.031,0.021,1
"LRRC8C",0.613658877812702,0.313178715810775,0.104,0.068,1
"RELA-DT",0.613721097420518,0.310554290045926,0.02,0.021,1
"URM1",0.613813905167262,0.266832957440204,0.149,0.114,1
"CASC19",0.613952874086795,-0.575438122424064,0.011,0.01,1
"ENSG00000288872",0.613964967193329,0.664305044173977,0.013,0.01,1
"COX6C",0.613986842253621,0.126804092918474,0.479,0.422,1
"ADH5",0.614147163518864,-0.366550589870064,0.06,0.064,1
"MCAT",0.614386460430905,0.257653085831461,0.047,0.031,1
"PAK4",0.6144338345061,0.482645602156142,0.053,0.038,1
"RRP15",0.614774115710164,-0.120473767246709,0.166,0.155,1
"DHRS7",0.614796265697043,-0.165305921747996,0.093,0.082,1
"ZFP3",0.614821554341267,0.719650794824634,0.024,0.018,1
"TSPAN31",0.614866590326189,-0.164960563861212,0.053,0.051,1
"RIN3",0.614936057362895,-0.124985896603713,0.206,0.183,1
"NKAPD1",0.614967201014265,0.331239435922993,0.124,0.092,1
"H2AZ2",0.614985837616167,0.140704957210389,0.494,0.427,1
"CDIN1",0.615006671988988,0.561869563441544,0.018,0.01,1
"PPP1R3E",0.615096238700482,0.733667785341376,0.027,0.018,1
"GSDME",0.615458176024411,0.74091393972183,0.027,0.016,1
"DUSP1",0.615551238932525,-0.20084801564522,0.82,0.83,1
"CLCN6",0.615626232417054,-0.286399917066209,0.115,0.125,1
"CYBC1",0.615712268083997,0.288437085430114,0.182,0.132,1
"CAPRIN2",0.615740685709204,0.37050158391179,0.035,0.026,1
"ENSG00000259805",0.615896560100946,-0.829862790652508,0.007,0.01,1
"PAXIP1",0.616370448871285,0.366353700093042,0.024,0.021,1
"SAFB",0.616458472243292,-0.179099588010458,0.328,0.303,1
"NUSAP1",0.616559458685603,-0.483236621603485,0.035,0.04,1
"NCBP1",0.616588535272234,0.252992646386746,0.104,0.081,1
"IBA57",0.616622077695771,-0.396137833683211,0.049,0.054,1
"CSGALNACT1",0.616637288033083,-0.127942502169117,0.109,0.084,1
"GSAP",0.616767553532548,0.350158856535286,0.137,0.105,1
"TOP1MT",0.617121661187071,0.517732834251284,0.038,0.025,1
"EIF3H",0.617174443526956,0.128249963534753,0.721,0.646,1
"TIGD7",0.617268775121744,0.687671502600442,0.02,0.012,1
"AHDC1",0.617349440607058,0.575875537399762,0.051,0.033,1
"IL12RB1",0.617383451160949,0.519426455496652,0.027,0.015,1
"SLC10A3",0.617501386608889,0.189538906702465,0.157,0.119,1
"METRNL",0.617548691816718,0.152550634930117,0.273,0.204,1
"H2BC18",0.617744708845217,0.151970273963553,0.06,0.048,1
"REPIN1-AS1",0.61780923280829,0.464521749178593,0.031,0.02,1
"SLFN11",0.61793518414947,0.323109174289705,0.062,0.044,1
"C2orf69",0.61806058422901,0.277573669947857,0.106,0.079,1
"CARD11-AS1",0.618067139165608,-0.362197212995784,0.016,0.018,1
"ARRDC1",0.61822420740764,0.184661400559433,0.095,0.074,1
"RFX5-AS1",0.61832986563474,-0.568568212506048,0.049,0.054,1
"ENSG00000235979",0.618597361230321,0.325702312038059,0.091,0.069,1
"GNB1L",0.618796998959829,1.46611009737779,0.024,0.012,1
"ERGIC2",0.618873197926206,0.377172893210495,0.16,0.112,1
"TRAPPC8",0.61934781134942,0.266851391326991,0.182,0.135,1
"PARP6",0.619374506204572,-0.126128199859427,0.082,0.074,1
"WDR5B-DT",0.619391155997303,-0.243785470252414,0.089,0.084,1
"CFAP97",0.619617135741195,-0.251059827117057,0.082,0.077,1
"NUP188",0.61975059319801,-0.208558728490309,0.086,0.076,1
"ZNF789",0.619852904441279,-0.470197299972709,0.042,0.049,1
"BORCS6",0.619871227961107,-0.15506950629787,0.1,0.1,1
"RWDD3",0.619909162673258,0.130233847408386,0.053,0.054,1
"COPS9",0.619963878067389,-0.102912055603885,0.215,0.203,1
"ABHD15-AS1",0.620089447369036,0.317991391909215,0.1,0.071,1
"MTHFD2L",0.620095723758888,0.216655871880771,0.1,0.074,1
"ENSG00000285190",0.620170330983049,-0.438063973839291,0.007,0.012,1
"F11R",0.620507533757762,0.15487489616254,0.064,0.058,1
"LAPTM4A",0.620714673638218,0.107162145832441,0.503,0.448,1
"SERTAD3",0.62072498291314,-0.185771951796955,0.137,0.127,1
"ATE1",0.620820126121814,0.265933573745245,0.082,0.071,1
"RRP12",0.62095871063651,0.238452459006878,0.18,0.135,1
"HADH",0.620981615606835,0.514819540192606,0.04,0.025,1
"RTCB",0.621260871416453,0.210670924718206,0.286,0.219,1
"SLC2A13",0.621314380420241,0.521541866993835,0.044,0.028,1
"OLA1",0.621344882709591,0.114710900099812,0.233,0.208,1
"PKD2",0.62157749345966,-0.167694349863807,0.02,0.021,1
"HDHD3",0.622173665425128,0.215872872557231,0.053,0.036,1
"ENSG00000280195",0.622216922435993,0.627252004826111,0.027,0.015,1
"DHX9",0.622397904126715,-0.143129002028791,0.406,0.381,1
"LINC00641",0.622594667574118,-0.358127126104676,0.02,0.023,1
"DIP2A",0.62288918309241,-0.295486786466824,0.08,0.072,1
"PRDX2",0.623078680438915,-0.421764877543033,0.027,0.02,1
"ZFP1",0.623107646347836,-0.26344695710499,0.049,0.044,1
"ENSG00000275764",0.62314902448853,0.97514629946715,0.013,0.007,1
"TMEM243",0.623472376941461,0.209767009231851,0.508,0.435,1
"NORAD",0.623492214699799,-0.191628456133871,0.211,0.209,1
"NUDCD2",0.623512469955421,-0.280633490036819,0.058,0.059,1
"NOMO2",0.623629807145516,0.654119259113627,0.042,0.023,1
"TOLLIP",0.623686218311057,0.296191372256769,0.122,0.089,1
"ANKRD28",0.623943481587744,0.181057381430992,0.197,0.153,1
"DENND11",0.623989778354334,0.31381195071759,0.137,0.097,1
"RANBP3",0.62446954831063,0.191864344893488,0.12,0.087,1
"UPF3B",0.624729707074292,-0.142130365903693,0.277,0.269,1
"CSAD",0.62475260505736,-0.332234365687621,0.038,0.043,1
"PIGH",0.624823277461802,-0.250413147652461,0.1,0.096,1
"ENSG00000287377",0.624859381081588,0.947426948614583,0.02,0.01,1
"WDR3",0.624915944567844,0.41216499976485,0.038,0.02,1
"GBP3",0.625113213032446,0.444892958677464,0.016,0.01,1
"C18orf32",0.625188083145331,0.182520204973805,0.195,0.152,1
"SCO2",0.625261476775071,0.186689065581764,0.078,0.069,1
"SUGP2",0.625358133258795,0.234383997803864,0.069,0.063,1
"ACOT7",0.625450927667871,0.36972756272367,0.022,0.018,1
"RNF168",0.625628196327607,0.318368088232295,0.191,0.143,1
"MED27",0.625952331066686,0.393823852360587,0.166,0.117,1
"GFOD2",0.626014360980669,0.381619804366826,0.033,0.023,1
"PP2D1",0.626083988893768,0.689368010969635,0.013,0.007,1
"CASC11",0.626116742850528,-0.332804085963856,0.013,0.015,1
"KMT2E-AS1",0.626471386114159,-0.334692626248125,0.122,0.124,1
"GCNT2",0.626643365649845,1.50964677207968,0.011,0.005,1
"STAT5A",0.626684082269824,0.335563372238426,0.102,0.069,1
"STRBP",0.626862981271387,-0.187926807974374,0.437,0.432,1
"MED31",0.626901844448158,0.220011266635269,0.151,0.117,1
"CEP68",0.626976594449389,0.259020296096198,0.067,0.049,1
"TMLHE-AS1",0.627008890712803,-0.586629693376664,0.013,0.016,1
"MOCS2",0.62701703310886,0.31358997842092,0.058,0.043,1
"DOK2",0.627200178290299,0.656529623232904,0.038,0.025,1
"RMND5A",0.627244669212598,-0.175939590378364,0.184,0.189,1
"CXCL2",0.627686125837592,-0.50970920267588,0.02,0.018,1
"CHMP4B",0.627793518891116,-0.126080228266284,0.357,0.348,1
"KDELR1",0.627981859241658,-0.227576105856383,0.104,0.097,1
"PFDN6",0.628076463583879,0.164099538753166,0.129,0.096,1
"BLOC1S2",0.628124788208845,-0.147979369723835,0.319,0.298,1
"MYLK-AS1",0.628252529926021,-0.46930386082518,0.009,0.013,1
"SLC6A6",0.628265775963856,0.159281952425199,0.106,0.087,1
"BLNK",0.628274816823389,0.131626863888398,0.239,0.216,1
"RNF24",0.628282956936423,0.145304312952516,0.049,0.048,1
"H2AC8",0.628473115814132,0.522566239280603,0.047,0.03,1
"UXS1",0.628490012752052,-0.265609135368792,0.089,0.096,1
"CSK",0.628529912052455,0.139783256286783,0.317,0.27,1
"METTL3",0.628572577534309,-0.483791683664947,0.035,0.043,1
"RAD9A",0.628616336328291,0.375053814858444,0.093,0.063,1
"CLDND1",0.6286217081328,-0.118888734953314,0.306,0.297,1
"CABYR",0.628676516073704,1.31096894299787,0.011,0.005,1
"APEX2",0.6286897515467,-0.129127525358444,0.04,0.04,1
"MAP3K5",0.628837107159624,-0.294907569800576,0.091,0.091,1
"ANKH",0.628905363919525,-0.274824401521046,0.051,0.058,1
"GATB",0.629053004086759,-0.98160768548557,0.016,0.021,1
"RUSF1",0.629063635499544,-0.298255483463091,0.024,0.035,1
"NSMF",0.629119908355913,0.339742116231262,0.093,0.066,1
"PCNX3",0.629132495190609,-0.709043731748959,0.027,0.033,1
"RAC2",0.629213079706683,0.102260034229261,0.477,0.422,1
"TMEM9B",0.629284373113382,-0.243207460393302,0.239,0.222,1
"PNPLA6",0.629451377154383,0.519043594704479,0.033,0.028,1
"TMEM181",0.629613443120473,0.73992626817433,0.047,0.028,1
"MDFIC",0.629776121225327,-0.122157066752009,0.067,0.068,1
"WDSUB1",0.629870098257279,-0.148587541557252,0.058,0.051,1
"AOPEP",0.629942376221399,0.396053303331841,0.08,0.049,1
"ENSG00000263657",0.629996647071896,0.39388255935614,0.033,0.03,1
"OCIAD1",0.630021593418068,0.237928307428707,0.235,0.176,1
"H2AC14",0.63014774657404,-0.541064463178953,0.009,0.013,1
"ZNF552",0.630290924926788,0.244611256408101,0.038,0.023,1
"ANXA2",0.630439020136803,0.183875748587544,0.213,0.158,1
"TOE1",0.630452450604201,-0.333295671959301,0.102,0.104,1
"RELL2",0.630757415398017,-0.575328155643918,0.011,0.02,1
"NCOA2",0.630836708963177,0.277771158552677,0.208,0.166,1
"ADD2",0.630841241809662,-0.683511970099999,0.018,0.025,1
"ZNF608",0.630897452470185,0.110419135372054,0.08,0.068,1
"MIR3667HG",0.630898941708859,-0.294753400446305,0.055,0.064,1
"NVL",0.63096380941144,0.664650548592232,0.058,0.04,1
"ICE2",0.63100696106606,0.263460500580956,0.073,0.056,1
"EMC4",0.631037480417568,0.133035825738277,0.264,0.204,1
"MAP3K11",0.631146110143664,0.207210700539594,0.142,0.104,1
"PRDX5",0.631356359835927,0.121510746827184,0.282,0.229,1
"STPG4",0.631405717818677,0.552773199073914,0.022,0.016,1
"GOPC",0.631749230311704,-0.141926109608499,0.109,0.1,1
"EMC2",0.632057713069074,-0.111607350995227,0.071,0.061,1
"ENSG00000289161",0.632062554131899,0.791248533816913,0.013,0.005,1
"CD53",0.63213773756034,0.175598394882629,0.55,0.463,1
"PAIP2B",0.632188621193637,-0.754867973046138,0.011,0.02,1
"CDKN3",0.632192488644733,0.503329620755366,0.018,0.012,1
"SLF1",0.632240206536198,0.2597403726716,0.073,0.054,1
"ELOA-AS1",0.632247168007049,-0.575646499860541,0.018,0.02,1
"DFFA",0.632253317910119,-0.224946531001302,0.044,0.048,1
"PELO",0.632262591111731,0.695796869117958,0.022,0.01,1
"INKA2",0.632427697104004,-0.161503381645077,0.06,0.061,1
"KBTBD8",0.632439721518287,0.189642793354374,0.204,0.17,1
"TMEM62",0.632441627708031,0.318854759547249,0.113,0.079,1
"PDXP",0.632563183932446,-0.187216143619648,0.055,0.054,1
"STAM",0.632872576226444,0.247145924196714,0.162,0.119,1
"FUNDC1",0.632890835333997,-0.602393798430582,0.013,0.018,1
"TFPT",0.633154623036936,-0.515774609227661,0.022,0.026,1
"LARS1",0.633328574970627,0.476484303561924,0.106,0.077,1
"MARCKSL1",0.633365224491198,-0.178992751793748,0.435,0.43,1
"ZNF75D",0.633491916654508,0.565435815045554,0.053,0.036,1
"RNF141",0.633615475402493,0.244053693800282,0.098,0.071,1
"THTPA",0.633868525948434,-0.572736914242284,0.007,0.012,1
"TAF12-DT",0.633882185066037,1.26665214961621,0.018,0.01,1
"GAREM1",0.634026939239506,0.306248892638959,0.086,0.066,1
"TCF7L2",0.634151051945759,0.157486602526084,0.064,0.058,1
"FAM86DP",0.63438210628453,-0.507284063984021,0.007,0.01,1
"ATOSA",0.634390752367883,-0.125484640670045,0.268,0.257,1
"ZNF607",0.634485617237615,1.39838906339524,0.016,0.005,1
"ENSG00000291100",0.634568124951288,0.339855514234396,0.086,0.061,1
"DTNBP1",0.634569087128378,-0.162972204819039,0.317,0.31,1
"MSANTD4",0.634633977079638,-0.169971368938612,0.016,0.02,1
"MGMT",0.634770875630951,-0.111520437347443,0.115,0.099,1
"HDDC2",0.63490076111729,0.147149258553081,0.042,0.038,1
"VPS41",0.634954827155774,0.106186418037377,0.157,0.125,1
"LINC02986",0.63498910615514,-0.962479860259247,0.018,0.02,1
"CEP57L1",0.635013823585428,1.09755762119331,0.018,0.007,1
"ADSL",0.635117644739116,0.333906671995208,0.137,0.097,1
"PUM2",0.635185970644269,-0.110859687132123,0.43,0.404,1
"KCNQ1OT1",0.635304718055194,0.570098520456687,0.053,0.035,1
"ABHD8",0.635469682099236,-0.337036095595749,0.011,0.013,1
"ENSG00000272501",0.635481609056824,-0.294876527984355,0.033,0.04,1
"GNPTAB",0.635493733796564,0.274406358552529,0.16,0.119,1
"MKRN2OS",0.635771708499485,-0.712299552434144,0.007,0.01,1
"GNA11",0.635835895890011,1.10258686417744,0.013,0.007,1
"ENSG00000289614",0.635877689361319,-0.257421470726848,0.06,0.069,1
"PRKAR1B-AS1",0.635890033271871,-1.10775643123706,0.013,0.023,1
"ZSWIM4",0.635939769167006,-0.347658329357182,0.049,0.051,1
"PDCD7",0.636216861384453,0.184498414485408,0.166,0.124,1
"SETDB2",0.636363074404921,0.197561658337837,0.12,0.099,1
"LDHA",0.636594669157435,0.165722709499216,0.499,0.415,1
"ZNF324B",0.636655462776182,-0.487381657931595,0.007,0.01,1
"LXN",0.636771584699853,0.658951942083287,0.027,0.016,1
"UROS",0.636833323987269,0.464643619487592,0.035,0.028,1
"POLA1",0.636853119595567,0.820088794362096,0.029,0.016,1
"LSM14B",0.637300524781754,0.129191519718079,0.062,0.051,1
"TRMT13",0.637359942789258,-0.347692156089409,0.064,0.064,1
"MRPL45",0.637362329011294,-0.125155164565829,0.064,0.053,1
"ZNF33B",0.637372815095689,-0.410245554789666,0.064,0.058,1
"PBRM1",0.637570942318762,0.101867078164957,0.302,0.249,1
"TAF12",0.637664760714912,-0.473743736208352,0.075,0.074,1
"MBD1",0.637803227623869,0.183500221287738,0.089,0.068,1
"KLHL11",0.638089956033122,-0.371332525946547,0.044,0.046,1
"TMEM201",0.638150284445201,-1.23512381036493,0.007,0.013,1
"MLLT6",0.638164358317499,0.44604044558767,0.078,0.061,1
"GBAP1",0.638361412686587,0.510258539536404,0.011,0.007,1
"PTRHD1",0.638467203264257,0.202695228686809,0.193,0.143,1
"B3GNTL1",0.638720470656348,-0.367730594760824,0.007,0.01,1
"MPDU1",0.639051953812256,-0.297834032908328,0.091,0.092,1
"ATG101",0.639219436745436,-0.27740208116854,0.257,0.264,1
"TRD-AS1",0.639334299214462,0.896046847285361,0.011,0.005,1
"ENSG00000290476",0.639411795319458,0.403880533289903,0.02,0.012,1
"LSM10",0.639430808950176,0.171036610096856,0.175,0.13,1
"LIG1",0.639436774110688,0.435701205217944,0.051,0.031,1
"LINC00494",0.639483616074203,-0.347737322000458,0.02,0.031,1
"PHKA2",0.639500142332365,-0.524300920063468,0.016,0.02,1
"SCP2",0.639563365986684,0.117437644553868,0.091,0.074,1
"GNAI1",0.639625994819513,-0.714813793154539,0.009,0.01,1
"CNPY3",0.639742565568398,0.110932496252211,0.35,0.292,1
"MADD",0.639827493259543,-0.255046546206127,0.047,0.054,1
"VPS4A",0.639881081216407,0.136897427104629,0.14,0.109,1
"KLK1",0.640120467935069,1.11702833207541,0.011,0.003,1
"FYN",0.640121347734171,0.196072186366996,0.186,0.145,1
"POU3F1",0.64018391150651,-0.509163634928836,0.007,0.01,1
"ZNF48",0.640749095732027,-0.477106643918345,0.035,0.031,1
"AHI1-DT",0.641031597546331,-0.84591392934608,0.009,0.012,1
"CBX7",0.641141181376,0.331611577174073,0.027,0.023,1
"EPS8L2",0.641184937868082,-0.378076322808738,0.016,0.015,1
"ECHDC1",0.641325517694029,0.24631207248754,0.115,0.084,1
"ZNF615",0.64136964754794,-0.260673793199921,0.04,0.046,1
"TAPT1-AS1",0.641383568243374,0.545346631824115,0.02,0.012,1
"DTX4",0.641515516149895,0.193192883001368,0.031,0.021,1
"POLR2D",0.641703261466608,-0.120047760148396,0.151,0.135,1
"GPATCH1",0.641738652332914,0.948722885875718,0.024,0.012,1
"ENSG00000230684",0.641739982734516,0.479823849123467,0.018,0.01,1
"NOTCH2NLR",0.641765342293543,-0.372684798262811,0.009,0.015,1
"FBXO42",0.642074127037597,0.173189726887045,0.155,0.12,1
"RHBDF2",0.642286702135559,0.139749399772521,0.239,0.198,1
"PIGC",0.642302785321491,0.15253091145925,0.053,0.043,1
"MLKL",0.642532459839254,1.06418514006968,0.018,0.008,1
"TCEAL8",0.642544833222363,-0.692003320128542,0.018,0.025,1
"SPRY2",0.642694344252898,0.328420260298705,0.035,0.03,1
"TNKS1BP1",0.642708256672772,-0.692488827025858,0.009,0.012,1
"HAT1",0.642727986181871,-0.202785842211312,0.211,0.216,1
"ENSG00000287286",0.642955416135329,0.686389655617403,0.016,0.007,1
"TRIO",0.642971662664159,0.161755424860908,0.293,0.236,1
"ATG9A",0.643722841218452,-0.11341020090136,0.086,0.069,1
"SLC43A2",0.643841012186606,-0.249000328548262,0.089,0.087,1
"SLC25A40",0.643953745328062,0.683864365578249,0.042,0.026,1
"ZNF655",0.64396575975852,0.11744178472803,0.222,0.176,1
"WASL",0.644302091908344,-0.20946796844368,0.095,0.099,1
"FAM219A",0.644369750632568,1.1097043381703,0.016,0.008,1
"RSAD2",0.644549558116121,-0.704224179098215,0.011,0.018,1
"RPS6KA3",0.644890370385349,0.194886267700096,0.33,0.278,1
"CYTH1",0.645001726363846,0.133518561198063,0.599,0.511,1
"ATRX",0.645087926665878,-0.130795240292099,0.401,0.384,1
"CCDC39",0.645557736279261,1.40352105410589,0.011,0.007,1
"HMGN2",0.645714439769169,-0.132437931203577,0.605,0.591,1
"TRMT1L",0.645834696900501,-0.161007593344128,0.062,0.056,1
"ZNF571",0.645939372685269,-0.492463956263132,0.033,0.036,1
"ADCY3",0.645989650509392,0.102367192414885,0.078,0.063,1
"RSBN1",0.646045435015595,0.180583484587749,0.235,0.186,1
"TRUB2",0.646051780564644,-0.140631443751258,0.029,0.033,1
"ABRAXAS1",0.646461326158493,-0.109008436996594,0.084,0.079,1
"RNF2",0.646475429504934,-0.108319262283232,0.164,0.142,1
"EFNA3",0.647151093778622,-0.205902918112321,0.044,0.036,1
"ZNF573",0.647225472191381,-0.418880262300327,0.018,0.021,1
"DHFR2",0.647651960636643,0.830665125292525,0.011,0.005,1
"RGMB",0.647699697033,0.257391672957433,0.035,0.033,1
"ENSG00000235189",0.647731801151919,-0.728776776283107,0.011,0.018,1
"ITK",0.647776314849608,-1.01980851414946,0.007,0.01,1
"UBFD1",0.647856519325163,-0.182956833425664,0.042,0.04,1
"ENSG00000233912",0.647972288625323,-0.139460792206311,0.122,0.127,1
"ELMO3",0.648022247681054,-0.543159602121917,0.007,0.01,1
"TBC1D14",0.648152993206598,-0.302203604062627,0.053,0.054,1
"ENSG00000289339",0.648327321538903,-0.388507872466207,0.024,0.025,1
"ZNF568",0.648507084819116,-0.734050824322365,0.029,0.035,1
"ENSG00000231873",0.648698028090523,0.637529846951745,0.033,0.021,1
"SLC39A13",0.648709195847413,-0.210975268590007,0.016,0.018,1
"ERCC6",0.648737321212886,0.290726112972711,0.064,0.048,1
"TMEM216",0.648874764486297,0.465944310553184,0.053,0.033,1
"DNPH1",0.648929253443624,0.263421948883394,0.062,0.046,1
"CTSZ",0.648946399372056,0.123153464502764,0.253,0.204,1
"PEX12",0.649170049628721,0.383937628310814,0.011,0.005,1
"ADORA2A-AS1",0.649209162394834,0.57508473601264,0.016,0.016,1
"NSD2",0.649514061236421,-0.154507680152506,0.073,0.072,1
"KLF2-DT",0.649517118339404,0.390858520101368,0.024,0.015,1
"RTN4IP1",0.64956244173159,1.48913966951352,0.011,0.005,1
"NMT1",0.649707438140229,-0.253866882418756,0.155,0.157,1
"RAPGEF5",0.649757542503257,0.476008251729056,0.022,0.013,1
"ZBTB7A",0.649799303650139,-0.194392077571603,0.288,0.28,1
"ADO",0.649870635942675,0.174114010696686,0.04,0.035,1
"WDCP",0.649915312885978,0.739300357895393,0.011,0.007,1
"EMC7",0.650166640282528,0.119496647782569,0.306,0.245,1
"ZNF266",0.650330167137601,-0.213073218316341,0.098,0.094,1
"ZBTB9",0.650356107827175,-0.23497459417583,0.016,0.016,1
"CFAP210",0.650467515968347,-0.435036977757977,0.053,0.063,1
"PTPMT1",0.650470656947653,0.364133227757485,0.093,0.061,1
"ZNF417",0.650585824340225,-0.600362014172441,0.033,0.038,1
"KDM1B",0.650688114038922,-0.163493908066899,0.062,0.054,1
"GDE1",0.650756402424851,0.200444552621527,0.067,0.046,1
"LIG3",0.650765656607577,0.259635887084298,0.064,0.056,1
"EPS15-AS1",0.650902628838529,-0.154266836568731,0.016,0.015,1
"SCAMP3",0.650916775830161,-0.135101758441712,0.18,0.17,1
"RIOX2",0.651025862876618,-0.201477182812194,0.02,0.025,1
"ZNF589",0.651391517994782,-0.419645891712447,0.024,0.03,1
"SSR1",0.651406500604173,0.159100218036975,0.16,0.12,1
"DYNLL2",0.651525181136055,-0.146972321624266,0.169,0.17,1
"MPPED2",0.651551497405912,-0.841966416028376,0.009,0.01,1
"PMS2P4",0.651739323926752,0.175356155194461,0.024,0.021,1
"MTM1",0.651987485423631,0.235701911260769,0.071,0.063,1
"ENSG00000224848",0.652075311413458,0.416926831764229,0.018,0.01,1
"FANCB",0.6520758670564,0.675985730762617,0.024,0.013,1
"ENSG00000250850",0.652161113891094,0.175720394202778,0.071,0.066,1
"CLEC4A",0.652358378707141,0.53735318456439,0.047,0.03,1
"MED18",0.652526377430493,0.702968186703094,0.029,0.02,1
"HELZ",0.652664969898623,-0.157463078003188,0.233,0.226,1
"RELT",0.65277289652051,-0.151298941197632,0.228,0.219,1
"GABPA",0.652809680158872,0.266528633248528,0.14,0.1,1
"ALKBH1",0.652992415169682,-0.28458509759482,0.062,0.064,1
"C11orf21",0.653072899758673,0.439170150299395,0.031,0.025,1
"TIAM2",0.653577369111132,0.516787885543879,0.029,0.018,1
"FBXO2",0.653937357096343,0.736034602108106,0.011,0.007,1
"RSPH3",0.653950084315231,-0.722213983429934,0.011,0.013,1
"MATN1",0.653984440768282,0.186756594090423,0.027,0.021,1
"TRPV2",0.654266312540422,0.673354613875506,0.044,0.033,1
"ZC3H18",0.654552484762505,-0.140730908784748,0.133,0.127,1
"TSHZ1",0.65471261067942,0.417118396566592,0.024,0.015,1
"TMEM106A",0.654756335517796,-0.282903840913413,0.033,0.043,1
"ADAM10",0.654938197044452,0.220789690036999,0.239,0.191,1
"SETD6",0.65524220439236,0.829913263775948,0.022,0.013,1
"KIAA2026",0.655563587901406,-0.207047609625298,0.151,0.135,1
"ZNF710",0.65559624382825,0.818808796250549,0.038,0.025,1
"COQ6",0.655605262025925,0.277840257806897,0.033,0.03,1
"UBQLN2",0.655784341678356,-0.112608318824004,0.109,0.109,1
"TLR6",0.655984435773387,-0.494538361633751,0.029,0.033,1
"FANCC",0.655998719760833,-0.614046105771134,0.022,0.026,1
"MTCP1",0.656143390930569,-0.581088361012062,0.022,0.025,1
"MAP2K3",0.656153755867807,0.132421823659769,0.364,0.318,1
"FAM172A",0.656175560647241,0.123591764510191,0.22,0.189,1
"HAX1",0.656363865575623,-0.161751133895486,0.173,0.158,1
"ENSG00000289995",0.656401310349128,1.16360808823061,0.013,0.008,1
"SUPV3L1",0.656482932391898,0.142296167807587,0.173,0.135,1
"CSTF1",0.656932040342746,-0.264149136717265,0.051,0.046,1
"UQCRHL",0.65704225982825,1.14322374213494,0.013,0.007,1
"DENND3",0.657182784368123,0.128545964863041,0.255,0.213,1
"SLC39A7",0.657270705878772,-0.28428757168302,0.047,0.054,1
"FURIN",0.657443356651406,0.310307359108251,0.055,0.035,1
"FPGT",0.657488402569963,-0.700692712665328,0.009,0.012,1
"PSMC4",0.657700452509309,-0.174590136680044,0.319,0.297,1
"MSH6",0.657788460885636,-0.19974110614904,0.16,0.152,1
"NAPA-AS1",0.657836065222321,-0.736143849323472,0.018,0.025,1
"ZNF142",0.657859900831397,0.475551479441013,0.058,0.04,1
"DPM1",0.657882959955531,-0.182700069721735,0.153,0.15,1
"KIF1B",0.658019180823722,0.341959765443821,0.049,0.033,1
"THAP1",0.658117573841892,0.361186553747249,0.071,0.048,1
"RNF44",0.658371029187485,-0.119579674073152,0.211,0.196,1
"ENSG00000248367",0.658397995257511,-0.609425663750138,0.016,0.012,1
"IKBKB",0.658687100860067,-0.410996142859234,0.082,0.076,1
"NDUFA5",0.658875832143076,-0.158266400150232,0.271,0.257,1
"SH3BP4",0.658883193918714,0.43459241671018,0.011,0.007,1
"IFT81",0.658993252290073,1.01949123067606,0.013,0.005,1
"OPN3",0.659002978494829,-0.1938622415998,0.04,0.038,1
"ENSG00000237188",0.659158692605171,0.14243098807118,0.016,0.008,1
"PAFAH1B2",0.659189855417804,-0.121049024442682,0.173,0.168,1
"NDUFAF2",0.659201948694984,0.218412376405425,0.08,0.068,1
"SGMS1",0.659202270190022,0.292763468082074,0.164,0.135,1
"ENSG00000284634",0.659437523392437,0.645812130338885,0.016,0.01,1
"ENSG00000269954",0.659545284344796,0.255747939835495,0.047,0.031,1
"GGT7",0.659577891235588,-0.826555370215578,0.009,0.013,1
"METTL4",0.659617805953897,-0.573180898407977,0.042,0.044,1
"ZNF431",0.65981419365766,0.199849167900091,0.215,0.165,1
"CIAO3",0.659832447143638,0.180738336474221,0.029,0.028,1
"TMEM238",0.659842010029623,-0.327712537576348,0.06,0.049,1
"XPO7",0.660070369555785,0.293375070583227,0.104,0.072,1
"TSPAN14",0.660213478486972,0.132899318549279,0.06,0.043,1
"LAMC1",0.66031728896917,-0.547006719981423,0.027,0.03,1
"TARDBP",0.660412535843577,-0.155368048375655,0.308,0.288,1
"SDHAF2",0.660444000873467,-0.109526549794987,0.166,0.14,1
"ADAMDEC1",0.660638983399328,-0.387255950940515,0.009,0.016,1
"CTSA",0.66072981918367,0.350105358267421,0.062,0.044,1
"MRPS31P5",0.660770493524603,-0.63827713006521,0.018,0.021,1
"NEMP2",0.66081698288959,-0.494928649443429,0.029,0.031,1
"MMGT1",0.660992772684688,-0.228081112603135,0.142,0.13,1
"MSANTD7",0.661087278732641,-0.147419956719532,0.053,0.044,1
"ACTMAP",0.661204513978291,1.2099867759176,0.013,0.007,1
"AKAP13-AS1",0.661242658252337,0.387916210898063,0.042,0.028,1
"POLG2",0.661390261778684,0.288381004882126,0.062,0.041,1
"ATP6V1E2",0.661399837242468,0.549555391112813,0.02,0.013,1
"DROSHA",0.661420783472902,0.387016444296364,0.042,0.031,1
"MALSU1",0.661506645525672,0.171236836970263,0.144,0.105,1
"SUPT20H",0.661637001931833,-0.20549386580538,0.064,0.064,1
"SNTG2",0.661918470297229,-0.505496097644838,0.009,0.013,1
"TNFRSF21",0.662512528786518,-0.354212312432183,0.033,0.031,1
"TOMM34",0.662516575989131,-0.221074641893672,0.142,0.14,1
"TAPT1",0.662787120454789,-0.167616182370837,0.286,0.282,1
"UCK1",0.662884759327201,-0.308144591544726,0.038,0.036,1
"ZCCHC4",0.662944156836594,-0.294740811607499,0.029,0.035,1
"PDGFA",0.663188774203032,1.57857011960766,0.013,0.005,1
"TOMM6",0.663223601117296,-0.14470316971723,0.428,0.418,1
"ZNF629",0.663506398149558,0.892850884556881,0.011,0.005,1
"ZNF302",0.663655519408538,0.423620827315769,0.08,0.053,1
"ZBTB45",0.663776449038152,0.279153371278531,0.047,0.033,1
"GTPBP10",0.663814598729778,-0.16639690778233,0.073,0.068,1
"C4orf47",0.663930705859815,-0.438661853846525,0.011,0.013,1
"ENSG00000291203",0.663999197282156,-0.246495253854477,0.058,0.056,1
"PHYKPL",0.664018851777263,0.276640789854809,0.188,0.142,1
"PDE4D",0.664202673078079,-0.236963855593607,0.304,0.298,1
"MMD",0.664560573004998,0.147066782217189,0.157,0.127,1
"CD47",0.664610730279666,-0.108870745198558,0.537,0.506,1
"ALAD",0.664632395120666,0.574865291698418,0.018,0.01,1
"IGLV6-57",0.664826725127673,-0.52510576657105,0.018,0.021,1
"LINC01572",0.665074187354761,0.114276638882242,0.06,0.043,1
"ZNF865",0.665103828313721,-0.80821408139064,0.018,0.021,1
"BICDL1",0.66512297698321,-0.196561376844734,0.047,0.044,1
"BTF3L4",0.665772880828274,0.230777760865839,0.319,0.26,1
"PSKH1",0.665786935844432,0.71893720180671,0.011,0.005,1
"B3GLCT",0.665853021051456,0.453184831675121,0.1,0.072,1
"DUSP8",0.66600133918664,0.282640743118556,0.191,0.157,1
"IRF2",0.66610857707403,-0.148483073840613,0.131,0.124,1
"OS9",0.666165991237537,0.33174557675781,0.215,0.163,1
"PRPF38A",0.666216287973059,-0.156527620265692,0.206,0.186,1
"POC1B-AS1",0.66627191741343,-0.520363358715952,0.031,0.033,1
"KCTD2",0.666369379373774,-0.188660085999127,0.024,0.016,1
"COA4",0.666915433522263,-0.150115085880099,0.131,0.122,1
"ZNF316",0.667247146542968,-0.155715591295704,0.062,0.064,1
"SGSM2",0.667266692122135,-0.52431820563326,0.029,0.036,1
"ENSG00000272368",0.667343361151835,-0.237160248589575,0.038,0.031,1
"ENSG00000233461",0.667513655910776,0.713414206870802,0.022,0.012,1
"DPY19L4",0.667778941828832,0.322007708901231,0.013,0.007,1
"ZBTB22",0.66779428692838,-0.574040841097231,0.029,0.036,1
"LRRC23",0.667871870743045,-0.27494848226906,0.024,0.028,1
"REM2",0.667922038227284,1.2502550179706,0.016,0.008,1
"USP18",0.66801618554159,0.188955701072113,0.013,0.013,1
"CFAP298",0.668047897017618,0.255478614240962,0.084,0.066,1
"MAP2K5",0.668160406973772,0.289632101806416,0.055,0.046,1
"H4C8",0.668244561829949,0.939931441728803,0.027,0.013,1
"EMSY",0.668349758569236,0.201484181336725,0.182,0.133,1
"PANK4",0.668806431186873,-0.345525993235948,0.064,0.061,1
"FAM118B",0.668957567437984,0.464250952230186,0.035,0.023,1
"PRDM11",0.669088689625903,0.563364501812757,0.013,0.013,1
"NDC1",0.669121737295103,-0.431224320498719,0.031,0.033,1
"ARMC6",0.669178952424277,0.131320625336232,0.038,0.026,1
"ENSG00000281383",0.669429316024705,0.397228907820382,0.047,0.03,1
"RSAD1",0.669804659858832,-0.48684855144453,0.038,0.038,1
"ENSG00000291078",0.669807188984246,-0.122831553599772,0.135,0.122,1
"IMMP1L",0.669845031617822,-0.199139897986388,0.049,0.054,1
"CBR1",0.669878014501563,0.758005798132219,0.022,0.013,1
"MAPKBP1",0.670060810594981,-0.421833313681387,0.02,0.025,1
"CNR2",0.670120998553683,0.411194767216855,0.064,0.051,1
"PDCL3",0.670193872988643,0.115295052549983,0.146,0.112,1
"NKTR",0.670436878827951,-0.103420840304767,0.273,0.262,1
"TMPO",0.670737967053667,-0.168750616503397,0.215,0.193,1
"METTL14",0.670816594670059,-0.248885254903334,0.118,0.12,1
"PPP2R5A",0.670859338498977,0.229946717149843,0.146,0.122,1
"LINC02018",0.670996091365157,0.598462386615519,0.011,0.005,1
"THAP12",0.671038491314277,-0.114103845492314,0.206,0.194,1
"H2AC12",0.671493012896,0.461081759605042,0.027,0.018,1
"SMARCAD1",0.671494996684106,-0.24319531976108,0.075,0.074,1
"GLRX5",0.671615025943257,0.310788555474489,0.18,0.135,1
"SRBD1",0.671904458432412,-0.433289428241032,0.058,0.059,1
"EHBP1",0.671981676065027,-0.258680932699847,0.067,0.059,1
"NUP37",0.672040523472745,0.568532254913515,0.033,0.021,1
"FAM168B",0.672121652344051,-0.162216102060922,0.14,0.13,1
"KLHL28",0.672212486690219,0.255444856348624,0.22,0.175,1
"KLHL9",0.67257598629709,-0.117342811291736,0.06,0.054,1
"SLC52A2",0.672652182645208,0.229972504374391,0.089,0.059,1
"WDR81",0.672691666497992,-0.368884617697599,0.02,0.025,1
"OXT",0.672788697034213,0.469371646031407,0.04,0.031,1
"RRP8",0.672805852494362,0.289424167914632,0.133,0.1,1
"TBL3",0.672843655489858,0.314850508026648,0.071,0.051,1
"ACOT8",0.673104061374518,-0.372879601913357,0.031,0.033,1
"ENSG00000290876",0.673141121009936,-0.405221953458465,0.013,0.016,1
"KLC1",0.673176496804956,0.196050622270455,0.124,0.094,1
"ALDH2",0.673231374895725,0.106815780950495,0.022,0.015,1
"ZBTB34",0.673254442578954,-0.447834835748493,0.016,0.018,1
"PINX1",0.673302613402876,-0.358518525904646,0.075,0.072,1
"IMMP2L",0.673312772861924,0.133155970660744,0.171,0.138,1
"PRPS1",0.673323806783646,0.203538286065474,0.255,0.204,1
"KDSR",0.673531274087724,-0.140804633328725,0.124,0.119,1
"DONSON",0.673538023212269,0.336802489354767,0.04,0.025,1
"COX7A2L",0.673686778177394,-0.122221281432033,0.217,0.201,1
"GMDS",0.673907067637964,-0.220457629952262,0.135,0.117,1
"COTL1",0.674000507675416,0.298092097807658,0.273,0.216,1
"ARMH4",0.674070338291474,0.234359092593866,0.1,0.074,1
"KCTD6",0.674180585096157,-0.362383912207104,0.044,0.048,1
"APOM",0.674315994926754,0.140918568602452,0.038,0.033,1
"SNHG6",0.674484182307685,-0.122174434513499,0.738,0.708,1
"ENSG00000273272",0.674587407491643,0.876798068521578,0.029,0.016,1
"PHLDB2",0.675186143989822,0.261642522874919,0.171,0.133,1
"ANK3",0.675383732175698,1.25641574032176,0.011,0.005,1
"UQCC6",0.675462361316086,-0.208376595085699,0.06,0.064,1
"ENSG00000233848",0.675582556379291,-1.14751320380141,0.007,0.012,1
"BEND3",0.676026297083808,-0.653529694426797,0.022,0.023,1
"PUSL1",0.676093203341302,0.433052029278707,0.051,0.035,1
"MGAT5",0.676215916236255,0.112169189864256,0.368,0.321,1
"PANO1",0.676332299635637,0.804083632984544,0.016,0.007,1
"RFT1",0.676412907789839,0.637522243595998,0.035,0.018,1
"ATP2B4",0.676453542815448,-0.165598160902331,0.016,0.016,1
"NFX1",0.676705569162474,-0.160235025960033,0.213,0.193,1
"MME",0.676824818390907,-0.127909637368656,0.027,0.021,1
"MTPN",0.676947500312926,-0.117410327570929,0.468,0.455,1
"MAST3",0.67726794434926,-0.125137030880727,0.035,0.038,1
"E4F1",0.677317953792999,0.167171533479543,0.091,0.066,1
"THOC2",0.677358824107731,0.178457716584676,0.299,0.239,1
"RNASEH2C",0.67739223711652,0.304871835036125,0.16,0.122,1
"KCTD17",0.677450679027983,-0.424905651063193,0.011,0.015,1
"ABHD14A",0.677610314349214,0.471417809078852,0.016,0.01,1
"AGAP6",0.677616601590848,0.472328751066589,0.04,0.025,1
"CHML",0.677937761272226,-0.299881148804235,0.035,0.03,1
"KIAA1586",0.678106847112481,-0.251103922408324,0.069,0.066,1
"BORCS7",0.678133745433216,-0.138415505537707,0.206,0.188,1
"LY96",0.678193215042364,-0.331974491533241,0.038,0.038,1
"ENSG00000291068",0.678401090252345,0.456955522074677,0.016,0.013,1
"ARHGAP12",0.678410620864757,-0.409635984417861,0.1,0.105,1
"ZNF318",0.678473594899229,-0.158416045325033,0.144,0.145,1
"ATXN10",0.67852182651583,0.108647481009071,0.157,0.142,1
"TOP1",0.678543079346299,0.127755585037561,0.563,0.479,1
"KHDC4",0.67872539499851,-0.274866663878566,0.118,0.112,1
"GM2A",0.678733867338663,0.13135999360977,0.062,0.056,1
"LTN1",0.678840056818969,-0.133045469378327,0.095,0.094,1
"CRYZL1",0.678847988147938,-0.271133323530118,0.067,0.059,1
"DPP8",0.678857388656811,0.149418168896201,0.086,0.076,1
"CDK6",0.679128314366247,-0.113585551203228,0.082,0.076,1
"LAX1",0.679269698725337,-0.440061098550805,0.011,0.016,1
"DGCR6L",0.679300557656916,-0.407748648752677,0.038,0.044,1
"PPP1R10",0.679424251565167,0.122406538661024,0.306,0.257,1
"MFSD14B",0.679505259860745,-0.285727105286269,0.166,0.16,1
"ZYX",0.679526487512949,0.523576884661094,0.091,0.058,1
"ZNF225",0.679568966245257,-0.526958644813432,0.009,0.01,1
"RDH13",0.679614569047195,-0.728292113129435,0.013,0.008,1
"CORO1A-AS1",0.680228022632169,0.665984442649361,0.044,0.025,1
"MCFD2",0.680299666460389,-0.113622329538106,0.151,0.137,1
"CLEC17A",0.680304101942824,0.101801463540367,0.364,0.305,1
"ATXN3",0.68035727174675,0.204384380865909,0.155,0.129,1
"YLPM1",0.680438980048349,0.213216494896472,0.188,0.148,1
"HEATR3",0.680515232993856,0.239561820128498,0.02,0.012,1
"KCTD21",0.68074587306868,1.35227701558653,0.016,0.005,1
"USP48",0.68095930500739,-0.160673267501845,0.133,0.129,1
"ASB7",0.681097548601102,0.183027666594268,0.086,0.061,1
"MCM8",0.681136603554664,-0.729624397819446,0.018,0.021,1
"PDCL",0.681323644340819,0.368840277214706,0.067,0.044,1
"SMYD2",0.681456496544228,-0.482229162236717,0.047,0.049,1
"ZNF583",0.681691662631239,0.445105663928527,0.038,0.021,1
"ENSG00000289558",0.681695409194457,0.695526929083652,0.013,0.008,1
"TTI1",0.681729684224396,0.257497715951156,0.071,0.051,1
"FCRL2",0.681999547522486,0.137044169841012,0.109,0.089,1
"EXOC5",0.682124200859044,0.185311267055909,0.151,0.112,1
"NOP2",0.682272935920015,0.288366851029853,0.157,0.119,1
"TAF11",0.68237551065471,-0.18904720768859,0.151,0.157,1
"H2BC7",0.682432638419292,-0.389915174667859,0.024,0.028,1
"ZNF668",0.682572475783014,0.961996956832477,0.016,0.008,1
"ZNF273",0.682599146770372,0.169100461256755,0.073,0.053,1
"CD96",0.682739715971506,-0.281153502023938,0.02,0.016,1
"FRMD8",0.68284978772601,-0.106157601773289,0.084,0.072,1
"FRG1",0.682874727311279,0.221152458918439,0.177,0.143,1
"STAT4",0.683078785435767,0.494986201362152,0.193,0.137,1
"FDX2",0.683089438400435,-0.158331075939581,0.058,0.046,1
"ANKAR",0.683112917313834,0.644864454392326,0.071,0.043,1
"AIFM1",0.683158700059534,0.688036398463868,0.018,0.012,1
"LINC01970",0.683458235073535,1.74309680713341,0.013,0.007,1
"ULK3",0.683647659170379,-0.180314282484982,0.027,0.026,1
"SLC2A6",0.68367040177531,0.164814115917769,0.109,0.097,1
"RNASEL",0.683820749072378,-0.559674289715419,0.007,0.01,1
"MEF2C-AS1",0.683881772854461,0.175215937963767,0.058,0.049,1
"ACER2",0.68401842509314,-1.19905852190494,0.009,0.01,1
"VPS53",0.684081248771541,0.245091879364722,0.155,0.114,1
"MINCR",0.684148585271084,-0.167784566732112,0.011,0.008,1
"TMUB2",0.684255611950053,-0.198787001285685,0.133,0.13,1
"DHX37",0.684410889813679,0.194869107313203,0.06,0.038,1
"NBEA",0.684435359062111,-1.05514322138308,0.024,0.026,1
"ZNF22",0.68444413151811,0.189612590668738,0.226,0.173,1
"LIMS1",0.684496219070439,0.344110096608281,0.171,0.12,1
"PPP2R1B",0.684624591585345,0.333268197332844,0.095,0.068,1
"ZNF264",0.684746458501632,0.257333069453565,0.06,0.041,1
"UBIAD1",0.684776413890697,0.276205188915783,0.1,0.072,1
"NBR2",0.684784895768062,-0.295296763912923,0.016,0.016,1
"SH3BP1",0.684835535127782,-0.241184973102273,0.02,0.021,1
"HADHA",0.684860000051616,0.174446223902986,0.222,0.185,1
"UBE2D3-AS1",0.684868878332897,1.14650429813989,0.016,0.01,1
"COX11",0.684893171027851,-0.706959554440662,0.024,0.03,1
"RABL3",0.684914362283358,-0.267891355495429,0.104,0.11,1
"GLMN",0.685183064868975,-0.247666477741098,0.095,0.087,1
"DYRK4",0.685348898242504,-0.646678012718656,0.022,0.025,1
"ENSG00000229839",0.68536131471871,0.798998993947492,0.013,0.007,1
"ENSG00000235852",0.685796500689187,0.623797868727677,0.011,0.007,1
"H2BC15",0.685997052913955,0.459183004751983,0.053,0.043,1
"ZNF284",0.686623456707175,1.28240003419262,0.013,0.007,1
"TBC1D7",0.686631373513818,-0.246892879874073,0.058,0.053,1
"TTC21B-AS1",0.686664444042039,-0.650486554929688,0.018,0.02,1
"RTF2",0.686675763568199,0.130062387053891,0.233,0.198,1
"EEF1A2",0.686722643035591,0.838064569667744,0.013,0.008,1
"C17orf100",0.686805593264243,0.577181487408867,0.011,0.007,1
"PEX5",0.686901930703309,-0.538699138750077,0.011,0.012,1
"MLST8",0.686908092192232,-0.103680914735124,0.102,0.092,1
"TIGD5",0.686951465820706,-0.343297978074954,0.033,0.038,1
"SARM1",0.687015139243506,-0.532193010411635,0.016,0.018,1
"RECK",0.687147538827511,0.423834654444366,0.02,0.012,1
"SRSF1",0.687208457331738,0.158057497579787,0.308,0.245,1
"SLFN13",0.687246170276204,0.657439681792898,0.016,0.008,1
"ATP11A",0.687283484546006,0.474162825617661,0.031,0.025,1
"RND1",0.687314911214253,0.185909411834284,0.124,0.11,1
"MRPL39",0.687374175379806,-0.266439179401689,0.144,0.138,1
"CFAP119",0.687481888958603,0.419510876393431,0.038,0.025,1
"MYCBP2-AS1",0.68765274961399,-0.202120262684019,0.027,0.026,1
"SLC36A1",0.687753663501299,0.109244740762039,0.024,0.016,1
"LRRCC1",0.68831502024129,-0.290794439434861,0.011,0.008,1
"MORN3",0.688333301619913,0.765866058586695,0.027,0.013,1
"TRIB3",0.688466594689704,0.672085963248743,0.027,0.02,1
"ORAI1",0.688551826651044,-0.152787207182993,0.377,0.372,1
"UMPS",0.688583186256904,-0.258792495307157,0.067,0.068,1
"TUBGCP5",0.688606428986823,0.385720791727922,0.031,0.025,1
"BCS1L",0.688621597385163,-0.176017743424407,0.02,0.025,1
"ENSG00000261386",0.688660017035399,-0.301445242401622,0.022,0.02,1
"CD27-AS1",0.688932300517446,-0.623834164230368,0.02,0.021,1
"RTRAF",0.688987132186424,0.176597463120261,0.47,0.397,1
"RAB24",0.689032168383517,0.117554300412188,0.124,0.11,1
"UBE2T",0.689138009639238,1.17098527140366,0.011,0.005,1
"MTHFD1L",0.689294998570397,0.459204357166565,0.157,0.11,1
"POLR3B",0.689676205858976,-0.187078221445144,0.029,0.026,1
"AIG1",0.689770369466263,0.210031607433008,0.033,0.026,1
"FNDC11",0.689807975314625,0.667176784333886,0.013,0.008,1
"NDUFV2-AS1",0.689836130245119,0.197128388594453,0.109,0.081,1
"POLR3K",0.689848409452637,0.190660681409746,0.062,0.044,1
"WHRN",0.690233716375638,-0.286618504013865,0.055,0.061,1
"MRTFB",0.690265808366058,-0.462797219851993,0.022,0.028,1
"KIAA0513",0.690327273028882,0.997062114997252,0.011,0.003,1
"INO80D-AS1",0.69044010500289,-0.347351348946485,0.027,0.026,1
"PRICKLE1",0.690650683265685,-0.545510622801255,0.035,0.043,1
"ARRDC3-AS1",0.690775271047154,0.371260073660538,0.024,0.02,1
"MOB3A",0.690784728973032,0.113679048234938,0.53,0.455,1
"DSP",0.690854656418099,0.530016637082197,0.02,0.012,1
"MAP3K10",0.690874415982299,-0.42341319663479,0.016,0.02,1
"NBPF15",0.691113891430957,-0.292970469626521,0.035,0.038,1
"MREG",0.691420782044436,-0.41240212152133,0.022,0.018,1
"ENSG00000289238",0.691723316687409,1.21233001931339,0.011,0.005,1
"MAPK13",0.69175322651934,-0.779718562558187,0.022,0.03,1
"ENSG00000223732",0.692197587997841,0.913201732057273,0.013,0.007,1
"GMPR",0.692435206587902,1.74010225280228,0.011,0.003,1
"HLCS-AS1",0.692637802615488,0.2224172798133,0.016,0.015,1
"INO80D",0.692893651172559,-0.148929312991833,0.31,0.293,1
"RBBP8",0.692928552167822,0.22724412848215,0.399,0.323,1
"IFT122",0.693048812195801,-0.228783957197863,0.035,0.041,1
"TSEN54",0.693150074108019,0.583010069030075,0.031,0.02,1
"SMARCA5",0.69326813603056,0.116039408613022,0.379,0.331,1
"CLUH",0.693405541218763,-0.449492311247277,0.024,0.018,1
"DPH3",0.693504008758363,0.137172070058134,0.244,0.198,1
"HNRNPD-DT",0.693635943399356,-0.603942392212253,0.024,0.035,1
"NEK11",0.693935974365437,-0.324143624686961,0.007,0.01,1
"INTS10",0.694177576243549,0.165142713852243,0.155,0.117,1
"CTNND1",0.694259439503505,0.297274297629267,0.255,0.196,1
"RAVER2",0.694326672626266,0.144635742669489,0.013,0.013,1
"NRL",0.694442716361728,0.352922368917827,0.049,0.036,1
"GTF2E1",0.69446648391889,0.531901665944458,0.033,0.015,1
"IL4I1",0.694549794793484,0.51095942277034,0.04,0.025,1
"ITGB3BP",0.694874533138798,-0.10647082312918,0.044,0.035,1
"CENPO",0.695121479857718,0.897979799834352,0.013,0.007,1
"HOMEZ",0.695168072615987,0.60866245324696,0.02,0.01,1
"TFE3",0.695215848506297,-0.192601588202318,0.115,0.11,1
"MIRLET7IHG",0.695225767661047,-0.108787876356705,0.011,0.013,1
"CCS",0.695313389420431,-0.153629168200111,0.118,0.105,1
"CBR4",0.695416787506255,-0.191141747250169,0.029,0.03,1
"ENSG00000290032",0.695430119250693,0.732709494391417,0.018,0.013,1
"DDTL",0.695430840700057,1.27134730634933,0.016,0.005,1
"ACBD4",0.695648103452735,0.3682185830384,0.027,0.018,1
"ZNF623",0.695677721094073,0.733416278704031,0.016,0.007,1
"PHACTR4",0.695701095208617,-0.324280835208749,0.129,0.12,1
"MBLAC1",0.695825286303539,0.642661133891782,0.011,0.007,1
"SPATA20",0.695829658850068,0.782283521521786,0.011,0.005,1
"ENSG00000290823",0.696303324704489,0.23474723044418,0.288,0.231,1
"NOA1",0.696393543412825,0.322424033223802,0.1,0.069,1
"RBM5-AS1",0.696546170698384,0.887508253017259,0.022,0.01,1
"CENPT",0.696607469909096,0.366176442016028,0.078,0.056,1
"CEP44",0.696611598065602,-0.487586128531173,0.018,0.021,1
"ZNF83",0.696847705445418,-0.149120388514581,0.067,0.068,1
"CDC40",0.697122563282479,-0.174112825052142,0.264,0.242,1
"ZNF34",0.697268232039356,-0.432679364181797,0.018,0.021,1
"OPA1",0.697311852992189,-0.18277400584455,0.18,0.16,1
"METTL9",0.697653991660186,0.119942991552455,0.166,0.127,1
"DNAAF2",0.697746827557397,0.227987245986164,0.188,0.147,1
"ORC3",0.697793237468895,-0.174647100571647,0.042,0.046,1
"C1RL",0.697920199416547,0.784671962792436,0.013,0.008,1
"EHD4",0.698270734231863,-0.125874720234847,0.135,0.132,1
"ERMAP",0.698375504291986,-0.485343900349882,0.007,0.01,1
"SIVA1",0.698419089695292,0.221301131913576,0.317,0.247,1
"GBGT1",0.69855461583319,-0.213768665716231,0.018,0.018,1
"IGHV3-11",0.698639222852064,1.06126164544854,0.031,0.023,1
"PON2",0.698791108887172,0.337655068200884,0.02,0.015,1
"ENSG00000277383",0.699147795513661,0.683185770866827,0.016,0.01,1
"CPEB4",0.69932337959285,0.170643067509098,0.157,0.14,1
"NSRP1",0.699424743699585,-0.196642962023165,0.169,0.155,1
"NDUFA3",0.699433665412155,0.193327091212594,0.228,0.171,1
"TICAM2",0.699458407825552,0.266431124336885,0.031,0.018,1
"NFKBIZ",0.69968407235305,-0.121780600906206,0.497,0.481,1
"ENSG00000272106",0.699765762468182,0.442349159414052,0.031,0.021,1
"TMEM30A-DT",0.699799070191159,1.32389997054644,0.011,0.003,1
"MAP3K9",0.699990151772273,-0.33074426930566,0.02,0.021,1
"H4C1",0.70001548192985,1.273903662469,0.011,0.005,1
"LMNB1",0.70003955591598,-0.105839943490156,0.035,0.036,1
"SMARCA5-AS1",0.700211140248735,-0.1902843681387,0.067,0.059,1
"ZNF324",0.700649321918744,0.219832790166901,0.053,0.04,1
"POLK",0.700933619747221,0.165406317866551,0.102,0.089,1
"LYSET",0.700948804237373,0.403989835821088,0.058,0.036,1
"ZFAND1",0.701160810538683,0.27395122665426,0.055,0.043,1
"NCF2",0.70130983294497,0.103424370858121,0.011,0.007,1
"ENSG00000259945",0.701428434708018,-0.179909868301252,0.071,0.071,1
"IGHV3-20",0.70148244211922,1.27107587610713,0.02,0.015,1
"ALKBH4",0.701493173990017,-0.42870904923248,0.011,0.013,1
"STX4",0.701504746699627,0.103202872250962,0.226,0.196,1
"KLHL12",0.701590040891755,0.420070882187479,0.047,0.033,1
"ARL6",0.701740975902168,-0.295491411554373,0.013,0.013,1
"DUSP3",0.701824001258724,-0.335149786997725,0.06,0.061,1
"MYADM",0.702758132380988,-0.156518312359591,0.816,0.804,1
"LINC00265",0.702861755408171,-0.123131444520407,0.031,0.028,1
"KTI12",0.703016939120789,0.315012253184697,0.016,0.013,1
"TXNL4B",0.703028868781107,-0.281880928629397,0.089,0.086,1
"CLMN",0.703323551821289,0.284554133998279,0.06,0.048,1
"ENSG00000229337",0.703369100958165,0.477695932560957,0.013,0.007,1
"ROGDI",0.703451744961838,-0.423389894881777,0.018,0.021,1
"FAM107B",0.703551947710829,0.161729992370041,0.794,0.743,1
"NPIPB11",0.703697071479116,-0.46933016545816,0.016,0.018,1
"DNAJC30",0.703791596000887,-0.102961865812815,0.027,0.031,1
"PTPN4",0.703805861178389,0.366367022645671,0.075,0.056,1
"WDR77",0.70385815003297,0.494610303334775,0.047,0.031,1
"HYLS1",0.703878098466507,0.205977655204465,0.106,0.086,1
"SLC7A6OS",0.703895264617219,-0.133080317121766,0.062,0.054,1
"AGBL5",0.704202314459102,0.685620568674414,0.024,0.015,1
"UBE2E3",0.704247032662539,0.264124952448918,0.16,0.124,1
"CTU2",0.704373611056908,0.319854972386656,0.042,0.026,1
"WDTC1",0.704399750367465,0.19555288324012,0.14,0.109,1
"PCMTD2",0.704662616205956,-0.106327424546576,0.042,0.04,1
"PDIA6",0.704715962556361,0.20278639047147,0.408,0.331,1
"ENSG00000285612",0.704841045440241,-0.223624561192355,0.06,0.058,1
"TLR9",0.705021337558847,1.27280238732308,0.013,0.007,1
"ST3GAL6",0.705220620461945,0.204801411048286,0.011,0.007,1
"NTN1",0.705225010049516,-0.937021192798744,0.013,0.016,1
"PALB2",0.70536081082192,1.04121719272765,0.013,0.008,1
"CCDC85C",0.705470255771552,0.106180045780749,0.1,0.077,1
"MOB3C",0.705478683645558,-0.216034952309523,0.009,0.013,1
"DRG1",0.70554657225385,0.114415459952138,0.171,0.132,1
"GSTZ1",0.705669207060454,-0.274993558955254,0.029,0.028,1
"PMM1",0.705837894046239,-0.632088696916709,0.024,0.026,1
"EIF3CL",0.706077154790288,-0.911518583710955,0.009,0.013,1
"ZC2HC1A",0.70611432106787,-0.85038815768945,0.009,0.013,1
"NOSIP",0.706191378580786,0.137120396594495,0.217,0.188,1
"ASH2L",0.706209647892527,-0.131580760667904,0.084,0.074,1
"PAXBP1",0.706764980259799,-0.138820171945438,0.144,0.138,1
"MAP4K5",0.70704159680174,0.270036049014253,0.202,0.165,1
"DLG2",0.707090362025895,-0.384150326645327,0.013,0.021,1
"ENSG00000288012",0.707093504879934,0.679443081904025,0.022,0.015,1
"EIF2B2",0.707108867617814,-0.187692285324365,0.089,0.079,1
"ATP8B1-AS1",0.70712317964188,-0.437368946953019,0.064,0.069,1
"CNKSR2",0.707159099420324,0.187363496592463,0.069,0.053,1
"DNAJC25",0.707277979184945,0.287746726624169,0.098,0.077,1
"CYB5D1",0.707284916375922,-0.420647754909077,0.016,0.016,1
"PHC2",0.707407846518063,0.375580497811704,0.106,0.074,1
"ERG28",0.707458687294223,0.244496054840978,0.051,0.033,1
"HK2",0.707471501701401,0.194637850803342,0.035,0.026,1
"EXOC3",0.707495973836308,0.43870126234942,0.089,0.066,1
"TIMM50",0.708059265664197,0.165955105769775,0.115,0.096,1
"CENPK",0.70807556995099,0.567207564229008,0.035,0.023,1
"ADCY7",0.708267141881582,0.141800426913607,0.051,0.041,1
"VRK1",0.70828169437256,0.294214338421198,0.111,0.082,1
"ENSG00000285830",0.708287316171369,-0.601992052177492,0.016,0.018,1
"PPIL6",0.708409534683796,0.239442790894861,0.038,0.026,1
"KCNN4",0.70866237979559,-0.688549819626207,0.02,0.021,1
"ATAT1",0.708709166713806,0.34113127766401,0.02,0.018,1
"RASA3",0.709045674319506,0.277764535268007,0.188,0.143,1
"APOA1-AS",0.709283439109768,-1.28677948274128,0.007,0.01,1
"BCOR",0.709320546000521,0.224202176502888,0.279,0.232,1
"NOMO1",0.709472970491673,-0.440886038026946,0.024,0.021,1
"HOOK1",0.709510172669935,-0.594040136632655,0.016,0.023,1
"MRPL12",0.709604361384915,-0.136320984973472,0.091,0.087,1
"GALK1",0.70964403029011,0.375246212092047,0.018,0.01,1
"CTSD",0.709911197011687,0.607407106442542,0.042,0.025,1
"SLC12A2",0.709950110602107,0.19490248134027,0.146,0.13,1
"MTR",0.710169198831121,0.133883120968061,0.175,0.145,1
"HLA-DPA1",0.710280586385267,-0.138583856852229,0.958,0.957,1
"SBNO1",0.71053377129306,0.167485423451795,0.271,0.211,1
"SLC35A4",0.710568049220084,-0.38013450819564,0.042,0.043,1
"GMPR2",0.710886093316785,-0.119209257258129,0.047,0.043,1
"MRPS15",0.711034857190812,-0.204446568994451,0.151,0.14,1
"USB1",0.711078448067123,0.323158407468156,0.047,0.035,1
"ZNF329",0.711127640561002,-0.259369381663395,0.047,0.04,1
"STAMBP",0.711127841662476,0.107848903023629,0.084,0.068,1
"SPTLC1",0.711210000511356,0.219824018395453,0.153,0.114,1
"LINC02580",0.711511313907731,0.534536673297867,0.031,0.02,1
"CNOT9",0.711522812559963,0.180068484114315,0.193,0.16,1
"SLC35E3",0.71175992460103,-0.944566410453037,0.018,0.021,1
"NARS1",0.711777701690055,0.181137477180754,0.142,0.12,1
"ALG10B",0.712172370251032,1.1194873972676,0.013,0.008,1
"GMNN",0.712349986591247,-0.453706911511611,0.062,0.068,1
"ZBTB20",0.712607565830389,0.119983807341856,0.39,0.351,1
"ARHGAP35",0.712889273929787,-0.353554136772097,0.035,0.038,1
"BCAS4",0.712938995729614,0.196766746161916,0.124,0.099,1
"ICE1",0.713039243464765,0.145095413697479,0.177,0.142,1
"PRC1",0.713219566785415,0.156477412815256,0.038,0.025,1
"TBPL1",0.713319519022924,0.105543745452075,0.18,0.143,1
"ZNF41",0.713366965331361,0.505103705954574,0.04,0.026,1
"PABPC1L",0.713631741061805,-0.42971210061872,0.049,0.044,1
"IPO11",0.713677509849749,-0.230937257183264,0.073,0.072,1
"TMEM158",0.713920970149897,1.18872267710952,0.011,0.005,1
"ENSG00000225313",0.713957602297703,-0.910008162815736,0.007,0.012,1
"MCM5",0.714085960776403,0.385676522494789,0.12,0.084,1
"ZNF189",0.714097845514604,0.450956634477618,0.082,0.053,1
"TEX14",0.714214714015114,0.332076907894784,0.064,0.043,1
"TM9SF4",0.71424825444247,-0.263507695604166,0.102,0.096,1
"ATP13A3",0.714260180077992,-0.182386641677418,0.146,0.142,1
"PAPOLG",0.714275402434649,-0.12040219166822,0.106,0.104,1
"RFX1",0.714301244159366,-0.102130877131966,0.162,0.145,1
"YIPF2",0.714320503954351,0.342899067657636,0.031,0.018,1
"PLA2G4C",0.714326405426824,0.593078321676567,0.029,0.02,1
"PUM1",0.714353202574896,0.125498565127175,0.455,0.386,1
"ZNF516",0.714692260817461,0.442867130271224,0.069,0.049,1
"TICAM2-AS1",0.714810994897193,0.275650957824392,0.047,0.036,1
"KBTBD7",0.714950899088414,0.225868979292058,0.038,0.025,1
"ENSG00000236283",0.715236000360089,0.217623451595002,0.022,0.021,1
"SLC35C2",0.715422843528806,0.274697167338478,0.086,0.061,1
"GLRX",0.715647738235604,0.57273674205204,0.053,0.033,1
"ZNF567",0.715726178037528,0.139937128708102,0.109,0.082,1
"GPATCH8",0.715851989742481,0.174349151078673,0.375,0.308,1
"SLK",0.71586162418102,0.165080433143872,0.222,0.175,1
"BRD8",0.715985122572233,0.109178344255408,0.075,0.068,1
"ARHGAP42",0.716064675953014,-0.235325181600502,0.053,0.053,1
"FMNL3",0.716193022340831,0.193670328182759,0.089,0.066,1
"WASH6P",0.716396042110006,-0.633451628755545,0.013,0.016,1
"TSPAN13",0.71648558532204,-0.136199081399549,0.2,0.193,1
"ZNF799",0.716517372860624,-0.478590886762763,0.007,0.01,1
"RNASE6",0.716652402019452,-0.111427865525515,0.031,0.03,1
"CD86",0.716671458046242,0.433866234443155,0.142,0.119,1
"CPQ",0.716745506648256,0.183838195048481,0.04,0.04,1
"ENTPD7",0.716783291525932,0.38817292395145,0.018,0.01,1
"SKIC2",0.716930346240289,-0.282741227421412,0.06,0.056,1
"SRGAP2B",0.716964813426199,0.469517644509477,0.04,0.026,1
"OBI1-AS1",0.717069373496611,0.705064789467723,0.016,0.01,1
"SLC30A5",0.717199819479183,0.230212949078226,0.197,0.147,1
"NDUFAF6",0.717422102702222,-0.134110332033008,0.133,0.115,1
"AIDA",0.717582530837072,-0.135343595686444,0.144,0.124,1
"STX3",0.717776958531836,0.276088785547433,0.055,0.046,1
"BIK",0.718077774639213,-0.355837612375563,0.009,0.01,1
"FAM111A",0.718753653843286,-0.154991687718883,0.078,0.063,1
"WDPCP",0.718808283013716,0.147519496177876,0.12,0.091,1
"ZNF846",0.718955346933638,-0.725120183010521,0.02,0.026,1
"HDAC9",0.718964935980664,0.171215908053679,0.211,0.199,1
"IAH1",0.719051191225211,0.167099213274928,0.08,0.056,1
"BTBD19",0.719180844635252,1.20486667340358,0.011,0.003,1
"ANKRD52",0.719318278069776,-0.19467278918778,0.047,0.048,1
"ZNF514",0.719319543646352,-0.418581555869824,0.013,0.015,1
"ZNF346",0.719402738322822,0.622312442259428,0.04,0.021,1
"SLC25A28",0.71950700791913,-0.28773883620085,0.08,0.082,1
"ODR4",0.719728025686964,0.203269136255458,0.109,0.092,1
"SREBF2-AS1",0.719808382000148,-0.932843744016583,0.049,0.051,1
"COMTD1",0.719996368569817,0.840076053735427,0.022,0.015,1
"STIMATE",0.720054344557525,0.739688295192547,0.035,0.03,1
"PDCD6",0.720170905981128,0.29506817441934,0.257,0.194,1
"RABL6",0.720238954627252,0.270070690207162,0.095,0.069,1
"PSMD6-AS2",0.720280545108625,-0.220789193901489,0.009,0.01,1
"NCOR2",0.720302244423256,0.17766148521461,0.122,0.089,1
"ACSL3",0.720373007588178,0.107345336662116,0.197,0.17,1
"DBNL",0.720832352451391,0.285053776237583,0.2,0.158,1
"ZNF530",0.720965312790235,-0.577431831575758,0.009,0.013,1
"TIMM8B",0.721090010937391,0.260776754249388,0.1,0.081,1
"CNST",0.721435945539702,0.10267266164045,0.302,0.267,1
"ZNF443",0.7214816668316,0.851809883162255,0.011,0.005,1
"KNOP1",0.721539522696925,-0.518641047242082,0.013,0.015,1
"JAK3",0.721595469082108,0.302543260420107,0.129,0.092,1
"ENSG00000289841",0.721618459490269,-0.113141099812387,0.013,0.013,1
"PYGB",0.721632397911823,0.127799008959726,0.031,0.021,1
"G2E3-AS1",0.72180560509223,-0.137909568141335,0.02,0.026,1
"HSPA2",0.721861471499323,0.165860644719841,0.067,0.053,1
"LIPA",0.721867873517145,-0.415179639716856,0.06,0.051,1
"ENSG00000290791",0.721927501374258,1.26740254602042,0.011,0.003,1
"MIF4GD",0.722129595021937,-0.153883930940776,0.049,0.049,1
"XPC-AS1",0.722157680609902,-0.448009605279308,0.011,0.008,1
"DAZAP1",0.722284724237403,0.183109474101363,0.275,0.217,1
"RAB34",0.722293606561111,0.853250301896029,0.022,0.012,1
"GGCT",0.722339358836117,0.167478759445364,0.038,0.025,1
"SGPP1",0.722505785871768,-0.523580509588364,0.069,0.072,1
"ENSG00000289395",0.722593929267178,0.729628858748777,0.013,0.007,1
"C3orf52",0.722636880768561,0.814210301960461,0.029,0.016,1
"COG8",0.722797596829281,0.390878718880953,0.027,0.015,1
"C6orf89",0.723075272118322,-0.299115527557506,0.062,0.063,1
"GHDC",0.723166657690358,-0.609738655444179,0.016,0.018,1
"FNBP1L",0.723195983715399,0.179957308046053,0.044,0.041,1
"SPRYD3",0.723338156699367,0.566600909511039,0.029,0.016,1
"ZNF512B",0.723797887916835,0.338471948511899,0.011,0.005,1
"PHC1",0.723917341943046,0.244269996849526,0.06,0.048,1
"GGA1",0.724023546767512,0.164420856158826,0.144,0.12,1
"MARK2",0.724148773469267,-0.152016166275608,0.131,0.117,1
"FGFR1",0.724198552715813,0.136935829882051,0.018,0.013,1
"KXD1",0.724280000906392,0.221058571116022,0.111,0.081,1
"NOTCH4",0.724437748454986,-0.598406247040537,0.024,0.033,1
"LINC02340",0.724527279561207,-0.779169759530566,0.016,0.021,1
"TEX22",0.724583246306968,0.745283264822652,0.016,0.01,1
"SYT9-AS1",0.724740204913766,-0.485728465704803,0.024,0.03,1
"ANKRD42-DT",0.724785378879654,-0.289550496367815,0.029,0.028,1
"APOBEC3D",0.724832606700776,-0.155369714228097,0.033,0.026,1
"ENSG00000259363",0.725194087742929,-0.435686568932139,0.018,0.012,1
"ENSG00000285730",0.725206972720258,-0.333729758213144,0.011,0.012,1
"KPTN",0.725219674304485,-0.207165017427094,0.007,0.01,1
"TCEANC",0.725478034211296,0.123651427162933,0.007,0.01,1
"AP2S1",0.725628058611922,0.122822812639166,0.16,0.125,1
"CAMK4",0.725651149459581,0.109805722439568,0.049,0.041,1
"EOGT-DT",0.725709265689043,-0.163053527265529,0.053,0.048,1
"PANK3",0.725751560879004,0.100798287718278,0.142,0.115,1
"ZNF580",0.725777476965732,-0.240189201106574,0.082,0.081,1
"RRAGA",0.725897475418454,0.110324211348565,0.18,0.142,1
"PGAM1",0.726073320912961,0.196873508650352,0.368,0.293,1
"ARPP19",0.726219131555612,-0.110356298077736,0.47,0.448,1
"FZD6",0.726298970552887,-0.224495139009682,0.016,0.016,1
"ABITRAM",0.726808298078127,-0.659861565025863,0.029,0.031,1
"TTN-AS1",0.726923198251416,0.155503901677021,0.093,0.069,1
"RANGAP1",0.726924397493119,0.322650704396215,0.186,0.138,1
"LRRK1",0.726981775333259,0.236331925746712,0.055,0.043,1
"MSMO1",0.727139389772961,0.163274380296006,0.122,0.105,1
"RNASEH2A",0.727239596514529,0.959494619589248,0.013,0.007,1
"COPZ1",0.727250732906121,0.188450117836329,0.131,0.105,1
"INF2",0.727310818118477,0.360502524044949,0.053,0.038,1
"ENSG00000288990",0.727333000679137,-0.40080466112857,0.016,0.018,1
"SH3RF1",0.727373255868517,-0.111723848568759,0.018,0.018,1
"MEF2C",0.727417763894414,-0.215004434690526,0.528,0.519,1
"NAT14",0.72749969979168,-0.712927712209738,0.013,0.016,1
"ZFTA",0.727921218426692,-0.443467236530096,0.009,0.012,1
"PANX1",0.728132101977638,-0.230522390328698,0.049,0.044,1
"CDKN2AIPNL",0.728222510434735,0.448498290627713,0.051,0.035,1
"DLEU1",0.728370948040408,0.207069828522515,0.251,0.203,1
"DCAF5",0.728607043287392,0.151130521171913,0.144,0.117,1
"BLMH",0.728612219248932,0.328044193391816,0.062,0.04,1
"MICALL1",0.72902410435458,-0.223312797256234,0.044,0.048,1
"ARMC1",0.729642298201425,-0.21297167536438,0.064,0.058,1
"GNS",0.729677238659056,-0.667013063928729,0.024,0.03,1
"KIAA0319L",0.729681973008859,0.286505366742854,0.069,0.051,1
"HADHB",0.729709246917431,0.166878439385556,0.177,0.133,1
"TNPO2",0.729772878629762,-0.241298462340691,0.047,0.041,1
"TIFA",0.729823229573796,0.132713080205626,0.193,0.168,1
"FUZ",0.730283206973825,0.2362497213814,0.033,0.026,1
"PRRG4",0.730382568356773,0.644819556965154,0.051,0.035,1
"PIP4K2B",0.730401305872238,1.21886089140417,0.018,0.01,1
"CKS1B",0.730412045296215,-0.421028911434068,0.084,0.087,1
"ARMCX5-GPRASP2",0.730477046426572,0.261704093480339,0.018,0.008,1
"OTUD6B-AS1",0.730546191676325,-0.132150264877148,0.184,0.161,1
"LYSMD4",0.730721476961353,-0.30618558245969,0.009,0.01,1
"DTX1",0.730770386821173,-0.400635243705453,0.055,0.058,1
"ENSG00000232124",0.730798725843101,-0.172703723482486,0.047,0.043,1
"CAGE1",0.730799228934005,0.888831590861819,0.011,0.007,1
"RNF121",0.731174411145143,0.206040177669825,0.069,0.056,1
"SLC39A4",0.731257659612792,0.575143711962294,0.02,0.013,1
"IRF2BP2",0.731321704410838,0.106942159521526,0.767,0.733,1
"RHOBTB3",0.73135764705229,0.980928343053909,0.013,0.005,1
"MFGE8",0.73166117780148,-0.377949214677836,0.009,0.013,1
"TMEM101",0.731803670143297,0.39132730180218,0.027,0.016,1
"PTPN18",0.731824037410242,0.174154796139637,0.04,0.035,1
"CD59",0.732018253577945,0.192052289632702,0.16,0.133,1
"PEPD",0.732048814462542,-0.253881459805017,0.051,0.053,1
"IFI6",0.732116935437728,0.288038571497072,0.122,0.096,1
"TMEM168",0.732241785893507,-0.250796191590024,0.069,0.068,1
"ZNF282",0.73245958549235,0.113143055545184,0.031,0.021,1
"ENSG00000273338",0.732541764391004,-0.418275193213322,0.078,0.086,1
"DUSP14",0.732543034435078,0.290247936658162,0.078,0.054,1
"NPIPA1",0.732838760030955,-0.378042918283858,0.018,0.023,1
"UGDH",0.733116334881485,0.524465711652163,0.018,0.012,1
"STRN4",0.733125930233482,-0.343097551694917,0.1,0.097,1
"WASHC3",0.733509763838991,0.194484969415373,0.093,0.069,1
"COQ9",0.733587335626202,0.376017252909231,0.033,0.02,1
"ENSG00000277368",0.733681822495989,-0.776206651121086,0.009,0.013,1
"TRAP1",0.733841586945391,0.152076639397949,0.042,0.03,1
"GTF2H2C",0.733905057412433,0.62944626822371,0.038,0.026,1
"SLC66A1",0.733931009861316,-0.734323352100625,0.009,0.01,1
"ENSG00000291264",0.734218701807386,0.799247122104761,0.011,0.007,1
"POLDIP2",0.73428562398276,0.101804672356309,0.069,0.059,1
"PRRC2A",0.73445096779422,-0.106756501731256,0.215,0.209,1
"FGD6",0.73451631571008,-0.998746334280254,0.007,0.012,1
"PI4K2B",0.734562192754486,-0.201529945090245,0.06,0.063,1
"GID4",0.73461368900667,-0.183025604145695,0.038,0.033,1
"SLC1A4",0.734688109229434,0.354276343623874,0.082,0.063,1
"FGFRL1",0.73483248180254,0.692992209460626,0.062,0.04,1
"PHACTR1",0.734970848660564,-0.120685435661664,0.512,0.474,1
"HELZ2",0.735021229013256,-0.321146698395501,0.055,0.064,1
"KRBA1",0.735158734730493,-0.226381628769465,0.018,0.012,1
"DDX60L",0.735204210987425,-0.274606953792899,0.086,0.092,1
"TAF4",0.735221044219957,0.237947223363365,0.029,0.018,1
"MRPL34",0.735262937684703,-0.164818158737116,0.058,0.054,1
"ACTR8",0.73539337122393,0.323915314081731,0.078,0.051,1
"CDK2",0.735406045778242,-0.514741503578398,0.027,0.033,1
"GCSH",0.735541026044214,-0.679195050943672,0.009,0.013,1
"CFAP45",0.735584355135286,0.260633484689486,0.051,0.036,1
"RTL8C",0.735636176303031,-0.396218061490822,0.02,0.026,1
"ZNF616",0.735655909962691,0.620860848915179,0.016,0.012,1
"ENSG00000232754",0.735938063203845,-0.39914242236974,0.011,0.012,1
"SLC35F2",0.736216247991103,0.154619628477705,0.044,0.041,1
"LINC03072",0.736335989443925,0.817092587707368,0.013,0.01,1
"CYP2U1",0.736511684102256,0.655842473325956,0.033,0.021,1
"ENSG00000271858",0.736525155095079,0.114865063963497,0.011,0.008,1
"ENSG00000261267",0.736685736999619,1.18198365319139,0.011,0.005,1
"LINC01353",0.736713444734528,0.284733639927479,0.058,0.044,1
"ZSCAN26",0.73686313781288,-0.532105455193986,0.022,0.03,1
"MCM6",0.736931580968931,0.370403713257921,0.062,0.04,1
"ENGASE",0.737089804116358,0.553357694437943,0.029,0.018,1
"INTS6-AS1",0.737187952967433,-0.595222366151201,0.013,0.015,1
"TPP2",0.737516543466818,-0.157234364750539,0.202,0.183,1
"ENSG00000247853",0.737919982643152,0.641002546648487,0.022,0.012,1
"DCTPP1",0.73798877062939,-0.251785865284406,0.113,0.102,1
"DDR1",0.738359938506895,0.402705346844536,0.011,0.005,1
"ATG7",0.738445363901477,-0.10199166952465,0.073,0.066,1
"GPKOW",0.73854718767882,-0.341029824424387,0.062,0.061,1
"NPC1",0.73855190439174,-0.137700619377435,0.14,0.132,1
"PHKG2",0.738591753750507,0.461498144729123,0.078,0.051,1
"IFI35",0.738671211044902,0.398001074731785,0.073,0.056,1
"SETD9",0.738767604583442,0.156570075747011,0.035,0.031,1
"SLC26A11",0.738798804375851,-0.780700774018238,0.038,0.044,1
"NCOR1",0.738805435381119,-0.101155407007247,0.35,0.313,1
"CCL3",0.73892120896078,0.495346042246865,0.016,0.012,1
"ENSG00000260136",0.73899966213961,-0.450012955438011,0.013,0.016,1
"HEXA",0.739074642262746,0.158093821798249,0.202,0.18,1
"CRY2",0.739116078533916,-0.105236914169075,0.12,0.112,1
"ENSG00000290366",0.739321398911066,-1.25422134406879,0.007,0.012,1
"TXN",0.739578719835712,0.303421007906369,0.126,0.091,1
"PHB1",0.739842943813827,0.180544145993125,0.1,0.081,1
"ZSCAN12",0.739981375668246,0.518476909451946,0.029,0.023,1
"SPATA5L1",0.740139569898341,0.211382516053706,0.042,0.033,1
"ZNF362",0.740349936994749,1.01869449584482,0.016,0.008,1
"SLX9",0.740377483432548,-0.175003605983605,0.033,0.033,1
"DCUN1D3",0.74055452650761,0.360913247698504,0.013,0.008,1
"LINC02942",0.740931088698964,-0.449499131924714,0.009,0.013,1
"CCDC71",0.741259870450035,0.265899040453854,0.047,0.031,1
"IL6",0.741328002301105,-0.130437007079696,0.142,0.133,1
"MANBAL",0.741466644245148,-0.153733110686205,0.058,0.059,1
"NDUFA6",0.741798970963165,-0.131707587273902,0.379,0.366,1
"PACC1",0.742229467248621,0.512540390394963,0.062,0.043,1
"PILRB",0.742325538315046,0.172033677342198,0.122,0.105,1
"DNAL1",0.742460098900756,-0.517755506582564,0.024,0.028,1
"TSC2",0.742487661256734,-0.588004778949272,0.02,0.026,1
"VPS11",0.74275560377613,0.27363196540016,0.073,0.056,1
"TWF2",0.742855825399079,0.230476317454964,0.166,0.125,1
"LINC00886",0.74286300305359,1.42381817131708,0.018,0.01,1
"HDAC10",0.742963043921905,-0.179509514604753,0.069,0.072,1
"ENSG00000270659",0.743015487164241,0.396898801983974,0.033,0.025,1
"ZNF439",0.743120767075813,0.633122515384729,0.033,0.02,1
"TMEM41B",0.743333012113326,0.157190164126594,0.111,0.089,1
"ENSG00000249456",0.743468722989459,0.152040355722851,0.082,0.056,1
"FAM200A",0.743491569710569,0.361719648157547,0.038,0.03,1
"MIR924HG",0.743543126575769,0.369572155949467,0.018,0.012,1
"METTL6",0.743658463562893,0.241170043583272,0.06,0.044,1
"IL21R-AS1",0.743743391960946,0.522737472323394,0.013,0.007,1
"MAPK8IP3",0.743897273570909,-0.133566793294858,0.266,0.249,1
"TIMM10",0.743924446936234,-0.166311723667905,0.182,0.18,1
"AMY2B",0.74394818297153,0.465171339140165,0.022,0.01,1
"NECTIN1",0.744014718326904,-0.155839834449457,0.033,0.035,1
"KDELR2",0.744015681439668,0.218699607721812,0.171,0.132,1
"MDP1",0.744085913882927,-0.209015300544715,0.049,0.046,1
"NNT",0.74421426046639,-0.159912808240861,0.082,0.079,1
"CCDC138",0.744233143242903,0.131868176213262,0.08,0.056,1
"FAM3A",0.744520319967132,0.276000433528727,0.058,0.043,1
"GTPBP2",0.744534185849003,0.376817474446454,0.033,0.025,1
"PHOSPHO2",0.744622921650933,0.787388859788602,0.018,0.012,1
"ATG13",0.744637896562793,-0.1439279467003,0.129,0.129,1
"SRRT",0.744641643982623,0.128807951609327,0.271,0.213,1
"CABLES2",0.744699983840108,1.55981972246658,0.013,0.005,1
"ENSG00000291224",0.744807662092689,0.152351360888548,0.047,0.035,1
"SEC22B",0.744918759566361,-0.196245804226408,0.111,0.107,1
"ENSG00000272092",0.744943385936117,-0.192551587252813,0.018,0.015,1
"HAUS6",0.74504359080619,-0.270893914503498,0.044,0.043,1
"SDR42E2",0.745151269092291,0.300216108525672,0.024,0.018,1
"ENSG00000259536",0.745246149658791,0.38301743178106,0.024,0.016,1
"AGPAT1",0.745289663694833,-0.110584487205891,0.033,0.031,1
"ENSG00000235978",0.745313490762445,0.223913712355639,0.035,0.03,1
"ENSG00000286408",0.745473750885341,-0.960322142874648,0.011,0.015,1
"DUS4L",0.745484385504316,0.207124297178312,0.029,0.02,1
"ENSG00000279738",0.745798232562055,0.68828486569852,0.016,0.01,1
"ZZEF1",0.745925773842352,0.408135245599824,0.126,0.094,1
"URB1-AS1",0.746050670465188,0.104799062259971,0.013,0.008,1
"SLC29A2",0.746102585617874,1.16479083342308,0.013,0.008,1
"COG2",0.746180169764237,-0.225863327253205,0.058,0.058,1
"L3MBTL2",0.746259982837587,-0.244952443791541,0.024,0.023,1
"EFCAB6",0.747071998401951,0.584844349906135,0.011,0.005,1
"AKT2",0.747144246797509,0.127373811141188,0.271,0.219,1
"OXSR1",0.747757197560873,0.152794542901734,0.284,0.226,1
"PIGB",0.74792646638553,0.262567938978593,0.213,0.17,1
"LHFPL6",0.748080835084004,-0.144092884635136,0.016,0.015,1
"H2AC7",0.748320677480222,-0.610389174801244,0.02,0.023,1
"BEND5",0.748403236263572,-0.37148984126408,0.042,0.043,1
"ZNF500",0.74856177181143,-0.849557755785767,0.009,0.012,1
"ATPAF2",0.74858675710582,-0.302494857884684,0.071,0.069,1
"CCDC77",0.748700201306818,-0.251285124626067,0.042,0.048,1
"ENSG00000267568",0.748742951684446,0.200572348089986,0.071,0.051,1
"UBE2Q2P13",0.748941611258011,0.906745879291521,0.013,0.007,1
"TEPSIN",0.748960945788248,0.507096268993886,0.075,0.059,1
"RFC1",0.749126243251653,0.194347599316117,0.126,0.102,1
"ZNRF3",0.749535514758141,-0.597069473795462,0.009,0.015,1
"RAB11FIP2",0.74960918779985,0.234040386630345,0.1,0.076,1
"MAP2K4",0.749653953023633,-0.135634972156223,0.239,0.232,1
"KSR1",0.749864181645956,0.231386601580496,0.084,0.059,1
"TRAF7",0.750222975363856,0.37210496730264,0.071,0.048,1
"MRPL30",0.750313444439579,-0.134605400197806,0.058,0.053,1
"REXO2",0.750324566413961,0.283156309578751,0.055,0.041,1
"CPT1A",0.750473448708733,-0.26425717723076,0.024,0.028,1
"NAT9",0.750510934101952,-0.297040398857027,0.067,0.068,1
"MAP4K3",0.750590529534503,-0.225012423498469,0.186,0.173,1
"H4C9",0.7506276875733,-0.368639735724541,0.009,0.015,1
"MAD1L1",0.750780447267372,0.203734110309097,0.344,0.295,1
"SYT5",0.750841191107481,-1.15242395882847,0.007,0.01,1
"SCAF4",0.751050848201907,0.13252085181536,0.257,0.213,1
"BLZF1",0.751114307604174,-0.230291700704061,0.113,0.107,1
"EHD3",0.751197321363667,0.911822169022637,0.016,0.01,1
"H2BC9",0.751249609429537,2.02051895130558,0.011,0.007,1
"MRPL17",0.751541961050304,0.539579110692658,0.064,0.041,1
"IKBIP",0.751750711851319,0.245294868595555,0.14,0.11,1
"PGLS",0.751754262926944,0.272886706133011,0.231,0.181,1
"HEATR5A",0.751766491162612,0.122100157890681,0.038,0.026,1
"ZNF821",0.751799640777041,-0.275800952844699,0.211,0.216,1
"TUBD1",0.751800835269646,0.209081456815482,0.049,0.036,1
"SLC25A32",0.751852610022502,0.148172931297595,0.297,0.237,1
"DRAM1",0.752310422851852,0.142049270619308,0.084,0.068,1
"QSOX1",0.752792057749112,-0.106598706857613,0.013,0.018,1
"ENSG00000289277",0.752964742582608,-1.10052727204033,0.011,0.016,1
"SMPD2",0.753078369444906,-0.131868623619391,0.202,0.194,1
"RNF32-DT",0.753134722223985,0.379894039579182,0.018,0.01,1
"TMEM44-AS1",0.753209271715021,0.44715283599185,0.04,0.028,1
"ENSG00000289788",0.753306701476453,-0.370841913507083,0.047,0.046,1
"ATF5",0.753509686818824,0.131174394648129,0.069,0.056,1
"GLCE",0.75352398106031,-0.167132823282539,0.027,0.031,1
"TPTEP1",0.753880429145053,-1.03513629679124,0.007,0.012,1
"PFKP",0.75396609219782,0.359902549581277,0.071,0.053,1
"SCARB1",0.75397967713032,-0.526015058108982,0.022,0.025,1
"INTS3",0.754020215570993,-0.169713239827526,0.042,0.035,1
"COMMD8",0.754109291760023,0.296081088646038,0.1,0.066,1
"MYO19",0.754144981908426,0.433227079442422,0.04,0.026,1
"HSPBP1",0.754280920446234,0.360887084961517,0.093,0.066,1
"ALDH4A1",0.754845471142231,-0.455618919557994,0.011,0.015,1
"ATPSCKMT",0.754896940226048,0.926908625206477,0.011,0.007,1
"AGL",0.755107279179477,0.327188110031781,0.055,0.04,1
"ENSG00000286264",0.755367353545412,0.17974950914809,0.055,0.038,1
"MTHFSD",0.755368015676787,0.465155265324462,0.009,0.012,1
"TSPAN17",0.755449933038442,0.489909572703689,0.018,0.012,1
"ALYREF",0.755536386128903,0.131134645156999,0.506,0.435,1
"LIPE-AS1",0.755946331048392,-0.326767609835283,0.031,0.023,1
"FOSL2-AS1",0.755957275490254,0.342791317894837,0.044,0.026,1
"FKRP",0.756004299685832,-0.29193079237292,0.031,0.03,1
"LIG4",0.756607414818382,0.244757018413497,0.084,0.076,1
"ENSG00000261218",0.756882810846099,-0.446997822008059,0.029,0.03,1
"ENSG00000286803",0.756919936430805,0.154968843961591,0.016,0.016,1
"PM20D2",0.756944794965283,-0.169941054432014,0.027,0.028,1
"KIFC2",0.756985648178851,-0.506440442385042,0.016,0.015,1
"PPARA",0.757134329529858,0.248289410900454,0.08,0.056,1
"ZC3H6",0.757140277725822,-0.323536899762942,0.051,0.048,1
"ENTPD5",0.757169554880295,-0.74919722281432,0.009,0.013,1
"CRTC1",0.757342902060609,-0.175783039465776,0.071,0.069,1
"GLIPR2",0.75751366176179,-0.100452606553232,0.031,0.021,1
"ZNF468",0.757540684905025,-0.136576541361433,0.064,0.051,1
"CD302",0.757599025572828,0.522111175846781,0.047,0.028,1
"RSBN1L",0.757638085198995,0.225330057485426,0.222,0.171,1
"ACP5",0.757733348334612,0.131852774526339,0.182,0.142,1
"ENDOD1",0.757766884591995,-0.252079760988597,0.042,0.041,1
"CD44-AS1",0.757769454332174,-0.25343131212735,0.02,0.023,1
"SLC30A9",0.757971864488855,0.10666165071435,0.182,0.138,1
"TTPAL",0.758129007886527,0.279791091811189,0.038,0.031,1
"CTSB",0.758210846311743,-0.344559273970269,0.095,0.087,1
"MIATNB",0.758686263838722,-0.363208695575218,0.042,0.043,1
"ZNF8",0.758771947465604,0.138838377537776,0.04,0.04,1
"TAOK2",0.758880089629027,0.837272195303636,0.024,0.012,1
"ZNF121",0.758905025916324,0.268477964775258,0.144,0.117,1
"TMSB15B",0.758912877402752,-0.730854059428231,0.016,0.018,1
"TVP23C",0.758922283772229,0.171028975684468,0.011,0.008,1
"DPH7",0.759051454945169,0.468937530256405,0.044,0.026,1
"PIEZO1",0.759106508564453,-0.282732802409851,0.022,0.025,1
"CCNJ",0.759117048224938,0.195340307322621,0.031,0.026,1
"PPIP5K1",0.759256109513514,-0.763231851118927,0.011,0.015,1
"CREB3L4",0.759318859132385,0.569583657610136,0.013,0.007,1
"TRAFD1",0.759339403167441,0.398853530293793,0.084,0.058,1
"PODXL2",0.759452520132175,-0.553642145567951,0.02,0.02,1
"ORC6",0.759584878913825,0.687924618198442,0.035,0.023,1
"MPHOSPH9",0.759669413183682,0.226089472339236,0.064,0.046,1
"HSPBAP1",0.759903228965762,-0.249967274114875,0.129,0.127,1
"ADPGK-AS1",0.759918430125363,0.206928357660249,0.016,0.012,1
"GSTM3",0.75994313117885,-0.397894800484726,0.018,0.018,1
"ZNF169",0.760037947239598,0.170497178457231,0.051,0.036,1
"LRIG2",0.76004372025893,0.346197690059243,0.055,0.04,1
"COG6",0.760143661191448,0.34037780884774,0.047,0.031,1
"TRMT10A",0.760212136889621,0.261012058329504,0.02,0.012,1
"USP34-DT",0.760414958899124,1.34523395929447,0.024,0.016,1
"ACSS1",0.76048713637734,0.283764315323358,0.124,0.094,1
"SPSB2",0.760517247111596,-0.361310157308363,0.009,0.012,1
"EXOSC9",0.760528009097445,0.219431602773332,0.12,0.084,1
"LINC00467",0.76068222597531,-0.462631277281335,0.016,0.013,1
"KPNA1",0.760797161117013,-0.124370153878332,0.337,0.313,1
"KDM5B",0.760814609967522,0.15429011213838,0.213,0.17,1
"RUNX2",0.760906519033608,0.345978473660448,0.024,0.015,1
"CARS2",0.760994232933451,0.149551334372251,0.12,0.104,1
"HEBP1",0.761133927214713,0.59629194976781,0.024,0.013,1
"UQCRQ",0.761552167442304,0.162675333671419,0.235,0.196,1
"TCTA",0.76162341805637,0.299649643987407,0.038,0.026,1
"DAG1",0.76186007623279,0.101225141496238,0.031,0.021,1
"SAAL1",0.761938687820802,-0.315356296263205,0.086,0.079,1
"PURB",0.762141013011682,-0.199026641679767,0.089,0.077,1
"CHCHD6",0.762169730753914,0.413956375213644,0.033,0.021,1
"TAOK3",0.762316817812955,-0.101044755724843,0.228,0.213,1
"KAT14",0.762413270880168,0.471565570121832,0.016,0.008,1
"SLC31A2",0.76250643655656,0.166190038095532,0.027,0.023,1
"CXCR3",0.762519545665113,0.674393304339478,0.011,0.007,1
"COX20",0.762584002406107,-0.184430931660732,0.231,0.208,1
"STAU1",0.762815347689521,0.147575801363815,0.435,0.356,1
"PPM1L",0.762909671210353,-0.523452731668627,0.047,0.049,1
"BCL7C",0.763025449581145,0.181462163004948,0.084,0.069,1
"NUDT1",0.763068875981343,0.17077455621947,0.08,0.061,1
"DYRK2",0.763224838101129,0.116237646829377,0.055,0.043,1
"H2AC25",0.763321309724087,0.626513303483435,0.027,0.02,1
"ACTR3-AS1",0.7633596972741,-0.238325644697949,0.029,0.028,1
"PFKL",0.763368176692861,0.262216391449265,0.242,0.183,1
"UTF1",0.763376657784678,0.34029557840868,0.016,0.015,1
"TRIM62",0.763549477735086,-0.130017092499436,0.047,0.046,1
"MRNIP",0.763576595897727,-0.186589854236854,0.06,0.063,1
"NOP9",0.763744848237572,-0.137087808090096,0.031,0.03,1
"NBPF14",0.763849909258189,-0.293314983578735,0.091,0.084,1
"MAN1B1",0.763871209268877,-0.239021429407866,0.049,0.051,1
"CMC1",0.764120077181943,-0.262286632432594,0.053,0.056,1
"OSM",0.764257768599449,0.66661296121333,0.029,0.018,1
"BCCIP",0.76439131749314,0.170161055477413,0.273,0.217,1
"TERF2",0.764448844689211,-0.16366335654264,0.153,0.142,1
"HIBADH",0.764556481170514,-0.331733327773176,0.033,0.041,1
"CCDC124",0.764580989023909,0.175822393113582,0.111,0.082,1
"ZNF664",0.764667087178163,0.368205317079809,0.073,0.049,1
"SERBP1",0.764822078482661,0.129661853593521,0.541,0.483,1
"HECTD2",0.764979083909639,-0.290487994934163,0.024,0.025,1
"ATG4A",0.765010792054161,-0.461714864949567,0.022,0.021,1
"SYT17",0.765068409990322,-0.413860476734244,0.022,0.023,1
"IL6R",0.765101186064405,0.849233037279135,0.011,0.005,1
"LINC02391",0.76524042937182,0.702958288722963,0.024,0.013,1
"SLC30A4",0.76524682820789,-0.298598022806217,0.04,0.036,1
"UNC119B",0.765293355756963,1.11271496124569,0.013,0.007,1
"NR2C1",0.765455852661582,0.110270394617968,0.109,0.094,1
"GALNT4",0.765466514110179,-0.226992506950504,0.027,0.025,1
"CSRNP2",0.76572947685974,-0.278017504591161,0.051,0.049,1
"CHST7",0.765729806126976,0.259878917165132,0.013,0.008,1
"ENSG00000288999",0.765863202951996,0.433233705095164,0.058,0.04,1
"KLF8",0.765901746081539,-0.266599420943717,0.02,0.023,1
"ENO2",0.766094941172105,0.393696125665391,0.013,0.008,1
"SLC44A1",0.766104972100854,0.270830023438491,0.04,0.028,1
"NIPSNAP3B",0.766182473027343,0.673358957433844,0.029,0.02,1
"FADS2",0.766285290931517,1.01294677840032,0.022,0.012,1
"GTPBP6",0.766323887254484,0.134041056930208,0.197,0.157,1
"C19orf25",0.766450105051202,0.329256755668871,0.089,0.066,1
"PJA1",0.766648324287902,0.578860788642105,0.06,0.038,1
"VIPAS39",0.766757310922112,0.3872557321797,0.016,0.018,1
"ENSG00000257342",0.766902693343523,-0.207020909983941,0.016,0.018,1
"ENSG00000247134",0.767192539922375,-0.743977199519988,0.009,0.012,1
"TNFRSF10A",0.767212591278245,-0.187436549440817,0.122,0.097,1
"SNHG20",0.767252879546257,-0.12128021475018,0.035,0.041,1
"ZNHIT6",0.767433353092381,0.260234465866812,0.071,0.068,1
"BRPF3",0.767483722302164,-0.131361335575892,0.049,0.046,1
"ZNF557",0.767499845378018,-0.245832448010971,0.038,0.038,1
"KCNC3",0.767544156141136,1.37083494378537,0.013,0.005,1
"SKA2",0.767654328666488,0.570913306817085,0.038,0.021,1
"CENPJ",0.767889492106522,-0.263665255680924,0.016,0.015,1
"MLLT3",0.767908423132237,0.141726949690649,0.018,0.015,1
"USF2",0.768060596718869,0.112074646608402,0.1,0.087,1
"TELO2",0.768272998102684,0.585210961280779,0.1,0.061,1
"ACBD5",0.76832220397048,0.236623331094098,0.091,0.071,1
"OSBPL7",0.768344360152659,-0.655514858527828,0.013,0.015,1
"SSX2IP",0.768697223276592,0.238827991818384,0.033,0.02,1
"ETAA1",0.768716289945286,0.518017124837074,0.018,0.013,1
"LINC00957",0.768890964101507,0.602654463770962,0.018,0.013,1
"LINC00342",0.769132562501799,0.485048960450229,0.047,0.03,1
"UBE2Q2P1",0.769159778364377,0.390658225402698,0.018,0.012,1
"ABCC1",0.769168400276728,0.158111886513251,0.186,0.148,1
"ENSG00000263990",0.769185632804758,-0.636865567090202,0.011,0.016,1
"ASB3",0.769385543132524,-0.199078185566405,0.137,0.129,1
"ATG2A",0.769410406457117,0.169285008935057,0.044,0.036,1
"STOML2",0.769459255582315,0.247918831219427,0.104,0.076,1
"RIMKLB",0.769514874131055,0.265315637630994,0.106,0.081,1
"ANKIB1",0.769544703820961,0.312628038771558,0.126,0.092,1
"MNAT1",0.769554524886116,-0.25455574058912,0.1,0.096,1
"ENSG00000251309",0.769630402298,0.174695992256408,0.073,0.063,1
"RTL8A",0.769640337590328,0.421698119571855,0.035,0.025,1
"SLC12A9-AS1",0.769647352674912,0.558035587607976,0.011,0.007,1
"ABHD6",0.769757095099615,-0.366042760866989,0.024,0.026,1
"AMACR",0.76980530589995,-0.982182153842946,0.009,0.01,1
"MFSD8",0.769917758102931,0.530733825407016,0.093,0.068,1
"THOC5",0.770195649926928,0.470628100194836,0.04,0.028,1
"NAT1",0.770289125762073,0.708574590192366,0.018,0.01,1
"ZNF879",0.770413048839648,-0.683198115961193,0.007,0.01,1
"SLC66A3",0.77051202065947,0.501743184311749,0.031,0.025,1
"INO80E",0.770535612942229,0.280280727281445,0.109,0.089,1
"SLC2A11",0.770684125511121,0.298642465787884,0.073,0.049,1
"CLK3",0.771009485011651,-0.116299788634526,0.266,0.255,1
"BMS1",0.771227719652766,0.28907025764857,0.111,0.087,1
"LMAN1",0.771253091731174,0.225103004227108,0.086,0.064,1
"NAIP",0.771482037589426,-0.252388089353753,0.029,0.025,1
"FCGRT",0.772059090590507,0.199343659509444,0.053,0.044,1
"VEGFA",0.772136578191935,-0.18561187040979,0.018,0.021,1
"UBE3D",0.772194908375015,-0.412725833674,0.016,0.015,1
"ZBED6",0.77225700851496,0.226324693049514,0.133,0.102,1
"ECT2",0.772400452678155,0.617778044999976,0.011,0.007,1
"ENSG00000259564",0.772522324863558,-0.619572585075589,0.009,0.012,1
"FAM151B-DT",0.77258271055529,0.442707597324569,0.055,0.038,1
"ZNF713",0.77260263154712,-0.10772456750572,0.033,0.031,1
"PRCD",0.772986024075646,0.351666269871503,0.013,0.015,1
"CPSF4",0.773084394185794,0.648838427135811,0.038,0.023,1
"ENSG00000291143",0.773112721018681,0.313118867536696,0.035,0.026,1
"ENSG00000259709",0.773232169276148,-0.572569695953772,0.02,0.023,1
"PROCA1",0.773256424847966,-0.694234092667113,0.009,0.01,1
"IGKV1-12",0.773483425904261,0.232945268541785,0.011,0.007,1
"CBLB",0.773674965889017,0.104718347374022,0.33,0.292,1
"CEP164",0.773685392451216,0.360075522377505,0.044,0.031,1
"PRIMPOL",0.773957401088404,0.363651925148465,0.016,0.01,1
"AP4B1",0.774092886350635,0.178869172515634,0.111,0.077,1
"ATAD2",0.774280717761421,-0.405897396424292,0.042,0.046,1
"TBC1D32",0.774285125087506,0.101549984590289,0.049,0.041,1
"CD274",0.774301004213912,0.740070580361424,0.02,0.015,1
"CEP97",0.774703693452709,0.362510747947639,0.033,0.025,1
"TRIQK",0.774757650909177,0.640151374249909,0.027,0.018,1
"ZNF875",0.774953977890113,-0.117087480269636,0.053,0.056,1
"MAGOHB",0.7749964720861,-0.283925720074184,0.047,0.046,1
"ZNF823",0.775228923727564,-0.43786511119709,0.009,0.012,1
"PCED1A",0.775511764353931,0.364205105086667,0.055,0.041,1
"CAPN10-DT",0.775657122113747,-0.356775973365527,0.013,0.012,1
"NPRL3",0.775987927757071,0.231134028037121,0.031,0.021,1
"ENSG00000289393",0.775988412898267,0.793855609297514,0.011,0.01,1
"ILF3-DT",0.776042280845755,0.184556651431945,0.055,0.046,1
"PGBD2",0.776047207981141,0.252173378912178,0.035,0.023,1
"LINC01816",0.776052456816008,0.495978552893797,0.011,0.016,1
"ENSG00000251600",0.776071077052837,0.741843920327628,0.016,0.008,1
"PAIP1",0.77613030013043,0.248850952039239,0.184,0.137,1
"CRYBB2P1",0.776280741531237,0.22962527214846,0.086,0.063,1
"GYG1",0.776630352974719,0.476570121884973,0.049,0.035,1
"TMEM214",0.776659403587627,-0.151037826159286,0.049,0.051,1
"SLA",0.776879106133248,-0.108561656171642,0.126,0.117,1
"ERO1A",0.776917659311146,-0.288642420699206,0.049,0.053,1
"TMEM129",0.777039018925161,-0.103992101204608,0.016,0.015,1
"CHFR",0.777145551548615,0.180978542623736,0.111,0.096,1
"CXXC5-AS1",0.777259771460617,0.204972844438279,0.013,0.012,1
"ARPC5",0.777505998921834,0.155203440216243,0.299,0.241,1
"SERPINB8",0.777586733303532,0.27097516464547,0.078,0.059,1
"SLC25A46",0.777757416011423,0.467011642428357,0.075,0.054,1
"MAN2A2",0.778106619066724,0.269228051194593,0.024,0.02,1
"AIF1",0.778165242060213,0.724004698223919,0.013,0.007,1
"UBA6-DT",0.778327784872179,-0.309748253448185,0.035,0.031,1
"DCAF17",0.778443143796191,-0.129433632621778,0.018,0.021,1
"CEP290",0.778561790031158,-0.222804955368189,0.095,0.087,1
"EFHC1",0.778711960911324,-0.180915574444404,0.033,0.03,1
"IFT20",0.778768306928317,0.144987925057042,0.067,0.059,1
"RAD51C",0.77909964585411,0.146530207299479,0.031,0.03,1
"R3HCC1",0.779143376203318,-0.213122472419863,0.02,0.02,1
"CASP2",0.779314235843309,0.353644466122319,0.078,0.058,1
"CCNF",0.779412976909814,-0.770276609381474,0.009,0.012,1
"NCOA1",0.779737535436485,-0.117717989375737,0.206,0.191,1
"HSPA14",0.779991385338096,0.255439334686263,0.115,0.082,1
"TM9SF1",0.780407134963244,0.166658794829233,0.157,0.14,1
"ZC3H3",0.780414827370584,-0.212940875703774,0.044,0.036,1
"ZNF75A",0.780484077993069,-0.239591135747212,0.08,0.076,1
"SELENOM",0.780516124305123,0.767280957246345,0.011,0.008,1
"MYO7B",0.780634542637708,0.239220749044808,0.04,0.035,1
"RGS9",0.780738115647004,1.09823277432024,0.016,0.008,1
"EXOSC10",0.781086447937388,-0.130118105192816,0.135,0.12,1
"SASH3",0.781308783464013,0.1126962461323,0.375,0.329,1
"PIGP",0.781478976059647,0.481846098702402,0.064,0.048,1
"HECW2",0.781590597508924,0.407647769040327,0.022,0.012,1
"SLC7A1",0.781606973811892,0.259935528249723,0.171,0.14,1
"NANP",0.781682725163751,-0.50840339273779,0.018,0.023,1
"METTL7A",0.781740841858407,-0.597575328047984,0.031,0.036,1
"ZNF304",0.78174267516355,-0.513241450876504,0.013,0.016,1
"IL1RAP",0.781971771704894,-0.283578736321848,0.086,0.086,1
"PEX2",0.782026171930831,0.181309666126917,0.084,0.061,1
"RASSF7",0.782301185789813,-0.210559279733912,0.033,0.026,1
"MSL1",0.782369227462038,0.159646671842651,0.118,0.094,1
"CNOT11",0.782420271958199,0.140979796096447,0.12,0.091,1
"LRIF1",0.782455187666981,-0.163452304475274,0.073,0.068,1
"NUP160",0.782808892064423,0.141750841788273,0.14,0.11,1
"SUV39H2",0.782842009869463,-0.849230940658267,0.009,0.01,1
"SIPA1L2",0.78296348281229,-0.45262180961961,0.007,0.01,1
"SPACA9",0.782993795429608,-0.99144083988066,0.009,0.012,1
"RNF169",0.78301849983584,-0.210848894016684,0.144,0.14,1
"ENSG00000264895",0.783049552417861,-0.526091922813794,0.022,0.02,1
"FAM110A",0.783176470702374,-0.105036261345292,0.093,0.094,1
"GFER",0.783357999074397,0.127400157320354,0.124,0.104,1
"CCDC154",0.783520375012482,0.515538077125907,0.013,0.012,1
"TUBE1",0.783630580781991,0.408433623817074,0.044,0.03,1
"SOGA1",0.783758830455068,0.155288009923478,0.02,0.013,1
"EXOSC8",0.784068784787106,-0.158733568050587,0.095,0.087,1
"SGMS1-AS1",0.784088074511945,0.556423078527797,0.022,0.015,1
"RGS14",0.784180662025648,0.23442175677344,0.067,0.053,1
"LSM8",0.784185348805022,0.114708447615069,0.293,0.247,1
"GSS",0.784307159325425,1.02518102870876,0.016,0.008,1
"TESK1",0.784416256195233,0.163477479073145,0.12,0.094,1
"CLHC1",0.784481035655272,0.542245253818093,0.013,0.008,1
"CSTF2",0.784585139392951,0.200168240815814,0.033,0.021,1
"GINS3",0.784595084708054,-0.268715136043052,0.02,0.015,1
"ZBTB32",0.784951881827557,0.44189336513345,0.018,0.013,1
"SCYL1",0.784994944128511,0.258125176622672,0.106,0.086,1
"ZNF667-AS1",0.7849982863784,0.276179918032749,0.053,0.043,1
"ENSG00000255670",0.785163436021294,0.238761741952526,0.013,0.008,1
"CBLL1-AS1",0.785290258058288,-0.23690571261463,0.009,0.012,1
"LRRC8D",0.785400079426606,0.175974926430606,0.095,0.077,1
"ASF1A",0.785529793168196,0.42015225829659,0.027,0.021,1
"MLLT10",0.785530201702217,0.313109937067328,0.086,0.063,1
"MAP7D3",0.785645983915667,-0.527180287444673,0.02,0.021,1
"CNOT10",0.785653884642185,-0.216940830454364,0.115,0.11,1
"SDF2",0.785733131702671,0.170467850770735,0.206,0.168,1
"ZNF784",0.785858571120217,0.254734516392086,0.033,0.026,1
"COIL",0.78592224865302,-0.268207997109558,0.131,0.135,1
"FKTN",0.785992744176925,0.319740523192889,0.016,0.01,1
"ZCWPW1",0.786326950709042,0.229174445176525,0.033,0.025,1
"ENSG00000288764",0.786531858860855,0.62135212052488,0.016,0.01,1
"NFKB2",0.786563137480906,0.167942366204644,0.703,0.634,1
"DHRS4",0.786646323104176,-0.100155171758505,0.033,0.033,1
"MIR22HG",0.786767421976331,0.375374482718642,0.058,0.043,1
"DPH2",0.786847342338082,0.220866270049071,0.071,0.059,1
"FMC1",0.786989382374171,0.360996700630722,0.044,0.031,1
"ZNF138",0.787021556083906,0.249923768914841,0.062,0.048,1
"BRD3OS",0.787081115744854,-0.490506509690202,0.02,0.02,1
"TOX2",0.787225984439142,1.3425096481441,0.013,0.012,1
"ETNK2",0.787305203086862,0.649435543470311,0.011,0.008,1
"SPATA13",0.787382613302759,0.230944996627407,0.073,0.054,1
"TIMP1",0.787387829493997,1.39590844567729,0.013,0.007,1
"LGALS8",0.787411771066595,0.100075867392519,0.126,0.099,1
"SDHAF3",0.787483521026145,-0.808516847948846,0.016,0.018,1
"EXTL3",0.787496395342414,0.276714908776879,0.02,0.012,1
"DPF3",0.787878270143289,0.275928968695126,0.024,0.016,1
"IQCE",0.787888538837222,0.278144919949519,0.013,0.012,1
"FAM24B",0.787978818616636,-0.420757541968539,0.018,0.018,1
"IGHJ6",0.788449690695869,-0.403897046242944,0.007,0.01,1
"TMEM186",0.788517519947609,0.290998669681517,0.022,0.012,1
"ZNF253",0.788713029795712,-0.350604638040364,0.033,0.035,1
"KRBOX4",0.788887489348322,0.445612086375188,0.062,0.043,1
"CR2",0.788983128704402,0.176183191404026,0.055,0.041,1
"EXTL2",0.789068972016597,-0.146628116429375,0.009,0.012,1
"AFF2",0.789233559355251,0.66056165931253,0.022,0.015,1
"GALC",0.789389613956155,0.386534596597051,0.029,0.018,1
"USP19",0.789465130583239,0.352836976652414,0.04,0.026,1
"TCEAL1",0.789564693830517,0.535057677020396,0.018,0.012,1
"SEC13",0.789629431306369,0.131717873543855,0.226,0.189,1
"H6PD",0.789713773687377,-0.193220453003661,0.027,0.028,1
"ZNF805",0.789744364720794,-0.398157924813262,0.044,0.046,1
"CD5",0.789786349781879,0.13064016650481,0.089,0.064,1
"SYNGAP1-AS1",0.790356324720872,0.234607600837617,0.018,0.012,1
"HEXIM2",0.790391516783968,0.729286513583509,0.011,0.008,1
"ENSG00000272030",0.790466095366376,0.606756030930265,0.029,0.021,1
"NEK8",0.790752232518525,0.215082850531886,0.071,0.053,1
"TMCC1",0.791074062071488,-0.171105152954491,0.102,0.104,1
"ENSG00000256152",0.791237077629439,0.209468272272172,0.248,0.198,1
"CWC27",0.791481195130571,0.40982784682048,0.113,0.079,1
"MAPKAPK5",0.791519483625977,0.150101424318395,0.14,0.102,1
"SNHG26",0.791602200157287,-0.469593796943535,0.031,0.035,1
"SCYL2",0.791632500209114,-0.157151328289798,0.169,0.152,1
"GNPNAT1",0.791769129379342,0.204605096654025,0.022,0.018,1
"TOP2A",0.791817800237874,-0.164541961456563,0.042,0.046,1
"ABHD10",0.791848428813724,0.281783607092518,0.042,0.026,1
"PCK2",0.791857438765266,0.288269529896856,0.04,0.031,1
"HNRNPK",0.7919351165086,0.116845889950768,0.827,0.761,1
"ZDHHC18",0.791943534372668,0.283190675435124,0.064,0.043,1
"TGDS",0.791976694950864,0.407713865532211,0.06,0.038,1
"NDUFB6",0.792033476397474,0.190370279764108,0.171,0.133,1
"KMT5B",0.792046591252005,-0.131209372217482,0.155,0.155,1
"ENSG00000273188",0.792157563419786,-1.35755542941472,0.007,0.01,1
"GTPBP3",0.792192403533032,0.56137020365666,0.024,0.015,1
"GPS2",0.792254252032054,0.102086071764428,0.384,0.325,1
"LINC02987",0.792409554879718,0.461808318160096,0.011,0.013,1
"PRDM8",0.792593362030769,0.202964963023579,0.067,0.051,1
"PPIE",0.792659413704759,0.474824164847568,0.089,0.063,1
"BBS4",0.792740363394523,-0.357729464448443,0.024,0.02,1
"NFXL1",0.792759232379158,0.662469786781451,0.033,0.02,1
"DDIT4",0.792804507732339,0.207666388725997,0.426,0.362,1
"TMEM231",0.792884897680168,0.20663024891341,0.027,0.018,1
"PIDD1",0.79296399277233,0.567760707404894,0.027,0.018,1
"PLAUR",0.793050728658436,0.840085741838206,0.022,0.012,1
"CDC123",0.793051536302897,0.118101151344272,0.237,0.188,1
"EMC1-AS1",0.793387888904196,0.31758228480639,0.042,0.025,1
"TMEM42",0.793426343352667,0.312222829623193,0.024,0.021,1
"ENSG00000289912",0.793511826069719,-0.311448812171882,0.022,0.023,1
"KPNB1-DT",0.79351557879698,-0.318482394439191,0.02,0.025,1
"TRIM11",0.793646236591758,0.106718456558818,0.086,0.071,1
"TXNRD2",0.794078202366731,0.394021829957929,0.022,0.015,1
"ENSG00000291113",0.794079410281436,-0.285325130014964,0.013,0.016,1
"MPST",0.79447303636386,-0.50858062324413,0.038,0.036,1
"ENSG00000268056",0.794520721802024,-0.34309945595974,0.011,0.012,1
"DNAAF10",0.794768085773175,0.61296768823502,0.016,0.01,1
"CLN5",0.795057318283516,0.212386961260525,0.069,0.049,1
"ARL2BP",0.795076765361606,0.110764678917499,0.151,0.125,1
"NUTM2A-AS1",0.795160352160938,-0.103156217920262,0.268,0.237,1
"CHTF18",0.795386005206055,-0.738938114856285,0.013,0.016,1
"ARHGAP19",0.795512869005321,0.245574507105212,0.027,0.02,1
"ENSG00000289043",0.795601780092405,0.354936923847603,0.016,0.01,1
"APPAT",0.795730952943542,-0.742882192447467,0.016,0.016,1
"ZNF322",0.79576027253958,0.183146378504025,0.053,0.038,1
"WDR70",0.795767012439329,0.129505716922805,0.133,0.112,1
"MID1IP1",0.795930828301211,0.185269772132858,0.104,0.094,1
"H3C4",0.796032523469777,0.508522990874919,0.062,0.046,1
"CPNE8",0.796415607344649,-0.567693156537058,0.009,0.012,1
"LINC01003",0.796473680782146,0.105332850319114,0.069,0.058,1
"ADK",0.796501066429338,-0.141713720971662,0.523,0.512,1
"RRAGD",0.796798709879355,-0.16285510751394,0.022,0.025,1
"SMAD5",0.796814997346347,0.388432495886181,0.06,0.044,1
"PITPNM2",0.796887896510158,-0.215272455593224,0.042,0.038,1
"RNF170",0.796913764248998,-0.438526049083617,0.027,0.028,1
"MAP1A",0.796993925896152,0.386811976743103,0.022,0.012,1
"MSTO1",0.797190850320308,0.427716162599078,0.035,0.021,1
"SMIM30",0.797317934688641,0.556353345819779,0.02,0.015,1
"KIN",0.797365575536499,-0.250691080121169,0.093,0.094,1
"MSH2",0.797572557771297,0.591573423135557,0.029,0.021,1
"CDCA7L",0.797719702380422,-0.192050409447364,0.211,0.208,1
"LINC01857",0.797872839218539,0.254217216832833,0.175,0.142,1
"GAMT",0.798000545186403,-0.492250272955913,0.022,0.023,1
"CCT7",0.798098529434411,0.201572456041475,0.284,0.222,1
"DCAF10",0.79830011399061,0.291765802251306,0.133,0.1,1
"TRIM59",0.79883709470319,-0.302721263355017,0.053,0.051,1
"IZUMO4",0.798887989340106,0.185157954035223,0.157,0.12,1
"MPV17",0.799140236782488,0.337489141665229,0.071,0.054,1
"TEFM",0.799162536259103,-0.533261502554316,0.038,0.04,1
"UBE2R2-AS1",0.799234877249048,0.981571142806466,0.011,0.005,1
"IFIT1",0.799439535402785,-1.37329029938953,0.011,0.008,1
"ELMO2",0.79994775413743,-0.241261244802203,0.058,0.066,1
"SLC38A10",0.800213948841402,-0.221178007376753,0.058,0.053,1
"BAHD1",0.80031386963513,0.211170131713947,0.071,0.051,1
"DNAJC16",0.800320486837251,-0.618720223882387,0.042,0.038,1
"TCP11L1",0.800338684818091,0.339007428384718,0.044,0.031,1
"TDRD3",0.800582142219659,0.375020249055785,0.062,0.051,1
"GCFC2",0.801040948559244,0.506934864530202,0.071,0.051,1
"ARFGAP1",0.801089018747491,0.146287504004307,0.04,0.038,1
"D2HGDH",0.801151828699761,-0.20523327516266,0.033,0.033,1
"IGF1R",0.801511118104799,0.183538128689559,0.075,0.058,1
"WIPI1",0.801735612268132,0.422190677898465,0.035,0.026,1
"LIPE",0.801771707725676,-0.408984781424503,0.013,0.016,1
"SMYD5",0.801881640781799,0.376638190790379,0.033,0.028,1
"EOGT",0.802073552272147,-0.215970831883004,0.018,0.013,1
"ARHGAP15-AS1",0.802140902877888,0.472657029208902,0.016,0.01,1
"SLC38A4-AS1",0.802267828884984,0.154307632812791,0.042,0.033,1
"RHBDD1",0.802322302634933,-0.120147086627546,0.111,0.11,1
"SLC26A2",0.802342566386906,-0.21080980682974,0.009,0.012,1
"ZNF124",0.802366018674266,-0.154382843670938,0.102,0.091,1
"BRF2",0.802410841661988,0.619880739952762,0.031,0.02,1
"ENSG00000235192",0.802480376125283,0.555472070163376,0.011,0.007,1
"TMEM33",0.802809899670528,0.288676572936345,0.118,0.082,1
"ACAD10",0.802814396972903,0.659013007247697,0.02,0.01,1
"PDE2A-AS2",0.802885688638809,0.444900976296212,0.013,0.008,1
"ERAL1",0.802893991607023,-0.267074027864465,0.06,0.056,1
"TCEAL3",0.80363452437933,0.46459200160772,0.062,0.049,1
"CITED2",0.803676354206388,0.141595018300329,0.16,0.132,1
"RING1",0.803757068087121,0.217288872920334,0.166,0.133,1
"LINC01362",0.803790753748764,-0.30076684368685,0.018,0.015,1
"ENSG00000279529",0.803831672906195,0.236035429706174,0.018,0.015,1
"ENSG00000290073",0.804051630455912,0.1341745191409,0.035,0.026,1
"LAMTOR3",0.804053147085539,-0.141265355114707,0.315,0.293,1
"URI1",0.804228038066235,0.162571504425292,0.213,0.173,1
"SLC25A30",0.804289858386071,-0.296299925413103,0.022,0.026,1
"ENSG00000227598",0.804303970602136,0.216597812002277,0.016,0.013,1
"ENSG00000290047",0.804437538672835,-0.705426251710049,0.009,0.012,1
"EIF2AK2",0.804608959409087,0.119971021447041,0.197,0.171,1
"KIF2A",0.804649247037027,0.141089553552047,0.286,0.239,1
"ACAD8",0.8047214227122,0.294569095035242,0.027,0.021,1
"COPG2",0.804832261581582,0.515499291986309,0.027,0.018,1
"ZKSCAN7-AS1",0.804904204795495,0.484448976293565,0.009,0.012,1
"ERCC1",0.804964358438025,-0.107697015603198,0.266,0.25,1
"MVB12A",0.805000992050163,0.514221159371305,0.018,0.008,1
"WDR26",0.805060890916043,0.147813542611226,0.282,0.227,1
"MIER3",0.805189228884258,0.137939846454483,0.075,0.063,1
"AGAP2",0.805349458555175,-0.376823577000597,0.022,0.02,1
"VASN",0.805502623030295,0.331994016837137,0.011,0.008,1
"C19orf44",0.805585175874976,0.758438393646705,0.018,0.008,1
"MEGF6",0.805586752991848,0.147895705643498,0.027,0.02,1
"GPALPP1",0.805596069248423,-0.124582297701278,0.049,0.044,1
"ZNF596",0.80570182507563,-0.477557418995159,0.013,0.01,1
"UQCC2",0.805729960874762,0.194812629550058,0.078,0.061,1
"ENSG00000291047",0.805933184280383,0.173655498296513,0.064,0.046,1
"SSH1",0.80610112781769,0.444531242322121,0.031,0.023,1
"CHCHD4",0.806160402762483,0.361449053662561,0.029,0.018,1
"MED1",0.806168358122433,0.101827758333095,0.184,0.155,1
"TMEM234",0.806229178923473,0.198043999900847,0.051,0.038,1
"ZBTB14",0.806312142918497,0.546435413680119,0.018,0.01,1
"HSD17B1",0.806477531672339,-0.435025197688233,0.009,0.012,1
"BOLA3",0.806545336314029,-1.04590207582773,0.007,0.01,1
"KLHL42",0.806617103234728,0.474497136401336,0.027,0.02,1
"NUDT16",0.806639964356177,-0.261739455400749,0.011,0.012,1
"UBXN2B",0.806659247848752,0.396302214613901,0.06,0.043,1
"LINC00571",0.806864593167129,0.454020821140334,0.011,0.007,1
"CD99L2",0.806961049510764,-0.204752742488068,0.013,0.012,1
"STARD4",0.806965840300122,0.211949857458907,0.069,0.051,1
"ENSG00000288064",0.806966248108216,0.596905219713025,0.011,0.007,1
"SWSAP1",0.807007548576705,0.510191932944662,0.044,0.03,1
"MKNK1",0.80720725656365,0.192216471963671,0.035,0.028,1
"EMC1",0.807350525552452,0.124584083012845,0.053,0.036,1
"BAIAP2L1",0.807412093315957,-0.171158950220903,0.124,0.115,1
"SDHC",0.807457803694093,0.20537851650143,0.106,0.081,1
"COMT",0.807618620053527,0.299040793110132,0.075,0.053,1
"MTMR4",0.807752149263239,0.165234214272576,0.098,0.087,1
"TK1",0.8084380515843,0.948060676659665,0.013,0.007,1
"TAFA2",0.808773095127606,-0.258492602688066,0.029,0.026,1
"MYO1D",0.808822680472884,0.144519258652111,0.084,0.069,1
"ENSG00000258949",0.808894428852154,0.745722497532839,0.011,0.007,1
"A1BG-AS1",0.809092681107917,0.37427731280198,0.02,0.013,1
"BTBD9",0.809118384900436,0.15989574482754,0.366,0.303,1
"IKBKE",0.809125965697103,-0.103304636312241,0.027,0.02,1
"ANGPT2",0.809195807496917,0.809877290402507,0.02,0.01,1
"RPAP3",0.809217969318203,0.18690810743066,0.146,0.122,1
"GAB1",0.809405231124333,-0.331713676963027,0.089,0.091,1
"USP9X",0.809427110654976,0.111838265504053,0.339,0.288,1
"MOSPD1",0.809468640866723,0.380609086011195,0.044,0.031,1
"FANCE",0.810076134430435,-0.49128721166457,0.007,0.01,1
"POLRMT",0.810098297755602,-0.18128848744103,0.044,0.036,1
"DISC1",0.810131283797651,-0.61966459718736,0.013,0.018,1
"RCOR1",0.81013562879811,0.124607579383353,0.299,0.267,1
"EIF2B3",0.810261732863416,0.34163693237372,0.049,0.036,1
"SLC1A3-AS1",0.810264590021814,0.383014456368537,0.011,0.012,1
"SLAMF7",0.810296775581211,0.250419635156158,0.049,0.041,1
"NSUN3",0.810331641201521,-0.183156952763752,0.055,0.054,1
"TRPS1",0.810393595699063,0.126963179029703,0.084,0.064,1
"ARL11",0.810424337516432,0.107307487918582,0.035,0.025,1
"ENSG00000291131",0.810457159953417,-0.793324484629788,0.016,0.016,1
"CCL28",0.810573970056104,-0.364398509776609,0.016,0.018,1
"ACLY",0.810693835293053,0.381746235510717,0.067,0.046,1
"FKBPL",0.81080114382333,0.276921954757968,0.033,0.028,1
"PYGO2",0.810954390756922,0.100451049916641,0.069,0.053,1
"GRPEL2",0.811097693376178,0.48422298729098,0.02,0.013,1
"VPS50",0.811123479645923,-0.261830297306317,0.093,0.089,1
"DNAH14",0.811192879127807,0.302745005242687,0.011,0.008,1
"OGFRL1",0.811289879086716,0.150921644274926,0.171,0.147,1
"KCNC4",0.811345875948396,0.271652523901193,0.02,0.012,1
"UBTD1",0.811492800967863,-0.149036364523812,0.011,0.007,1
"ENSG00000261592",0.811665531497718,0.661821500487167,0.011,0.007,1
"ENSG00000271554",0.811666848759949,-0.30775820381181,0.02,0.02,1
"SPIDR",0.811689587497797,0.180234013392496,0.188,0.16,1
"ENSG00000291099",0.81183462729988,-0.16891101566428,0.016,0.018,1
"ENSG00000259972",0.811863937592175,-0.164948875576441,0.016,0.016,1
"GABPB2",0.811908667551707,-0.490116233717312,0.02,0.021,1
"ATF2",0.812023652638612,0.12905742311594,0.244,0.209,1
"AUH",0.812352177554351,0.25889356558828,0.044,0.046,1
"ASNSD1",0.812484544545301,-0.15597132041473,0.038,0.03,1
"ENSG00000223725",0.812568890158543,0.230898680739924,0.038,0.03,1
"ATL3",0.812595492509302,0.307287773761133,0.051,0.033,1
"TPCN2",0.812705943139049,0.467462965873004,0.055,0.038,1
"USP40",0.81270946910787,-0.77772700243484,0.018,0.018,1
"IARS2",0.812730358983663,0.229515848667272,0.064,0.044,1
"KIF3B",0.812800031108128,-0.375869708289592,0.04,0.041,1
"HSD17B1-AS1",0.812901710417291,-0.10656953377713,0.024,0.02,1
"RNF187",0.813009779248032,0.109559282604398,0.067,0.054,1
"ATG10",0.813209463105899,-0.372999167963607,0.029,0.025,1
"RNF31",0.813230133906533,0.223084361923862,0.064,0.049,1
"CENPE",0.81325637716299,0.376853608559768,0.02,0.013,1
"TNFRSF12A",0.813333734097413,-0.536935360826833,0.04,0.046,1
"ANTXR2",0.813345274457818,0.167758011365947,0.146,0.119,1
"KIAA1328",0.813507035184971,0.207969551862213,0.055,0.044,1
"TENT5A",0.813679333008628,0.112874217816118,0.1,0.082,1
"GLRX2",0.813728170881844,0.34562632202843,0.035,0.023,1
"TNFRSF10A-DT.1",0.8141377011025,-0.917177623430716,0.009,0.01,1
"ENSG00000183562",0.814216930695605,-0.358293900611939,0.047,0.04,1
"GPR146",0.814266122048132,0.155419606825957,0.122,0.097,1
"ATP7A",0.81432981587816,-0.34694861372276,0.038,0.043,1
"AK6",0.814350017512914,-0.100975485379769,0.118,0.109,1
"LCLAT1",0.814437977214056,0.112604597758064,0.058,0.043,1
"LDLRAD4",0.814686634300863,0.233890862323269,0.525,0.456,1
"ARL6IP5",0.814687173432379,0.103678029571034,0.213,0.175,1
"ERVK13-1",0.814739138402692,-0.247364141340604,0.033,0.038,1
"RHOT1",0.814795773449881,0.298887739295019,0.027,0.023,1
"PLCG1-AS1",0.815029212941689,0.381836865511696,0.033,0.026,1
"HTT",0.815128847276662,0.354177436251201,0.146,0.119,1
"ELK1",0.815138787516403,0.25060435785441,0.069,0.053,1
"SIRT5",0.815244738574992,0.575826758508278,0.016,0.012,1
"UBE4B",0.815291080144121,0.114824838564284,0.106,0.091,1
"DHRSX",0.815299219148617,0.103969036267867,0.133,0.114,1
"ORAI3",0.815338616011118,0.103711209093101,0.113,0.087,1
"CIAO1",0.815529506414206,0.212972055114259,0.166,0.133,1
"DCTN1",0.815574275239005,-0.259279838095279,0.067,0.064,1
"NSMCE2",0.815704553859026,-0.121517839610112,0.16,0.15,1
"ENSG00000290033",0.816096549918688,-0.143312814618557,0.024,0.02,1
"THSD4-AS1",0.816232748694565,0.173847452975552,0.135,0.096,1
"PECAM1",0.816289738656924,0.108887065834801,0.06,0.049,1
"TEX30",0.816294514620634,-0.232339686006071,0.095,0.087,1
"NAA80",0.816564047138898,-0.124559772052379,0.022,0.016,1
"THBS3",0.81683269915907,-0.968543075151521,0.011,0.015,1
"GMPS",0.816903265685317,0.309825798430215,0.086,0.059,1
"PATZ1",0.816906822736164,-0.259490934237907,0.051,0.051,1
"ENSG00000283674",0.817339866074398,-0.20069354815576,0.018,0.018,1
"KLF7",0.817447357012302,-0.179163850523261,0.157,0.152,1
"VPS37C",0.817560768802393,-0.446579795929719,0.024,0.025,1
"C10orf88",0.817847745890647,0.320038872335119,0.011,0.01,1
"A1BG",0.817889571763915,0.183518137896302,0.149,0.117,1
"LMF1",0.818040602047521,0.353628639018443,0.042,0.031,1
"PRKAB2",0.818100459609797,-0.598755689972566,0.02,0.02,1
"MARCHF6",0.818262580787499,0.134160933978171,0.368,0.316,1
"TBX19",0.818418333100211,0.81851371446072,0.011,0.007,1
"BMAL2",0.818857969408257,0.25097195175068,0.027,0.026,1
"SHC1",0.818866816343452,-0.188400551774655,0.086,0.081,1
"ENSG00000288907",0.818970916706429,0.778171819438032,0.011,0.005,1
"MYL6B",0.818988911551663,0.114035993873649,0.024,0.021,1
"WDR76",0.819147261967832,-0.409473461072097,0.018,0.018,1
"PARD6B",0.819226256474572,-0.140066548179738,0.027,0.026,1
"TMEM220",0.819309884047927,0.359250657550698,0.02,0.013,1
"NOL6",0.819402783752346,-0.544743609574976,0.02,0.018,1
"ENSG00000289564",0.819406788972488,-0.514246138126456,0.029,0.033,1
"PBX3",0.819534206520471,-0.119866787943638,0.06,0.053,1
"STN1",0.819637244627352,-0.148253396243522,0.018,0.013,1
"PCGF3-AS1",0.819744966928031,0.578461087233712,0.016,0.012,1
"PBX2",0.820095891258571,0.191940886020514,0.115,0.086,1
"ZNF808",0.82014029227211,-0.137948548011925,0.044,0.046,1
"TTLL12",0.820156653318964,0.116821037075979,0.011,0.007,1
"TCTN2",0.820238239983491,0.854985159986043,0.016,0.008,1
"HGS",0.820377151304979,-0.114098018811953,0.16,0.15,1
"LENG9",0.820493832151646,-0.832126077094672,0.011,0.013,1
"KNL1",0.820522510878209,0.344719585489619,0.055,0.04,1
"ENSG00000291202",0.820909303025563,-0.728626022085223,0.011,0.013,1
"GSPT2",0.821091818667852,0.388419323711022,0.027,0.02,1
"CD1D",0.821167601358103,-0.682191066971884,0.011,0.013,1
"METTL2A",0.821288522400036,0.261917739477308,0.053,0.044,1
"L2HGDH",0.821316055916029,1.08992370722704,0.018,0.013,1
"FAIM",0.821360852156757,-0.56749808054566,0.02,0.018,1
"UBA5",0.821363404458905,0.370152306504404,0.053,0.04,1
"LINC00513",0.821421321982776,0.212432328096457,0.191,0.148,1
"ZFP82",0.821734040124631,-0.15677404009262,0.047,0.041,1
"MFSD9",0.8218558906773,0.428517495757798,0.02,0.013,1
"GOT2",0.821856822957421,-0.45464566723771,0.029,0.026,1
"PARD6G-AS1",0.821909877154116,1.08178127312582,0.016,0.008,1
"FBXO48",0.822015848517295,0.255940403465569,0.022,0.016,1
"ROMO1",0.822083762403173,0.134627637468736,0.426,0.356,1
"WDR27",0.822233081837603,-0.440160585087183,0.029,0.033,1
"RPTOR",0.822524195698765,-0.127509947021632,0.078,0.072,1
"PSAT1",0.822527578078753,1.02654376052357,0.011,0.007,1
"ITPR1",0.822902967950137,-0.20372547038934,0.359,0.343,1
"LHFPL5",0.82317099022486,-0.111803041339114,0.027,0.02,1
"AP5B1",0.823306271724769,0.198778925062332,0.047,0.033,1
"CREG1",0.823339688156477,-0.190677580576208,0.022,0.021,1
"UBA3",0.823436902381583,0.215696035687676,0.157,0.117,1
"CITED4",0.823468902371757,-0.803533754106494,0.013,0.013,1
"GATM",0.823525436904201,0.168495814872749,0.029,0.021,1
"ENSG00000287387",0.823616718744098,-0.253857473943655,0.029,0.023,1
"ING3",0.823788935558403,-0.245347345714645,0.18,0.176,1
"SLC27A5",0.823847451170816,-0.273820090354035,0.016,0.018,1
"GDPGP1",0.824326304560686,-0.397933850130326,0.011,0.012,1
"B3GALT4",0.824620404231712,-0.451480068164372,0.029,0.025,1
"B3GAT3",0.824653438373333,0.169465228821055,0.104,0.089,1
"DGKE",0.824720439610861,0.108387846758967,0.018,0.018,1
"ZNF772",0.82478632164675,-0.274610112971367,0.009,0.01,1
"GLT8D2",0.824793116956848,0.316324501887288,0.011,0.007,1
"ZNF341",0.824820734214447,0.696309337624043,0.022,0.015,1
"NAA30",0.825075464415616,-0.241909303320462,0.095,0.097,1
"RNF166",0.82513811225887,0.296129381170469,0.104,0.084,1
"ENSG00000267523",0.825214096961866,-0.478106848536838,0.04,0.046,1
"AFG1L",0.825321107773498,0.734276620205119,0.016,0.012,1
"INTS2",0.825455306504268,0.869310201005029,0.02,0.013,1
"TRIOBP",0.825466850720384,0.380734942906486,0.047,0.031,1
"C2orf68",0.825840467139819,0.64860583888822,0.027,0.018,1
"MCUR1",0.82587283924904,-0.10222133731525,0.089,0.086,1
"COA7",0.825880019619569,0.44554250989231,0.033,0.026,1
"ANO9",0.825900276036852,-0.369530676824164,0.011,0.007,1
"ADM",0.825907000775482,0.302465053654029,0.018,0.015,1
"C10orf95-AS1",0.825940718541151,0.195818548015652,0.022,0.015,1
"ENSG00000290039",0.826020890102965,-0.159296159984965,0.095,0.091,1
"RAI1",0.826281262241902,0.263467741557759,0.055,0.048,1
"TNFAIP8L1",0.826305414932706,-0.550508200644803,0.016,0.02,1
"ZER1",0.826491789103219,0.190372254466305,0.062,0.044,1
"ENSG00000289319",0.826705928054188,-0.714912210534767,0.024,0.026,1
"SLC44A2",0.826755336347291,-0.116058299592433,0.326,0.31,1
"GSTO1",0.826793822588208,0.242377525785421,0.149,0.115,1
"C8orf82",0.826847357935146,-0.603055633214868,0.02,0.023,1
"NTAQ1",0.827092462580743,-0.341097058417556,0.022,0.025,1
"FLCN",0.827125894914677,-0.427003732992725,0.071,0.077,1
"NBPF11",0.827217533171298,0.111256108192903,0.082,0.064,1
"CFAP36",0.827316519524397,-0.336520589827606,0.055,0.056,1
"ENSG00000289135",0.827334433421755,-0.444387750381236,0.013,0.01,1
"ODF2L",0.82744397570993,0.207658826088724,0.104,0.077,1
"UQCC3",0.827446888964504,0.293606428320461,0.053,0.036,1
"ZC3HC1",0.827841403347516,-0.239557112892362,0.047,0.038,1
"VMA21",0.827935214230374,0.311185140033593,0.157,0.119,1
"PPP1R16A",0.828223941646493,0.729102728230432,0.011,0.007,1
"PCCA",0.828542258025217,0.176002062801744,0.013,0.013,1
"SMS",0.828703311313805,0.263185418963263,0.169,0.135,1
"PDE7B-AS1",0.828730311941932,0.394472186164366,0.013,0.01,1
"PI4K2A",0.828891562835874,-0.132606489219106,0.084,0.087,1
"WDR6",0.829045007261885,0.13724124198881,0.129,0.104,1
"RPL39L",0.829184223914389,-0.555211857585156,0.007,0.01,1
"EBAG9",0.829257279878702,0.491854659398519,0.064,0.043,1
"ARHGAP4",0.829522516765242,0.106920291014286,0.324,0.287,1
"PPT1",0.829567768353125,-0.147076485575037,0.038,0.033,1
"NSUN5",0.82965334778477,0.13866136102159,0.091,0.068,1
"IDH3G",0.829718359813135,0.175934174330604,0.095,0.069,1
"IFNAR2",0.829731931494751,0.145246482615562,0.184,0.153,1
"IER5L",0.829902004756178,0.282618593586306,0.109,0.097,1
"TMEM35B",0.829905532591161,0.723575102708585,0.024,0.013,1
"IGKV3-20",0.82993638477889,-0.163927054072486,0.129,0.125,1
"STARD9",0.830170615972363,-0.21383416797725,0.013,0.018,1
"ZNF532",0.830539503997275,0.53473095256324,0.02,0.015,1
"KCTD20",0.830670829800803,0.209822242696678,0.188,0.148,1
"EID1",0.830731570133709,-0.198154509978792,0.197,0.181,1
"ZNF519",0.83081698905118,0.531050733721913,0.018,0.012,1
"ZNF461",0.831135379822192,-0.352751707791469,0.038,0.038,1
"ENTREP3",0.831255383290165,0.366556203046804,0.011,0.008,1
"ZNF436",0.831288700570596,0.657054091966871,0.016,0.012,1
"SLC18B1",0.831294563454181,-0.394487477082842,0.042,0.046,1
"AAGAB",0.831431050528622,-0.111639090049193,0.106,0.094,1
"PARP4",0.831647507270676,-0.225162543084322,0.062,0.059,1
"ENSG00000235319",0.831775941105848,-1.16503171470159,0.007,0.012,1
"MTMR9",0.83184887790178,-0.163629586738596,0.109,0.104,1
"NTNG1",0.83206931133467,-0.580480060590334,0.011,0.008,1
"OGFR",0.832076590633095,0.285374854049743,0.246,0.186,1
"ENSG00000276517",0.832100394067543,1.18179789212636,0.011,0.007,1
"PPID",0.832149604765651,0.272476747336382,0.109,0.089,1
"ENSG00000288856",0.832275768170321,0.203295346504186,0.031,0.021,1
"S100A6",0.832296430506666,0.181619697754494,0.129,0.097,1
"DEDD",0.832344422042053,-0.148308098985304,0.1,0.087,1
"MARS2",0.832370285107364,0.29539346311561,0.018,0.015,1
"EARS2",0.83254192963078,1.12962136983479,0.013,0.008,1
"ZNF7",0.833050292224584,0.241905190897587,0.038,0.035,1
"MED6",0.833302781634608,-0.246232804753958,0.155,0.15,1
"ATXN7L3B",0.833315573238871,0.152801338784915,0.12,0.096,1
"TMED5",0.833585668344873,0.112615831674259,0.277,0.241,1
"PHYH",0.834228671624787,-0.384832734832245,0.038,0.033,1
"TMEM256",0.83432129896859,-0.263728775167809,0.164,0.165,1
"GTF2IRD1",0.834507289755476,0.403830931873345,0.013,0.012,1
"SPECC1",0.834542552608498,-0.213877541015545,0.035,0.03,1
"ERCC3",0.834803784744479,0.216869975215243,0.069,0.051,1
"ANKRD46",0.834891417059777,0.313916405296841,0.044,0.03,1
"BACE2",0.835070512321988,-0.356200532284809,0.02,0.021,1
"CEP104",0.835221877342278,0.169775917863118,0.073,0.053,1
"HIVEP3",0.835226924565455,0.267187785878399,0.12,0.087,1
"SNAI3",0.835240694319724,-0.191479892706833,0.018,0.013,1
"NME9",0.835252333146415,0.946042533675207,0.013,0.005,1
"TRNAU1AP",0.835364514625253,-0.180223094133863,0.078,0.071,1
"TTLL11",0.835720817315595,-0.265628011356477,0.009,0.012,1
"C11orf80",0.835859348854719,0.155569327093124,0.095,0.084,1
"ENSG00000290357",0.835910906682775,-0.229714714463884,0.009,0.01,1
"ALG3",0.835936371678438,0.136156177516646,0.064,0.049,1
"IRF1",0.835948051905368,0.109410920305407,0.767,0.715,1
"SMC6",0.836073362785482,0.131503216815061,0.277,0.227,1
"CTDP1",0.836455269224444,-0.272439220465431,0.08,0.071,1
"LINC00938",0.836470351003299,-0.314601285665929,0.049,0.049,1
"DNASE2",0.836597150683626,-0.184324330164647,0.049,0.043,1
"MTBP",0.836670725320085,-0.240729584184324,0.022,0.016,1
"MYBPC2",0.836921987796447,-0.437862205749494,0.013,0.013,1
"ENSG00000291015",0.83708557845966,-0.243444850527556,0.075,0.071,1
"FAM131B-AS2",0.837181838746529,0.385651394326978,0.027,0.016,1
"ABCB10",0.837244514090766,0.485391305683499,0.029,0.021,1
"RBM26",0.837402912008313,0.143155913982784,0.295,0.244,1
"PHF13",0.837445912002455,0.271079033061889,0.038,0.026,1
"MORN1",0.837470039292298,0.840411034402336,0.011,0.005,1
"RFX5",0.837475476509497,-0.145446439692527,0.142,0.137,1
"ZNF561",0.837500043211263,0.476496764494114,0.029,0.02,1
"ENSG00000231731",0.83763647361352,-0.301827866299847,0.024,0.025,1
"PSMG1",0.837696423268161,-0.372221289715101,0.018,0.016,1
"OTUD3",0.837721242783712,0.474781221650412,0.035,0.026,1
"TNFSF13",0.837735109286055,-0.116881502662094,0.018,0.018,1
"PAQR3",0.838002291380602,0.12843796282698,0.14,0.112,1
"PLP2",0.83806114615129,0.106446114229547,0.415,0.357,1
"FEZ1",0.838102071759612,0.17216671991068,0.051,0.043,1
"SLC25A14",0.838220797058258,-0.383807822013598,0.035,0.033,1
"BCL2L12",0.838576806869757,0.398274801069537,0.04,0.023,1
"TOP3B",0.838599926876363,0.388006584590289,0.022,0.018,1
"ENSG00000289928",0.83883641650776,-0.187254079624375,0.018,0.016,1
"NUDT5",0.838840094442026,0.217181475744516,0.078,0.059,1
"PPP2R5C",0.83906208533879,0.157526190809928,0.322,0.267,1
"STS",0.839096344823289,-0.166503478734626,0.031,0.028,1
"ZNF749",0.839654221821037,0.266641455596775,0.055,0.04,1
"DPYD-AS1",0.839687296055796,0.406158615663765,0.02,0.012,1
"ENSG00000286177",0.839949373312547,0.846339009292766,0.016,0.008,1
"LINC02245",0.840039899095824,0.238645890804549,0.089,0.074,1
"MMAA",0.840555066851038,-0.345103084007748,0.013,0.015,1
"ENSG00000288744",0.840568128075676,-0.130732407987836,0.018,0.02,1
"NAA40",0.840610640395132,0.209342381841158,0.042,0.031,1
"ZNF700",0.840724120759391,-0.186060175785526,0.053,0.054,1
"MVB12B",0.840874876038385,0.759890538576205,0.011,0.008,1
"TNFRSF10D",0.841028150808216,-0.500818734476447,0.011,0.015,1
"DNMT1",0.841146777013838,0.37673378859216,0.124,0.086,1
"HIVEP2-DT",0.841177665255578,0.636200493926546,0.016,0.012,1
"ZNF776",0.841243458481459,0.119315706211124,0.047,0.035,1
"TARBP2",0.841328003977934,0.128808219982289,0.047,0.035,1
"TMEM250",0.841498921243982,0.2576336591348,0.029,0.021,1
"ODAD3",0.841599006702853,0.597295700233477,0.02,0.01,1
"CHAF1A",0.841695779269303,0.375473048633546,0.049,0.035,1
"EPG5",0.841731301209959,0.196009741237213,0.08,0.058,1
"DCAF7",0.841946073814715,0.158877466276461,0.228,0.178,1
"MCF2L",0.841978019214506,-0.266420418083795,0.011,0.012,1
"BRWD3",0.842018479839468,-0.195426850204845,0.106,0.11,1
"MBTPS2",0.842083777128916,-0.518926995549247,0.011,0.013,1
"RFXAP",0.84226512010429,0.634465406221911,0.013,0.008,1
"ZKSCAN2",0.842302040495797,-0.167768737202649,0.016,0.016,1
"TRMT5",0.842607998067115,-0.462639236109127,0.009,0.01,1
"DNAAF9",0.842699357085788,-0.671889832488041,0.009,0.01,1
"PLEKHG2",0.842741361093695,0.272614944807411,0.089,0.063,1
"ZNF93",0.8429364124226,-0.573262178891257,0.013,0.015,1
"TUFT1",0.843126089449702,-0.470927877302248,0.022,0.025,1
"NR4A1",0.843136391066851,0.168116771960394,0.847,0.829,1
"SAP130",0.843142169849128,0.57634352122991,0.053,0.036,1
"SGIP1",0.843201539682039,0.715383036408946,0.016,0.01,1
"ZNF688",0.843502450584753,-0.86874861962058,0.013,0.015,1
"IRAK2",0.843503575546341,0.221969900692106,0.08,0.064,1
"FER",0.843611027845537,0.27062740374715,0.149,0.119,1
"SLAIN1",0.843626432846764,0.289517214495656,0.044,0.031,1
"B3GNT2",0.843672740599451,0.13079764397931,0.217,0.18,1
"TEX264",0.843698753350969,0.103054733330504,0.071,0.061,1
"LMAN2L",0.843756267175204,0.255746680602145,0.013,0.008,1
"BAG3",0.843798520482663,0.111018024352488,0.078,0.056,1
"ATRN",0.843838054242834,0.249844714899706,0.044,0.033,1
"ZNF621",0.843902172108998,0.223238466503058,0.031,0.021,1
"IGHV5-78",0.843903245466861,0.258175095461928,0.137,0.107,1
"EFCAB5",0.843933929323359,0.386250620652365,0.035,0.035,1
"MLXIP",0.844102136538076,0.248569671617664,0.118,0.086,1
"COQ2",0.844130695164928,-0.200554938166066,0.095,0.091,1
"ENDOG",0.844689547784388,-0.338169185288873,0.029,0.026,1
"ENSG00000289334",0.844764317351115,0.477974082761308,0.018,0.012,1
"COBLL1",0.844899187917016,-0.205535361826795,0.302,0.283,1
"NIT1",0.844922008386313,-0.241985689848748,0.035,0.035,1
"ENSG00000272843",0.845217926339532,0.574663919888701,0.02,0.012,1
"STK39",0.845274217822389,0.488292065817708,0.051,0.03,1
"DDAH2",0.845337987809564,0.202613922335322,0.182,0.15,1
"MAP7D1",0.84547541820172,0.135466164830144,0.22,0.185,1
"ZNF836",0.845500835188104,-0.179626699111413,0.047,0.041,1
"MKRN2",0.845512724929423,-0.189661158088694,0.093,0.087,1
"RAD17",0.845556874556053,0.545794834853564,0.049,0.03,1
"CRYBG3",0.845561503140057,0.504635313460745,0.029,0.023,1
"MCM7",0.845649508809764,-0.100456897102755,0.29,0.287,1
"PPIH",0.845998544290806,0.146718355004465,0.111,0.079,1
"SCIMP",0.846025860559689,-0.292425349283289,0.038,0.038,1
"CBR3",0.846083598459088,-0.222309719609999,0.018,0.015,1
"CNOT7",0.846371651483184,0.151756954509553,0.202,0.17,1
"MIIP",0.846373749884965,0.160655915307976,0.062,0.049,1
"ENSG00000257553",0.846439261456575,-0.509102202841442,0.016,0.013,1
"ENSG00000237705",0.8465793753336,-0.302586958531566,0.042,0.046,1
"LEKR1",0.846669234334973,0.348066452988705,0.013,0.008,1
"NELFCD",0.84689253929651,0.211827088435987,0.153,0.114,1
"AIM2",0.847123997770868,0.136481308905132,0.011,0.008,1
"SGO2",0.847161054725845,0.414552549180015,0.016,0.008,1
"BDH1",0.847178649869853,0.193622284629661,0.018,0.013,1
"B4GALT7",0.847294581406765,0.530441041615225,0.058,0.041,1
"ARFGAP2",0.847350841364432,-0.107469361462747,0.197,0.181,1
"SDHAP4",0.847558736765481,-0.258182017812728,0.033,0.03,1
"EIF4E2",0.847621074072265,0.207937781098509,0.235,0.186,1
"TSPAN5",0.847622834036821,0.22563993877926,0.053,0.036,1
"TSGA10",0.84771302693336,0.234617202502685,0.04,0.028,1
"ZNF384",0.847769175610575,-0.163204441134294,0.131,0.119,1
"ZRANB3",0.84789757658682,0.139086469463598,0.069,0.056,1
"ZNF343",0.848052499590488,-0.511957111422303,0.011,0.013,1
"CREBL2",0.848056175430596,-0.171619526949931,0.053,0.049,1
"ADAM15",0.848178443551987,0.321355612198548,0.024,0.021,1
"PI4KA",0.848248472195034,0.149764076472996,0.144,0.114,1
"TRIM65",0.848578638282994,-0.164717594889508,0.011,0.007,1
"PIGN",0.848617831153757,-0.205343536150661,0.038,0.035,1
"KIF1C",0.848746944974548,-0.38151872177478,0.013,0.012,1
"CEACAM21",0.848904209576645,-0.319894160712527,0.018,0.02,1
"DENND1A",0.849170040870272,-0.146244920687625,0.115,0.1,1
"MYOSLID",0.849354426957442,-0.181960681158702,0.027,0.028,1
"ENSG00000225450",0.849564312762597,0.265883081746986,0.04,0.026,1
"INTS14",0.849585595211885,0.33109188053468,0.08,0.058,1
"NEK4",0.8499119129883,0.399515779331277,0.016,0.012,1
"PPIL3",0.849914839413228,-0.147809141076212,0.044,0.038,1
"TGOLN2",0.850037100767963,0.119485512928001,0.242,0.194,1
"LRCH1",0.850067108083112,0.13479956864949,0.377,0.32,1
"CCNC",0.850147156858978,-0.102857589759831,0.224,0.209,1
"METTL18",0.850559869327977,-0.240888161543266,0.022,0.025,1
"ZNF606",0.850608001844726,0.311782841440598,0.035,0.033,1
"TMEM68",0.850735189885911,0.130314596451562,0.04,0.031,1
"QRSL1",0.850754983790138,-0.225715540545956,0.109,0.109,1
"UNK",0.850759983674423,-0.333975957851957,0.1,0.109,1
"ENSG00000230074",0.850956228034527,-0.792246821031684,0.009,0.012,1
"SPIN1",0.851185500538973,-0.126089685650659,0.071,0.063,1
"ZNF19",0.851237242888701,-0.453231713492166,0.018,0.016,1
"H4C6",0.851339841603525,0.24108557538779,0.024,0.018,1
"ENSG00000286314",0.851374282930836,-0.197133121924637,0.011,0.01,1
"CRACR2A",0.851449263089681,0.109348668926574,0.027,0.02,1
"FAM241A",0.85161164623353,-0.146661827395077,0.235,0.229,1
"PLEKHB2",0.851671838541966,0.104890777782515,0.328,0.283,1
"DAB1",0.851737356938813,0.749379233561988,0.02,0.013,1
"ENSG00000272540",0.851770786202259,0.515917973647589,0.013,0.007,1
"NBR1",0.851923914241829,-0.117380179561008,0.067,0.061,1
"ENSG00000254538",0.85213314994056,-0.463651350624425,0.013,0.013,1
"DLST",0.852138244071219,0.191580172689916,0.244,0.194,1
"RGS12",0.852220035588273,0.595070455994859,0.009,0.012,1
"GALNT3",0.852472393072151,-0.592461202166542,0.082,0.086,1
"HOOK3",0.852536499025794,0.108032062431771,0.386,0.329,1
"SLC38A6",0.852615378138637,-0.2449992405698,0.016,0.015,1
"C4orf33",0.852696164421184,0.317949946087296,0.071,0.054,1
"ATAD2B",0.852704742151034,0.179222521052718,0.37,0.311,1
"MBIP",0.85274424263058,0.166949858477921,0.093,0.069,1
"ZBTB7B",0.85292710666214,0.208651860208982,0.024,0.018,1
"TRIT1",0.853019427091496,-0.297043735708721,0.044,0.035,1
"ZNF76",0.853194948890484,-0.258714144387185,0.078,0.072,1
"USP3-AS1",0.853480450265197,0.10046332637167,0.1,0.084,1
"RPP25",0.853637055107087,-0.412211713715537,0.007,0.01,1
"TMCO6",0.853639999328825,0.182277707998588,0.02,0.016,1
"NSMCE1",0.853750801643455,0.118218763921187,0.067,0.049,1
"TSNAX",0.853773613722076,0.231195195646749,0.08,0.058,1
"CD180",0.853974640460999,-0.181384300920496,0.075,0.069,1
"SPCS3-AS1",0.85403866308213,-0.641450439188588,0.009,0.012,1
"NSMAF",0.854046082507767,0.173119102621977,0.093,0.081,1
"ARID1A",0.854106170370249,0.234341583392001,0.257,0.214,1
"DEXI",0.854207661644551,-0.31327433041304,0.027,0.028,1
"PCMT1",0.854216130834354,0.118969828594291,0.217,0.18,1
"FAM234A",0.854420985135176,0.124522817812122,0.042,0.035,1
"PEMT",0.854501358518127,0.210149987445273,0.027,0.02,1
"DCLRE1C",0.854668139290843,-0.288744479611495,0.044,0.041,1
"RPS6KA1",0.854808972084368,0.263773804903038,0.049,0.036,1
"GPR160",0.854835417711052,0.213033801734711,0.044,0.035,1
"ZNF226",0.854921794312624,-0.142490299698171,0.04,0.036,1
"ENSG00000236986",0.855164155505643,0.119626746060473,0.027,0.025,1
"AAMDC",0.855267059880702,0.29676239636536,0.027,0.016,1
"SLC4A2",0.855565171610521,0.101625515779081,0.035,0.033,1
"COQ7",0.855839196685114,-0.218991640594908,0.053,0.053,1
"ASTL",0.855948396210042,-0.984323231565364,0.013,0.013,1
"ZBTB24",0.855975786515604,-0.171906598286215,0.308,0.293,1
"ITSN1",0.856434696029154,-0.280196979476185,0.009,0.012,1
"ENSG00000262265",0.856523592592076,0.579016382604472,0.016,0.008,1
"ZIK1",0.856725655388236,0.266264095098486,0.013,0.008,1
"FMNL1-AS1",0.856727531935023,0.246874770784245,0.055,0.04,1
"TFB2M",0.856759007295351,-0.181480286896361,0.095,0.087,1
"UTP23",0.856856552591548,-0.1940792721859,0.122,0.11,1
"ARL4C",0.856933582252914,0.234617494272401,0.315,0.255,1
"MYL12-AS1",0.856991399757691,0.468095336940296,0.011,0.008,1
"ENSG00000283118",0.857072741088108,-0.175844149669563,0.018,0.018,1
"PAM",0.857137333584201,0.292624484226544,0.166,0.132,1
"SPTBN4",0.857322211406284,1.36197317409935,0.011,0.005,1
"FHL3",0.85753596475524,-0.167201617148468,0.011,0.013,1
"FAM78A",0.857568149299255,0.339920047206434,0.031,0.025,1
"PHLDA2",0.857704244360346,1.13187155885802,0.011,0.007,1
"RPS6KA2",0.857924121566736,0.82364017670858,0.031,0.021,1
"ENSG00000275418",0.857928984284764,-0.56603940665603,0.022,0.026,1
"NMNAT1",0.857945295283775,-1.20223697934012,0.007,0.01,1
"RPL23AP7",0.858103685626382,-0.142310735482067,0.042,0.038,1
"SLC43A3",0.858178713468168,0.39705035879149,0.029,0.02,1
"NUDT13",0.85824546083352,0.4449680345781,0.011,0.007,1
"FASN",0.858324163012814,0.561631525673068,0.018,0.016,1
"SLC27A4",0.858413353678106,-0.735645507005874,0.011,0.015,1
"SPTY2D1",0.85842826818252,0.163084578903534,0.204,0.163,1
"ADPRH",0.858433614769017,0.808315432699985,0.018,0.01,1
"PILRA",0.858508873321852,0.497957082214731,0.018,0.012,1
"DHX29",0.858514993257347,0.274324697291644,0.131,0.097,1
"IFT52",0.858714648642717,-0.167247747046669,0.06,0.054,1
"NAPEPLD",0.858728726153803,-0.636908589512355,0.024,0.026,1
"CZIB",0.858745524527662,0.305654590722725,0.033,0.021,1
"ENSG00000253194",0.859158047806504,0.257214754888289,0.013,0.015,1
"NUP153-AS1",0.859202720887043,-0.251396217536915,0.075,0.072,1
"SMUG1",0.859321496869333,0.222377426942036,0.018,0.012,1
"ADGRL1-AS1",0.8596158343323,-0.638183690868591,0.011,0.013,1
"TG",0.859664636814375,-0.472437244171077,0.013,0.012,1
"MCTP1",0.859775564866715,-0.338845267235593,0.013,0.01,1
"FAM221A",0.859853328949189,-0.470471145103807,0.022,0.021,1
"LINC01678",0.8598787440477,0.445397085640226,0.06,0.043,1
"PTGR3",0.85989480287554,-0.233590771797026,0.013,0.013,1
"RTCA",0.859959510834573,-0.1027998348771,0.1,0.086,1
"PXDC1",0.860192556803726,-0.290008933275059,0.02,0.018,1
"TIMELESS",0.860280700863294,-0.28790667118361,0.024,0.02,1
"IGKV2-29",0.860436273907118,0.766169667224784,0.024,0.021,1
"FBXL19",0.860556186560288,0.422562452999134,0.016,0.012,1
"WDHD1",0.860641645388024,0.189843290909962,0.031,0.025,1
"LATS2",0.86065777313776,0.368918351266021,0.033,0.025,1
"LINS1",0.860738370789189,-0.17762623564083,0.071,0.063,1
"GEMIN7-AS1",0.860919804488244,0.833359024525912,0.011,0.008,1
"ABHD13",0.861042859429035,-0.204706863069883,0.133,0.13,1
"ITFG2-AS1",0.861108317304015,0.699306009050585,0.02,0.013,1
"ENSG00000288061",0.861128825836231,0.352224871695834,0.02,0.013,1
"ENSG00000288896",0.861191018862217,-0.294385171599385,0.02,0.021,1
"FXN",0.861413311677949,0.477434437480714,0.029,0.018,1
"FOXO4",0.861927644453514,-0.215103075371236,0.022,0.02,1
"H3C10",0.862020292188021,0.534530152235334,0.024,0.013,1
"APBB1IP",0.862111094063303,-0.145517916087138,0.206,0.191,1
"SEMA4F",0.862137814174622,-1.0488000260419,0.007,0.01,1
"PRR3",0.862505572017664,-0.169768277933267,0.044,0.041,1
"RNFT2",0.862524644690231,-0.262291627817489,0.011,0.015,1
"CSTF2T",0.862621460444655,0.119811657587102,0.109,0.087,1
"IL10RA",0.862715846547418,0.154875409308645,0.124,0.094,1
"GTF2IP1",0.862811757006907,0.297662528404405,0.02,0.013,1
"STARD10",0.862813081870779,0.193863532480795,0.08,0.063,1
"PHETA1",0.86289470945922,-0.123605606407614,0.009,0.01,1
"ELAC1",0.862944965549172,0.821866694276337,0.011,0.007,1
"VPS25",0.86296321077784,0.128036983368894,0.071,0.053,1
"RNPEP",0.862991050442311,0.311044328395176,0.049,0.035,1
"SAMD9L",0.863013302589495,0.251127899564024,0.098,0.079,1
"TANGO6",0.863078838972932,0.390321557445715,0.042,0.031,1
"SLC35A5",0.863095490017582,-0.115431067734954,0.06,0.049,1
"NPHP4",0.863116502231218,0.283466883151983,0.053,0.033,1
"OSER1-DT",0.863258058967522,-0.187064835964775,0.016,0.015,1
"NATD1",0.863266549072272,-0.213288427781317,0.009,0.012,1
"CTC1",0.863344785623175,-0.256548454232878,0.093,0.086,1
"ASPH",0.863557490711873,-0.319400402547288,0.013,0.016,1
"DIS3L",0.86395814042596,0.335737326224132,0.027,0.018,1
"ENSG00000290440",0.864139810132974,-0.374459367322015,0.027,0.026,1
"VPS8",0.864241605349719,-0.102940022267993,0.086,0.072,1
"DHRS12",0.864505524030821,-0.183436734044203,0.033,0.033,1
"VKORC1",0.86478901556937,0.170601719679944,0.188,0.158,1
"TTLL5",0.864905345912959,0.592688909580775,0.055,0.043,1
"LINC01465",0.864940881867247,-0.383171019380677,0.02,0.02,1
"GLYATL1",0.865264743480734,-0.404296968660252,0.018,0.015,1
"TBC1D19",0.865644721675274,-0.572053854203785,0.02,0.018,1
"ST3GAL1",0.865658374161564,-0.309967181748318,0.111,0.1,1
"HIP1",0.865703231049219,0.211078855235324,0.118,0.094,1
"ZNF839",0.865841434086659,-0.271253613375205,0.013,0.012,1
"TIMM21",0.866083669539391,-0.261213649588879,0.035,0.038,1
"TMEM67",0.866107013127442,-0.849701967275473,0.038,0.036,1
"SMC1A",0.866147260859987,-0.128197382322541,0.155,0.143,1
"ATP6V0E2",0.866373624478417,-0.100769679028886,0.016,0.013,1
"BLTP3A",0.866414579461656,0.504324822281167,0.044,0.026,1
"MITD1",0.866631018445072,0.202483744120116,0.115,0.096,1
"ENSG00000272831",0.866809221616292,-0.339455672425895,0.033,0.036,1
"ENSG00000290835",0.866895590552623,0.274138337014872,0.033,0.026,1
"VPS33B",0.866946279519988,-0.399407322796439,0.016,0.013,1
"MBD6",0.866988549307433,0.257430708041521,0.038,0.036,1
"PDE4A",0.867090159150896,0.225933899864459,0.297,0.239,1
"BTD",0.867119211879286,-0.123674817162571,0.073,0.071,1
"ZNF669",0.867222286115468,-0.124007999718996,0.14,0.133,1
"IGFLR1",0.867234277513875,0.108174799264345,0.193,0.166,1
"BLM",0.867269326299567,-0.559038629699968,0.022,0.023,1
"CCDC30",0.867324561699755,0.76590560717599,0.013,0.007,1
"FADD",0.867413172465533,-0.245773259449934,0.035,0.031,1
"POC5",0.867420525373833,0.566139364307655,0.044,0.028,1
"BAIAP3",0.867447943445281,-0.18047799439715,0.011,0.012,1
"ZNF45",0.867528617516904,-0.165503616588401,0.038,0.036,1
"ENSG00000269968",0.867570648167125,0.573011677214659,0.016,0.012,1
"PHF2",0.867676575525616,0.661227339891793,0.029,0.02,1
"GPSM2",0.867692329872403,-0.107793691077088,0.02,0.018,1
"CLIC3",0.867730543628849,-0.114592711792515,0.024,0.018,1
"UPF3A",0.868059501195165,-0.103173357511138,0.118,0.109,1
"MIR4435-2HG",0.868226259457086,0.112355507148871,0.104,0.087,1
"PDK3",0.868290240999711,-0.323892626339606,0.098,0.089,1
"CPD",0.868380895433029,-0.137273679070319,0.086,0.084,1
"SNHG31",0.868383896031149,-0.283273069570463,0.013,0.015,1
"ZSCAN22",0.868387045253938,0.244838880034903,0.013,0.01,1
"GPN2",0.868581262060557,0.187549584683933,0.089,0.076,1
"ZNF555",0.868621473550464,-0.328724438767448,0.009,0.012,1
"TRIM13",0.868830187933906,0.118349962767356,0.188,0.153,1
"IGHMBP2",0.868843746753583,-0.101189518075035,0.051,0.046,1
"COQ5",0.868941305957256,0.29298846507321,0.027,0.016,1
"ZNF420",0.869025304633121,0.387131533685206,0.058,0.041,1
"ENSG00000273141",0.86931760373812,0.454502370192025,0.011,0.01,1
"TMEM263",0.869351305675898,0.156554886066761,0.131,0.112,1
"SMCHD1",0.869388435056351,0.1169876030321,0.732,0.689,1
"CARMIL1",0.869425473828831,-0.344599136837229,0.02,0.025,1
"MTA1",0.869611443933116,0.138543769820695,0.082,0.072,1
"SBK1",0.869636424138118,0.32652689435632,0.011,0.008,1
"DYNLT2B",0.869733547751118,-0.736534159092805,0.018,0.018,1
"MUS81",0.869743106266315,0.315962753443457,0.035,0.03,1
"CMTR2",0.870052931967407,-0.226290833567952,0.089,0.084,1
"MICU3",0.870234894631569,0.312464980008325,0.073,0.063,1
"HENMT1",0.870246417787184,0.33080470738734,0.011,0.008,1
"AKAP1",0.870350370021064,-0.379660119728149,0.029,0.028,1
"DNMBP-AS1",0.87038058889407,-0.409681287722194,0.016,0.018,1
"SPDYE2",0.870520628899406,-0.614492809669451,0.009,0.01,1
"BRK1",0.870635059835098,0.11135350620532,0.319,0.262,1
"TMEM59",0.870645881891995,0.138500065174492,0.375,0.325,1
"STK35",0.870793977289356,0.163158453433418,0.049,0.04,1
"ASB1",0.870796423366528,0.277558779090722,0.06,0.044,1
"PGBD4",0.870817791443718,-0.126875204463646,0.013,0.012,1
"SLC22A23",0.870887698092471,0.262557281172982,0.011,0.007,1
"RBM15-AS1",0.871155908932604,-0.512487323503657,0.02,0.02,1
"EXOSC3",0.871343783287416,0.187343433808892,0.14,0.112,1
"ZNF738",0.871383136085089,-0.320622042457499,0.042,0.046,1
"UNC5D",0.87144447447933,0.509881590874646,0.016,0.008,1
"ARL15",0.87149660456849,-0.107490210202701,0.093,0.096,1
"METTL13",0.871506261464597,0.465795700632158,0.038,0.025,1
"CCNT2-AS1",0.871639018984045,-0.141264496538164,0.02,0.016,1
"RIGI",0.871831215692564,-0.181137549168445,0.062,0.056,1
"KCNG2",0.871844787632488,0.345386638556526,0.055,0.036,1
"LYRM9",0.871944074836711,0.475673918259383,0.022,0.013,1
"ARHGEF3",0.872055178487271,0.216657800298111,0.086,0.068,1
"PRMT6",0.872181370047574,-0.121001725320908,0.033,0.028,1
"SPOUT1",0.872202379766337,0.343666105034499,0.035,0.026,1
"IFT140",0.872228800307299,-0.313552107172342,0.007,0.01,1
"ZNF714",0.872444859871223,0.393105175680323,0.024,0.016,1
"IGLV2-14",0.872480536771624,0.132512113516165,0.067,0.061,1
"NUP42",0.872612897411561,0.147620895923062,0.113,0.087,1
"FAM131A",0.872718903976931,0.103144350571811,0.022,0.016,1
"NEIL2",0.872815922128816,0.410669266375187,0.024,0.023,1
"CXXC1",0.872850009669133,0.133276812864748,0.073,0.056,1
"ENSG00000262211",0.872912691716341,-0.144550703064064,0.013,0.013,1
"LCK",0.872959425250946,0.374919623205627,0.029,0.021,1
"TMEM254",0.87343428869387,-0.468851504013309,0.016,0.016,1
"PRKG1",0.873459522341387,-1.08833841416341,0.007,0.01,1
"PLD3",0.873858285190334,-0.176192770478407,0.047,0.038,1
"ENSG00000272009",0.87409448700576,-0.286180732508212,0.131,0.132,1
"AGPAT4",0.874188033153109,-0.132233923111099,0.129,0.119,1
"SLC16A13",0.874294571598457,0.858372831442387,0.013,0.008,1
"MTHFR",0.874553303171479,0.430174337678771,0.058,0.043,1
"LRP2BP",0.874665314994881,-0.269406559402362,0.009,0.01,1
"ARHGEF9",0.874883708096056,-0.115858546885502,0.031,0.025,1
"CCL4",0.875064928074063,-0.64640678516291,0.062,0.064,1
"ENSG00000225889",0.875570994355478,0.437628790517418,0.051,0.04,1
"TTC5",0.875633544223989,-0.351928389121843,0.031,0.03,1
"FBXO10",0.875635022873862,-0.286771113063184,0.027,0.028,1
"SMIM8",0.875757013633439,-0.465603924712504,0.016,0.018,1
"ENSG00000275457",0.876189312239946,-0.746903411386099,0.009,0.01,1
"TKFC",0.876395971614713,0.417285371935708,0.027,0.018,1
"ENSG00000247925",0.876555303888449,0.597453246175256,0.013,0.007,1
"DBNDD2",0.876707523598032,-0.275684457419706,0.013,0.015,1
"LACTB2-AS1",0.876828299219334,0.744141721410149,0.013,0.01,1
"ENSG00000265401",0.876837523318185,0.11532802336029,0.049,0.038,1
"CEP78",0.876898901033775,-0.173970749151577,0.038,0.038,1
"ENO3",0.876944201469658,-0.438785478176352,0.009,0.01,1
"ZFP69B",0.877044406580852,0.441646993382655,0.011,0.007,1
"ZNF641",0.877278126608284,0.370780784117787,0.038,0.025,1
"RNF144B",0.877365268133984,0.152722068826974,0.157,0.147,1
"CATSPERG",0.877427460258271,0.236911110625742,0.018,0.012,1
"LIAS",0.877575809152129,-0.267392440884824,0.018,0.018,1
"PIP4P2",0.8776515618996,-0.139674716587614,0.011,0.013,1
"ZNF782",0.877655336471749,0.181232668409473,0.055,0.043,1
"ZC3H14",0.877683918388701,-0.165123508810086,0.049,0.044,1
"ZCCHC24",0.877816667996583,0.680338909822555,0.011,0.007,1
"MICOS13",0.877862036129079,0.221068056811406,0.171,0.137,1
"ENSG00000228804",0.878081391507358,-0.184682726062603,0.013,0.012,1
"ENSG00000267002",0.878128791890044,-0.173807913944099,0.027,0.023,1
"PDCD2L",0.878215844012429,0.771438180192631,0.02,0.013,1
"BTBD2",0.878250796659962,0.13272406311955,0.055,0.048,1
"ZNF85",0.878310605933559,0.607628856089293,0.047,0.03,1
"PSMG4",0.878480336828283,-0.298457111165335,0.029,0.028,1
"HAUS7",0.878486295802683,-0.969735549465452,0.007,0.01,1
"IFT74",0.879153981784637,0.352409320545935,0.044,0.031,1
"ENSG00000273275",0.879275522262677,-0.194755131915462,0.018,0.016,1
"TRMT2A",0.87948672393522,-0.458683074440754,0.04,0.038,1
"IGHV1-24",0.87962152735204,-0.242773689179344,0.018,0.018,1
"AMPD2",0.879943451251827,0.23087986762966,0.029,0.021,1
"SNHG32",0.880113982290934,-0.133782794792171,0.377,0.348,1
"IMP3",0.880115608217755,0.106653830696449,0.251,0.196,1
"SIRT1",0.880172774125124,-0.148797895793803,0.295,0.282,1
"PLEKHM3",0.880201054471344,1.19215364784203,0.013,0.008,1
"ACAP3",0.880295403592938,0.135112856390784,0.033,0.028,1
"UBASH3B",0.880401419945635,0.177982643837545,0.047,0.031,1
"LINC00174",0.880514888036388,-0.134401596478599,0.024,0.025,1
"PAN2",0.880850588860125,-0.151958877616327,0.033,0.033,1
"SUSD1",0.880854345790236,-0.634453968513755,0.018,0.02,1
"PEX6",0.881113433621077,0.537191148449959,0.071,0.051,1
"ENSG00000285728",0.881126157792656,0.190009212116634,0.013,0.008,1
"CALR",0.881183482656294,0.110928439379294,0.723,0.669,1
"MBNL1-AS1",0.881324855566973,0.506083059421386,0.02,0.016,1
"CCNB1",0.881334725255148,0.318114355561521,0.053,0.038,1
"BCKDHA",0.881433301062694,-0.296430245968871,0.044,0.043,1
"DLGAP1",0.881446256813968,0.996979028514818,0.011,0.008,1
"H4C16",0.881464625828053,-0.277127638259281,0.06,0.054,1
"POLR3A",0.881682855205462,0.269308254570959,0.04,0.028,1
"SBNO2",0.881704837143669,0.214208669812125,0.113,0.096,1
"CCNY",0.881947366481493,0.104937308328422,0.395,0.329,1
"ARFIP2",0.881954438422082,-0.308289719779275,0.062,0.058,1
"PKD1L3",0.881986045417906,1.08112335542757,0.011,0.007,1
"UQCRC1",0.882354155727386,0.253727198433855,0.162,0.129,1
"RTKN2",0.882474897776705,-0.510584741566251,0.016,0.013,1
"MIS18A",0.882623260118845,0.223102034804663,0.029,0.02,1
"ENSG00000265943",0.882723580160353,0.148860897232435,0.013,0.008,1
"GTF2H3",0.882822143465995,-0.185378168239452,0.047,0.046,1
"ERCC6L2-AS1",0.882907108699451,-0.260110229227378,0.04,0.041,1
"NAPB",0.882916854130757,0.29928345142572,0.04,0.031,1
"SLC7A6",0.883015000476271,-0.108484079999106,0.118,0.11,1
"FBXO5",0.883065397899137,-0.223061501840625,0.035,0.036,1
"COL1A1",0.883420956518863,0.304320740405314,0.073,0.059,1
"GOLPH3L",0.883824713172873,-0.255240922015254,0.033,0.028,1
"ZNF525",0.883993876448445,-0.254209908775284,0.04,0.036,1
"SKIC8",0.884071347262538,-0.106823756865234,0.049,0.04,1
"NUP85",0.884222435028108,-0.319493903488369,0.044,0.041,1
"HNRNPA3",0.884245650331765,0.114191827127262,0.712,0.654,1
"TNFSF13B",0.884277184878057,0.472845851698878,0.018,0.012,1
"LINC01504",0.884360092198496,-0.532973835569316,0.011,0.015,1
"FAM104A",0.884555950222474,0.119417845696514,0.084,0.071,1
"AHCYL2",0.884622923240075,0.180209162117478,0.073,0.056,1
"ZNF527",0.884796191493238,0.145974530915087,0.031,0.025,1
"UBL4A",0.884957472362671,0.100417353300465,0.027,0.023,1
"TRIM4",0.884962265295443,0.152591938241007,0.135,0.104,1
"DHRS13",0.885119380494521,-0.373835122279633,0.011,0.012,1
"ZNF518A",0.885340008874385,-0.121932714015425,0.062,0.053,1
"PARP11-AS1",0.88534995272752,-0.232562158643197,0.011,0.012,1
"ZNF598",0.885551292832742,0.203058745553707,0.075,0.053,1
"SART3",0.885557657069842,0.212746417573385,0.164,0.129,1
"HLA-F-AS1",0.885603415193881,0.363290092316446,0.029,0.023,1
"RUSC1",0.88571290487376,-0.541491968837951,0.029,0.033,1
"ZNF624",0.885769813430092,-0.124951182282447,0.016,0.012,1
"STARD4-AS1",0.885784352317631,1.15212805753621,0.011,0.005,1
"BEND4",0.885785721370276,0.278619148803223,0.06,0.049,1
"NDUFS4",0.885942472959637,0.122991817723007,0.124,0.107,1
"ENG",0.886134599174881,-0.42345913733726,0.02,0.02,1
"ENSG00000272426",0.886171970295018,0.116206505399459,0.02,0.02,1
"CHAMP1",0.886300113862283,-0.402918903589784,0.035,0.035,1
"NUBP2",0.886303001585234,0.176702130278051,0.093,0.076,1
"LETM2",0.886445952881453,-0.467864157096025,0.044,0.044,1
"MRPL2",0.886617704164047,0.172434989612418,0.073,0.059,1
"ATG4B",0.886865592727813,0.189322833556067,0.193,0.153,1
"ERLIN1",0.886899707848078,-0.25563266747415,0.024,0.026,1
"MRPL22",0.887250131311295,0.189750188010938,0.206,0.158,1
"NBN",0.887254763441907,0.148816380985252,0.111,0.094,1
"MRE11",0.887370865990733,0.101210452101406,0.071,0.069,1
"SZT2",0.887487124012561,0.128176085386506,0.042,0.038,1
"VAV3-AS1",0.887658507980252,-0.16752637450264,0.033,0.033,1
"PIERCE2",0.887765089732039,-0.107797262895564,0.011,0.008,1
"TYW1B",0.887821034966956,0.369405976188875,0.047,0.035,1
"LINC01505",0.888119050633784,0.52557033810124,0.018,0.018,1
"PALLD",0.888326690833073,-0.275785378893642,0.016,0.012,1
"GCNT7",0.888692067500326,-0.425580950144774,0.009,0.01,1
"ATP23",0.888978766392251,-0.479835328689218,0.031,0.028,1
"PPM1M",0.889009706585195,0.111198136647922,0.027,0.023,1
"GARS1-DT",0.889050194150176,-0.208658705598852,0.044,0.04,1
"DYNLT2",0.889245419887446,-0.667803368691524,0.018,0.021,1
"FAM76A",0.889272719446583,0.14053098553633,0.102,0.081,1
"BLVRB",0.889397183874146,0.236689154238638,0.033,0.03,1
"GNLY",0.88940891385599,0.342409599055502,0.011,0.01,1
"CLCN4",0.889522662383437,0.331597166690202,0.011,0.01,1
"CMTM3",0.889861503659595,0.169459084786535,0.069,0.061,1
"FAM83G",0.889896119209902,0.213690705061506,0.049,0.038,1
"ENSG00000271204",0.890010061215824,0.282041257535845,0.024,0.018,1
"MLH3",0.890093187607346,0.139614505968637,0.029,0.025,1
"ZSCAN25",0.890122005004163,0.176106106634111,0.029,0.021,1
"ENSG00000288957",0.890222104027727,-0.380669611377377,0.013,0.016,1
"HEY2",0.89027871935295,-0.161853559406715,0.02,0.016,1
"PARN",0.890589279733754,0.238045455235443,0.082,0.066,1
"PRKCA",0.890752195900793,0.429027466419678,0.024,0.016,1
"ITGA6",0.890812523567406,-0.169777176957819,0.013,0.008,1
"GNPDA2",0.890945718549574,-0.217725333519593,0.04,0.038,1
"SDR39U1",0.890946093660243,-0.125244689979147,0.157,0.16,1
"KLF3-AS1",0.891140936483761,0.106836490742442,0.027,0.023,1
"ENSG00000268027",0.891227801140766,-0.254734358523353,0.086,0.084,1
"RACGAP1",0.891310590529462,0.234585409195772,0.024,0.021,1
"NCR3LG1",0.891331979561799,0.130150140227031,0.042,0.03,1
"UTP4",0.891351317210719,0.204202169656701,0.14,0.1,1
"RPUSD3",0.891484716308911,0.371300313244805,0.027,0.02,1
"ARRDC1-AS1",0.891524204362193,0.304853987316956,0.02,0.015,1
"ATG4C",0.891554794334234,0.213301088357276,0.047,0.035,1
"NXT2",0.891593037615282,-0.364894395268237,0.035,0.036,1
"HSF1",0.891690379151275,0.122981958846766,0.244,0.198,1
"NSUN5P1",0.891733021050531,-0.122086666804884,0.024,0.026,1
"ENSG00000249492",0.89200206872068,0.830138781778341,0.02,0.015,1
"DENND6B",0.892019254791447,-0.638540630082491,0.009,0.012,1
"ENSG00000261684",0.892142815488012,-0.331858880417524,0.04,0.038,1
"H2BC5",0.892250438184657,0.48294031723346,0.024,0.016,1
"FBXL18",0.892259223778433,0.224702243685504,0.011,0.008,1
"PFAS",0.892317893067383,-0.120674659760105,0.024,0.026,1
"KDM5C",0.892422945283372,-0.143340827867485,0.126,0.117,1
"PRKAR1B",0.892558459136733,0.416801126296312,0.035,0.023,1
"ENSG00000290737",0.892676475570297,0.20039696814965,0.027,0.018,1
"SYCE1L",0.892845557113696,0.755895333638223,0.011,0.007,1
"KIF3A",0.893413062710413,-0.103866499647727,0.051,0.043,1
"LINC02397",0.893964974762487,-0.168767487408726,0.137,0.137,1
"ENSG00000286313",0.894081321776763,-0.213493215565231,0.011,0.008,1
"CEP19",0.894111071246113,0.103181474972312,0.04,0.031,1
"DCUN1D5",0.894248534521366,0.10394091906958,0.124,0.097,1
"FBXO22",0.894407065835073,0.379883461571357,0.067,0.046,1
"H3C13",0.894428711478593,0.197645280825298,0.011,0.008,1
"ENSG00000288818",0.894435053170248,0.122999048494798,0.024,0.021,1
"CLIP2",0.894532810644916,0.162233588049709,0.044,0.033,1
"H1-3",0.8948451085052,0.155334345126073,0.12,0.102,1
"TMEM107",0.89494814582301,-0.159231751775871,0.044,0.043,1
"TRUB1",0.895253561809324,0.228541207572976,0.024,0.016,1
"BCL7B",0.895349541057434,-0.123046209298153,0.408,0.379,1
"XPO6",0.895549114027277,0.107167477990344,0.153,0.122,1
"TFAM",0.895571370917622,-0.101268000071476,0.228,0.219,1
"TEX10",0.895713165144237,-0.101972225375191,0.184,0.165,1
"C14orf39",0.895934550432132,0.187228105134673,0.02,0.015,1
"TMEM104",0.896074660874765,-0.589375806261368,0.013,0.016,1
"TRIM2",0.896150886124252,0.129493855698734,0.013,0.01,1
"ENSG00000283103",0.896235168125063,-0.382851429128123,0.042,0.046,1
"SH3BP2",0.896276973525053,-0.341709312942431,0.078,0.072,1
"ABI3",0.896480102013731,0.150585436644407,0.02,0.015,1
"CDAN1",0.896514318951622,-0.154289871422471,0.016,0.016,1
"UPP1",0.896716738008739,0.37294020206174,0.047,0.036,1
"LPAR5",0.896866944486316,-0.234290473900129,0.018,0.016,1
"FAM13A",0.896899511103168,0.505454813858512,0.02,0.015,1
"ZFPL1",0.896999003125758,-0.442137289673434,0.055,0.056,1
"CDK2AP2",0.897040153199266,0.119590553606853,0.259,0.229,1
"LARGE1",0.89704360860275,-0.171561659717045,0.073,0.074,1
"TTC21B",0.897141612186172,-0.188641992337059,0.093,0.087,1
"ENSG00000261460",0.897235077472199,0.506588477280284,0.024,0.018,1
"SVIL",0.897373990400644,0.452458421493922,0.016,0.012,1
"ENSG00000230325",0.897443639824971,0.750063888901626,0.018,0.012,1
"GOLGA8B",0.897551573521453,0.203352561038321,0.086,0.068,1
"APBB1",0.897664391171748,-0.211089434976533,0.022,0.023,1
"CENPS",0.897756623980239,-0.323204469140992,0.067,0.068,1
"ZNF768",0.897785347037646,-0.504551796464924,0.02,0.018,1
"CORO1C",0.897945034045594,0.103515029451471,0.113,0.097,1
"GK5",0.898092159069192,-0.25178847658401,0.011,0.012,1
"WDR55",0.89848311566292,0.114467220085097,0.078,0.063,1
"ZNF275",0.89849762385546,0.120210437784682,0.033,0.025,1
"WAPL",0.898693091992827,0.143115278227923,0.222,0.18,1
"GMEB2",0.898806464552174,-0.14903911208083,0.104,0.089,1
"ENSG00000269043",0.898933947245198,-0.335192327010591,0.018,0.018,1
"MTCH2",0.898964491292677,0.174261645226829,0.157,0.124,1
"GAPT",0.899195551741259,0.137312490577807,0.082,0.074,1
"IPO7",0.899235612132178,0.110924912622578,0.308,0.255,1
"MSANTD3",0.899376437994736,0.137966659029245,0.02,0.015,1
"GBA1",0.899418700107164,0.498231825452059,0.027,0.023,1
"HINT2",0.899955608876621,0.201470510769088,0.031,0.023,1
"ADAT1",0.900048867450179,0.246935416029512,0.024,0.016,1
"OXNAD1",0.900126426108848,0.1862168581382,0.098,0.071,1
"ZNF367",0.900205383741857,-0.342642754019061,0.029,0.03,1
"NAIF1",0.900455442513203,0.331852040735735,0.011,0.01,1
"RPF2",0.900631611474912,-0.255603951574842,0.124,0.114,1
"ZNF813",0.900654826095321,-0.32087187722421,0.027,0.021,1
"HSF5",0.900750611111765,0.145871820174992,0.011,0.01,1
"EML3",0.900799763443836,0.179663128443216,0.075,0.058,1
"IPP",0.900822205640363,-0.317501797902159,0.02,0.02,1
"BLOC1S5",0.900861079704839,0.258263729664282,0.051,0.036,1
"CEP295",0.901057325461232,0.218620487544124,0.08,0.064,1
"GMPPA",0.901504754417873,-0.24245870917255,0.024,0.023,1
"MSH5",0.901616118684354,-0.23643934122703,0.018,0.02,1
"TRIM21",0.901672816161078,0.378180469689762,0.031,0.026,1
"SCAF1",0.901769512736614,-0.192236372943518,0.073,0.071,1
"FAM222B",0.902768850472558,0.166892603526496,0.106,0.082,1
"ENSG00000255139",0.902834175968498,-0.174443445648994,0.067,0.063,1
"PLIN2",0.903231102257444,-0.105856327292135,0.133,0.119,1
"CCSAP",0.903260469855844,0.114236813322344,0.055,0.051,1
"LMO7",0.903287339379999,0.198951549836618,0.018,0.018,1
"PPP2R3B",0.903305716179096,-0.169864550625734,0.022,0.023,1
"RAB39B",0.903319330219678,0.116023982582389,0.024,0.02,1
"ENSG00000291232",0.903368909250059,-0.195863863399908,0.016,0.013,1
"ENSG00000277602",0.903398700184081,-1.08930356536026,0.007,0.01,1
"CCDC24",0.903479039074396,-0.510395880597168,0.016,0.012,1
"GLRX3",0.90349834125168,0.11471401264228,0.151,0.122,1
"LINC02976",0.903823381658645,0.59549656705012,0.018,0.012,1
"ENSG00000286533",0.9040654373655,-0.420123646060713,0.018,0.018,1
"ENSG00000291178",0.904123006737424,0.164890910001756,0.126,0.099,1
"SPNS1",0.904283144669344,0.305244707524439,0.095,0.071,1
"ENSG00000227486",0.904344526027813,-0.104462246857673,0.098,0.089,1
"SEPHS1",0.904460313550791,0.171024809006567,0.058,0.049,1
"ENSG00000288820",0.904501715837033,0.365935591613975,0.031,0.026,1
"RBKS",0.904527007472998,-0.114048008197771,0.1,0.096,1
"NINJ2",0.90454840505358,-0.109555943539072,0.016,0.015,1
"SPATA1",0.904854322067199,0.349338263682434,0.016,0.016,1
"SFXN1",0.905228598264,0.365340125942166,0.064,0.043,1
"ENSG00000290921",0.905437662152533,-0.142139822038804,0.055,0.048,1
"HHLA3",0.905489957179762,-0.159528247255575,0.016,0.013,1
"PKD2L2-DT",0.905549640623993,0.260955013462079,0.016,0.012,1
"MATN1-AS1",0.905563394996883,0.147214579118816,0.055,0.046,1
"HPCAL1",0.90573777610617,0.139925873140127,0.095,0.082,1
"HCFC1",0.90625107042819,-0.160938796975641,0.089,0.091,1
"ZNF687",0.906264335002357,-0.190942542806958,0.035,0.036,1
"CARD19",0.906305217972209,0.157581327412582,0.089,0.066,1
"RMDN1",0.906552793742326,-0.109720522603333,0.055,0.049,1
"KIF9",0.906761250247297,0.206629220604412,0.047,0.035,1
"SMIM13",0.906811016050569,0.117963480385346,0.067,0.058,1
"ERMARD",0.906819066665237,0.209401834009051,0.029,0.025,1
"IGSF8",0.906915650392484,-0.224101493326476,0.051,0.048,1
"BRD3",0.906945874659069,0.236338279464684,0.064,0.049,1
"COG4",0.907065048542293,-0.268510331753921,0.02,0.015,1
"CPSF2",0.907290218637607,0.383959455544738,0.051,0.036,1
"ENSG00000265656",0.907345760889197,0.836128796136044,0.011,0.007,1
"RECQL",0.90735866208536,0.117142629489643,0.157,0.12,1
"ZNF283",0.907659927400075,-0.35058934134529,0.018,0.013,1
"DDX49",0.907710423682633,0.116323684171712,0.109,0.089,1
"SNRNP35",0.907724850141821,-0.154530000638426,0.12,0.104,1
"ZNF155",0.907919609957397,0.130998389289609,0.029,0.025,1
"CHMP3-AS1",0.907925368658313,-0.308867557982307,0.022,0.018,1
"NFIC",0.908027415772768,-0.215428070794794,0.053,0.049,1
"RHOBTB1",0.90812516431091,0.164753969371588,0.053,0.043,1
"SP2-AS1",0.908224682568069,0.383807815386104,0.016,0.012,1
"ANKRA2",0.908366961925377,-0.114206122061725,0.069,0.064,1
"C5orf24",0.908480692578085,-0.120385419744504,0.169,0.147,1
"NENF",0.908557996023144,-0.129079196687619,0.102,0.094,1
"SNAPC4",0.908576722179563,0.264964509479879,0.062,0.044,1
"TOR1AIP2",0.908622208784914,-0.155434797076491,0.047,0.035,1
"TIMM10B",0.909012601843276,-0.133521425532582,0.195,0.168,1
"RNF123",0.909065724433332,0.491236056958594,0.027,0.021,1
"CSNK2A1",0.909359548353884,-0.136350770745928,0.2,0.178,1
"WDR18",0.909682363111695,0.451265281865066,0.109,0.074,1
"PPHLN1",0.909838587400429,0.170890512179344,0.295,0.237,1
"TTC24",0.90991006743243,-0.25723949588198,0.018,0.015,1
"C9orf85",0.910006188080307,-0.121846240818814,0.042,0.036,1
"CNFN",0.910092306677763,-0.165754578551581,0.062,0.054,1
"ENSG00000285492",0.910253490658406,-0.280293524892818,0.013,0.013,1
"CYREN",0.910420003034065,0.254047607159928,0.08,0.059,1
"BSCL2",0.91046887254617,-0.212873514655738,0.047,0.041,1
"EIF1B-AS1",0.910969813930069,0.319769800022794,0.02,0.016,1
"TRAK2",0.911077766873069,0.200538129316829,0.091,0.072,1
"AARS2",0.911161440147373,0.458235567423739,0.022,0.015,1
"ENSG00000274591",0.911251172915221,-0.332362910743722,0.022,0.018,1
"POT1",0.911438942722005,0.128041121135162,0.042,0.035,1
"NDUFA8",0.911494674907131,0.297897886460045,0.08,0.054,1
"ENSG00000226266",0.9116626939483,-0.690801862628132,0.013,0.015,1
"PNPLA4",0.911884077910763,0.348952542950923,0.011,0.008,1
"ENSG00000289156",0.912201950475837,-0.166188648518747,0.013,0.013,1
"CFAP68",0.912293566729113,0.462887106022428,0.031,0.02,1
"VPS33A",0.912429811929947,0.171529975044225,0.064,0.054,1
"RAMACL",0.91280056362114,-0.18189448772775,0.02,0.021,1
"PPP1R12C",0.91303637850384,-0.167722479071209,0.042,0.04,1
"PGAP2",0.913215336581134,-0.165595736843845,0.033,0.03,1
"LASP1",0.913242867427463,-0.176856366531942,0.093,0.091,1
"ENSG00000289056",0.913303920626292,0.139183128733889,0.038,0.033,1
"CRADD",0.91342645038783,-0.281686676920457,0.024,0.026,1
"POLR2A",0.913629423172324,0.111872673441939,0.295,0.247,1
"EFNB2",0.913768779379754,0.135728145905539,0.016,0.013,1
"ZXDA",0.913784968287802,0.295420120288548,0.027,0.02,1
"SIGMAR1",0.913872406895873,-0.229973518077246,0.011,0.01,1
"RAMAC",0.913883631188259,-0.110685869116678,0.239,0.216,1
"RAB30-DT",0.913895755821525,-0.136739571268433,0.033,0.028,1
"SMN1",0.913953425920058,-0.201831194768444,0.029,0.025,1
"TTC9",0.91406562855913,-0.165229657251228,0.031,0.03,1
"MFAP3",0.914115986409239,-0.490931858280901,0.031,0.026,1
"ENSG00000287351",0.914152862102893,0.708562448223553,0.013,0.01,1
"IRAK1BP1",0.914300185374868,0.313145999262915,0.024,0.015,1
"TMED3",0.914375670905821,0.133196344173501,0.055,0.041,1
"PPAT",0.914535501866194,0.269349027573416,0.044,0.033,1
"ZNF134",0.914694756372503,-0.178833034515483,0.144,0.142,1
"CASP6",0.914723700127951,-0.150523387019495,0.009,0.01,1
"KLHDC7B",0.915264498090647,0.555681963665981,0.013,0.01,1
"MCTS1",0.915347818911791,-0.17570098326998,0.091,0.082,1
"PLET1",0.915368616716721,0.334375883359385,0.013,0.012,1
"ENSG00000290854",0.915400208688187,-0.1656143453998,0.02,0.018,1
"ENSG00000285756",0.915406507161538,-0.284565518498401,0.018,0.016,1
"CCHCR1",0.915638796815811,-0.370285814873468,0.011,0.012,1
"RFC3",0.91577814359482,0.245429982509097,0.031,0.02,1
"ACAD11",0.915792193993194,-0.437865743454779,0.011,0.013,1
"ZNF528-AS1",0.915974738316701,-0.22877440913711,0.016,0.012,1
"TBC1D5",0.916040413533686,-0.117272607423915,0.233,0.231,1
"ABRAXAS2",0.916094936359784,0.103113298987692,0.109,0.089,1
"ENSG00000291121",0.916125468411026,0.242860337193705,0.024,0.016,1
"ZNF480",0.916394883723733,0.21811821070301,0.071,0.058,1
"ZNF747",0.916485670709541,-0.561870362312205,0.018,0.016,1
"PIGL",0.916924256299327,0.231377408519162,0.049,0.038,1
"DPP3-DT",0.91704042485595,0.548394189830469,0.024,0.016,1
"HIRIP3",0.917142333787775,0.182053209777399,0.02,0.015,1
"IGHV4-4",0.917271343385214,-0.797848405332151,0.013,0.016,1
"TRIB2",0.917468536101992,0.472446033048513,0.062,0.054,1
"PPP1R15B",0.917538767373489,0.138742042419599,0.401,0.354,1
"BLTP2",0.917580446973259,0.226783740713026,0.104,0.072,1
"ENSG00000278869",0.917786723807852,-1.14907818588128,0.009,0.013,1
"ENSG00000259865",0.917937714031256,-0.498316833761534,0.02,0.016,1
"SMARCAL1",0.917973141393755,0.202436970764483,0.024,0.02,1
"ARIH2OS",0.91799310356176,0.370901393528405,0.018,0.016,1
"TMEM43",0.918078391443658,-0.128403036906714,0.098,0.096,1
"ENSG00000288075",0.918262827742229,-0.316207648853675,0.009,0.01,1
"ENSG00000237851",0.918350289873466,-0.105775093624545,0.013,0.01,1
"VHL",0.918447808926708,0.201242971977216,0.204,0.152,1
"TIGD1",0.918458816324459,0.130964967577886,0.018,0.016,1
"JADE3",0.918504346745359,0.413305764881373,0.04,0.03,1
"ENSG00000250751",0.918585527659795,-0.201286736378036,0.013,0.01,1
"FAM171A1",0.918844099907644,-0.408335546652651,0.018,0.016,1
"RAP2C-AS1",0.918916504875899,-0.151176310733789,0.029,0.03,1
"ENSG00000226471",0.919182162058193,0.25765556392061,0.016,0.012,1
"ENSG00000274104",0.919206037120903,-0.237148917201308,0.011,0.01,1
"TRIM22",0.91924070518934,-0.102347622417623,0.43,0.392,1
"ABCB8",0.919305413515331,0.408405448527867,0.029,0.023,1
"PARP2",0.919410585689822,-1.05998125060278,0.009,0.012,1
"ENSG00000287100",0.919653062255873,-0.158117887002004,0.038,0.035,1
"USP27X",0.919693363687913,-0.896190161904626,0.013,0.016,1
"FAM153CP",0.91971800149625,-0.152804032870926,0.049,0.036,1
"SBNO1-AS1",0.920035409941095,0.37863350113612,0.035,0.026,1
"EFL1",0.920046375231452,-0.359111355043378,0.058,0.056,1
"SDCBP2-AS1",0.920597934870831,0.190096412954615,0.051,0.035,1
"SERHL2",0.920779132553084,0.21244974904973,0.016,0.012,1
"YIPF6",0.921074227843299,0.178806062333321,0.06,0.048,1
"FOXN3-AS1",0.921156437668264,-0.601291660497649,0.011,0.013,1
"SEC31A",0.921505373112339,0.172178045601351,0.224,0.18,1
"RNF214",0.921564409175144,-0.274787739797394,0.031,0.025,1
"CC2D1A",0.921572175514893,0.212453452257216,0.024,0.018,1
"SLC25A22",0.921722841028696,0.375493406234272,0.029,0.023,1
"GCNA",0.921865832583015,-0.330060877270353,0.033,0.028,1
"STK19",0.921885550822034,0.309558012499482,0.091,0.066,1
"HAGHL",0.922189970338839,0.278373838265943,0.04,0.031,1
"TMEM69",0.922776217142679,-0.108276699979907,0.071,0.063,1
"FNTB",0.923012033254963,0.188533960693637,0.018,0.015,1
"NTPCR",0.923054336858199,-0.14147265585034,0.024,0.021,1
"DHPS",0.923366989646394,-0.121179736714519,0.109,0.102,1
"SIPA1L1-AS1",0.923656042332002,0.29988867205546,0.011,0.008,1
"GSDMB",0.923824768449074,-0.168535060791849,0.016,0.012,1
"OGG1",0.92392537180884,-0.53329871966841,0.016,0.018,1
"KCTD9",0.923993704332135,0.268147468422326,0.06,0.048,1
"EXO5-DT",0.924050658593269,0.736798162128054,0.013,0.008,1
"ENSG00000262413",0.924084904082287,-0.40606205962723,0.009,0.01,1
"GCOM1",0.924191853814957,-0.302731219622507,0.018,0.016,1
"UPK3BL1",0.924258202096924,-0.598969225231271,0.018,0.021,1
"ENSG00000288925",0.924301393556555,0.296613838858061,0.06,0.046,1
"WDR83",0.924547443600329,0.272642560833762,0.047,0.038,1
"THBS3-AS1",0.924669660304152,0.673665833354349,0.011,0.007,1
"ZBTB33",0.924686376064342,-0.164199676420893,0.047,0.048,1
"CBFA2T2",0.924872940083691,-0.149520468728971,0.106,0.094,1
"CASP10",0.924995043730835,0.345685242450271,0.044,0.036,1
"MAPRE3",0.925266999160883,0.109576300388154,0.011,0.01,1
"ABHD17B",0.925411257833884,0.122610609397884,0.16,0.13,1
"TAGLN",0.925513685671735,-0.430542961827674,0.013,0.013,1
"LRSAM1",0.925572763052503,0.256325052083783,0.018,0.013,1
"ENSG00000240963",0.925750001092478,0.473237980084384,0.024,0.015,1
"HEMK1",0.925904335478989,-0.278725452691803,0.022,0.016,1
"THAP9",0.926376428468049,0.139565728765509,0.033,0.03,1
"ZNF295-AS1",0.926582413884953,-0.137692396717763,0.016,0.015,1
"ABCD1",0.926882071761096,-0.205357896233154,0.011,0.013,1
"IFT25",0.926890566768,0.176912348400689,0.069,0.051,1
"ENSG00000288909",0.926998588902805,0.301808571005462,0.009,0.01,1
"ENSG00000275441",0.92701827528819,0.403857055160208,0.033,0.033,1
"SNHG19",0.927439904819324,0.264892940891722,0.047,0.033,1
"DBP",0.927569436528419,-0.792958413990564,0.016,0.016,1
"CEP128",0.927683800735041,0.320267725467184,0.024,0.021,1
"MRPS30",0.92782832716242,0.185960578152194,0.162,0.127,1
"RBM19",0.927828837178977,-0.119463635269778,0.08,0.076,1
"ENSG00000255882",0.92824518933865,-0.144122332431449,0.016,0.013,1
"GIHCG",0.92845030982744,-0.165779659995247,0.058,0.053,1
"ENSG00000290767",0.92847823847203,-0.154699638149141,0.013,0.01,1
"IPO9",0.928503474854977,0.136429476154343,0.115,0.092,1
"CDKN2B-AS1",0.928597842475609,-0.330067479452763,0.018,0.018,1
"MYO1F",0.928731103808383,-0.37834416967883,0.022,0.021,1
"CHEK2",0.928851522031137,-0.262596817680599,0.016,0.013,1
"CLN6",0.929004375179275,0.415430552283505,0.042,0.031,1
"NADK",0.929115191555819,0.210059292936306,0.137,0.11,1
"COG1",0.929156358478991,-0.160951863971085,0.047,0.043,1
"BAZ1A",0.92918740115701,0.108345384511769,0.537,0.481,1
"FOCAD",0.929320869757392,1.80104668641074,0.011,0.01,1
"OGFOD2",0.929652554462048,-0.464191676630699,0.02,0.02,1
"F2RL2",0.929725914525432,-0.211259603717953,0.018,0.018,1
"WAC-AS1",0.929828824587867,0.178815987403971,0.038,0.026,1
"ANAPC15",0.929901004214323,-0.130724183100956,0.069,0.056,1
"SCARB2",0.929961822106037,0.118293999906405,0.06,0.048,1
"MOB3B",0.930081149535807,-0.245537583702305,0.055,0.056,1
"DEF8",0.930109080104533,-0.342490128378653,0.098,0.1,1
"SPESP1",0.93012386433086,0.307098374984304,0.02,0.018,1
"CNOT3",0.930321034772761,0.187443119433461,0.064,0.054,1
"DPYSL2",0.930534055414323,0.461499453853581,0.016,0.012,1
"ZNF280C",0.930554357226292,-0.208363796073962,0.033,0.035,1
"SUV39H1",0.930638759418712,0.436076373649289,0.02,0.01,1
"ADCK5",0.930843936346156,0.861218024549641,0.016,0.013,1
"NBPF19",0.930858501835241,0.387270279135391,0.047,0.036,1
"SURF6",0.930905573385864,0.211147104131955,0.078,0.061,1
"POU6F1",0.931035861468937,0.450496784824021,0.02,0.012,1
"MIGA1",0.931158487313502,-0.128831676527317,0.102,0.087,1
"CCDC62",0.931352597628463,-0.201573597863462,0.024,0.026,1
"RNF8",0.931376097088374,-0.294118940239446,0.044,0.038,1
"RNPS1",0.931393572269632,0.120866976213168,0.563,0.488,1
"USP28",0.931595514696494,0.105256924116522,0.089,0.076,1
"ALG14",0.931675181802157,-0.370252201159528,0.022,0.018,1
"DNAJC13",0.931738482859363,0.130761314667919,0.064,0.051,1
"ZC4H2",0.932176591617376,0.627477017696103,0.047,0.031,1
"OMA1",0.932321797412521,0.236065941936668,0.018,0.015,1
"CRELD1",0.932353443752935,0.333917674610464,0.027,0.02,1
"ABCC10",0.932376436620035,-0.287192346907873,0.018,0.016,1
"FAM169A",0.932405477318176,0.424537658775193,0.049,0.033,1
"CD84",0.932530356715194,0.357572261755754,0.042,0.03,1
"FNTA",0.932732562817779,0.103238066441661,0.268,0.224,1
"GLUD1P3",0.932940894440202,0.542684956981554,0.016,0.012,1
"NOP14-AS1",0.933242749198184,0.254582252916062,0.024,0.016,1
"PLEKHM2",0.93333164232104,0.127425063614267,0.344,0.292,1
"KCTD13",0.933381419121897,0.169951730832233,0.073,0.059,1
"JADE2",0.93347028241092,0.141120787958893,0.164,0.127,1
"CBX4",0.933574405794144,0.188377551067155,0.144,0.114,1
"HSP90B1",0.933623313393987,0.157276073051037,0.803,0.745,1
"AEBP1",0.933647150762758,-0.235180963667058,0.069,0.064,1
"SWT1",0.933705990137145,-0.178552521630686,0.067,0.061,1
"ENSG00000231329",0.933728667059072,0.102301027025167,0.035,0.03,1
"AP2A2",0.934152723842691,0.1677152671792,0.073,0.054,1
"TMEM19",0.934234506888858,-0.160511301353457,0.073,0.071,1
"ENSG00000285966",0.934546595769546,-0.339516074914394,0.018,0.015,1
"ENSG00000288924",0.934578207527599,0.302675175612086,0.022,0.013,1
"VPS39",0.934585737811472,0.139119205475317,0.086,0.071,1
"CCNY-AS1",0.934836245624042,-0.302980044974399,0.016,0.013,1
"CST3",0.935114971777685,0.790603680323994,0.013,0.008,1
"ZBTB16",0.935204643258565,0.756472257461353,0.016,0.015,1
"SLC26A5",0.935327681178774,0.872109391127906,0.011,0.007,1
"TRMT11",0.935811904278704,0.111354934951764,0.062,0.053,1
"THAP3",0.93586705584543,-0.3032738459573,0.031,0.026,1
"FBXO30",0.936309139258011,0.183540636113154,0.042,0.038,1
"LGALS3BP",0.936449689364462,0.227240400516115,0.031,0.025,1
"LIN7C",0.936588321036772,0.230061444964739,0.111,0.084,1
"ESR2",0.936800564406099,0.350346911850666,0.033,0.023,1
"ACO1",0.937032998838325,0.167826927776178,0.016,0.015,1
"ANXA2R-OT1",0.937425011636586,0.109929487834867,0.031,0.025,1
"C16orf54",0.93782653110871,-0.154674484687428,0.093,0.081,1
"H2BC8",0.937884628357617,-0.174152814592102,0.011,0.01,1
"NR2C2AP",0.937926826827458,0.225266320226657,0.058,0.043,1
"EML6",0.938155236177969,0.198302402881431,0.016,0.01,1
"PLD2",0.938300649457391,0.361083997295834,0.011,0.008,1
"ENSG00000281181",0.938383161825472,0.350541275384554,0.044,0.036,1
"ENSG00000289152",0.938415043626956,0.249139159498071,0.051,0.043,1
"CTNNBL1",0.938648592109868,0.117220738038644,0.149,0.127,1
"SELPLG",0.938737032899249,-0.248396917040687,0.016,0.018,1
"NIPAL3",0.938767773759856,-0.273105698754708,0.027,0.023,1
"ENSG00000251194",0.939402350578633,-0.147805879481632,0.016,0.015,1
"H4C4",0.939454431723791,0.362167251413272,0.018,0.013,1
"KIAA0825",0.93966151010045,0.12146375102838,0.013,0.012,1
"ACVR1",0.93988871953152,0.339736719540237,0.027,0.016,1
"TMEM150A",0.939930856473698,0.104654472015678,0.047,0.04,1
"SIRT3",0.940223211830294,0.309191262097169,0.033,0.026,1
"DCTN6-DT",0.940360672257021,-0.156882011931873,0.058,0.054,1
"ARL4D",0.940382191334597,0.173227246735165,0.06,0.053,1
"PHF20L1",0.940432575863236,0.112076802420275,0.242,0.208,1
"C2orf76",0.940468497848487,0.401858493885696,0.038,0.028,1
"ENSG00000280383",0.940878452912226,-0.515522567598189,0.016,0.016,1
"USP30-AS1",0.940928851728923,0.878968325942361,0.022,0.015,1
"ZNF438",0.941074295807923,-0.287321373243463,0.04,0.035,1
"RPS6KB2",0.941086889066087,0.147669093921968,0.133,0.104,1
"ENSG00000237938",0.941087953800974,0.759435589328775,0.011,0.005,1
"ENSG00000289567",0.941099243822582,0.274516179273895,0.031,0.026,1
"ASH1L-AS1",0.941362333436301,0.346719102745958,0.033,0.025,1
"TRIM44",0.941567079559437,0.117313654193939,0.273,0.231,1
"ENSG00000176593",0.941677990399691,-0.388760909382301,0.022,0.026,1
"CDK2AP1",0.941753721185579,0.149023138202833,0.093,0.069,1
"UVSSA",0.94193977364408,0.442935073769312,0.027,0.021,1
"DCAF1",0.942055478298326,0.167773335051403,0.142,0.119,1
"TIMM13",0.942116398642672,0.177884779615669,0.149,0.122,1
"DBT",0.942667026893483,-0.136392231081493,0.024,0.018,1
"NEU4",0.942803228238092,0.495677724783359,0.011,0.01,1
"ENSG00000290110",0.942849335368648,-0.158966168477557,0.009,0.01,1
"ENSG00000260651",0.943143599529799,0.32119951952558,0.029,0.016,1
"PTGR2",0.943263147791274,0.460155434355628,0.011,0.008,1
"ENSG00000287691",0.943616206206137,0.442727382316709,0.013,0.013,1
"CFLAR",0.944028248781333,0.122633628735847,0.208,0.176,1
"ENSG00000231104",0.944094741595622,-0.276423610366518,0.016,0.012,1
"GTF3C5",0.944239000786279,0.177372806635156,0.109,0.086,1
"SCAMP2",0.94438502390431,0.140124545314644,0.228,0.189,1
"LRATD2",0.944414208721666,-0.133998112848942,0.033,0.03,1
"PGAP3",0.944460103094896,-0.225349011965212,0.035,0.03,1
"HIC1",0.944560004577082,0.214073467093054,0.035,0.021,1
"TRAPPC3",0.944564337599381,0.125618860417111,0.142,0.12,1
"NPIPB13",0.944564646228374,-0.132995161576572,0.031,0.025,1
"MARK4",0.944670630569768,0.176059839874243,0.058,0.044,1
"CMTM8",0.944795726928868,-0.111987943661078,0.013,0.013,1
"SLC25A43",0.944977198913332,-0.127997892504085,0.031,0.025,1
"SEH1L",0.945169560138314,0.165739633075921,0.16,0.124,1
"RXYLT1",0.945178890334253,0.188161253974166,0.055,0.04,1
"NIPSNAP1",0.945311841635394,-0.366566666906555,0.018,0.018,1
"POFUT1",0.945407731772325,-0.810525118067046,0.011,0.015,1
"CTTNBP2NL",0.945520541998859,-0.273903439821706,0.024,0.026,1
"ZMYM1",0.945626866176641,-0.135348072921762,0.013,0.012,1
"TATDN3",0.945862235185179,0.111094113060565,0.051,0.046,1
"OTUD1",0.946006039217033,-0.19813185693442,0.355,0.348,1
"ACSF2",0.946056620666306,0.310057005480043,0.013,0.013,1
"SMPD1",0.946073410484734,0.256561875705088,0.04,0.03,1
"GPR107",0.946313327315426,0.106353306072172,0.106,0.091,1
"DHX32",0.946563456762624,0.215240302154592,0.027,0.021,1
"GAA",0.946599719493517,-0.161180627161672,0.013,0.012,1
"C1GALT1C1",0.946696917348578,0.299289876283979,0.038,0.03,1
"HINFP",0.946922670061401,0.279745087998159,0.049,0.035,1
"MAP3K14-AS1",0.947008241628999,0.12330352465153,0.029,0.025,1
"ZNF484",0.94707635379098,-0.148788360627889,0.102,0.092,1
"ACBD3-AS1",0.94712353905,-0.129193695293689,0.02,0.018,1
"PLA2G12A",0.947266583501558,0.448799992366153,0.022,0.016,1
"SPRYD7",0.947406381983228,-0.108317377065641,0.016,0.015,1
"ZDHHC7",0.947582073662076,-0.142318312266257,0.038,0.035,1
"NRSN2-AS1",0.947697944065059,-0.123332375512108,0.011,0.012,1
"EGR4",0.94772033819873,0.571328461898118,0.02,0.015,1
"GGACT",0.947746869386349,-0.559458539361559,0.011,0.012,1
"SETBP1",0.947792150165496,0.198201840279853,0.14,0.122,1
"CACNA1D",0.947892561748014,-0.199894007342618,0.018,0.013,1
"GOT1",0.94817840332813,0.140692717934664,0.155,0.138,1
"ENSG00000290048",0.9481979909385,0.764450100489177,0.013,0.008,1
"RUVBL2",0.948374083602939,-0.207718578296262,0.067,0.061,1
"TEX9",0.948426548848564,0.875735290757691,0.011,0.007,1
"GTF2I-AS1",0.94852627900463,-0.212893682088881,0.031,0.025,1
"PABPC4-AS1",0.948532542179556,-0.193873998461667,0.018,0.013,1
"CDKL3",0.948692827673913,-0.247647739023451,0.029,0.026,1
"PTGS1",0.9489728383961,-0.366157331581094,0.013,0.012,1
"ADAP2",0.949444044019111,0.331972828034936,0.018,0.015,1
"APOOL",0.949589646546922,0.214859877814858,0.029,0.021,1
"EVI5L",0.949702023020395,0.178215571227581,0.011,0.008,1
"ARHGAP1",0.949861659501381,-0.122347173046893,0.049,0.044,1
"LTO1",0.949950573673495,-0.353240903731915,0.038,0.036,1
"ZNF543",0.949972441040346,0.104884324351943,0.031,0.028,1
"XRCC1",0.950330201515388,0.314168078575536,0.044,0.028,1
"GLT8D1",0.950520086860575,-0.271925510516915,0.013,0.012,1
"ENSG00000288939",0.950661508331951,0.198632196596953,0.013,0.012,1
"IGLV3-25",0.950671112232735,0.284797495958851,0.018,0.018,1
"ENSG00000272918",0.950799346018444,0.265037183692736,0.031,0.025,1
"MEI1",0.950948121962075,-0.415751827712545,0.027,0.03,1
"CACNA1F",0.951153226919747,-0.193191007445799,0.009,0.01,1
"ENSG00000288964",0.951238113171469,0.384142690364198,0.013,0.01,1
"ZNF667",0.951450904318056,-0.448798655349284,0.022,0.025,1
"KDM8",0.951663925770195,0.22276540452705,0.018,0.018,1
"EXOSC1",0.95206466775938,0.107021062157628,0.089,0.081,1
"ABHD11",0.952148547017911,0.11664758948599,0.016,0.012,1
"CTPS2",0.952162574948705,0.345875315864448,0.013,0.01,1
"GPRIN3",0.952254602352529,0.231305481331866,0.016,0.012,1
"SLC15A3",0.952392806592051,-0.373390191094286,0.031,0.03,1
"XPNPEP1",0.952420311922097,-0.100230812997244,0.075,0.059,1
"RGL4",0.952506117039308,0.667323257649459,0.016,0.012,1
"ADAM8",0.952518725583384,0.177456694767018,0.184,0.143,1
"ACADSB",0.952560396328677,-0.345432543195679,0.033,0.03,1
"PPCDC",0.952612353010452,0.160548926855871,0.024,0.018,1
"SMG8",0.952792197202055,0.323745087566765,0.018,0.013,1
"ENSG00000259635",0.952875580116902,0.493707708907466,0.011,0.01,1
"NT5C2",0.952900145123611,0.124500189601281,0.268,0.232,1
"SLC7A5",0.952932408346009,0.394558643612841,0.206,0.152,1
"HCG17",0.953125658189505,0.135194515453104,0.16,0.13,1
"C2orf27A",0.953234006219322,-0.361895101261083,0.013,0.01,1
"DAP3",0.953241390597933,0.15382712547839,0.202,0.168,1
"POLR3GL",0.953257335892532,0.268496805448233,0.051,0.04,1
"MRPL40",0.95326990851332,-0.276359549095567,0.033,0.03,1
"APEH",0.953380475782707,0.282599096901984,0.024,0.025,1
"NUP210L",0.953434793248432,-0.388691235686689,0.011,0.01,1
"ENSG00000260570",0.953532278499841,0.408842212168116,0.016,0.015,1
"SH2B1",0.953673784410074,0.277415190302517,0.044,0.035,1
"NDE1",0.953807717666788,0.115567970651763,0.268,0.241,1
"ENSG00000235119",0.953847328125436,0.200742213640257,0.051,0.04,1
"TMEM184C",0.953945657453805,0.101128765870752,0.133,0.104,1
"TMEM102",0.954091412009678,0.104489217730862,0.055,0.049,1
"IFT22",0.954460956286235,0.100289250310678,0.022,0.016,1
"GLE1",0.955128802886217,0.250406187268648,0.042,0.031,1
"ARMCX2",0.955476797209485,0.264978503368585,0.018,0.013,1
"SNX9-AS1",0.955641324335551,0.220377227427475,0.073,0.056,1
"ACTR5",0.955823127854243,-0.739358075529861,0.009,0.01,1
"ENSG00000227006",0.95585403312243,-0.321579912451933,0.011,0.01,1
"CCND2",0.955984136129485,0.141254113002917,0.115,0.089,1
"TMEM9",0.956005125017455,-0.142122619986205,0.024,0.021,1
"PPIL1",0.956021861872877,0.116161601425742,0.033,0.025,1
"FES",0.95617950644521,-0.5264248135966,0.009,0.01,1
"ENSG00000260271",0.956239119691882,0.218790169226167,0.018,0.013,1
"TTC13",0.956531647689098,0.500190968201633,0.047,0.04,1
"ATP5MC1",0.956594845602973,0.117812922099713,0.102,0.084,1
"DDX41",0.956699726139218,0.329235783474736,0.067,0.046,1
"UBE2Q1",0.956862412583821,0.380164947127803,0.078,0.053,1
"SUMO4",0.95748850954735,-0.457505812625126,0.013,0.015,1
"TBC1D1",0.95756137317772,0.105609733875101,0.395,0.339,1
"CMAS",0.957942556103376,-0.304891785347629,0.038,0.033,1
"RAB40C",0.958210817735094,0.10446202014394,0.016,0.012,1
"MGAT2",0.958521191938491,0.221081005738867,0.106,0.084,1
"ZMYM4-AS1",0.958605914147043,-0.213533845232869,0.011,0.008,1
"SMIM12",0.958815005832406,0.132911885286663,0.169,0.142,1
"ENSG00000287086",0.958896098285989,0.219015479649216,0.02,0.016,1
"APBA3",0.959032246877968,0.169078912300577,0.078,0.061,1
"XRCC4",0.959351025260755,0.2080704614449,0.033,0.026,1
"TET2-AS1",0.959696139622865,0.388682240784476,0.02,0.015,1
"KCNQ1",0.960140810867124,0.122260377926951,0.031,0.025,1
"NEURL4",0.960347729223983,-0.454000004949989,0.016,0.015,1
"NMRAL1",0.960614740762588,0.634388957095643,0.016,0.01,1
"ZFP28",0.960696196036073,0.164521976720456,0.011,0.007,1
"ENSG00000188897",0.960913634882121,0.66867691849358,0.011,0.005,1
"SND1",0.960992056371552,0.136430891788589,0.188,0.155,1
"ENSG00000289117",0.961043407028755,0.126822307998754,0.016,0.013,1
"CYFIP1",0.961217835454812,-0.378998456991851,0.018,0.015,1
"FBXW7",0.961227952299136,-0.100326533369601,0.257,0.236,1
"CYLD-AS1",0.961377022046474,0.242143726842575,0.029,0.021,1
"CD320",0.961455987110556,0.647569845591464,0.029,0.02,1
"PTPDC1",0.961668306335883,-0.308360668033501,0.013,0.012,1
"TMEM126A",0.961692330396217,-0.163479281339013,0.115,0.105,1
"RABEPK",0.961786212715545,0.343746623753741,0.02,0.013,1
"NKILA",0.961857950321085,0.181289175515009,0.016,0.013,1
"IFFO1",0.962010474525948,0.141410210202309,0.024,0.021,1
"TASOR",0.962154914272618,-0.154808371245951,0.177,0.163,1
"ALKBH3",0.962194933627468,0.390084725200651,0.02,0.015,1
"PRDM8-AS1",0.962233981100511,-0.231995888665979,0.011,0.012,1
"BBS9",0.962362900614637,0.135963566271374,0.049,0.041,1
"NIPA1",0.962713634470027,0.33542182185618,0.055,0.038,1
"TCF7",0.962772415886051,-0.233601876193323,0.038,0.038,1
"MPI",0.962948709100174,0.233172455226275,0.018,0.015,1
"SH3D21",0.963016815097858,-0.76032598768814,0.011,0.013,1
"C7orf31",0.963083036582694,0.10590210071794,0.024,0.02,1
"PDZD11",0.963118340092438,-0.169038257212224,0.027,0.021,1
"KRCC1",0.963223389487874,0.234633189328157,0.1,0.079,1
"SHLD3",0.963486098148411,-0.177881617936683,0.022,0.021,1
"ZKSCAN2-DT",0.96387750095084,0.197906874485379,0.011,0.01,1
"SDAD1-AS1",0.963919224877662,0.103587123587507,0.013,0.01,1
"AGBL4",0.96397429464342,-0.401713140170234,0.011,0.01,1
"GLCCI1",0.964046042810009,0.156536602140392,0.153,0.125,1
"MUTYH",0.964109816771934,0.236060993050792,0.084,0.066,1
"PIGU",0.964304097578593,0.205799753374958,0.027,0.02,1
"EXOSC7",0.964515840577125,0.159546601631531,0.104,0.079,1
"ALG2",0.964657440124265,0.134806190677915,0.202,0.165,1
"VPS13D",0.964819034758944,0.181692750531426,0.115,0.092,1
"TMEM53",0.964838962171626,0.257807053181279,0.011,0.008,1
"KHDRBS3",0.964889405682039,0.121019928308536,0.115,0.094,1
"EDRF1-AS1",0.964935074416313,0.443841614809125,0.011,0.008,1
"WIZ",0.964941937325921,-0.142265161820492,0.042,0.038,1
"RBM45",0.964959064685768,-0.105161264376498,0.016,0.013,1
"ZNF542P",0.964985308407253,-0.124460565943115,0.038,0.033,1
"PDE6D",0.965009349657796,0.198184549671865,0.171,0.137,1
"FCHO1",0.965090780363095,0.145133618177695,0.093,0.079,1
"ENSG00000265496",0.965225278618699,-0.118816005507568,0.02,0.018,1
"RMDN3",0.965270410031852,0.147015656095037,0.071,0.056,1
"NCAPD2",0.965324547055874,0.930328069980882,0.022,0.016,1
"PPFIBP2",0.965760401378814,0.190255707395063,0.157,0.122,1
"ENSG00000187186",0.965762069889369,0.269897666319634,0.011,0.01,1
"PPOX",0.965768923724073,-0.28097887186913,0.027,0.025,1
"ZNF678",0.965853776717721,-0.100992783188055,0.053,0.046,1
"ENSG00000285693",0.965860612545625,0.516347589359586,0.022,0.018,1
"PKNOX1",0.965872384313559,-0.181357113475082,0.062,0.063,1
"COQ8A",0.965907567151705,-0.153764193005116,0.067,0.068,1
"ITM2C",0.966002294390241,0.153188081480175,0.084,0.077,1
"LINC00472",0.966005965154463,0.406660771777452,0.02,0.018,1
"ACSF3",0.966007797982167,0.187809158595063,0.06,0.044,1
"TMOD2",0.966056763786114,0.361539061804161,0.029,0.026,1
"IQCH-AS1",0.966208049083305,-0.177910439564289,0.011,0.012,1
"CAPNS1",0.966289500366966,0.110927899829845,0.22,0.181,1
"MAN1B1-DT",0.966411632874979,-0.544043440039606,0.022,0.02,1
"IMPDH1",0.966497678162319,0.307635790804541,0.035,0.033,1
"BRMS1",0.96662028050923,0.113096668951148,0.137,0.117,1
"PYCR3",0.966772069880203,0.428840425964857,0.022,0.021,1
"RHEX",0.966933033741827,0.253247458489169,0.013,0.012,1
"ACTN4",0.967220609961591,0.127247809882918,0.171,0.143,1
"TAPBPL",0.967223305539938,0.218113493543487,0.044,0.033,1
"ZNF358",0.96736763200421,-0.476944047469683,0.016,0.013,1
"ZFP14",0.967449084906879,0.175553545249191,0.02,0.015,1
"ZNF296",0.967467936369731,-0.164670903496567,0.175,0.161,1
"SP2-DT",0.967502197962297,-0.638206607698653,0.013,0.015,1
"LPCAT4",0.967746548230462,0.179211986400093,0.04,0.035,1
"PEDS1",0.967951985457838,-0.398895777077422,0.044,0.044,1
"ARRDC3",0.968280609834188,0.128694134612659,0.115,0.092,1
"TYMP",0.968696501289092,0.171116688773228,0.188,0.153,1
"ZNF771",0.968941990559017,0.769607008154762,0.013,0.008,1
"AVPI1",0.968975337152718,0.566377527892032,0.018,0.018,1
"ENSG00000290924",0.969122222986766,0.239795573046631,0.084,0.068,1
"CRELD2",0.969129122891195,-0.104557032194284,0.069,0.058,1
"AURKA",0.969139668933448,0.406984376900882,0.011,0.008,1
"TRIM24",0.969185725987879,0.182093106688026,0.071,0.059,1
"AFMID",0.969449772328338,-0.128960360294751,0.022,0.02,1
"GARS1",0.969473215763561,0.146459743554601,0.284,0.234,1
"FAM85B",0.969992545975202,-0.221705889224985,0.009,0.01,1
"UBXN8",0.970067922432996,0.163127936168487,0.027,0.02,1
"GOLGA5",0.970340301227068,0.201767603844532,0.055,0.044,1
"GK",0.970720453918036,-0.286875136726931,0.049,0.044,1
"SS18L1",0.970945590459871,0.458334590113575,0.024,0.02,1
"F3",0.971085407524092,0.626039240987172,0.02,0.013,1
"MIR497HG",0.971301705136173,-0.177555476647168,0.071,0.063,1
"SF3A3",0.971345430133683,0.128827407588271,0.18,0.147,1
"MYPOP",0.971356168626046,0.232666310342765,0.024,0.021,1
"LINC02649",0.971438843972805,0.27549598368697,0.018,0.012,1
"LRRC56",0.97178582375255,0.349331775861577,0.011,0.007,1
"LSMEM1",0.971926331418221,0.108178938223848,0.013,0.01,1
"INTS8",0.972378741158787,0.14851153775086,0.06,0.051,1
"VPS11-DT",0.972618025032823,-0.139295123269145,0.013,0.013,1
"SNRK-AS1",0.972705095807468,-0.439544010670248,0.02,0.02,1
"FUT10",0.972837618075118,-0.287191065650004,0.009,0.01,1
"MYNN",0.973069680709905,-0.105757470632975,0.146,0.135,1
"ENSG00000260805",0.97322345194175,-0.399138939337579,0.009,0.01,1
"ENSG00000259375",0.973318843357744,0.189141275885855,0.013,0.012,1
"PXDN",0.973618065393238,0.354607817312375,0.013,0.01,1
"PEX16",0.973655491248551,0.133829856869348,0.135,0.114,1
"MYD88",0.973705048399208,0.131913726294521,0.075,0.068,1
"TCEAL4",0.973820858479296,-0.322770539861819,0.031,0.03,1
"HSD17B10",0.97400125386037,0.162764651037242,0.102,0.084,1
"ZNF18",0.974325384201972,0.10962819499487,0.018,0.013,1
"GEM",0.97464241473035,0.704809585820668,0.102,0.081,1
"CCDC43",0.974728498407775,0.113526046561031,0.106,0.081,1
"BRF1",0.975036532131728,0.101143348781631,0.047,0.04,1
"ADAM9",0.975665366717032,0.175188572834995,0.047,0.035,1
"NUB1",0.976225870366286,0.118923053654406,0.2,0.166,1
"ENSG00000291054",0.976469557285433,-0.157398461201106,0.027,0.025,1
"ZNF860",0.976488554793882,-0.522865034882689,0.011,0.013,1
"ZNF16",0.976676040489345,0.222781796034355,0.022,0.016,1
"GTF2H4",0.976765648993866,-0.158065725531768,0.027,0.023,1
"PEX1",0.976812000296093,0.18192369889555,0.029,0.021,1
"RBBP5",0.977098920509502,0.159441235815907,0.184,0.155,1
"MTA3",0.97715034593189,0.24534747127504,0.035,0.028,1
"MPP1",0.977387750334874,0.36166501991227,0.018,0.012,1
"MRPL45P2",0.978517997904062,-0.154421941240881,0.035,0.026,1
"DNMT3A",0.978677019724398,0.190963253943957,0.08,0.064,1
"MON1A",0.978774528730167,-0.13940028975082,0.029,0.026,1
"FAHD2A",0.97879169570397,-0.375563323782331,0.013,0.012,1
"MPND",0.978792014809888,-0.143387916098507,0.016,0.013,1
"ATP13A2",0.979140934116417,0.144921714860513,0.031,0.021,1
"OMD",0.979333673608829,-0.118563656961775,0.016,0.015,1
"SLC16A7",0.979532212135152,-0.202763852219503,0.093,0.089,1
"CHEK1",0.979692795897629,0.369795385902488,0.038,0.026,1
"TMCC2",0.980023799356124,0.316035696876044,0.011,0.008,1
"ENSG00000269984",0.980397420672158,-0.563046893186917,0.018,0.016,1
"LINC02390",0.980524180574637,-0.139450215861501,0.013,0.012,1
"WDR5",0.980592811543248,0.127773844339695,0.06,0.049,1
"MPPE1",0.980621770198449,-0.14711497590182,0.122,0.109,1
"PPME1",0.98072663463243,-0.159509083770054,0.04,0.035,1
"NXT1-AS1",0.9808387555995,-0.500519911895851,0.011,0.012,1
"SLC35B4",0.981018915896536,-0.444144709300604,0.018,0.016,1
"ZNF816",0.98106164522399,-0.923815994237635,0.009,0.01,1
"ACVR2A",0.981443770320586,0.256384275857566,0.016,0.012,1
"ENSG00000275119",0.981496526146219,0.333473264244393,0.018,0.013,1
"ZFP62",0.981706185498758,0.19892219569802,0.029,0.026,1
"ZNF682",0.981820432029641,0.301175943073552,0.038,0.026,1
"EML5",0.98190773779427,0.328723004514946,0.016,0.012,1
"TPRA1",0.982033066432099,0.141362570320605,0.051,0.043,1
"ANAPC4",0.982183978418051,0.289794158807381,0.047,0.035,1
"RENBP",0.982190577575879,0.423359989696802,0.011,0.008,1
"ENSG00000273175",0.982241660494089,0.101651785671874,0.089,0.076,1
"TBC1D31",0.982299088865335,-0.56678913047037,0.009,0.012,1
"ENSG00000287608",0.982491397535675,0.369403227090777,0.016,0.015,1
"HBEGF",0.982497054446884,0.557688882861557,0.02,0.013,1
"C11orf71",0.982711382716455,-0.409288953238291,0.013,0.015,1
"SLC38A2-AS1",0.982943116344985,-0.471514496418797,0.011,0.012,1
"SNHG11",0.982997343386694,0.110990332840132,0.024,0.023,1
"ATOSB",0.98314554351301,0.191298039747831,0.02,0.018,1
"APOL3",0.983506061328842,-0.15984031043925,0.051,0.046,1
"NEU3",0.983510228185325,0.304962348438443,0.035,0.025,1
"MAML1",0.983581251031656,0.153671525960335,0.135,0.107,1
"ENSG00000232934",0.983844098788717,0.294408756192424,0.016,0.015,1
"MTRES1",0.983858947444587,-0.11247395246087,0.013,0.013,1
"SLC10A7",0.984108896864893,0.406087771381757,0.022,0.021,1
"TTC12",0.984475722044619,0.198052577060032,0.009,0.01,1
"FGD2",0.98454584724853,-0.119657984625288,0.109,0.102,1
"CA5B",0.984557551589885,-0.127616983868345,0.131,0.129,1
"LLGL2",0.984566398615036,-0.180401916641872,0.022,0.021,1
"SLC38A5",0.984593936134358,0.710435896424614,0.016,0.01,1
"MIR223HG",0.984711657417668,0.193650839553248,0.011,0.007,1
"PTCD1",0.984961702377638,0.228055695301568,0.024,0.02,1
"PEX13",0.985152414715999,0.136821842092575,0.093,0.069,1
"DDX51",0.985504383747347,0.237937043359786,0.049,0.036,1
"KIAA0930",0.985698567641757,0.225479206962081,0.013,0.01,1
"SLC5A10",0.985914540271719,-0.328880587883881,0.011,0.01,1
"CRKL",0.985927884508891,0.183263755980967,0.129,0.099,1
"NCAPG2",0.985977466953685,-0.271275543476513,0.018,0.016,1
"MICB-DT",0.985978341266727,0.438938130052541,0.011,0.008,1
"FIBP",0.986334669708825,0.158505156804191,0.106,0.089,1
"MAPKAP1",0.98646427492957,0.257992067082331,0.12,0.092,1
"ENSG00000231128",0.986935355910892,0.509529638331021,0.031,0.021,1
"TMEM91",0.987021608227689,-0.139903492833684,0.018,0.016,1
"TAF1A",0.987103925523247,-0.151287660220596,0.049,0.043,1
"ZSCAN5A",0.987312385063019,0.133947300256608,0.016,0.013,1
"TANK-AS1",0.987412788255577,-0.129473932767778,0.282,0.259,1
"UCP2",0.987562721659397,0.144243068139613,0.53,0.471,1
"ZNF566",0.987877932101357,0.48540748326549,0.02,0.015,1
"HHIP-AS1",0.988218206330813,0.200410309665028,0.016,0.013,1
"POU2F2",0.98829257809026,0.19836557764865,0.355,0.3,1
"FOSL2",0.988310275243185,0.239749080030331,0.284,0.234,1
"MCPH1",0.988442938447136,-0.109477068729788,0.195,0.176,1
"TBCB",0.988502405008774,0.104225606586169,0.191,0.158,1
"SCFD2",0.988657548657555,0.173312090828882,0.093,0.074,1
"MTURN",0.98873339688759,-0.120315539502221,0.042,0.036,1
"PKN2-AS1",0.988951268170642,0.773888425349409,0.011,0.008,1
"LSR",0.98896917569987,-0.412887914767027,0.058,0.053,1
"FAM193B",0.989311120906648,0.142078258724192,0.071,0.068,1
"HNRNPUL2",0.989791150559219,0.163777882832838,0.197,0.166,1
"RAP1GAP2",0.989813058518722,-0.156075413955102,0.031,0.028,1
"RORA",0.990082624042992,-0.378937818777864,0.02,0.02,1
"ANKRD16",0.99026867852549,0.245228441385113,0.027,0.02,1
"ENSG00000267244",0.990305120787888,-0.453312693476753,0.011,0.012,1
"IL15RA",0.990475894005647,0.46524825674543,0.027,0.018,1
"ZNF677",0.990590606991942,-0.596537157652511,0.022,0.023,1
"EOLA2-DT",0.990719938085723,0.524498907138069,0.011,0.013,1
"POLA2",0.990751893883373,0.244133466909669,0.024,0.016,1
"RPL26L1",0.990751979238199,0.461302362047041,0.033,0.026,1
"NDUFV3",0.991039667140983,0.119317209444006,0.071,0.056,1
"WNT5B",0.991269189267438,-0.339859490445111,0.013,0.013,1
"ATAD3A",0.991394509371226,0.271095972099109,0.047,0.036,1
"ABCB6",0.991897960067424,-0.391330308482164,0.009,0.01,1
"CFLAR-AS1",0.99198504303705,0.308283825666186,0.011,0.008,1
"PPP1R8",0.991988601400759,0.203860016230769,0.082,0.072,1
"CHROMR",0.992212866715682,-0.324119820044945,0.009,0.01,1
"ENSG00000224376",0.992213259589134,-0.317094575499371,0.051,0.044,1
"TMEM135",0.992340615851064,0.210165319241005,0.053,0.043,1
"CEP85",0.992564868283266,0.119791894244594,0.029,0.025,1
"SLC22A5",0.992891812154977,-0.381719350166746,0.011,0.012,1
"LCP2",0.992895363582294,-0.588207931038927,0.018,0.016,1
"ENSG00000274425",0.992962507994884,0.356173832516067,0.016,0.013,1
"INTS13",0.993161061842578,-0.129276690200202,0.04,0.038,1
"ENSG00000286786",0.993236329107942,-0.45406272981717,0.009,0.01,1
"USP46",0.993385763793515,0.456223704661682,0.022,0.02,1
"MECR",0.993447627219872,-0.57299613668946,0.011,0.01,1
"ZNF526",0.9934998320294,0.570851132405218,0.016,0.013,1
"TMPO-AS1",0.993856830992598,0.329240240453714,0.013,0.01,1
"ZSCAN21",0.993961472952644,-0.393639161894955,0.024,0.023,1
"RCCD1",0.994093740416028,-0.513630221237729,0.016,0.018,1
"ZNF44",0.994119106216435,-0.123023928721449,0.098,0.089,1
"COX15",0.994466106603383,0.152463443199202,0.029,0.025,1
"MIR29B2CHG",0.994491352069021,0.186363792195653,0.058,0.049,1
"ANKZF1",0.994643407073476,-0.430228674086468,0.035,0.033,1
"AKT1",0.994785828748648,0.358636560851508,0.064,0.044,1
"MMUT",0.994998387766294,0.184895685056252,0.04,0.033,1
"ENSG00000269570",0.995129639980744,0.28574284106288,0.011,0.008,1
"BRMS1L",0.995363157889327,0.319578647474997,0.067,0.059,1
"GPR155",0.995445289403216,-0.181288320982559,0.009,0.01,1
"BRPF3-AS1",0.995459854191401,-0.200492559651326,0.016,0.015,1
"PTMS",0.995497952957621,-0.100643966969669,0.011,0.008,1
"MAVS",0.995658865315345,0.291993728598202,0.02,0.018,1
"PIK3IP1-DT",0.995674447392191,0.221628203543306,0.013,0.008,1
"LINC02694",0.995678746565958,-0.336629926409183,0.016,0.012,1
"RINT1",0.995822660526438,-0.157502512361577,0.111,0.1,1
"ENSG00000266049",0.995887245076612,0.204170229487208,0.191,0.161,1
"TNFRSF18",0.995899185532591,0.250548648619112,0.29,0.234,1
"FUT11",0.99605541877877,-0.152164735049601,0.04,0.038,1
"NFRKB",0.996062174143411,0.150773563019089,0.053,0.046,1
"TOR4A",0.996284429830873,0.293806267625907,0.016,0.013,1
"ATAD3B",0.996445324509324,0.269692827400521,0.098,0.071,1
"CCDC106",0.996644948052978,0.4214122453763,0.038,0.03,1
"NIPSNAP3A",0.996726961021079,-0.230953616114508,0.04,0.038,1
"CHID1",0.997034656311428,0.136536608974052,0.031,0.021,1
"FOXO6",0.997192928568872,0.220613459384757,0.013,0.012,1
"MAEA",0.997287032009135,0.175623021884796,0.126,0.104,1
"FTH1",0.997594575903792,0.177097311580012,0.998,0.997,1
"LINC02211",0.997786814658509,0.306994425137866,0.02,0.015,1
"ENSG00000268205",0.998001028381058,0.638234798802525,0.029,0.021,1
"C19orf47",0.998086557604893,0.183258300199342,0.02,0.016,1
"RAB27A",0.998187324261301,0.110121935419864,0.142,0.117,1
"PIK3R2",0.998528542494544,-0.132686917907742,0.018,0.015,1
"RAD18",0.99860340190202,0.229548581238176,0.098,0.081,1
"DDN-AS1",0.998713349052307,0.167504041587244,0.029,0.021,1
"TMEM70",0.99873927982956,0.136325302634915,0.144,0.119,1
"ZNF620",0.999122964619181,0.823492556459509,0.011,0.005,1
"ZNF219",0.999139271609757,0.117661459402285,0.016,0.015,1
"POLR1A",0.999219325366408,0.243419870643665,0.06,0.044,1
"TANC2",0.999284698990639,0.150395422772632,0.062,0.054,1
"TCEANC2",0.99954015635455,0.350466390154863,0.024,0.021,1
"CORO1A",0.999564259043671,0.106210783856946,0.608,0.554,1
"SLC35A3",0.999576545798215,0.227122119386882,0.067,0.053,1
"ENSG00000272447",0.99957863431312,-0.365085575308735,0.031,0.03,1
"CDK5R1",0.999781947745415,-0.210899959219152,0.078,0.076,1
"ARHGAP10",0.99978929722487,0.384939984763233,0.013,0.01,1
"ZNF23",0.999865388296794,-0.411353151194572,0.024,0.021,1
"PDCD2",0.999889676097713,0.183220720928456,0.113,0.092,1
"USP32",0.999895920029336,0.106774160427968,0.133,0.11,1
"FAHD1",0.999995529058433,0.153754869423254,0.011,0.008,1
