"","p_val","avg_log2FC","pct.1","pct.2","p_val_adj"
"RPS4Y1",5.36181603110609e-57,0.933751067494526,0.875,0.442,9.42392785627206e-53
"ENSG00000289901",1.29461946670528e-42,1.70678318277117,0.772,0.417,2.27542317468119e-38
"RBFOX2",1.20609207758029e-21,-0.485783835935127,0.993,0.991,2.11982743555512e-17
"KLHL4",1.71883425268645e-17,7.20252732354181,0.089,0,3.02102308252171e-13
"XIST",1.08525514674239e-15,-2.30597021387579,0.02,0.13,1.90744444591442e-11
"DDX3Y",9.00714192041481e-15,0.964332095347747,0.479,0.249,1.58309526393211e-10
"MT-ND3",3.98285767631634e-14,-0.444058057465698,0.982,0.991,7.0002706518936e-10
"SNHG5",1.44393798669044e-12,-0.715302046359158,0.489,0.59,2.53786540540712e-08
"NPEPPSP1",1.71590732056164e-12,-1.21492152218237,0.174,0.334,3.01587870661913e-08
"STK17A",2.9981455177224e-12,-0.46486847974308,0.897,0.912,5.2695405619489e-08
"DEAF1",9.78256645045016e-12,-1.11306486125586,0.265,0.397,1.71938387933112e-07
"TCF7",1.47470129973276e-11,-0.481849128933445,0.819,0.861,2.59193500441031e-07
"MT-ND1",4.91375902532101e-11,-0.468482461064977,0.943,0.964,8.63642286290421e-07
"RPS4X",5.03643486829836e-11,-0.240761965916644,1,0.995,8.85203792452119e-07
"MT-CO2",2.03320700133766e-10,-0.290004925233732,0.995,0.998,3.57356462555106e-06
"UTY",6.17483397385889e-10,0.986706990892049,0.324,0.156,1.08528881924544e-05
"USP9Y",1.03179466996617e-09,0.917151284721915,0.29,0.133,1.81348231193254e-05
"RPS10",1.22267462292307e-09,0.17423945225103,1,1,2.14897291724958e-05
"IL7R",1.42139774203212e-09,-0.412713473545569,0.785,0.886,2.49824867139565e-05
"EIF1AY",1.89983574384765e-09,1.35610603470881,0.222,0.085,3.33915130338663e-05
"MT-CO1",5.95912309569749e-09,-0.237743481822041,0.998,0.998,0.000104737547529979
"TTTY14",8.15283842395065e-09,1.68414216137968,0.165,0.054,0.000143294288139357
"ZFP36",9.6162847236444e-09,0.507472958636105,0.927,0.887,0.000169015820302774
"PASK",1.94064971021279e-08,1.89721856778042,0.165,0.062,0.000341088593067
"RPL37A",5.63005315550367e-08,-0.184772132336605,0.996,0.998,0.000989538142611326
"ZFP36L2",9.35541484694298e-08,0.371009478037068,0.957,0.886,0.0016443077134987
"HLA-DPB1",1.14772678966629e-07,1.35674389609301,0.217,0.119,0.00201724460551747
"ENSG00000290786",1.2032100198504e-07,-4.23600005726716,0.002,0.048,0.00211476193088906
"GPX4",1.25122100123891e-07,-0.439663017122998,0.763,0.824,0.00219914603177751
"PNPLA2",1.27746845330597e-07,-0.569539035078217,0.502,0.624,0.00224527855353058
"COBL",1.29548846173647e-07,5.99391263681838,0.036,0,0.00227695052034802
"RPS26",2.24820886788296e-07,0.133308111992619,1,1,0.00395145190619109
"SQSTM1",2.30797931296253e-07,-0.449225154197654,0.747,0.818,0.00405650444046294
"MT-ND5",2.37927947108822e-07,-0.28840855045634,0.938,0.937,0.00418182159838466
"MT-CYB",2.74686335967923e-07,-0.231333290236493,0.991,0.997,0.00482788704097222
"DUSP1",2.84878889870018e-07,0.432591756013155,0.489,0.328,0.00500703136835544
"CD74",3.52858789803094e-07,0.529157907980001,0.872,0.825,0.00620184608957918
"MZT2B",4.55894906934492e-07,-0.45522701017368,0.577,0.675,0.00801280888428063
"HLA-DRB1",5.06664156962377e-07,1.76730867699728,0.141,0.049,0.00890512922277073
"ABLIM1",5.25637977104861e-07,0.678950824465556,0.683,0.575,0.00923861308559504
"RPL34",5.43909543652077e-07,-0.146485344439791,1,0.997,0.0095597541392289
"PPDPF",6.09847029408345e-07,0.293359918770399,0.891,0.85,0.0107186713888811
"RPL39",6.43663319752448e-07,-0.184708735273526,1,1,0.011313026507969
"TCF12",7.7815829462106e-07,-0.631604685603774,0.418,0.504,0.0136769101862598
"PFN1",9.05076268075299e-07,-0.258116108538634,0.98,0.985,0.0159076204876915
"GPCPD1",9.86621693525144e-07,0.568849076904562,0.73,0.62,0.0173408628853979
"CXCR4",1.07554138374184e-06,0.296675323638078,0.968,0.963,0.0189037153606465
"SNED1",1.11376049173794e-06,-0.804896119143756,0.219,0.26,0.0195754544027861
"UCP2",1.15897292125401e-06,0.565414883522651,0.694,0.58,0.0203701080639604
"PCNT",1.31798025547442e-06,1.33287194648552,0.196,0.09,0.0231648209702185
"TUBA1B",1.48569367452439e-06,-0.655629647387615,0.532,0.624,0.0261125520234406
"SERPINE2",1.88387970902285e-06,-1.47496562830167,0.03,0.094,0.0331110697657855
"HLA-DRA",2.06356894966639e-06,2.190740695217,0.091,0.023,0.0362692878593364
"IKZF2",2.07148640250304e-06,-0.482979952651475,0.6,0.703,0.0364084450103935
"MT-ATP8",3.03979631060298e-06,-0.252373985532026,0.993,0.998,0.053427459955158
"MYADM",3.4598311494353e-06,0.509072685021678,0.715,0.584,0.0608099922824749
"NINJ1",3.49624494755005e-06,-0.515595765187684,0.482,0.57,0.0614500011981397
"LYPD3",3.626787752284e-06,0.965045921842878,0.329,0.209,0.0637444215341436
"SMDT1",4.13941010730909e-06,-0.510349909395963,0.395,0.465,0.0727542720460645
"STPG1",4.31508109069184e-06,5.09205576664604,0.027,0,0.0758418652499998
"TAF1D",4.39181987049972e-06,-0.420815812331324,0.539,0.558,0.077190626043903
"RAP1B",6.01326929899453e-06,-0.322763698650806,0.838,0.87,0.105689221199128
"SERPINB9",6.11002089027287e-06,0.986536675883328,0.299,0.176,0.107389727167436
"PMEPA1",6.84877636225687e-06,0.602748208524302,0.484,0.383,0.120374093343027
"JAK1",7.39158459536329e-06,-0.270510125787768,0.899,0.892,0.129914490848105
"FAM89B",7.78169291684352e-06,-0.969820165702458,0.144,0.241,0.136771034706442
"FOXO1",1.04238127284732e-05,0.716350656284156,0.425,0.278,0.183208932515646
"RNASEK",1.14087176314261e-05,-0.32482896832114,0.847,0.862,0.200519621089946
"HNRNPA2B1",1.18098259991044e-05,-0.298074105686295,0.909,0.944,0.207569501760259
"RNF167",1.23406323430592e-05,-0.813340549425269,0.167,0.267,0.216898954061608
"IFITM1",1.39612843973349e-05,-0.223587288895195,0.961,0.966,0.245383534567559
"CRIP2",1.40230705058205e-05,1.23879027613307,0.201,0.117,0.246469487210302
"VIM",1.49814124068806e-05,0.304461222276058,0.979,0.946,0.263313304463333
"ANK2",1.56028646293485e-05,-0.726484251694202,0.217,0.301,0.27423594872543
"COTL1",1.68705783197844e-05,0.710178919903971,0.484,0.382,0.29651728454853
"MT-ND4L",1.73567321404236e-05,-0.234227610551771,0.972,0.985,0.305061924100086
"RHBDD2",1.74143170676498e-05,0.564591121530142,0.473,0.329,0.306074036781013
"ZFY",1.74421550000743e-05,0.948512712596876,0.169,0.077,0.306563316281306
"NOTCH2NLR",1.8153081615052e-05,-4.74690661166481,0,0.023,0.319058562466154
"CNOT2",2.29121186828135e-05,-0.462864530914123,0.463,0.552,0.402703397969131
"GCSAM",2.54533270791071e-05,-0.932754141975699,0.112,0.202,0.447367676742386
"BRSK1",2.59031365197796e-05,4.76298425030125,0.023,0,0.455273527471646
"MT-ND6",2.61235450332945e-05,-0.353932229975775,0.779,0.788,0.459147427505184
"GZMM",2.67908078879418e-05,0.621275443935979,0.541,0.43,0.470875239438465
"SLFN5",3.20408128419214e-05,0.501316780529407,0.673,0.563,0.56314932650961
"ATPAF1",3.2309871403382e-05,1.63165249581535,0.057,0.012,0.567878299785842
"ENSG00000257732",3.41727873142431e-05,-0.977880377709857,0.098,0.164,0.600620909835138
"CREM",3.64724165904773e-05,0.317289893254263,0.829,0.726,0.641039193994229
"MPP7",3.87192653072655e-05,0.654122291240322,0.347,0.219,0.680529807040499
"FBLN5",3.95797296084439e-05,-2.67263277840568,0.002,0.026,0.69565332759801
"EIF2S2",4.36525487613289e-05,-0.408452330706568,0.559,0.632,0.767237197029116
"RBM3",4.45879298727158e-05,0.415133219094502,0.813,0.714,0.783677455442854
"CORO1A",4.48016212173048e-05,-0.300131703535408,0.84,0.835,0.78743329451535
"CCPG1",4.52554193179223e-05,0.756305663834307,0.331,0.207,0.795409249931803
"APBA3",4.6478796166383e-05,-0.818318052330064,0.165,0.243,0.816911321420349
"PEBP1",4.64964486362186e-05,0.533929950600408,0.448,0.351,0.817221581230178
"POLR2J3",4.95387283916594e-05,-0.880180683510364,0.135,0.224,0.870692690211806
"CRTAM",4.9870669852301e-05,-0.977856356938616,0.149,0.233,0.876526893324043
"THEMIS",5.02820704159784e-05,-0.969927447573221,0.123,0.206,0.883757669631236
"GARS1",5.27533369706212e-05,-0.503466200425303,0.336,0.38,0.927192650595639
"PCED1B-AS1",5.37461252351545e-05,0.658033204071563,0.456,0.34,0.944641897133075
"MT2A",5.47892321069652e-05,0.854981836326292,0.367,0.24,0.96297554351202
"FAM3C",5.60257323619624e-05,-0.723239482104343,0.103,0.176,0.984708271993851
"TRDJ1",5.82790425760984e-05,5.62504348641252,0.018,0,1
"KDM5D",5.83260143106129e-05,1.43903358399911,0.1,0.034,1
"TRAF1",6.18194909574868e-05,-0.696114327373612,0.219,0.297,1
"LTB",6.22945015151832e-05,-0.459203373467477,0.694,0.774,1
"CASP2",6.28789082862595e-05,-1.0622725223373,0.078,0.128,1
"TNFRSF1B",6.32666789106614e-05,0.551210821893574,0.528,0.385,1
"NR3C1",6.45451946330025e-05,0.397731550919594,0.797,0.691,1
"ENSG00000284977",6.5854539144357e-05,-0.800301252679895,0.149,0.219,1
"SLC7A5",6.75581412222029e-05,0.700421400362411,0.429,0.311,1
"GZMB",6.77770332351677e-05,2.03545087595471,0.03,0.003,1
"P2RY8",6.78631412135573e-05,0.442874259157733,0.676,0.533,1
"PGAP1",6.81386503779717e-05,0.863822454248919,0.276,0.161,1
"MCL1",6.94071549228872e-05,0.45750724078558,0.794,0.68,1
"IRF7",7.15585075765628e-05,-0.574021818388402,0.434,0.515,1
"RHOH",7.25104123214672e-05,0.278296788042743,0.802,0.703,1
"HBS1L",7.40638087296026e-05,-0.58093057346125,0.278,0.365,1
"RGS1",7.49346582897819e-05,0.428313492532442,0.39,0.264,1
"MT-CO3",7.91343077838561e-05,-0.143945714971301,0.993,0.998,1
"SURF1",8.33371768149096e-05,0.716180470535406,0.196,0.107,1
"CD8B",8.83612539661828e-05,0.940820139574018,0.21,0.107,1
"SRSF5",8.93509744701861e-05,-0.264309394396011,0.868,0.866,1
"DCP2",8.9684243035133e-05,-0.49909767233824,0.333,0.366,1
"NFKBIA",9.13758053918632e-05,-0.388204593762194,0.683,0.779,1
"SMCHD1",9.19138466000576e-05,0.374442796008719,0.769,0.671,1
"RPS28",9.62385884790602e-05,-0.121745352024091,1,0.998,1
"HLA-DPA1",9.68571342314561e-05,1.42833220405154,0.128,0.056,1
"DDIT4",9.86253170194203e-05,0.699523239135256,0.539,0.427,1
"FAM177A1",9.9006954746094e-05,0.182507137219238,0.925,0.835,1
"TIMP2",0.000115052521365511,-1.04096313659518,0.112,0.187,1
"ATP5IF1",0.000119140564549445,-0.440802098508047,0.623,0.648,1
"UBA1",0.000119365811812684,-0.653724648025326,0.222,0.3,1
"S100A10",0.000122124680293126,-0.351871573930031,0.827,0.844,1
"IL2RG",0.000130267400069439,-0.266896855827156,0.804,0.847,1
"RPLP1",0.000132751107757217,0.149070296501026,1,1,1
"EPB41",0.000146787924317724,-0.370378054956591,0.584,0.601,1
"FMN1",0.00014682933725643,-2.19595905305966,0.011,0.051,1
"CDH1",0.000148412782816036,4.81969956052349,0.018,0,1
"SFMBT2",0.000152409833715986,0.820190608418796,0.244,0.142,1
"IVNS1ABP",0.000152807709746504,0.363174340369824,0.507,0.485,1
"SOCS1",0.000156762414858078,0.529831058336868,0.409,0.28,1
"ENSG00000285080",0.000158208974783822,1.0140836855652,0.073,0.029,1
"SEMA4D",0.000161862618605109,0.488685930025513,0.564,0.47,1
"TANK",0.000165162036967955,-0.36651623052482,0.367,0.468,1
"ANP32B",0.000173900390262452,-0.283810460395563,0.662,0.675,1
"LINC01115.1",0.000179595080496753,-5.08989908430662,0,0.019,1
"SARAF",0.000193456329702757,0.11776584504599,0.993,0.998,1
"SPOCK2",0.000216173046122649,0.256583695990674,0.902,0.845,1
"SLA",0.000217391787444314,0.683755921633379,0.299,0.221,1
"NDUFAF3",0.000226634500570543,0.352473991086741,0.349,0.24,1
"SON",0.000229141538325264,-0.269597471271404,0.833,0.872,1
"KLRC3",0.000231387591646716,-0.874473701254235,0.123,0.193,1
"MAPK8",0.00025355613541162,-0.426067446569722,0.402,0.47,1
"SH2D2A",0.000259790246195914,0.607633189743723,0.516,0.389,1
"FYTTD1",0.000268753506367757,0.537664214326529,0.432,0.301,1
"ARF4",0.000278023161507349,-0.218392731240455,0.512,0.491,1
"MCRIP2",0.000284146109748195,1.8423395228807,0.064,0.017,1
"IDS",0.00028440203515543,0.32783270260695,0.744,0.629,1
"SANBR",0.000287038773977737,2.51990817386803,0.037,0.006,1
"NR4A2",0.000316212050713779,-0.18675267680246,0.441,0.346,1
"RORB",0.000319486867067958,-5.25229565349238,0,0.019,1
"TMEM223",0.000340394917455593,-0.379678432179743,0.165,0.158,1
"TARS1",0.000342723772238421,-0.515809006219616,0.279,0.346,1
"JMJD1C",0.000358338821558528,0.394092167456298,0.694,0.58,1
"LINC02520",0.000363996872625829,2.03262504463684,0.055,0.012,1
"HLA-G",0.000372753576965593,-0.6333571469368,0.142,0.212,1
"HMGN1",0.000373569021454545,-0.305848508067172,0.705,0.743,1
"ENSG00000238142",0.000374739182703221,-1.64977103289825,0.02,0.063,1
"CCNI",0.000374856049845933,-0.221212845481194,0.897,0.921,1
"ENSG00000232754",0.000377807720361651,-4.1300472380876,0,0.015,1
"YBX3",0.000395851385115976,0.443444914887249,0.655,0.564,1
"ST3GAL5",0.000412926299644829,1.10603963928472,0.153,0.076,1
"ENSG00000264808",0.000434198717346397,-4.06323395300569,0,0.015,1
"MAN1A1",0.000453009852628322,1.03480775412346,0.139,0.073,1
"MAP3K1",0.000456527911425472,-0.488936426807845,0.32,0.371,1
"DUSP4",0.000509289961929708,1.50974232066143,0.123,0.063,1
"TNFAIP3",0.000520810075538814,0.185827560830301,0.872,0.768,1
"DYNLT2B",0.000522125192610082,1.19869618028302,0.082,0.029,1
"PKM",0.000545710524596999,-0.443176145495096,0.422,0.522,1
"YES1",0.000546271198415677,0.342398291080458,0.27,0.182,1
"ZFAS1",0.000569720036604867,-0.316621353968809,0.843,0.852,1
"TMEM263-DT",0.000570893095918631,-4.1820316008439,0,0.015,1
"RPS20",0.000580979402166102,0.22237276388227,0.927,0.872,1
"ZNF331",0.000594613969480263,0.474044094952404,0.537,0.413,1
"ENSG00000267320",0.000597347014135205,-4.7542161750853,0,0.017,1
"ELOVL5",0.000599698289148069,-0.35502699912531,0.616,0.654,1
"ZNF10",0.00061106799784711,0.965842563455939,0.167,0.088,1
"ENSG00000289620",0.000614997504472057,1.75760427766176,0.046,0.011,1
"TRAV23DV6",0.000627112701015097,5.37424225997035,0.016,0,1
"BCL3",0.000640624074186752,-0.361968979736127,0.632,0.66,1
"ZNRF2",0.000677990170978442,-0.55032016737953,0.226,0.298,1
"TXLNGY",0.000682519172805322,0.525349294270604,0.128,0.07,1
"HLA-DQB1",0.000689258738789612,0.993903277311815,0.098,0.043,1
"EPS8L2",0.000699016400587362,-1.04367970630923,0.044,0.094,1
"TESPA1",0.000730574478734338,-0.441450938156063,0.436,0.493,1
"TUBB",0.000784285663900791,-0.455780472606819,0.523,0.607,1
"PRDM16",0.000805533503479988,4.70014178032409,0.014,0,1
"DDHD1",0.000816443134910676,-0.313158376789652,0.201,0.26,1
"WDR74",0.000817387961035175,-0.471105697590525,0.402,0.43,1
"PFKFB3",0.000820674280664997,0.568767242035757,0.375,0.263,1
"CDK5RAP1",0.000826571991053632,0.738452756623334,0.155,0.079,1
"TIA1",0.000827668858587058,-0.306068437451689,0.253,0.263,1
"EMP3",0.00083279105099409,-0.212727615070848,0.906,0.884,1
"TMEM263",0.000840117774522762,-0.557248035209801,0.19,0.238,1
"PIK3C2B",0.000861987737948814,-1.26214731847812,0.041,0.093,1
"CYB5A",0.000867876273420449,-0.641057350270395,0.155,0.236,1
"SMS",0.000896152419357777,-0.764572637560543,0.125,0.19,1
"GADD45B",0.000896964395051107,0.260441884845486,0.591,0.478,1
"C12orf57",0.000909517314421354,-0.317552934339823,0.795,0.805,1
"RGL4",0.000912031517687725,0.916276522095761,0.149,0.074,1
"PARVB",0.000918566658582731,1.53258748247352,0.085,0.032,1
"TGFBR3",0.00094869955002601,1.55007299244099,0.087,0.036,1
"ENSG00000289614",0.000953890350107569,-1.15700024414492,0.055,0.113,1
"FBXW7",0.000967429431150857,0.493078643766451,0.432,0.32,1
"UBE2I",0.0010155123887813,-0.295258543292485,0.655,0.686,1
"AOAH",0.00101864317765055,0.398585715516246,0.685,0.575,1
"KATNBL1",0.00103734477028327,-0.602938548652157,0.155,0.204,1
"SNED1-AS1",0.00104411783563201,-1.01567851451224,0.053,0.099,1
"RCAN3",0.00105970434117641,0.466908839759746,0.372,0.257,1
"UBE2R2",0.00106338865404652,-0.378150082672941,0.479,0.555,1
"ENO1",0.00106730972924589,-0.297467936948221,0.566,0.6,1
"PHLDB2",0.00108669490401415,-1.03914928812189,0.073,0.127,1
"CCDC138",0.00111883067255248,-0.123958205726144,0.071,0.099,1
"GGA2",0.00112842126235857,0.934574283258083,0.19,0.11,1
"IFITM2",0.00114262450927281,-0.265371236220764,0.655,0.717,1
"AKT3",0.00117295041229442,-0.257438978519102,0.571,0.634,1
"RAB2A",0.00117622077168177,-0.244593057670704,0.493,0.488,1
"MT-ATP6",0.0011765756978615,-0.232459876446042,0.795,0.838,1
"RPS25",0.001183060557713,0.109390231911215,1,1,1
"ARHGAP9",0.00122912766697821,0.364229013342276,0.694,0.581,1
"TNFSF8",0.00123044253694983,0.869319773124567,0.16,0.085,1
"IER5",0.00123994600877776,-0.678726934998869,0.221,0.3,1
"DIP2A",0.00124292379624271,0.63725595255592,0.313,0.227,1
"NSA2",0.00125697565286355,-0.34486413736885,0.56,0.631,1
"PDE4B",0.00126470900360304,0.470156169759743,0.493,0.385,1
"SH3BGRL3",0.00126782726480935,0.181107591676228,0.954,0.929,1
"PLAAT4",0.00129300143567225,0.398786930888003,0.589,0.495,1
"SYCP2",0.00129913582660088,2.64503561473455,0.023,0.002,1
"NFKB1",0.00130792174386307,-0.284828709831904,0.801,0.819,1
"CFL1",0.00134464228026491,-0.194464883103461,0.973,0.963,1
"NOTCH2NLC",0.00142519894731552,-0.592022373675958,0.173,0.249,1
"TMPO",0.00145633368032783,-0.632809016917426,0.224,0.295,1
"PNRC1",0.00145960725883329,-0.219698064693805,0.957,0.98,1
"EIF1B",0.00146707837143334,0.362388586877637,0.514,0.403,1
"CFL2",0.00146816991375983,-1.39050404644748,0.025,0.066,1
"SLC2A3",0.00146833008377382,0.429880429986654,0.594,0.509,1
"CD55",0.00146944749047323,0.352838283732743,0.817,0.731,1
"TMEM102",0.00151733591490369,-1.12085208466995,0.06,0.104,1
"LINC02446",0.00152387682989123,0.804527844836398,0.295,0.199,1
"ZBTB17",0.00152544513631979,-0.124315865308861,0.125,0.105,1
"LRRFIP1",0.00153389689979521,0.29460690363768,0.854,0.774,1
"HBB",0.0015991560870042,0.689194116880886,0.194,0.119,1
"GALM",0.00160121517615433,1.20024784634346,0.082,0.032,1
"DDX3X",0.00160295369649675,-0.299501753977527,0.603,0.643,1
"ENSG00000289826",0.00161222611729719,1.32089878956685,0.066,0.022,1
"H2AC25",0.00165386718114642,0.807647252683893,0.146,0.077,1
"FTH1",0.00168141049105703,0.213684096231076,1,0.998,1
"CLEC11A",0.00169824746722705,-1.08729216222077,0.055,0.104,1
"SAMD3",0.00174572792906382,0.679064333702175,0.258,0.17,1
"TSC22D3",0.00174684532640387,0.185357646090607,0.788,0.685,1
"RBL1",0.00174970291363137,0.84477393585373,0.208,0.121,1
"PCBP1",0.00177152852892149,-0.201546354879894,0.902,0.924,1
"PBXIP1",0.00181146851846526,0.282022947198151,0.593,0.561,1
"SOS2",0.00181296272083796,-0.400639882943994,0.345,0.408,1
"TPI1",0.00181486516132273,-0.3517788067336,0.473,0.543,1
"RAPH1",0.00185355700123066,-1.38298566730553,0.037,0.08,1
"UBE4A",0.00185415350498267,0.491007782733808,0.269,0.176,1
"VSIG1",0.00190295476765583,-1.51992824486463,0.032,0.074,1
"IER5L",0.00191062309776569,0.948919296604188,0.198,0.121,1
"RPS29",0.00192126979255314,-0.165136549650867,1,1,1
"THADA",0.00193005267299593,0.565903004456014,0.11,0.06,1
"LMNB2",0.00193349059388058,-0.858231463575313,0.094,0.145,1
"CCL5",0.00193929362989776,0.598464442144315,0.438,0.34,1
"TUBB6",0.00194813046992621,-3.80653863971731,0,0.012,1
"DYSF",0.00197834171462219,2.47476631822789,0.025,0.003,1
"GAS5",0.0019957629899484,-0.211818659776947,0.842,0.821,1
"LAG3",0.00199910724327034,1.54792720011247,0.075,0.029,1
"SSH2",0.00200548356831315,-0.320802129409548,0.726,0.764,1
"OAS1",0.00202351174851925,-1.43206928901404,0.023,0.062,1
"STT3B",0.00202593710982448,-0.135514269554508,0.45,0.413,1
"WASHC5",0.00202969552891686,1.09503595518164,0.128,0.062,1
"RPS27",0.00203303519659606,-0.118804931631023,1,1,1
"KCTD20",0.002036016821488,0.517099930879185,0.423,0.301,1
"ENSG00000253853",0.00204200535124032,-3.75566357330597,0,0.012,1
"MED13",0.00204525621823993,-0.509762945457856,0.242,0.284,1
"PCF11",0.00204534402300443,-0.606870991613414,0.19,0.236,1
"GDAP2",0.00210925693197946,0.820550186515173,0.165,0.093,1
"RIN3",0.00212483755356446,-0.61698103205114,0.169,0.235,1
"RNASET2",0.00213583722429392,0.465496943159712,0.347,0.255,1
"ENSG00000226310",0.00214051894776151,-4.32690225809256,0,0.014,1
"CHD4",0.00218455868471772,-0.394369789453251,0.372,0.422,1
"KLRC2",0.00222356515029007,-0.630417958342972,0.217,0.272,1
"FUNDC2",0.00225804567360077,0.381949192572585,0.288,0.201,1
"STXBP3",0.00228857598121354,-0.429370422845722,0.27,0.343,1
"TBC1D4",0.00229244936113475,1.23680098520979,0.073,0.028,1
"FAM200A",0.00229443785937172,1.0531643215549,0.087,0.04,1
"REPIN1",0.00229451656843319,-0.296290447471962,0.125,0.168,1
"ZNF80",0.00230540502302576,4.14770622039932,0.012,0,1
"PFDN5",0.00230638053841895,0.117945707659925,0.982,0.954,1
"CD8A",0.00234956718930411,0.644075631031593,0.34,0.275,1
"ZC3HAV1",0.00243243554542896,0.29844223087988,0.596,0.476,1
"ST8SIA4",0.00245729405715827,-0.11058052439572,0.192,0.165,1
"ABTB1",0.00246420469128296,0.277299284530781,0.222,0.161,1
"GATAD2B",0.0024946801961818,-0.383205471476111,0.297,0.374,1
"RPL38",0.0025442817846723,-0.157896431308958,0.988,0.995,1
"EIF1AX",0.00255020261762287,-0.19999775528659,0.495,0.474,1
"CRYBB2P1",0.00259059565205933,-0.260923957941058,0.084,0.116,1
"HSP90B1",0.00259299511722758,-0.408306625388266,0.678,0.66,1
"STX2",0.00260937375656667,1.09325783737535,0.103,0.049,1
"MARCHF7",0.00265714088402966,-0.174871189445992,0.422,0.396,1
"CALR",0.00270023848589367,0.31214433795273,0.744,0.635,1
"FYB1",0.00271539340126317,-0.288480919473367,0.514,0.505,1
"SAMHD1",0.00279696900054263,0.6114415385809,0.283,0.202,1
"REL",0.00283591829040058,-0.266029375417209,0.708,0.689,1
"JOSD1",0.0028457338360907,0.392236721570181,0.486,0.406,1
"ZFPM1-AS1",0.0028489281113097,3.79029808196097,0.012,0,1
"ZNF827",0.00284968009107287,-0.676243436117681,0.119,0.181,1
"BBC3",0.00285936751087306,-0.760104705584913,0.167,0.24,1
"RGCC",0.00290055543903059,0.308896178657567,0.753,0.702,1
"MCRIP1",0.00290556728903196,0.546129207951866,0.26,0.182,1
"ERCC1",0.00291075823719264,0.842076314370303,0.189,0.11,1
"ANAPC15",0.00293515358909329,0.846447169381381,0.125,0.063,1
"ZNF362",0.00294438738606297,1.08323235435477,0.057,0.02,1
"RPL36",0.00298426938242495,-0.102890138881204,0.995,0.998,1
"METRNL",0.003009603958123,-0.128826165144104,0.641,0.566,1
"ZNRD2",0.00301849096710197,-0.551796671405222,0.228,0.303,1
"STMN1",0.00302328704027665,-0.470384248425504,0.488,0.543,1
"SENP7",0.00303179119738048,-0.442731945311067,0.212,0.227,1
"USP36",0.00303412252215861,0.376864782098878,0.484,0.369,1
"SLAMF6",0.00306534874166485,1.7374781200668,0.055,0.019,1
"NBR2",0.00307604927271892,2.43217193311611,0.032,0.006,1
"ENSG00000290728",0.00307659098874109,-3.60698257555452,0,0.011,1
"FASN",0.00310364880360741,0.389755948199707,0.351,0.247,1
"ENSG00000288755",0.0031210229456706,-0.949016738236358,0.036,0.074,1
"PPFIBP2",0.00331954785387614,2.11389902551487,0.037,0.008,1
"LEMD3",0.00332359049023855,0.424592348232278,0.333,0.23,1
"BMAL1",0.00336959973916594,0.482787337321774,0.119,0.066,1
"MT1X",0.00341780476994335,0.820000362027587,0.151,0.083,1
"TG",0.0034324219097317,1.22743721421108,0.085,0.036,1
"POLR2E",0.00348974359927668,0.399471152142197,0.402,0.295,1
"GMPS",0.00350502124265834,-0.67938918860866,0.11,0.156,1
"FBXO11",0.00353402063969439,0.453760361609958,0.432,0.323,1
"CD96",0.00366052303848346,0.279875281866399,0.657,0.637,1
"ENSG00000204620",0.00370276051273339,-2.91149846824437,0.002,0.019,1
"SUB1",0.00373294479267694,-0.192505562328058,0.89,0.896,1
"TP53INP1",0.00373628485054377,-1.13032663766781,0.039,0.079,1
"CHMP4B",0.00373964241871138,-0.384928151398441,0.313,0.355,1
"ZNF667",0.00379224911503357,0.794499672432067,0.069,0.031,1
"NXPH4",0.00379316978669509,1.26909376197402,0.075,0.029,1
"ENSG00000283696",0.00387032339266741,1.94120661605478,0.039,0.009,1
"HCST",0.00389094819072324,0.328229545370634,0.635,0.546,1
"FAM149A",0.00391083173384071,1.9631042633609,0.039,0.009,1
"FLNA",0.00397450916337544,-0.216998656460556,0.541,0.529,1
"ENSG00000286965",0.00401237668256439,-3.77878144039681,0,0.011,1
"RNF130",0.00402469343677573,0.530427568634455,0.294,0.209,1
"TUBA1B-AS1",0.00403051102890455,-1.19638342419218,0.041,0.083,1
"DMD",0.00408026746551071,-3.80844743618288,0,0.011,1
"CCDC107",0.00411546584609752,-0.687521902107972,0.132,0.19,1
"KDELR2",0.00415057139799684,0.493636093712843,0.345,0.253,1
"DUSP2",0.004221765626799,0.308493799662874,0.74,0.651,1
"TMEM147-AS1",0.00424253808603783,3.83617715016692,0.011,0,1
"GDF11",0.00426082383083941,-1.38269250493485,0.021,0.054,1
"ENSG00000291142",0.00429307926306441,-3.67858634140136,0,0.011,1
"MRS2",0.00429345917309428,1.11800111832763,0.075,0.031,1
"TLE5",0.00430758472205538,-0.251639549725902,0.863,0.856,1
"LMBRD1",0.00430881825720772,-0.159012306593403,0.333,0.309,1
"PPM1L",0.00431574612902782,-1.08050913089903,0.034,0.071,1
"TRAF4",0.00442570517428253,-0.493568666813741,0.301,0.366,1
"PHF20L1",0.00442693856381655,0.366612832852149,0.477,0.368,1
"CYTH1",0.00444195220068452,0.32131977810087,0.646,0.535,1
"TRIM27",0.00446613503902129,-0.721683616246658,0.117,0.155,1
"EIF3I",0.00447240702380596,-0.119929281689523,0.543,0.501,1
"PLXND1",0.00449486303892658,1.72789853414306,0.025,0.005,1
"CD99",0.00455821426547002,0.231262682997854,0.779,0.709,1
"ACP1",0.00459302909979864,-0.357353825500686,0.413,0.457,1
"CBLL1",0.00459944655528891,-0.279199579535141,0.231,0.291,1
"SET",0.0047046941056319,-0.229766090962713,0.765,0.807,1
"CNOT8",0.00477929321534554,-0.356606201848631,0.354,0.394,1
"RUNDC3B",0.00478569289352141,-1.75550030751074,0.007,0.029,1
"PPP1R18",0.00481391292042208,-0.533953542923152,0.295,0.363,1
"TMEM191B",0.00483646145602841,4.04575742575969,0.011,0,1
"TRAV8-6",0.00492487270212052,1.79672847337049,0.021,0.003,1
"CDKN2D",0.00495119114112733,-0.541241938730379,0.222,0.295,1
"C7orf25",0.00496327558198457,1.24556342591115,0.046,0.015,1
"IQCN",0.0049715104840991,3.13463466440934,0.018,0.002,1
"CD8B2",0.00498555509135028,3.72167661368403,0.011,0,1
"DPP8",0.0049922607976408,0.705110283952558,0.192,0.114,1
"ATP6V0E2",0.00508950182579173,-1.15497145686075,0.06,0.104,1
"FLAD1",0.00512284333465737,0.66053303595206,0.149,0.085,1
"RNF139",0.00513386865460005,0.490234783583247,0.212,0.158,1
"SLC25A5",0.00516039822064347,-0.151053639064296,0.786,0.777,1
"MRPL14",0.00519724408753758,-0.339805980370469,0.409,0.44,1
"GNL2",0.00520894094760695,0.551102914099293,0.272,0.198,1
"BRWD1",0.00521503664730629,-0.334030687192125,0.329,0.402,1
"RPL21",0.00524562895242557,-0.104087159864678,1,0.998,1
"IL11",0.00526125294807705,4.42900440363734,0.011,0,1
"HDAC2",0.00529013408100842,-0.382203711707489,0.231,0.257,1
"ELL2",0.00529071260402324,0.144885793888876,0.448,0.355,1
"SERTAD1",0.0052954619679791,0.325721876092039,0.308,0.219,1
"ENSG00000290823",0.00530521128196316,0.311496418405726,0.441,0.335,1
"TXNRD1",0.00531963927648656,-0.333343539731064,0.311,0.335,1
"SERP1",0.00535138174018742,0.115783859707803,0.792,0.688,1
"RMDN3",0.00537722672029773,0.453275383309774,0.144,0.085,1
"TBC1D22A-DT",0.00539513291302282,0.754471095169664,0.157,0.097,1
"LACTB",0.00539771480446171,-0.704626634165231,0.087,0.117,1
"TIAM1",0.00541521615696519,-0.573296752563306,0.212,0.266,1
"RSL1D1",0.00555327496843362,-0.237483494543024,0.505,0.569,1
"LINC02021",0.00561329652705428,3.64071181023725,0.011,0,1
"TRIM37",0.00561499200117487,0.363320640827787,0.125,0.08,1
"SRGN",0.00562356709366572,0.210104073469668,0.956,0.915,1
"ZNHIT3",0.00564438483525777,-0.308428222556351,0.269,0.331,1
"GAS8",0.00569303425368142,3.67448502772886,0.011,0,1
"TRBV11-2",0.00570742291958608,3.62123140003145,0.023,0.006,1
"PHF21A",0.00574120391295801,-0.611162117550322,0.146,0.202,1
"PIK3R1",0.0058001818342676,0.372664195812207,0.68,0.566,1
"MIR181A1HG",0.00582055631039103,-0.572918962590844,0.183,0.26,1
"NEMP1",0.00583303508153186,0.822095939786688,0.048,0.022,1
"FAM178B",0.00597855104957464,3.66409770987274,0.011,0,1
"ANLN",0.0059805465435707,3.55130854280266,0.011,0,1
"ENSG00000273729",0.00600912456696333,3.57493360150223,0.02,0.002,1
"SLX1A",0.00602234247818504,-3.10032610681052,0.002,0.019,1
"NAPRT",0.00602622387746327,1.27362170885537,0.064,0.026,1
"CCDC136",0.00603040663649629,3.58472983712049,0.011,0,1
"EXOG",0.00604557596287254,0.626471958805293,0.185,0.122,1
"UBE2D2",0.00605163401419053,-0.223040152258761,0.657,0.668,1
"PXDN",0.00606097788251317,2.50374742853201,0.02,0.002,1
"SSBP2",0.00607359822698842,-0.450480551873083,0.246,0.321,1
"ZAP70",0.00611056428982105,0.289313161150375,0.569,0.462,1
"CEP250",0.00616030788618877,0.745793748587841,0.078,0.036,1
"PHF19",0.00617604941643216,-0.684539085427851,0.093,0.122,1
"SNRNP70",0.00617800707525744,-0.404675408741646,0.379,0.456,1
"KLHL15",0.00628504516449947,0.848324391944405,0.08,0.037,1
"AP1G2",0.0065251198887063,0.593870582552201,0.173,0.134,1
"ITM2A",0.00654726401620183,0.332822129143032,0.619,0.543,1
"INPP5B",0.00655094581226946,-0.902894435148727,0.062,0.093,1
"METTL3",0.00673450148580942,-0.915667356928592,0.044,0.082,1
"PSMD14-DT",0.00674055810849906,-1.49078324850043,0.011,0.034,1
"IRF4",0.00684282488054456,1.14859245137086,0.114,0.057,1
"ETS1",0.00686718680238445,-0.229861390278204,0.754,0.785,1
"POFUT1",0.00687911789930561,0.718026661011361,0.071,0.034,1
"DUSP5",0.00692637079822884,1.0942784863084,0.094,0.049,1
"BRD3",0.00693229620854302,-0.735122414690954,0.107,0.144,1
"PNISR",0.00696119340377632,-0.317971555859201,0.562,0.623,1
"GPHN",0.00705791798059604,-0.545887636023004,0.153,0.213,1
"EIF4E2",0.00708628990087472,0.412918907996871,0.322,0.241,1
"SNHG1",0.00713177111492562,-0.408063136842938,0.31,0.366,1
"IL16",0.00713768286843427,-0.367149230951996,0.356,0.427,1
"WWOX",0.00723148676183577,0.399579602090479,0.164,0.104,1
"DGKD",0.0072388433867324,0.619476828749782,0.215,0.147,1
"PTRH1",0.00727740350862871,0.893257088104177,0.075,0.037,1
"RPA1",0.00732747250971191,0.489330013317182,0.322,0.232,1
"ARMH1",0.00734103179185411,-0.266103541935222,0.173,0.164,1
"SMYD4",0.00735166073749096,1.32088828113889,0.052,0.019,1
"BRWD3",0.00738801310960507,-0.664822735983603,0.1,0.153,1
"LINC00278",0.00740331038487388,2.13492930252598,0.023,0.003,1
"BICD2",0.007415502798374,0.730687356706722,0.121,0.065,1
"TMX4",0.00749580990414454,0.567732082475132,0.286,0.213,1
"MCOLN2",0.0075829310811419,2.58046039868083,0.034,0.009,1
"ZDHHC12-DT",0.0075862323233686,-1.68678291562596,0.002,0.014,1
"RRM1",0.00759172614401364,0.672361520761268,0.192,0.13,1
"PES1",0.00767280644718456,0.495496832996243,0.187,0.121,1
"COQ10A",0.0077486800662319,-0.707088709507238,0.141,0.185,1
"CERS4",0.00777097623956873,-0.632272499520142,0.048,0.076,1
"PTEN",0.00777543547326862,-0.24648672561361,0.269,0.274,1
"ARL6IP5",0.00779369306007014,-0.385563147057913,0.53,0.587,1
"SOCS3",0.00782678772754807,-0.209065794258855,0.29,0.241,1
"EMG1",0.00798972169658983,-0.570394881987545,0.128,0.175,1
"TAMALIN",0.00799507281110568,-0.406339646758438,0.185,0.219,1
"TBL1XR1",0.00800625942626307,-0.325272835909969,0.238,0.241,1
"BORCS5",0.00804602621702927,0.504671703672178,0.406,0.315,1
"NME4",0.00814823677977388,0.805432244018279,0.144,0.083,1
"ACOT7",0.00822391465048283,0.851068466149189,0.105,0.056,1
"NIBAN1",0.00837046110085468,0.565403995303042,0.365,0.278,1
"PHLDB3",0.00844760534748526,0.508144977704069,0.336,0.24,1
"APPBP2",0.00846918386977782,-0.317247079087896,0.215,0.216,1
"ENSG00000287978",0.00848084347684837,1.13907932233491,0.068,0.029,1
"GLIPR1",0.00854548025920867,0.656178565159547,0.246,0.162,1
"RTF2",0.00855647218269547,0.37603263094693,0.429,0.325,1
"HAUS6",0.00856401656562029,-0.924963839423629,0.048,0.087,1
"CCND2",0.00857658238863069,0.388155191633824,0.536,0.44,1
"MT1E",0.00861585284015439,2.94583696645131,0.021,0.003,1
"AUTS2",0.00866929678779715,0.368670842390966,0.322,0.227,1
"DBN1",0.00868336235569832,-0.724273183503529,0.091,0.121,1
"ST7L",0.00870803252917151,1.32366739875188,0.053,0.02,1
"S1PR4",0.00877823637018423,0.29366888100434,0.669,0.601,1
"SCNM1",0.00879324725744734,0.20980229440068,0.279,0.213,1
"GPR15",0.0088503774406141,-0.797728676825924,0.13,0.185,1
"ADAMTS6",0.00885576303065227,0.778537357637117,0.149,0.083,1
"FGFBP3",0.00897722333894747,2.36455641476667,0.025,0.005,1
"ARL4C",0.00897793611274691,0.186857830448769,0.87,0.788,1
"ATP5F1C",0.00901258228618302,-0.188840556454578,0.568,0.556,1
"DDT",0.00909531502628541,-0.276325476025452,0.479,0.544,1
"HSPH1",0.00912026764066065,0.413487583048776,0.52,0.448,1
"RAB3GAP2",0.00917406041473604,0.26319585158201,0.215,0.148,1
"CHMP2A",0.00918120367169131,0.501432765266723,0.253,0.172,1
"STAT3",0.00918715822363342,0.124549293637928,0.73,0.624,1
"THAP1",0.00921940684504028,0.361522269374243,0.126,0.08,1
"TMEM184B",0.00939878182082944,-0.643737560686866,0.066,0.104,1
"PSMB1",0.00945848378658738,-0.141081575861704,0.705,0.668,1
"ERGIC2",0.00947564439498743,0.213770780753761,0.219,0.162,1
"CRIP1",0.00949328479144277,0.344563024101162,0.89,0.855,1
"CDHR3",0.00951235467428476,0.818411089680135,0.141,0.077,1
"TENT5C",0.00957680089501074,0.500858593901669,0.283,0.192,1
"HMGA1",0.00959906876622677,-0.332749644923411,0.532,0.6,1
"AP1S2",0.00959927218210165,-0.393757539939465,0.235,0.266,1
"ASCC3",0.00971259605186392,0.583969912769101,0.254,0.168,1
"IDI1",0.00974102650562839,0.464564368724983,0.445,0.349,1
"TBC1D17",0.0097695071575572,-0.618051977773417,0.101,0.153,1
"RANGAP1",0.00978149937713811,0.493540349552406,0.381,0.281,1
"RAB5IF",0.00982258824082016,-0.294215466018987,0.457,0.504,1
"UBE2H",0.00989624926710163,-0.345738285839891,0.286,0.304,1
"G3BP1",0.00990500549030292,0.212247171233269,0.539,0.43,1
"PCYT2",0.00996027711372866,0.368796316762411,0.071,0.054,1
"MGMT",0.010011757708638,0.489203300097832,0.135,0.083,1
"MCFD2",0.0101065382462542,0.447599416392637,0.212,0.141,1
"RICTOR",0.010209432821028,-0.322781481417591,0.372,0.434,1
"RNFT1",0.01021261731619,0.681358362933859,0.11,0.062,1
"CFAP210",0.0102267120143149,0.745576562786568,0.146,0.09,1
"ITGA6",0.0102741237222807,-0.47653915051844,0.149,0.172,1
"DDX5",0.0103317386768271,-0.133902022565593,0.986,0.978,1
"POLD1",0.010382101352248,0.934767205006541,0.027,0.009,1
"ACSL5",0.0104104750689544,-0.159239624623166,0.082,0.073,1
"CLK1",0.010541336791033,0.236349951620544,0.58,0.473,1
"TTC7A",0.0105690528928127,-0.393740312317811,0.244,0.281,1
"CRACR2A",0.0105829667988527,0.625068917361109,0.114,0.062,1
"NGRN",0.0106845067755352,0.185619717419713,0.31,0.236,1
"CDS2",0.0106877732924982,-0.181367260438318,0.254,0.236,1
"HDGFL3",0.0106892436702622,-0.59910729838816,0.11,0.161,1
"RRP1B",0.0107029479343026,0.534084011361052,0.253,0.175,1
"SLC5A6",0.0107295484783393,0.781311297121368,0.173,0.107,1
"SAMD12",0.0107307861369552,1.5151536098724,0.043,0.014,1
"SDCBP",0.0107323961209604,0.308591638532707,0.649,0.549,1
"SRBD1",0.0107606582169696,-0.89517234604457,0.041,0.066,1
"RABGAP1L",0.010857540504347,-0.18932082408593,0.352,0.406,1
"PRDM10",0.0108595821519866,-1.02348895841863,0.044,0.079,1
"UBE2M",0.0109175029896057,-0.388251667045803,0.34,0.396,1
"CNR2",0.0110137419198554,-2.15775977313683,0.005,0.026,1
"RAB10",0.0110528929192033,-0.358085530586791,0.308,0.369,1
"EXOC4",0.0111702695537897,0.138047739068866,0.235,0.178,1
"RBMS2",0.0112472825673969,1.26360801820988,0.069,0.031,1
"BAG2",0.0112700831499451,-1.0625574932664,0.037,0.066,1
"PACSIN2",0.0112755882586228,-0.495566400073353,0.151,0.187,1
"TRDV3",0.0113152669731083,-1.30517071323849,0.059,0.085,1
"CCDC28B",0.0114047632903309,-0.753152330420068,0.096,0.151,1
"FILIP1L",0.0114326066097086,0.304266197725396,0.495,0.382,1
"LAPTM4B",0.011448303529434,0.986104257324675,0.08,0.037,1
"GYPC",0.0114740330777463,-0.238886021480533,0.639,0.648,1
"CCAR1",0.01148376421806,-0.298456778946553,0.265,0.278,1
"DISC1",0.0114988304942661,-1.24097511194616,0.018,0.048,1
"REXO1",0.0115816618646852,-0.391358547724646,0.091,0.122,1
"CD160",0.0118168192900091,1.50080529876896,0.039,0.02,1
"SNCA",0.0118257426125501,1.24376161075704,0.014,0.003,1
"TUBB3",0.0118500291165672,-1.1370338042762,0.016,0.043,1
"LIN52",0.0118991442021586,0.802369496276998,0.075,0.037,1
"WNK1",0.0119101174708495,0.382053012560036,0.415,0.311,1
"SOD2",0.0119164652932419,0.454646449023974,0.377,0.294,1
"CREB1",0.0119401824010772,-0.135492382054245,0.297,0.363,1
"TNRC18",0.0119909071488507,0.45172048982868,0.246,0.167,1
"RNF149",0.0119956729257711,0.232323618158759,0.628,0.524,1
"SNHG12",0.0120226334613423,-0.491010974026278,0.262,0.292,1
"EPS15",0.0120711647208826,-0.126399021961017,0.338,0.308,1
"DNAJC8",0.0121067831750732,-0.248503216675921,0.58,0.604,1
"AARS1",0.0121462655909959,-0.255456581132722,0.151,0.15,1
"HSD17B10",0.0121892467518159,0.138875977481379,0.217,0.173,1
"NBL1",0.0121982102582045,-0.305839225515081,0.315,0.377,1
"PGGHG",0.0122602311849442,0.755322089852676,0.153,0.091,1
"TMED5",0.0122812120019354,-0.410628071959522,0.254,0.287,1
"ST20",0.0124118677338076,-1.28350575732437,0.025,0.046,1
"MAP3K7CL",0.0124216913896589,3.34444874703988,0.018,0.002,1
"SERPINF1",0.0124666464619693,-4.15051871360046,0,0.011,1
"ARRDC2",0.0124941229271191,-0.127713079707395,0.384,0.436,1
"SNHG8",0.0125480308414437,-0.227209632823958,0.655,0.714,1
"EIF4G1",0.0126252134061886,-0.224761610683211,0.308,0.308,1
"SLC12A9-AS1",0.0126927670038778,1.11748515615792,0.011,0.002,1
"KDM6A",0.0127608757911299,-0.38395035319188,0.299,0.343,1
"ERAP2",0.0127866039403963,0.425869724743685,0.1,0.09,1
"SUDS3",0.0128568644151979,0.185057384406631,0.144,0.104,1
"RELA",0.0129892069533384,-0.220424519998527,0.496,0.496,1
"ENSG00000285756",0.0130209692036067,-0.674587041977158,0.062,0.091,1
"NDFIP1",0.0130218816487089,0.179311445005542,0.58,0.552,1
"TSPOAP1-AS1",0.0130974314274544,-0.542928192941622,0.178,0.216,1
"EMB",0.0131322707173312,0.37377743680749,0.438,0.345,1
"INO80B",0.0133059880374003,-0.381257822399657,0.13,0.17,1
"ST6GALNAC4",0.0133833208388033,-0.603383001670494,0.036,0.065,1
"MAP3K14",0.013390285765952,0.829947333245578,0.109,0.059,1
"ABHD16A",0.0134167674034493,0.507431143817283,0.242,0.165,1
"RPTOR",0.013420615290565,0.591897324546313,0.235,0.168,1
"NBPF19",0.0134754907069485,-0.47490227387929,0.114,0.136,1
"SEC14L2",0.0134780954064725,0.837272030190408,0.08,0.039,1
"DIS3L2",0.0135110658352753,0.449247391549564,0.132,0.085,1
"HIVEP3",0.0135306336426039,-0.764096256067314,0.084,0.13,1
"ACAD8",0.013552989240508,0.755061751126551,0.109,0.062,1
"RPS21",0.0135675365480166,-0.107597573517681,1,1,1
"MOK",0.0136121130803674,1.22176109182803,0.048,0.019,1
"PDIA3",0.0136269933814484,0.233609624046575,0.658,0.566,1
"B4GALT1",0.0136614408191669,0.496175106619783,0.367,0.278,1
"OFD1",0.0137376183569018,-0.461281057997797,0.235,0.275,1
"VAMP8",0.0137918449491835,0.172388453768744,0.391,0.376,1
"TYW3",0.0141199581295208,0.847476666519222,0.109,0.057,1
"MARS1",0.0141436414899542,-0.328715883936584,0.317,0.362,1
"TAF10",0.0141465985950369,0.224628542136629,0.673,0.601,1
"ENSG00000273118",0.0141718707903601,-0.53883875366204,0.169,0.196,1
"RNF126",0.0141968525310751,-0.359023898671465,0.345,0.38,1
"NUP210",0.0142052097264117,-0.530086208109497,0.153,0.172,1
"CLIC4",0.0142471203294036,-1.46521395335854,0.014,0.039,1
"ENSG00000290033",0.0142665618653391,3.26259854451216,0.016,0.002,1
"SULT1B1",0.0142783138046036,-2.10304294490183,0.007,0.026,1
"MCPH1",0.0143278311893758,-0.374259541491956,0.178,0.229,1
"MACROH2A1",0.0143299189293989,-0.256224088389108,0.359,0.372,1
"EPHX2",0.0143909903485874,1.37606502531851,0.044,0.015,1
"UBP1",0.0144630244085256,0.759899064612876,0.141,0.088,1
"PPIA",0.0145167976576338,-0.109737171101576,0.988,0.981,1
"ATP6AP2",0.0145317031062133,0.376079651987607,0.375,0.281,1
"NLRP1",0.0145507474862497,0.420551429478259,0.319,0.23,1
"HBG2",0.014644809817715,7.62706063063702,0.016,0.002,1
"ANXA5",0.0147898848532665,0.449192188314551,0.411,0.328,1
"OSTM1",0.0148733194993149,0.680724931642024,0.187,0.117,1
"TMEM156",0.0148811736840995,0.633450027630931,0.253,0.17,1
"ROCK1",0.0150793228748686,-0.273435718989921,0.448,0.474,1
"PTER",0.0151419619997736,-1.81778483378082,0.009,0.031,1
"GTF2I",0.0152649301804478,-0.109990277231094,0.258,0.215,1
"ING1",0.0152786791482439,-0.227458158447896,0.103,0.088,1
"XPR1",0.0152932327769537,0.597000789282068,0.176,0.107,1
"FAM162A",0.0153715152302258,0.527996539017391,0.222,0.155,1
"NELFCD",0.0154566430403993,-0.314029953295473,0.167,0.172,1
"LRRC8D",0.0154974187017355,-0.370389422604522,0.356,0.411,1
"PAIP1",0.0156013736433389,0.47710010748552,0.313,0.224,1
"FUT8",0.0156485461056007,-0.210351478208413,0.1,0.102,1
"ST8SIA1",0.0156590338379164,0.972393887454766,0.05,0.02,1
"DYRK2",0.0156654030273892,-0.496971083417493,0.157,0.176,1
"ATG4D",0.0157342552775181,-0.58287608975088,0.13,0.178,1
"CTDSP2",0.015837685048437,-0.452931066256659,0.183,0.243,1
"TRGV3",0.0158886390054974,0.632152947768691,0.167,0.11,1
"CD7",0.0160829083028793,0.221713708566687,0.957,0.947,1
"ITM2C",0.0161308608608325,-0.510872454142996,0.473,0.535,1
"PPP1R2",0.0161806305311026,-0.285318866898166,0.518,0.527,1
"MAD1L1",0.0162053221337911,0.219282360016274,0.555,0.459,1
"SLC52A2",0.0162279039839041,-0.430595408682592,0.149,0.198,1
"ZNF254",0.016231677216234,-0.658919920668003,0.071,0.113,1
"L3MBTL3",0.0163041932654622,-0.163535169954904,0.128,0.117,1
"ENSG00000273674",0.0163634432667377,-3.02969421471079,0.002,0.017,1
"MCM7",0.0164154245281478,-0.474058283626317,0.226,0.27,1
"LINC00910",0.0164801633550672,1.35788460982074,0.068,0.031,1
"IGF1R",0.0165604538883047,-0.477755195596077,0.181,0.219,1
"POP1",0.0165717324874859,1.02728907019625,0.053,0.022,1
"ZNRF1",0.016597095631916,-0.342348288305636,0.13,0.168,1
"DGAT1",0.0166388707360024,-0.567893202379279,0.082,0.111,1
"AMZ2",0.0167144988009935,-0.258676483319551,0.21,0.26,1
"C4orf33",0.016745716910802,-0.946999836806157,0.05,0.074,1
"TM2D1",0.0168194417410258,-0.592077599550968,0.114,0.159,1
"WDR47",0.0168924842941691,-0.44781968828396,0.112,0.117,1
"SIK1",0.0168935729553193,0.324451968267377,0.276,0.199,1
"ULBP2",0.016924051163643,-1.37417242477504,0.016,0.037,1
"PLRG1",0.0170154512629425,0.281234036621421,0.203,0.142,1
"PTPMT1",0.0170720745366973,-0.154871130916421,0.167,0.164,1
"C7orf50",0.0171158096035832,0.764601999150091,0.11,0.062,1
"SLC25A19",0.0173873765546246,0.817062367668457,0.119,0.066,1
"ENSG00000290058",0.0174063810102081,1.61221019154852,0.012,0.002,1
"TUBA1A",0.0174767799912001,-0.315730295228919,0.6,0.624,1
"GNL3",0.0175896960782204,-0.36703397061461,0.283,0.326,1
"ZNF655",0.0177115318493262,0.314335512035944,0.422,0.323,1
"MTERF1",0.0177522489699381,0.857902024472378,0.098,0.053,1
"DAD1",0.0179066671038246,-0.358767091460565,0.343,0.394,1
"TNKS1BP1",0.0179725672619822,-1.79637879207455,0.005,0.023,1
"ITM2B",0.0180212193061133,-0.214324649023627,0.858,0.847,1
"VPS33B",0.0181800122375522,1.21839334174783,0.053,0.02,1
"SMC1A",0.0182921932027546,0.102217133843835,0.242,0.19,1
"CREBRF",0.0182978667487754,-0.415314366115718,0.265,0.306,1
"ZCCHC14",0.0184233346599863,1.43153714415132,0.036,0.011,1
"ENSG00000260711",0.0185117279509276,2.03467783928035,0.02,0.003,1
"ENSG00000291210",0.018554359420151,-1.58159541839577,0.011,0.031,1
"ACHE",0.01857307909637,1.31840755873957,0.046,0.017,1
"ENSG00000290989",0.0186040758945304,1.45894146922654,0.037,0.011,1
"OAZ1",0.0186557005969695,-0.126204271655713,0.979,0.972,1
"RNMT",0.018750055025611,0.19175752105018,0.457,0.372,1
"PDLIM1",0.0188162310927052,1.00777023523731,0.052,0.022,1
"PDCL3",0.0189383956005144,0.490272959517441,0.274,0.193,1
"WDR48",0.0189934524069964,-0.444597739235621,0.278,0.332,1
"GDE1",0.0190533377993213,-0.21083685567574,0.139,0.128,1
"ATAD2B",0.0191258425881832,-0.135548249553359,0.226,0.209,1
"MAML2",0.0191309609910387,0.515855431110189,0.331,0.253,1
"H2AZ1",0.0191371192488905,-0.223328186367651,0.708,0.703,1
"BIK",0.0192195314954221,0.855926862813155,0.114,0.063,1
"NSF",0.019227519975324,-0.191719924162962,0.249,0.219,1
"SETD2",0.0192316285210838,0.293931751973577,0.738,0.654,1
"GPBP1L1",0.0194208291407097,-0.309448162623355,0.299,0.357,1
"RAD21",0.0194986836743501,-0.246037114165577,0.617,0.652,1
"AIFM2",0.0195457500926263,2.89694526933919,0.02,0.003,1
"MATR3",0.0196287398744812,-0.193038609434151,0.794,0.784,1
"SGSM2",0.019644397853637,0.619125889141637,0.125,0.074,1
"POU2F2",0.019804007745277,-0.420902907296431,0.085,0.128,1
"ENSG00000289469",0.0198439499109917,-2.84602674432093,0.002,0.015,1
"TRGC2",0.0199032268811694,-0.236648129920502,0.306,0.362,1
"BCCIP",0.0199110712555602,0.41668031841131,0.374,0.286,1
"FCMR",0.0199468280644159,-0.382174040080721,0.381,0.42,1
"OSBPL8",0.0199899842537185,-0.283316298283324,0.605,0.615,1
"FLT3LG",0.0200163684139332,0.159209894713658,0.507,0.413,1
"LINC01871",0.0201141028465233,1.28727181511774,0.089,0.059,1
"CARNMT1",0.0202819476890514,0.719196496365926,0.112,0.062,1
"MKNK2",0.0203568205638447,-0.296627875312948,0.502,0.544,1
"NUMB",0.0203632047623521,-0.254744964307438,0.194,0.192,1
"UBTD2",0.0203880343281966,-0.786577408858451,0.032,0.059,1
"OSTC",0.0204393036134854,-0.110278376028238,0.399,0.369,1
"LCP2",0.0204510463480502,-0.496078522761013,0.304,0.357,1
"TECR",0.0204777512544067,0.290381531233832,0.56,0.485,1
"BMT2",0.0205565229334915,-0.265414247793081,0.123,0.159,1
"NEDD9",0.0205736725549336,0.68407985258136,0.203,0.156,1
"TSEN54",0.0208761237347865,0.394964566856581,0.308,0.223,1
"MTHFD2",0.0208764057785013,-0.318472181425983,0.258,0.287,1
"ENSG00000273080",0.0208955388352242,2.61088070919921,0.014,0.002,1
"KCNN4",0.0209075612681879,1.20124122333664,0.046,0.022,1
"B4GALT4",0.0210160038390512,-0.380400249160838,0.11,0.117,1
"FMNL1-DT",0.0210734149218269,-0.288580899373445,0.395,0.447,1
"KDM3B",0.0212080236891177,-0.521759966487564,0.13,0.175,1
"PMM2",0.0214297655709298,0.315354102863483,0.146,0.099,1
"PDE4DIP",0.0214318825443031,-0.414622105953607,0.235,0.269,1
"PCSK1N",0.0214492503515857,0.83670862739495,0.141,0.085,1
"SMARCA5-AS1",0.0215087430742793,-0.881367347158544,0.06,0.091,1
"HNRNPK",0.0216660284176559,-0.159726759629476,0.879,0.886,1
"ENSG00000286277",0.0216850207541605,-3.1038033005618,0.002,0.015,1
"FAF2",0.02177201301437,0.302212043649332,0.164,0.117,1
"FNDC10",0.0218053507438405,2.28711441821709,0.016,0.002,1
"PRKX",0.0218157700038288,-0.286462455307358,0.407,0.437,1
"EXOC3",0.0219155189918579,0.457531373008458,0.176,0.113,1
"ENC1",0.0219217841013766,1.15054846982596,0.066,0.032,1
"CEBPG",0.0221299017297505,-0.377878272062763,0.231,0.257,1
"DAZAP2",0.0222209156053789,0.150163038267961,0.804,0.74,1
"GPAT4-AS1",0.0222364283977932,1.3609415094165,0.046,0.019,1
"CRBN",0.0222460397586128,-0.289801184298524,0.34,0.36,1
"RHOA",0.0222974766696273,-0.176780892744833,0.84,0.841,1
"SMARCD1",0.0223016093898546,-0.278110915146539,0.208,0.218,1
"ENSG00000262370",0.0224108924189224,1.57642294311931,0.039,0.014,1
"HCFC1",0.0224343996090365,-0.489985642074168,0.093,0.104,1
"KDM1B",0.0224849837582057,1.39548811093948,0.037,0.012,1
"ENSG00000286458",0.0226829324266493,-1.37600525704349,0.005,0.022,1
"ENSG00000291215",0.0226899911907449,1.04350068820078,0.028,0.009,1
"WHAMM",0.0226982467835469,-0.287721412270419,0.333,0.393,1
"FKBP11",0.0227562847047076,0.683876626235419,0.149,0.104,1
"GSKIP",0.022786219748488,0.20748604250824,0.162,0.121,1
"TFE3",0.0228064031687675,-0.605602879533374,0.089,0.128,1
"PLAAT3",0.0230221465671446,1.17119793275378,0.05,0.022,1
"CHAC1",0.0231222333688754,-2.29939280493607,0.007,0.022,1
"ABCA10",0.023148485164564,-2.25600449260337,0.005,0.022,1
"COL6A2",0.023221454705845,-0.318534525257757,0.121,0.17,1
"MT1F",0.0233009595160036,1.31636178794296,0.039,0.012,1
"INTS8",0.023306392359893,-0.735926732506805,0.075,0.116,1
"AIF1",0.0233592141091409,0.635918007045353,0.167,0.108,1
"HMGN5",0.0234194314141164,-2.3832391436765,0.005,0.022,1
"SNHG6",0.0236280476611527,-0.181814585721241,0.822,0.805,1
"WIPI1",0.0238199298131309,-1.18030349762185,0.023,0.046,1
"ZNF75A",0.0238717280821225,0.209270192757529,0.084,0.054,1
"PI16",0.0239388105853741,-1.10483018266751,0.002,0.012,1
"TXNDC12",0.0239598293172047,-0.328724729976771,0.242,0.267,1
"IL3RA",0.024217553273266,2.58297476119653,0.016,0.002,1
"SFT2D3",0.024222687608268,-1.23895138476885,0.027,0.057,1
"PCBD2",0.024287009714769,0.707413159072832,0.062,0.032,1
"CMAS",0.0244017814395601,-0.65712044767683,0.084,0.102,1
"C17orf75",0.0244118237150038,1.00795096572491,0.057,0.026,1
"STAT6",0.0244889684294689,-0.427281368683348,0.178,0.219,1
"YWHAH",0.0246016188447052,-0.559080387167639,0.157,0.187,1
"HSPBP1",0.024613830538141,0.476741176207621,0.187,0.125,1
"ENSG00000281181",0.0248640753972287,-1.23942302746582,0.018,0.04,1
"PIM3",0.024870385184513,-0.243612619577565,0.667,0.713,1
"PHF20",0.0248804668990825,0.201630034457696,0.539,0.444,1
"CUL2",0.0250301653440179,0.575361090633431,0.21,0.148,1
"TRAV13-2",0.0250757787904173,3.27149681769345,0.014,0.002,1
"PTPN22",0.0251844940194339,0.39112609488339,0.585,0.501,1
"TCF3",0.0255789398877674,-0.447828184004694,0.126,0.178,1
"RBM10",0.0255999799160114,-0.408346557255488,0.151,0.172,1
"TBC1D14",0.0256727438652455,-0.578965187383583,0.082,0.11,1
"IRF2BP1",0.02567747546718,-0.679400769443804,0.123,0.172,1
"MAPRE3",0.0257299213102086,0.861700631554252,0.1,0.054,1
"CAMTA1",0.0257989084545416,-0.379440147538818,0.288,0.354,1
"ENSG00000288851",0.0258268530895691,-1.81354479228512,0.007,0.025,1
"SLC8B1",0.0259304686810155,0.848624099131812,0.071,0.037,1
"GNG4",0.0259364308226248,-0.433362379623626,0.246,0.277,1
"CENPK",0.0259429884428086,0.633355480808614,0.11,0.066,1
"CYFIP1",0.0259615342364957,2.39455656097519,0.02,0.003,1
"MKRN1",0.0260589557239677,-0.341224326310238,0.315,0.36,1
"WBP1",0.0261014367704313,-0.534009560009651,0.121,0.148,1
"KDM4B",0.0261097322169612,0.373008136683474,0.416,0.343,1
"LINC03011",0.0261465198334241,2.38072885576365,0.021,0.005,1
"CRYBG1",0.0261703465838353,0.469507211808592,0.345,0.253,1
"KRT73",0.0261733687999837,3.1105227437998,0.012,0.002,1
"JUND",0.0262886635478919,-0.124150303343159,0.975,0.937,1
"GM2A",0.0263358356077986,-1.59620847443681,0.023,0.054,1
"NPEPPS",0.0264255728671739,-0.349585124799041,0.251,0.283,1
"TM7SF2",0.0264337648387209,-0.822474805784789,0.036,0.066,1
"ZFX",0.0264741441121313,-0.414074764006491,0.181,0.215,1
"DNAL1",0.0265675660144545,1.63054403437324,0.037,0.012,1
"MCEMP1",0.0267428636513799,3.06281723388298,0.02,0.003,1
"DANCR",0.0267516747153192,0.479511368647242,0.265,0.193,1
"FNBP1",0.0268382908046628,0.19368089907992,0.77,0.742,1
"LAT2",0.026888743555353,-0.492079979516494,0.084,0.085,1
"ASB6",0.0269329756745879,0.550130979303629,0.139,0.083,1
"BBS9",0.0270061695071392,0.328660618615456,0.1,0.083,1
"PITPNC1",0.0270211212087853,0.187471594177885,0.922,0.912,1
"ENSG00000226455",0.027090047834103,-0.904592556295396,0.036,0.065,1
"DCK",0.0270934820900732,-0.32267052668567,0.26,0.266,1
"ARHGEF6",0.0271258654648275,0.836557620114029,0.119,0.068,1
"PRPSAP2",0.0273192601108561,0.141567910850413,0.133,0.1,1
"FANCL",0.0273710098732057,-1.80557572051945,0.005,0.022,1
"ENSG00000290461",0.0274113901748108,2.05000488592884,0.02,0.003,1
"PCED1A",0.0274396092495675,0.739581681109094,0.059,0.028,1
"FMNL1",0.0274766929691278,-0.202017866259249,0.621,0.646,1
"SNRPB2",0.0275288674148188,0.204588993516284,0.443,0.357,1
"PEA15",0.0276147047403282,0.672889299405404,0.116,0.066,1
"PPM1A",0.0277679801066598,-0.44514046932276,0.194,0.246,1
"SRPK1",0.0278855606920706,-0.329456478154467,0.244,0.298,1
"C8orf88",0.0279732067789851,-1.70965200351206,0.004,0.017,1
"FIGNL1",0.0279960348058871,1.1322598645807,0.05,0.02,1
"M6PR",0.0280166881693264,-0.306181082550843,0.295,0.306,1
"PHF3",0.0280466976442062,-0.257575229779006,0.5,0.516,1
"TPST2",0.0281400301066029,0.375971949869487,0.302,0.252,1
"SNAPC2",0.0281414829878078,-0.834354801838629,0.043,0.056,1
"PLEKHM2",0.0282336692137442,0.189222209119874,0.141,0.102,1
"HNRNPUL1",0.0282762653766641,0.257910467112339,0.706,0.609,1
"PI4KAP1",0.0283109157744375,0.517490256571179,0.114,0.068,1
"PIK3AP1",0.0283567310433618,0.882485863611522,0.109,0.065,1
"PHRF1",0.0285833446868223,0.621584541994363,0.169,0.11,1
"PRF1",0.0285858301942812,1.0091491546294,0.084,0.054,1
"DUSP18",0.0287987505731327,0.530798095704194,0.091,0.056,1
"CWC15",0.028841622401838,-0.179255327526133,0.308,0.349,1
"RNF6",0.0288732273848018,-0.412600885319823,0.158,0.202,1
"FXYD2",0.0289839678001073,-0.555180533291316,0.112,0.102,1
"SNRNP27",0.0290378442070147,-0.324271416061549,0.176,0.204,1
"VSIR",0.0290414792009062,0.398561721949764,0.123,0.076,1
"GNA15",0.0290605747889877,-0.655347035534609,0.078,0.116,1
"CEBPZ",0.0291661974560102,-0.23440554865626,0.441,0.447,1
"SMARCAD1",0.0292763865360437,0.671718924765199,0.142,0.087,1
"ENSG00000279159",0.0295052008212092,-1.00749035790361,0.018,0.039,1
"ATXN7L1",0.0295966065840914,0.660790399429436,0.185,0.127,1
"MRPS6",0.0297312766640334,-0.305809548260595,0.584,0.607,1
"GRAMD4",0.0297702211085521,0.810565519167497,0.078,0.04,1
"ZNF141",0.0297952644898918,-0.652994667647595,0.085,0.121,1
"SLC39A3",0.0301375957115973,0.788687393317278,0.109,0.068,1
"IGF2BP3",0.0301917420326784,-1.72418946233803,0.009,0.026,1
"UAP1",0.030302424264482,0.282645423374991,0.249,0.184,1
"RFX7",0.0303437761197254,-0.266298775694136,0.242,0.294,1
"CCT6P3",0.0305034285543106,0.638711916282808,0.057,0.026,1
"ADRM1",0.0305429773598438,-0.187766026650787,0.457,0.509,1
"TBC1D20",0.0305551797563015,0.105788967287564,0.201,0.158,1
"PLAUR",0.0306760993656615,1.15390772912786,0.057,0.032,1
"EOLA2",0.0307253556967714,0.110765253555419,0.19,0.158,1
"CAPRIN2",0.0307275450918669,-1.09379871840603,0.03,0.057,1
"CMTM6",0.0307289194478691,-0.28703940651841,0.351,0.396,1
"ANO6",0.0308022419135001,-0.524228144760844,0.109,0.125,1
"LINC00324",0.030827333878949,-0.711602655686707,0.025,0.046,1
"ENSG00000290928",0.0308622039023016,-0.361702210498425,0.148,0.193,1
"EIF4A3",0.0308668712249611,0.337347681902196,0.463,0.386,1
"MZT2A",0.0310079096992329,0.329749574044532,0.281,0.24,1
"MAFF",0.0310319502474932,-0.826983076298099,0.085,0.116,1
"KLRC1",0.0310802287116278,-2.86597466027537,0.005,0.015,1
"IGF2R",0.0311131244044577,0.419124567653352,0.23,0.185,1
"PICALM",0.0313965703390548,0.165025574907336,0.324,0.258,1
"RAVER2",0.031508068612432,-1.04569336384972,0.012,0.031,1
"HYOU1",0.031525270569293,-0.307715314795153,0.187,0.202,1
"MON2",0.03159853732104,0.230097719008119,0.308,0.236,1
"MIB1",0.031621095586757,-0.530991577093635,0.119,0.159,1
"MCUB",0.031640407737616,0.229329984907368,0.623,0.539,1
"STK38",0.031739243456319,-0.232770621529572,0.543,0.566,1
"HGSNAT",0.0318617577240865,0.493823418032256,0.347,0.263,1
"TSEN2",0.0319825841932571,1.35475180515342,0.032,0.011,1
"ZNF506",0.0320210393449621,0.368937315575029,0.288,0.218,1
"ARFGEF1",0.0320261082654871,-0.161425148553822,0.331,0.371,1
"PABIR3",0.0321146558579161,0.655345973342295,0.151,0.093,1
"NXT1",0.0321221701476386,-0.411679265438532,0.254,0.297,1
"ACTR3",0.0323322407055522,-0.146694327257768,0.534,0.578,1
"KDM5C",0.0323698994323419,-0.335071062805094,0.185,0.233,1
"VAPA",0.0323937848999017,-0.178051746285094,0.557,0.603,1
"ACTG1",0.0324672782820563,0.275606214901118,0.911,0.867,1
"STARD5",0.0324908280300703,-2.91382773907592,0.002,0.014,1
"TMEM126A",0.0325438231341526,0.304428731970112,0.174,0.122,1
"NFKBID",0.0325913813587654,-1.309273722497,0.057,0.094,1
"SNRPD3",0.0326190906724102,-0.156348476290167,0.45,0.498,1
"FAAP20",0.0326202528291517,-0.302893114801489,0.228,0.241,1
"AK9",0.0326301309525941,-1.16323891936039,0.027,0.051,1
"NDUFV1",0.0326335167863458,0.157403012227758,0.335,0.325,1
"USP30",0.0327530900870188,-1.33524434981353,0.018,0.039,1
"TGIF2",0.0327783390756746,-0.313143245386991,0.285,0.338,1
"FOS",0.0328259058499695,0.37794917046001,0.391,0.311,1
"GIMAP4",0.0328584443306958,-0.457102098379985,0.279,0.338,1
"TBC1D22B",0.0329098278227101,-0.784106926313999,0.073,0.11,1
"PCED1B",0.0329474176689927,0.637049647089722,0.201,0.13,1
"RUNX3-AS1",0.032960332739988,1.79941843683148,0.014,0.002,1
"TAF1C",0.0330658780307439,-0.785177093078442,0.073,0.102,1
"ATG2A",0.0330747549102153,-0.217586804527361,0.162,0.162,1
"CA5BP1",0.0331056915768692,-0.76083961624742,0.057,0.09,1
"FAM117B",0.0335621366451582,-0.558535115433259,0.171,0.206,1
"TNFAIP8",0.0335672571006346,-0.333200527406966,0.343,0.393,1
"LAMTOR4",0.0335745240525006,-0.324337779781496,0.256,0.314,1
"KTN1",0.0338361986745642,-0.232284818132395,0.571,0.58,1
"ADAMTS10",0.033847216571131,-0.620892880453853,0.084,0.107,1
"DZIP3",0.0340025270101587,-0.920130088025292,0.057,0.09,1
"DLGAP4",0.0341133459585425,-0.318767527003138,0.105,0.105,1
"PKIA",0.034148041359035,-0.459595782736371,0.222,0.253,1
"FYCO1",0.0342406391834476,0.77152661753773,0.046,0.02,1
"PIGK",0.0343029080378836,-0.384172436926423,0.173,0.21,1
"FBXO48",0.0344706006502306,-1.6529814586356,0.014,0.036,1
"TRBV4-2",0.0345250685028917,2.55231837451505,0.02,0.006,1
"RALY",0.0346059062580205,-0.199550669704348,0.591,0.614,1
"ELMOD2",0.0347016393586271,-0.194683342360891,0.055,0.053,1
"EEPD1",0.0349133742030429,-0.131804308833163,0.087,0.082,1
"SLA2",0.0351843466043672,0.471178802526162,0.345,0.26,1
"ZNF683",0.0352841002370802,-0.546289319895728,0.105,0.134,1
"TMEM18",0.0353542974080182,0.516619458264062,0.181,0.124,1
"PER1",0.035631558611144,-0.410353838713239,0.26,0.297,1
"EIF4A1",0.0356999264397178,-0.200182472944207,0.915,0.927,1
"CA8",0.0357380997588658,-2.47841961950413,0.004,0.015,1
"ATP9B",0.0357857324379481,0.353248446424849,0.322,0.238,1
"TMEM14B",0.0358030425716626,0.21828825722669,0.397,0.315,1
"CCT8",0.0358465882323639,0.26259891349874,0.457,0.365,1
"LIX1L",0.0358569884390041,0.493181145283766,0.167,0.114,1
"GOLGA4",0.0358620706872036,-0.167113738768187,0.39,0.389,1
"NIPSNAP1",0.0358812102933106,-1.33010923983956,0.021,0.046,1
"PPP2R2D",0.0360073264355422,0.264245681917761,0.399,0.311,1
"ICAM1",0.0360612063956661,-0.927546120909024,0.018,0.04,1
"UBR5",0.0361255129124006,-0.143524470894258,0.327,0.315,1
"TRBV3-1",0.0361382598482455,-2.6827704250859,0.007,0.015,1
"MTREX",0.0362421506137569,0.555829759288169,0.194,0.144,1
"CSTF2T",0.0362947146704835,0.557771243183287,0.185,0.125,1
"LRRC37B",0.0363198412522745,-0.609771861320782,0.077,0.102,1
"NUSAP1",0.0363259882872993,1.64735719104027,0.028,0.008,1
"MAP3K5",0.0363443506010835,1.09010971623671,0.05,0.022,1
"ENSG00000288764",0.0364685860569431,-2.9575377892743,0.002,0.014,1
"ANP32A",0.0365862853261506,-0.371648295979584,0.365,0.408,1
"CC2D1A",0.0367469853462717,0.999994893782442,0.055,0.028,1
"IFT172",0.0367779871771131,1.84904043399049,0.025,0.006,1
"MTHFD1",0.036873762756943,-1.03903621506492,0.02,0.042,1
"HS2ST1",0.0369315065863687,0.508061260807336,0.165,0.131,1
"CHST11",0.0369621576275508,-0.249295675912704,0.365,0.416,1
"POLR3G",0.0370872292127593,2.57201568963109,0.016,0.003,1
"PRAF2",0.0370915624115748,-0.668309118096033,0.064,0.099,1
"MTF2",0.03718203046801,-0.428709569600282,0.196,0.236,1
"RNF144A",0.0372405864751235,-0.981058979897694,0.023,0.048,1
"GPR107",0.0372675057700738,0.359602293814567,0.105,0.093,1
"CCND3",0.0372743757311023,-0.382278935714742,0.297,0.357,1
"GPRASP1",0.0373149989853918,0.917782303152805,0.036,0.014,1
"INTS6L",0.0373320400367781,-0.426668060836512,0.162,0.207,1
"MSL1",0.0373507984124486,-0.474911380637637,0.16,0.207,1
"MARCHF8",0.0374161011625972,0.716900972697889,0.117,0.088,1
"RFTN1",0.0374381885093207,0.336015891189615,0.616,0.515,1
"ANKRD20A11P",0.0374543753399819,-2.28805475090686,0.002,0.014,1
"CTNNB1",0.037629207366381,0.267236517300729,0.411,0.371,1
"CPLANE1",0.0376704070865026,-0.492196964354701,0.068,0.079,1
"GOLGA7B",0.0376893672003712,-2.1765017044573,0.004,0.017,1
"STK32C",0.0377730780542027,-0.705228016071628,0.05,0.073,1
"H1-0",0.0378277590320264,3.03279458396288,0.014,0.002,1
"GOLGA8A",0.0378501949414388,0.586964442750405,0.178,0.116,1
"LGALS3",0.0378770238733955,0.377578798691865,0.059,0.031,1
"APMAP",0.0380189308366607,0.31691748931732,0.511,0.42,1
"ENSG00000290833",0.0382767111510309,0.647179256449786,0.146,0.094,1
"ENSG00000290737",0.0382959115503351,-0.951537534566288,0.034,0.062,1
"NUAK2",0.0385678245005396,-1.11027888771375,0.05,0.09,1
"TBC1D25",0.0386903354188041,0.618881798999512,0.167,0.113,1
"CAMSAP1",0.0387117934840222,0.944054865192112,0.089,0.046,1
"DHRS1",0.0387506041113842,-0.544164621944095,0.052,0.082,1
"GJC2",0.0388136354394584,-2.71201118624359,0.002,0.015,1
"PARVG",0.0388318375110365,0.550034826543752,0.23,0.164,1
"ATP8A1",0.0388826947921083,0.29645748842176,0.511,0.45,1
"MRPL38",0.0389114949625459,-0.358456048477841,0.215,0.24,1
"DPF2",0.0389522888537453,0.306718973576792,0.235,0.175,1
"VPS4A",0.0390063225870026,0.279739993367279,0.205,0.179,1
"LRCH3",0.0392197702370252,0.36419942365668,0.397,0.314,1
"PRCC",0.0392707761461105,-0.226579353910945,0.217,0.257,1
"SLC30A7",0.039350021738821,-0.181359830997969,0.336,0.338,1
"CUL9",0.0395290079231034,0.96632577457296,0.062,0.031,1
"CHCHD10",0.0395296414389726,0.345249883967284,0.238,0.17,1
"ENSG00000290951",0.0395766896789036,-0.966809428314936,0.052,0.077,1
"SAFB",0.0396623114558757,-0.296064197717937,0.329,0.371,1
"LINC00623",0.0397372035728909,-0.577430959257339,0.119,0.155,1
"NCR1",0.0397558813496054,1.27479161397903,0.037,0.014,1
"MICU3",0.0398002393838371,1.11839733000651,0.078,0.04,1
"SCAP",0.0398273146153953,0.636264992094653,0.132,0.087,1
"ARHGAP31",0.0398669110706095,-0.407100144957961,0.212,0.253,1
"FAM104B",0.0398984533031723,0.929246796903935,0.059,0.026,1
"PARN",0.0399176934140434,0.526695058495202,0.137,0.088,1
"KLF2-DT",0.040146421516363,1.9403087193643,0.02,0.005,1
"MRPL4",0.0401646498052736,-0.173094182391934,0.217,0.218,1
"GOLIM4",0.0404985781675061,0.998396726558567,0.084,0.048,1
"TIMM17B",0.0405044893181427,0.295003653372051,0.233,0.173,1
"VPS37B",0.0406872266477876,0.215979094272753,0.646,0.555,1
"PANK4",0.0407420763503374,-0.709411172108684,0.05,0.076,1
"ZFR",0.0408319889702602,-0.307491587607576,0.338,0.348,1
"CHMP7",0.0408824305388268,-0.492183438830593,0.306,0.352,1
"ZFP36L1",0.0408908149520787,-0.266600978979821,0.699,0.74,1
"ZRSR2",0.0409435696943773,-0.486091130087575,0.123,0.159,1
"PLPP1",0.0409493220254117,-0.19106368711318,0.085,0.074,1
"EXT2",0.0409663857389588,-0.468298595232861,0.103,0.131,1
"RAB1B",0.0410543533336898,0.295795589032632,0.388,0.301,1
"ABCF3",0.0412266946814162,0.490474739297255,0.217,0.155,1
"CBX8",0.04130374513106,2.10925471430883,0.021,0.005,1
"BRD7",0.0413440899178109,-0.181742338197674,0.564,0.59,1
"GPRIN3",0.0413520256303788,-0.243186559815509,0.388,0.393,1
"KPNA3",0.0413527491139669,-0.396258028211238,0.187,0.235,1
"CNOT6L",0.0415447441418305,0.298423680498982,0.628,0.55,1
"SLC25A4",0.0415455015614339,-0.946113290931957,0.039,0.07,1
"ITGB7",0.0416800401653691,-0.179406739165973,0.173,0.206,1
"CEP128",0.0416808638141379,0.491169553718798,0.075,0.045,1
"LUZP1",0.0417008896608395,-0.329303807923927,0.23,0.272,1
"MAILR",0.0417775066315203,3.03220850898144,0.014,0.002,1
"ENSG00000258908",0.0417994895143164,-1.40847481368743,0.005,0.019,1
"KDM4C",0.0418672623878298,0.240631631831443,0.231,0.175,1
"ZNF140",0.0419177275960208,0.555438067634828,0.103,0.062,1
"ZNF143",0.0419209733975236,-0.611275181587427,0.057,0.088,1
"TBCD",0.0420140872838486,0.411488556033907,0.215,0.155,1
"GAB2",0.0420313733346317,0.599389545827126,0.153,0.096,1
"TMEM204",0.0420426436852474,-0.602631111377078,0.068,0.102,1
"UBR3",0.0421335055965253,-0.459559112210461,0.181,0.219,1
"SRGAP2B",0.0421466363310001,1.11737399773726,0.059,0.026,1
"TCEA1",0.042156872038739,0.255880015180352,0.536,0.434,1
"SH3BGRL",0.0421692755635144,0.127908686103109,0.351,0.287,1
"ICOS",0.0422479558437022,-0.382402409766799,0.132,0.172,1
"HSPA5",0.0422745009747934,0.261682376621354,0.6,0.51,1
"AZI2",0.0423132039824596,-0.462147529635163,0.141,0.184,1
"ZNF610",0.0423669052934258,-1.77305759310924,0.004,0.015,1
"XYLT1",0.0424512089856416,0.677523828566597,0.133,0.082,1
"CENPU",0.0424543486436898,0.581389306856081,0.025,0.011,1
"UBAP1",0.0425350091021043,-0.303752188721592,0.247,0.267,1
"IFT81",0.0425365721821562,1.95854366546093,0.018,0.003,1
"LPXN",0.0426108465759828,-0.183356122339392,0.698,0.677,1
"MPC2",0.0427776268305002,0.400734477799898,0.336,0.253,1
"CYSTM1",0.0428132946508116,0.253950800160837,0.55,0.465,1
"ADISSP",0.0428238536230693,1.01801627050677,0.064,0.031,1
"HIPK3",0.0428445998011593,-0.196884923735579,0.237,0.23,1
"GLUL",0.0429627097707207,-0.668038184305266,0.096,0.13,1
"CLIP2",0.0432805356893829,-0.949547982090258,0.023,0.043,1
"MAX",0.0433071900340434,-0.230814369953701,0.585,0.606,1
"SNRNP48",0.0433134815698517,0.187003581047314,0.107,0.082,1
"CD151",0.043328343711933,-1.10812237971706,0.027,0.051,1
"P4HA2",0.0436612955482359,2.63998987440365,0.012,0.002,1
"GATA6",0.0436710239811866,2.1971807258596,0.02,0.005,1
"ZNF552",0.043671572222025,0.870598790997887,0.053,0.028,1
"LY96",0.0436781855832881,-1.38689165672204,0.014,0.026,1
"RCOR1",0.0436783690323484,0.406452844892204,0.301,0.221,1
"TRGV5",0.0437237582572433,0.428350753512817,0.105,0.07,1
"GK-AS1",0.0438087988205545,2.70722851355427,0.014,0.002,1
"HMGA1P4",0.043816824068618,1.48027135377766,0.027,0.008,1
"TAF1",0.0439398135036916,0.557432448165418,0.173,0.114,1
"LINC01138",0.0439934484983887,-0.245911964134374,0.427,0.484,1
"SESN2",0.0440150823700321,-0.531921784865829,0.085,0.122,1
"SNX17",0.044019740031652,0.43295466883096,0.292,0.216,1
"PLEKHF1",0.0440509074310359,0.896139892480702,0.077,0.048,1
"SPIDR",0.0440566681427092,0.336832043905717,0.151,0.131,1
"TNF",0.0442445862062874,-2.61372733090966,0.002,0.014,1
"TMEM245",0.0442972001064796,0.356878087387963,0.317,0.24,1
"ID3",0.0443353063760873,-0.134369114346698,0.571,0.64,1
"FTL",0.0444458514074517,0.118709891067772,0.97,0.951,1
"AGTRAP",0.0445090556533776,-1.06613951531908,0.023,0.045,1
"ENSG00000289788",0.0446535612513176,-0.506192859818405,0.039,0.06,1
"PMS2P3",0.0447375564382391,-0.69018375669735,0.023,0.043,1
"ATP6V1H",0.0448011999303626,0.326855390667294,0.244,0.178,1
"ATP11C",0.0448794640408417,-0.664133868242278,0.087,0.122,1
"SOX4",0.0449567714491476,0.116403760138145,0.37,0.402,1
"MRPL47",0.0449617505560734,-0.270463363819961,0.31,0.318,1
"ZNF736",0.0449731939782344,0.540259205032342,0.105,0.062,1
"RB1",0.0450108869280564,0.325616198010068,0.302,0.226,1
"ZNF576",0.0450153632471686,-0.928867141972192,0.046,0.079,1
"MRPL18",0.0450502931668623,-0.434852166871848,0.187,0.212,1
"MFSD10",0.0452541695852592,0.325274354143524,0.221,0.162,1
"TSPAN2",0.045309219004409,0.538334159574276,0.121,0.091,1
"WDFY1",0.0453671411510189,0.660155384559425,0.1,0.066,1
"CYLD",0.0453679651192665,-0.210222385244523,0.577,0.603,1
"PPRC1",0.045401639846955,-0.502910583090536,0.089,0.124,1
"G6PD",0.0455715235411032,-0.515182663394543,0.151,0.192,1
"RAB7A",0.0457072865988931,-0.194160290045846,0.557,0.592,1
"ELF2",0.045765019379116,-0.217106568981511,0.365,0.359,1
"PIM2",0.0458687883556723,-0.472927162590524,0.254,0.3,1
"RBM45",0.0459506880682369,1.08479808740745,0.046,0.02,1
"GSDMD",0.0459742422197855,0.689382728773793,0.105,0.059,1
"ENSG00000287555",0.0460354525138919,0.581768491206247,0.139,0.087,1
"LONRF1",0.046063850595638,0.719729701913057,0.103,0.06,1
"TERF1",0.0460946095322262,-0.408259788447165,0.153,0.189,1
"MEX3B",0.0461280855796986,1.48637340028059,0.028,0.009,1
"LMBRD2",0.0461786943990974,0.981823732976621,0.053,0.026,1
"MFSD11",0.0462779170643717,-0.200714251525831,0.409,0.406,1
"U2SURP",0.0463440629531062,0.376070762675702,0.395,0.312,1
"HLA-E",0.0463560894659995,0.11459728903634,0.984,0.957,1
"SRF",0.0463782768934768,0.544808024504852,0.126,0.097,1
"TMEM185A",0.0464402862700927,0.222464303842782,0.068,0.046,1
"RAC1",0.0466706308492507,-0.208536684784836,0.598,0.603,1
"ATP8B1",0.0466806153998819,-1.21174774231501,0.012,0.031,1
"BIN2",0.0467588027158839,-0.261159225693216,0.254,0.298,1
"SNX30",0.046789986057751,-0.917238507796729,0.036,0.056,1
"PSMD14",0.0467914930352024,0.264212628367372,0.281,0.257,1
"R3HCC1L",0.0469443146178335,0.566135273170447,0.178,0.117,1
"TBPL1",0.0469667681361648,0.431778299629464,0.242,0.19,1
"NAT10",0.0469837512908409,0.579158164140456,0.139,0.09,1
"MDFIC",0.0471111930629612,-0.175681841239142,0.089,0.087,1
"ZC3H14",0.0471855074415036,0.495271532268962,0.133,0.094,1
"ARHGAP17",0.0474522525660422,0.262484904308446,0.242,0.176,1
"MAEA",0.0474671200968155,-0.200174462496085,0.23,0.221,1
"MEAF6",0.0475169174187688,-0.319412265355946,0.375,0.411,1
"RAB33A",0.0475295927008241,1.1062363019204,0.068,0.036,1
"DELEC1",0.0475839383520587,2.48820308166455,0.012,0.002,1
"GAPDH",0.0476186502875661,0.254076580592065,0.934,0.903,1
"CCL3L3",0.0476575526374211,-2.35812723621783,0.005,0.022,1
"JKAMP",0.0478465819354094,0.679027748592389,0.126,0.079,1
"TTTY10",0.0480290937924533,2.37522132708336,0.018,0.003,1
"ATF6-DT",0.0480710141663787,-1.85205073852092,0.004,0.015,1
"NKIRAS1",0.0481291526339206,-0.419399208850619,0.053,0.051,1
"TMEM134",0.0481420696736917,0.376248225307464,0.146,0.105,1
"ITGAE",0.0481756563924853,-0.224765845842287,0.365,0.366,1
"NFKB2",0.0482097155080084,-0.207059715293142,0.715,0.728,1
"SLK",0.0482722015243818,0.423287806573589,0.283,0.229,1
"CACTIN",0.0483054058436576,1.00673784707325,0.062,0.032,1
"RABL3",0.0483323367288553,-0.797345311482939,0.057,0.085,1
"ZNF207",0.048346893385761,-0.195000464138406,0.587,0.601,1
"ISCU",0.0483475341967762,-0.152003755731657,0.626,0.594,1
"BLZF1",0.0484685530966313,-0.211301190640629,0.165,0.158,1
"CHSY1",0.0486793379159527,0.78173308394686,0.091,0.051,1
"LLGL2",0.0487388547164611,0.538388157816132,0.077,0.048,1
"CLBA1",0.0488239501800376,2.88603276733498,0.012,0.002,1
"CPSF7",0.048851864231557,0.123792716033096,0.283,0.227,1
"NSMAF",0.0489707926722034,0.570543544866288,0.165,0.111,1
"RTP4",0.0492570653262438,-0.157442110885288,0.023,0.036,1
"TRBV7-4",0.049307524042097,-3.01343765471885,0.005,0.02,1
"UBL4A",0.0494384916924597,0.686642384548752,0.089,0.053,1
"PCGF1",0.0494759353857322,0.421156344450162,0.107,0.068,1
"H2AC14",0.0495376296612709,-2.59716258695923,0.002,0.012,1
"PSME1",0.0497015156160653,0.193215907344205,0.754,0.679,1
"NAXD",0.0497226806951284,-0.854426224270739,0.036,0.062,1
"TCTN3",0.0498411026775954,0.673270945150626,0.132,0.083,1
"NPHP1",0.0498558269488823,2.56700605056654,0.012,0.002,1
"ARMCX2",0.0499205295737819,-0.469314220710126,0.021,0.039,1
"ARHGEF9",0.0499764854560672,-0.919502874406772,0.032,0.056,1
"MGST3",0.0500793851105591,-0.213313164296536,0.148,0.181,1
"ENSG00000272277",0.0500941155263042,-1.1218718395807,0.018,0.04,1
"SPATA20",0.0501029134621177,1.3405993741983,0.027,0.008,1
"GXYLT1",0.0501426680830983,0.40901430690214,0.178,0.122,1
"UMAD1",0.0502167143019608,0.184849033071728,0.194,0.144,1
"SGK1",0.0502183968300949,0.506396874964189,0.24,0.19,1
"TNFRSF25",0.0505066122661843,-0.392140228243064,0.214,0.263,1
"RSAD2",0.0505395550219586,1.56631478419267,0.03,0.009,1
"PREX1",0.0505833397061422,0.330275909542531,0.477,0.406,1
"RARS2",0.0506387084436234,-0.413338310208731,0.155,0.19,1
"NT5DC1",0.0507798473444143,0.755235243817144,0.1,0.06,1
"CHIC1",0.0508149733921083,-0.881155025461368,0.044,0.07,1
"EFCAB6",0.0508227946336051,1.95702681847691,0.018,0.003,1
"PPP1R11",0.0508894476550689,0.213140514659304,0.34,0.264,1
"CHIC2",0.0508939825990033,0.228076208046815,0.521,0.468,1
"KRI1",0.0509275738337692,-0.301277792045744,0.098,0.128,1
"ANKH",0.0509522129857926,0.256326936194728,0.244,0.184,1
"GNB1",0.051227343367098,-0.203253572366914,0.655,0.679,1
"CD248",0.0512378536873436,1.94823594094104,0.025,0.008,1
"PPP3CA",0.0512798166681246,-0.211698531136377,0.228,0.266,1
"SIN3A",0.0514623254953592,-0.330331770410969,0.194,0.243,1
"EIF3CL",0.0515050708136928,2.14824442265457,0.016,0.003,1
"ING2-DT",0.0516173477893272,-1.84388124530661,0.004,0.017,1
"GOLGA5",0.0517261482149004,0.3486934942318,0.125,0.087,1
"CLSPN",0.0517552783888863,-0.689888899719151,0.016,0.032,1
"IGFBP2",0.0517741582005298,-2.13213087014138,0.005,0.019,1
"PCNX2",0.0518494968792085,-0.318217159340487,0.112,0.113,1
"PHGDH",0.0519873171684058,-0.790580431002985,0.034,0.057,1
"SEMA7A",0.0520607840846398,0.747983013524857,0.094,0.054,1
"ENSG00000272588",0.052074424698323,2.02539119185121,0.027,0.008,1
"SUCLG1",0.0521748409200558,-0.230229443281215,0.226,0.23,1
"PTOV1",0.0522133064407854,-0.435061726358882,0.224,0.274,1
"ESF1",0.0523398481837484,0.419163317766605,0.19,0.15,1
"TNFAIP8L1",0.0523448390916677,-0.347028043820264,0.059,0.082,1
"CELF2",0.0523987139168533,0.26675857222466,0.484,0.403,1
"ENGASE",0.0524260076639742,-1.5575588439283,0.009,0.025,1
"FYN",0.0524871935527388,0.139247641882008,0.872,0.87,1
"RABL2A",0.052579554154431,-1.19209373012005,0.016,0.031,1
"ZNF814",0.0526401285094815,0.198600278932406,0.112,0.082,1
"PI4KB",0.0526676952263905,-0.246578684186635,0.135,0.134,1
"PANK3",0.0528520076071804,-0.318946021069449,0.125,0.13,1
"GFI1",0.0531278865938879,-0.359767342950605,0.13,0.168,1
"RPSA2",0.0533278940395122,0.427888821404956,0.121,0.097,1
"PPIE",0.0533325481255232,-0.473093296233799,0.116,0.133,1
"ODF2L",0.0534525652757454,-0.174140476345653,0.34,0.388,1
"EGLN2",0.0535553645259649,-0.292112890517133,0.265,0.314,1
"SCMH1",0.053615335805236,-0.357727016371612,0.08,0.111,1
"BCOR",0.053647758760587,-0.155662057552335,0.196,0.189,1
"PLEKHA2",0.0537345296084364,0.25467669710772,0.541,0.436,1
"ZNF410",0.0537468447161036,-0.287786237649629,0.226,0.244,1
"NUDT16",0.0537786484093784,1.74588597286825,0.021,0.006,1
"EFCAB14",0.0538013112249008,-0.217202949286684,0.219,0.213,1
"ATL1",0.0538587956740185,-1.41194553780749,0.012,0.028,1
"ZNF66",0.0538802012795668,0.835635531080003,0.064,0.032,1
"ENSG00000291220",0.0539716098802151,-0.870239715837397,0.025,0.048,1
"PRPF38A",0.0539786462128842,0.172441517231229,0.336,0.266,1
"TRBV25-1",0.054201243731746,2.89375312388276,0.016,0.003,1
"IFITM3",0.0542290358530663,-0.18748521950849,0.199,0.236,1
"G3BP2",0.0543225506695448,0.290603857416095,0.603,0.501,1
"ABCA5",0.0543248011328623,-0.860786889509483,0.052,0.076,1
"HSPA2-AS1",0.0543909567081091,-0.595718993788335,0.08,0.111,1
"TTC21B",0.0547729018039752,0.283281545544796,0.13,0.114,1
"TMED9",0.0548042848306733,0.280387251745605,0.379,0.318,1
"HEIH",0.0548800757638361,-0.831617900278961,0.043,0.066,1
"SRSF4",0.0549884309482777,-0.247096367250081,0.484,0.519,1
"CFAP36",0.0550591595122693,0.440975974865673,0.274,0.195,1
"ITFG2",0.0551631891736944,0.535079673288669,0.151,0.104,1
"GABARAPL1",0.0551968806169271,0.280538326604954,0.667,0.587,1
"RRAGD",0.0552701879893694,-1.28155158295519,0.011,0.028,1
"FAM120C",0.0552968063813973,-1.07040645593728,0.025,0.043,1
"F8A3",0.0554587946452817,-1.29231440974948,0.014,0.034,1
"PEX14",0.0555815155122433,0.674665103305986,0.139,0.096,1
"CCR9",0.0556120994704675,-0.868953911423792,0.062,0.1,1
"ACOT9",0.0556155781606332,0.663693101084813,0.123,0.074,1
"TMBIM4",0.0556622179274018,0.457356741399962,0.247,0.192,1
"CHMP1A",0.0556963685271708,0.429254208707798,0.242,0.173,1
"CAPN7",0.0557186190366779,0.499052647684573,0.215,0.159,1
"CDK11A",0.0558217184326206,-0.200359679929408,0.254,0.247,1
"TANK-AS1",0.0558557795138777,-0.412491425024849,0.085,0.119,1
"GGCX",0.0559190062668163,0.396855935488981,0.109,0.096,1
"PDZD2",0.0560430838913645,-0.661763546726168,0.007,0.02,1
"PSMG3",0.0560493089629227,-0.497889828617205,0.071,0.079,1
"ENSG00000279168",0.0562473546819072,-0.516213448100679,0.101,0.119,1
"GLRX5",0.0563237280682119,0.28915909179397,0.351,0.297,1
"NXF1",0.0563413829031344,-0.329545969377087,0.286,0.325,1
"SPAG5-AS1",0.0563619637163907,1.08897231056313,0.027,0.009,1
"COMMD8",0.0564667614550956,0.464601464752891,0.148,0.097,1
"LINC02325",0.0565160141221349,1.88674804335473,0.023,0.006,1
"ZNF394",0.0565497075832487,0.379145470817011,0.246,0.176,1
"CEP290",0.0565734493267009,-0.198129476083265,0.116,0.104,1
"AKR1B1",0.0566653665901176,0.442524817310169,0.176,0.122,1
"HOPX",0.0566814178317167,-0.536747038156514,0.044,0.07,1
"HSF1",0.0566894582361566,-0.262541069591114,0.242,0.252,1
"TSPAN32",0.0566999731124455,-0.626246423790691,0.057,0.087,1
"CCT4",0.0567462417339442,-0.264630145448293,0.452,0.474,1
"ANAPC10",0.0568816472645442,-0.50725526558258,0.101,0.136,1
"SDF2L1",0.0569200618359873,0.256103312597013,0.125,0.093,1
"RUBCN",0.0570211988268663,0.623908991346314,0.157,0.1,1
"CDK16",0.0570691292888903,-0.380349084383016,0.181,0.224,1
"MRPL39",0.0572622198349339,0.312266049569103,0.144,0.102,1
"PEX1",0.0573069961949692,-0.363962814348526,0.06,0.063,1
"COPS4",0.0573212193211802,0.357190721388805,0.206,0.147,1
"KIAA0040",0.0574507642811019,-1.70155443105789,0.009,0.026,1
"SEC61A1",0.0575859887893608,0.343950453208601,0.256,0.187,1
"TBCEL",0.057741429050101,0.952111098943532,0.062,0.031,1
"CHRNB1",0.0578048166466277,-0.950055184484453,0.032,0.059,1
"CSTB",0.0578151165821936,0.211346180696233,0.507,0.425,1
"MOAP1",0.0578228985820174,0.486279193537342,0.139,0.091,1
"ACTN1",0.0579098230761983,0.431272462435825,0.26,0.209,1
"PCBP2",0.0579525389710296,-0.211207943229845,0.603,0.638,1
"PHACTR4",0.057963495534541,-0.117319108772639,0.233,0.263,1
"CIB1",0.0580076403760369,0.174856379808831,0.815,0.745,1
"ZNF2",0.0580914938398037,0.964646837067594,0.036,0.015,1
"CDC42EP3-AS1",0.0581689939458786,0.86380566104073,0.05,0.023,1
"TALDO1",0.0583003018185487,-0.426105546681865,0.242,0.286,1
"RPS6KA1",0.0584514352604264,-0.611463207485876,0.052,0.06,1
"PABPN1",0.0586181124473424,-0.263906843103042,0.504,0.533,1
"SYNGR2",0.0586327438061924,-0.281528258427378,0.333,0.351,1
"HINT1",0.0586754743522806,-0.109314773171878,0.936,0.93,1
"TM9SF1",0.0588331322071364,0.248335333240196,0.263,0.196,1
"ZMAT2",0.0588873689477832,0.303752055837879,0.415,0.338,1
"ENSG00000236986",0.0589380710538321,-1.30556790735068,0.014,0.034,1
"PPP2R5A",0.0590894286179282,-0.190599419159842,0.361,0.403,1
"RTN4RL1",0.0591465052142686,1.49912009025503,0.037,0.014,1
"SH3BP5",0.0591601776100617,0.181598008961334,0.062,0.048,1
"WASHC2C",0.0593099922915893,-0.360393953884794,0.123,0.156,1
"PRKCA-AS1",0.0593444527824397,1.61624031478403,0.027,0.008,1
"FCGR3A",0.0593503210986336,2.25644593449672,0.018,0.005,1
"KRAS",0.0593837011637631,-0.234215228301369,0.441,0.473,1
"HIC1",0.0593892902552281,0.624526270122984,0.116,0.071,1
"ANKRD36B",0.0596479592763063,-0.556782688030939,0.098,0.125,1
"CCDC22",0.0597122083581136,-0.312901401884907,0.064,0.06,1
"UBALD1",0.0598960969456518,-0.40665831862207,0.158,0.184,1
"DDI2",0.0600268146416624,-0.300061757080487,0.269,0.294,1
"EIF3J",0.0600281048065623,-0.246604495009193,0.4,0.42,1
"ENSG00000261573",0.0600422077475687,-0.107130546088912,0.219,0.175,1
"SLC39A8",0.0601297536332708,-0.261196477842712,0.317,0.328,1
"MAD2L1BP",0.0602372755201557,0.452284446667424,0.165,0.114,1
"AP2B1",0.060303835592588,0.222842789518465,0.313,0.244,1
"PABPC1",0.0603643479981456,0.130353938419375,0.998,0.994,1
"ARHGAP42",0.0604805786408909,-0.316281543830717,0.018,0.026,1
"PTCD1",0.0605672049726634,-0.805586986532801,0.014,0.032,1
"N4BP2L1",0.0605741270623515,-0.376148312050584,0.199,0.219,1
"LMF1",0.0605808020725943,-1.05628484829951,0.018,0.039,1
"PIGM",0.0606964941853294,0.704434671250552,0.043,0.022,1
"POP5",0.0607673548225325,-0.722105271033968,0.059,0.087,1
"BCL7B",0.0608723969085099,0.122070767938371,0.354,0.287,1
"TRAV8-2",0.0608836764305801,0.926480565288595,0.018,0.02,1
"PIAS2",0.0609443929397621,-0.212468842527574,0.11,0.113,1
"ENSG00000240401",0.0610947351583095,-1.89691214752812,0.009,0.025,1
"TPRG1",0.061107357429012,2.02466147994442,0.02,0.005,1
"AATF",0.061351952981639,0.426309036856129,0.278,0.206,1
"ZNF292",0.0614335820376607,-0.134942820965222,0.461,0.44,1
"SEL1L",0.0614672384061172,0.378678297699474,0.221,0.164,1
"IFNLR1",0.0615948818846311,2.90342430522069,0.012,0.002,1
"EIF4B",0.0615957213468651,0.230339791423207,0.605,0.538,1
"LANCL3",0.0616182061016017,2.46053949610983,0.012,0.002,1
"STMP1",0.0616536232620837,-0.34342174171829,0.226,0.25,1
"KPNA5",0.061943126797882,-0.373084917370595,0.19,0.229,1
"SIPA1",0.0621309320490962,0.307638909230031,0.448,0.396,1
"TTC28",0.062138734798787,2.96486365250628,0.012,0.002,1
"CASP1",0.0621412510754205,2.07801142989347,0.016,0.003,1
"PRXL2C",0.0621947406157521,0.564205513606613,0.181,0.127,1
"ARRB2",0.0622052162860045,0.37579948854315,0.363,0.3,1
"ASPH",0.0622329782784108,-1.29564227129875,0.012,0.031,1
"UBE2D3",0.0622676683086775,-0.144906419052474,0.858,0.862,1
"LINC01004",0.0623785155057307,0.580518030887542,0.1,0.066,1
"SAP30",0.0623834346992373,-0.461960411612478,0.041,0.045,1
"IRF2BP2",0.0623933660133465,-0.155526216680539,0.802,0.811,1
"CHCHD5",0.0624043979912104,0.540911797040295,0.141,0.107,1
"ENSG00000289474",0.0624162357577385,-0.360639131656726,0.206,0.229,1
"INPP4A",0.0624209684409984,0.285132689698824,0.288,0.216,1
"ZNF485",0.0624367774889038,2.25890784597355,0.012,0.002,1
"PTPN6",0.0624397012580448,-0.45997411138517,0.075,0.091,1
"PALS2",0.0625239625682122,0.748817093314607,0.082,0.045,1
"APLF",0.0625473537736239,-0.926476112719256,0.027,0.048,1
"UNC119",0.0626873461998438,-0.356500071549747,0.126,0.164,1
"CFAP54",0.0628075890449253,2.72943700160191,0.012,0.002,1
"MIR155HG",0.0628664354078296,-0.356435995609508,0.06,0.083,1
"ENSG00000248367",0.0628982874780859,1.65902346402182,0.03,0.011,1
"GOLGA2P5",0.0630044544375145,2.0213782742633,0.014,0.003,1
"NELFA",0.0630087949486325,-0.395712143526389,0.189,0.219,1
"GPSM3",0.063038662475676,-0.203384346743605,0.521,0.546,1
"NAA60",0.0630492840775137,-0.16220618145834,0.238,0.229,1
"NCF1",0.0630566578489147,-0.698658575421404,0.053,0.083,1
"NOP53",0.0630738642033887,0.146690065074931,0.881,0.835,1
"CTIF",0.0631835857376763,2.42914476339305,0.02,0.005,1
"LRRC42",0.0632140133091118,-0.868543155452437,0.036,0.062,1
"FOXJ3",0.0632429188002416,-0.240236372436854,0.322,0.342,1
"USP8",0.0632744271351311,0.291560749808371,0.32,0.243,1
"ARFGAP3",0.0633052896521228,-0.351017042298846,0.31,0.345,1
"YTHDF3-DT",0.0633517294543401,1.0827846878213,0.018,0.005,1
"RPP30",0.0633533653812666,0.160940951743518,0.206,0.162,1
"BBLN",0.0635019555225751,0.254210937446239,0.537,0.444,1
"SMG5",0.0635146810635333,-0.269359874663271,0.125,0.128,1
"DNAJC2",0.0635589180005682,-0.164586102055513,0.297,0.308,1
"CUL3",0.0635992455996676,-0.192056896631453,0.514,0.543,1
"PHF1",0.0637680355251196,0.262938184488254,0.456,0.391,1
"LAX1",0.0638050628093534,0.422226915977259,0.128,0.083,1
"TRAV1-2",0.0638505849768124,3.05570262391149,0.012,0.002,1
"GTF2IRD2B",0.0639065029151938,-0.499621741260414,0.135,0.176,1
"EFNA3",0.0639514103616868,-2.76035860711176,0.002,0.012,1
"GABPB2",0.0640747048176824,1.05699552165427,0.059,0.029,1
"RWDD2A",0.0641055453502036,1.74164608063245,0.018,0.005,1
"SLC25A46",0.0642618845361788,-0.469270676801929,0.187,0.213,1
"RAB3GAP1",0.0643001501296455,-0.187585232389621,0.393,0.397,1
"TMF1",0.0644151062568444,0.198465414825156,0.406,0.321,1
"SERPINB1",0.0644385038137755,0.489283532207611,0.24,0.178,1
"NSD3",0.0645173935286009,-0.164896888273296,0.509,0.538,1
"ZNF493",0.0649622198652582,-0.291223153151104,0.165,0.189,1
"TSC22D2",0.0652940154562926,-0.245915421362182,0.244,0.221,1
"EI24",0.0653632841433242,-0.470285414911895,0.132,0.172,1
"GLE1",0.0658047358698979,-0.35030850241424,0.069,0.073,1
"TET2",0.0658267914612245,0.223325999325141,0.299,0.23,1
"CFDP1",0.0658754750863435,-0.233801343934867,0.198,0.199,1
"ZCCHC2",0.0659140432888481,0.538720251893694,0.21,0.148,1
"RASGRP2",0.066052525234476,-0.191590156579715,0.372,0.363,1
"ENSG00000287503",0.0661142206036531,-1.32566326970075,0.011,0.026,1
"RRS1",0.0661622323062652,1.03897694540023,0.064,0.032,1
"USP16",0.0662420005964277,0.183790334689657,0.377,0.304,1
"CRKL",0.0662803656617314,-0.285433510194329,0.167,0.202,1
"DHRS4L2",0.0663031927286896,-2.0349546545766,0.004,0.015,1
"CD83",0.0663988941051552,-0.296890450237581,0.167,0.209,1
"DCAF15",0.0664925379121036,-0.297546105349481,0.231,0.246,1
"ENSG00000278766",0.0665505015546936,-1.51097422136602,0.012,0.029,1
"SEC31A",0.0666091084202922,0.116725293430734,0.267,0.263,1
"STIM2",0.0667093745356086,-0.358069429611475,0.253,0.289,1
"SETDB2",0.0667247620247233,-0.656911869300311,0.052,0.079,1
"COX11",0.0668013552139483,0.599485729206131,0.133,0.087,1
"DNAJC5",0.0670154131086061,-0.210404859014987,0.128,0.151,1
"PTCH2",0.0672160547769066,-2.37437577480878,0.004,0.015,1
"SMIM19",0.0672468267964721,0.309888838073616,0.144,0.104,1
"RASSF3",0.0672500742923164,0.363108880978579,0.174,0.122,1
"HNRNPAB",0.0672807782741961,0.237797659210583,0.464,0.383,1
"NRDC",0.0674016250430213,-0.256105898590353,0.217,0.253,1
"HAPLN3",0.0674440481578018,-0.373125638156939,0.1,0.133,1
"SPRY2",0.0674499345589293,-0.227539170963956,0.032,0.049,1
"MARK2",0.0675371983855916,0.294853931425545,0.226,0.175,1
"CCDC69",0.0676252058559057,-0.530334720837571,0.203,0.241,1
"RSL24D1",0.067641398901898,-0.202270393829953,0.587,0.612,1
"RBPJ",0.0676875532479664,-0.17060633016394,0.477,0.457,1
"ARPC5L",0.0677746084049653,-0.316113458452983,0.251,0.292,1
"DLG1",0.0678463798303863,-0.224065683260177,0.238,0.241,1
"GNPTAB",0.0678490377813646,-0.276420712814347,0.23,0.238,1
"DNAJB1",0.0679488091763513,0.33969079214507,0.447,0.372,1
"SLC17A5",0.0680691302676182,-0.689950110012837,0.044,0.063,1
"SEC23B",0.0682039452235525,0.136212498518376,0.263,0.21,1
"APBB1IP",0.0682709969497696,0.250355587847022,0.491,0.41,1
"ZFY-AS1",0.0683847526835546,2.51876996338343,0.012,0.002,1
"ZNF740",0.0684294476675144,-0.489903999428172,0.075,0.082,1
"HAUS1",0.0685655934464403,-0.619689765096763,0.073,0.105,1
"LARS1",0.0686117460876567,-0.356988677905719,0.128,0.141,1
"CAPRIN1",0.0686539593295075,-0.25830326275306,0.288,0.311,1
"MCRS1",0.0687135515851498,0.38779919271922,0.217,0.162,1
"CDC5L",0.0687169511762365,-0.107320032325048,0.276,0.25,1
"GLIDR",0.0687202785369711,1.77426323342185,0.02,0.005,1
"NME7",0.0687307097049283,-0.498276128077525,0.146,0.176,1
"NDUFC2",0.0687716811524909,0.235399133640774,0.52,0.428,1
"RBBP4",0.0687742595197808,-0.210512899575596,0.441,0.454,1
"PMPCA",0.0688702891734314,0.334480318677267,0.169,0.122,1
"MIS12",0.0689815996706709,-0.54470188464445,0.085,0.121,1
"CMTR1",0.0691612182738139,-0.394633582455146,0.057,0.076,1
"EMC4",0.0692432079085035,0.217641722930913,0.461,0.383,1
"HIBCH",0.0693919082110115,-0.231721195498837,0.096,0.09,1
"MICAL2",0.0695062562168163,0.785260810405497,0.021,0.008,1
"ADNP-AS1",0.0695904679751655,1.59209711848945,0.018,0.005,1
"HIBADH",0.069669603057729,0.703138944276725,0.112,0.066,1
"CDR2",0.0697006119467197,-0.25695990931722,0.438,0.437,1
"CPNE3",0.0697277692559588,0.241364022533916,0.158,0.116,1
"SPIRE2",0.0697771651542131,1.2230068019697,0.021,0.006,1
"DUSP16",0.069843707991953,0.362356771176111,0.335,0.246,1
"COX7B",0.069914246906117,-0.151464739039005,0.617,0.66,1
"GTF2IRD2",0.0699222993623024,0.848157978571337,0.068,0.036,1
"MYC",0.0700010079766065,-0.737133480887796,0.19,0.226,1
"TCF20",0.0701366518273197,-0.568624293843494,0.071,0.105,1
"MBD3",0.0702445223041498,0.205981973422956,0.077,0.071,1
"TRGV7",0.0702717172921111,-0.520277873241907,0.077,0.113,1
"FHIT",0.0703411414825392,-0.550796647613417,0.075,0.087,1
"ENSG00000270022",0.0703782336272556,2.15344165215211,0.018,0.005,1
"ACTR3B",0.0704811862441431,0.757838767808697,0.069,0.037,1
"P2RX5",0.0705542257485543,-0.623099609238858,0.078,0.105,1
"LEF1-AS1",0.0705936923128846,-0.437848356589648,0.116,0.161,1
"TKT",0.070616612980507,-0.215801436826402,0.363,0.399,1
"HSP90AB1",0.0707595607132176,-0.137256298680172,0.923,0.926,1
"TMX2",0.0708741946921681,0.441320109781691,0.196,0.141,1
"AHCTF1",0.0709094870156763,0.485238861582646,0.238,0.172,1
"UBTF",0.0709371621469065,0.386693298288343,0.276,0.226,1
"FDFT1",0.0709594797260895,-0.338156660447881,0.27,0.297,1
"MTMR4",0.0709629254397532,1.02566713478589,0.044,0.022,1
"FADS3",0.0712354219427815,-0.607014752416861,0.103,0.131,1
"PLAC8",0.0713390786544147,0.326813219829115,0.502,0.42,1
"MRPL45P2",0.0714289978405724,-1.08754323522565,0.025,0.048,1
"IFT57",0.0714710157685603,0.467723290864938,0.19,0.142,1
"SYK",0.0714738067647804,-2.24621552568827,0.002,0.011,1
"APPBP2-DT",0.0715430771388063,2.97588449748959,0.012,0.002,1
"NCAPG2",0.0715860225885727,1.209049351483,0.025,0.008,1
"PWWP3A",0.071600563169497,0.551205617523657,0.039,0.037,1
"GLCCI1",0.0716071175343629,-0.186744162957029,0.304,0.349,1
"PGS1",0.0717262553741739,0.398164191296105,0.085,0.054,1
"POT1",0.0717890264309536,-1.00479524196662,0.036,0.059,1
"YY1AP1",0.0718036483749465,-0.314147358934746,0.272,0.294,1
"CYTH3",0.0719172261221245,-0.141725989179412,0.066,0.057,1
"PSMA6",0.0719432612450052,-0.225976209739786,0.429,0.462,1
"PPP2R5E",0.0722506229029459,-0.24845931377918,0.235,0.238,1
"PBX4",0.0722549065165106,0.433989370495652,0.221,0.164,1
"OAT",0.0722650637959271,0.266005364517527,0.443,0.357,1
"KLF7",0.0722791868095077,-0.348354832433269,0.164,0.193,1
"ARID4B",0.0723216504784604,-0.158350122447542,0.774,0.743,1
"SMPD3",0.0723288891586689,1.04818329482509,0.011,0.003,1
"LINC02613",0.0724118367281464,-1.35674532010839,0.014,0.031,1
"SRI",0.0724911031441588,0.18913259495575,0.32,0.252,1
"PPP1R12A",0.0725642782441612,0.172337149786449,0.475,0.448,1
"ZNF583",0.0726743418980062,0.46151524578971,0.075,0.056,1
"NUDT3",0.0727292263762217,-0.273367022164597,0.281,0.303,1
"UQCR11",0.0728020366613299,0.134479314043094,0.66,0.623,1
"ZNF124",0.0728192546039145,-0.441258224327433,0.077,0.093,1
"TPTEP1",0.0728980652748915,-1.0050543875135,0.021,0.04,1
"TNFRSF12A",0.0730453807896151,-0.960867821855253,0.025,0.045,1
"LRSAM1",0.0730980948460743,-1.34036562321769,0.014,0.029,1
"ANTXR2",0.0731229232410885,0.432877034930749,0.126,0.085,1
"PWP2",0.0731883614151312,0.585509121748929,0.135,0.09,1
"RELT",0.073204861889108,0.336329306633802,0.093,0.066,1
"SHARPIN",0.0732574841167761,0.252082674751853,0.16,0.119,1
"PLGLB1",0.073267801299842,2.74652101399209,0.016,0.003,1
"RFC1",0.0732682842876511,-0.302392373303259,0.237,0.249,1
"ASAP1",0.0733906198766681,0.295310296548234,0.5,0.411,1
"TTYH2",0.0734385054317252,0.758474342851699,0.014,0.003,1
"TRIM5",0.0734647298371287,-0.429582647447841,0.075,0.104,1
"NADK2",0.0734725710700108,0.570789198228509,0.078,0.045,1
"SNN",0.0735034345231456,0.46013821109535,0.19,0.134,1
"JAK3",0.0736280942698592,-0.338035332027229,0.142,0.168,1
"LINC01215",0.0737107815901408,-0.921189040047976,0.028,0.048,1
"ENSG00000280383",0.0740600100723253,-1.26478784568583,0.007,0.022,1
"PHTF1",0.0741703008284151,-0.276265895073458,0.125,0.13,1
"JUNB",0.074192619114966,-0.112035020440628,0.794,0.74,1
"SMG6",0.0742681344948411,0.454622342408604,0.187,0.13,1
"PANK1",0.0742930788644551,-1.81284684374932,0.004,0.015,1
"CKAP4",0.0744144720232584,-0.481192750582569,0.101,0.139,1
"LCMT1",0.0744963007644325,0.265518017278995,0.16,0.119,1
"ZNF764",0.0745902919354316,0.784785076600422,0.091,0.056,1
"ZNF678",0.0746756901230253,-0.662712768230975,0.05,0.076,1
"CCDC127",0.074852072347381,0.353974640722861,0.103,0.083,1
"VEZT",0.0748569076276898,-0.231668109437275,0.238,0.246,1
"S100A9",0.0751127093645214,1.36110888672229,0.025,0.009,1
"FH",0.0752702765710755,0.67627175509108,0.096,0.057,1
"RPL41",0.0753032769559929,-0.187947131977822,1,0.998,1
"AFF1",0.0753374023526766,-0.343562634773526,0.269,0.304,1
"NLRC3",0.0753574738695158,0.603211643528902,0.144,0.102,1
"UTP18",0.0756330413927902,-0.332913249174123,0.157,0.167,1
"MTRR",0.0757956001431798,0.164924564512864,0.091,0.094,1
"MXD1",0.0758551356072609,0.590567112077967,0.109,0.068,1
"ARHGAP1",0.0760532118539219,0.550734562739118,0.123,0.079,1
"AMY2B",0.0760693051417123,1.22397306747676,0.021,0.008,1
"IPMK",0.076189541827388,0.616888827193467,0.119,0.076,1
"CENPP",0.0762329517344292,0.828404615746677,0.091,0.053,1
"MON1B",0.0762393999204759,0.376329897918432,0.139,0.1,1
"HSPA14",0.0762497258281443,-0.576453990237084,0.069,0.097,1
"PDCL",0.0764010975914549,-0.442193790407327,0.133,0.147,1
"MBD2",0.0765643513581006,-0.277638486358603,0.228,0.252,1
"PPM1B",0.0766565024081185,-0.174078079696661,0.411,0.423,1
"PSEN1",0.0766900005646098,-0.155089362555607,0.242,0.274,1
"LRRC40",0.0769320936515004,-0.421815220262621,0.107,0.127,1
"PEAK1",0.0769467758023096,-0.291075686115543,0.117,0.144,1
"GADD45G",0.0769583895508184,1.24333478830744,0.059,0.031,1
"TRGV4",0.0771486052633839,0.124096391405648,0.153,0.113,1
"HIF1A",0.0771590205854107,-0.250393584611519,0.413,0.459,1
"GNE",0.0772396330438848,0.827070994620859,0.064,0.034,1
"ENSG00000291233",0.0773439901955229,-0.881390553330707,0.03,0.051,1
"UQCC5",0.0774733772198707,-0.34144585741958,0.144,0.155,1
"ENSG00000289405",0.0776503261311189,-0.733249030930887,0.02,0.037,1
"TBC1D10C",0.0777741667550384,0.142631996084628,0.352,0.295,1
"MYCBP2-AS1",0.0779245442947808,-0.974034843450222,0.028,0.048,1
"ENSG00000290762",0.0779774178702955,-1.4691869121519,0.011,0.025,1
"CEMIP2",0.0780110208526041,0.190480258965438,0.655,0.566,1
"HIRIP3",0.0780277975417734,0.921921461737764,0.06,0.032,1
"TNFRSF13C",0.0781452005799738,0.849907529524355,0.075,0.04,1
"CBY1",0.0781797261731791,0.899733945348236,0.036,0.015,1
"MAPK1",0.0783781269107988,0.161183460964963,0.365,0.349,1
"CCDC18",0.0784057546383534,-0.913219113253217,0.028,0.053,1
"ZCRB1",0.0785531151749226,0.55810607574565,0.178,0.124,1
"HMGB3",0.0785969608545721,-0.493661117529361,0.073,0.102,1
"EHMT1",0.0787931780499538,0.110066936357757,0.224,0.216,1
"MRPL11",0.0788821533279353,0.678125419758204,0.144,0.099,1
"ACSL6",0.078882474782544,-1.29085942499572,0.011,0.026,1
"MRPS12",0.0789244834253171,0.376608457472466,0.251,0.187,1
"VAV1",0.0789266992616186,-0.319405711201802,0.212,0.252,1
"WDR20",0.0790703441673697,0.475761837101575,0.19,0.136,1
"HNRNPA3",0.0792448751980713,-0.169002987570059,0.744,0.764,1
"CRYZ",0.079319774808837,0.974821054338881,0.043,0.02,1
"ATG16L2",0.0794125793730365,-0.543135828604024,0.077,0.108,1
"TOR1B",0.0794487449160785,0.503839836998601,0.117,0.077,1
"SRPRA",0.0795576733095537,0.20996053000168,0.541,0.454,1
"STIM1",0.0795649149232121,-0.370374135995087,0.142,0.162,1
"C11orf98",0.0796599760354456,0.126597911184711,0.349,0.291,1
"UNC45A",0.0796908529496784,-0.415011481802168,0.125,0.139,1
"EFCAB11",0.0797721911411894,-2.11534248846847,0.002,0.011,1
"MLLT10",0.0797740577117628,-0.291678083091047,0.137,0.138,1
"CCT6B",0.0798976987549649,1.33012698919637,0.028,0.012,1
"OASL",0.0799140825866404,0.524815127302999,0.37,0.3,1
"ABL1",0.0799195679100177,0.437820678806294,0.231,0.162,1
"MORF4L1",0.0799618035750642,-0.17143017733232,0.765,0.784,1
"EIF3B",0.0800692759346211,0.177468173350511,0.372,0.298,1
"CDKN1B",0.0801165575713777,0.173716682282438,0.619,0.533,1
"SUN2",0.0802317958241296,-0.245088511452389,0.473,0.505,1
"UQCRQ",0.0802323849864485,-0.205635357527509,0.436,0.456,1
"POLR2D",0.0802644576696929,-0.294311946154798,0.141,0.15,1
"ENSG00000257181",0.0804577405865827,-2.19779870711232,0.002,0.011,1
"SNRPD2",0.0805167498924821,0.11058699776901,0.877,0.828,1
"DYNC1LI1",0.0805507118096134,-0.341468693005068,0.199,0.238,1
"TRBV27",0.080717168452633,0.576861956787932,0.032,0.015,1
"C6orf62",0.0807869702418819,-0.271899576810291,0.247,0.244,1
"TRIM23",0.0807870981668223,-0.159335574515792,0.116,0.133,1
"TYROBP",0.0809900694050061,0.981779817962348,0.036,0.028,1
"SLC22A17",0.0810190244306864,0.926136813062373,0.06,0.031,1
"IFI44",0.0811155175603227,0.162196058296775,0.08,0.085,1
"TAF8",0.0811257868296731,-0.453139146248508,0.078,0.105,1
"ACTR10",0.081251315442647,-0.26810912312616,0.206,0.241,1
"ENSG00000289293",0.0812778593356459,0.772334332102027,0.094,0.056,1
"SRFBP1",0.0812922179244574,-0.384129448990009,0.128,0.162,1
"CCSAP",0.081345587469395,-0.614815955194707,0.052,0.08,1
"FCER1G",0.0814402786033153,-2.07275063592853,0.002,0.011,1
"PIK3R4",0.0816634998467474,-0.348045323120556,0.109,0.122,1
"TBXAS1",0.0816869349681145,-1.22669766583315,0.016,0.026,1
"UBE2E1",0.0816883738395762,-0.326155626689232,0.256,0.289,1
"SPCS1",0.0817956035674535,0.19819309834055,0.578,0.509,1
"VPS72",0.0818290510585017,0.332986857967962,0.164,0.117,1
"RELB",0.08184366405897,-0.191481829997461,0.753,0.754,1
"GIT2",0.0821206565103276,-0.334482992026496,0.196,0.218,1
"DNHD1",0.0821635996974256,-1.09639100434928,0.025,0.04,1
"NBPF11",0.0821898269027388,0.491717040683124,0.105,0.065,1
"C3AR1",0.0821912091892233,-0.868393641503937,0.007,0.017,1
"RERE",0.0823459769344356,-0.500311174503391,0.157,0.19,1
"PHC1",0.0823929081324656,0.573507203995042,0.068,0.043,1
"ODC1",0.0825161137495351,0.237495436631144,0.397,0.323,1
"SRGAP2",0.0825996286098979,-0.96691467615911,0.027,0.046,1
"OXCT1",0.082719351784103,0.418061967715647,0.247,0.184,1
"LINC02611",0.082783331222342,1.97723113026249,0.016,0.003,1
"BAIAP2",0.0828797412826452,-0.560779881695157,0.096,0.124,1
"HOOK3",0.0831299165593471,-0.249624645249442,0.237,0.274,1
"NDUFA12",0.0832847737707622,-0.152324161929187,0.477,0.471,1
"MCF2L",0.0833608142791192,-1.86905416025338,0.002,0.012,1
"ABHD4",0.0834346544353388,-0.721852454750307,0.027,0.043,1
"NEDD4L",0.0835491990748657,-0.739255315626773,0.06,0.077,1
"UBTD1",0.0835706241556856,-2.43764007697297,0.002,0.012,1
"RASA3",0.0836449734043978,0.13455077678353,0.477,0.4,1
"VTA1",0.0836912561672634,0.298397137983695,0.351,0.272,1
"KIAA2026",0.0837065124226811,-0.215789311243409,0.165,0.17,1
"ZNHIT1",0.0837547743760173,0.393485779444287,0.278,0.21,1
"ZNF223",0.0839424407177185,0.68519344615334,0.043,0.02,1
"ENSG00000291079",0.0840421430931352,-0.433730964651053,0.062,0.088,1
"SHMT2",0.0840442438748286,-0.435906327591853,0.094,0.102,1
"ACER2",0.0840887129816022,1.0554092629342,0.012,0.003,1
"SOCS5",0.0841058934693165,-0.984534673805698,0.028,0.051,1
"SAMD8",0.0841618630297317,-0.51929225764133,0.107,0.139,1
"CD3E",0.0842030945707333,0.136826966746059,0.822,0.77,1
"TRBV21-1",0.084258888475476,1.20648888715605,0.05,0.025,1
"DHRS7B",0.0843582165083147,0.624127452171,0.075,0.046,1
"NDUFA8",0.0844604876168864,0.168895645172379,0.249,0.204,1
"CDC6",0.0845569037656168,1.76006831199679,0.018,0.005,1
"WDR73",0.0846779373841987,0.39023334375044,0.08,0.051,1
"KLHL9",0.0848326466593829,-0.524023301453555,0.096,0.121,1
"CDC37",0.0848334097403557,-0.198235125633885,0.724,0.739,1
"FBXO34",0.0848469621955986,-0.228611001359074,0.37,0.376,1
"CHKB",0.0848680000752569,0.299613794381323,0.267,0.206,1
"CCDC157",0.0850651374146006,0.839168379287639,0.06,0.031,1
"UBE2Z",0.0850743466892782,0.263386225994688,0.295,0.227,1
"THUMPD3-AS1",0.0851350335161906,0.237076783715581,0.262,0.232,1
"C14orf28",0.085269383484412,0.656650922739216,0.057,0.029,1
"TRIM4",0.0852783719150072,-0.398258365437907,0.19,0.215,1
"GPR137",0.0853632520590746,-0.348635743138869,0.174,0.196,1
"ABCD3",0.0854232543311045,-0.467085624946493,0.107,0.136,1
"HEXIM1",0.0855161520512515,0.363812126772444,0.256,0.195,1
"MSTO1",0.0855866702374892,0.739714764357216,0.062,0.034,1
"SLC50A1",0.0856225626693819,-0.789352665541051,0.06,0.083,1
"GRINA",0.0856282386961314,-0.30040857435332,0.117,0.122,1
"EIF3F",0.0857838323082247,-0.101169128622271,0.822,0.799,1
"ANAPC13",0.0858134052917098,-0.364967256638961,0.142,0.15,1
"SAT2",0.0858174466791953,0.198445441317763,0.238,0.184,1
"ZHX1",0.0858786608324717,-0.522532799746965,0.091,0.122,1
"CCDC9",0.0859272138946284,0.222418499864312,0.093,0.07,1
"GINM1",0.0859497720419533,0.387454594484574,0.221,0.162,1
"NIPA1",0.0860461376526118,0.40573943295237,0.075,0.049,1
"MRC2",0.0861349421962069,-1.60711064673728,0.004,0.014,1
"HNRNPC",0.0861586726869745,-0.175344343853205,0.811,0.815,1
"SUMF2",0.0862088075851872,0.265666974503592,0.183,0.138,1
"ZNF763",0.0862619251385094,-0.609113198246527,0.005,0.012,1
"RAB33B",0.0863003068076197,0.462298329173336,0.132,0.085,1
"CTPS1",0.0864933859538496,0.347609462520981,0.189,0.133,1
"WDR27",0.0866093568116867,-1.16893692178158,0.007,0.022,1
"GBP4",0.0866442527428898,0.513491918969187,0.144,0.094,1
"CTDP1",0.0866617900762501,-0.217611502207203,0.221,0.209,1
"RGS16",0.0869189400691764,-0.877748347624469,0.032,0.056,1
"KLHDC1",0.0869678342040179,1.97104275411221,0.021,0.006,1
"GLMP",0.0871697614576634,1.52115016445924,0.044,0.02,1
"KLHL22",0.0871839633891304,0.723915709118753,0.055,0.026,1
"GCC2",0.0872914818201329,0.221343699894861,0.635,0.549,1
"AFG3L2",0.08746209147074,0.176338571024571,0.242,0.189,1
"ENSG00000233635",0.0875329759710493,0.448276457855471,0.05,0.029,1
"NCOA4",0.0876422087143366,-0.13339135395745,0.352,0.348,1
"MINDY3",0.0878978784503423,0.613760854605852,0.114,0.073,1
"TMEM168",0.0879283338702615,0.29818937100264,0.103,0.073,1
"ATF4",0.0881019112310928,-0.185724119901748,0.338,0.376,1
"STAG2",0.0881105186062418,-0.184223570216852,0.553,0.59,1
"SSU72",0.088231252285938,-0.272119619503781,0.372,0.419,1
"TAPBPL",0.0882788490199684,-0.561354281273254,0.048,0.073,1
"DDX60",0.0883386739745952,0.681934881614785,0.094,0.063,1
"POLD4",0.0884836455940659,-0.447798646298729,0.169,0.206,1
"FDX2",0.0885024419378409,-0.114405506068036,0.06,0.053,1
"HMGN3",0.0885744799805138,0.230962454069209,0.292,0.233,1
"ZNF236-DT",0.0886066666634724,1.00618443460627,0.036,0.017,1
"MAP7",0.0887075031741272,-1.36098553881753,0.007,0.02,1
"QTRT1",0.0887292827878361,0.54987480046045,0.149,0.114,1
"GBP5",0.0887968104791212,0.843271439101097,0.071,0.046,1
"STX6",0.0890456418022716,0.143693015229662,0.128,0.125,1
"GRPEL2",0.0892166969206933,-0.3139447775254,0.023,0.036,1
"METTL8",0.0892860773687367,0.911449803194654,0.055,0.028,1
"SCN11A",0.0895405965246456,-2.57813881368726,0.002,0.012,1
"PRRC2B",0.0895647496495398,-0.185891750403713,0.281,0.318,1
"SPNS3",0.0895718816070347,-1.14570602261476,0.023,0.043,1
"CD5",0.0895854899062875,0.213215089324036,0.525,0.462,1
"RNF43",0.0895862020248692,-1.95546800023227,0.002,0.011,1
"PLK4",0.0896558271734916,1.73206969710372,0.018,0.005,1
"MSH6",0.0896878058108602,0.20306292553978,0.137,0.099,1
"ZSWIM1",0.089738448357855,0.466163832103945,0.032,0.017,1
"BCL9L",0.0898231646196319,0.171039031286864,0.363,0.294,1
"DIAPH1",0.0898969688562638,0.266871446136685,0.422,0.342,1
"SUGP2",0.0900196596986116,0.587784008142233,0.103,0.066,1
"PIGA",0.0900238939434517,-0.698987199692117,0.053,0.082,1
"NFATC2IP",0.0900251620142483,-0.482399527734644,0.178,0.207,1
"VAMP3",0.0900953693648326,0.382211864729564,0.18,0.127,1
"HDHD3",0.0901178171709575,0.428718023213785,0.13,0.091,1
"ZNF558",0.0901866409304578,-1.43925095340455,0.009,0.022,1
"CENPT",0.0902038799168815,0.350538185384834,0.167,0.122,1
"UQCC2",0.0902220495132878,-0.564584618155851,0.133,0.159,1
"ESYT2",0.0902275862784151,-0.146147428899894,0.651,0.645,1
"EML4",0.0903924793842137,0.213966450940398,0.801,0.714,1
"IRF9",0.0905499907873116,-0.297452102941045,0.391,0.416,1
"KRT86",0.0906170570501942,1.26927384812896,0.053,0.039,1
"ENSG00000250075",0.0906714111810531,-0.844501830669373,0.02,0.039,1
"MXRA7",0.0907220360300552,0.293652403460961,0.262,0.193,1
"HSD17B7",0.0909619709737188,0.58013125650559,0.109,0.074,1
"FAM153CP",0.09109091516769,0.709342926298427,0.066,0.037,1
"MAFG",0.0911527386183958,0.310654200835162,0.116,0.083,1
"LINC02084",0.0912429284560777,0.844075350111049,0.03,0.012,1
"TSPAN31",0.0912873319433252,0.677828944590511,0.089,0.056,1
"SPPL2A",0.0913452924908724,-0.187724012648415,0.306,0.301,1
"FGFRL1",0.0913658081091236,0.886857243496884,0.057,0.031,1
"DESI2",0.0914620854375809,-0.242162635343821,0.158,0.19,1
"SLBP",0.0914773422692479,0.266026837160213,0.425,0.345,1
"ENSG00000224905",0.0915307493350286,1.84766932201561,0.018,0.005,1
"EIF5A",0.0916531936160399,-0.139208968016587,0.742,0.719,1
"ZNF524",0.0916589412508068,-0.425153042509733,0.068,0.077,1
"PPP1R10",0.0917190512781843,0.275517825429618,0.331,0.258,1
"EXOSC10",0.0918616026951121,0.259692642714342,0.228,0.17,1
"AP5S1",0.0920194834392487,-0.71995859181566,0.048,0.065,1
"CSNK2B",0.0922568390300807,0.133678759790156,0.637,0.558,1
"COPS8",0.0922606585562727,0.273298847261748,0.342,0.266,1
"LSM14B",0.0922614055545067,0.470749053025862,0.169,0.119,1
"SBK1",0.0924340929949353,-0.401725082586843,0.085,0.114,1
"HNRNPF",0.0924712873947524,-0.110842098621762,0.744,0.745,1
"SESN1",0.0925740409013895,0.587663610339678,0.098,0.062,1
"KLF12",0.0926068420188994,-0.237667452898359,0.464,0.49,1
"DDAH2",0.0926733730674089,-0.453923534563567,0.1,0.134,1
"SYNJ1",0.0926742921411821,0.566465236800453,0.116,0.079,1
"CD99P1",0.0927752435393114,0.134872773341453,0.085,0.066,1
"ENTREP3",0.0928541879570022,-1.19013735086153,0.016,0.034,1
"TIAL1",0.0928586307165007,-0.218170481849088,0.409,0.417,1
"DHX30",0.0928816991141891,-0.254196041242608,0.196,0.233,1
"VIPR2",0.0929407224087767,0.595382279598165,0.109,0.07,1
"NBPF3",0.0930562713208007,0.107631937576047,0.057,0.039,1
"SP110",0.0930579427232567,-0.335096505004764,0.235,0.26,1
"CSGALNACT1",0.0931876733783348,-0.622407520779047,0.103,0.134,1
"MCTP1",0.0932755749622397,0.844577835795819,0.062,0.039,1
"TAGLN2",0.0933152568750352,-0.100086831179884,0.979,0.986,1
"CSPP1",0.093416594367287,-0.412953335479799,0.117,0.148,1
"CLHC1",0.0934413281314897,-1.02936002646579,0.011,0.025,1
"HLA-DOA",0.0934588966878698,2.07910762040753,0.014,0.003,1
"POLR1G",0.0934685431217737,1.57777163756942,0.014,0.003,1
"KCNMB4",0.0935668666988207,-0.197281197043409,0.027,0.02,1
"UVRAG",0.0936083618796566,-0.116181739568097,0.208,0.198,1
"MMUT",0.0936103043908444,0.841728487520923,0.071,0.039,1
"USP19",0.0936652843044887,0.579919872279111,0.103,0.065,1
"AP3D1",0.0938294746952606,-0.33010129391313,0.144,0.165,1
"CCDC82",0.0938610849039568,0.183314525770068,0.265,0.206,1
"TXNL1",0.0938834237062632,-0.105747735174544,0.413,0.406,1
"TRIM28",0.0939066164768853,-0.175591578431302,0.648,0.657,1
"RRAGB",0.0939955966686868,0.132878442179873,0.066,0.049,1
"ZNF226",0.0940453366301866,-0.682253704204534,0.062,0.085,1
"SELL",0.0941016955272548,-0.404461019342711,0.342,0.338,1
"CYB561D2",0.0945707585871939,0.531970737769955,0.141,0.097,1
"NPLOC4",0.0945799518016755,0.51186270956508,0.171,0.117,1
"TRGV9",0.0945963748653554,-0.111653568566999,0.098,0.122,1
"CD27",0.0946267981272891,0.346485091938055,0.326,0.304,1
"TCIRG1",0.0946821949064375,0.217026435082282,0.189,0.15,1
"PLCD1",0.0947888557652102,0.65760904009201,0.096,0.06,1
"NUP50",0.0949322762592474,0.226321345214213,0.306,0.24,1
"ELOC",0.094939412348225,-0.134125615441161,0.395,0.43,1
"NT5C3A",0.0949451754440309,0.16930141126984,0.361,0.292,1
"PSME3",0.0949487624981084,-0.116569944899062,0.253,0.238,1
"PMVK",0.0950580337946197,-0.446949517387899,0.073,0.091,1
"ENSG00000273565",0.0950905041660236,-1.59673002992069,0.007,0.022,1
"CAPN10",0.0951103009478341,0.563959789846807,0.107,0.073,1
"ARMCX4",0.0952000911840678,1.61549839203721,0.025,0.009,1
"LITAF",0.095209471554212,0.193214866499891,0.815,0.739,1
"SHFL",0.0954072067191655,-0.385856179227238,0.201,0.241,1
"TNFRSF18",0.0954613392731068,-0.610032959119562,0.08,0.094,1
"CLTB",0.0955078288206114,0.293021004264068,0.434,0.372,1
"ENSG00000266088",0.0955847966258937,1.12566294247356,0.018,0.008,1
"ATG14",0.0958509686909249,-0.538995620784131,0.116,0.147,1
"TMED2",0.0958910736416397,0.19589037080292,0.475,0.388,1
"RASD1",0.0960766462056318,-0.935256643218022,0.011,0.011,1
"HILPDA",0.0961527028234356,-1.03421232806132,0.009,0.023,1
"RAB3IP",0.0961992521735074,-0.75233944807452,0.073,0.107,1
"ZNF267",0.0962181819880881,-0.268839039098952,0.375,0.397,1
"RFT1",0.0963331248835765,-0.926011094147603,0.028,0.036,1
"ENTPD1",0.096390818692886,2.10705781349489,0.014,0.003,1
"ACBD5",0.0965217733580625,0.329941051969251,0.132,0.088,1
"OSBPL3",0.0965272573228118,0.852286200215087,0.052,0.026,1
"TPMT",0.0965436602663989,-0.802292055989136,0.041,0.063,1
"LYPLA2",0.0966122864341154,0.11437104101925,0.244,0.193,1
"SLC39A1",0.0968338061097954,-0.442378639270942,0.073,0.107,1
"FBXO31",0.0968545610552626,-0.10599170333903,0.105,0.099,1
"CAV1",0.0968662985698016,-2.23424523368669,0.004,0.015,1
"RRP7BP",0.0970169525172015,0.114049440517602,0.057,0.06,1
"WDTC1",0.0971455901777703,-0.430130105688272,0.1,0.121,1
"PIGB",0.0971703193710485,0.636337067813196,0.1,0.071,1
"NUB1",0.0971904158087664,-0.227998148750364,0.274,0.309,1
"MDM2",0.0972084457368656,0.529017999187794,0.149,0.102,1
"VWA8",0.0973826407304224,-0.542077955515401,0.05,0.06,1
"PLSCR1",0.0974889297055492,-0.353426683520218,0.203,0.227,1
"FAM89A",0.0975835597253097,1.0169605180357,0.036,0.015,1
"NCBP1",0.0976744621570689,-0.292525141948033,0.153,0.175,1
"ST6GALNAC6",0.0977072153083066,0.21083005311289,0.167,0.131,1
"APOL1",0.0977406195475346,1.61737001589203,0.018,0.005,1
"MPST",0.0980330143170915,-0.82279151025491,0.041,0.06,1
"SMAP1",0.0980826434255915,-0.260857720083714,0.301,0.334,1
"LAMTOR3",0.0981625483337573,-0.278596506326263,0.217,0.24,1
"HSPE1",0.0985328999267222,-0.265795696054199,0.569,0.58,1
"GIMAP6",0.098613505521761,-0.260707968423826,0.094,0.093,1
"GNAQ",0.0986388704165499,0.248379038647788,0.158,0.155,1
"SFXN5",0.0986509304267017,1.08553337325918,0.036,0.015,1
"PICK1",0.0986515681869017,-0.841600073998688,0.021,0.037,1
"CLIP1",0.0986917832552305,0.240899452806172,0.126,0.093,1
"SGPP1",0.0988966357510993,-0.472904383500591,0.06,0.083,1
"FAM156A",0.0989271824423172,-2.16426630026469,0.004,0.014,1
"TICAM1",0.0990308867301552,-0.676744480767671,0.075,0.099,1
"IL23A",0.0990446477233073,-0.56739859700567,0.171,0.212,1
"STXBP5",0.0990527527827994,-0.577323964919846,0.084,0.113,1
"ZNF100",0.0990660974090763,0.522164678296598,0.157,0.107,1
"LINC00920",0.0991350081533913,2.80995286903924,0.011,0.002,1
"STAT5A",0.0991475173779883,0.245814268746059,0.523,0.476,1
"LINC02273",0.0992405344400829,-0.674491098958446,0.034,0.056,1
"DCAF1",0.0994828264561933,0.574045957149688,0.114,0.074,1
"POLR1H",0.0997181977871788,0.221629944894621,0.374,0.331,1
"SMIM3",0.0997402965870854,0.709386777684437,0.06,0.037,1
"MLLT11",0.0997647392033793,-0.460148361292285,0.073,0.11,1
"SYNE2",0.0999325930099342,0.342417983825555,0.388,0.323,1
"MZF1",0.100020433478905,0.142009395484562,0.068,0.054,1
"GPATCH8",0.100053166633931,-0.232088619345178,0.374,0.411,1
"UBAC1",0.10005686233649,0.598110634003223,0.13,0.088,1
"PARP15",0.10012450143434,0.664707423053177,0.103,0.068,1
"PCNX4",0.10022009150527,-0.306651519830774,0.23,0.244,1
"ARHGAP45",0.100334329365252,-0.106074327464907,0.47,0.501,1
"FLVCR1",0.100412258073394,-0.799831559812685,0.012,0.022,1
"PPFIA1",0.100579901945254,-0.259813864207572,0.139,0.168,1
"BTG1-DT",0.100629365447514,0.475358721931222,0.153,0.125,1
"SLC12A5",0.100721522216833,2.38982987765973,0.011,0.002,1
"MARCKSL1",0.10078371948907,-0.226767986146338,0.657,0.663,1
"LTBP1",0.100783751715902,-1.36426464506402,0.009,0.022,1
"APH1A",0.100800109244484,0.143031887505574,0.42,0.349,1
"GMPR2",0.100821114833446,0.576740032819676,0.082,0.06,1
"ENSG00000231873",0.100919994217197,-0.304058574061151,0.021,0.036,1
"METTL14",0.10098433901305,-0.446754684247386,0.11,0.138,1
"ENSG00000291188",0.101139082550407,0.646221752712534,0.126,0.08,1
"UBE2E3",0.101166568593386,-0.403920179080842,0.247,0.286,1
"TXNRD2",0.101300094034299,0.609485291340408,0.044,0.025,1
"DYNLRB2",0.101386088597237,2.60930747765923,0.011,0.002,1
"TBC1D15",0.101434654734172,-0.260863318210017,0.26,0.272,1
"ABHD14B",0.101480531688984,0.560202149887677,0.153,0.105,1
"DDX21",0.101512081595977,-0.169655499857132,0.557,0.578,1
"VPS13A",0.101615100254547,-0.312323680308893,0.198,0.219,1
"HERC2",0.101847576172589,0.207620392555075,0.096,0.068,1
"DCTN1",0.10197498447729,-0.374855296235173,0.112,0.141,1
"LGALS1",0.102014740588324,-0.271409986313913,0.069,0.099,1
"FAM174A",0.102053283592773,0.929743945340556,0.064,0.036,1
"PYCR3",0.102572294818607,0.93799986887981,0.036,0.017,1
"PGM2L1",0.102792610935771,-0.241550040968267,0.251,0.25,1
"ZNF628",0.102934814199889,-0.704920596413935,0.037,0.056,1
"ZSCAN26",0.102983412973821,0.731429776178641,0.073,0.042,1
"ZFP30",0.103040403752992,-0.613235031101758,0.046,0.07,1
"GSTO1",0.103079188697934,-0.18099413219524,0.356,0.348,1
"RAB11FIP4",0.103108696770889,-0.184823680550318,0.101,0.088,1
"RNF26",0.103193607910231,0.896763421343336,0.053,0.028,1
"CSRNP1",0.103348045656107,0.189468602141873,0.573,0.501,1
"SPATA32",0.103361198914007,2.43311563898456,0.011,0.002,1
"DHRS11",0.103398278810556,-2.71350900769853,0.002,0.011,1
"AEBP2",0.103446117166779,-0.307466778827019,0.233,0.274,1
"ENSG00000174171",0.103472719548076,1.45044101952988,0.025,0.009,1
"BLVRA",0.103500275996877,-0.90324943822874,0.021,0.04,1
"MAGEH1",0.103539934575356,-0.692539897623857,0.089,0.104,1
"PCTP",0.103570762859617,1.62291424079891,0.014,0.003,1
"DENND2D",0.103608195375031,0.423902270497396,0.137,0.097,1
"RSRC1",0.103735087434053,0.169277054423896,0.139,0.099,1
"ARPP19",0.103746052427239,0.246680987868724,0.383,0.309,1
"LEF1",0.103752559596652,-0.265780544623291,0.591,0.617,1
"PSMD3",0.103802302768251,-0.373211369328597,0.215,0.238,1
"PVRIG",0.103808982037888,0.262236151351116,0.404,0.371,1
"RAPGEF6",0.103866698752511,-0.246783243367975,0.386,0.402,1
"UGGT1",0.104000416925583,0.54983505118965,0.1,0.063,1
"SLC11A2",0.104024384207747,0.677837824543274,0.06,0.045,1
"LONP1",0.104039731295086,0.274876199318464,0.13,0.097,1
"IWS1",0.104331063849285,0.36866152551548,0.265,0.201,1
"FRAS1",0.104334072749774,-1.35224638824105,0.007,0.019,1
"BCKDHB",0.104488836954238,0.577730612615408,0.043,0.034,1
"RBM18",0.104586725399071,0.316447700357672,0.212,0.158,1
"ENSG00000261766",0.104591068088106,-2.2298243999483,0.002,0.011,1
"C12orf40",0.104618970962939,1.15667192198523,0.02,0.006,1
"MIR142HG",0.10464001847404,-0.105555545358656,0.319,0.354,1
"ENSG00000268081",0.104648792051888,0.933932110083468,0.036,0.015,1
"PHLPP1",0.104747291315686,-0.515599400113571,0.085,0.111,1
"DBI",0.104904762532288,-0.119615530573166,0.552,0.515,1
"GZMK",0.104905970701848,0.30961119236048,0.233,0.201,1
"TAX1BP1",0.104991225978674,-0.192747519541681,0.614,0.628,1
"ISG20",0.105315577909367,-0.109209742590689,0.669,0.691,1
"MYB",0.105348381981046,-0.485699413176613,0.144,0.181,1
"PSMB4",0.105566511537376,0.210520676312061,0.438,0.362,1
"MYO5C",0.105620009407842,2.28883064466483,0.011,0.002,1
"ENSG00000233912",0.105650915097017,-0.579742486724147,0.053,0.076,1
"DPY19L2P2",0.105658095000413,0.704709353308217,0.041,0.02,1
"BCL11B",0.105714418314059,0.108246872347391,0.589,0.513,1
"RBM39",0.105757463059333,-0.138817871128035,0.845,0.866,1
"NFX1",0.105783226152269,0.409206119123573,0.135,0.116,1
"ENSG00000286020",0.105879635380462,-1.20047561528446,0.011,0.023,1
"DTD1",0.105897474820898,0.737835124934395,0.077,0.042,1
"AP2A2",0.106117560338081,-0.358444024676859,0.119,0.138,1
"PPM1K",0.106197161899051,0.11141279419649,0.235,0.189,1
"HIP1",0.10625494118574,0.182500899704404,0.055,0.046,1
"BPNT1",0.106437547678574,-0.47743865919038,0.046,0.056,1
"ZBED6",0.106507998274088,-0.519445392981276,0.082,0.108,1
"HEMK1",0.106643010342553,1.57735600081524,0.021,0.006,1
"TMEM238",0.106897887445195,0.328996072216019,0.29,0.235,1
"ATP10D",0.106916866800425,1.07278797626885,0.057,0.031,1
"ENSG00000290588",0.106923991594498,2.39590165362559,0.011,0.002,1
"PLCG1",0.107015795037044,0.139685848381948,0.133,0.131,1
"CHTF8",0.10709409503159,0.69585546475896,0.109,0.071,1
"PAK1IP1",0.10713311277137,-0.68975236203206,0.069,0.099,1
"INAFM1",0.10713739938443,-1.18613859039427,0.016,0.032,1
"RGS3",0.107325579406293,-1.38808862076724,0.018,0.037,1
"FASTKD2",0.107417792219998,0.470345309458611,0.18,0.131,1
"MTHFD1L",0.107641589608859,0.581674764256429,0.142,0.093,1
"H1-3",0.107661518793928,0.30376020359298,0.144,0.133,1
"CYB5R1",0.107704121440962,0.631278249082388,0.064,0.039,1
"ARMT1",0.10774165737071,-0.647219029880439,0.068,0.088,1
"RNASEL",0.107852581532198,0.584475185617289,0.027,0.014,1
"TFCP2L1",0.10787190437062,1.26808019644852,0.028,0.012,1
"CD59",0.107979941564585,-0.17867792931347,0.169,0.168,1
"MAP7D3",0.108031340822674,0.211061583099434,0.073,0.049,1
"LINC01619",0.108144602990187,-0.222692436635501,0.434,0.433,1
"MBP",0.108549994276106,-0.186404876370895,0.786,0.79,1
"COG6",0.108659245763803,-0.524858182636096,0.091,0.113,1
"ENSG00000261324",0.108710026108557,1.84138535817982,0.011,0.002,1
"NUDT22",0.108804564121803,-0.459683389306649,0.1,0.131,1
"SPIB",0.108856341808536,1.14975782226733,0.059,0.031,1
"STRBP",0.109023279514388,0.443155726103908,0.167,0.117,1
"ENSG00000290993",0.109188192852456,-0.461250069404229,0.098,0.128,1
"C1orf122",0.109287358529568,-0.321766011713306,0.178,0.192,1
"LRRC28",0.109315945798414,-0.538812935498196,0.048,0.071,1
"CTXN1",0.109371442157145,-0.577864146440962,0.016,0.031,1
"PLPBP",0.109457071408416,-0.110957911523405,0.109,0.102,1
"ZNF790",0.109578107973773,0.623959976053555,0.064,0.043,1
"SLC25A51",0.109659604355381,0.443328365459753,0.112,0.071,1
"HERPUD1",0.109684329567201,0.14313778297748,0.416,0.346,1
"EXPH5",0.109769021066319,2.44628256548705,0.011,0.002,1
"ZNF570",0.10986001616259,-0.553894921502616,0.043,0.053,1
"HEXA",0.109943362191583,-0.513980640842171,0.128,0.155,1
"SCFD2",0.110056500781705,0.201568719523582,0.093,0.065,1
"ZNF594-DT",0.110143640940182,1.19139696137602,0.014,0.005,1
"PDHB",0.110153891206367,-0.209774655082945,0.23,0.26,1
"CACNB1",0.110267290393304,-1.65169193963765,0.009,0.022,1
"ENSG00000284707",0.110298212838935,-0.152211425920629,0.201,0.192,1
"ENOSF1",0.110336686491034,0.541844358949328,0.173,0.117,1
"PPP1R14B",0.110481114667868,-0.350954412553997,0.335,0.376,1
"TCF4",0.110550481623538,-1.34885008324611,0.012,0.025,1
"LAMTOR1",0.110630020363068,0.310936822634523,0.31,0.236,1
"HNRNPD",0.110693399524288,-0.175958295418468,0.651,0.679,1
"KIAA1522",0.110852605962604,1.45407228496481,0.025,0.009,1
"ENSG00000261460",0.110926568985962,-1.95474126785759,0.005,0.017,1
"HTRA4",0.110965167070657,1.65348013063009,0.018,0.005,1
"ZDBF2",0.11106137157347,-0.169417207382757,0.327,0.36,1
"ZNF600",0.111079510659906,-0.375739726361215,0.1,0.128,1
"SBDSP1",0.111177446391498,-0.121016696968916,0.185,0.207,1
"RPN1",0.111271958210755,-0.200102543586655,0.472,0.49,1
"DDX24",0.111475269877212,0.137101215299997,0.822,0.762,1
"ENSG00000290886",0.111598511732471,-2.45973139615156,0.002,0.011,1
"SKI",0.111659329494658,-0.215131794824012,0.279,0.315,1
"VPS29",0.111770364856138,-0.248980029142851,0.242,0.283,1
"CITED4",0.11187639460736,-1.15815478649321,0.018,0.032,1
"KLHL24",0.111958862654883,-0.297412328482925,0.359,0.388,1
"DARS1-AS1",0.112145352439509,2.01037347789106,0.014,0.003,1
"KCTD2",0.112368620539011,-0.577972925599088,0.039,0.062,1
"COA3",0.112538654490727,0.40180456403983,0.155,0.108,1
"PCMTD1",0.112603942169399,-0.26589625169432,0.358,0.38,1
"CRIM1",0.112684232193445,-0.409451363540624,0.116,0.148,1
"LSM4",0.112843319535871,0.392207204538516,0.283,0.219,1
"COMMD6",0.113015142585047,-0.149171128123932,0.831,0.819,1
"EBNA1BP2",0.113043054510348,0.344380341773337,0.123,0.082,1
"POLK",0.113084368057424,-0.404345005149462,0.091,0.121,1
"ST6GALNAC1",0.113156154502227,-0.268115314570052,0.005,0.012,1
"NDUFB11",0.113197684513327,0.175090129105738,0.689,0.624,1
"ENSG00000263731",0.113219872299774,2.70418881465301,0.011,0.002,1
"TAF3",0.113286453782319,0.273733315889199,0.27,0.207,1
"CARD19",0.113291157149706,-0.447953521330534,0.119,0.15,1
"PEX10",0.113304168083265,0.749110663545085,0.048,0.028,1
"POLR3B",0.113412391108654,-0.766844429666123,0.034,0.056,1
"LYL1",0.113517989174735,2.24897485273943,0.012,0.003,1
"STX3",0.113713486931391,0.831826422935123,0.027,0.012,1
"IL10",0.113755821601678,-1.32437785700039,0.009,0.019,1
"XIAP",0.113835223357906,0.149827561148269,0.174,0.136,1
"RNF214",0.113882934539058,0.823998829638912,0.043,0.022,1
"GNLY",0.113902975082821,-0.149900747628952,0.121,0.102,1
"DIPK1A",0.11393177353971,-0.270775279987992,0.285,0.314,1
"PLEKHA1",0.114034217937613,-0.220228881574273,0.148,0.181,1
"PAGR1",0.114063145200748,-0.305206230760152,0.217,0.232,1
"KCNK12",0.114089939821537,2.31785135784409,0.011,0.002,1
"ASCC1",0.114117975058036,-0.510390282482913,0.107,0.141,1
"FUBP1",0.114202356275417,-0.224123670743613,0.384,0.411,1
"SRPRB",0.114348780344036,0.456626168116795,0.169,0.119,1
"FCGBP",0.114357464077255,-0.493233614444112,0.041,0.06,1
"RMI2",0.114661699459211,-0.684875363659038,0.043,0.056,1
"NUMBL",0.114693828599266,2.0989887475545,0.014,0.003,1
"CCDC117",0.114772009923164,-0.588298435217027,0.066,0.093,1
"ITCH",0.114821003169841,-0.145147965339401,0.395,0.394,1
"EFHD2",0.114961603834316,0.197513600063622,0.573,0.526,1
"ELMO3",0.115021394827901,1.14845386724487,0.021,0.008,1
"YPEL1",0.115039668739643,-0.97954782119837,0.014,0.029,1
"DPY19L3",0.11526466871757,-0.989192452137106,0.02,0.036,1
"PGM2",0.115264838467367,0.541575064137021,0.107,0.068,1
"EMP1",0.115279692236233,0.221598947146319,0.048,0.031,1
"GTF2H2C",0.115463500214438,-0.681095212017099,0.037,0.057,1
"MORN2",0.115513834822262,0.762361521078383,0.034,0.017,1
"ZNF45",0.115592080395705,0.499503653847083,0.077,0.056,1
"APOM",0.115818915329081,0.542253363996178,0.036,0.019,1
"KLHL18",0.115882473702776,0.266089826667999,0.205,0.151,1
"HSD17B7P2",0.116097201942948,0.691885547833201,0.08,0.046,1
"UBE2S",0.116226858239381,-0.278146554386991,0.45,0.445,1
"MIR497HG",0.116286121616712,-0.351254338044898,0.075,0.079,1
"RIOK2",0.116289312555365,0.502331295426699,0.153,0.107,1
"SUSD4",0.116374677740618,2.25581219815489,0.011,0.002,1
"NDUFB1",0.116504591685152,-0.176688983161381,0.31,0.346,1
"SWI5",0.116719003395096,-0.110057120547956,0.05,0.06,1
"HAGHL",0.116817637343742,-0.592337420074571,0.087,0.117,1
"AMACR",0.11686840822262,-1.25525100798222,0.009,0.022,1
"DEK",0.116888683923232,-0.236953974268027,0.397,0.434,1
"ENSG00000290036",0.117099686486499,-0.980622489201667,0.021,0.036,1
"ZNF562",0.117108854195523,0.700668061362713,0.068,0.039,1
"DNAJC27",0.117244432847733,-0.603269642558619,0.05,0.073,1
"CPNE7",0.117408396816064,0.583690025747243,0.089,0.054,1
"TSTD3",0.117412904821451,0.404303516321577,0.044,0.04,1
"PFDN1",0.117477888288066,-0.172302697822441,0.27,0.263,1
"TIFA",0.117584822371381,-0.731732217956184,0.057,0.088,1
"RAB5B",0.11768071400207,-0.228902284955775,0.224,0.221,1
"WASF1",0.117897321101963,-1.53941126272141,0.005,0.017,1
"ENSG00000286319",0.11801307737586,2.20694933338618,0.011,0.002,1
"SLC39A13",0.118090656907289,0.650711806523683,0.062,0.037,1
"USP25",0.118144204446478,-0.276727118344073,0.256,0.281,1
"ADRB1",0.118350376543352,2.39015284607976,0.011,0.002,1
"FBXL15",0.1185069226959,-0.516452261456605,0.078,0.091,1
"EFHC1",0.118563645086439,0.255496872117902,0.06,0.042,1
"MFSD6",0.118594254700661,0.470014794126429,0.165,0.124,1
"MTCH2",0.118610680700131,-0.27068159733024,0.23,0.261,1
"MTMR14",0.118750998799816,-0.165906011762331,0.217,0.218,1
"ZNF8",0.118827170458855,0.295970612639153,0.071,0.053,1
"DNAJA4",0.11892044363889,-0.499142475878831,0.052,0.062,1
"L3MBTL2",0.119086464697253,0.528020519916771,0.084,0.053,1
"DENND1B",0.119164392023002,-0.323200909197906,0.162,0.173,1
"LMAN2L",0.119265409443637,1.11733876866911,0.027,0.011,1
"TRPS1",0.119317384282552,0.288089851734347,0.233,0.216,1
"RABIF",0.119382530124934,-0.259786165574969,0.233,0.267,1
"ENTPD3-AS1",0.119508798371053,0.431746318276778,0.02,0.008,1
"FANCI",0.119667140733031,0.757549955522729,0.044,0.022,1
"FOXJ2",0.119966971770281,-0.499214175582582,0.055,0.08,1
"SNHG17",0.120012853234815,-0.341705251873322,0.219,0.258,1
"ZSWIM6",0.120097732442004,0.260563264364041,0.496,0.414,1
"SPECC1L",0.120109790637541,-0.26923959065587,0.187,0.196,1
"LARS2",0.120189275154907,0.809169412304073,0.075,0.048,1
"TRAV26-1",0.120399732527955,-1.72538004081859,0.009,0.02,1
"ACOT2",0.120504937465991,-0.474197628845361,0.098,0.128,1
"NAP1L4",0.120703602896479,-0.158560646382484,0.523,0.56,1
"RTP5",0.120706568042222,-1.33074498100161,0.009,0.023,1
"MBD5",0.120797668032678,0.325965683540733,0.253,0.209,1
"ZNF737",0.120830481146059,0.204393265575233,0.082,0.062,1
"MAN1B1-DT",0.121011341352244,1.35838664508412,0.02,0.006,1
"THOC1",0.121053407421852,-0.255278733734299,0.192,0.201,1
"MTMR6",0.121134305261483,0.36062799891213,0.343,0.275,1
"NDUFV2",0.121165753974437,-0.186117665178696,0.642,0.662,1
"GALNT1",0.121238049534162,-0.260545808667337,0.139,0.165,1
"PRIM2",0.121343820615709,-0.575886335463078,0.052,0.059,1
"PDK3",0.121435159584741,-0.396159117564133,0.167,0.192,1
"ENSG00000278996",0.121435595620371,-0.162519033185093,0.664,0.686,1
"FRMD8",0.121618128875298,0.153341486337877,0.201,0.159,1
"CEP135",0.121645750741302,-0.318309910596296,0.13,0.156,1
"SEC61B",0.12164809998912,-0.136366120058745,0.701,0.709,1
"SH3KBP1",0.121909021321217,-0.302888981984332,0.222,0.238,1
"TRAV17",0.121937487791269,1.05006756001678,0.016,0.011,1
"BCLAF1",0.121980158226778,-0.126445324545852,0.553,0.56,1
"RAB11FIP2",0.122044895155792,-0.609116815665766,0.085,0.114,1
"VDAC1",0.122298575042266,0.265251518519541,0.53,0.461,1
"ZNF841",0.122314510524476,0.818703478141397,0.05,0.026,1
"TBRG4",0.122498510143276,0.503013418943762,0.162,0.111,1
"TWF2",0.122515573913513,0.163421498291996,0.407,0.386,1
"GNPTG",0.122557972927656,-0.168215595092376,0.132,0.131,1
"TIAM2",0.122670040604568,-0.547262850550232,0.036,0.054,1
"ANKRD11",0.122690237165471,-0.112035214295301,0.539,0.529,1
"ENSG00000289406",0.122967227707784,0.710299636044043,0.027,0.012,1
"PCGF5",0.123000519906905,0.103306847386078,0.441,0.442,1
"FUS",0.123049408620201,0.102724423431176,0.783,0.711,1
"TPST1",0.123085973606382,-0.801492550448885,0.048,0.071,1
"SDE2",0.123121226350384,-0.207853732778389,0.274,0.274,1
"FAM171A2",0.123331761424522,1.84780650582587,0.011,0.002,1
"MRPL10",0.123469514259957,0.43010846914518,0.256,0.193,1
"LINC00663",0.123480363850778,2.33167038324984,0.011,0.002,1
"STAG3",0.123754651682126,-0.703138340573716,0.034,0.053,1
"GTF2H1",0.123779850667649,-0.228755185473979,0.203,0.212,1
"PRH1",0.123825410744101,-0.926647329197616,0.025,0.045,1
"KRCC1",0.124071430348462,0.497347676339691,0.157,0.107,1
"MCM3AP",0.124096046580165,0.244386461977905,0.123,0.111,1
"LINC00937",0.124108157281174,0.995366074535666,0.023,0.009,1
"ADNP",0.124195277428715,-0.129499158960819,0.308,0.294,1
"OTUD1",0.124261245635728,0.538050596910905,0.105,0.071,1
"ENSG00000288729",0.12427047872113,-1.68680956102366,0.005,0.015,1
"HNRNPD-DT",0.124280772502946,0.748194161337011,0.03,0.019,1
"SETD3",0.124320001611359,-0.35798783864814,0.101,0.116,1
"PLXNC1",0.12444222952878,0.999508612385599,0.041,0.02,1
"ODF3B",0.124508944229114,0.823133773059933,0.062,0.037,1
"GOLPH3-DT",0.124756918514491,0.662894763456621,0.012,0.005,1
"ACY1",0.12480979081621,1.47390953730421,0.021,0.008,1
"PRMT1",0.124833799813398,-0.210114603882009,0.44,0.485,1
"CCDC102A",0.124915386074312,-0.752586745971827,0.041,0.06,1
"PFDN4",0.125016623225749,-0.272296215848701,0.23,0.261,1
"IMMT",0.125051188445416,-0.260434907503299,0.221,0.236,1
"NCBP3",0.125202284685609,0.220008198698569,0.324,0.255,1
"TRAV38-2DV8",0.125315874907591,-1.2027455772768,0.014,0.032,1
"GPN1",0.125787058990937,0.203147726027973,0.247,0.192,1
"SMURF1",0.125878950061052,-0.439891702482683,0.121,0.148,1
"SLC66A3",0.125889559035566,0.924068161542329,0.057,0.032,1
"ELK3",0.125920279907676,-0.439928328388136,0.165,0.198,1
"TTC21A",0.126014365052458,1.53022932432199,0.011,0.002,1
"TTC17",0.126173093639172,0.210531593821205,0.37,0.298,1
"ENSG00000286803",0.126183755883002,-0.238405499255234,0.025,0.022,1
"PDP1",0.126310638300205,0.344232232247007,0.201,0.147,1
"TMEM106B",0.126326240885007,-0.484980312162257,0.11,0.136,1
"NSD1",0.126331796670381,0.198430841942234,0.262,0.202,1
"IMPDH1",0.126377181428446,-1.05160598239094,0.016,0.031,1
"ORAI2",0.126390439103276,0.295414768720809,0.363,0.289,1
"TRBV18",0.126611557762634,0.764123364209099,0.02,0.006,1
"IRAG2",0.126730001484825,-0.125261963248332,0.411,0.393,1
"ENSG00000258949",0.126821770666247,1.3955852456131,0.02,0.006,1
"ARMCX5-GPRASP2",0.12690190798218,-1.24927505511346,0.016,0.034,1
"TEX264",0.126995712415742,-0.459848749478232,0.117,0.147,1
"MMADHC",0.127270186094332,-0.174710780818132,0.404,0.42,1
"TMEM258",0.127332080890709,-0.158392134286784,0.53,0.522,1
"SMIM8",0.127341538118243,-0.687675165815185,0.023,0.043,1
"BLTP3A",0.127357085971064,-0.167111770027532,0.043,0.054,1
"ZNF711",0.127457724526571,0.443102144815893,0.062,0.039,1
"CNOT4",0.127488151117217,-0.297650712799648,0.315,0.352,1
"DAPK1",0.127579423632065,-0.902851681796412,0.016,0.032,1
"ZBTB48",0.127898028945306,0.305858216191234,0.096,0.068,1
"ENSG00000228061",0.12793522424766,-0.20092389948032,0.021,0.028,1
"EEF1AKMT2",0.12794245868184,0.393896519761345,0.133,0.093,1
"CTR9",0.128035274802724,0.296509386521939,0.438,0.374,1
"PFKL",0.128109644945405,0.610395253760192,0.133,0.097,1
"RPS19BP1",0.12812762917427,-0.248265246245451,0.313,0.325,1
"TNPO3",0.128184957925264,-0.23021154345862,0.181,0.181,1
"BZW1-AS1",0.128234799269562,1.26361802391974,0.014,0.003,1
"EEF1AKMT1",0.128344951268723,-1.2767219583222,0.009,0.022,1
"HYAL2",0.128458378406524,1.28175141031043,0.02,0.006,1
"TRAPPC14",0.128494066604398,0.396801180254293,0.119,0.094,1
"ENSG00000272447",0.128613280706892,-0.848305881058407,0.025,0.045,1
"PGRMC2",0.128633888309907,0.272265760872617,0.427,0.351,1
"ENSG00000242798",0.128710684788583,0.974885315975011,0.027,0.011,1
"C11orf68",0.12892895563928,0.510025763235494,0.174,0.124,1
"TMEM33",0.129042087262787,0.371284516470338,0.19,0.141,1
"TCP11L2",0.129117769103038,-0.225798553941302,0.388,0.41,1
"LINC03076",0.129154518054755,-0.486440124299519,0.06,0.073,1
"MSH2",0.129358075605887,-0.309370446316644,0.116,0.121,1
"RALY-AS1",0.129362177327091,1.43774634975618,0.011,0.002,1
"PAWR",0.129363169924098,-0.589272967476713,0.037,0.057,1
"F11R",0.129473241969964,-0.494998671066711,0.089,0.114,1
"SCML4",0.129490156566767,0.254674052533748,0.333,0.286,1
"PIGT",0.129537743831553,0.379539404842471,0.26,0.206,1
"TAB3",0.129598316333313,0.563388375059662,0.121,0.082,1
"TIMM13",0.129688371255323,0.377070256507937,0.27,0.216,1
"CFLAR",0.12976467823441,-0.203539974192454,0.418,0.445,1
"YJU2",0.129952569863031,0.330856518414142,0.112,0.094,1
"ABITRAM",0.130196500958809,0.586717063390551,0.082,0.049,1
"TMEM229B",0.130262123950567,1.53605996112203,0.012,0.003,1
"ARL6IP1",0.130301766720955,0.126641189516063,0.676,0.652,1
"ENSG00000261505",0.130416334460954,-1.11162854874089,0.007,0.019,1
"TRMT12",0.130503234089633,-0.73213823741987,0.046,0.065,1
"GALT",0.130587623083618,0.482543823002402,0.098,0.063,1
"SERGEF",0.130662874784092,-0.769661774515453,0.037,0.054,1
"RBBP7",0.130765818462882,-0.247114513263883,0.384,0.423,1
"CCNDBP1",0.130780506976211,0.255011237154955,0.365,0.309,1
"RUSC1",0.130945982325583,0.723705105534153,0.06,0.036,1
"QTRT2",0.130949339136317,-0.489340967962865,0.075,0.102,1
"GALNT10",0.130997568801375,0.41100906079647,0.141,0.097,1
"PTPRC",0.131065858674408,0.170643077195459,0.956,0.937,1
"ITGA1",0.131102526143843,-0.893042721525139,0.028,0.048,1
"CDC34",0.131149982881473,0.210073879681653,0.42,0.352,1
"CDH4",0.1313628912568,1.65989191954058,0.012,0.003,1
"RASSF7",0.131683732713483,-0.411112914617203,0.089,0.1,1
"DDX27",0.131812827570194,-0.147201515842891,0.379,0.372,1
"MAPKAPK5-AS1",0.131865360790012,-0.482535741566112,0.121,0.159,1
"TTC12",0.131977027193951,-1.16799001667167,0.004,0.012,1
"TASOR2",0.132110841995529,-0.175183615017857,0.269,0.281,1
"TCTA",0.132150068352063,0.61673249214566,0.057,0.039,1
"TFIP11",0.13223428336902,0.29193808012368,0.299,0.236,1
"KDM4A",0.132320033498308,-0.465918411404342,0.107,0.131,1
"TSNAX",0.132549693922323,-0.354877633312899,0.133,0.158,1
"HEATR3",0.132714490388637,-0.405945289318287,0.043,0.046,1
"EXOC1",0.132828739948068,0.634208801641825,0.101,0.068,1
"HBA2",0.132959899874617,-1.03617021955972,0.011,0.003,1
"RASGRP3",0.132990085115955,0.215171044265219,0.064,0.043,1
"BCR",0.133115119005225,-0.109040755098515,0.137,0.15,1
"PPP1CA",0.133182348389016,-0.118554913231662,0.534,0.521,1
"CENPQ",0.133370972739408,0.731375075752837,0.044,0.023,1
"TIPARP",0.133643734917872,-0.298846676673745,0.258,0.258,1
"HDGFL2",0.133663337116222,-0.708780421196496,0.068,0.097,1
"EWSR1",0.133759473973466,0.219879176980084,0.635,0.564,1
"MKNK1",0.133979129788485,-0.417036952343415,0.06,0.08,1
"SLC35A1",0.134008110150048,0.41029854319405,0.158,0.113,1
"SMPD4",0.134115953924381,-0.350192872745383,0.126,0.145,1
"APBB1",0.134270033571434,-0.534180957968691,0.101,0.131,1
"ENSG00000255882",0.134289056480771,-1.24083273336916,0.011,0.025,1
"C16orf87",0.134415893016029,-0.365112312126501,0.062,0.085,1
"ZNF280D",0.134458991753076,-0.127838714057994,0.153,0.151,1
"IFNGR1",0.134696978434084,0.181022573185253,0.226,0.213,1
"SLC4A4",0.1350514320965,-0.834043080708115,0.018,0.032,1
"TAP1",0.135089249614224,-0.187583894035116,0.585,0.618,1
"ENSG00000271554",0.135417923126262,-1.04963669776464,0.009,0.022,1
"EXOC7",0.135465768295505,0.36898076419107,0.121,0.102,1
"TAFAZZIN",0.135563936524423,-0.47976525488528,0.084,0.108,1
"ANKRD39",0.13564691813991,0.488836837067384,0.162,0.117,1
"GNL1",0.135677068495355,0.210401006056163,0.44,0.369,1
"IFNAR1",0.135718516200499,-0.386715749013564,0.281,0.321,1
"MAGOHB",0.135826457539136,-0.322566980054216,0.091,0.093,1
"UBE3B",0.135858866791265,0.157549516455612,0.08,0.065,1
"ENSG00000274265",0.136011251158797,-0.147955753903701,0.208,0.198,1
"LERFS",0.136512504555098,-1.10098176889076,0.007,0.019,1
"IFT52",0.13653270989157,0.406998436808431,0.16,0.117,1
"YEATS4",0.1365664527097,-0.411177407850276,0.103,0.111,1
"GPAT2",0.136694807118322,2.28153104627932,0.011,0.002,1
"EFNA1",0.136723298819214,-0.946520020951124,0.012,0.029,1
"RECQL5",0.136870775259427,-1.76914992144676,0.005,0.017,1
"POLR2G",0.136909655792998,0.290795022220279,0.272,0.227,1
"C1orf112",0.136964695350473,-0.623423272735632,0.06,0.085,1
"EEF1AKMT4",0.137006062842197,-0.267771942191968,0.036,0.031,1
"BCAP31",0.137105187202181,-0.19997148069219,0.29,0.303,1
"APIP",0.137108983557137,-0.378009882095881,0.149,0.172,1
"AHRR",0.137176772657415,-1.51654921290436,0.005,0.017,1
"FEM1B",0.137196622600714,0.431248510155844,0.158,0.111,1
"LINC01414",0.137199530922343,2.27634495401557,0.012,0.003,1
"COQ10B",0.137207531649084,-0.178613063411535,0.27,0.277,1
"ARFIP1",0.137217523552284,0.660830254433362,0.107,0.07,1
"DTNB",0.137238663761568,0.637456976697656,0.103,0.066,1
"PLEKHG4",0.137467224539643,2.21996958129038,0.011,0.002,1
"ARHGAP32",0.137491697216436,-0.579674917686901,0.087,0.124,1
"THOC2",0.137540522389517,-0.243551531441799,0.267,0.287,1
"BPGM",0.137592279990588,0.446875951939356,0.144,0.111,1
"OLMALINC",0.13779814590987,-1.08016886088653,0.004,0.011,1
"PHF13",0.13780650392062,-0.761972744683516,0.036,0.056,1
"FCRL6",0.137824591150413,-0.284855781845855,0.025,0.036,1
"SELENOM",0.137843578019074,0.897337389965022,0.052,0.029,1
"DCTN5",0.137867144181396,0.606691314758343,0.123,0.079,1
"MCTP2",0.137943903958901,0.30942555515793,0.077,0.054,1
"LEPROTL1",0.13796355360767,0.112368518959086,0.9,0.87,1
"ENSG00000289399",0.137966015112692,0.273194443469407,0.027,0.017,1
"FAM210B",0.137970840971341,1.80091113269348,0.021,0.008,1
"RPS6KB2",0.13800855582577,-0.334827854533152,0.203,0.227,1
"RGPD2",0.138159311882007,0.940959651891776,0.037,0.02,1
"CCDC78",0.138226939004885,1.43669152765387,0.014,0.003,1
"DNAJB4",0.138438808998227,0.293318453456672,0.046,0.028,1
"CLPX",0.138486445003005,0.379220087782945,0.217,0.17,1
"CBL",0.138508325761078,0.376953034820584,0.192,0.141,1
"H2AC21",0.138548132711417,0.696049340977766,0.028,0.012,1
"APRG1",0.138568422723421,-1.28927436483259,0.009,0.022,1
"NAA10",0.138586920989349,-0.211866496907662,0.171,0.199,1
"FAM151B-DT",0.138989993836474,0.304974990526903,0.071,0.045,1
"DHX32",0.139099708685801,-0.60819336050017,0.044,0.057,1
"XPNPEP1",0.139112197886358,0.63964084293373,0.091,0.062,1
"MAP9",0.139146272904836,0.305316813723983,0.098,0.083,1
"MRPS24",0.139225520259935,0.205061865317215,0.306,0.278,1
"KLHL8",0.139237609276827,0.432025358150134,0.093,0.06,1
"FBL",0.139296957720608,0.190739964924609,0.495,0.457,1
"DDB2",0.139375814843393,1.0905091683215,0.046,0.023,1
"MRPL28",0.139484458583124,0.404849995697753,0.176,0.13,1
"ZNF71",0.139498169686453,0.734754730913453,0.082,0.049,1
"ORAI1",0.139509598278736,-0.161912709391802,0.676,0.686,1
"LINC00891",0.13958785935454,0.33565669900676,0.039,0.026,1
"RPL23AP7",0.13962080205476,0.578726113470852,0.096,0.062,1
"GPR108",0.139701195723092,-0.362833567021789,0.08,0.102,1
"COG2",0.139714790771319,0.132670268292408,0.098,0.096,1
"RABL6",0.139729878859442,0.184635580695777,0.189,0.155,1
"IPO11",0.139737033629857,-0.451976650016582,0.094,0.117,1
"CYBA",0.139745491152374,0.1407798880888,0.875,0.858,1
"DHX8",0.139752084450496,-0.398789396560185,0.162,0.192,1
"ARHGAP25",0.13980018318591,-0.335540408620405,0.101,0.128,1
"DCTN6",0.139862626269002,-0.278017904514667,0.228,0.258,1
"ZNF329",0.139907213358914,-0.602633658907154,0.048,0.07,1
"MARCHF9",0.139931863758216,-0.492924674858347,0.212,0.252,1
"PGAP2",0.139945609460429,0.503752015546308,0.055,0.042,1
"FNDC3B",0.140089220737979,-0.543371262783262,0.11,0.141,1
"PRKACA",0.140157798613809,0.560629466441371,0.078,0.049,1
"XBP1",0.140181123226652,-0.202321920185737,0.411,0.41,1
"LMTK2",0.140434851199001,0.338140095855104,0.132,0.091,1
"METTL15",0.140577432320202,0.468511544349916,0.11,0.073,1
"PACRGL",0.140590308543488,0.95144495348603,0.052,0.026,1
"GTF2E2",0.140679372607591,0.369114675025188,0.194,0.142,1
"EPN2",0.140724946394541,1.52423791364966,0.018,0.006,1
"DDX42",0.14080161296154,0.142438205442934,0.249,0.196,1
"PALLD",0.140926727684823,1.58353070089852,0.018,0.006,1
"DDHD2",0.14115834105191,-0.51695307991751,0.073,0.093,1
"ATP6V0A2",0.141186897545832,-0.257818113287764,0.123,0.147,1
"ABHD6",0.141189870758835,0.418480867586576,0.048,0.028,1
"LEKR1",0.141211571785569,1.89717852824441,0.012,0.003,1
"CKMT2-AS1",0.141250550197904,-0.542634410820615,0.02,0.034,1
"CDCA4",0.141463846737334,-0.433300036124322,0.123,0.138,1
"UFD1",0.141487793247137,-0.194519858914161,0.304,0.298,1
"RPS6KC1",0.14159503710807,0.407566884824136,0.142,0.121,1
"DIS3",0.141615165779057,-0.350922123743661,0.135,0.165,1
"ZNF395",0.141698801647728,-0.887653974530825,0.023,0.037,1
"PPP1R37",0.141785244700682,0.377403026217519,0.073,0.048,1
"TRBV12-3",0.141805639798599,2.03314089224374,0.012,0.006,1
"NAALADL2",0.141837640716302,-0.352906694374438,0.021,0.031,1
"MRGBP",0.141989953418275,0.253143230210681,0.167,0.127,1
"ZNF426",0.142089023049057,-0.327490427230211,0.064,0.06,1
"MLF1",0.142463246217973,1.06982488984727,0.037,0.017,1
"RRP7A",0.142500416816388,-0.255362702597058,0.221,0.233,1
"TPP1",0.142532256984591,0.449556477911039,0.066,0.042,1
"BTG2",0.142660001048955,-0.169812375322493,0.548,0.509,1
"ZNHIT2",0.142701569971051,0.440079349150521,0.116,0.08,1
"BACH1",0.14281611817054,0.171419470316687,0.295,0.235,1
"RPGR",0.142902673005336,0.687822090459086,0.112,0.071,1
"CGGBP1",0.14292388910609,-0.178010951335094,0.418,0.448,1
"ABI2",0.142981449044047,-0.450762408569102,0.107,0.134,1
"SH2D1A",0.1431761623927,-0.249135765168166,0.343,0.363,1
"AP4B1",0.143190904704934,-0.214662348937853,0.089,0.082,1
"IFT88",0.143203646170134,0.741356405979743,0.077,0.045,1
"MGAT5",0.143216350719647,-0.338555079517235,0.185,0.202,1
"XPO7",0.14332032759964,-0.411711885875465,0.101,0.13,1
"GHITM",0.14336391606322,0.114430385150577,0.571,0.541,1
"RBM26",0.143627705194874,0.135061434332638,0.302,0.252,1
"CMTM8",0.143645381795496,-0.716599157647554,0.05,0.074,1
"SPDYE5",0.143722334536833,-1.15016268570784,0.005,0.015,1
"CIR1",0.143846231118312,-0.220795946533948,0.39,0.393,1
"LAMP3",0.143974274810812,-0.740359386803781,0.044,0.062,1
"LDOC1",0.1439942842602,1.34080891796314,0.018,0.006,1
"PNPO",0.144099085565255,1.50951640145467,0.025,0.009,1
"IFI44L",0.144215741619563,-0.703549014553966,0.064,0.088,1
"ENSG00000229021",0.144270655210199,-1.8922068518476,0.005,0.015,1
"PLIN3",0.144295789531943,-0.415297836371558,0.041,0.059,1
"ATP5MJ",0.144479753669388,0.177927987437146,0.607,0.543,1
"GATD3",0.144797997947486,0.481681469027377,0.117,0.077,1
"MAF1",0.145038126684712,-0.143926781638714,0.466,0.505,1
"USP38-DT",0.145102740925558,-1.08091014585512,0.016,0.031,1
"UCK1",0.145153644927959,0.537247803380016,0.103,0.07,1
"ABCG1",0.145191183639236,-0.160470414155373,0.367,0.345,1
"DHRS7",0.145584217840514,-0.210320890270256,0.167,0.198,1
"DRAP1",0.145612564628144,-0.206002770683027,0.477,0.518,1
"TMEM139-AS1",0.145614099813073,-1.72459059237222,0.004,0.012,1
"TMED8",0.145764538987802,0.521890152300371,0.069,0.046,1
"PLK3",0.145793009743341,0.320759573887419,0.235,0.178,1
"ANKRD28",0.145955129811489,-0.373450981141621,0.11,0.141,1
"COMMD4",0.145962391231442,0.783008110410241,0.053,0.031,1
"RAB40B",0.146513266831274,1.89463850927289,0.016,0.005,1
"STK39",0.146758508496851,-0.385193201836888,0.117,0.136,1
"WRN",0.146792188954454,-0.447523468605018,0.084,0.107,1
"PLGRKT",0.146805037993359,-0.626335599052942,0.055,0.07,1
"TOX",0.147116451771945,-0.297936820259448,0.338,0.386,1
"TSPAN17",0.147253035221612,-0.95808354666499,0.018,0.036,1
"ANKAR",0.147392463740938,-0.264426227496362,0.041,0.04,1
"ENSG00000285999",0.147476526866478,-1.1191850158236,0.011,0.023,1
"S100A11",0.147576955408953,-0.181994088398619,0.589,0.581,1
"LIPE-AS1",0.147915505839764,-0.477805144372159,0.025,0.026,1
"VEZF1",0.147927360091429,-0.186428617383785,0.311,0.345,1
"NSMCE1",0.148029131068299,0.319909104605179,0.324,0.272,1
"TMEM191A",0.148139853783101,0.910287122212619,0.046,0.025,1
"ENSG00000263823",0.148173662778751,1.20481481565387,0.012,0.003,1
"BTBD9",0.14822278690438,0.299742095769926,0.456,0.379,1
"CRY1",0.148282074425743,-0.106619062267437,0.308,0.281,1
"AFTPH",0.148284965850598,-0.267802916554308,0.27,0.289,1
"KIF9-AS1",0.148318122024939,0.43540767672851,0.181,0.13,1
"MEI1",0.148415134014947,0.755703382117126,0.08,0.048,1
"EOGT-DT",0.148452201129469,0.53722025100575,0.057,0.032,1
"HS6ST1",0.148479897842156,-0.291445438808788,0.041,0.04,1
"CTSD",0.148542972594178,0.580020017235227,0.125,0.083,1
"CCS",0.148687283374424,0.319223953523028,0.247,0.193,1
"EIF3K",0.148711334449752,-0.134099277435946,0.802,0.811,1
"FOSL1",0.148766155029909,2.11993618913015,0.016,0.005,1
"AK3",0.148767078418304,-0.405729585833663,0.13,0.15,1
"MYH9",0.148781895465294,0.127718746405611,0.767,0.694,1
"CKS2",0.148955988866519,-0.353924017155927,0.164,0.175,1
"ENSG00000269984",0.148988788405609,-1.23596591865617,0.016,0.028,1
"ARL5B",0.149049830365399,-0.697978536914583,0.082,0.102,1
"UBOX5",0.149088172583289,0.485028168148583,0.107,0.071,1
"PTGER4",0.149162679615699,0.266229777204901,0.322,0.253,1
"MED22",0.149240567115521,1.04497574912288,0.041,0.02,1
"GPR171",0.14956251502635,0.281439293766958,0.297,0.235,1
"ATP1A1-AS1",0.149638276417953,-0.46976494023644,0.055,0.077,1
"CBX3",0.149645082642328,-0.170470810858023,0.413,0.414,1
"SPRTN",0.149690128095088,0.539950825796193,0.148,0.102,1
"LACTB2",0.149703763070204,-0.687394111706485,0.02,0.036,1
"NCOA1",0.149776999746965,0.242938751147166,0.429,0.359,1
"MAP3K20",0.149916291188741,-0.653788389237266,0.032,0.046,1
"OR2A1-AS1",0.149942276058998,-1.57673126597131,0.007,0.019,1
"CEP41",0.150026674673742,0.11857783440587,0.014,0.008,1
"ENSG00000291037",0.150063305512301,-1.15034140409607,0.02,0.036,1
"YOD1",0.15010449633814,-1.18482717197173,0.018,0.034,1
"RAB43",0.15030385743009,-0.588743543081938,0.048,0.065,1
"ACSL3",0.150317152596972,-0.143673014202571,0.206,0.19,1
"CPSF2",0.150406563890938,0.436637287457165,0.091,0.059,1
"SNRPN",0.150417988919845,0.114882136990663,0.496,0.481,1
"ENSG00000239480",0.150538854103997,-1.92978280729455,0.005,0.015,1
"KIF9",0.150783481211312,-0.121125785931495,0.062,0.049,1
"CPSF1",0.151010131644516,0.186538132137243,0.084,0.066,1
"TMEM170A",0.151098292521092,0.288268383761774,0.219,0.164,1
"DCUN1D1",0.151110723622645,-0.416489024669884,0.157,0.182,1
"NUDT1",0.15112864230409,0.474515242419563,0.069,0.043,1
"XRRA1",0.151396310749314,0.421616578059061,0.128,0.09,1
"ENSG00000290999",0.15151569917859,-1.06817388582369,0.016,0.032,1
"CRTAP",0.151565509636252,0.690231816400653,0.073,0.051,1
"NDE1",0.151718137353342,-0.306070171569738,0.228,0.263,1
"DERL2",0.151784470320632,0.281339486216515,0.302,0.241,1
"ITPRIP",0.151791697449826,0.300832277661667,0.208,0.158,1
"ZRANB3",0.151835180857894,-0.159185523457944,0.064,0.062,1
"MYO18A",0.151910683684652,1.61366906882509,0.037,0.017,1
"ENSG00000290876",0.152047836353902,0.807953309466213,0.059,0.031,1
"ENTR1",0.152100052718076,-0.466716706493207,0.098,0.117,1
"ZFAND6",0.152256013843326,-0.157267672072961,0.365,0.389,1
"TRAPPC2B",0.152277070808503,0.315168693088569,0.169,0.13,1
"ERFL",0.152291717253168,0.588700813443298,0.055,0.031,1
"ARID5B",0.152360429269483,0.104236212993542,0.594,0.583,1
"PPP5C",0.152636335155767,0.436977160846058,0.08,0.056,1
"ZBTB20",0.15269672904626,-0.20211321850277,0.422,0.444,1
"NEPRO-AS1",0.152735748323809,-0.381712191623674,0.055,0.077,1
"AGO4",0.152967395484396,-0.606278634604776,0.068,0.091,1
"DXO",0.15308209981979,-0.584836987916272,0.073,0.097,1
"FOXK1",0.153089103573232,-0.323285897265323,0.21,0.235,1
"HIRA",0.153142463618923,-0.249249381748228,0.066,0.077,1
"PSMD6",0.153206395683051,-0.179864457196426,0.393,0.386,1
"ATG9A",0.153342214184099,0.44297430153608,0.151,0.107,1
"SNRPE",0.153365400123951,-0.195326421850966,0.342,0.377,1
"CLSTN3",0.15337422995209,-0.688237803622338,0.037,0.054,1
"SLCO3A1",0.153476926861908,0.412748011166866,0.24,0.184,1
"ZFYVE27",0.15352344182836,-0.220814416914896,0.116,0.134,1
"C5orf15",0.15358668905373,0.199938095135058,0.217,0.172,1
"WWC3",0.153661551263725,0.235912832441713,0.037,0.022,1
"ZNF433-AS1",0.153834427338531,-0.500257032638954,0.094,0.119,1
"PRELID1",0.154291047679485,-0.269484666349726,0.404,0.437,1
"NLRP2",0.15441182102551,0.439906613581283,0.028,0.014,1
"SRP54",0.154492661583874,0.126634563761911,0.404,0.34,1
"YPEL3",0.154492946811803,-0.255695934374478,0.559,0.601,1
"WDR18",0.154721879085407,0.351879241299391,0.281,0.218,1
"STARD10",0.15472934095086,-0.49836249004637,0.135,0.168,1
"IKBKG",0.154899845700604,-0.302824525883166,0.149,0.172,1
"TENT4B",0.155071953216279,0.134555824148054,0.317,0.266,1
"GABPB1",0.155130069861467,-0.261955049928482,0.198,0.209,1
"FEZ1",0.155229158963774,-0.842467772106462,0.043,0.059,1
"GSS",0.155233390086359,0.632616207866298,0.093,0.059,1
"CYB561A3",0.1552424748875,-0.639007105767988,0.048,0.068,1
"MCC",0.155261755963079,-0.909503654567697,0.037,0.057,1
"TRDMT1",0.15546467216768,0.46926305862268,0.135,0.094,1
"NLRC5",0.155683678337964,0.195146289536732,0.279,0.267,1
"NSFL1C",0.155732864223236,-0.294939953500617,0.249,0.274,1
"ENSG00000290569",0.155786668693016,-0.442418298268827,0.093,0.116,1
"A2ML1-AS1",0.156080199331441,-1.09493953559021,0.018,0.032,1
"RHOT1",0.156095747114355,0.478343338160072,0.109,0.071,1
"TMLHE-AS1",0.156126453188307,1.34479185359165,0.027,0.012,1
"GGH",0.156316596814698,-1.65200282138197,0.007,0.02,1
"GID4",0.156381976485593,-0.514980816906788,0.052,0.073,1
"LINC01145",0.156608277276111,-0.430325533368914,0.089,0.114,1
"DGCR8",0.15672618679517,0.310909016231509,0.078,0.054,1
"ADD3",0.15674023591456,-0.197942153947144,0.365,0.385,1
"KMT2B",0.156813550338232,0.424220770877062,0.153,0.111,1
"RNASEH2C",0.15684166965413,0.157923360902369,0.254,0.207,1
"TPM1",0.157029473258182,0.974957486691499,0.03,0.014,1
"S100B",0.15711716192262,2.26636945954423,0.021,0.009,1
"TTC14",0.15715960054945,-0.133362038544552,0.222,0.209,1
"HIVEP2",0.157253925470714,-0.15870315431052,0.582,0.586,1
"TMEM35B",0.157291164225847,0.502321537044652,0.125,0.087,1
"IL12RB1",0.157434105185256,0.682764951087849,0.05,0.026,1
"PDE9A",0.157503459111765,-0.796592286488927,0.036,0.059,1
"DCAF13",0.157567641815439,0.346924953031577,0.203,0.161,1
"ENSG00000233848",0.157598593326087,-1.38211788896001,0.005,0.015,1
"RBKS",0.157605069371496,0.647697022612026,0.066,0.037,1
"EVI5",0.157751836985009,-1.12201073664095,0.009,0.02,1
"ELOB",0.1579181120546,-0.166726069548511,0.649,0.657,1
"C1orf43",0.157932004566954,0.281275600942945,0.477,0.402,1
"ZXDC",0.158050106066179,-0.223069707151541,0.164,0.162,1
"SURF4",0.158132367524977,0.227478111899909,0.591,0.53,1
"REX1BD",0.158198446875944,0.445752468021198,0.224,0.172,1
"SLC25A17",0.158309254791812,0.12271550440962,0.087,0.07,1
"MARCHF3",0.158330963598802,-0.368471960749669,0.135,0.165,1
"C17orf107",0.158416073659538,0.549870175484608,0.052,0.028,1
"IMPDH2",0.158480378009082,-0.21426224772729,0.381,0.422,1
"ATP9A",0.158493925189976,1.15152034484597,0.03,0.014,1
"EIF2B2",0.158694378650099,0.313924907128203,0.132,0.096,1
"STOM",0.158978023097827,-0.516550214140577,0.089,0.117,1
"CIDEB",0.159005798124772,0.388252508722469,0.034,0.022,1
"TYMS",0.159251846985488,0.746323098932079,0.053,0.031,1
"HIP1R",0.159277467614151,0.134924841850333,0.176,0.179,1
"TRABD",0.159286745651152,0.196102407694526,0.642,0.583,1
"SMIM10L1",0.159291280530507,-0.336450625311853,0.203,0.23,1
"FAM53C",0.159323518605393,-0.348845806563017,0.11,0.141,1
"NPAS2",0.159328310827097,1.31589685091301,0.02,0.006,1
"TERF2",0.159367010397853,0.390745381227267,0.155,0.111,1
"ADAM17",0.159415360288614,-0.282463060143209,0.146,0.162,1
"PNP",0.159451502109739,0.251269601945218,0.368,0.334,1
"MAP3K8",0.159676317428057,-0.316209716374285,0.1,0.105,1
"FBXL8",0.159722227223942,-0.532914305612628,0.037,0.045,1
"IL18R1",0.159817885315215,1.59949518457962,0.014,0.005,1
"CDK17",0.159876275923879,0.215411986597065,0.639,0.564,1
"RAB6A",0.159876938499527,0.181132956250208,0.431,0.393,1
"AGAP4",0.16022106874724,0.981200067654451,0.027,0.012,1
"ZNF791",0.160525537456575,-0.222080523088481,0.158,0.172,1
"ENSG00000248268",0.160741622363865,0.657379799188022,0.052,0.028,1
"TRPM7",0.160772390583223,-0.207356590389173,0.308,0.326,1
"TSC2",0.160878124317164,0.617835571445693,0.075,0.046,1
"YBEY",0.160913273572687,-0.544556951255429,0.066,0.088,1
"ENSG00000267605",0.16105650907789,1.42575875623918,0.016,0.005,1
"PIGH",0.161168195987201,0.42827414048933,0.148,0.107,1
"POLR3E",0.161473451261844,0.431766617646187,0.262,0.21,1
"PRPF40B",0.161503341529101,0.49811556368266,0.03,0.017,1
"OLFM2",0.161512659188289,-0.217968277248712,0.023,0.02,1
"DARS1",0.161513819641963,-0.210045440919953,0.249,0.247,1
"EML5",0.161752841415018,1.21455511552884,0.018,0.006,1
"PDZD11",0.161805633335505,0.722780244924257,0.055,0.031,1
"TMEM131L",0.161979493063324,0.203046293104305,0.37,0.306,1
"MIR4435-2HG",0.162095956969894,0.712015668392917,0.094,0.068,1
"RSRP1",0.162164357657912,-0.159045624354964,0.657,0.666,1
"IFIT2",0.162422305515938,0.977077747948952,0.034,0.023,1
"LINC01876",0.162480388928002,-0.864803059909026,0.02,0.025,1
"ZUP1",0.162558338308436,0.41649552650743,0.114,0.085,1
"C1orf159",0.162611999984732,-0.911871440390358,0.036,0.053,1
"ENSG00000247853",0.162642125114141,0.927416183697568,0.016,0.005,1
"LTA",0.16264874723207,-0.650519825164045,0.055,0.074,1
"HNRNPDL",0.162822976980379,-0.122255752163568,0.877,0.892,1
"COPE",0.162844942624817,-0.137132384556215,0.591,0.589,1
"METTL25",0.162934900166941,-0.537618390204746,0.041,0.051,1
"OTUD5",0.162977486233733,0.224344880684951,0.331,0.303,1
"LENG9",0.163036666317237,1.26729892440931,0.021,0.008,1
"MEF2D",0.163056659318034,-0.26268536808993,0.23,0.261,1
"HENMT1",0.163128589513792,0.363588451927616,0.114,0.079,1
"LPGAT1",0.163207800702229,0.383917531928638,0.192,0.153,1
"PIERCE2",0.163311041534796,1.84996683701503,0.012,0.003,1
"TMEM140",0.163369729706964,-0.221590028952993,0.053,0.07,1
"NUBPL",0.163632563417192,0.798597236635376,0.06,0.036,1
"RGL2",0.163690842382179,-0.584235388711515,0.016,0.031,1
"GUF1",0.163898014674223,0.676882142561399,0.084,0.054,1
"MIDEAS",0.163981521337761,0.499956397208727,0.165,0.127,1
"ZBTB5",0.164122097753069,0.255702163894317,0.06,0.043,1
"DNAJA2",0.164178137916377,-0.148322660633905,0.456,0.448,1
"ZNF154",0.164254830200112,-0.470352981030661,0.064,0.079,1
"CDK10",0.164271217311002,-0.410321650330575,0.1,0.117,1
"RAD50",0.164293712965266,0.406993064499715,0.103,0.07,1
"OXSR1",0.164308000260896,0.17634850109355,0.301,0.25,1
"ZSCAN5A",0.164344591974977,0.856794153291405,0.03,0.014,1
"ATF7",0.16445728646044,0.229841770648785,0.169,0.128,1
"BRPF3",0.164515738038442,-0.556888556013623,0.055,0.077,1
"RAB15",0.164646886131738,0.875463101971474,0.037,0.02,1
"TMEM120B",0.164768198218243,0.602441972490102,0.098,0.062,1
"ZC3HAV1L",0.164923471749651,1.70640740605072,0.012,0.003,1
"ARHGAP15",0.165042808211682,-0.13170492877207,0.543,0.572,1
"ELOVL4",0.165110082089299,-1.32452210700607,0.018,0.028,1
"TRAV38-1",0.165170199379559,0.382775067344777,0.014,0.005,1
"POLR1C",0.165171119557633,-0.32560232688775,0.196,0.216,1
"ENSG00000237188",0.165284454065547,-1.51212400298867,0.005,0.015,1
"PJA2",0.165342009186669,-0.239358035178003,0.352,0.372,1
"ERGIC1",0.165398856541272,0.302291797478937,0.215,0.164,1
"SLC37A3",0.165466019988065,-0.545107505247481,0.098,0.125,1
"ENO2",0.165684288275134,0.349567507104938,0.1,0.071,1
"PROSER3",0.165689027465405,0.953471841711902,0.041,0.02,1
"ENSG00000290073",0.165806084136549,0.706749408799565,0.08,0.056,1
"PSME2",0.165814412112864,-0.140880529871873,0.525,0.543,1
"HYKK",0.165938401893416,-2.5448460482115,0.002,0.011,1
"FGGY",0.165978790021075,1.30608054202401,0.021,0.008,1
"C2CD3",0.166063280025939,-0.219971818684967,0.107,0.104,1
"C3orf52",0.166121663282354,-1.0105013540724,0.014,0.026,1
"VIM-AS1",0.166314101209296,0.123191398474722,0.267,0.215,1
"SGPP2",0.166372408740997,-1.36350379624001,0.007,0.02,1
"CMC4",0.166581244502387,-1.06373381286466,0.009,0.022,1
"TOX-DT",0.166784653593859,-0.567776961010324,0.071,0.099,1
"ZMYM6",0.166861135040125,0.465019470177964,0.133,0.093,1
"UBE2R2-AS1",0.166874496057095,-0.992569314744583,0.005,0.014,1
"RPRD1B",0.166929441406492,-0.279156192019735,0.144,0.167,1
"TRAF3IP2",0.167204180029998,-0.450033665320296,0.037,0.053,1
"NUDT18",0.167218328514911,-0.362910745091112,0.046,0.063,1
"ENSG00000288891",0.16725556269053,0.586010411043637,0.055,0.032,1
"KCNQ3",0.16728493128887,-0.894891059426488,0.005,0.014,1
"IFT46",0.167293650958901,-1.19504884299935,0.005,0.015,1
"B3GLCT",0.167298257725832,0.356246948894979,0.149,0.107,1
"OXR1",0.167547522382906,-0.416062475107379,0.107,0.13,1
"HIVEP1",0.167599014835837,-0.151024149790233,0.39,0.427,1
"ELP6",0.167647445362045,-0.403288531252001,0.093,0.104,1
"BCL7C",0.167722327417853,-0.245334687952955,0.144,0.156,1
"FAM168B",0.167736126469471,-0.328772290822728,0.141,0.164,1
"KLHL5",0.167745395738895,-0.250181351894403,0.269,0.297,1
"FOSB",0.1678486485219,-0.131068113248717,0.199,0.178,1
"IMP3",0.167863405568938,-0.216787017381801,0.377,0.388,1
"PALS1",0.167877913569768,0.828807162032364,0.068,0.043,1
"SF3B1",0.167915044754587,-0.114617793196867,0.696,0.717,1
"NR1H2",0.167968408863928,0.135787574012038,0.438,0.374,1
"KLHL20",0.167988532654393,0.428967091756661,0.189,0.136,1
"ITFG2-AS1",0.168060146479521,1.20264397221073,0.03,0.014,1
"ACO1",0.168162073154862,-1.27603537585826,0.018,0.036,1
"COMMD2",0.168191690135863,-0.253901532054714,0.149,0.161,1
"POLL",0.168254277032851,0.609127125252213,0.044,0.025,1
"BATF",0.168263968670007,-0.776205000940313,0.032,0.037,1
"ZCWPW2",0.168387310804646,-0.681104147177179,0.021,0.032,1
"ZNF232",0.168413770045239,0.11887347593793,0.03,0.036,1
"LINC01970",0.168538996216826,1.95129000707678,0.012,0.003,1
"BCAR3",0.168641694264117,1.07540453258046,0.025,0.009,1
"UHMK1",0.168651070166486,0.180394326966649,0.246,0.192,1
"AGAP2",0.168658003518737,0.506597655209952,0.133,0.093,1
"PPP2R2A",0.168705112363564,-0.180240244708894,0.311,0.298,1
"CDK8",0.168705554983049,0.201717375204297,0.157,0.119,1
"TDP1",0.168746759485626,0.336061564836571,0.125,0.087,1
"CBX5",0.168898773835716,-0.358580898330823,0.094,0.108,1
"SCAF11",0.168910568909027,0.187786992663519,0.637,0.569,1
"ILF3",0.168925433673909,0.212318382577342,0.507,0.442,1
"CNN3",0.169003497527696,-0.224066887815353,0.032,0.049,1
"TMEM106A",0.169017737478891,0.878324959965155,0.048,0.026,1
"EPHA1",0.169030507507098,1.6880918036015,0.012,0.003,1
"DEF6",0.169130079880142,-0.169324923331938,0.278,0.304,1
"CDK2AP1",0.169180219799979,-0.432434312872333,0.148,0.178,1
"SH3GL1",0.169212919793488,0.122613336386346,0.157,0.127,1
"TMEM205",0.169317985169629,-0.542597174834639,0.064,0.083,1
"CDKN2AIP",0.169503600937756,0.215910195108093,0.203,0.161,1
"RNF138",0.169507394405549,0.226959153518805,0.393,0.334,1
"STOX1",0.17000963234095,1.35521462748882,0.018,0.006,1
"CYP20A1",0.170114816362521,-0.142395545106024,0.285,0.28,1
"PELI2",0.170192780633115,-0.407135272751406,0.117,0.15,1
"KANTR",0.170497113206338,-0.2110256387231,0.052,0.049,1
"CNNM3",0.170623001478238,0.233882540613076,0.107,0.079,1
"ASB2",0.170669102952885,-1.29692062348425,0.011,0.022,1
"PDIA4",0.170876010064074,-0.149192859579167,0.167,0.159,1
"AQR",0.170938986139981,-0.103684823474691,0.198,0.189,1
"BPHL",0.171102071835319,-1.09341691722863,0.011,0.023,1
"WDR1",0.171175119671956,0.171554723736839,0.509,0.43,1
"RAB30-DT",0.171220029025466,0.343231390082127,0.089,0.063,1
"GEM",0.171265254761763,0.294448356488678,0.199,0.151,1
"PSTPIP1",0.171286695439271,0.356879000843226,0.105,0.082,1
"ICE1",0.17133375249203,0.373608981869182,0.292,0.223,1
"ASB7",0.171341549652183,-0.321083749475158,0.08,0.102,1
"CRNKL1",0.171452271243745,0.347684612780871,0.237,0.178,1
"MAPK8IP1",0.171580580702327,0.294921954403601,0.039,0.029,1
"LYPLAL1",0.171591977576497,-0.426624208052265,0.046,0.063,1
"MMAB",0.171630008420019,0.713215608192914,0.032,0.015,1
"MOCS3",0.171714166068382,0.442840394601721,0.046,0.025,1
"CALM3",0.172010541265567,0.20265917282596,0.301,0.278,1
"UBXN1",0.172205607446275,-0.147409239583575,0.73,0.74,1
"PP7080",0.172211412515757,-1.7773867502443,0.004,0.014,1
"FUZ",0.172217769073482,0.668055476266878,0.062,0.036,1
"ORMDL3",0.172343265447201,-0.458763947830958,0.114,0.141,1
"RBM42",0.172373046626264,0.253281716370967,0.375,0.306,1
"ZNF605",0.172385229588661,-0.88908083705873,0.021,0.034,1
"SNPH",0.172490002379672,0.943892552958613,0.03,0.014,1
"XPOT",0.172680861762829,-0.428544271336107,0.078,0.102,1
"NUP98",0.172880801737479,0.197804744994638,0.495,0.45,1
"WEE1",0.172932338521866,1.81585753258287,0.021,0.008,1
"CDC73",0.172976103867796,0.267214941788908,0.356,0.287,1
"ENSG00000291203",0.173296250406456,-0.331648697880855,0.1,0.121,1
"MAP3K4",0.17341364746752,0.260767276182437,0.133,0.114,1
"AMDHD2",0.173541949210532,0.784822630180768,0.077,0.048,1
"BCL2L11",0.173728148631592,0.532317513182994,0.196,0.144,1
"ZNF24",0.173779446976908,-0.217840215768592,0.351,0.374,1
"C2orf69",0.17387400140669,0.618014745162473,0.071,0.042,1
"KANSL1L-AS1",0.173946549509957,-1.58921632138239,0.005,0.015,1
"ZFP3",0.174100453515725,-1.12622969794064,0.012,0.026,1
"NAPG",0.174270069210337,0.162454774963508,0.21,0.173,1
"EIF3A",0.174325423386304,0.189611725883136,0.591,0.509,1
"ERO1B",0.174401163254036,-0.36397085115644,0.141,0.167,1
"SZRD1",0.174438931525259,0.22028645435569,0.286,0.229,1
"GRK4",0.174958821311124,-0.976086570776597,0.011,0.02,1
"TMEM87B",0.174979360780372,-0.351743225040734,0.075,0.08,1
"MACO1",0.175183953681808,-0.144855910191015,0.431,0.428,1
"ANKRD54",0.175243070142595,0.692792223138033,0.087,0.059,1
"SRSF1",0.175295956198988,-0.27893796120652,0.274,0.306,1
"MAN2A1",0.175605797968415,0.169232687808242,0.308,0.291,1
"RNLS",0.175682743599442,-1.18005405038249,0.004,0.011,1
"TRGV10",0.175784668459706,-0.463768551429542,0.157,0.175,1
"B3GALNT2",0.176162329680803,-0.100802051565122,0.053,0.051,1
"RPL22L1",0.176349345615112,-0.192286340698725,0.505,0.521,1
"SNURF",0.176402626359011,0.968974213185759,0.027,0.015,1
"ZNF726",0.176444592144913,0.931685333246695,0.027,0.012,1
"SFXN2",0.176490276856537,1.57325805041657,0.025,0.011,1
"COX18",0.176520505499151,1.28314479425799,0.034,0.015,1
"DNAJC1",0.176686414185168,0.197026344477954,0.345,0.28,1
"CCL4L2",0.176693584287776,-5.03229632702259,0.002,0.011,1
"POLR3C",0.176771004866201,-0.280297618300667,0.146,0.144,1
"SNRPG",0.176843381899673,-0.131385286656396,0.705,0.696,1
"HEBP1",0.177137532333339,-0.900006669548913,0.02,0.036,1
"KCTD13",0.177267248764836,-0.412416065299812,0.078,0.094,1
"MSRB2",0.177352351497556,1.33730577927761,0.032,0.014,1
"MBTPS1",0.177436892581951,0.214173232580866,0.192,0.173,1
"NUDT2",0.177533496463842,0.773569493214566,0.087,0.056,1
"ZNF879",0.177558474837235,1.14897939325773,0.028,0.012,1
"TNFRSF10A-DT.1",0.177590508529646,-1.90914771052012,0.005,0.015,1
"KRTCAP2",0.177672120656479,0.128958321607425,0.548,0.47,1
"TIMM50",0.177676551926987,-0.240214280228254,0.142,0.17,1
"SENP6",0.177703503956573,0.166947382744741,0.416,0.348,1
"HERC2P3",0.177748806029356,0.798348823655779,0.036,0.022,1
"ENSG00000234428",0.177798986929826,1.33810434306461,0.028,0.012,1
"IFT122",0.17789295271202,-0.643253046342325,0.028,0.046,1
"NDUFA5",0.17794291685384,-0.15130610566148,0.377,0.377,1
"CTC-338M12.4",0.178033850245002,-1.22480566305052,0.011,0.025,1
"FCGRT",0.178315896605588,-0.107162317703443,0.085,0.077,1
"RNGTT",0.178414634229526,0.149919553123466,0.173,0.138,1
"TPPP",0.178490253667176,1.31387364551207,0.03,0.015,1
"CLCN3",0.178528618750142,0.199343500309526,0.231,0.179,1
"CD164",0.178849531501597,0.134464311507763,0.575,0.501,1
"UQCRFS1",0.178950269043622,-0.134261737596936,0.578,0.604,1
"ADGRL1",0.179126613299104,-1.13663728104011,0.012,0.028,1
"PRKCE",0.17937325090423,-0.140025240853921,0.173,0.164,1
"ENSG00000288904",0.179625195255651,1.29658689753955,0.021,0.009,1
"A1BG-AS1",0.179685244979753,0.194521579776322,0.048,0.036,1
"ENSG00000254459",0.179769611341973,0.574693044022387,0.016,0.008,1
"MID1IP1",0.179781943408326,-0.51098121253418,0.05,0.063,1
"RAD18",0.179837670550886,-0.358129284512116,0.052,0.071,1
"PLLP",0.179946279040296,-1.19711876165434,0.005,0.015,1
"SFI1",0.180298186002752,0.239189132799406,0.27,0.223,1
"PRCP",0.180319709586386,-0.305552468642586,0.142,0.17,1
"PAFAH1B1",0.180322869423337,-0.116567909507493,0.623,0.621,1
"B4GALT3",0.180466689805282,0.188770854139152,0.203,0.161,1
"MLH1",0.180568441738493,0.385899878277946,0.107,0.082,1
"GPAA1",0.180573871851737,-0.124009418792332,0.114,0.114,1
"MACF1",0.180721866705038,-0.241684383677995,0.267,0.287,1
"ZNF584-DT",0.180782512536649,-1.52643721176233,0.007,0.019,1
"ENSG00000290043",0.180785820255609,1.25485165937708,0.025,0.011,1
"UFL1",0.181020313589448,0.303586849837942,0.31,0.249,1
"BABAM2",0.181139668965456,0.435183187103885,0.19,0.139,1
"GCN1",0.181252958348287,0.564400500379378,0.105,0.068,1
"SYNGR3",0.181258194746943,-0.813495825201125,0.014,0.028,1
"PDIK1L",0.181365808466899,0.551634454799634,0.075,0.045,1
"PDCD6",0.181389634210875,0.178899270992986,0.509,0.448,1
"SIKE1",0.181730562234691,0.138616844505232,0.215,0.184,1
"PAOX",0.181758013865843,-0.621961124288697,0.046,0.063,1
"SBNO1-AS1",0.181847638879534,-0.899483672269638,0.016,0.031,1
"TMEM62",0.181876820691545,0.151143676458732,0.066,0.048,1
"AGBL2",0.181911277227376,1.60440688900879,0.011,0.003,1
"ZNF35",0.18191642030939,0.277384444238902,0.021,0.025,1
"ZSCAN18",0.181932632401588,0.404680803512743,0.139,0.1,1
"CIPC",0.182056171696085,1.08268594508137,0.034,0.017,1
"DHX15",0.182351731451537,-0.208314998796249,0.301,0.298,1
"SLC6A6",0.182351943790735,0.178124013733279,0.11,0.088,1
"BECN1",0.182401162413781,0.213244814517402,0.294,0.236,1
"ADK",0.182407479521329,0.278307044874528,0.418,0.338,1
"KIAA2013",0.182409249795251,0.215846698036863,0.173,0.134,1
"NDUFS1",0.182472536974823,0.298745177981475,0.165,0.139,1
"CCDC88C",0.182552621640257,0.279036749032903,0.276,0.24,1
"MCU",0.182618626817521,-0.197043014885571,0.096,0.091,1
"PLSCR3",0.182642484010304,-0.351245038599497,0.181,0.209,1
"STN1",0.182747181246927,0.612525073897891,0.059,0.037,1
"MIS18BP1",0.183106235084239,0.146116308144492,0.215,0.181,1
"ARAP3",0.183120091914787,2.04867701672754,0.012,0.003,1
"METAP1D",0.183471742139756,1.35337195598586,0.018,0.006,1
"CASS4",0.183497923310676,0.867580093069567,0.055,0.031,1
"ENSG00000262823",0.183722577889574,1.60953003663091,0.012,0.003,1
"CDK5RAP2",0.183827366669905,0.449259484681544,0.142,0.1,1
"IGF2BP2",0.183858072288018,-0.316963607783908,0.023,0.037,1
"UTP15",0.183908909593064,-0.242366042885745,0.055,0.054,1
"ADAT2",0.183953386197435,0.543464387087119,0.066,0.051,1
"EVI2B",0.183994498593331,-0.221724607309634,0.427,0.457,1
"NEGR1",0.18404960328168,1.18370458264835,0.018,0.006,1
"ETFA",0.18411478320575,-0.19347153832553,0.174,0.196,1
"EIF1AD",0.184137580334131,-0.351595330218861,0.114,0.127,1
"BCAT2",0.184226018504545,0.837483647523524,0.036,0.017,1
"H2BC18",0.184248499193832,1.1895880005919,0.027,0.011,1
"AP1S3",0.184375302161082,-0.580529021445693,0.007,0.015,1
"MICOS13",0.184392394055844,0.271355298151042,0.304,0.246,1
"DDX18",0.184568322924623,-0.184853178063304,0.425,0.451,1
"PARP14",0.184666951887793,0.307132729024572,0.219,0.187,1
"ACTR8",0.184687167466814,-0.564697444279568,0.082,0.108,1
"SLC35B3",0.184814383750232,0.376783231179805,0.094,0.076,1
"SUSD3",0.184935448204262,0.169723070247974,0.165,0.139,1
"INO80D-AS1",0.18506792022889,-0.379665270482274,0.046,0.066,1
"ARNT",0.18539253665665,-0.436402975090865,0.1,0.122,1
"IFI27",0.185485530281199,2.50055974471681,0.012,0.003,1
"RPUSD4",0.185503666293695,0.698377752459953,0.091,0.06,1
"TARBP1",0.185541278567569,0.330191123613311,0.077,0.053,1
"FAM120AOS",0.185598131274131,0.162604424867116,0.244,0.198,1
"MRPS28",0.185840910378986,0.336776798373108,0.098,0.066,1
"USP35",0.186202127522868,0.857751869203905,0.057,0.032,1
"ENSG00000290922",0.1866753912891,0.471302041071686,0.039,0.029,1
"HLCS",0.186716470090798,0.388293885974028,0.075,0.053,1
"PPIG",0.186732335204983,0.228993175073764,0.521,0.445,1
"FLT1",0.186965719597796,0.333854072867693,0.08,0.053,1
"THOC3",0.187042091703083,0.257558790311087,0.181,0.165,1
"ABCC5",0.187089758214232,-0.73261976794551,0.025,0.042,1
"TRIT1",0.187091926504753,-0.479981233050828,0.066,0.09,1
"KLC2",0.187126494558464,-0.40420952220924,0.096,0.113,1
"NFYC-AS1",0.187127474036505,-0.725936863576015,0.014,0.028,1
"PLAGL2",0.18740167797744,0.360308594098619,0.077,0.048,1
"ZNF786",0.18749737312891,0.263880171769531,0.087,0.068,1
"UROS",0.187635355493743,0.721810142088027,0.089,0.057,1
"EHD1",0.187705336071155,0.319334396197186,0.244,0.19,1
"PHC2",0.187716556499629,0.239841580621883,0.146,0.107,1
"ZEB2",0.187770272922408,0.267211991085007,0.463,0.394,1
"IL10RB",0.18779767202247,0.340232984233419,0.112,0.08,1
"FBXO38",0.187993352461943,0.286069083995651,0.18,0.136,1
"NOP58",0.18845849250346,0.246532891788714,0.523,0.457,1
"NARF",0.188469526257412,-0.160225976254863,0.338,0.372,1
"KANSL1L",0.188576556364562,-0.598966721242562,0.05,0.074,1
"CSNK1G2",0.188578867586228,0.193797391232899,0.585,0.507,1
"SLC26A5",0.188725819166178,-1.07589282855796,0.011,0.023,1
"RMND5A",0.188796736459748,0.199290964515485,0.212,0.179,1
"CREB3L2",0.189125495179681,-0.575704027836607,0.032,0.037,1
"DCP1A",0.189249655857396,0.338418795795288,0.231,0.178,1
"TLNRD1",0.189290597919877,-0.28879721925911,0.181,0.201,1
"HEATR5A",0.189304781500071,-0.499357910017366,0.084,0.104,1
"RBM41",0.189352589154198,-0.407931917083653,0.089,0.108,1
"HELLS",0.189563990787519,0.583187078723062,0.05,0.028,1
"RALGPS1",0.189599263625653,0.116922736788946,0.044,0.036,1
"KIF2A",0.18962285543977,-0.174603695986496,0.48,0.495,1
"GTF2H5",0.189623821830601,0.457973335833853,0.11,0.077,1
"UBFD1",0.189687395153313,-0.158225444412138,0.094,0.093,1
"TONSL",0.189788013793063,1.20006630822714,0.012,0.005,1
"WASL",0.189916447714906,0.198938487557617,0.112,0.099,1
"MTSS1",0.189923468837721,0.129233995465252,0.093,0.068,1
"KRT2",0.190034262576333,-0.762099166292953,0.016,0.022,1
"ENSG00000270871",0.190054671033516,-1.79712428707668,0.007,0.017,1
"ENSG00000290689",0.190219004302021,-0.798713751737793,0.034,0.051,1
"SPATS2",0.190615266242335,-0.541764939231232,0.012,0.023,1
"PRPS1",0.190764643547636,0.201510897519233,0.286,0.261,1
"ZNF486",0.19081725167861,0.880682343902013,0.037,0.02,1
"IL10RA",0.190886515276223,0.217984509185777,0.349,0.283,1
"PDCD7",0.190940887107691,0.117389362105454,0.265,0.223,1
"CD2",0.191020130106728,0.222190663776702,0.489,0.43,1
"BHLHE40",0.191186024382598,-0.155011500348318,0.105,0.122,1
"SLC9A6",0.19121340222707,0.472882044697109,0.06,0.039,1
"FBXO30",0.191310946783854,0.715341425387357,0.069,0.042,1
"CKS1B",0.191361718957413,-0.412991230930671,0.087,0.111,1
"ENSG00000289366",0.191364514733298,-0.570726325093359,0.028,0.046,1
"SMIM27",0.191395193538862,0.333901598335643,0.123,0.085,1
"CYP3A5",0.191462810281886,2.06430408578717,0.012,0.003,1
"CTSW",0.19152142357874,0.280351376488636,0.345,0.278,1
"BTN2A2",0.191539841048899,-0.351322247251826,0.066,0.068,1
"PADI4",0.191676318777757,-0.531926735020962,0.023,0.039,1
"TRABD2A",0.191686045222686,0.89971762456596,0.053,0.029,1
"XCL1",0.191699865467813,-0.317237412652493,0.064,0.088,1
"ZNF529",0.191734105934881,0.396544701994278,0.123,0.104,1
"HLA-F-AS1",0.19173415401787,1.30106297033992,0.023,0.011,1
"GPN2",0.191768111889199,0.454675471604656,0.078,0.054,1
"NTSR1",0.191820230076366,-0.518578064781599,0.018,0.029,1
"ENSG00000286797",0.191915173005579,1.8669621524787,0.012,0.005,1
"CAMSAP2",0.192017299546912,-0.842686569622113,0.018,0.032,1
"GMEB2",0.19206334865114,0.230755568913638,0.107,0.079,1
"MTIF3",0.192077056278626,0.343970783194321,0.158,0.125,1
"STXBP4",0.192085829261908,-0.243868598618001,0.046,0.056,1
"AACS",0.192238156189729,-0.43466328795157,0.023,0.034,1
"DDX49",0.192239133810561,-0.292460220328562,0.157,0.185,1
"TRPT1",0.192239697213391,0.437063416757018,0.142,0.1,1
"EIF2AK1",0.192360641635916,-0.124617187513776,0.176,0.195,1
"TMTC2",0.192361487150787,-1.15227352811265,0.012,0.025,1
"HDHD5",0.192386467361856,-0.62814769824644,0.055,0.076,1
"GZF1",0.192397036208823,-0.618249986027413,0.034,0.046,1
"CNIH4",0.1928404353214,-0.148784984124395,0.317,0.312,1
"TP53BP2",0.19286044498912,-0.15387198886695,0.246,0.236,1
"NCKAP1L",0.19288833949206,-0.11738113341617,0.27,0.263,1
"HDAC8",0.192955049384305,-0.212522324074274,0.075,0.091,1
"ABHD18",0.193027138058074,0.200424609842124,0.174,0.141,1
"KICS2",0.193053232977467,1.43394190975629,0.016,0.006,1
"TRIM24",0.193169844559755,0.295805287369139,0.269,0.207,1
"UTP3",0.193257341872763,-0.184287459924318,0.194,0.221,1
"EID2",0.193346139638855,-0.230380306703813,0.173,0.178,1
"TOGARAM1",0.193394140671191,-0.122551075511549,0.107,0.1,1
"BNIP3",0.193402924739758,0.227635365386523,0.181,0.148,1
"PBX2",0.193496673791133,-0.546209308100276,0.071,0.093,1
"MAP2K5",0.193543206174567,-0.4065523750663,0.082,0.091,1
"ENSG00000291015",0.193553794245829,-0.587717209869748,0.02,0.032,1
"WDR36",0.193564114234656,-0.305860251411629,0.137,0.162,1
"ITGAM",0.193703081249345,-0.559931164008003,0.018,0.032,1
"GATA3",0.193728106913663,-0.292106167081271,0.265,0.289,1
"ABCA2",0.193803088974459,-0.737246727767606,0.027,0.042,1
"ATP6V1B2",0.193953630804743,0.274229100869251,0.203,0.153,1
"ITPR1",0.194083766675582,0.298269477278816,0.247,0.192,1
"SIMC1",0.19419108278027,-0.420512031360817,0.112,0.136,1
"ENSG00000290921",0.194208324479141,-0.410068302866684,0.084,0.096,1
"BCL10-AS1",0.194230635812548,-1.53511700589374,0.005,0.014,1
"ENSG00000256152",0.194246510052922,-0.240597052595549,0.176,0.201,1
"ZNF586",0.194434688250523,0.405708327049994,0.135,0.094,1
"CARS1",0.194724827980452,-0.26135627644967,0.214,0.224,1
"GPAT3",0.194738691734106,1.16427818747473,0.025,0.011,1
"ABHD13",0.194772581638562,0.440029810919514,0.174,0.128,1
"MEGF8",0.194902582613778,-0.41964012564776,0.004,0.011,1
"JAML",0.194906116884246,-0.475833475536603,0.123,0.138,1
"DPP7",0.195059402934021,0.170669875804158,0.37,0.308,1
"TRIM39",0.195060111096232,-0.397363120713317,0.11,0.131,1
"ANKRD44",0.195086934598784,-0.20849557934642,0.548,0.549,1
"PPIP5K2",0.195166106268346,0.193789710777601,0.18,0.141,1
"SLC35A3",0.195207796447846,-0.34174578605556,0.112,0.128,1
"HIPK2",0.195349654220938,0.105047190610169,0.338,0.284,1
"PPIL1",0.195401652536862,0.499181440566463,0.069,0.045,1
"CCZ1B",0.195508640943257,0.197230807391708,0.066,0.051,1
"APBA2",0.195772355004676,-0.612736576733715,0.059,0.079,1
"KIN",0.195854016521752,-0.213916617185805,0.149,0.175,1
"NCS1",0.196082593328445,0.574133728199768,0.048,0.032,1
"SLC33A1",0.196113038088995,-0.537058698739873,0.052,0.06,1
"ZNF335",0.196156111928824,0.11196525742208,0.185,0.159,1
"MOB4",0.19619603221694,-0.139423876978635,0.457,0.447,1
"OPTN",0.196240625697578,-0.200861575974105,0.399,0.422,1
"FANCA",0.196560188959638,0.471102016723212,0.071,0.062,1
"ZNF781",0.196711420053828,-1.01602812807788,0.012,0.023,1
"NOP9",0.196939401163323,-0.470158925590387,0.05,0.068,1
"PTMS",0.197181409296194,0.82988685986263,0.068,0.046,1
"ERP27",0.197216136751686,-0.681190451992656,0.03,0.046,1
"CHD6",0.19728222643773,-0.173848374623717,0.308,0.335,1
"SKIC3",0.19729742515411,0.351872156579815,0.16,0.114,1
"ENSG00000288965",0.197547167142688,1.28786852319325,0.016,0.005,1
"ENSG00000274213",0.197641548649996,0.845865612118113,0.02,0.008,1
"EXOSC2",0.197673559121186,0.196026127289507,0.082,0.057,1
"RIPOR2",0.197740446251891,-0.21429561288058,0.539,0.573,1
"ZKSCAN1",0.197808964201098,-0.133935061994416,0.206,0.204,1
"TRIM44",0.197826610007043,-0.246407164281358,0.174,0.167,1
"CXADR",0.19793752758976,-1.27612465810792,0.007,0.017,1
"REPIN1-AS1",0.19794049586307,-1.09604650580303,0.007,0.017,1
"NPW",0.198013042034699,-1.99241084725761,0.004,0.012,1
"ENSG00000290039",0.198205847032054,-1.16267998751921,0.018,0.032,1
"JMJD8",0.198229937993784,-0.155278183965381,0.13,0.131,1
"NEIL1",0.198260517623011,-0.445376568013902,0.055,0.054,1
"MMD",0.198302243247871,0.970658435747648,0.052,0.029,1
"ADAM19",0.198302516055089,1.5176863229122,0.014,0.005,1
"RANBP10",0.198319924762436,-0.406540845113806,0.078,0.087,1
"TBC1D2B",0.19836398351091,0.102977738069196,0.19,0.147,1
"CCDC174",0.198419715337834,0.129635315380904,0.249,0.206,1
"ARHGAP18",0.198519146249918,-1.1234922154408,0.007,0.017,1
"THOP1",0.19858121553681,-0.550009536767486,0.044,0.065,1
"ARL4D",0.198840513207389,1.62118351972708,0.018,0.006,1
"TRBV7-3",0.199030590397503,2.35226334061638,0.014,0.011,1
"YKT6",0.199038207274795,0.139948869299612,0.164,0.136,1
"RASSF8",0.199072447976409,-0.161168930000341,0.069,0.085,1
"TRBV6-5",0.199196662901446,0.23714825367584,0.021,0.012,1
"ZNF14",0.199318696563716,0.505858984112288,0.093,0.065,1
"TTC28-AS1",0.199486018365198,-0.202977224725851,0.073,0.09,1
"DDX23",0.199538152975273,-0.111651503362605,0.148,0.139,1
"SNAPIN",0.199694947527145,-0.241550645010959,0.167,0.193,1
"DHX40",0.199826025064836,0.116097216670369,0.205,0.17,1
"ZCCHC4",0.199870711683645,-0.823858902381637,0.016,0.026,1
"LINC00540",0.19999548790399,0.544804043592848,0.053,0.031,1
"PTRH2",0.200025345612965,-0.417575900368697,0.1,0.121,1
"RPL26L1",0.200254631927301,0.586935945636423,0.117,0.082,1
"MRPS27",0.200411635141662,0.563454031192523,0.126,0.088,1
"FAM184A",0.20045079322321,0.935518444639736,0.027,0.011,1
"DEDD2",0.200459954598525,-0.452329858975064,0.119,0.15,1
"LSM12",0.200615746102067,-0.298909556915579,0.19,0.207,1
"METAP2",0.200808733780565,-0.172393272392455,0.372,0.359,1
"PCK2",0.200975583856223,-0.557221671245841,0.023,0.037,1
"NPTX2",0.201038068852357,1.32658799058557,0.014,0.005,1
"OVCH1-AS1",0.201256602761811,-0.24145310246697,0.007,0.012,1
"ARFIP2",0.201287409698842,0.459640170727914,0.133,0.094,1
"ENSG00000288044",0.201288272858216,1.02624967706642,0.036,0.019,1
"ZNF449",0.201678368636865,0.558369363985256,0.016,0.008,1
"SSNA1",0.201708418970033,-0.257419119153508,0.34,0.369,1
"CAPG",0.202198473090232,-0.660686268742562,0.044,0.062,1
"CDCA7",0.202219113473489,-0.247680960072536,0.034,0.049,1
"ZNF563",0.202305938438656,0.573454217217452,0.064,0.039,1
"TMEM53",0.202327218109534,-1.04685963794648,0.007,0.017,1
"BNIP2",0.202449584815671,-0.200219245224465,0.418,0.45,1
"MRRF",0.20261428684867,0.407700771440436,0.091,0.06,1
"ENSG00000214719",0.203015536717369,0.546752247887818,0.064,0.042,1
"ERBIN",0.203028689386369,-0.128944207151502,0.402,0.402,1
"LINC00938",0.203118076317753,0.812853200860303,0.078,0.051,1
"TTC32",0.203133567926514,-0.687945031220973,0.052,0.074,1
"ENSG00000272742",0.203167363948495,-0.164084787171118,0.133,0.15,1
"P4HB",0.20322344776414,0.159821013294005,0.464,0.394,1
"COPZ1",0.203335867014001,0.244419591114123,0.192,0.156,1
"EXOC5",0.203339064497199,0.191297845249543,0.201,0.168,1
"TRIM56",0.203368637125259,-0.176733285594528,0.149,0.139,1
"MYLIP",0.203383504993966,0.349638829057276,0.251,0.212,1
"PRKCSH",0.203509756796202,0.346254169749119,0.256,0.196,1
"PACC1",0.203532112492,-0.528555459827146,0.085,0.105,1
"FRS2",0.203552690099449,-0.436751327015506,0.087,0.107,1
"COX16",0.203741779956024,0.179371903431015,0.39,0.352,1
"PCBP1-AS1",0.203876038392279,-0.260946455828688,0.151,0.175,1
"XAF1",0.204148483646773,0.174319738279436,0.101,0.107,1
"XYLT2",0.204293979885894,1.53694708295281,0.012,0.003,1
"ENSG00000273456",0.204372987385547,1.97425441885697,0.012,0.003,1
"DCTPP1",0.204486618923753,-0.182633472554934,0.116,0.131,1
"BICD1",0.204555143877398,-0.113520524969962,0.05,0.039,1
"ZNF181",0.204880912378288,0.896657070468831,0.048,0.026,1
"H2AC15",0.204950696463781,0.895669371497974,0.053,0.031,1
"BTAF1",0.204954618369499,0.256051455478118,0.322,0.255,1
"ANXA2R",0.204957688398203,0.39444958178636,0.205,0.162,1
"ABI3",0.20502846643687,0.531903240887525,0.171,0.124,1
"ABCA7",0.205122114309954,-0.641474488805797,0.041,0.06,1
"OSER1-DT",0.205327909135879,0.824140526815223,0.037,0.019,1
"JRKL",0.205337197681786,-0.404865314044005,0.032,0.031,1
"SPRY3",0.205446669481988,1.18180933081489,0.034,0.017,1
"FXYD1",0.205461406915888,-1.06150156391202,0.009,0.019,1
"TDRKH",0.205641940489099,1.209563059445,0.023,0.009,1
"KLHL2",0.20565612877384,-0.108843696135081,0.148,0.142,1
"VTI1A",0.205734813841181,-0.229225871096235,0.237,0.261,1
"ENSG00000251600",0.206032254352197,2.03099314203791,0.012,0.005,1
"PRR12",0.206149682071323,-0.439616908444985,0.069,0.082,1
"TMEM107",0.20616440484932,-0.92749269400027,0.018,0.032,1
"VEGFA",0.206261014466345,2.63508846900817,0.012,0.003,1
"ANKS1A",0.206404885102857,0.400290167388158,0.164,0.128,1
"CHM",0.206476521437387,-0.278702234299978,0.085,0.088,1
"SEC14L1",0.206684878010531,0.31343200224077,0.367,0.306,1
"SLC30A6",0.206803388106973,0.409887753026169,0.125,0.097,1
"LINC01841",0.206821439728133,1.34673941298907,0.018,0.008,1
"IKBKB",0.206999094216166,-0.364789450478228,0.093,0.111,1
"ENSG00000289152",0.207293340926154,0.125492695843817,0.018,0.012,1
"TPM4",0.207311511485346,0.108182883045716,0.466,0.403,1
"TXK",0.207507525088196,-0.397307462857426,0.073,0.09,1
"DSN1",0.207630071728653,-0.629914804877263,0.023,0.026,1
"INPP4B",0.207773514959552,0.116563973447257,0.023,0.028,1
"TRGV8",0.207858211792359,-0.140163785290964,0.132,0.159,1
"MBOAT4",0.208033363298522,1.03324532454514,0.02,0.008,1
"CAT",0.208040086824163,0.516029417861865,0.11,0.077,1
"ZNF180",0.208158409958373,-0.299869496638351,0.06,0.076,1
"PAQR8",0.208246736360889,-0.488488293386695,0.032,0.034,1
"B9D2",0.208282033493178,0.171133322867871,0.094,0.085,1
"PGPEP1",0.208469746303001,-0.560461738323761,0.027,0.042,1
"RBMS3",0.208637203111445,-1.51356513911169,0.005,0.017,1
"ENSG00000262879",0.208781742392577,0.51071453801552,0.075,0.057,1
"BDH1",0.20881534369339,-0.939141107960324,0.023,0.036,1
"CITED2",0.208929479846459,0.21981245068216,0.228,0.187,1
"TRDV1",0.208997656215704,-0.239160046180981,0.279,0.292,1
"EDEM1",0.209045591783356,-0.295972817162442,0.183,0.193,1
"PEF1",0.209245239251064,-0.230374212141901,0.224,0.233,1
"CENPF",0.209363715973341,0.498424996177794,0.059,0.051,1
"PRKCI",0.209417223187346,0.119109465265791,0.219,0.173,1
"NOTCH2NLB",0.209701890969135,-1.06691043776065,0.021,0.036,1
"BCAS2",0.209819043678935,0.160716242783091,0.431,0.365,1
"BAZ1A",0.209947052890169,0.145061175471426,0.589,0.564,1
"DHX57",0.20996556152269,0.791620795030289,0.05,0.028,1
"ALOX12P2",0.210033231962418,-1.49166616654428,0.005,0.014,1
"CHD9",0.210035455007194,-0.339445660338949,0.133,0.138,1
"MED31",0.210055095401018,0.14822220434466,0.196,0.164,1
"LYRM4",0.210237327218902,-0.558690425818531,0.055,0.066,1
"ENSG00000280195",0.210281617431331,1.0604225000967,0.012,0.005,1
"TBCK",0.210296024807006,-0.451968567468275,0.08,0.102,1
"PSMD12",0.210315785548244,-0.336740872693215,0.21,0.246,1
"VPS45",0.210363728692798,0.662396194532468,0.062,0.037,1
"NAAA",0.210511336051729,0.772087970458846,0.057,0.034,1
"CUL4A",0.210617676162996,-0.288241655443063,0.285,0.306,1
"SP1",0.210626745370112,-0.528424459868645,0.05,0.051,1
"NCDN",0.210703171523509,-0.550320512999027,0.043,0.06,1
"KPNA4",0.210703227523945,-0.1879587451227,0.363,0.386,1
"NABP1",0.210716590260762,-0.521913116903791,0.053,0.063,1
"DNPH1",0.210814333522527,-0.293500851038795,0.178,0.172,1
"ENSG00000288064",0.210970395373758,1.09075801342179,0.028,0.014,1
"RRBP1",0.210970667492544,0.241018783283262,0.148,0.114,1
"EIF4EBP2",0.211155670224994,-0.286897066353532,0.212,0.236,1
"GEMIN5",0.211203243196182,-0.557203609244729,0.044,0.063,1
"NDUFV2-AS1",0.211327796682508,0.206029401860077,0.094,0.09,1
"IKZF3",0.211373491618745,-0.212258510306189,0.333,0.369,1
"RPA3",0.211426307175984,0.258384518578596,0.333,0.27,1
"RPP40",0.211694319862264,0.896261802420391,0.032,0.017,1
"ENSG00000273338",0.211722624285039,-0.931704899613648,0.023,0.034,1
"ZFAND3",0.21179283840039,0.172916837422118,0.463,0.393,1
"NIM1K",0.212243867042865,1.13434251374365,0.016,0.006,1
"POMT1",0.212285049297658,0.65432582094362,0.085,0.056,1
"SMARCE1",0.212343706502589,-0.19731159806647,0.393,0.408,1
"PABPC4",0.212355295780131,-0.206027554053675,0.253,0.269,1
"RANBP9",0.212420622051257,-0.223581449464044,0.29,0.314,1
"ARL14EP",0.212454113325644,0.243691693536191,0.244,0.193,1
"TRAPPC10",0.212456898701899,0.274390945856257,0.397,0.325,1
"CISH",0.212627346840743,0.993883473902131,0.039,0.02,1
"ZNF639",0.212786059049976,-0.291826565354199,0.208,0.233,1
"WDR3",0.212867718437735,0.124473467031913,0.053,0.039,1
"MMAA",0.212895770480345,-0.10545810359358,0.043,0.039,1
"VKORC1L1",0.213074357016771,-0.53842225151751,0.073,0.093,1
"GATB",0.213110249886835,-1.04905070443312,0.009,0.019,1
"DUSP12",0.213154964804428,-0.1884796002679,0.148,0.153,1
"CENPJ",0.21324097240792,0.759830342840462,0.023,0.011,1
"GOPC",0.213367076044286,0.441077357930601,0.205,0.151,1
"ENTPD5",0.213786943237233,2.30912590684079,0.012,0.003,1
"SNHG31",0.213807330802604,0.747991042714841,0.011,0.003,1
"SIPA1L2",0.213962665910157,0.553151391878493,0.105,0.07,1
"PIP4K2A",0.213966977735804,0.172164051886124,0.283,0.226,1
"DNASE1",0.214057460028019,0.621794472001694,0.055,0.034,1
"ENSG00000253824",0.214085549827356,-1.67418492475065,0.004,0.012,1
"FBXW11",0.214141649766718,0.154724896085368,0.272,0.224,1
"ISCA2",0.214179904784749,-0.441188974337546,0.11,0.138,1
"PSMB7",0.214213803774589,-0.174107233785387,0.319,0.318,1
"NUDT19",0.214269069715413,0.550629997352119,0.066,0.04,1
"SSBP1",0.214341908423371,-0.131094169468415,0.447,0.43,1
"FAM104A",0.214442066143615,0.316303628486332,0.242,0.187,1
"KLHDC8B",0.21445560506736,1.05327450938283,0.016,0.006,1
"FAM193B",0.214465360953631,0.273681523378886,0.098,0.08,1
"NRBF2",0.21449567183524,-0.102022009821024,0.178,0.198,1
"PEF1-AS1",0.214595423672699,1.73126184371127,0.014,0.005,1
"CCNYL1",0.214779480981565,-0.401288978108019,0.089,0.114,1
"TRIM16",0.214800598779217,0.8700567605848,0.028,0.015,1
"CKB",0.214847761519523,-0.781954548299194,0.03,0.043,1
"LTBP4",0.215078350590569,-0.276410814713766,0.03,0.028,1
"BAZ2A",0.215286278941707,-0.209332219970814,0.226,0.247,1
"DOCK5",0.215309338444027,1.47612553260489,0.018,0.006,1
"ALG6",0.215395680446363,0.135890737131556,0.048,0.032,1
"RAB8A",0.215468206838189,-0.144435754330208,0.246,0.243,1
"SAT1",0.215479289696237,0.20645111602911,0.824,0.79,1
"EID1",0.21549772541528,-0.144628873329134,0.432,0.468,1
"ZNF121",0.215526285716146,-0.415288383800974,0.1,0.125,1
"ATP6V0B",0.215534727992652,0.134500738325285,0.477,0.414,1
"PDIA5",0.215574414869403,1.40279044697702,0.012,0.003,1
"MFSD14A",0.215782034939759,-0.176305980707121,0.299,0.332,1
"TMEM38B",0.2158856794532,-0.554410238425829,0.059,0.08,1
"CFAP410",0.215964969279541,0.359632958010652,0.128,0.094,1
"OARD1",0.216039306109974,0.123263930667575,0.078,0.079,1
"HMG20A",0.216071829665478,-0.338703811134001,0.1,0.125,1
"KMT2E-AS1",0.216124730098021,-0.187455018026136,0.098,0.107,1
"ENSG00000286863",0.216147251384705,0.319788692903827,0.041,0.026,1
"COX5B",0.21615761515451,0.123465634111913,0.699,0.674,1
"PPP2CA",0.216216412419146,-0.169872325244521,0.575,0.575,1
"SPDL1",0.216220724601544,-0.771450075819188,0.025,0.039,1
"IGBP1",0.216332010995469,-0.166078549092288,0.322,0.343,1
"SPCS3-AS1",0.216363605988343,-0.836897763797041,0.016,0.029,1
"SASH3",0.216659157416377,-0.207604215460345,0.094,0.117,1
"HUWE1",0.216814305240207,-0.150444800988404,0.301,0.287,1
"TKTL1",0.217123195403405,-0.425920584836448,0.027,0.023,1
"KDM2A",0.217258128225312,-0.12016097517555,0.44,0.467,1
"NFKBIB",0.217272863315313,-0.228024473207055,0.262,0.289,1
"ATP2B1",0.217331059930808,0.254956265649405,0.381,0.317,1
"NRARP",0.217357628238268,-0.730749658393547,0.011,0.012,1
"NDRG1",0.217514137946473,0.56678307255697,0.169,0.122,1
"TALAM1",0.217571132812479,-0.115277961976551,0.943,0.951,1
"LINC01259",0.217583360937701,1.95980456670186,0.011,0.003,1
"CBR1",0.217674412312768,-0.814700959494867,0.034,0.049,1
"CCDC106",0.217706331311512,-1.12179656124323,0.007,0.017,1
"ZNF8-DT",0.217833926964445,0.723388596270446,0.044,0.028,1
"TRAV21",0.218207503257311,0.119520241921708,0.016,0.019,1
"TTF2",0.218239556431427,0.526448574690592,0.052,0.037,1
"POLR2I",0.218364015638394,-0.193423694877171,0.372,0.374,1
"IRS1",0.218414575865406,0.152044196457494,0.025,0.015,1
"ZNF775",0.218484603484218,0.640625142014213,0.05,0.029,1
"KCNG2",0.218523809755942,0.905780962828515,0.018,0.008,1
"ZNF417",0.218556896750361,0.323780506373729,0.053,0.039,1
"ZACN",0.218623952029154,0.730272816746901,0.032,0.022,1
"PAQR3",0.218684725193536,0.303665130654711,0.085,0.07,1
"BCORP1",0.218790604269292,0.915783711489722,0.016,0.006,1
"CASP7",0.218849725054786,0.456152821514028,0.105,0.09,1
"DNAJC21",0.218881252625858,0.105508060415197,0.301,0.258,1
"B3GALT6",0.218975240694883,0.402589385589865,0.189,0.139,1
"PIGU",0.218993946434617,0.669102527847055,0.052,0.034,1
"PSPC1",0.219056296373964,0.235542122090433,0.39,0.325,1
"KLF16",0.219247764421243,0.365867371316726,0.11,0.079,1
"MTFR1L",0.219292852147383,0.534699050830705,0.039,0.022,1
"POLR3K",0.219332561084652,0.435890845248521,0.101,0.068,1
"MIB2",0.219393436231634,0.438639268372834,0.164,0.125,1
"LRIG1",0.219401709491545,0.506998446802413,0.087,0.057,1
"AGER",0.219437279628653,-0.692526449806339,0.012,0.025,1
"GAB1",0.21947645760384,-1.15165806408615,0.009,0.02,1
"BCL9",0.219614945855007,-1.18107961023591,0.009,0.02,1
"ZNF529-AS1",0.219648029550884,-0.780725473801241,0.027,0.042,1
"DGKQ",0.219838995303244,0.423568608674025,0.069,0.048,1
"SP2",0.220061410473099,-0.124892906687513,0.112,0.122,1
"RPE",0.220233086677082,-0.404426907608675,0.055,0.074,1
"ACVR2B",0.220428140750226,-1.24848452029836,0.012,0.023,1
"DDRGK1",0.220504210119524,-0.213753889014263,0.176,0.204,1
"NHERF2",0.220545511113147,1.15004138178289,0.02,0.008,1
"ENSG00000286242",0.220584256171757,-1.57879854928737,0.009,0.02,1
"CILK1",0.220658229547267,-0.701960680356507,0.03,0.042,1
"PMPCB",0.220789978428377,0.230663141524242,0.368,0.309,1
"SNAPC1",0.220816116182862,-0.425231653768903,0.069,0.091,1
"UTP23",0.220848336329806,0.158362562028641,0.212,0.185,1
"ZNF195",0.220937588197623,-0.340799960349639,0.123,0.142,1
"SDR39U1",0.220991382368385,-0.385863156569672,0.263,0.291,1
"LDLRAD4",0.221054003938235,0.271477117365859,0.521,0.454,1
"TMEM141",0.2210700166885,0.531936771924752,0.066,0.043,1
"COA8",0.221079825518648,0.254912909775634,0.174,0.138,1
"THUMPD3",0.221096576534933,0.313856012997871,0.121,0.087,1
"RC3H1",0.221116144951443,-0.187928652540803,0.285,0.314,1
"TCFL5",0.221239829810472,-0.970335266079849,0.018,0.031,1
"BAZ2B",0.221255079990033,-0.240736526269909,0.251,0.284,1
"CCSER2",0.221313479151262,-0.106604371802461,0.749,0.747,1
"BCLAF3",0.221551779501628,0.731205298523685,0.052,0.031,1
"ZNF134",0.221620153449693,0.472297244591391,0.11,0.082,1
"TUBA1C",0.221803934062292,-0.366457292287525,0.18,0.209,1
"ENSG00000283118",0.221883574412743,-1.28546266861318,0.005,0.014,1
"BLK",0.221915464686864,1.37568329242246,0.02,0.009,1
"MRPL52",0.221981112555537,-0.233658339989451,0.278,0.311,1
"LAMTOR2",0.222067214196752,0.239606511961242,0.155,0.136,1
"ENSG00000289596",0.222084524516759,-0.779330370435209,0.028,0.046,1
"ISG15",0.222133493024244,0.204441210038134,0.534,0.464,1
"EFCAB7",0.222183493991254,0.599653515630269,0.055,0.034,1
"RAMACL",0.222203892382611,-1.80312535434744,0.007,0.017,1
"BUB3",0.222320830572703,0.131535535519718,0.47,0.408,1
"NUP85",0.222525862562244,0.486656918220743,0.107,0.077,1
"HNRNPM",0.222740835736164,-0.190621881125328,0.537,0.552,1
"RAC3",0.222826361247772,0.857673627308646,0.02,0.008,1
"KATNB1",0.222935395712173,-0.434315262682909,0.043,0.048,1
"MAP4",0.223067493638421,-0.323748503552757,0.185,0.202,1
"NECAP2",0.223170301837675,-0.234049160387804,0.333,0.354,1
"CCND2-AS1",0.223448019602921,0.690920589070864,0.037,0.019,1
"AKAP17A",0.223521789009699,0.187232640471141,0.384,0.323,1
"CPPED1",0.223598732176658,-0.351460967868781,0.011,0.012,1
"SRA1",0.22383823541641,-0.157752846097228,0.276,0.298,1
"CNOT6",0.223852191259464,0.136558561009641,0.181,0.151,1
"MUSK",0.223880097325366,1.76147054179234,0.012,0.003,1
"RCC2",0.223989339618272,-0.287777868688543,0.189,0.212,1
"ENSG00000289331",0.224084505750159,-0.634177169457453,0.046,0.07,1
"RETREG1",0.224148356705705,-0.25613176722127,0.226,0.253,1
"URB1",0.224232146716301,-0.208785254697081,0.044,0.045,1
"RTKN",0.224463629879567,-0.455882761091883,0.009,0.017,1
"RBM19",0.224626521826814,-0.395248857588538,0.077,0.099,1
"PUS3",0.224752047186036,0.641019574612349,0.073,0.046,1
"TMEM41A",0.224867424034249,0.519796804647835,0.084,0.054,1
"FLII",0.22497185681715,0.504114940491333,0.155,0.117,1
"CADM1",0.225008483358406,-0.275720856506136,0.012,0.019,1
"MRPL41",0.225145058872775,-0.121395671959213,0.352,0.337,1
"MTF1",0.225283734917608,0.530320710205961,0.114,0.079,1
"BRI3BP",0.225708122623499,0.339099903820265,0.046,0.031,1
"CDK2AP2",0.225725136281984,0.268601543770979,0.335,0.277,1
"AKAP1",0.225725496148714,0.594274961646864,0.068,0.045,1
"BTBD3",0.225762000924172,-0.156328832599939,0.043,0.053,1
"KLHDC2",0.225768253685657,-0.237627998345677,0.281,0.297,1
"MHENCR",0.225834459673202,-0.257379929172771,0.231,0.243,1
"SEC13",0.225983481378161,0.176076384530154,0.358,0.297,1
"NGFR",0.226084738321882,0.853181617329227,0.012,0.005,1
"ERCC5",0.226157800134455,-0.214318069362241,0.246,0.275,1
"NIP7",0.22619668256249,-0.164285447041442,0.18,0.192,1
"FRS3",0.226258506309708,0.807256071839051,0.02,0.008,1
"TUBG2",0.226356551266411,0.766659399375403,0.032,0.017,1
"PHACTR1",0.22637057993741,-1.42305752924424,0.005,0.014,1
"RFK",0.226391674473378,0.534831748613958,0.091,0.06,1
"NUBP2",0.226742263222675,-0.195203196727937,0.185,0.204,1
"NCF1B",0.22677485953975,-0.477275792422358,0.064,0.087,1
"SH2B1",0.226930644149732,-0.479718931205714,0.075,0.09,1
"TOPORS",0.226942129428184,-0.365865669663202,0.173,0.196,1
"ALDH6A1",0.227032351171772,0.992517483803671,0.021,0.009,1
"LINC01829",0.227040314975552,2.08085448202118,0.011,0.003,1
"HOMER1",0.227071206251238,0.668908474475621,0.068,0.042,1
"ABRAXAS2",0.227175320203095,0.202845698521394,0.125,0.096,1
"PIAS4",0.227182301509247,-0.312039865386985,0.123,0.15,1
"SRM",0.227192544208431,0.215946794678158,0.269,0.21,1
"ANXA2R-OT1",0.227326265688187,-0.475500366551111,0.046,0.065,1
"NCBP2AS2",0.22734832366287,-0.193143539875129,0.244,0.238,1
"GPATCH2",0.227465852569742,0.367233989705205,0.133,0.091,1
"SUV39H1",0.227558474576883,0.619439928336486,0.053,0.036,1
"LAPTM5",0.227562391564017,0.124110365327133,0.781,0.753,1
"REXO4",0.227659935720032,0.443407437199265,0.119,0.083,1
"GPS1",0.227676779961692,-0.334426082235975,0.119,0.136,1
"ACBD4",0.227755145780814,-1.37200564841906,0.004,0.011,1
"ATP5MC1",0.22787987573493,0.218339254706388,0.183,0.147,1
"SPON1",0.227996057102639,0.661991645284625,0.066,0.039,1
"KLF6",0.228318364496904,-0.22674817981693,0.617,0.598,1
"NBPF26",0.228325570313852,-0.360680403380156,0.137,0.161,1
"MED28",0.228403308449402,0.247904945667941,0.29,0.257,1
"WAS",0.228621248836392,-0.141642967560927,0.294,0.283,1
"ENSG00000289938",0.228701403608371,1.13481155596884,0.03,0.019,1
"KLHL42",0.228767601355884,0.490626768937539,0.053,0.034,1
"DSE",0.228839431536595,-0.465047488945894,0.059,0.077,1
"INPP5F",0.228957640877065,-0.845987922611346,0.027,0.04,1
"RAB35",0.229032415127051,-0.132965305379447,0.238,0.229,1
"TTC22",0.229180091288035,1.56241136374018,0.014,0.005,1
"HYCC1",0.229263804970961,-0.504580581050774,0.085,0.1,1
"SPART",0.229449829878429,0.168715998004859,0.043,0.045,1
"HIF1A-AS3",0.229485043055883,0.24327873540514,0.121,0.091,1
"ENSG00000289049",0.229556963556242,1.36042970982503,0.014,0.005,1
"NDUFS3",0.229674252544543,0.236885702914148,0.356,0.297,1
"ENSG00000226266",0.229718218968121,1.18808746757015,0.02,0.008,1
"RREB1",0.229757613042376,0.349285864208803,0.116,0.082,1
"KLRK1-AS1",0.22980631834019,0.118533861285722,0.187,0.148,1
"ECD",0.229809167388791,-0.217672065054033,0.194,0.201,1
"HLA-DRB5",0.230006428766685,1.0179827567927,0.03,0.02,1
"ZC3H12A",0.230066652206231,0.226478413104105,0.274,0.226,1
"CXXC1",0.230158069982765,-0.209064648344266,0.155,0.178,1
"RNASEH1-DT",0.230197233089187,-0.819262658014633,0.018,0.031,1
"CMSS1",0.230231635960429,-0.103212116958089,0.708,0.658,1
"CA2",0.230318694605828,-1.75288591853724,0.005,0.014,1
"YEATS2",0.230347173511898,-0.367210325823641,0.105,0.121,1
"WDR11",0.230554885357558,0.193045252472538,0.068,0.06,1
"CLPTM1",0.230604334151941,0.325702753990058,0.217,0.181,1
"GANC",0.230724958881967,-0.627498635361844,0.027,0.037,1
"CORO1B",0.230845176233952,0.456759198646455,0.073,0.046,1
"ENSG00000223725",0.230876025730473,1.25937900596881,0.016,0.006,1
"CEP76",0.231067510084066,0.164454813372644,0.055,0.04,1
"CLP1",0.231092090343971,-0.461783773589267,0.078,0.1,1
"GTPBP4",0.231144325789813,-0.187891155725449,0.205,0.227,1
"TARP",0.231268570123772,-0.356668852740861,0.073,0.074,1
"SPOPL",0.231513562412006,-0.534333530359201,0.032,0.045,1
"CACNA2D2",0.231774627191089,-0.889556565364086,0.014,0.025,1
"NET1",0.231828285082602,-0.729579188351463,0.011,0.017,1
"F2R",0.231834961590057,0.737834381170788,0.048,0.028,1
"ZNF845",0.231906079965196,-0.679957535590291,0.034,0.051,1
"ANKRD36BP2",0.232018896622781,-1.30115810464018,0.009,0.02,1
"TIMP1",0.232194839875861,0.418459519207107,0.068,0.065,1
"C5orf58",0.232276124056257,0.418926439201651,0.034,0.019,1
"CCT5",0.23231182095804,-0.189523987644584,0.386,0.416,1
"ZNF738",0.232471863261158,0.181544817865862,0.071,0.057,1
"AGMAT",0.232504308716117,0.27195408271763,0.011,0.005,1
"NAA15",0.232680887501298,-0.107122197164046,0.171,0.158,1
"AP1AR",0.232711802862072,-0.502554105558569,0.053,0.073,1
"ENSG00000282917",0.232847102155387,-1.64143237073099,0.005,0.014,1
"LINC02803",0.233119686112427,1.65922384468046,0.014,0.005,1
"FAM53B",0.233162340462966,0.563258385523743,0.093,0.062,1
"UBALD2",0.233200740828109,-0.165189234524114,0.438,0.447,1
"ZNF611",0.233284264162193,0.370924161685164,0.21,0.164,1
"CERS6",0.233380341606764,-0.213663773278887,0.103,0.124,1
"NDUFC1",0.233435252995216,0.133352483540427,0.425,0.371,1
"C8orf82",0.233730940098266,-0.415317196503818,0.037,0.04,1
"GALK1",0.233767340306777,1.1227835209754,0.025,0.012,1
"INPP5D",0.233811931398734,0.385302539060204,0.283,0.219,1
"VMAC",0.233832965446846,0.613465466808683,0.041,0.022,1
"DCXR",0.233839249137776,0.126842762907109,0.632,0.556,1
"INSYN2B",0.233898676211912,-1.50743839794045,0.009,0.019,1
"UBE2Q2",0.23392235304336,-0.242792922635319,0.215,0.243,1
"SHMT1",0.234020936755659,1.01616574156787,0.027,0.012,1
"SLC41A3",0.234178017761807,-0.121544911577495,0.084,0.077,1
"TRG-AS1",0.234253331570627,-0.221336975011599,0.384,0.4,1
"IQCH-AS1",0.234270698676102,-1.05383307058701,0.014,0.025,1
"BET1",0.234334528422256,0.308495422422615,0.146,0.108,1
"RAB11FIP3",0.234436496168588,-0.298029638834297,0.165,0.178,1
"LHPP",0.234497940983472,0.972346942540776,0.044,0.025,1
"LINC01891",0.234706760161555,0.482300782287806,0.11,0.079,1
"CNPY2",0.234813689344993,0.24527281111935,0.304,0.25,1
"SKAP2",0.234868646592126,-0.423064440551731,0.036,0.054,1
"SUN1",0.23491419044406,0.339836263677571,0.219,0.17,1
"ZNF551",0.235150972711075,-0.274194907943049,0.043,0.046,1
"KCNAB2",0.235233574060056,0.276799928718428,0.208,0.179,1
"D2HGDH",0.235316466728214,-0.917107769524224,0.021,0.034,1
"KIAA1328",0.235369248452057,0.19815026645771,0.046,0.029,1
"ZNF296",0.235385722030717,0.860627104732623,0.041,0.023,1
"TMEM165",0.235403163542124,0.297783241897927,0.295,0.238,1
"SLC38A2",0.235415871553076,-0.151256426523504,0.607,0.62,1
"PSMD7",0.235532312755029,-0.150557187496081,0.448,0.45,1
"ERCC6L2",0.235556738578211,-0.240813612935385,0.135,0.144,1
"ADA",0.235726047440302,0.445996826182552,0.149,0.111,1
"PSD",0.235728551416924,-0.251142005241299,0.069,0.076,1
"PANX1",0.235782417881264,-0.503895722767089,0.048,0.062,1
"FAM120A",0.2359778684431,0.430300847629782,0.183,0.136,1
"EIF1B-AS1",0.236114256326225,-1.54535192194183,0.005,0.014,1
"ENSG00000291113",0.236129254438275,0.524918444199241,0.039,0.022,1
"ARMCX1",0.236294405550621,1.12927236213119,0.018,0.006,1
"HMG20B",0.23630680947068,-0.20624434222084,0.151,0.176,1
"CHMP1B",0.236636494308213,-0.254562109771557,0.367,0.396,1
"CRTC2",0.236980653924202,-0.238442192987564,0.235,0.255,1
"SARM1",0.236999893884714,-0.890874954148702,0.016,0.029,1
"MADD",0.237275530419931,0.365658140648851,0.178,0.136,1
"CIAO1",0.237405569741951,0.110495570772003,0.302,0.26,1
"NEDD8",0.237838805313839,-0.119971321838543,0.368,0.357,1
"FXN",0.237919321786825,0.689180204312263,0.055,0.034,1
"SHISA2",0.237996573414573,1.10728737960199,0.023,0.009,1
"SARDH",0.238256376692632,0.300699621471725,0.02,0.009,1
"C6orf89",0.23835582311868,0.474133230098022,0.164,0.119,1
"LINC02580",0.238489341435593,-0.423153560425016,0.057,0.073,1
"SMNDC1",0.238544228080768,-0.152476995708195,0.292,0.297,1
"PAM",0.238678697110426,0.284866787799757,0.119,0.087,1
"GRAMD1B",0.238732147401753,0.476142697059605,0.096,0.066,1
"FOXK2",0.238766510632894,0.418080152701259,0.23,0.178,1
"ENSG00000237705",0.238772592818257,-0.515598362606059,0.036,0.051,1
"B3GNT7",0.238866550196507,0.570318810784722,0.05,0.04,1
"PHLDA1",0.238901575519397,0.465031018704881,0.132,0.108,1
"NOP56",0.239019807272439,-0.166018407645178,0.363,0.366,1
"CNOT1",0.239329208696402,-0.203062046523523,0.351,0.369,1
"CHD7",0.23939749859405,-0.25598553701091,0.315,0.329,1
"PDCD5",0.239413447771197,0.166473663388482,0.279,0.227,1
"SETD6",0.23944855296682,0.545394857398713,0.068,0.043,1
"TTI1",0.239546591439493,-0.310583712195207,0.08,0.099,1
"RRP12",0.239548721219133,0.346391970130438,0.151,0.11,1
"SMC5",0.239571196695136,0.274618059997918,0.276,0.241,1
"CHST10",0.239637800374213,0.186716727153655,0.02,0.02,1
"ITGA5",0.239652246581153,-0.253048962218724,0.148,0.173,1
"EP300",0.239782855373995,0.136902799622164,0.272,0.229,1
"TMEM63A",0.239793114840653,-0.239789582900149,0.105,0.11,1
"TBCCD1",0.239844814011901,0.50115541529775,0.057,0.034,1
"TNFRSF4",0.239876845768394,-0.211093510903991,0.053,0.071,1
"ZNF713",0.239893448725898,-0.600377399736418,0.039,0.054,1
"ENSG00000225450",0.239964634196516,-0.52929797394065,0.064,0.083,1
"ENSG00000290121",0.239977365941223,-1.93618694015558,0.004,0.012,1
"PATZ1",0.239997978635645,0.355329606701438,0.114,0.085,1
"ZNF689",0.240211324491408,0.83826951514213,0.052,0.029,1
"CC2D1B",0.240293498091719,0.527333145863603,0.094,0.062,1
"CDYL",0.240300919394721,-0.224258422368854,0.153,0.155,1
"HCG17",0.240597852473393,-0.364496432390428,0.068,0.088,1
"TMEM209",0.240816393269354,0.37200619021732,0.068,0.045,1
"RABGGTB",0.240925815946329,-0.287991580468819,0.176,0.202,1
"ISYNA1",0.240933769964722,-0.332979042268186,0.082,0.091,1
"C17orf97",0.241054042476376,0.584675051952455,0.037,0.023,1
"NOMO2",0.241087164943055,0.518710055586422,0.089,0.059,1
"LINC00861",0.241126958034192,-0.508043457627828,0.091,0.116,1
"DDX6",0.241176529519519,-0.125635629603623,0.593,0.597,1
"ENSG00000286009",0.241241871042141,0.523230332481899,0.02,0.009,1
"ZNF7",0.241243718576544,0.636056593158493,0.073,0.046,1
"DVL3",0.241320600725293,-0.426458244591441,0.089,0.111,1
"ZDHHC13",0.241419906032335,-0.28044404916431,0.068,0.062,1
"KNSTRN",0.241766310956432,1.02423683608788,0.039,0.02,1
"PGAM1",0.241803427779989,0.172008854043658,0.616,0.552,1
"USP1",0.241805687019585,-0.265430008241985,0.185,0.212,1
"GSTK1",0.241821889687659,-0.201502475162188,0.425,0.442,1
"PQBP1",0.241837487108677,-0.202049974247057,0.415,0.414,1
"SRR",0.241896159585434,0.774086700238218,0.03,0.015,1
"IPO7",0.242037620637219,0.172296661502485,0.372,0.34,1
"L3MBTL1",0.242169779836434,0.384254600751928,0.018,0.009,1
"BLOC1S2",0.242274455507599,0.253029148094044,0.358,0.294,1
"ENSG00000263657",0.242276859228933,-0.293568457272399,0.057,0.059,1
"SBDS",0.242301507209362,0.135279093240698,0.304,0.255,1
"HIVEP2-DT",0.242346129876798,1.6994176517151,0.011,0.003,1
"ANKRD46",0.242370679398995,-0.320703592208069,0.044,0.059,1
"PRDM15",0.242468341699959,1.25940441835428,0.025,0.011,1
"CHD1",0.242484006729802,-0.108028485404684,0.559,0.532,1
"NFE2L1",0.2425046306868,-0.305975786341065,0.057,0.071,1
"ENSG00000288900",0.242669731350029,-1.92616559001647,0.004,0.012,1
"LIPC",0.24284327455306,1.37476790138439,0.014,0.005,1
"PM20D2",0.242986378526638,-0.728239724727741,0.03,0.046,1
"CASC15",0.243015959835269,-0.434383907682843,0.11,0.144,1
"WAC-AS1",0.243275551930636,0.465333841171156,0.112,0.079,1
"MRPL3",0.243316817149533,0.256318245264553,0.201,0.155,1
"TPRN",0.243726217652814,0.95330211670285,0.021,0.009,1
"TXNDC11",0.243765834892421,0.356039732165647,0.171,0.134,1
"USP33",0.243811855223833,0.21379446458387,0.302,0.253,1
"SLC16A1-AS1",0.243939793259879,0.286041568898206,0.025,0.02,1
"CST7",0.243973311703342,0.239508277533267,0.493,0.423,1
"SERINC5",0.24400249159432,-0.100343082465334,0.222,0.212,1
"EMSY",0.244121670893408,-0.197275837192191,0.224,0.21,1
"GPR89A",0.244238811093145,-0.216290000619207,0.085,0.102,1
"DPM2",0.244253322167991,-0.602115768933129,0.066,0.083,1
"RIPK2",0.244422624683113,-0.550379648492638,0.048,0.062,1
"SPTY2D1",0.244616567848165,-0.141993192034541,0.151,0.172,1
"CDPF1",0.244632241932989,0.886597743590415,0.028,0.014,1
"FURIN",0.244717973078477,-0.306928760323921,0.101,0.111,1
"LINC00847",0.244731007467668,0.706564107132222,0.068,0.045,1
"LINC01679",0.244790553443574,0.934107710476976,0.037,0.022,1
"RNF181",0.244849862910283,-0.177608649696651,0.427,0.444,1
"SRRT",0.245033908144757,0.27498085856032,0.395,0.357,1
"POLH",0.245257347258503,0.418577890152986,0.096,0.073,1
"TIMM23B",0.245434656783936,0.163303234344325,0.151,0.128,1
"ADAL",0.245519867271045,-0.701567813617177,0.016,0.028,1
"SMG9",0.245648038979753,0.118109584492767,0.066,0.054,1
"ENSG00000259709",0.245693263844529,-1.24601580718024,0.007,0.017,1
"POLR3A",0.245711346479866,-0.307035779532292,0.078,0.082,1
"SMIM11",0.245748268050426,0.156666539295776,0.11,0.105,1
"NDUFB3",0.246018035765387,-0.318420423691721,0.214,0.23,1
"FARP1",0.246049382109393,-1.75307532960355,0.005,0.014,1
"BTN3A1",0.246109660189552,0.24591262956055,0.254,0.206,1
"MESD",0.246216571111688,-0.197587716566689,0.23,0.252,1
"ASMTL",0.246332491930397,-0.214168399632942,0.336,0.332,1
"GAR1",0.246369884062382,-0.263887556886885,0.133,0.155,1
"PSMG1",0.246422823064315,-0.660695102336879,0.048,0.068,1
"SESN3",0.246468118185307,0.323032717781871,0.133,0.133,1
"DDX31",0.246493077857297,0.27283644057103,0.071,0.049,1
"TRAV41",0.2465201552446,1.46849814135358,0.023,0.014,1
"FAM106A",0.246527743716453,1.31523916332649,0.014,0.005,1
"ARHGAP26",0.246565598345738,-0.115564155980901,0.27,0.294,1
"TDRD7",0.246791280827377,-0.114629430392493,0.059,0.063,1
"DGCR6L",0.246821925087375,0.448098180696165,0.151,0.11,1
"ADAMTSL4-AS1",0.246900627821012,-1.49121869481507,0.004,0.011,1
"B3GAT2",0.247075199251774,-1.44763276972284,0.005,0.014,1
"AMZ2P1",0.2472367097647,0.143176807166723,0.098,0.079,1
"EAF1",0.247358771761875,-0.282446551145255,0.084,0.083,1
"ARHGEF7",0.247376407452202,0.288841315318023,0.356,0.3,1
"C6orf47",0.24755175253898,-0.257696620679166,0.105,0.108,1
"RNF10",0.247765270660512,-0.160484259532247,0.422,0.425,1
"SNTG2",0.247893833646067,-1.08462841342483,0.016,0.029,1
"SLIRP",0.2479556551561,-0.213152240567444,0.356,0.377,1
"MIIP",0.247975905794893,0.614275114273755,0.057,0.034,1
"CRADD",0.248037457320012,0.319239676933299,0.062,0.043,1
"CCDC71",0.24837760595727,-0.370153266489958,0.107,0.114,1
"MAP3K12",0.248501056384587,0.807440985110815,0.02,0.009,1
"CRLF3",0.248575208079907,-0.187312069621218,0.253,0.277,1
"HSPA4",0.248693651903459,-0.20803462494425,0.276,0.286,1
"ZDHHC7",0.248731025263358,-0.263269686810559,0.174,0.199,1
"CKLF",0.248817336239892,-0.423281349051714,0.174,0.193,1
"ETV3",0.248933977615018,0.261366971313764,0.189,0.144,1
"ZNF507",0.248998780569228,0.346911441683256,0.096,0.068,1
"CHST2",0.249118372981233,-0.516793929806725,0.087,0.11,1
"ZNF135",0.24914143244691,0.405329041622688,0.018,0.009,1
"YAE1",0.249483122970585,-0.529230320682925,0.046,0.057,1
"DCP1B",0.24949549776736,0.388110878771697,0.055,0.039,1
"ARAF",0.249573947343689,-0.280252834858734,0.217,0.24,1
"ENSG00000255026",0.249645328282224,0.462675214711945,0.077,0.051,1
"FUT4",0.250016611262535,0.325291345775321,0.039,0.028,1
"RAB8B",0.2500324608896,0.194131162830415,0.406,0.376,1
"TTLL3",0.250072909111286,0.278861151170771,0.027,0.029,1
"MAGI3",0.250635387130194,0.122785180812657,0.041,0.029,1
"CNN2",0.251032461649245,0.176830404800095,0.635,0.566,1
"CLASRP",0.251093117847548,-0.339616148100932,0.126,0.139,1
"KATNAL1",0.251110892264082,0.374708779655905,0.028,0.017,1
"BMS1P1",0.251182596964195,-0.94675130158377,0.011,0.02,1
"ENSG00000287265",0.251351037026741,1.51550461781916,0.014,0.005,1
"ENSG00000288995",0.251374818802277,0.988564328744828,0.011,0.003,1
"NBPF20",0.251408903071241,-0.956527633804789,0.012,0.023,1
"SCAPER",0.251529433115229,-0.390623798430525,0.1,0.124,1
"STK40",0.25180350795258,0.283886018274255,0.263,0.215,1
"FRMD6",0.252016160633164,0.611795009714106,0.03,0.023,1
"ZNF549",0.252090313631963,-0.318117505231738,0.066,0.07,1
"PAK1",0.252361167548076,-0.122442548715338,0.42,0.44,1
"KIAA1671",0.252439260798829,-1.06786578190108,0.028,0.043,1
"MKRN2",0.252509770857833,-0.285487669012143,0.137,0.156,1
"CNPPD1",0.252545142197577,0.295544239696547,0.279,0.221,1
"ANKHD1",0.252569271717299,0.171007190538124,0.486,0.416,1
"SENP1",0.252619449078424,-0.185067720690185,0.114,0.113,1
"ZFP91",0.252822937765328,-0.280867469507017,0.222,0.247,1
"SLC31A1",0.252836234011561,0.808915657075489,0.041,0.025,1
"PEX3",0.252844365759896,0.332920957484687,0.16,0.13,1
"ZNF354B",0.252924849603048,-0.481666008735548,0.057,0.065,1
"ADAM9",0.25293359325238,-0.208986995311622,0.048,0.051,1
"KLF5",0.253019069420416,0.719140499086607,0.034,0.019,1
"LINC00888",0.253123468431319,1.02556595961203,0.028,0.014,1
"UBA7",0.253198751289589,0.416164023012831,0.08,0.054,1
"LINC02987",0.253386207276652,0.498675227479819,0.027,0.019,1
"ANKRD36",0.253486910418159,0.190092985419733,0.267,0.247,1
"PNKD",0.253547937147642,0.275548028474981,0.123,0.097,1
"LCLAT1",0.253554317940135,-0.140193416617915,0.144,0.142,1
"SLC27A1",0.254071180690342,0.108266874826393,0.023,0.015,1
"TSPYL2",0.254183393886947,0.23404718484153,0.598,0.549,1
"KCNC4",0.254371774798956,1.09684554753344,0.025,0.012,1
"ATXN3",0.254442793698209,0.11061912569353,0.157,0.158,1
"STRN",0.25449272343446,-0.191862154887511,0.21,0.215,1
"NGLY1",0.254513477153894,0.261142590386501,0.342,0.277,1
"IFT27",0.254522796609624,-0.501735683190019,0.043,0.049,1
"CATSPERB",0.254584757938146,0.96042602299493,0.027,0.017,1
"RASGEF1A",0.254852856339787,0.690143295387434,0.011,0.005,1
"FAM222A",0.25487126678552,-0.539644258589854,0.046,0.062,1
"NFS1",0.254895853845102,0.376565925935031,0.036,0.025,1
"SLC39A9",0.254902963442977,0.213685708067222,0.089,0.07,1
"H2BC11",0.255062153116418,0.539176276119811,0.034,0.029,1
"SLX1B",0.255081524287604,-1.63845158589562,0.004,0.011,1
"RAP2B",0.25508899708196,0.116135859534492,0.29,0.28,1
"EZR",0.255385618527878,0.115895217618589,0.966,0.94,1
"TACC1",0.255395933655662,0.287258800526148,0.436,0.371,1
"PMEL",0.255553523490618,1.12547293182567,0.011,0.003,1
"ENSG00000187186",0.255626023201308,1.29077831989932,0.012,0.005,1
"RIGI",0.255645900695875,-0.300479914367076,0.135,0.158,1
"ZC2HC1A",0.255924207551883,-1.13732338652062,0.005,0.014,1
"ZBTB47-AS1",0.256079851023512,-0.956334260569064,0.025,0.039,1
"NFE2L2",0.256102808781359,-0.103494008403686,0.578,0.553,1
"CEP85L",0.256200162792942,0.239826253288962,0.286,0.241,1
"ENSG00000288528",0.256670875512767,-0.479131183249855,0.1,0.119,1
"MPG",0.257021222383503,0.358586034429688,0.139,0.111,1
"DPM1",0.257235042811623,-0.200553171772574,0.165,0.165,1
"SRGAP2C",0.257513811756603,0.600997736390275,0.036,0.022,1
"ENSG00000226465",0.257655023096328,-1.16277303970202,0.009,0.019,1
"MTPAP",0.257680865048953,0.62266965655482,0.044,0.028,1
"CEBPD",0.257740041499551,3.01997379692947,0.011,0.003,1
"DIDO1",0.257767071422432,-0.310049004238465,0.214,0.221,1
"U2AF1L4",0.257788095095483,0.329834275343137,0.192,0.15,1
"GRK3",0.257853273589068,0.730892446837631,0.023,0.012,1
"PPIL3",0.257900103348311,0.453714586374124,0.103,0.076,1
"RNF31",0.25793549157807,0.293388185248088,0.093,0.073,1
"VPS36",0.257963397150374,0.284185584383829,0.181,0.156,1
"TSPAN9",0.25824620424677,-1.45872600381025,0.004,0.011,1
"ZSCAN21",0.258298320116345,0.584860752923871,0.039,0.022,1
"DTWD2",0.258545487722079,-0.316909010567855,0.037,0.051,1
"ATRAID",0.258575119961593,0.233353572814581,0.18,0.159,1
"PIK3R6",0.258899152358846,1.27899005783181,0.014,0.005,1
"CYCS",0.258976560791438,0.199853341703678,0.575,0.515,1
"MPP1",0.259021059280464,-0.441134728338508,0.027,0.04,1
"MAP4K5",0.259318643498066,0.253470773168271,0.249,0.198,1
"TMOD2",0.259357125355453,0.677898954274833,0.044,0.025,1
"HTR2B",0.259363854332258,-1.12994120969392,0.005,0.014,1
"CEPT1",0.259589201804126,-0.198595258403852,0.11,0.131,1
"MARCHF2",0.25982952622,0.398442444517033,0.059,0.04,1
"FAM83D",0.259871635130932,0.837961986160984,0.034,0.019,1
"TSFM",0.260123498062497,-0.448304475402147,0.137,0.161,1
"ANKMY1",0.260234728354375,-0.591602832135945,0.071,0.094,1
"RPP38",0.26036073441425,0.283516036275246,0.181,0.138,1
"HTRA2",0.260627278998634,0.377087431596078,0.141,0.102,1
"MTRF1L",0.260653880673576,0.150729048509908,0.11,0.094,1
"ENSG00000291121",0.260864155365474,-0.636454351854139,0.028,0.042,1
"SP140L",0.260951546640264,-0.183681084203914,0.165,0.165,1
"KLHL17",0.261011378111366,-0.936860474199474,0.014,0.028,1
"KHSRP",0.261099801879921,-0.364557117164428,0.107,0.124,1
"GSK3A",0.261166014477726,-0.233848088050435,0.253,0.281,1
"SV2C",0.261260519409421,-0.293396832227942,0.082,0.1,1
"FHIP2B",0.261426932451436,0.611838947130635,0.1,0.07,1
"TRPC4AP",0.261434597301741,-0.17547296343115,0.393,0.417,1
"SRSF10",0.261436118883786,-0.142061083457701,0.598,0.617,1
"CCT7",0.261699532761689,-0.18224728360278,0.445,0.461,1
"VPS4B",0.261731831496903,0.179058509722449,0.406,0.343,1
"UGP2",0.261760818590886,-0.188227902601968,0.219,0.204,1
"WDR33",0.261778671867452,-0.213724544341522,0.356,0.369,1
"POGK",0.261823854319055,-0.196701510607999,0.146,0.167,1
"PSME4",0.261868058859022,0.222916291816807,0.343,0.292,1
"QPRT",0.261914242384261,1.69757125962729,0.011,0.003,1
"AURKA",0.261965406337453,1.51370851498365,0.014,0.005,1
"PKP4",0.262006816180626,-0.364380887610227,0.041,0.053,1
"DGKE",0.262045448981836,-0.467480160694102,0.052,0.065,1
"CCDC146",0.262291820379002,1.13108329897563,0.02,0.012,1
"SEMA4A",0.262359657534493,0.771466797424774,0.014,0.009,1
"CRYZL1",0.262383022562162,0.222721098393206,0.157,0.117,1
"BEND4",0.262441797849476,-0.517953522889012,0.028,0.043,1
"ITGAL",0.262529847438864,0.169055932510878,0.198,0.19,1
"PIN4",0.262630743412721,-0.171414945394418,0.114,0.114,1
"CENPS",0.262642622934855,0.10880070717651,0.044,0.043,1
"GCH1",0.262780879724087,0.3360434370786,0.205,0.158,1
"LINC00339",0.262872848475248,-0.504892868247085,0.034,0.049,1
"PSMB2",0.26290176101894,0.200550306248985,0.347,0.289,1
"MTG2",0.262911112281436,0.102233471402914,0.075,0.059,1
"E2F4",0.262985654281412,-0.340216176282076,0.215,0.246,1
"SHOC2",0.263069908901182,0.217661498712964,0.383,0.328,1
"PKIA-AS1",0.263177610373685,-0.818014762999,0.025,0.039,1
"ULK4",0.263226412681453,0.104473966502661,0.1,0.099,1
"ETS2",0.263252288198008,0.416125034770643,0.075,0.062,1
"NOL11",0.26338021480181,0.144974398140987,0.26,0.218,1
"PIGQ",0.263516125023202,-0.550424193374079,0.034,0.049,1
"PNRC2",0.263531854805345,0.152253580863347,0.477,0.425,1
"TRBV15",0.263683851935486,-0.533852944923606,0.011,0.006,1
"BET1L",0.264092281373908,0.311890971757716,0.242,0.198,1
"ENSG00000284428",0.264103708072047,0.680493117729105,0.062,0.043,1
"MAMLD1",0.264169719458981,0.992508657527464,0.032,0.015,1
"NKILA",0.264201965581389,-1.59327538227328,0.004,0.011,1
"STARD9",0.264848344791229,0.475858279728971,0.016,0.015,1
"AMFR",0.265188049905661,0.183184627680472,0.169,0.134,1
"MITD1",0.265328730720937,-0.302617074866877,0.187,0.221,1
"KANSL2",0.265349343532671,0.127593601812487,0.221,0.179,1
"ZNF33B",0.265371093990259,0.392627496451309,0.128,0.093,1
"ENPP4",0.265379169255131,0.532737783424446,0.069,0.054,1
"LIX1-AS1",0.265470132496628,1.06381559417238,0.012,0.005,1
"PMS2P4",0.265629925907876,0.635863669066107,0.068,0.049,1
"QARS1",0.265714895696278,0.150180190485322,0.222,0.192,1
"MTURN",0.266037024892848,-0.327685203158273,0.217,0.247,1
"ZNF852",0.26621734202119,-0.322269474739827,0.084,0.091,1
"H2AC19",0.266486644381796,0.735119452631412,0.043,0.031,1
"NPAT",0.266587008640633,-0.138027303171291,0.278,0.278,1
"ZBTB25",0.266622360508821,-0.17070895022097,0.149,0.142,1
"CEP170",0.266629251004537,-0.134472312349887,0.165,0.159,1
"SPDYA",0.266712738870899,1.32817813834154,0.032,0.015,1
"PAAF1",0.266847620038191,0.480989697785221,0.041,0.026,1
"PLXNA3",0.266920780501941,-0.270236965285513,0.036,0.036,1
"NCAPG",0.266925883272692,1.95812725869723,0.011,0.003,1
"POMGNT2",0.26702468953755,-0.561992594824757,0.046,0.062,1
"RPP25",0.267027444992104,-1.0862878079826,0.012,0.02,1
"ENSG00000288930",0.267076948437269,1.55052283601363,0.012,0.005,1
"SLC35E2B",0.267120436292857,0.140389665091327,0.101,0.079,1
"ENSG00000271858",0.267311326403716,-1.04023872129749,0.005,0.012,1
"EFTUD2",0.26733235781216,0.155422011126168,0.214,0.167,1
"CNOT7",0.267390859370695,-0.189540378037016,0.358,0.376,1
"CUL7",0.267599896000318,0.723924984470939,0.03,0.017,1
"ZBTB44",0.267613185401264,-0.353505704083165,0.194,0.21,1
"TNK2",0.267741095030987,-0.474723261526215,0.073,0.09,1
"YPEL4",0.267760742270684,0.372346660509221,0.105,0.083,1
"KLC1",0.267952113220859,-0.260868097214586,0.174,0.198,1
"ZFYVE21",0.267988041078511,0.649281901865562,0.069,0.042,1
"HDAC7",0.268055476125881,-0.247507191829276,0.173,0.189,1
"GREB1L",0.268063421147976,-1.07234516304776,0.009,0.017,1
"TOP2A",0.268174698133918,0.713097603816066,0.023,0.012,1
"PPP4R1",0.268346268799235,-0.416942967484226,0.117,0.131,1
"TINF2",0.26836146016594,-0.120913159967018,0.26,0.278,1
"TMEM216",0.268378513970839,0.367069712473865,0.094,0.068,1
"ENSG00000270055",0.268429701021315,-0.839587556901039,0.027,0.042,1
"EPS15-AS1",0.268527139931983,-0.778496200808009,0.016,0.025,1
"HELQ",0.268549899573914,0.358025383993228,0.133,0.1,1
"ENSG00000274767",0.268552896524753,-1.41960543356106,0.007,0.019,1
"POLR2M",0.268645024036568,0.359382052422057,0.196,0.156,1
"SC5D",0.268889191259847,0.354091430850684,0.302,0.244,1
"ZNF34",0.268953037448024,0.860420075881587,0.034,0.019,1
"LINC01376",0.269007194471504,0.883549467719476,0.011,0.003,1
"HIC2",0.269026786926411,0.485180417863089,0.06,0.04,1
"ANKFY1",0.269165073327982,-0.350906458600252,0.107,0.111,1
"SLC15A4",0.269177503201699,0.525987570085672,0.114,0.085,1
"RNF121",0.269504077097317,0.282919200197151,0.08,0.059,1
"ASH1L",0.270034786580355,-0.149300649982154,0.536,0.538,1
"TUSC2",0.270138778343171,-0.14403453606548,0.286,0.304,1
"PRR29",0.270145013692783,-1.11773764543478,0.011,0.022,1
"MCAM",0.270192398729669,-0.290227656327081,0.012,0.02,1
"LXN",0.270329601271374,-0.547177599260244,0.052,0.065,1
"CABLES1",0.270562832322971,-0.618645062592622,0.014,0.015,1
"TCEAL3",0.270590388509299,-0.161245899411105,0.094,0.108,1
"TOMM6",0.270624298909542,0.103903293110221,0.56,0.493,1
"NUCKS1",0.270781252161923,-0.170366065638094,0.379,0.389,1
"LY9",0.270925954387879,0.632783109405712,0.05,0.031,1
"NUP37",0.27092745926767,-0.308134556994105,0.089,0.097,1
"LINC03004",0.271527696933505,1.2141984494645,0.016,0.006,1
"RALGAPA1",0.271567801700165,0.144396090044201,0.74,0.674,1
"NMNAT3",0.271582422090144,1.1861235031955,0.02,0.009,1
"ARMC10",0.271594331374227,0.296575006448295,0.142,0.121,1
"RNF20",0.271631818706997,0.352491295657618,0.125,0.093,1
"SGMS1-AS1",0.271637941072159,-1.19767829752518,0.005,0.014,1
"SLC37A1",0.271642411177784,0.325828147668867,0.121,0.088,1
"BRD9",0.271774296567321,0.12009567591407,0.171,0.133,1
"MCOLN1",0.271849270610429,0.294945446737114,0.039,0.025,1
"ARRB1",0.271999619381134,-0.419393350650931,0.023,0.036,1
"ENSG00000278743",0.272037471658436,-0.426730324066185,0.037,0.053,1
"PRAG1",0.272144308137189,-0.611777964450522,0.009,0.017,1
"FKBP14",0.272155066129535,1.16775512244379,0.011,0.003,1
"SPCS3",0.272219071909345,-0.18160138201735,0.311,0.318,1
"CD46",0.272508215358104,0.25234957386885,0.338,0.289,1
"CARMIL1",0.27289186765217,0.938641778135102,0.036,0.022,1
"TPT1-AS1",0.273080350376873,0.289441437940455,0.13,0.097,1
"CUL1",0.273084426064041,0.222041782074025,0.244,0.209,1
"ERI3",0.27316035633777,-0.317918079508033,0.052,0.07,1
"ELP4",0.273213365288577,-0.325612738129494,0.084,0.104,1
"C19orf25",0.273302589776961,0.271598482454217,0.183,0.142,1
"KDSR",0.273412803870112,-0.295937673753507,0.155,0.173,1
"RABEP1",0.273456944272084,-0.11285444729613,0.42,0.406,1
"PRR5",0.273567403468976,0.414475269013204,0.13,0.096,1
"WWP2",0.273646542724946,0.319172242422563,0.139,0.102,1
"THBS1",0.273665798455193,1.85137263195892,0.011,0.003,1
"BBX",0.273822746756757,-0.171024920713415,0.34,0.346,1
"CTDNEP1",0.273826517778829,-0.189191663148914,0.418,0.447,1
"TPD52",0.273843874004363,-0.928764420727337,0.014,0.023,1
"NQO2",0.273924376666679,0.548607054810566,0.089,0.063,1
"KYAT3",0.273986336941773,-0.10827807310326,0.069,0.077,1
"FAM228B",0.274218227132808,0.365646735988967,0.041,0.032,1
"CRY2",0.274535482354794,-0.304293442546818,0.091,0.113,1
"AP2A1",0.274647148306265,-0.205511231344716,0.087,0.096,1
"MIF4GD-DT",0.274648140249358,1.86988057094675,0.011,0.003,1
"ZNF514",0.274756258895399,0.557561863262165,0.043,0.026,1
"TRAC",0.27476700070334,0.127965159470855,0.258,0.216,1
"TARS2",0.274870542638202,-0.729361657260573,0.025,0.037,1
"FASLG",0.27527765963372,1.36772976044566,0.012,0.005,1
"BARD1",0.275345635699636,0.568032823746252,0.077,0.049,1
"MAP2K4",0.275406706644929,0.20730610206102,0.286,0.233,1
"NT5C",0.275635689731158,-0.111149322997846,0.217,0.193,1
"ATP5MC2",0.275724038513586,0.104866064369006,0.815,0.784,1
"ENSG00000287510",0.275732052004685,-0.480795518704881,0.011,0.014,1
"NEDD1",0.275887439319723,0.414557516795786,0.173,0.128,1
"ENSG00000289526",0.275904186045517,0.210763338900869,0.021,0.023,1
"ASRGL1",0.275918237081327,1.02849688011237,0.011,0.005,1
"FOXO4",0.276040588501572,0.972371535363224,0.043,0.025,1
"H2AC20",0.276083026410371,-0.14411634825918,0.103,0.099,1
"ENSG00000254420",0.276127092222047,0.577311324437593,0.062,0.039,1
"MSANTD2",0.276153381180797,-0.572190539816367,0.037,0.048,1
"SCYL3",0.276239455615558,-0.238384375642224,0.071,0.091,1
"MYOSLID",0.276370792933997,-0.82318206938628,0.016,0.026,1
"LGALS9",0.276497385591165,0.467820149895852,0.082,0.056,1
"CD2AP",0.276507725533434,0.181279729999807,0.331,0.289,1
"CGAS",0.276547474241608,-0.358940962018736,0.036,0.036,1
"ILK",0.276687266511595,-0.220441775986475,0.288,0.314,1
"ZNF687-AS1",0.276933409639337,-0.736458950711679,0.007,0.012,1
"GPR35",0.276985645493187,-0.784300873053222,0.034,0.049,1
"TPD52L2",0.277245851039106,-0.210487079841306,0.171,0.184,1
"TTC9C",0.277258116655227,0.464967338068859,0.149,0.113,1
"ZNFX1",0.277593855562018,0.286428641641383,0.324,0.27,1
"PRDX2",0.277595182761359,-0.276451731833977,0.198,0.193,1
"TAP2",0.277626032841286,0.191788354022688,0.274,0.223,1
"ICOSLG",0.277984994412888,0.503038806390731,0.064,0.04,1
"TEC",0.277985286998603,0.945469285588038,0.023,0.014,1
"PPP1R15B",0.278158024218721,-0.306693636094697,0.214,0.226,1
"CWC25",0.278306933357813,-0.171538318409928,0.233,0.253,1
"MRPS11",0.278523983602073,0.171516981629346,0.119,0.108,1
"PSKH1",0.278717017854309,0.806020655631476,0.041,0.023,1
"TRIM33",0.278831956806442,-0.160923940348452,0.34,0.36,1
"SEC62",0.279054797535669,-0.136709420933401,0.655,0.682,1
"DTYMK",0.279104924095887,-0.146374435104858,0.048,0.046,1
"LZTS3",0.279268404148474,0.115983978449528,0.082,0.062,1
"METTL2A",0.279406424077623,-0.348438419296564,0.068,0.079,1
"EPN1",0.279417035057417,0.17665042425592,0.278,0.226,1
"ENSG00000267262",0.279446388968986,1.53426789327646,0.02,0.008,1
"DHX29",0.279454468213516,0.254249599324124,0.183,0.158,1
"GNA11",0.279615096855586,1.23021831241803,0.012,0.005,1
"UBR4",0.279882268725088,-0.179860748692692,0.285,0.312,1
"YY1",0.279893465159338,-0.127889525112345,0.528,0.526,1
"JARID2-AS1",0.279996344797686,-1.00367527115853,0.009,0.019,1
"HPCAL4",0.28019723801646,0.530876892003955,0.052,0.032,1
"UBE2O",0.280243908140603,0.311797463317342,0.274,0.223,1
"LRRN3",0.28028250313048,-0.957154448509287,0.034,0.045,1
"ARAP2",0.280305573085636,-0.135962315731438,0.448,0.459,1
"EOLA1-DT",0.280340964880477,0.874441337164785,0.018,0.012,1
"EXOC2",0.280401186147242,0.366417749972325,0.228,0.185,1
"CLUAP1",0.280418464718098,-0.358840788032208,0.046,0.06,1
"EDARADD",0.280470657700514,-1.40586614859368,0.005,0.015,1
"DGLUCY",0.280486645961091,-0.517669969569976,0.025,0.039,1
"TRIM35",0.280954253258352,0.894907130408717,0.043,0.026,1
"ENSG00000286599",0.281256839737072,1.76730448903626,0.011,0.003,1
"MOSMO",0.281309886651011,-0.320176453114323,0.128,0.153,1
"CNP",0.281323492299233,-0.55424604019205,0.071,0.082,1
"IFI16",0.281543682427638,-0.205714593577119,0.351,0.382,1
"NEK8",0.281588257801021,-0.933535627910651,0.012,0.023,1
"TMEM230",0.281592225385663,0.288475905460585,0.224,0.178,1
"TSPYL4",0.281776154830356,0.286579721656718,0.16,0.124,1
"SNHG9",0.281822922332015,-0.484842160573127,0.121,0.15,1
"RNF125",0.281910646453933,0.255485981703886,0.528,0.462,1
"MSL3",0.281915503480969,-0.160801875325803,0.379,0.374,1
"DTD2",0.282196731518118,0.645181802962132,0.044,0.026,1
"WBP2",0.282472597751664,-0.261419083949789,0.299,0.325,1
"BIN3",0.282620597683356,0.171880914689436,0.146,0.119,1
"VMA21",0.282746305297549,-0.258284891874328,0.144,0.162,1
"DOK1",0.282865658607031,0.335555745829007,0.098,0.073,1
"SH2B3",0.28294843079773,-0.366245190631402,0.077,0.087,1
"ENSG00000258449",0.28296396794883,1.86087521370367,0.011,0.003,1
"ZNF277-AS1",0.283073828352516,-1.47977841265542,0.004,0.011,1
"FGF9",0.283082335203386,1.45923777909003,0.011,0.006,1
"GLOD4",0.283125093948378,-0.260917315825108,0.194,0.196,1
"ATP8B1-AS1",0.283135637555376,-0.559307735533745,0.027,0.034,1
"RUNX1",0.283169800284544,0.159237495572591,0.23,0.229,1
"TP53I13",0.283183110143928,0.349341033035639,0.117,0.083,1
"GGCT",0.283197675150028,-0.139290115989067,0.077,0.068,1
"SLC16A13",0.283226033024879,-1.50520415706513,0.005,0.014,1
"CHPF",0.28336918125881,-0.587531448914212,0.03,0.045,1
"MANBA",0.283603118071227,0.120604270850303,0.192,0.153,1
"CAPN1",0.28380707962032,0.286885035344922,0.087,0.063,1
"CTSF",0.283911442148545,-1.2754845622896,0.007,0.015,1
"KIF7",0.283990546290164,-0.88123368032774,0.014,0.017,1
"CFAP45",0.284570279407975,-1.0776057818249,0.011,0.022,1
"ENSG00000268858",0.284670313233615,0.919366475522724,0.011,0.003,1
"USP10",0.284765706044517,0.11944557683158,0.322,0.269,1
"RPS6KA4",0.284772449987691,-0.785939482827784,0.018,0.029,1
"AKAP8L",0.284861043212449,-0.161981482524583,0.349,0.379,1
"OSBPL7",0.285197976263859,0.560035994684086,0.08,0.053,1
"LENG8",0.285338064681915,0.225532410587174,0.281,0.244,1
"DYNLL2",0.285477364899123,0.357242041987794,0.235,0.187,1
"SPPL2B",0.285920991236878,0.648219871321162,0.064,0.04,1
"ENSG00000248664",0.285921025275053,1.60455685281266,0.011,0.003,1
"NARF-AS2",0.286035719100778,1.43702690702118,0.014,0.005,1
"P2RY10",0.286288834059278,0.18411520176903,0.436,0.377,1
"ENSG00000290931",0.28629892453867,1.53191874936215,0.011,0.003,1
"FMNL2",0.286460402985505,-1.01605820995766,0.016,0.026,1
"ZNF799",0.286554942912159,0.169466452679792,0.032,0.029,1
"ARHGEF18",0.286587015231025,0.210139138260948,0.187,0.173,1
"ACSM3",0.28662487241681,0.956068290097212,0.016,0.006,1
"MLYCD",0.286779237995441,0.46744121544883,0.06,0.039,1
"ABCB9",0.28684767809308,-0.812299564567328,0.007,0.015,1
"DYNC1H1",0.286871180673709,0.105480858124749,0.507,0.445,1
"NRAS",0.286980176678455,-0.246599463848944,0.189,0.201,1
"CTSC",0.287077954146676,-0.314909443021702,0.142,0.153,1
"RAB18",0.287201343009607,-0.180743382046603,0.407,0.423,1
"ZNF57",0.287252325776791,-1.55586146242495,0.004,0.011,1
"ACOX3",0.287287383044024,0.552767923259553,0.053,0.034,1
"TRAV3",0.28760343811599,1.71293540747543,0.011,0.003,1
"LPAR6",0.287659298174543,-0.465797001142497,0.08,0.1,1
"KXD1",0.28766550312722,0.264437595220493,0.169,0.134,1
"FBLN7",0.28767459745935,1.63409420837914,0.012,0.005,1
"DELE1",0.287713808685461,-0.206640869893004,0.11,0.125,1
"THAP12",0.28773084856942,0.362002490718415,0.189,0.147,1
"EMD",0.287777817259365,0.117802767095127,0.76,0.696,1
"TESC",0.28787297071193,0.563338714940688,0.078,0.051,1
"CDKL5",0.28787893933239,-0.460672750447054,0.034,0.042,1
"NKG7",0.287932471612224,0.271440451582015,0.404,0.411,1
"RAI1",0.287950441437524,-0.347312212085511,0.126,0.142,1
"ZNF174",0.288071529218578,-0.542828581949742,0.03,0.045,1
"NMI",0.288090491352494,0.277911859576275,0.242,0.196,1
"PPHLN1",0.288120666347492,-0.160132010959808,0.322,0.342,1
"MYG1",0.288319581540228,-0.348607287832788,0.126,0.15,1
"FOXP4",0.288551557938962,-0.39208124705432,0.08,0.1,1
"PSIP1",0.288638466114404,-0.164503866676923,0.391,0.408,1
"ATRX",0.288748469801984,-0.164374841997098,0.409,0.422,1
"PAG1",0.288815192138061,-0.267646527606866,0.258,0.258,1
"POMC",0.288986058921091,0.615513977641158,0.075,0.054,1
"INF2",0.289218599830672,-0.76581096097003,0.02,0.029,1
"PPCDC",0.2893867762622,-0.549029702086669,0.023,0.031,1
"NR4A3",0.289389705166753,-0.136590016994367,0.367,0.338,1
"STAG2-AS1",0.28945999565642,-1.47987192081474,0.004,0.011,1
"FES",0.289528382812576,-0.402760112001448,0.018,0.029,1
"GTF3C6",0.289547363156431,-0.15217622359192,0.306,0.332,1
"OPA1-AS1",0.289765627184592,-0.597168958095764,0.005,0.012,1
"MSH3",0.289809539434296,-0.265103110187175,0.044,0.06,1
"MRPS21",0.289821406177501,0.239811400983215,0.356,0.315,1
"SERPINB9P1",0.289868326655974,0.992307549361269,0.021,0.009,1
"PCBD1",0.290124347180651,0.986392832483126,0.03,0.015,1
"SLC39A4",0.290201993885069,-1.19072124950174,0.012,0.022,1
"ZNF451-AS1",0.290237131261783,-0.263762589245293,0.055,0.057,1
"OCIAD1",0.290282039783858,0.191509782748523,0.413,0.366,1
"TMEM138",0.290540411205622,0.179628844875235,0.132,0.121,1
"TRAV39",0.290621791227925,0.100919111628607,0.011,0.005,1
"PNPT1",0.290760081997985,-0.213450897191386,0.089,0.09,1
"CAMK2G",0.290821017825026,0.514075985451427,0.059,0.039,1
"ZNF853",0.290826178150921,-0.705454571655213,0.034,0.049,1
"EXO5",0.29085153620826,0.139092667716597,0.06,0.046,1
"CTBP2",0.290970287116063,-0.465510942542892,0.043,0.056,1
"SLC25A32",0.291008008080124,-0.220513556351297,0.219,0.244,1
"ATP5ME",0.291358413458533,-0.18169895256927,0.562,0.57,1
"FAM20B",0.291388013187219,0.104514167644658,0.05,0.037,1
"WDPCP",0.291557364822648,0.410590584095525,0.121,0.09,1
"AKR1A1",0.291568188718222,-0.131860090559496,0.144,0.138,1
"PPARA",0.291590189661067,0.595034124254314,0.069,0.048,1
"HVCN1",0.291618554435775,-0.762286096414505,0.036,0.051,1
"CYTOR",0.291669414393209,0.56835343233842,0.052,0.043,1
"ENSG00000256705",0.29170360508941,0.537501241830172,0.02,0.009,1
"ENSG00000277969",0.291760427426562,-1.03641777715112,0.011,0.02,1
"NRIP1",0.291790357174005,-0.186266058681143,0.215,0.236,1
"KCNG3",0.291825976015803,1.12736190276703,0.012,0.005,1
"BST2",0.291846639805639,-0.250065060768506,0.162,0.184,1
"BBS4",0.292030816466423,0.87940854132165,0.032,0.019,1
"ANKRD50",0.292051573182186,-0.954954901517412,0.012,0.025,1
"KCNQ1OT1",0.292200462312371,0.654577046574758,0.025,0.02,1
"STAT5B",0.292546185824364,0.168378591978671,0.589,0.521,1
"ENSG00000290709",0.292898847944137,0.437477820142566,0.064,0.043,1
"TCEANC2",0.293031396154052,0.273489413818038,0.037,0.025,1
"EEIG2",0.293225216102581,0.219129284793501,0.415,0.352,1
"ECHDC1",0.293276706808014,-0.263768882457236,0.208,0.226,1
"B3GNT5",0.293390593837312,-0.501546280565974,0.044,0.048,1
"CLUH",0.293417840446046,-1.00368399943461,0.027,0.039,1
"GRPEL1",0.293720627032992,-0.17185107031497,0.201,0.224,1
"HCFC1R1",0.293745005600674,-0.409204285237193,0.1,0.125,1
"ZNF573",0.293953466866877,0.360360613822767,0.039,0.028,1
"SLC39A6",0.294038804403943,0.141689254626454,0.135,0.128,1
"SEPTIN9",0.294063805157391,0.186607784920239,0.457,0.41,1
"ANKRD9",0.29420320378249,1.58325107066817,0.011,0.003,1
"ENSG00000275807",0.294219276666069,-0.738724702551763,0.02,0.031,1
"DLGAP1-AS1",0.294239276565855,0.454927541677185,0.064,0.042,1
"ASB8",0.294367467989483,-0.146006847911935,0.141,0.15,1
"SP4",0.294409603250649,0.367118993366025,0.1,0.082,1
"RIC3",0.294750921547388,0.507817404037806,0.039,0.028,1
"C2orf74",0.294813795608118,-0.564418061595402,0.041,0.057,1
"SNHG15",0.294853818831051,-0.29289527464364,0.347,0.36,1
"PARP12",0.294909689178293,-0.206178992754032,0.148,0.164,1
"PPP2R5B",0.294966501598678,-0.611313959409585,0.041,0.056,1
"MAP4K4",0.29508069983261,-0.212030171661919,0.326,0.346,1
"NOG",0.295232499712524,-0.452158159635948,0.032,0.048,1
"SMC6",0.295893525417217,-0.208947947496401,0.116,0.124,1
"ENSG00000290846",0.295964947242636,-0.916258588763961,0.005,0.012,1
"AK2",0.296099536714036,0.293272974410325,0.181,0.148,1
"SCARB2",0.296205872569052,-0.581765228612583,0.041,0.053,1
"DUS2",0.29620901178421,0.757559158729498,0.028,0.014,1
"ZNF850",0.296319539418628,0.415382788592782,0.027,0.017,1
"PECAM1",0.296352122410787,-0.22664411375546,0.057,0.071,1
"ESS2",0.296631003291847,0.169017574829045,0.123,0.093,1
"ENSG00000267009",0.296678629514027,0.272215188615852,0.039,0.04,1
"RIC1",0.296706137054253,-0.175294459593652,0.233,0.257,1
"ZZZ3",0.2967125962259,0.182634018457546,0.228,0.185,1
"CCDC50",0.29682924418022,0.209500861349414,0.114,0.088,1
"H2AX",0.296977366789519,-0.109026214256755,0.238,0.224,1
"NSUN6",0.297030710292272,-0.189179335919818,0.057,0.068,1
"ABI1",0.2970874408408,0.195243659033179,0.45,0.405,1
"EMILIN2",0.297121013482224,1.61960866077781,0.012,0.005,1
"CARD16",0.297206801084727,0.51051908257565,0.075,0.049,1
"MED9",0.297285690086761,0.387317326809404,0.091,0.066,1
"SMG8",0.297377609917671,0.804001241796259,0.048,0.031,1
"WASHC3",0.297420961819647,0.183690084126236,0.153,0.116,1
"COQ7",0.297469371798711,0.326246297199833,0.055,0.039,1
"ILRUN-AS1",0.297602686490311,-0.569607870178418,0.034,0.039,1
"OSTF1",0.297661623657323,0.274740951510876,0.283,0.247,1
"SLC66A2",0.297697038858571,-0.210660011294065,0.178,0.185,1
"GMEB1",0.297718507447655,0.350185983074349,0.13,0.094,1
"CCDC90B",0.297721547337549,0.219283167993857,0.18,0.138,1
"CYRIA",0.297978476404778,-0.356612088112001,0.041,0.045,1
"FAM98C",0.298023428477139,0.323928643063441,0.066,0.045,1
"SUMF1",0.298027950004385,0.38310084089958,0.06,0.042,1
"PLEKHB2",0.298085443541071,0.12430175399978,0.427,0.363,1
"TTC33",0.298152993981195,0.302717689357235,0.214,0.167,1
"PAN2",0.298177998151433,-0.443355398239805,0.034,0.049,1
"TNFRSF10A",0.298225705072647,-0.380762614564948,0.06,0.079,1
"CDC27",0.298319405295842,-0.124078729030288,0.201,0.218,1
"KDELR3",0.298374142978614,1.09711331242753,0.012,0.005,1
"CD2BP2",0.298639540190537,0.184225197696388,0.233,0.207,1
"LINC02390",0.298677635518529,1.2654073498573,0.025,0.012,1
"MCM3AP-AS1",0.298681692313679,1.72119186903471,0.011,0.005,1
"LRRCC1",0.298684337970872,1.45678442769067,0.016,0.006,1
"GZMA",0.298945045405093,0.565914818168565,0.03,0.019,1
"FOXJ1",0.299224100053997,1.54779746455813,0.011,0.003,1
"PINK1",0.299266128454581,-0.314084605635538,0.103,0.121,1
"ZNF778",0.299278836388263,0.320446902549349,0.082,0.057,1
"USP15",0.299285006121286,0.165949622712796,0.651,0.583,1
"USB1",0.299342093072164,-0.446124396494102,0.073,0.082,1
"OMG",0.299430333282541,-1.35454970534176,0.005,0.012,1
"KAT5",0.299440935488036,-0.212626600839027,0.162,0.172,1
"OGFRL1",0.299442679793758,-0.50244706900966,0.05,0.063,1
"URB1-AS1",0.299540691435317,-1.46397602298687,0.012,0.023,1
"FUNDC1",0.299617885746417,-0.647776314277548,0.053,0.071,1
"MPRIP",0.299737198845263,0.162628249334628,0.125,0.104,1
"WDR25",0.299809954323419,-0.297643513064521,0.03,0.037,1
"FAM193A",0.2998522348866,-0.184781788497972,0.192,0.21,1
"NCALD",0.299910099838999,-0.315974894812333,0.06,0.062,1
"ZNF322",0.29996577240871,-0.116453527391953,0.036,0.031,1
"CORO1A-AS1",0.300005006406261,0.600273024349515,0.066,0.046,1
"SNX6",0.300280435572545,-0.148333334794861,0.463,0.474,1
"ANKZF1",0.300323941092453,0.227682497196117,0.135,0.107,1
"ZNF599",0.30044404398228,1.21992016163287,0.011,0.003,1
"ST3GAL3",0.300470619366729,0.431883493483284,0.066,0.043,1
"SLC38A4-AS1",0.300581588528958,0.722433431681098,0.037,0.025,1
"MYO9A",0.300581984580156,-0.138512512952159,0.126,0.116,1
"ARRDC3-AS1",0.300630913080004,0.566118902362478,0.025,0.012,1
"TMEM80",0.300695874680973,0.372626628555893,0.059,0.042,1
"DMPK",0.300806567423726,0.951337099338635,0.02,0.011,1
"ENSG00000262265",0.300809538036037,0.924829696995902,0.018,0.008,1
"GNPNAT1",0.301051805854465,0.457648733462569,0.06,0.046,1
"INO80",0.301094134405525,0.275235402196923,0.23,0.179,1
"LINC01465",0.301250042546342,0.613154239109289,0.016,0.006,1
"NME3",0.301266554394129,-0.199425471436935,0.157,0.178,1
"ENSG00000288907",0.301524749691222,0.853815678247505,0.02,0.009,1
"TXNDC17",0.301552214099687,0.14554882306255,0.358,0.3,1
"ARL6",0.30155794699091,-0.583427897646062,0.032,0.042,1
"TXN2",0.301569046247546,0.265291259243007,0.192,0.153,1
"ZC3H15",0.301580806644959,-0.150247860382453,0.521,0.513,1
"URB2",0.301714053420117,-0.385071697187246,0.032,0.043,1
"ZNF175",0.301721086938125,0.435161050958121,0.041,0.025,1
"KIF3B",0.301724492260848,0.267937574496311,0.107,0.097,1
"NAPB",0.301725631501307,0.66814601823204,0.044,0.028,1
"ZBTB40",0.301750258052563,0.190872511097433,0.085,0.065,1
"GTF2I-AS1",0.301888812384219,0.293713300959009,0.059,0.045,1
"IL9R",0.301992784652167,0.748100549324028,0.034,0.019,1
"RAD23B",0.302127321601151,0.172130245715679,0.425,0.365,1
"SMAD4",0.302510060663248,-0.229291155830898,0.302,0.334,1
"PXN-AS1",0.30267555391507,-0.60630779883091,0.027,0.037,1
"TRIM68",0.30278701869471,-1.0774910011147,0.011,0.022,1
"RACGAP1",0.302998534021835,-0.193947092796638,0.036,0.045,1
"GOLPH3L",0.303156474351355,0.393247171752127,0.082,0.056,1
"ILVBL",0.303168808021983,0.217916774878437,0.06,0.046,1
"OCIAD2",0.303352841816765,-0.198215715120634,0.523,0.55,1
"CCNG1",0.303377062563537,-0.112265771926637,0.253,0.253,1
"CLOCK",0.303515723702232,0.215491523381844,0.071,0.066,1
"WDR86",0.303576640574606,-0.264982381991902,0.043,0.048,1
"NRL",0.303615520543288,0.376999646580183,0.025,0.017,1
"MAPKAPK2",0.303644626060264,-0.117780035592061,0.429,0.444,1
"CENPV",0.303678153296279,-0.3720844033337,0.064,0.077,1
"PXN",0.303683674500431,-0.208972952987403,0.302,0.325,1
"DPH5",0.303748149324847,0.14408544057749,0.084,0.065,1
"PRKAR1A",0.303786761007579,0.18257004356083,0.646,0.575,1
"INTS9",0.30422736373517,0.101554292849382,0.103,0.087,1
"KRT73-AS1",0.304276521840447,1.47663140933015,0.012,0.005,1
"ENSG00000290791",0.304408745292698,0.946478943009724,0.016,0.008,1
"GMNN",0.304466156125817,0.543209336330206,0.06,0.046,1
"ANKRD36C",0.304580292553853,0.489984574800177,0.142,0.11,1
"DEPDC4",0.304583244681063,1.16711107543485,0.011,0.003,1
"RAB40C",0.304623160239824,0.134374635263054,0.053,0.049,1
"SLC4A1AP",0.304738981366089,-0.20939088849852,0.151,0.153,1
"POLR2K",0.304746444763263,0.155366690960619,0.374,0.342,1
"ZNF598",0.304806264531078,-0.355563208529448,0.094,0.111,1
"OOEP",0.30487372765466,0.136194350144402,0.201,0.161,1
"RBMXL1",0.305155157267109,-0.377287847368782,0.087,0.1,1
"CD37",0.305158541564631,0.133139259069817,0.742,0.705,1
"ZFAND5",0.305230715203507,0.119560420263396,0.383,0.332,1
"CENPX",0.305570077256506,-0.272919804001623,0.069,0.071,1
"NBPF14",0.305575472852701,-0.410729653503923,0.066,0.082,1
"RELA-DT",0.305705652599012,0.598033311918641,0.023,0.012,1
"ZNF627",0.305761262784025,0.538491572290997,0.062,0.042,1
"HSD17B2-AS1",0.305770849836778,1.74596908134829,0.011,0.003,1
"OMD",0.305782588396692,0.935663843959497,0.036,0.022,1
"ATP2A3",0.305908112493407,0.267281952184106,0.292,0.246,1
"E2F1",0.305908716026214,-0.515772839726196,0.027,0.04,1
"ICA1L",0.305924882215568,-0.756889100867515,0.016,0.026,1
"ITGB1BP1",0.305942739397395,-0.187178252193758,0.151,0.172,1
"LARP4B",0.305952472893163,0.221274811102488,0.253,0.224,1
"ITPKB",0.306051178173535,0.23841459218566,0.464,0.396,1
"CCAR2",0.30643869834298,-0.279061163143431,0.183,0.212,1
"GNS",0.306632067246112,0.778655847110957,0.05,0.029,1
"PATL1",0.306666220826271,-0.14005024680949,0.21,0.227,1
"PKD1L3",0.306675886357798,-1.25744374856042,0.004,0.011,1
"NDUFAF4",0.306708013536491,-0.254303378922718,0.237,0.261,1
"ARFGAP2",0.306807520015585,0.28433749735482,0.235,0.187,1
"FKBP4",0.306855770556193,-0.503413945681548,0.162,0.178,1
"ALDH9A1",0.306855816509076,-0.117176662469833,0.214,0.218,1
"ENSG00000280206",0.307156370728759,-1.18693712232829,0.009,0.019,1
"SELENOW",0.30719774187566,-0.162803155712384,0.354,0.366,1
"GON7",0.307222504484996,-0.366690977365553,0.087,0.102,1
"MIGA2",0.307230012539503,0.531944572982733,0.071,0.051,1
"DNAL4",0.3072370079361,0.539916045613071,0.048,0.029,1
"PIK3CD",0.307339068484367,-0.241336815886234,0.263,0.287,1
"FLOT2",0.30739480881222,-0.332394458908457,0.077,0.096,1
"ZNF865",0.307422061831722,-0.597285450830884,0.036,0.051,1
"OXT",0.307526576673675,0.48717533042439,0.034,0.02,1
"ENSG00000287070",0.307548086365201,-0.744373555185966,0.023,0.039,1
"ZDHHC2",0.307875520206067,0.36933978895995,0.158,0.128,1
"ENSG00000258752",0.307894366797365,1.42839802560515,0.012,0.005,1
"METTL4",0.308231407166249,0.225912040762832,0.069,0.053,1
"RHBDD1",0.308455223929169,-0.173618189416636,0.046,0.056,1
"HSBP1",0.308659878701431,0.117630820102544,0.285,0.236,1
"BRCC3",0.308847850702525,0.156759395160063,0.089,0.073,1
"ENSG00000228318",0.308962404545608,-1.46832486482754,0.009,0.019,1
"TMEM52",0.309140985385922,0.456909531514446,0.011,0.005,1
"ZBTB34",0.309163635840952,-0.676448869977335,0.032,0.045,1
"WDFY2",0.309268827906402,0.298537040386794,0.158,0.128,1
"SEMA4C",0.309287282649935,0.438724193908968,0.066,0.043,1
"ENSG00000291214",0.309399033286549,-0.173110080270571,0.149,0.172,1
"SOX12",0.309460122181969,-0.693985618882096,0.028,0.045,1
"TRDC",0.309509711801627,-0.240485083256058,0.251,0.292,1
"CARD8-AS1",0.309560282734248,-0.250869987615385,0.107,0.124,1
"TGFBRAP1",0.309692201109829,-0.393441404499709,0.066,0.074,1
"KMT2A",0.309770885747258,-0.18789726733659,0.489,0.493,1
"MIR762HG",0.309903634414852,0.432327450683567,0.039,0.025,1
"ARG2",0.309920715129278,0.441668201228278,0.116,0.087,1
"PHLDB1",0.309941804611097,0.556955349311182,0.05,0.029,1
"H4C6",0.310061646374309,-0.177100928484409,0.02,0.026,1
"CSK",0.310103364210547,-0.220380825631929,0.352,0.385,1
"ZMAT3",0.31037000143154,-0.321888664818689,0.078,0.076,1
"SCAMP3",0.310372395918422,-0.208820009133057,0.263,0.286,1
"ZNF263",0.310470872938565,-0.534715206136387,0.096,0.116,1
"ENSG00000249456",0.310492627511801,-0.715486187631277,0.03,0.046,1
"ATP2B1-AS1",0.310690655478711,-0.164244426677055,0.03,0.025,1
"APC",0.310746987791154,-0.200440438708784,0.206,0.204,1
"RPUSD3",0.310775272854915,-0.5389567564641,0.077,0.093,1
"ZNF44",0.310826045600898,0.163347801589792,0.219,0.181,1
"PRPSAP1",0.310899042541233,-0.223090554454736,0.1,0.117,1
"ENSG00000291177",0.311019643016238,-0.253860518265885,0.077,0.085,1
"ENSG00000279738",0.311088393379418,0.667741738572182,0.018,0.009,1
"CEP43",0.311240088948157,0.391634604147648,0.103,0.076,1
"TFB1M",0.311285703104036,0.259315722321694,0.06,0.045,1
"OSGEP",0.311305380024792,0.345277743453481,0.208,0.175,1
"MEGF6",0.311332734041398,1.29212249438894,0.016,0.006,1
"KCNJ13",0.311414087234793,-1.02286464915248,0.011,0.02,1
"STAP1",0.311460480382368,-1.43880812799495,0.005,0.012,1
"EML2",0.311632253057907,-0.279023210591981,0.052,0.066,1
"TNIP1",0.311685118517384,-0.130446604734081,0.409,0.414,1
"PTPRK",0.311732514785805,-0.64803502796019,0.025,0.037,1
"C10orf88",0.311892425499801,-0.972517196734604,0.016,0.026,1
"SFT2D1",0.311998959322139,0.311535151989906,0.297,0.25,1
"HIPK1",0.312226568526897,-0.189872169610041,0.367,0.382,1
"CRYGS",0.312478625141336,1.087994295078,0.011,0.003,1
"ARID4A",0.312804513654097,0.281910284353761,0.263,0.232,1
"SGK3",0.31305755790272,0.590897317417329,0.073,0.053,1
"GARRE1",0.313316365517168,-0.183647367257251,0.093,0.09,1
"ZNF222",0.313345363043374,-0.466826427944039,0.032,0.045,1
"MTDH",0.313345538553023,0.135644551730915,0.486,0.461,1
"AKT3-IT1",0.313407403895152,1.16991602001992,0.011,0.003,1
"TMEM234",0.313491676420131,0.332861539001085,0.082,0.063,1
"MED11",0.313604659178368,-0.377445465372858,0.112,0.131,1
"ST6GALNAC2",0.313625072398573,1.27785417315507,0.018,0.008,1
"FBXL20",0.313772099566273,-0.104304386594082,0.221,0.212,1
"CRAMP1",0.313808549587317,-0.304263959075236,0.055,0.066,1
"NOTCH2NLA",0.31390408680297,-0.264048942616986,0.1,0.121,1
"EFCAB5",0.313996293965141,-0.55269899647533,0.041,0.056,1
"IRF1",0.314098641045683,0.126479301147387,0.553,0.49,1
"VBP1",0.314165858760899,-0.245492124395157,0.214,0.23,1
"ILDR2",0.314200180982901,1.06259478162178,0.021,0.011,1
"NPRL3",0.314343350488661,-0.402150106673118,0.057,0.068,1
"ENSG00000235419",0.31440571057433,0.728539614255466,0.037,0.023,1
"DCAF4",0.314487244977928,0.398658280832144,0.032,0.028,1
"WDR5B-DT",0.314573505834222,0.332591753471128,0.109,0.082,1
"STARD7-AS1",0.314654056531462,-0.968200333215183,0.009,0.017,1
"TP53BP1",0.314862302585962,0.129545232121283,0.253,0.218,1
"NUP62",0.314948142562211,-0.330547974767406,0.112,0.131,1
"RBM43",0.315045973699226,-0.391798813007165,0.041,0.046,1
"POLI",0.315272599873663,-0.185343964583661,0.016,0.014,1
"ISCA1",0.31533147001367,0.133706941363217,0.593,0.521,1
"ENSG00000259564",0.315436233029374,-1.04707666982025,0.005,0.012,1
"TTC21B-AS1",0.315453321477075,0.803753283599999,0.041,0.025,1
"HMGXB4",0.315679396791527,0.216191039428879,0.176,0.138,1
"PSAT1",0.315747347097428,-0.638014336570281,0.044,0.062,1
"ENSG00000251661",0.31599597243376,-0.122383246700759,0.044,0.045,1
"CPD",0.316520319884815,-0.184042194694568,0.189,0.209,1
"NSL1",0.316575341767084,0.155937019321938,0.153,0.147,1
"ENSG00000290832",0.316612408667828,0.230313653815893,0.149,0.138,1
"SDF4",0.316660411835185,-0.174187281704397,0.313,0.338,1
"C1QTNF7-AS1",0.316727802612519,1.0767401740838,0.034,0.017,1
"AKAP13",0.316767422061396,0.147682411257299,0.76,0.739,1
"DGUOK-AS1",0.316789674133747,-1.07443074004868,0.009,0.015,1
"PAFAH2",0.316795202380821,-0.792468666847638,0.023,0.032,1
"SLC25A42",0.31697029197392,-0.672260947252509,0.028,0.042,1
"CCDC120",0.317014138177173,-0.575995075207503,0.03,0.042,1
"GCDH",0.317072041895214,-0.174345341133014,0.162,0.181,1
"EBAG9",0.317140799521889,-0.356247921524079,0.089,0.107,1
"XPO4",0.31715410940014,-0.272480391816807,0.189,0.207,1
"MAP1LC3B",0.317158119857648,-0.117612505810201,0.685,0.672,1
"IL4R",0.31718344072174,-0.115105280013091,0.34,0.348,1
"CPB2-AS1",0.317333875980681,-0.471729562521497,0.06,0.074,1
"ABCB7",0.317366623807529,0.264037653929323,0.162,0.122,1
"ZNF780A",0.31742860953357,-0.27765115108083,0.066,0.082,1
"CA6",0.317456249745115,1.23749901554428,0.011,0.003,1
"MUS81",0.317800687425263,-0.240486446565273,0.059,0.059,1
"ENSG00000289564",0.317834990789014,-0.917253065068484,0.005,0.012,1
"OGFOD3",0.317837761245956,0.62164864067788,0.053,0.034,1
"GID8",0.317882172579526,0.200300883294714,0.333,0.28,1
"ELOF1",0.318029064815166,-0.17478673188412,0.192,0.218,1
"RPS27L",0.318110443233983,0.115527137913066,0.335,0.318,1
"SLC35E3",0.31820147847477,0.741614968623054,0.02,0.015,1
"AP1G1",0.318266343357627,0.199392289273378,0.23,0.184,1
"SPG11",0.318271405355883,0.239442100444269,0.105,0.079,1
"PRMT7",0.31849216030284,0.570380466478958,0.069,0.054,1
"NMRK1",0.318534917232719,-0.158264430502739,0.112,0.11,1
"FGR",0.318576710869936,0.913299733859503,0.012,0.009,1
"GCLC",0.318727994736693,-0.379000273927433,0.087,0.102,1
"VAMP2",0.318787849898297,-0.159742982476395,0.493,0.495,1
"ACVR1",0.318817056147587,-0.233708924995413,0.096,0.096,1
"R3HDM2",0.318915735043309,0.199802602363645,0.27,0.235,1
"ZNF665",0.318919832755623,-0.493631829463828,0.009,0.015,1
"DNM2",0.319175174993637,0.16989523655198,0.495,0.456,1
"FBRS",0.319326374275672,-0.163306896211733,0.351,0.369,1
"PRR7",0.319363093455435,-0.114434829474806,0.335,0.351,1
"MRPS34",0.319624068214703,-0.286885832613896,0.181,0.209,1
"INTS13",0.319654321120646,-0.54546718364871,0.062,0.08,1
"MYO9B",0.319736541953228,0.275013104652926,0.267,0.219,1
"RHOC",0.319824508795318,0.430866586764886,0.08,0.06,1
"UBE2K",0.319898199698308,-0.124633849504339,0.452,0.464,1
"C11orf21",0.320047887561735,-0.687411460878272,0.043,0.06,1
"ENSG00000254777",0.320112251283207,-0.547950852447017,0.046,0.06,1
"JUP",0.32015084805365,-0.813200352735605,0.012,0.023,1
"NRDE2",0.3202804888049,-0.156016281634934,0.066,0.073,1
"ZNF496",0.320309321364663,0.458676420819099,0.087,0.059,1
"UBXN7",0.320358317581601,0.114051512827738,0.217,0.202,1
"HEXIM2",0.320408051008944,1.13845043875569,0.02,0.009,1
"NSG1",0.320563704515018,-0.464364103109978,0.036,0.051,1
"MBD6",0.320564005747445,-0.570724253102129,0.077,0.09,1
"HGS",0.320774260517354,-0.177568384676538,0.196,0.198,1
"NEURL1",0.320894979782441,1.30590591475102,0.016,0.006,1
"APH1B",0.320914238016508,0.5236865637308,0.06,0.039,1
"DNTTIP2",0.321240581305578,0.136886402476434,0.47,0.402,1
"ZFHX3",0.321264040317241,0.407176328256006,0.012,0.005,1
"ATF6",0.321327229493838,-0.113151364762899,0.148,0.159,1
"CD28",0.32138771806656,-0.299851559721039,0.169,0.185,1
"MTX2",0.32146076634968,0.11817146181178,0.073,0.056,1
"AVEN",0.321593471911894,0.135664675251781,0.068,0.06,1
"GOLGA3",0.321601381346794,-0.193830451207577,0.107,0.114,1
"VAMP5",0.321623457348435,0.355317119727016,0.185,0.144,1
"TGFBR3L",0.321707770802919,-0.466057613487881,0.039,0.053,1
"ENSG00000259865",0.321716615499242,0.375642365354905,0.027,0.017,1
"ANXA7",0.321728873649125,0.139790348758301,0.381,0.348,1
"EMC1-AS1",0.321873472908442,0.292359466113639,0.039,0.026,1
"ZNF264",0.321907835979703,0.22885547938123,0.119,0.094,1
"PARD6A",0.321943886807513,0.20210079309354,0.1,0.083,1
"RBCK1",0.321972646307829,-0.131859926868374,0.206,0.201,1
"DENND6A",0.322106824510361,0.350384698048426,0.146,0.113,1
"PTRHD1",0.322147705053017,0.221710090281159,0.19,0.148,1
"CA5B",0.32220323449424,0.129869588641933,0.153,0.122,1
"ENSG00000188897",0.322752728904107,1.22535030333903,0.023,0.012,1
"H2AC7",0.322901906246,1.1800415354084,0.016,0.006,1
"ALG10",0.323078102897417,1.35290440481373,0.018,0.008,1
"KATNIP",0.323135255296932,0.485121201607841,0.071,0.049,1
"ENSG00000247679",0.323257501300533,1.41008620582103,0.012,0.005,1
"PPP4R2",0.32330260225451,-0.165308514053647,0.461,0.482,1
"DHODH",0.323321952694153,1.31777883999296,0.012,0.005,1
"AXIN1",0.323342265522042,-0.267445827580259,0.219,0.229,1
"B3GALT9",0.323436640054116,1.47721935562061,0.011,0.003,1
"BCL2A1",0.323457592471667,0.475890320318739,0.114,0.087,1
"MAP1S",0.323572694755338,-0.307336196946424,0.157,0.178,1
"SGCB",0.323641025736428,1.25740389493973,0.016,0.006,1
"C12orf75",0.323695968732254,-0.139047254434664,0.192,0.198,1
"LY6E",0.32371188205312,0.432710396133616,0.359,0.297,1
"SPTBN4",0.323885910373497,0.973288376190309,0.03,0.019,1
"UBE3C",0.323888283803416,0.204214477587123,0.226,0.181,1
"SLC12A2",0.323892408664607,-0.122866234578393,0.139,0.13,1
"PNPLA4",0.32395610547671,-1.17708401387504,0.012,0.023,1
"DGCR6",0.324071140114668,0.822612260293291,0.012,0.005,1
"ZC4H2",0.324151815960464,-0.508220872424225,0.044,0.059,1
"DNASE2",0.324164329906211,-0.1852774907083,0.068,0.073,1
"TIMM17A",0.324331694392004,-0.139164063294311,0.27,0.287,1
"CDK20",0.324413159972576,1.30050250569272,0.012,0.005,1
"LINC02295",0.324438372678782,-1.11964384742062,0.007,0.015,1
"HADHB",0.324545918647683,-0.184267376786916,0.215,0.229,1
"ATXN10",0.324672019998725,-0.221732838510562,0.187,0.199,1
"SPAG5",0.324814835703672,1.02272623030195,0.023,0.011,1
"NFIX",0.325018905825593,0.569897294353849,0.039,0.023,1
"FAHD2A",0.325045177682314,-0.494488625341818,0.03,0.043,1
"ENSG00000270066",0.325129314398421,1.36262592886432,0.011,0.003,1
"ENSG00000254538",0.325156790227702,-0.794039666053046,0.027,0.036,1
"APLP2",0.325220445608735,-0.111683595753065,0.258,0.258,1
"CDC25B",0.325249833949301,-0.109357254076316,0.139,0.13,1
"TIGD7",0.325745710735081,-0.789896185691038,0.009,0.017,1
"NSUN5P1",0.325880593131774,0.666991358097729,0.05,0.032,1
"KPNB1-DT",0.325928328434064,-0.661507650676316,0.02,0.029,1
"PYROXD1",0.326279644813213,-0.283055464769757,0.089,0.105,1
"MFAP1",0.326417131195648,0.276538189537057,0.185,0.144,1
"KHDC1",0.326424881772078,1.36660551165251,0.011,0.003,1
"CYGB",0.326547938392878,1.12678011878174,0.016,0.006,1
"COL1A1",0.326574269958293,0.251850662005945,0.044,0.031,1
"SLC27A4",0.32680571446182,0.249979720062953,0.05,0.039,1
"ACO2",0.327066058631938,-0.119514360412858,0.23,0.221,1
"ACAP2",0.327099747191942,-0.150378129699936,0.386,0.406,1
"APOLD1",0.327139236716685,-0.326477700507371,0.064,0.068,1
"DIS3L",0.327203759008801,0.456336998846718,0.059,0.037,1
"VDAC3",0.327341942721212,0.132900854996796,0.299,0.253,1
"FAM86EP",0.327372448847078,1.32002945158785,0.011,0.003,1
"TMEM250",0.327491976833125,0.216686761237146,0.157,0.127,1
"PRMT5",0.32749488599945,-0.219480199405894,0.082,0.076,1
"TMEM143",0.327564439562189,-1.33424120190169,0.007,0.017,1
"FAS",0.327587094240864,-0.28376490229468,0.151,0.172,1
"FHIP1B",0.327712141073989,0.16809508949867,0.096,0.07,1
"TM6SF1",0.327777654118541,-0.746473121120392,0.018,0.02,1
"CHST7",0.327839401169041,0.252828368372535,0.055,0.059,1
"HRAS",0.328117344998808,-0.307900728175937,0.13,0.15,1
"BPNT2",0.32812999686654,0.127658327449776,0.155,0.124,1
"A1BG",0.32828007787941,-0.22288364046566,0.219,0.241,1
"ENSG00000290646",0.328307286482178,-0.820010074691272,0.005,0.012,1
"ZNF319",0.328378525092083,-0.679356929911013,0.016,0.025,1
"DIRC3",0.328510556300464,-1.33811488045042,0.009,0.019,1
"XPO5",0.328567415843139,-0.327927317125364,0.066,0.074,1
"IFNAR2",0.328844437376137,-0.120536754514019,0.37,0.391,1
"MYLK-AS1",0.328916080007433,1.11516067917624,0.018,0.008,1
"ENSG00000273748",0.329013853752985,-0.293900837392951,0.062,0.077,1
"GMPPA",0.329153213358211,0.502987698886168,0.036,0.022,1
"CORO7",0.329193689967466,0.158101294159102,0.479,0.448,1
"RAPGEF2",0.329295177815689,0.246001008867597,0.308,0.267,1
"ITGAV",0.329356559211554,0.104723454974556,0.21,0.168,1
"HPS3",0.329431006337462,-0.29575823909275,0.059,0.073,1
"L3MBTL4",0.329638234606737,-0.999388350576409,0.011,0.02,1
"PDK1-AS1",0.329685746537444,-0.781811513309417,0.027,0.04,1
"VMP1",0.329706665120933,0.265169647560261,0.329,0.27,1
"FOXO3",0.329837671583038,-0.27036819649845,0.112,0.128,1
"ENSG00000223697",0.3298479970112,1.44042839442615,0.011,0.003,1
"SMN1",0.329853386156376,0.742114258819851,0.034,0.02,1
"CASZ1",0.329986602742347,-0.299792707673565,0.103,0.108,1
"PEX26",0.329991057121824,0.373122019079722,0.075,0.068,1
"CD6",0.329998641622522,0.101115977552162,0.705,0.652,1
"SGSM3",0.330010581023179,0.380260616731325,0.091,0.066,1
"COPG2",0.33012553839277,0.630440325035678,0.025,0.017,1
"IRF8",0.330153558240058,0.410776145053321,0.046,0.029,1
"GUSBP1",0.330278350077128,-0.314887520918593,0.084,0.096,1
"TRIP10",0.330304028144614,0.416883640334492,0.02,0.011,1
"ENSG00000291054",0.330491562266263,-0.87209728894027,0.016,0.026,1
"PRPF39",0.330503332104686,0.229077741181444,0.19,0.158,1
"H2AC4",0.330551342323874,1.48310242391047,0.016,0.006,1
"APOBEC3D",0.330874282989642,0.256735465263944,0.034,0.023,1
"RBBP8",0.33088410729015,-0.251081997061209,0.126,0.139,1
"ZNF256",0.330923146299516,0.596987328063806,0.023,0.012,1
"VPS41",0.33107927470622,-0.107253686574769,0.101,0.111,1
"LINC00649",0.331227097467415,0.594406430610098,0.068,0.049,1
"ENSG00000289872",0.331319821450242,-0.6891489434314,0.016,0.025,1
"ERCC8",0.331339841629535,-0.337294277735572,0.034,0.031,1
"GFER",0.331407043473304,0.331886049143277,0.112,0.083,1
"AOPEP",0.331412459879444,0.706813850669407,0.048,0.029,1
"PCMT1",0.331505398790136,-0.166270883169448,0.374,0.396,1
"CATSPER2P1",0.331715726505677,0.727024784776626,0.014,0.008,1
"ENSG00000275765",0.332005632565109,-1.28400648320108,0.004,0.011,1
"S1PR2",0.332086988469589,-0.912555382635934,0.012,0.022,1
"C5orf34",0.332115869252298,0.86937690148694,0.025,0.015,1
"PDE7B",0.332271133910788,0.66991818628445,0.071,0.049,1
"GTF2H4",0.332278659469452,-0.235008199554457,0.053,0.065,1
"RPRD1A",0.332361480698069,-0.301566283485948,0.132,0.138,1
"FANCC",0.332408797470899,1.35097741973409,0.018,0.008,1
"HAUS5",0.332822470357893,0.408242150349444,0.043,0.028,1
"TRAPPC12",0.332917560775381,0.500917046183225,0.117,0.091,1
"TRMT6",0.333311642396038,0.369204729870773,0.141,0.107,1
"ZNF516",0.33336634399847,-0.866024281206242,0.012,0.019,1
"PDLIM7",0.333480215118641,-0.905150336488042,0.02,0.028,1
"HHAT",0.333890780644424,-1.03012161990824,0.014,0.022,1
"NIPSNAP3B",0.333947292289029,0.997289431742176,0.012,0.005,1
"ARMC1",0.33409455471073,-0.127823947885216,0.121,0.133,1
"AAR2",0.334100441665448,0.410578689691007,0.144,0.107,1
"VAV3",0.33420300186312,0.254083764177153,0.489,0.42,1
"USP12-AS1",0.334281373504591,-0.827769477287289,0.02,0.029,1
"FAHD2B",0.334365375447826,-0.244037980579172,0.064,0.079,1
"DST",0.334727014653188,-1.11473996032446,0.007,0.015,1
"PLCXD2",0.334936751417892,0.60680229559169,0.105,0.077,1
"TM9SF2",0.335029261928214,0.107468312906318,0.409,0.355,1
"TTC26",0.335042758768685,0.507596902529234,0.011,0.005,1
"TCEAL4",0.335552309403007,-0.171628041995628,0.06,0.062,1
"ROBO3",0.33560772358915,-1.26258350133513,0.009,0.017,1
"SLFN13",0.335635221560949,0.856266137699931,0.055,0.034,1
"CPTP",0.335663696313113,0.219369344820043,0.093,0.083,1
"PHAX",0.335693468970049,-0.220017776057447,0.201,0.215,1
"COA6-AS1",0.335759867600362,0.3307462460122,0.064,0.046,1
"PRRC1",0.335938375800654,-0.285921900662265,0.1,0.121,1
"USP54",0.336000405730695,0.642070169724131,0.032,0.023,1
"KIF16B",0.336372148779764,-1.15814638648412,0.009,0.017,1
"TTC3",0.336407517560523,0.114091822654844,0.543,0.498,1
"SMARCB1",0.336483050138844,-0.157504962204514,0.27,0.274,1
"HDLBP",0.336516875474666,0.11519356335783,0.292,0.289,1
"TRAK2",0.336636513516263,0.143760987135742,0.158,0.127,1
"MIR4422HG",0.33680605223399,0.615400428685468,0.069,0.046,1
"PIAS1",0.336848405412615,0.106389000599328,0.525,0.465,1
"IQCB1",0.336875708759662,0.118750680959587,0.183,0.175,1
"CFAP97",0.337053732519097,0.32963588092865,0.126,0.104,1
"PCYT1A",0.337287951366576,0.579119035553722,0.101,0.071,1
"EIF2B1",0.337492378218131,-0.285814180923373,0.125,0.142,1
"UPF2",0.337565729998465,-0.199671581582621,0.254,0.255,1
"LFNG",0.337585684595702,-0.15793505886144,0.502,0.521,1
"REEP3",0.337637595350004,-0.269983747501097,0.144,0.161,1
"TAF6L",0.337741294467157,-0.318033374367967,0.057,0.054,1
"BLCAP",0.337937010038177,-0.274738567521854,0.187,0.213,1
"PPAN",0.337998737559838,0.160883956437356,0.217,0.185,1
"FAN1",0.338104599590537,0.685008735671063,0.036,0.022,1
"TTC27",0.338393766947226,-0.268734262951886,0.073,0.077,1
"CASP4LP",0.338439255388255,1.18982050688435,0.014,0.006,1
"SLC36A4",0.338767271239127,-0.212008306194692,0.169,0.185,1
"H1-2",0.338797007384739,0.326023403710391,0.285,0.23,1
"TAFA2",0.338823923001268,-0.324137597034851,0.041,0.039,1
"RALGPS2",0.338883608020042,-0.177977112257774,0.183,0.201,1
"SEC31B",0.338912349472478,-0.666035103242195,0.021,0.031,1
"GPR132",0.339170333311537,0.140869897815869,0.306,0.255,1
"FAM171A1",0.339268315058123,-0.798533159641023,0.028,0.045,1
"PINX1",0.339478764231058,-0.339505334760418,0.071,0.09,1
"ACTR3-AS1",0.339588118989409,-1.07023395999395,0.021,0.034,1
"H4C3",0.339655754405235,0.116637709787784,0.669,0.62,1
"ATAD3B",0.339688402644659,0.52767922753576,0.087,0.063,1
"GLRX3",0.339721985125583,-0.237538976029538,0.196,0.221,1
"NMT1",0.33983520828378,-0.110094324212739,0.201,0.221,1
"SCAI",0.339943324624948,-0.470650173666711,0.075,0.09,1
"ABHD17B",0.339969500361445,-0.204040708462975,0.262,0.28,1
"CETN2",0.339987775036265,0.527114709940767,0.057,0.037,1
"JPX",0.340061759089273,-0.138931377283438,0.224,0.241,1
"TBC1D9B",0.340180031716136,0.331035012223461,0.096,0.08,1
"MRPL48",0.340298801130794,-0.229812364021755,0.069,0.073,1
"FNTB",0.340298821807068,-0.575956001918792,0.032,0.04,1
"CREBL2",0.340554881295257,-0.165895886265733,0.155,0.172,1
"OPA1",0.340608035836242,0.270562057218683,0.214,0.17,1
"ENSG00000286835",0.340657224216098,-1.51778755989036,0.004,0.011,1
"CCDC57",0.340664388985246,0.205386957763087,0.525,0.45,1
"LRRC8B",0.340771625715451,-0.199009400479752,0.098,0.113,1
"AIM2",0.340835728550154,1.18739085545886,0.02,0.009,1
"VDR",0.341231278621911,-1.16416798218142,0.005,0.012,1
"MFSD5",0.341272085318291,0.171555441939275,0.176,0.142,1
"GATD1",0.341338716775458,-0.424522932006512,0.037,0.051,1
"ZC3H11A",0.341375769714494,0.368481331082022,0.142,0.108,1
"ZNF146",0.341384669687013,0.123389272653806,0.311,0.28,1
"RAD17",0.341424799736621,0.342746721460807,0.077,0.063,1
"STMN3",0.341473051065077,0.193987341053945,0.228,0.185,1
"DDX52",0.341633755094234,0.238956243348249,0.194,0.153,1
"ASPSCR1",0.341664489266578,0.433491894330285,0.085,0.059,1
"ITGAX",0.341775260648485,-0.415942266372787,0.016,0.026,1
"DPY19L2",0.341915770875784,1.23703295847304,0.011,0.003,1
"ANKHD1-DT",0.341919120223981,0.773557873957969,0.02,0.011,1
"MFN2",0.342098172409274,0.40890683850828,0.078,0.059,1
"BAK1",0.342101530828316,0.351000004548528,0.141,0.114,1
"PRIMPOL",0.342161974966364,0.806339014886177,0.032,0.019,1
"PLCD3",0.342225599586688,1.6392137356212,0.012,0.005,1
"SFXN3",0.342270059791897,0.584211703910422,0.087,0.063,1
"CCDC97",0.342303067022699,0.208499155960108,0.196,0.167,1
"ZNF266",0.342392255680554,-0.365979292272524,0.128,0.15,1
"MAP3K10",0.342405517869769,0.706150165354527,0.037,0.025,1
"SLC43A2",0.342534753381403,0.758154869983819,0.03,0.017,1
"ZNF346",0.342539469322605,0.350666856684427,0.069,0.051,1
"OSGIN2",0.342828029504238,-0.394109289453596,0.1,0.121,1
"ARHGEF1",0.342855071341098,0.143287579637179,0.698,0.649,1
"HERC3",0.342906883467795,0.112500577027982,0.11,0.093,1
"TCEAL9",0.343228180071654,-0.654667066363078,0.005,0.012,1
"ENSG00000284526",0.343331162224493,-0.988439412650669,0.011,0.017,1
"KCNQ5",0.343335968214039,-0.437446632953625,0.041,0.056,1
"ERC1",0.343375640779647,0.205498084311646,0.249,0.204,1
"ENTPD1-AS1",0.34342972689295,0.151457145475234,0.041,0.039,1
"MIR9-1HG",0.343647255452769,0.636193170932522,0.028,0.017,1
"INIP",0.343718828353001,0.22821111928058,0.11,0.083,1
"CCNH",0.343736413945249,0.191700227855559,0.456,0.413,1
"RAB11A",0.343774967024194,0.162461497360746,0.525,0.461,1
"BISPR",0.343939818799639,0.49080197213566,0.034,0.02,1
"ELMOD3",0.344190242558319,0.51056333716236,0.06,0.045,1
"EMC8",0.344220704122121,-0.287588498937171,0.196,0.216,1
"FLI1",0.344310875417441,-0.25601150746605,0.142,0.168,1
"METTL9",0.344356692109187,-0.1087432010147,0.416,0.408,1
"RHBDD3",0.344423703149218,0.691995308665146,0.025,0.012,1
"ZC3H13",0.344587552765164,0.261587792054402,0.313,0.257,1
"PPP1R3D",0.344684703697365,0.463401008914461,0.032,0.02,1
"SPCS2",0.344812967869304,-0.144635890568155,0.505,0.527,1
"KIF21B",0.344888665564585,0.113670359028991,0.133,0.133,1
"WDR4",0.344991906984627,-0.57148821753836,0.034,0.046,1
"EPB41L2",0.345099233095899,-0.332564950200428,0.06,0.08,1
"ENSG00000290968",0.345154101310828,0.457160636261966,0.08,0.053,1
"DDX55",0.345195306553718,0.425014570373286,0.084,0.059,1
"ZNF808",0.345227933129286,-0.398642382025552,0.069,0.08,1
"ALOX12-AS1",0.345324691854769,0.340390504530959,0.084,0.063,1
"CFAP119",0.345345484142828,1.70868427625916,0.018,0.008,1
"CCDC66",0.345429283563135,0.148274529909939,0.222,0.209,1
"ENSG00000260618",0.345430411547679,-0.554883669142989,0.025,0.034,1
"SMIM18",0.345476026486051,-0.971144253730373,0.005,0.012,1
"CREB3L4",0.345574019294675,-0.738432510252239,0.018,0.029,1
"GEMIN7-AS1",0.345905855543652,-1.00459134185586,0.005,0.012,1
"LINC02320",0.34597149391246,-0.720374869940281,0.023,0.034,1
"RUVBL2",0.345996370203942,0.3324255732494,0.133,0.1,1
"NUP153",0.346103845757558,-0.117317596074264,0.205,0.221,1
"DENND1A",0.346124200073923,-0.314915077256415,0.085,0.094,1
"ZNF709",0.346186588358119,-0.490728701525799,0.053,0.07,1
"AGO3",0.346211554728597,-0.133812224586563,0.288,0.306,1
"TNK2-AS1",0.346226888131357,0.792203491546108,0.018,0.008,1
"MIER1",0.346321890215512,-0.154844797328562,0.381,0.4,1
"NDUFA9",0.346481879478379,-0.22724175566448,0.224,0.236,1
"BMI1",0.346581559801075,-0.241059640745109,0.162,0.164,1
"ZDHHC18",0.346621384698197,-0.212511193634602,0.165,0.178,1
"VPS52",0.346772501166338,0.701923860039577,0.062,0.04,1
"NDUFA11",0.346886191818868,0.121914499892768,0.587,0.556,1
"RAB21",0.346894780980628,-0.113998896671828,0.358,0.349,1
"KIAA0825",0.346932627664089,0.642117496139759,0.021,0.012,1
"NDUFA6",0.346956978981678,-0.105438509689691,0.577,0.59,1
"CTNND1",0.346989573589816,-0.876775504726284,0.012,0.022,1
"HNRNPL",0.347021742186789,-0.125882417463249,0.662,0.658,1
"HABP4",0.347167004126018,0.313787300515016,0.094,0.066,1
"EXOC8",0.34718002609312,0.170920545943734,0.101,0.088,1
"TC2N",0.347206963472234,0.253075424376629,0.274,0.226,1
"ERICH1",0.347319698345853,0.274660460266785,0.192,0.151,1
"ENSG00000271725",0.347626501441864,-1.27538342671749,0.007,0.015,1
"CLEC2D",0.347665261981906,0.141208280592855,0.774,0.75,1
"MORN1",0.347993577196831,-0.824561502970274,0.007,0.015,1
"PSMD11",0.348210711202081,0.104181662773836,0.383,0.328,1
"PLEK",0.348326426721697,1.12274547833576,0.02,0.012,1
"GJB6",0.348330831511266,-0.851213069056568,0.016,0.022,1
"TLE2",0.348419265021097,-0.530819379043728,0.012,0.022,1
"GRK2",0.348446305238475,-0.163392034245064,0.383,0.397,1
"ZNF287",0.348446513746732,0.369805670382173,0.041,0.028,1
"DPH2",0.3484907400956,0.358552554733671,0.071,0.049,1
"ENSG00000291202",0.348603385368241,-1.39986057716688,0.005,0.012,1
"TMC8",0.348711446533608,0.272947312277976,0.199,0.173,1
"ENO3",0.348799802462448,0.429913054902011,0.011,0.005,1
"LPP",0.348806043040723,-0.328250333359784,0.174,0.185,1
"SETD1A",0.348972863971783,-0.532796313266066,0.043,0.057,1
"MAD2L1",0.349151066765181,-0.485138772371632,0.027,0.032,1
"ZNRD2-DT",0.349159051023994,-0.527831867136934,0.023,0.034,1
"DLK2",0.349182754255302,1.05625057378046,0.018,0.008,1
"GCA",0.349228910441799,-0.49337395540966,0.055,0.071,1
"KCTD9",0.34929201317503,-0.249663783723876,0.069,0.077,1
"PRORP",0.349431734951144,0.291485684967182,0.219,0.179,1
"LIPT2",0.349474383788292,1.07171115637921,0.021,0.011,1
"SMC4",0.34960229491421,-0.207034473314983,0.502,0.515,1
"KDM8",0.349827352942515,0.421472413354646,0.032,0.02,1
"RFX5-AS1",0.350027254597958,-0.838705095308828,0.014,0.023,1
"ETFRF1",0.350039599329104,0.251710277122307,0.114,0.1,1
"STAG1",0.350108137775845,-0.122280146228786,0.436,0.428,1
"IVD",0.35012460159464,0.392218381737181,0.064,0.043,1
"ANK3",0.35018124003372,-0.535543354740724,0.048,0.063,1
"PBDC1",0.350233325798456,0.217758271972269,0.292,0.249,1
"BLM",0.350414772812843,-0.436798447026183,0.021,0.031,1
"HES4",0.350518774878168,-0.167631511133056,0.192,0.213,1
"CCL4",0.350643247100531,0.487620715143859,0.021,0.012,1
"C2orf74-DT",0.35065128444177,0.884227379253854,0.036,0.02,1
"DNAAF4",0.350745957965109,0.333216756758543,0.055,0.036,1
"SAP130",0.350777567226842,0.199611278582743,0.077,0.07,1
"PIP4K2B",0.350790603919883,0.858014847323511,0.021,0.011,1
"NME1",0.350821174852271,0.342384127610516,0.059,0.054,1
"ZBTB4",0.350883247267533,-0.195850657060416,0.148,0.159,1
"SLF1",0.351023687842722,-0.10992655737608,0.091,0.076,1
"CNOT11",0.351034909818099,0.26834561339902,0.194,0.156,1
"SCAF8",0.351130800650244,0.266044138145305,0.262,0.209,1
"NCMAP-DT",0.351195890563487,0.675180277030108,0.039,0.023,1
"SMARCD3",0.351231969903058,-0.381818051123549,0.018,0.028,1
"LEMD2",0.351418264841587,-0.268594448676969,0.096,0.107,1
"ATOSB",0.351551014549096,-0.107198844168654,0.025,0.02,1
"ENSG00000291066",0.351568641719712,0.217031641570234,0.246,0.202,1
"KLF3-AS1",0.35157414824876,-0.381242092177444,0.039,0.045,1
"GPATCH1",0.351605740534765,0.318213171781216,0.052,0.037,1
"LY75",0.351645202767575,0.501520931684871,0.077,0.054,1
"RNF34",0.351826644317754,0.116405400843779,0.253,0.23,1
"GABPA",0.351890917750174,0.372252994189826,0.157,0.117,1
"GCLM",0.352012032463156,0.292147740750244,0.187,0.145,1
"LEPROT",0.352065834420988,-0.563459196520802,0.044,0.059,1
"SREBF2",0.352076828391301,-0.255943773909353,0.169,0.184,1
"PRMT2",0.35222428807678,0.126737406215235,0.536,0.515,1
"BOLA2",0.352372026259488,-0.225422689539426,0.123,0.131,1
"CISD3",0.352427671610373,0.331754371746647,0.046,0.031,1
"FUBP3",0.352457908299836,0.149777068807642,0.162,0.136,1
"GAREM1",0.352468514961373,-0.476996735542563,0.085,0.102,1
"PIP4K2C",0.352520738026472,0.516008450578712,0.062,0.04,1
"C20orf204",0.352537007005649,1.72895465926165,0.014,0.006,1
"USP31",0.352769698789824,-0.618380944458899,0.021,0.029,1
"TWF1",0.352870378743919,0.287796896821757,0.203,0.17,1
"EFHC2",0.352871735389935,1.32323053254665,0.012,0.005,1
"MTMR9",0.353007542085403,-0.195016882786989,0.064,0.077,1
"ARAP1",0.353138359952681,0.224822525154144,0.149,0.116,1
"SCPEP1",0.353150319031678,0.70901895162966,0.039,0.023,1
"VCL",0.353233557259364,-0.527693435656867,0.043,0.06,1
"NAA50",0.353379623579399,0.232429898076471,0.367,0.321,1
"ZNF28",0.353449886492843,0.526059298578826,0.08,0.063,1
"SH3RF3",0.3535251450285,-0.63267908639388,0.025,0.031,1
"NMB",0.353550404141834,0.467406627419224,0.025,0.034,1
"ZNF844",0.35358273429092,0.638815317962277,0.014,0.012,1
"PDXK",0.353698910405172,0.175087154690241,0.283,0.235,1
"SDAD1",0.353752926765025,-0.274555820443519,0.173,0.192,1
"GON4L",0.35401743950296,-0.217018695087232,0.319,0.334,1
"LRP12",0.354043014377349,-0.793943329350298,0.011,0.015,1
"BUD31",0.354207246444407,-0.168845661097132,0.484,0.485,1
"CDKN1A",0.354349550733186,0.291873634324946,0.221,0.176,1
"C2orf15",0.354476628475242,0.533862884499803,0.011,0.006,1
"CCSER1",0.354619201019168,-0.746709465689645,0.021,0.032,1
"NPHP4",0.354652577763047,0.346872075673569,0.071,0.054,1
"PDE4D",0.354859677997716,0.15990525437578,0.667,0.6,1
"PHOSPHO2",0.354913161814399,0.679734456162474,0.025,0.014,1
"AIMP2",0.355244251424643,0.392740280490115,0.098,0.07,1
"TMEM161B",0.355365741348802,0.295869262342789,0.125,0.093,1
"ZDHHC9",0.35550391319732,-1.0344513974789,0.007,0.014,1
"TMEM69",0.355600438566565,0.36450815945041,0.094,0.071,1
"FAM185A",0.355700462716312,-0.375178477665802,0.027,0.036,1
"TNRC6C",0.355873423501311,0.176342321979664,0.473,0.422,1
"TXNIP",0.355887185808975,-0.368562412840257,0.322,0.355,1
"RFX1",0.356026087291521,0.28165304968653,0.219,0.175,1
"STK16",0.356098087525401,-0.405411905989593,0.05,0.062,1
"NDFIP2",0.356420784090998,-0.168161126061697,0.155,0.153,1
"ENSG00000224376",0.356433160510694,1.25419590837462,0.016,0.009,1
"PGBD4",0.356544803271792,-1.00781533034322,0.007,0.014,1
"ZMYND11",0.356551706704196,0.189918981887129,0.27,0.233,1
"LRRC8C",0.356688259338566,-0.14741618841254,0.238,0.253,1
"ZNF84",0.356745379904145,0.211982079348973,0.132,0.108,1
"TEX2",0.356766737003706,-0.362986367577891,0.028,0.039,1
"KCNH8",0.356902000127811,0.481680161592698,0.014,0.017,1
"SLF2",0.357094601190624,-0.234899710993218,0.08,0.08,1
"C17orf49",0.357151305906529,-0.17731298034168,0.498,0.496,1
"SORBS1",0.357260597101251,-0.479427973111715,0.025,0.039,1
"ERICH6-AS1",0.357288290031905,-0.39311064461618,0.043,0.046,1
"ENSG00000255670",0.357416530620819,0.692820744350502,0.034,0.019,1
"PRKDC",0.357675880502376,-0.109911713831728,0.198,0.193,1
"AVL9",0.357705001065102,0.105580940017756,0.167,0.136,1
"ACYP1",0.357742794714771,-0.815536800385002,0.016,0.026,1
"ARCN1",0.357794406242309,0.223558579906106,0.32,0.264,1
"LRRC75A",0.358066760751574,-1.19573594348001,0.005,0.012,1
"DNAJC10",0.358117146556857,-0.124018941998227,0.107,0.11,1
"MRPL55",0.358139279305327,0.21743260459895,0.183,0.145,1
"TRBV19",0.358208178332277,0.789718055470868,0.025,0.02,1
"TSPYL1",0.35835834407114,0.145309937463083,0.395,0.345,1
"MREG",0.358442555848935,0.343896628950164,0.039,0.026,1
"SSBP3",0.35845462469161,-0.176590058146829,0.157,0.178,1
"EDC3",0.358478535092743,0.22320514054023,0.107,0.08,1
"FTSJ1",0.358589696169733,0.252320691434351,0.19,0.15,1
"ZNF622",0.358785654530619,0.301019515544849,0.199,0.156,1
"LDLR",0.358921688210345,0.801758213568993,0.043,0.026,1
"POLR3H",0.358943682290826,-0.483141962096614,0.041,0.054,1
"TNFRSF14-AS1",0.35909790454317,-1.37653132461871,0.009,0.015,1
"PECR",0.359130403094794,1.25630193322966,0.016,0.008,1
"ZNF202",0.35918813747539,-0.292167315572613,0.032,0.036,1
"CAMK2D",0.359388207567772,-0.326680650515364,0.119,0.134,1
"DCAF8",0.359516629138403,-0.171112413695178,0.237,0.236,1
"BAG1",0.359575483501642,-0.155235408664602,0.288,0.306,1
"LONRF3",0.359787244834662,1.25941465780498,0.012,0.005,1
"STUB1",0.359903534462896,0.17564978829532,0.383,0.331,1
"ARF4-AS1",0.359923174561957,-1.04098845905076,0.005,0.012,1
"EOGT",0.360005974436149,0.547592106087833,0.028,0.017,1
"LINC02968",0.360018524352739,0.399456201632581,0.018,0.009,1
"PHACTR2",0.360018590841863,0.227838976019017,0.237,0.189,1
"NR1H3",0.360045592362379,1.36681537786292,0.012,0.005,1
"DYNC2LI1",0.360053671449242,-0.922175330756255,0.016,0.026,1
"ALDH3A2",0.360205692532872,0.861130689484588,0.02,0.009,1
"ANKRD6",0.360217124990198,-0.49090660709119,0.011,0.017,1
"WDSUB1",0.360255708464883,-0.608973690968248,0.053,0.062,1
"SPATA2L",0.360436175927798,0.295882154927626,0.128,0.096,1
"SEPTIN8",0.360620541315207,1.40735356990849,0.011,0.005,1
"PHF5A",0.360668553535385,0.111787894798794,0.283,0.27,1
"SLFN12L",0.360792412800565,0.35344556852418,0.16,0.134,1
"MTPN",0.360837542319606,0.121173086726471,0.395,0.335,1
"AIP",0.36096593996533,-0.117662098349414,0.272,0.267,1
"PUS1",0.360989171959242,-0.577879848263685,0.044,0.06,1
"MED30",0.361236357285617,-0.122446809288843,0.253,0.246,1
"ADAT1",0.361284803747645,-0.187424350774041,0.021,0.02,1
"ATG2B",0.36137907076564,-0.145958667693942,0.144,0.159,1
"KIR3DL1",0.361402668830609,-0.822360353475116,0.011,0.014,1
"RXRB",0.361420662055918,0.184493881273617,0.149,0.125,1
"NLE1",0.361470509753734,0.310049169673121,0.057,0.04,1
"UBR5-DT",0.361484826954466,0.750381847478597,0.032,0.02,1
"RELL2",0.361493850911506,-0.470074729322241,0.021,0.025,1
"NUDCD2",0.361614730818631,-0.18277168976321,0.196,0.192,1
"TRAF5",0.361658773860178,0.291308566007937,0.157,0.117,1
"PLEC",0.361673031847579,0.170813757516334,0.295,0.286,1
"NADK",0.361759332492618,-0.121283065181951,0.071,0.066,1
"TRBV20-1",0.36195853317123,0.90427355693224,0.059,0.045,1
"CCRL2",0.362030189930035,0.782796463968642,0.053,0.036,1
"ELOA-AS1",0.362031030221543,-0.281968830047134,0.032,0.034,1
"KIR2DL3",0.362106499110348,0.810129930094365,0.041,0.026,1
"TPCN2",0.362179515856373,0.563738695046799,0.044,0.032,1
"NR1D2",0.362224813054503,-0.117019186984436,0.178,0.173,1
"ZNF670",0.362247402135015,-0.402852206996279,0.032,0.031,1
"ANKRD40",0.362265338310641,0.261033600143969,0.073,0.057,1
"ZKSCAN4",0.362284484280156,-0.630535927006548,0.027,0.037,1
"TRIM21",0.362330575430766,0.356016951306689,0.114,0.085,1
"ALG8",0.362357843594428,0.113986411703716,0.05,0.048,1
"ATP5MF",0.36245895030781,0.118754256899742,0.577,0.518,1
"FAM219A",0.362556097341843,1.00104010857019,0.023,0.012,1
"RMND1",0.362903734020209,0.231167458850805,0.066,0.06,1
"MYOM2",0.362915513805277,0.445281068614975,0.06,0.046,1
"CTU1",0.362975629485455,-0.224712898398709,0.128,0.141,1
"PGLS",0.363016597982998,-0.103757610299958,0.221,0.23,1
"NBEAL2",0.363030045797994,0.322289366546362,0.141,0.107,1
"C1orf162",0.363100579195691,0.533223322757194,0.091,0.065,1
"VASH1",0.363393258839097,0.379101894648734,0.052,0.036,1
"ZNF517",0.363563963893671,1.64011500865406,0.012,0.005,1
"DHRS13",0.363580984557449,-0.259658148759527,0.08,0.083,1
"EVA1B",0.363603843470582,-0.44275646720452,0.012,0.022,1
"STYXL1",0.36371793117714,-0.650199927984389,0.027,0.031,1
"ETFB",0.36391965258189,0.236650537936423,0.133,0.11,1
"MRPS2",0.363923109671231,0.202354702384729,0.192,0.153,1
"PGM3",0.364249978726069,0.687095150555318,0.068,0.046,1
"UPF3A",0.364423555045934,-0.116405808094788,0.128,0.142,1
"SFXN4",0.36445687838358,-1.17980939346903,0.014,0.025,1
"VOPP1",0.364602997223459,0.104091168245183,0.283,0.244,1
"KCTD11",0.364901738940971,0.887593418410278,0.025,0.012,1
"MKS1",0.365092475758402,0.67130707370214,0.02,0.009,1
"UBXN4",0.365380950201798,-0.115942288560625,0.56,0.555,1
"IMMP2L",0.365637595301377,-0.214545833483901,0.121,0.124,1
"MYBBP1A",0.365650324658922,-0.128401255190951,0.062,0.056,1
"ZNF518A",0.36598267602204,0.432354031691056,0.078,0.054,1
"BRF1",0.366011439437558,0.326968105432454,0.103,0.076,1
"GTF3C4",0.366138866885414,0.260991660212391,0.125,0.11,1
"ZFTA",0.366231083623537,-0.433384682211001,0.011,0.019,1
"CHKA",0.366259923981729,0.383749961339818,0.139,0.104,1
"RHOXF1",0.366413753836818,-0.547898150843342,0.025,0.034,1
"YWHAG",0.366418379306355,0.203304603547694,0.146,0.121,1
"ZBTB20-AS5",0.366890739975658,-0.975195773092903,0.009,0.017,1
"ZBTB43",0.367126548015686,0.33872502098034,0.189,0.147,1
"STAMBPL1",0.36721116354541,-0.506490585134057,0.044,0.059,1
"E2F6",0.367295151242739,0.487614819310271,0.077,0.053,1
"SPATA1",0.367325367767762,0.699030316468624,0.032,0.02,1
"FBXO42",0.367506809959568,-0.261244072749639,0.155,0.175,1
"LCP1",0.367599733978292,0.201139587070584,0.429,0.402,1
"ENSG00000290796",0.367684935350273,-0.631161379872442,0.039,0.053,1
"SP140",0.36779265899431,0.355414311993343,0.158,0.128,1
"ENSG00000285651",0.367928968965986,-1.36732050493157,0.011,0.02,1
"ENSG00000260257",0.368017122744749,1.01524659822917,0.018,0.008,1
"SPACA6",0.368045090803681,-0.683040706701442,0.012,0.022,1
"ZNF708",0.368086375823423,0.195631740496206,0.173,0.136,1
"ENOPH1",0.368139993206068,0.147732913766901,0.167,0.139,1
"THOC5",0.368156484946326,0.211139762327006,0.1,0.082,1
"DNAAF9",0.368166691802578,-0.608830925064122,0.023,0.036,1
"ZBTB26",0.368392040251149,-0.396524133064466,0.037,0.048,1
"CEP78",0.368491138352017,-0.292910942836122,0.085,0.1,1
"EZH2",0.368642178012529,-0.188344349475195,0.174,0.19,1
"PDSS2",0.368660071265219,0.197889268250801,0.071,0.057,1
"CEP131",0.368729995280397,0.851604070680524,0.018,0.009,1
"IPO4",0.368895590250394,-0.127008624358422,0.116,0.128,1
"ATP6V0D1-DT",0.368962435774965,0.924853979874057,0.018,0.009,1
"XPC-AS1",0.3690111497683,-0.653938828801605,0.018,0.025,1
"AJM1",0.369025623139138,0.970441600447375,0.011,0.005,1
"PILRB",0.369232665356065,0.338456409116652,0.16,0.122,1
"RBM14",0.369331716506508,-0.105094240818563,0.374,0.371,1
"SCAF1",0.369333059609999,0.174179609241311,0.148,0.114,1
"GPR18",0.369675094405597,0.26113965547271,0.29,0.241,1
"TYW1B",0.369854874598323,0.440099169599136,0.073,0.051,1
"SEC23IP",0.369857292128927,-0.162652508134321,0.101,0.119,1
"TRIOBP",0.369879217645928,0.148182257301946,0.068,0.056,1
"ENSG00000259807",0.369880021912375,0.532691468129832,0.018,0.009,1
"BRI3",0.369891241577965,-0.128831952126067,0.407,0.414,1
"CCNY-AS1",0.370123994880706,-1.3454829116858,0.009,0.017,1
"PEX2",0.370193237033233,0.267533765821007,0.157,0.121,1
"KISS1R",0.370195991760482,-0.189181860414532,0.018,0.011,1
"TMEM181",0.370202425474611,0.132895335412253,0.121,0.104,1
"TRPM2",0.370281512025183,1.28434790512908,0.018,0.008,1
"RASL11A",0.370325986264588,-0.573488552361701,0.039,0.042,1
"MAP3K4-AS1",0.370446746729512,0.106269878352179,0.016,0.011,1
"CLCC1",0.370498837770503,0.447049517387415,0.03,0.019,1
"WAKMAR2",0.370593609751524,0.384951424542941,0.091,0.068,1
"ABL2",0.370597373396981,0.251798268961746,0.064,0.051,1
"LARGE1",0.370614758678906,1.26741001943911,0.012,0.005,1
"SHISA5",0.370635955073583,0.194233459220995,0.267,0.246,1
"ZNF547",0.370860622839555,0.11222697739992,0.034,0.023,1
"NECAB3",0.370871996258708,0.407581919089915,0.046,0.029,1
"N4BP3",0.37088268980956,-0.280893386655648,0.107,0.127,1
"EFNB1",0.370898809545294,-0.835889708782974,0.016,0.025,1
"LPCAT1",0.370959227960029,0.516676318888225,0.093,0.073,1
"DYRK1B",0.370964761232078,-0.283773061676735,0.151,0.164,1
"ZNF324B",0.371178839163635,-0.367443760562556,0.014,0.022,1
"PITPNM1",0.371183847238652,-0.133381229340721,0.089,0.093,1
"GOLM2",0.371251235713343,-0.242828375443121,0.139,0.151,1
"C20orf96",0.371251466284803,1.51252027993391,0.02,0.009,1
"GPR183",0.371283179131365,0.133307178032759,0.47,0.454,1
"WDR59",0.371340747776018,-0.586116187786299,0.071,0.082,1
"SYNGAP1",0.37145942897521,-0.3061991298023,0.103,0.111,1
"FKBP2",0.371608840460689,-0.247781740161053,0.292,0.32,1
"ADIPOR2",0.371727051901358,-0.237515744707092,0.144,0.161,1
"MASTL",0.371757683864402,-0.141315220088987,0.069,0.063,1
"ERN1",0.371800973768222,-0.379963638156629,0.096,0.116,1
"LTA4H",0.372043968091106,-0.220591012757504,0.176,0.179,1
"SGO2",0.372086275987201,0.508609829900885,0.02,0.011,1
"ZNF510",0.372245794400319,-0.625834478884294,0.023,0.032,1
"DPP9",0.37236055756784,-0.210699647696975,0.112,0.131,1
"FGFR1OP2",0.372380866287118,-0.125314954580319,0.422,0.442,1
"PIGL",0.372427834666852,0.141080892573877,0.096,0.091,1
"SMAGP",0.372695254772881,-0.447033832204188,0.03,0.046,1
"DCAF6",0.372875397552383,0.236019537842183,0.199,0.162,1
"PEX6",0.373014621074408,0.47259669526129,0.06,0.042,1
"SARS2",0.373115713982013,0.537670029141458,0.039,0.025,1
"ANTKMT",0.373167001029501,-0.210683325875395,0.112,0.113,1
"ACOT8",0.373659554631057,0.44938909472421,0.071,0.06,1
"SMARCA2",0.373691644994913,0.224151273775794,0.24,0.193,1
"ALAS1",0.373731709551236,-0.21487432093049,0.132,0.142,1
"ENOX2",0.373792162925424,0.431989622817137,0.073,0.051,1
"ZNF260",0.373907503681622,0.213902622027804,0.1,0.09,1
"ENSG00000260920",0.374145095506911,0.738155683840051,0.012,0.005,1
"PDE12",0.374172402813575,0.103892725785733,0.133,0.108,1
"ASCC2",0.374204068896632,0.305759030921592,0.162,0.13,1
"SYTL3",0.374325306455906,0.386496419255032,0.279,0.227,1
"ERH",0.374595863786004,-0.11755298460384,0.578,0.561,1
"PPIL4",0.37467056622734,0.156939824715456,0.349,0.298,1
"TIMMDC1",0.37480815764202,0.16898836255296,0.089,0.077,1
"ERLIN1",0.374826030957013,0.428325632076805,0.071,0.049,1
"HARS1",0.37524250036816,-0.149098806183796,0.19,0.195,1
"TLE1",0.375246402291667,-0.321792605066863,0.075,0.088,1
"USP7-AS1",0.375721732753978,1.14006553043016,0.018,0.009,1
"RABEPK",0.375794313516883,-0.491106002762085,0.046,0.06,1
"CEP162",0.375840413616166,0.338241600848829,0.066,0.048,1
"MBNL1-AS1",0.375884116560545,0.346834122252067,0.084,0.06,1
"SLC35E4",0.37592063759427,0.960450350722377,0.027,0.014,1
"DRAM1",0.375950072905531,-0.458679797358013,0.044,0.059,1
"RBM27",0.376004042249447,0.233024479122136,0.322,0.284,1
"NR3C2",0.376057385748918,0.108737424220068,0.03,0.022,1
"CD58",0.376152083686261,0.142350743525637,0.253,0.209,1
"NDUFB6",0.376157382800623,-0.12365385843767,0.395,0.394,1
"ZMAT1",0.37623264480789,0.584934969369416,0.041,0.032,1
"ENSG00000274425",0.376657962045992,0.963186628434501,0.03,0.015,1
"CD69",0.376950778291955,-0.203930659912723,0.594,0.556,1
"TMEM203",0.37698770345361,0.125256501388836,0.153,0.124,1
"XPNPEP3",0.3770111456395,0.137620481654629,0.062,0.051,1
"FGD6",0.377089390038845,0.321268189525757,0.014,0.015,1
"HAGH",0.377156916718949,-0.352812281404922,0.155,0.168,1
"PROSER2",0.377228708483877,0.984497526649071,0.012,0.005,1
"NOLC1",0.377468713882489,-0.187350738276774,0.267,0.291,1
"JHY",0.377634022180313,0.769045007348629,0.025,0.014,1
"ENSG00000235066",0.377686708202666,-0.497962899294245,0.02,0.028,1
"NENF",0.37773147032643,0.342821864267608,0.173,0.139,1
"LIMK1",0.377831778148833,-0.21832165382119,0.052,0.051,1
"GSK3B",0.377972765621289,-0.175656622604071,0.263,0.287,1
"TTYH3",0.378029089608558,-0.205981399329878,0.028,0.037,1
"MAP3K7",0.378051300625333,0.211078125209937,0.173,0.138,1
"CXXC5",0.37821127365687,-0.218237501769047,0.126,0.15,1
"ZNF41",0.37838364084285,-0.582746974118979,0.043,0.056,1
"STEEP1",0.378391407127091,0.634576916206241,0.077,0.053,1
"ANKRD44-AS1",0.378444974613598,0.556736297704176,0.036,0.022,1
"ORMDL2",0.378446920319237,0.142300029400165,0.206,0.168,1
"PITPNB",0.378521115998517,0.154840004720878,0.335,0.309,1
"SLC25A39",0.378936287424495,-0.19298945392914,0.157,0.161,1
"LASP1",0.379057921411312,-0.180166315569851,0.262,0.28,1
"ZNF428",0.379084779194189,-0.12987464265443,0.265,0.284,1
"ZSCAN16-AS1",0.379217352245903,-0.288644864281793,0.126,0.136,1
"MAP1LC3A",0.379231362969559,0.121536628149622,0.336,0.286,1
"POGLUT1",0.379280429656992,-0.218250503415442,0.073,0.088,1
"ENSG00000291131",0.379391971915268,-1.16720093348084,0.011,0.017,1
"LINC03033",0.379455774492396,-0.522748113279471,0.012,0.022,1
"CARM1",0.379473065011406,0.608045658585962,0.028,0.017,1
"ENSG00000234162",0.379532108934729,-0.801757497192641,0.005,0.012,1
"HSP90AA1",0.379550532192734,-0.125657563528918,0.904,0.864,1
"HP1BP3",0.379648041291657,-0.109292453721921,0.523,0.512,1
"LYSMD2",0.379658894552029,-0.135816826356167,0.288,0.303,1
"NAGPA",0.37983568643862,0.482127862587381,0.057,0.037,1
"CHN2",0.379861777737195,-0.319420513616864,0.126,0.139,1
"LAYN",0.380053776756857,0.24268340270644,0.199,0.182,1
"FAF1",0.38006280184696,-0.112339288015337,0.276,0.289,1
"CCDC159",0.38039571315488,-0.51167912755131,0.041,0.048,1
"CUTC",0.380491087249177,0.165498428132316,0.153,0.125,1
"ENSG00000291100",0.380527872546516,0.236706868876606,0.153,0.119,1
"ENSG00000289226",0.380556102711959,-0.946087768764251,0.007,0.015,1
"DNAJB2",0.38058966042746,-0.176610769952829,0.144,0.148,1
"PGLS-DT",0.380751553372719,0.414795212281342,0.023,0.02,1
"ENSG00000286264",0.380767230691986,-0.493560967902105,0.044,0.062,1
"BRCA2",0.380769301462378,-1.01077756719211,0.009,0.015,1
"PDPK1",0.381008787340351,-0.186231596149125,0.123,0.124,1
"ACAD9-DT",0.38114629231234,-0.879341777863716,0.005,0.012,1
"ZNF554",0.381323229198022,0.882613295753573,0.021,0.011,1
"IQCE",0.381339981374185,-0.80591736100101,0.018,0.026,1
"INPPL1",0.381525784414334,-0.55001322190251,0.034,0.049,1
"MARK4",0.381834112045022,-0.233045503453126,0.089,0.09,1
"TRMT1L",0.382037748140135,-0.308174130793523,0.046,0.049,1
"PSMC2",0.38205362504053,-0.148159322279654,0.226,0.236,1
"SCRN1",0.382333098601147,-0.617084951639595,0.012,0.02,1
"RNF169",0.382343073023783,0.119443444465648,0.162,0.134,1
"SCD",0.382665373811618,-1.06180779518082,0.011,0.02,1
"TMEM65",0.382689750823365,-0.222820709923693,0.123,0.141,1
"C14orf119",0.382689812416837,0.172718483144403,0.372,0.332,1
"ADO",0.382744188044977,-0.416998739720595,0.037,0.049,1
"CERT1",0.38285453693791,0.231457154473296,0.249,0.202,1
"PCNX3",0.382863902713902,0.391784885381497,0.066,0.046,1
"RHNO1",0.382987954775343,0.511403921327626,0.062,0.048,1
"ZNF330",0.382997794259479,-0.124807242649845,0.167,0.175,1
"ANAPC7",0.38322016629137,0.135094610529139,0.091,0.073,1
"PHF11",0.383530379833715,0.129626033761016,0.258,0.213,1
"CSNK1G3",0.3835599201859,-0.256471778084003,0.205,0.219,1
"CCP110",0.383630261692659,0.328471903623831,0.126,0.093,1
"SLC4A8",0.383669227605058,0.309462310080074,0.03,0.02,1
"RNPC3",0.383797065230417,0.297500774696366,0.185,0.156,1
"TNFAIP1",0.383931503555753,-0.36443696040884,0.066,0.08,1
"SPG21",0.383937623387257,-0.308109472728621,0.151,0.175,1
"HARS2",0.384192879211802,-0.217955026198804,0.096,0.11,1
"ABTB3",0.38423197525482,-0.152705061906752,0.402,0.403,1
"CCHCR1",0.38438194181731,-1.10270375047737,0.009,0.017,1
"ZCCHC17",0.384423451150841,0.363934881305501,0.148,0.111,1
"ENSG00000290927",0.384796949345793,-0.282885343970215,0.087,0.091,1
"DOCK9",0.384806797318567,0.143787950366167,0.231,0.216,1
"ENSG00000272211",0.384875831221373,0.5506071059968,0.023,0.012,1
"SPATA21",0.384910421419486,0.935386834014571,0.018,0.008,1
"C18orf25",0.385074074298978,-0.288316625040755,0.11,0.124,1
"TRNAU1AP",0.385206137994476,-0.347683006067379,0.148,0.168,1
"RBM33",0.385261975022491,-0.192352974262502,0.313,0.329,1
"ENSG00000286035",0.385282343149187,1.28824209199356,0.014,0.006,1
"EID2B",0.385293661399374,0.301420308468592,0.041,0.028,1
"FRAT2",0.385449148280054,0.12350105216671,0.117,0.097,1
"ANAPC5",0.385530900868317,0.166271707768258,0.354,0.326,1
"ZNF674-AS1",0.38588597724852,0.768424314481018,0.039,0.023,1
"GUSBP2",0.385993141535055,0.820499317775388,0.025,0.014,1
"FRG1",0.386009435415827,-0.264939373455366,0.235,0.25,1
"SNHG14",0.38621286357355,0.313345827960196,0.165,0.13,1
"USP50",0.386234844760832,0.975063523795444,0.02,0.009,1
"ZNF350-AS1",0.386692097544614,-0.932930060930375,0.005,0.012,1
"ACAT2",0.386707894070091,0.302018034519121,0.137,0.114,1
"CCNO-DT",0.386978202733027,-0.77889771669889,0.012,0.02,1
"SVIP",0.387008882679353,-0.24920514535504,0.189,0.212,1
"ENSG00000249207",0.387148096035318,-0.492098434269034,0.06,0.07,1
"NDUFA2",0.387437747030351,-0.157387279998664,0.377,0.396,1
"DHFR",0.38745342424135,-0.228242986672823,0.093,0.104,1
"CCZ1",0.387476402887952,-0.100246620707079,0.075,0.085,1
"MIOS",0.387488724424932,-0.319303568508184,0.137,0.156,1
"RALGAPB",0.387583137643979,0.324963938738178,0.226,0.179,1
"SLC29A3",0.387658631153155,-0.424640375226172,0.036,0.039,1
"SCML1",0.388231211181942,0.21083195151346,0.253,0.226,1
"ENSG00000286786",0.388233478599433,-0.474538566075477,0.016,0.019,1
"TENM1",0.388295449167284,0.495068957375222,0.057,0.04,1
"SH3BP5-AS1",0.388323524421098,-0.903390969249609,0.016,0.023,1
"LEO1",0.388408644847614,-0.120711066900675,0.128,0.138,1
"RHOG",0.388446072175387,-0.101283239348908,0.703,0.713,1
"CNNM2",0.388447396870292,-0.514267195934814,0.041,0.051,1
"URM1",0.388549343063004,-0.220389670319035,0.173,0.185,1
"ZNF23",0.38861873938106,0.477980587784663,0.02,0.017,1
"ACTR5",0.388678635747592,-0.731215449206448,0.03,0.043,1
"DALRD3",0.388741896366915,0.411169899362725,0.123,0.091,1
"DENND11",0.388793290897803,-0.195500323676105,0.126,0.136,1
"TRABD-AS1",0.388815244530718,-0.537446485293999,0.036,0.053,1
"ZNF577",0.389263736431137,0.342915418300327,0.016,0.011,1
"OAS3",0.389394133804409,-0.668690421737521,0.021,0.029,1
"FRAT1",0.389411601685377,0.177076284525325,0.146,0.116,1
"MYLK4",0.389429860469152,-0.496766222120072,0.03,0.029,1
"INPP1",0.389476680158554,0.501146673020348,0.021,0.011,1
"MICU2",0.389489683052736,-0.113168274278556,0.276,0.275,1
"C2CD2",0.389524342360675,0.562176055376186,0.012,0.006,1
"ZYX",0.389587453063007,0.122784988141417,0.461,0.4,1
"PDE6D",0.389627052089874,-0.253846456030039,0.142,0.159,1
"FN3KRP",0.389629183739752,-0.15299027799117,0.096,0.104,1
"C6orf120",0.389709111699902,0.467080595581358,0.116,0.085,1
"ZNF92",0.389974341240654,-0.22549457378302,0.144,0.161,1
"ADAM10",0.390129015989132,-0.173673658443622,0.338,0.345,1
"CNST",0.390253518456966,0.195686148602143,0.326,0.272,1
"ENSG00000281383",0.390296643598572,-0.226389082943361,0.034,0.045,1
"KLRK1",0.390496562330236,0.153110959190072,0.578,0.529,1
"ZNF76",0.390775506197536,-0.365932407798554,0.085,0.099,1
"ASB16-AS1",0.391045571664391,-0.161449370748437,0.023,0.028,1
"SLC35D2",0.391121413285143,0.314819451075731,0.112,0.082,1
"TRIB2",0.391367010733053,-0.365535746151546,0.08,0.096,1
"SAXO2",0.39148986748842,1.14677129905158,0.016,0.008,1
"SEMA4F",0.391643059159177,-1.28775379641602,0.005,0.011,1
"ENSG00000266677",0.391664309852609,0.615345062591632,0.028,0.017,1
"ENSG00000275457",0.391763329297019,-0.551560434049431,0.016,0.023,1
"OGDH",0.391831930143647,0.179229707691407,0.413,0.346,1
"AVPI1",0.3919527248095,0.956162900974633,0.039,0.023,1
"NHP2",0.392028272154429,0.104121437699839,0.249,0.213,1
"AGBL3",0.392296112158308,-0.33357283993923,0.036,0.048,1
"CSRNP2",0.392331942044165,0.3579683675412,0.089,0.063,1
"CCL28",0.392344248623134,-0.513269295069196,0.016,0.026,1
"PTGR3",0.392400420800461,-0.287442992393501,0.053,0.059,1
"MTFMT",0.392410140175439,0.464139799271223,0.084,0.065,1
"NCSTN",0.392564797777878,0.208544829998476,0.139,0.113,1
"ENSG00000291078",0.392803984112179,-0.489891412446612,0.043,0.057,1
"C8orf58",0.393171597789185,0.283988508902985,0.023,0.012,1
"ENSG00000274104",0.393255855198253,0.994951490104147,0.016,0.009,1
"HCG11",0.39337705097829,-0.994260462954433,0.009,0.014,1
"CEP57",0.393502472669248,-0.104974637254058,0.31,0.326,1
"AMN",0.393515225755086,-0.526823419507298,0.004,0.011,1
"ACER3",0.393571447986555,-0.215932467244527,0.039,0.036,1
"PLIN2",0.393658517178982,0.381242159887618,0.153,0.116,1
"LNPK",0.393740373259289,0.376066322017262,0.068,0.059,1
"MED15",0.393841906722685,0.310047114099991,0.294,0.246,1
"CMC2",0.393905201360791,0.160833689646524,0.393,0.36,1
"UBE2D1",0.393910906874467,-0.218993481295645,0.249,0.269,1
"SIGMAR1",0.394139402351904,0.658173573532558,0.037,0.023,1
"USP30-AS1",0.394151473999022,-0.440341561820759,0.021,0.025,1
"ENSG00000285976",0.394173582122227,0.171692539282678,0.167,0.134,1
"VANGL1",0.394199719825153,-0.418950471871173,0.027,0.028,1
"TRIM11",0.394273538582865,-0.382394183385672,0.1,0.114,1
"CFD",0.394557598276115,-1.13296005475991,0.005,0.011,1
"PRKCZ",0.394631254998129,-0.227071761452522,0.036,0.042,1
"ASAH1",0.394931877247841,-0.112328450947448,0.103,0.1,1
"DNTTIP1",0.39503719946695,0.314734635823398,0.19,0.151,1
"MCM8",0.395071635120216,0.759524475951681,0.023,0.012,1
"CHPT1",0.395330975786099,-0.212776137510555,0.276,0.294,1
"QKI",0.395757113514641,-0.169509383075147,0.315,0.328,1
"ENSG00000291149",0.395768867792296,-0.39258610757514,0.146,0.164,1
"MPI",0.395779066833388,0.200453704120868,0.043,0.04,1
"ZMYND19",0.395798210864156,-0.103631754961304,0.098,0.094,1
"DDX41",0.395820883981722,0.277310986469626,0.132,0.105,1
"LIMK2",0.395872549887014,0.166608792313064,0.075,0.059,1
"GSTM3",0.395955661573198,0.593255452031196,0.05,0.032,1
"TUG1",0.396154268155233,-0.379361624961584,0.046,0.06,1
"TRBV2",0.396201101568068,1.24596516080166,0.025,0.015,1
"RFXANK",0.396219320353966,0.187981503922543,0.121,0.116,1
"SSH3",0.396387565842748,1.15939709234102,0.014,0.006,1
"ATP23",0.396524875735265,-0.495812990417126,0.034,0.046,1
"IER3",0.396573621277459,-0.262781708564857,0.053,0.066,1
"GORAB",0.396606338350473,-0.43425132922594,0.052,0.066,1
"TMEM147",0.396679029570439,0.306206184142911,0.224,0.182,1
"PPP2R5D",0.397161048256696,-0.492736834132701,0.066,0.082,1
"ATP10A",0.397193472464023,-0.396339720398469,0.069,0.085,1
"BTRC",0.397400389041908,0.175585594050145,0.125,0.114,1
"FARS2",0.397437705557779,0.47997559244355,0.084,0.071,1
"ENSG00000278231",0.397572733168465,1.32342032380589,0.025,0.012,1
"GRB2",0.397822084079428,0.144011418047672,0.512,0.467,1
"KRT10",0.397832121783354,-0.145375213809181,0.555,0.552,1
"TMEM167B",0.397995985652606,-0.222827237165983,0.133,0.141,1
"ADA2",0.39831681450268,0.159666737424499,0.08,0.071,1
"EML3",0.398375361383124,0.278644581534232,0.126,0.094,1
"ATG3",0.398392267644956,-0.177626643857885,0.32,0.34,1
"HDAC4-AS1",0.398428933244343,1.06377383088091,0.018,0.008,1
"GOLGA4-AS1",0.398672282488581,1.31145021357185,0.012,0.005,1
"SLC19A1",0.398686812910227,0.814793029280557,0.028,0.015,1
"ACACB",0.398761235700509,-0.871809421316573,0.007,0.014,1
"ZNF232-AS1",0.39879811251153,0.23222403430184,0.064,0.045,1
"ATG4C",0.398911222091965,0.722321743290325,0.032,0.02,1
"ACBD7",0.398924351016603,-2.1051454929319,0.004,0.011,1
"RITA1",0.399063388944669,0.468072810246275,0.046,0.037,1
"MANEA",0.39912008934616,0.34807144031886,0.06,0.049,1
"DENND10",0.399277740056324,0.264217614059173,0.098,0.076,1
"GBP2",0.399287469709106,0.181594500377539,0.288,0.24,1
"GATD1-DT",0.399320175885098,-0.942678333277715,0.007,0.014,1
"PSMC4",0.399344479608178,-0.165372649161307,0.457,0.47,1
"NDUFA4",0.399641229565932,0.107710692595237,0.685,0.629,1
"YTHDC2",0.399662155113019,0.280964154838776,0.205,0.172,1
"ENSG00000263756",0.400148199819252,-0.569058556700526,0.011,0.019,1
"ARL3",0.400199992591943,-0.275529836831834,0.078,0.096,1
"NOA1",0.400208014043545,0.222554879319623,0.153,0.121,1
"SHLD1",0.400210044090642,0.110655354848844,0.317,0.267,1
"CELA1",0.400403289751812,-0.809255538939561,0.005,0.011,1
"LARP1B",0.40045710723278,-0.347758017910414,0.077,0.085,1
"MTERF3",0.40048841663403,0.298592146607861,0.091,0.07,1
"RPS6KA2",0.40065853891474,-0.507292560331486,0.014,0.022,1
"VAT1",0.400933289147774,-0.371450166095446,0.064,0.083,1
"NRF1",0.401008054312177,-0.367150237799832,0.157,0.179,1
"CBR3-AS1",0.401199295816261,1.14827818831322,0.012,0.005,1
"TBC1D23",0.401298390852623,0.168158333762894,0.169,0.148,1
"PCGF3",0.401382587022393,0.431159478064761,0.075,0.056,1
"MMP24OS",0.401404614351284,0.135287209928583,0.23,0.209,1
"REEP4",0.401493927871501,0.566220709407615,0.094,0.068,1
"BAZ1B",0.401542978026172,-0.201593013347565,0.26,0.26,1
"RIPK1",0.401638606879678,0.184911474210078,0.203,0.181,1
"USP39",0.401642017297105,0.287610834898132,0.194,0.161,1
"PLEKHM1",0.401981908508988,0.168113383480217,0.116,0.11,1
"BYSL",0.40199461094293,0.696260628524098,0.052,0.032,1
"KIAA1958",0.40217606099398,-0.228059522839572,0.119,0.119,1
"CDH24",0.402202768215065,0.669181578215075,0.011,0.005,1
"SPRY1",0.402208037356997,0.643179105547081,0.044,0.029,1
"ENSG00000260536",0.402224019169138,-1.10034926843926,0.007,0.014,1
"TRBV9",0.402402289234818,-0.178578381507052,0.021,0.015,1
"ALOX5AP",0.402729551021335,0.237302072460028,0.135,0.111,1
"NFATC2",0.403115345445021,0.297393498898453,0.317,0.267,1
"SNHG3",0.403433768326572,-0.115424653002206,0.267,0.267,1
"RANGRF",0.403635696200245,0.195223931970765,0.142,0.131,1
"MIR4453HG",0.40364968401092,-0.779348174597156,0.011,0.02,1
"C7orf31",0.403684869844424,0.695066079142883,0.036,0.022,1
"ENSG00000288871",0.403724013379719,-0.811836419449821,0.011,0.019,1
"CDKN2C",0.403877061395599,-0.9576172497142,0.012,0.022,1
"ENSG00000228804",0.404087593641721,-0.790905203100928,0.016,0.025,1
"IPO8",0.404566853551587,0.469871188572089,0.125,0.093,1
"TBC1D5",0.404596109113654,-0.166728386145281,0.105,0.1,1
"TMEM135",0.404654236938956,-0.296548770601665,0.096,0.108,1
"DPY19L4",0.404734889886359,0.13434175540969,0.025,0.028,1
"SPATA2",0.404786058163103,-0.375517711226114,0.075,0.09,1
"CTBS",0.404854080579808,-0.317671188175499,0.087,0.1,1
"BRAP",0.404901711274054,-0.115048072697151,0.162,0.158,1
"ELMO2",0.405118329115918,-0.162017222515128,0.16,0.175,1
"TOE1",0.405255160546031,0.486720582142291,0.085,0.062,1
"EARS2",0.405583063262956,0.333224675234644,0.016,0.017,1
"G2E3",0.405626373815531,0.105786504444777,0.149,0.13,1
"MZF1-AS1",0.405926905093915,-0.516899173476069,0.012,0.02,1
"FRA10AC1",0.405980302349713,-0.110261512316467,0.068,0.065,1
"WNT5B",0.406258231645033,0.841916949810313,0.021,0.011,1
"NDC1",0.40628756544283,-0.323521516721586,0.055,0.065,1
"CDK5R1",0.406295606011623,-0.334704244312752,0.032,0.045,1
"PER3",0.406320859897747,-0.787961715951908,0.009,0.015,1
"EDRF1-AS1",0.406324270589707,1.13652215183721,0.021,0.011,1
"FAM50A",0.406523292846074,0.220279012438574,0.157,0.142,1
"RUSC1-AS1",0.40652747342615,1.32739103993905,0.012,0.005,1
"PUS10",0.406745899680475,0.26694790876208,0.039,0.028,1
"UBE2F",0.407018688889075,0.332574595239815,0.224,0.187,1
"SCRN2",0.40776581322343,0.226115676452696,0.05,0.049,1
"INTS5",0.407918247615832,-0.333645795975131,0.098,0.114,1
"TRMT2B",0.408054097432178,-0.759171053931017,0.03,0.04,1
"HAUS3",0.408069636182662,0.145057924745297,0.258,0.215,1
"VAMP7",0.408240164739115,-0.108082477917197,0.219,0.213,1
"SPN",0.408354288886649,-0.114676089947941,0.254,0.253,1
"EMC6",0.408391742106601,0.11546160529232,0.4,0.359,1
"KIFC1",0.408489648404971,1.02696773095716,0.025,0.014,1
"MRPL44",0.4087868537397,0.299021306650241,0.187,0.156,1
"H2AJ",0.408862133408688,0.112888606978894,0.279,0.28,1
"RTN4IP1",0.40901886859998,-1.08366823016145,0.005,0.012,1
"ENSG00000288956",0.409025890742561,1.20417542240417,0.014,0.006,1
"SCAMP4",0.409049321716029,0.369596561543203,0.142,0.113,1
"RRN3",0.409062832095038,-0.178303288507097,0.142,0.161,1
"FLYWCH2",0.409323175752254,-0.392996518910859,0.084,0.104,1
"ELP5",0.409580903159696,0.219603992875635,0.246,0.21,1
"PPP4R3B-DT",0.40967957981663,0.901577968013203,0.03,0.019,1
"RTL10",0.410113149053292,-0.197447648266583,0.064,0.074,1
"KHDC4",0.410200747048583,-0.25799846717556,0.109,0.124,1
"TMEM222",0.410437772250394,0.293683321703901,0.158,0.124,1
"ZNF460",0.410455110498014,-0.178965572544909,0.144,0.156,1
"MAPK9",0.410604290979704,0.372580316811441,0.133,0.1,1
"WDR89",0.410631151890326,0.241229690059659,0.107,0.085,1
"CAD",0.410649954626035,0.505489834958293,0.028,0.017,1
"ZNF443",0.4107344891815,-1.15282929598917,0.009,0.019,1
"ZNF682",0.41095482681104,0.503147051666489,0.048,0.032,1
"CCNJ",0.410986568902254,0.860221925373239,0.028,0.015,1
"ZNF830",0.41101813756197,0.288641715342093,0.228,0.182,1
"SLC29A1",0.411212458990696,0.256989348117256,0.014,0.009,1
"TRIM14",0.411222316823057,0.207470082980928,0.109,0.085,1
"OXLD1",0.411222795429935,-0.147349099171412,0.094,0.09,1
"ZNF888",0.411637922865584,-0.696861675359812,0.028,0.036,1
"ENSG00000290047",0.411830523526685,0.697060248016199,0.02,0.009,1
"EIF6",0.411976361203253,0.241779091212749,0.429,0.369,1
"CBFB",0.412017949663294,-0.203807941308313,0.263,0.27,1
"MICALL1",0.412297087949062,-0.236305274380516,0.064,0.076,1
"BCAP29",0.412349628407628,0.237756103656856,0.107,0.08,1
"MRPL34",0.412582382588844,-0.158024583254153,0.256,0.266,1
"ZNF438",0.412611575838086,-0.25359890999008,0.044,0.037,1
"ECI2",0.412620597825778,-0.241198960792879,0.132,0.147,1
"SLC9B2",0.412763080680607,0.464958829547311,0.068,0.051,1
"YTHDF3",0.412788892782142,-0.256162084458976,0.19,0.204,1
"SEC11C",0.412813620512576,0.127433641267739,0.292,0.267,1
"WDR91",0.412843274425254,0.485125474057659,0.057,0.039,1
"KIR2DS4",0.413136067361765,0.522766987284445,0.023,0.023,1
"TBC1D2",0.413175698415289,0.700027163799629,0.014,0.006,1
"C1orf74",0.413183667493698,1.32756483769142,0.012,0.005,1
"EMC10",0.413232031994785,0.112348139622952,0.294,0.253,1
"RCL1",0.413295190440178,0.214305118102615,0.087,0.068,1
"ENSG00000257925",0.413386430193997,0.93294173806697,0.018,0.008,1
"PRMT6",0.413590106575346,0.32486902610306,0.068,0.049,1
"TOR1AIP2",0.413749238514696,-0.145327260958025,0.121,0.127,1
"TAOK3",0.413791650237289,-0.177310823005779,0.302,0.303,1
"ZNF442",0.414040316325807,-0.973107048981012,0.007,0.014,1
"CTBP1",0.414122174906297,0.145960023904796,0.338,0.325,1
"SSRP1",0.414235503393709,0.154241688674971,0.224,0.182,1
"CSRP1",0.415184126770703,0.245077869572178,0.109,0.094,1
"ZNF212",0.415223682151314,0.329605305036855,0.073,0.053,1
"BAG3",0.415342431390765,0.498294153587413,0.055,0.046,1
"PPCS",0.415617662090911,0.215686473518908,0.251,0.219,1
"THAP11",0.416002639826334,-0.24320645579183,0.254,0.269,1
"ZNF79",0.41602832931205,1.25702370718509,0.03,0.017,1
"MRPS31P5",0.4160747362903,-0.705786642390081,0.025,0.036,1
"ZNF511",0.416200508874039,-0.112080611747057,0.139,0.133,1
"HERC6",0.416277678796594,0.403514484628236,0.059,0.048,1
"ENSG00000249180",0.416302368303182,-0.738478819298784,0.005,0.011,1
"FHIP2A",0.416438149081467,0.112281892061376,0.283,0.238,1
"MRPL49",0.416748371515931,-0.213228162548055,0.119,0.133,1
"COMMD1",0.416776743705711,0.149270675647225,0.18,0.142,1
"TSPOAP1",0.416851075623951,0.140109796796174,0.052,0.048,1
"PARD6G",0.416913060135549,-0.158796546227807,0.077,0.076,1
"JUN",0.416938456601639,0.201923875947331,0.399,0.36,1
"ENSG00000284734",0.416967235060289,0.96456216173996,0.016,0.008,1
"ENSG00000286931",0.417031354886975,-0.470573384268095,0.011,0.019,1
"RFX3",0.417077184479577,0.157116530537349,0.281,0.263,1
"SLCO4A1",0.417126434407879,0.292385905336861,0.133,0.105,1
"OTUD6B",0.417165327402597,-0.359737474229893,0.062,0.076,1
"ENSG00000275055",0.417367219757621,0.275900778587113,0.012,0.006,1
"ACACA",0.417527662520418,0.115753413734596,0.089,0.071,1
"NT5E",0.417550309506591,-0.164423529175667,0.055,0.06,1
"CHMP6",0.417618942862643,0.365550614384099,0.112,0.085,1
"HEATR5B",0.417897738913376,-0.183206291328801,0.08,0.09,1
"CSNK2A2",0.418074021907842,0.167831138559587,0.162,0.125,1
"A2M",0.418085522356227,-0.212920193990149,0.03,0.037,1
"FAM83G",0.418635062308454,0.344761180243418,0.075,0.053,1
"BCL2L2",0.418980224165814,-0.787860278734845,0.007,0.012,1
"GOLGA8B",0.419230930144695,0.119793057046508,0.126,0.111,1
"DOCK7",0.41928871930285,-0.408921907140499,0.025,0.032,1
"PLK2",0.419310162455083,-0.316948440052588,0.059,0.071,1
"POLG2",0.419370542586325,0.350362665866454,0.098,0.071,1
"PPP2R1A",0.419419613467919,-0.11801214205439,0.477,0.479,1
"LINC00513",0.419512601296611,0.281552417960054,0.222,0.175,1
"AP1S1",0.419649664698884,0.922583524872303,0.028,0.015,1
"ARPC1B",0.419666949821814,-0.110586444961983,0.701,0.694,1
"ZMYND8",0.419676955662553,0.337308851451431,0.091,0.068,1
"PYGO2",0.419857835226733,0.306577729431779,0.103,0.085,1
"PPP2R3A",0.419955183306326,0.784225005709738,0.028,0.015,1
"CHRAC1",0.419960028018005,0.144743430350666,0.297,0.277,1
"SNX5",0.420159664264473,0.214294647469976,0.155,0.122,1
"C1orf56",0.420163532298558,0.524988531612352,0.03,0.02,1
"GBE1",0.420360383273956,-0.189367379210972,0.105,0.114,1
"KLHL21",0.420670699819388,-0.300581321923706,0.068,0.082,1
"SERPINB8",0.420733177689748,0.264067871998289,0.078,0.057,1
"AEN",0.420899037211529,0.498058557807106,0.052,0.036,1
"RIPOR1",0.421041488391955,-0.419747834763485,0.078,0.096,1
"MIAT",0.421500216840286,0.187296198120261,0.036,0.025,1
"MGST2",0.421716798425777,-0.571971327516102,0.028,0.04,1
"RFX5",0.421719670553222,-0.401002532829659,0.089,0.107,1
"CRLS1",0.421726045653551,-0.158321341745781,0.132,0.134,1
"NUP93",0.421771446161516,-0.337954145163109,0.101,0.122,1
"SNAI3-AS1",0.422174324332684,-1.02970136427154,0.012,0.02,1
"IFI27L2",0.422499424878745,-0.339110799746745,0.06,0.073,1
"ENSG00000241219",0.422563617723214,-0.131154605604296,0.014,0.02,1
"ENSG00000251867",0.422616751822341,0.15002033972397,0.018,0.012,1
"TADA1",0.422812985487286,0.362478441356549,0.084,0.071,1
"GSTM1",0.422939663429437,-0.337913971215294,0.039,0.049,1
"CLN8-AS1",0.422995202246592,-0.207515648384406,0.157,0.159,1
"TMED3",0.423026645921584,0.314118899022521,0.114,0.088,1
"TMEM70",0.423082980456964,-0.167181558715896,0.231,0.227,1
"FANCF",0.423182864980021,-0.483074420252307,0.073,0.09,1
"CCDC141",0.423254911401218,0.715608295318307,0.02,0.011,1
"CLN3",0.423296773959096,-0.177006602508021,0.105,0.105,1
"RILPL2",0.423363619776168,0.141745823280266,0.44,0.414,1
"ENSG00000267601",0.423421532745681,0.618813619541054,0.011,0.005,1
"TTLL4",0.423822345184234,-0.230199219188572,0.028,0.029,1
"STARD3NL",0.42387965774239,0.243087113154444,0.249,0.204,1
"GLI4",0.424246066659889,0.278793218321327,0.027,0.023,1
"CHAMP1",0.424253077041212,0.20443419664447,0.105,0.097,1
"FBXO32",0.424299289511845,-0.362743699123155,0.053,0.062,1
"EGLN3",0.424318637583743,1.1132816666446,0.016,0.008,1
"CDV3",0.424714066140489,0.12046111609508,0.56,0.49,1
"PWWP2A",0.424743410077997,-0.228285773708828,0.153,0.164,1
"ARHGEF35-AS1",0.424791315145505,-0.441016246213014,0.014,0.022,1
"CRTC1",0.424800309476572,0.228835026961497,0.08,0.07,1
"FAM204A",0.424974242801652,0.172495889318755,0.26,0.226,1
"ARHGEF5",0.424993343856109,0.27779836124063,0.034,0.025,1
"NPC1",0.42502443962262,0.245750961841276,0.1,0.076,1
"PAPSS1",0.425240525503846,0.43283413845876,0.08,0.065,1
"DDIAS",0.42524164166791,-0.901295457599989,0.012,0.022,1
"DHX34",0.425635365094774,0.45897230739225,0.046,0.031,1
"CACNA1D",0.425665684624295,1.36284767872043,0.014,0.006,1
"SMARCC2",0.425769444180348,-0.213819389989322,0.233,0.252,1
"MIX23",0.425788458607024,-0.105662742735411,0.064,0.065,1
"FBXO25",0.42600933316708,0.317708712279777,0.103,0.083,1
"ZNF93",0.426035511756289,-0.548580240895736,0.034,0.045,1
"MED23",0.426289190955466,-0.165028642262537,0.181,0.176,1
"JADE1",0.42632178892051,0.113964414401735,0.132,0.104,1
"MTCP1",0.426585687734471,0.218644761497988,0.057,0.045,1
"TXNDC16",0.426748934280536,-0.261888076453466,0.059,0.062,1
"SNRNP35",0.426796595175489,-0.202455672119433,0.23,0.229,1
"FARSB",0.42682985152681,0.322152431375903,0.071,0.053,1
"C16orf54",0.426930586337877,0.190515675100699,0.267,0.232,1
"WIPI2",0.427013735874131,-0.154481348090583,0.377,0.389,1
"FMR1",0.427201730793781,0.286714131345452,0.174,0.144,1
"MAML3",0.427251549076277,0.303853285726601,0.173,0.147,1
"ENSG00000222043",0.427287505526825,-0.235718431865201,0.014,0.012,1
"KDM1A",0.427367950570795,-0.213370756889034,0.16,0.167,1
"ENSG00000287378",0.427676073195783,-0.146520497506306,0.132,0.125,1
"NUP62CL",0.427945366369545,-0.581078642807893,0.012,0.022,1
"ENSG00000272009",0.428336074684297,-0.71955723417303,0.016,0.025,1
"DNAJA3",0.428500975756706,0.444764212432729,0.098,0.073,1
"RGS14",0.428638047562744,0.293376748527205,0.11,0.087,1
"TIMM8A",0.428666064296488,-0.337029970493647,0.05,0.053,1
"CD52",0.428886098293025,0.104105566126752,0.749,0.697,1
"PPP1R12C",0.428981194595152,0.257991736135657,0.096,0.073,1
"ATOSA",0.429474761608817,0.200299691554114,0.297,0.274,1
"GNAT2",0.429580603571601,-1.2540969332169,0.007,0.014,1
"EGLN1",0.429730445435011,-0.151158308478049,0.132,0.147,1
"C11orf96",0.42983553744365,1.10235063121315,0.02,0.011,1
"ENDOV",0.42991982861399,0.221398446085667,0.048,0.045,1
"FHL3",0.430022562666518,-0.38934977239149,0.073,0.091,1
"STXBP1",0.430252035870969,0.596241134310512,0.032,0.019,1
"EXOSC1",0.430685787829337,0.203811928273784,0.199,0.162,1
"KLF3",0.430705352078727,0.134936226788816,0.559,0.513,1
"TTC31",0.430745377845048,-0.229115978313835,0.055,0.07,1
"MAP3K14-AS1",0.43079722585528,0.364951123212822,0.046,0.031,1
"FANCM",0.430936761666506,0.299558120220062,0.05,0.034,1
"DENND1C",0.431135060448128,0.102596945348317,0.091,0.094,1
"ENSG00000257277",0.431253175687923,-0.471614048786863,0.023,0.029,1
"DUSP10",0.431337389162174,0.106378560195076,0.167,0.139,1
"SLMAP",0.431366188671698,0.126161538214795,0.278,0.236,1
"SIDT2",0.431375323232779,0.367796738832753,0.046,0.029,1
"POLA2",0.431421263019213,0.924154248095472,0.032,0.02,1
"SCOC",0.431438741404363,-0.217837020196193,0.112,0.124,1
"TOP3B",0.431544398202708,0.687162940718713,0.044,0.029,1
"TIGIT",0.431552173936867,-0.384665362013421,0.109,0.116,1
"ENSG00000255328",0.431727414679004,0.935265551154907,0.011,0.006,1
"OTUD7B",0.431866625767104,0.718916074707892,0.027,0.015,1
"B4GALT5",0.432162759826618,0.328206784146027,0.174,0.138,1
"SMIM7",0.432228449337255,-0.233128189312739,0.164,0.173,1
"ARHGEF19",0.432230782331085,0.47779027381489,0.03,0.019,1
"PRDM8",0.432247028848651,-0.779186943461116,0.027,0.04,1
"HHLA3",0.432277414733531,-1.21090600831724,0.005,0.011,1
"ENSG00000269825",0.432287731556346,0.698860686321519,0.025,0.014,1
"CD320",0.432348226019476,0.459490888092048,0.069,0.053,1
"NUDT14",0.432362253280056,0.504580306623836,0.021,0.014,1
"SGSH",0.432486054474803,0.581648167642921,0.052,0.032,1
"ZNF710",0.432551591397564,0.413558548081587,0.039,0.025,1
"CAPN2",0.432634368334167,0.342318679818824,0.219,0.175,1
"MTX3",0.432635733545378,0.888738079051403,0.021,0.011,1
"ZMYM3",0.432917791232454,-0.445620370363973,0.028,0.031,1
"SNRNP200",0.433334406363104,0.23495713474348,0.365,0.309,1
"NDUFA1",0.433336386742508,-0.122353789067162,0.655,0.658,1
"ABHD3",0.433360048393694,-0.139800458375503,0.176,0.193,1
"DCAF17",0.433495340374354,0.251634997272867,0.057,0.045,1
"CD302",0.433539548788366,-0.663183650248769,0.036,0.045,1
"ENSG00000285801",0.433545280135868,-0.632673476098253,0.025,0.034,1
"LINC00467",0.433582786933726,-0.217121181681908,0.028,0.028,1
"CYP2R1",0.433887535769859,0.258138460588966,0.084,0.066,1
"NDUFS7",0.433889552556395,0.152026117829746,0.276,0.241,1
"BBS2",0.433908568841914,0.39533413715726,0.075,0.056,1
"TFDP1",0.434013147255818,0.418478298445133,0.164,0.13,1
"POLB",0.434079729497236,-0.201793353355676,0.171,0.19,1
"SIRT6",0.434174723928406,0.506063923301389,0.057,0.037,1
"TMEM64",0.43428633627403,-0.222480773393909,0.059,0.062,1
"ZNF658",0.434471180008597,1.03845159537469,0.02,0.009,1
"POLR1A",0.434544766384917,0.407177614876001,0.084,0.062,1
"CRAT",0.434752020228791,0.526424701601704,0.025,0.014,1
"LINC01678",0.434843035359026,0.986207252844902,0.023,0.012,1
"PGP",0.434923830449487,-0.198304221400943,0.116,0.128,1
"RFC2",0.434981919626411,-0.391830363823122,0.082,0.094,1
"UBQLN4",0.435180204428469,-0.454044747672066,0.062,0.077,1
"TARBP2",0.435215336007424,-0.139377245588169,0.077,0.082,1
"PIK3CA",0.435255507801742,-0.220160579929269,0.335,0.351,1
"ENSG00000275441",0.435320548588846,-0.573323080077091,0.016,0.026,1
"PLCL1",0.435663838087005,-0.171466782249193,0.208,0.233,1
"STX4",0.435684207303414,0.139855910528823,0.205,0.176,1
"ZNF383",0.43580086399762,0.271902208963349,0.101,0.082,1
"BCKDK",0.436024313593854,-0.200250881149385,0.071,0.07,1
"PIP5K1A",0.436147420004174,-0.288479733327124,0.151,0.167,1
"WASH2P",0.436349492367555,-0.375086835770123,0.093,0.111,1
"FITM2",0.436394814036914,-1.19048369699509,0.005,0.011,1
"CCR4",0.436402593809829,0.374864141110751,0.014,0.008,1
"ZFYVE1",0.436404015032022,-0.265059455316059,0.073,0.079,1
"AP5M1",0.436445085070906,-0.158964363576001,0.137,0.134,1
"CD244",0.43647389959442,1.45182912008489,0.021,0.011,1
"SULF2",0.436770400970644,-0.526511548382863,0.016,0.023,1
"CPQ",0.436833004458125,-0.624852376365248,0.025,0.036,1
"AGRN",0.436925988894338,1.06352451431713,0.011,0.005,1
"MOV10",0.43727718915636,-0.357594775329741,0.053,0.049,1
"HIKESHI",0.437500839653214,0.305769096204693,0.142,0.116,1
"BHLHE40-AS1",0.437587921044949,-0.807788873413705,0.007,0.014,1
"DDX46",0.437609245400859,-0.133954786139642,0.375,0.391,1
"MRM1",0.437669495358042,0.62490531095926,0.012,0.006,1
"IRS2",0.43774734979034,-0.156402748598578,0.139,0.153,1
"ENSG00000255139",0.437783803390437,-0.190229714561484,0.039,0.048,1
"SEPSECS-AS1",0.437839460461851,0.830104013560391,0.023,0.012,1
"MGRN1",0.437847055880928,0.36727713176222,0.149,0.116,1
"ZNF512B",0.437923992002133,0.818764790017704,0.039,0.025,1
"INCENP",0.438111495908117,-0.399333248463808,0.021,0.031,1
"RABGAP1",0.438139508771928,0.216107453977769,0.269,0.224,1
"SLC39A10",0.43815569002929,0.254138405528143,0.151,0.119,1
"ZNF641",0.438229629201156,-0.213237864406673,0.059,0.063,1
"MAPK7",0.43828648128177,-0.61448384797488,0.03,0.034,1
"AASDH",0.43854572953603,0.386113802527694,0.068,0.046,1
"HSPB1",0.438571261685503,-0.166786838842055,0.272,0.292,1
"SARNP",0.438767741415097,-0.176370961840597,0.335,0.343,1
"ENSG00000227197",0.438931514547882,1.15306259359673,0.014,0.006,1
"CHP1",0.438956641656746,0.257735263374989,0.123,0.11,1
"ZSCAN22",0.43902647588191,0.475496350140594,0.059,0.039,1
"UBE2A",0.439092965401504,-0.134433232348045,0.56,0.552,1
"CDKN3",0.439110215068389,0.585663934803013,0.016,0.009,1
"ZNF707",0.439155593989762,0.53505046648021,0.059,0.042,1
"THSD4",0.439168911200403,-0.598432170175073,0.007,0.014,1
"NAF1",0.439185722646139,-0.250173506024073,0.151,0.168,1
"RAB4A",0.439378635704474,-0.125322926786936,0.171,0.165,1
"ELF3-AS1",0.439394338377711,-0.73063013236922,0.005,0.011,1
"PUS7L",0.439842583535345,0.48931952914981,0.068,0.053,1
"SKA2",0.439896099206269,0.191374531353234,0.077,0.06,1
"LYRM9",0.43992228629208,0.538143914000815,0.028,0.017,1
"REV1",0.440049210162808,0.157595544741275,0.174,0.162,1
"ZWILCH",0.440111096124778,0.334477936269971,0.071,0.051,1
"IRF2",0.440127833914078,-0.1709224201791,0.212,0.226,1
"FHOD1",0.440128663439628,-0.483575342877789,0.043,0.056,1
"SETX",0.440189738679237,0.226410944414963,0.31,0.258,1
"NUP42",0.440718553216357,0.323739454334468,0.128,0.104,1
"ABCB1",0.440959914340632,-0.180094576939699,0.192,0.202,1
"ZNF544",0.440967434148321,0.122337041712801,0.064,0.062,1
"NCK1-DT",0.441030349533516,-1.01306299490457,0.009,0.015,1
"AHCY",0.441078489237705,-0.316622262033771,0.078,0.093,1
"PRADC1",0.441164927346056,-0.72235325129445,0.027,0.036,1
"XRCC1",0.44125300264864,-0.46078098511031,0.078,0.096,1
"INTS14",0.441378707405882,0.30035152147414,0.101,0.077,1
"EEF2K",0.441612901790211,0.106950184543403,0.052,0.051,1
"B4GALT6",0.441774163225256,-0.701847554121257,0.009,0.015,1
"SURF6",0.441777481645461,0.135000787869912,0.121,0.108,1
"AAGAB",0.441794683502132,-0.329434237048179,0.133,0.15,1
"ENSG00000268205",0.441853313444331,-0.22513732874307,0.039,0.048,1
"ENSG00000282885",0.441869109899192,-0.497851788198364,0.148,0.161,1
"GBA1",0.441965113059607,-0.237545134398112,0.052,0.046,1
"LMLN",0.442088933995922,0.729111152838146,0.023,0.012,1
"THBS3",0.44227140710581,-0.708074032586014,0.009,0.015,1
"NBPF10",0.442329100123861,-0.297954449734528,0.025,0.032,1
"PLEKHG1",0.44232996000455,-0.272559650820233,0.05,0.059,1
"ENSG00000283633",0.442360592871723,-1.25233603538101,0.004,0.011,1
"ZNF585A",0.442644874448213,-0.117927563516486,0.116,0.111,1
"ENSG00000274422",0.442814329808676,0.760882176670842,0.028,0.019,1
"TRERF1",0.442885585166553,0.220731250058606,0.107,0.085,1
"MIR17HG",0.442923135813643,0.757563165625188,0.023,0.015,1
"HK2",0.443025374516495,0.700132357525847,0.012,0.006,1
"ZFAND4",0.443121145354588,0.502072409870673,0.089,0.065,1
"PHF12",0.443129570291313,0.160017263909659,0.336,0.286,1
"CSTF2",0.443160944459297,-0.148713320448679,0.066,0.073,1
"IST1",0.443185308761644,-0.208961058597017,0.345,0.366,1
"CLCN5",0.44323659620124,-0.784375956264162,0.011,0.017,1
"STARD4-AS1",0.443256363887281,-0.126662990760205,0.03,0.037,1
"LINC01816",0.44332849780993,-1.32763572327189,0.007,0.014,1
"PRELID3B",0.443390545490484,-0.112763554804164,0.299,0.308,1
"NUCB2",0.443611020939078,-0.114650974242699,0.384,0.382,1
"GEN1",0.443642252982543,-0.163195481316766,0.021,0.019,1
"SLC25A43",0.443839830440501,0.91054722891988,0.014,0.006,1
"NARS2",0.443939608033299,-0.425421031939652,0.075,0.077,1
"ENSG00000291046",0.44397611394488,-0.903247917185001,0.009,0.015,1
"TMEM126B",0.444238779474628,0.116622815585817,0.19,0.185,1
"FAM118B",0.44427239156787,-0.277195461914701,0.077,0.088,1
"TMEM192",0.444408500426049,0.415787365839746,0.039,0.028,1
"ZNF354A",0.444438485994438,0.14155575693254,0.073,0.066,1
"FBXO46",0.444464065823299,0.258329586086731,0.1,0.093,1
"MRNIP",0.444485718465142,0.451992485377684,0.069,0.049,1
"DNAAF5",0.44449396413782,-0.219189400676204,0.044,0.051,1
"CDC37L1-DT",0.44451522305609,-1.15676209710579,0.007,0.014,1
"FBXW8",0.44464698995517,0.594403259099817,0.046,0.032,1
"C1orf35",0.44490526965863,-0.128552143015278,0.144,0.161,1
"HMGCS1",0.444917706185755,-0.204340579070117,0.167,0.179,1
"F2RL2",0.445038506547785,0.876444671072178,0.014,0.006,1
"TOP1MT",0.445067488587154,-0.510361419799551,0.021,0.029,1
"ZNF687",0.445270364765579,-0.476223146074453,0.032,0.04,1
"HMOX2",0.445525632374156,-0.168413071554777,0.235,0.244,1
"ZNF382",0.445559496014336,0.796823840334437,0.023,0.014,1
"STRIP1",0.445681789557589,0.149645283279169,0.226,0.187,1
"USP24",0.445686961781,-0.132212656860227,0.367,0.379,1
"NFIL3",0.44598864817237,0.512727891767113,0.046,0.031,1
"ATAD3A",0.446035990393837,0.306074014527594,0.06,0.043,1
"NSUN2",0.446470246384097,0.202098033294221,0.187,0.161,1
"GTF2IP1",0.446474560191399,-0.326449934545058,0.062,0.066,1
"TUBD1",0.446625211031283,-0.262806768052791,0.052,0.062,1
"TEPSIN",0.446630869545397,0.364825151766683,0.098,0.079,1
"PHYH",0.446721515114441,0.435123402539015,0.071,0.053,1
"TIMM10B",0.446780682950281,0.359085975308704,0.141,0.105,1
"ZC3HC1",0.446816338287717,-0.324995249736103,0.057,0.071,1
"ERG28",0.446855387305369,-0.136978505575001,0.107,0.122,1
"PIGN",0.446911133315462,0.450364732733091,0.068,0.046,1
"GK",0.44691755536693,0.42043689815421,0.094,0.082,1
"FAM13A-AS1",0.447140850354402,-0.740248528705326,0.012,0.015,1
"ATP8B4",0.448305785909484,1.0597438904013,0.014,0.009,1
"SLC30A4",0.448306168192461,0.677762005030552,0.021,0.012,1
"MECP2",0.448558702066101,0.183030825950963,0.429,0.389,1
"IL2RB",0.448602352525652,0.116293347291769,0.274,0.233,1
"SLC35C1",0.448708640529251,-0.464035175094102,0.032,0.04,1
"ZBTB6",0.448799915973641,0.175447038202142,0.077,0.062,1
"HS3ST3B1",0.448894226960081,-0.346383558871111,0.03,0.037,1
"MON1A",0.44894830714716,0.223239144300271,0.084,0.068,1
"CYB5D1",0.448998422881991,0.201884304605844,0.014,0.011,1
"CCNI2",0.449028484442088,0.619482716294981,0.014,0.006,1
"ZNF268",0.449036366674211,-0.303011765436996,0.041,0.048,1
"MMS22L",0.449089244803783,1.03482367895642,0.025,0.014,1
"PAXX",0.449120083228891,0.141416798530444,0.5,0.444,1
"B4GAT1",0.449311229192476,-0.442265320426187,0.012,0.012,1
"SPATA6",0.449750332827341,-0.854725258794971,0.012,0.022,1
"MLLT3",0.449756317847712,-0.106291321958437,0.402,0.396,1
"CCNE2",0.450017454397786,-0.511389603617825,0.014,0.023,1
"PTGDR",0.450129625142187,0.367100742956182,0.025,0.015,1
"CD84",0.4505859893071,-0.140522825770221,0.091,0.087,1
"RBM8A",0.450712421952617,-0.105835359267542,0.699,0.714,1
"TCF7L2",0.4508009998923,-0.194028787508485,0.03,0.034,1
"RHOF",0.450858619099657,0.150162704758471,0.47,0.428,1
"H4C12",0.45098985985049,0.85326874673152,0.016,0.009,1
"TMEM94",0.451063462803588,0.478522715924852,0.03,0.019,1
"GIHCG",0.451073480486104,-0.302659451083209,0.094,0.108,1
"TMEM268",0.451180983733763,0.109690825937248,0.034,0.026,1
"AMN1",0.451188931725566,0.341820574379078,0.069,0.053,1
"ENSG00000287104",0.451343988783954,0.485603341952253,0.037,0.025,1
"ENSG00000290082",0.451608960192712,0.949482819824452,0.014,0.006,1
"PIGW",0.451684088957884,-0.761217135851833,0.018,0.026,1
"SPATS2L",0.451730609640512,-0.340175189911519,0.062,0.077,1
"NHERF1",0.451908508911129,-0.109497919557358,0.516,0.533,1
"LYAR",0.452016882766141,-0.171282914933411,0.434,0.451,1
"CD109",0.452149959926888,0.456730118309866,0.044,0.031,1
"PDHX",0.452370119306251,0.123798994447038,0.096,0.096,1
"WDR75",0.452685525656215,-0.346567721080838,0.142,0.159,1
"ENSG00000257545",0.45291345893209,1.27714161734502,0.011,0.005,1
"SYNE3",0.452961902494767,-0.69803819792804,0.034,0.048,1
"MPHOSPH9",0.453000650348458,-0.406543123727376,0.071,0.087,1
"OSBPL9",0.453208843209798,-0.154436019691767,0.285,0.3,1
"ENSG00000269968",0.453522819900336,-0.201480516060875,0.06,0.071,1
"HGH1",0.453783076990298,0.444590249535734,0.037,0.025,1
"TMCO3",0.453817517784436,-0.227764235795243,0.041,0.048,1
"DDX60L",0.454153980083562,0.254718341481896,0.091,0.08,1
"TRUB2",0.454698045420052,0.252703877591944,0.085,0.065,1
"SLC25A15",0.454762593346781,0.520968171297122,0.048,0.034,1
"TMEM9",0.454772301875318,-0.41430225725901,0.023,0.023,1
"SEPHS2",0.454792694955051,-0.106410138818706,0.21,0.224,1
"UBE2J2",0.454874756376423,-0.201972686879058,0.219,0.238,1
"SLC39A11",0.454945648371639,-0.528396835844706,0.02,0.026,1
"DOCK8",0.454950825421371,0.157623674497582,0.399,0.368,1
"PPARGC1B",0.454961060133806,1.08843675548859,0.018,0.009,1
"ESR2",0.455010261522191,1.16321239613785,0.023,0.012,1
"ZBTB24",0.455024566959261,-0.230736525749829,0.167,0.179,1
"RBM28",0.455027777118121,0.205731616140279,0.103,0.088,1
"ZNF721",0.455096574351604,-0.14640585711514,0.237,0.246,1
"SLC35F5",0.455192263703079,0.259721762566743,0.109,0.097,1
"TIMM23",0.455280912227736,-0.115090455465272,0.217,0.229,1
"VTI1B",0.45532569390843,0.142523569756158,0.224,0.213,1
"STIP1",0.455463206438489,-0.105530426514866,0.308,0.32,1
"SEC16A",0.455496779033325,-0.100161495304145,0.176,0.167,1
"PTDSS1",0.455651548346696,-0.199944414628772,0.235,0.253,1
"AGK",0.455843877484005,0.303409574826468,0.078,0.057,1
"VPS13C",0.456106469438631,0.168730358168249,0.279,0.233,1
"NAT9",0.4563937959212,-0.346224439773077,0.06,0.076,1
"TMEM185B",0.456502473639381,0.303913306556525,0.091,0.065,1
"GADD45A",0.456572616682429,-0.126496702137849,0.174,0.184,1
"SLC9A7",0.456609675356482,0.665871459669676,0.028,0.017,1
"NOL8",0.456811169075211,-0.334526380556531,0.123,0.128,1
"TUBB2A",0.457004277688972,0.156596238016098,0.201,0.165,1
"WRNIP1",0.457067905036471,0.125812743678654,0.222,0.19,1
"AVIL",0.457073278803325,0.224665784657488,0.011,0.006,1
"PSMC3IP",0.457126754919939,0.549236162068855,0.032,0.022,1
"VARS1",0.457232826352281,-0.50579704734705,0.02,0.026,1
"DIAPH2",0.45742097708806,0.246124308799739,0.075,0.066,1
"ZEB2-AS1",0.457424455374123,-0.512986522831055,0.005,0.011,1
"B4GALT4-AS1",0.45765698309534,-0.717680102874153,0.005,0.011,1
"SLC25A33",0.457682326010467,-0.283614778555616,0.249,0.257,1
"ENSG00000291186",0.457761585596934,0.994603478008726,0.014,0.006,1
"DLAT",0.457835615560217,0.465128725094238,0.085,0.074,1
"SCYL2",0.458134317865976,0.219457082010986,0.23,0.193,1
"ENSG00000289253",0.458146711888847,0.82024890948249,0.011,0.005,1
"PRXL2B",0.458294161614198,-0.971540498083913,0.014,0.023,1
"MNT",0.458312229229239,-0.163677889501591,0.068,0.066,1
"SAC3D1",0.458389425853996,-0.508057216513257,0.028,0.039,1
"APOBR",0.4585789964414,0.703523691009402,0.023,0.012,1
"DDX19B",0.458759543409883,0.209561297946753,0.16,0.131,1
"SLX4",0.458793570705107,0.812069262218657,0.018,0.012,1
"SLC16A1",0.458884964715767,0.164261459200139,0.093,0.073,1
"SNX8",0.458949645100033,-0.828138533530226,0.012,0.02,1
"ENSG00000259692",0.459087018365916,0.126809895052498,0.018,0.02,1
"SCGB2B2",0.459219942771642,1.13510842938138,0.011,0.006,1
"TMEM254",0.459340542073585,0.468689522465219,0.036,0.022,1
"DNAJC19",0.459433440796816,-0.127939747442099,0.249,0.261,1
"KLF10",0.459459397843232,-0.241495528322651,0.206,0.192,1
"SGTB",0.459482599695855,-0.434759275972438,0.103,0.119,1
"RAB35-AS1",0.459786808338379,-0.695922984792801,0.021,0.031,1
"LGMN",0.459830797260674,-0.272709999533995,0.052,0.06,1
"UQCC3",0.460061277753191,0.164048409394804,0.064,0.054,1
"TSNARE1",0.460085100390147,0.439227607490822,0.034,0.022,1
"PON2",0.460168686972236,-0.668244090631816,0.016,0.022,1
"ERP29",0.460244145420602,0.103036847633924,0.559,0.502,1
"B3GAT3",0.460385719400485,0.323552800035644,0.167,0.136,1
"ELAPOR2",0.460495098305313,0.422305572078314,0.068,0.048,1
"CPOX",0.460652439085262,0.139458549177931,0.08,0.062,1
"KLF9",0.460668463754526,-0.128727306990286,0.126,0.11,1
"TLE3",0.460774078821294,-0.145623316384654,0.272,0.28,1
"STAT4",0.460791546539715,0.245656325879674,0.418,0.352,1
"FBLN2",0.461110658318045,0.540596750673042,0.02,0.014,1
"TOR3A",0.461319165842722,0.201661222123528,0.094,0.082,1
"KAT2A",0.461407429638393,0.236421508086035,0.041,0.029,1
"MRTFB",0.461548857832996,0.350278865464294,0.073,0.054,1
"RAD9A",0.461574700674,0.133498727438663,0.1,0.088,1
"DISP1",0.461596559610065,-0.295931801901117,0.068,0.077,1
"LRRC14",0.461606085234309,-0.294633414809373,0.05,0.057,1
"MRPL23",0.461650307114573,-0.331469877342717,0.073,0.083,1
"USP53",0.461758694075721,-0.186760856045564,0.087,0.102,1
"FAM168A",0.461856967670773,-0.19758775764268,0.084,0.09,1
"WASHC4",0.461878550038644,-0.185888266833524,0.228,0.24,1
"PRXL2A",0.461917682404385,-1.33814999255666,0.005,0.011,1
"HOXB-AS1",0.46197435624576,-1.15712382577295,0.011,0.017,1
"SMIM14",0.462185998186048,0.152806062707236,0.03,0.023,1
"MRI1",0.462257724776014,-0.189469939458538,0.05,0.056,1
"ANO9",0.462365502660922,-0.347247587947269,0.053,0.066,1
"MARCHF5",0.462730412775356,-0.210217192643231,0.274,0.297,1
"PFAS",0.462785164337698,-0.528193800553481,0.014,0.022,1
"FNDC3A",0.462809036563893,0.194209860647052,0.272,0.244,1
"GDPD1",0.462845932836376,1.03279106569685,0.027,0.019,1
"JAK2",0.463422989147749,-0.105643183231524,0.075,0.07,1
"TMSB15B-AS1",0.463852298671437,-1.73962278281132,0.005,0.011,1
"CHI3L2",0.463903463040972,-0.191147776099826,0.055,0.068,1
"ENSG00000287195",0.463957270362703,-1.01383455511479,0.007,0.014,1
"UBXN6",0.464198263993751,0.259629276569894,0.068,0.051,1
"JMJD7",0.464214575915158,0.388560645953005,0.05,0.032,1
"ANKRD13A",0.464466305657286,0.348441435814129,0.137,0.105,1
"SLC27A2",0.464609253416151,1.25043551591312,0.014,0.006,1
"RPS6KA5",0.46463955684833,0.278532180641925,0.128,0.102,1
"ZNF337",0.464731081930082,0.553557628604115,0.066,0.045,1
"ARL10",0.464900323497537,-0.534452384392536,0.02,0.026,1
"TXNDC15",0.464903478221544,-0.153517576992904,0.141,0.147,1
"H6PD",0.464933659959874,0.284814457328439,0.039,0.029,1
"HSF5",0.464991422055848,0.595513765886983,0.025,0.015,1
"ZNF182",0.465120086140424,-0.506958460599273,0.016,0.023,1
"UTRN",0.465128725731346,-0.139478351780159,0.377,0.386,1
"NACC1",0.465464252823575,-0.351687401037234,0.046,0.059,1
"KDM2B-DT",0.465578628726503,-0.853418199030693,0.012,0.02,1
"CASP10",0.46574284993257,-0.223107353852567,0.043,0.042,1
"CPT1B",0.465806141477805,1.7946337277903,0.014,0.006,1
"GAB3",0.465874368058237,-0.161166662483352,0.03,0.037,1
"HINFP",0.466069843184716,-0.338207411253114,0.064,0.077,1
"ENSG00000227227",0.466119079629823,0.539179805517627,0.064,0.045,1
"MIS18A",0.466123177827881,-0.682924238929227,0.041,0.056,1
"SNHG30",0.466142052998026,-0.251710582466568,0.08,0.088,1
"SP2-DT",0.466183531121117,-0.480593462955324,0.012,0.02,1
"ENSG00000258740",0.466200414672769,0.904596616933574,0.012,0.006,1
"ENSG00000272918",0.466216361644827,1.09928719522535,0.014,0.006,1
"DHCR7",0.466410975146721,0.450493357434147,0.13,0.105,1
"ENSG00000289395",0.466437432570311,-0.262840067483705,0.009,0.012,1
"ZNF699",0.466484516924864,-0.288485442684371,0.073,0.087,1
"C1orf131",0.466555142257034,-0.249762476025886,0.101,0.114,1
"LINC03049",0.46659928223369,-0.26776840003027,0.082,0.087,1
"ZC3H12A-DT",0.466657287888131,-0.958042859021009,0.011,0.017,1
"USP18",0.466747680748262,0.355633458758918,0.046,0.039,1
"SPATA13",0.466762610173129,0.284236243709421,0.217,0.179,1
"MIA2",0.466916397374317,-0.121858364318657,0.19,0.19,1
"GATAD1",0.466922704215344,0.896775116738622,0.034,0.02,1
"S100PBP",0.466967215084498,0.115273208747325,0.178,0.164,1
"USP51",0.46701209894829,0.913255223240325,0.011,0.005,1
"ENSG00000274015",0.46728024615369,-0.57835762624643,0.025,0.026,1
"VPS18",0.467334312540628,-0.454679184962163,0.059,0.07,1
"NSMCE3",0.467401173536215,-0.108811927486591,0.452,0.434,1
"PHF10",0.467508740670253,-0.192902394676313,0.151,0.168,1
"ATP1B3",0.467546310150137,0.181858490037196,0.74,0.705,1
"ENSG00000291283",0.467622898235402,0.689178632737298,0.032,0.02,1
"WDR7",0.467874043868209,0.38431502613729,0.137,0.105,1
"PDK2",0.467891250803255,0.338482885159836,0.048,0.042,1
"CCNB1IP1",0.468365343382968,-0.219063973084829,0.098,0.113,1
"TIGD1",0.468366814527471,0.597819268407432,0.032,0.02,1
"ZNF285",0.468397221652789,0.677522516828486,0.016,0.008,1
"SSX2IP",0.468457064585711,0.296286508720887,0.098,0.09,1
"ZNF487",0.468663076744447,0.253749304688828,0.068,0.053,1
"PTPRE",0.46866948218999,-0.106015634355279,0.205,0.212,1
"HELZ2",0.468715783258626,0.440793179461771,0.085,0.06,1
"NUTM2A-AS1",0.468832263428904,0.185303774301524,0.27,0.235,1
"ZNF32",0.468999613419203,0.155440183679018,0.13,0.114,1
"TMEM19",0.469070996144994,0.385007080959626,0.082,0.06,1
"SPATA6L",0.46930994165702,0.33034005851721,0.016,0.009,1
"BFAR",0.46933432881823,0.103209121794682,0.267,0.23,1
"RNF141",0.469413510087399,0.180084751213286,0.05,0.039,1
"KBTBD6",0.46948965425595,0.822069370204636,0.028,0.017,1
"ANXA2R-AS1",0.469493719640189,0.291848801093916,0.032,0.019,1
"TMTC4",0.469877195415733,-0.435097489043903,0.018,0.025,1
"USP48",0.469884916129719,-0.112152352869158,0.155,0.155,1
"PRDM4-AS1",0.470012440229038,0.623471430960704,0.02,0.011,1
"FPGT",0.470405537196148,-0.765528966567058,0.012,0.017,1
"ENSG00000285696",0.470466693023304,-0.904205698834363,0.009,0.015,1
"NANP",0.470489414375541,-0.685279581939718,0.014,0.022,1
"ELMO1",0.470497693305148,0.230000905755196,0.356,0.303,1
"CHRNE",0.470661512752683,0.312515222336801,0.082,0.073,1
"LRRFIP2",0.470871554655136,0.240228102523475,0.256,0.212,1
"SOCS7",0.4708850653994,1.15194836393507,0.02,0.011,1
"ENSG00000288744",0.470945036105225,-0.884232234372226,0.016,0.023,1
"CYB5R3",0.471245551298114,0.234871434473372,0.288,0.249,1
"EIF2AK2",0.471489019963985,-0.205091137355466,0.171,0.185,1
"LLPH",0.471559028040815,-0.126681710073991,0.208,0.226,1
"ENDOD1",0.471577432165032,0.744161381875804,0.039,0.025,1
"CACHD1",0.471609430341272,-0.973142868331121,0.005,0.011,1
"SNRNP40",0.471735959290464,-0.214626627588048,0.199,0.213,1
"SERAC1",0.471914911813561,-0.239410491495514,0.025,0.029,1
"NSUN5",0.472048374296332,0.246449808006862,0.157,0.128,1
"ENSG00000290784",0.472085304345677,1.00205407863877,0.02,0.011,1
"ZNF213",0.472124228266099,-0.72017729121725,0.011,0.014,1
"BAX",0.472233869249718,-0.18822537007909,0.258,0.277,1
"BNIP1",0.472257188956766,0.1187985538051,0.053,0.051,1
"LTN1",0.472404232732452,0.242946881040027,0.165,0.136,1
"AGL",0.472440187578396,0.468142101512076,0.069,0.048,1
"SPON2",0.472749711454082,0.415333914543175,0.073,0.056,1
"DOP1A",0.47276064298054,0.291217373120287,0.126,0.1,1
"ADCY9",0.472803186558552,-0.95110486288213,0.005,0.011,1
"C1orf109",0.473072286309017,-0.354881142604561,0.048,0.051,1
"TAF9B",0.473305606796355,-0.234510424632594,0.112,0.11,1
"FBXL18",0.473756205902616,-1.08320705757148,0.009,0.015,1
"ENSG00000260136",0.473789744499537,-0.11914039582635,0.021,0.023,1
"ENSG00000283360",0.473938986426756,-1.09191728213332,0.005,0.012,1
"PITRM1-AS1",0.474034067096182,1.03390673204172,0.014,0.006,1
"ENSG00000289827",0.474059732108603,0.878816837027388,0.012,0.011,1
"ZNF829",0.47412584342046,-0.132625676772869,0.014,0.014,1
"NUDT10",0.474142679253705,1.3546373783547,0.011,0.005,1
"PIP5K1C",0.474149896037706,0.270103044044451,0.046,0.042,1
"AMPD2",0.474220465280996,0.418088771895138,0.085,0.063,1
"RPA2",0.474427875393663,0.123185957406333,0.19,0.181,1
"TUBG1",0.474600179973551,-0.346658797990314,0.043,0.053,1
"ENSG00000260719",0.474743952472742,0.333135769118272,0.021,0.015,1
"MAT2A",0.474746560783341,0.181589906489376,0.404,0.354,1
"VPS16",0.474859602378424,0.29375925614309,0.116,0.087,1
"UBE2Q2P1",0.474895354860446,-0.693786879346067,0.011,0.019,1
"C2orf49",0.475100991619067,-0.176157184872093,0.148,0.162,1
"ENSG00000289339",0.475573319293759,-0.516073185746516,0.016,0.022,1
"TP53I11",0.475741740648447,-0.708709603199949,0.012,0.022,1
"GET4",0.476014669612923,0.265530625944897,0.194,0.156,1
"CLK3",0.476262728209069,-0.103387355939203,0.269,0.269,1
"ZSCAN2-AS1",0.476276008021076,-1.06657917207122,0.005,0.011,1
"CXorf65",0.476442941992459,-0.993945642492745,0.005,0.011,1
"ACAP3",0.476499310600076,-0.425976283159259,0.03,0.042,1
"MAZ",0.476548909142912,-0.120556357531152,0.525,0.521,1
"GSTZ1",0.476573344132684,-0.534695098019473,0.011,0.019,1
"LYRM7",0.476687270357912,-0.465451597347243,0.057,0.059,1
"CCDC14",0.476711106124427,0.26366422882496,0.078,0.073,1
"MIEN1",0.476721246666464,-0.231536089409807,0.237,0.25,1
"C2orf76",0.476758204575395,0.241769841679669,0.037,0.028,1
"CMTM7",0.476791770654436,0.135291524347909,0.258,0.219,1
"LZIC",0.476809570582259,0.203105892127935,0.137,0.108,1
"TRBC1",0.47682159371661,0.154794586553401,0.607,0.57,1
"TNS2-AS1",0.476852459515687,0.551375920896054,0.055,0.039,1
"ULK3",0.476877264566673,0.43324928532802,0.085,0.062,1
"LINC00174",0.476912521442807,-0.438016657995507,0.021,0.028,1
"RP9",0.477069516825542,0.281679271893886,0.139,0.13,1
"CERS2",0.477167041982387,-0.179115725681822,0.217,0.236,1
"GTPBP2",0.477246134629675,-0.456878915269853,0.048,0.06,1
"TAF7",0.477274903912392,-0.202941395275113,0.367,0.382,1
"SUCLG2",0.477526154829317,0.302757051307658,0.116,0.088,1
"MYL5",0.477549763397919,0.620546950635109,0.032,0.02,1
"MIR3142HG",0.477594018216032,-0.546536713360428,0.034,0.046,1
"ENSG00000247121",0.477607345506036,-0.478286645866675,0.034,0.045,1
"THAP3",0.477621917443963,0.266798730967772,0.069,0.068,1
"SPAG16",0.477628566432999,-0.298152032967606,0.052,0.063,1
"TCAF2",0.477630729924157,-0.159698347153343,0.053,0.056,1
"TGIF1",0.477879796947053,-0.179913963737522,0.473,0.499,1
"DUSP22",0.478024408016157,0.343705838220905,0.082,0.059,1
"ELOVL6",0.478140402628816,1.18570014884248,0.011,0.005,1
"ADTRP",0.478213102882373,-0.868746194440724,0.012,0.022,1
"USP40",0.478350334060904,0.53141883740745,0.014,0.008,1
"FOXO3B",0.47836762107167,-1.00647312157389,0.014,0.023,1
"CNPY3",0.478452130019181,-0.18701004253633,0.326,0.342,1
"RELCH",0.478518248345294,-0.236782658455321,0.189,0.192,1
"ANKUB1",0.478669518939188,-0.538526554666422,0.06,0.073,1
"SATB1",0.478705441455286,0.149587927067269,0.464,0.445,1
"PYCARD",0.479487255687017,0.396946429813967,0.062,0.043,1
"GFM1",0.479610284215604,-0.229388559105057,0.144,0.156,1
"ITPKB-AS1",0.479898402119034,1.07749263563142,0.016,0.008,1
"NFYA",0.48003823245947,0.153343841452079,0.069,0.056,1
"SLC25A25",0.480055866694617,0.299613119141834,0.121,0.107,1
"TRBV4-1",0.480094703472643,0.565047479253485,0.023,0.014,1
"RBM4B",0.480100585154029,-0.134845654808055,0.077,0.074,1
"CLIC3",0.480204179301016,0.266392708882709,0.215,0.201,1
"SLC25A24",0.480269568495105,-0.281151764149009,0.028,0.037,1
"LYRM2",0.480317625794319,0.182558136856749,0.171,0.153,1
"TRAPPC2L",0.480416692353128,0.231593957946473,0.155,0.136,1
"KIF1B",0.48044578223606,0.178522277766645,0.119,0.094,1
"NSMF",0.480654791062931,0.196345035029392,0.171,0.142,1
"MRM3",0.480713050803747,-0.268910284723893,0.077,0.085,1
"ENSG00000241490",0.480762676183961,-0.593669228145138,0.028,0.029,1
"TMTC3",0.480821889583572,-0.429117648190985,0.046,0.057,1
"GNB2",0.480827688375127,-0.105028657238469,0.605,0.584,1
"UTP4",0.480889769757459,-0.201073462349212,0.16,0.168,1
"HPCAL1",0.481051570196787,-0.19079654440493,0.19,0.195,1
"TRRAP",0.481075733589591,0.130301040754151,0.165,0.139,1
"EOLA1",0.481160873293451,-0.246438267070454,0.117,0.121,1
"LMBR1L",0.481188562966411,-0.143177705334121,0.253,0.269,1
"ZNF17",0.481722295899984,0.344317299339843,0.06,0.045,1
"XPA",0.482053973345043,0.233243700055052,0.176,0.142,1
"ENSG00000288833",0.482226497895668,-0.414176780734466,0.034,0.042,1
"LIN37",0.48229510371431,-0.192944685706107,0.091,0.091,1
"MBOAT2",0.482533411334523,-0.490765488023433,0.012,0.017,1
"AAMDC",0.482686077968709,-0.358771958774754,0.037,0.046,1
"ENTPD6",0.482766517877693,0.268637049377596,0.053,0.037,1
"NCBP2",0.482969854556886,0.170817441929954,0.24,0.216,1
"SLC31A2",0.483062945428608,-0.494251209464885,0.02,0.025,1
"FRYL",0.483152855303683,-0.119479014371953,0.367,0.377,1
"CTSS",0.483675499209557,0.314835487522438,0.167,0.133,1
"RADX",0.483750442511539,0.620583912897668,0.014,0.008,1
"LOXL1-AS1",0.483918860696943,0.995937702904635,0.016,0.008,1
"NUP153-AS1",0.483951467226016,0.200051595351235,0.05,0.036,1
"MED6",0.48406394969046,-0.231133494810185,0.153,0.172,1
"KIF26B",0.484138755173597,1.0999879503737,0.011,0.006,1
"DLD",0.484297345579918,-0.148534249530083,0.235,0.25,1
"SGPL1",0.484406360420983,-0.171367396560789,0.06,0.06,1
"ZNF316",0.484443351734033,-0.107153226084614,0.048,0.053,1
"TMEM218",0.48448223437287,-0.448433155282972,0.016,0.023,1
"MYO6",0.484542659726152,0.714828179776577,0.016,0.009,1
"TNPO1",0.484815069351894,-0.104685860111949,0.238,0.244,1
"NSUN5P2",0.484991952766072,0.518249884506444,0.025,0.015,1
"MTBP",0.485029731127042,-0.563489039995369,0.016,0.025,1
"RAB9A",0.485043177834861,-0.219242270986904,0.212,0.212,1
"ZBTB37",0.485110286542464,-0.988599001109953,0.02,0.029,1
"ZNF274",0.485123104972409,0.408756671538138,0.066,0.051,1
"SART3",0.485289908051836,-0.178229176807417,0.176,0.184,1
"SPOUT1",0.485292748131589,0.336354784846426,0.087,0.068,1
"SERTAD3",0.485310144066698,-0.368283157342782,0.078,0.091,1
"THBS3-AS1",0.485356694597799,0.757873119135295,0.027,0.015,1
"FAM32A",0.485519027512757,-0.127679772692752,0.272,0.275,1
"LINC00662",0.485877683554099,0.175808313150996,0.068,0.057,1
"DPY30",0.486469003643296,-0.166910152113364,0.222,0.238,1
"ENSG00000290535",0.486527683458621,-0.636769411669595,0.007,0.012,1
"DHX38",0.486898044317381,-0.304038641554666,0.126,0.134,1
"MSH5",0.486912118101047,-0.239954404918629,0.011,0.009,1
"LIMS2",0.486945292545934,-0.393512558083312,0.007,0.011,1
"ENSG00000287377",0.487068454296525,-0.523566091391658,0.021,0.028,1
"ENSG00000289341",0.487138599894913,-0.116051843048753,0.043,0.056,1
"CCDC122",0.487183134178187,-0.849591978782215,0.011,0.015,1
"EBLN3P",0.487258953465334,0.231758967095477,0.165,0.136,1
"ENSG00000233461",0.487280372358147,-0.955169851444311,0.011,0.019,1
"CR1",0.487280404380235,0.348781882786714,0.025,0.015,1
"ZNF773",0.487444501723023,0.513983722542196,0.053,0.036,1
"DMAC1",0.487452307633492,0.234491532943175,0.101,0.079,1
"TRAV9-2",0.487457466097174,0.472019109020906,0.011,0.008,1
"ENSG00000289206",0.487893893595964,1.05327941581469,0.011,0.005,1
"SIK2",0.487966750341303,0.14638946243183,0.24,0.206,1
"ZYG11B",0.488130424419782,0.331667796544118,0.064,0.049,1
"CTC1",0.488286411240297,-0.258241947971529,0.137,0.142,1
"PLD3",0.488493739278835,0.116498159477183,0.091,0.073,1
"HSD17B1",0.488788894301318,-0.732626043422477,0.016,0.025,1
"SLC20A1",0.488811656410785,0.374569621078728,0.173,0.144,1
"ZNF724",0.489155544098317,-0.876199231563811,0.014,0.022,1
"ERCC3",0.489207982069885,-0.250286964801709,0.114,0.13,1
"TYW1",0.489406001286062,0.246707845243999,0.153,0.122,1
"ENSG00000272669",0.489565332012848,0.812023716003441,0.016,0.008,1
"CCDC134",0.489679951763298,0.479384432161658,0.039,0.028,1
"NOP14",0.489709411850237,-0.233629364931985,0.141,0.153,1
"ENSG00000290057",0.489884772383929,0.215473935082197,0.036,0.025,1
"COPS3",0.490020198976681,-0.144236477417807,0.27,0.28,1
"FAM110A",0.490106126041428,-0.183237446046075,0.132,0.145,1
"GIMAP1",0.490272393977473,-0.280591796761813,0.256,0.272,1
"TRNT1",0.490361304444435,0.163683323513718,0.196,0.159,1
"RANBP3-DT",0.490552918590871,-0.530969815773096,0.018,0.02,1
"LINC00342",0.490573522903418,0.241518373172231,0.068,0.065,1
"FAM216A",0.490613309961961,-0.471194206377181,0.016,0.025,1
"ZNF136",0.4906222100821,0.332445919861966,0.08,0.066,1
"ZNF589",0.490984852673841,0.705450100276578,0.053,0.037,1
"ORC4",0.491099079778903,-0.136749681627921,0.16,0.173,1
"GMCL1",0.491191157672927,0.149785729970175,0.198,0.179,1
"ENSG00000260517",0.491593263614626,0.732119214083431,0.027,0.015,1
"UBQLN2",0.491778157139081,0.271507734468556,0.178,0.15,1
"CARNS1",0.491780796253243,-0.712107857186964,0.011,0.019,1
"TMEM182",0.491829942381715,-0.119089054758061,0.012,0.009,1
"RPL34-DT",0.491910574153287,-0.279755081076589,0.007,0.012,1
"ENSG00000288990",0.491916129581521,-0.913658324124463,0.012,0.02,1
"YIF1A",0.492195183129939,0.179109200971657,0.176,0.144,1
"LRP8",0.492282755876397,-0.263829810142549,0.03,0.039,1
"C12orf76",0.49254229147206,-0.532050837772917,0.068,0.08,1
"WBP1L",0.492580347580124,0.103581815540187,0.093,0.09,1
"TRIM65",0.49298465787217,0.577910931306823,0.03,0.019,1
"XPO6",0.492986973742358,0.207889594082558,0.198,0.161,1
"ENSG00000288872",0.49300385713452,0.712643609343077,0.016,0.009,1
"PDF",0.493025023512091,-0.376216088109535,0.053,0.065,1
"TRMT2A",0.493088464620437,0.315076710454588,0.06,0.054,1
"ENSG00000273828",0.493380814474187,0.748193771407901,0.025,0.014,1
"ST3GAL4",0.493388713420078,0.892752746246606,0.011,0.005,1
"ZCCHC10",0.493419897368253,0.205133829236501,0.231,0.196,1
"ZBP1",0.493927275961387,1.00412208637287,0.02,0.011,1
"CNNM4",0.494060928207114,0.396977458830457,0.048,0.034,1
"MDGA1",0.494102673577281,1.32181165365902,0.011,0.005,1
"PDXDC1",0.494135006409968,0.157572282659798,0.315,0.267,1
"BTG3",0.494294804132101,-0.19758931635156,0.173,0.192,1
"SFR1",0.494538483329579,-0.561362442688316,0.03,0.04,1
"AHCYL2",0.494626305575943,0.308433410462366,0.132,0.102,1
"SCP2",0.49464581213557,0.26901243589507,0.233,0.192,1
"TCAF2C",0.494734596882891,-0.787726082182015,0.005,0.011,1
"USP45",0.494775293492765,0.613218368613376,0.043,0.028,1
"CCDC25",0.49480452445731,-0.195642052511275,0.116,0.111,1
"IGHV1-69-2",0.494812368488461,-0.754551124892814,0.007,0.012,1
"TRAPPC6B",0.495014524037215,-0.11151308142879,0.119,0.122,1
"ANKIB1",0.495190152071161,-0.112253320691123,0.231,0.233,1
"PXK",0.4952059589107,0.163775518975606,0.149,0.122,1
"SMPD1",0.495493903439397,-0.312482316180384,0.103,0.116,1
"MPZL1",0.495535558757086,-0.515763490984909,0.02,0.028,1
"ENSG00000233223",0.495659211147315,0.596465991157593,0.048,0.032,1
"MYH10",0.495742202683315,-0.192143720138716,0.028,0.028,1
"MAPK8IP3",0.495873837476288,0.194752176772226,0.189,0.178,1
"FAHD1",0.495968998203386,0.781559734403487,0.044,0.029,1
"ZBTB3",0.496196388488416,-0.451852991409499,0.018,0.017,1
"ZNF419",0.496312365322968,0.47577906888594,0.037,0.026,1
"NDEL1",0.496493432850725,0.148395701967819,0.256,0.23,1
"DLEC1",0.496498713668934,0.533197023297118,0.014,0.008,1
"ENSG00000288899",0.496606273637355,0.579723823338547,0.016,0.009,1
"ATG4A",0.496610904925965,-0.386332038537498,0.053,0.066,1
"NLN",0.49670548955345,1.59308873873067,0.014,0.006,1
"BUD13",0.496804954016771,-0.172719596542441,0.123,0.136,1
"CASP9",0.496984727489537,0.458706902907457,0.08,0.059,1
"KLHL23",0.49710282334893,0.137045856866701,0.043,0.046,1
"FCHSD2",0.497365223967768,-0.148003093434045,0.192,0.192,1
"MTHFS",0.49779733401556,0.138062424144671,0.285,0.241,1
"THAP6",0.497863763354039,-0.227883495256282,0.05,0.059,1
"DCUN1D2",0.497924020423135,-0.394148958259873,0.037,0.046,1
"ENSG00000272831",0.498315428217937,0.527101194754063,0.027,0.015,1
"PCSK7",0.49844278192766,-0.14098273334595,0.173,0.187,1
"MRPS10",0.49872486439368,-0.359570214980398,0.135,0.153,1
"ZMIZ2",0.498728016465451,0.294701480056805,0.1,0.077,1
"PPA1",0.498848362634855,0.113582186060554,0.352,0.338,1
"ENSG00000290835",0.498991794377038,0.14965783735966,0.036,0.028,1
"KLF4",0.4991276725564,-0.229657389441515,0.025,0.023,1
"COX6C",0.499365942299864,-0.112516635321136,0.712,0.703,1
"TACC3",0.499426787515868,0.221516989623499,0.155,0.134,1
"MED21",0.500656948926119,0.130215532427838,0.164,0.138,1
"HCN2",0.500706035394714,0.845266634412742,0.012,0.006,1
"ITPKB-IT1",0.500733980956729,1.26016140852976,0.012,0.006,1
"SLC38A6",0.500785514771642,-0.475401638314882,0.027,0.032,1
"SATB1-AS1",0.500855378582299,-0.289155769913866,0.089,0.102,1
"WDR12",0.500864780128635,0.415675646037185,0.052,0.037,1
"EGR2",0.500931732622499,-0.768748190482064,0.021,0.028,1
"LZTR1",0.501221222694332,0.426579473343788,0.037,0.025,1
"AHDC1",0.50150192983483,0.333195113694873,0.057,0.04,1
"CHKB-DT",0.501774008134174,-0.675128539156647,0.009,0.014,1
"SEC24C",0.501832826349426,0.235914922953853,0.157,0.13,1
"WDR55",0.501963874737491,0.337889541251083,0.125,0.094,1
"ENSG00000287249",0.502041684305444,0.429205191127236,0.012,0.006,1
"HSDL2",0.502380972604867,0.545658794900314,0.039,0.025,1
"HOOK2",0.502606968605337,-0.306372636379727,0.178,0.192,1
"C4orf19",0.502658249950284,-0.948609248637163,0.007,0.012,1
"RNF115",0.502881959677763,0.249141202855375,0.324,0.277,1
"MEX3C",0.502887543692489,0.269213644059407,0.192,0.158,1
"FBXW9",0.502921260355281,0.255559993153391,0.025,0.017,1
"SYT5",0.502957639508277,0.758200240789254,0.011,0.006,1
"PAICS",0.503009282105615,-0.230637420212425,0.062,0.068,1
"NANOS3",0.503405190929289,-0.233809830660025,0.025,0.034,1
"ZNF749",0.503665154471107,0.123875360410068,0.068,0.063,1
"NQO1-DT",0.503799612611412,-0.890276170306033,0.009,0.014,1
"SNHG10",0.503843737291531,0.259653705442974,0.055,0.045,1
"PML",0.504472423788206,-0.208763969258282,0.117,0.124,1
"ENSG00000289015",0.504507957801933,1.16647511073985,0.021,0.012,1
"MRPL2",0.504548836543008,0.294739964052732,0.158,0.127,1
"ZNF793",0.504664333308464,0.599863072410042,0.018,0.011,1
"C11orf54",0.504743288943775,-0.278865538507224,0.084,0.093,1
"CCDC32",0.504965416752605,0.245436110528689,0.173,0.147,1
"MOGS",0.504992171731878,-0.24208808970731,0.169,0.181,1
"GFOD1",0.504996359800197,0.361266580335679,0.109,0.087,1
"PHLDA1-AS1",0.505084556353484,0.757377518405954,0.021,0.015,1
"GRK6",0.50522430595675,-0.134833704038455,0.26,0.261,1
"TMEM97",0.505338771560275,0.738103887007571,0.025,0.019,1
"IFIH1",0.505892655289648,-0.206833078840722,0.093,0.104,1
"LINC00921",0.506010357077102,-0.54260713434439,0.014,0.02,1
"RCHY1",0.506021138874842,-0.141721218245628,0.133,0.148,1
"ENSG00000253194",0.506037134688902,-0.226756828073527,0.021,0.02,1
"DTX2",0.50623950848222,-0.124231398071342,0.117,0.131,1
"ZNF189",0.506427288508819,-0.162578496177607,0.068,0.071,1
"FCF1",0.506433154858677,-0.278106973736829,0.091,0.104,1
"PLPP6",0.506575609026683,0.398265742091811,0.018,0.012,1
"CNPY4",0.50666429312899,-0.499933897722849,0.048,0.06,1
"MFAP3",0.506979662497772,0.493589536913478,0.069,0.049,1
"MX2",0.507089643235834,0.21299172582165,0.153,0.124,1
"WDR83OS",0.507169642122355,-0.125853409095197,0.525,0.536,1
"UBAP2",0.507248669872606,-0.11320555047283,0.192,0.187,1
"RAD51-AS1",0.507364339036099,0.263030832342787,0.044,0.037,1
"ENSG00000240571",0.507461045103776,0.715842712828192,0.018,0.009,1
"PLCB2",0.507633860238973,-0.186813909254569,0.048,0.042,1
"NF1",0.507636479588063,-0.15679802805431,0.18,0.192,1
"HFM1",0.508043761985908,-0.522947032860477,0.027,0.032,1
"COQ2",0.508148404460749,0.385798568763807,0.107,0.082,1
"MCM3",0.508168492332899,0.219742342415594,0.114,0.096,1
"XAB2",0.508238231375401,-0.149526015381332,0.295,0.311,1
"ASTE1",0.508316766413823,0.170943225565302,0.133,0.107,1
"CCNQ",0.508318880809834,0.243042334407765,0.148,0.121,1
"LIPT1",0.508331332973796,0.537237438451634,0.039,0.028,1
"TESK1",0.508601224215722,-0.187773176953832,0.091,0.102,1
"ENSG00000275964",0.508699408328416,0.987069709722788,0.021,0.012,1
"MED12",0.508790706868569,-0.110604867669761,0.093,0.102,1
"ATXN2L",0.508943853589384,-0.106339780546025,0.319,0.335,1
"BCAT1",0.509014982846006,0.748674435814095,0.034,0.02,1
"WDR76",0.509426942993295,-0.640936883859698,0.014,0.02,1
"ZNF12",0.509549740577711,0.137821784598358,0.112,0.108,1
"THOC6",0.509758468025984,-0.376450175972573,0.068,0.08,1
"BRD1",0.509798019605112,0.196469332791185,0.311,0.257,1
"TUBB4B",0.50990197582247,-0.155889174459923,0.632,0.631,1
"EPAS1",0.509930446057379,0.328264161453855,0.064,0.043,1
"MED26",0.510054469263431,0.155687558262963,0.173,0.144,1
"KNTC1",0.51030233356037,-0.535309239953378,0.012,0.02,1
"ABCD1",0.51046286383712,-1.25262966470871,0.005,0.011,1
"PHF2",0.510492043318161,-0.190522386545786,0.068,0.076,1
"CD47",0.510863911878709,-0.120884196862772,0.365,0.368,1
"LRRC70",0.511083926425838,0.751413634643418,0.012,0.006,1
"BBOF1",0.511102106005033,0.20940619497176,0.021,0.012,1
"NPIPB5",0.511207730027367,-0.188427796148648,0.044,0.053,1
"SRSF8",0.511276940911761,0.244271585920557,0.165,0.133,1
"ZNF688",0.511750017908071,0.374955952010831,0.069,0.054,1
"GOT1",0.511850097217435,0.238448407048641,0.149,0.117,1
"TRIM34",0.512016919551105,0.532599709805661,0.023,0.017,1
"SLU7",0.512276509082807,-0.156557455367872,0.231,0.236,1
"ENSG00000276900",0.512390568293308,1.20631687755637,0.011,0.005,1
"ODR4",0.512391193566022,-0.148480715625172,0.119,0.128,1
"H2BC5",0.512501704732624,-0.721436784339726,0.016,0.023,1
"HSPA1B",0.512532587132989,-0.815313753661437,0.037,0.048,1
"PLEKHA7",0.512661126128417,-0.290979425812559,0.057,0.065,1
"TPRKB",0.51266855058168,0.19184658837999,0.192,0.164,1
"EFR3A",0.512885989307923,0.236961921905102,0.308,0.261,1
"ENSG00000267694",0.512941728857528,0.324057068611592,0.027,0.022,1
"GALNT2",0.51310394742832,-0.139324028461639,0.208,0.224,1
"APOL3",0.513202385457825,-0.394143726921559,0.059,0.068,1
"AKAP13-AS1",0.513565251457946,-0.280949390058293,0.066,0.076,1
"GUSB",0.513565279319702,0.3454127343717,0.105,0.082,1
"REST",0.513776866940457,0.158625093033609,0.34,0.303,1
"COA4",0.513879317013351,-0.15785507223986,0.149,0.156,1
"INSR",0.513887460223172,0.817623241334047,0.012,0.006,1
"CACNB2",0.514010333362996,-0.305334326171593,0.007,0.012,1
"ARL6IP6",0.514040613691054,-0.32844793222208,0.128,0.148,1
"CHAC2",0.514061487086392,0.339045824458687,0.057,0.04,1
"ZNG1F",0.514182997188295,-0.520112244468793,0.014,0.017,1
"MPC1",0.514323456292484,0.160900070081314,0.212,0.181,1
"ENSG00000290018",0.514365306206122,-0.37611924044028,0.025,0.034,1
"SERINC3",0.514563477022343,0.164654696020318,0.498,0.436,1
"PLPP5",0.514581495122577,0.287487447905475,0.139,0.107,1
"HYCC2",0.514854646187153,-0.231252389283046,0.212,0.218,1
"LRRC51",0.514934715987508,-0.519108565437304,0.014,0.02,1
"WDR26",0.515361700542688,0.172886653063214,0.4,0.348,1
"SUMO4",0.515496687145793,0.850093189780822,0.025,0.014,1
"ZNF37A",0.515505544917104,-0.106362647223146,0.167,0.162,1
"GLO1",0.515551017116029,0.18274872406572,0.144,0.117,1
"MRTO4",0.51560557204594,0.282613638032051,0.116,0.091,1
"TMSB15B",0.515640468300464,0.592729570761652,0.025,0.017,1
"PRKD3",0.515705533946639,0.220663278162486,0.141,0.111,1
"IPO13",0.51627630880673,0.18898264289496,0.048,0.034,1
"CCDC126",0.516626267405982,0.142566221900379,0.087,0.07,1
"ARID3A",0.516821663296302,0.107824785238196,0.125,0.107,1
"CDK11B",0.516995299012078,-0.136614335467823,0.338,0.334,1
"SDHAF4",0.517191837756355,0.314341204367517,0.016,0.011,1
"ZNF607",0.517236961236581,0.611649968829554,0.028,0.017,1
"TCP11L1",0.51735160474193,-0.114679767133192,0.055,0.065,1
"STK10",0.517389005325517,0.126906540250777,0.39,0.348,1
"C12orf42",0.51795747448032,0.285319122881095,0.014,0.009,1
"MANBAL",0.517995486459449,0.265749995751661,0.071,0.057,1
"PSMB9",0.518008322382225,0.124417563505538,0.468,0.427,1
"MYBL1",0.518144366091378,-0.146344835994496,0.021,0.028,1
"NSDHL",0.518252661813681,-0.533903661145988,0.037,0.049,1
"PEX7",0.518273861701161,-0.783880742623175,0.014,0.022,1
"DFFA",0.518337563201387,0.260718392625244,0.135,0.11,1
"ENSG00000262413",0.518364837820167,-0.568073827893262,0.011,0.017,1
"PDE4A",0.518406171441628,0.298277340802424,0.351,0.301,1
"CPT2",0.518703737694746,0.116808041988429,0.043,0.042,1
"TGDS",0.518900582005895,-0.248579693867089,0.08,0.091,1
"KCMF1",0.519188093953365,0.153293810246229,0.274,0.232,1
"ARL16",0.519207331063192,0.134874603815017,0.148,0.138,1
"MDM4",0.519230235645837,0.20550250096214,0.24,0.198,1
"RAB39B",0.519603245832445,0.508718189067547,0.098,0.074,1
"MTA3",0.519714426172679,-0.214111082734434,0.091,0.107,1
"CLN8",0.519790262271736,0.498126481460056,0.135,0.11,1
"OTULINL",0.51991276930912,0.205094623687424,0.206,0.173,1
"KMT5C",0.519987799795697,0.198858460918935,0.189,0.182,1
"CARD6",0.52020511829886,-0.642714917193174,0.009,0.014,1
"FNIP2",0.520247337676681,-0.181411453998336,0.059,0.057,1
"VPS13D",0.520429616311264,0.185333246540728,0.176,0.148,1
"ST3GAL1",0.520592285207283,0.262099408518338,0.142,0.128,1
"RWDD3",0.520956759909031,-0.379150216944558,0.096,0.102,1
"ECSIT",0.521038836649303,-0.324163834039774,0.071,0.085,1
"RFFL",0.521050619786304,0.316726835575347,0.153,0.133,1
"NT5C3B",0.521059603019777,-0.420547533748929,0.048,0.059,1
"PSMD9",0.521251291703573,0.113910298792754,0.383,0.335,1
"GRAMD1C",0.521428373071095,-0.244532669651488,0.014,0.019,1
"FAM91A1",0.52149329637658,0.130646439317578,0.11,0.102,1
"TRBJ2-1",0.521500333394606,0.988223725116524,0.014,0.008,1
"CPEB3",0.52156345278753,-0.136984793888886,0.046,0.054,1
"KRBOX4",0.521874315688443,0.206044788410014,0.107,0.087,1
"LINC00886",0.522069332626996,0.838068422224651,0.018,0.009,1
"MARCKS",0.522091552696527,-0.749792002842296,0.009,0.015,1
"FAM234A",0.522497202596619,0.306556633395213,0.066,0.062,1
"ZNF638",0.522525398354246,-0.102851928924126,0.367,0.379,1
"ZNF440",0.522599362631373,0.460470181639584,0.03,0.02,1
"RHPN1",0.522878487884082,0.638438485842222,0.039,0.028,1
"H3C1",0.522893947701847,1.03613908931158,0.014,0.009,1
"GEMIN6",0.522970732072836,-0.201768312064973,0.053,0.059,1
"APPL2",0.52300910590901,0.321826058186365,0.181,0.147,1
"SH3PXD2A",0.523057532723444,0.266091623477616,0.055,0.053,1
"HMGCL",0.523321096339347,0.443246298142519,0.037,0.025,1
"UBA5",0.52339925338829,0.286366659072465,0.11,0.083,1
"CYP51A1",0.523441805228506,0.182920013238869,0.146,0.119,1
"MGAT1",0.523484533416979,-0.217606250993434,0.173,0.184,1
"GPATCH11",0.523626627569739,0.245249714423253,0.116,0.097,1
"ZNF19",0.52365695710289,-0.614650158513729,0.007,0.012,1
"CWF19L1",0.52370150789953,-0.171483396427615,0.13,0.139,1
"ACSL1",0.523753366656076,-0.147271021952279,0.125,0.13,1
"HAVCR2",0.523775991415564,0.288767193488555,0.041,0.031,1
"PIEZO1",0.523922154938702,0.601590127804309,0.034,0.023,1
"CAMLG",0.524014455345419,0.169882722944556,0.406,0.365,1
"SNTB1",0.524043136219732,-0.412125372516096,0.032,0.042,1
"SIRT3",0.524146503801009,0.337557706459412,0.064,0.046,1
"SPEN-AS1",0.524192388412086,0.371563511489851,0.06,0.045,1
"IKZF4",0.524305397641821,-0.422994174545645,0.044,0.053,1
"PRDM11",0.524527351032394,-0.215465330901255,0.023,0.029,1
"PFKFB2",0.524769663893994,-0.957026309099836,0.009,0.015,1
"GRAP",0.524781533659831,0.2445788968847,0.075,0.057,1
"BBS5",0.524828539526754,0.525733671733604,0.023,0.014,1
"SIK3",0.524843192846413,0.105687603690941,0.747,0.711,1
"HUS1",0.524866474025693,-0.185497383832529,0.119,0.131,1
"ZNF875",0.525188138422348,-0.212727880811033,0.096,0.108,1
"PLD2",0.525208867432308,0.500331200637007,0.023,0.014,1
"PPP1R9B",0.525639515471687,0.457060941867264,0.06,0.045,1
"LINC02100",0.525827923136889,-0.897813285138641,0.007,0.014,1
"LRWD1",0.525883260260137,0.154301751874539,0.135,0.122,1
"EYA3",0.526008146117627,0.405096800744256,0.146,0.114,1
"LINC01122",0.52625424535641,0.463668378573567,0.014,0.008,1
"NTNG2",0.526268143062788,-0.384469734934546,0.011,0.006,1
"CYB5R4",0.526393309768128,0.170324061771803,0.198,0.164,1
"ADAM15",0.526725524219168,0.852078932089428,0.016,0.008,1
"NBAS",0.526844158154264,0.268966438012621,0.119,0.097,1
"LPAR5",0.526987278122142,-1.01562710283656,0.007,0.012,1
"PTPN4",0.527151564025636,0.291727118636127,0.26,0.215,1
"NICN1",0.527153957431495,0.714162766705721,0.025,0.015,1
"ENSG00000247925",0.527200959574934,0.445641837247804,0.025,0.023,1
"ENSG00000278932",0.527202220497512,-0.665013871613324,0.009,0.015,1
"ENSG00000289698",0.527204113304712,1.14684982088619,0.011,0.005,1
"GBF1",0.527209252019693,0.174112505923754,0.253,0.21,1
"BTBD6",0.527214082746933,0.120403471023028,0.167,0.138,1
"ARMCX5",0.527412516714367,-0.790531798879544,0.016,0.023,1
"ENSG00000272583",0.527463842368066,1.26699798947623,0.012,0.006,1
"EXO5-DT",0.527525809304596,0.32033707106218,0.036,0.025,1
"IPO9",0.52757411298625,0.260219338905052,0.128,0.102,1
"TXNDC5",0.527597776021056,0.4745005046255,0.028,0.019,1
"ENSG00000280800",0.527692764926696,-0.509875638544964,0.007,0.012,1
"INSIG1",0.527724630765405,0.172992807290792,0.302,0.26,1
"C17orf58",0.527893835267969,-1.19085553569584,0.005,0.011,1
"CYSLTR1",0.527995157804666,-0.553923964567693,0.057,0.068,1
"TRBV7-2",0.528095386364557,0.598156945269203,0.014,0.011,1
"PRMT9",0.528157182385278,0.262601785450725,0.149,0.117,1
"ENTPD4",0.528272780852769,0.207396855868338,0.183,0.158,1
"RNF32-DT",0.528331071718474,1.21137148558009,0.011,0.005,1
"CARD11",0.528887140929937,0.254994323940845,0.21,0.179,1
"TTC36-AS1",0.528963916194958,-0.779904360085955,0.007,0.012,1
"TRAF3IP1",0.529162559373126,-0.501815615858415,0.052,0.059,1
"KLRD1",0.529165868392001,0.151804117478371,0.27,0.238,1
"SLC35A4",0.529505371639282,-0.408792211421011,0.098,0.114,1
"MBTPS2",0.529565633850162,0.710620284978739,0.018,0.011,1
"SHQ1",0.529732965409261,-0.320871635851172,0.075,0.085,1
"CATSPERE",0.529784512398084,0.373621809997712,0.014,0.008,1
"MBIP",0.529924250005247,0.3811214450626,0.149,0.117,1
"MTMR2",0.530203161268105,-0.114665933532077,0.077,0.085,1
"ZNF284",0.530367858330597,-0.357293096467972,0.016,0.022,1
"NFKBIZ",0.530571393861446,-0.271826298412462,0.141,0.144,1
"CIB2",0.530586937901385,-0.855128185863527,0.009,0.015,1
"LTBP3",0.530886440251025,-0.344510670496165,0.094,0.11,1
"SLC25A11",0.530915507223395,0.450014603089684,0.125,0.096,1
"ZNG1C",0.530928947804815,-0.916387331602555,0.011,0.017,1
"CHMP5",0.531258876223083,-0.155563146680633,0.208,0.223,1
"HELZ-AS1",0.531390400307105,-1.27968114278728,0.007,0.012,1
"DNAJC25",0.531482789488997,0.152281913466767,0.085,0.066,1
"RARS1",0.531531526588268,-0.261335877184071,0.101,0.104,1
"CYB5D2",0.531544701322799,0.309076633441115,0.028,0.026,1
"NAT1",0.531588333892112,-1.3145736174497,0.011,0.017,1
"ZNF20",0.531687261753362,-0.683982330813885,0.014,0.019,1
"RHBDF2",0.53172854406765,0.155153298098219,0.164,0.15,1
"TRBV28",0.532196582868745,1.11501507656506,0.028,0.017,1
"REC8",0.532364601108955,-0.216603085942061,0.046,0.056,1
"PDCD1",0.532396566171413,-0.294299835441798,0.066,0.079,1
"SQLE",0.53258210199142,0.249236651214723,0.132,0.107,1
"LUC7L",0.53269219619433,-0.112412150067269,0.354,0.351,1
"SURF2",0.532812512790263,-0.104167233522087,0.367,0.359,1
"VNN2",0.532862498208989,1.02710952877862,0.014,0.008,1
"TRAV13-1",0.5329129416536,1.05849130758561,0.011,0.005,1
"FKBPL",0.532947079365265,-0.79938366855192,0.016,0.025,1
"BOLA1",0.532989756308445,-0.375324587645505,0.043,0.053,1
"FCSK",0.533100092859657,1.05780764330095,0.014,0.008,1
"ENSG00000271737",0.533203321898626,-1.03903026157241,0.012,0.02,1
"ENSG00000258560",0.533242848352621,-0.125688616679398,0.053,0.049,1
"ZNF444",0.533366404045346,0.202196330674697,0.125,0.102,1
"RGS19",0.533484664614707,-0.178373511700646,0.13,0.131,1
"MVK",0.533505269111664,0.33515402455572,0.077,0.059,1
"GZMH",0.533709990264686,1.63699711468441,0.016,0.009,1
"ZP3",0.533739864893001,0.780630452748687,0.011,0.005,1
"ZNF696",0.533831587735375,0.564498935993894,0.016,0.009,1
"MAFA",0.533935123717248,-0.926188582451212,0.011,0.017,1
"PTPN18",0.534126454166159,0.381832427070588,0.043,0.029,1
"BCKDHA",0.534166749970734,-0.219067096752553,0.119,0.133,1
"KIF27",0.53457563445277,-0.283113964827106,0.073,0.08,1
"P3H1",0.534579892151437,0.121798983787222,0.071,0.053,1
"LANCL1",0.534706492442497,0.234743677127662,0.073,0.063,1
"TIMM21",0.535226697270313,0.336705271679977,0.062,0.046,1
"VPS26B",0.535284761277161,-0.139430745992507,0.158,0.162,1
"ENSG00000275119",0.535422034743269,0.188281463621876,0.023,0.023,1
"CCDC88A",0.535457031171545,-0.453294514809238,0.046,0.054,1
"ENSG00000272092",0.535643564904964,-0.319838428811195,0.014,0.017,1
"EPHX1",0.535654284929539,-0.618923808323466,0.027,0.037,1
"ZNF225-AS1",0.535941740729193,0.706444440013104,0.016,0.009,1
"FEM1C",0.536019862051759,-0.162926873356567,0.06,0.068,1
"NR4A1",0.536310598456688,-0.677557851452466,0.128,0.122,1
"RNF213",0.536411292383622,0.196951268795326,0.397,0.365,1
"PRKACB",0.536501176118968,-0.217169340143491,0.338,0.355,1
"MTFR1",0.536623534836733,0.129263628922692,0.112,0.094,1
"YRDC",0.536848405127338,-0.309935689463585,0.109,0.124,1
"RABL2B",0.536903283831248,0.287079954190973,0.062,0.053,1
"ATP6AP1",0.536934636997974,-0.278154087328073,0.178,0.198,1
"CARF",0.537418972151913,-0.247501764002191,0.044,0.046,1
"CYFIP2",0.537446723777108,0.131434617308075,0.39,0.368,1
"GCNT1",0.537512370216646,0.586168876188339,0.057,0.04,1
"APP",0.537526375868051,-0.446184412847522,0.08,0.094,1
"CHCHD6",0.537665756898781,-0.187441790141276,0.044,0.046,1
"ZSWIM5",0.537687717256536,-0.532913676087241,0.02,0.017,1
"ZBTB45",0.537721545152447,0.224812469543382,0.064,0.053,1
"NPIPB4",0.537990269984243,0.333302051295606,0.08,0.071,1
"HOMEZ",0.538171766607987,0.637716794830481,0.034,0.022,1
"NUP50-DT",0.538253475530081,-0.164505332405212,0.039,0.032,1
"DIPK2A",0.53845232496703,-0.290759910089065,0.059,0.068,1
"DBF4B",0.538551017002688,1.18596478729809,0.014,0.008,1
"THG1L",0.538758438291334,0.424409928003376,0.062,0.045,1
"PRR34-AS1",0.538768239518823,0.906390057087761,0.021,0.012,1
"GUCD1",0.538777843599178,0.29211565932392,0.073,0.057,1
"BRD8",0.538952214916041,0.107894503544015,0.116,0.097,1
"DRG2",0.539044896293167,0.121868314489695,0.128,0.107,1
"DHRS4-AS1",0.539122782625353,-0.360932929137339,0.028,0.036,1
"PIK3CD-AS2",0.539302390913415,1.0812052443392,0.011,0.005,1
"ZXDB",0.539372963919472,-0.338701804882361,0.043,0.051,1
"C1S",0.539420879114078,0.523177320021591,0.036,0.023,1
"MDC1-AS1",0.539484884454843,0.418524101568491,0.014,0.008,1
"SLC44A1",0.539524369810667,-0.417614712903255,0.062,0.073,1
"DLG5",0.539620115423657,-0.335848847105823,0.007,0.011,1
"TMEM106C",0.539764294531006,-0.211540210327085,0.043,0.043,1
"STRN4",0.540225852594067,-0.241367017943771,0.125,0.138,1
"ELAC1",0.540331217161487,0.40269271805799,0.036,0.023,1
"TMED4",0.540363258765543,0.244821152676637,0.281,0.243,1
"GIGYF1",0.540410126012555,0.128653370634538,0.114,0.1,1
"ACTMAP",0.54063263174505,1.33525633406502,0.018,0.009,1
"SH3TC1",0.540804754206126,0.733704908333277,0.023,0.014,1
"MAPKAPK3",0.540905130641787,0.510094986113832,0.053,0.039,1
"PNKP",0.540931606386938,0.204165300279903,0.178,0.147,1
"ENSG00000291174",0.541632029405616,0.395793970430611,0.036,0.023,1
"WNT1",0.541673524923036,-0.522878013670899,0.005,0.011,1
"SLC20A2",0.541696960474312,-0.273567308111664,0.183,0.195,1
"SNX13",0.541760304445201,0.223200772436046,0.162,0.13,1
"OSBPL2",0.541791182695859,-0.169815198926645,0.085,0.097,1
"ATXN1L",0.541873753703365,-0.110996606353809,0.071,0.074,1
"MXD3",0.541978209537717,0.29313059394063,0.011,0.006,1
"ASNSD1",0.542013788515205,-0.355556975944974,0.039,0.049,1
"RWDD2B",0.542035839264828,-0.697437449727323,0.012,0.02,1
"ERMN",0.54208106333743,0.590576669039074,0.011,0.005,1
"PLCH2",0.542415994126798,-0.561834574187038,0.021,0.029,1
"GMDS",0.542604628920675,-0.176439211998592,0.174,0.17,1
"ABCC4",0.542728506327262,-0.533121723866126,0.009,0.014,1
"PHF7",0.542775076986784,0.153407924782931,0.02,0.022,1
"ANXA1",0.542846490467982,0.165979039801031,0.484,0.479,1
"ENSG00000288877",0.542859246901543,0.946460961842926,0.012,0.006,1
"TPGS2",0.542866896158548,-0.350464338421055,0.098,0.108,1
"UPK3BL1",0.543130942900218,-0.131951350906462,0.016,0.015,1
"CRLF1",0.54338613404655,-0.661778290120323,0.012,0.02,1
"SPTBN1",0.543399182481108,0.107240402168636,0.541,0.482,1
"BMPR2",0.543759775669072,-0.146313414811441,0.162,0.173,1
"BLTP2",0.543834113029094,0.162080020870426,0.153,0.134,1
"VPS26A",0.543999136500004,-0.116729152142842,0.302,0.304,1
"CCNE1",0.544080287927999,0.550107053035907,0.023,0.017,1
"GIPC1",0.544226968315084,-0.51502272537955,0.052,0.057,1
"USP3-AS1",0.544494903214757,-0.161850917195209,0.237,0.243,1
"ZNF225",0.544607270408806,0.316242682831612,0.023,0.023,1
"RTKN2",0.544826272873992,-0.189363748656557,0.345,0.376,1
"DOLPP1",0.544962889494486,-0.915054352573197,0.009,0.015,1
"CSTF1",0.545208520870179,0.272136989045168,0.119,0.094,1
"NKRF",0.545473476274627,-0.234622571053881,0.053,0.059,1
"DHX33",0.545484904733812,0.438180741019338,0.048,0.036,1
"LSM8",0.545594610874871,-0.11672113833678,0.395,0.394,1
"JSRP1",0.545996478335992,-0.98512198918563,0.005,0.011,1
"DCUN1D5",0.546204131624344,0.194624729758855,0.171,0.161,1
"ANKS6",0.54648528878201,0.74536215787721,0.02,0.011,1
"NCR3LG1",0.546568713481078,-0.224784388643831,0.053,0.048,1
"EYS",0.546630700825536,0.622320842001268,0.02,0.011,1
"NDUFS4",0.546647719212888,0.151947745201239,0.162,0.15,1
"SPHK2",0.546766156239451,0.226981079799307,0.052,0.043,1
"GNB4",0.546769016184347,-0.925007113110735,0.009,0.014,1
"ITPR3",0.546826473425877,0.300005020167005,0.091,0.066,1
"CABIN1",0.546905907878923,0.284591480200309,0.219,0.181,1
"ZNF675",0.546950440636599,0.236454495438072,0.155,0.133,1
"PARP11",0.547084812320618,-0.113715194703427,0.126,0.133,1
"STX17-DT",0.547363718581053,0.375884534579534,0.119,0.094,1
"ENKD1",0.54736644620268,-0.350654660678892,0.021,0.026,1
"CETN3",0.547497840105483,0.361744041837158,0.032,0.022,1
"BOLA3",0.547620067218373,0.149530679991874,0.08,0.066,1
"PKIG",0.547628794592408,0.576279001912289,0.041,0.028,1
"ZNF623",0.5477787286658,-0.216220627474235,0.03,0.031,1
"PPP6C",0.547904136572736,0.106314180763028,0.448,0.406,1
"ZDHHC8",0.548375149898535,-0.355180627928935,0.044,0.059,1
"C19orf44",0.54839831256932,-0.666649894295685,0.021,0.029,1
"PSMG3-AS1",0.548522232555999,0.394397741839887,0.02,0.012,1
"FAAH",0.54865676783297,0.697976292017716,0.011,0.005,1
"SIN3B",0.548748408365675,0.336998162910326,0.126,0.099,1
"ENSG00000254604",0.54876689337101,-0.872240891019543,0.018,0.028,1
"HSPA8",0.548950821393907,-0.124246122534072,0.918,0.92,1
"CEP44",0.54896590202649,0.318354533207083,0.068,0.057,1
"RNF7",0.549159241420968,-0.108858545044971,0.448,0.451,1
"SORL1-AS1",0.549367926510992,0.780476341799409,0.02,0.012,1
"EXOC3-AS1",0.549540439640045,0.271256152841874,0.02,0.011,1
"NCK1",0.549541331492174,-0.126959209645563,0.31,0.301,1
"CLYBL",0.549790882502378,-0.128370487977735,0.02,0.017,1
"BZW2",0.549836949968361,-0.127905644991117,0.244,0.252,1
"RUSF1",0.549869025106847,-0.373251319174314,0.034,0.04,1
"IQGAP2",0.549895331004774,0.237602925461617,0.397,0.34,1
"CBFA2T2",0.550014741277583,0.198442089785553,0.185,0.15,1
"GATC",0.550189834856465,0.373977997982277,0.101,0.076,1
"SIRT2",0.550207685784961,0.153983274714158,0.374,0.331,1
"LSAMP",0.550215503879728,-0.245041913471982,0.05,0.054,1
"POC5",0.550240685271327,-0.292186881336164,0.068,0.076,1
"PCSK5",0.550264867947347,0.118498110202043,0.06,0.06,1
"SYS1",0.550286999120596,0.218441486201829,0.183,0.167,1
"TBKBP1",0.550404279635081,-0.686658476730329,0.014,0.02,1
"ANKEF1",0.550406006633417,0.63748702182724,0.02,0.011,1
"NT5DC3",0.550444988706414,1.0709022208555,0.018,0.009,1
"MFSD3",0.550557541928911,-0.876074017851588,0.014,0.023,1
"DKK3",0.55065639421909,0.564873507039956,0.052,0.034,1
"PDHA1",0.550920733463435,-0.129976101496237,0.208,0.226,1
"NMRAL1",0.551059264447025,0.180547409617883,0.075,0.057,1
"PTDSS2",0.551144114830196,-0.426714005041362,0.028,0.034,1
"LINC02211",0.551275287114275,0.118040005992507,0.03,0.025,1
"ENSG00000259088",0.551280280384985,0.466711177449105,0.055,0.039,1
"TOX2",0.551292784341006,-0.276239836205022,0.165,0.185,1
"ID2",0.551334001703523,0.192646959525217,0.288,0.266,1
"STAG3L5P",0.551382655002791,0.244858339092715,0.269,0.235,1
"SUV39H2-DT",0.55173527025299,-0.371754596202926,0.005,0.011,1
"ZNF48",0.551900116802117,-0.113085268516047,0.071,0.073,1
"SRRD",0.55209054061669,0.239668229563212,0.089,0.071,1
"DPEP2",0.552266970388419,-0.750940908171055,0.021,0.029,1
"CALCRL",0.55231898139684,0.514770673651185,0.018,0.011,1
"PDS5B",0.552715958314691,-0.202961482553231,0.169,0.178,1
"ENSG00000260651",0.552732415719081,-0.636943196966103,0.007,0.012,1
"GRSF1",0.552782820963716,-0.112331325984023,0.324,0.342,1
"BCL2L12",0.552939742494909,0.120377137211026,0.077,0.074,1
"TTC39C",0.552952744142074,0.164526447139023,0.249,0.209,1
"PLS1",0.552973882694196,0.457997232895137,0.02,0.011,1
"SELENOI",0.553008093540299,0.222183542423566,0.112,0.096,1
"OBI1",0.553086171924365,0.139342651551432,0.137,0.125,1
"PLCB3",0.553105966259444,-0.465157582296705,0.007,0.012,1
"ZNF681",0.553205321564546,-0.337998278240856,0.025,0.025,1
"KAT2B",0.553238626076228,-0.148765697776035,0.048,0.059,1
"PLOD3",0.55325951267333,0.498114088314043,0.028,0.019,1
"PDE3A",0.553295245341003,0.234902162526889,0.091,0.071,1
"ENSG00000289043",0.553373867391072,0.583191787281373,0.02,0.012,1
"ZNF77",0.553443052397805,0.927429873862382,0.012,0.006,1
"PTBP3",0.553491839248973,-0.111503956105484,0.331,0.328,1
"CBARP",0.553917097331311,0.670385524996097,0.011,0.011,1
"CCDC137",0.554010415027792,0.135523336653218,0.137,0.108,1
"CAPN1-AS1",0.554276314780601,1.1494940213969,0.011,0.005,1
"KANSL1",0.554317761730556,0.180585156326561,0.413,0.386,1
"TP53TG1",0.55438645117132,-0.439512493526361,0.048,0.059,1
"RNF113A",0.554550463682067,-0.122826306626054,0.176,0.173,1
"ENSG00000289100",0.55463356392331,0.498571037686315,0.023,0.014,1
"NFKBIE",0.554659980759742,0.289900574627802,0.059,0.043,1
"HHIP-AS1",0.554681388408631,-0.155971549557962,0.023,0.023,1
"WDR46",0.554851628428759,-0.193822398405317,0.132,0.145,1
"FADD",0.554883659566648,0.163469903658298,0.139,0.113,1
"CCDC61",0.554885862962836,-0.533059349504093,0.014,0.019,1
"PREP",0.554940371663795,-0.185052701739131,0.105,0.105,1
"OBSCN",0.554983817285971,0.28531288982538,0.046,0.04,1
"ENSG00000232855",0.555098362826325,1.22650924288946,0.012,0.006,1
"SLC25A45",0.555214595258816,0.548654531084888,0.037,0.025,1
"MOB3A",0.55527671227526,-0.150672770724785,0.199,0.206,1
"GFUS",0.555454827189722,-0.192409778469652,0.139,0.153,1
"NEK11",0.555793921906866,-0.439838404228848,0.021,0.02,1
"ASL",0.555975297363136,0.225312314015303,0.1,0.083,1
"ELAPOR1",0.556274494650542,-0.510535761816038,0.023,0.034,1
"WWP1",0.556316927997825,-0.243455847867286,0.181,0.196,1
"XRCC4",0.557036559775498,0.733802035833458,0.037,0.025,1
"COQ4",0.557067539893297,0.155139564715678,0.155,0.134,1
"NME6",0.557358341919794,-0.114716322362971,0.077,0.068,1
"LINC02422",0.557371022022191,-1.04653174208485,0.009,0.014,1
"GPS2",0.557589022118761,-0.177298020775347,0.562,0.577,1
"SCFD1",0.557966674234573,0.123627937169561,0.304,0.26,1
"GOLGA1",0.557972456327299,0.198125321406318,0.073,0.06,1
"PFKM",0.558156323759987,-0.358892957062428,0.007,0.012,1
"ZER1",0.558276667221413,0.156203378514143,0.183,0.158,1
"TCF19",0.558616983957213,1.09539657369058,0.014,0.008,1
"OSBP",0.558674766503199,-0.111281707400261,0.24,0.227,1
"MAN1C1",0.558760057097311,0.408075978017296,0.073,0.059,1
"LDAH",0.558875757955446,-0.11683708330242,0.043,0.036,1
"ZDHHC5",0.558932611310148,0.242741751444285,0.187,0.15,1
"C2orf88",0.5589377831292,0.78745192146661,0.012,0.006,1
"ENSG00000291178",0.559221016471649,0.275421522815879,0.149,0.117,1
"GET3",0.559330931557026,-0.122579393765813,0.21,0.224,1
"ZDHHC14",0.559825204645759,-1.29396003951606,0.007,0.012,1
"SLC38A7",0.559916158590514,-1.10744592873799,0.009,0.014,1
"TMEM237",0.559990025428703,0.697970662744869,0.039,0.026,1
"ENSG00000274292",0.560211240714247,-0.692611573178044,0.02,0.028,1
"RTN4R",0.56022643847427,-0.931441254906606,0.005,0.011,1
"ENSG00000251194",0.560233225607281,-0.596966962235789,0.016,0.023,1
"SFT2D2",0.560313992670962,-0.273276961055133,0.178,0.19,1
"TMEM154",0.560330283043826,-0.150643826511564,0.101,0.11,1
"CLDND1",0.560517154339175,-0.121103554865277,0.655,0.649,1
"CD81",0.560625963959784,-0.115996189276505,0.674,0.682,1
"DNM1L",0.560768574400056,0.190592464044575,0.222,0.187,1
"DBP",0.560900340235808,-0.146337636931307,0.077,0.087,1
"SLC25A30",0.560935903067496,0.228697529628414,0.059,0.046,1
"ZNF341",0.561276555608076,0.474461107547827,0.036,0.025,1
"INSIG1-DT",0.561417741072048,-1.07461173197149,0.005,0.011,1
"ENSG00000268027",0.561505432233254,-0.223909699393118,0.155,0.162,1
"C19orf73",0.561551612666775,-0.141667783584972,0.011,0.006,1
"MTIF2",0.561983604103834,-0.41055682075208,0.023,0.026,1
"ZNHIT6",0.561997585091622,-0.19652919006851,0.094,0.09,1
"ISOC1",0.562002842956397,0.322198512084486,0.093,0.07,1
"SNX16",0.562031682458182,0.221054974224956,0.032,0.025,1
"PCCA",0.562297511276405,0.372042112832311,0.041,0.029,1
"ANKRD18DP",0.562323613533349,1.03681258106849,0.011,0.005,1
"CEP19",0.562550924465339,0.303065227716593,0.064,0.046,1
"LPIN1",0.562621821430358,0.164417980783429,0.198,0.165,1
"RASA4B",0.56265149579823,-0.415097621558437,0.009,0.014,1
"IFNG-AS1",0.56269443898998,-0.46312223899421,0.093,0.1,1
"TMEM164",0.56269495618961,0.254329694131042,0.05,0.042,1
"TIGD2",0.562713691602264,1.21825115723396,0.018,0.009,1
"PPP1R13L",0.562994165188525,-0.224204115090618,0.011,0.014,1
"OGG1",0.563001133384267,0.417411229461286,0.021,0.014,1
"RRP15",0.563204254486319,0.298959372205049,0.107,0.087,1
"GBA2",0.563280798744508,-0.1652228749039,0.05,0.051,1
"STARD4",0.563301365936725,-0.172278714025199,0.125,0.119,1
"NCK2",0.563431894627835,-0.12870383129477,0.279,0.295,1
"TRIM26",0.563449607851414,0.1959959643406,0.171,0.144,1
"WIPF2",0.563623375681745,0.217072294624201,0.171,0.142,1
"TMEM127",0.563712845310257,-0.289324568926028,0.135,0.145,1
"ZNF425",0.563861414442338,0.778335674389604,0.018,0.009,1
"IFNG",0.563865779968686,-0.680923975922801,0.016,0.02,1
"ENSG00000265100",0.563922904234058,-1.29693943475005,0.009,0.015,1
"ABCC1",0.564250889211044,0.134264958400439,0.415,0.365,1
"SPAG4",0.564253087665598,0.282976375032664,0.133,0.105,1
"ZIK1",0.56429204504929,0.416045870873889,0.028,0.02,1
"ERLIN2",0.564440734996359,-0.736253797495436,0.016,0.023,1
"UNC93B1",0.564535181797119,-0.301803803561032,0.016,0.019,1
"BABAM1",0.564573432425476,-0.130342335735831,0.165,0.176,1
"GALNT4",0.564648249186745,-0.751834166824097,0.011,0.017,1
"PLCB1",0.564861979993058,0.34486475221096,0.037,0.026,1
"NUS1",0.565012193114801,0.100352912558896,0.141,0.144,1
"NFYB",0.565014313776704,0.365720553201419,0.064,0.054,1
"ITPKC",0.565090651050906,-0.376275469255869,0.034,0.042,1
"LINC02361",0.56513124714403,-0.472853656355707,0.028,0.032,1
"SYT11",0.565224308583553,-0.336406451988821,0.094,0.108,1
"ALMS1",0.56525121771652,-0.176818499541994,0.103,0.113,1
"ZNF345",0.565273264635849,-0.451285091929364,0.08,0.094,1
"HSCB",0.565341382873239,-0.25355260889252,0.053,0.057,1
"CCDC88B",0.565348657499055,0.28999177782176,0.121,0.096,1
"SRGAP3",0.565369237693489,0.402764895172371,0.028,0.025,1
"AHNAK",0.565388783974271,0.204224945881913,0.536,0.488,1
"OGFOD2",0.565459181147973,0.263771495663543,0.037,0.028,1
"IFT43",0.565487107546671,0.264669523945133,0.084,0.065,1
"COG7",0.565508253713568,0.224718213348331,0.082,0.065,1
"GIMAP8",0.565532411541002,-0.574065817216728,0.046,0.056,1
"PRKCH-AS1",0.565731192998998,0.135989402209544,0.141,0.121,1
"DRAM2",0.565733912764402,0.122975712475997,0.11,0.097,1
"LYST",0.565764393616847,0.123782520382064,0.603,0.56,1
"SEM1",0.565944917508823,0.168087928253066,0.436,0.394,1
"PTK7",0.565995541010759,0.285580252840969,0.032,0.023,1
"TNFRSF10B",0.566196474406905,0.251936966304159,0.048,0.039,1
"RHOB",0.566360792228871,0.198716664376867,0.08,0.076,1
"SDR42E2",0.566422212059169,1.00249868648949,0.012,0.006,1
"E2F5",0.566454656909416,0.104508048480946,0.053,0.04,1
"MRPS17",0.566474062242528,-0.248366774171005,0.096,0.108,1
"FAM76B",0.566492420704461,-0.178424739503124,0.16,0.17,1
"IKZF1",0.5666103194474,-0.100719050207549,0.537,0.521,1
"GOLT1B",0.566714848729162,0.234166693575401,0.272,0.232,1
"ROMO1",0.566756660583417,0.102430417737552,0.539,0.484,1
"BAIAP3",0.566766086274482,-0.145542667285425,0.041,0.046,1
"ANGPTL1",0.566929622025931,0.532347301422904,0.041,0.028,1
"GALNT7",0.567509461019812,0.410954384434223,0.116,0.09,1
"TPK1",0.567524101518868,0.653842047391163,0.034,0.023,1
"TMEM68",0.56772345483645,0.249477776460459,0.066,0.049,1
"GNG5",0.56775374676234,-0.100678016661783,0.698,0.7,1
"UAP1L1",0.568093413508489,0.572379314786128,0.03,0.02,1
"ZNF816",0.568157346228893,-0.242688388783184,0.032,0.036,1
"AGPS",0.568235267577449,-0.162515641162805,0.126,0.122,1
"FIG4",0.568338025536191,-0.260643140336329,0.046,0.051,1
"SNAI3",0.568440312354459,0.215951650113612,0.123,0.099,1
"C5orf24",0.568890806245729,0.20667817501334,0.165,0.141,1
"FNIP1",0.568930288573771,0.274382181087408,0.215,0.182,1
"KPNA1",0.568954045544347,0.150213046401286,0.324,0.277,1
"WASH6P",0.568955085901083,-0.639597132326973,0.009,0.014,1
"LINC01128",0.569187132807973,0.49283639391896,0.071,0.059,1
"PRPF3",0.56931500186051,-0.145436460881295,0.167,0.167,1
"ENSG00000265204",0.569507462962534,-0.386738172335388,0.018,0.025,1
"NUCB1",0.569678527014538,0.208712717827058,0.148,0.138,1
"MCAT",0.569958150391209,-0.176151101394368,0.08,0.079,1
"CMPK2",0.570108788298061,0.231456096657575,0.018,0.02,1
"ZNF646",0.570124639114522,0.278977271771709,0.044,0.032,1
"TRMT5",0.570145502201704,0.415436764688204,0.018,0.014,1
"ZSCAN9",0.570395582776094,1.25209068504067,0.011,0.005,1
"HSPA13",0.570500440497784,0.196280041959517,0.194,0.161,1
"IFT22",0.570762358784059,0.530049916698521,0.055,0.042,1
"VAMP1",0.570854687180116,-0.175605862151501,0.039,0.04,1
"BRPF3-AS1",0.570857409682142,-0.548289604049057,0.016,0.023,1
"NCKAP5L",0.570921906386859,0.31352798559133,0.08,0.06,1
"SLC10A7",0.571301824324683,-0.268277567586985,0.044,0.053,1
"MLXIP",0.571394964275198,0.108049205600251,0.181,0.168,1
"DYNLL1",0.571464475068296,0.120971493687491,0.623,0.598,1
"DENND3",0.571464856984884,0.648143858259793,0.032,0.02,1
"PER2",0.571588667915927,0.223102067551046,0.112,0.102,1
"CD63",0.571759639142651,-0.185903803207595,0.155,0.158,1
"UBA6-DT",0.572064988960801,0.245995351663568,0.052,0.039,1
"MIR29B2CHG",0.572119748103594,-0.463185087375465,0.05,0.06,1
"BAG6",0.572148676707772,-0.168317287537093,0.249,0.26,1
"ZNF480",0.572225871739421,-0.218463660291886,0.087,0.096,1
"ZFP37",0.572372631314952,0.816831121195023,0.012,0.006,1
"EXT1",0.572413295917377,0.135946656599812,0.133,0.11,1
"FBXL6",0.572440581481961,-0.303167402574397,0.096,0.113,1
"KIAA1586",0.572442117266605,-0.191680837434158,0.094,0.097,1
"CAMK2N2",0.572867062716182,0.525407601084698,0.034,0.023,1
"MRPL36",0.573032857402636,-0.11042655868878,0.214,0.219,1
"CENPL",0.573187231931103,-0.254625634345336,0.043,0.046,1
"ATF6B",0.573441295706426,0.236610169104511,0.192,0.165,1
"ENSG00000234915",0.573442988787802,0.357018281769995,0.064,0.046,1
"PITRM1",0.573460395416081,0.204259960991529,0.1,0.082,1
"SOAT1",0.573539037365348,0.28543448406098,0.133,0.107,1
"NCLN",0.573574716399133,0.50555714957078,0.055,0.042,1
"MAFK",0.57361942547757,-0.368236255875993,0.06,0.074,1
"TRIAP1",0.573656381901019,0.142384748919833,0.215,0.185,1
"TCERG1",0.573682992789889,0.157979974597707,0.279,0.263,1
"THAP7-AS1",0.57384545674393,-0.757598567301757,0.012,0.019,1
"TRBV10-3",0.573892707962163,0.553002025992128,0.02,0.012,1
"TBC1D32",0.573899278259345,0.460298328649194,0.078,0.063,1
"CCDC6",0.574101954009704,-0.153617564306148,0.103,0.108,1
"PKD2L2",0.574174634564278,-0.36811739933838,0.059,0.066,1
"MIPEP",0.574223977867085,-0.525829702647632,0.014,0.02,1
"ACTR6",0.574423348959116,0.132635357975819,0.18,0.153,1
"GPR65",0.574481822145997,-0.111583838956195,0.171,0.176,1
"ENSG00000240963",0.57456328427018,-0.140350313081564,0.039,0.04,1
"HIF1AN",0.574704788864003,-0.340456627207258,0.096,0.107,1
"KANSL1-AS1",0.574961250931908,0.565819024608816,0.027,0.017,1
"IAH1",0.575029580559055,-0.109966604453276,0.165,0.173,1
"CTSO",0.575331365310319,-0.358060601704549,0.034,0.042,1
"KIR3DL2",0.575342824277401,-0.155880024981497,0.103,0.105,1
"CA11",0.575532382033652,-0.24103240166864,0.025,0.026,1
"ENSG00000291067",0.575630032936631,0.364538575024317,0.1,0.079,1
"BCORL1",0.575797576476231,0.377278877449281,0.023,0.022,1
"ACAA2",0.576095526049843,0.326398235113052,0.089,0.07,1
"GP1BA",0.576113176426487,0.69957553716017,0.012,0.006,1
"ENSG00000291147",0.576206976193069,0.230631722994724,0.11,0.09,1
"ALDH16A1",0.576528414111935,0.219095427866034,0.137,0.111,1
"DEPDC5",0.576615504818044,-0.549630890098317,0.028,0.039,1
"FAM227B",0.576706598924225,-0.826791563350921,0.014,0.022,1
"TRAV22",0.577095603828556,0.432927998553323,0.018,0.011,1
"ENSG00000249492",0.57724823500427,0.186504151267955,0.03,0.026,1
"RHOBTB1",0.577301537340758,-0.123494462509186,0.025,0.031,1
"DDX28",0.577319188104,-0.271157531704677,0.062,0.073,1
"HMGB2",0.577357047771829,0.156454839873536,0.256,0.24,1
"NPC2",0.577702962646567,0.387632406115674,0.069,0.056,1
"TRMT61B",0.577886893846906,-0.232389058635873,0.084,0.087,1
"CASP3",0.578059463284604,0.189498123406125,0.24,0.202,1
"C15orf61",0.578082300419165,-0.258323945142199,0.164,0.179,1
"LINC01473",0.578117933780937,0.390400237766598,0.048,0.039,1
"EIF2B3",0.578148389794503,0.391984171122026,0.069,0.06,1
"TEDC1",0.578288579051302,0.141342393736578,0.116,0.108,1
"SAP30L",0.578444706481779,-0.184747151223514,0.132,0.145,1
"ZNF343",0.578497163757762,0.444426695913943,0.025,0.017,1
"ENSG00000290032",0.57850403749896,0.927756849062233,0.011,0.005,1
"RCN2",0.578596824649915,-0.232637600741298,0.224,0.241,1
"ARIH2OS",0.578668036777657,0.26911170586011,0.018,0.011,1
"H3C10",0.578722109657678,-0.965137265239452,0.012,0.019,1
"ALG13",0.578742531051684,0.121127035101832,0.48,0.425,1
"ANAPC2",0.578830335002325,0.229406948334478,0.11,0.091,1
"CD9",0.57885239369763,-0.161640618480781,0.016,0.014,1
"GPANK1",0.578866456870416,0.221811349573213,0.103,0.082,1
"CASTOR2",0.579086136323563,0.115828444643801,0.041,0.032,1
"PIK3IP1-DT",0.579453783500881,0.434258555890615,0.034,0.025,1
"NDST2",0.579454246066447,-0.256662130577004,0.107,0.116,1
"DOLK",0.579491858746563,0.188121649811736,0.018,0.019,1
"PSMD5",0.579581070364069,0.223566127744479,0.171,0.144,1
"ZDHHC16",0.579641564752704,0.238579666443265,0.1,0.077,1
"LINC02964",0.579736363537777,-0.595299615938242,0.014,0.019,1
"CACNA1C-AS1",0.579755524924035,-0.882312275078819,0.011,0.015,1
"TLN1",0.579756899034878,0.148066958687603,0.281,0.267,1
"TTBK2",0.579761670834596,-0.223635723525839,0.062,0.074,1
"EEF1E1",0.579974482858593,-0.162330528715891,0.158,0.167,1
"ENSG00000289359",0.580209485629853,0.879961654931666,0.014,0.008,1
"CCNJL",0.580255881893743,-0.211559341193985,0.012,0.017,1
"ACTL10",0.580386048449044,0.827420049593637,0.018,0.009,1
"LIPA",0.580461794610812,0.104687625547784,0.062,0.057,1
"CRELD1",0.580463012062168,0.181931591317251,0.059,0.056,1
"IRF1-AS1",0.580653385774818,-0.113157417485792,0.185,0.198,1
"ENSG00000287117",0.580790946510762,-1.06253279801165,0.011,0.017,1
"CD200",0.581342136587769,-1.07121332651392,0.02,0.028,1
"SLC19A2",0.581531227615645,-0.290374980075093,0.041,0.049,1
"PTCD3",0.581650703622531,-0.120797982131212,0.142,0.153,1
"BEST1",0.581811101698441,0.126225717073837,0.415,0.4,1
"LBR",0.581876364503417,0.143069205908425,0.415,0.377,1
"LAGE3",0.581946924061085,0.229814093024168,0.214,0.178,1
"ZNF420",0.582265845912277,-0.255913480615569,0.094,0.105,1
"TMEM42",0.58231846094678,-0.630525458891272,0.018,0.025,1
"ENSG00000228427",0.582380313443358,0.707911613761542,0.014,0.009,1
"TMBIM1",0.582429725692925,-0.18811473404556,0.23,0.243,1
"FANCE",0.582504939254345,-0.460996656841027,0.021,0.029,1
"LINC02482",0.582650704066659,-0.597903270790372,0.012,0.019,1
"ENSG00000242628",0.582686117355881,-0.379658955620622,0.009,0.015,1
"VIRMA-DT",0.582761055524736,-0.157510412972646,0.011,0.009,1
"MFSD8",0.582896743895274,-0.105455594540401,0.11,0.119,1
"G2E3-AS1",0.583073400328418,0.716315006198435,0.016,0.009,1
"SWT1",0.583127660837764,0.324202518440735,0.055,0.045,1
"ATP2C1",0.583203612644645,-0.1853123387052,0.192,0.201,1
"OTUD3",0.583429417410605,-0.4774469209079,0.034,0.04,1
"MOSPD2",0.583567010923761,-0.373971776943137,0.052,0.057,1
"CEP164",0.583877480651746,0.388283642098411,0.062,0.045,1
"JAM3",0.583918597783062,0.315277795577355,0.128,0.113,1
"ENSG00000287100",0.583973688866916,-0.321766034841374,0.009,0.012,1
"MBD4",0.584100455052483,-0.245978069329888,0.253,0.263,1
"MSANTD7",0.584107047135528,0.185014574843918,0.048,0.037,1
"ZNF295-AS1",0.584370544867862,0.398419064793432,0.016,0.009,1
"ZNF304",0.58445535014887,0.592836953394262,0.034,0.022,1
"LILRB1",0.584533991432152,0.705674039865499,0.014,0.008,1
"MIATNB",0.584742988975131,0.278628078920581,0.071,0.054,1
"ADGRG5",0.58495067367728,0.976208454498848,0.012,0.006,1
"HLA-DQA1",0.584978588847627,0.816817073364059,0.018,0.012,1
"ALDH5A1",0.585164316006447,0.670355018149228,0.02,0.011,1
"SLC45A4",0.585319835182195,0.154548576097955,0.066,0.053,1
"TNKS",0.585360777965278,0.162213626125833,0.247,0.207,1
"IL21R-AS1",0.585517322118581,-0.500968889230966,0.016,0.022,1
"ZFP69",0.585563074843888,0.354291422594238,0.028,0.023,1
"PAXIP1-DT",0.585659176301372,0.526703395220725,0.044,0.037,1
"MVB12A",0.585746017126188,0.513491715782025,0.039,0.028,1
"AAAS",0.585849290237428,-0.968902710566069,0.028,0.04,1
"RAB11FIP1",0.585901376926773,0.346642738912181,0.071,0.068,1
"ENSG00000289558",0.58605473533074,1.20783308543711,0.012,0.006,1
"ZNF780B",0.586160363885446,-0.117720752847331,0.077,0.079,1
"TEX22",0.586184229237546,0.424710755586958,0.021,0.012,1
"RUVBL1",0.586475793136368,-0.161089691055914,0.125,0.128,1
"ENSG00000285692",0.586572990287506,0.387114960016193,0.034,0.022,1
"UNK",0.586708969062116,-0.221099592840453,0.098,0.107,1
"HSD17B11",0.586761022778045,-0.145601499523394,0.215,0.212,1
"FAM229B",0.586784575479883,0.527952725749175,0.034,0.025,1
"ARL8B",0.586792590913366,-0.109314811830017,0.329,0.329,1
"IFT25",0.587138732331267,-0.119019278433673,0.135,0.148,1
"SPAST",0.587277990133159,0.290662085561141,0.13,0.108,1
"MICU1",0.587911990495497,-0.210862442834725,0.085,0.091,1
"TMEM184C",0.587996685457926,-0.243344932712713,0.123,0.128,1
"CD44-AS1",0.588025582168679,-0.290251580807845,0.043,0.048,1
"ENSG00000291063",0.588114754940644,0.654025885353698,0.039,0.031,1
"SH3BP1",0.588184673679725,-0.358360912508989,0.039,0.049,1
"TOGARAM2",0.588462362469887,0.496096883153707,0.014,0.012,1
"PKN1",0.588691195041657,0.196342893064423,0.301,0.26,1
"KIZ",0.58872180668338,-0.125908308418884,0.107,0.105,1
"EID3",0.588852925054563,-0.41671744949248,0.062,0.07,1
"IDNK",0.588890032706955,0.294329601238432,0.028,0.025,1
"ZNF236",0.588982049426382,-0.253090608053129,0.094,0.1,1
"ERLEC1",0.58903887573467,-0.141939837274471,0.26,0.267,1
"NPIPB11",0.589088470186935,0.429081042269913,0.021,0.012,1
"NAA35",0.589094511718532,0.194593259026972,0.185,0.15,1
"SMIM20",0.589199838184033,-0.430457516608333,0.053,0.062,1
"BLTP3B",0.589462124411341,-0.151832690406211,0.167,0.178,1
"GMFB",0.589600434475297,-0.121429071931879,0.162,0.161,1
"LINC00863",0.589633561643322,0.154855570295488,0.077,0.062,1
"RUFY2",0.589678096027064,-0.109636170285786,0.084,0.076,1
"NDUFAF8",0.589954913986812,0.214486005390902,0.235,0.198,1
"FNBP1L",0.589974239866625,-0.185649493707201,0.02,0.019,1
"MACROD1",0.590076656428387,0.681351760244033,0.023,0.015,1
"STAM",0.59030392189037,0.149098234270428,0.363,0.326,1
"C17orf67",0.590468387968921,0.103986173336504,0.028,0.02,1
"ZNF615",0.590692724172962,0.204147433282157,0.053,0.057,1
"BANF1",0.590791143198176,-0.177106062516241,0.308,0.311,1
"SCAF4",0.590949060350891,-0.184799819241161,0.21,0.218,1
"FLYWCH1",0.591140370046355,0.545257389896338,0.041,0.032,1
"CIAPIN1",0.591485301968197,0.300316446832617,0.144,0.114,1
"SLC35B4",0.591507091244131,-0.457472338431532,0.03,0.039,1
"ATAD2",0.591632219066525,0.695156417381082,0.046,0.032,1
"BCDIN3D",0.591678184510109,-0.139405116490353,0.048,0.045,1
"PPP2R1B",0.591734655964016,0.160261872142739,0.082,0.076,1
"SUSD6",0.592028849588361,0.118754623652312,0.123,0.099,1
"EEFSEC",0.592098313006802,-0.217980474843028,0.071,0.074,1
"HDAC4",0.592122805696301,-0.183491748335196,0.117,0.125,1
"HAUS8",0.59212904780997,-0.264481681350095,0.039,0.037,1
"ENSG00000289928",0.592160467331672,0.409527886840128,0.011,0.006,1
"YPEL2",0.592332443892834,-0.256075214019011,0.164,0.17,1
"IFI27L1",0.592641307567391,-0.471006128758038,0.023,0.031,1
"STAMBP",0.592794475303529,-0.183601192520807,0.101,0.108,1
"COG3",0.592806854033494,-0.125942953397059,0.208,0.221,1
"PDSS1",0.592848127986564,0.171280305926472,0.039,0.04,1
"RBM33-DT",0.592891224839441,-0.184850269944918,0.025,0.029,1
"LINC01934",0.592963633186502,0.240751482161174,0.06,0.059,1
"GPKOW",0.593071273451227,-0.224727105413315,0.128,0.141,1
"PLA2G12A",0.593088256004684,0.235336116926451,0.077,0.06,1
"PIGC",0.593262756534382,-0.233441955894475,0.112,0.128,1
"DMAC2",0.593508587222361,-0.244494044312229,0.082,0.085,1
"TMEM116",0.593518056818519,-0.537103916576791,0.028,0.036,1
"TCAIM",0.593734631990462,0.179795996055057,0.046,0.032,1
"P2RY14",0.59388255028175,0.401851088460569,0.014,0.011,1
"LUC7L3",0.593991161165049,-0.145400185549607,0.368,0.363,1
"CMC1",0.59404961366964,0.120334940496021,0.203,0.201,1
"NEK4",0.59420324234535,0.480057088790831,0.053,0.037,1
"ENSG00000289303",0.594292556431825,1.51806753832872,0.011,0.005,1
"NSMCE2",0.594377496678787,0.293646234850787,0.178,0.144,1
"PRKCQ-AS1",0.594400444757669,-0.127145125941497,0.302,0.287,1
"ENSG00000258317",0.594706318601353,0.721145509232709,0.018,0.011,1
"ALDH18A1",0.594839386833725,0.448151526955221,0.05,0.037,1
"MACIR",0.594873861767288,-0.259194982095046,0.014,0.02,1
"HDAC10",0.594874180991496,-0.104729273277876,0.087,0.097,1
"ZMAT5",0.594929828967991,-0.46327202327679,0.046,0.057,1
"AMOTL1",0.594973848333858,-0.183365059537796,0.005,0.011,1
"CHAF1B",0.594993220896521,0.948378759390787,0.016,0.009,1
"TTC32-DT",0.59500235989851,0.699428756643166,0.012,0.006,1
"ST3GAL6",0.595050871334148,-1.02484518651111,0.005,0.011,1
"CDC7",0.595095603596279,0.504828530366825,0.055,0.04,1
"MICAL3",0.595151306744227,-0.677047845663397,0.018,0.025,1
"PITPNA-AS1",0.595286108715029,-0.46822473100106,0.046,0.056,1
"RAB24",0.595348286492894,-0.250650579764747,0.08,0.088,1
"SLC25A38",0.595597836554873,0.236522100039289,0.174,0.144,1
"ENSG00000219410",0.595693708026119,-0.279374301056975,0.041,0.049,1
"ENSG00000289929",0.595729148694624,-0.780679735157883,0.011,0.017,1
"MIEF1",0.595801481991946,-0.151596263481022,0.062,0.062,1
"TBC1D10A",0.595993031631608,-0.309313052653672,0.116,0.125,1
"UQCC6",0.596046603403546,-0.163210378537437,0.055,0.056,1
"IFIT3",0.596127857114318,-0.524385002830991,0.012,0.019,1
"ENSG00000288999",0.596296971299259,-0.237929084464263,0.028,0.028,1
"STX11",0.596363392137667,0.133925200087351,0.254,0.218,1
"ZNF777",0.596624684390431,0.171887838478271,0.06,0.051,1
"SNX12",0.596796852469211,0.36824697034994,0.062,0.048,1
"ENSG00000291207",0.596801324496966,0.13066078696251,0.109,0.093,1
"DPYD",0.596921327524038,-0.188986745522297,0.292,0.304,1
"ARHGAP19",0.596941026607869,-0.342151152186569,0.016,0.02,1
"SBF2",0.596993162439118,-0.215162958944149,0.048,0.053,1
"FBF1",0.597416998538567,0.468306540762336,0.032,0.023,1
"SLC27A3",0.597597471904382,0.826258682999453,0.021,0.012,1
"SLC35A5",0.597664823205253,-0.323907543407599,0.03,0.039,1
"SCGB3A1",0.597710177382631,0.555914650571248,0.027,0.017,1
"MCEE",0.597834742352627,0.436333982973393,0.034,0.023,1
"H2AC13",0.597852258947713,-0.8500051047675,0.014,0.022,1
"RAD23A",0.598037814245284,0.112887034948407,0.45,0.416,1
"YIPF2",0.598071388986262,0.137903051486882,0.1,0.079,1
"NNT-AS1",0.598182322325724,0.691475853808602,0.041,0.026,1
"TFAM",0.59818701818738,0.179837069318646,0.254,0.219,1
"HES6",0.59829369472071,-0.612321664305136,0.007,0.012,1
"SVBP",0.598402243020861,-0.231424188760584,0.094,0.1,1
"IFFO2",0.59844988256766,0.143330102048113,0.126,0.107,1
"PLEKHB1",0.598501933456266,0.298770005590106,0.027,0.017,1
"NINJ2",0.598647341901594,0.631468075897436,0.018,0.011,1
"NAT14",0.598956321817854,0.294099439006812,0.025,0.019,1
"ARL5A",0.599048562442274,-0.1975962062272,0.212,0.227,1
"UBE2Q2P13",0.599065673090752,0.387106756032206,0.016,0.009,1
"ELF1",0.599098385966251,-0.101038677623357,0.587,0.584,1
"FAM174B",0.599189526292859,0.326012254105512,0.023,0.017,1
"EVA1C",0.599222153183635,0.266808884946275,0.032,0.022,1
"MTMR12",0.599255223422383,0.180776350252563,0.085,0.074,1
"DIXDC1",0.599389787863432,0.607683728948783,0.02,0.019,1
"HHIP",0.59955680208448,-0.943592287275968,0.007,0.012,1
"ZBTB8OS",0.599707658059441,0.115581574685032,0.208,0.181,1
"SPATA5L1",0.599715604573665,0.161448694685335,0.041,0.042,1
"ZNF337-AS1",0.600032436902122,0.691668626582138,0.02,0.011,1
"C9orf40",0.600134309093512,-0.438823709295344,0.021,0.028,1
"MMP9",0.600309428740412,-0.319561588881856,0.018,0.019,1
"LRP10",0.60046418040164,-0.158843955219597,0.233,0.249,1
"AMPD3",0.600682978120203,-0.346100220607483,0.032,0.039,1
"ENSG00000230735",0.600826769759092,0.125786652040473,0.082,0.068,1
"RTCA-AS1",0.600856773187585,-0.595554797877369,0.011,0.011,1
"ING2",0.600996036037736,0.219341486688304,0.066,0.057,1
"PACS2",0.601023869672504,-0.175984312630395,0.069,0.077,1
"ENSG00000258824",0.601135034384748,0.681286663316936,0.016,0.009,1
"GEMIN2",0.601304455187204,0.266325253532456,0.055,0.043,1
"MTMR1",0.601409881905152,0.260400721015576,0.13,0.107,1
"ENSG00000285730",0.601605675753731,-0.771409976653495,0.014,0.022,1
"DNAJC3",0.601609727410346,0.1381161907079,0.274,0.235,1
"ENSG00000249602",0.601612738420131,-0.857920667120433,0.009,0.014,1
"AP1B1",0.601698001469283,0.281927846199627,0.114,0.09,1
"LINC01550",0.601746687376364,-0.583687721184404,0.025,0.029,1
"CWC22",0.60181951529936,0.210122650966336,0.217,0.182,1
"SAMD9L",0.601880175214024,-0.350306002975587,0.046,0.054,1
"ZBTB21",0.601905654032068,0.210372688875077,0.139,0.113,1
"ENSG00000272078",0.601919924415045,0.331081677427307,0.021,0.014,1
"EPSTI1",0.601927494307514,-0.280091022435984,0.178,0.196,1
"MALSU1",0.602013527221527,-0.126544650995988,0.153,0.167,1
"GGPS1",0.602028357127713,-0.233299455377134,0.133,0.144,1
"CRYBG3",0.602279424361978,0.823978782057465,0.014,0.008,1
"ECT2",0.602542989808741,0.592142577759718,0.011,0.008,1
"RSBN1L",0.602619624636883,0.161079629123265,0.329,0.292,1
"ATG101",0.602661658910285,0.214932154507378,0.174,0.142,1
"TCEANC",0.602776755034438,-0.24986428860726,0.021,0.026,1
"ZNF593",0.603003958801234,0.143662045720346,0.142,0.128,1
"C2CD5-AS1",0.603013826987806,0.29395141837659,0.055,0.04,1
"DNMT3A",0.603217513715245,-0.174190608792879,0.125,0.136,1
"TMEM191C",0.603473508747691,-0.556739238981569,0.007,0.012,1
"PNPLA7",0.60358745544218,0.518843889484518,0.016,0.009,1
"SLC26A6",0.60361610756393,0.623490072033739,0.014,0.011,1
"NR2F6",0.603767466320481,1.12564579366952,0.012,0.006,1
"PPIH",0.603953779553269,0.120647944945449,0.148,0.131,1
"ENSG00000290948",0.604222921955545,-0.151245509278635,0.041,0.049,1
"LMO4",0.604261544444167,-0.358625704573545,0.066,0.071,1
"MCCC2",0.604406686270538,-0.100229489293107,0.132,0.139,1
"TFDP2",0.604544946902665,0.194387569471438,0.274,0.238,1
"FAM13A",0.604598821117803,0.152879831575902,0.105,0.085,1
"C18orf32",0.604720643000802,0.103778466869031,0.358,0.329,1
"SLC9A3",0.604804979575819,0.403083012076875,0.028,0.019,1
"UST",0.604844188227983,0.134245396514773,0.228,0.195,1
"SMC2",0.604867626334203,-0.251594449199629,0.036,0.042,1
"ARPC4",0.604919628024904,0.118018201474586,0.329,0.309,1
"PHKB",0.605244581419923,-0.195531588561829,0.146,0.145,1
"ZNF25",0.605371807618081,-0.335145065056193,0.023,0.031,1
"DTHD1",0.605414172033423,-0.396006121834048,0.021,0.02,1
"ENSG00000267379",0.605622614838299,-0.44666779127115,0.028,0.036,1
"XCL2",0.606070349841043,0.440468022700622,0.085,0.085,1
"ENSG00000231329",0.606168547235717,-0.285259723346175,0.025,0.031,1
"LINC01588",0.606192482740635,-0.480918658032225,0.025,0.034,1
"MTUS1",0.606265840779733,-0.393549621819424,0.007,0.011,1
"ASTL",0.606431079723314,0.50324573007776,0.03,0.02,1
"CLIP3",0.607072587335448,-0.539554264048205,0.021,0.029,1
"C3orf38",0.607148747972616,-0.157330029462271,0.128,0.134,1
"PGM1",0.607255014930912,0.161601359671605,0.093,0.079,1
"ZNF691",0.607565168998453,0.218602981998199,0.041,0.037,1
"THAP5",0.607711936806561,0.265844004312421,0.112,0.091,1
"ENSG00000290548",0.607966080582256,-0.2023030996492,0.077,0.085,1
"BIRC6-AS2",0.608176533900577,0.35043964283471,0.091,0.071,1
"GK5",0.608198846289229,0.51978271136927,0.057,0.042,1
"CHPF2",0.608206231517543,0.292376692393514,0.091,0.071,1
"ACP6",0.608324688722164,0.478517385378423,0.018,0.011,1
"POLM",0.608471988271965,0.281350631001228,0.071,0.056,1
"DCHS1",0.608644691471542,-0.318032455318513,0.016,0.02,1
"MIR222HG",0.608695883457163,0.54499242603178,0.018,0.012,1
"C14orf39",0.608788178193202,-0.526510720703378,0.018,0.023,1
"ENSG00000290453",0.608812465075776,-0.454202571583245,0.03,0.037,1
"GP6-AS1",0.609096509461261,0.368883513331464,0.027,0.017,1
"FGFBP2",0.609276019421614,0.341249902400746,0.105,0.08,1
"LINC00205",0.609504574349553,0.582445462737053,0.011,0.009,1
"NBPF15",0.609714371531318,-0.411704274313786,0.02,0.026,1
"CDKL3",0.609814642065952,-0.825972261314921,0.02,0.026,1
"SELENOO",0.609900459183915,0.253744909086999,0.262,0.223,1
"ZNF367",0.609902357462655,0.536635553852569,0.014,0.009,1
"ATL3",0.610071430645917,-0.214838567565894,0.091,0.099,1
"RASSF2",0.610151451045066,0.18221092081107,0.292,0.246,1
"IRAK4",0.610386252156364,0.215003318541181,0.133,0.111,1
"LINC02649",0.610610063284213,0.347982398142981,0.032,0.026,1
"BID",0.610727936464277,-0.282678337276888,0.164,0.173,1
"MRPL50",0.610732782955985,-0.125439410962839,0.217,0.207,1
"MMGT1",0.610828116219931,0.225414433216291,0.185,0.155,1
"MEF2A",0.610932002200731,-0.128284189274533,0.231,0.233,1
"CLPTM1L",0.610955972956031,0.175039005546756,0.228,0.196,1
"TMEM121",0.611012932405987,-0.223368282847912,0.014,0.02,1
"DDA1",0.611099991833706,-0.103534902406661,0.203,0.213,1
"ENSG00000290383",0.611199256375609,0.255233152611534,0.036,0.026,1
"TRAPPC13",0.611404364190185,0.193809635525479,0.071,0.054,1
"TRBJ1-5",0.611620246885261,-0.410370724094911,0.007,0.011,1
"GLMN",0.611705289854118,0.204828730176296,0.231,0.196,1
"NFATC3",0.611713559491705,0.227643233195742,0.262,0.224,1
"TRANK1",0.611844343018818,0.202852586033341,0.178,0.148,1
"ZFAT",0.611900096783811,-0.435279569306129,0.034,0.04,1
"TRIM32",0.611946893998644,-0.219269826183019,0.028,0.032,1
"ATRN",0.612022705475683,-0.339046629939084,0.068,0.077,1
"ALKBH7",0.61211501860156,0.117148191844784,0.356,0.309,1
"SPDYE2B",0.612383503837499,-0.739788564703752,0.009,0.014,1
"KLHL3",0.612582456467683,1.15274936382666,0.012,0.008,1
"WDR35",0.612688495356655,0.297350225159239,0.148,0.121,1
"CHST14",0.612743317247013,0.531497324747418,0.027,0.017,1
"NDUFAF6",0.61317580016268,-0.139305978844493,0.135,0.144,1
"EXOSC3",0.613388019950145,-0.158782870121522,0.199,0.204,1
"BTLA",0.613611031426495,0.811725365159689,0.012,0.006,1
"DHRS3",0.613619636494945,-0.442729736214973,0.057,0.073,1
"YWHAE",0.613636602234944,0.140992886842886,0.409,0.366,1
"CDK9",0.613640960500767,-0.140904357354651,0.231,0.238,1
"DMGDH",0.613682229473887,-0.590373444442992,0.012,0.017,1
"APOL2",0.613939167019138,0.222753839260934,0.053,0.039,1
"MCUR1",0.613991838454535,-0.267186142053416,0.087,0.097,1
"BBIP1",0.614012489852746,0.249216816083623,0.137,0.111,1
"EML6",0.614089986382093,-0.117489878191394,0.023,0.022,1
"SLC16A10",0.614125541945239,0.190631027621916,0.132,0.121,1
"ENSG00000285612",0.614612885968854,0.449645223097196,0.057,0.04,1
"FAM217A",0.614636102840233,0.700092196770632,0.011,0.006,1
"TMEM160",0.614858607922011,-0.128072403885481,0.228,0.24,1
"SVIL",0.614897753814758,0.157771976072224,0.16,0.134,1
"PRC1",0.615069458082046,-0.306232105475413,0.018,0.025,1
"C10orf143",0.6150821044588,0.559158707511163,0.021,0.014,1
"EIF4EBP3",0.615244236058554,0.367740573158951,0.055,0.04,1
"BBS12",0.615629682221172,0.374575018820283,0.018,0.011,1
"TXNDC9",0.616105639291462,-0.201128708063902,0.198,0.206,1
"DYNC2H1",0.616126812131532,0.513836944557589,0.018,0.014,1
"SPSB1",0.616397634827747,-0.36028077928412,0.077,0.088,1
"ENSG00000258181",0.616438681238535,1.45281894895269,0.012,0.006,1
"TNPO2",0.616464467780403,0.252190217445402,0.053,0.04,1
"COQ9",0.616535046171348,0.327287072434264,0.062,0.046,1
"GOLGA7",0.616635379703763,-0.125169967634673,0.342,0.36,1
"FDPS",0.616834614473014,-0.140123554837541,0.187,0.195,1
"GMDS-DT",0.616955463681467,0.315917372981615,0.1,0.077,1
"CCDC85C",0.616978077760983,0.100850035228718,0.139,0.116,1
"DMXL1",0.617083881198962,0.227121300500421,0.158,0.131,1
"ZSWIM3",0.617329564728464,0.308032026801483,0.046,0.032,1
"GNG10",0.617348665908684,-0.275415935637031,0.137,0.147,1
"PKNOX1",0.617760883623083,-0.258486640552059,0.087,0.096,1
"SLC7A6OS",0.617814679329878,-0.157748387808076,0.151,0.161,1
"NBEAL1",0.61787751239793,-0.114292020402065,0.246,0.252,1
"GBP3",0.618535301455499,0.410910570629549,0.08,0.06,1
"SLC46A3",0.618644105004725,-0.292074689124661,0.025,0.029,1
"CRELD2",0.618767150788607,-0.264377952803132,0.139,0.153,1
"EPG5",0.618849316105336,-0.133087954208539,0.053,0.048,1
"GFPT1",0.619035845861863,-0.131680875844994,0.237,0.241,1
"ATG9B",0.619494483895262,0.368642805316981,0.023,0.017,1
"MAP3K2-DT",0.619497875994129,0.230325635561603,0.041,0.032,1
"PAIP2B",0.619544261151964,-0.692235954935753,0.014,0.02,1
"RASGRF2",0.619589263715028,0.26706152516909,0.027,0.026,1
"VEGFB",0.61972936544978,-0.217256559194964,0.142,0.155,1
"PSMA3",0.619744439799931,-0.167829096851028,0.388,0.391,1
"ENSG00000286223",0.619991947911616,0.534434003304057,0.023,0.017,1
"SLAMF7",0.620089197879302,-0.748613656252566,0.014,0.02,1
"ZNG1B",0.62014878582663,-0.149111947046689,0.201,0.21,1
"C6orf226",0.620166664603432,-0.240765030401463,0.109,0.114,1
"PLS3",0.620178031259174,-0.424131349410193,0.007,0.011,1
"SEC63",0.62031999793786,0.157468400867928,0.231,0.198,1
"ZDHHC11B",0.62043881597074,0.999777596053542,0.012,0.008,1
"COMMD9",0.620842732758504,-0.314336980912193,0.077,0.088,1
"GALR2",0.620981694423626,-0.241574103214663,0.014,0.011,1
"PPP3CC",0.621268491796025,0.131877987188013,0.488,0.434,1
"HTATIP2",0.621282465629119,-0.248387802727724,0.062,0.065,1
"UHRF2",0.621621906456375,0.106423357975653,0.215,0.184,1
"ADAM8",0.621643297727747,0.153118861516389,0.149,0.127,1
"ZC3H18",0.621664169633435,0.172191014244366,0.295,0.261,1
"MRPS5",0.621763705426627,-0.176713427184209,0.221,0.236,1
"RAD51B",0.621881836361872,0.233420671287402,0.1,0.08,1
"ZNF282",0.622093510248954,-0.127383531017524,0.044,0.039,1
"MAVS",0.622169983183108,0.130197516949138,0.044,0.043,1
"NBPF12",0.622178907798427,-0.171505677556142,0.121,0.122,1
"LINC01135",0.62223462373975,0.648598770045599,0.018,0.012,1
"IL1RAP",0.622332351550365,0.320399738824516,0.05,0.045,1
"MEX3D",0.622761437945896,-0.75121750094906,0.016,0.022,1
"VGLL4",0.622872666266778,-0.159453519901473,0.169,0.181,1
"POLR2J",0.622957424601156,-0.133725298475451,0.29,0.281,1
"ENSG00000267364",0.62302529408537,-0.511693513937348,0.02,0.023,1
"PRKAR1B",0.623057560459505,0.397925656341704,0.082,0.062,1
"DTNBP1",0.623290704933322,-0.139069778561424,0.144,0.15,1
"FASTKD3",0.623323258125035,-0.137828045915067,0.041,0.048,1
"IFI6",0.623751838407594,0.153290566704739,0.198,0.195,1
"ZNF234",0.623806328972879,0.417247690551795,0.06,0.046,1
"PCIF1",0.623847227625064,-0.172315178963117,0.278,0.287,1
"ZNF561-AS1",0.624166802169744,0.406287164808585,0.028,0.02,1
"USP22",0.624170424988721,0.120637311096568,0.238,0.213,1
"PELO-AS1",0.624174633626076,0.681754834292192,0.011,0.008,1
"MDN1",0.624188166855963,-0.213638911124398,0.078,0.087,1
"TTC24",0.624223135394809,0.454657361667377,0.052,0.039,1
"ADARB2",0.62450062586285,0.898038758662665,0.014,0.008,1
"AHSA1",0.624515339941169,-0.111698870626501,0.265,0.274,1
"OTULIN",0.624741206925416,0.206060587822799,0.299,0.255,1
"PITPNA",0.62502501408239,0.195346789600945,0.265,0.226,1
"ALKBH6",0.625030652340804,-0.320315695210262,0.068,0.073,1
"CCDC85B",0.62529321295929,0.235837109511611,0.311,0.274,1
"PCCB",0.625350392022561,-0.153401608086502,0.068,0.068,1
"HOOK1",0.625460701184745,0.293799462007695,0.034,0.025,1
"ENSG00000288915",0.625477191505128,0.413088630412538,0.043,0.034,1
"PARL",0.625477974734894,0.123906018786401,0.246,0.209,1
"ENSG00000275180",0.625500619276545,-1.10491049288823,0.007,0.012,1
"RMI1",0.62563391955476,0.435592541337471,0.03,0.022,1
"ARHGAP39",0.625795490648313,-0.866333679001982,0.007,0.012,1
"SLC2A11",0.625908033104462,0.340761205562468,0.032,0.023,1
"SLFN12",0.625972148001331,0.490385548241628,0.062,0.045,1
"RBM11",0.626081305484372,0.709846402181851,0.011,0.006,1
"KIR2DL4",0.626318877978094,0.465697812328867,0.012,0.009,1
"MAPK6",0.626411275355702,0.248345491043411,0.146,0.122,1
"SYNC",0.626416882976663,-0.1399438393599,0.176,0.173,1
"SPRED2",0.626530819344361,0.329716676383511,0.037,0.028,1
"TDRD3",0.626551216911656,0.287928982898756,0.103,0.083,1
"ENSG00000229368",0.626729943150695,0.646055626179608,0.014,0.008,1
"BRD3OS",0.626814006057742,-0.253694539001384,0.032,0.036,1
"PKD1",0.627116555397795,-0.641039219155598,0.021,0.026,1
"TRBV23-1",0.627204964645778,-1.08454010597241,0.007,0.012,1
"PIK3C2A",0.627210414538265,0.26919225926416,0.21,0.179,1
"DUSP14",0.627254699532572,-0.247179737718987,0.144,0.153,1
"DNAJC18",0.62737059186267,-0.34489619300642,0.036,0.043,1
"ARHGEF35",0.627619302471848,0.798757255365788,0.012,0.008,1
"ACTL6A",0.627842318049069,-0.239402764889427,0.119,0.13,1
"CERS5",0.627860530436322,0.170503612576651,0.128,0.105,1
"VAV3-AS1",0.628002785297588,0.704414258157062,0.012,0.008,1
"TAF12",0.628015211113281,0.24659647934959,0.137,0.119,1
"DAPP1",0.628036324049693,-0.544951170465632,0.012,0.015,1
"TAMM41",0.628239017063739,0.153169007965034,0.064,0.054,1
"PRDX3",0.628424754667157,-0.122622796494818,0.189,0.201,1
"COMMD3",0.628443233227174,-0.103774799628208,0.148,0.161,1
"ABAT",0.62858562953243,0.22354316512658,0.059,0.054,1
"ENSG00000259007",0.628591437255222,-0.370154463550164,0.032,0.037,1
"RPF1",0.628703826234948,-0.154976346526719,0.162,0.165,1
"ZNF26",0.628714035483927,0.117383599018327,0.08,0.068,1
"UTP20",0.628790666374347,0.128215723189184,0.064,0.059,1
"DYM",0.628924805779128,-0.152230385141659,0.24,0.244,1
"ENSG00000291117",0.628942961950481,-0.107151721466876,0.085,0.09,1
"AFF3",0.628966395852343,0.391870504446627,0.094,0.08,1
"ZHX2",0.629020065809394,0.11637355115792,0.653,0.595,1
"TOLLIP",0.629354280004407,0.13192022763272,0.169,0.142,1
"TTI2",0.629391413134034,-0.353443967774593,0.044,0.053,1
"NOL6",0.629417790452127,0.139440769832663,0.048,0.037,1
"ABCD4",0.629481002894366,-0.180880504433215,0.105,0.114,1
"AGPAT3",0.629585855572004,-0.108298323942065,0.117,0.122,1
"TRAPPC5",0.629629566612764,-0.116971006309384,0.333,0.338,1
"ALG11",0.629893949673319,-0.181899390898294,0.094,0.097,1
"QPCT",0.62992251402303,0.292875964475347,0.016,0.015,1
"ENSG00000288925",0.629996676000511,-0.690078156549094,0.021,0.028,1
"USP27X",0.630076240120646,0.638147992329745,0.027,0.017,1
"MAIP1",0.630083403747611,0.153859841402479,0.082,0.074,1
"EML1",0.630186160932271,0.634176847549038,0.011,0.006,1
"RNF157",0.630219857906094,0.385506065329514,0.011,0.006,1
"RNASEH1",0.630252239267431,-0.123182949908269,0.123,0.131,1
"TRAT1",0.630438504757785,0.106538018835972,0.528,0.474,1
"ZDHHC12",0.630470702199448,0.125372381590706,0.133,0.119,1
"COA7",0.630472984091845,0.388973060891183,0.02,0.012,1
"MAK",0.630483114403298,0.433995133724228,0.018,0.017,1
"ILKAP",0.630762611906184,0.12454823352833,0.329,0.289,1
"PSMG4",0.630766668674612,-0.41356992855307,0.05,0.059,1
"UBE3D",0.630839483097981,0.279186581758056,0.039,0.029,1
"PAFAH1B3",0.630961901337374,0.356477301366304,0.087,0.076,1
"ABHD14A",0.630979805786501,0.177538628173157,0.039,0.031,1
"GDPGP1",0.631018874564497,-0.716146644118951,0.012,0.014,1
"SLC1A4",0.631046010567315,0.201240372664233,0.075,0.066,1
"UBASH3B",0.631419956989311,0.364493044857546,0.075,0.06,1
"ZNF407-AS1",0.631474297687149,-0.125527867521956,0.078,0.076,1
"MLH3",0.63163796511654,-0.417459312601244,0.027,0.032,1
"FASTK",0.631916361153826,0.26102119491193,0.139,0.116,1
"POLR1F",0.632063788021501,0.284035811629932,0.174,0.148,1
"ZNF280B",0.632226876770309,0.893596731040611,0.014,0.008,1
"RANBP3",0.632276074608622,0.170087432249566,0.203,0.173,1
"SCLT1",0.632308203507092,0.168244610925411,0.276,0.235,1
"LAMP1",0.632586349636497,-0.142914387268026,0.304,0.297,1
"DONSON",0.632628154282434,-0.270608801977045,0.052,0.06,1
"NUP133",0.632728256278954,0.132134517946736,0.164,0.155,1
"AKAP7",0.632789198175275,0.477245273608564,0.034,0.023,1
"HSDL1",0.632900486341798,-0.286121893541561,0.08,0.087,1
"SUCLA2",0.633049965016623,0.142716490379143,0.169,0.161,1
"TBCC",0.633061190693924,-0.122018798539403,0.343,0.335,1
"PSMG2",0.633134413639619,-0.109947217875645,0.345,0.348,1
"PLEKHJ1",0.633238900621554,0.103272949252456,0.181,0.17,1
"H4C16",0.633430351465857,-0.178939246631469,0.037,0.039,1
"ZNF525",0.633835464464442,-0.259369807490445,0.03,0.037,1
"ENSG00000291299",0.633840573775506,0.702310141328915,0.025,0.017,1
"POFUT2",0.633927279102375,0.2061200919755,0.148,0.121,1
"PAX8-AS1",0.634071069317886,0.416956052979046,0.034,0.025,1
"ENSG00000289055",0.634193033101811,-0.328153331484827,0.018,0.02,1
"GTF2H2",0.634238795959488,-0.112633734973926,0.041,0.049,1
"ENSG00000291107",0.634437936789927,0.139955152336495,0.251,0.221,1
"ENSG00000271204",0.634974497067981,0.432860765165013,0.034,0.023,1
"ESYT1",0.635098019085803,-0.142152356839364,0.194,0.201,1
"RASA4",0.63512753753733,0.349169232800985,0.028,0.025,1
"STX10",0.635254762090793,0.112311654457384,0.08,0.083,1
"GRN",0.635392236089672,-0.359403293955218,0.037,0.045,1
"MDM1",0.635474577044884,-0.19670838057075,0.028,0.032,1
"TSPAN5",0.635584410224781,-0.118407230111435,0.089,0.097,1
"VPS54",0.635585027270565,0.201217090996265,0.116,0.093,1
"SLC40A1",0.635788367382099,0.555279632429496,0.016,0.009,1
"TMEM14C",0.635788594494163,-0.187672142783333,0.169,0.181,1
"RBM34",0.636076512511474,-0.216134031515966,0.123,0.131,1
"TRIM25",0.636145569181171,0.221683505213385,0.064,0.062,1
"MAST3",0.637140306579533,-0.543605609794977,0.014,0.02,1
"TSR2",0.637142144432428,-0.313980576711894,0.157,0.17,1
"GHDC",0.637222601264742,-0.284145380945577,0.014,0.019,1
"C16orf46",0.637367693876188,0.448752410805716,0.03,0.02,1
"ZNF106",0.637533293446011,0.162668619702424,0.176,0.148,1
"CTSA",0.63754801265288,0.246714362251767,0.107,0.093,1
"MYH11",0.637560543881289,-0.267332533963112,0.016,0.014,1
"GNAL",0.637644716967071,0.69469362004001,0.018,0.011,1
"ASH2L",0.637847598521412,-0.118970475016884,0.119,0.121,1
"ENSG00000289277",0.638058358949452,0.96954382089823,0.011,0.006,1
"KMT5A",0.638221959292893,-0.210816505640242,0.116,0.124,1
"N4BP2",0.638233939853834,0.303608001838189,0.151,0.124,1
"IFT74",0.638332792873544,0.323546852353212,0.064,0.048,1
"EIF4EBP1",0.638456171480138,0.286578584311385,0.133,0.111,1
"MEGF9",0.638698673548637,-0.385908278514179,0.052,0.059,1
"CLEC16A",0.638824867689628,0.159022275066602,0.123,0.1,1
"HSPA2",0.638915623929037,-0.374134462424429,0.014,0.019,1
"ABALON",0.639297821358131,-0.647759939554086,0.007,0.011,1
"TMEM86B",0.639777602888243,0.646432290504174,0.011,0.006,1
"CCDC102B",0.639787200117533,-0.647604057481077,0.012,0.019,1
"ITGB1",0.639792972238044,0.131850354406688,0.301,0.269,1
"CCDC144BP",0.639818314339909,0.561931167476744,0.044,0.032,1
"ENSG00000289340",0.640193134475921,0.696176415986399,0.014,0.008,1
"MIR3667HG",0.640287945319267,0.28054326969191,0.071,0.057,1
"DGCR2",0.640308539167517,0.146812499944557,0.126,0.104,1
"PDRG1",0.640821250657145,0.210562117420208,0.094,0.074,1
"ZNF439",0.640828399377376,0.363816261176638,0.036,0.028,1
"TMEM129",0.640981409702829,0.36924687520862,0.059,0.045,1
"PPP2CB",0.64098785525502,0.218637878625711,0.126,0.105,1
"ZPR1",0.641090794933956,0.198416389826439,0.235,0.202,1
"ZNF862",0.641096032856077,0.121519292207859,0.064,0.059,1
"RFC4",0.641112491227431,0.104762013425176,0.036,0.037,1
"ZNF616",0.64141136569859,-0.271313071973794,0.011,0.014,1
"STRADB",0.641577653117399,0.166768646503567,0.096,0.077,1
"NAB1",0.641610638102843,-0.240577409819274,0.077,0.083,1
"RNF170",0.641701983247453,0.114512939069009,0.039,0.029,1
"CHMP2B",0.641706212680604,-0.158455666771665,0.251,0.257,1
"ZDHHC6",0.641787222112519,-0.134775944905257,0.198,0.206,1
"SLC2A6",0.641818069344545,0.44243977956238,0.027,0.02,1
"GTDC1",0.642340657137859,0.247894426341952,0.226,0.193,1
"ZNF768",0.642392199061397,0.630671027983587,0.014,0.008,1
"APOA1-AS",0.6425109918918,0.601154414847183,0.018,0.011,1
"UBE2T",0.64251642306822,-0.501167188001584,0.028,0.034,1
"RBM7",0.642596398368399,0.203567845506343,0.192,0.168,1
"ABHD17A",0.642629965430475,0.105071644128812,0.744,0.706,1
"ENSG00000250592",0.642774447358198,0.332460021300881,0.03,0.022,1
"ENSG00000289093",0.642786588301837,0.669593707269458,0.016,0.009,1
"MIER2",0.642824903980583,0.190131009415432,0.055,0.042,1
"UTP11",0.642890824112613,-0.138001486803325,0.169,0.156,1
"IQCH",0.642901092328664,-0.529982443891935,0.007,0.011,1
"RSPH3",0.643065626475427,0.306902341882506,0.032,0.023,1
"CNIH3",0.643253106478604,-0.157960773506755,0.014,0.015,1
"FBXO41",0.643445064614422,-1.16624289677956,0.009,0.014,1
"PLCG2",0.643526313490603,0.308962115232748,0.103,0.09,1
"MTMR8",0.644019075234492,-0.162095037367774,0.039,0.037,1
"CCDC112",0.644115170074527,-0.348208847509107,0.011,0.011,1
"C2orf27A",0.644117980502813,0.29458430026415,0.025,0.017,1
"RAMAC",0.6441671855278,0.102385134402403,0.27,0.244,1
"TMEM201",0.644483076549003,0.500802297446541,0.018,0.012,1
"OSER1",0.644763880072476,0.135165136718711,0.327,0.291,1
"CRYL1",0.644789482654326,0.142837415413627,0.03,0.026,1
"LRR1",0.644802264935253,-0.130062805376068,0.078,0.085,1
"PBLD",0.644864982527091,-0.543061494348182,0.018,0.025,1
"TM2D3",0.644906522418994,0.209701099418213,0.222,0.189,1
"SLC39A14",0.645472833408715,-0.296604332566023,0.016,0.022,1
"TRIM38",0.645571256628771,0.146529582260887,0.199,0.167,1
"HDAC3",0.645580212323699,0.161094951052966,0.196,0.17,1
"C6orf136",0.645589264191864,-0.284228417785583,0.103,0.11,1
"ENSG00000264112",0.645595468804281,0.18672838290462,0.012,0.009,1
"TRAPPC2",0.645981082741695,0.258756749733435,0.119,0.1,1
"EIF4E3",0.646152377290294,0.145728306432655,0.121,0.108,1
"CNKSR2",0.6462325954252,-0.47483335120195,0.03,0.039,1
"TBK1",0.646333933064318,-0.163351146122373,0.084,0.088,1
"MCM6",0.646372718311869,0.200575808833247,0.249,0.21,1
"TANC2",0.64677879081209,0.150083960750876,0.256,0.218,1
"NUFIP1",0.646889607440678,0.297811695248005,0.068,0.054,1
"TBL3",0.646894210242446,-0.290170239599074,0.091,0.104,1
"SPTLC1",0.646965410364952,-0.107967187893497,0.176,0.184,1
"ZNF286A",0.647070427619782,0.100993766966429,0.08,0.071,1
"ZCCHC3",0.647081653199838,0.226952753589849,0.107,0.085,1
"MZT1",0.647084638138844,-0.203010601067435,0.167,0.178,1
"CAMK2N1",0.647115971212849,0.348230774340183,0.03,0.022,1
"ULK2",0.647130618654498,0.679225660902932,0.014,0.011,1
"ZNF746",0.647198313746131,0.251427057803538,0.089,0.073,1
"FBXL4",0.647252919621533,0.194075294774824,0.098,0.079,1
"DUS3L",0.647507445924831,-0.190869728028498,0.126,0.128,1
"MTRF1",0.64761159359082,-0.50051700582242,0.025,0.031,1
"LINC02693",0.647763827415477,-0.682852427538768,0.016,0.022,1
"GTF3C1",0.647956714341093,0.16938001654242,0.274,0.246,1
"IDI2-AS1",0.648132162148478,0.439136083031941,0.018,0.011,1
"FBXO28",0.64831605992117,0.275348885438494,0.153,0.128,1
"HERC5",0.648510371005938,-0.190474498995158,0.112,0.122,1
"ENSG00000227678",0.648718858042568,-0.510698123811354,0.011,0.015,1
"PREPL",0.648762542651397,0.250486429589193,0.144,0.125,1
"NDRG3",0.648788098904723,0.197347738813443,0.052,0.042,1
"ATG7",0.648906680465528,-0.229205199319729,0.062,0.066,1
"ZRANB2",0.648966880226342,-0.111666908492846,0.359,0.368,1
"RPIA",0.64906910868248,0.123468662374591,0.244,0.233,1
"TMEM161A",0.649402489648071,0.427729212122161,0.044,0.037,1
"SNUPN",0.649494864053137,0.12423330736053,0.053,0.043,1
"ANKRD17-DT",0.649872146700861,-0.349074882456726,0.014,0.02,1
"TM7SF3",0.649962253614071,0.272701350294572,0.069,0.057,1
"SNHG7",0.650047687171344,-0.120867381810757,0.443,0.44,1
"SUGT1-DT",0.650065425007518,1.07186041430922,0.012,0.008,1
"SNX27",0.650085925798447,-0.229903791777496,0.101,0.108,1
"ATN1",0.650104081623769,-0.408523818277929,0.02,0.026,1
"RBSN",0.650127681993386,0.350103955941765,0.059,0.045,1
"METTL25B",0.650173299169906,0.473486131694196,0.037,0.025,1
"ZNF283",0.650369201642821,-0.415596710989393,0.021,0.025,1
"GALNS",0.650373872093617,0.509317228863801,0.034,0.028,1
"MAN1B1",0.65041853249258,0.133001352946028,0.114,0.102,1
"ENSG00000283128",0.65072785102519,0.530244725757482,0.014,0.008,1
"PGAP6",0.650931494979104,-0.108002669251151,0.112,0.116,1
"TRIB3",0.651110435071842,-0.272534394849197,0.014,0.014,1
"TSTD2",0.651139928885988,0.159739290937466,0.126,0.104,1
"ENSG00000284052",0.651237822510344,0.334016880013027,0.028,0.023,1
"COX15",0.651259761731428,0.201247735105601,0.043,0.032,1
"CSNK1E",0.651289003173346,-0.168422127522688,0.155,0.148,1
"SLC24A1",0.651338767113865,0.110188650250124,0.032,0.025,1
"TMEM101",0.651704005602464,0.422110639498076,0.066,0.051,1
"TOMM5",0.651842496709908,0.121103115197679,0.45,0.419,1
"RNF41",0.652000292912273,0.26731278499823,0.183,0.153,1
"ZNF785",0.652118014892136,0.466257426313582,0.028,0.02,1
"POLD2",0.652118257916539,-0.173085438566512,0.069,0.065,1
"UQCC1",0.652254618862771,-0.176592736489062,0.043,0.045,1
"POR",0.652300324736835,0.190201158463858,0.286,0.255,1
"MAPK3",0.652343383830294,0.236268999243022,0.037,0.028,1
"ERVK13-1",0.652400879492655,0.179788627519523,0.043,0.032,1
"CDK7",0.652625974271334,-0.299106208197735,0.094,0.102,1
"GRAMD2B",0.652649997609655,-0.134384384688166,0.044,0.046,1
"EPM2A",0.652698248325306,0.23529404416884,0.027,0.02,1
"SMAD7",0.652789535299242,0.177843236625878,0.13,0.117,1
"ENSG00000287382",0.652812424182601,-0.338395461207848,0.021,0.028,1
"PRDM4",0.65332009639768,0.220010498006597,0.093,0.073,1
"ABHD11",0.653560382755592,-0.559534016323119,0.011,0.015,1
"NIPSNAP3A",0.653915830389841,0.188843896782886,0.071,0.054,1
"SGTA",0.654290249079944,-0.197325847946211,0.128,0.145,1
"ECE1",0.654296077507411,0.122160319651428,0.301,0.28,1
"SEC24D",0.654831338953288,-0.11716731047621,0.068,0.068,1
"TCOF1",0.654896187601578,-0.153273100916666,0.103,0.113,1
"ATAT1",0.655202757318289,0.116159384983938,0.059,0.051,1
"CS",0.655288243921341,-0.105331400714547,0.269,0.267,1
"CALCOCO1",0.655333600099632,-0.212053405164347,0.133,0.133,1
"CCDC47",0.655489062036504,-0.12206973053394,0.237,0.235,1
"BTBD8",0.6558391515162,-0.747027967909421,0.009,0.014,1
"SUCO",0.655890314569541,0.161170961058146,0.205,0.178,1
"HLA-L",0.655978404559943,0.327181944797154,0.034,0.026,1
"TMEM109",0.656098156141728,-0.143705914779062,0.164,0.159,1
"DHRSX",0.656276427640665,-0.21456049342603,0.157,0.162,1
"SHKBP1",0.656368425811111,-0.115582570523871,0.198,0.21,1
"PPWD1",0.656387875062798,-0.13442982396187,0.217,0.229,1
"TRAF6",0.656565045677319,0.153049461787053,0.132,0.111,1
"MLKL",0.656638395629004,-0.449282583867481,0.03,0.039,1
"ZHX3",0.656685349758665,0.313819898719192,0.03,0.029,1
"DNAJC30",0.656846651291041,0.306665330210785,0.078,0.062,1
"MOB3B",0.656863551635972,-0.394200176542252,0.007,0.011,1
"SNX9-AS1",0.656978652229976,0.640472853554973,0.021,0.014,1
"LINC01118",0.657017631727647,0.757671144415802,0.014,0.008,1
"TMEM242",0.657435413827857,-0.323693993337752,0.044,0.051,1
"VRK1",0.65765377688036,0.159716755981286,0.119,0.111,1
"H2BC12",0.657842986771576,0.130057727351264,0.133,0.114,1
"CCDC34",0.657889250095242,-0.397418010560748,0.011,0.012,1
"GOLM1",0.657905187924522,-0.863459559095176,0.018,0.026,1
"ESRRA",0.657909884893082,-0.178159535438309,0.064,0.071,1
"RBM48",0.658270877262798,-0.129743344684432,0.185,0.195,1
"ZNF680",0.658403343500861,0.194284548583969,0.066,0.054,1
"PKD2",0.658429928859342,0.563600636351539,0.025,0.017,1
"LNCRNA-IUR",0.658755671364927,-0.371293087125423,0.043,0.046,1
"NOP16",0.658771229955446,-0.221330918754088,0.169,0.182,1
"TMEM167A",0.658784389273696,-0.13286688541221,0.23,0.241,1
"RGS12",0.658946322847504,-0.110658319872304,0.014,0.019,1
"XPO1",0.659179614247281,0.136731873548939,0.171,0.153,1
"ENSG00000267383",0.65918451719029,-0.592107092085617,0.009,0.012,1
"TSHZ1",0.659449091618445,-0.113704492398532,0.198,0.206,1
"RYBP",0.659909837639379,0.154349015160996,0.149,0.124,1
"CHD1-DT",0.659977878241916,-0.206765427135534,0.027,0.023,1
"CREBBP",0.660006510794049,0.106362833458916,0.349,0.303,1
"ZNF782",0.660109462048309,-0.143678034749268,0.05,0.046,1
"DBR1",0.660170787319248,0.435504700232493,0.064,0.049,1
"NEU4",0.660212661420978,-0.418245388478576,0.016,0.02,1
"NIPBL-DT",0.660350754450785,-0.373239207856489,0.041,0.051,1
"RTN3",0.660418951321935,-0.220631009527659,0.301,0.309,1
"ZNF302",0.660422888789977,-0.252536376148895,0.112,0.117,1
"PHKG2",0.660503032633272,0.124204603521026,0.141,0.122,1
"SNHG4",0.660571476472916,-0.831137554625648,0.007,0.011,1
"SLC37A4",0.660687530993504,0.132743585221266,0.016,0.012,1
"CYB561",0.660853367139728,-0.268351117565162,0.027,0.031,1
"H4C11",0.660866079737114,-0.222979657384419,0.014,0.019,1
"FGD5-AS1",0.660967700655542,-0.122914121017997,0.173,0.179,1
"TBC1D7",0.661073418441071,-0.151909086706253,0.052,0.06,1
"NUTF2",0.661220925388733,-0.151230158376916,0.374,0.382,1
"TRPV2",0.661351737772359,-0.215167671480137,0.055,0.062,1
"PALB2",0.661379722992228,-0.607258187254367,0.023,0.028,1
"GEMIN7",0.661545926482876,-0.204320185350861,0.11,0.117,1
"ZKSCAN7-AS1",0.661600083776424,-0.732691773751358,0.007,0.011,1
"RIPK3",0.661709349055408,0.534968093212238,0.041,0.028,1
"METTL23",0.661844421609971,0.235708079766752,0.164,0.136,1
"CLCF1",0.661868478987875,-0.227482501869658,0.021,0.028,1
"ZFP90",0.662079481131936,0.267910355330691,0.112,0.09,1
"SIRPG",0.662237010630793,0.319438759327752,0.034,0.029,1
"TMEM128",0.662243245077536,0.168688028712099,0.059,0.051,1
"POGZ",0.662573896336501,0.111078848411953,0.283,0.255,1
"SWSAP1",0.66259990683119,0.189170090170397,0.039,0.034,1
"RNF139-DT",0.663108530235618,-0.376837377334642,0.009,0.014,1
"ZNF671",0.663114655328595,-0.349334381449378,0.05,0.053,1
"ENSG00000285921",0.663508495907515,1.03373896591492,0.014,0.008,1
"ENSG00000290192",0.664207758316995,0.211265590787592,0.181,0.165,1
"B4GALT7",0.664427284220788,0.118322715561489,0.048,0.037,1
"ENSG00000276334",0.664566273403547,-0.693162590164619,0.007,0.011,1
"SUOX",0.664569833684399,-0.390203044462762,0.037,0.046,1
"TYMP",0.664601213194916,0.45047870086965,0.075,0.057,1
"PRRC2A",0.664690472497015,0.19122681999216,0.297,0.267,1
"CLASP1-AS1",0.664789635182872,-0.884469693665215,0.007,0.011,1
"DBNDD2",0.664875585497425,0.40337247949488,0.027,0.025,1
"RAB33B-AS1",0.664914740718167,-0.1592209433689,0.066,0.065,1
"WDR41",0.665019351711873,0.291000817029758,0.062,0.046,1
"SMARCAL1",0.665052533530054,-0.318836869023315,0.057,0.062,1
"PEX16",0.665735876237313,0.215017801527416,0.238,0.207,1
"ZNF160",0.665791659823603,-0.162805257134368,0.107,0.117,1
"RANBP6",0.665893482726504,0.189155503514572,0.119,0.1,1
"CIBAR1",0.666040610235894,-0.230681306662921,0.023,0.028,1
"NSMCE4A",0.666225802521835,0.22536072409485,0.125,0.102,1
"TXLNG",0.666399531153561,0.234399478189493,0.198,0.172,1
"TOPBP1",0.666709609079239,-0.119932432790488,0.167,0.173,1
"ZFYVE16",0.666836079119322,0.140470897443476,0.167,0.15,1
"BLOC1S5",0.666922254357272,0.239098268312791,0.094,0.076,1
"ARHGAP11B",0.666960802273314,0.508787468728586,0.02,0.014,1
"PLCXD1",0.667007642920714,-0.526785181819983,0.009,0.012,1
"RMDN1",0.667114726049986,0.245314820547274,0.117,0.097,1
"CASP6",0.667214555690263,0.3927287050933,0.069,0.053,1
"ELL",0.667290889030612,0.214591557229661,0.135,0.111,1
"IPPK",0.668526831848159,0.130821741067011,0.073,0.065,1
"WDCP",0.668550904433172,-0.572569035131653,0.011,0.015,1
"SREBF2-AS1",0.668727795432681,-0.960301608541831,0.007,0.011,1
"MPV17L2",0.66878615522898,0.22471113739283,0.021,0.014,1
"BMF",0.66894991774078,-0.198205781036756,0.007,0.012,1
"ZNF354C",0.668985576589201,-0.258428122582234,0.028,0.031,1
"ENSG00000267002",0.669123087235135,0.404571381989385,0.03,0.022,1
"IRF2-DT",0.669301711423878,0.498566385729205,0.014,0.009,1
"SPATA5",0.669408780080828,0.183958807317948,0.053,0.051,1
"DENND6B",0.669414111561404,-0.226843571020459,0.034,0.036,1
"ZNF257",0.66956411338857,0.501890373476955,0.016,0.009,1
"GSAP",0.669854905280685,0.556123565944692,0.011,0.008,1
"FARSA",0.670337447553997,-0.12999229580093,0.162,0.168,1
"ZNF831",0.670661755903744,0.258086013643017,0.121,0.102,1
"ENSG00000288853",0.670687800211735,0.372131072462062,0.028,0.02,1
"SLC38A5",0.670975046026729,0.424770331256234,0.016,0.015,1
"HID1",0.671031136489953,0.82063173160724,0.012,0.008,1
"ANKS3",0.671474918721845,0.470455102638233,0.032,0.022,1
"STAT4-AS1",0.671598255263783,0.81363962555505,0.016,0.011,1
"VAMP4",0.671798903129446,0.205046418585749,0.135,0.111,1
"ETFDH",0.671805902792797,-0.373911579436106,0.055,0.065,1
"KPNA2",0.672070142178861,0.185335053460937,0.391,0.349,1
"ARF3",0.672114975496518,0.185343251449644,0.19,0.168,1
"TFAP2E-AS1",0.672324551909574,0.680949934275286,0.012,0.008,1
"MAGED1",0.672576012310481,-0.14327952114862,0.137,0.147,1
"WDR54",0.672884889999763,-0.205874638890098,0.098,0.104,1
"ZNF566",0.672890606891567,-0.213069793914749,0.048,0.057,1
"MRPL45",0.673100463818683,-0.271724775137157,0.084,0.082,1
"LINC01806",0.673117298099532,0.412877608635114,0.052,0.039,1
"LINC00963",0.673137881758652,0.304880696740445,0.101,0.079,1
"PAFAH1B2",0.673378143510217,-0.139808139134364,0.126,0.127,1
"CERKL",0.67363404905153,-0.546044034134232,0.011,0.014,1
"SLC35B2",0.673704995967229,0.243050652657075,0.064,0.051,1
"NSD2",0.673941103465775,0.121776975854042,0.094,0.083,1
"PNN",0.674033932968442,-0.110408250074028,0.393,0.405,1
"CFAP44",0.674058028536391,-0.624737245833252,0.012,0.015,1
"ENSG00000287286",0.674062722350013,0.198186180637479,0.011,0.006,1
"PIBF1",0.674240138435989,0.159296581163858,0.242,0.213,1
"LINC01163",0.674308468270984,1.18728294766286,0.011,0.006,1
"RGPD6",0.674387879352421,-0.789599059009344,0.007,0.011,1
"DFFB",0.674616201901479,0.701055996142894,0.021,0.014,1
"TMEM219",0.674799328261872,0.179432494869433,0.171,0.15,1
"TMEM30A",0.674989665238851,0.147608679797646,0.219,0.19,1
"USF3",0.675000156986194,-0.145109803439903,0.165,0.173,1
"CCNK",0.675322099741076,-0.100836115072045,0.295,0.292,1
"ZMIZ1",0.675406359786955,-0.139234422919306,0.157,0.162,1
"SHPK",0.675417787410841,0.676107706371946,0.011,0.006,1
"PAXBP1-AS1",0.675458389604965,0.783204655492518,0.012,0.008,1
"RCBTB1",0.675560993645263,0.302542630585886,0.039,0.034,1
"SLC11A1",0.675695482777154,-0.488713435477044,0.012,0.014,1
"SOX6",0.675774658103022,1.03372481970915,0.016,0.009,1
"SUGT1",0.675829583170017,0.170668744445537,0.281,0.247,1
"CTBP1-AS",0.67603301718971,0.149147825048729,0.036,0.026,1
"TMEM25",0.67629906697405,0.486704326986085,0.011,0.006,1
"DCPS",0.676386183229202,-0.230011105453935,0.059,0.059,1
"LIMA1",0.676525056220567,0.217835973446423,0.041,0.031,1
"PAXBP1",0.676620825939823,-0.143425144255694,0.224,0.232,1
"GPALPP1",0.676650780377548,-0.290159125874924,0.073,0.079,1
"RNF122",0.676711019621805,-0.396729247835105,0.016,0.019,1
"BMP2K",0.676719900911183,0.220685222881702,0.194,0.165,1
"YIF1B",0.677198819102031,-0.180024430083586,0.066,0.074,1
"TFCP2",0.677320967736922,-0.120737982296673,0.112,0.116,1
"SYNRG",0.6773242422216,-0.112348366431626,0.238,0.246,1
"SPTSSA",0.677417186101216,0.117502262894265,0.082,0.082,1
"IGFBP4",0.67775560558587,-0.226426234567689,0.071,0.071,1
"FAM241A",0.677900414983342,0.223024065785956,0.082,0.07,1
"PGBD2",0.677922723718973,-0.174217741754692,0.032,0.037,1
"MVB12B",0.678360030574583,0.160733334400298,0.11,0.104,1
"C15orf39",0.678944243468252,0.348494798636218,0.077,0.06,1
"STX12",0.678979908360897,-0.245969174652153,0.165,0.168,1
"RHD",0.678989802799219,-0.182094690908774,0.034,0.034,1
"UFSP2",0.679108781295874,0.336589588532398,0.135,0.107,1
"ZNF431",0.679445032041127,0.18508257474613,0.217,0.196,1
"GLB1",0.679957731549553,0.541256171307023,0.039,0.028,1
"ENG",0.679975152141654,-0.181098156051908,0.03,0.037,1
"ENSG00000288818",0.680004769022343,-0.409414435913177,0.023,0.031,1
"TRAV19",0.680296617212982,-0.427693251560528,0.014,0.02,1
"TMEM67",0.68031435713564,0.246062050695894,0.062,0.053,1
"KDM3A",0.68053221143659,0.160024704949596,0.253,0.218,1
"ADGRL1-AS1",0.680542534257923,-0.314963230332536,0.014,0.019,1
"GLRX",0.680612988337492,0.242451714364702,0.142,0.124,1
"NUDT9",0.680758847704631,0.409706810623248,0.068,0.053,1
"AFG1L",0.680771399461654,0.50747332320951,0.027,0.017,1
"SNX15",0.680965592879244,0.295763593957389,0.023,0.022,1
"LINC01353",0.68099035694911,0.675683813336786,0.012,0.008,1
"C2CD5",0.681007896681413,-0.162629385553035,0.098,0.1,1
"POLR3GL",0.681012607139052,0.230003297120975,0.1,0.082,1
"BLOC1S3",0.681201700398358,0.162124221283928,0.016,0.012,1
"RGPD8",0.681338730673186,-0.102861496821232,0.069,0.07,1
"DCLRE1B",0.681357544494317,0.355133622628458,0.032,0.023,1
"PSMB8-AS1",0.681402316393773,-0.20471588755912,0.198,0.207,1
"ENSG00000253636",0.681462451570108,-0.483075021858297,0.009,0.012,1
"CDKL1",0.681650797459451,0.547577758632275,0.012,0.008,1
"POC1B-AS1",0.681691897790285,0.627636098638021,0.018,0.011,1
"DHX35",0.681837505479171,0.260888262194423,0.052,0.042,1
"SLC41A2",0.681960457526884,-0.102183704971173,0.041,0.034,1
"ZFYVE9",0.682062737832364,-0.531887251218348,0.014,0.019,1
"GCC1",0.682498049397278,0.341869992246318,0.077,0.062,1
"ZNF432",0.682794090407734,0.3220829541932,0.037,0.028,1
"KHNYN",0.682857169512276,0.14751035741905,0.117,0.097,1
"HSD17B4",0.682970679561011,-0.287600436325929,0.043,0.048,1
"OSBPL10",0.683075710488874,0.630955939011932,0.02,0.012,1
"FLCN",0.683102405810567,0.155919841227565,0.036,0.026,1
"SNRNP25",0.68317579301038,0.201898435470777,0.068,0.056,1
"ZC3H10",0.683452580788324,0.578792783983671,0.023,0.015,1
"SNAPC5",0.68350429763151,0.161159375777395,0.148,0.125,1
"COPB2",0.683562284201489,-0.11055549604633,0.306,0.311,1
"CPSF4",0.683634590047728,0.148583581808981,0.059,0.051,1
"ENSG00000290879",0.683641968015569,-0.285855960811405,0.037,0.039,1
"IDH3B",0.68374110677775,0.126636470276557,0.212,0.193,1
"ERCC6L2-AS1",0.683864535205316,-0.26499228868961,0.046,0.053,1
"DGKI",0.684107872378542,-0.706439106613323,0.007,0.011,1
"FAM200B",0.684410216079724,0.270552503824159,0.096,0.08,1
"SLAIN2",0.684694243328608,0.210584443849389,0.194,0.161,1
"ENSG00000253736",0.684777760737883,0.132180845094385,0.036,0.026,1
"INTS15",0.685139093945803,-0.20202669870416,0.119,0.122,1
"LINC01089",0.685483975197829,-0.231323717477827,0.087,0.09,1
"ZSCAN32",0.68555287335054,-0.222530440200436,0.062,0.066,1
"ENSG00000258891",0.68563096392041,0.206846934092229,0.021,0.022,1
"IGFLR1",0.68574241761316,-0.162112212815919,0.158,0.167,1
"HNRNPLL",0.685842522637949,-0.262276524417306,0.087,0.09,1
"SLC25A1",0.685885613018881,0.283302356251822,0.093,0.074,1
"ARL1",0.685927759328041,0.212004600480298,0.119,0.097,1
"MUL1",0.686110200861698,0.255507838208927,0.094,0.076,1
"TSGA10",0.686265841869325,-0.224607956017517,0.046,0.051,1
"MRPL32",0.686368975067826,-0.189021686997924,0.215,0.233,1
"BTD",0.686535266441132,-0.187051233373833,0.094,0.1,1
"NPTN",0.686560268506221,-0.14443939970749,0.194,0.19,1
"LINC01409",0.68671150906177,0.418725091127977,0.03,0.022,1
"HCP5",0.686759826099195,0.10478496468078,0.299,0.278,1
"TNFRSF10A-DT",0.687192089776964,-0.865545594799279,0.007,0.011,1
"FAM114A2",0.687404815354766,-0.203700205909888,0.037,0.043,1
"PABPC1L",0.687517027278441,-0.258406216981884,0.03,0.037,1
"ENSG00000228086",0.687528621503971,-0.166544811404012,0.023,0.022,1
"DUT-AS1",0.687530555156557,0.854656501127074,0.011,0.006,1
"ZNF273",0.687624982108832,-0.305704625918056,0.052,0.06,1
"ERCC2",0.687696831178875,-0.923794493391347,0.016,0.023,1
"P2RY11",0.687956272995923,-0.263429318398329,0.007,0.011,1
"MPDU1",0.688044164926182,0.195885615969492,0.123,0.104,1
"ENSG00000275202",0.688137331520273,0.164249797939947,0.02,0.022,1
"SNHG11",0.68818010304129,0.488665022712729,0.03,0.022,1
"NIT2",0.688200321608075,-0.261141455168335,0.075,0.08,1
"FBXO21",0.688280614560756,0.22661474186081,0.24,0.206,1
"PTPRS",0.688751618810389,-0.503117266506426,0.009,0.012,1
"MFSD4A",0.688779646043341,0.974515273561885,0.011,0.006,1
"IRF2BPL",0.688791021878149,0.152587186026191,0.16,0.147,1
"ENSG00000258800",0.688800026013789,-0.931642170403578,0.007,0.011,1
"SIPA1L1",0.689020451188291,0.122960288068704,0.651,0.615,1
"IFRD2",0.689115555874193,-0.195924363117425,0.107,0.104,1
"TMED7",0.689122498075685,0.138989688470203,0.198,0.17,1
"LDHAL6A",0.68930873821044,1.1541040137015,0.014,0.008,1
"USP46",0.689358790757393,0.262522196230428,0.028,0.022,1
"NFE2L3",0.689459909388985,-0.357019529092318,0.023,0.031,1
"CAAP1",0.689486215795753,-0.209501381150073,0.128,0.139,1
"VPS33A",0.689622378241862,0.156547294946795,0.125,0.104,1
"BRF2",0.690124511785964,0.191541967463043,0.064,0.051,1
"SPRING1",0.690180839032834,0.168135672283098,0.116,0.096,1
"DCBLD1",0.69036029716732,0.180597320408836,0.043,0.032,1
"RGP1",0.690831710427345,-0.502705279089763,0.064,0.076,1
"HEBP2",0.691085236950842,-0.25004475326566,0.167,0.167,1
"TMEM9B",0.691186131649419,0.12160832156932,0.301,0.261,1
"ENSG00000273702",0.691358833053966,-0.276384118873142,0.007,0.011,1
"LARP4",0.691477783026208,-0.163920057067474,0.153,0.156,1
"ZSWIM4",0.691545642669583,0.415986207109924,0.03,0.023,1
"ZNF585B",0.691644318390492,-0.115612046191089,0.046,0.051,1
"ENSG00000288879",0.691671148586906,-0.447411050629412,0.007,0.012,1
"ENSG00000283064",0.691823647052613,-0.814770109986902,0.009,0.014,1
"NDC80",0.692028401642908,-0.241306255215846,0.012,0.017,1
"METRN",0.692308677758574,0.192635149575007,0.059,0.049,1
"SOCS6",0.692486658429996,-0.175550286007716,0.025,0.023,1
"PSTK",0.692650447545785,0.12278849872762,0.059,0.053,1
"C1orf21",0.692676425860398,0.176779477485173,0.27,0.249,1
"C14orf93",0.6927060562484,-0.489739519349292,0.016,0.022,1
"CABLES2",0.692893593917078,0.109720822881938,0.018,0.014,1
"TRBV12-4",0.69300220229473,-0.729578863143359,0.011,0.014,1
"TBC1D8",0.693190001447653,-0.174098614395293,0.027,0.028,1
"NAPA-AS1",0.693471028167511,-0.296983189321252,0.023,0.023,1
"H2AC17",0.693624929716635,0.221140977913687,0.044,0.036,1
"GAK",0.694401236588144,0.167072220594484,0.258,0.223,1
"FAM199X",0.694439112286379,-0.128648477418088,0.121,0.128,1
"PUSL1",0.69461542779686,-0.147235867440432,0.08,0.083,1
"SCYL1",0.694633899062432,-0.198129468462973,0.178,0.185,1
"CYP2U1",0.694638565887116,-0.255069988293568,0.018,0.023,1
"TRBV7-9",0.694642709378637,0.320057552272491,0.023,0.017,1
"IFFO1",0.694651476060699,-0.375497175985799,0.034,0.04,1
"TSC22D4",0.694671774828715,-0.129886159428247,0.237,0.246,1
"AGBL4",0.694999823706852,-0.382369734708065,0.009,0.011,1
"ENSG00000237126",0.695072002152525,0.827641770434877,0.012,0.008,1
"DLGAP4-AS1",0.695417211971496,-0.8002051785115,0.009,0.014,1
"TJAP1",0.695595813436604,-0.152475893640314,0.112,0.113,1
"CCNL1",0.695747850441662,-0.185682297366146,0.536,0.533,1
"ORC5",0.695911088189648,-0.104147703379095,0.089,0.094,1
"APOOL",0.696047874271317,0.350531428812985,0.046,0.036,1
"VCPIP1",0.696254819905574,-0.221506315609359,0.16,0.164,1
"CISD1",0.696636161718192,0.110469940453058,0.046,0.043,1
"ENSG00000261172",0.69806794103034,0.14054970815484,0.011,0.012,1
"INTS12",0.698079723003589,-0.169541302082252,0.121,0.13,1
"GALC",0.698490961081246,-0.186421480027628,0.066,0.07,1
"KAT14",0.698728290574689,-0.453766963146987,0.027,0.032,1
"ZMYM1",0.698787409719762,0.185911404239333,0.05,0.039,1
"TBC1D22A",0.698834799090149,0.192399070707697,0.358,0.317,1
"TNIK",0.698836298744928,0.14456358661617,0.358,0.321,1
"ZNF606",0.698875365689795,-0.409055614416998,0.043,0.051,1
"ZNF3",0.699127933137119,-0.218156036681123,0.091,0.096,1
"TGS1",0.699417480720244,-0.109780531489069,0.205,0.213,1
"TVP23C",0.699451457837111,-0.142520850467213,0.059,0.062,1
"THUMPD2",0.699637296839434,-0.260727235300083,0.073,0.083,1
"NAP1L5",0.699827104848364,-0.161794691414008,0.064,0.065,1
"STX18",0.700085529754066,0.129344069801735,0.135,0.122,1
"HNRNPK-AS1",0.700095056241523,-0.255266702220332,0.057,0.066,1
"TIPARP-AS1",0.700130197783762,-0.281704365096234,0.018,0.023,1
"ATMIN",0.700445243297302,-0.119592043286393,0.132,0.138,1
"DSTYK",0.700553591791565,0.232439991832397,0.085,0.07,1
"AGA-DT",0.70079498615145,-0.424520661086308,0.007,0.011,1
"NRROS",0.700824825505364,0.247260844788221,0.103,0.091,1
"SNX18",0.701113160576759,0.362311578000428,0.039,0.028,1
"INTS2",0.701250612832195,-0.481141979221893,0.025,0.032,1
"AK1",0.701294827387192,0.457168597528082,0.018,0.012,1
"MOB3C",0.701398867732216,-0.121136889835169,0.016,0.014,1
"DUSP28",0.701480386826165,0.373594665054389,0.066,0.054,1
"ATRIP",0.701668500298076,0.328135119661932,0.08,0.062,1
"CBLL1-AS1",0.701796015800263,-0.688386020671623,0.011,0.015,1
"RFLNB",0.701834866864836,0.38922434430125,0.021,0.017,1
"WDHD1",0.701895313632275,0.714841730974955,0.012,0.008,1
"SLC25A36",0.702046049016153,-0.12057705701651,0.246,0.241,1
"IQCG",0.702123257647615,-0.127823280254765,0.025,0.025,1
"PLA2G4C",0.702413001795571,-0.671681335737174,0.009,0.014,1
"RABGGTA",0.702583983629639,0.105113264566698,0.107,0.104,1
"VPS37A",0.702656206257378,0.196953103661528,0.183,0.153,1
"SUV39H2",0.702721100901765,0.445389241343985,0.023,0.017,1
"PDGFB",0.703023976082773,0.298606257617238,0.012,0.008,1
"USP5",0.703084846545277,-0.52855429322865,0.041,0.048,1
"NR2C2",0.703172062664217,0.135315252936139,0.205,0.192,1
"DEPDC7",0.7032342417375,0.476917055102438,0.034,0.026,1
"TET1",0.703318214671861,1.12844369154717,0.016,0.009,1
"ZNF587",0.704003179586393,0.158040359407455,0.055,0.046,1
"ABHD12",0.704061518433818,0.197611778469798,0.112,0.097,1
"USP38",0.70413073116337,0.17790663688937,0.167,0.144,1
"FAM98A",0.704134657373657,0.16633930007604,0.103,0.093,1
"ACOT13",0.704261799197353,0.174596858967344,0.052,0.04,1
"DYNLT1",0.704393411515249,0.238592777593536,0.315,0.278,1
"APBB3",0.704503762625987,0.294783592101662,0.039,0.028,1
"BEND5",0.704599305952605,-0.212214799295677,0.032,0.031,1
"ENSG00000267469",0.704694434030015,-0.130718514544282,0.048,0.054,1
"TTLL1",0.704719751333422,0.769229746941521,0.016,0.009,1
"MBTPS1-DT",0.704788346798926,-0.324295826988339,0.012,0.015,1
"RPS6KB1",0.705075229620246,-0.11267667582817,0.242,0.25,1
"MRPL58",0.705140985967014,-0.16851136443129,0.121,0.125,1
"RAD51C",0.705193504983823,-0.177747522996463,0.073,0.073,1
"ENSG00000279110",0.70544332179437,-0.535935078636478,0.014,0.019,1
"KRT10-AS1",0.705488206091861,0.512766482844071,0.018,0.012,1
"RBM23",0.705619034118164,-0.158546268891045,0.269,0.269,1
"EED",0.706080639984895,-0.161521687507646,0.141,0.142,1
"IL11RA",0.706103785841524,0.710697909413942,0.011,0.006,1
"AMIGO1",0.706264219953826,0.926551172228197,0.012,0.008,1
"KIFC2",0.706498692066996,-0.367485963893312,0.028,0.029,1
"ENSG00000290440",0.706689101173897,0.47927561619799,0.057,0.045,1
"SASS6",0.706700993960511,-0.278541786879708,0.025,0.031,1
"SMCO4",0.706860414767186,0.218544627974771,0.012,0.009,1
"FRMD4A",0.706903021499276,-0.231799663230046,0.073,0.082,1
"TBC1D19",0.707005691071003,0.131054698690489,0.062,0.053,1
"MICB",0.707121843737717,0.246957901407068,0.055,0.045,1
"USE1",0.707134827305124,-0.179168991732529,0.167,0.179,1
"ORC2",0.70725260787137,-0.188521466532252,0.132,0.139,1
"GPATCH3",0.707384830748895,-0.247453546505129,0.08,0.088,1
"HCCS",0.707574763507056,-0.367833433588992,0.052,0.059,1
"TRIM41",0.707593279335544,-0.338353277606885,0.028,0.036,1
"DCLRE1C",0.707603421092471,0.254494879616424,0.093,0.077,1
"ZNF429",0.707636636101373,0.234980153788777,0.098,0.08,1
"AMMECR1",0.70781285730049,-0.153048426706753,0.062,0.056,1
"MMP25-AS1",0.707869231253446,0.253273190186252,0.053,0.046,1
"ARID3B",0.708127282175901,0.222192057556687,0.139,0.116,1
"ENSG00000284602",0.708192770121548,-0.574701280598522,0.011,0.014,1
"MYPOP",0.70819409676456,-0.365297384445322,0.077,0.082,1
"PTPN7",0.708441883108878,-0.142921509655731,0.199,0.21,1
"KCNA3",0.708511372935105,-0.103861176257414,0.198,0.199,1
"TEX10",0.708764840581706,0.178330926322316,0.105,0.085,1
"NEIL2",0.70884076752567,0.282751216800019,0.016,0.011,1
"SDHAP1",0.708868232037947,-0.101518650593087,0.203,0.21,1
"GALE",0.709003671907604,-0.262712136127679,0.02,0.025,1
"ENSG00000287042",0.709035336514601,-0.594131651829123,0.02,0.023,1
"EXOSC8",0.709038931117117,-0.145279470004431,0.135,0.139,1
"FAM210A",0.709143414855018,0.300090089627942,0.153,0.127,1
"GGT7",0.709160841425375,0.266607217870681,0.014,0.012,1
"PUS7",0.709451705161987,0.265633543120611,0.044,0.037,1
"PPP1R3F",0.709686183565442,-0.277151718123374,0.021,0.026,1
"CCNL2",0.709740680310572,0.155915654078163,0.292,0.258,1
"ZCCHC7",0.709830395341339,0.141345370902637,0.249,0.218,1
"CREBZF",0.709941535210877,0.177869194522947,0.267,0.233,1
"ZNF669",0.710030994102361,0.153165449067302,0.08,0.077,1
"CRTC3-AS1",0.710171615788129,0.461924976814952,0.02,0.012,1
"KLRC4",0.710322622178713,-0.187525407461365,0.137,0.144,1
"ENSG00000287387",0.710357033759734,0.492964164746471,0.062,0.046,1
"RSU1",0.710902235004534,0.173230178554169,0.198,0.168,1
"RAB11B-AS1",0.711833095483924,-0.383579615685435,0.007,0.011,1
"ENSG00000290109",0.71200866865044,-0.374244963530391,0.014,0.012,1
"GPA33",0.712147700176811,-0.811591085613752,0.011,0.015,1
"DMAC2L",0.712649662191689,-0.146521012933655,0.068,0.074,1
"MIRLET7IHG",0.71275380791559,0.521402570661451,0.02,0.012,1
"KCTD17",0.712876088364707,0.246065818925191,0.069,0.054,1
"ENSG00000290683",0.712883599881958,-0.179763771745418,0.107,0.108,1
"WASHC2A",0.713095716313324,-0.119248630226823,0.089,0.096,1
"GCSH",0.7131322935531,0.21267931659488,0.046,0.04,1
"COG5",0.713278494897306,-0.185992611041684,0.253,0.253,1
"SYNJ2BP",0.713451822944857,-0.155518040205331,0.077,0.073,1
"PPARD",0.713646589966088,-0.159884515196966,0.053,0.056,1
"CCNF",0.713689747028264,0.587371158456496,0.012,0.008,1
"DPM3",0.713879057746534,-0.137898754926852,0.126,0.136,1
"PACS1",0.714166418758569,0.112644529346651,0.509,0.484,1
"TRMO",0.714302742093742,0.159293884296617,0.101,0.085,1
"CCDC124",0.714356313940414,-0.144432677145054,0.194,0.204,1
"WDR45",0.714729510470069,0.13321327238503,0.23,0.201,1
"ENSG00000261840",0.714755588932832,-0.34152814649632,0.012,0.015,1
"TRIM8",0.714900897765873,-0.115035964633798,0.34,0.352,1
"AP5B1",0.71490800714972,0.286330825615662,0.068,0.054,1
"ZNF581",0.715012692307087,-0.138970861448286,0.173,0.187,1
"SNAP47",0.715133554921001,-0.305192863360447,0.077,0.083,1
"CKAP5",0.715272953540436,0.108021127166423,0.13,0.116,1
"SRP72",0.715318812195673,-0.10778872205784,0.342,0.326,1
"CAPN10-DT",0.715392623314976,0.390070152025467,0.011,0.006,1
"TMEM163",0.7155697129799,-0.211365475416935,0.032,0.039,1
"SNHG32",0.715909706083723,0.141403363052972,0.438,0.4,1
"ENSG00000289439",0.716010207573384,-0.392622447550518,0.007,0.011,1
"FAM24B",0.716097967883295,-0.20394527078631,0.032,0.037,1
"JAZF1",0.716309189169509,0.270066167873721,0.123,0.113,1
"CNOT3",0.716380819041361,-0.134246336222592,0.105,0.114,1
"EZH1",0.716507705217543,-0.199365972426777,0.13,0.134,1
"MIR924HG",0.716659035456418,-0.4121040027333,0.025,0.026,1
"TSPAN33",0.71686275366961,0.192103336981414,0.011,0.015,1
"STARD7",0.716891931721538,-0.130636796175564,0.304,0.306,1
"FBXO9",0.717327544837499,0.134695222280708,0.151,0.13,1
"CLCN7",0.71735029173921,0.328089439244912,0.062,0.053,1
"DHDDS",0.717584081542651,0.282228448580412,0.069,0.056,1
"STRADA",0.717818141763964,-0.22270280062129,0.078,0.08,1
"ZMPSTE24",0.718006892471899,0.157919502315313,0.158,0.131,1
"TMEM71",0.71817676433371,0.24722729903476,0.069,0.06,1
"HPGD",0.71827996084359,0.810900322648873,0.028,0.019,1
"RAB12",0.718379461912567,-0.241241167300539,0.052,0.057,1
"KPTN",0.718382716515016,0.525260011748375,0.011,0.006,1
"LYRM1",0.718493486598647,0.458171055146793,0.059,0.045,1
"OXSM",0.718648681439256,0.166786615163243,0.066,0.053,1
"METTL21A",0.718728082927428,-0.101377254772093,0.174,0.165,1
"FBXO36",0.718737037006228,-0.252699936965819,0.016,0.022,1
"JRK",0.71883394835979,-0.445113099709452,0.011,0.014,1
"DDX19A",0.718858257319108,0.226113148835521,0.137,0.113,1
"FBXO45",0.71886533700654,-0.166448831096327,0.069,0.073,1
"ENSG00000256658",0.719083723378583,0.34100277392479,0.011,0.006,1
"JAKMIP2",0.719166473858744,0.356216942417225,0.034,0.025,1
"ZNF546",0.719343351293062,0.477697509113757,0.016,0.011,1
"IGHM",0.719478175421401,0.413776179436429,0.012,0.008,1
"ENSG00000228830",0.719679299555139,-0.29158118861748,0.048,0.048,1
"RAP1GAP2",0.720372355973617,-0.219491366380021,0.021,0.025,1
"TLK2",0.720375824131712,-0.137325840655285,0.247,0.249,1
"TTLL11",0.720482560054241,-0.237904503438546,0.02,0.023,1
"CDKN2B-AS1",0.720708180547156,0.601460552588361,0.011,0.006,1
"ENSG00000291262",0.720874270519919,1.02147559301004,0.018,0.011,1
"UNG",0.721024281092239,-0.267524398776033,0.048,0.053,1
"NAPEPLD",0.721059552344009,0.129834576702207,0.052,0.046,1
"MYO1D",0.721134125245351,0.42114948137917,0.043,0.032,1
"WARS1",0.721217901988738,0.144562232754035,0.142,0.116,1
"TEX30",0.721331853298716,-0.27619444232317,0.137,0.145,1
"SDCBP2-AS1",0.721389479034083,-0.113358140031362,0.048,0.051,1
"MIEF2",0.721426485570438,-0.198256588951017,0.027,0.022,1
"LRRC2",0.72146047244825,0.194384960576885,0.103,0.085,1
"HACD3",0.721461211464968,0.117965472896817,0.21,0.181,1
"TAF1A",0.72167304545309,0.525693617651472,0.037,0.028,1
"ATP6V1E1",0.721706302376096,0.107550539973571,0.201,0.176,1
"ARHGEF40",0.721787713319276,0.297098710133874,0.012,0.011,1
"ZNF280C",0.721892262887767,0.441750589646968,0.028,0.02,1
"ENSG00000288924",0.722171878192517,0.303425828820469,0.041,0.031,1
"AP4M1",0.722381111564114,-0.291690826405487,0.066,0.076,1
"ENSG00000235119",0.72248739186581,0.334954542663168,0.041,0.031,1
"ENSG00000229502",0.722503009642308,-0.278233445686221,0.009,0.012,1
"OPA3",0.72276107164295,0.448255091687204,0.062,0.051,1
"L2HGDH",0.723026989120356,0.397451432902469,0.021,0.019,1
"DHRS4",0.723069257240244,-0.468433370198427,0.039,0.045,1
"MATCAP2",0.723126337121687,-0.212821309904095,0.027,0.029,1
"ENSG00000266642",0.723230254755485,-0.370379984488073,0.009,0.012,1
"DESI1",0.723271488756828,0.210598647366735,0.121,0.099,1
"TATDN1",0.723610307187329,-0.145199088678139,0.08,0.093,1
"MBNL3",0.723851556404465,0.192931643973445,0.06,0.049,1
"HPSE",0.724041908599406,0.884631895465834,0.011,0.008,1
"ENSG00000277369",0.724070690916295,0.105869919427442,0.02,0.02,1
"DPYD-AS1",0.724147719583207,-0.223431616692622,0.023,0.025,1
"NOL9",0.724181242221173,0.140287849819619,0.135,0.124,1
"HINT3",0.724252885930741,-0.41946991393344,0.071,0.082,1
"HSPBAP1",0.724617539557541,-0.129877135666311,0.085,0.09,1
"LPCAT3",0.724660872851084,0.157213345868133,0.192,0.168,1
"SEMA4B",0.724935061577392,0.59833169139515,0.021,0.014,1
"SNRPF",0.725126045416825,0.110767619645657,0.48,0.436,1
"GNG7",0.725416382098808,-1.10485255601221,0.007,0.011,1
"ENSG00000235522",0.72546056319689,-1.09914911645753,0.009,0.014,1
"CLK4",0.725552724767011,-0.114832040663248,0.319,0.317,1
"TEX9",0.725643445968541,0.915213286543691,0.011,0.006,1
"IGSF9B",0.725755329868737,0.532472968800644,0.069,0.056,1
"PAXIP1",0.726106724461395,0.401381967493786,0.043,0.031,1
"ARHGEF38",0.726117924543642,-0.47933064476852,0.009,0.012,1
"COMTD1",0.726118837184196,-0.351837488064155,0.052,0.057,1
"MAGEE1",0.726360502170842,0.357238545990144,0.027,0.019,1
"KLF11",0.726536489952801,0.267494680267265,0.032,0.023,1
"ABCA1",0.727292098746623,0.23872903269662,0.039,0.029,1
"MLX",0.727296431151589,0.160888862628422,0.212,0.182,1
"ROGDI",0.727314903073751,0.164362065629681,0.02,0.02,1
"ZNF561",0.727564600288045,0.257341941169969,0.055,0.043,1
"LYSET",0.727590031246371,-0.184392761998086,0.068,0.062,1
"ZNF416",0.727665720974721,0.306328199484326,0.037,0.028,1
"DNAH14",0.727799773634191,0.460538567024894,0.018,0.012,1
"GLIPR2",0.727812817758248,0.129182056335717,0.192,0.172,1
"ZNF200",0.727821905697093,0.368132692834938,0.055,0.042,1
"CCDC93",0.727887528750857,-0.106200480324938,0.258,0.263,1
"NAA80",0.727902812821863,0.114706972197157,0.062,0.06,1
"SORBS3",0.728049361758915,-0.290516957015905,0.132,0.142,1
"CDIN1",0.728241062369129,-0.26585520065574,0.021,0.026,1
"SPATA7",0.728253592565756,-0.275828324286296,0.011,0.012,1
"DIABLO",0.728388062208202,-0.23939223539158,0.096,0.104,1
"PATJ",0.728537116753831,-0.329108409929746,0.039,0.042,1
"MEN1",0.728777709680259,-0.461934018971882,0.093,0.105,1
"UQCRHL",0.72890162752275,-0.330194625795392,0.023,0.023,1
"ENSG00000263990",0.728960782560433,-0.298543993607,0.014,0.017,1
"EML4-AS1",0.729012642353216,-0.152451015557373,0.02,0.022,1
"PARP11-AS1",0.729093323019488,0.138127176026336,0.03,0.032,1
"MED20",0.729200374825815,0.308872213032917,0.06,0.046,1
"GYG1",0.729224528401646,0.163931692636945,0.107,0.088,1
"FAAP100",0.729247105878729,-0.201624006545979,0.036,0.042,1
"ENSG00000286313",0.729296629741544,-0.597949121159062,0.012,0.015,1
"ENSG00000289334",0.729314163291987,-0.407538539280328,0.05,0.057,1
"FBXO6",0.729639495686589,-0.302943876408431,0.021,0.023,1
"IFIT1",0.729817373104997,0.287601866613776,0.032,0.023,1
"RCOR3",0.729906164613545,0.138212221979325,0.208,0.181,1
"ZNF823",0.730366866925014,-0.165523051121681,0.028,0.023,1
"ALDOC",0.730864168069771,-0.115370449519089,0.036,0.032,1
"MCCC1",0.730878841770656,-0.377993289105782,0.06,0.066,1
"SNAPC4",0.731216097001348,0.221463608720512,0.053,0.042,1
"ACAD9",0.731255630172976,0.206151996299523,0.053,0.043,1
"HYLS1",0.731363541602085,0.326129099901114,0.023,0.017,1
"LINC00667",0.731409379339047,-0.158703608258381,0.077,0.077,1
"RAVER1",0.731528473488552,-0.209964264185992,0.137,0.144,1
"NCOA7",0.731753886304167,0.176083690445455,0.247,0.219,1
"CFAP97D2",0.731955710251618,0.516126900867811,0.021,0.015,1
"QPCTL",0.73248266645335,0.417690921825207,0.05,0.039,1
"TOB2",0.732576496156744,0.159624737524692,0.146,0.125,1
"LMBR1",0.732737965921588,0.16486688088943,0.404,0.36,1
"UBQLN1",0.73317746458879,0.15931745202227,0.347,0.308,1
"CHD3",0.73320121602776,-0.100443970354286,0.189,0.19,1
"DDTL",0.733385212375195,-0.409156969333581,0.012,0.015,1
"SNHG26",0.733440641905746,0.242701475860791,0.018,0.012,1
"SLC25A37",0.733748124812903,-0.345426988099605,0.044,0.053,1
"CHROMR",0.734126656259642,0.709790350686276,0.018,0.012,1
"CEP250-AS1",0.73418362659528,0.279866498580079,0.044,0.034,1
"CDK5",0.734361564412769,0.212661813151883,0.037,0.028,1
"ADORA2A",0.734725236112581,-0.385829229083742,0.028,0.037,1
"EXD2",0.73482444290281,-0.202850501202862,0.016,0.019,1
"SAMD4A",0.73528662899666,-0.418052663696833,0.018,0.025,1
"ZC3H8",0.73546040583052,0.231207775193842,0.169,0.145,1
"NOMO1",0.735653917780732,-0.475200912916705,0.028,0.036,1
"TYSND1",0.735739300276171,0.199937314047872,0.027,0.02,1
"ARFGEF2",0.735988234083091,0.148698995851228,0.142,0.134,1
"RCC1",0.736058211764023,0.17238086725875,0.068,0.056,1
"TEX14",0.736101815556353,-0.566128980321754,0.009,0.012,1
"CCNC",0.736220519814173,0.135685781611953,0.279,0.25,1
"RIPK2-DT",0.73626220353843,0.524423675943834,0.02,0.015,1
"SLC3A1",0.73635376276822,0.526733451210079,0.025,0.017,1
"PCAT1",0.736359276718557,0.154762282624707,0.044,0.043,1
"SETD9",0.736496981009863,0.377993600953951,0.044,0.032,1
"POLR1B",0.73650202642598,0.203383504405087,0.075,0.059,1
"CD274",0.736532398849721,0.253279772803691,0.011,0.008,1
"LINC01278",0.736658841041809,0.309920060930366,0.057,0.045,1
"METTL2B",0.736896306821683,-0.456005441099576,0.069,0.08,1
"MCTS1",0.736923627874835,-0.10102589746525,0.098,0.1,1
"GBP1",0.736999106620301,0.16999720383383,0.066,0.054,1
"ENSG00000277368",0.737044202058106,0.792626695853254,0.014,0.011,1
"LANCL2",0.737057119079331,0.199179910087723,0.082,0.071,1
"GINS3",0.737508494526736,-0.184668899174852,0.011,0.015,1
"NINJ2-AS1",0.738053626213126,-0.559261059368927,0.007,0.011,1
"DDX47",0.738073163650866,-0.102819254016639,0.103,0.102,1
"LGALS3BP",0.738091270896786,-0.160809784329297,0.06,0.054,1
"ENSG00000288887",0.738099209617116,0.23759989729122,0.011,0.011,1
"ENSG00000285639",0.738270910907619,0.576135808190297,0.014,0.009,1
"MAPK10",0.738368660617698,0.452305533753131,0.014,0.009,1
"ZNF548",0.73837920837995,-0.163910630138854,0.071,0.079,1
"KCTD21",0.738579924730444,-0.134120696072617,0.055,0.059,1
"APOL6",0.738638570531749,0.136363052921667,0.226,0.216,1
"ENSG00000259238",0.738838293486815,0.443487865264439,0.012,0.008,1
"SNAP29",0.738865374799368,0.260539382175055,0.141,0.119,1
"FEM1A",0.738869129350568,0.244832904429924,0.077,0.062,1
"BEND3",0.739041493103191,0.66550953726524,0.014,0.009,1
"LAMTOR5-AS1",0.739065966157903,0.454392686978398,0.014,0.009,1
"CALU",0.739356569680554,0.177828684595961,0.135,0.114,1
"ARHGAP12",0.739594008680509,0.183223164423042,0.13,0.11,1
"CYSLTR2",0.739867848622899,0.632494912461918,0.012,0.008,1
"RAD54L2",0.73993556713906,0.147256634824003,0.126,0.105,1
"ADCK2",0.740046595220992,-0.246363578156614,0.062,0.066,1
"ENSG00000267299",0.740104952876324,0.625361455614985,0.014,0.009,1
"PLA2G4B",0.740164603550804,-0.645695389200695,0.011,0.015,1
"SLC4A5",0.740518628843064,0.682035758469637,0.011,0.006,1
"BAHD1",0.740668806030726,0.345914173997941,0.093,0.073,1
"WDR77",0.740789138446254,-0.175015468835559,0.064,0.063,1
"ARRDC1-AS1",0.740962074339675,-0.281247834017252,0.032,0.037,1
"EGR3",0.740995776700244,-0.589144229092768,0.009,0.011,1
"DNMBP-AS1",0.741163122480907,-0.109748453297155,0.011,0.011,1
"THAP9",0.741206237963511,-0.318159255988892,0.023,0.022,1
"IFT20",0.741223200566435,-0.227887400406104,0.13,0.138,1
"SRXN1",0.741799742959587,0.426976814663159,0.014,0.009,1
"UCHL3",0.74233151004071,0.159022594799341,0.158,0.142,1
"SLC25A16",0.742515992841599,0.102423014083826,0.073,0.065,1
"NBPF9",0.742882869077469,-0.185256180492421,0.023,0.028,1
"ALKBH2",0.742926328729236,0.422637195204052,0.043,0.031,1
"ATP13A2",0.743170288862902,-0.140259973799395,0.066,0.071,1
"CROCC",0.74328472333047,0.341624514657346,0.053,0.045,1
"PPP1R35",0.743387931893939,0.10809665138892,0.251,0.224,1
"MIR22HG",0.743507832500086,0.186778534384901,0.084,0.07,1
"NVL",0.743536871129329,-0.123305620988201,0.077,0.07,1
"MYNN",0.743577440672283,-0.249157251619953,0.132,0.136,1
"TRAPPC8",0.743714117426354,0.13188403990674,0.194,0.164,1
"MYO19",0.743910721582065,-0.18045872689749,0.048,0.053,1
"HPS5",0.744053530150632,0.202471014547912,0.1,0.08,1
"MRPS36",0.744116906206108,0.133876324978718,0.329,0.297,1
"ZNF543",0.744135575483089,0.310446925245801,0.046,0.037,1
"MYO1F",0.74416608547752,-0.101829523965324,0.089,0.09,1
"ENSG00000258561",0.744368917269323,-0.608551847127091,0.011,0.014,1
"SENP3",0.744498300002942,-0.206184534187799,0.066,0.074,1
"INPP5E",0.744511634032719,-0.183012206190799,0.039,0.043,1
"MED12L",0.74480456670241,-0.206763996065464,0.023,0.028,1
"NOTCH2",0.744824676237457,0.281006692918357,0.139,0.114,1
"TAB1",0.745284946406695,0.562268403662542,0.03,0.022,1
"EMC1",0.745320469034937,-0.144587766163041,0.052,0.057,1
"EAF2",0.745659837279553,-0.242978944787382,0.046,0.053,1
"COL18A1",0.745848819834944,0.349891777171497,0.05,0.037,1
"NOD1",0.745971822556655,-0.183544957696021,0.023,0.025,1
"ZNF674",0.746115269644077,0.548394940507115,0.016,0.011,1
"ENSG00000272540",0.746123096779512,-0.684234802802467,0.014,0.019,1
"RASGEF1B",0.746149780836025,-0.100561022104396,0.107,0.107,1
"ENSG00000276517",0.746270953290308,0.601107319686419,0.011,0.006,1
"TENT4A",0.746410870092353,0.310945562476485,0.093,0.074,1
"SH3D19",0.746662607658821,0.11106230182348,0.032,0.026,1
"PDLIM5",0.746909149531412,-0.116803367707973,0.165,0.161,1
"ITGB3BP",0.747246833894231,0.12423415431845,0.059,0.048,1
"TRBV30",0.74787627040658,-0.851562089488604,0.007,0.011,1
"GALNT12",0.747918944917753,0.704326970847541,0.02,0.014,1
"USP14",0.747936588934519,0.150587975412263,0.32,0.294,1
"TIGD5",0.747954602418133,0.298080454723933,0.043,0.032,1
"LRRC41",0.748170453318462,0.153839417230012,0.32,0.292,1
"PCGF3-AS1",0.748202721212956,-0.293121884810704,0.034,0.034,1
"POMGNT1",0.748330161733764,-0.170727437966225,0.027,0.022,1
"ATG4B",0.748533081161102,0.157613332299092,0.233,0.207,1
"PDGFA",0.748689347000878,0.22187456180687,0.046,0.046,1
"TMA16",0.749266891249281,0.476350416033614,0.041,0.029,1
"FUT10",0.749280945786847,0.520530521419115,0.025,0.017,1
"CCDC77",0.749570402523202,-0.174010995430103,0.053,0.06,1
"MRPL21",0.749593879157686,-0.119560081831908,0.26,0.263,1
"TECPR1",0.749625241152434,0.17249648388149,0.043,0.045,1
"CORO1C",0.749765057908129,-0.164139857220921,0.055,0.059,1
"COPB2-DT",0.749999544945996,0.117439324938804,0.016,0.015,1
"CEP20",0.750192959391,-0.198803775270627,0.091,0.1,1
"SPRYD7",0.750278979093449,-0.710769482193946,0.009,0.012,1
"NDUFAF2",0.750424978077456,0.159154877721322,0.101,0.085,1
"TSN",0.750501601469492,-0.115615538010871,0.233,0.229,1
"DCUN1D3",0.750509229586959,0.681734968376118,0.021,0.015,1
"MYD88",0.750511479346823,0.154822104177291,0.187,0.162,1
"LIX1L-AS1",0.750514892622852,-0.333122516918784,0.023,0.028,1
"ABHD5",0.750730736438239,-0.172651244190837,0.094,0.102,1
"NBEA",0.750734446509789,-0.189692848356779,0.018,0.022,1
"HDX",0.750821553324165,-0.545579205128687,0.016,0.02,1
"NIF3L1",0.750881622793522,0.151497823684435,0.057,0.046,1
"ATG10",0.751259263598793,0.230130993798195,0.059,0.049,1
"ZNF704",0.751361096574118,0.207228792670754,0.082,0.065,1
"ENSG00000289496",0.751447647721164,-0.434017761582424,0.012,0.017,1
"DCAF5",0.75147020429436,-0.112036663664757,0.27,0.274,1
"GPC2",0.751718515497137,-0.397587330200329,0.023,0.026,1
"DECR2",0.751770301178512,0.206616417120386,0.028,0.022,1
"POLR1E",0.751842949022451,-0.176439343972429,0.052,0.053,1
"SRD5A1",0.75186589963289,-0.490581347185316,0.018,0.017,1
"ENSG00000260927",0.751872861006727,-0.322226081141395,0.009,0.012,1
"PRKAR1B-AS1",0.752176629465851,-0.142445232795232,0.027,0.028,1
"KRIT1",0.752242790801681,0.137121478243428,0.141,0.127,1
"XKR8",0.752320533488417,-0.21359363413666,0.052,0.056,1
"TMEM11-DT",0.75243091248961,0.723271499871161,0.011,0.006,1
"TMEM260",0.752832992564744,0.304051547710583,0.075,0.059,1
"SLC35G1",0.752882719219007,0.521676611124953,0.011,0.006,1
"TRBV5-1",0.753119943635215,0.568442948633097,0.028,0.022,1
"LAMTOR5",0.753187388536607,0.100388478840652,0.514,0.467,1
"ACYP2",0.753292564862543,0.164535636741121,0.141,0.121,1
"VAPB",0.753330796378044,-0.100768808155712,0.173,0.172,1
"MICOS10",0.753531035822116,0.123814124954257,0.311,0.286,1
"PNMA1",0.753623275682731,-0.129584454382363,0.142,0.15,1
"LZTS2",0.753762910531482,0.358296972665938,0.036,0.034,1
"GSTCD",0.753763273184828,0.616085309701123,0.025,0.019,1
"STK25",0.753815908476274,0.304469352976995,0.082,0.066,1
"AP3S2",0.754080839673002,0.180279754691516,0.071,0.056,1
"CNPY2-AS1",0.754094058274716,0.29114586982501,0.05,0.039,1
"RAD52",0.754527640596451,0.454824888915402,0.021,0.014,1
"NEDD4",0.754702105474776,-0.126737168860349,0.059,0.062,1
"TRIM52",0.754736257020974,0.161819292955358,0.069,0.062,1
"PSEN2",0.754823257401821,0.638804132007884,0.011,0.006,1
"SIAH1",0.754903041714115,0.191723937830913,0.151,0.127,1
"ACADSB",0.754940015506757,0.391112787367873,0.046,0.036,1
"C18orf21",0.755314756549454,0.224173757266501,0.112,0.096,1
"LRRC47",0.755514115746517,0.369567019841717,0.137,0.113,1
"ENSG00000279529",0.755533485188047,0.370455726827665,0.025,0.017,1
"ENSG00000261552",0.755543189798027,0.508875734118066,0.011,0.006,1
"NAA30",0.75561372590943,-0.101735734341186,0.119,0.121,1
"NEMP2-DT",0.755629982341747,0.793555379685324,0.014,0.009,1
"RILPL1",0.755790256623999,0.344656832369746,0.025,0.019,1
"RRAGC-DT",0.756028774440088,0.298501025113471,0.018,0.014,1
"ENSG00000290099",0.756346198316618,0.31962998048616,0.039,0.029,1
"MTAP",0.756346699924889,0.12935058101611,0.066,0.062,1
"CCDC7",0.756389852977128,-0.168049824923462,0.041,0.043,1
"HCG27",0.756413040502347,0.544926007190892,0.011,0.006,1
"SESTD1",0.756646135998046,0.241790862439638,0.164,0.138,1
"ENSG00000259375",0.756889119566175,0.412222222099788,0.02,0.014,1
"USP44",0.75695585352717,0.182431338509039,0.018,0.012,1
"AFF2",0.756957029387371,-0.534343126424628,0.016,0.02,1
"ENSG00000291228",0.757027964393118,0.25227627307084,0.03,0.029,1
"GET1",0.757296591102347,-0.200498210309325,0.112,0.108,1
"CDC14B",0.757324920128304,0.700605562963021,0.011,0.006,1
"OBI1-AS1",0.757354332998441,0.356257618976214,0.02,0.012,1
"TASL",0.757431916172393,0.226885747196795,0.025,0.019,1
"C11orf71",0.757742859954526,0.101701100229457,0.036,0.036,1
"GLYR1",0.757885014342554,-0.120743284671759,0.174,0.176,1
"PYHIN1",0.757897615006564,0.354787698817393,0.087,0.071,1
"NCEH1",0.757960972757289,-0.54130773577478,0.016,0.022,1
"OTUD7A",0.757999109559786,0.126445665318071,0.048,0.04,1
"FAM8A1",0.758362555056853,0.161034586580088,0.05,0.042,1
"CCDC71L",0.758884146069464,0.173424975223528,0.071,0.065,1
"HADH",0.758975462232238,-0.345022090675961,0.064,0.063,1
"EXOSC5",0.759023248830746,-0.284031293887587,0.052,0.056,1
"ENSG00000273175",0.7591350617233,-0.102293077227922,0.096,0.096,1
"ENSG00000278601",0.759481597946618,0.124075649038688,0.014,0.011,1
"ASAH2B",0.759680428180781,-0.273636066484757,0.012,0.014,1
"C11orf24",0.759771170282363,0.292064459879241,0.036,0.028,1
"SLC4A2",0.759920165315085,-0.230127878462295,0.037,0.043,1
"ACBD3-AS1",0.759998811937042,-0.502636847272992,0.02,0.023,1
"UBXN8",0.760011121934483,-0.648855218265744,0.011,0.015,1
"ZNF559",0.76039559586183,0.439398318369329,0.039,0.031,1
"ACVR1B",0.760540778348251,0.202528545993542,0.052,0.051,1
"LAIR1",0.760756640977969,-0.280399865971941,0.053,0.057,1
"C9orf72",0.760772559914381,0.291323952785785,0.144,0.122,1
"AFAP1",0.76094347264128,0.347135776942074,0.02,0.014,1
"TSSC4",0.760971126085523,0.114618413718703,0.315,0.287,1
"YIPF1",0.760990072579288,0.136407294252689,0.046,0.042,1
"TASP1",0.761094638955306,-0.151495527526438,0.165,0.164,1
"LINC00680",0.761230805763794,0.31451198232661,0.069,0.056,1
"ATPAF2",0.761307701037351,-0.118988494099504,0.036,0.032,1
"PHLPP2",0.761346327448151,0.183447911672438,0.064,0.051,1
"RNF123",0.761619665379532,-0.171791155662031,0.021,0.019,1
"GAA",0.761651263361034,0.186953564856434,0.018,0.014,1
"ADHFE1",0.761662442171974,0.267031327214518,0.028,0.02,1
"ZNF571",0.761732208851302,-0.412609804383983,0.043,0.049,1
"TRAV12-3",0.762057552139757,-0.899814147914127,0.007,0.011,1
"FAM234B",0.762104162389235,-0.614490041437355,0.009,0.014,1
"DENND6A-AS1",0.762126269278474,-0.160635237532204,0.021,0.022,1
"PLCG1-AS1",0.762451013666697,-0.16893724933873,0.016,0.019,1
"TATDN3",0.762890805634617,-0.250439444264728,0.057,0.065,1
"RAB37",0.763318974122953,0.381224125893163,0.062,0.054,1
"HSD17B12",0.763385791958232,0.179245258506218,0.157,0.142,1
"QSOX1",0.763408201274543,-0.126058613987813,0.094,0.091,1
"TRAF2",0.763692504211319,0.101646842093325,0.064,0.056,1
"SLC6A8",0.763889560008679,-0.173174246803653,0.009,0.014,1
"ZNF839",0.763954283838654,0.652953467487843,0.012,0.011,1
"BCL2L1-AS1",0.76405312208204,0.259267286620892,0.014,0.009,1
"ATP11A",0.764154899654358,-0.393565768786704,0.043,0.046,1
"BAG5",0.76465504252335,-0.142026511721979,0.203,0.207,1
"MSANTD3",0.764738476942996,-0.176208970344198,0.043,0.048,1
"MCF2L2",0.764756881391384,0.370548762809367,0.053,0.042,1
"NMT2",0.764791222076923,-0.399719977385542,0.062,0.071,1
"CFAP20",0.764917296306754,0.241410491747493,0.148,0.136,1
"IRGQ",0.764973622358954,0.248970187564445,0.034,0.028,1
"ENSG00000259363",0.765094523259331,-0.243617003187071,0.014,0.017,1
"NEK1",0.765359229912757,0.213551247399833,0.265,0.227,1
"KIF23",0.76536650050826,-0.249798998597912,0.03,0.034,1
"ENSG00000287839",0.765760561309777,0.24621680506182,0.021,0.015,1
"GSE1",0.765952749302189,-0.105911286560307,0.133,0.141,1
"EVI5L",0.766080990898793,-0.209324920513319,0.014,0.015,1
"GMIP",0.766160734860184,0.191604599999959,0.189,0.159,1
"HAPSTR1",0.766363657626035,-0.100560536750431,0.178,0.175,1
"PDE6B",0.766627326358572,0.431764174835795,0.028,0.02,1
"C2CD2L",0.766918206126523,0.306403399936437,0.036,0.028,1
"ATP13A1",0.76706368647154,0.213117079427763,0.1,0.083,1
"PATL2",0.767161473264611,0.187215537810006,0.059,0.051,1
"AGO1",0.767693237797621,0.143126646127002,0.066,0.054,1
"PRICKLE3",0.767816974769223,0.369044120168292,0.032,0.023,1
"PTP4A3",0.767981826902135,0.225977287583733,0.021,0.017,1
"FBP1",0.768246955724877,-0.841005668835259,0.007,0.011,1
"STING1",0.768290347595239,0.433220024899066,0.032,0.026,1
"SECISBP2",0.768371870796038,0.108836111615889,0.265,0.243,1
"PSMB5",0.768571812797111,0.277741189585493,0.178,0.153,1
"FUCA1",0.76880105429532,0.252283761626725,0.028,0.022,1
"ZNF530",0.769068974934825,0.259753138709155,0.02,0.017,1
"ARL17B",0.769350854545999,0.26482503690321,0.039,0.034,1
"TGFA",0.769592343369539,-0.419692144634989,0.011,0.015,1
"DLG3",0.769928175552867,-0.381556713616189,0.016,0.019,1
"ZDHHC4",0.770159234957892,-0.106853238140445,0.087,0.093,1
"TRIM62",0.770470254720833,-0.670868162819103,0.036,0.042,1
"OPRM1",0.770635841376359,0.396371432392916,0.011,0.006,1
"ZNF350",0.770649946721626,-0.163886943307323,0.112,0.114,1
"C9orf64",0.770670484623963,-0.488968325991267,0.011,0.014,1
"ZNF461",0.770782236887143,0.306589078199379,0.052,0.042,1
"NEURL4",0.770825515476305,0.192920972901595,0.02,0.015,1
"GALNT3",0.771193600917644,0.300461036016986,0.048,0.037,1
"ZNF500",0.771315841014807,-0.637769722422936,0.02,0.025,1
"PARD6B",0.771851107681158,0.461776019513807,0.041,0.031,1
"AARS2",0.771868772453098,-0.382738452069159,0.018,0.022,1
"LRPAP1",0.772001790980561,0.103880926028594,0.406,0.368,1
"SH3BP2",0.772061686352656,0.374618379256562,0.032,0.025,1
"C8orf44",0.772249613233847,-0.220514947468844,0.055,0.06,1
"FGD3",0.772445168473471,-0.1324710774517,0.265,0.269,1
"THYN1",0.77257014647477,0.197698614690219,0.196,0.17,1
"CLN6",0.772619044154519,-0.215279401010641,0.05,0.053,1
"SUPT3H",0.772664521327214,-0.110257713758072,0.141,0.148,1
"KDSR-DT",0.772734888818996,-0.407296012208943,0.009,0.014,1
"H2AC6",0.772868048782797,0.126738509174693,0.215,0.212,1
"HTD2",0.772930360042515,-0.322081910965032,0.034,0.039,1
"RNF146",0.772985085441861,-0.26905156954086,0.046,0.048,1
"FXYD7",0.773256076881873,-0.272148290496629,0.037,0.042,1
"ZNF248",0.773871079889082,-0.229652532538149,0.025,0.02,1
"ZNF85",0.773952523046378,0.290241645559574,0.048,0.042,1
"EXOSC6",0.774164016517588,-0.13743900770588,0.262,0.264,1
"TEP1",0.774375386516652,-0.265430312048717,0.027,0.031,1
"ZSCAN12",0.774547282145954,0.708975140122301,0.023,0.02,1
"ADCK1",0.774573974382871,-0.78260887467989,0.007,0.011,1
"IMPACT",0.77458107986977,-0.194648053300774,0.02,0.023,1
"HERC2P9",0.774594249055583,-0.167178728964186,0.014,0.011,1
"C10orf95-AS1",0.774627898036384,-0.643042266217346,0.012,0.017,1
"VPS39-DT",0.774862658442457,1.10283193540514,0.011,0.006,1
"TBX21",0.775127313401314,-0.129627353221589,0.085,0.08,1
"P4HTM",0.775313430652605,-0.153022953898443,0.093,0.097,1
"ARV1",0.77558875189997,0.327753995383456,0.041,0.032,1
"SCRN3",0.77560829013795,-0.25474303384655,0.028,0.034,1
"MGLL",0.775618299467839,0.239036844058793,0.027,0.02,1
"PALM2AKAP2",0.775665374976681,0.625243727035219,0.016,0.012,1
"SPRYD4",0.775976109527303,0.432741531128814,0.057,0.045,1
"MDS2",0.775986544293665,-0.303980755527834,0.021,0.026,1
"ENSG00000291179",0.776100652395138,0.447584009408976,0.016,0.011,1
"OSBPL5",0.776161412728616,-0.217990644571006,0.03,0.037,1
"BMP8A",0.776282294676705,-0.133634631607653,0.009,0.011,1
"ASPHD2",0.776300030587467,0.249087055250736,0.03,0.026,1
"TASOR",0.7763317582835,-0.141563994335182,0.174,0.179,1
"ZBTB10",0.776473592412398,-0.182702607473216,0.133,0.13,1
"RETSAT",0.77663586982667,-0.571783327076266,0.027,0.031,1
"RIOX2",0.776797175599957,0.252611627069601,0.032,0.025,1
"PLB1",0.77687716180596,0.308371451599887,0.023,0.02,1
"C1orf174",0.777193800659602,-0.121902743333433,0.153,0.155,1
"STK35",0.777485003633121,0.135265581609543,0.036,0.029,1
"OAZ2",0.777586333409617,-0.323311753026631,0.068,0.071,1
"GTF3C2-AS2",0.778009212327623,-0.202255112569327,0.012,0.017,1
"MED16",0.778074244518318,0.210368614719015,0.146,0.127,1
"LINC00265",0.778269929728538,-0.729213201128307,0.011,0.014,1
"VIPAS39",0.778309359222913,-0.231542660310451,0.037,0.04,1
"ENDOG",0.778637916328828,0.196155371952889,0.105,0.088,1
"SMUG1",0.778661751624499,0.342044296607149,0.03,0.023,1
"TDP2",0.778693808408163,-0.129978910503957,0.171,0.168,1
"SPIN2B",0.778756619422915,0.131862950580913,0.036,0.037,1
"SELENON",0.779542105285564,0.31971646868244,0.032,0.026,1
"ENSG00000273149",0.779606479290398,-0.18229775523793,0.06,0.065,1
"SLC25A20",0.779679488994521,0.112405605439048,0.048,0.042,1
"FUOM",0.779987779196785,-0.268099664767359,0.028,0.031,1
"FANCB",0.780364848159407,0.291461308906332,0.027,0.02,1
"AKAP5",0.780949380631306,0.43941252041758,0.055,0.043,1
"POU3F1",0.780984153545575,0.488456219256294,0.012,0.008,1
"TRAV12-2",0.781019922768273,-0.21798480499258,0.016,0.011,1
"SLC26A11",0.781242999751175,0.254266137061557,0.041,0.032,1
"ENSG00000274591",0.78135379062807,-0.914336593605374,0.007,0.011,1
"ATP8B2",0.781462774295405,0.195383320065444,0.059,0.057,1
"CCDC125",0.781512100849467,0.257772058878611,0.018,0.014,1
"ERI1",0.781693477579138,0.421079802947113,0.05,0.04,1
"TMEM39B",0.781746142805731,-0.112543807915987,0.059,0.057,1
"ZNF550",0.781804295401408,0.286295193934237,0.044,0.034,1
"CAMKK1",0.781872685259997,0.625366487666756,0.021,0.015,1
"NKAPD1",0.781909533687683,0.14461353231443,0.199,0.175,1
"ZNF490",0.781916370512126,-0.211657897357803,0.094,0.093,1
"MED14",0.782322247862895,0.182429214311161,0.237,0.215,1
"MINCR",0.782354110358714,-0.235165644353684,0.025,0.026,1
"SV2A",0.782529298676442,-0.31361971210692,0.009,0.012,1
"GSTM2",0.78263117314656,-0.488268039811416,0.016,0.02,1
"DCUN1D4",0.78324282386432,-0.154003383986179,0.059,0.057,1
"TIPIN",0.78327961562724,0.268905886375972,0.02,0.015,1
"PIDD1",0.783305290557241,-0.103923258839436,0.018,0.022,1
"ENSG00000287644",0.783325916098038,-0.690658745975436,0.009,0.012,1
"ENSG00000291171",0.784105685692629,0.250672265369693,0.048,0.037,1
"LIN7B",0.784171534295851,-0.642798101599185,0.02,0.025,1
"MED24",0.784345799731228,0.167702310382507,0.073,0.065,1
"ARMH4",0.784437757955671,-0.19661546427502,0.073,0.077,1
"METTL1",0.784554263334861,-0.238627745892235,0.027,0.025,1
"GNB1L",0.784676290713629,0.135288678332597,0.062,0.056,1
"TMEM265",0.784689062101788,0.609888257579053,0.012,0.008,1
"SAP30L-AS1",0.784863915501921,0.354886537209335,0.032,0.023,1
"LRRC37A2",0.784887406527917,0.2268357118108,0.046,0.037,1
"RDH14",0.785006923288724,0.111430229948799,0.178,0.153,1
"ZMYM5",0.785123979074205,-0.107345198040873,0.19,0.185,1
"CDC37L1",0.785224277127858,0.164831967226471,0.176,0.151,1
"RAD51D",0.785454210307243,0.411741526831865,0.028,0.023,1
"MLST8",0.785542749602015,0.180564692012696,0.075,0.071,1
"ZKSCAN2",0.785544494897062,0.871497615688623,0.012,0.008,1
"C1orf52",0.78559833965011,-0.145612377552705,0.235,0.23,1
"H2BC4",0.785685038789097,0.232147741975259,0.078,0.066,1
"ENSG00000268584",0.785885520509721,0.41259903253913,0.016,0.011,1
"DLG2",0.785939412049753,-0.473401331636462,0.011,0.012,1
"SLC35D1",0.786303042226011,0.23423550268919,0.137,0.117,1
"TRBV6-1",0.78639409423934,0.187229730879302,0.012,0.015,1
"NAGLU",0.786429990971126,0.323183380971346,0.021,0.017,1
"FBXO8",0.786715917222006,-0.145654671606933,0.08,0.08,1
"SNTB2",0.787023202403881,-0.187017919719968,0.044,0.048,1
"CORO2A",0.787123468747037,-0.182081394338598,0.048,0.053,1
"ENSG00000261632",0.787387750332884,0.383691762938033,0.012,0.009,1
"B3GNTL1",0.787589065985301,0.269574152682258,0.05,0.039,1
"CTNNBL1",0.787622249178124,-0.140613638768553,0.167,0.17,1
"SMAD3",0.787786153463311,-0.136854079561917,0.13,0.134,1
"ZNF74",0.788314233250181,-0.22454908384439,0.02,0.023,1
"PXYLP1",0.788385649992329,0.593097251504223,0.037,0.028,1
"ENSG00000242861",0.788456528230424,-0.484983712411,0.021,0.026,1
"ADM2",0.788557739110254,-0.316677427197939,0.009,0.011,1
"ZNF415",0.788650117591357,0.74312617452837,0.021,0.015,1
"TMEM202-AS1",0.788675903020232,0.143230498905503,0.012,0.014,1
"CCDC184",0.788796704648794,0.352920205099853,0.021,0.017,1
"TOMM40",0.789110799700457,-0.197996440741516,0.091,0.1,1
"TRIM52-AS1",0.789144934858457,0.471662178384362,0.055,0.046,1
"SMAD1",0.789410160308493,0.258968877606535,0.011,0.008,1
"ZZEF1",0.789514717534473,0.163468349276086,0.201,0.172,1
"C12orf4",0.789544980451513,-0.352722755497644,0.06,0.07,1
"ENSG00000286808",0.789649218524274,0.367842805520736,0.023,0.023,1
"ARMCX6",0.789759971091196,0.279182247678238,0.144,0.124,1
"HPS4",0.78981254231951,0.294542819004182,0.078,0.063,1
"ZBED3",0.789907278135017,0.372419625760911,0.066,0.051,1
"ENSG00000283674",0.789986212908294,0.289753558188587,0.052,0.042,1
"ZNF45-AS1",0.790010386300536,0.630231995414178,0.011,0.006,1
"MORC2",0.790028085035968,-0.329127561000627,0.011,0.012,1
"IDH1",0.790492747030478,-0.312306839633169,0.027,0.032,1
"USP32",0.790509009748759,0.119413108419856,0.135,0.122,1
"TMEM87A",0.790535038202773,0.100847457591322,0.331,0.306,1
"NPIPB12",0.790553521070346,-0.509128015925827,0.011,0.014,1
"SFSWAP",0.791265098995092,0.126751241964167,0.23,0.204,1
"PDIA6",0.791378459001597,0.154394873491046,0.199,0.17,1
"TRD-AS1",0.791598275592503,-0.384093542771435,0.126,0.142,1
"H2BC7",0.791703186073224,0.122069114467086,0.023,0.022,1
"MTO1",0.791774926694113,-0.255940685891006,0.089,0.096,1
"FIZ1",0.792072365687055,-0.598390618340044,0.034,0.042,1
"NCKAP1",0.792076147128063,1.16766248026424,0.011,0.006,1
"GRHPR",0.79225491331942,-0.236093942754867,0.075,0.076,1
"TMEM88",0.792367791185019,0.51493939524865,0.018,0.012,1
"TMEM241",0.792388389062044,0.498405057818379,0.016,0.012,1
"C9orf85",0.792448743921531,-0.347472358438636,0.077,0.079,1
"PLEKHA5",0.792486642543522,-0.154009253161116,0.089,0.094,1
"IRF3",0.792537424850285,-0.145374027364357,0.11,0.119,1
"IGHMBP2",0.79261076590918,0.374758046120641,0.078,0.063,1
"TENT5A",0.792710735572647,0.230167223586546,0.041,0.037,1
"FUT11",0.792829924961678,0.258853022576972,0.082,0.073,1
"ZNF138",0.79286843674104,-0.150808343368197,0.084,0.085,1
"ENSG00000291159",0.793113200129696,-0.237385630975937,0.018,0.022,1
"ERMP1",0.793117318005634,-0.386965700585622,0.037,0.039,1
"NECTIN1",0.793147911923643,-0.17919732035937,0.02,0.019,1
"SMIM15",0.793319153300298,0.142060600643799,0.174,0.155,1
"BRAT1",0.79356551582273,-0.173829854242201,0.123,0.122,1
"ADAP1",0.793568910604727,0.229657684934546,0.06,0.046,1
"KCTD12",0.79384823893983,0.841998469155365,0.014,0.009,1
"CLASP2",0.794111532534702,0.111747813666713,0.324,0.286,1
"SHLD3",0.79461062087837,0.235820352166356,0.034,0.029,1
"TTC5",0.794905827135592,0.115225854595904,0.062,0.051,1
"METTL22",0.795098327670114,-0.107631764031335,0.069,0.068,1
"TTC9",0.795147462255919,0.104560225069176,0.043,0.042,1
"ASNS",0.795169200633547,-0.171655081855814,0.014,0.014,1
"MAK16",0.795216238254779,0.264885910607392,0.062,0.049,1
"LINC-PINT",0.795390901236215,0.162670329344151,0.751,0.716,1
"ZNF595",0.795444828737964,-0.458661090967747,0.012,0.017,1
"PTPN23-DT",0.795752869598449,0.560443251441651,0.016,0.011,1
"PLA2G6",0.795828251101397,-0.11049260203961,0.02,0.022,1
"MRPL37",0.795843781659078,0.303693032110078,0.171,0.142,1
"RASA1",0.79603059324334,0.131878258757645,0.173,0.15,1
"GTF3C2",0.7965400754239,0.196363511343962,0.126,0.108,1
"PTPRA",0.796798259468013,0.163038197488308,0.302,0.267,1
"NRM",0.796868414566138,-0.188964026399308,0.009,0.012,1
"MED19",0.797081793365756,-0.141744454118886,0.187,0.19,1
"KRBA2",0.797265517409611,-0.720952873076656,0.016,0.019,1
"IFI30",0.797448234669303,0.364991696844246,0.018,0.014,1
"ZDHHC21",0.797729373509317,0.507373496751732,0.037,0.028,1
"MAN2B1",0.797794929506059,-0.141346665345072,0.13,0.128,1
"MTERF2",0.797833542136817,0.324370392501453,0.014,0.009,1
"AHR",0.797879058866229,0.116076917030869,0.176,0.155,1
"MAML1",0.797926937774846,-0.207254625915685,0.162,0.164,1
"LMNB1",0.79798672053368,0.222116075351952,0.181,0.156,1
"PLAGL1",0.798098295038475,-0.33162031719477,0.011,0.014,1
"PPP3CB-AS1",0.798343864641312,-0.151137776030905,0.014,0.014,1
"CBX7",0.798378095106769,0.11966303482424,0.036,0.034,1
"CEP104",0.798382343348773,0.266446917326652,0.123,0.102,1
"ENSG00000282951",0.798421984212893,-0.307259876988677,0.016,0.019,1
"TRMT44",0.798491491482053,0.17759998165645,0.064,0.051,1
"TTC39B",0.79849718637098,0.223389968098525,0.073,0.062,1
"IDE",0.798521303596685,0.353120308183277,0.052,0.039,1
"MYO15B",0.798572083508826,-0.230972949959351,0.037,0.039,1
"ENSG00000259536",0.798737721972276,1.00227925885862,0.011,0.006,1
"ENSG00000259001",0.798737892289628,-0.419043805094123,0.009,0.011,1
"GORASP1",0.798850035262183,-0.396190016309484,0.012,0.015,1
"C5orf63",0.798896445719184,0.521671781854177,0.014,0.009,1
"SPATA33",0.798912585800538,0.201796054405485,0.057,0.053,1
"LIN9",0.798975408829484,-0.372333331733218,0.027,0.031,1
"EDRF1-DT",0.799450085600214,-0.190352861603229,0.011,0.014,1
"PXMP4",0.799457161432254,0.314282376412815,0.021,0.015,1
"SH2D3C",0.799592470284669,0.248058805691262,0.093,0.087,1
"ENSG00000231856",0.799760337096262,0.588761427809678,0.021,0.015,1
"BORCS6",0.799800436247293,-0.241960019003683,0.078,0.083,1
"CAB39L",0.799837972394859,-0.923902543423665,0.012,0.017,1
"COA1",0.799920411570841,-0.157173273667677,0.231,0.232,1
"LINC02245",0.799976885766703,-0.269716478208502,0.039,0.043,1
"BMERB1",0.800045173131047,-0.291646734367423,0.034,0.037,1
"CYREN",0.800135109641439,-0.111403224237772,0.068,0.066,1
"ENSG00000290476",0.800161531706438,-0.227676216663546,0.021,0.025,1
"SLC26A2",0.800322672655393,0.300229643841196,0.034,0.026,1
"SLC41A1",0.800492634178648,-0.274562090468502,0.043,0.04,1
"ENSG00000284685",0.800578176155193,-0.303151114797366,0.023,0.028,1
"DAPK2",0.800625284046929,0.383509157978711,0.073,0.057,1
"ENSG00000287965",0.800791564694249,-0.471539478656999,0.014,0.019,1
"TMPO-AS1",0.800851008698346,-0.235831479152072,0.028,0.034,1
"TWNK",0.800930749644777,0.401975085191467,0.023,0.017,1
"DIMT1",0.8011825179505,-0.100624550724923,0.246,0.25,1
"ZDHHC24",0.801731154499729,0.357965263710402,0.084,0.066,1
"TGFBR1",0.801958699516853,0.126714228743671,0.094,0.083,1
"UBL7-DT",0.802270819336006,0.326126270588811,0.046,0.039,1
"ENSG00000289155",0.802340255489482,0.378814667983968,0.018,0.015,1
"CCDC142",0.802411959850976,-0.181515892272985,0.06,0.06,1
"RPAP3",0.802472198269998,-0.149673228822576,0.157,0.162,1
"BORA",0.802517152033826,0.226663047941789,0.023,0.019,1
"RTL6",0.802630372805054,0.194163526727382,0.137,0.127,1
"UBLCP1",0.802696506292586,-0.102075124565008,0.208,0.196,1
"HSPA1A",0.802775978244095,-0.696461886579545,0.06,0.065,1
"SPRYD3",0.802850044023772,0.367952781463939,0.06,0.049,1
"MMS19",0.803015967139272,0.342955645850246,0.119,0.099,1
"ACTR3C",0.803118136410869,-0.616572918000644,0.012,0.014,1
"LCORL",0.803246263238779,-0.128095736272149,0.155,0.158,1
"GRWD1",0.803316990778042,-0.126625338593655,0.125,0.13,1
"ENSG00000273319",0.803374652188172,-0.11822073239577,0.06,0.062,1
"SLC30A1",0.803406211733854,0.318824157139656,0.069,0.056,1
"CES2",0.803638307161526,0.272280672228403,0.084,0.071,1
"DIP2B",0.803744539453012,0.137422933653521,0.246,0.216,1
"HMBS",0.803749090028502,0.360067878435755,0.011,0.008,1
"URGCP",0.803811780223453,0.106577394527918,0.105,0.088,1
"RAP2A",0.803837026807659,-0.2652762757587,0.101,0.1,1
"DTX3L",0.803870715515574,0.105052352568593,0.133,0.117,1
"C17orf80",0.803977363164545,0.253557991846741,0.052,0.046,1
"ENSG00000287697",0.803996795929225,0.219059648456583,0.037,0.028,1
"ENSG00000234425",0.80400939082806,0.639060091343199,0.018,0.014,1
"QSOX2",0.804038345429733,0.347998448693583,0.044,0.039,1
"SLC25A26",0.80427477250625,0.154559564154045,0.167,0.156,1
"SLC25A28",0.80438723404404,0.148408628857037,0.096,0.079,1
"PDS5A",0.805020495714313,0.102300302507537,0.44,0.4,1
"PLEKHM3",0.805125129106109,0.128768875011825,0.052,0.048,1
"TTC30A",0.805329567341403,-0.564451788656903,0.007,0.011,1
"LRRC37A3",0.805389585455713,-0.220495029851286,0.084,0.093,1
"ARRDC5",0.805436770094725,-0.381148280280872,0.012,0.011,1
"HTATSF1",0.805468998908375,0.137753227240794,0.231,0.204,1
"DUSP7",0.805749258017505,0.431093821965036,0.016,0.011,1
"ENSG00000273275",0.805776903994927,-0.102074699379759,0.03,0.031,1
"MBLAC2",0.805859168404287,0.673098222744655,0.014,0.009,1
"ANKMY2",0.806479736598289,0.210520696348171,0.053,0.043,1
"CCDC200",0.806811532899393,0.438450764803326,0.044,0.034,1
"CASP4",0.806848263275682,0.179054371901521,0.185,0.155,1
"NEMP2",0.806932854549923,-0.164058994651498,0.041,0.037,1
"RGMB",0.80709620940479,-0.348683741622112,0.011,0.014,1
"MTHFR",0.80723972412118,0.335004116406219,0.034,0.025,1
"MTRES1",0.807438768109724,0.179618028983213,0.041,0.034,1
"MYO1E",0.807442875847156,0.340658647783035,0.027,0.025,1
"GAN",0.807591894839895,0.310694196691295,0.085,0.071,1
"MRPS26",0.807630479330267,-0.125433782347006,0.221,0.229,1
"ZBED4",0.807718609018779,-0.225198488902636,0.084,0.083,1
"KLHL11",0.80773248397128,-0.244597817639216,0.064,0.071,1
"CHRM5",0.807856600069472,0.409640127690926,0.023,0.02,1
"TTF1",0.808000136128526,-0.203734037250126,0.116,0.124,1
"PXMP2",0.808085823212558,0.24855607561768,0.037,0.029,1
"EIPR1",0.808134023092927,0.131291737033635,0.077,0.062,1
"NME9",0.808282401997222,0.454356191415073,0.014,0.009,1
"NDUFA3",0.809111780225634,-0.122443505343754,0.411,0.413,1
"DNAI4",0.809192617523575,-0.26244078404754,0.007,0.011,1
"TLR1",0.809260021829098,0.170729850828407,0.043,0.039,1
"FAIM",0.809499472271682,-0.103476993380981,0.03,0.031,1
"RECK",0.809690772209306,0.456925796910231,0.039,0.031,1
"CFAP298",0.809794946617416,0.105141610704694,0.224,0.21,1
"NOC3L",0.809857090650383,-0.201231189153722,0.093,0.094,1
"HACL1",0.809957606828362,0.187212722383203,0.125,0.107,1
"BEX2",0.810082526340474,-0.144554228853739,0.183,0.185,1
"CEP63",0.81012243985387,-0.30509523821244,0.044,0.049,1
"ZNF778-DT",0.810295216966765,-0.214411526761463,0.012,0.011,1
"TNFSF14",0.810511482073465,-0.199713010561464,0.016,0.015,1
"SPICE1",0.810608984476078,-0.137324822798714,0.071,0.073,1
"LIMD1",0.810753741865252,0.680834755443128,0.036,0.029,1
"FICD",0.810766560430592,0.631595876998272,0.016,0.011,1
"PITPNM2",0.811369183485112,0.142266813893111,0.068,0.059,1
"GEMIN4",0.811698084640707,0.115033356612435,0.091,0.076,1
"ABCB6",0.811952192171331,0.376829765308558,0.014,0.009,1
"AGPAT4",0.81201561312506,0.152493470217836,0.295,0.261,1
"FECH",0.812430399275328,0.294681454230649,0.03,0.023,1
"TAPT1-AS1",0.812481751895088,0.508683463628867,0.014,0.009,1
"ACOT4",0.812542675856483,0.137973823325944,0.011,0.011,1
"CLCN6",0.812552790394202,0.4676514804513,0.039,0.032,1
"KRBA1",0.81263620892139,0.126345745033469,0.023,0.023,1
"JAG1",0.812856100947627,0.23300448367871,0.012,0.012,1
"ELK4",0.812873051711068,-0.12841178903592,0.217,0.216,1
"BANP",0.813016549356749,0.148097923173245,0.333,0.295,1
"ENSG00000260274",0.813109260416276,0.194504156691565,0.014,0.009,1
"PI4K2A",0.813328298803376,-0.183065253279239,0.055,0.059,1
"SLFN11",0.813760836232315,-0.111150652598589,0.109,0.104,1
"FDXACB1",0.813829399171626,0.105011542447818,0.039,0.042,1
"ERGIC3",0.814054253111283,0.108405565987342,0.425,0.382,1
"ENSG00000290854",0.814206224424857,-0.106011190953218,0.036,0.039,1
"POLRMT",0.814243911542547,0.104402055548048,0.112,0.1,1
"PELO",0.814441087517032,0.15699436035957,0.117,0.104,1
"MPZL2",0.814690710250603,-0.2911724157279,0.009,0.012,1
"PSD3",0.814934938496205,-0.235028238195448,0.021,0.025,1
"QRSL1",0.815026353959683,-0.197842602157305,0.064,0.071,1
"DROSHA",0.815119623071856,0.21153139457152,0.091,0.077,1
"PRKAB2",0.815195233546037,-0.329843744137706,0.039,0.039,1
"H2BC15",0.815244566539145,0.16976042978733,0.043,0.034,1
"RNF144B",0.815247665220588,0.535482157496562,0.014,0.012,1
"SLC9A9",0.815742449603021,-0.149690262115856,0.037,0.032,1
"ST6GAL1",0.816966910067856,0.194922087636672,0.199,0.178,1
"FAM219B",0.817019570027518,-0.124845905113567,0.041,0.045,1
"FAM169A",0.817045939691189,0.266456818991895,0.075,0.062,1
"TMEM115",0.817092741542382,-0.130472402053496,0.187,0.182,1
"LRRC37A",0.817498039122636,0.249871219564199,0.012,0.009,1
"ARSG",0.817519297361623,-0.231405206506799,0.02,0.025,1
"ENSG00000257553",0.817561210831067,-0.413345528906183,0.011,0.014,1
"STK11IP",0.817691469130893,0.331893707684493,0.037,0.029,1
"EXOSC4",0.817928210984523,0.116201078231262,0.132,0.116,1
"ENSG00000286817",0.818133258643856,0.619652821003956,0.014,0.009,1
"KSR1",0.818159573235295,0.276881839152307,0.066,0.054,1
"TMEM186",0.818235940217072,0.326510789431983,0.039,0.034,1
"TNFSF12",0.818541991723914,0.278194579062374,0.025,0.022,1
"SAMD9",0.818777562961689,0.144781507310391,0.226,0.198,1
"ENSG00000230612",0.818932290074145,-0.137524127628645,0.016,0.02,1
"USP7",0.819265331950818,0.141225535152872,0.251,0.223,1
"NTN1",0.819488300066968,0.629883245960789,0.011,0.008,1
"SNRK-AS1",0.819760849322648,0.249157280426633,0.087,0.071,1
"GNA12",0.819906885920314,0.116103299951947,0.084,0.073,1
"CEP85",0.819986927400773,0.353032744573387,0.034,0.028,1
"PRR3",0.820359202184528,-0.328070344177944,0.053,0.062,1
"TESK2",0.820676299873148,-0.349091481047169,0.062,0.066,1
"CPSF3",0.821220993640543,-0.144338877809134,0.094,0.093,1
"ZNF318",0.821365841551607,0.196805244868329,0.089,0.074,1
"SH3GLB2",0.821389534634762,-0.155454208106944,0.093,0.097,1
"SAMD1",0.821426904056519,0.191441161065256,0.052,0.043,1
"CDCA7L",0.821680392744344,0.286003038082146,0.044,0.039,1
"STX18-AS1",0.821699500293615,0.425964373637905,0.016,0.014,1
"ADPGK-AS1",0.821820894754457,0.430475422975002,0.012,0.009,1
"RAMP1",0.821982328611224,0.489895452286751,0.016,0.012,1
"LINC00665",0.822069842075993,0.162550782141791,0.037,0.034,1
"STK3",0.822111324929662,0.101626073053252,0.041,0.037,1
"CD226",0.822145057811647,-0.133879844854063,0.021,0.025,1
"INTS6",0.822494178882892,0.119383951334002,0.306,0.283,1
"MFN1",0.822512416126664,0.197809364875903,0.123,0.107,1
"ZSCAN25",0.822951461792457,0.21785505718417,0.069,0.056,1
"PWWP2B",0.823227668995418,0.125018423983877,0.062,0.054,1
"SLC22A5",0.823233971840846,0.158340525150937,0.023,0.019,1
"ALG14",0.823393293291189,-0.174891787064695,0.014,0.015,1
"TATDN2",0.82340031305779,0.160029821670863,0.107,0.091,1
"ACADS",0.823492641655391,0.232572321946113,0.028,0.023,1
"SLC25A53",0.823558076995804,-0.177870687420004,0.082,0.088,1
"SLC2A4RG",0.823968187487147,0.105633371508547,0.13,0.116,1
"FIBP",0.824002615661211,0.190736044125242,0.198,0.175,1
"ZNF718",0.82420658531384,0.190198836654313,0.066,0.056,1
"THEMIS2",0.824270133831598,0.567169499859294,0.011,0.008,1
"TMEM187",0.824369374614955,0.120992945422456,0.014,0.014,1
"KRTCAP3",0.824442716045664,-0.234415857571082,0.016,0.014,1
"C2orf49-DT",0.824498532426223,0.155610770173729,0.028,0.023,1
"GDAP1",0.824509503249406,0.328130765652814,0.06,0.049,1
"NIT1",0.82481491296801,-0.179274684541118,0.087,0.093,1
"GPX7",0.824835059013451,0.189209375724987,0.121,0.11,1
"SLC12A9",0.824926672645373,-0.528055170750336,0.043,0.048,1
"OCEL1",0.825042592598323,0.209562767807977,0.066,0.056,1
"ENSG00000259589",0.82514273109523,0.171669480466623,0.123,0.107,1
"XRCC3",0.825143303387942,0.848129070231452,0.011,0.008,1
"MRM2",0.825855859332203,0.239262832218349,0.071,0.062,1
"ZNF317",0.826248894523516,-0.136048408091761,0.094,0.096,1
"MATN1-AS1",0.82627735492205,-0.278873548815326,0.011,0.011,1
"TAF15",0.827174889921661,0.118291668809682,0.489,0.442,1
"MCM5",0.827207538604583,-0.218865960428281,0.089,0.085,1
"DNAJC28",0.827247059507763,0.366179243238778,0.018,0.015,1
"ENTPD7",0.827563224048484,0.518252774654261,0.027,0.02,1
"MAGT1",0.8276006489947,0.192621752859717,0.198,0.167,1
"DZANK1",0.827926964741864,0.367312841949525,0.036,0.031,1
"PPIF",0.827992807005324,0.168046769760537,0.05,0.042,1
"MBNL2",0.828247209376197,-0.289880096718339,0.142,0.147,1
"FAM221A",0.828286708056788,0.251406734112034,0.021,0.019,1
"SPIRE1",0.828301422824417,-0.491991796701114,0.02,0.023,1
"ENSG00000287269",0.828510695340291,0.522447927757401,0.025,0.019,1
"AAMP",0.828607672557723,-0.112094240081886,0.319,0.32,1
"CBR3",0.828689788125583,-0.454708421388077,0.011,0.014,1
"MOCS2",0.828828210507677,-0.106998422142258,0.098,0.099,1
"GLT8D1",0.828829152281668,0.157299490030213,0.077,0.065,1
"DDN-AS1",0.82885714377188,-0.586764149562636,0.016,0.02,1
"ENSG00000285728",0.829396160538232,-0.460938641861329,0.009,0.012,1
"ZNF747-DT",0.829616858511593,-0.201518294703778,0.023,0.025,1
"RRAS",0.829753304941914,0.292942896976299,0.023,0.019,1
"FAM117A",0.82979917400164,-0.131158097088462,0.302,0.3,1
"C1RL-AS1",0.829841020706561,0.773237011247659,0.012,0.008,1
"ALG12",0.829984261522146,-0.126081473254146,0.071,0.068,1
"SEPTIN7-DT",0.830276379003552,0.653110670359658,0.014,0.009,1
"PARP2",0.8303367827529,-0.15583806599181,0.027,0.031,1
"AGAP3",0.830540909955932,0.278955926838769,0.05,0.04,1
"ZFYVE19",0.830610563430841,-0.100610028233354,0.062,0.066,1
"CLIC5",0.830624670196165,0.104384970585231,0.025,0.022,1
"ENSG00000269604",0.830808781207416,0.376832341652198,0.016,0.011,1
"KCNH3",0.831083023684281,-0.581302988953951,0.011,0.011,1
"RNASEH2A",0.831146866322073,-0.137911796453486,0.025,0.023,1
"DYRK4",0.83125896952692,0.171652339033393,0.057,0.046,1
"FCHSD1",0.831526427275024,0.185279827309934,0.073,0.06,1
"NEK5",0.831871266549969,0.536541054034139,0.011,0.008,1
"CREG1",0.83188717576886,0.349552014190939,0.05,0.042,1
"NUP43",0.832037817111817,0.186880753421076,0.039,0.037,1
"PHKA2",0.832149080407517,0.288778828869693,0.03,0.025,1
"NTAQ1",0.832419989552808,0.140215228331566,0.016,0.019,1
"TFEB",0.832595880476639,-0.204634489014835,0.048,0.053,1
"RFC5",0.832602497231896,-0.231653079879041,0.036,0.04,1
"RIOX1",0.832654556897378,-0.177743634903528,0.107,0.111,1
"POU2F1",0.832863878792342,-0.126378379903443,0.08,0.082,1
"TMEM161B-DT",0.832932580091514,0.24241701859607,0.05,0.043,1
"LINC00426",0.833016320200292,0.49636705488648,0.02,0.014,1
"DPPA4",0.833018854877768,-0.861039506314535,0.012,0.017,1
"WRAP53",0.833645114654136,-0.206462700870025,0.041,0.045,1
"POU6F1",0.833653264431411,-0.40028288932952,0.009,0.012,1
"GABPB1-IT1",0.833917816147702,-0.133612823754717,0.185,0.193,1
"METTL13",0.834157979197298,-0.167959303995781,0.062,0.066,1
"DTX3",0.834213627757414,0.276193205425718,0.059,0.054,1
"EPOR",0.834302188247499,0.347041242413153,0.036,0.032,1
"CBX6",0.834698457700896,0.276454787320482,0.123,0.105,1
"DTL",0.834874591082319,0.395750880103957,0.011,0.008,1
"RTEL1",0.835056172103719,-0.725405972206764,0.009,0.012,1
"THAP2",0.83544529475981,0.112205050496818,0.057,0.046,1
"C2orf81",0.835528449473581,-0.93814679580474,0.009,0.014,1
"ZNF483",0.835931949625269,-0.672541630331346,0.02,0.023,1
"SCO1",0.836133891060208,0.102476733956399,0.094,0.09,1
"CBX1",0.836214331199358,0.128825388014693,0.148,0.134,1
"DMWD",0.83625787436758,-0.10193361051734,0.1,0.102,1
"NECTIN3",0.836337474616354,-0.354090701955375,0.037,0.042,1
"H2AC18",0.836438499930975,-0.354090757572086,0.016,0.019,1
"WBP4",0.836470571208336,0.133642327380319,0.123,0.114,1
"TRUB1",0.836477227122076,-0.143550529335124,0.044,0.045,1
"HAUS2",0.836510381246934,-0.12213452666831,0.139,0.136,1
"STK26",0.836834698961376,0.133383263887832,0.286,0.261,1
"EPHB6",0.836861745839392,-0.226327738961786,0.023,0.028,1
"ENSG00000274460",0.837106081129586,-0.349077259272468,0.011,0.011,1
"AGFG2",0.837173312261745,-0.413117061510375,0.025,0.028,1
"MAP2K7",0.83727127426437,-0.147480101078693,0.198,0.206,1
"CUL4B",0.837310925046605,0.213685480449954,0.091,0.077,1
"GTF2H3",0.837622871875678,0.437306525558573,0.073,0.059,1
"EFCAB13",0.837647542083897,0.491054976209871,0.021,0.015,1
"ENSG00000273619",0.837864280559904,-0.54470083616488,0.011,0.014,1
"ZNF703",0.838183653160403,-0.217962818663963,0.016,0.02,1
"SGMS1",0.838320360049631,0.174103307790049,0.165,0.153,1
"IQSEC1",0.838509305370964,0.207278368372168,0.069,0.062,1
"H3C2",0.838633098135986,0.170777273838437,0.012,0.012,1
"ENSG00000231521",0.838944011719758,-0.375503804836606,0.011,0.014,1
"LIN54",0.838947187938242,-0.134499975866138,0.084,0.085,1
"CFLAR-AS1",0.838976099467184,-0.118599272511389,0.023,0.023,1
"PLXNA1",0.838985032327114,0.382894261073941,0.014,0.011,1
"NOP14-AS1",0.839103928956518,0.419490213398103,0.048,0.036,1
"STYX",0.839393671420182,0.114156587796044,0.148,0.133,1
"DAPK3",0.839606755609431,0.144187195806054,0.123,0.11,1
"ENSG00000291156",0.839629299004352,-0.152793828643097,0.153,0.153,1
"NCAPD2",0.840074177913045,0.158073847522365,0.039,0.032,1
"STIMATE",0.840179868828936,-0.101573606887413,0.059,0.063,1
"SLC22A18",0.840353473885108,-0.175607987431606,0.016,0.02,1
"MOSPD3",0.840379478162811,-0.126669234110954,0.044,0.045,1
"ENSG00000254263",0.84040878912371,0.420763222711179,0.02,0.014,1
"ENSG00000285646",0.84048891028298,-0.623290124748166,0.009,0.012,1
"LRRC8C-DT",0.840659710153224,0.168349780233752,0.043,0.036,1
"ENSG00000251034",0.840781601422045,-0.121294824944288,0.091,0.094,1
"SNX10",0.840783453316772,0.178038298129749,0.055,0.046,1
"JAGN1",0.840846726188707,-0.102769637592173,0.21,0.21,1
"PUDP",0.840965015152825,0.276776283290169,0.071,0.059,1
"POT1-AS1",0.841022332156982,0.337598121914382,0.012,0.009,1
"TYW5",0.841129654761271,-0.304988996271227,0.055,0.057,1
"HACD4",0.841234602389465,0.188780509087694,0.119,0.105,1
"SIAH2",0.841236557555462,-0.125466955658094,0.215,0.221,1
"LENG1",0.841336301451987,-0.233915968472808,0.114,0.117,1
"RIT1",0.841417124644777,0.107799466154438,0.19,0.172,1
"SOCS2",0.841487520213654,0.448393593662918,0.011,0.008,1
"ENSG00000257176",0.841629347916337,0.25470357255516,0.011,0.008,1
"TRIO",0.842011221670632,0.320011531407093,0.094,0.082,1
"KHDC1-AS1",0.842070524254636,0.703083614844959,0.011,0.008,1
"MIR646HG",0.842110153727239,0.406453692510521,0.018,0.019,1
"GGA3",0.842156903354378,0.156896026996875,0.116,0.097,1
"MAN2B2",0.842395092059746,0.140549205853439,0.048,0.04,1
"SLC38A3",0.84246763359478,0.124245552575047,0.036,0.029,1
"CMIP",0.842622408993448,0.130160726908089,0.493,0.454,1
"SUPV3L1",0.842651717173699,0.23882018963037,0.256,0.233,1
"UFSP1",0.842739848821414,0.504745941944371,0.014,0.011,1
"GPSM2",0.842772310206621,-0.246575611314989,0.02,0.023,1
"HMOX1",0.842802051116881,-0.22973560204173,0.012,0.017,1
"AP4B1-AS1",0.843291169447679,-1.30996139312167,0.007,0.011,1
"NATD1",0.843531004113917,0.227418316438032,0.02,0.015,1
"ENSG00000264895",0.843540614981769,-0.17013798855588,0.011,0.012,1
"ZNF527",0.843583475225263,-0.1517983425835,0.052,0.057,1
"RUFY3",0.843589598195065,-0.144566430101001,0.123,0.13,1
"ZNF784",0.843652127085146,0.276495420937821,0.02,0.015,1
"TFB2M",0.843746505553972,-0.170054379806257,0.093,0.096,1
"ZNF664",0.843787752712286,0.152329543517081,0.165,0.144,1
"RBM38-AS1",0.843804561658707,0.322290854166669,0.052,0.04,1
"ELAC2",0.843878594806269,0.331044246673095,0.1,0.083,1
"ST7",0.843898344098768,-0.156226133341898,0.03,0.034,1
"KLHDC7B",0.843924103977545,-0.213913979048519,0.011,0.012,1
"NXT2",0.844112579339875,0.286125149554352,0.025,0.02,1
"CNDP2",0.844454723456332,-0.227251311883394,0.109,0.107,1
"SLC12A2-DT",0.844754279480445,0.139969689545935,0.043,0.034,1
"KBTBD8",0.844825479296772,0.313707052302776,0.02,0.015,1
"FAM149B1",0.84512758144601,0.260870289911108,0.048,0.037,1
"INTS3",0.845197689342143,0.306687756483229,0.05,0.046,1
"SPATC1L",0.845458073758178,0.64283258543758,0.011,0.008,1
"ZNF836",0.845637086345991,0.190968821957449,0.087,0.071,1
"USP47",0.845672417514848,0.118392465388257,0.521,0.474,1
"ID1",0.845889911738326,0.31656554933903,0.037,0.029,1
"DNAJC14",0.845930980025743,0.100560865452252,0.062,0.056,1
"PIGP",0.845971223405662,0.115651192429419,0.094,0.082,1
"ZFP62",0.846075754282445,0.304667518375715,0.046,0.037,1
"TTC13",0.846559881247937,0.165515019240338,0.089,0.08,1
"KAT7",0.846610641432959,0.116605292389895,0.146,0.13,1
"NEK9",0.846841121303392,-0.16501703661822,0.077,0.082,1
"ENSG00000289294",0.84700716683814,-0.597445944771013,0.025,0.026,1
"CLPB",0.847260754035587,0.36782713842737,0.032,0.028,1
"KIF20B",0.847404659387519,-0.140209556232327,0.11,0.113,1
"ENSG00000251131",0.847544779731929,-0.181731496568873,0.03,0.031,1
"GSTO2",0.847583573301906,-0.300217932790646,0.011,0.012,1
"ATF3",0.847790227994611,-0.309336721341644,0.037,0.04,1
"ZKSCAN5",0.84794501710105,0.110241937504703,0.039,0.039,1
"RBBP9",0.848022345801138,0.189155853384701,0.096,0.085,1
"CERNA1",0.848075002097419,0.536428572989585,0.014,0.009,1
"KNOP1",0.84816687776567,-0.10199243700912,0.023,0.023,1
"RFC3",0.848630417503355,-0.310461327955994,0.016,0.019,1
"EMSY-DT",0.848676510864662,0.198850757731286,0.02,0.014,1
"COPS6",0.84888774929839,0.146525287326211,0.246,0.218,1
"TMEM120A",0.849003900201458,0.209753741831233,0.052,0.043,1
"ZNF142",0.849174487335284,-0.109177020715507,0.069,0.068,1
"ENSG00000290399",0.849225161286434,-0.212849834286167,0.018,0.019,1
"GPR180",0.849987686516031,-0.349973488983662,0.02,0.023,1
"STPG4",0.850090753288681,0.204514095167292,0.016,0.012,1
"SUGT1P3",0.850182650758884,0.115725081577972,0.023,0.023,1
"HLA-DMA",0.850337137240134,0.237718334236598,0.043,0.036,1
"ZCCHC18",0.850705748658824,0.371243817003325,0.014,0.011,1
"EEF1A2",0.850987482638764,-0.10348592923131,0.018,0.02,1
"POC1B",0.850998548906342,0.261149170571937,0.082,0.07,1
"ZNF567-DT",0.851072560785226,-0.326070685707931,0.021,0.023,1
"SELENOS",0.851086460484339,-0.113496244969861,0.304,0.304,1
"FSCN1",0.851340236118045,-0.15439895190431,0.052,0.057,1
"ENSG00000237813",0.85169798436259,0.11432200268421,0.014,0.012,1
"ZNF597",0.852029719254562,-0.162187576223618,0.025,0.026,1
"LATS2",0.852074061403296,-0.128580491250986,0.048,0.051,1
"THRA",0.852100422894457,-0.26985244236953,0.025,0.026,1
"TOP3A",0.852190845908398,-0.140444516524258,0.073,0.07,1
"ZNF667-AS1",0.852241072953187,-0.179237793318171,0.121,0.121,1
"RORA-AS1",0.85270366882585,-0.131795615363236,0.046,0.048,1
"LATS1",0.852773487290594,-0.126611315865318,0.222,0.226,1
"UBR2",0.852817809621792,0.152685555640477,0.354,0.318,1
"P4HA1",0.852968486072384,0.12011492421095,0.125,0.11,1
"TREX1",0.853149658583519,-0.435411847886151,0.012,0.015,1
"CDYL2",0.853168419445078,-0.113951286980235,0.048,0.049,1
"ENSG00000289228",0.853536800105522,0.42539674180638,0.016,0.011,1
"NPEPL1",0.853579596391009,0.124872880068613,0.036,0.031,1
"RHOT2",0.853764751398832,-0.20209278704361,0.176,0.178,1
"GTF2F1",0.853805818366781,0.126248956432197,0.313,0.278,1
"PEX11B",0.853952511442972,-0.162082492179208,0.119,0.114,1
"CDADC1",0.854378347245121,-0.190677930542207,0.053,0.053,1
"ZNF184",0.854403142929031,0.159517908521673,0.11,0.1,1
"ATPSCKMT",0.854436197316495,0.151009245783807,0.016,0.012,1
"ADCY3",0.854811154923301,0.240881906214308,0.043,0.037,1
"SLC22A23",0.855085008443282,0.208975667627327,0.025,0.02,1
"ANXA4",0.855346969463204,0.734358708036237,0.016,0.011,1
"ENSG00000222017",0.855381262914948,0.737434699508042,0.018,0.012,1
"TUBGCP5",0.85542283554717,0.283670966901908,0.05,0.04,1
"MED27",0.855588705157976,-0.1140953327518,0.208,0.206,1
"PRDX4",0.855761110396264,-0.217686131695734,0.044,0.049,1
"CCNB1",0.855779124973016,-0.353045097496742,0.025,0.028,1
"PRKG1",0.855951724298133,0.654882537526003,0.011,0.008,1
"MANEA-DT",0.856129889763547,-0.19327794645513,0.028,0.031,1
"PABIR1",0.856277713222997,0.131567745715854,0.114,0.097,1
"ENSG00000284691",0.856299078445246,-0.307145705279815,0.053,0.057,1
"SDK2",0.85630250581579,0.29663370733892,0.027,0.028,1
"HINT2",0.856319982990936,-0.104088888099989,0.053,0.057,1
"MIRLET7A1HG",0.856330732866917,-0.245308503223772,0.077,0.08,1
"MED28-DT",0.856864828904534,0.848642832064264,0.018,0.012,1
"GNPDA1",0.857647595079184,-0.322357836435877,0.023,0.028,1
"PI4K2B",0.857818843735807,0.117942494925155,0.093,0.085,1
"LINC00402",0.85789302315072,-0.71289361343343,0.011,0.012,1
"SH2D3A",0.858038616775099,-0.29504384006404,0.107,0.108,1
"MYEF2",0.858060114905489,0.272098844064712,0.044,0.034,1
"PORCN",0.858063355732586,0.434744601906961,0.053,0.042,1
"PCBP3",0.858130016468562,0.214213292810711,0.187,0.161,1
"JMJD4",0.8583012666401,-0.294587185801812,0.048,0.053,1
"ENSG00000254433",0.858613316082642,-0.162643897535839,0.009,0.011,1
"LNX2",0.858624748718598,-0.124468707886075,0.11,0.111,1
"ALKBH1",0.858629380978685,-0.290994522001912,0.073,0.076,1
"LRRC61",0.858915528477133,-0.145488938915105,0.043,0.045,1
"RBM15",0.859145436038709,0.151540048666927,0.109,0.091,1
"KIF21A",0.859281231158165,0.112934606810481,0.028,0.029,1
"MIR23AHG",0.859304342394615,-0.142570149657606,0.133,0.122,1
"EIF4G3",0.859426117026361,0.164758615356227,0.162,0.142,1
"ZNF787",0.859518278450683,0.11662530542859,0.132,0.111,1
"FAM161A",0.859567460443089,-0.500088364971682,0.012,0.015,1
"EGR1",0.85966643580487,0.1486358250511,0.016,0.012,1
"FAM131A",0.859681773495257,0.128026634957145,0.046,0.042,1
"STS",0.859843089001482,-0.101978613479949,0.009,0.011,1
"IMPA1",0.85999160950776,-0.109290099240622,0.128,0.134,1
"GRAPL",0.859995512088005,0.248906691162269,0.023,0.02,1
"ZNF155",0.860020848295349,-0.296519692868374,0.034,0.037,1
"PIGG",0.860052272422994,0.188644427550909,0.084,0.071,1
"ENSG00000289707",0.860063896949191,0.154829461423986,0.016,0.012,1
"WDR5",0.86044287457383,-0.168172406982118,0.094,0.102,1
"SPESP1",0.860977674667775,0.446742744967358,0.012,0.011,1
"SETDB1",0.861010582800077,-0.161081749150463,0.114,0.117,1
"RHEBL1",0.861310097191717,-0.402196782632849,0.011,0.014,1
"CDC26",0.861486255739748,-0.131392192201468,0.251,0.244,1
"ZNF653",0.861614600913339,0.345532535498738,0.028,0.022,1
"ENSG00000278376",0.861654657124853,-0.185381413775051,0.021,0.019,1
"RDH13",0.861835347282503,-0.418671925237486,0.023,0.026,1
"ST20-AS1",0.862088752818935,-0.449559726982252,0.009,0.011,1
"ACP5",0.862185035383322,0.14232088937378,0.055,0.045,1
"DUSP23",0.862303568459364,0.142078936034954,0.048,0.04,1
"DGKH",0.862387553293712,0.154785158116867,0.044,0.036,1
"DENND5A",0.862460890392867,-0.14236825600156,0.109,0.108,1
"KIFBP",0.862532615357067,0.307931950846887,0.059,0.048,1
"PLCH1",0.86262191525989,0.313607447147117,0.011,0.008,1
"ENSG00000237773",0.862734218713329,0.232645848549984,0.048,0.042,1
"ENSG00000258471",0.863000574824025,0.297210840646513,0.012,0.009,1
"USP28",0.86350297941356,-0.321727575767873,0.021,0.025,1
"CINP",0.863849725256055,0.125626357834985,0.08,0.07,1
"VAC14",0.863949495183985,-0.272298581580962,0.05,0.053,1
"TMEM214",0.864044069021031,0.223428205086243,0.073,0.065,1
"PDGFD",0.864233664542676,0.416190996564604,0.043,0.036,1
"ZNF526",0.864409908116187,0.254947875294078,0.03,0.025,1
"TMEM104",0.864444027067965,-0.617953451751538,0.016,0.02,1
"TET3",0.864620063276634,-0.132695803659912,0.149,0.151,1
"SLC25A12",0.864663915240727,0.148738982966468,0.101,0.09,1
"ZNF761",0.864815565838484,0.215056857062926,0.08,0.071,1
"ACVR2A",0.86522703016202,-0.177250175140624,0.037,0.04,1
"C2orf42",0.865849889201878,0.216959424331533,0.028,0.023,1
"PPTC7",0.865967645935152,-0.155812444712636,0.167,0.167,1
"ZBTB49",0.866612641143999,0.177923477695458,0.117,0.102,1
"METTL16",0.866845129410084,0.115617725486237,0.178,0.156,1
"ENSG00000241073",0.866882556398962,-0.470588593131074,0.016,0.019,1
"MATK",0.867495810714228,0.127208204072836,0.235,0.209,1
"TIRAP",0.86761527007128,-0.428957161173786,0.012,0.017,1
"GPD1L",0.867666623025106,0.477018132552386,0.011,0.008,1
"HSF2",0.867739978188439,-0.151573570286698,0.091,0.096,1
"RCN1",0.867874804510993,-0.293076763342824,0.032,0.034,1
"ENSG00000230325",0.868008849564784,0.394699251919159,0.016,0.012,1
"BIVM",0.868103441046344,0.29793949294142,0.023,0.017,1
"AHI1",0.868217299726142,0.156496001259977,0.302,0.277,1
"ZSWIM8",0.868265973917205,-0.221975448475799,0.084,0.087,1
"ALAD",0.868454380580523,0.398350553957292,0.041,0.034,1
"CR2",0.868639491162243,0.326776203970277,0.023,0.019,1
"ST3GAL2",0.868676506153646,0.125912556710347,0.059,0.051,1
"JOSD2",0.868757573465644,0.246966801142245,0.073,0.06,1
"POLR2H",0.869135511971208,0.196223032745933,0.141,0.125,1
"UBL7",0.869199949592656,-0.150908393733298,0.199,0.199,1
"EPM2A-DT",0.869509860471344,-0.132286081205269,0.021,0.022,1
"RINL",0.869524486060207,0.146538153134318,0.046,0.037,1
"ENSG00000232611",0.869787316280374,-0.186936588637606,0.011,0.012,1
"MIER3",0.869859843449329,0.257672147161911,0.08,0.066,1
"ENSG00000240553",0.870313180915159,0.367986446467698,0.023,0.019,1
"C3orf33",0.870564627649086,-0.490301994530497,0.012,0.015,1
"LINC02246",0.870568538541515,-0.536471731050585,0.009,0.011,1
"ZSCAN29",0.870573603103356,0.510020877156344,0.03,0.023,1
"LINC01882",0.870883535791201,0.58998690838132,0.018,0.012,1
"DDX19A-DT",0.870969501437886,-0.387557116452348,0.012,0.009,1
"DPP3",0.871032878726846,0.308704663404362,0.052,0.04,1
"MMP24",0.871166213499419,0.254447551091556,0.011,0.008,1
"TADA2A",0.871177915345079,0.23233024702613,0.037,0.032,1
"CASD1",0.871341770026827,0.155762526558036,0.132,0.111,1
"PRANCR",0.871421017555793,-0.145450779850542,0.116,0.121,1
"THNSL1",0.871540716030356,0.572518474975317,0.011,0.008,1
"CTSL",0.871597655585585,-0.109602252760809,0.012,0.012,1
"ING3",0.871645789396889,-0.226760542230747,0.142,0.142,1
"PPM1M",0.871658610905339,0.203739730622605,0.089,0.077,1
"CD300A",0.871666217069683,0.137821962553558,0.089,0.087,1
"ZBTB42",0.871912995325471,-0.212004185759061,0.009,0.011,1
"ARHGAP15-AS1",0.871939026914317,0.528317796579656,0.014,0.011,1
"CCDC152",0.87217398808853,0.332668376565958,0.018,0.014,1
"RAP2C-AS1",0.87221306817811,0.209622438455732,0.02,0.019,1
"CARMIL2",0.87221678185823,-0.15200580564031,0.055,0.056,1
"ENSG00000289959",0.872340443458614,-0.177758649603683,0.016,0.015,1
"DMAP1",0.872810154845082,0.176252100312668,0.121,0.102,1
"ZNF197",0.873045200335323,-0.560411931941031,0.02,0.02,1
"SLC17A9",0.873119694203606,-0.256074707333509,0.021,0.02,1
"SMU1",0.873283781493789,0.132308813650549,0.374,0.338,1
"RPAP1",0.873375452822132,-0.163732723871603,0.034,0.034,1
"NOCT",0.873403337070027,0.118063682812443,0.075,0.071,1
"RNF213-AS1",0.873531078939686,0.16975703821893,0.036,0.036,1
"YARS2",0.873789060955912,0.241192762916964,0.107,0.093,1
"ETNK2",0.873879546223921,0.57966563146048,0.011,0.008,1
"STX8",0.874050143470892,0.197951516483987,0.085,0.073,1
"CFAP68",0.874768139373087,0.375690691111203,0.073,0.062,1
"ZBTB14",0.874847608727029,0.36462820003829,0.041,0.034,1
"SENP5",0.87512900182436,0.111506182391177,0.228,0.201,1
"ENSG00000272368",0.875314696174176,-0.143498022854189,0.03,0.031,1
"MINPP1",0.875480210904047,0.174644813471624,0.039,0.032,1
"ENSG00000255321",0.875506078694496,0.271614321083924,0.012,0.009,1
"AGGF1",0.875744179278413,0.138375351101112,0.146,0.13,1
"ZNF512",0.875910974229293,0.126420810264802,0.062,0.065,1
"ZFP14",0.876573782998141,-0.237249137831038,0.057,0.062,1
"PAK4",0.876851804811128,-0.138755928594446,0.041,0.043,1
"HHEX",0.876858275093047,-0.394576807860612,0.012,0.015,1
"ENSG00000288919",0.876875707875887,0.33457797736473,0.025,0.02,1
"ENSG00000266998",0.877232145513743,0.244384073918271,0.023,0.022,1
"ZNF771",0.878088090322132,-0.295135086294415,0.018,0.02,1
"PCYOX1",0.878125823994874,0.188434002407347,0.041,0.032,1
"ENSG00000232470",0.878402938589735,-0.469634550835337,0.016,0.019,1
"KMT2D",0.878524669037025,0.104653696303373,0.139,0.124,1
"PARPBP",0.878739997321913,-0.213678043484363,0.021,0.025,1
"CTSH",0.878751115081934,0.34984304701261,0.011,0.009,1
"KIR2DL1",0.878783071131243,-0.450356689553943,0.016,0.015,1
"KIAA0232",0.878783938486151,0.128096293553721,0.222,0.196,1
"MKRN2OS",0.878784882455302,-0.214154695255246,0.011,0.012,1
"CCDC62",0.87939888055542,0.273663843732059,0.016,0.012,1
"AKAP8",0.879454301985826,0.190821360748187,0.133,0.114,1
"ENSG00000257342",0.879476015145407,0.219149126083074,0.011,0.014,1
"AP4E1",0.879501481078181,-0.144625353520008,0.055,0.054,1
"DDX51",0.879624864650503,-0.123374298779442,0.071,0.071,1
"IKBIP",0.879727672466399,0.115844404835836,0.103,0.091,1
"DOK4",0.880227663547864,-0.238338144954838,0.016,0.019,1
"RPUSD2",0.880297305395413,0.173597047074791,0.068,0.059,1
"ENSG00000231104",0.880388766809325,-0.461613265450922,0.011,0.012,1
"MED14OS",0.881047909867691,0.468882352469829,0.011,0.008,1
"POU2F2-AS1",0.881435590129235,-0.110080885336077,0.018,0.023,1
"SLC2A1",0.881465503914779,0.252054944020383,0.06,0.051,1
"ENSG00000286128",0.8817780395057,0.124503636434258,0.011,0.008,1
"LINC02256.1",0.881785094719248,0.305003172401547,0.05,0.042,1
"EIF5A2",0.881830664667778,-0.139081387510151,0.085,0.087,1
"RAD51",0.882059581334522,-0.172649269324872,0.009,0.011,1
"TSPAN3",0.882262324434635,-0.149607531935009,0.226,0.212,1
"SEPSECS",0.882410698742556,0.263017856005004,0.048,0.04,1
"TRAP1",0.88249874829974,0.128544099345601,0.071,0.06,1
"SNHG20",0.882720171459153,-0.596798519076126,0.021,0.025,1
"SCAMP1",0.88273997382926,0.189066875272026,0.162,0.145,1
"ENSG00000291176",0.882989325075527,0.160015640229267,0.014,0.011,1
"SCAMP1-AS1",0.883185919777034,-0.329194685654771,0.032,0.032,1
"DCTD",0.88341950674363,0.2096127681335,0.091,0.08,1
"ENSG00000267476",0.883777797121582,0.182320624737595,0.055,0.045,1
"PTGES2",0.883798179338138,-0.136887409806573,0.094,0.096,1
"APAF1",0.883824074569459,0.279674336481448,0.039,0.032,1
"FAM27C",0.884175097992011,0.126284465274438,0.016,0.014,1
"ENSG00000271533",0.884784012978063,-0.52022970894853,0.011,0.012,1
"SKP2",0.885089107010089,0.276563424611019,0.05,0.042,1
"LDB1",0.885775244386358,0.10856911505163,0.181,0.164,1
"IRAK2",0.885969716593248,0.199985708018455,0.03,0.025,1
"LMO7",0.886331064140919,0.348188296667367,0.032,0.025,1
"ENSG00000224746",0.886437041796494,0.336806020930887,0.011,0.008,1
"TAX1BP3",0.886579400903039,0.159911651222583,0.105,0.09,1
"ZNF613",0.886917344243061,-0.199083211279063,0.041,0.045,1
"IBTK",0.88733615190075,0.252728343573131,0.125,0.107,1
"ENSG00000231731",0.887596520073656,0.293777480991875,0.027,0.023,1
"EXOSC9",0.887789792791463,0.206282972213126,0.132,0.113,1
"ZNF649",0.888068334485276,-0.12233840946799,0.073,0.073,1
"LANCL1-AS1",0.888476602346991,0.109147752866763,0.012,0.009,1
"FOCAD",0.888572577312525,0.319045498960257,0.077,0.065,1
"ENSG00000281021",0.888741423160612,0.363402788738938,0.016,0.015,1
"CHMP3-AS1",0.88882492994725,-0.214491267471431,0.011,0.012,1
"ZCWPW1",0.888825987320578,-0.334005762937172,0.016,0.017,1
"LRIG2",0.888902004973049,0.228594196065353,0.073,0.063,1
"PSMD6-AS2",0.888930738960479,-0.333190384073439,0.023,0.026,1
"MEF2B",0.889033678460613,-0.154797780171454,0.014,0.015,1
"F12",0.889063535238892,0.306214010788991,0.018,0.017,1
"ENSG00000289235",0.889475338939028,0.119413554478866,0.012,0.009,1
"N4BP2L2-IT2",0.889614599894758,0.540972878645574,0.011,0.009,1
"SP2-AS1",0.889893830862224,-0.183347444179861,0.016,0.019,1
"ZCCHC9",0.890269741992348,0.171851393378196,0.068,0.057,1
"SLC30A9",0.890728175153419,-0.110866719260502,0.164,0.161,1
"MYL11",0.89094350084039,-0.188045968942605,0.025,0.026,1
"ENSG00000237356",0.891256872178438,0.663560396866417,0.012,0.009,1
"FRY",0.89126811125114,-0.133701126553157,0.028,0.031,1
"MVP-DT",0.89135521525726,0.177008103890206,0.039,0.034,1
"RAB34",0.891412107170955,-0.498596829520879,0.011,0.011,1
"ENSG00000288827",0.89159854657673,0.105133989149879,0.032,0.031,1
"LINC01237",0.892020533986451,0.10574324229098,0.039,0.032,1
"SLC16A3",0.892086321655925,0.177962867159052,0.242,0.219,1
"SLC44A2",0.89212573402016,-0.136589218921348,0.226,0.224,1
"PHPT1",0.892136383044891,0.144891060184785,0.093,0.083,1
"GOT2",0.892145461254927,-0.100228783980999,0.082,0.082,1
"ZC3H7B",0.892769454985925,-0.10466205315541,0.11,0.11,1
"WARS2-AS1",0.892769485585438,-0.237318644804976,0.036,0.037,1
"ZNF717",0.892964520286958,-0.274704191800694,0.012,0.014,1
"SLC25A35",0.89304321693377,0.144269903246239,0.02,0.019,1
"SEC24B-AS1",0.893116322271636,0.636099613528637,0.011,0.008,1
"TP53INP2",0.893153665641147,0.220919335080883,0.114,0.097,1
"ENSG00000227598",0.893165811407993,0.163509540153223,0.018,0.014,1
"ZRANB1",0.893652470335494,-0.16052478675251,0.091,0.09,1
"TNFAIP8L2",0.894086882796229,-0.215696826348672,0.009,0.011,1
"CSAD",0.894123316044919,-0.18998628876954,0.053,0.056,1
"GLYCTK",0.894308442661468,-0.486039855011693,0.053,0.057,1
"HCG18",0.894324647929396,0.125032500539263,0.295,0.275,1
"OXA1L",0.894745352644307,0.110851328926474,0.365,0.332,1
"WDR81",0.895310362232535,0.206984419667441,0.02,0.015,1
"BBS7",0.89553594690701,0.271586797912648,0.066,0.054,1
"KIF3C",0.895764710376942,-0.696092922259543,0.012,0.014,1
"IBA57",0.895928029600424,0.219229188877791,0.036,0.031,1
"GEMIN8",0.895929689091307,-0.106943138160898,0.064,0.063,1
"SLC9A1",0.896043633005438,0.187204361893348,0.068,0.059,1
"SMYD5",0.896215690407275,0.114538566171784,0.011,0.012,1
"DNAAF10",0.8964240613262,0.103871298575987,0.025,0.022,1
"RPF2",0.896464552197598,-0.10022348348525,0.075,0.07,1
"RUNDC1",0.89648222486946,0.150324907004894,0.064,0.059,1
"NPDC1",0.896502320462358,0.301612996636921,0.096,0.082,1
"LETM2",0.896638918684097,0.279731685679494,0.044,0.036,1
"ENSG00000290450",0.896702452066987,-0.316121513030529,0.009,0.011,1
"TTC38",0.896766598396782,0.254372147671365,0.03,0.023,1
"CYLD-AS1",0.896868953690488,0.284026354628055,0.018,0.017,1
"ABCC10",0.897021412123379,0.103345164484174,0.064,0.063,1
"ENSG00000289211",0.897045713758648,0.133151989218814,0.036,0.031,1
"OPN3",0.897516272972555,-0.353874170825033,0.012,0.014,1
"WRAP73",0.897620755642088,0.149895364518517,0.1,0.097,1
"RDH10",0.897824572074237,0.18670218450394,0.023,0.02,1
"MAP1A",0.897936798430507,-0.184383324753839,0.043,0.046,1
"DBT",0.897999650928807,-0.187797264800116,0.028,0.029,1
"MDC1",0.898098499383444,0.155405118113606,0.071,0.062,1
"HACD1",0.898164550915487,-0.390218678064118,0.014,0.015,1
"CTPS2",0.898207234553461,-0.163395503019219,0.021,0.022,1
"NAIF1",0.89833772823979,-0.573444539224599,0.014,0.017,1
"GSTM4",0.898364695622003,0.467655288762991,0.016,0.012,1
"TBX19",0.89838833735147,-0.197188681433068,0.009,0.011,1
"ZNF473",0.898601383485953,-0.188783621509763,0.039,0.042,1
"NMNAT1",0.89866310566078,0.588839199985041,0.012,0.009,1
"PHTF2",0.89867252731328,-0.3799100995419,0.055,0.056,1
"TMEM30B",0.89880041418083,0.262244357325518,0.012,0.009,1
"RABEP2",0.898858712994371,0.181956435861931,0.13,0.114,1
"SERPINI1",0.898968421846341,0.298447168165071,0.012,0.009,1
"GPR146",0.899376562334313,0.104041722035451,0.021,0.02,1
"ZNF467",0.899497645171814,-0.384211780319704,0.014,0.015,1
"AHI1-DT",0.899754210882332,0.232458568270014,0.012,0.011,1
"ENSG00000288756",0.899763654428148,0.440837647282926,0.021,0.017,1
"RRN3P3",0.89986364014987,0.168241684180451,0.053,0.046,1
"RIC8B",0.899905506070044,0.133899933407582,0.101,0.088,1
"ENSG00000236935",0.899932461690333,0.262709932898931,0.03,0.026,1
"POGLUT3",0.900078663260682,0.384862254940542,0.011,0.008,1
"ENSG00000291003",0.900147533702314,-0.236992779688565,0.011,0.012,1
"FAM184B",0.900168234625848,0.3469022815752,0.011,0.009,1
"ZBTB33",0.900231474769875,-0.103779367235789,0.075,0.073,1
"TCEAL1",0.90023493064166,0.331913561867105,0.02,0.02,1
"PFN2",0.900282085918914,0.273339144485722,0.016,0.012,1
"INTS7",0.900573153074605,0.141704683854541,0.094,0.085,1
"ABCB8",0.900639602090209,0.114802900504043,0.071,0.063,1
"FBXO44",0.900659467371342,-0.140305232419482,0.044,0.04,1
"SLC43A1",0.900731902839584,0.197818012119554,0.014,0.011,1
"APEH",0.900882886516298,0.100582473053503,0.091,0.087,1
"GLCE",0.901149388877262,0.10163846509999,0.068,0.06,1
"ARSB",0.901294149883071,-0.238815210047363,0.02,0.019,1
"ENSG00000260570",0.901300856342995,0.402516783535223,0.011,0.008,1
"IPP",0.901469021425275,0.28025029538742,0.036,0.029,1
"RSKR",0.90154707577037,-0.207370903289019,0.011,0.012,1
"ZSCAN30",0.901872588586691,-0.216559356511429,0.02,0.02,1
"LMAN1",0.90189600101355,0.124900989802975,0.208,0.185,1
"KCTD10",0.902233586676251,0.171498187135704,0.101,0.088,1
"ZNF169",0.902317314353577,0.154722401935874,0.041,0.042,1
"CCDC191",0.902504667097191,0.10791615309419,0.034,0.031,1
"SNTA1",0.902753370586879,-0.985738042649805,0.011,0.014,1
"TUBE1",0.902919665280043,-0.135001816759727,0.073,0.073,1
"ENSG00000290872",0.903345136331611,-0.114491786887352,0.027,0.029,1
"HSD17B8",0.903452558855459,0.124563960742219,0.023,0.02,1
"TBP",0.903992810395962,0.151858271396411,0.164,0.15,1
"DVL1",0.904194182197309,-0.15124914856941,0.032,0.032,1
"ACBD6",0.904371978252569,0.133664178842624,0.165,0.15,1
"ENSG00000288934",0.904728526427405,0.431606675833265,0.011,0.008,1
"DDX11",0.904902463715595,0.214295956386098,0.027,0.022,1
"MFGE8",0.905218188060878,0.292924810263882,0.077,0.066,1
"AKR1C3",0.905262408966598,-0.317319849002645,0.021,0.022,1
"DNAJC13",0.905697230533267,0.135063426464229,0.098,0.087,1
"BAG4",0.90570958836258,0.273628049288898,0.087,0.073,1
"DGKA",0.906227634317242,-0.126281009451242,0.274,0.277,1
"ELK1",0.906345063534164,0.199207554347128,0.094,0.082,1
"PDE8B",0.90653911031659,0.191488491325122,0.014,0.011,1
"HPF1",0.906754158052341,-0.242261860249602,0.064,0.07,1
"VILL",0.906977747785621,-0.262383573019877,0.012,0.015,1
"ATF7IP2",0.907108525487328,0.107392297227689,0.093,0.08,1
"RDX",0.907577932935673,-0.1759929682273,0.071,0.07,1
"TIMM29",0.907995600647651,0.108027207317408,0.11,0.102,1
"ZNF441",0.908034959501436,-0.452506701066732,0.009,0.011,1
"TRBJ1-2",0.908103606027178,-0.651709383604122,0.007,0.011,1
"LLGL1",0.908681260086332,0.542123700923787,0.016,0.012,1
"INKA2",0.908783184599417,-0.176241083763779,0.037,0.04,1
"RCAN3AS",0.909563949003093,-0.133133757270725,0.048,0.048,1
"TPCN1",0.909668102270482,-0.383345797889913,0.011,0.009,1
"SLC6A3",0.909693930476705,-0.412254693686748,0.016,0.02,1
"ADAM22",0.910345695842864,0.16109200097561,0.021,0.017,1
"LYN",0.910408059864316,0.190414707836192,0.057,0.048,1
"ENSG00000250602",0.910513204905378,0.270972387193537,0.012,0.009,1
"KCTD21-AS1",0.910556023503665,0.139086884813406,0.011,0.009,1
"NPIPB13",0.910666436624931,-0.132389114064051,0.044,0.045,1
"VPS25",0.910672726395249,0.133051395135252,0.112,0.097,1
"RARG",0.910724766023129,0.149363195158335,0.014,0.011,1
"ENSG00000251143",0.910858553632055,-0.122221033792782,0.055,0.054,1
"KIT",0.911124017295367,0.519273399523427,0.011,0.008,1
"SRP14-DT",0.911194915173729,-0.335853850856261,0.009,0.011,1
"TMEM44-AS1",0.911200775970069,0.456171746162468,0.03,0.025,1
"KCNQ1",0.911218317937566,0.634328544262246,0.016,0.015,1
"BLOC1S6",0.911908021312519,0.114367876179269,0.208,0.19,1
"MYL6B",0.912079820064268,0.403114212478795,0.036,0.029,1
"GFM2",0.912499087949035,0.217756634661887,0.066,0.06,1
"ENSG00000258232",0.912737718186713,0.323882019468327,0.012,0.011,1
"GOLGA2",0.91275140084741,0.180017760328834,0.11,0.099,1
"ENSG00000289180",0.912941755691766,-0.425044503373831,0.009,0.011,1
"TRAFD1",0.913770233822241,-0.132557208770166,0.089,0.09,1
"ENSG00000287124",0.913777070249034,0.439418091336075,0.011,0.008,1
"IL15",0.913779518722238,-0.109167796420651,0.018,0.015,1
"FMO5",0.913955111451692,-0.179272379981206,0.016,0.019,1
"DPY19L1",0.91396209285895,-0.179478143209367,0.048,0.049,1
"ENSG00000286177",0.914222126783686,-0.517082738313904,0.016,0.019,1
"GUCY2C-AS1",0.914296276538834,0.317165370257657,0.011,0.008,1
"ENSG00000236498",0.914318280080634,-0.242110435675857,0.014,0.017,1
"RIDA",0.914384710574477,-0.338789938841412,0.012,0.012,1
"ENSG00000288856",0.914512790642687,0.425188082588268,0.018,0.015,1
"AMIGO2",0.914583576444949,-0.165510826253555,0.027,0.028,1
"TRIM61",0.914978452387529,-0.560972344679032,0.011,0.012,1
"C1orf198",0.915117957734002,0.339380401472419,0.025,0.02,1
"PSPH",0.915208386510341,0.18655112320503,0.032,0.031,1
"NHLRC3",0.916201714113737,0.235932538675509,0.069,0.059,1
"RTCA",0.916374131089526,0.192278881358578,0.135,0.124,1
"SHB",0.916545621034851,0.158935475889358,0.028,0.025,1
"HPS1",0.916615490537125,0.24715281021069,0.137,0.119,1
"GNPDA2",0.916722543282843,0.107161410453299,0.064,0.06,1
"MFSD9",0.917024198212161,-0.151978849734044,0.036,0.037,1
"LBHD1",0.917174282214059,-0.247929357548148,0.011,0.012,1
"NOTCH1",0.917399353627478,-0.20988966601291,0.046,0.049,1
"ZC3H3",0.917570433546208,0.214816179810796,0.105,0.094,1
"L3HYPDH",0.918233609276287,-0.394755483493869,0.011,0.009,1
"ARMC8",0.918262598727263,0.106168593686437,0.238,0.219,1
"ENSG00000290396",0.918322562800211,0.386732940393586,0.012,0.009,1
"C1orf216",0.918378722411168,0.161221414949271,0.018,0.015,1
"BOLA2B",0.918380733931537,0.189533514810429,0.043,0.037,1
"HECTD3",0.918510672565826,-0.223976172236592,0.043,0.043,1
"NTAN1",0.918567046549374,0.190294722115818,0.103,0.091,1
"SMOX",0.918645336971587,-0.200143922838862,0.018,0.02,1
"PARP4",0.919262769045082,0.166595551927589,0.139,0.127,1
"ZNF701",0.919318180681418,-0.114674008859558,0.078,0.079,1
"TMEM276",0.919578228730574,0.228983393582937,0.012,0.011,1
"HARBI1",0.919662707773591,-0.118323978412809,0.018,0.014,1
"ENSG00000270659",0.91976498926333,0.317208515189349,0.05,0.043,1
"ABHD8",0.919770388295684,0.35729863524729,0.016,0.014,1
"TKFC",0.919862720890363,-0.184502679655724,0.018,0.02,1
"ENSG00000257386",0.920538645739574,0.403076036897013,0.016,0.012,1
"SYNGAP1-AS1",0.920827512752384,-0.263668193436892,0.021,0.023,1
"AUH",0.920857965235654,0.34582298398694,0.089,0.076,1
"LINC00526",0.92095667799423,-0.64880617078407,0.012,0.017,1
"PPP1R16A",0.921243974335556,-0.146634757231157,0.021,0.019,1
"RBM12B",0.921422373545403,0.114356924540183,0.071,0.063,1
"MCM2",0.921972792976899,-0.44770717729787,0.014,0.017,1
"MTHFSD",0.921983956098005,0.245103727959411,0.018,0.015,1
"ARHGEF12",0.922014426342137,0.480449648616616,0.032,0.025,1
"LINC03072",0.922023200570289,-0.515279561988354,0.012,0.014,1
"C1orf54",0.922140029844019,-0.198443415417506,0.025,0.028,1
"ENSG00000254910",0.922287356313899,-0.144760711927301,0.011,0.009,1
"IL17RA",0.922356193942138,-0.224695301354325,0.149,0.145,1
"KTI12",0.922764754008172,-0.44521876254338,0.012,0.014,1
"TRMT61A",0.922765962702303,0.284273042871731,0.032,0.026,1
"NPIPB2",0.923010285687079,-0.210956651398221,0.009,0.011,1
"TRAM2",0.923158503967254,-0.310139695109895,0.011,0.012,1
"TMEM177",0.92321458316101,0.380713216527209,0.018,0.015,1
"DCAKD",0.923951090623489,-0.163080400347658,0.055,0.056,1
"PUM3",0.924028239393646,0.122568783106134,0.165,0.148,1
"ZNF528-AS1",0.924081945394548,-0.286806130492419,0.012,0.015,1
"FAM161B",0.924198356500848,0.293577590771203,0.032,0.026,1
"ZNF792",0.92432371405721,-0.502996545771687,0.014,0.015,1
"ENSG00000285909",0.924441942033547,-0.282640058508863,0.012,0.014,1
"SEC23A",0.924545257596235,0.101182873591316,0.133,0.119,1
"ZNF91",0.924564458290961,0.134573029745814,0.198,0.173,1
"EXTL2",0.924894257363281,0.226669166794599,0.03,0.026,1
"NLRP6",0.925090644083529,0.124380218899616,0.025,0.02,1
"MIR302CHG",0.925118878851226,-0.644415519634763,0.009,0.011,1
"TUBGCP4",0.925153782416981,-0.163034390300274,0.039,0.04,1
"ENSG00000290110",0.925355106592747,0.124246945299947,0.011,0.008,1
"ENSG00000283103",0.925431230850096,0.118946846691481,0.089,0.083,1
"CUBN",0.925897235394903,0.116250482165173,0.027,0.028,1
"ZNF700",0.926197365580561,0.444486558683605,0.037,0.032,1
"ATAD5",0.926224194768684,0.235947712023701,0.043,0.036,1
"PNPLA6",0.926549501140437,0.142150449293415,0.06,0.059,1
"RCSD1",0.926823212537937,-0.295379825608215,0.107,0.111,1
"LINC02067",0.926853385335266,0.471322885038857,0.011,0.011,1
"TET2-AS1",0.926910897015577,0.193270032638427,0.011,0.008,1
"EIF3C",0.926966796815436,-0.356539468128642,0.03,0.031,1
"NR1D1",0.9272912791547,-0.102134843269895,0.023,0.025,1
"AP1G2-AS1",0.927677933271724,0.407509720754581,0.016,0.012,1
"RNF103",0.927867706388667,0.182311842661521,0.094,0.083,1
"CROCCP3",0.927916299522577,0.399764588483229,0.018,0.014,1
"SPIN1",0.927994333769025,0.121513374146946,0.171,0.158,1
"MBOAT7",0.928218110380193,0.197419131551229,0.046,0.043,1
"ICMT",0.928342979630461,0.158369720264655,0.055,0.048,1
"SLC25A14",0.928388813516506,-0.188675506324462,0.043,0.046,1
"SKIC8",0.928536708064224,0.150373502370575,0.141,0.127,1
"OMA1",0.928785417409389,0.38436325941738,0.03,0.025,1
"NPTXR",0.928919199195593,0.426469840733074,0.018,0.014,1
"KIFAP3",0.929318269362589,0.12555651595315,0.189,0.172,1
"CDC16",0.929725416186567,0.101872542977591,0.13,0.114,1
"METTL5",0.929858303849589,0.106102755208417,0.148,0.133,1
"IPCEF1",0.930285633240125,-0.159135274785135,0.105,0.108,1
"TMEM79",0.930315294265882,-0.145702743392764,0.011,0.012,1
"ENSG00000230010",0.930527338601537,-0.208035854162669,0.011,0.011,1
"ECPAS",0.931257130343606,0.147718740738004,0.212,0.187,1
"ZFP28",0.931702323341185,0.224529354117831,0.012,0.011,1
"FUCA2",0.931831482017688,0.316162208900557,0.021,0.017,1
"TRMT11",0.931834788193483,-0.159362935413468,0.084,0.082,1
"SIT1",0.931929788027803,-0.139322734092143,0.034,0.036,1
"MFSD1",0.931969978067221,0.146469065470506,0.078,0.07,1
"CEP89",0.932114029324006,0.176770993963891,0.069,0.062,1
"PKN2-AS1",0.932272056829623,0.271483600694327,0.011,0.008,1
"LCDR",0.932790825916171,0.192970209058616,0.012,0.011,1
"UEVLD",0.932949325910348,0.205239577378502,0.021,0.019,1
"POLN",0.933298464783489,0.676169888332823,0.012,0.009,1
"ENSG00000285043",0.933317398971083,0.332678267934136,0.012,0.011,1
"PODXL2",0.933360162041201,0.319178084828774,0.011,0.009,1
"ZNF275",0.933993368783739,-0.22017283638857,0.039,0.042,1
"TIMM44",0.934052233387735,0.116002166990697,0.077,0.073,1
"PPP1R3B",0.934281833845866,-0.29904770637307,0.011,0.012,1
"THAP9-AS1",0.934361243804219,-0.172764699123296,0.085,0.09,1
"VPS9D1",0.934494735741178,0.264432262423759,0.018,0.014,1
"TANGO2",0.934767024281944,0.233039697775352,0.06,0.051,1
"SLC16A6",0.934909015394627,-0.479149476425973,0.016,0.014,1
"RAB23",0.935476561172584,-0.204735753020264,0.011,0.008,1
"DHX58",0.935677778063156,-0.448962443333405,0.012,0.014,1
"ZNF783",0.9357760349028,-0.152972064271283,0.028,0.029,1
"LONP2",0.93621443271325,0.202872822983874,0.165,0.151,1
"ENSG00000249870",0.936429126408357,-0.234410092580751,0.016,0.017,1
"CCDC43",0.936543255117372,-0.146448752086724,0.077,0.077,1
"ZNF468",0.936835579280524,0.207495819048197,0.071,0.06,1
"DNAJC11",0.936914013477234,0.133883184565373,0.073,0.065,1
"NPIPB3",0.936942616668507,0.106671344211136,0.03,0.026,1
"CENPO",0.936970255458278,-0.200756306429524,0.018,0.019,1
"TAGAP",0.937044645365461,-0.165503276052127,0.432,0.422,1
"ALKBH8",0.937385423851696,0.341467513648725,0.039,0.034,1
"ZNF211",0.938076061094852,0.190263698112195,0.078,0.074,1
"HOMER2",0.938270454316891,0.576234394530913,0.011,0.008,1
"CARNMT1-AS1",0.938525020609983,-0.3231697264068,0.012,0.009,1
"SPAG6",0.938820660957178,-0.206227026932893,0.016,0.017,1
"ZNF821",0.939309431442581,-0.134843066199149,0.053,0.056,1
"PMM1",0.939436501755543,0.117728974445191,0.057,0.051,1
"KBTBD3",0.939551119342458,0.320490444623985,0.036,0.029,1
"ZNF765",0.939746211740223,0.208072198160442,0.053,0.045,1
"GPR155",0.940039209778264,-0.191115340226465,0.044,0.042,1
"ENSG00000285710",0.940093065576443,-0.391469342455513,0.014,0.015,1
"LACC1",0.940164740811462,-0.42205572116631,0.011,0.012,1
"PYGB",0.940350375477722,0.140643867792761,0.091,0.079,1
"ENSG00000278834",0.940513175681508,0.200977387780397,0.018,0.017,1
"CHCHD4",0.940796961096254,0.145929462377373,0.069,0.063,1
"POLR3D",0.94082370429409,-0.214089512481149,0.057,0.059,1
"TICAM2-AS1",0.941256155626688,0.259745780112237,0.034,0.029,1
"RSL1D1-DT",0.941292075551399,0.105019593861083,0.178,0.162,1
"ARHGAP21",0.941347873114004,0.272204617520387,0.071,0.06,1
"GTPBP8",0.941385401076722,0.172161499630902,0.194,0.176,1
"LINC02976",0.941475838431349,0.508212100212043,0.016,0.014,1
"CAPN15",0.941536926196938,0.137515312651382,0.068,0.06,1
"FZD3",0.941554313763723,0.425429961005708,0.02,0.015,1
"KLHL12",0.942127527074146,-0.144427671369348,0.05,0.048,1
"PRUNE1",0.94220410011837,-0.22018803725893,0.062,0.066,1
"ITPK1",0.942245962385313,0.177040810334941,0.075,0.066,1
"LAMP2",0.942670300399067,0.164225071848976,0.112,0.104,1
"DUS4L",0.942684413007605,0.306040895267666,0.027,0.023,1
"FAM111A-DT",0.943053082422573,-0.436091000661762,0.012,0.012,1
"CD200R1",0.943109982988173,0.14950475859873,0.075,0.071,1
"ERMAP",0.943118251282877,-0.632516999883365,0.009,0.011,1
"LINC00528",0.943496749129025,0.375043946956174,0.018,0.015,1
"ZMYM4-AS1",0.943704601626581,0.342865893165383,0.012,0.009,1
"C1GALT1C1",0.94421100336503,0.112913769969277,0.078,0.07,1
"GPR68",0.944227512198098,0.216741196182232,0.018,0.014,1
"DPP3-DT",0.944266353962023,-0.221605332230427,0.02,0.022,1
"ATP1A3",0.94430852162241,-0.157214207510981,0.043,0.04,1
"RUNX2",0.944366157875516,0.132836963623124,0.043,0.036,1
"TLCD3A",0.944582481604724,0.73664518184381,0.012,0.009,1
"NAALADL1",0.944617304298376,-0.104321762827001,0.016,0.017,1
"KIAA0586",0.945061333245558,0.14744444395857,0.091,0.08,1
"MTHFD2L",0.945169841713093,0.160619113800749,0.123,0.113,1
"TMEM11",0.945206095052745,0.104824310909569,0.226,0.209,1
"ZSWIM7",0.945766655349554,-0.117951225207927,0.126,0.124,1
"LINC02328",0.94605267063975,0.232885462619143,0.046,0.045,1
"GTPBP3",0.946298162101308,-0.173985722458828,0.03,0.029,1
"TRAV29DV5",0.946520090463263,-0.278785178473839,0.036,0.039,1
"ARMC6",0.946662350495942,0.273674045646497,0.055,0.051,1
"USF2",0.946737704208924,0.294578280243518,0.094,0.082,1
"ENSG00000257579",0.947082578848892,0.151023620671241,0.014,0.011,1
"AKT1",0.947104949716302,0.112253222281474,0.144,0.128,1
"CCDC86",0.947939142217458,-0.386738837448487,0.039,0.04,1
"ENSG00000226647",0.94797572010418,0.25581531806476,0.028,0.023,1
"FAM111A",0.948209375703496,0.165651700033196,0.053,0.051,1
"ZNF101",0.948216001241009,0.128551599270257,0.089,0.079,1
"SMIM30",0.94826100246113,0.155323723544723,0.043,0.036,1
"TRMT1",0.948353059370318,0.124124236670496,0.132,0.122,1
"POLR3F",0.948674037235531,0.144184259955237,0.077,0.068,1
"TRIP6",0.948851862595904,-0.263584798942312,0.025,0.025,1
"COX10-DT",0.948986835324945,-0.147504170157039,0.025,0.022,1
"MTA1",0.949443895722868,0.104576483793675,0.123,0.114,1
"ENSG00000289863",0.949453494346897,0.280260721369161,0.021,0.019,1
"AGAP6",0.950015733092817,-0.10604984515164,0.037,0.032,1
"FOXN2",0.950500462929591,-0.12115493762015,0.185,0.178,1
"ZNF519",0.950510026251663,-0.16448382927696,0.014,0.014,1
"GINS4",0.951088719109866,0.166127314632412,0.032,0.028,1
"GSPT2",0.95153367875464,0.135000562894162,0.034,0.031,1
"MCPH1-DT",0.95170104893342,-0.216973733428414,0.025,0.026,1
"HLCS-AS1",0.951718767670975,-0.135200505983101,0.02,0.019,1
"COPS7A",0.951860361828106,0.191444841271192,0.068,0.062,1
"QSER1",0.951862168421932,0.248921548100351,0.075,0.065,1
"ENSG00000275454",0.951882781035094,-0.131820259039126,0.011,0.009,1
"PPIEL",0.952008979857223,-0.450040176818319,0.014,0.015,1
"DHRS12",0.95214942622222,0.297313792744895,0.025,0.025,1
"HS1BP3",0.952361144889432,0.27027564980273,0.014,0.011,1
"H2BC6",0.95335220714964,-0.202527151834836,0.014,0.012,1
"RBM15-AS1",0.95355476529002,-0.404085446143972,0.02,0.022,1
"LINC00630",0.95365022350072,-0.704725238635467,0.02,0.02,1
"ZNF213-AS1",0.953693145208813,-0.19570778910184,0.027,0.028,1
"ENSG00000261267",0.953703485874523,0.263223463340336,0.023,0.022,1
"DEXI",0.953729445788159,-0.158844724660724,0.103,0.099,1
"DNAH1",0.95503107560494,-0.23057437698439,0.023,0.025,1
"C3orf20",0.955110597149505,-0.133351505024085,0.011,0.009,1
"TP53RK",0.955226049195177,0.159716187396038,0.148,0.136,1
"ENSG00000232811",0.955392017356198,0.182174510298736,0.011,0.008,1
"ENSG00000233367",0.95580505102145,0.275513732989821,0.018,0.015,1
"SPECC1",0.955838497731558,-0.132237770502588,0.014,0.014,1
"MPND",0.95600228814467,0.33195119762936,0.02,0.017,1
"HECA",0.956762674233659,0.103365883694562,0.219,0.201,1
"CCDC51",0.956827764011235,-0.190455998250503,0.014,0.015,1
"SUSD1",0.957139720720279,0.285668903556794,0.037,0.034,1
"TRMT10A",0.957556516974835,0.396026631316458,0.012,0.011,1
"PRR5L",0.958169560972414,0.197092867411989,0.119,0.104,1
"CTH",0.958226588833253,0.126961677645304,0.062,0.054,1
"GDPD5",0.958450785440524,0.307961611199412,0.02,0.015,1
"EXD3",0.958710357540585,-0.253829874556035,0.021,0.022,1
"EFNA4",0.958914193916528,0.679059689370297,0.014,0.012,1
"PEX5",0.95900694625689,-0.127170890893098,0.036,0.037,1
"PABPC4-AS1",0.959376740141206,-0.233159963155581,0.011,0.011,1
"MAU2",0.959499635066425,0.158465432173352,0.155,0.139,1
"PLEKHO2",0.959572491863731,0.216247437710431,0.02,0.017,1
"PSMD13",0.95965477343434,0.136948810711598,0.521,0.485,1
"AKIP1",0.959817545288697,0.126353381693662,0.071,0.071,1
"ENSG00000225339",0.959850335348301,0.113283653707394,0.02,0.017,1
"SDHAF3",0.960189264629725,0.167413493795048,0.059,0.054,1
"MED7",0.960264517322268,0.17160115569931,0.093,0.082,1
"FBXL12",0.960669514266301,-0.140263866150361,0.123,0.121,1
"ENSG00000287825",0.960838034791973,0.237651469034105,0.018,0.017,1
"SDCBP2",0.960966791227238,-0.401542666293566,0.012,0.012,1
"ENSG00000270240",0.961112414527839,-0.189293242091716,0.021,0.022,1
"PTGER2",0.961259177481086,0.354282281511813,0.011,0.009,1
"USP34-DT",0.961734325055373,0.183931770249059,0.03,0.028,1
"ENSG00000233850",0.961972714260607,-0.405207088061085,0.011,0.012,1
"ZNF892",0.962266457831968,0.17134540403617,0.018,0.015,1
"LINC00685",0.962461766046955,0.593434340102504,0.014,0.012,1
"FBXL22",0.962538054013915,0.330147837850015,0.02,0.015,1
"NPIPA9",0.962579659288627,0.231662980150171,0.012,0.011,1
"PIGF",0.963045912177018,-0.139149748467292,0.052,0.048,1
"ENSG00000260997",0.96319569815592,0.425780032265132,0.012,0.011,1
"NHLRC2",0.963541445017895,-0.119024387763258,0.069,0.068,1
"ACP2",0.963674779575683,0.1750231332318,0.037,0.034,1
"PMS2",0.963676077018906,0.145448305266075,0.021,0.019,1
"FAM131B-AS2",0.963844684183929,-0.123206666330912,0.119,0.116,1
"MIR4458HG",0.964114952667733,0.286931851845194,0.02,0.019,1
"ENSG00000291264",0.964143409274763,0.334824415851791,0.011,0.009,1
"FAXDC2",0.964300334060886,0.358108942417047,0.014,0.012,1
"FLJ40194",0.964306639080312,0.210619657831881,0.012,0.011,1
"CD99L2",0.964474490887731,-0.228885442059294,0.03,0.031,1
"ENSG00000285280",0.964889817197692,0.23054210098078,0.025,0.02,1
"TTN",0.964897171245575,0.109604660521383,0.048,0.043,1
"GFPT2",0.965174423866232,-0.18534428385262,0.018,0.015,1
"EME2",0.965464119508141,-0.222027077407617,0.012,0.012,1
"ENSG00000259945",0.965909101539826,-0.43694296645308,0.014,0.015,1
"GFOD2",0.966032493674023,0.165525835153226,0.082,0.071,1
"ABHD2",0.966142160483676,0.207041222658663,0.052,0.049,1
"MAN2A2",0.966403483566628,0.186872556242256,0.046,0.042,1
"CARS2",0.966840640048799,0.218679673661101,0.066,0.057,1
"ZNF333",0.966996941872102,0.167864755892865,0.032,0.031,1
"ENSG00000284634",0.967013170005002,0.156037547540699,0.018,0.019,1
"GCNT4",0.967219528019293,-0.118717555194186,0.023,0.022,1
"NOL4L",0.968180140769952,-0.112381018783226,0.073,0.073,1
"ENSG00000225313",0.968451030490339,-0.181648186903761,0.016,0.014,1
"CENPH",0.968551440628681,-0.291564402979419,0.025,0.028,1
"S1PR5",0.968702099892675,0.169316534328472,0.037,0.04,1
"DNAJC27-AS1",0.969044252582681,0.397655591416148,0.016,0.014,1
"UCKL1",0.969268955885587,0.133844111480591,0.11,0.102,1
"CEP72",0.969646469644169,-0.183784007341458,0.011,0.012,1
"WDR53",0.969680605855726,-0.319603797512857,0.041,0.042,1
"MMACHC",0.969945784145952,-0.217137959135683,0.011,0.009,1
"ITSN1",0.970130542608465,-0.179473793198976,0.027,0.026,1
"NKIRAS2",0.970236383330955,0.11659252466099,0.087,0.08,1
"ZNF555",0.970276083788943,0.185015565963606,0.03,0.031,1
"CYB561D1",0.970505750603474,0.332241747638655,0.03,0.026,1
"CEP57L1",0.971331116764211,0.187741437372215,0.02,0.02,1
"TCAF1",0.971389584481504,0.436833576816283,0.021,0.019,1
"ADAMTS17",0.971561996716784,-0.140332620010239,0.014,0.015,1
"CHEK1",0.972061042084203,0.325332358481864,0.03,0.026,1
"PLAG1",0.972713820634901,-0.481697476360602,0.012,0.014,1
"CCDC181",0.972860493318253,0.277799064814883,0.011,0.009,1
"LIAS",0.972907111458347,-0.400248123597892,0.037,0.037,1
"BICRA",0.973021070800281,-0.294273188133365,0.039,0.039,1
"GMPPB",0.97307112864837,0.128951384082848,0.066,0.062,1
"ZNF569",0.973690870392924,0.121487643046535,0.084,0.079,1
"LCMT2",0.973795682558774,-0.341493110168175,0.014,0.015,1
"HES1",0.973962625094192,-1.32722186955152,0.011,0.012,1
"MYO5A",0.974062507543569,0.124319598334017,0.125,0.114,1
"CNTN5",0.974167570670896,0.247114543199515,0.011,0.012,1
"KLC4",0.974319764476205,-0.135261567567888,0.048,0.046,1
"EHBP1",0.974416733699668,-0.116741531610876,0.046,0.043,1
"EDEM2",0.974451604922723,0.205099526047692,0.08,0.073,1
"ANKRD42-DT",0.974588484263825,0.12846304633934,0.027,0.025,1
"CDK14",0.974818969133842,0.877984243887552,0.012,0.011,1
"ASB1",0.974862638125734,0.143991675875297,0.114,0.102,1
"ATOX1",0.974921417795597,0.120982598412286,0.123,0.114,1
"ENSG00000286787",0.974999539536802,0.197076084750705,0.012,0.012,1
"LSS",0.975300153201922,0.163887761516063,0.037,0.032,1
"MTERF4",0.975642169458055,0.136045807147462,0.276,0.249,1
"PKD2L2-DT",0.976418568618299,-0.10676155683471,0.02,0.017,1
"CHUK",0.976593677920713,0.101411360770126,0.133,0.127,1
"ZNF813",0.976909347234312,0.216083916901932,0.025,0.022,1
"PPP2R3B",0.97708481141427,0.127463975747352,0.046,0.042,1
"ENSG00000276216",0.977121386373627,0.113773569643367,0.011,0.011,1
"POMK",0.977367685670075,0.195635273339557,0.055,0.049,1
"ELMO1-AS1",0.977856991616041,-0.361930933059895,0.012,0.012,1
"DAB1",0.978264242829754,0.259104441970485,0.021,0.019,1
"DNA2",0.978502559091083,-0.187944458134765,0.012,0.011,1
"POLA1",0.978655552280899,0.436926657622661,0.025,0.023,1
"DOCK4",0.978749688082461,0.13669247241403,0.021,0.019,1
"LINC00641",0.979076156608452,0.370253301593467,0.012,0.011,1
"SFMBT1",0.979103970501286,-0.199179125086357,0.078,0.076,1
"RFNG",0.979129548620988,-0.131290137142626,0.057,0.051,1
"RNF185",0.97913747936568,0.147387087997228,0.062,0.054,1
"ZBTB18",0.979149133475328,-0.200476565592615,0.082,0.082,1
"DCAF8-DT",0.97920702424193,-0.358343816819167,0.012,0.012,1
"NFU1",0.979207439367366,0.12198182471434,0.214,0.196,1
"PRCD",0.97958414720808,0.199542482376327,0.028,0.025,1
"ZNF582",0.979585957224631,-0.243994522229615,0.027,0.026,1
"ENSG00000236255",0.979649864627119,-0.143897474302862,0.02,0.022,1
"NRG4",0.979981499844891,0.166522354139135,0.011,0.009,1
"GRIPAP1",0.98047250721856,0.106348714168447,0.185,0.168,1
"FAM50B",0.980524944714097,0.110534187513221,0.025,0.025,1
"CEP295",0.980541460184906,-0.172563424273887,0.059,0.054,1
"ENSG00000258623",0.980668485113371,-0.19568668240467,0.012,0.011,1
"PPME1",0.981107569436859,0.157773536615449,0.091,0.083,1
"PALD1",0.981127256257324,-0.271182944369817,0.012,0.014,1
"CPEB4",0.981284155339344,-0.121382905502142,0.053,0.057,1
"MZB1",0.981840402594601,-0.18679075939669,0.02,0.019,1
"UCHL5",0.982092411160813,0.127525812655009,0.148,0.139,1
"ZNF620",0.982546404552522,-0.382517947432387,0.011,0.009,1
"ENSG00000289117",0.983478202883636,0.433255361326174,0.016,0.014,1
"SREK1IP1",0.983747754290701,0.124732560062589,0.262,0.241,1
"EZR-AS1",0.983780588602059,-0.215298638879042,0.012,0.012,1
"RCAN1",0.983878716527445,0.106831938944589,0.021,0.022,1
"ZNF446",0.983890203102763,-0.333416497738416,0.021,0.022,1
"LRP2BP",0.98426233715294,-0.417795969640599,0.011,0.011,1
"NXPE3",0.984748180825203,0.156770548962267,0.082,0.079,1
"RNFT1-DT",0.984835772085291,0.401436695745898,0.02,0.017,1
"CDKN1C",0.985198364594626,-0.120195614843808,0.03,0.034,1
"RARA-AS1",0.985587455065574,0.204235545826682,0.034,0.031,1
"SNX22",0.985596623637776,0.213051484151773,0.011,0.011,1
"ACCS",0.985896015039473,-0.330136282753085,0.011,0.011,1
"ABHD15",0.985978045366319,0.285757300807677,0.018,0.015,1
"ZNF692",0.986066607209223,-0.20081510929676,0.014,0.015,1
"SLC25A22",0.986124860876576,-0.106315541222608,0.043,0.042,1
"ENSG00000255229",0.986209566472023,0.422901119975362,0.014,0.014,1
"ENSG00000290003",0.986557893262039,0.140184702531465,0.011,0.009,1
"ENSG00000289056",0.98710993912735,-0.17024176386033,0.053,0.053,1
"PDCD11",0.987653122714057,0.146590378719797,0.066,0.06,1
"PIAS3",0.987716403868209,-0.214812989597106,0.025,0.023,1
"ZSWIM9",0.987774293559334,-0.132905687757482,0.018,0.017,1
"KLHL26",0.987817288965085,0.170630824689619,0.023,0.022,1
"EPS8",0.987867955531814,0.113141499380423,0.027,0.028,1
"TBC1D13",0.988125196775094,0.209312799691758,0.071,0.065,1
"ENSG00000267787",0.988222330001011,0.164134539315671,0.032,0.031,1
"LYSMD4",0.988268180477586,0.112161763746501,0.014,0.014,1
"ZBTB16",0.988431971306509,0.446915944334558,0.016,0.015,1
"MR1",0.988471098599937,0.250616713417567,0.069,0.063,1
"ENSG00000271380",0.988530260972591,-0.243233880574966,0.03,0.029,1
"IMMP1L",0.988826483305265,0.110735211373886,0.112,0.102,1
"SCLY",0.989214541658298,0.133971218284505,0.052,0.048,1
"WDR5B",0.98922854184453,0.387818368693794,0.018,0.015,1
"MATCAP1",0.989512036190887,0.423517351995952,0.016,0.014,1
"DECR1",0.989546258878236,0.103266145341247,0.139,0.125,1
"GSN",0.989715546638287,-0.189370158976507,0.012,0.012,1
"TMEM91",0.989899901035631,0.246327432523248,0.041,0.036,1
"SLC18A2",0.990334418684233,-0.1311552095243,0.011,0.011,1
"RIMKLB",0.990428951447035,0.15836493511498,0.082,0.073,1
"DERA",0.990638634063883,0.195425005985926,0.059,0.053,1
"MYL12-AS1",0.991061076514619,-0.109882274469494,0.011,0.009,1
"ENSG00000291232",0.991333246621671,0.246936964441486,0.048,0.048,1
"AGBL5",0.991386357014615,-0.272265586246156,0.028,0.025,1
"HDDC3",0.991439100255841,-0.161696839165746,0.036,0.036,1
"ENSG00000272667",0.991604101658533,-0.173053631864574,0.014,0.014,1
"KIFC3",0.991666289664801,0.484537182052902,0.02,0.017,1
"PHAF1",0.992054924759714,0.136626976053437,0.068,0.063,1
"KIF11",0.992113596344889,0.504177104482864,0.011,0.009,1
"ENSG00000266049",0.992115013525299,0.133298359188474,0.219,0.199,1
"OVOL2",0.992210790989478,-0.918206244345662,0.011,0.011,1
"GPM6B",0.99233651242974,-0.20925556564632,0.011,0.011,1
"LINC02241",0.992572941522656,0.771010988770601,0.011,0.009,1
"ZNF594",0.993055637030975,0.202660790855076,0.014,0.012,1
"IFIT5",0.993643517066949,-0.178687932229414,0.077,0.073,1
"HACE1",0.994308094507086,0.10949524154551,0.064,0.06,1
"MRPL35",0.994393629705312,-0.10448926419427,0.052,0.049,1
"TRAPPC11",0.994535079974307,0.101545338256071,0.085,0.077,1
"ASTN2",0.994543786358809,-0.161347640540007,0.014,0.012,1
"SDCCAG8",0.994648588710249,0.109656564741943,0.169,0.158,1
"PANK2-AS1",0.994921370785716,-0.11887770453697,0.018,0.017,1
"ZNF133",0.995068961910441,-0.145693015471004,0.021,0.022,1
"COPRS",0.995265779105994,0.115851292935804,0.023,0.022,1
"ENSG00000272030",0.995374662694377,0.209238327783324,0.011,0.009,1
"AXIN2",0.995468068623564,-0.207636534692784,0.027,0.026,1
"TRIM3",0.995497996394523,-0.275921557143752,0.016,0.015,1
"ENSG00000289370",0.996563389061754,-0.251095248256693,0.011,0.011,1
"DHX37",0.996758132005431,0.117046257372826,0.043,0.04,1
"SGCE",0.996968060787604,-0.17962597373768,0.027,0.025,1
"CIP2A",0.996984649906756,0.177184751263844,0.021,0.019,1
"MDN1-AS1",0.996984895352752,-0.143553604361453,0.011,0.011,1
"ENSG00000228863",0.997253942620144,0.255277779796412,0.011,0.009,1
"C1RL",0.997602101655152,0.274981606159789,0.011,0.011,1
"NPIPB15",0.997779497294754,-0.349612122556368,0.014,0.014,1
"ENSG00000288939",0.997882685520847,0.189629688120007,0.011,0.011,1
"NT5DC2",0.998033994840601,-0.393740192701998,0.012,0.012,1
"UCK2",0.998280036715634,0.108551786982961,0.025,0.026,1
"ENSG00000277511",0.99840430281609,-0.17123218353963,0.032,0.032,1
"LINC01098",0.998449139617698,-0.310371799524593,0.018,0.015,1
"PLET1",0.998539659202549,-0.15946452473469,0.011,0.011,1
"AMZ1",0.998583309964335,0.263842081413336,0.011,0.009,1
"ENSG00000288012",0.998594962775493,-0.170543072073492,0.02,0.019,1
"DOP1B",0.998747432624154,0.123022302078982,0.073,0.066,1
"CASTOR1",0.999110297327152,-0.263034203320278,0.016,0.015,1
"FOSL2-AS1",0.999313527144469,-0.337744628279072,0.025,0.023,1
"SLC18B1",0.99985679520316,0.165276339330663,0.032,0.029,1
"MRPS31",0.999969711265529,0.101773630142478,0.201,0.184,1
