"","p_val","avg_log2FC","pct.1","pct.2","p_val_adj"
"HLA-G",5.59036133188911e-17,4.61306415048794,0.331,0.016,9.8256190769283e-13
"SNHG5",5.64893719371524e-16,1.47175338621942,0.787,0.534,9.92857201167391e-12
"HBB",2.9635583961239e-15,-3.57550302178631,0.063,0.466,5.20875023702736e-11
"FCER1A",6.86437474104858e-15,-6.0593031176249,0,0.301,1.2064825044867e-10
"CYP2S1",1.49472138642609e-12,-5.80221952563115,0,0.259,2.6271223087825e-08
"COL26A1",1.65066955080164e-11,6.40843321566822,0.189,0,2.90121680248896e-07
"HLA-A",6.65310190538219e-11,-0.535649323668255,1,1,1.16934919088997e-06
"ENSG00000248752",3.11381344273989e-09,5.35642820146993,0.15,0,5.47283850695963e-05
"MSRB3",4.47586336283347e-09,-4.79992711028896,0,0.166,7.86677744651611e-05
"IGLC2",5.66759736713676e-09,3.76699616682029,0.276,0.062,9.96136913247957e-05
"NRP1",2.56304248714998e-08,5.22927666618576,0.134,0,0.00045048034754148
"NEAT1",3.55798051348032e-08,-0.985128181225721,0.559,0.834,0.000625350655049301
"RPS14",4.18096295657535e-08,0.354033343695717,1,0.995,0.000734846049247684
"LAMP5",7.69516729567718e-08,5.38255063555133,0.126,0,0.00135250260388822
"ST18",1.43328555428058e-07,4.86366183850159,0.087,0,0.00251914269020354
"EPB41L1",1.47804883966136e-07,4.87783472033993,0.118,0,0.0025978186405888
"BAIAP2-DT",1.82464531945506e-07,4.87091981162913,0.118,0,0.00320699661347422
"LY6E",2.73747294561707e-07,-1.06312860425701,0.488,0.746,0.00481138244921656
"A4GALT",4.27220961225884e-07,2.24046669830206,0.268,0.062,0.00750883561450614
"BTG2",1.19670088632594e-06,0.74471825069677,0.937,0.772,0.0210332147780648
"RTN1",1.39581703796872e-06,4.62902139864587,0.087,0,0.0245328802593381
"VEGFB",1.42132291198555e-06,1.02010959432955,0.685,0.57,0.024981171501058
"CPLX1",1.47371719199956e-06,4.6101623631778,0.102,0,0.0259020533665842
"PRSS57",1.55908519248595e-06,-5.87659590665794,0,0.13,0.027402481343133
"ADGRB3",2.25198912263003e-06,3.17424368321372,0.173,0.016,0.0395809608193454
"NLRP7",2.3345545053436e-06,-4.64633214311599,0,0.104,0.0410321299859191
"MXRA7",2.63832468726816e-06,1.50833588296252,0.449,0.187,0.0463711947034252
"HLA-E",3.15952518099873e-06,-0.492523959109692,0.929,0.979,0.0555318145812337
"TUBA1A",3.62136840199375e-06,-1.39884506849136,0.496,0.684,0.0636491710334421
"CADM4",3.9096760501424e-06,4.46023734432404,0.094,0,0.0687164662573028
"HTR1F",4.20604297781806e-06,-3.39924510065202,0.008,0.15,0.0739254113781303
"CLEC10A",5.82918782572598e-06,-5.35591093503736,0,0.135,0.10245380522496
"IFITM2",6.01031759073209e-06,-0.835307185107422,0.606,0.834,0.105637341974707
"FSCN1",6.2395746917868e-06,-2.06817753623787,0.094,0.337,0.109666764782845
"MAP3K2",6.31822317910734e-06,0.654575750923279,0.921,0.855,0.111049090595991
"ENSG00000274253",9.90553037088894e-06,4.2419180463053,0.087,0,0.174099601798744
"ARHGAP24",9.92924928646319e-06,1.38673191554887,0.48,0.306,0.174516485458877
"HOXA9",1.24803940375717e-05,-4.84253807009127,0,0.104,0.219355405604361
"ZNF558",1.2573353972704e-05,4.37521265018165,0.087,0,0.220989269424245
"RGS7",1.53037076169886e-05,-4.63155352102599,0,0.088,0.268977965076191
"WDR81",1.60213654945794e-05,1.27123604132436,0.394,0.161,0.281591519932727
"WNT9A",1.66634771390309e-05,-4.35910599648457,0,0.098,0.292877274195608
"PAFAH2",1.78225312776157e-05,1.86883957846708,0.291,0.083,0.313248809735374
"WNT10A",1.84902750880153e-05,1.47957925555239,0.48,0.233,0.324985074946957
"SARAF",1.95770070562309e-05,-0.377829479929997,0.992,0.979,0.344085476020315
"SMPD3",2.0020163712034e-05,1.2283552192441,0.504,0.269,0.35187439740271
"NKAIN2",2.09501432694599e-05,-5.09448361845399,0,0.098,0.368219718104028
"RAMACL",2.16697703008314e-05,4.21340188303732,0.079,0,0.380867882807412
"AZIN2",2.35449767506475e-05,1.07811258644741,0.496,0.244,0.413826511369381
"IL1R2",2.55594073356901e-05,2.59091733555322,0.126,0.036,0.44923214333209
"IFITM3",2.63035931632374e-05,-1.70978560549337,0.331,0.482,0.46231195343706
"DNAJB6",2.68935780605068e-05,-0.383687468553117,0.811,0.731,0.472681527991468
"CAVIN1",3.81585965365969e-05,-4.51285056287699,0,0.098,0.670675492727227
"IGLC3",4.05322203679296e-05,2.41162295213394,0.252,0.083,0.71239430518673
"PMEPA1",4.17589230584757e-05,0.801782383081672,0.858,0.798,0.733954831675769
"IFITM1",4.7471488744088e-05,-1.2900561346527,0.362,0.606,0.83435888616609
"RPS29",4.91969307414237e-05,0.286190334330757,0.992,0.995,0.864685254711264
"CUX2",5.1716870935375e-05,1.46096727982224,0.433,0.197,0.90897572356015
"ELL2",5.26241288776733e-05,-1.31692465473278,0.236,0.461,0.924921689153986
"TUBA4A",5.63237290118417e-05,-1.42118363796772,0.071,0.275,0.989945861112129
"LINC02642",5.87936371575748e-05,-4.40333974819893,0,0.078,1
"APBB1IP",6.33354802260448e-05,0.777568827660483,0.496,0.466,1
"CCDC149",6.52253176807198e-05,4.05865582461469,0.071,0,1
"MIDEAS",6.59493370908037e-05,1.12463593051331,0.575,0.358,1
"LRRK1",7.23410766339051e-05,1.01623217170026,0.551,0.321,1
"ARHGAP27",7.72391100655459e-05,1.0807159908991,0.575,0.342,1
"SLC1A5",8.07125875709957e-05,1.20147458705883,0.567,0.394,1
"NECTIN1",9.95174948933751e-05,1.26567402703288,0.425,0.254,1
"S100B",0.00010871954854388,3.69182298788494,0.071,0.005,1
"CXXC5",0.000113098441464607,0.571037660201053,0.953,0.87,1
"RAMP1",0.000115252027809021,1.76249828013658,0.181,0.057,1
"PLAAT3",0.000129651931097488,1.47591642185233,0.394,0.218,1
"CD34",0.000133008947243313,-4.45803364204309,0,0.083,1
"SMIM24",0.000136500659017976,-3.95223892085083,0,0.083,1
"DRD4",0.000142944127602976,1.67145003887771,0.323,0.124,1
"RPS28",0.00014542137163488,0.276338666268956,1,1,1
"SH3BP5",0.000154181074958187,-1.01795327780789,0.362,0.565,1
"NR4A1",0.000156418445090843,-0.299656173154217,0.283,0.539,1
"CYTL1",0.000160530182417951,-4.09032747852391,0,0.078,1
"HLA-DQA2",0.000170632332219503,0.913058558503163,0.283,0.254,1
"KCNK13",0.000177917152932781,-3.40273044874145,0,0.093,1
"DNLZ",0.000178637298418713,1.30419451136766,0.315,0.135,1
"GATA2",0.000181124000553762,-4.70993529741262,0,0.083,1
"PANX2",0.000181790608221065,-3.51258555364868,0,0.078,1
"TRMT112",0.000182337145276325,0.761589676770522,0.819,0.674,1
"JPT1",0.000183131329570221,-0.863173619042903,0.48,0.622,1
"SOX15",0.000196547112875669,-4.26379823632548,0,0.067,1
"TNFSF10",0.000198769955039153,-2.58363392756959,0.016,0.13,1
"BST2",0.00021361724194439,-0.481794645740816,0.677,0.85,1
"DBI",0.000219739477606341,-0.434184021501012,0.898,0.886,1
"TINAGL1",0.000230563024284657,-4.23454560817486,0,0.083,1
"ISG15",0.000244697181150603,-1.04579186924072,0.276,0.497,1
"RHBDL3",0.000259270660597787,-2.29057526025957,0.063,0.228,1
"MBD2",0.000273424606939786,0.585304823654767,0.614,0.57,1
"PSD4",0.000278694733798422,1.90068043291087,0.228,0.067,1
"ABL1",0.000281263447752708,-0.270722400826582,0.299,0.264,1
"TPI1",0.000293166225979803,-0.731873025648941,0.638,0.803,1
"BLNK",0.000294171826831845,1.05258728522311,0.528,0.306,1
"ITGA9",0.000302597416214035,-3.61864499783241,0,0.078,1
"PAQR8",0.000306663871872189,1.58270266522748,0.094,0.016,1
"KCNAB2",0.00030938696061623,0.604179143311587,0.693,0.472,1
"SCAMP5",0.000313382098773319,1.83060425911829,0.236,0.078,1
"TMEM263",0.00032105070188829,-0.524293757756151,0.102,0.238,1
"PTPRS",0.000333803694177084,0.904023481920674,0.528,0.389,1
"ENO2",0.000336198763953968,-1.98472473548307,0.024,0.15,1
"IRF4",0.000345444377166887,-0.550752629577231,0.622,0.534,1
"NAPSB",0.000351739504210149,0.168058185054207,0.906,0.751,1
"POLR2L",0.000363334466915132,0.376807020245539,0.882,0.876,1
"RCBTB2",0.000374369472353484,-3.37145864333941,0,0.073,1
"SNX7",0.000375410781558571,3.06655004593774,0.047,0,1
"AGFG1",0.000375778463087994,0.293465384323898,0.614,0.466,1
"ZNF282",0.000385115224849512,1.91511265713545,0.181,0.057,1
"THBS1",0.000397486284282773,-2.86116200888747,0.024,0.041,1
"IGLJ2",0.000397786352800568,3.35391523469642,0.11,0.01,1
"DDAH2",0.000399218110852317,-0.475604742949549,0.764,0.902,1
"KLF13",0.000405534730556719,0.765991874630203,0.78,0.611,1
"EIF1B",0.000415050137090462,0.502866128494017,0.835,0.694,1
"DOK2",0.000415690233758404,-2.12290867048912,0.055,0.207,1
"HMGA2",0.000424781021205755,-3.46961935108878,0,0.073,1
"PSAP",0.000449551248990728,0.347264568603021,0.929,0.927,1
"ENHO",0.000451734725514614,-4.41708881670403,0,0.093,1
"CFAP410",0.00045659855546293,1.10551080595961,0.37,0.171,1
"TFEB",0.000474452215474354,0.9293655701469,0.425,0.275,1
"VKORC1L1",0.000487185128152971,1.35754295789552,0.346,0.161,1
"ARPC5",0.000504527027418935,0.407234636395708,0.835,0.819,1
"ENSG00000280441",0.00051902022970926,0.526238609189276,1,0.995,1
"MDFIC",0.000527450233140178,0.860940514467412,0.551,0.321,1
"NPM1",0.000542582990925571,-0.467003567957646,0.953,0.959,1
"DNTTIP1",0.000568041022332442,0.741937531755858,0.504,0.306,1
"ERG",0.00057586719425996,-3.33840533050498,0.008,0.114,1
"HOXA10",0.000601725701367384,-3.57050208780618,0,0.067,1
"GBP4",0.000604533841053758,-2.01707024745277,0.063,0.233,1
"TSC22D1",0.000606678128887529,-0.901491277273466,0.26,0.466,1
"MKKS",0.000610557588931039,1.18000121199771,0.339,0.212,1
"BIK",0.000621942128436459,1.28987020886599,0.402,0.238,1
"RHOH",0.000630550814939752,-1.17429870669381,0.11,0.28,1
"VEZF1",0.000647464848838024,0.859837296297354,0.661,0.497,1
"IGLL5",0.000665145700840522,4.33979097175379,0.118,0.016,1
"MEX3C",0.000678182196036369,1.01631990842632,0.362,0.29,1
"PDK2",0.000686773528193301,1.11692851280802,0.354,0.155,1
"ABO",0.000697545184386687,-3.23248918911777,0,0.067,1
"SMOC1",0.000705571019409215,3.96680985710452,0.055,0,1
"NIPA2",0.000717453053939743,0.620062826639529,0.63,0.565,1
"SCHIP1",0.000722749847971739,-3.63636029214406,0,0.067,1
"PPM1J",0.000729728000824226,4.00633599874655,0.055,0,1
"BIRC2",0.000743356950715031,-0.800557518490328,0.441,0.585,1
"H4C3",0.00077213778879958,0.545554065760072,0.787,0.803,1
"CYP1B1",0.000773888655174238,1.16389925572551,0.205,0.088,1
"PRH1",0.000790915710644154,1.63116584938455,0.22,0.088,1
"ENSG00000226816",0.000802224088492272,3.11708362338366,0.087,0.005,1
"RORA",0.000838367259938328,-3.23537714400909,0.016,0.104,1
"SNHG7",0.00086566540247166,0.103331144018566,0.772,0.601,1
"SCD",0.000914174339176027,-3.01738656605438,0,0.067,1
"TM6SF1",0.000924762605402236,-0.332995089886053,0.11,0.228,1
"ENSG00000287979",0.000944948657036531,-3.02990094745766,0,0.062,1
"RAB33B",0.000948202001424511,2.07199291500028,0.15,0.036,1
"IGFLR1",0.00095217621977136,0.651958972754416,0.701,0.627,1
"CLEC4C",0.000954693337072049,1.43285515339893,0.307,0.145,1
"ENSG00000284602",0.000964253065995793,2.93870959561041,0.039,0,1
"PROM1",0.000967701035290839,-3.56137137806572,0,0.062,1
"CD55",0.00103692719375033,-0.575589446637452,0.606,0.793,1
"CD4",0.00104248183250817,0.912941946271074,0.63,0.446,1
"NPC2",0.00108730874293257,0.682928735499932,0.921,0.886,1
"IFNAR1",0.00108799125531619,0.769184653664313,0.63,0.487,1
"NPR3",0.00110280454828754,-3.21970005242172,0,0.067,1
"FAM118A",0.00110668257856223,-1.18963238978711,0.157,0.337,1
"UBE2M",0.00111902237589032,0.543137636138724,0.724,0.544,1
"TRIM58",0.00114266675551607,-2.97780305676955,0.008,0.104,1
"SRPRA",0.00114679547208654,0.62736730902839,0.732,0.648,1
"PLCB4",0.00117533773177839,-3.35889910608743,0,0.057,1
"NFKBIZ",0.00118240723788897,-0.922564551100848,0.417,0.57,1
"CD1C",0.00122333699222369,-2.25723346544015,0.079,0.238,1
"UBE2V1",0.00123046577964269,0.458395831002675,0.787,0.637,1
"CLIC1",0.00123943528786726,-0.283433380327682,0.969,1,1
"ELOVL5",0.00124722897160907,-0.877598960601881,0.457,0.637,1
"PTCH2",0.00128273450955932,1.29690898531707,0.11,0.036,1
"IFI6",0.00128445502635914,-1.35014810891605,0.244,0.44,1
"SRFBP1",0.00131824514539402,0.365638615727373,0.291,0.181,1
"CHD7",0.00132108548685518,-0.997756918553328,0.016,0.083,1
"NPIPB5",0.00132682953897835,-1.63779552240304,0.079,0.233,1
"DSG2",0.0013613278835998,4.12454727021592,0.047,0,1
"RET",0.00139377487065505,-3.08430073000054,0,0.052,1
"TNFSF13B",0.00142648470316897,-0.135920114400281,0.409,0.311,1
"RRAGC",0.00145061196733842,0.863384474641594,0.465,0.332,1
"IDH2",0.00145408098501901,-0.942663710022191,0.283,0.477,1
"RPS21",0.00145878721618855,0.206727314528362,1,1,1
"FABP5",0.0014638808046127,0.516635977153036,0.441,0.549,1
"SERINC2",0.00146959435556433,-3.3031052281915,0,0.052,1
"PIK3CA",0.00147124772756891,-1.09938990797642,0.173,0.373,1
"LMNA",0.00149826745967631,-0.190856244721295,0.78,0.927,1
"COMMD6",0.00149995903531395,0.435841579949255,0.969,0.948,1
"ACTG1",0.00150846638003933,-0.466970244566151,0.992,0.995,1
"ENSG00000284977",0.00155336614861789,-1.16049053993751,0.213,0.389,1
"MRPL35",0.0015551959721296,1.59239580187164,0.22,0.088,1
"SMAP1",0.00156599167800422,0.838911827855721,0.622,0.44,1
"RASL10A",0.00157312021730355,-3.30276899354166,0,0.057,1
"CHMP4B",0.00161338529995322,0.446313918259303,0.858,0.736,1
"PLXNA4",0.00162612530528633,1.4645900899198,0.252,0.093,1
"BLK",0.00169191702383116,0.932326027335843,0.441,0.233,1
"LINC02812",0.0016927542338334,0.880682157578824,0.394,0.197,1
"JUND",0.00172143985028949,0.160666107048573,1,0.953,1
"KRBA2",0.0017794683102889,-2.80410127982506,0,0.057,1
"DDIT4",0.00180224141319688,-0.75568280650459,0.441,0.617,1
"CDC42BPA",0.00180301292824377,-3.28193736082708,0.008,0.098,1
"MMRN1",0.00181242662667964,3.75275310552787,0.047,0,1
"ABHD12",0.00181693734496702,0.650880461560843,0.48,0.472,1
"MAP1A",0.00181825814386267,0.742678945949814,0.496,0.394,1
"ZBED1",0.00183836374306538,1.13898164046272,0.315,0.155,1
"JUNB",0.00185426583841668,-0.631005984970786,0.843,0.927,1
"EZR",0.00187777516258647,-0.681460669125407,0.992,0.99,1
"MIR223HG",0.00188988324113531,-1.51086081361701,0.039,0.166,1
"DPYSL3",0.00192950069392706,-3.04029697980286,0,0.052,1
"HIF1A",0.00193285393949573,-0.961235604651025,0.496,0.653,1
"ENSG00000289141",0.00196714569528364,2.41565860868673,0.031,0,1
"LINC00571",0.00198860288336916,3.18853152322236,0.102,0.016,1
"HBG2",0.00201135908259393,-2.77880047136424,0,0.052,1
"GLUD1P2",0.00203336924895026,3.05385379143303,0.039,0,1
"NSUN3",0.00204115145347655,1.37517429832689,0.189,0.073,1
"ZBTB42",0.00206003190683284,2.89555715958442,0.039,0,1
"LINC00996",0.00207353359897543,0.999566028340663,0.449,0.249,1
"CST3",0.00212537639883633,-0.669201702592003,0.945,0.902,1
"CCL22",0.00213584930746574,-4.15985594411471,0.024,0.067,1
"TMA7",0.00213919879381736,0.316890994990611,1,1,1
"TXNIP",0.00227535133237704,-0.382146962985358,0.433,0.389,1
"CD83",0.00227560729194181,-0.800960029601652,0.685,0.699,1
"MRPL1",0.00229622427466809,1.35152523141562,0.15,0.052,1
"MIR222HG",0.00234600819889207,-2.27553412326692,0.039,0.155,1
"ALG5",0.00238208243990352,0.938442946340468,0.425,0.275,1
"ENSG00000278996",0.00240184388796766,0.319370683255864,0.874,0.772,1
"CYTH4",0.00240727275517967,0.949120270572127,0.614,0.466,1
"ATP5MJ",0.00240924317610497,0.405222143646751,0.89,0.855,1
"LAPTM4A",0.00244532581128551,-0.223041637840902,0.937,0.902,1
"TALAM1",0.00246213989764411,-0.66683704546878,0.953,0.979,1
"PRKCD",0.00248891770785121,0.720082084801981,0.732,0.606,1
"PLIN3",0.00249842922175993,-0.795773364137031,0.402,0.575,1
"ZNF385C",0.00252149960611015,-3.57467913060578,0,0.047,1
"CCDC92",0.00255996967991454,-1.28180685827793,0.142,0.301,1
"ST8SIA6",0.00256328526579394,-2.21427712694918,0.024,0.135,1
"SERINC3",0.00258566092684216,-0.597715473433078,0.504,0.699,1
"EML4",0.00262182191923679,0.797755343385035,0.709,0.528,1
"ZNF521",0.00262802201712502,-2.23160758287258,0.063,0.161,1
"PALD1",0.00273312524078942,0.701168247580306,0.551,0.435,1
"AKAP6",0.00273638813111448,2.7220563697496,0.063,0.005,1
"RPS27",0.00273816130452658,0.20058834946616,1,1,1
"PIK3CD",0.00275283989775082,0.810113592497634,0.543,0.482,1
"EXOC6B",0.00277517012904432,-0.510656353891564,0.079,0.171,1
"ANAPC11",0.00278726984239303,0.710159341400007,0.764,0.606,1
"PPP2R5C",0.00280058733763849,0.702622152145156,0.677,0.539,1
"UGCG",0.00280913847754525,0.61432166139781,0.622,0.534,1
"AVP",0.00282285676592583,-4.52187891284814,0.008,0.083,1
"ID2",0.00285483054106108,-0.459357142266731,0.795,0.798,1
"THSD4-AS1",0.0028930648993385,-0.807184995616995,0.228,0.404,1
"GABRR2",0.00291393755459453,-2.74676178664197,0,0.047,1
"BRWD3",0.00294432960390606,-1.07183076054395,0.134,0.295,1
"DOCK4",0.00295158375723007,-0.879155497266977,0.189,0.389,1
"DPF1",0.00297276705956982,-3.54556035240297,0,0.052,1
"GP1BB",0.00301258746013055,-3.6797210551896,0,0.052,1
"ST8SIA4",0.00311491452822204,-0.911632470394036,0.402,0.565,1
"RAB38",0.00315706153095731,3.02599479006581,0.039,0,1
"NFE2",0.00315970180298524,-1.82726561509256,0.024,0.13,1
"SERBP1",0.00318303693757176,0.391249205525031,0.827,0.834,1
"CD99P1",0.00318914700802621,-1.51744747104271,0.11,0.249,1
"FHOD1",0.00320844676808284,-1.02375884810462,0.26,0.409,1
"AGPS",0.00325303506537981,-1.63072241478231,0.142,0.29,1
"HADHB",0.00325375503270372,-0.817424620143931,0.323,0.461,1
"CRYZ",0.00327361930114175,1.39812067090778,0.236,0.119,1
"CCDC50",0.00330035000636344,0.780381942581064,0.732,0.554,1
"MESD",0.003309936977819,0.399060098204584,0.638,0.461,1
"NTPCR",0.00336920525470082,-1.12917195670398,0.055,0.171,1
"IL15RA",0.00342372518182529,-1.49776527586422,0.008,0.073,1
"NEMP1",0.0034397992877234,-1.01960547939151,0.142,0.316,1
"PDIA5",0.00350263171677067,1.07108255866882,0.228,0.088,1
"PERP",0.00351257776259415,2.50003172079936,0.031,0,1
"DLGAP4",0.00351969500611251,-0.898936683114609,0.26,0.451,1
"CLASP2",0.00353140917295026,0.605749962672911,0.591,0.42,1
"ITM2C",0.00356635392057717,0.380341502938864,0.717,0.762,1
"TAL1",0.00359274296089342,-3.02007056387009,0,0.062,1
"SELENOW",0.00359775866685046,-0.553539316925742,0.197,0.378,1
"KCTD20",0.00362366947833411,-0.398097972815035,0.567,0.539,1
"FMNL3",0.00366999926450083,0.691572655762514,0.504,0.383,1
"ENSG00000287382",0.00371361384313895,-2.73576719443957,0,0.047,1
"ENSG00000291111",0.00375701926546749,-1.83597191068713,0.016,0.114,1
"GRINA",0.00380848704911896,0.539090060279796,0.717,0.617,1
"RAP1GDS1",0.00383239177481446,0.602325875799018,0.732,0.575,1
"RPL7",0.00384481426230352,-0.289722420422785,1,0.984,1
"PLTP",0.00384647791664009,-2.719121335668,0,0.047,1
"H2AX",0.00386997682527392,-0.654692113908263,0.378,0.446,1
"RIPOR1",0.00388629739107366,0.68697416051081,0.693,0.601,1
"ZNF837",0.00392106244142604,3.22570941041352,0.039,0,1
"ZNF611",0.00396584860263316,1.49686505316637,0.228,0.098,1
"RASSF2",0.00402722794063348,0.568102858577355,0.811,0.71,1
"SRP19",0.00407673318118297,0.597093047483588,0.764,0.606,1
"ASAH2",0.00414690988421361,3.14938846949367,0.039,0,1
"FPGS",0.00416329690518215,0.787527726427515,0.551,0.435,1
"FUT7",0.00416667064209504,1.36334695597609,0.37,0.218,1
"PPP3CA",0.00418226118413998,0.686458402322118,0.591,0.497,1
"ENSG00000290091",0.00418341949288123,-2.57215606267793,0,0.047,1
"LMNB2",0.00419097317212384,1.16402008471415,0.354,0.202,1
"MIS18A",0.00428108342773085,2.0083310360009,0.11,0.021,1
"DOCK1",0.00429489747186982,-2.66679223872575,0,0.047,1
"RNF126",0.0043864866384844,0.636392377010473,0.63,0.58,1
"MT-ND1",0.00440711671024041,-0.178390154702186,1,0.995,1
"PLA2G15",0.00442603861858839,1.34484298899538,0.26,0.124,1
"CBFA2T3",0.00444235988302563,0.445827558242152,0.449,0.482,1
"ENSG00000227218",0.00449456593203832,3.21786275685242,0.039,0,1
"CSTA",0.00450640897741594,0.910140577616867,0.283,0.249,1
"DAPP1",0.00452035026653836,0.37109796388089,0.646,0.482,1
"ENSG00000286503",0.00453463370098589,3.21151446104735,0.039,0,1
"NDUFC1",0.00461668628001094,0.614216006443701,0.677,0.523,1
"TWNK",0.00476369288131503,-3.21525949923413,0,0.041,1
"GARS1",0.00478115721928209,-0.694438679245783,0.417,0.617,1
"EXOSC10",0.0048237296443562,1.00906841756267,0.37,0.223,1
"TSPAN13",0.00482760919375531,0.862999593959451,0.457,0.337,1
"ATP6V1E1",0.00484342995190649,0.768290775275543,0.496,0.389,1
"SPINT1",0.00490495121665499,-2.68254783813623,0,0.052,1
"RASGEF1B",0.00490662127382439,-0.902069389356816,0.354,0.425,1
"TTC1",0.00490987895200407,0.911069179345389,0.409,0.244,1
"RPL35",0.00491212555125769,0.171336490373947,1,1,1
"SMC6",0.00492552797599049,0.792401179089889,0.535,0.358,1
"RPS3A",0.00494204364652072,0.218485658401484,1,0.995,1
"SLC4A4",0.00503884301754378,3.42883525635735,0.039,0,1
"ENSG00000226849",0.00511056167788004,2.62734293134141,0.031,0,1
"C7orf50",0.00511304803020454,-1.30367580022077,0.244,0.363,1
"PPP2R1A",0.0051343819840796,-0.359688155024143,0.685,0.751,1
"TTLL3",0.00517251266389201,1.1155366926956,0.157,0.062,1
"IKZF2",0.0051838272106863,-1.83221567308071,0.11,0.212,1
"ADCY4",0.0052271877495125,2.05260835145089,0.024,0,1
"CHD9",0.00523229141160929,0.516911413350686,0.756,0.731,1
"ICOSLG",0.00525423203954818,0.783145863635695,0.496,0.378,1
"BLVRB",0.00528453263493949,-1.45031942446862,0.142,0.28,1
"CD52",0.00529685862029093,0.142491522016763,0.622,0.487,1
"GPR183",0.00534905055380964,-0.612422957918394,0.748,0.803,1
"RPL37A",0.00545509997771505,0.180603771720285,1,1,1
"PRKG1",0.00546104600226486,-2.58122346003354,0.008,0.083,1
"SLC7A6",0.00550586122264139,0.700625753729861,0.457,0.415,1
"CALM2",0.00552957460491003,0.301684960900829,0.969,0.99,1
"PPP1R14B",0.00553674580039031,0.57392437185709,0.929,0.959,1
"UBB",0.00556001156430426,-0.278305081991931,0.929,0.964,1
"DPYD-AS1",0.00556442724652084,-2.59429435889987,0,0.047,1
"SPNS2",0.00559541908295469,-2.90600027424135,0,0.041,1
"SORL1",0.00561376069038958,-0.868906265257018,0.307,0.399,1
"ARF3",0.00564546016983154,0.610215090084697,0.63,0.497,1
"SLC2A3",0.00564952175169387,-1.55557227159446,0.213,0.378,1
"ATOSA",0.00567736337698309,0.350494544185772,0.449,0.513,1
"NDUFA12",0.00570047029363084,0.424196689039897,0.803,0.736,1
"H2BC8",0.00572176309358942,-3.32891910961521,0,0.041,1
"CLK1",0.00577340278303041,-0.583481051005178,0.465,0.648,1
"POLR2A",0.00583166352216182,-0.520874140454995,0.606,0.684,1
"EMC7",0.00583493616271057,0.626113377894756,0.646,0.482,1
"C17orf49",0.00589968155515375,0.388108421104669,0.906,0.788,1
"ARMC8",0.00590158529294058,-0.583383695589885,0.394,0.513,1
"WDR7",0.00590223570933738,1.11461450918531,0.268,0.15,1
"GEMIN7",0.00590888677468791,0.401772390039776,0.299,0.207,1
"MT-ND6",0.00591547895585897,-0.473328554024181,0.906,0.933,1
"SUN2",0.00599434028356183,-0.904812045048589,0.299,0.446,1
"RUFY4",0.00599683835048306,-2.50902097939932,0,0.041,1
"SERPINF1",0.00600328878816263,0.631098659315909,0.661,0.534,1
"TNFSF9",0.00605014109513593,-0.44104102847076,0.047,0.14,1
"CYB561A3",0.00606215662331035,0.705306748149989,0.63,0.44,1
"CCT2",0.00606604244867406,-0.528650218235888,0.614,0.767,1
"CCDC115",0.00612836923812497,-1.21706981943775,0.102,0.238,1
"C1QB",0.00620516845824604,-3.92541975674487,0,0.047,1
"TTC39B",0.00625053253646917,-2.89908711437746,0.008,0.093,1
"SELENOT",0.00625922364446251,0.495587954192252,0.843,0.736,1
"ENSG00000234961",0.00630355846678578,-0.950517952447469,0.488,0.642,1
"TMBIM4",0.00636029762285371,0.550355285337838,0.535,0.383,1
"VOPP1",0.00636152086723752,0.618783214897202,0.85,0.746,1
"ASAH1",0.00637320964947958,-0.464210160054397,0.291,0.482,1
"CARD9",0.00638410912445993,-2.39094625672622,0,0.052,1
"SMCO4",0.00641613264783939,0.906730393215103,0.37,0.275,1
"SERTAD1",0.00641975083884722,0.472600566222719,0.52,0.389,1
"HLA-C",0.00644546065017076,-0.325529570366984,1,1,1
"FIGNL1",0.00647899582533548,2.50562782190685,0.087,0.016,1
"NACA",0.00650531549319572,0.202379772690865,1,0.995,1
"LINC02211",0.00651451578520012,-2.63103842161467,0,0.052,1
"TBC1D4",0.00654613950903905,1.13160566082535,0.252,0.109,1
"YBX3",0.00656994685121914,-0.727362057888573,0.472,0.617,1
"ENSG00000267283",0.0065730662571016,-2.75523862425026,0,0.041,1
"LINC01010",0.0065826591168927,2.28823724692274,0.047,0.005,1
"RGS10",0.00659255809090903,0.424861539939769,0.827,0.756,1
"TSC22D3",0.00659332706166443,-0.75987611054233,0.283,0.472,1
"MYL6B",0.00663725468632002,-0.360376813958947,0.173,0.301,1
"ENSG00000291066",0.00664266501640089,1.03457040310803,0.134,0.093,1
"DLD",0.00665912953089379,-0.566339816703698,0.386,0.528,1
"GAK",0.00668646222429376,0.32601205633766,0.425,0.456,1
"ENSG00000287637",0.00675536099622739,2.62475533390309,0.031,0,1
"ICAM1",0.00677527499942659,-0.171691968174931,0.614,0.523,1
"TMEM243",0.00678992917192736,0.532282285785343,0.606,0.425,1
"GADD45G",0.00680992047057723,1.50616013130712,0.165,0.062,1
"GGCX",0.0068732092965527,-0.835705570273864,0.189,0.342,1
"RASA1",0.00688730753220286,-0.777019275362359,0.299,0.487,1
"TMEM230",0.00689627278310917,-0.756038772108224,0.26,0.435,1
"PMF1",0.006935126375065,0.327437598344924,0.591,0.446,1
"FAM199X",0.00694544126626333,1.22931003973401,0.283,0.155,1
"SPPL2A",0.00695563168618857,0.537591987839471,0.693,0.56,1
"UCK2",0.00696082433016865,0.970218084798409,0.354,0.202,1
"REX1BD",0.0070312548730818,-0.788797800646453,0.236,0.363,1
"MYOF",0.00703221616365621,0.958946278158421,0.244,0.166,1
"NSUN2",0.00710483055853429,0.196051892949356,0.433,0.326,1
"ATG101",0.00710607066716973,0.665880407707805,0.575,0.477,1
"SEPHS1",0.00715774085157901,0.861076199607539,0.417,0.264,1
"IL11",0.00717456267007871,-2.83062370257295,0,0.047,1
"H4C11",0.00721480548799771,-0.276111859886581,0.008,0.047,1
"LINC01503",0.00723316268312245,2.17101166974928,0.055,0.005,1
"BAALC",0.00726373833647123,-1.98307524468092,0.024,0.109,1
"ERN1",0.00733662923959607,0.862991341894156,0.512,0.332,1
"TAMALIN",0.00734815294775411,-0.762084130319173,0.551,0.679,1
"SCT",0.00740787506151411,0.414489895878801,0.512,0.316,1
"ENSG00000289901",0.00755577072045712,1.04216078153897,0.795,0.829,1
"CLEC2B",0.0075923965645393,-0.77129728682702,0.323,0.477,1
"UTRN",0.00760101665875613,-0.518970921562303,0.425,0.601,1
"PRPF40A",0.00760745996003441,0.261097666239613,0.898,0.788,1
"RBBP4",0.00769558399649263,0.55264312311776,0.764,0.689,1
"FGFR3",0.00771297418566686,-2.87554609514374,0,0.036,1
"ENSG00000273188",0.00775599838663106,2.6750959687159,0.031,0,1
"SYS1",0.0077643058548034,0.907596303888149,0.472,0.342,1
"ENSG00000288886",0.00776693954169066,2.10560669725723,0.024,0,1
"ELOVL7",0.00777460541884439,-2.24410398382816,0.016,0.104,1
"CRBN",0.00785235459055474,-0.682284094745774,0.26,0.415,1
"COG2",0.00789803473141785,1.39757013360477,0.213,0.088,1
"REL",0.00795558155867207,-0.458462313386991,0.732,0.834,1
"CENPN",0.0079607627105431,-2.24800720625379,0.016,0.098,1
"PER1",0.0079947121883612,-1.24885196838115,0.118,0.259,1
"CDK11B",0.0080849927569982,0.739626710258619,0.48,0.326,1
"RAD51B",0.00810766809022629,-1.23462904323762,0.142,0.228,1
"ALKBH7",0.00812958943125125,-0.533428194988562,0.583,0.689,1
"DNAJA4",0.00816142716832461,-1.51286255688538,0.063,0.192,1
"SLA2",0.00818546112960405,1.01361407318435,0.362,0.207,1
"CPNE1",0.00822001465561817,-0.604346363159729,0.386,0.461,1
"HS2ST1",0.00845896928710411,-1.43968813069349,0.063,0.187,1
"ZHX1",0.00850334957792836,0.876219731530886,0.299,0.166,1
"TLE1",0.00855972349927626,-1.58574100116128,0.047,0.155,1
"SNRK",0.00857128152213334,-0.631899576998996,0.276,0.332,1
"HS3ST1",0.00865877615863447,-2.83448709059449,0,0.036,1
"CCDC26",0.00866679638559739,-3.74201107604555,0,0.047,1
"TPMT",0.00869080217881084,-1.77224417188735,0.039,0.145,1
"CCT3",0.00869907737189451,-0.397366474063477,0.693,0.689,1
"H1-4",0.00869933894295843,-0.782798979751487,0.457,0.492,1
"ENSG00000258216",0.00875509035692217,2.14150542575972,0.024,0,1
"VPS37B",0.00877000307087756,-1.46338268446265,0.134,0.285,1
"POP4",0.00878679511637408,0.89136644031704,0.323,0.207,1
"ZNF790-AS1",0.00885323589568225,1.9341037950375,0.047,0.005,1
"ENSG00000286136",0.00886822576439146,2.74316468176716,0.031,0,1
"SCN1B",0.00888263941174021,-2.68606393420812,0,0.041,1
"C11orf98",0.00889985650991316,0.748547651934252,0.488,0.342,1
"USP4",0.00893281255112748,0.243682992297011,0.535,0.425,1
"ENSG00000257732",0.00900316791754308,-0.889115518312782,0.142,0.301,1
"KCNJ12",0.00903996456737072,2.97303623007919,0.031,0,1
"LGALS2",0.00904360731402136,-1.40974258374399,0.173,0.28,1
"ODF3B",0.00905140325819847,-0.597531379149806,0.535,0.653,1
"ASPM",0.00909508650891592,2.72077453391074,0.031,0,1
"TECR",0.00910508259186687,-0.510479986642499,0.362,0.539,1
"LETM1",0.00910829872921256,0.511886292124461,0.441,0.28,1
"TTC30A",0.00917258846056017,2.78827400074869,0.031,0,1
"BTBD8",0.00918562914473038,-2.80406011902491,0,0.036,1
"ACADM",0.00920490159883073,0.564042245751005,0.323,0.301,1
"PIK3R4",0.00925125360699576,1.42990662721919,0.213,0.114,1
"TRAF3",0.00925955356007628,0.627068935017149,0.606,0.549,1
"FKBP4",0.0092753837148541,-1.38394432030397,0.189,0.249,1
"CHFR",0.00930742346142318,0.938939776743358,0.354,0.223,1
"ITGB2",0.00931412584036969,-0.744517205681717,0.496,0.606,1
"RPL36A",0.00937393431798682,0.166558409032966,1,1,1
"LGALS9",0.00938095630998634,-0.402943990237972,0.465,0.658,1
"ARRDC1",0.00949117160079901,-0.898593349258905,0.15,0.301,1
"TP53BP1",0.00959801374585454,-0.486208044908414,0.197,0.352,1
"AGAP4",0.00968455183393079,-1.8540914630172,0.016,0.093,1
"ENSG00000275055",0.00971342479812519,2.12883193735174,0.024,0,1
"MLKL",0.00972446256861662,-2.65321141556964,0,0.041,1
"TRAPPC6B",0.00975484651305964,0.864411582607911,0.307,0.197,1
"LINC01355",0.0097712369310479,2.76615890414625,0.063,0.005,1
"VMP1",0.00977461611861743,-0.533415146690118,0.638,0.71,1
"TTC39C",0.00979207425286849,0.567017602146764,0.354,0.321,1
"TBC1D2B",0.00980217468067517,0.997689353499011,0.354,0.207,1
"TLCD1",0.00986168036015908,1.56275885015494,0.157,0.052,1
"HSPA8",0.00988255375685963,-0.729923567720876,0.882,0.891,1
"SEPTIN11",0.00990096982293265,0.734590449571382,0.441,0.389,1
"TRIM2",0.00991736520015041,0.893837139020535,0.252,0.114,1
"PLCXD2",0.00994879877262455,0.896696471228106,0.126,0.047,1
"DBT",0.0100014128524612,2.16866629932986,0.087,0.016,1
"SPCS3-AS1",0.010031159013956,2.14221525511406,0.087,0.021,1
"TNFRSF10B",0.0100713182654941,-1.38823829942142,0.094,0.238,1
"TSBP1-AS1",0.0100981108201053,2.84322520908114,0.031,0,1
"ZBTB21",0.0101857515101316,-1.2403300302973,0.079,0.212,1
"PCYT1A",0.0101874878623536,0.367960571421334,0.378,0.275,1
"BCL7A",0.0101978674320779,0.892192577497072,0.433,0.29,1
"LRFN3",0.0101986515208687,2.97019938960129,0.031,0,1
"MYB",0.010205569869299,-0.792620445334341,0.291,0.363,1
"CDC26",0.0102626813855308,-0.598270221214619,0.307,0.383,1
"CLCN6",0.0102974536946632,0.923798234436161,0.15,0.073,1
"HLA-DMB",0.0103041405159325,0.140151258774152,0.795,0.668,1
"RHNO1",0.010306835008361,-2.36632661944359,0,0.041,1
"STX17",0.0103253340234173,0.97428125678421,0.228,0.109,1
"RPS8",0.0104132157512587,0.16736111725049,1,1,1
"CLU",0.0104367582724424,-3.14583750265474,0,0.036,1
"ATP6V0D1-DT",0.0105208129619319,2.81145396764301,0.063,0.005,1
"TIAL1",0.0105274302775284,0.32794077097965,0.622,0.487,1
"FPR3",0.0105998632899677,-1.86068172304767,0.079,0.228,1
"RAB37",0.0106342432081205,-2.02478363273816,0.008,0.067,1
"TMEM38A",0.0106566455462655,2.83770339715304,0.031,0,1
"CUL1",0.0106869471831878,-0.67496588053157,0.504,0.585,1
"SEC22A",0.0107001237687496,0.690993648422214,0.307,0.176,1
"PHF23",0.0107140886391863,0.5757812129942,0.559,0.415,1
"SLC35F2",0.0107715476384788,-1.52237937773059,0.047,0.166,1
"CALCRL-AS1",0.0107791658991418,-1.12898347259189,0.189,0.368,1
"C1orf109",0.0108187114464224,0.809178615706687,0.197,0.093,1
"NUDT22",0.0108500856166566,1.08870240689575,0.433,0.316,1
"NPTX2",0.0108718785244795,-0.727440968206125,0.071,0.155,1
"AP5Z1",0.0109166706047122,-0.210100049269355,0.236,0.363,1
"TKTL1",0.0109932101753116,-2.40589702180949,0,0.047,1
"GLS2",0.0109951226881724,2.94943520501331,0.031,0,1
"SNRPG",0.0110088503213836,0.344013617373224,0.929,0.855,1
"LINC01012",0.0110323385918005,-2.35834114669578,0,0.036,1
"NEO1",0.0111730678772907,2.99086380095306,0.031,0,1
"TALDO1",0.0111950218667682,-0.463314697990461,0.724,0.803,1
"KHDC1-AS1",0.0112680058187885,2.85798801825726,0.031,0,1
"RASSF8-AS1",0.0112857492511226,2.87426205632498,0.031,0,1
"CGGBP1",0.0113600507698159,-0.173582747420683,0.661,0.617,1
"GATA1",0.0113895769974436,-3.35283061661043,0,0.047,1
"DYNLL1",0.0114160717161187,0.313863377085936,0.953,0.876,1
"SLC35F3",0.0114442005991913,1.3393067684345,0.252,0.124,1
"VAMP8",0.0115176195655554,0.560914870546604,0.843,0.813,1
"SAMD1",0.0115489228458985,1.24725797680165,0.22,0.098,1
"CHD2",0.0115494872251548,-0.358326286396657,0.764,0.87,1
"ZNF337",0.0115830987003106,1.42208495526874,0.134,0.047,1
"BAIAP2L1",0.0116213805409777,-0.42057148354968,0.173,0.316,1
"CTF1",0.0116222489978534,2.93938641558124,0.031,0,1
"NUAK2",0.0116462446535801,-1.36036388363679,0.118,0.254,1
"KLF5",0.0117221723721611,-2.80590003941098,0,0.036,1
"PCNX1",0.011742691872741,0.116545462453583,0.52,0.648,1
"AKAP11",0.0117754175152483,1.04372230233954,0.276,0.15,1
"PACSIN1",0.0117836578785917,0.659890642051626,0.496,0.373,1
"SLC2A4RG",0.0118203490618378,0.974992155634056,0.244,0.114,1
"CERS6",0.0118440077927188,-0.523168099879254,0.299,0.466,1
"RGS19",0.0118853881353243,0.600035148682464,0.677,0.56,1
"TMA16",0.0119672702550388,1.09688575964548,0.291,0.155,1
"PLCB1",0.0119750926685128,-1.28821021909429,0.236,0.358,1
"GZMB",0.0120091348381156,0.563617951497392,0.575,0.43,1
"GGH",0.0120483883666551,1.03670611939731,0.181,0.078,1
"RPS27A",0.0120588494637473,0.190298316063831,1,1,1
"ENSG00000291124",0.0120697151003973,1.57699091295355,0.094,0.026,1
"RPS6KA2",0.0120858969052363,0.620045379229293,0.386,0.337,1
"HP1BP3",0.012131894731655,0.558066689077244,0.685,0.585,1
"ENSG00000290549",0.0121340797330782,-2.36506589719513,0,0.041,1
"LTB",0.012140378007386,0.941966507257947,0.583,0.425,1
"LGALS1",0.0121656144157427,-0.339402824562009,0.921,0.896,1
"NEK8",0.0121713719730215,1.1448750454279,0.323,0.181,1
"TST",0.0121952090649386,-1.94484420487176,0.024,0.114,1
"KHSRP",0.0122204231708904,1.02255360007699,0.37,0.228,1
"CKAP2",0.0123233085275356,0.830938882144088,0.417,0.275,1
"SLFNL1-AS1",0.012335145912401,2.98420590308726,0.031,0,1
"INPP5D",0.0123523479376984,0.583972396586519,0.504,0.347,1
"TBC1D8",0.0124067352499578,0.794723380580408,0.409,0.337,1
"NFKBIA",0.0124909892267239,-0.447922210243745,0.961,0.948,1
"ZNF772",0.012542445074717,3.04834142171661,0.031,0,1
"GIMAP8",0.0125744735230814,1.3518630077428,0.15,0.052,1
"MCFD2",0.0125984776989018,0.576414217317565,0.433,0.378,1
"DHX16",0.0125985408682604,0.769642712276277,0.283,0.181,1
"REC8",0.012628866803065,-1.37111963722352,0.079,0.197,1
"FOXRED2",0.0126303650491613,2.98528769029914,0.031,0,1
"ARPC5L",0.012641538815149,0.448599584768953,0.709,0.56,1
"GAPDH",0.0126801825177968,-0.255689439677867,0.961,0.99,1
"TMEM51",0.0126923336608162,-1.0989572800915,0.055,0.166,1
"ENSG00000290104",0.0127253830899096,0.156619420605653,0.567,0.415,1
"CACNB2",0.0127288135386404,-2.70581271164719,0.016,0.078,1
"FBXW5",0.0127522798523322,0.627495264927995,0.591,0.461,1
"DENR",0.0128434583080522,0.46073458441891,0.488,0.347,1
"TMEM79",0.0128962123628478,2.89034653781972,0.055,0.005,1
"ENSG00000256789",0.0129160678611247,3.12984466098812,0.031,0,1
"RBPMS",0.0129492917316201,-0.825853241122323,0.094,0.093,1
"S100PBP",0.012954781008416,0.977865812959281,0.402,0.254,1
"FAAH",0.012974441013952,1.33943040095848,0.173,0.062,1
"C18orf32",0.0130607575692234,0.569033607463893,0.575,0.42,1
"ST13",0.0130640990695155,-0.361327525082171,0.756,0.746,1
"WNT10B",0.0131478810018001,2.20450167898938,0.024,0,1
"ENSG00000277476",0.0132547024130795,2.18617256128664,0.024,0,1
"ENSG00000233223",0.013257695278586,-2.01714162233653,0.016,0.088,1
"HCG17",0.013273087707647,-1.42140989285528,0.063,0.155,1
"USP45",0.0133170952452475,1.61001495172097,0.15,0.052,1
"INTS6L",0.0133199443912844,-0.777094316764242,0.118,0.254,1
"NFKBID",0.0133401091389485,-0.466452691609814,0.583,0.596,1
"CCNYL1",0.0133769360913887,0.830124842758726,0.244,0.135,1
"OS9",0.0134052240904251,0.556931731497001,0.685,0.575,1
"BMP1",0.0134758551451406,-2.37142127623205,0.008,0.083,1
"TASP1",0.0134946743099849,0.979749781347497,0.402,0.244,1
"NFATC1",0.0135073997909672,-0.729099770360705,0.394,0.404,1
"SLC35D2",0.0135185413883719,-1.70528493739388,0.047,0.15,1
"ENSG00000272181",0.013629195911354,2.19231467974497,0.024,0,1
"RUNX2",0.0136328151422225,0.630064606993451,0.701,0.606,1
"LCP1",0.0136543737054081,-0.490034514347135,0.795,0.845,1
"SFT2D2",0.0136600099912996,0.494370126980449,0.63,0.456,1
"ZNF484",0.0136843286840827,-0.435554066071376,0.071,0.166,1
"ADSS2",0.0137042230648596,0.613688077939088,0.528,0.472,1
"LRRC28",0.013754232198784,-1.84225840255633,0.047,0.14,1
"RPL39",0.0137763787855062,0.143563080264308,1,0.995,1
"PPP2R3C",0.0138156530824976,-0.25523523162009,0.299,0.275,1
"TREML2",0.013840157463395,1.37081287409158,0.118,0.031,1
"LILRA5",0.0139582108268318,-1.27206433692232,0.15,0.28,1
"H2AC8",0.0140099675043578,-1.42574190811274,0.079,0.187,1
"C1orf43",0.0140100196339527,0.399949769127416,0.772,0.689,1
"TFAM",0.0140492451392783,1.06198533856576,0.378,0.244,1
"SLC38A2",0.014088945004652,-0.42362265862019,0.693,0.819,1
"ETAA1",0.0141091242882758,1.9676035410519,0.087,0.021,1
"SOD2",0.0141624935348184,0.135612745697868,0.583,0.746,1
"GRB10",0.0141753080581389,-1.76285503440564,0.047,0.155,1
"EFNA1",0.0142893384322637,-2.69737173154364,0.008,0.067,1
"HIGD1A",0.014373637252451,0.562515894924052,0.654,0.497,1
"CLIP2",0.0143945806943437,-1.81145165591337,0.039,0.14,1
"TMSB4Y",0.0143967161347806,2.2199113849785,0.024,0,1
"ZNRF1",0.0145424840989537,-0.975720269089462,0.15,0.301,1
"SESN3",0.014562473407841,-0.78981612521391,0.094,0.223,1
"LIME1",0.0145805467815947,0.552174132806262,0.567,0.378,1
"THAP1",0.0147217430156118,0.614893333759596,0.197,0.109,1
"ARNT",0.0147405662956782,-0.891761294761826,0.173,0.337,1
"LINC00926",0.0147448784993674,0.484636348063928,0.008,0.026,1
"CD38",0.0147620797210884,-0.835133993315698,0.236,0.394,1
"RBM33",0.0148300038323586,0.512898783895954,0.465,0.43,1
"INPP5A",0.0148641667596647,-0.791422125338432,0.197,0.373,1
"DGCR2",0.0148735023796338,1.18753746227428,0.197,0.088,1
"CNOT3",0.0148941953789484,0.37088276214,0.331,0.228,1
"ENTR1",0.0148942832045736,1.12824531811085,0.157,0.067,1
"EBPL",0.0149758281120917,-1.12509418017226,0.142,0.285,1
"SGK1",0.0150041143244712,0.616917638412272,0.228,0.264,1
"ENSG00000285103",0.0150200973230364,-2.62190146142772,0,0.036,1
"DSN1",0.0150299248837174,1.64781864033212,0.173,0.067,1
"HLA-DRB5",0.0151983839348814,-0.622120723795315,0.661,0.736,1
"SOX4",0.0152349910631907,-0.698363654680658,0.315,0.42,1
"GBP2",0.0153143346075594,-0.972025271949821,0.11,0.254,1
"HARBI1",0.0153493805176935,2.37594714073169,0.063,0.01,1
"ENSG00000281195",0.0154546219701592,2.26936494000339,0.024,0,1
"ZNG1E",0.0154976386180453,-1.21993935308786,0.134,0.264,1
"IGHM",0.0155314101117249,0.848128887513369,0.504,0.347,1
"GTF2IRD2",0.0155320133148088,1.43100885425281,0.11,0.036,1
"ZNF506",0.0155619750382686,1.07715916343415,0.276,0.161,1
"ENSG00000290396",0.0155687784328455,-2.61526275645459,0,0.036,1
"TYMS",0.0156709318274185,-2.35727295111736,0,0.041,1
"RPLP2",0.0157044756088133,0.154159188140919,1,1,1
"ZNF875",0.0157535520811906,2.03826982093138,0.165,0.067,1
"TPRN",0.0157929403490265,2.29126421045849,0.071,0.01,1
"EXD2",0.0158675915741977,2.26713502724621,0.094,0.021,1
"RERE",0.0158724528530762,-0.440836180685278,0.409,0.415,1
"MRPS12",0.0159586503569455,0.737831134276083,0.417,0.306,1
"ENSG00000291232",0.0159614238867136,-2.41517318058501,0,0.036,1
"PSMB4",0.0159773844251421,-0.174999065925479,0.685,0.648,1
"CCNG1",0.0160635483032042,-0.288587960960114,0.402,0.394,1
"JAG2",0.0161651182864683,-2.36247128631912,0,0.031,1
"ACSF2",0.0161765301610703,-1.50505256732424,0.024,0.114,1
"WDR82",0.0161830029450284,0.629063010572289,0.449,0.409,1
"BIVM",0.0162581515395665,-2.19737275518671,0,0.036,1
"ZNF449",0.0162588950813031,-2.47145012625152,0,0.031,1
"MPV17",0.0163452598221109,-1.07392595048851,0.102,0.228,1
"MSI2",0.0163609009367432,-0.762118191254934,0.299,0.43,1
"ALG2",0.0163813882218966,0.442938928633122,0.748,0.611,1
"FAM217B",0.0164171845701478,2.12732828715652,0.071,0.01,1
"SMIM3",0.016548874632583,0.840016268572691,0.496,0.373,1
"GPX7",0.016558506205948,0.939477932047928,0.315,0.207,1
"ENSG00000281016",0.0165610196162256,-2.31257726247632,0,0.031,1
"ATP5F1E",0.0165927647535055,0.196729053080352,1,1,1
"ENSG00000259732",0.0166498833133981,-2.29052844037768,0,0.031,1
"ZCCHC2",0.0166543242062892,0.9230286473613,0.228,0.145,1
"SEC24D",0.016707123978426,0.534412441131642,0.323,0.311,1
"PCBD1",0.0167977232683265,-0.985461756674113,0.118,0.264,1
"TBC1D5",0.0167982684488484,0.423276417935723,0.457,0.321,1
"IRF8",0.0169130826063827,0.508931254226286,0.787,0.627,1
"MYOSLID",0.0169253097748183,-2.32639483084826,0,0.031,1
"HACD1",0.0170621666876768,-2.4247873568498,0.008,0.078,1
"ZNF652",0.017244267812469,0.866036776285676,0.354,0.233,1
"ARHGAP25",0.0172622893368009,1.11412931539827,0.331,0.181,1
"NR4A3",0.0173109498065459,-0.9555206082055,0.315,0.497,1
"HSPA1A",0.0173223641584146,-1.4315776662426,0.283,0.435,1
"MRPL37",0.0173456490115004,-0.116729037872011,0.268,0.368,1
"H2AC15",0.0173857839267669,-2.48157833726758,0,0.031,1
"TRERF1",0.0174129779438,-1.17294479540497,0.024,0.093,1
"RNF44",0.0174502025566374,-0.877708924124486,0.087,0.207,1
"SNHG3",0.0174851539180456,-1.03562260504403,0.142,0.285,1
"CCR7",0.0175441047683727,-0.554640326000802,0.512,0.684,1
"SVBP",0.017775244659442,-0.411676192975839,0.339,0.508,1
"BAIAP3",0.0177785038663026,-2.45547046670481,0,0.031,1
"RNF7",0.0178049044853101,0.308532367060912,0.78,0.658,1
"PAXX",0.0178085199576236,0.53076165526114,0.677,0.679,1
"L1CAM",0.0178260828763963,-2.69166032869706,0,0.031,1
"MT-ND5",0.0178346058977895,-0.282493324760811,0.992,0.984,1
"UBC",0.0178400243142911,-0.39518516029736,1,0.995,1
"IGLJ3",0.0178575906481432,2.61811087206455,0.087,0.021,1
"PNISR-AS1",0.0178667762816294,2.05769252370079,0.047,0.005,1
"DMXL2",0.0178777808484852,0.876919326265754,0.299,0.223,1
"MIA2",0.0179005375045738,0.673912017745267,0.441,0.332,1
"LYSMD2",0.0179163823577793,0.639248125666304,0.614,0.451,1
"ETV3",0.0179372158410844,-0.885138754271876,0.402,0.523,1
"EIF3H",0.0179531325865012,-0.268031513702492,0.929,0.938,1
"SMU1",0.017957080633981,0.539170015479189,0.614,0.544,1
"FZD1",0.0179694648765948,2.62289691763434,0.047,0.005,1
"TXNDC15",0.0179991812605958,0.957203950542919,0.276,0.15,1
"FHIT",0.0180318794982802,-0.862284761165493,0.118,0.249,1
"CHORDC1",0.0180882471271121,-0.544996014465337,0.409,0.487,1
"HBP1",0.0181327987325536,-0.529859926397028,0.449,0.606,1
"FCHSD2",0.0181707316323426,0.54162162856656,0.732,0.725,1
"MRPL50",0.0182069869449804,0.901427412884796,0.378,0.254,1
"POLDIP2",0.0182570312690855,0.541324829466436,0.307,0.244,1
"TGFB1",0.0182955638744486,-0.272367932298206,0.969,0.984,1
"MIR4435-2HG",0.0183268627880701,-0.90935279077617,0.354,0.503,1
"TRIB3",0.0183509346620999,-2.06961406415717,0,0.036,1
"C8orf44",0.0183640311366719,-1.18369579405589,0.079,0.187,1
"ZNF503",0.0184233546716741,-2.31995581752052,0,0.036,1
"LINC02649",0.0184421338410732,-1.42256435091208,0.079,0.155,1
"NGLY1",0.018450529781574,0.664779311515173,0.669,0.575,1
"ENSG00000272843",0.0184922826338882,-2.26193951071034,0,0.031,1
"TOGARAM2",0.0185038176017665,-2.58903800396286,0,0.036,1
"CBFB",0.0185806509811779,-0.442739290100947,0.465,0.508,1
"EEF2",0.0186165392092988,-0.189960437492024,1,0.984,1
"PLD3",0.0188154551763936,-0.571684594344735,0.244,0.321,1
"LINC01252",0.0189517610195774,-2.11674025165567,0,0.031,1
"C1orf56",0.018952492662928,-2.03151386983433,0,0.036,1
"STK11",0.0189676839168161,-0.946006710036015,0.102,0.233,1
"GRIP1",0.0191182060248064,1.11823639707945,0.181,0.114,1
"SLTM",0.0191876367950986,0.505394330005704,0.764,0.684,1
"NCF1B",0.019237137531316,0.450485029426497,0.496,0.316,1
"FXYD6",0.0192923951764965,-1.58826407465396,0.016,0.078,1
"LINC02035",0.0193819115154478,2.33616531180167,0.024,0,1
"C9orf72",0.0195052862383443,-0.919795079014057,0.244,0.326,1
"LINC00511",0.0195236931726213,-3.12295859180476,0,0.031,1
"TUBE1",0.0195438744073735,-1.94137911258937,0.016,0.093,1
"DPH6",0.0195963179589989,1.96718429256042,0.11,0.036,1
"CA5B",0.0196112804105824,-2.02547806348336,0.024,0.104,1
"DBN1",0.0196138539732292,-1.35261474793853,0.047,0.14,1
"GRK3",0.0197482419103459,0.756031223062744,0.402,0.275,1
"DHFR2",0.0197742789856316,-2.1738414017972,0,0.031,1
"ATP6V1G1",0.0197828312634729,0.327677425601596,0.937,0.87,1
"NIPA1",0.0198037527219718,1.05692584501402,0.276,0.161,1
"DNAJC8",0.0198782297173604,0.31281084946603,0.748,0.627,1
"CRYBG1",0.0199269846966677,-0.829688926637044,0.354,0.472,1
"TUBG1",0.0200049328161291,1.06341656489071,0.323,0.176,1
"PRPF4B",0.0200638951408257,0.373484444807756,0.748,0.622,1
"MYADM",0.0200980345191382,0.123492980998868,0.953,0.876,1
"ENSG00000235852",0.020122852649483,-1.99590407401606,0,0.036,1
"LYPD3",0.0201361169461868,-1.84858294032735,0.055,0.166,1
"ENSG00000262020",0.0201526024738977,2.31987040818108,0.024,0,1
"ISYNA1",0.0201626663667735,-1.19780180309541,0.031,0.124,1
"B3GALT6",0.0202887445156522,0.598668857509337,0.386,0.249,1
"DUSP3",0.0203263842509396,-0.56344454408247,0.236,0.383,1
"FUNDC2",0.0203315711952993,0.313446084025191,0.504,0.399,1
"PTGER4",0.0203959026345006,-0.13507336449774,0.213,0.311,1
"SLC39A3",0.0204377950103533,-0.916065075414982,0.181,0.311,1
"EP400",0.0204418304636819,0.6780124652587,0.441,0.332,1
"SELENOS",0.020452252975495,0.644652402709252,0.795,0.674,1
"ZMIZ1",0.0205367062567038,-0.239969822142838,0.622,0.782,1
"ENSG00000250909",0.0205510388834726,2.32995548084346,0.024,0,1
"GIT1",0.0205544135698191,0.93355057344369,0.236,0.181,1
"CDK6",0.0205580214517436,-0.753050144742052,0.417,0.477,1
"FAM185A",0.0205655863007142,2.76152085847405,0.055,0.01,1
"CREB3L2",0.0205803678614208,0.545054130740731,0.417,0.259,1
"SLC15A4",0.0206868013221694,0.471797667274737,0.772,0.674,1
"PXDN",0.0207266694974892,-2.16792214849023,0,0.031,1
"SUPT20H",0.0207532205840401,-0.753044206601788,0.205,0.285,1
"MAPKAPK5-AS1",0.0208352161659724,0.584435394802258,0.228,0.145,1
"STAMBPL1",0.0209353062145143,0.968461582528568,0.283,0.15,1
"MPZ",0.0210240328749787,-2.08608581520523,0,0.031,1
"ENSG00000291177",0.0210370057231875,0.523261539399269,0.094,0.047,1
"FXR1",0.0211308446359552,-0.473300620909682,0.528,0.653,1
"KLHL13",0.021204517368971,2.47385719184292,0.055,0.005,1
"POR",0.0212931633643126,-0.490084441403225,0.22,0.378,1
"PRDM4-AS1",0.0213722616954579,-2.09505863022484,0,0.031,1
"UBE2D4",0.0213877054770676,-1.32274492076284,0.055,0.145,1
"GCNT1",0.0213972587693891,-0.734131043764487,0.087,0.181,1
"METTL25",0.0214136680881379,1.03661099966889,0.15,0.078,1
"SEC61B",0.021464864466614,0.386010913123079,1,0.979,1
"CEP290",0.0215267169867936,1.18137084636183,0.22,0.104,1
"VAT1",0.021531053250365,-1.31401926258277,0.063,0.171,1
"ACTR2",0.0215986640503436,0.266284796350812,0.913,0.865,1
"LPAR3",0.0216662381179127,1.43891719180848,0.102,0.041,1
"ERAP1",0.0217210585118638,-0.520012892047448,0.213,0.347,1
"CRLF2",0.0217708130867356,-1.32013246405387,0.118,0.275,1
"WDR37",0.0217879430566578,0.435930743946773,0.417,0.295,1
"RCAN1",0.0217890713021557,-1.50750514605366,0.039,0.124,1
"PCED1B",0.0219314866057152,1.63618931295328,0.165,0.073,1
"TCIRG1",0.0219370753358241,-0.601976853761564,0.441,0.565,1
"CENPO",0.021962311946749,1.94798390893326,0.11,0.031,1
"ZNF701",0.0219975682932331,1.37259081224823,0.165,0.073,1
"REPIN1",0.0220020961402687,0.52348924020614,0.567,0.487,1
"TSEN2",0.0220168141189455,1.85289034012027,0.079,0.016,1
"TRBC1",0.022025958672949,-2.42377817732296,0,0.036,1
"CTXN1",0.0220411454857344,-2.16871112498949,0,0.036,1
"VIM",0.0220452377377155,-0.209923505292376,1,1,1
"RPRD2",0.022100655177127,0.533227747344084,0.37,0.264,1
"GINM1",0.022106304779381,0.536392419952863,0.472,0.43,1
"ETV2",0.0221223663033221,1.58489582699226,0.102,0.026,1
"STON2",0.0221425272110419,-2.76273229781476,0,0.036,1
"SEC11A",0.0221448408587002,-0.395871224540019,0.732,0.865,1
"NOL11",0.02221366026114,0.951153921482082,0.283,0.171,1
"SPATS2",0.0222422377717921,0.436173486781176,0.339,0.342,1
"TRIP4",0.0222884531322756,0.855379357048394,0.276,0.155,1
"TLR10",0.0223716749234213,-0.748678418077004,0.039,0.088,1
"SH3BP1",0.0223949912778455,0.484053104657595,0.496,0.337,1
"EDDM13",0.0224883077331582,2.41521291630145,0.024,0,1
"ENSG00000255158",0.0225121270259485,2.3760937425632,0.024,0,1
"RPS6KA6",0.02253890861158,-2.3285888878572,0,0.031,1
"RPS6KL1",0.0225513368755559,2.35530136750741,0.024,0,1
"DARS1-AS1",0.0225569360464778,2.3475787224599,0.024,0,1
"NUF2",0.022679975027569,2.35579190899201,0.024,0,1
"POC1A",0.0227339342190319,-2.07460535319848,0,0.031,1
"H1-10",0.0227578169819529,-0.52891865762421,0.693,0.751,1
"ATPSCKMT",0.022775305514368,-2.08535420801534,0,0.031,1
"MCRIP2",0.0227807164294083,-0.437650110386676,0.031,0.088,1
"CCDC137",0.0227979947032987,1.23778103692583,0.236,0.119,1
"PLCG1",0.022812784668764,-2.20911680077353,0,0.031,1
"CHST7",0.0228488472730648,0.917615043258425,0.165,0.083,1
"CPB2-AS1",0.0228644912604391,-0.70297371118313,0.244,0.342,1
"C1orf21",0.0229096980617701,-0.280518338936427,0.173,0.285,1
"ENSG00000288937",0.0229224360186239,2.34764630639558,0.024,0,1
"NASP",0.0229767535646851,-0.548134593041453,0.441,0.56,1
"RCC2",0.0230142885887815,-0.457351592180208,0.52,0.679,1
"PIM2",0.0230612180327692,-0.736855011913851,0.22,0.259,1
"IFNLR1",0.0230832567713049,0.824937580389207,0.339,0.192,1
"FAM20B",0.0231243466010459,1.1711292041467,0.15,0.109,1
"ENSG00000274422",0.0231562298072114,1.88425480116607,0.087,0.031,1
"UTP23",0.0232136712032159,0.751554169812586,0.268,0.161,1
"OAS1",0.0232279671408605,1.42354970723302,0.181,0.098,1
"ZNF219",0.0232458075605201,-1.72505325332161,0.047,0.13,1
"MITF",0.0233819605904836,2.80033821811835,0.055,0.01,1
"CMYA5",0.0234094446732348,2.45604569318188,0.024,0,1
"NRGN",0.0234603454580302,-1.69797924520309,0.087,0.15,1
"MIR23AHG",0.0238828456346506,-0.931671290483185,0.37,0.477,1
"LMTK3",0.0239867383959182,2.39366710293941,0.024,0,1
"DRG2",0.0240238554200607,0.501013527145453,0.22,0.145,1
"PPA1",0.0240646136285198,-0.665625413426476,0.441,0.565,1
"PDE6D",0.0240836092392707,-0.587106931859364,0.252,0.321,1
"KRCC1",0.0240989709420722,0.6308162434678,0.457,0.311,1
"ENSG00000258317",0.0241413913461748,2.52141648187915,0.024,0,1
"NACC2",0.0241770755785864,-1.73575418525537,0.047,0.14,1
"MZT2A",0.0242203772604708,-0.34549657902329,0.465,0.482,1
"C2orf49",0.0242282587986304,0.135917144531033,0.268,0.192,1
"TTC32-DT",0.0243035637404549,2.59268336663856,0.024,0,1
"ZNF229",0.0243210936916335,2.3774825566236,0.024,0,1
"ENSG00000285530",0.024331877561491,2.47096205769975,0.024,0,1
"MBNL1",0.0243404816128134,-0.133695051107981,0.811,0.922,1
"RHBDF2",0.0244183494066107,0.311589393881313,0.567,0.425,1
"ABCA7",0.0245382567880156,0.625220614032263,0.205,0.13,1
"TMEM138",0.0245867936886749,0.918708160453979,0.354,0.228,1
"FAM171A1",0.0246372786852999,-2.4206675582829,0,0.031,1
"RABGEF1",0.0246810363122064,0.505369317084036,0.52,0.399,1
"FNBP4",0.0247129899347691,0.470786723031249,0.756,0.648,1
"LTB4R",0.0247260352176056,-2.2042228360613,0,0.031,1
"CCDC85C",0.0247465153011853,-0.194417604540273,0.236,0.238,1
"DCXR",0.024866218930102,-0.551368500369581,0.276,0.435,1
"CAPNS1",0.0249160641220362,-0.22063291436745,0.677,0.824,1
"RBM28",0.0249529008561712,0.298488397510534,0.15,0.088,1
"PCSK7",0.0250063200939519,-0.757498526600527,0.118,0.233,1
"ENSG00000259314",0.0250198305433449,2.835214982827,0.024,0,1
"MGME1",0.0250441388003164,1.22107794195402,0.205,0.098,1
"SEC61G",0.0250495241819744,0.415830178506609,0.921,0.927,1
"FGD4",0.0251237477053136,-2.52690739146629,0.016,0.088,1
"ACAA1",0.0252207281836114,-0.708036133906061,0.346,0.472,1
"NCAPG",0.0252207966897385,-2.01429692537487,0,0.036,1
"IRF7",0.0253035480454349,0.711483781858258,0.874,0.865,1
"PRKACB-DT",0.025357222470518,-2.15800208798633,0,0.031,1
"PROC",0.0253651764446602,0.470281634114514,0.378,0.321,1
"ENSG00000285744",0.0254683471904193,-1.82250547892826,0.047,0.124,1
"MYLIP",0.025484850604173,-0.94102481840239,0.102,0.233,1
"AZI2",0.0255057369098559,0.533518853013206,0.323,0.218,1
"WASH6P",0.0255210043070041,-2.20590091740756,0.008,0.067,1
"LINC01569",0.0255882310890154,2.49629248438033,0.024,0,1
"PHTF1",0.0255968560081467,-0.468361633871319,0.457,0.487,1
"MCPH1",0.025614778288871,0.868660116017105,0.315,0.187,1
"CDKN2D",0.0256732143406005,0.65562323166969,0.567,0.451,1
"RASGRP1",0.0257965686766127,-2.1665860406819,0,0.031,1
"OST4",0.0258463767287377,0.10600093349809,0.929,0.984,1
"DDX23",0.0258988341484391,1.02017124652555,0.315,0.192,1
"TVP23B",0.0259112552751281,0.949233082557299,0.339,0.228,1
"ENSG00000288872",0.026016183716959,2.42952839450692,0.024,0,1
"FOXN3-AS1",0.0260303048689126,2.44925741072086,0.024,0,1
"RASA4B",0.0260373495272796,-1.10884115008995,0.079,0.181,1
"PLEKHO1",0.0261061091981742,0.358095263217339,0.795,0.684,1
"SCMH1",0.0261195253295826,0.629465447728127,0.425,0.275,1
"CXCR3",0.0262253776386404,0.795933505542303,0.425,0.311,1
"PHACTR1",0.0262868178244328,0.605635407916715,0.583,0.446,1
"AKAP13-AS1",0.0262882057507457,-1.35905387136724,0.094,0.223,1
"JUN",0.0263321154586581,0.329971511856267,0.15,0.29,1
"FAM177A1",0.0263981406823453,-0.353963531116065,0.693,0.788,1
"TBC1D22B",0.0264460578574018,1.30015951000355,0.173,0.088,1
"BEND5",0.0265446072402796,-1.01928443518094,0.008,0.052,1
"GALNT2",0.0265770596862148,0.724049977065635,0.535,0.44,1
"FOXP1-AS1",0.0266377646106768,-2.1048608508791,0,0.031,1
"LRWD1",0.0266925647766488,1.21779339178327,0.22,0.114,1
"CSF2RB",0.0267031144252674,0.619509102680752,0.591,0.466,1
"KLHL22",0.0267733365463271,1.25575837038279,0.165,0.073,1
"GMFB",0.0268381024370774,0.399227378270252,0.425,0.316,1
"CPXM1",0.0268655595514987,-2.73741883488027,0.008,0.067,1
"LHFPL6",0.0269358757493198,-1.01222495472842,0.055,0.145,1
"GADD45B",0.0270303516559677,-0.42239492684699,0.567,0.71,1
"TMEM229B",0.0270525741972418,-2.01593590444248,0,0.031,1
"RRP15",0.0271061642223811,0.80746342191248,0.197,0.14,1
"TIGD6",0.0271514663658272,2.45059290038653,0.024,0,1
"PTGS2",0.0271786294778154,-0.789072712308946,0.024,0.093,1
"C2CD2",0.027228896952945,-1.95632145634121,0,0.031,1
"SLAMF7",0.0273007521527188,0.569938184833978,0.465,0.306,1
"SPARC",0.0273350762519126,-1.81846767167531,0.016,0.073,1
"ENSG00000287263",0.0273456808119271,1.46365841070391,0.126,0.062,1
"HOOK3",0.0275117213821889,-0.328146046879963,0.496,0.668,1
"GOLGA6L4",0.0275257059421794,2.55869373835981,0.024,0,1
"ENSG00000289827",0.0275341995253767,2.65246060739275,0.024,0,1
"ANKRD12",0.0275460752967664,0.320326104614206,0.945,0.943,1
"SUCNR1",0.0275687118984577,-2.9426554469221,0,0.026,1
"HSPD1",0.0276245879637127,-0.962510804881567,0.717,0.736,1
"PCDH9",0.0276550432400154,-1.9621238183943,0,0.031,1
"LRRC69",0.0277201538740648,1.47226683845251,0.087,0.021,1
"ENSG00000286369",0.0278013006113554,1.52032741275886,0.087,0.036,1
"LRR1",0.0278238036726995,0.465827386148546,0.323,0.212,1
"ERCC6L",0.027875005364641,2.72239488676968,0.024,0,1
"AOPEP",0.0279882083936558,-0.204198703531598,0.134,0.212,1
"ADNP2",0.0281487074091988,-0.653801066676459,0.079,0.176,1
"SMANTIS",0.0282690424031285,-2.03196156544764,0,0.031,1
"ZNF598",0.0282888413864328,1.06706004537285,0.236,0.124,1
"CTDSPL",0.028314001010522,2.57704226228883,0.024,0,1
"STAT3",0.0283461602680681,-0.413546293327668,0.677,0.782,1
"ENSG00000290928",0.0283574403995037,0.497647778844558,0.717,0.627,1
"ENSG00000266598",0.0283876502242057,2.47592441246968,0.024,0,1
"DEXI",0.0284122720729636,-1.73826194304473,0.024,0.098,1
"CD53",0.0284183605250903,0.198787545560149,0.921,0.839,1
"H3-3B",0.0284530401621688,-0.197007602907004,1,1,1
"ECE1",0.0286774763834437,-0.473492697813155,0.299,0.461,1
"NDUFAF8",0.0287299147407969,0.797717270772308,0.354,0.233,1
"ENGASE",0.0287448795857871,-2.14057541647242,0.024,0.098,1
"HIVEP3",0.0287911689453683,0.558917186944897,0.52,0.352,1
"ENSG00000288772",0.0288801215657182,1.83564768812758,0.071,0.021,1
"TARBP1",0.0288962763590828,1.06458147262223,0.268,0.14,1
"OGFOD1",0.0289122575911003,0.919769580690906,0.22,0.119,1
"LRIG2-DT",0.0289649332761918,2.53749077262724,0.024,0,1
"MIPEP",0.0289813470610615,1.50291953112335,0.071,0.016,1
"MIDN",0.0290828672787994,-0.310814663036623,0.591,0.591,1
"GPATCH11",0.0290957319658499,0.868024490779659,0.268,0.145,1
"MAPKAPK3",0.0292557629258278,0.554295053997763,0.291,0.254,1
"SLC24A3",0.0292935955906599,-5.17789498129625,0,0.036,1
"ENSG00000258181",0.0294862357671719,2.89216608082882,0.024,0,1
"B3GNT7",0.0295156574119918,-1.79870960009599,0.055,0.135,1
"ZNF451",0.0295746734434711,0.779665459830361,0.528,0.415,1
"RIPK2",0.0296430506155444,-0.461840327041753,0.291,0.342,1
"IMPACT",0.0296555095617799,1.52316927282628,0.126,0.047,1
"TRIM8",0.0296608660698037,0.547105062989901,0.598,0.513,1
"ST3GAL4",0.0296943148061833,0.926518527637054,0.26,0.15,1
"MPIG6B",0.0297227854040604,-2.13090481824225,0,0.026,1
"GMDS",0.0298550744303306,-0.685865235636718,0.205,0.352,1
"BANK1",0.0300129439169977,1.67047253675231,0.102,0.036,1
"RPS6KA4",0.030027159059717,0.739358305696338,0.528,0.425,1
"PA2G4",0.0302064792539907,0.536490442367354,0.638,0.601,1
"HMGN1",0.0302270693628726,-0.33739489821779,0.843,0.876,1
"ARID1B",0.0302635988566692,0.452345535068399,0.717,0.689,1
"GPR157",0.0302760758567963,-0.938744630056158,0.181,0.332,1
"ENSG00000288939",0.0304266298123909,-2.294646253447,0,0.026,1
"TMEM168",0.0304889655575537,0.922996916248556,0.181,0.093,1
"RNASEK",0.0305034750954492,0.184292822134293,0.976,0.979,1
"ENSG00000261505",0.0305221821793832,-2.26063934152202,0,0.026,1
"BLTP1",0.0305580113482572,-0.299095150168646,0.213,0.347,1
"AKAP9",0.0305649461806048,0.462549496567309,0.701,0.601,1
"MPEG1",0.0305824154040465,0.48019738847937,0.614,0.451,1
"IL12RB2",0.0306152133972714,-2.14376651226595,0,0.026,1
"ENSG00000289070",0.030617499389545,-1.96824608697102,0.008,0.067,1
"MRPL4",0.0306241783696131,0.348027989308537,0.378,0.275,1
"DOLK",0.0307712469354126,2.16131851325757,0.047,0.005,1
"CFAP73",0.03081090307556,1.70745265586448,0.016,0,1
"DAD1",0.0308352691734902,-0.172555896021444,0.709,0.679,1
"RPL23A",0.030835918997468,0.170506783342696,1,1,1
"TOMM20L-DT",0.0308695350794664,2.56576667843592,0.024,0,1
"YWHAQ",0.0308928214186656,-0.321716087991836,0.756,0.767,1
"UNC119",0.0308972736588707,0.657780601680104,0.441,0.316,1
"RCN3",0.0308974707576299,-1.84923950460845,0,0.031,1
"SLX1A",0.0309232897421194,-1.84347057176737,0,0.031,1
"DTNA",0.03100373089866,3.10611233375921,0.024,0,1
"GAB1",0.0310140783636712,0.351009207387924,0.323,0.212,1
"LEF1",0.0310330708300641,-2.76576273595817,0,0.036,1
"A1BG",0.0310637346069677,0.697943086927219,0.472,0.363,1
"POLR2H",0.0310708201335384,0.573649811876279,0.213,0.135,1
"TCF7L2",0.03116786064721,-1.65266089741578,0.031,0.109,1
"BCL2L14",0.0312662018820935,-1.88272570671811,0,0.031,1
"HCN2",0.0312838851249078,1.81137874613309,0.11,0.036,1
"ANKRD44",0.0314652094102716,0.477521153642477,0.732,0.684,1
"VPS51",0.0314705758089651,-0.554121862818216,0.433,0.57,1
"ASAP2",0.0314789822511217,1.3393073607355,0.134,0.083,1
"ALG1L9P",0.0315426871860763,2.836265167508,0.024,0,1
"CBLL1",0.031573683390044,-0.69519261181513,0.22,0.316,1
"ENSG00000257526",0.0316009815033401,2.60671852521806,0.024,0,1
"JAML",0.0316350185296681,0.623068441192245,0.512,0.363,1
"IFT20",0.0316818118278382,0.558459553992928,0.449,0.399,1
"POFUT1",0.0316966986040109,0.972268510263161,0.102,0.047,1
"HIF1A-AS3",0.0317845157089382,-1.30369135596479,0.11,0.244,1
"COPG1",0.0317949377211123,0.332992788450376,0.504,0.389,1
"BMP8A",0.0318042271388755,-2.41802628375254,0.008,0.057,1
"ATP6V0A2",0.0318410208938904,-0.480822170374213,0.315,0.363,1
"ASB14",0.0319593105368841,2.63571226406812,0.024,0,1
"DDT",0.0320012998480045,-0.284790022221612,0.669,0.72,1
"BAZ2B-AS1",0.0320031259748445,-2.15258994904594,0,0.026,1
"RPL6",0.0321025988434227,0.184439181872069,1,0.995,1
"TIMM10",0.032108247646091,0.318591786564925,0.37,0.285,1
"ENSG00000189229",0.0321562130163677,2.59858328750837,0.024,0,1
"ZNF511",0.0322192766705892,0.319214838031375,0.378,0.389,1
"TIRAP-AS1",0.0322538295082171,1.69469052287483,0.118,0.041,1
"GEMIN5",0.032264577594659,1.6307928951783,0.134,0.052,1
"ENSG00000288919",0.0322879854185682,2.11599046457459,0.055,0.01,1
"PDXDC1",0.0323020957702942,-0.236224624386607,0.362,0.363,1
"SON",0.0323421449221196,0.28384063129767,0.976,0.948,1
"BSCL2",0.032377160196105,-0.885650606368123,0.11,0.202,1
"TRD-AS1",0.032412767534724,-2.59390939499139,0,0.026,1
"EIF1B-AS1",0.0324436468651282,-2.45979868849377,0,0.026,1
"DNAJB4",0.0324634422437461,-0.344807841894775,0.102,0.202,1
"ST8SIA6-AS1",0.0324838054431843,-2.56929872995176,0,0.031,1
"VPS39-DT",0.032484881251459,-1.84478281345855,0,0.031,1
"MYO1B",0.0325080388115919,-1.97679915017181,0,0.026,1
"DHRSX",0.0325146702897921,0.606850282507225,0.543,0.42,1
"FBXO30",0.0325760753445215,0.247908495115156,0.15,0.104,1
"MIA2-AS1",0.0326939674253841,2.64063998911739,0.024,0,1
"MPG",0.0327248161191026,-0.686681863674626,0.252,0.399,1
"CSNK2A2",0.032736365316588,0.727744591210109,0.346,0.223,1
"SMARCA5",0.0328838688626857,0.494773381315875,0.598,0.544,1
"ATP13A2",0.0329317588014413,0.979332385331638,0.307,0.176,1
"APBA1",0.0329491161124736,2.95197991631315,0.024,0,1
"ENSG00000267765",0.0329571188603561,2.71999825705521,0.024,0,1
"MID1IP1",0.0330727970258263,0.450404709275004,0.165,0.093,1
"CCDC6",0.033118514306307,0.696310270531734,0.339,0.228,1
"PPP1CA",0.0332872968634425,0.29318028486811,0.827,0.85,1
"ZNF460-AS1",0.0333348971503028,-2.05485102981473,0,0.026,1
"MCM7",0.0333646095538286,-0.70366770695132,0.189,0.275,1
"ATP13A4",0.0333872866686318,2.65824852207054,0.024,0,1
"PSMB6",0.033528456083725,-0.345216284521871,0.74,0.829,1
"ETFBKMT",0.0335369878086058,2.68659718472174,0.024,0,1
"MLXIP",0.0335603550785434,0.533384484117771,0.386,0.337,1
"C1orf174",0.0335614672966746,-0.735996655475068,0.087,0.176,1
"IL1RL2",0.033585534692754,1.09392224908059,0.031,0.005,1
"VEZT",0.0335964203930467,-0.487184454502632,0.323,0.466,1
"COBL",0.0337003355009163,2.97742487582295,0.024,0,1
"AIMP1",0.0337126127281391,0.460287547032517,0.425,0.306,1
"ENSG00000287805",0.0337501569568976,2.67090835629999,0.024,0,1
"TRAPPC1",0.0338051574114109,0.278363651680524,0.74,0.627,1
"SGTA",0.0338807050314747,-0.314101884527616,0.22,0.342,1
"C1orf131",0.033925779833736,0.844346489622321,0.213,0.114,1
"DDTL",0.0339661924419162,-1.88894160071835,0,0.036,1
"CASC15",0.033979830904253,-1.22604869003633,0.024,0.093,1
"DPP6",0.0340587649298288,2.67821870605955,0.024,0,1
"ENSG00000290039",0.0340807454535774,0.644513538593234,0.354,0.228,1
"RARA",0.0342715232708531,-0.236565920178916,0.606,0.756,1
"ZNRF2",0.0342842103812929,0.549796624044226,0.638,0.503,1
"AJAP1",0.0342948625641045,2.67333160970534,0.024,0,1
"PPIL3",0.0344861116318503,1.21635426763252,0.165,0.073,1
"ENSG00000289757",0.0344932171658119,-1.87932149532471,0,0.031,1
"FAM217A",0.0345141126760309,3.38365687911054,0.024,0,1
"CEMIP2",0.0345378610361725,-1.22623670526157,0.087,0.166,1
"ENSG00000290046",0.0345473938464694,-2.13935587078795,0,0.026,1
"POU2F2-AS2",0.034629642336732,2.99296905380416,0.024,0,1
"MRPS6",0.0346723642847036,-0.414234263951085,0.346,0.477,1
"TUBA1B",0.0346785705745062,-0.277361775063807,0.929,0.974,1
"ENSG00000261512",0.0346967765689389,2.70829292085724,0.024,0,1
"HCCS-DT",0.0347554152268073,3.25483360517452,0.024,0,1
"LRRC47",0.034768136818743,0.362711093094847,0.181,0.13,1
"SNX20",0.0347703035166413,0.510967558805095,0.583,0.461,1
"TMEM25",0.034779318545091,-1.91156820216487,0,0.026,1
"LUZP1",0.0348268074456215,-0.636521488499165,0.276,0.425,1
"BCL2L11",0.0348700978254456,-0.986685860500184,0.197,0.285,1
"EIF2S3",0.0348744892781662,0.477284182621177,0.622,0.523,1
"LSM3",0.0348782934748438,0.38033543525089,0.559,0.435,1
"RRAGC-DT",0.0349789648780001,1.81470375578092,0.094,0.036,1
"RPL27A",0.0350200024136518,-0.145894466355136,0.992,1,1
"CD69",0.0350327855237225,-1.07278228273236,0.228,0.326,1
"APOBEC3G",0.035059795830026,-0.440792008498464,0.22,0.363,1
"UBALD1",0.0350628736382846,-0.399996439064579,0.236,0.275,1
"MEI1",0.0350995347622051,2.6630940781826,0.047,0.005,1
"ENSG00000265204",0.0351090362339064,3.42580146015256,0.024,0,1
"LUC7L",0.0351241128679521,-0.450782422627029,0.425,0.518,1
"CLVS1",0.0351486316951827,3.07994597026956,0.024,0,1
"DIRAS1",0.0351947930314969,-2.3807245728603,0,0.031,1
"TEX2",0.0353110352597151,0.436050312431565,0.291,0.187,1
"PAIP1",0.0353741153656501,0.560235259825081,0.567,0.503,1
"RBM43",0.0354051100477944,-2.04900289665619,0,0.026,1
"ZNF677",0.0354333291176034,1.54332296147998,0.087,0.026,1
"SERF1B",0.0354664459409112,2.82938014820653,0.024,0,1
"ANAPC1",0.0354771120549591,0.870501838806703,0.236,0.13,1
"STK24",0.0355516380894365,-0.256543363847695,0.669,0.637,1
"TRPC1",0.0355916464270818,1.73419780097714,0.016,0,1
"GPM6B",0.0356295666618614,1.02524017475378,0.228,0.13,1
"ENSG00000283294",0.0356334512787923,2.87350102339176,0.024,0,1
"CARM1",0.0356456670039265,1.48272081083829,0.134,0.052,1
"TRAPPC10",0.0356533160100793,0.641635745305356,0.528,0.43,1
"NXF1",0.0356924768633096,-0.85320894777401,0.252,0.363,1
"LINC02848",0.035699605470726,3.0329068488464,0.024,0,1
"TLE5",0.0357058044863883,0.243377007816954,0.78,0.829,1
"HSP90B1",0.0357261469364338,0.482140216219928,0.937,0.881,1
"ASL",0.0357652390063087,-0.632904921636127,0.063,0.155,1
"HES6",0.0357658660003524,2.5781359167002,0.039,0.01,1
"FBXO32",0.0357746817750416,3.35869740330694,0.024,0,1
"NHLRC4",0.0358219188040236,3.14041099421479,0.024,0,1
"CHIT1",0.0358262304882652,2.89080531179034,0.024,0,1
"KIAA0930",0.0358422064108445,0.79949432998826,0.213,0.161,1
"C19orf73",0.0358605719961391,2.89986382960705,0.024,0,1
"ENSG00000260367",0.0358986478398831,3.22181989176653,0.024,0,1
"IL6R-AS1",0.0359029498892612,2.88863964585347,0.024,0,1
"BRAF",0.0359483326711021,-0.354901932581222,0.567,0.725,1
"MPST",0.035959523866208,-1.07665111858252,0.165,0.28,1
"SUMO3",0.036016380281418,0.632337250872797,0.646,0.57,1
"KCNA3",0.0361880936870646,1.53754629401353,0.126,0.052,1
"SLC35D1",0.0362449742992296,0.432064084524491,0.213,0.15,1
"RALGPS1",0.0363765188908385,1.17702110365601,0.157,0.067,1
"CD99",0.03638078409869,-0.307856118844801,0.937,0.964,1
"OTUD6B",0.0363929702250632,-0.297204962983714,0.094,0.088,1
"RECK",0.0364248040895594,-0.715186567310994,0.031,0.088,1
"LRRC45",0.0365110278112746,-1.82747628671282,0,0.026,1
"PIM3",0.0365229833286587,-0.474906855331488,0.709,0.813,1
"MAML3",0.0365633719806211,-0.555246659103039,0.291,0.461,1
"RPL37",0.0365731134794179,0.100185509066107,1,1,1
"LHPP",0.0366041724892679,-0.941969739379344,0.094,0.202,1
"ATP5MG",0.0366080952673433,0.174172628885035,1,0.979,1
"TFPI",0.0366666954744185,-0.921814246700025,0.252,0.399,1
"PREB",0.0367113036237251,0.969483728966624,0.299,0.187,1
"TARS3",0.0367161939992265,-0.577386240143475,0.047,0.114,1
"CHASERR",0.0367512892765074,-0.242533109394892,0.827,0.891,1
"MIR155HG",0.0369047589139855,-0.548119643908761,0.441,0.508,1
"ZSWIM8",0.036996214757209,0.534663349610432,0.244,0.155,1
"VSIG10L",0.0370006120290732,-1.85137916127819,0,0.026,1
"C12orf57",0.0370406167216815,0.508291019504036,0.693,0.554,1
"CNOT6L",0.0370450482080297,-0.49502564725405,0.386,0.461,1
"CEP126",0.0371057117039587,1.24902836695891,0.142,0.057,1
"RAD54L",0.0371495791704266,1.74959593548197,0.016,0,1
"UMODL1",0.0371844704829724,-2.42083845769234,0,0.026,1
"ZNF583",0.0372238003317792,1.69353968317497,0.087,0.026,1
"ENSG00000269604",0.037237054561424,-1.97363753767389,0,0.026,1
"ENSG00000284707",0.0373112868217686,-0.270730997571873,0.236,0.212,1
"ASCC3",0.0373173675868982,-0.783154572207359,0.236,0.347,1
"AGO1",0.0373636120091569,-0.497410219588273,0.165,0.161,1
"NAA50",0.0374563600325286,-0.277216116955596,0.52,0.518,1
"LFNG",0.0374794938040199,0.475149371365479,0.669,0.58,1
"MKNK2",0.0375062904743688,-0.188187475915206,0.74,0.725,1
"RPGR",0.0375187030276785,-0.931052334759226,0.126,0.238,1
"TUBB",0.0375216807480801,-0.247465429177445,0.764,0.824,1
"GFPT1",0.0375657140787601,0.671051632320492,0.394,0.275,1
"RABGAP1L",0.0375761466263621,0.444877352759202,0.669,0.668,1
"VPS35L",0.0375853427862621,-0.77961993945359,0.094,0.207,1
"H2BC21",0.0376216714433609,-1.79034743076923,0.039,0.119,1
"CD37",0.0376724727329423,-0.162374219894437,0.921,0.964,1
"MAPK7",0.037746649214948,-1.37574768721395,0.079,0.192,1
"SRGAP3",0.0378312084635266,-0.970629076815487,0.008,0.047,1
"EEF2K",0.0378733121215641,0.989758112751203,0.307,0.187,1
"ENSG00000234162",0.0379260741043841,-1.89269087658418,0,0.026,1
"SH3BP4",0.0379321538716448,0.661058029065982,0.425,0.363,1
"ENSG00000246225",0.0380221287894939,-1.8633308878327,0,0.026,1
"ASIP",0.0380225076778493,1.43218928221504,0.157,0.062,1
"IFT74",0.0380832160414488,0.137125773769335,0.142,0.119,1
"SLC2A5",0.0382771061199693,-0.744525081296577,0.024,0.078,1
"DNAJB1",0.038313953359227,-0.636745459857744,0.323,0.389,1
"TRAPPC6A",0.0384145295745981,-0.662401123584535,0.252,0.389,1
"CCDC65",0.0384879573505951,-1.85780501369778,0,0.031,1
"IVNS1ABP",0.0385325122702913,-0.839855585529658,0.205,0.342,1
"MED14",0.0385466264353122,0.818937571341753,0.354,0.233,1
"ZDHHC11B",0.0385987262684486,-2.1655274710167,0,0.031,1
"NUP93",0.0387158622349674,1.00593996120113,0.346,0.228,1
"SHMT1",0.0387366641643307,1.76235956552777,0.016,0,1
"PRR13",0.0387391573342094,0.312634509072584,0.835,0.772,1
"STIP1",0.0389169128874696,-0.108653472623558,0.567,0.508,1
"KCNK5",0.038976962835516,-1.91919245777002,0,0.026,1
"MARK2",0.0390314640306819,0.542143637989434,0.402,0.29,1
"UBTD1",0.0391457469971071,1.24468396716228,0.134,0.062,1
"GBE1",0.0392108011327123,-0.90222987080491,0.213,0.275,1
"NEDD4L",0.0392563845562092,-1.17197879822402,0.079,0.181,1
"B4GALT6",0.0393034083374221,-1.63440519913091,0.016,0.078,1
"GRIK1",0.0394585158955364,-1.81062471339012,0.008,0.057,1
"NOL7",0.0394925309471944,0.522279883006976,0.661,0.549,1
"GRK5",0.0395040284485706,-2.26663254594121,0.008,0.067,1
"STAT5A",0.039555737496553,-0.828920756554049,0.173,0.29,1
"PSMB10",0.0396241265539449,0.446235982540967,0.693,0.601,1
"PIK3AP1",0.0398141928281719,0.564703108578918,0.748,0.617,1
"SMIM35",0.0398422495278636,-1.37930156315,0.008,0.047,1
"ENSG00000285906",0.0398741198643975,-1.76949283907925,0,0.026,1
"CPPED1",0.0398746558982602,-0.767931990879977,0.197,0.269,1
"BUD23",0.0398919883854691,-0.20238650355991,0.48,0.632,1
"NDUFA10",0.0399528273944337,-0.435218889088036,0.433,0.549,1
"NFX1",0.039976797981995,0.507909133197234,0.488,0.352,1
"CDIP1",0.0399989829409393,-0.829508815369736,0.142,0.254,1
"RNF139",0.0400646499851501,-0.602517500633308,0.205,0.28,1
"MZB1",0.0401645258017683,0.336593530146385,0.472,0.456,1
"SH3KBP1",0.0402261056594626,0.496959582185994,0.638,0.58,1
"TARDBP",0.0402815495095955,0.568684332822089,0.567,0.482,1
"DIS3L",0.0402826035608239,1.19513092973838,0.11,0.041,1
"PHF20L1",0.0403183609230019,0.322434047738602,0.677,0.565,1
"RHOC",0.0403457998333887,-0.790867970932948,0.37,0.528,1
"TTC24",0.0403543119135371,0.98656557116244,0.252,0.13,1
"NFAT5",0.0403691063307063,-0.426320280596018,0.756,0.845,1
"CD63",0.0405633093365469,-0.296414445419286,0.819,0.902,1
"CEP120",0.0405762989811006,0.238515990500462,0.189,0.135,1
"ATP2B1-AS1",0.0406730428171243,-1.8139738243409,0.063,0.155,1
"BCOR",0.0412080817923191,0.342995101716127,0.417,0.295,1
"CD300H",0.0412189894523743,-2.39738308975294,0.024,0.114,1
"CRTAP",0.0412505725112266,0.45723501914931,0.583,0.523,1
"H2AC21",0.0412858335526938,-1.91313165684312,0,0.036,1
"C12orf75",0.0413772535733166,0.488791031253168,0.732,0.648,1
"PHF1",0.0414498185696999,-0.754945858813404,0.276,0.368,1
"KIFC3",0.0415279141940963,-0.747270928985221,0.142,0.228,1
"HIKESHI",0.0418218987382583,-0.56118722481174,0.26,0.337,1
"ENSG00000248559",0.041860758114635,-1.97456331965147,0,0.026,1
"PYGL",0.0421161129713607,-1.74271998719558,0,0.026,1
"ENSG00000231881",0.0421395060988333,-1.87988669034868,0,0.031,1
"MCL1",0.0421639500144838,-0.449229341500297,0.858,0.876,1
"P2RY14",0.0421922045150303,0.719477056087239,0.37,0.233,1
"GPAT4",0.0422255152655255,0.547285245607572,0.299,0.212,1
"CDV3",0.0422910402088654,0.343114851832836,0.843,0.793,1
"ENSG00000286863",0.0423435992622651,1.79256806384906,0.071,0.021,1
"ZDHHC11",0.0423562401697666,-1.86842498406166,0,0.026,1
"ENSG00000267737",0.0424465871984819,-1.89333327905559,0,0.026,1
"SIMC1",0.0425352026253244,0.954393547988482,0.244,0.155,1
"NUP88",0.0425953972065345,0.919897508463384,0.268,0.181,1
"FHL1",0.0426017173565767,-1.36599967702998,0.063,0.15,1
"P2RX5",0.0426053938464485,1.27472375040272,0.11,0.062,1
"LAT",0.0426344936188672,-2.36818950035147,0.016,0.083,1
"DOCK8",0.0426816120067108,0.25502408225576,0.709,0.611,1
"CLEC2D",0.0427016665357428,-1.37961647384057,0.079,0.171,1
"RDX",0.0427360343473684,-0.411851580114128,0.283,0.425,1
"CBX5",0.0428074337579423,0.668054041384814,0.323,0.28,1
"TENT2",0.042809215634858,-0.144365635800977,0.638,0.606,1
"IMMP2L",0.042886519522338,-0.790817792943466,0.157,0.238,1
"RNF213-AS1",0.0429361718300474,-1.40491550658537,0.142,0.275,1
"TMEFF1",0.0429566912933104,-1.08847292550687,0.008,0.041,1
"MAN1A1",0.0429622804898556,-0.765664840472797,0.402,0.461,1
"VTI1A",0.0429742973781857,0.463037286512713,0.496,0.44,1
"H2AC19",0.0430917450064229,-0.901900198801159,0.087,0.197,1
"EMD",0.043135293378954,0.312231472986728,0.827,0.746,1
"MBNL2",0.0431615919749244,-1.35392276612113,0.102,0.202,1
"NIPAL4",0.0433577697989773,-1.70990676854074,0,0.026,1
"CRISPLD2",0.0434111812504944,-2.73753111996881,0,0.026,1
"STK39",0.0435137081105504,-1.352027347818,0.055,0.13,1
"ZCWPW2",0.0436167850057831,-1.91753838567919,0.016,0.073,1
"SUPT6H",0.043646344518554,0.32378609834509,0.693,0.585,1
"NT5DC2",0.0437117539331068,-1.1818940696746,0.118,0.223,1
"AP4E1",0.0437134513425596,0.874320668428122,0.228,0.135,1
"TRPT1",0.0437511572402315,0.921996963324351,0.213,0.114,1
"LINC01629",0.0438275519470331,-1.9421278407298,0.024,0.083,1
"AEBP1",0.0438741752798148,0.940117262938637,0.315,0.197,1
"ENSG00000204620",0.0439043797987101,-1.78645809078898,0,0.031,1
"ENSG00000289045",0.0440038150808213,-1.75473060111936,0,0.026,1
"ING3",0.0440629954590067,0.205856922629603,0.268,0.212,1
"ENSG00000260077",0.0440749970722145,-1.75972349764347,0,0.031,1
"LRGUK",0.0440865000019424,2.48828247139419,0.047,0.005,1
"PDXP",0.0441014400410019,0.739100768260096,0.425,0.28,1
"TCP1",0.0441042054338634,-0.310797867133453,0.646,0.637,1
"ENSG00000273391",0.0441479087828746,-1.76782626375553,0,0.026,1
"TNFRSF11A",0.0443316558615179,1.8838074658379,0.055,0.016,1
"MIB2",0.044336709806436,0.90389749529013,0.323,0.197,1
"ZFR",0.0443880879896723,0.240407538790695,0.559,0.596,1
"MAN2C1",0.0443984629568519,-0.597554094262291,0.213,0.264,1
"PPP1R15B",0.0444087711782389,-0.622733008365855,0.244,0.342,1
"ITGA7",0.0444236457912996,-2.1491254938861,0,0.026,1
"ENSG00000286116",0.0444860927377155,-1.8826396066319,0,0.026,1
"ZNF283",0.0444873689681761,-1.68998123325054,0,0.026,1
"APBB3",0.0445523853291058,0.990309381309938,0.126,0.073,1
"ZNF775",0.0445926088598556,-0.640414603977725,0.181,0.238,1
"MED9",0.044592919484046,1.55367343340766,0.118,0.041,1
"ENSG00000286410",0.0446120749560084,-2.16392085856185,0.008,0.062,1
"HOMER3",0.0446193091352019,-2.01243875183217,0.008,0.062,1
"CLIC2",0.0446865945262806,-0.664741839728246,0.181,0.342,1
"ENSG00000253557",0.0447234283584438,-2.45352451988749,0,0.026,1
"SLC25A45",0.0447503368984325,2.34303860737639,0.063,0.016,1
"PNPT1",0.0448076448646987,1.60802825864221,0.157,0.067,1
"MED4",0.0448235684034515,-0.288991651942503,0.465,0.482,1
"PPBP",0.0448541688291022,-2.71126194986533,0.016,0.067,1
"LINC03040",0.0448787092576595,-2.06867677658773,0,0.026,1
"YIPF2",0.0448804445072804,-0.653474450907945,0.087,0.187,1
"CMTR2",0.0449401730259413,1.0997490361926,0.197,0.098,1
"ESD",0.0449619922799214,0.25362301234053,0.48,0.518,1
"KCTD5",0.0450200632916789,0.697322244160144,0.433,0.301,1
"RHOQ",0.0450567854335688,0.561890033197672,0.346,0.28,1
"ENSG00000290569",0.0450807565335269,-2.05956751214877,0.016,0.083,1
"ZNF800",0.0451600521163999,0.522579686230446,0.622,0.534,1
"ZDHHC3",0.045254754505006,-0.588254911661381,0.165,0.295,1
"STK19",0.0453573812431259,-0.144364247524124,0.102,0.161,1
"ARMC10",0.045395811112698,0.59583769236547,0.244,0.223,1
"PIK3CG",0.0455453045378589,0.660895070066128,0.535,0.394,1
"LRRC59",0.0455459886122527,0.420964375565597,0.535,0.425,1
"SOCS4",0.0456081372706323,0.695381691154221,0.26,0.161,1
"ZFX-AS1",0.0456107607316288,-1.85456108163052,0,0.026,1
"MRPL57",0.0456761422498082,0.198368865705085,0.52,0.575,1
"CCT4",0.0458243071213209,-0.296382728712456,0.693,0.746,1
"PIK3R1",0.0458818125708496,-0.43897630196099,0.339,0.378,1
"MTCL1",0.0458970028356564,1.29938896545314,0.157,0.067,1
"ENSG00000288075",0.0459715953266186,-1.529098804149,0.016,0.073,1
"ARMC5",0.0459900224510865,0.768361120138017,0.236,0.13,1
"TMEM126A",0.0460593534835497,0.28196766589438,0.331,0.244,1
"ENSG00000290833",0.0462053297537468,-0.473761908441362,0.26,0.28,1
"BAK1",0.0462105892860058,-0.704659892025699,0.236,0.358,1
"NADK",0.0462326090372914,0.610987426795562,0.504,0.358,1
"HSPB1",0.0462998578678439,-0.515672758211595,0.441,0.523,1
"LINC02901",0.0463439114429285,1.78828351300866,0.016,0,1
"ENSG00000254733",0.0463578903736621,-1.94051002815997,0,0.026,1
"TOX",0.0463874910573945,-0.564738963159412,0.055,0.13,1
"TKT",0.0464391024847478,-0.511874826595591,0.559,0.648,1
"NARF",0.0465083140959232,-0.535872012644946,0.409,0.549,1
"ORC3",0.0465165599617775,1.39647716875369,0.157,0.073,1
"CALHM2",0.0466031505570615,0.896463981292924,0.157,0.119,1
"GTF2I",0.0466128370611556,0.362266690562009,0.677,0.611,1
"MIRLET7IHG",0.0466211440265958,0.237065722792214,0.102,0.062,1
"NIF3L1",0.046745239571225,1.30974728118806,0.157,0.078,1
"SH2D2A",0.0469582178284931,-1.40800221807251,0.079,0.192,1
"METTL1",0.0469882473090952,2.01249000486689,0.071,0.026,1
"TTC7A",0.0470012994431765,0.426498805558092,0.724,0.611,1
"RB1",0.0470329890628343,0.152729195992988,0.614,0.689,1
"PSD3",0.0471172718374425,-2.8711977398726,0.024,0.083,1
"SIGLEC1",0.0471200848747812,-1.83704558679124,0,0.026,1
"ARPC1A",0.0471308978080108,0.471461650978448,0.559,0.466,1
"FGF13",0.0471943155982616,-2.26823604378507,0,0.026,1
"LIMS2",0.0472101605752352,-2.09952474455476,0.016,0.078,1
"FXYD5",0.0472222186651149,-0.284377587394905,0.906,0.948,1
"ZNF697",0.0473075094342692,-1.67390584654736,0,0.026,1
"DNASE1L3",0.0474119559432405,0.553866484244929,0.276,0.155,1
"HSPA1B",0.0474384762158354,-0.635721170905559,0.157,0.254,1
"TUBB1",0.0474500787898005,-1.95065899278779,0,0.026,1
"SLFN5",0.0475649974363593,-1.08449318257573,0.071,0.176,1
"LINC02132",0.0476393731136437,2.80106751529928,0.047,0.005,1
"CCDC88B",0.047683422830055,0.529137629088335,0.512,0.358,1
"PTTG1",0.0478233785259015,-0.926702689453689,0.15,0.238,1
"ENSG00000273118",0.0480225528948913,-1.37877269102644,0.039,0.104,1
"SLC19A1",0.0480360031608398,-1.68195051780011,0,0.031,1
"ANKUB1",0.0481576008467808,0.642467972096054,0.181,0.114,1
"SETD5",0.0481872613075301,-0.278711027066061,0.622,0.751,1
"ABCF3",0.0482082447005155,-0.270451413848624,0.189,0.187,1
"TNFRSF8",0.0482434988367431,-1.87909477564395,0,0.026,1
"PARK7",0.0482773729394461,0.439938799398805,0.929,0.907,1
"ASPH",0.0483100487095835,0.656508825893019,0.409,0.275,1
"PDE3B",0.0483360944202394,-1.33269637272232,0.079,0.171,1
"ZDHHC12",0.0484557247169431,0.543414957770376,0.228,0.207,1
"KATNIP",0.0484812733947711,0.834495526795387,0.252,0.145,1
"LARP1",0.0485004268818907,0.366340488727192,0.283,0.301,1
"DLEC1",0.0485082047649121,-1.05690980939111,0.008,0.047,1
"DMD",0.0485778272824758,-1.12914113646315,0.118,0.176,1
"APH1A",0.0488135219706481,0.380431037037191,0.709,0.622,1
"DBF4",0.0488459963956579,-0.76949851978284,0.11,0.202,1
"ARRDC3",0.0488676298574219,-0.687704216138753,0.173,0.311,1
"MBOAT7",0.0488945191538182,-0.634211037018149,0.394,0.539,1
"TP53",0.0490124189108521,0.43391423057104,0.165,0.187,1
"RIPOR3",0.0491078422260444,-1.65373766804526,0,0.026,1
"EPS8L2",0.0491446910400451,1.31779724312646,0.173,0.078,1
"ZBTB17",0.0491653012003115,-0.23702155558159,0.197,0.192,1
"FBXO31",0.0491926734070102,0.995665740894634,0.213,0.109,1
"SUPT16H",0.0492396505318025,0.56896855210051,0.567,0.446,1
"RPL27",0.0493118419014344,0.100072091103512,0.984,1,1
"CDK17",0.0493699805920814,-0.495116386042538,0.433,0.565,1
"HYOU1",0.0494336755630342,0.446898987069387,0.543,0.389,1
"ENSG00000275764",0.0494727818028541,-2.03601832352925,0.008,0.062,1
"UBE2W",0.0495423397039949,0.556788193087547,0.606,0.472,1
"GATAD2A",0.049574357195129,0.448023266618479,0.575,0.472,1
"NPAS2",0.0496015502451825,-1.66085208407882,0,0.026,1
"DAP",0.04967651435214,-0.342990895860522,0.276,0.29,1
"CCL2",0.0497175015961091,1.81757376006701,0.016,0.016,1
"ALDOA",0.0498176357849028,-0.267599513653952,0.866,0.943,1
"ENSG00000205018",0.0498834235813842,-1.66772864953322,0,0.026,1
"USP27X",0.0499135126950354,-1.76716938045896,0,0.026,1
"PDCD6IP",0.0500176189651482,0.425730478471525,0.598,0.508,1
"MFF",0.0500522287204357,0.673750478438756,0.433,0.337,1
"FBXL17",0.0500595547799595,0.794987381261614,0.331,0.28,1
"GTF2IRD2B",0.0501204073105375,0.841886061810019,0.315,0.202,1
"PET100",0.0503139830782361,0.435154739646485,0.819,0.731,1
"ENSG00000273674",0.0503233544985592,-1.41354680379258,0.008,0.041,1
"UQCRC1",0.0503346954824669,-0.474344996031918,0.496,0.58,1
"SIPA1L3",0.0503615753359203,0.13826927380138,0.378,0.316,1
"ABHD6",0.0503914083886294,0.295365848131989,0.386,0.28,1
"SETD3",0.0504325275832322,0.21326455321683,0.472,0.363,1
"ZCCHC4",0.0504773635542133,1.70449733985435,0.094,0.031,1
"RPL26L1",0.050711492295447,0.983507575153453,0.252,0.181,1
"HSPG2",0.0507718704595694,-2.27462011911383,0.016,0.067,1
"RHOBTB3",0.0507808699080576,-2.22590742728915,0.008,0.057,1
"FAM111A",0.0508086146269211,-1.54187363983117,0.024,0.083,1
"BACH2",0.0510012784751645,-0.717954297142355,0.197,0.342,1
"DCPS",0.0510322238689694,0.653329466039476,0.22,0.207,1
"SNX2",0.0510346353702004,0.182086468237665,0.488,0.404,1
"ENSG00000176593",0.0510781927630521,-1.34872190512809,0.024,0.083,1
"ZDHHC6",0.0513873990050691,0.433335185137446,0.323,0.228,1
"MCTS1",0.0513895021826495,0.889145297591899,0.268,0.192,1
"HEATR5B",0.0514481552956948,0.734467475724629,0.299,0.181,1
"LRBA",0.0514577344746739,-0.460147243760943,0.394,0.456,1
"MYO5A",0.0515661180018953,0.257333448713944,0.504,0.415,1
"ZNF33B",0.0516112864376122,0.738138394581093,0.236,0.135,1
"ACER3",0.0516373377758337,-0.748484168757663,0.181,0.321,1
"CR1",0.0517265801460402,-1.66346451110604,0,0.031,1
"POLE4",0.0517802039404092,0.766729958683811,0.307,0.207,1
"CLK3",0.0517908272350764,-0.30924089576333,0.299,0.446,1
"H2AC18",0.0517920901514975,-1.91342878231148,0.016,0.073,1
"TOLLIP",0.0518963314513131,0.443682613493513,0.449,0.332,1
"DOK3",0.0519277172866854,-1.58065521632775,0.008,0.052,1
"PSIP1",0.0519857566911926,-0.558683415076795,0.354,0.503,1
"SARS1",0.0520461987454782,0.266175599379446,0.488,0.383,1
"PCCA-DT",0.0520878571234651,-1.62345723727809,0,0.026,1
"NRARP",0.0521056829161601,-1.47658276676832,0.134,0.166,1
"HOOK2",0.0521149579339252,-0.360890360998188,0.402,0.425,1
"PTPRA",0.0522223724195912,0.575301921076434,0.409,0.363,1
"ENSG00000230532",0.0522848320018532,1.86755662070207,0.016,0,1
"EEIG2",0.0523031037997143,-0.446067998857421,0.346,0.508,1
"RNF115",0.0523298929833033,0.408178688823882,0.48,0.363,1
"SOD1",0.0523331939429691,-0.407362400821448,0.559,0.668,1
"HSP90AA1",0.0523331971691739,-0.904920189434509,0.976,0.995,1
"SDC4",0.0523972958305479,-1.4536992354566,0.039,0.13,1
"PMS2P3",0.0525086565082838,-1.04731000195385,0.016,0.073,1
"NOTCH1",0.0525430450906592,0.608336623491343,0.307,0.223,1
"KBTBD11",0.0525698044073874,2.79210519473927,0.063,0.016,1
"MAP4K5",0.0525937378834872,-0.441371015670135,0.402,0.466,1
"RTL5",0.0526684427835978,2.97601762091377,0.039,0.005,1
"CYP46A1",0.0527048152985796,1.10343735987934,0.142,0.073,1
"ITFG1",0.0527541066074273,-0.223253215743359,0.449,0.456,1
"PGS1",0.0527702953142372,-0.979002654602484,0.11,0.192,1
"C1QA",0.0527794640725628,-3.33486700068825,0,0.026,1
"DLC1",0.0528179669573814,-3.03277498509229,0,0.026,1
"SLC16A7",0.0528536802388403,-0.372450629006619,0.047,0.104,1
"ZEB1",0.052986831270422,-0.352692697399918,0.457,0.611,1
"ARL4C",0.0530127226592955,0.411268137440455,0.835,0.788,1
"ATP5ME",0.053067308095824,0.283354960180608,0.827,0.741,1
"DIPK1A",0.0531512374260596,-0.612958121354356,0.37,0.492,1
"ZNF445",0.0531617106446965,-1.12251870464205,0.087,0.181,1
"PLCXD1",0.0531975387160415,-1.92158993696959,0,0.031,1
"FEZ2",0.0532893096198791,0.572127625669054,0.52,0.425,1
"ZNF526",0.0533740965482903,1.8473439384044,0.063,0.016,1
"NOP16",0.0534034337833405,1.01382331839066,0.236,0.161,1
"TIMM23",0.0534330999845038,0.410967411232892,0.441,0.342,1
"F8",0.0534348810800401,1.32752958364063,0.039,0.005,1
"ZNF138",0.0534533533074411,0.926499873973325,0.197,0.104,1
"PLVAP",0.0535223115427777,-2.25578672172154,0,0.021,1
"H2BC7",0.0535361860891043,-1.26422215463999,0.016,0.073,1
"CERS2",0.0536408942094402,0.524475233217618,0.433,0.321,1
"OVCH1-AS1",0.0536449687419603,-1.35679439008352,0.008,0.031,1
"HBA1",0.0536703185029331,-1.71604269887567,0,0.026,1
"TUBB3",0.0536811255583059,-3.48817665900067,0.008,0.057,1
"IRF1",0.0537738006605963,0.355507010226953,0.803,0.689,1
"ATXN1",0.0537999251425478,-0.55612133215828,0.394,0.554,1
"HSD17B11",0.0538461281676667,-0.638753024226587,0.276,0.394,1
"RBM15",0.0538915370374205,0.877783657095948,0.213,0.145,1
"C2orf42",0.0539069463975518,-1.59682265375201,0.016,0.073,1
"VPS36",0.053935516065702,0.521763157167649,0.551,0.518,1
"ZNF384",0.0539822570274577,0.713811711854909,0.268,0.171,1
"PIGK",0.0539896765410187,-0.472118464828009,0.252,0.399,1
"ENSG00000291096",0.0540020556462846,-1.96932843189643,0,0.021,1
"EIF4H",0.0540032710183683,-0.129710279039268,0.717,0.684,1
"IL10RA",0.0540254712722455,-0.223119709482987,0.693,0.674,1
"LRRC42",0.0542000824382197,0.275990387586338,0.126,0.119,1
"SMG1P7",0.0542062697519335,-2.01957593134264,0,0.021,1
"PLBD1",0.0542146334628405,0.725187499095825,0.165,0.15,1
"SVIL",0.0542252529554167,-0.684195473650627,0.252,0.373,1
"PEX10",0.0542297064719722,1.60546702882327,0.071,0.021,1
"CERS3",0.0542335787929498,1.82580809626353,0.016,0,1
"SIGLEC17P",0.0542505392341521,-2.07812518996754,0,0.031,1
"RAB1A",0.0542552171484336,0.384503585858978,0.717,0.606,1
"LINC00667",0.0542713312589814,0.953298668705552,0.197,0.104,1
"ZNF780A",0.0542938694648357,1.59990698912679,0.142,0.057,1
"UBE2J1",0.0543543464369,0.600219696404037,0.654,0.596,1
"CLN6",0.0543909521162807,-0.466616072314539,0.055,0.124,1
"PIGT",0.0544041276939888,0.358083081521574,0.409,0.301,1
"CENPS",0.0544548401976996,-2.10590129753435,0.008,0.052,1
"FGGY-DT",0.0544625890130644,1.84380818270168,0.016,0,1
"MIR210HG",0.0545018457404633,-2.18626129861218,0,0.021,1
"SPACDR",0.0545404922567269,1.82839109824094,0.016,0,1
"ADCY7",0.0546329336540364,-0.425921366768155,0.315,0.363,1
"CALN1",0.0550153716045988,-2.25772785471337,0.016,0.067,1
"WIPF1",0.0550241927193351,-0.404170918190511,0.583,0.689,1
"CPVL",0.0550365491096447,-1.16206865449896,0.268,0.383,1
"TACC1",0.0551402148095447,0.436683393614205,0.78,0.731,1
"MYH7B",0.05520145401684,1.82950976399767,0.016,0,1
"TBC1D7",0.0552536542243435,0.888742790953262,0.244,0.187,1
"IFI27L2",0.0553193595656786,-0.741200672750877,0.205,0.347,1
"LRRC37A",0.0553639168586358,2.28707066120033,0.039,0.005,1
"CD46",0.0554103508345296,-0.357976575637753,0.339,0.477,1
"QKI",0.0554799166215773,0.257606841474943,0.835,0.865,1
"TOM1L1",0.0555214077586224,1.83161691173075,0.016,0,1
"EGFL7",0.0555457221042053,-1.15231297118407,0.039,0.114,1
"RPS16",0.0555857428370985,0.124314631286087,1,0.995,1
"SNTB1",0.0556662127071792,-1.16689949201494,0.079,0.181,1
"OSBPL9",0.0557213804834614,0.588707496011083,0.488,0.373,1
"H3C10",0.0557376348326215,-1.61295428427354,0.031,0.098,1
"MT-ND4L",0.0558030194321504,-0.198094832150253,0.992,0.995,1
"DISC1FP1",0.0558263456945622,-0.714739979850368,0.008,0.041,1
"KCTD3",0.0558680082456243,-0.6371436046309,0.087,0.171,1
"WDR86",0.0558763632084429,-1.89947159482542,0,0.021,1
"ENSG00000290058",0.0558988303079432,1.85899276742061,0.016,0,1
"KAT6B",0.0559038127977878,-0.687258724483374,0.315,0.451,1
"SOCS2",0.0559305649105669,-1.88759189442404,0.024,0.088,1
"DDX59-AS1",0.0559387764604048,-1.84937797875754,0,0.021,1
"MGAT4A",0.0559835739280412,0.589309080938932,0.488,0.342,1
"DCP1A",0.0559982911819433,-0.571375981630701,0.354,0.456,1
"RLIM",0.0560400634112888,0.377956918141828,0.472,0.383,1
"USP12",0.0561592932874916,-0.240385003211697,0.378,0.534,1
"MINPP1",0.0562331592922126,-0.587334081013146,0.134,0.119,1
"SPNS3",0.0565206155887533,-0.632265145759113,0.205,0.332,1
"PLEKHB2",0.0565397252358013,-0.205644461115647,0.591,0.601,1
"PCBP2",0.0567301910764894,-0.227950641187706,0.858,0.87,1
"LINC02100",0.0567725040615967,1.52954328457736,0.118,0.047,1
"SLC35A4",0.0568260332553954,0.688317559461198,0.213,0.14,1
"KDM2B",0.0568280216021236,0.44262334517315,0.591,0.523,1
"YWHAB",0.0568778344509912,0.11517106819012,0.874,0.922,1
"AKAP8",0.0568837619124902,-0.726999359233563,0.181,0.259,1
"EIF3A",0.0569713897273826,0.35804052737001,0.874,0.834,1
"PCBP1-AS1",0.0570004260076389,-0.3425171902927,0.394,0.42,1
"RPS6KA3",0.0570250808924688,0.474394609077602,0.685,0.596,1
"NUP50",0.0570320839210643,-0.267102771762822,0.315,0.337,1
"PPFIBP1",0.0571108065400271,-1.90827102461249,0.008,0.057,1
"PCGF3-AS1",0.0573005655715481,0.273291674580054,0.142,0.155,1
"LNPEP",0.057328358524689,0.601472351356509,0.48,0.378,1
"LNCTSI",0.0573526918632336,1.9031566128747,0.031,0.005,1
"VCL",0.0573843196404704,-0.817711324588186,0.165,0.301,1
"SCN1A-AS1",0.0575002660645111,-2.05034652239611,0,0.021,1
"ZEB1-AS1",0.0575357503940449,-2.00022033436031,0.016,0.067,1
"MTX3",0.0575794358286068,-1.82180293209497,0,0.021,1
"PSMB1",0.0576562043135167,-0.294888175405197,0.787,0.87,1
"RAB40C",0.0578322265113951,-0.924826310919635,0.031,0.093,1
"GOPC",0.0578526618341687,0.770388128116129,0.291,0.218,1
"ASF1B",0.0578597662676653,1.84730901609478,0.016,0,1
"UCHL1",0.0578597662676653,2.50509894502783,0.016,0,1
"RTN4IP1",0.0578740978650733,1.84458842747202,0.016,0,1
"RBBP7",0.0580336074431319,-0.230874411225466,0.496,0.497,1
"SLC24A4",0.058077492196512,-1.97962927959768,0,0.036,1
"BMF",0.0580890225693209,0.600662773735537,0.457,0.332,1
"MAST4",0.05823425939465,-1.05431745271675,0.142,0.254,1
"AKR1B1",0.0582437539225191,-0.816169554190987,0.118,0.228,1
"PELI2",0.0583081476703729,0.899249864101691,0.205,0.14,1
"LMBRD1",0.0583122705960026,-0.129593885030468,0.638,0.601,1
"CITED2",0.058320552015229,0.132335356152996,0.165,0.109,1
"RNASE6",0.0583564093805758,-0.350694990159786,0.315,0.321,1
"ZC3H12B",0.0584917133282664,-0.452243615217718,0.157,0.155,1
"PDGFD",0.0585223868679315,1.86914947505498,0.016,0,1
"BAALC-AS1",0.0585855773195408,-1.72647685471664,0,0.021,1
"RHEBL1",0.0585942183381007,-1.73488607746563,0,0.021,1
"GNPAT",0.058597768402091,0.702395670383278,0.315,0.202,1
"OSBP",0.0586957531485245,0.365663122321878,0.528,0.425,1
"FAM114A2",0.0587273346041365,2.06785185186959,0.094,0.031,1
"BCAS4",0.0587325748765215,1.29477742213673,0.134,0.057,1
"CTSZ",0.0587427850412158,0.280315057455828,0.89,0.85,1
"ATP6V1E2",0.0587493723601672,-1.61062743876753,0,0.026,1
"ISCA1",0.0587565779000749,-0.358441006543264,0.346,0.378,1
"NAPA-AS1",0.05876766194629,2.27227880686403,0.047,0.01,1
"OAT",0.0588592094548871,-1.16342993879216,0.189,0.306,1
"KIAA0753",0.0588826260339771,1.38534358727932,0.126,0.057,1
"AHCY",0.0589969288528536,-0.371564478726097,0.276,0.404,1
"NUDCD3",0.0590218654951481,1.38536465652801,0.165,0.078,1
"ENSG00000273254",0.0590276166502101,-1.86247565777406,0,0.021,1
"ALDH3B1",0.0590928312628301,-1.620650241836,0,0.026,1
"DDX39B",0.0591167871509182,0.424082348492262,0.772,0.71,1
"RHOA",0.0591294713980395,-0.114131517646371,0.992,0.974,1
"HLA-DQB2",0.0591609631854359,0.477864207250405,0.181,0.171,1
"NDUFS5",0.0591689476943415,-0.212045237414469,0.874,0.912,1
"RNF103",0.0592876727985509,-0.808623017055475,0.15,0.238,1
"ATG7",0.0593670140256307,0.556617575689023,0.307,0.202,1
"APIP",0.0593697052171287,-0.761549454039633,0.22,0.337,1
"ZNF330",0.0593754456135178,0.412444082049334,0.299,0.285,1
"RAB11FIP1",0.0594657991324579,-0.112827483083056,0.677,0.611,1
"NAMPT",0.0595131602505208,-0.86456472631542,0.386,0.534,1
"H1-2",0.0595748426964732,-0.470723406707901,0.386,0.503,1
"FAM118B",0.0596169817292248,1.1476568885541,0.165,0.083,1
"PEX14",0.0596455266068689,-0.604208075659717,0.205,0.28,1
"SLC25A23",0.0596495742119038,-2.04296372420423,0,0.021,1
"FOXO6",0.0596498311205922,1.84107007822909,0.087,0.026,1
"FUBP1",0.0596581639135089,0.549056826586424,0.559,0.487,1
"CHMP4A",0.0598048265007767,0.531546418615756,0.465,0.389,1
"PLSCR2",0.059810364611674,1.86348736542783,0.016,0,1
"SCNN1A",0.059810364611674,1.86348736542783,0.016,0,1
"SOX30",0.0599234378508906,1.85769838017991,0.016,0,1
"HEATR6",0.0599977704954455,-1.02238357258825,0.063,0.098,1
"SGSM3-AS1",0.0601069784709313,1.89799899874781,0.016,0,1
"CSNK1A1",0.0601083837716338,0.210729082470113,0.906,0.845,1
"ENSG00000227678",0.060187654140475,-1.6944872868974,0,0.021,1
"TXNRD3",0.060333231876266,-1.71254696504688,0,0.021,1
"SERPINB9P1",0.0603529884406521,-0.641197830149309,0.126,0.166,1
"ARID3A",0.0603876207331103,0.567353478034061,0.646,0.554,1
"VASH2",0.0604358822131976,0.906025987113785,0.26,0.15,1
"PTPRD",0.0604581089194743,-2.23212293617922,0.008,0.062,1
"HSPH1",0.0604801007902395,-0.81402544000207,0.504,0.565,1
"SCLT1",0.0606019544821393,-0.371457515499913,0.283,0.425,1
"ENSG00000289486",0.0606120943369292,-2.92800345883906,0,0.021,1
"CBX4",0.0606492563622857,0.523913769189785,0.252,0.166,1
"RARS2",0.0606914621888052,-0.111579291534628,0.236,0.212,1
"ENSG00000289375",0.0607586596386906,-1.81542327788971,0,0.021,1
"SEC14L2",0.0607684127987595,1.95429172657098,0.016,0,1
"ENSG00000286599",0.0607938261049768,-1.65355523322362,0,0.021,1
"FADS3",0.060855990853984,-1.12887197061001,0.11,0.228,1
"CAPN1-AS1",0.0611619383891307,-1.80003554813148,0.008,0.052,1
"PI4K2A",0.0611724023037344,-0.559647679463139,0.055,0.124,1
"ENSG00000280273",0.0613705530845564,2.2335902821812,0.016,0,1
"JMY",0.0613913020333543,-0.741534428509097,0.079,0.171,1
"ATP5PD",0.0614732366807031,-0.28668257708529,0.638,0.684,1
"MOCS3",0.0614940316482985,-1.27459075307161,0.031,0.104,1
"MPC1",0.0615611630729793,0.483351755939362,0.378,0.337,1
"NUP210",0.0616912535370117,0.593798058400907,0.409,0.295,1
"DUT",0.0616958169263241,-0.482193740540219,0.291,0.435,1
"MFHAS1",0.0617037916095926,-1.75649605669035,0.016,0.073,1
"GLUL",0.0617125860423056,-0.914700716375072,0.315,0.446,1
"BEX1",0.0617237168612454,-3.20575487704888,0,0.026,1
"CD27-AS1",0.06173317410758,-0.824803672548699,0.016,0.057,1
"OSBPL8",0.0617426872785904,0.246894261835144,0.89,0.907,1
"SMAD5",0.0617455358030727,0.680717997812736,0.283,0.192,1
"TNFRSF1A",0.0617456085102783,-0.301372806812683,0.724,0.746,1
"PTPRC",0.0617839386171337,-0.259886783574333,0.906,0.938,1
"NCR2",0.061883580213278,1.11795326025228,0.118,0.057,1
"CXorf38",0.0620448927247192,0.780252958165672,0.189,0.104,1
"CD19",0.0620531068307387,2.34720138791012,0.016,0,1
"SLC30A1",0.0621163091736512,0.569490237749234,0.157,0.093,1
"PDHA1",0.0621897790549425,-0.627668775333927,0.197,0.264,1
"DISC1",0.0622504581125421,0.230759404553497,0.087,0.114,1
"NUP205",0.0622610205961358,-0.501503318986083,0.213,0.228,1
"TMEM217",0.0622797513154033,1.88046646852562,0.016,0,1
"SLC36A4",0.0623438554143865,-0.544771645634055,0.244,0.383,1
"MSANTD2",0.0623932428065295,1.36887937620109,0.11,0.052,1
"ALG1",0.0624620189083598,1.91389182800328,0.102,0.036,1
"RIGI",0.0625706728359418,-0.936648436136577,0.039,0.114,1
"HMCES",0.0625861943258583,-0.732972449334098,0.252,0.373,1
"ENSG00000271737",0.0628286815978507,-2.2668920758675,0,0.021,1
"TXNDC5",0.0628604410075606,0.12133714864362,0.457,0.326,1
"PRDM16",0.0629630402585368,-1.91567956566762,0,0.021,1
"ZNF470-DT",0.062970782027034,1.87947830840831,0.016,0,1
"MOXD1",0.0629891513988605,1.8788830606991,0.016,0,1
"CDRT4",0.0630304713318146,1.8777006311945,0.016,0,1
"NINJ1",0.0630906579551936,0.120470414632503,0.819,0.736,1
"DUSP2",0.0631324161334507,-0.249382428964112,0.22,0.342,1
"SCFD2",0.0631620639002474,0.989962657828906,0.244,0.166,1
"CACYBP",0.0631728676961223,-0.452629543390408,0.543,0.503,1
"GIMAP6",0.0631822247474777,-2.69559373786126,0,0.021,1
"PABIR2",0.0632328158646201,-0.350683687213322,0.079,0.114,1
"HID1",0.0633183965898916,1.56996174220329,0.079,0.021,1
"ENSG00000228427",0.0633238381261985,1.89036798133107,0.071,0.021,1
"ENSG00000290018",0.0634742182748961,1.51151969128972,0.134,0.057,1
"UBAP1",0.0635633209540988,-0.509854170052887,0.331,0.456,1
"DNM1L",0.0636315695481326,0.597422480078549,0.472,0.389,1
"OPRL1",0.0637175598671344,-1.59439545079884,0,0.021,1
"ZNF704",0.0637183227451567,-1.30685803562794,0.079,0.119,1
"ME2",0.0637864992414112,0.671822457831068,0.37,0.301,1
"RDH13",0.0638494757558576,2.65424107487417,0.039,0.005,1
"BCL2A1",0.0640978487894961,-0.793321621012984,0.244,0.394,1
"ARFIP2",0.0642072338929895,-0.379535869291788,0.181,0.207,1
"KCTD15",0.0642575397179584,-1.61386246645026,0,0.026,1
"BTN3A2",0.0643148294009403,-0.40614492422212,0.047,0.098,1
"UBE2T",0.0643548016861734,-1.66377522403456,0,0.021,1
"GPLD1",0.0643942611356788,1.88566224615186,0.016,0,1
"GSPT1",0.0644730598701619,-0.468539372387915,0.488,0.622,1
"ZDHHC23",0.0644809227736349,1.41939380916956,0.087,0.031,1
"SORD",0.0645667186513816,-1.87558865517271,0,0.026,1
"WDR18",0.0645982362887901,0.303229288658182,0.236,0.171,1
"MT-CO3",0.0646534292712439,-0.226564320345138,1,1,1
"HDAC9",0.0646820910589685,-0.704986182433565,0.236,0.352,1
"ENSG00000289532",0.0646838675443397,1.8959385327798,0.016,0,1
"CYTIP",0.0647189000045461,-0.391201844371602,0.63,0.663,1
"PPP1R12C",0.0647465657254482,-1.06020751610571,0.087,0.187,1
"PSME1",0.0647539690815463,-0.135545319768416,0.929,0.943,1
"PTGES2",0.064787432314137,0.773110084329147,0.307,0.187,1
"SLC25A28-DT",0.0648022962826018,-1.66917932519203,0,0.021,1
"THSD8",0.0648165880971072,-0.643898693995242,0.008,0.036,1
"LINC00467",0.0648556051290577,1.18171355283537,0.087,0.052,1
"TNF",0.0648919791771013,0.274290804713997,0.22,0.114,1
"GFM1",0.0649835345830249,0.412028043319124,0.22,0.145,1
"IFRD1",0.0650099858165012,-0.673650676059013,0.283,0.43,1
"RNF181",0.0650484252278777,0.198657755959368,0.693,0.736,1
"SERPINB6",0.0651457590432199,-0.651004518737032,0.189,0.321,1
"RHOF",0.0652087181262035,0.335240400153628,0.89,0.819,1
"NR1D2",0.06522651859804,0.766335230462988,0.15,0.083,1
"ANXA1",0.0652467159521526,-0.214459214162903,0.512,0.648,1
"ILVBL",0.0652562875732983,-0.125584392769555,0.087,0.124,1
"PPM1N",0.0652650613867563,1.94002822769096,0.016,0,1
"CHEK1",0.0652899599811503,1.88306594768062,0.063,0.021,1
"GIMAP4",0.0653538488871952,-1.91235569552259,0,0.026,1
"TP53I11",0.0653835048464199,0.648487827965358,0.386,0.249,1
"ABTB1",0.0654556056081683,0.576236998962588,0.268,0.176,1
"VAMP3",0.0656050047114683,-0.56723703209388,0.291,0.446,1
"EIF4A1",0.0656101604847883,-0.131317254277143,1,0.984,1
"WASHC2C",0.065654428143268,0.587616262406504,0.276,0.238,1
"PRPF19",0.0656563602080772,0.562263892707005,0.37,0.254,1
"UBE2A",0.0657370299048643,0.17143030277604,0.803,0.85,1
"GIGYF1",0.0658659352894108,0.453815414067968,0.189,0.124,1
"CDS2",0.0659219520896488,-0.474652828284041,0.315,0.425,1
"ZNF300",0.0660345911454337,1.90449225808742,0.016,0,1
"ABCC1",0.0660723044629573,-0.507584232179222,0.331,0.404,1
"COA4",0.0660891372900191,0.246181862200777,0.362,0.264,1
"NEURL2",0.0661264195450309,-1.75630901183603,0,0.021,1
"HERC6",0.0661563166560025,-1.71838686498913,0,0.026,1
"SUGP2",0.0662217110789781,-0.724627123329662,0.142,0.259,1
"DENND5B",0.0662299742709642,0.697342207123184,0.417,0.342,1
"BEX2",0.0662326386542321,-1.05914819656455,0.071,0.161,1
"ABHD18",0.0662365242553375,0.108550673838801,0.315,0.269,1
"ITGA2B",0.0662528604242759,-1.58478067514604,0,0.021,1
"PSENEN",0.0663113959195094,0.452941743496336,0.551,0.503,1
"TEDC1",0.0664268342249445,0.818065265212017,0.244,0.155,1
"TYROBP",0.0664492537671088,0.165835182754202,0.929,0.85,1
"CCNH",0.0664945202617376,-0.416880124631683,0.614,0.736,1
"MT-ATP8",0.0665740701975229,-0.214181029463115,1,0.99,1
"IDH3A",0.0665875170457261,0.63724185075718,0.386,0.347,1
"PRPF4",0.0666657853301957,0.18600166769194,0.213,0.264,1
"ARHGAP31",0.0667516573843496,0.244791262437356,0.874,0.793,1
"CUEDC2",0.0668667556373395,-0.577170983479955,0.244,0.373,1
"ENSG00000261840",0.0669322651162379,1.89147603052087,0.063,0.016,1
"FBXW7",0.0669752887956884,0.111518835115771,0.598,0.513,1
"TMEM52B",0.0670562877348398,-1.96502468868033,0.016,0.083,1
"GAS5",0.0671064974471712,-0.447158172436617,0.858,0.834,1
"TAF3",0.0671341068350736,0.251454251994392,0.354,0.269,1
"HDAC4-AS1",0.0671710251413097,-1.61979401629247,0,0.021,1
"NT5E",0.0671948917312396,-2.25269666354278,0,0.021,1
"NFE2L2",0.06742053033651,-0.314031588828856,0.709,0.824,1
"CD2",0.0674453027237097,-2.13099610071816,0.016,0.083,1
"LILRA2",0.067498873507563,-1.17229166739427,0.063,0.161,1
"DNAJC14",0.0676508423710542,1.08103788332098,0.142,0.083,1
"NUDT17",0.0677107256495634,1.61889002213098,0.087,0.031,1
"ZNF746",0.067722770311742,0.293709102223624,0.165,0.109,1
"RANBP17",0.0677897029941283,-1.6139548025647,0,0.021,1
"BCL9",0.0678060297186963,-1.5234989061105,0,0.021,1
"KIF7",0.0678165949351609,-1.69968986140578,0,0.026,1
"GGTA1",0.0678298022969068,-1.49726546914998,0,0.026,1
"BACH1",0.0678515292777927,-0.258979322145608,0.535,0.684,1
"MYO9B",0.0680949310036203,-0.135614361253376,0.74,0.694,1
"LYRM4",0.0681366772438252,-0.83809993315986,0.087,0.181,1
"HLA-V",0.0682872653429802,1.92129979583773,0.016,0,1
"MEGF6",0.0682976429226803,-1.72720069497941,0,0.021,1
"SRPK2",0.0685917369544467,-0.11714934701536,0.378,0.503,1
"ENSG00000289292",0.0686901099628659,2.32677088294141,0.016,0,1
"RNF227",0.0686901099628659,1.92233846228023,0.016,0,1
"ENSG00000224985",0.0688153188926742,1.92259088760254,0.016,0,1
"C18orf54",0.0688508834598657,-1.52594862699593,0,0.026,1
"CD151",0.0688755640057507,-0.829042654260025,0.213,0.358,1
"TIGD2",0.0690263296775908,-1.486356203493,0.024,0.083,1
"LINC01374",0.06903952738061,0.888115492430659,0.315,0.192,1
"METTL16",0.0690740338141302,0.840239173793161,0.205,0.119,1
"TBL1XR1",0.0693325302331347,0.490535332515549,0.567,0.43,1
"FHL3",0.0694059035839963,-0.771890372886667,0.205,0.358,1
"PLSCR3",0.0694162514667033,-1.12590788953298,0.079,0.171,1
"ZNF295-AS1",0.0694370300150679,-2.07459105559825,0.008,0.052,1
"HYI",0.0695465164309993,-0.715851780406731,0.11,0.181,1
"H2BC3",0.0696072682072782,-1.81405678143944,0,0.021,1
"TCEANC2",0.0696856944790551,1.44847393400636,0.11,0.047,1
"FAM171B",0.0697331756891376,2.65093824334279,0.016,0,1
"CCDC106",0.0697623483442318,-0.872251724349528,0.031,0.093,1
"SDR42E2",0.0698098837449536,1.92717028009363,0.016,0,1
"DGKZ",0.0698334525801313,0.420405200495655,0.512,0.513,1
"PDSS1",0.0700273367543128,0.520236135234529,0.079,0.088,1
"MED28",0.0701193935425413,-0.49748608171314,0.354,0.461,1
"RBM27",0.0702192577765459,0.289297310127533,0.504,0.42,1
"PINK1",0.0702569838945228,-0.628132196036001,0.11,0.207,1
"ZNF576",0.0702947169934401,0.655913624781943,0.142,0.073,1
"NCOA2",0.0703071630698855,-0.652281860951015,0.291,0.394,1
"IL32",0.0703133959719656,-2.46324050523785,0,0.026,1
"ZC3H11A",0.0703204321461173,0.372094359940181,0.205,0.15,1
"LYRM9",0.0703343525254385,-2.33149018061004,0,0.021,1
"LINC03015",0.0704951942656428,-1.85962383324475,0,0.021,1
"DNAJC16",0.0707406347167316,1.43507910142095,0.126,0.052,1
"CRYBG3",0.0707741439376016,1.11870020480235,0.197,0.114,1
"KIF1B",0.0708431926304963,0.33488965635178,0.402,0.42,1
"ZNF713",0.0708581435506408,0.760302120919206,0.197,0.119,1
"DAPK1",0.0709231560159785,-0.891659955395654,0.252,0.337,1
"LRRC58",0.0709877554454656,0.712327353565954,0.252,0.171,1
"EDNRB-AS1",0.0710139915701718,1.9678995919869,0.016,0,1
"AHI1",0.0710621552778389,0.141492626875003,0.528,0.425,1
"SUN1",0.0710779338659758,-1.0935226952133,0.071,0.114,1
"SCD5",0.0711870888753527,-1.57226455218347,0,0.021,1
"SH3TC1",0.071388253001953,0.305899932119956,0.567,0.44,1
"ZP3",0.0714015876208477,-1.56488719395526,0,0.021,1
"EIF4A2",0.0715508036395285,-0.366991955893892,0.598,0.694,1
"THBD",0.0716424299299623,-0.915158061870787,0.252,0.332,1
"PAXIP1-AS2",0.071748392890462,1.17406437055374,0.087,0.036,1
"GBP3",0.0717521356152361,-1.39541422325776,0.031,0.104,1
"ENSG00000288703",0.0717741610303497,2.04938066177654,0.071,0.021,1
"ZC3H11C",0.0717917954886923,-1.56591201328007,0,0.021,1
"CCDC77",0.0718328208047499,1.09492857088502,0.102,0.041,1
"DHX30",0.0718555084329421,0.482609849715973,0.268,0.249,1
"ENSG00000272849",0.0719587357124941,1.94356619560704,0.016,0,1
"ADAM19",0.0719601033001481,0.236628938873594,0.591,0.472,1
"ZNF496",0.0719724893177827,-0.685194852992373,0.055,0.124,1
"ENSG00000241525",0.0721892650450811,-1.54264672040816,0,0.021,1
"KMT2B",0.0723707663908707,0.749436463338496,0.362,0.269,1
"AHCYL2",0.0724571651539784,-0.618530941980272,0.173,0.301,1
"CCDC167",0.0724666513026224,-0.719197134338842,0.039,0.104,1
"CACNA1F",0.0724857332795806,1.94908076033362,0.016,0,1
"NOL9",0.072488946873798,1.07907569888877,0.142,0.088,1
"NLRP3",0.0725248102278323,-0.991461598268595,0.213,0.316,1
"ENSG00000260536",0.0725676993522693,1.9916684831891,0.016,0,1
"LUC7L3",0.0725717249670821,0.132536400895075,0.717,0.632,1
"ENSG00000290931",0.0725876438732043,1.39148682113837,0.047,0.01,1
"TMEM175",0.0726285199533789,-0.309960185602053,0.126,0.207,1
"COPS9",0.0726689988502573,0.390576904736984,0.685,0.653,1
"NIFK",0.0727071242500373,0.535149556652397,0.441,0.316,1
"COX7A2L",0.0727394260666207,0.298816931546026,0.661,0.679,1
"NPC1",0.0727713796833669,0.670533581832914,0.331,0.223,1
"RND1",0.0727721616791952,-1.67032662096382,0,0.021,1
"MCOLN2",0.0727926832794963,0.502565352639233,0.528,0.42,1
"CCDC18",0.0728504449432261,0.648117152671416,0.26,0.161,1
"H2AC25",0.0729252958041247,-0.969464726768954,0.063,0.161,1
"ENSG00000256116",0.0729665689307684,1.92868262806184,0.055,0.01,1
"EML3",0.0730407196827879,-1.32263360912245,0.047,0.13,1
"SNHG6",0.073076843649408,0.268313428302325,0.929,0.912,1
"MRPS15",0.0731280386785749,-0.195700937025246,0.37,0.368,1
"PTPN11",0.0731346484852397,0.515777509564428,0.496,0.389,1
"TMEM120A",0.0731394294995831,-1.43762309193353,0.055,0.145,1
"GLCE",0.0733820154734445,0.994610174490777,0.118,0.057,1
"SMAP2",0.0734088435362546,0.383259259783814,0.638,0.544,1
"EFCAB14-AS1",0.0734382805227005,1.96523224706325,0.016,0,1
"CREB1",0.0734986331220449,-0.202019133529915,0.661,0.632,1
"DESI2",0.073524684144837,0.514096082259552,0.386,0.29,1
"PDCD4",0.0736452681812442,0.563268263614417,0.598,0.492,1
"UTP4",0.0736709760411301,-0.510164350735655,0.157,0.197,1
"FBXL15",0.0737846313197894,-0.526686965821193,0.173,0.212,1
"P2RY1",0.0738329760960319,2.77546052371334,0.016,0,1
"ATAD5",0.0738546485072958,1.44921873264016,0.118,0.057,1
"ENSG00000258646",0.0739116390211836,-1.64603114377079,0,0.021,1
"ENSG00000250075",0.0741251295090014,-1.45575375894046,0.024,0.078,1
"LCNL1",0.0741900053659332,1.06049800430012,0.063,0.021,1
"KNSTRN",0.0742394669050638,1.42779928583768,0.055,0.016,1
"GOLGA8B",0.0744079037293856,-1.47795775433956,0.055,0.124,1
"RPN1",0.0744218145384794,-0.30328973422739,0.764,0.813,1
"PRKCB",0.0744813259879976,0.42510655414728,0.693,0.663,1
"ENSG00000281021",0.0744974476134649,-1.57473325754314,0,0.021,1
"SYNJ2",0.0745225242849662,-0.639680496302616,0.276,0.435,1
"ENSG00000291042",0.0745317473494552,1.69342195164085,0.031,0.005,1
"PFKP",0.074591475621603,-0.639066679118003,0.252,0.352,1
"ENSG00000285693",0.0745972361500215,-0.75208525773177,0.055,0.135,1
"PHLDA1",0.0747149345404087,0.548527053374895,0.26,0.264,1
"DNAJC4",0.0747715875095798,-0.148208416551161,0.638,0.648,1
"MMAA",0.0749585509249437,0.87989386523985,0.11,0.041,1
"UBE2D3",0.0751324655882489,-0.130069858747663,0.937,0.984,1
"CENPV",0.0751681930759764,1.02310742981221,0.165,0.088,1
"SLC27A5",0.0752163509788632,-1.54854198295904,0.016,0.073,1
"N4BP2L1",0.0752442502611594,-0.261874557689602,0.48,0.513,1
"ENSG00000270210",0.0752688207816712,1.97011412226817,0.016,0,1
"IDNK",0.0752714073684843,-1.4999629580005,0.024,0.083,1
"FCER1G",0.0752758183169117,0.240587360057396,0.835,0.777,1
"ZNF302",0.0753362707465732,-0.419220496595419,0.094,0.171,1
"NPHP3-AS1",0.0754916899516525,1.98466416347393,0.016,0,1
"SH3BP5-AS1",0.0755312124823159,-1.4066722884843,0.039,0.109,1
"GFM2",0.0755325099652282,-0.435654167661919,0.134,0.161,1
"PRMT7",0.075545414564339,0.862643916606115,0.307,0.192,1
"ENSG00000258561",0.0755667753493252,-1.88728267876599,0,0.021,1
"ENSG00000265496",0.0755956861163356,-0.537212003456639,0.039,0.109,1
"TRAP1",0.0755992786231086,-1.61190487131966,0.039,0.093,1
"ENSG00000275532",0.075635885267007,2.05922892252156,0.016,0,1
"FKTN",0.0756397976404767,2.07214439584355,0.063,0.016,1
"CCR1",0.0757198621007617,1.00396621610662,0.11,0.062,1
"APOBEC3C",0.0757308625371391,1.33686692662028,0.118,0.062,1
"CXCR4",0.0757993029219953,-0.323104663235327,0.858,0.834,1
"IGFBP4",0.0758580637663741,-0.458795284026175,0.024,0.067,1
"SUMO1",0.0758680595093069,-0.266256953911418,0.654,0.762,1
"GPBP1",0.0758773979074922,-0.324059803992849,0.709,0.767,1
"C12orf76",0.0758964793743395,-0.775157890589548,0.087,0.15,1
"DUSP16",0.0759468955383322,-2.037578525488,0.024,0.104,1
"CTDP1",0.0760421659551909,-0.198114373225921,0.268,0.383,1
"CRADD-AS1",0.0761086809990402,2.03699520271087,0.016,0,1
"SLC43A1",0.076284117853773,-1.69314772562451,0,0.021,1
"OPN3",0.0763050725945247,-0.213246690659596,0.228,0.181,1
"TBCEL",0.0763242058005544,-0.323680664264761,0.063,0.119,1
"SMC5-DT",0.0764011345251468,2.34347922951924,0.016,0,1
"BAD",0.0764776479974183,0.678870751780244,0.307,0.259,1
"PRKX",0.0765043742865318,0.529619892767856,0.22,0.15,1
"HEBP2",0.0765841550199059,-0.408676663848499,0.339,0.456,1
"EML1",0.0765888403740975,2.0739788965055,0.016,0,1
"FXYD6-AS1",0.0766474929924329,-1.86945837656268,0,0.021,1
"TATDN3",0.0766735073398765,0.800170165415011,0.299,0.181,1
"ARPC1B",0.0767340993728857,0.110753508024909,0.961,0.938,1
"LRP5",0.076802056908136,0.820704749992651,0.228,0.14,1
"PCNX4-DT",0.0768177729308146,2.38837780764878,0.016,0,1
"MTA3",0.0768425166264568,0.865407889079166,0.181,0.093,1
"FBXW2",0.0768953336159873,1.09044549767913,0.276,0.176,1
"TCOF1",0.0769539189223394,1.43995649954895,0.15,0.067,1
"SRXN1",0.0769652549297062,0.389806786268694,0.055,0.078,1
"MACROD1",0.076985078403677,-1.44681909079063,0,0.026,1
"ENSG00000203325",0.0770153664723673,2.08589022606808,0.016,0,1
"TDRKH",0.077026742956762,2.12238149038402,0.016,0,1
"EPN2",0.0770557794514013,-1.48329846808419,0,0.026,1
"CALM1",0.0771658747530615,-0.32086862706381,0.921,0.953,1
"MRPL16",0.0772966061202359,0.282874348546106,0.331,0.347,1
"PMP22",0.0773498209815183,-1.98781432076889,0,0.021,1
"PPP4R1",0.077487151793013,-0.643856670444758,0.299,0.415,1
"WDR5",0.0775724851110783,1.14679957078925,0.181,0.093,1
"PAXBP1",0.0776721418216416,-0.497290691692465,0.307,0.399,1
"LINC02631",0.0777233874668375,2.01236354728499,0.016,0,1
"RETREG1",0.0777946530783891,-1.27221601331524,0.055,0.088,1
"N4BP3",0.0778791920978486,0.631363085896714,0.134,0.078,1
"TTC32",0.0779098298863336,0.975858802736148,0.189,0.124,1
"NDUFS2",0.0779509416369134,0.478280358675102,0.386,0.342,1
"LNCATV",0.0779544611428922,-1.47890076165963,0,0.026,1
"CD74",0.0779561472340787,0.102202966081663,1,0.995,1
"ETS1",0.0779778636634705,0.774686604959451,0.378,0.249,1
"MPHOSPH9",0.0779946088250073,-0.209534958499578,0.094,0.14,1
"ITGB3BP",0.0780411598575573,0.9545963322683,0.165,0.083,1
"ADAMTS6",0.0780494643223181,-2.1253513681403,0,0.026,1
"CCDC88A",0.0780726878846199,0.350421401621809,0.819,0.793,1
"GPI",0.0782118749822933,-0.57299091324495,0.339,0.451,1
"GUSBP1",0.0782829693738972,0.188706066216073,0.213,0.145,1
"ENSG00000286489",0.078295876875857,2.07797779438819,0.016,0,1
"RTKN2",0.0783918603985459,2.00609982666697,0.016,0,1
"ENSG00000291342",0.0785428235782426,2.00421798046993,0.016,0,1
"MTO1",0.0785531638180372,0.307442505677828,0.165,0.187,1
"B3GNT9",0.0786272979298077,2.0848911679511,0.016,0,1
"ZNF83",0.0786645733924534,1.11074160574161,0.142,0.073,1
"OPHN1",0.0790411791970953,-1.68152112311562,0,0.021,1
"TSPYL1",0.0790446602457931,0.381162515448443,0.512,0.518,1
"PLPPR2",0.0790696163201935,-1.74728016564687,0,0.021,1
"PSTPIP2",0.0790804334847625,-0.385231662407367,0.11,0.202,1
"UBAC2-AS1",0.0791272963501532,2.02935751142026,0.016,0,1
"ANKMY2",0.0791418412571931,-0.836680105755909,0.024,0.078,1
"PI4KAP1",0.0795344559827657,0.293452554389558,0.213,0.145,1
"MIR193BHG",0.0795751346655123,2.0171788913352,0.016,0,1
"SKAP1",0.0796679875127834,-1.96469320618481,0,0.026,1
"SP3",0.0797694371776274,0.339411638043523,0.606,0.508,1
"ENSG00000251615",0.0798259549902801,2.0407967928011,0.016,0,1
"POLR3D",0.0799362819147595,0.952676347101857,0.087,0.047,1
"CASZ1",0.0799497518092041,-0.27467454567025,0.157,0.114,1
"TMEM248",0.0800455280863624,0.232851942225684,0.646,0.684,1
"TRAM2-AS1",0.0801247159235571,1.71364896177314,0.039,0.005,1
"POLD4",0.0801413079746389,0.462386939108261,0.528,0.487,1
"SARM1",0.0804584639505719,2.62054291555338,0.039,0.005,1
"TRNP1",0.080505006538063,-0.409430178327256,0.024,0.088,1
"MTHFD1L",0.0805769903867756,-0.527889564085194,0.346,0.497,1
"ENSG00000223598",0.0806725135410143,-1.99926009289952,0.008,0.052,1
"NRBP1",0.0806965514107825,-0.230822060484199,0.543,0.585,1
"ZFPM1",0.0807156751474559,-0.885538654088499,0.118,0.187,1
"TRABD",0.0807206937953694,0.212493821988335,0.882,0.912,1
"ST14",0.0807521951416137,0.531127029416657,0.52,0.373,1
"U2AF1",0.0808707234807986,0.309505983214684,0.976,0.969,1
"MRPL39",0.0808917348651743,-0.641863738765029,0.213,0.326,1
"ARMCX5",0.0808958216866259,2.0187425552417,0.039,0.005,1
"ENSG00000259133",0.0809018774799013,2.07060218412932,0.016,0,1
"SULF2",0.0809075675230708,0.380701094222605,0.701,0.684,1
"CDKL1",0.0809405515785142,-0.618327736466171,0.024,0.067,1
"PURB",0.0810420663918249,-0.622843526123456,0.331,0.435,1
"CAMK2G",0.0810572988389533,-1.18054188022194,0.047,0.124,1
"G3BP1",0.0810721856719101,-0.347702755575751,0.685,0.736,1
"RASSF5",0.0810781573295125,-0.563785662465065,0.449,0.58,1
"CD226",0.0810835211908792,0.862592365455511,0.189,0.176,1
"LINC02789",0.0812140520587431,2.03068977080018,0.016,0,1
"ENSG00000232807",0.0812175069718524,2.03144666514599,0.016,0,1
"LMNB1",0.0812480990371582,0.534167027301572,0.315,0.233,1
"ENSG00000288096",0.0812934387647104,2.03800214277539,0.016,0,1
"ITM2B",0.0813624541613775,-0.144801434721349,0.89,0.907,1
"GALM",0.0813762213348761,-2.1921439620019,0.008,0.052,1
"CFAP298",0.0813825029710901,0.67341074857631,0.417,0.306,1
"HM13-AS1",0.0813829879979782,2.07280056894012,0.016,0,1
"CLSTN1",0.0814164250894191,-0.286636869879965,0.189,0.181,1
"KCNN4",0.0814207710087947,-0.589157963633996,0.126,0.249,1
"ANKRD18DP",0.0814620343330792,2.14362420474179,0.016,0,1
"WAC-AS1",0.0814796320738388,0.935870494142282,0.205,0.119,1
"TNIP1",0.0814882763741689,0.243697269493992,0.85,0.741,1
"CTBP1",0.0814964355718892,0.370005915203537,0.543,0.43,1
"SYPL1",0.0815377768608208,-0.51471110156627,0.346,0.409,1
"CDC20",0.0815488824841639,-1.61848625159216,0,0.021,1
"ENSG00000289439",0.0815636203919386,-1.95728603866513,0.008,0.057,1
"LRSAM1",0.0816907915879139,0.802667650249361,0.173,0.098,1
"LYAR",0.0819227630047223,0.169163047859169,0.142,0.104,1
"PDE7B-AS1",0.0820105166806207,1.89518132375608,0.039,0.016,1
"CXCL8",0.0820282607783449,1.35847915818456,0.165,0.238,1
"TMSB10",0.0820391319014673,-0.290723156114074,1,1,1
"OFD1",0.0820692176486166,0.585457800530141,0.48,0.409,1
"DUSP18",0.0821103792942274,0.219351953450269,0.291,0.244,1
"ASTN2",0.0821122602814345,2.06195362532396,0.016,0,1
"TP53BP2",0.0821882293298135,-0.625586899193156,0.299,0.435,1
"RPS6KA5",0.082238247185822,-0.676781778422841,0.11,0.207,1
"TDP1",0.0823755958510855,-0.181348693620774,0.126,0.176,1
"FAHD2B",0.0824835962288513,-1.47609837333669,0,0.021,1
"CTRL",0.0824917067789986,2.04242924874733,0.016,0,1
"ENSG00000266049",0.0825767417060043,-0.935404366271868,0.118,0.197,1
"TAF7",0.082590681701291,-0.435204836129109,0.512,0.606,1
"HCP5",0.0826064412790832,-0.644018651732192,0.244,0.363,1
"ENSG00000259972",0.0827007630686444,0.728126613018093,0.094,0.047,1
"SESN1",0.0828035919664065,-0.539353220874582,0.134,0.161,1
"TRIM27",0.0828116924879751,0.594673686453786,0.378,0.259,1
"LINC00862",0.0828775523116728,-1.89230016590555,0.008,0.047,1
"DENND1A",0.0828808986092001,-0.769473522033752,0.157,0.28,1
"PPP3CB",0.0829239138359958,0.44207655102997,0.37,0.337,1
"TXNL4A",0.0830421990928899,0.256717421205443,0.866,0.782,1
"CCRL2",0.0830805028449098,-0.655257800367983,0.063,0.15,1
"MSH6",0.0831349452195124,-0.412575917653911,0.15,0.254,1
"KLF7",0.0832777271049457,-0.791366834195731,0.087,0.166,1
"SERPINE1",0.083327066373757,-1.94685731474832,0.063,0.047,1
"ALDH1L2",0.0833718734861181,2.44444557212136,0.039,0.005,1
"RGPD2",0.0833887732569268,-0.279546921237564,0.031,0.067,1
"SLC23A1",0.0835416372583726,2.06064349562617,0.016,0,1
"TSPYL4",0.0836974194337799,-0.464359666481535,0.11,0.13,1
"RNF26",0.0837156271514451,2.02536846808161,0.071,0.021,1
"LILRA6",0.0837363318501892,-2.45246186641478,0.008,0.052,1
"PPP1R14A",0.0837755827568207,-0.36185869850283,0.37,0.472,1
"TRPM4",0.0838271070452937,-1.4359399498132,0,0.021,1
"PGLS",0.0838451130735526,-0.207106977023768,0.654,0.668,1
"TMEM223",0.0838960830411631,0.304607991897543,0.26,0.207,1
"ENSG00000266642",0.0839380102548986,2.2055397941542,0.016,0,1
"TPM4",0.0839768941814317,-0.320336920531784,0.787,0.808,1
"SSBP2",0.0840085700150012,-0.277129303559426,0.48,0.461,1
"ENSG00000249180",0.0840211891634077,2.11734177554972,0.016,0,1
"MFSD11",0.0840709503147618,-0.504683749585578,0.425,0.554,1
"ZFX",0.0841612976657481,0.205930916138195,0.331,0.28,1
"NIN",0.0842096275071072,0.587214777132775,0.535,0.43,1
"FAM193B",0.0842326742822267,0.698752942614498,0.134,0.124,1
"DEK",0.0843027770601446,-0.158964837985687,0.787,0.782,1
"DDX10",0.0843221853201044,0.635777551008399,0.236,0.15,1
"SPAG8",0.0843991766624746,2.11885020260792,0.016,0,1
"ENSG00000269968",0.0846018409012998,-0.996149737845039,0.173,0.269,1
"LINC01301",0.0846382398675224,2.07234525041749,0.016,0,1
"LINC02362",0.0846451623761863,1.36768067348562,0.031,0.005,1
"GMDS-DT",0.0846686422785867,0.759968288616703,0.315,0.212,1
"TMEM30A",0.084694034529698,0.542149506967124,0.567,0.477,1
"ENSG00000261596",0.0848474737958776,2.08877932680714,0.016,0,1
"ZWINT",0.0848820598888593,-1.39148954905049,0,0.021,1
"CYSLTR1",0.0849944448974655,0.603996464927054,0.228,0.202,1
"TEC",0.0850378586551911,-1.30576078317924,0.055,0.114,1
"PHGDH",0.0850603998980658,-1.34773283384752,0.024,0.098,1
"LINC00598",0.0850774905915231,-1.39857392623127,0,0.021,1
"SNX29",0.0850814108406318,0.708098363102694,0.346,0.233,1
"RNF13",0.085133450255207,0.285039519895737,0.441,0.477,1
"SP1",0.0851830729989368,-0.996675561902478,0.118,0.223,1
"ZC3HAV1",0.0851950989568789,-0.3473476755238,0.394,0.523,1
"KDM6A",0.0852035516576698,-0.307264257397625,0.417,0.565,1
"ETFDH",0.0852906373853307,-1.04583588641989,0.079,0.155,1
"FAM76A",0.0855321379077975,0.70709596111286,0.189,0.109,1
"GCOM1",0.0855578866556654,2.51525209779446,0.016,0,1
"MRM1",0.0855639627881372,2.48084631178995,0.016,0,1
"MYH10",0.0858124927499097,-2.13468517773028,0.008,0.057,1
"ENSG00000287033",0.0858149872682133,2.4563786979557,0.016,0,1
"CHN1",0.0858781475863453,2.15241130831807,0.016,0,1
"STK32C",0.0859519429598737,-0.954240183422142,0.102,0.192,1
"RIMS3",0.0859570598594644,0.781396597926927,0.11,0.047,1
"ENSG00000284677",0.085998058996301,2.09275557823825,0.016,0,1
"RAB34",0.0860388440305218,-0.458559415966079,0.394,0.482,1
"NDUFB2-AS1",0.086039905797074,2.096989837604,0.016,0,1
"PDE7B",0.0860599181498206,0.971170291717172,0.102,0.078,1
"ZNF614",0.0861178745695041,-0.952988258516805,0.039,0.114,1
"LCOR",0.0861204722539079,-0.316509553072481,0.535,0.606,1
"UBXN6",0.086122142984044,0.776297203248742,0.26,0.176,1
"CD9",0.0861331518248353,-0.699563208994214,0.283,0.409,1
"SYNGR1",0.0861914189597834,-0.48670109794355,0.102,0.192,1
"GAS2L3",0.0861977510068183,2.09600176245276,0.016,0,1
"TIMM17B",0.0863123490718659,-0.450654558630167,0.386,0.513,1
"ENSG00000286797",0.0863192328557298,2.56840356238222,0.016,0,1
"RBSN",0.0863526651061789,-0.84614237474442,0.031,0.093,1
"PYROXD1",0.0863588382224534,0.65276339682094,0.15,0.15,1
"MMADHC",0.0863687037449366,0.265343856028357,0.677,0.575,1
"PADI4",0.0863777630599973,-1.52960223322299,0.024,0.078,1
"EHHADH",0.0864018823093008,2.09780709513131,0.016,0,1
"PIAS4",0.0864306331173516,0.390814139960287,0.244,0.171,1
"FAR2",0.0864638412774847,-1.38959989774804,0.071,0.13,1
"IFIT1",0.0864852005449519,-1.84921441900956,0,0.021,1
"NLGN4Y",0.0865018995222804,2.14034089193958,0.016,0,1
"ANAPC15",0.0865267257280013,0.660032271299897,0.299,0.254,1
"B4GALT1",0.0865368870643457,-0.328043567403057,0.559,0.591,1
"CNBP",0.0865681582536548,0.236210332707282,0.913,0.933,1
"MLX",0.0866651678113557,0.476270139485553,0.465,0.363,1
"REXO1",0.0866907414433302,0.733728559321947,0.22,0.171,1
"CALM3",0.086756422662499,-0.528038991025675,0.291,0.43,1
"IFNGR1",0.0867638901628769,0.133462577717643,0.551,0.637,1
"GAREM1",0.0867777945896522,-0.988592420058689,0.102,0.207,1
"LINC01719",0.086785171534192,2.12279730479769,0.016,0,1
"SELENOO",0.0868036602083806,0.133673869844352,0.417,0.482,1
"GPRC5A",0.0869061604761259,-1.85676293073053,0,0.021,1
"STRAP",0.0869111108698182,-0.339203679903398,0.709,0.793,1
"ENSG00000267787",0.0869560210530354,0.691124132733866,0.173,0.104,1
"ENSG00000224848",0.0869666258315721,-1.36612209315326,0,0.021,1
"SIK1",0.0869775886292102,0.579781132583888,0.268,0.254,1
"RBM34",0.0871512364013015,-0.705326723294621,0.102,0.197,1
"CYRIB",0.0872247192980793,0.193114682467099,0.913,0.855,1
"CENPX",0.0873031304475753,-1.13501862666245,0.063,0.145,1
"MAPK1",0.0873556876820322,0.363485335089354,0.701,0.674,1
"ZBTB8A",0.0874263275354159,-1.1039918511443,0.039,0.098,1
"PWWP2A",0.0874371389516406,0.619118227555507,0.291,0.207,1
"IGIP",0.0874501841440097,2.10841828336943,0.016,0,1
"DNAJC9-AS1.1",0.0875495521166317,-1.43674622585331,0,0.021,1
"MT-CO1",0.0876293230088569,-0.188496952681774,1,1,1
"TCAF2C",0.0876641770964411,2.15250368523289,0.016,0,1
"CUX1",0.0876844363399211,0.434159101780922,0.827,0.798,1
"UBLCP1",0.0876968818022647,0.567717710690191,0.307,0.207,1
"ROGDI",0.0877222346327673,-0.740580410425241,0.087,0.181,1
"ENSG00000271971",0.0878818123119199,2.11554336936841,0.016,0,1
"ACVR1",0.0878822950716195,-0.859931684145928,0.165,0.275,1
"HEATR3",0.0879571275715045,-0.339566944721454,0.102,0.114,1
"IGFBP7",0.0880079678916305,-0.764795374924544,0.189,0.337,1
"CAMK1",0.0880869304602831,-1.58216910212223,0,0.021,1
"MAPK8",0.0881518807902854,-0.385611145564535,0.488,0.622,1
"PSMC3",0.0881594439170587,0.539182608948182,0.52,0.42,1
"ENSG00000290951",0.0881800081718558,-0.780497294205039,0.11,0.171,1
"GORASP2",0.0882558254944444,0.45151946102354,0.575,0.472,1
"AP4M1",0.088279091886459,-1.24706901157533,0.079,0.155,1
"REC114",0.088363071211677,2.08822629793198,0.047,0.01,1
"ENSG00000289853",0.0884333106643246,2.1407103820837,0.016,0,1
"ZDBF2",0.0884734738370802,-1.62351791111687,0.024,0.083,1
"LRP8-DT",0.0885764807578942,2.13189255603386,0.016,0,1
"ZRANB3",0.0887059825255055,1.01531271499964,0.173,0.109,1
"GPALPP1",0.0887159642642703,0.203231238352287,0.142,0.176,1
"ZNF831",0.0887384756561984,-1.48453138733698,0,0.021,1
"TMEM266",0.088774801099793,2.13281562180906,0.016,0,1
"ENSG00000290835",0.0887916577790208,1.56036422923479,0.079,0.036,1
"DEPDC7",0.0888215504436035,-1.69090887627503,0.008,0.047,1
"PATL1",0.0888442289060825,-0.482057549503731,0.283,0.368,1
"EID1",0.0889694230193398,0.425469197173917,0.724,0.668,1
"NDUFAB1",0.0890360893645505,0.135579675684407,0.654,0.684,1
"TMEM131",0.0891273463669218,0.456390204709596,0.583,0.508,1
"KLHL18",0.0892554421886458,-0.468737969565966,0.22,0.269,1
"SMOX",0.0892619270542905,-0.571405348396363,0.268,0.29,1
"ALDH9A1",0.0892832842085119,-0.678901050125295,0.126,0.218,1
"BARD1",0.0893474150543519,0.864504939077965,0.236,0.14,1
"DLEU7",0.0893897664703828,2.14233099112043,0.016,0,1
"AP1B1",0.0894777013041843,0.235556971569254,0.346,0.368,1
"HSBP1",0.0895085244765516,-0.279247453705249,0.709,0.741,1
"EIF3E",0.0896186139073649,-0.285662873834026,0.874,0.886,1
"NCOA1",0.0897012531650396,0.48178460979043,0.685,0.637,1
"SWAP70",0.0897474086859907,-0.56070935923068,0.433,0.575,1
"NUDC",0.0897493277389498,-0.384631800195694,0.606,0.668,1
"RUNDC3B",0.0899534889402847,2.15447362782079,0.016,0,1
"CCR2",0.0900237191566984,2.14948945378662,0.016,0,1
"TLNRD1",0.0900981105366412,0.463343777999791,0.417,0.321,1
"CLTC",0.0901231928347447,0.435303897694604,0.787,0.767,1
"ZDHHC14",0.0902292712386972,1.01753686436825,0.165,0.083,1
"ADGRG5",0.090250234634843,0.534190428558954,0.465,0.321,1
"EPSTI1",0.0902718600976031,-0.419312094492651,0.323,0.456,1
"VPS4B",0.0902975442320276,0.260378549072607,0.654,0.56,1
"ENSG00000234361",0.0903167306246897,2.15681572282322,0.016,0,1
"ECI2",0.0903285953115875,-0.682968660496477,0.142,0.197,1
"PEA15",0.0903342546909867,0.331842641967906,0.709,0.611,1
"MBP",0.0903742050014638,0.269474906647218,0.882,0.881,1
"SLC35C2",0.0904708651641543,0.673497699107377,0.378,0.264,1
"SNHG1",0.0904800587929158,-0.114324095722313,0.283,0.373,1
"PVT1",0.0905417677408989,-0.823083343300231,0.008,0.036,1
"TESPA1",0.0905782270097844,-1.4898503560124,0.024,0.093,1
"SIAH2",0.090612968402509,-0.536696104378866,0.22,0.301,1
"ENSG00000285850",0.0906315648651813,2.21264254502868,0.016,0,1
"CCNE2",0.0906391624785053,-1.39616090917499,0,0.026,1
"EMILIN1",0.0906798609515497,2.75561081811036,0.016,0,1
"RAD50",0.0907988185153013,1.18168596098692,0.15,0.078,1
"ZFP36L1",0.0908073401684958,-0.516585044461599,0.488,0.565,1
"SPOCK3",0.0908716574582443,2.2236636473782,0.016,0,1
"PDPK1",0.0910372969119713,0.542216931385395,0.346,0.321,1
"SARDH",0.0910730022900822,2.19392861945622,0.016,0,1
"BORCS7",0.0910872746160018,0.61604442888286,0.457,0.363,1
"USF3",0.0911538119332803,-0.523904017573566,0.213,0.285,1
"LRIF1",0.0911911503583929,0.410045741376842,0.276,0.207,1
"C6orf47",0.0912336573301679,0.861446028373185,0.26,0.171,1
"PANK3",0.0912566135814607,-0.639396945048177,0.181,0.301,1
"FAF1",0.0912841050250833,0.181563324720156,0.417,0.347,1
"GYPC",0.0912970036837935,-0.112966371937287,0.291,0.42,1
"MCM4",0.0913021227843796,-0.195066202138329,0.087,0.067,1
"TSEN15",0.0913203534812948,-0.462479589792778,0.11,0.207,1
"LYSET",0.0914254026076172,0.894956113274398,0.15,0.109,1
"APOBR",0.0915350055962771,-0.810505965148138,0.102,0.218,1
"PLEKHA2",0.0915852492289136,0.158710779220342,0.504,0.425,1
"TAF12-DT",0.0915937821037997,2.394067783059,0.016,0,1
"UTP18",0.0916200169633691,0.928587567984547,0.315,0.218,1
"PRR5L",0.0916319714376046,-1.25160099276551,0.063,0.145,1
"ENSG00000289269",0.091718379079945,2.1839313251263,0.016,0,1
"TADA2A",0.091739324397855,1.34418918248054,0.102,0.041,1
"PDCD11",0.0917628322453456,1.07045800182345,0.213,0.119,1
"S1PR1",0.0917712552995866,-0.411879608473027,0.016,0.047,1
"TMEM183A",0.0917892781296365,-0.430357081963582,0.315,0.394,1
"PGAM5",0.0918402239276883,0.945898718187999,0.173,0.093,1
"LHFPL3",0.0918408951428067,-1.34165229327987,0,0.021,1
"ENSG00000269621",0.0919621518645021,2.19178448469067,0.016,0,1
"ENSG00000280011",0.0921099057557357,2.19364909951333,0.016,0,1
"ENSG00000229321",0.0921569539860389,2.67577881740333,0.031,0.005,1
"WASHC5",0.092160366219102,-0.36001144815896,0.228,0.29,1
"GEMIN6",0.0922098616332505,-0.269527018699557,0.047,0.078,1
"USP37",0.0922099719224654,0.334822700828406,0.22,0.155,1
"ENSG00000256658",0.092219130839899,2.28021383558277,0.016,0,1
"ISG20",0.0922238765935871,-0.625666357055229,0.575,0.627,1
"CAP1",0.0922413878357213,0.220538855448294,0.858,0.782,1
"ENSG00000285921",0.0922430409795519,2.21052824742611,0.016,0,1
"ARMCX3",0.0923182766201074,-0.265263274976484,0.409,0.482,1
"ENSG00000272004",0.0923188318918221,2.25008265460374,0.016,0,1
"SMIM8",0.0925051928665484,1.78792010097686,0.071,0.021,1
"B3GNT8",0.0925308441177053,2.55156346740734,0.016,0,1
"ENSG00000251148",0.0925668975730157,2.20592649048597,0.016,0,1
"GLI1",0.092653423831685,2.25340716206859,0.016,0,1
"TIMP2",0.0926647289849209,-0.432557279803963,0.354,0.409,1
"CCDC69",0.0926680627604594,0.419920581479679,0.661,0.606,1
"SLC1A3-AS1",0.0927255206853111,-0.631414401548719,0.055,0.109,1
"TMEM184B",0.0927272415857741,0.279888971152618,0.205,0.233,1
"ZSCAN30",0.0927716865022641,-1.25510047534203,0.008,0.047,1
"RABEP2",0.0928005468617377,0.780602795240185,0.26,0.181,1
"ACTN1",0.0928302661590646,-0.908182539254312,0.11,0.233,1
"ENSG00000290590",0.0928784561502087,2.21184322301933,0.016,0,1
"SLC16A4",0.0929114371034332,2.21058363600313,0.016,0,1
"C3orf38",0.0929311001895151,-0.248536548107379,0.276,0.394,1
"REXO5",0.0929503790426471,-1.44106705583003,0,0.021,1
"ENSG00000266957",0.09296483416687,2.21504835773433,0.016,0,1
"GPX3",0.0929862736456671,0.880023501939478,0.047,0.026,1
"PTOV1",0.0929923396574138,-0.308605824463732,0.354,0.472,1
"ATP8B2",0.0930674355747589,-0.861229140379664,0.079,0.161,1
"PGM1",0.0930976976837957,1.06423935148511,0.15,0.083,1
"COQ7-DT",0.0931940666685525,2.31494023905463,0.016,0,1
"NCOR2",0.093262507379173,-0.216546540845987,0.614,0.585,1
"ENSG00000267011",0.0933871473281832,2.22272969937872,0.016,0,1
"FURIN",0.0934164809363264,0.215993752073403,0.496,0.425,1
"ENSG00000267383",0.093423416522523,1.29985040310408,0.055,0.016,1
"ENSG00000289552",0.0934265320728497,2.28473793801041,0.016,0,1
"PAM",0.0934821434544237,-0.937123563392392,0.11,0.202,1
"LINC02391",0.0935224082105039,2.6164079845795,0.016,0,1
"LINC02986",0.0935459680232652,-1.64974278387538,0,0.021,1
"MSS51",0.0936071213267386,2.3062660998042,0.039,0.005,1
"STEAP1B",0.0936211266967171,-0.578855077067161,0.205,0.342,1
"ADD1",0.0936272524572657,0.507493480278859,0.591,0.508,1
"GNG7",0.093627311490218,-0.366148789092396,0.37,0.42,1
"TTC9C",0.0936370686126008,-0.44748888904866,0.205,0.259,1
"LGALS3",0.093676106309781,0.302143658130631,0.386,0.461,1
"HNRNPLL",0.0937433969412211,-1.03765072314201,0.165,0.28,1
"ENSG00000276853",0.0937439759842935,2.23223750474781,0.016,0,1
"IL1R1",0.0938264109005019,-1.70046513349683,0.063,0.135,1
"PSMD6-AS2",0.0938292100041695,1.27561183876226,0.102,0.041,1
"ENSG00000286145",0.0938839754535245,0.411464478167787,0.417,0.321,1
"TMEM14C",0.0939773080440594,0.216351833877592,0.433,0.472,1
"PPP1R18",0.0940859645805304,-0.288979697823653,0.575,0.694,1
"ATP5MF",0.0940899061462782,0.294675927612076,0.882,0.855,1
"EHD4",0.0941566137120862,-0.29287689813133,0.299,0.29,1
"CP",0.094159771927317,2.24348640314794,0.016,0,1
"THADA",0.0941777856029783,0.524006284117011,0.252,0.161,1
"SPTAN1",0.0941893186631948,-0.38806943769247,0.362,0.503,1
"DCK",0.0942069792652011,0.340932591626309,0.472,0.461,1
"MUC20",0.0942233630866706,2.56546828112738,0.016,0,1
"SOCS3",0.0943277538963686,-0.565487019724142,0.307,0.451,1
"BASP1",0.0943641692037271,-0.121723469648961,0.433,0.549,1
"ENSG00000287494",0.0943724612803859,1.68073636671241,0.024,0.005,1
"ENSG00000285696",0.0944139732475385,-1.40346665426788,0,0.021,1
"MIOS-DT",0.0944202589096553,2.69334227832013,0.016,0,1
"TAF4B",0.0944502189496237,-0.994577864735171,0.079,0.14,1
"NRIP1",0.0944516344946971,-0.384505060582275,0.449,0.575,1
"ACADVL",0.0945411685250703,-0.204032935114008,0.638,0.658,1
"DLEU2L",0.0945414655639306,2.25446788153504,0.016,0,1
"FAM89A",0.094584554013945,-1.32306726776276,0.016,0.062,1
"AHSA1",0.0946083814985934,-0.376692919510062,0.504,0.549,1
"ITCH",0.0948373871620821,0.396163795802006,0.748,0.679,1
"MSC",0.0949073916888967,0.907304798826849,0.087,0.036,1
"ENSG00000289947",0.0950850020865373,-1.32845274334266,0,0.021,1
"MLH3",0.0951195784529878,0.751944282661264,0.102,0.052,1
"ASB8",0.0951361398058043,0.313901507201817,0.268,0.197,1
"ENSG00000231424",0.095292761474057,3.71078821319069,0.016,0,1
"AGAP9",0.0953657868304198,-1.68169398435935,0.008,0.062,1
"RFTN1",0.0954383103666861,0.220827671334393,0.874,0.803,1
"NEK11",0.0954487012822136,0.523598982362246,0.142,0.088,1
"SCRN1",0.0954538017610418,0.744332865561035,0.346,0.233,1
"SLC25A46",0.0954780582958029,0.611424697178932,0.299,0.264,1
"ADM5",0.0954878862630971,2.28806062446393,0.016,0,1
"PRDM8-AS1",0.0955234698776513,-1.54846270332355,0,0.021,1
"EIF2B5",0.0955502703707572,0.841817467316017,0.236,0.161,1
"UFSP1",0.0956369286142576,2.44351370099557,0.016,0,1
"RAB15",0.0957135451253788,2.29942231720774,0.039,0.005,1
"NT5C3A",0.0957269615673292,-0.384326328247106,0.283,0.358,1
"CXCL13",0.0957475470417173,-1.69636009283845,0,0.021,1
"GALNS",0.0957520095553356,1.07908988890801,0.11,0.052,1
"PSMB7",0.095768875938993,-0.33746562541724,0.551,0.668,1
"MAP7",0.095779307021619,-2.97507089809014,0.008,0.052,1
"FAM234A",0.0958260656716993,-0.884237184874827,0.094,0.155,1
"ENSG00000260879",0.0958418865966681,2.18180817081357,0.039,0.005,1
"SPTLC2",0.0959258962278725,-0.433850617234349,0.417,0.497,1
"HAAO",0.0959573239498344,-1.86969847845062,0.008,0.052,1
"TNFSF4",0.0961185076101975,-2.67324239965957,0,0.021,1
"BCL11A",0.0961355250781261,0.679056961714967,0.551,0.456,1
"LAX1",0.0961672382235829,-2.37659084455582,0,0.021,1
"SPATC1L",0.0961751347612454,2.69642531845428,0.016,0,1
"LINC01347",0.0962296776995697,2.32628312988396,0.016,0,1
"PRDX5",0.0962471847401222,0.314011185169565,0.89,0.824,1
"USP28",0.0962472492655911,-0.941386340694485,0.024,0.073,1
"TCEA2",0.0963267154603391,-1.07485881508066,0.11,0.218,1
"TMCC1",0.0963565615125911,0.716686287742681,0.402,0.295,1
"ID3",0.096379197807459,0.503877044346199,0.417,0.306,1
"ENSG00000287593",0.0963893390505767,2.33547762029885,0.016,0,1
"STRBP",0.0965334583049614,0.509344293902565,0.559,0.487,1
"ARL15",0.0965806831476595,-1.09226788253071,0.118,0.218,1
"CCDC7",0.0966858876859829,-1.1417280336605,0.031,0.093,1
"APBB2",0.0966895156744887,2.33509910154913,0.016,0,1
"ENSG00000260167",0.0967071170646242,2.42765202552868,0.016,0,1
"IP6K1",0.0967699827263513,0.267748799973099,0.409,0.337,1
"PDGFC",0.0968397921573662,-0.97726379705778,0.047,0.109,1
"LARP1B",0.0968533683546807,0.732997823254745,0.323,0.228,1
"C9orf153",0.0969893080805442,2.39658704931747,0.016,0,1
"PIGG",0.0969947967323121,1.15613509020743,0.197,0.114,1
"BCL2L13",0.0969956461204868,-0.427669930652607,0.457,0.596,1
"RBMX",0.0970469165351768,-0.395228239806259,0.654,0.741,1
"RNF185",0.0970738444020277,1.05332628231786,0.165,0.088,1
"TNFRSF6B",0.0971177218500014,2.37514864315122,0.016,0,1
"TRIP13",0.0971177218500014,2.37514864315122,0.016,0,1
"APEX1",0.097126105633942,0.315716774565403,0.795,0.684,1
"ENSG00000277602",0.0971299205139963,2.49175913608665,0.016,0,1
"CCZ1",0.0971663640493156,-1.08459536240721,0.087,0.176,1
"ENSG00000289092",0.0972166024723391,2.38746589691301,0.016,0,1
"SNX4",0.0972433273425301,0.371780007260502,0.417,0.326,1
"ABCC2",0.0972486716146922,2.37072919410042,0.016,0,1
"IPO8",0.0972583999369696,0.771068134405299,0.244,0.155,1
"ENSG00000271780",0.0973039524555685,2.37329226547242,0.016,0,1
"PSMG4",0.0973628516668542,0.927139615712452,0.134,0.067,1
"WARS2-AS1",0.097477978624118,1.53246711777263,0.094,0.036,1
"TMX4",0.0974803102392483,-0.492385198639097,0.268,0.409,1
"GIMAP5",0.0974929771543772,-2.04425984044486,0,0.021,1
"TNFRSF10A-DT",0.0975536985585169,-1.51058817257634,0,0.021,1
"ENSG00000225963",0.0976794676145208,2.40368707234452,0.016,0,1
"ANXA2",0.0977446135094716,-0.143164580802921,0.693,0.813,1
"UPK3A",0.0977604825464742,-1.33951058463126,0.071,0.155,1
"ZRANB2-DT",0.0979425786001901,2.42026113079791,0.016,0,1
"ENSG00000232124",0.0979611472210694,1.90275697205884,0.039,0.005,1
"ENSG00000248774",0.0979905799741471,2.62271024874355,0.016,0,1
"ENSG00000272583",0.0980184504156564,2.80687096806908,0.016,0,1
"LINC01412",0.0980652318880123,2.51933958779107,0.016,0,1
"RTN4RL2",0.0983285635952367,2.68187650891439,0.016,0,1
"CFAP210",0.0983306652216366,-1.55118492277043,0.047,0.104,1
"MOAP1",0.098368134266899,1.04978704336816,0.157,0.088,1
"LINC00630",0.098807955497068,0.970149641015439,0.102,0.041,1
"DHX40",0.098836595616801,0.615986533470575,0.323,0.223,1
"FOXP1",0.0988380193075033,-0.300882449853952,0.819,0.798,1
"ABITRAM",0.0988624897588111,1.03199056344399,0.126,0.062,1
"MARCHF9",0.0989765190804682,0.68196968920702,0.433,0.306,1
"MAST3",0.0989783064872061,0.385855584372183,0.268,0.176,1
"ENSG00000286074",0.0991306074616142,2.44838026135707,0.039,0.005,1
"PSMB2",0.099212945651237,-0.375917631554322,0.512,0.622,1
"ORC4",0.0992346568384164,-0.205123001977372,0.15,0.233,1
"AIF1",0.0993451569761368,-0.472758619772158,0.583,0.668,1
"GRK7",0.0995259791062547,2.92269959051789,0.039,0.005,1
"KCNE3",0.0995851890496623,-1.6534889661672,0,0.021,1
"TSPAN18",0.0998118602679573,-1.64542134702831,0,0.021,1
"IFNAR2",0.0998518243149061,0.463331114741119,0.591,0.554,1
"ZNF770",0.0999693860714364,0.670035861898145,0.276,0.187,1
"SPINT2",0.100151492498285,-0.143641740458603,0.764,0.855,1
"THSD7A",0.100249201693226,-1.67827431477857,0,0.021,1
"ADISSP",0.100317797266555,-0.907049835484437,0.11,0.228,1
"RPL36AL",0.100327766014816,0.163573496288002,1,0.984,1
"ENSG00000284954",0.100418578515182,-1.94289881696138,0,0.016,1
"ENSG00000243176",0.100450726686312,-2.87567673420684,0.008,0.047,1
"MAPK10",0.100539374272619,1.07389386262096,0.063,0.021,1
"HESX1",0.100553263240276,-1.89247598284983,0,0.016,1
"PF4V1",0.10062533843584,-2.1425273942132,0,0.016,1
"ENSG00000233461",0.100667863204737,0.981111547140139,0.063,0.031,1
"SLC35E2B",0.100711012679627,0.969559266800743,0.165,0.088,1
"COPS6",0.100738030881539,-0.139082185874391,0.291,0.389,1
"DNAJC25",0.10081158817769,-0.657536612567678,0.102,0.192,1
"WDR12",0.100933411675375,1.26435644465079,0.157,0.078,1
"NCAPG2",0.100940936913224,-1.09737460717311,0.008,0.041,1
"SLC5A3",0.10103321670627,-0.882163404660908,0.118,0.212,1
"ZNF253",0.101045494412298,1.00104983424091,0.118,0.052,1
"ERLIN2",0.101128658596946,-1.55998168736949,0.024,0.073,1
"ACAP3",0.101256905418893,1.13426507923479,0.134,0.062,1
"ENSG00000286813",0.101309032603672,-1.73161625098722,0,0.016,1
"ANXA2R-OT1",0.101327146735787,-1.65636726742298,0.024,0.073,1
"NAPRT",0.101387335772437,-0.368698539894939,0.252,0.301,1
"ST8SIA1",0.10141996038749,-2.22341787977767,0,0.016,1
"GCLC",0.101478869970403,1.2860155943591,0.142,0.083,1
"RAB11FIP4",0.101507039378233,0.688738171267471,0.236,0.15,1
"ATP6V0E1",0.10159930200506,0.222429630945516,0.913,0.834,1
"ZNF226",0.101746189072378,1.2585128688862,0.134,0.062,1
"CRTC2",0.101748957042026,-0.493690220846356,0.323,0.409,1
"TNNC2",0.101759692283536,-1.6872817059798,0,0.016,1
"EPS8",0.101772241980521,-0.723799603344712,0.031,0.073,1
"VIPR2",0.101785447254689,2.41383854570822,0.039,0.005,1
"AKIRIN1",0.101833308632536,0.381533699307282,0.654,0.601,1
"RSPH4A",0.101852866975415,-1.8182265071789,0,0.016,1
"ENSG00000268355",0.10197723698527,-1.66846400744317,0,0.016,1
"EIF2S2",0.10198367753659,0.352487727185544,0.811,0.798,1
"ZNF341",0.102015879178636,1.59158782749438,0.079,0.031,1
"PPP4C",0.102031780713764,-0.227035228562598,0.827,0.855,1
"DISP1",0.102142730927938,0.634575469818393,0.283,0.223,1
"CRLF3",0.102203087367514,0.505271032617422,0.48,0.44,1
"ENTPD6",0.102320930734338,0.309596163885981,0.142,0.104,1
"ENSG00000230010",0.102344563941994,-1.76492988111231,0,0.016,1
"TMEM120B",0.102373933283125,0.495508752733646,0.339,0.254,1
"EDEM1",0.102446865831808,-0.454820609982828,0.528,0.632,1
"AP3M2",0.102448121395759,1.14242749944067,0.157,0.083,1
"PPARA",0.10253346290712,0.496630052886265,0.126,0.15,1
"SRC",0.102542185183754,0.262429200579692,0.535,0.451,1
"BAG5",0.102629600413573,0.489577374841144,0.276,0.202,1
"CEACAM3",0.102788945343686,-1.25688455143139,0,0.021,1
"ATP5F1B",0.102830700663509,-0.166742342629182,0.961,0.99,1
"RGP1",0.102906687648794,-0.73131323793551,0.102,0.14,1
"DACT1",0.102952185202502,2.03935652266936,0.039,0.005,1
"FRRS1",0.103014594441616,-2.03084096761899,0,0.016,1
"PRCC",0.103070848383088,0.565015811061698,0.543,0.482,1
"DCAF16",0.103109164782558,1.00786183570585,0.22,0.145,1
"VASN",0.103298016159329,-2.85213474564681,0,0.016,1
"C8orf88",0.103326795340485,-1.27183430920342,0.024,0.073,1
"TRIR",0.103397569723542,0.235062803403548,0.953,0.943,1
"TTTY14",0.103539259389324,-0.985007077141971,0.118,0.187,1
"CDK5RAP1",0.103547711863489,0.969426350071166,0.173,0.114,1
"TOR4A",0.103621848765688,0.420980901990818,0.15,0.171,1
"CAND2",0.103776093670033,-1.5613098225664,0,0.016,1
"EEF1AKMT2",0.103896646752169,0.174289837628338,0.22,0.187,1
"NBL1",0.104062769317817,-1.00488269221383,0.063,0.088,1
"ADRM1",0.104109257594964,0.247743708756928,0.811,0.731,1
"RNF43",0.104216565121838,-1.70359061174508,0,0.016,1
"CNST",0.104252308266383,-0.723193449121636,0.22,0.326,1
"DYNLT1",0.104277898132872,-0.277066812956961,0.504,0.554,1
"ARL17B",0.104357948570395,0.604615210544052,0.181,0.155,1
"PKD2",0.104484343232937,-1.09107701679903,0.094,0.171,1
"SPN",0.104598794419764,0.461060991220997,0.512,0.399,1
"BEST1",0.104647829929865,-0.627183253258538,0.417,0.554,1
"TTC13",0.104661330969617,0.830742301794195,0.189,0.13,1
"DNASE1L2",0.104781961629979,-1.65258306400019,0,0.016,1
"RPL7L1",0.104930953144974,0.454481714099064,0.402,0.29,1
"RGPD3",0.104960921543787,-1.51679315464237,0,0.016,1
"CCL3L3",0.104987044654995,1.38066894410635,0.031,0.031,1
"NSUN5P1",0.105110710727585,-0.849827912282365,0.039,0.098,1
"TSPAN33",0.105217962053543,-0.704286191081293,0.118,0.207,1
"TPRG1L",0.105252759333184,0.541209228507168,0.323,0.233,1
"WIPI1",0.105271556261547,-1.23715328718678,0.102,0.187,1
"ANAPC2",0.105330077794168,0.554610950133991,0.228,0.15,1
"TMEM185B",0.105435112428752,0.911835641844929,0.118,0.062,1
"WWP2",0.105444425575917,0.647738474645706,0.299,0.223,1
"NAP1L3",0.105481632093427,1.70728494682506,0.024,0.005,1
"METTL14",0.105510175517141,-0.149859844895779,0.181,0.244,1
"ENSG00000258572",0.105522459480754,-2.09165724734553,0,0.016,1
"CDC16",0.105536061685993,-0.619965996619385,0.252,0.337,1
"CCNDBP1",0.105538232424069,-0.160138938693547,0.402,0.477,1
"C4orf33",0.10554114883856,0.745765008494217,0.087,0.047,1
"GPR141",0.10555287957635,0.658864634926124,0.071,0.083,1
"HLA-DQA1",0.105557038842552,0.173920613982402,0.906,0.829,1
"KCNJ15",0.105729280922307,1.11620239853756,0.024,0.005,1
"NFKB2",0.105779476804354,0.301029810051889,0.85,0.803,1
"GLRX5",0.105844737377306,0.270811565088567,0.622,0.492,1
"FKBP3",0.105855094316043,0.517309251948629,0.378,0.28,1
"ORMDL2",0.105915772402571,0.342101811627376,0.362,0.332,1
"GOT1",0.105948901213862,-0.950424994791973,0.087,0.14,1
"TARS1",0.106049483792806,-0.171917934020893,0.488,0.503,1
"NFU1",0.106253359745426,0.753220097272382,0.228,0.145,1
"KANSL1L-AS1",0.106289242996464,1.78497077225359,0.094,0.036,1
"LINC01876",0.10631074220892,-1.69506060398406,0,0.021,1
"PDZD8",0.106318516698154,-0.461343816882004,0.291,0.321,1
"ENSG00000251598",0.106335697135336,-2.20980500076339,0,0.021,1
"GDPD3",0.10637930055384,-1.64084090163884,0,0.016,1
"ENSG00000261386",0.106413225495722,1.44525630993534,0.079,0.031,1
"ENSG00000237938",0.106433615485318,-1.53576305167443,0,0.016,1
"MRPL23",0.106437732679855,-0.542372884380146,0.213,0.337,1
"SLAIN2",0.106511062243871,0.408565439428234,0.402,0.321,1
"ENSG00000265739",0.106589556394459,1.49942508505034,0.024,0.005,1
"USP9Y",0.106636749083658,-0.420823284956871,0.457,0.487,1
"STX18",0.106666898882544,-0.156631142983923,0.409,0.523,1
"ASB13",0.106836922647599,-1.24734876611792,0,0.021,1
"PDE3A",0.106869190131724,0.715333693479225,0.189,0.135,1
"ATRX",0.107062318512595,-0.298877853518164,0.669,0.731,1
"OMA1",0.107082064251509,-1.48151881658273,0,0.016,1
"EPHA4",0.107346453538435,-1.45719200292056,0,0.021,1
"STAP1",0.107467839632988,0.966606129629688,0.165,0.088,1
"SLC25A25-AS1",0.107536782724463,1.8845227589582,0.039,0.01,1
"IQCC",0.107589707613852,-1.44374270093294,0,0.016,1
"PPAT",0.107767528906019,-0.702907070421907,0.039,0.073,1
"ENSG00000263990",0.107913738124748,1.1156224024402,0.047,0.016,1
"ELF1",0.107953938260765,-0.213928673051938,0.858,0.834,1
"KLF16",0.107971345778586,0.774193295879802,0.315,0.218,1
"OCLN",0.108036898167601,-1.46674356777861,0,0.016,1
"SKP1",0.108072684704459,-0.184858966756011,0.929,0.964,1
"CSNK1E",0.108259491047162,0.226340824084242,0.339,0.383,1
"ENSG00000290093",0.10834192713351,-1.48704017530257,0,0.016,1
"HADHA",0.108379530247736,0.318681484733234,0.717,0.632,1
"GNA13",0.108394781941666,-0.459518221266899,0.677,0.705,1
"RXYLT1",0.108443040438165,0.883758146645508,0.173,0.104,1
"ENSG00000289562",0.108547399882988,-1.50771775519825,0,0.016,1
"MGAT1",0.108578087063345,0.422382617505954,0.661,0.57,1
"SLC37A3",0.10865144724034,-0.577312825479293,0.055,0.104,1
"KPNA6",0.108752871352529,0.356712557963777,0.425,0.332,1
"ZC3H12A-DT",0.10875845342418,-0.513008805305556,0.016,0.057,1
"CTSH",0.108838887324967,-0.683836419162344,0.339,0.446,1
"SERPINB1",0.108856185775901,-0.671642969594424,0.638,0.746,1
"WDR5B-DT",0.108972572981499,-0.797695855461639,0.087,0.171,1
"FLJ20021",0.108991186679687,-1.43459872999347,0,0.016,1
"DRAM2",0.109040743944566,-0.430912109295793,0.236,0.254,1
"ENSG00000289317",0.10904760216028,-1.56214048926848,0,0.016,1
"RECQL",0.109084673525357,0.63390180927373,0.409,0.301,1
"TBX21",0.109111105725294,-1.44052765549478,0,0.016,1
"MTRES1",0.109128742023737,1.33321745415173,0.102,0.047,1
"TGFBR2",0.10915545579856,0.490302717561074,0.583,0.497,1
"ARCN1",0.109206961752996,0.122069730407655,0.465,0.523,1
"BRD1",0.109238188318518,0.458389312774684,0.378,0.285,1
"TOR1A",0.109332644633768,0.623020800965612,0.299,0.259,1
"PFDN5",0.109432479772469,0.122116000507992,1,0.99,1
"PPIL4",0.109454104851817,-0.333377036575705,0.394,0.472,1
"RABEP1",0.109509110137505,0.415076507423934,0.559,0.461,1
"ENSG00000289318",0.109532988243346,-1.4121164014393,0,0.016,1
"TMEM187",0.109538289546611,-1.6187613682198,0,0.016,1
"CEBPA",0.109545770317707,0.458814907040308,0.055,0.041,1
"FAM30A",0.109597967830737,-0.542648319665185,0.157,0.161,1
"STAP2",0.109680304528658,-1.41748261966978,0,0.016,1
"IFT57",0.109714594019972,0.532822913123511,0.425,0.316,1
"LINC01138",0.10971792824208,-1.29161889994425,0.118,0.202,1
"RP2",0.109773330247327,-0.530730496043482,0.409,0.534,1
"ZNF587B",0.109852722563422,1.3274803327015,0.094,0.036,1
"SLC33A1",0.109913377061579,-0.298657543520781,0.228,0.249,1
"NAB2",0.109934569398296,-1.09388373675131,0.063,0.155,1
"NUFIP2",0.109987295274815,0.389535745855417,0.622,0.575,1
"SIRPA",0.109996444468896,0.807922325421503,0.15,0.13,1
"CCDC171",0.110093753372325,-1.4394233211439,0.024,0.083,1
"BCS1L",0.11009987496203,1.23923586304565,0.071,0.031,1
"GHRL",0.110450806874887,1.84144828291504,0.063,0.021,1
"KCNE1",0.11054560857302,-1.65904585813482,0,0.016,1
"TMC8",0.110697102397518,-0.692256051810451,0.118,0.202,1
"CD24",0.110760768720569,-1.96159160506573,0,0.016,1
"THOC7",0.11076124110202,-0.174015168289067,0.354,0.363,1
"TSTD1",0.110844968335578,-0.332171941334315,0.283,0.311,1
"IFTAP",0.110869156870462,-1.33472282537024,0.031,0.078,1
"IPPK",0.110898765524421,0.366087911112455,0.142,0.098,1
"ECHDC1",0.111017822489332,0.580804977956851,0.378,0.326,1
"ENSG00000240963",0.11112545308545,0.96695220704528,0.102,0.052,1
"DYNC1LI2",0.111185328399888,-0.288735748921149,0.354,0.404,1
"LSM6",0.111199478101187,0.726486607390828,0.299,0.207,1
"ENSG00000290047",0.11122220859,-1.45361814364666,0,0.016,1
"UBR1",0.111262976615473,-0.489591484759347,0.339,0.435,1
"FKBP8",0.111290139036867,-0.38102817913131,0.472,0.601,1
"MAGEF1",0.111311050655946,-1.34954618508357,0.031,0.098,1
"TMEM268",0.111316469628871,0.901856659313868,0.315,0.233,1
"TOB2",0.111328830696628,0.801280930705516,0.346,0.264,1
"GNAS",0.111480169536096,0.230259907664956,0.984,0.99,1
"IGKC",0.111926516700873,-0.973335344628605,0.583,0.43,1
"ZC3H13",0.111972848160353,0.608677092259854,0.48,0.43,1
"AKAP1-DT",0.112023794782094,2.25813392161883,0.024,0.005,1
"ZNF761",0.112099974385447,0.717075486289418,0.142,0.078,1
"ACVR2B",0.112162977071037,1.57349811678457,0.047,0.01,1
"MYBL2",0.112236610101606,0.932197968941575,0.291,0.197,1
"SUMF1",0.112287820879729,0.955436619592156,0.236,0.15,1
"SCUBE2",0.112463841927202,-2.00592406472172,0.008,0.047,1
"ENSG00000257058",0.112463904075622,-1.39442990135198,0,0.016,1
"TBC1D20",0.112464266491354,-0.549253624325706,0.189,0.244,1
"ENSG00000290674",0.112561525245515,-1.42754982340427,0,0.016,1
"EXO5",0.112585825185045,1.86141246405748,0.055,0.016,1
"SMDT1",0.112636952939627,-0.305876890567572,0.63,0.746,1
"ENSG00000238142",0.112685568776789,-1.49015330408956,0.039,0.104,1
"ZNF512B",0.112718350910601,-0.471661879959928,0.031,0.062,1
"C18orf21",0.112730070781981,0.806947523104854,0.205,0.124,1
"SNURF",0.1127957180883,2.1646185433553,0.047,0.01,1
"KIF14",0.112802304575474,-1.33310431848463,0,0.016,1
"GRB2",0.112824880033911,0.229572124851781,0.874,0.845,1
"TMEM147-AS1",0.112851341535745,-2.00539272567908,0.008,0.041,1
"COA1",0.112856847597568,0.509718468201716,0.299,0.259,1
"ZNF131",0.112891341236645,-0.164939915792825,0.425,0.394,1
"SAT2",0.112897563339081,-0.39069327156656,0.354,0.446,1
"TAOK1",0.113061136855489,0.366033994695535,0.63,0.544,1
"ENSG00000291228",0.113104642121564,0.798916080270991,0.197,0.124,1
"RDH11",0.113143593598956,-0.750977726571739,0.094,0.166,1
"IKBIP",0.113182874364565,0.79049041871657,0.268,0.181,1
"ENSG00000276728",0.1132039654924,-1.50461877762186,0,0.016,1
"KIFC2",0.113204553159054,0.188578773854807,0.11,0.073,1
"IRAK1BP1",0.113216827515895,1.09987553812726,0.11,0.057,1
"HGF",0.113283466655389,-1.75454967779463,0,0.016,1
"LAMC1",0.113309435788389,-1.07150995436842,0.055,0.114,1
"MBOAT2",0.113443095571338,-0.998265156812366,0.047,0.13,1
"BBS10",0.113528037174223,-1.5387503576038,0,0.016,1
"ENSG00000272750",0.113575134075767,-1.78828905106859,0.008,0.041,1
"MCTP1",0.113588768080783,-0.435639482719747,0.409,0.528,1
"NDRG1",0.113605282070684,-0.270691012447775,0.276,0.389,1
"MED31",0.113826172532872,-0.637736884075349,0.142,0.244,1
"MND1",0.113849292375635,2.31816175549552,0.031,0.005,1
"PHF2",0.113914848430356,1.27920767685036,0.165,0.098,1
"ACTR3B",0.114046470119495,-0.880842944816687,0.016,0.052,1
"TP53I3",0.114060425133599,-1.0067181293159,0.055,0.135,1
"ARRDC2",0.114099547444071,0.145050094397726,0.339,0.28,1
"SP2-AS1",0.114306817674383,1.79981808052311,0.024,0.005,1
"RIOK2",0.114316752920764,0.284469511820957,0.205,0.155,1
"ENSG00000288930",0.114334111056885,-1.3735290486572,0,0.016,1
"GAS6",0.114558431742503,0.284721886113978,0.488,0.508,1
"KCNC3",0.114681691558781,-1.29788373041516,0.031,0.088,1
"FAAP100",0.114714325664652,-1.28673370987065,0.031,0.088,1
"CHD6",0.114937154778518,-0.470410283408365,0.354,0.451,1
"PRR12",0.115124939056685,0.531088039308958,0.22,0.13,1
"EDA",0.11527582522881,-1.62815145276821,0,0.016,1
"NARS1",0.115317955082422,0.588047917932869,0.457,0.347,1
"DARS1",0.115525628958598,0.353979608256989,0.409,0.373,1
"CYP2U1-AS1",0.11562528784746,1.58856375648868,0.047,0.016,1
"FGFBP3",0.115638908419345,-1.29868120886711,0,0.016,1
"GFI1B",0.115681683399601,-1.58232141721025,0,0.016,1
"DPYD",0.115751577357439,-0.841324202627174,0.236,0.373,1
"TXNL1",0.115798496575781,-0.193504311681583,0.559,0.689,1
"IRF9",0.115950822592137,0.177039261186864,0.748,0.668,1
"PPP2CB",0.116081218797218,0.242311029748589,0.331,0.259,1
"PARP8",0.116119439372959,0.441483721800285,0.354,0.249,1
"RALGDS",0.116231542337434,-0.432606130213077,0.394,0.523,1
"ENSG00000291073",0.116465881800027,-0.412076947326168,0.425,0.409,1
"ENSG00000260267",0.116629701840136,1.7316732496455,0.024,0.005,1
"ZNF117",0.116721585968555,-1.22286544116779,0,0.021,1
"GATAD2B",0.116860301427632,0.237111174322921,0.63,0.658,1
"IDS",0.116953604877291,0.281089974579811,0.937,0.917,1
"LRRC8A",0.116972401904124,-0.589055002578911,0.118,0.202,1
"PML",0.116976490260935,0.217874095173366,0.268,0.29,1
"MAPK1IP1L",0.117009110527907,0.206799906410476,0.843,0.772,1
"DNM2",0.117028978312599,0.374030743956563,0.543,0.523,1
"LINC01088",0.117055554399956,-1.99622683940737,0,0.016,1
"MGST3",0.11722266153099,-0.299346006528801,0.386,0.513,1
"RFK",0.117443658109895,-0.804240391760258,0.15,0.212,1
"DOCK3",0.117504578890802,0.41416195896137,0.079,0.041,1
"KLF8",0.117531052867122,2.47439170340287,0.031,0.005,1
"RPL4",0.117579974674624,-0.138269627429837,0.984,1,1
"SLC20A1",0.117621391024405,-0.697511614020007,0.402,0.461,1
"RGPD4",0.117770257907021,-1.29692676896353,0,0.016,1
"JOSD1",0.117798589342349,-0.595711526241785,0.394,0.534,1
"KRBOX5",0.117817550453144,0.963243454553244,0.205,0.13,1
"SLC25A1",0.118028577531992,-1.35144979014141,0.102,0.197,1
"REST",0.118028602541022,0.262189045370281,0.661,0.637,1
"HDGF",0.118055370856525,0.166659368540825,0.614,0.554,1
"ST3GAL1-DT",0.118188972793573,-1.32173129732988,0,0.016,1
"BMI1",0.118293651659066,-0.605354696241071,0.173,0.223,1
"ENSG00000286263",0.11835127370192,-1.91005809780123,0.008,0.047,1
"ENSG00000226471",0.118424321262251,1.04133838002918,0.181,0.098,1
"CCDC117",0.118634811035901,-0.73642407964872,0.11,0.176,1
"SDR39U1",0.118698839040258,0.63929274915554,0.409,0.295,1
"OSBPL11",0.11878002386576,0.330610904420814,0.283,0.28,1
"RHOT1",0.118807711837799,0.589574175450151,0.22,0.202,1
"AUP1",0.118860771918921,0.233119671948754,0.732,0.637,1
"SP110",0.118967660536925,0.543781763765893,0.512,0.44,1
"AP1G2",0.118998618903694,-0.713376092154568,0.126,0.212,1
"C4orf3",0.119431011426136,0.374095170694671,0.669,0.632,1
"HSPA1L",0.119500314870114,-1.27641283638982,0,0.016,1
"TLN1",0.119558647468876,0.324291819689486,0.724,0.684,1
"HERC3",0.119605847965096,0.603856998863113,0.268,0.207,1
"PNOC",0.119626617087475,1.32182384161829,0.142,0.078,1
"EBF4",0.119633738445292,-1.30124109395462,0,0.016,1
"ZNF529-AS1",0.119735593501463,0.93532448533339,0.102,0.052,1
"ZNF280C",0.119866864740467,-1.4468107869659,0.024,0.073,1
"CNOT9",0.119937225499328,-0.551693909044972,0.315,0.363,1
"ZC3HC1",0.11993974394594,-0.890520502431461,0.055,0.13,1
"WDR27",0.119954604157205,-1.24161939852997,0,0.016,1
"NUDT10",0.119960117096161,-2.04360161654464,0,0.016,1
"TMEM255B",0.119973903578032,-1.36778044176645,0,0.016,1
"SRSF2",0.120021872007755,-0.181946740754445,0.984,0.99,1
"EMC10",0.12002603138195,0.601130961927229,0.465,0.383,1
"COG3",0.120163137015983,0.689592885206483,0.528,0.42,1
"ZNF749",0.12019036194998,1.42021250669399,0.063,0.021,1
"ITGA2",0.120248094381223,-1.27072075059665,0,0.016,1
"TIAM2",0.120281342492697,0.932687449985602,0.173,0.119,1
"SPTLC3",0.120485367655006,-1.27067714910729,0,0.016,1
"MTF1",0.120600455249005,0.881067946052,0.205,0.15,1
"LRPAP1",0.120643273118822,-0.263615467352822,0.37,0.492,1
"LINC02976",0.120721090854249,1.19143463374937,0.157,0.083,1
"DNAH9",0.120741300281205,-1.23640594126617,0,0.016,1
"RBIS",0.120807172581341,0.403349662992442,0.74,0.694,1
"TBC1D12",0.120819020718752,0.586159980666406,0.323,0.285,1
"ENSG00000290285",0.120861843604188,1.70985133663465,0.024,0.005,1
"IQCA1",0.12095940870048,-1.45752330799986,0,0.016,1
"FBXO7",0.121044507171866,-0.324479565525959,0.598,0.668,1
"ZNF407-AS1",0.121117820333108,0.897118747046135,0.268,0.176,1
"SMG8",0.121148637141392,0.910105912026405,0.126,0.067,1
"SPDYE2",0.121226844856624,1.24520486889036,0.063,0.031,1
"ASPSCR1",0.121307858247604,0.66854842558592,0.197,0.119,1
"STAT5B",0.121320284409428,-0.128471828059517,0.22,0.316,1
"TBC1D14",0.121504341882866,0.371346712536696,0.291,0.197,1
"DUBR",0.121712267355152,-1.30703808843345,0,0.016,1
"PTPRE",0.121808531014594,0.331712565434283,0.85,0.767,1
"MB21D2",0.121812808268024,1.32494882542686,0.024,0.005,1
"RPL22",0.121858453488176,0.136170113133849,1,0.995,1
"SMIM14",0.122109804012901,-0.429241119863585,0.433,0.56,1
"ENSG00000290856",0.122116044225258,0.864283804785168,0.197,0.124,1
"KCTD13",0.122136073765421,1.01517361489853,0.165,0.093,1
"SMYD3",0.122303448563244,0.281270739028227,0.197,0.223,1
"TUBB4B",0.122304779404835,-0.144989044836705,0.827,0.788,1
"CHN2",0.12231123908493,-0.964076386675362,0.268,0.383,1
"MROH6",0.122410678179254,-1.26523480812819,0,0.016,1
"AQP9",0.122580016535079,-1.52912683730596,0,0.016,1
"ZNF622",0.122631881501579,0.481114191814886,0.386,0.337,1
"NETO2",0.12269605002237,-1.28555985013215,0.031,0.093,1
"ALMS1",0.122710602364988,0.605196176975197,0.307,0.238,1
"NISCH",0.122731386407417,-0.739278787160205,0.094,0.14,1
"ITFG2-AS1",0.122750546989059,1.05659662398874,0.055,0.016,1
"SYT11",0.122854488232686,-1.99327425896619,0.016,0.057,1
"CHD8",0.122864076213705,0.353069024054072,0.496,0.404,1
"GLO1",0.122896303820898,0.479408474290152,0.449,0.352,1
"DNAJC5",0.122921235446145,0.364093089841931,0.433,0.347,1
"PEX7",0.123043200306855,-0.817493692040188,0.024,0.062,1
"ENSG00000288156",0.123053631059455,-1.21693809323873,0,0.016,1
"LYST",0.123098514658005,-0.447551984734304,0.37,0.508,1
"GM2A",0.123187677822231,0.599507513054333,0.378,0.29,1
"ZNF879",0.123254223291455,1.62020095516368,0.063,0.021,1
"KCNQ1OT1",0.123265465361326,-0.451424580327783,0.079,0.15,1
"SUGT1P3",0.123307965682161,-1.44743710655299,0,0.016,1
"CEP170",0.123315005686284,-0.520071425516925,0.449,0.575,1
"ABCA2",0.12332128211739,0.452045878338739,0.079,0.098,1
"ILRUN",0.123331683205796,-0.566196003254102,0.197,0.321,1
"ENSG00000288882",0.12340532116228,-1.40551787846574,0,0.016,1
"GYPE",0.123420556238175,-1.35300972334984,0,0.016,1
"RNF169",0.123530556928087,0.700589833961343,0.283,0.218,1
"CACNB4",0.123561060888197,1.85868527121499,0.024,0.005,1
"PRR5",0.123573378889293,-1.42265933984626,0.063,0.135,1
"PGPEP1",0.123592788431842,-0.672848084509355,0.039,0.098,1
"YPEL5",0.123684885671741,-0.157757810021448,0.843,0.845,1
"ADGRG1",0.123686665394343,-0.792939481151728,0.063,0.13,1
"SDF4",0.123810834704937,0.289221563438107,0.614,0.617,1
"SLC25A5",0.123824799535736,-0.188009274933313,0.906,0.927,1
"LINC02067",0.123828126466267,-1.27026438496097,0,0.016,1
"EIF4E2",0.123880970627826,-0.136404466311874,0.472,0.472,1
"COPS7A",0.12392276977897,0.937952377101311,0.213,0.124,1
"SENCR",0.123997980727142,-1.22922377994574,0,0.016,1
"RGCC",0.124012607149844,0.197209330257493,0.48,0.585,1
"SDC2",0.124119700687702,1.13176419329521,0.063,0.031,1
"POLR3K",0.124185222905992,0.730172958434261,0.236,0.14,1
"C9orf78",0.124240490811086,-0.354324524364029,0.496,0.58,1
"PRKCQ",0.124253484354746,-1.06199027855072,0.024,0.073,1
"STXBP5-AS1",0.124302540320412,-1.24415572309586,0,0.016,1
"TRAPPC4",0.124311189920986,0.225137148660623,0.465,0.389,1
"TERF2IP",0.124314423548794,0.406862627038269,0.748,0.699,1
"ENSG00000291101",0.124399391841934,-1.25545851392664,0,0.016,1
"KLRB1",0.124427556170016,-1.27313283834677,0,0.016,1
"VAMP5",0.124516650845157,-0.457777199471582,0.126,0.218,1
"FLI1",0.124535097298171,0.32349816400271,0.323,0.223,1
"ENSG00000277969",0.124610267848838,-1.28710257066063,0.039,0.088,1
"LACTB",0.124657907626275,0.275382166032967,0.504,0.523,1
"HUWE1",0.12466534170803,-0.334779256116267,0.362,0.497,1
"CDKN2A",0.124729271079697,-1.21222757000818,0,0.016,1
"CLIP3",0.124865834814226,-0.580342192014204,0.008,0.031,1
"CTNNBL1",0.12487298667354,-0.382703955884641,0.37,0.503,1
"DUSP11",0.124985282777637,0.575364829795242,0.417,0.337,1
"OTOF",0.125014288185371,-1.19831673584272,0,0.016,1
"LINC02482",0.125090647107708,-1.27956766258682,0,0.016,1
"MCM9",0.125201056222828,0.500842773786737,0.276,0.187,1
"COL6A1",0.125317418983699,-1.29949283680589,0,0.016,1
"SLC26A2",0.12532731834178,-0.135264306369389,0.087,0.109,1
"FAHD2A",0.125352088759773,-1.54265955630478,0.039,0.104,1
"NFKBIL1",0.125359272257518,0.108724428795692,0.205,0.171,1
"DYRK1A",0.125374303882354,-0.353657984013007,0.48,0.585,1
"TRIM16L",0.125426479167385,-1.49251147076092,0,0.016,1
"RAB4B",0.125528269359321,0.180699855643324,0.386,0.43,1
"TFAP2E-AS1",0.125540776080549,-1.68936560064624,0.008,0.041,1
"RBM41",0.12556500106787,-0.363875325738794,0.142,0.223,1
"SETD1B",0.125642073189017,0.527586266632197,0.417,0.373,1
"ZSCAN25",0.125659028810118,0.993394057739864,0.11,0.067,1
"FDX1",0.125668146942162,0.39058416759161,0.528,0.472,1
"XNDC1N",0.125725741722652,0.784595693710261,0.118,0.057,1
"MRM3",0.125942951653243,0.777612286197952,0.181,0.109,1
"ENSG00000250917",0.126037131678046,2.49544256839504,0.031,0.005,1
"ZNF654",0.12604931912091,-0.536702448665496,0.236,0.342,1
"TBL2",0.12609535231456,-0.890641606542163,0.071,0.15,1
"HTT",0.126095806361855,-0.106796735781467,0.346,0.44,1
"MAPK12",0.12612968204983,-1.90139317201343,0,0.016,1
"SUFU",0.126193775166748,0.95572969014654,0.157,0.093,1
"ATXN2",0.126348367496087,-0.24682956598607,0.378,0.383,1
"TBC1D10B",0.1264219389423,-0.210008466518457,0.307,0.316,1
"TUBB4A",0.126599886173609,-1.26296917004792,0,0.016,1
"ARL6IP4",0.126601199900609,-0.1223913671662,0.724,0.699,1
"PNPLA7",0.126636281233504,-1.20858750497666,0,0.016,1
"NEK3",0.126639533206969,1.47358006496868,0.063,0.026,1
"CTNS",0.12670447001283,0.234143333974957,0.197,0.145,1
"NABP2",0.12672638204907,-1.41391057800387,0.016,0.062,1
"FAF2",0.126730741061689,-0.533495806647472,0.283,0.368,1
"EIF4ENIF1",0.126737696611037,0.698054969023077,0.283,0.181,1
"NUBP2",0.127075263356218,0.290225774125016,0.291,0.223,1
"SLC66A3",0.127092507010759,-0.967659294733491,0.071,0.15,1
"MDN1",0.127200280615468,0.627471370195558,0.244,0.15,1
"DNAJC27-AS1",0.127322003260771,2.12257073092555,0.047,0.01,1
"ARID5B",0.127361870099112,-0.739725902112282,0.063,0.15,1
"UQCC5",0.127395491345706,0.497686732145814,0.244,0.176,1
"TTC21A",0.127569568182347,-0.47066628273654,0.016,0.036,1
"VANGL1",0.127614389706325,-0.959559050278321,0.031,0.093,1
"RANBP6",0.127736100775681,-0.556179182254507,0.134,0.228,1
"DOCK9",0.128131673765243,-1.29162979330635,0.024,0.073,1
"LINC01011",0.128160658057731,1.19798935695094,0.024,0.005,1
"GPR146",0.128167881615421,0.959970771889844,0.197,0.13,1
"SEPTIN6",0.128229023916787,-0.194888441391911,0.819,0.813,1
"TLR9",0.128302871135129,0.750413615148747,0.331,0.218,1
"STAG1",0.128875808049127,0.251945130522666,0.787,0.689,1
"ELL",0.128948694632493,0.47296188319105,0.276,0.259,1
"NOTCH2NLA",0.129081263190561,-0.431952207679815,0.26,0.373,1
"C20orf96",0.129136030258435,-1.74973926232415,0.016,0.062,1
"CNOT7",0.129262671101205,0.408036655531177,0.535,0.425,1
"NSD2",0.129320151374009,0.76525992630899,0.409,0.321,1
"LILRA4",0.129333937223793,-0.233704595753563,0.402,0.358,1
"ENSG00000291188",0.129346361225743,0.395945229244463,0.26,0.269,1
"IL1RN",0.129354310028045,0.736887162592859,0.079,0.135,1
"SRSF6",0.129455155847808,-0.344684971634333,0.465,0.591,1
"PPP2R3B",0.129522678588861,-1.89327081721756,0.008,0.041,1
"TRAF4",0.129603444615824,0.419245061405011,0.701,0.565,1
"PPP1CB-DT",0.129717014707128,1.25726110830588,0.024,0.005,1
"NDFIP1",0.129765096396267,-0.375373545702131,0.528,0.632,1
"RPL22L1",0.129770959778432,0.249365105989095,0.709,0.617,1
"PRDM2",0.129966696639235,0.511959812984396,0.496,0.399,1
"RBL1",0.130058646459294,1.15558278164133,0.157,0.088,1
"CCNT1",0.130103814748962,-0.102777527275943,0.268,0.28,1
"TAF15",0.130114030217073,0.275692416718138,0.567,0.596,1
"ERRFI1",0.130192639986104,-1.50731288744811,0,0.021,1
"ERLIN1",0.130381540481425,0.126895777981862,0.11,0.093,1
"MATR3",0.130387559108495,0.168851917078104,0.898,0.834,1
"C1orf198",0.130392450587013,2.05902602758304,0.024,0.005,1
"GNPTG",0.130425002411748,-0.172773891237509,0.268,0.373,1
"IL18",0.130508848482783,-0.740473384882529,0.126,0.238,1
"ARHGAP19",0.130545899541699,-1.77703318535154,0.016,0.057,1
"SLC51A",0.130564659133076,1.85569928652255,0.047,0.01,1
"IMPG2",0.130587485068756,1.79731173329407,0.031,0.005,1
"FPR1",0.130751448681881,-0.457968964164483,0.11,0.212,1
"OTULINL",0.130787784932415,0.497429198270266,0.409,0.337,1
"SEMA7A",0.130811950381256,-0.452415229049784,0.425,0.477,1
"NEK5",0.130834665087453,-1.17033282726224,0,0.016,1
"CLCC1",0.130866134365846,-0.734536667846578,0.087,0.135,1
"ENSG00000291131",0.1308772876175,1.93374564531218,0.047,0.01,1
"MAF",0.130947799501471,-1.46934102195729,0,0.016,1
"RNF144A",0.130992986831445,-0.535310107627917,0.016,0.047,1
"GOLGB1",0.131048333869958,0.296804194104105,0.654,0.632,1
"CTSA",0.131068455794389,-0.302770089358895,0.22,0.249,1
"CFAP251",0.131131963996583,1.53962029683537,0.063,0.026,1
"LGALS3BP",0.13113417114038,-0.916897578066366,0.039,0.104,1
"CISH",0.131326897879619,1.08631929090305,0.173,0.093,1
"FADD",0.131340062281415,0.243302015036691,0.181,0.135,1
"ZNF26",0.131353873704104,0.944068762264621,0.118,0.062,1
"KDM6B",0.131395854445796,-0.295039928366928,0.843,0.855,1
"PCOLCE",0.13141787644348,-1.18707461650235,0,0.016,1
"KIAA1549",0.131425259100966,-1.81131426080379,0,0.016,1
"PIBF1",0.131481863079644,0.761731268219349,0.307,0.238,1
"OXSR1",0.131523963555292,-0.446349610894137,0.472,0.472,1
"SYTL3",0.13168374396904,0.494229883748932,0.236,0.254,1
"ITGAX",0.13169742551747,-0.746915891214887,0.26,0.332,1
"ZFAND3",0.131753699342221,-0.217001328657509,0.78,0.777,1
"DAPK3",0.131759056126693,-0.270419104096505,0.157,0.197,1
"ACVR1B",0.131794295158624,-1.31614930854598,0.024,0.073,1
"PACC1",0.131834048424508,0.375562840646818,0.157,0.098,1
"CCDC126",0.131834340988351,-0.812376159512982,0.094,0.15,1
"HACL1",0.131876393706245,-0.733584023790815,0.118,0.202,1
"GPM6A",0.131943678974827,1.80726769128056,0.024,0.005,1
"ZNF621",0.131948390113014,-0.910417574777001,0.055,0.104,1
"NKIRAS2",0.132085236012985,0.263683249275682,0.488,0.399,1
"ZNF791",0.132110853514486,0.251184013186975,0.48,0.523,1
"KLF3",0.132239417991323,-0.612168065140111,0.331,0.461,1
"ASCC2",0.132252920160865,-0.13192616113896,0.299,0.295,1
"SLC43A2",0.1322643474805,0.312581204993813,0.63,0.544,1
"ZNF280D",0.132352362853472,0.587600552983384,0.299,0.223,1
"TIMM23B",0.132358170268215,0.146524403442162,0.189,0.15,1
"ALKBH6",0.132408134751614,-1.45168376819033,0.024,0.078,1
"ENSG00000223732",0.132460782830838,1.77913728453569,0.024,0.005,1
"H4C4",0.132765642844725,-1.49687150796909,0,0.016,1
"KIF21B",0.132822363696791,-1.64510307205698,0.016,0.057,1
"KLRC4",0.132884835972666,3.16046802657699,0.024,0.005,1
"COL18A1",0.132908752842482,-1.60904587545055,0.016,0.062,1
"SMC2",0.132976950946742,0.15182283976175,0.126,0.078,1
"NAP1L5",0.13299866344765,-0.723344691882363,0.016,0.052,1
"SLC18A2",0.133009910834022,1.27666723720772,0.024,0.005,1
"RUBCNL",0.133026061367792,0.374650875611775,0.551,0.425,1
"ZNF555",0.13303505882567,0.256806704180054,0.157,0.109,1
"DNAH6",0.133051254037392,-1.17459555508437,0,0.016,1
"HERPUD1",0.133218866234346,0.251503838861262,0.866,0.813,1
"TMED1",0.133466778290832,-0.643020910038176,0.063,0.13,1
"PKM",0.133471843229288,-0.241797900659312,0.85,0.834,1
"ITGAV",0.133514177511745,-0.360050755290206,0.346,0.492,1
"IVD",0.133549464259929,0.454728669668848,0.291,0.249,1
"MRPL2",0.133621549141274,-0.27310116600049,0.213,0.223,1
"FLT1",0.133698734178758,-0.714285076968857,0.016,0.057,1
"SH2D3C",0.133780852112226,0.513056501133206,0.598,0.466,1
"MRPL33",0.13381337060937,0.307101265546,0.504,0.518,1
"HELB",0.133820510295862,-0.852861174444256,0.055,0.114,1
"CD3D",0.133863828000533,-1.93185320512202,0,0.016,1
"ABCE1",0.133897144695363,0.479486148310232,0.465,0.342,1
"AFDN",0.133908537325563,-1.17408574639754,0.031,0.088,1
"SPDYE2B",0.133935392127887,-1.51890358782522,0.016,0.057,1
"TMEM191A",0.133958790717549,-2.24160221181485,0.016,0.067,1
"SHFL",0.133994073807597,-0.523115423796725,0.087,0.161,1
"CAMLG",0.134070338789734,-0.121118258543284,0.362,0.466,1
"ZNF708",0.134177528415844,0.672621469255558,0.205,0.135,1
"LINC02803",0.134311014103326,1.78225720970264,0.031,0.005,1
"LINC00662",0.134403372081863,1.09125948353212,0.134,0.104,1
"SREBF2",0.134475547128133,-0.571453629488136,0.244,0.342,1
"ARHGEF12",0.134486148548497,-1.61185564439057,0.024,0.083,1
"BCORP1",0.134520456141603,-1.45373868865809,0,0.016,1
"RAB24",0.134734798832846,-0.174952353369247,0.299,0.295,1
"GRAMD2B",0.134884919182243,-0.750958850358121,0.15,0.264,1
"ENSG00000287299",0.134888266035965,-1.68253340984096,0.008,0.047,1
"PSMG1",0.134894354981357,-0.72665481809431,0.087,0.14,1
"SKI",0.135038005567947,-0.548029994592319,0.299,0.425,1
"CCSER1",0.135115820174128,-0.479231499954814,0.26,0.399,1
"DOP1A",0.135149736780381,0.847845354680344,0.26,0.187,1
"POLN",0.13523000096837,2.1838217811682,0.047,0.01,1
"ZSWIM8-AS1",0.135298560909194,1.61950794919514,0.047,0.01,1
"UBA6",0.135325028840226,-0.271265301803242,0.402,0.534,1
"DYNC2H1",0.135343821262213,1.26250887363083,0.024,0.005,1
"MDN1-AS1",0.135349431565387,-1.21323071135137,0,0.016,1
"CCDC12",0.135420647476238,0.300889968167789,0.701,0.725,1
"ENSG00000253356",0.135433474036012,-1.36218113828476,0,0.016,1
"GSTM1",0.135611415949869,0.135727124450455,0.228,0.192,1
"ADGRB1",0.135663382258091,-1.46925791893141,0,0.021,1
"ENSG00000258740",0.13571460916465,-1.21513787564216,0,0.016,1
"SLCO4C1",0.135754896390912,-1.15144585480769,0,0.016,1
"MLLT11",0.135790016501343,-1.15979731813754,0.047,0.098,1
"GADD45A",0.135804560255434,-0.470400987024352,0.055,0.073,1
"USP36",0.135853770441086,-0.457157346646648,0.291,0.358,1
"CD2AP",0.135892437228148,0.11869248574362,0.638,0.699,1
"TAF5",0.135941153264758,1.64124750187539,0.11,0.052,1
"CDYL",0.135977223105956,0.286406936453077,0.614,0.622,1
"YPEL1",0.136094040351766,0.128880867953908,0.102,0.078,1
"NR1D1",0.13611385437659,2.1307158775844,0.024,0.005,1
"TGM2",0.136262293615845,-1.57105042458798,0.031,0.098,1
"KPTN",0.136268608771475,-0.793612882568355,0.094,0.13,1
"L2HGDH",0.136322216929615,-1.16530514876475,0,0.016,1
"NUP210L",0.13635074520335,-1.78318895638279,0,0.016,1
"RBMS1",0.136470857144754,0.540548925627372,0.583,0.487,1
"GLIPR1-AS1",0.136524255555149,2.48594348342444,0.047,0.01,1
"ZYX",0.136622499380002,-0.276918782991379,0.669,0.782,1
"PSME2",0.136671297153588,-0.351773373808927,0.803,0.819,1
"PRKRA",0.136752163804604,0.353320150830982,0.417,0.316,1
"KIAA0232",0.136800229041398,-0.552067047722663,0.378,0.477,1
"VAC14",0.136840727735272,0.307531496293405,0.157,0.119,1
"RPRD1B",0.136853422679978,0.15068421109066,0.26,0.223,1
"TLE3",0.136926319860627,0.323454549176007,0.528,0.43,1
"CYB561",0.137011262498026,-0.804317439313477,0.047,0.114,1
"ADAM17",0.137103713706212,-0.165204082210748,0.465,0.466,1
"RTCA",0.137118760566871,0.769556959237601,0.244,0.155,1
"CUTA",0.137194399679343,-0.377926553415342,0.48,0.606,1
"ENSG00000289182",0.137346594264386,-1.15414614356532,0,0.016,1
"FMC1",0.137392479723705,0.226797148499813,0.165,0.13,1
"ENSG00000288898",0.137407446468898,0.308729269530351,0.047,0.021,1
"LINC01409",0.137573493918222,0.9935696151954,0.094,0.047,1
"ENSG00000288879",0.137617501989737,-1.46869307640654,0.039,0.083,1
"LEMD2",0.137646602421702,1.16242487075259,0.157,0.093,1
"OASL",0.137655449990566,-0.957110251686084,0.063,0.14,1
"ST3GAL2",0.137676724781123,0.657861492660719,0.276,0.223,1
"VKORC1",0.137717456575144,-0.322802782896064,0.291,0.321,1
"ATRAID",0.138004074742527,0.489059351215864,0.425,0.326,1
"FASTK",0.138016680047975,0.62786458728853,0.244,0.187,1
"ZCRB1",0.138064101353759,0.295730425861358,0.409,0.332,1
"CHP1",0.138123139302162,0.436749973968195,0.331,0.29,1
"SLC25A20",0.138217435717078,0.91162085705416,0.236,0.155,1
"NCR3",0.138356914442449,1.24394029915152,0.016,0.005,1
"LINC01814",0.138369753039544,-1.37519905426445,0,0.016,1
"MYL6B-AS1",0.138445759874301,1.68445099361133,0.024,0.005,1
"TOMM40L",0.138479240394001,-1.21033308210046,0.024,0.073,1
"VMO1",0.138487791786526,-1.67712027306757,0.031,0.114,1
"NPIPB4",0.138495697540861,0.172949368466099,0.236,0.207,1
"TUBA1B-AS1",0.138604121117058,-0.379259572029976,0.15,0.161,1
"GRK4",0.138637710212762,0.429952432583624,0.087,0.078,1
"SIVA1",0.138700470845293,0.403690093803297,0.78,0.71,1
"ENSG00000261369",0.138769101644462,-1.12395889218733,0,0.016,1
"LSM11",0.138807489532802,-1.12754535140169,0,0.016,1
"UQCR10",0.138816838298699,0.258547701897548,0.882,0.819,1
"VWCE",0.138922813464103,-1.10914142490841,0,0.016,1
"FDX2",0.138995636300743,0.770446063227102,0.11,0.088,1
"MIATNB",0.139006707745432,-0.241431731558581,0.039,0.073,1
"FHL2",0.139094259592697,-2.17045087467493,0.008,0.041,1
"BST1",0.139232647708658,0.430247637398243,0.016,0.026,1
"ANKFY1",0.1393212732051,1.11953629150712,0.142,0.088,1
"SLCO3A1",0.139344633240177,-0.563728073556784,0.26,0.404,1
"BAG3",0.139352084417351,-1.03592594389785,0.15,0.259,1
"SRA1",0.139474174630465,0.436645216882042,0.591,0.518,1
"MAK16",0.1395501827215,1.39246586892353,0.087,0.041,1
"CFAP70",0.139570039651607,1.73661813712217,0.047,0.01,1
"ENSG00000257086",0.139580073098689,0.393407938479167,0.126,0.119,1
"PDCL3",0.139642247963941,-0.714946965933492,0.142,0.238,1
"SGSM3",0.139652829946472,0.523711170835006,0.339,0.238,1
"COPS7B",0.139728079411872,-0.458305504092375,0.118,0.15,1
"NBEAL2",0.139927026588683,-0.540897394246236,0.165,0.28,1
"SNAP47",0.1399690586853,1.05823843910052,0.118,0.057,1
"BRI3",0.139971914306634,0.241478878702361,0.921,0.896,1
"ZNF747",0.140007756098599,0.888278025143015,0.087,0.041,1
"CCDC186",0.140114713345091,0.568562677264673,0.496,0.389,1
"DBF4B",0.140194351958049,1.70539306352194,0.079,0.031,1
"RNASEL",0.140204300676189,2.3748015794812,0.024,0.005,1
"COX6C",0.140241213674096,0.193612484564399,0.937,0.938,1
"ZNF821",0.140312492396068,-1.2413437113781,0.031,0.104,1
"SYK",0.140459873258172,0.377962526188137,0.756,0.731,1
"SLC35A1",0.140598730027832,-0.746362463711097,0.118,0.202,1
"PDE4B",0.141021217536851,-0.295348729308063,0.748,0.736,1
"PSMD14-DT",0.141055035832256,-2.25632718912442,0.008,0.041,1
"ENSG00000237461",0.141232328748975,1.90168867611587,0.031,0.005,1
"ZNF726",0.141295374086346,1.59897964181495,0.055,0.016,1
"ZNF433",0.141302757939839,-1.21197232954015,0,0.016,1
"LTO1",0.14139781733799,-0.882408438693077,0.087,0.166,1
"RBFA",0.141495537795197,-1.01100077636651,0.071,0.15,1
"MAFB",0.14159657064626,1.14646108569652,0.079,0.067,1
"USP3",0.141636387783483,-0.364532812476686,0.496,0.617,1
"EEF1B2",0.141741002054545,0.176794774356944,0.992,0.995,1
"ADGRE5",0.1418339406268,-0.249298580819331,0.772,0.803,1
"VPS13C",0.141838036665823,-0.126124867696697,0.583,0.585,1
"FAS",0.141839087805549,0.52657546757715,0.252,0.187,1
"MOV10",0.141883180524857,-0.79916922352691,0.031,0.093,1
"CSRNP1",0.142037685788512,-0.289853193915625,0.583,0.622,1
"ENSG00000232811",0.14211552252974,-1.09196607034875,0,0.016,1
"DNAAF1",0.14219697036943,-1.74727595361054,0,0.016,1
"ENSG00000289156",0.14219994801358,-0.895804825619888,0.039,0.093,1
"IMP4",0.142232579476669,0.677470199978011,0.291,0.202,1
"IGHMBP2",0.14226953940894,0.704865639353129,0.142,0.083,1
"CNOT8",0.142274756484475,-0.413052986114003,0.386,0.513,1
"RBBP6",0.142455910149324,0.309334698230623,0.614,0.627,1
"ENSG00000288917",0.142633267898821,-1.20159945366404,0,0.016,1
"HCFC1R1",0.142681579138848,-0.112144475567919,0.165,0.249,1
"ENSG00000290588",0.142689584578654,-0.690476087262248,0.008,0.031,1
"ENSG00000291236",0.142724569224286,-1.17419725902235,0,0.016,1
"MRPS22",0.142744840857343,-0.287404252803838,0.268,0.29,1
"LGALS8",0.14277563892134,0.570982451386036,0.236,0.212,1
"ENSG00000257579",0.142788563715401,-1.07246372422508,0,0.016,1
"ENSG00000290927",0.142834116557981,1.21967469980442,0.118,0.062,1
"PIP5K1B",0.142845315124518,-1.3401085137566,0.039,0.093,1
"RNF165",0.142890802018786,-1.79990088136042,0.016,0.052,1
"GCA",0.1429076968133,0.600914755934906,0.37,0.285,1
"MAGOH",0.143184347960492,-0.113957858812231,0.748,0.741,1
"WDFY3",0.14319843001331,0.376972998585948,0.134,0.155,1
"EXOC1",0.143205734625782,-0.651212673451798,0.181,0.269,1
"ITGAM",0.143207471833371,1.17688521350625,0.094,0.036,1
"DAZAP2",0.143363436271076,0.146168129584986,0.929,0.876,1
"EFCAB6",0.14346173218222,1.70687961537262,0.047,0.016,1
"CTSD",0.143674769656175,-0.480382022310355,0.291,0.383,1
"ENSG00000235979",0.143799015364114,-0.798906016596773,0.126,0.228,1
"AKR1E2",0.143836423745589,2.03619592402995,0.031,0.005,1
"PC",0.144040973870323,-1.06816778718981,0,0.016,1
"NDUFAF5",0.144218269195731,-0.969519979329008,0.079,0.15,1
"ENSG00000176868",0.144223365155978,-1.16341209415345,0,0.016,1
"CBR3-AS1",0.144273892710346,1.30844177894673,0.039,0.01,1
"SGMS1-AS1",0.144341251630631,2.22681366266413,0.047,0.01,1
"BTG1-DT",0.144576574379544,1.6714461387696,0.165,0.114,1
"ATF7IP2",0.144610977847541,-0.701324959433084,0.22,0.326,1
"ENSG00000254459",0.144673452779608,-1.3833870134305,0.008,0.041,1
"MAP2K2",0.144802519835209,-0.268566195670413,0.551,0.668,1
"TMEM117",0.144868453269591,-1.25759343989113,0.039,0.093,1
"OGN",0.145032149036115,1.47528571278923,0.024,0.005,1
"CTDSP1",0.145044197462308,-0.382363282924432,0.315,0.342,1
"RPL38",0.145073421540794,0.118178076272747,1,0.99,1
"ENSG00000269399",0.145203246748159,1.87061801940577,0.024,0.005,1
"LAPTM4B",0.145269645574043,-0.771472872770025,0.15,0.192,1
"PEX16",0.145378568560562,-0.198299179883199,0.26,0.275,1
"NAA25",0.145384014788655,0.688716626441708,0.354,0.29,1
"NOD2",0.145608905587319,-0.822030629687018,0.157,0.228,1
"NOP53",0.145780133427192,-0.187706053655806,0.882,0.876,1
"PCSK4",0.145851206000815,-1.14929621997305,0,0.016,1
"LINC00888",0.145945821309297,1.96473143616369,0.047,0.01,1
"SART1",0.146047562762886,0.264593116849838,0.339,0.264,1
"SERINC1",0.146058488875791,-0.269071598836686,0.669,0.772,1
"POLRMT",0.146124761665972,0.611704631109884,0.268,0.181,1
"ORAI3",0.14612620551762,-0.298082441030631,0.252,0.28,1
"TMED6",0.146198146744896,1.33949089155064,0.024,0.005,1
"NUDT12",0.146376076298368,1.39086063822933,0.024,0.005,1
"EMB",0.146419225340448,-0.123892003709591,0.323,0.404,1
"SPCS1",0.146552750038661,0.450188880911056,0.795,0.751,1
"TP53RK",0.146655789978465,-0.668453375024331,0.094,0.145,1
"AGTPBP1",0.14671495409862,-0.230455456862661,0.346,0.358,1
"ZSCAN16",0.146733056556914,0.706956709984751,0.197,0.114,1
"ENSG00000271918",0.14678287882153,0.999847867195723,0.024,0.005,1
"SUMO2",0.147014331830187,-0.119365895078162,0.961,0.979,1
"TRAM1",0.147066666425859,0.352538554982091,0.819,0.772,1
"CD58",0.147102925312299,-0.532896135059601,0.504,0.637,1
"SCML4",0.147202348297938,-1.41432525928074,0,0.016,1
"MRFAP1L1",0.147262279014068,0.487706883161567,0.331,0.238,1
"KPNA2",0.147295758511018,-0.351059657018825,0.331,0.446,1
"TRIM24",0.147359156068421,-0.332003554852276,0.26,0.249,1
"CRTC3",0.147453130157791,0.474785610025928,0.323,0.238,1
"AK9",0.147556368887106,1.43014200209835,0.071,0.026,1
"PTPN1",0.147615191991948,-0.155153098291673,0.606,0.725,1
"ZNF682",0.147635818986722,0.793364650186052,0.087,0.041,1
"CDK5",0.147669235901757,-0.863571442307202,0.055,0.119,1
"SMIM20",0.147733807071968,-0.204873541130796,0.142,0.197,1
"MYCL",0.14775694205992,-0.887862309358179,0.173,0.233,1
"ENSG00000288999",0.147910261810562,0.202668057628569,0.071,0.078,1
"ZNF185",0.147933493002822,-1.10211688583697,0,0.016,1
"UEVLD",0.148035323424665,0.620583228153495,0.15,0.104,1
"RBM5-AS1",0.148190405675648,-1.21237878899584,0,0.021,1
"CDC14B",0.148219694826249,1.29520101479535,0.024,0.005,1
"VPS35",0.148395557863428,0.201020813450208,0.669,0.591,1
"ZFAT",0.148566107548555,0.39423038007745,0.535,0.404,1
"HAUS6",0.148572323085746,0.948409432846034,0.15,0.078,1
"LBH",0.148742111866931,-3.20414612035262,0.008,0.036,1
"ZNF100",0.148775133318268,0.698537803341072,0.283,0.192,1
"TEF",0.148798720694647,-1.12559313831305,0,0.016,1
"SLC10A7",0.148809475014856,-0.633993796712209,0.11,0.145,1
"NRSN2",0.148822511573907,-1.23681162192861,0.008,0.041,1
"HRG-AS1",0.14887060199129,-1.47842526476635,0.008,0.041,1
"STK26",0.14890945672619,-0.285581478703891,0.244,0.347,1
"PTMA",0.149047891850098,-0.115906599509946,1,1,1
"SPPL2B",0.149057299643787,1.15948147161494,0.142,0.073,1
"MAPK8IP3",0.14910642102476,0.547712342956107,0.386,0.306,1
"SEPTIN5",0.149124204458631,-1.85783684575715,0.008,0.036,1
"C19orf53",0.149156424782202,0.378347924915104,0.74,0.663,1
"EIF4EBP2",0.149174477826077,-0.263484501994075,0.409,0.446,1
"ADGRF3",0.149303851441866,2.07800820662729,0.024,0.005,1
"PTPN23-DT",0.149316484563709,1.50483312365927,0.024,0.005,1
"RMI2",0.149339938504127,-2.26826421986965,0.016,0.057,1
"ENSG00000285184",0.14946156639088,-1.11258992908829,0,0.016,1
"CD82",0.149467432475896,0.512239357341134,0.638,0.534,1
"SLCO5A1",0.149471567926444,-0.715478486993678,0.134,0.145,1
"H4C12",0.1495700096356,-1.16809658743723,0,0.021,1
"ATP5PO",0.149577456998543,-0.197208463880305,0.803,0.808,1
"ENSG00000285830",0.149585858182734,1.58462486194959,0.094,0.041,1
"ENSG00000273175",0.149698594997917,-0.40710982361805,0.157,0.207,1
"ENSG00000254452",0.149719859777991,1.61452054647572,0.024,0.005,1
"THOP1",0.149860881380771,0.847853149014863,0.173,0.098,1
"H4C2",0.149888974858428,-1.16150730020117,0.008,0.036,1
"LIN37",0.149917602663266,1.05577072668423,0.165,0.093,1
"H3C13",0.150136235364017,-1.19606482724106,0,0.016,1
"SETD6",0.150252776597009,1.40942863465275,0.071,0.031,1
"ARL6IP1",0.150335784754353,-0.223442079582258,0.827,0.896,1
"SPATA5",0.150486914862378,0.357813156368011,0.126,0.093,1
"TATDN2",0.150589080299229,0.741466340770612,0.236,0.171,1
"CSRP2",0.150613455180043,1.97644236847627,0.047,0.01,1
"H4C6",0.150878753643911,-0.440118817587304,0.039,0.083,1
"DPH5-DT",0.150910118305934,1.11243782184806,0.047,0.016,1
"ZBTB8OS",0.150941776610416,0.566007801102877,0.394,0.301,1
"ENSG00000272345",0.15102715522204,1.09239296634486,0.024,0.005,1
"TUBA1C",0.151110658630613,-0.287655187165076,0.654,0.642,1
"TBCCD1",0.151181972207759,1.61678055684299,0.087,0.036,1
"NSL1",0.151238927663053,0.421557907239164,0.283,0.285,1
"ZNF354B",0.151242681690669,1.04765676629833,0.118,0.067,1
"ENSG00000288904",0.151256000906849,-1.45725860110088,0.008,0.041,1
"DTX3",0.151286033046736,-1.4021536116492,0.024,0.078,1
"KLHL12",0.151475359472193,0.661886849203398,0.102,0.067,1
"N4BP1",0.151542944851171,-0.404924442367913,0.378,0.472,1
"CNKSR2",0.151727695091083,0.592172892148981,0.031,0.01,1
"RBM6",0.151823323131778,0.327856033513002,0.575,0.585,1
"PAFAH1B2",0.151865889836765,0.439679857183524,0.425,0.337,1
"ENSG00000266947",0.151990182497413,-1.34702449225438,0,0.016,1
"WDR73",0.152035873434577,-0.948698920951252,0.063,0.124,1
"PMS2",0.152220267978229,0.594439063431969,0.102,0.047,1
"PAX8",0.152311626888721,1.63224380976423,0.024,0.005,1
"RPS17",0.152451206702241,0.150332291300645,0.976,0.984,1
"DTWD2",0.15245311438346,-1.16706867326163,0.031,0.083,1
"PSMD1",0.152526388730762,0.260518603529549,0.543,0.513,1
"MIER1",0.152555706171068,-0.123104419963616,0.528,0.637,1
"FKBP1A",0.152576651613319,-0.194616946874901,0.78,0.87,1
"FBXW11",0.152673671444814,0.400852246444466,0.591,0.554,1
"TTC12",0.152786322960066,0.122902983791835,0.016,0.031,1
"LTV1",0.152959303836493,0.770810605095535,0.228,0.145,1
"DIAPH1",0.153035632033095,-0.196170294773786,0.457,0.585,1
"TUSC3",0.153172160559576,-1.3718485371938,0,0.016,1
"DPY19L2P2",0.153310125519627,-1.36515453509879,0,0.021,1
"H1-3",0.153333615934529,-0.574485520384866,0.244,0.295,1
"P4HB",0.15342078450198,0.156733492480493,0.803,0.731,1
"CCDC24",0.15349508131398,-1.06299415415922,0,0.016,1
"C5orf58",0.153705777617769,-1.04409625590113,0,0.016,1
"RPL28",0.153853933577969,-0.105505404166183,1,1,1
"CIDEB",0.153988824910233,-1.40668369069708,0.016,0.067,1
"ESAM",0.154058340956168,-1.03881231295306,0,0.016,1
"DDN-AS1",0.154101863944097,0.176059938589211,0.071,0.047,1
"ENSG00000290846",0.154136974350945,1.68924452993312,0.024,0.005,1
"TIPIN",0.154500155137369,-1.15255936795563,0,0.016,1
"NR6A1",0.154531484799017,-0.509411813327332,0.094,0.161,1
"LINC02055",0.154629579442436,2.81543599448372,0.024,0.005,1
"ERCC4",0.154738451019682,-0.515871825879877,0.063,0.13,1
"SLC9A1",0.154743057675855,0.373432823187137,0.063,0.041,1
"MME",0.154817506747618,-1.80763799421185,0.016,0.036,1
"GMPR",0.154957278584818,-0.769663870018287,0.134,0.181,1
"C17orf99",0.154988779753868,-1.09620933629623,0,0.016,1
"KLF2",0.155092575087122,-0.525193672666846,0.047,0.109,1
"IGHV3-30",0.155187374939848,-6.6238486861379,0,0.016,1
"AKT2",0.155236897489625,0.634215664532676,0.307,0.223,1
"ADGRL1",0.155273853300322,0.581260902946097,0.181,0.145,1
"VPS45",0.155307745828269,0.85838500234376,0.205,0.13,1
"PRPS1",0.155509412845237,0.173772963184406,0.252,0.207,1
"ENSG00000242798",0.155531233565315,2.41593550544806,0.024,0.005,1
"ACTR3-AS1",0.155590432646713,-1.05880622752244,0.024,0.067,1
"MT1X",0.155636722642563,3.64529711017892,0.071,0.026,1
"HMGB3",0.155667856537197,-0.294939091964141,0.15,0.166,1
"CREB5",0.155848063850083,-1.0326307000925,0.102,0.212,1
"KIAA1586",0.155849839957498,-0.148490633281119,0.134,0.197,1
"NRP2",0.155907975919954,0.89245094346777,0.11,0.062,1
"CNIH1",0.155910236301998,-0.324449972395265,0.535,0.637,1
"EEPD1",0.155976156962348,0.447406650542894,0.268,0.187,1
"CCDC183",0.155985617449257,0.551978045480612,0.197,0.109,1
"ENSG00000245482",0.156022834387752,1.66738556500508,0.024,0.005,1
"MICOS10",0.156039971977875,0.334229865153586,0.654,0.663,1
"ENSG00000291174",0.15604309115048,-1.47241147154931,0.031,0.088,1
"RAB31",0.156165584094845,0.197356602460369,0.669,0.694,1
"ARSG",0.156256572354514,0.140974016275641,0.063,0.083,1
"MIR3936HG",0.156289562669153,-0.463874691869924,0.016,0.047,1
"ZNF263",0.156389851039049,0.536711283137865,0.118,0.067,1
"TBC1D22A-DT",0.156485021556666,-0.293658384877787,0.165,0.166,1
"EXOC8",0.156612887717221,0.244957332603317,0.189,0.145,1
"AFF3",0.156666265395461,0.542654637611806,0.504,0.43,1
"HOXB2",0.15669001732962,-0.727555470931444,0.11,0.187,1
"ANAPC7",0.156738865561871,0.131432549957012,0.142,0.119,1
"KDM4A",0.156956191795566,0.610001108729628,0.276,0.223,1
"DNAJA2",0.157071729199546,0.177817333334579,0.535,0.565,1
"SOCAR",0.157112981177841,-1.34884609642382,0,0.016,1
"PCNX2",0.157113436358485,0.438588175415366,0.071,0.088,1
"MKRN3",0.157184122031214,1.85973836050388,0.024,0.005,1
"RAB5A",0.157265329819209,0.327791891077698,0.598,0.575,1
"ADGRE2",0.157273483828814,-0.165558759214243,0.362,0.347,1
"LDHA",0.157475626456566,-0.345013498618468,0.843,0.865,1
"NUDCD2",0.157655599992156,-0.198383958850564,0.236,0.321,1
"LRRFIP1",0.157782822515896,-0.243992740153473,0.976,0.974,1
"GNL3L",0.157795036285074,0.950747782356912,0.165,0.104,1
"RAB11A",0.157907687556338,-0.227082264509593,0.646,0.731,1
"ATG3",0.158024945328419,-0.17047437854801,0.48,0.466,1
"LMO2",0.158050873137959,-0.991430155823938,0.244,0.311,1
"OAZ1",0.158108356885739,-0.110714090797567,1,0.99,1
"EFCAB11",0.158136896683373,1.3324377707605,0.094,0.041,1
"CASC3",0.158175907687412,0.192063427479791,0.331,0.29,1
"CDK2AP1",0.158215984588967,-0.103154707468777,0.724,0.689,1
"LEMD3",0.15826857162044,0.379429877159964,0.528,0.466,1
"ZNF322",0.158330721085827,-0.208292734516975,0.079,0.114,1
"HEXD",0.158397557781484,-0.968932853776962,0.071,0.135,1
"C13orf46",0.158452202593402,-1.01244679661609,0,0.016,1
"CPHXL2",0.158666172426384,-1.12991098316089,0,0.016,1
"ZNF346",0.158728346096263,1.07301700361762,0.134,0.073,1
"SVIP",0.158745658077315,0.567426065606784,0.362,0.29,1
"TANGO6",0.158755337859456,0.940909840834479,0.15,0.078,1
"SLFN13",0.158822696932046,-1.1684873691293,0,0.016,1
"ABCC5",0.158936336459856,-1.36327929166955,0.008,0.041,1
"EXD3",0.159098309163583,-1.24487319803897,0.087,0.145,1
"PSTPIP1",0.159142222300152,0.73999352040108,0.15,0.114,1
"USHBP1",0.159171149752573,2.03045989045765,0.039,0.01,1
"PDGFRB",0.159183355096266,-1.0056173233966,0,0.016,1
"ANKRD36C",0.159300150188171,-0.417034479780227,0.197,0.269,1
"PEX2",0.159308316150658,-0.388788708714962,0.213,0.321,1
"PRKD2",0.159467733296259,-1.22726710669693,0.039,0.093,1
"GALNT7",0.159574269278459,0.40552679167669,0.409,0.311,1
"NSUN6",0.15977673818384,0.601270048014933,0.15,0.104,1
"GPN1",0.159896788221088,0.153656842454039,0.291,0.352,1
"CFAP68",0.160116412126965,-0.802898671258058,0.102,0.181,1
"INKA2",0.160122237398546,-0.920020649587661,0.102,0.181,1
"ZNF540",0.160153358103918,1.64073399254849,0.031,0.005,1
"FAM78A",0.160216523067162,1.26722309807673,0.126,0.067,1
"MRPS27",0.160239824285815,-0.787356741370371,0.11,0.161,1
"CHPF",0.160274752928909,-0.838843266294845,0.102,0.145,1
"ZNF595",0.160321558132271,1.90514673018385,0.024,0.005,1
"RABGAP1L-DT",0.160558390299591,1.61464594528544,0.024,0.005,1
"TEP1",0.160603914777349,0.762353800946107,0.22,0.14,1
"CCNL1",0.160604792590479,-0.238937938431018,0.78,0.793,1
"NOL8",0.160614265604825,0.619600802597436,0.181,0.15,1
"MCF2",0.160707308523967,1.46287820369955,0.024,0.005,1
"H4C8",0.160727945964658,-1.22244691302292,0.031,0.078,1
"DPY19L4",0.160783557289262,-1.0021699304034,0.055,0.119,1
"MYDGF",0.160968836757637,0.344451379653391,0.677,0.658,1
"H2AC17",0.161072018906687,-1.33869964413838,0.118,0.161,1
"ZFP64",0.161173697597218,1.31057495248799,0.102,0.047,1
"ZSCAN16-AS1",0.161189721778621,-0.120220337562829,0.354,0.347,1
"BIRC3",0.16119848382378,-0.562473705307002,0.37,0.394,1
"METTL6",0.161215970242146,-0.233173148855518,0.118,0.114,1
"COIL",0.161475736198513,0.477982117094267,0.252,0.176,1
"GLG1",0.161525637464102,0.530066784633988,0.528,0.446,1
"TMEM231",0.161545961669626,-1.09717307931597,0,0.016,1
"ELMO1-AS1",0.161555008944506,1.24297248753729,0.039,0.01,1
"DHRS13",0.161595456626577,1.66228301381684,0.031,0.005,1
"METTL2A",0.16165636009311,1.0650145016962,0.11,0.057,1
"PEX6",0.161668292722044,0.82816111512994,0.165,0.093,1
"CCDC181",0.161684375900803,-1.01681437583198,0,0.016,1
"CCDC183-AS1",0.161718134620642,1.51722731629287,0.024,0.005,1
"TEX264",0.16173046699363,-0.506586373972336,0.15,0.238,1
"ZNF18",0.161857582561081,1.35089249521822,0.055,0.021,1
"SLC12A6",0.16188221312992,-0.283663921998405,0.299,0.42,1
"CDK5R1",0.161917446932858,-1.26518623931417,0.016,0.052,1
"R3HDM4",0.161980814735003,-0.333705255300923,0.591,0.648,1
"ATP9A",0.161986582355287,-1.13649433216629,0.008,0.041,1
"NCK2",0.162128451942117,0.209530470747181,0.244,0.285,1
"CPEB2",0.162225501400884,-0.188599591947871,0.291,0.28,1
"ARHGAP1",0.162240824221362,0.69825924010709,0.236,0.15,1
"EPC2",0.162312047859387,0.479818420859619,0.386,0.332,1
"DHRS11",0.162355832625847,-1.2896994437739,0,0.016,1
"ABCB8",0.162523708575753,0.64692446695162,0.15,0.093,1
"GNL1",0.162577837312443,-0.614353009378889,0.252,0.373,1
"CD300A",0.162615048362386,0.726472276676683,0.394,0.285,1
"ENSG00000284634",0.162637139012864,0.830143660515356,0.087,0.047,1
"SHISA5",0.162666937522607,-0.357672271002513,0.205,0.311,1
"GPATCH2",0.162743987897923,0.52637960423104,0.346,0.295,1
"ZNF586",0.162805692050012,0.756722570748916,0.205,0.124,1
"HK2",0.162853423999922,-1.61894282358879,0.016,0.057,1
"CCDC28B",0.162863603867135,0.5748510097136,0.291,0.192,1
"EIF3C",0.162971048459893,-0.522905094365169,0.102,0.13,1
"LLPH",0.163070041408166,0.539793285836242,0.449,0.358,1
"SACS",0.163126252635482,-0.692194531529905,0.087,0.15,1
"ARVCF",0.163217086223258,-1.09774165199154,0,0.016,1
"TMED2",0.163354791599406,0.250990409560353,0.74,0.648,1
"ENSG00000290020",0.16345466985311,1.45944826679234,0.063,0.021,1
"ERICH6-AS1",0.163491255741478,0.77604660496391,0.11,0.062,1
"SPIN2B",0.163518563055675,-1.61922679222363,0.008,0.047,1
"MLF2",0.163539723909963,-0.208050308771215,0.795,0.876,1
"CRYBB2P1",0.163750453331111,-0.507205067949895,0.197,0.269,1
"NDE1",0.163955835985809,-0.609086991801886,0.181,0.269,1
"DEDD",0.164028888223274,-0.398585110364337,0.307,0.378,1
"LCMT1-AS1",0.164142750139794,2.61009135871304,0.031,0.005,1
"LINC02968",0.16414986326378,-1.37355735426819,0,0.016,1
"MTF2",0.164216543658344,-0.401586459727311,0.315,0.43,1
"DNAAF4",0.16464300907574,1.44340395498469,0.047,0.026,1
"SUPT4H1",0.16468807882976,-0.20508110088378,0.693,0.731,1
"NID1",0.16476493274617,1.1985568292815,0.079,0.036,1
"UBQLN2",0.164781368569337,-0.344725816768331,0.228,0.264,1
"CNNM2",0.164790058959328,0.947233674509919,0.173,0.119,1
"TMUB2",0.164843805348567,-0.614280422733386,0.205,0.295,1
"ERGIC1",0.1649773594992,-0.310227829646547,0.386,0.518,1
"PHLDA2",0.165095771183602,0.42301234906379,0.346,0.368,1
"ZNF829",0.165099277253035,1.42889862953888,0.016,0.005,1
"CINP",0.165110552739801,0.489649251581479,0.252,0.181,1
"TBC1D9B",0.165184792881542,0.503473581078917,0.354,0.264,1
"PSKH1",0.165211898871741,1.34401973367969,0.079,0.041,1
"TCTA",0.165246058311434,-0.905296626135605,0.047,0.114,1
"DTNBP1",0.165274894039576,0.45967509827192,0.52,0.399,1
"FHIP2B",0.165418182700417,-1.04650317660589,0.024,0.067,1
"CTNNA3",0.165448523262072,2.33635094624811,0.031,0.005,1
"MED27",0.165502611969315,0.533645373037904,0.339,0.285,1
"MRPL15",0.165504593943077,-0.2797223471609,0.276,0.295,1
"MALT1-AS1",0.165693518552243,1.84480890364109,0.039,0.01,1
"RAB11B-AS1",0.165756392066411,-0.243672081496745,0.087,0.083,1
"PCM1",0.165810351058648,0.309709698472553,0.63,0.663,1
"RTKN",0.16590096296384,1.37242589207545,0.063,0.021,1
"ZNF385D",0.165917138641748,-3.00393809825364,0.008,0.041,1
"LINC01278",0.165990894078614,-0.408159634863386,0.118,0.181,1
"INTS12",0.166018862502528,-0.146151067189954,0.15,0.13,1
"SEMA3F-AS1",0.166021578154859,1.28207109253418,0.031,0.005,1
"ENSG00000276900",0.166084306508003,-0.305055567398469,0.024,0.052,1
"FSIP1",0.16609709843627,-1.36951842255534,0.008,0.047,1
"ATP2B1",0.166242475257604,-0.378475230455077,0.512,0.648,1
"STK10",0.166339320508582,0.378124192123858,0.654,0.596,1
"UPF2",0.166351742172674,-0.499663669510107,0.535,0.622,1
"PFKFB2",0.166359680375048,0.99189964508587,0.165,0.093,1
"NIT2",0.166405644441118,-0.629486047431536,0.142,0.187,1
"UBL5",0.166658676450796,0.158601462784182,0.969,0.927,1
"EZH2",0.166753869220236,-0.304342281038841,0.197,0.306,1
"ARL6IP6",0.166761613352283,0.247942892354399,0.425,0.342,1
"LAMP2",0.166776959667904,-0.533271266356243,0.331,0.446,1
"PPP4R3B-DT",0.166835297340697,1.36965764960812,0.024,0.005,1
"IARS2",0.166942477972777,-0.456761976670764,0.181,0.192,1
"CHKA",0.167030439218483,-0.366308328036394,0.189,0.202,1
"UNC45A",0.167051229143868,0.599883784866301,0.213,0.223,1
"THRB",0.167197448904996,-1.96931143647511,0.008,0.047,1
"CCDC125",0.167207437972838,0.582925176682599,0.087,0.047,1
"SPRY3",0.167247709693005,2.02922260942308,0.055,0.016,1
"MNAT1",0.167271354425848,0.43196098156162,0.394,0.29,1
"ENSG00000286931",0.167313223039702,1.43637132169831,0.024,0.005,1
"LINC02966",0.167367418599373,1.37040426226852,0.024,0.005,1
"PYGM",0.167551806224788,1.84796123112116,0.024,0.005,1
"RFX1",0.167597139054133,0.65630340798392,0.276,0.197,1
"CABLES1",0.167626704910832,-1.47560596253697,0.031,0.088,1
"NCF1",0.167653260072418,0.266503549470234,0.48,0.352,1
"TP53INP1",0.167663567896731,-0.955128071159197,0.055,0.109,1
"PPP3R1",0.16768267666991,0.124742092726289,0.622,0.56,1
"DDX42",0.167884793370753,0.142488224745316,0.425,0.373,1
"PPP6C",0.16790836169365,-0.28771442351262,0.614,0.668,1
"ASMTL-AS1",0.167933415782342,-0.505111276709584,0.055,0.104,1
"MYH11",0.167952314470249,2.6147502128361,0.031,0.005,1
"STMN1",0.168138858393106,0.111555022901158,0.575,0.606,1
"DCLK2",0.168179505281576,1.25579309029438,0.087,0.047,1
"FADS1",0.168283713049524,-0.486408851670766,0.134,0.166,1
"ZNF649",0.168513068358105,-0.960571903406686,0.039,0.093,1
"TFE3",0.168526445750366,-0.244350398633515,0.205,0.306,1
"EOLA1-DT",0.168581214571872,1.2733185110765,0.087,0.036,1
"PRNP",0.168709809687453,-0.434323120652527,0.567,0.663,1
"ATAD3B",0.168775376930331,0.103302416141582,0.094,0.14,1
"CUEDC1",0.168806864902665,0.840471570755806,0.157,0.088,1
"UBN1",0.168856756811595,0.246814355352287,0.559,0.472,1
"ENSG00000253334",0.16886001265021,1.63433806770005,0.024,0.005,1
"GUK1",0.168960963873586,0.280913174277448,0.984,0.953,1
"RC3H1",0.168975371426871,0.383889019912753,0.598,0.554,1
"NT5C2",0.169079791365214,0.312843360274785,0.693,0.601,1
"HPCAL1",0.169205322118631,-0.567550985004436,0.252,0.337,1
"MRPL32",0.169236191585204,-0.63095581827296,0.181,0.28,1
"ENSG00000259805",0.169307640868386,-1.55035330916708,0.024,0.083,1
"SLC30A9",0.169509455713496,-0.19925577478438,0.268,0.332,1
"FBXO38",0.169528975369956,0.388376507986622,0.299,0.301,1
"PLAAT4",0.169733967757102,-0.115099818215471,0.142,0.223,1
"SRSF10",0.169761935602318,-0.2027766017723,0.709,0.777,1
"ELF2",0.169777323895822,0.278032064141199,0.78,0.694,1
"CARF",0.169785034133083,0.647201614143266,0.102,0.052,1
"ITK",0.169807887134274,-1.57830112147029,0,0.016,1
"NRIP3",0.16982646362454,-0.93405377774142,0.173,0.275,1
"PLS3",0.169904102461907,0.743514692086915,0.047,0.021,1
"ENSG00000289315",0.169943511075533,1.75343709655749,0.071,0.026,1
"NCOA6",0.169979399208725,-0.379939526371253,0.252,0.368,1
"ENSG00000290578",0.169994868608895,0.155011995126314,0.024,0.005,1
"SNTA1",0.170040170973156,0.634957561448652,0.11,0.057,1
"LRRC8D",0.170045623299143,0.319975249585065,0.37,0.389,1
"LILRB2",0.170061278642277,-0.549054113996467,0.354,0.404,1
"ADGRA3",0.170185911207528,1.55838014105118,0.071,0.026,1
"LUC7L2",0.170300811795669,0.349918086540085,0.709,0.679,1
"SET",0.170345186964768,-0.168249753966583,0.89,0.933,1
"PLP2",0.170345447951008,0.123549177731404,0.929,0.964,1
"FBL",0.170385835115412,0.208570106551762,0.701,0.632,1
"HLA-DRA",0.170415868838757,0.11270550466051,0.992,0.984,1
"TLR5",0.17048229267977,-1.00583021343918,0,0.016,1
"ALG3",0.170550807688337,0.526255965902966,0.15,0.14,1
"FOXK2",0.170797518685825,0.413251721307565,0.362,0.275,1
"MRPS25",0.170935516326054,0.375085175876226,0.283,0.254,1
"ALG11",0.171037277128839,0.362990397571221,0.189,0.13,1
"ENSG00000269570",0.171094471656896,-1.11023767359368,0,0.016,1
"ENSG00000259709",0.171256648024871,-0.972395171563813,0,0.016,1
"HDAC2-AS2",0.171431973487446,-1.84386241651005,0.016,0.057,1
"DELEC1",0.171554758223402,-1.21797840183118,0,0.016,1
"RSRC1",0.171569427781211,0.788779128279314,0.417,0.321,1
"ZSWIM6",0.171577342817571,-0.294287470575569,0.669,0.663,1
"ENSG00000273319",0.171679863272698,-1.00459818617855,0.031,0.078,1
"ENSG00000289474",0.171688973493009,0.176797363346543,0.465,0.425,1
"RANGRF",0.171730689840473,-0.787374171818088,0.134,0.192,1
"MRPL55",0.17175130828212,-0.31058054405771,0.299,0.321,1
"ANKRD28",0.171765359465649,-0.521578537631612,0.441,0.472,1
"B3GAT3",0.171961251844316,0.759687889697838,0.22,0.171,1
"ZMYND19",0.172431928766884,-1.10616815059673,0.047,0.104,1
"VPS26C",0.172669069531114,0.389149960127119,0.252,0.233,1
"WBP1L",0.17273258708168,0.647346856844559,0.268,0.192,1
"NBEA",0.17283864425617,0.711207222636371,0.173,0.093,1
"HLA-DOB",0.173016148037892,-1.1832273749807,0.016,0.067,1
"MPRIP",0.173175790232363,-0.374065186421988,0.22,0.275,1
"LDB1",0.173221252948665,-0.918817143171124,0.087,0.155,1
"TNIP3",0.173230173142137,1.1168878779064,0.016,0.005,1
"LIN9",0.173461507380378,0.159143178042636,0.087,0.041,1
"CBLB",0.173545211932815,-0.241117916559794,0.339,0.44,1
"TSPOAP1-AS1",0.173665983238754,-0.317309010058771,0.276,0.316,1
"NSMAF",0.173694687853972,0.230950311975849,0.465,0.399,1
"RPL15",0.17382008374805,-0.118760892763756,1,1,1
"PRKRIP1",0.173943032295011,0.57684358216582,0.378,0.321,1
"S1PR4",0.173955785016992,-0.49735303269225,0.378,0.466,1
"NEMP2-DT",0.173984444451968,-1.06233868355255,0.008,0.041,1
"PTCD1",0.174085341739376,0.875103871134051,0.094,0.047,1
"FAM13A-AS1",0.174393176070134,-1.60751597324828,0.016,0.057,1
"ENSG00000289974",0.174399457899694,1.06368108573219,0.118,0.078,1
"MRTFB",0.174615501899041,0.185651747722339,0.173,0.13,1
"S100A12",0.174665031575078,0.85840850499594,0.031,0.057,1
"DUSP10",0.174713590604563,0.527598060974881,0.173,0.135,1
"EIF6",0.174824230790529,-0.331200064695561,0.685,0.741,1
"REXO2",0.174842244135549,-0.558765804648737,0.189,0.259,1
"MAP2K3",0.174854967643917,-0.160702853690471,0.874,0.933,1
"SPTBN1",0.174948558296466,-0.949312477455422,0.11,0.176,1
"DPM3",0.175052789308255,0.628188974894247,0.307,0.223,1
"LINC02245",0.175095141381669,-0.3783093086304,0.252,0.269,1
"JMJD1C",0.175225891775976,-0.197715919352806,0.898,0.896,1
"ENSG00000288016",0.175234093748705,-1.21538070664183,0,0.016,1
"RBMS2",0.175350922803061,-1.1738190333985,0.047,0.104,1
"DDI2",0.175414722583706,0.810370872140629,0.268,0.176,1
"EIF3CL",0.175420783787564,-1.22400809585798,0.008,0.047,1
"LILRA1",0.175427668242728,-1.68431123213788,0.016,0.057,1
"CST7",0.175580878982082,0.310189578278126,0.22,0.275,1
"ANKRD13A",0.175625021918573,-0.15198389829165,0.205,0.249,1
"MBNL3",0.175744139701638,-0.760978498796457,0.079,0.155,1
"SETDB2",0.175861178837715,-0.696714108655399,0.087,0.114,1
"TMED5",0.175906028320675,0.30768003457215,0.638,0.57,1
"CCDC150",0.175924079475193,1.66787754530028,0.024,0.005,1
"SNX10",0.175926569320789,0.530770635480012,0.386,0.306,1
"ZNF565",0.175992033578949,-1.26552017386491,0.024,0.073,1
"TUFT1",0.176094143536234,-1.08750728076727,0,0.021,1
"RBM25",0.176143658147748,0.335399804314568,0.85,0.803,1
"PPP1CC",0.17620982434248,-0.494534567875926,0.339,0.43,1
"GABPB1",0.176483550915788,-0.466113487798894,0.244,0.306,1
"SFPQ",0.176516371579082,0.134451012977772,0.929,0.927,1
"RUNX1",0.176597590409543,-0.271726335116583,0.835,0.876,1
"APOL2",0.176646383930474,-0.338930886669091,0.087,0.088,1
"MTMR14",0.176885877344539,0.37938889016717,0.614,0.508,1
"POMT2",0.177027945465733,-1.43212153412358,0.016,0.057,1
"GALK1",0.17704405920618,-1.0582237827692,0.094,0.161,1
"HCCS",0.177105110856713,0.603270564224289,0.307,0.233,1
"ESRRA",0.177131794203889,0.50740354897393,0.26,0.192,1
"ZNF81",0.177158425451538,-0.753844448971506,0.11,0.181,1
"APPBP2-DT",0.177189115143366,1.29752198024849,0.024,0.005,1
"PRMT6",0.17721392759442,-0.540220125497859,0.047,0.093,1
"NEK9",0.177237066178349,0.17886697774162,0.252,0.197,1
"ENSG00000287710",0.177434177656005,1.96180508344332,0.024,0.005,1
"SPART",0.17744027644907,-0.321816673896632,0.378,0.492,1
"RGL1",0.177460944508579,-1.8134071472537,0.031,0.078,1
"PNPO",0.177470855567045,1.56506462519327,0.031,0.005,1
"INTS4",0.177640812058813,0.625218808770479,0.181,0.114,1
"USB1",0.177849114884913,-0.782269853360916,0.11,0.197,1
"TFDP1",0.177912746196484,0.404685202730021,0.323,0.264,1
"SDF2L1",0.177942289485496,0.577881438999263,0.37,0.29,1
"DYRK4",0.177982597149601,0.883921815861392,0.157,0.098,1
"LACC1",0.178152823148123,0.381586076207882,0.071,0.083,1
"ZFYVE16",0.178270448977322,0.445093946483985,0.409,0.373,1
"TLK1",0.178288712726995,0.415326041583785,0.614,0.534,1
"NABP1",0.17829570001553,-0.809798164552919,0.26,0.347,1
"DENND5B-AS1",0.178321768554307,1.03089257582252,0.024,0.005,1
"PSMA3-AS1",0.178433848083598,0.415398543977924,0.417,0.337,1
"GGA2",0.178513211529123,0.158808805517951,0.433,0.482,1
"PER3",0.178665192299618,2.01525037320383,0.024,0.005,1
"TAF9",0.178724948682505,0.450971552571891,0.433,0.415,1
"PSMC1",0.178783411028818,0.116674692492488,0.52,0.466,1
"RAB2B",0.17893897862317,0.579157943772191,0.22,0.15,1
"LINC02352",0.179007486540352,0.971541130710544,0.031,0.01,1
"HTRA2",0.179014441141756,-0.724757991021333,0.173,0.254,1
"ZSCAN5A",0.179107378236169,1.13533374508504,0.142,0.098,1
"TMEM250",0.179110339192537,1.10940083974435,0.173,0.114,1
"ENSG00000285999",0.179120462035677,1.33624399110726,0.087,0.036,1
"NDUFB8",0.179152403550314,0.291417814344647,0.811,0.782,1
"NAA16",0.179407099917864,-0.434372800339897,0.134,0.218,1
"CD7",0.179438882414049,0.247446408180647,0.15,0.212,1
"PLXND1",0.179441018552225,-1.5838282146346,0.008,0.041,1
"ENSG00000290886",0.179464575610866,1.16859615997703,0.071,0.026,1
"ZBTB24",0.179508870617865,0.514751346772839,0.283,0.202,1
"MIR181A2HG",0.179554707869967,-1.09581749802594,0.055,0.093,1
"HNRNPH2",0.179607416701802,0.174719168387124,0.496,0.528,1
"PSMA1",0.179866489162388,-0.130217493576434,0.732,0.829,1
"PRPF8",0.17988247305936,0.191907551310164,0.583,0.642,1
"FBXL5",0.179976666373852,0.314993655140372,0.386,0.321,1
"PLAUR",0.180025489765236,-0.44099316548662,0.409,0.544,1
"TTC28",0.180045963349035,0.66493302102249,0.173,0.13,1
"CYRIA",0.180144791171115,-0.238201639107055,0.535,0.539,1
"NPIPB3",0.180167548581937,-0.794560926066145,0.079,0.14,1
"PSMB9",0.180295272545037,-0.315293234041687,0.457,0.58,1
"FLNA",0.180310770368033,-0.310225720923581,0.732,0.731,1
"MINDY3",0.180384011029005,-0.775531451787315,0.087,0.15,1
"TMEM97",0.180445927953491,1.02347817764618,0.079,0.041,1
"LINC01684",0.180453970407578,1.867391585198,0.055,0.021,1
"SCAF11",0.180554792316734,0.301074855973268,0.858,0.855,1
"RABGAP1",0.180646184030358,0.451825712743913,0.488,0.399,1
"IER3",0.180730068960869,-0.173273274584613,0.291,0.409,1
"ENSG00000284669",0.180770671240592,1.75693094983197,0.024,0.005,1
"ANAPC4",0.180839388669808,0.285371687532858,0.15,0.098,1
"NMD3",0.18100194334842,-0.111820932783698,0.205,0.187,1
"KLHL15",0.18100641788942,-0.104645987145144,0.087,0.057,1
"AMY2B",0.181032101744919,0.584904287553979,0.055,0.031,1
"LETMD1",0.181032253798406,-0.757920312655986,0.11,0.197,1
"FGFR1",0.181065994649868,-1.25525974123278,0.047,0.124,1
"KRIT1",0.181068660697669,-0.467149894180037,0.205,0.306,1
"CRELD1",0.181115309744304,0.882290576802078,0.11,0.062,1
"TIMM13",0.181214967787544,0.35168411919327,0.638,0.523,1
"MFSD2A",0.181262940420582,0.796532494962369,0.165,0.124,1
"LTN1",0.181331327488473,0.273159064006099,0.165,0.124,1
"RNF149",0.181369760283996,-0.13933026226068,0.732,0.746,1
"MEX3B",0.181379053015579,-1.20837188471351,0.016,0.057,1
"TNFSF13",0.181447041193618,0.566278155805216,0.394,0.326,1
"RAB11FIP2",0.181653924371197,-0.281702482054732,0.189,0.176,1
"GTPBP6",0.181761704845685,-0.581704333284732,0.205,0.306,1
"GATA3",0.181898249123914,-0.980230414725077,0,0.016,1
"NEIL1",0.18197770018476,-1.5299358164809,0.008,0.031,1
"SYTL2",0.182294054537776,-1.00460750689509,0,0.016,1
"CRNDE",0.182473105453974,2.297901230904,0.024,0.005,1
"APLF",0.182485482515075,-0.743324123644869,0.126,0.161,1
"HIPK1",0.182722415944235,0.4063502275452,0.535,0.446,1
"RRP12",0.182877522110875,-0.447154928798675,0.339,0.43,1
"FANCL",0.182978670311889,-0.639011838229624,0.094,0.181,1
"ENSG00000258908",0.183045369897846,-1.77993394902977,0.016,0.073,1
"IGF1R",0.183091048373629,-0.618050784806217,0.142,0.218,1
"UBA6-DT",0.183177943150853,1.25617608648159,0.118,0.083,1
"LY9",0.183224607593767,-1.0354404056095,0.055,0.067,1
"CLEC16A",0.183290840118942,-0.128551324679696,0.173,0.254,1
"NCAPD2",0.183522294741484,1.24973806201239,0.118,0.057,1
"ACTR5",0.183556795647346,0.949724434774725,0.102,0.052,1
"ENSG00000290032",0.183608247266196,-0.602113877334213,0.024,0.057,1
"PARP1",0.183614641431892,-0.400359422889032,0.315,0.389,1
"ZSCAN12",0.183630344371645,-1.22153987182027,0.016,0.052,1
"TMEM208",0.183693777894611,0.364946742294184,0.465,0.383,1
"PPIG",0.183759524968984,0.343188932670135,0.669,0.617,1
"RTEL1",0.184188574238942,0.643292279962582,0.024,0.005,1
"PRKD3",0.184347592076251,-0.501387019618286,0.26,0.337,1
"ST3GAL1",0.184391393731867,0.562831812588701,0.354,0.28,1
"IL10RB-DT",0.184396449556261,0.934453576935809,0.094,0.057,1
"MTMR11",0.184435544328529,-1.38143657363025,0.031,0.088,1
"JDP2",0.18454768606112,-0.571973409878355,0.197,0.223,1
"MARCKSL1",0.184597535167284,-0.237582757339974,0.906,0.953,1
"PELATON",0.184760080374072,0.525634970816633,0.094,0.104,1
"ENSG00000287456",0.18479307658696,1.14126800160528,0.016,0.005,1
"RPS18",0.184874194765261,-0.136017700129841,1,1,1
"PILRB",0.184929488856121,-0.22284705891751,0.189,0.202,1
"APOO",0.185128883593049,-0.113059513166674,0.969,0.995,1
"NPR2",0.185269411703739,1.44853740048656,0.024,0.005,1
"HSPA6",0.185282504513397,-1.68678120296131,0.016,0.052,1
"ENSG00000267058",0.185324103176808,1.67190201511597,0.024,0.005,1
"ENSG00000278390",0.185332502386181,1.77754243678384,0.024,0.005,1
"ESF1",0.185489184917543,0.605603024989351,0.276,0.233,1
"ETFA",0.185527722610116,-0.476074983935567,0.252,0.347,1
"ZNF714",0.185591536987747,0.811783720774071,0.134,0.073,1
"LHFPL2",0.185591605987487,0.416790559520225,0.323,0.218,1
"DHCR7",0.185622982378192,-0.871502374298077,0.016,0.057,1
"ENSG00000273729",0.185669376849565,-1.7441939127703,0.008,0.036,1
"DIPK2A",0.185747984507846,-0.689323908115532,0.142,0.218,1
"TMEM62",0.185913519650925,0.658091288318193,0.236,0.161,1
"GSK3B",0.185913825105127,0.145926153415738,0.472,0.492,1
"PDCD6",0.185928697060948,0.31969167555013,0.795,0.746,1
"CRADD",0.185931259713111,-1.01221376764991,0.047,0.104,1
"ENSG00000285639",0.185970135376706,-0.537080854242158,0.063,0.047,1
"ZNF350-AS1",0.18597418141925,1.81900826748026,0.031,0.005,1
"ABHD17B",0.186110440238413,-0.435043090471204,0.228,0.342,1
"TRIM34",0.186167947125292,0.659781283163769,0.102,0.052,1
"ZMYND11",0.186270428920511,0.110304412455724,0.354,0.306,1
"RNF144B",0.186374455606466,0.415143966857059,0.346,0.259,1
"ZDHHC15",0.186427966232408,-1.50293752533999,0.016,0.052,1
"OTUD1",0.186559770762491,-0.832918025560054,0.079,0.135,1
"CPSF6",0.186708753932717,-0.25223559202944,0.543,0.663,1
"PEDS1",0.186876547011264,0.145573178218621,0.417,0.373,1
"DUSP23",0.187007205783964,0.391063226775709,0.142,0.114,1
"CALHM6",0.187018464999785,-0.627441067181905,0.181,0.233,1
"EYA3",0.187033143427513,-0.499485458527598,0.26,0.332,1
"HIVEP1",0.187053047934497,-0.221709993591854,0.598,0.637,1
"SCAF8",0.187157710797562,0.280889517225959,0.425,0.358,1
"MRPL58",0.187248266367936,0.638774865651883,0.22,0.145,1
"NEU1",0.187266641736945,-0.535927883565258,0.307,0.383,1
"SNHG29",0.187386789548957,-0.278906394706842,0.992,0.979,1
"ZNF75A",0.187418950980329,0.69707995565258,0.142,0.114,1
"HOMER1",0.187431382174623,-1.47465572761115,0.016,0.057,1
"USP47",0.187591491489978,-0.335479051031616,0.512,0.617,1
"HSPE1",0.187654279600906,-0.653091705789105,0.709,0.71,1
"PRDX1",0.187831906919585,-0.245457538626598,0.795,0.803,1
"TMEM131L",0.187906878084357,0.765061094713795,0.165,0.13,1
"APOL6",0.188085473836638,-0.902125429740547,0.126,0.228,1
"TOMM6",0.188173628432171,0.331439814731327,0.772,0.741,1
"CHTF18",0.188389906401047,-0.927945546826839,0,0.016,1
"AQP3",0.188934780543901,0.552091094455408,0.142,0.083,1
"HOXB-AS1",0.189436224451127,1.16565631241824,0.047,0.021,1
"MAP2K4",0.189862950461052,-0.416146623792931,0.283,0.363,1
"CHRM3",0.189978696714648,-1.19783599247088,0.024,0.067,1
"SNED1-AS1",0.190206703162472,-1.56642076730995,0,0.021,1
"DOHH",0.190298426578756,-0.875975661988365,0.063,0.114,1
"RALBP1",0.190374500360667,0.539496125408433,0.528,0.44,1
"DNAL1",0.190404362193254,0.932379503218428,0.11,0.057,1
"PHTF2",0.191016244483956,0.490561437997864,0.181,0.124,1
"TTC14",0.191053391775913,0.433621302604094,0.331,0.28,1
"WDR54",0.191077242391559,-0.486307027197991,0.063,0.119,1
"AHCYL1",0.191100252029346,-0.222247612210019,0.22,0.244,1
"ZNF248",0.191273121701942,0.176474982628149,0.063,0.062,1
"GSPT2",0.191313436836666,-0.380648418894361,0.11,0.135,1
"FNTB",0.191414955754592,1.12403560863802,0.087,0.036,1
"ZNF234",0.19153088719396,0.932688720048909,0.071,0.036,1
"ZNF347",0.19153446443913,1.02428240067832,0.063,0.021,1
"CAPN7",0.19158448779096,-0.120575765019844,0.307,0.301,1
"ERVK13-1",0.19186788660865,1.19429430426557,0.102,0.052,1
"ZSWIM7",0.191904593095428,-0.434308194670862,0.236,0.254,1
"RAB11FIP5",0.191920610037037,-0.953705992114145,0,0.016,1
"ATP8B4",0.191997277397073,-0.72190765027558,0.213,0.337,1
"SNHG19",0.192187996550605,-0.989778547186741,0.087,0.145,1
"MIR4458HG",0.192208969914762,1.64441125013291,0.039,0.01,1
"TMED9",0.192273443490909,0.367965069945387,0.669,0.601,1
"RAB3GAP2",0.192557951804415,0.568560428853422,0.331,0.249,1
"MAEA",0.192658080158279,-0.28581764289689,0.354,0.389,1
"LPAR1",0.192703866100479,-1.02630744889668,0,0.016,1
"LINC00680",0.192732240359852,0.824850871128491,0.079,0.041,1
"ENSG00000289397",0.192796894930986,-0.932511529033591,0,0.016,1
"NSMCE1",0.192816901289035,-0.451688469475578,0.181,0.264,1
"TMOD3",0.19285850765787,-0.290030962640144,0.614,0.674,1
"TSEN54",0.192937743527968,-0.36280179720669,0.307,0.337,1
"ZNF853",0.192953987165166,-0.856757746515965,0.008,0.031,1
"ENSG00000258377",0.192968551629379,1.68302656857475,0.031,0.005,1
"WNK1",0.193110211776848,-0.272604957859319,0.37,0.492,1
"KCTD9",0.193196722774414,0.712478489188343,0.173,0.14,1
"TENT4A",0.193211197712177,-0.367766425230402,0.331,0.352,1
"ZNF252P",0.193247059563944,1.64290230633634,0.039,0.01,1
"BLVRA",0.193264512053194,-0.639556430881418,0.11,0.197,1
"PRPS2",0.193406256673146,-0.504304588597665,0.079,0.098,1
"ENSG00000291015",0.193605474092997,0.440416971337649,0.472,0.363,1
"RAB2A",0.193620174137926,0.122444843987597,0.764,0.813,1
"ENSG00000287765",0.19363524555942,0.47553586031723,0.008,0.021,1
"NUDT2",0.193747124629173,0.450348784945572,0.118,0.109,1
"CDADC1",0.193880290006608,1.26736275518347,0.118,0.073,1
"IFI35",0.193917710268099,0.258958700369446,0.268,0.269,1
"LRRC26",0.194294886244989,-0.554468308105456,0.213,0.275,1
"NIBAN3",0.19434396421313,0.359937155250002,0.457,0.332,1
"MAP3K7CL",0.194397047922569,-1.78427241559871,0.016,0.047,1
"ERBIN",0.194432596403001,0.291708064640806,0.575,0.57,1
"WIPI2",0.194560486099711,-0.292189012441822,0.457,0.56,1
"RASGRP2",0.194596457736506,-0.175738304078279,0.528,0.554,1
"DGKG",0.194648943943433,-0.930585540754966,0,0.016,1
"CCNO-DT",0.194649109319194,1.31758141552602,0.055,0.021,1
"AKAP12",0.194713441991026,-0.871718323472827,0.134,0.135,1
"RPL18A",0.194745650384326,-0.115745420229333,1,1,1
"PRANCR",0.195047926659286,-0.516095585022753,0.142,0.228,1
"DDHD1",0.195077241462647,0.371877049960709,0.512,0.451,1
"SNED1",0.195086163115854,-1.9373252043811,0.016,0.062,1
"RAF1",0.195102267252083,0.287298639537505,0.535,0.461,1
"CNOT2",0.195126441973795,-0.323146158998953,0.575,0.648,1
"TMEM203",0.195170129769732,0.748967542338294,0.26,0.181,1
"HIPK2",0.195204318075974,0.154899298880063,0.457,0.409,1
"SLC44A1",0.195216565578869,0.127386084185685,0.354,0.269,1
"MYOM2",0.195408785522253,0.402685375239986,0.047,0.031,1
"PGAP1",0.195415464370136,-1.30571938971243,0.024,0.078,1
"REV1",0.195682637318035,-0.409431018010581,0.205,0.301,1
"MFSD6",0.195727411349753,0.44317740184121,0.22,0.155,1
"HIC2",0.195783127305578,0.994133850145975,0.134,0.078,1
"U2AF1L4",0.195797646181714,-0.17369457825572,0.307,0.301,1
"ENSG00000258657",0.195921340888199,0.824082498691404,0.126,0.062,1
"BAIAP2",0.195940931325772,0.274075460314214,0.701,0.617,1
"ARSA",0.196032004131012,-0.416234658896211,0.165,0.187,1
"LINC00158",0.19604646835242,2.46160062398974,0.031,0.005,1
"TMOD1",0.19615744843428,-1.98412927559614,0,0.016,1
"DNPH1",0.196267506893543,-0.642376423873896,0.126,0.218,1
"COA8",0.196334429221192,-0.356496527535987,0.205,0.228,1
"MTFP1",0.196335153594246,-1.17003113083957,0.039,0.093,1
"LINC00339",0.196363897418921,-1.11567921411691,0.047,0.088,1
"PIK3CD-AS1",0.196440018736156,1.37958923947878,0.031,0.005,1
"CYP2U1",0.196561381299316,0.939941398780923,0.079,0.031,1
"CUL5",0.196622985119263,0.134999943371098,0.425,0.466,1
"STK17A",0.196730657337485,0.348200178333493,0.622,0.637,1
"ACBD5",0.196828139698913,0.42307592413424,0.307,0.233,1
"PAPSS2",0.196942660716758,-1.55723309903665,0.055,0.104,1
"MYL12A",0.197144962321784,0.206213582475853,0.976,0.959,1
"ERF",0.197324874331329,-0.705629219145157,0.181,0.269,1
"UBE3B",0.197419892318551,0.694241823597212,0.118,0.073,1
"PXN",0.197449311739578,-0.708778530678766,0.165,0.285,1
"ENSG00000290082",0.19774190024052,0.808215139391433,0.087,0.041,1
"BPTF",0.197792618245748,0.333639185907391,0.764,0.705,1
"SUMF2",0.197939631716201,0.620446749663472,0.315,0.269,1
"ACAP2",0.198002341404,0.339170787366735,0.724,0.648,1
"PDIA4",0.19810885854028,0.205423691926643,0.394,0.306,1
"COX17",0.198113455392175,0.277318288883904,0.661,0.653,1
"PSMB3",0.198363800697451,0.157272538000193,0.913,0.86,1
"FCRL1",0.198371019562355,-0.974170397401998,0,0.016,1
"DNMBP-AS1",0.198426235191695,-1.62481456102654,0.008,0.047,1
"MYO1C",0.198438326421031,-0.50532822768156,0.173,0.187,1
"AEN",0.198455882510464,-0.451673392135576,0.094,0.109,1
"ENSG00000289457",0.198766044432362,-1.9875300361722,0,0.01,1
"SLC6A9",0.198789399216419,-2.00785930936831,0,0.01,1
"SP2",0.198804326595773,-0.405028658473575,0.15,0.233,1
"ACAD11",0.198824973639317,0.986182243995123,0.118,0.098,1
"CMPK1",0.198834747176508,-0.324146195482955,0.496,0.591,1
"ENSG00000261335",0.198857251161582,-1.35988900731939,0,0.01,1
"ACP1",0.198973540921877,0.291603559793681,0.567,0.539,1
"CBX3",0.198984354301405,-0.310294635069218,0.543,0.606,1
"PLSCR1",0.198988573615304,-0.144401778455924,0.575,0.684,1
"ZNF683",0.198991895366404,-1.5243212451052,0,0.01,1
"CARD19",0.199004246405986,-0.174769178990034,0.622,0.694,1
"CABYR",0.199012582797448,-2.76104668864161,0,0.01,1
"ENSG00000286835",0.199065527491937,-2.02762331946408,0,0.01,1
"GOLGA2P5",0.199077489506111,1.77913619332506,0.031,0.005,1
"TREML1",0.199136902346326,-2.44796946903974,0,0.01,1
"ENSG00000287180",0.199179089358169,-1.37661375517776,0,0.01,1
"VPS11-DT",0.199200689687573,-1.561300085992,0,0.01,1
"STAU2",0.199209072619546,0.599245442236401,0.291,0.249,1
"RNF217",0.199288538255753,-1.91065290965701,0.024,0.067,1
"RNFT2",0.199307754695805,-1.3012771582704,0,0.01,1
"PARD6G-AS1",0.199326459851715,-2.72570141875552,0,0.01,1
"ADAMTSL4-AS2",0.199434836280255,-1.35467397886667,0,0.01,1
"DCHS1",0.199483908308305,-1.28692220906257,0,0.01,1
"FNDC3A",0.199601153685788,-0.217808680718419,0.504,0.503,1
"TVP23A",0.199615393285506,-1.28928880229038,0.008,0.041,1
"GAMT",0.199656259519509,-0.809830480711532,0.063,0.119,1
"MORF4L1",0.199727335889141,0.206899962903137,0.937,0.912,1
"ENSG00000287044",0.199727447790643,-2.05814776798122,0,0.01,1
"OGFRP1",0.199837175188102,-1.26132962091719,0,0.01,1
"ENSG00000265399",0.200193277241705,-1.26040827191225,0,0.01,1
"ENSG00000288957",0.200219271375096,-4.53490660480812,0,0.01,1
"MAPKAPK2",0.200229789311002,0.323424840035398,0.756,0.684,1
"NKAPD1",0.200301186951949,0.511934416372736,0.323,0.264,1
"ALDH7A1",0.200324243680031,-1.2558791904045,0,0.01,1
"ACBD3",0.200324966832441,0.374940799958854,0.528,0.482,1
"OVCH1",0.200397465661656,-1.62142979280743,0,0.01,1
"KLF2-DT",0.200476341346615,-2.08722189323401,0,0.01,1
"IDH3G",0.200478210789382,-0.289800391364745,0.457,0.492,1
"TUNAR",0.200481250278761,-1.20803894963587,0,0.01,1
"PPDPF",0.200499032886567,-0.234203967381515,0.921,0.948,1
"MRFAP1",0.200527786074061,-0.418481430211807,0.449,0.58,1
"RGPD6",0.200533574611169,-1.22716447420747,0,0.01,1
"DENND1C",0.200609914486399,-0.806035720161087,0.071,0.135,1
"POLR2J",0.20063191407516,0.268792647845812,0.488,0.44,1
"EPB41",0.200633525734118,0.410172267634949,0.661,0.601,1
"ENSG00000289536",0.200640976256229,-1.01403554260758,0.016,0.041,1
"NUP62CL",0.200685956024586,-1.20910801935897,0,0.01,1
"TENT5C",0.200714740712021,-0.768005546453938,0.126,0.233,1
"RPLP0",0.200752302058774,0.118683580284745,1,0.995,1
"ENSG00000249207",0.20076582736933,0.58743989291547,0.213,0.145,1
"ERC1",0.200791594685622,-0.294897862483742,0.543,0.596,1
"FHIP1B",0.200795316998445,0.545766005705302,0.142,0.088,1
"ZNF799",0.200845232630894,-1.27964867919648,0.016,0.052,1
"SRGAP2C",0.200855470464251,-1.04474295124531,0.055,0.114,1
"USP38",0.200864784582106,0.50472201527956,0.276,0.212,1
"HYCC2",0.200910338485677,0.357831986849824,0.48,0.394,1
"TMEM179B",0.200925464944346,-0.127357838055587,0.457,0.56,1
"ENSG00000236255",0.200980239095639,1.44752069194346,0.016,0.005,1
"POU2F2",0.201072181671914,0.442674292335279,0.559,0.497,1
"PUM2",0.201087487483314,0.29394742485173,0.614,0.601,1
"ENSG00000288064",0.201112909614776,-1.22736936961818,0,0.01,1
"HDDC3",0.201306761801835,1.08673873070123,0.126,0.078,1
"ARG2",0.20137583719872,-1.13007869498165,0.031,0.083,1
"CCP110",0.201385661138871,-0.717927524335075,0.165,0.223,1
"GTF2H5",0.20141671117713,0.395618363096242,0.213,0.15,1
"ENSG00000272140",0.201437296664792,-1.16671535197038,0,0.01,1
"LINC01163",0.201470761512876,-1.16622668022719,0,0.01,1
"LOXL1",0.201480362213662,-1.28438406476829,0,0.01,1
"PRUNE2",0.2014819640297,-1.169275450454,0,0.01,1
"MAZ",0.201506592173203,0.310747725288099,0.559,0.482,1
"RMDN1",0.201517987124981,0.803691096577452,0.213,0.135,1
"IDH1",0.201659388059549,-0.885460930410457,0.087,0.14,1
"ST3GAL5",0.201681468503526,-0.673300080814441,0.118,0.171,1
"PGLYRP2",0.201692674000888,-1.27960527577356,0,0.01,1
"USP46",0.201835866026769,0.971753162639313,0.165,0.114,1
"FUS",0.20186241351039,0.331608026557011,0.906,0.865,1
"ENSG00000244701",0.202056358850809,-1.54312498805934,0.016,0.047,1
"PAK3",0.202099159209997,-1.15613751245191,0,0.01,1
"NOP2",0.20216965823448,0.638505886896472,0.276,0.207,1
"EAF1-AS1",0.202259530663907,-1.15904083627509,0,0.01,1
"XRCC4",0.202295390178708,0.435639573762205,0.157,0.104,1
"FAM167A-AS1",0.202332874172825,-1.16239863963952,0,0.01,1
"PPIB",0.202457761796697,0.210731198594122,0.976,0.953,1
"HM13",0.20248240465177,0.351417773936064,0.732,0.658,1
"AIRE",0.202542422299643,-1.13019557295632,0,0.01,1
"INTS13",0.202575733715089,-0.819180916653608,0.087,0.14,1
"PSMB8-AS1",0.202594486692985,0.665532415360996,0.244,0.171,1
"COLGALT2",0.202655294313031,-1.13383557257885,0,0.01,1
"TMEM200A",0.202661079444292,-1.32972447996634,0,0.01,1
"SAMD14",0.20268813546002,-1.16772946576646,0,0.01,1
"ENSG00000270605",0.202811085457552,-1.12780599583265,0,0.01,1
"PIN4",0.202894872741537,0.614302071735989,0.276,0.212,1
"EWSR1",0.203065029471749,0.141975196646564,0.866,0.808,1
"ZCCHC18",0.203092822119356,-0.88111007644263,0,0.016,1
"ZC3HAV1L",0.203162918322385,-1.1237287717122,0,0.01,1
"SMG9",0.20322010115183,0.515767542518371,0.142,0.104,1
"C11orf68",0.203322556454678,-0.346358278260465,0.157,0.171,1
"ENSG00000234915",0.203326839431506,-1.16228282594513,0.031,0.078,1
"ZSCAN9",0.203355946175164,-0.292702539789735,0.063,0.119,1
"RANBP2",0.203412500845983,-0.134339213887999,0.795,0.793,1
"FASTKD2",0.203458117887767,0.67023391021513,0.244,0.166,1
"PCYOX1",0.203553327238968,1.42660194818842,0.071,0.026,1
"F2R",0.203670846229439,-1.2531323815435,0.047,0.093,1
"ENSG00000251675",0.203711547488495,-1.25902061156355,0,0.01,1
"ALOX12-AS1",0.203938380301665,-0.606378554852999,0.102,0.155,1
"GP9",0.204213040433214,-1.15476918276551,0,0.01,1
"MYL9",0.204213040433214,-2.6675210934369,0,0.01,1
"BTG1",0.204242223368498,-0.131385940307126,0.85,0.922,1
"PAPLN-AS1",0.204284424008261,-1.08177744661607,0,0.01,1
"MEF2C-AS1",0.204449912224006,-0.90714339313743,0.055,0.104,1
"ZNF543",0.204453241553339,-1.50895322612183,0.008,0.036,1
"ZDHHC24",0.204538272358485,-0.689377555996442,0.15,0.212,1
"CHMP7",0.204722947399751,-0.130778537682835,0.118,0.176,1
"TPM1",0.204763200831246,-1.34968008959396,0.016,0.057,1
"USO1",0.204787647809011,0.388736216293011,0.48,0.394,1
"HSD17B4",0.204823365712827,-0.621663007158765,0.126,0.192,1
"POU5F2",0.204853426746717,-1.08056680423435,0,0.01,1
"TICAM1",0.204855632436245,0.4609397846717,0.417,0.383,1
"HYLS1",0.20490175436104,-0.139092941278472,0.134,0.109,1
"IRAG2",0.204911362736158,-0.544945709176792,0.134,0.228,1
"MRPL18",0.204931974050303,-0.138596398706676,0.528,0.472,1
"PIGW",0.205117276025104,-0.889263687883961,0,0.016,1
"KLHL26",0.205144395416273,-1.68802343612797,0.008,0.041,1
"CLASP1",0.205144879174568,0.332803519038435,0.472,0.394,1
"CYGB",0.205196262929503,-2.96751966870659,0,0.01,1
"ENSG00000266677",0.205401898597359,-0.700696066527269,0.024,0.052,1
"IGHG3",0.205431104624075,-4.25361252587261,0,0.01,1
"IL12A",0.20544130374465,-1.09070721778455,0,0.01,1
"INPP4A",0.205487244960667,0.339242046837416,0.63,0.523,1
"PABIR1",0.205605160968836,-0.72520219534956,0.142,0.228,1
"ENSG00000267568",0.205649584480794,-1.06055512215281,0,0.01,1
"ZBTB11-AS1",0.205718933852045,0.206528649155776,0.094,0.067,1
"CDC37L1-DT",0.205722810903354,-1.64186184280067,0.008,0.036,1
"APMAP",0.205983062518328,-0.5482828247237,0.22,0.352,1
"TSKS",0.206006798351742,-1.04508643253711,0,0.01,1
"LMLN",0.206095244766691,-0.931656572839972,0,0.016,1
"PF4",0.206097575176443,-1.13054165430791,0,0.01,1
"WDR45B",0.206101546503825,-0.451078110870037,0.22,0.337,1
"RB1CC1",0.206443107005517,-0.196127174716877,0.591,0.632,1
"RPS12",0.206472012702022,0.120525293923594,1,1,1
"KIZ-AS1",0.206472087612751,-1.03637165190876,0,0.01,1
"BACE2",0.206501162222317,-1.42690823919339,0.008,0.021,1
"ARIH1",0.206557046737084,-0.312407483665802,0.52,0.622,1
"CHST11",0.206567757327315,-0.32172794123155,0.575,0.653,1
"ATP6V0E2",0.206864625419486,1.24241471206305,0.055,0.026,1
"THUMPD3",0.206900056283302,-0.798997077771118,0.071,0.124,1
"UAP1L1",0.206911203102829,-1.41299389866114,0.031,0.083,1
"MRPS24",0.207001487156822,0.407278789437203,0.488,0.435,1
"ERO1A",0.207021996958043,-0.464218952496755,0.213,0.254,1
"ENSG00000286997",0.207158167490596,-1.04683962953615,0,0.01,1
"SNN",0.207232209256532,0.321957004555397,0.291,0.295,1
"TENM2",0.207314145753292,-1.04302056017828,0,0.01,1
"UBL3",0.207481637710694,-0.344016002540573,0.52,0.627,1
"NANS",0.207584956358199,-0.232260792379029,0.551,0.56,1
"ATP1B1",0.207585096429996,-0.745162046352063,0.079,0.155,1
"PGM2",0.207588487354025,-1.00804951615998,0.079,0.15,1
"TEX28",0.207710681296693,-1.22062007037556,0,0.01,1
"LINC00937",0.207721233825876,1.39496058457729,0.016,0.005,1
"PIGBOS1",0.207749977743256,0.551359247137268,0.244,0.202,1
"CYC1",0.207847406449092,0.134404590676213,0.575,0.632,1
"GBP1",0.20800629140104,-1.07603572637395,0.079,0.155,1
"ENSG00000288018",0.208092335960636,-1.75270323445778,0,0.01,1
"TM2D3",0.208299622757332,-0.578418090144915,0.165,0.238,1
"CLN5",0.208415846884102,-0.496632236152895,0.126,0.192,1
"NHLRC3",0.208586401827406,0.739485817836983,0.197,0.13,1
"MANF",0.208645285380003,0.287127828905806,0.646,0.622,1
"ARF5",0.208694502673296,-0.202182006759785,0.827,0.86,1
"ENSG00000267481",0.20871351724992,-1.27822534775997,0,0.01,1
"BTN2A2",0.208844374552194,-0.699824981631795,0.102,0.171,1
"DPYSL2",0.20892965468922,0.400529257432511,0.465,0.363,1
"USP2-AS1",0.209014907131341,1.49642321616244,0.047,0.016,1
"TUBB2A",0.209019525163697,-0.299349272136878,0.063,0.119,1
"VTA1",0.209128555038043,0.49676767674684,0.37,0.321,1
"SH3RF3",0.209178467720186,0.876112834774302,0.071,0.031,1
"ENSG00000291011",0.209216626165927,-1.00204207060897,0,0.01,1
"ENSG00000287042",0.209267383878931,-1.6698365008277,0.016,0.047,1
"APLP2",0.209456709512781,-0.312913271727921,0.591,0.627,1
"ENSG00000290790",0.209515609522364,-1.04327634529392,0,0.01,1
"DVL3",0.209629709460677,-0.58536583010407,0.181,0.269,1
"H1-5",0.209813047151674,-1.40962103297341,0.031,0.062,1
"YEATS4",0.209813591087027,-0.157374247476155,0.118,0.187,1
"EFCAB7",0.209818720365332,1.17389568413664,0.063,0.036,1
"GTF3C6",0.209860956914968,0.181424671739729,0.504,0.539,1
"MTMR3",0.209999360414598,0.245598766018581,0.339,0.285,1
"CCDC17",0.21016744753178,-0.983955137358101,0,0.01,1
"UBA1",0.21019521716134,-0.246966584972122,0.394,0.518,1
"CCND2",0.210242657870433,-0.784038950242935,0.236,0.352,1
"POMP",0.210486615461888,0.162100164777683,0.874,0.917,1
"TMEM139-AS1",0.210525007092828,-1.03733695772546,0,0.01,1
"IFI16",0.210608658462863,0.163654274750542,0.543,0.456,1
"LOXL1-AS1",0.210635141329996,-1.1939731390853,0,0.01,1
"ENSG00000285679",0.210647956227133,0.608937889743892,0.039,0.016,1
"ANKMY1",0.21088217506586,0.280212588426156,0.165,0.124,1
"NBPF15",0.2108993540296,1.51966688118435,0.071,0.031,1
"CENPP",0.21090592890885,0.902706958881347,0.15,0.088,1
"MBLAC2",0.210949659930685,0.922959799313265,0.031,0.01,1
"MAP9-AS1",0.210979320233743,-1.01027584111557,0,0.01,1
"SQLE",0.211026346500345,0.527705922056644,0.354,0.306,1
"SYN1",0.211042246312024,-1.10210926849464,0.157,0.223,1
"STK40",0.211043273949007,-0.167405802640296,0.528,0.549,1
"RSRC2",0.211066481620159,-0.231890528492847,0.654,0.705,1
"ENSG00000273080",0.21109168743465,-0.971533016967222,0,0.01,1
"TBC1D3E",0.211282547506913,-0.959802408888194,0,0.01,1
"PAPOLA-DT",0.211416966585305,1.12502117769727,0.016,0.005,1
"NRIR",0.211791891452569,-0.960292200461857,0,0.01,1
"ILDR2",0.211828168693263,-1.02173351937584,0,0.01,1
"ENSG00000261604",0.21195556263771,-0.958224523807046,0,0.01,1
"RADX",0.211970163925837,-0.992171988507007,0,0.01,1
"LRRC2",0.212032315531924,-0.963259937011276,0,0.01,1
"POLR3A",0.21209058493144,0.6038555628026,0.142,0.083,1
"PRMT5-AS1",0.212101963361023,-0.988197162654155,0,0.01,1
"ESR1",0.212116650858054,-1.603909137687,0,0.01,1
"ENSG00000290989",0.212133281417063,-0.955979919026367,0.039,0.088,1
"METTL23",0.212191125040985,-0.504444855289216,0.181,0.264,1
"PRR3",0.212262217095331,-0.785928123216383,0.087,0.14,1
"ENSG00000289303",0.212419647538561,-0.950014248347273,0,0.01,1
"MPZL2",0.212423365040372,-0.971704569465892,0,0.01,1
"CHCHD2",0.21255525926914,0.247860855891269,0.992,0.99,1
"CDK16",0.212566712525629,-0.407474758565243,0.276,0.326,1
"PIK3IP1-DT",0.212594955016212,-0.963483218740159,0,0.01,1
"PSMD10",0.212704078856639,0.126455472417168,0.236,0.249,1
"ENSG00000251023",0.212786535955563,-0.94649619873678,0,0.01,1
"CRIM1",0.212829890765529,0.239349403862479,0.252,0.192,1
"LINC02356",0.212846930517911,-1.19110134470075,0,0.01,1
"APC",0.213068682333801,0.263146834848918,0.433,0.363,1
"ROBO1",0.213101069418105,0.515617705556549,0.024,0.036,1
"MRPS35-DT",0.213200728471013,-0.961404643398388,0,0.01,1
"LNC-LBCS",0.213204558327072,-0.948333220573666,0,0.01,1
"ENSG00000285669",0.213208388727952,-0.979625775265172,0,0.01,1
"VPS11",0.213242340114184,-0.416485670817408,0.087,0.124,1
"NCKIPSD",0.213269581231626,-1.21752654691576,0.008,0.041,1
"TMEM242",0.213345305697219,0.538182064744113,0.228,0.166,1
"ENSG00000245025",0.213427622821124,-0.935932604813504,0,0.01,1
"SBK1",0.21347400328156,-1.00064276807258,0,0.01,1
"MTMR12",0.213571389306587,-0.214615460101515,0.134,0.192,1
"SGCD",0.213629173098206,-0.976929363737807,0,0.01,1
"TCF3",0.213704892579788,0.507413241400407,0.354,0.321,1
"SPRED2",0.213706869534406,-0.533641726716476,0.386,0.466,1
"TAF6L",0.213728821466756,0.45547954110257,0.11,0.098,1
"BBC3",0.213767543838075,-0.829474572226722,0.102,0.145,1
"CLN3",0.21387644720003,0.349849132126371,0.362,0.378,1
"BAG2",0.213879331648413,-0.555619681367309,0.071,0.088,1
"CD1D",0.213983715526765,0.975199227881165,0.016,0.005,1
"ENSG00000268081",0.214027968377342,2.11433821823537,0.039,0.01,1
"TOLLIP-DT",0.214163305538099,-0.946265669125703,0,0.01,1
"ZNF559",0.214208114148717,1.1061947053068,0.071,0.031,1
"ENSG00000227627",0.214212260946667,-1.29047169869287,0.008,0.041,1
"ENSG00000272669",0.214278515247764,-1.40048822474143,0,0.01,1
"NBPF8",0.214353384046532,0.276892172674102,0.268,0.218,1
"SNRPA",0.214385500397334,-0.100336050970599,0.504,0.492,1
"NFKB1",0.21450182286686,-0.400896077250482,0.85,0.902,1
"VASH1-AS1",0.214510324126589,-0.939819054527939,0,0.01,1
"ENSG00000258949",0.214562535775648,-0.976421276254571,0,0.01,1
"RSAD2",0.21456790659616,-1.56208013253317,0.024,0.067,1
"RFX3-DT",0.214785027394318,-1.01907993315452,0.039,0.088,1
"ZNF91",0.214870036130015,0.683207625248231,0.213,0.15,1
"DDX60L",0.214905853505455,-1.00341791632627,0.079,0.15,1
"ENSG00000289603",0.215003985531426,-0.919059583355309,0,0.01,1
"RASD2",0.21501622853872,-1.29271676717848,0,0.01,1
"CKS1B",0.215097210824116,-0.41104064282082,0.094,0.135,1
"ENSG00000286313",0.215159432527421,-0.917013751319566,0,0.01,1
"ARFGEF3",0.215216904532674,-0.930933800067161,0,0.01,1
"SMG5",0.215307517729776,-0.235322481753527,0.165,0.244,1
"NAA40",0.215368768196102,-0.42508734222138,0.087,0.135,1
"UPK2",0.215468590022008,-1.00000603456457,0,0.01,1
"XRN2",0.215489535653208,0.268530882430334,0.685,0.611,1
"ENSG00000290119",0.215514196346719,-0.947757309838348,0,0.01,1
"YY1",0.215545560953775,0.161502977324676,0.756,0.694,1
"RASAL1",0.215550280261163,0.380662965098448,0.079,0.052,1
"CSK",0.215619564788357,-0.135553998088736,0.701,0.71,1
"LSM7",0.215646540322052,0.247973703655299,0.819,0.808,1
"IL12A-AS1",0.215655587773489,-1.29095809721656,0,0.01,1
"ZNF296",0.215674802172941,0.629038560561282,0.339,0.244,1
"PLK1",0.215877278916066,-0.907837247044516,0,0.01,1
"LLPH-DT",0.215881476856764,-0.915839272487496,0,0.01,1
"ENSG00000281383",0.216140485850075,-0.67506971412385,0.055,0.114,1
"MAFA",0.216231857815317,-2.01934918293783,0,0.01,1
"CCNK",0.216355036299759,-0.217860521373988,0.48,0.513,1
"GON7",0.216355515288915,0.630169229821126,0.22,0.15,1
"ENSG00000286549",0.216428746602116,0.887634812770915,0.15,0.083,1
"MS4A6A",0.21648274153928,0.347718548473254,0.37,0.269,1
"PIGL",0.216526368692551,0.794320661818459,0.181,0.124,1
"IGLV1-40",0.216564655265095,-0.928540898564624,0,0.01,1
"REPIN1-AS1",0.216577251329345,-0.783379803082196,0.071,0.119,1
"H4C5",0.216604222395198,-0.569145971830058,0.039,0.083,1
"EIF2D",0.216633818459142,-0.306416474320891,0.189,0.197,1
"UBE2E2",0.216771928702405,0.361418105371473,0.63,0.617,1
"GRAP2",0.216965930807038,-1.77288837240965,0,0.01,1
"DYNC2I1",0.216978576273892,0.759584319747685,0.213,0.145,1
"IGHG1",0.216987643104933,-9.10251687654248,0,0.01,1
"IGKV4-1",0.216987643104933,-8.68901538929456,0,0.01,1
"TMSB15B-AS1",0.216987643104933,-0.899468629954221,0,0.01,1
"TSHR",0.216987643104933,-0.899468629954221,0,0.01,1
"ZBTB32",0.216987643104933,-0.899468629954221,0,0.01,1
"TMEM35B",0.217026736765941,-0.633649306989787,0.063,0.114,1
"H1-1",0.217131298994949,-0.897980521627062,0,0.01,1
"CRYM",0.21713517338944,0.929549198780548,0.181,0.109,1
"MYCBP2-AS1",0.217186364415783,-0.891353516214853,0.047,0.104,1
"AMN",0.21723975188009,0.570423771101986,0.094,0.047,1
"ENSG00000279168",0.217559918366031,0.51529604572896,0.37,0.295,1
"TAFA2",0.217642616829407,-0.647844365699179,0.055,0.114,1
"ZNF175",0.217725256349174,-0.84303318651844,0.039,0.088,1
"ZNF76",0.217756145430347,-0.876399772270808,0.055,0.109,1
"HPS6",0.217833738981807,-0.434072112714646,0.181,0.228,1
"PRR7",0.2179163193224,0.511449394152254,0.118,0.083,1
"SSPN",0.217939154230041,-0.888086582778352,0,0.01,1
"ENSG00000288942",0.217940298558489,-0.872238036955541,0,0.016,1
"ZNF418",0.218001742773051,-1.0407051737797,0,0.01,1
"SLC39A13-AS1",0.218019370184279,0.592557436697101,0.173,0.14,1
"CYBB",0.218035529001292,0.47791495253582,0.496,0.435,1
"CIAO1",0.218035962080108,0.456463127644005,0.394,0.352,1
"GPRC5D-AS1",0.21813623827231,-1.06236754987764,0,0.01,1
"MAP4",0.218157856109864,-0.274787363714734,0.504,0.58,1
"PTDSS2",0.218177974021445,-0.86513474750972,0.055,0.109,1
"LRRC70",0.218320881692741,-1.07939012796609,0,0.01,1
"TBC1D2",0.2186102162099,0.254824774885795,0.071,0.088,1
"IQCH",0.21861558458032,-0.999141920619262,0,0.01,1
"SIGLEC7",0.218693061171389,-0.942386889064197,0,0.01,1
"SBNO1",0.218764035760793,-0.228123718921115,0.394,0.446,1
"MCM6",0.218802943547867,-0.489876827171536,0.173,0.238,1
"CPEB3",0.21887196881334,0.180541625092483,0.102,0.078,1
"PADI2",0.218993247624437,-1.4500978552861,0,0.021,1
"ENSG00000262265",0.219007373215961,1.06372691606706,0.055,0.031,1
"AKNA",0.219097304472503,0.305518946996353,0.583,0.492,1
"MARCHF6",0.219181859642165,-0.364895280821226,0.394,0.492,1
"CD300C",0.219227087822677,-0.667032295741921,0.228,0.326,1
"KNTC1",0.219236933164885,1.00411293830428,0.087,0.041,1
"GIT2",0.219268430863871,0.442160741227563,0.496,0.435,1
"CISD3",0.219306012465437,0.664982788643615,0.102,0.073,1
"MAP7D3",0.219312453651632,0.346862577300517,0.087,0.119,1
"PRAG1",0.219424937845779,0.84266563004982,0.15,0.088,1
"CD40",0.219442844424555,-1.14494576705056,0.063,0.124,1
"ENSG00000287100",0.219475281407726,-0.198312235421759,0.087,0.083,1
"ITPR2",0.219591811318039,-0.181119216664627,0.591,0.601,1
"RNF11",0.219619055162524,0.321091435132845,0.685,0.591,1
"MAP3K21",0.219644244159598,0.567189402047453,0.039,0.057,1
"BOLA2",0.219700738706281,0.364663914125235,0.315,0.259,1
"GPN2",0.219848659879105,-1.06306117272669,0.047,0.104,1
"WDR36",0.219937011525574,0.458922490750859,0.165,0.166,1
"TXLNG",0.219971165013976,-0.14491711298072,0.15,0.135,1
"NFRKB",0.220009894082214,-0.327692398393727,0.11,0.181,1
"LZTFL1",0.220088371243113,0.452676489446545,0.142,0.093,1
"EHD1",0.220117117370285,0.449579053117407,0.52,0.415,1
"EIF5",0.220198329917044,-0.214829642872372,0.874,0.912,1
"TRBJ2-1",0.220230128063204,-1.07240597434873,0,0.01,1
"RAD21",0.220261999961571,-0.223323337882984,0.622,0.658,1
"SRBD1",0.220273221019684,0.861115522130047,0.157,0.104,1
"SMARCAL1",0.220291844103498,0.834241639467559,0.189,0.13,1
"MAT2A",0.220327456261558,-0.507605206056356,0.504,0.585,1
"VBP1",0.220427212086333,0.326802146777488,0.37,0.306,1
"LINC00324",0.220432386030715,0.788927877576606,0.087,0.078,1
"TMEM232",0.220468460670154,-1.25782681395869,0.008,0.036,1
"EEA1",0.220476058092896,0.207964976223896,0.362,0.311,1
"ENSG00000259589",0.220549360161557,0.625014345157154,0.071,0.036,1
"FBXO3",0.220588864177823,-0.414942585904313,0.213,0.233,1
"UTP6",0.220592339054778,0.438040226062876,0.394,0.337,1
"MIR22HG",0.22059651835062,0.264314455651158,0.63,0.611,1
"ENSG00000259327",0.220626703929533,-0.867197271808269,0,0.01,1
"TARBP2",0.220643417072605,0.959334496598636,0.102,0.057,1
"GSDME",0.220701122661312,-0.106579076056033,0.024,0.01,1
"PTTG1IP",0.220712923514697,0.354017549667185,0.764,0.684,1
"NCK1-DT",0.220756581490747,-0.974006548718678,0,0.01,1
"PCBP4",0.220809617397329,-0.867964011447719,0,0.01,1
"SLC12A2-DT",0.220869533173426,1.14234672794967,0.102,0.062,1
"AGO2",0.220882347559125,-0.178173290009098,0.535,0.653,1
"ENSG00000287543",0.220929018229171,1.12742880064051,0.016,0.005,1
"ENSG00000232611",0.221016621434392,0.881465561765586,0.031,0.01,1
"IRAK3",0.221141302590753,-0.918358879949364,0.11,0.197,1
"HMBOX1",0.221282482850976,-0.329162654388096,0.37,0.425,1
"PRKAB1",0.221304017243201,-0.187644290101134,0.181,0.181,1
"JMJD6",0.221327100825648,-0.2520971602261,0.354,0.466,1
"COX18",0.221330363552543,1.46167684610527,0.079,0.036,1
"RNASE2",0.221544866648705,-0.865918492744628,0,0.01,1
"MYBBP1A",0.22163799738191,-0.451649506043463,0.071,0.078,1
"IL2RA",0.221756709894672,-0.863784989790178,0,0.01,1
"ZNF575",0.221840764691869,-0.967997432609019,0,0.01,1
"ALOX5AP",0.221851629789748,-0.134998021492981,0.74,0.699,1
"SAT1",0.22197674340838,-0.476044414302609,0.937,0.948,1
"ENSG00000254433",0.222014359893319,-0.890958734647321,0,0.01,1
"ALG9",0.222129129004237,0.521289618978934,0.11,0.098,1
"SMG6",0.222165648188935,-0.268914999785858,0.252,0.352,1
"BOLA3",0.222376658539511,0.699971619760848,0.181,0.119,1
"TEN1",0.222452749631844,0.193549177413954,0.283,0.233,1
"CNOT10",0.222466012269144,-0.197316435794149,0.236,0.326,1
"DNAJC27",0.222578287474317,-0.808055253423598,0.071,0.124,1
"SH2D3A",0.222581154440911,1.81616280503611,0.031,0.01,1
"SDHAP1",0.222800161414455,-0.510083311643672,0.323,0.394,1
"PRMT1",0.222856935670824,-0.178924169146339,0.551,0.549,1
"OSMR",0.222893307549108,-0.863803309618543,0,0.01,1
"APOC1",0.22300001510264,-0.857311336808551,0,0.01,1
"ADAM22",0.223122291606871,-1.2182500641839,0,0.01,1
"NUMA1",0.22317555471318,0.302304707067127,0.465,0.466,1
"PTAR1",0.223183064670117,-0.571446402991191,0.197,0.28,1
"CMAS",0.223196911507045,0.236152300639104,0.205,0.155,1
"ENSG00000267262",0.223295261989059,-0.723411412083071,0.071,0.093,1
"HECA",0.223398262871998,0.478518030292492,0.339,0.306,1
"DNAAF10",0.223590188438685,0.658680861638103,0.047,0.052,1
"ZNF215",0.22363551843228,-1.55334256134682,0,0.01,1
"USP13",0.223656392399009,-0.60291176314024,0.118,0.15,1
"IDI2-AS1",0.223685624488163,1.78184101206005,0.039,0.01,1
"MGMT",0.223689026638046,-0.168901120250923,0.189,0.202,1
"ALKBH3",0.223903000150266,0.874313331240009,0.118,0.078,1
"UBAC2",0.223973779326844,-0.331325143148129,0.504,0.565,1
"SLC9B2",0.223989328524982,0.948484145217572,0.094,0.088,1
"ENSG00000225335",0.224170476862129,-0.919267828362062,0,0.01,1
"GTF2A2",0.224183717534055,0.520023501266766,0.528,0.477,1
"PRCP",0.224291549214243,-0.504044952265907,0.315,0.404,1
"TAP1",0.224293640214191,-0.365064299469819,0.646,0.689,1
"SLMAP",0.224294451089167,-0.390942984156197,0.433,0.534,1
"TSTD2",0.22431838662038,-0.445792532913482,0.094,0.166,1
"SGSH",0.224348585878362,-0.836705086637262,0.031,0.083,1
"SELENOH",0.224414040746897,0.341847523722135,0.85,0.803,1
"SLC12A4",0.224489176896461,1.03438205166771,0.079,0.041,1
"FAM8A1",0.224506117348476,-1.22578254035032,0.024,0.073,1
"ALYREF",0.224529186288424,-0.187895479702119,0.772,0.788,1
"NEXN",0.224583191534985,1.51412400408002,0.079,0.036,1
"CZIB",0.224683233609289,-0.556748781087997,0.11,0.155,1
"RAB3IP",0.224760487086846,-1.03539242433432,0.102,0.171,1
"USF2",0.224770078581281,0.532596250679467,0.496,0.399,1
"UPP2",0.224860205245591,-0.833646707143274,0,0.01,1
"LINC02798",0.224878928309274,1.69169927438382,0.016,0.005,1
"CYB561D1",0.224907094146982,1.45196014068592,0.071,0.031,1
"SPOPL-DT",0.224993027381427,-0.829132597322745,0,0.01,1
"PITRM1-AS1",0.225024215143605,1.58803157799389,0.047,0.016,1
"RNF212",0.225147582395811,-0.938886468000619,0,0.01,1
"ZNF518A",0.225191800735468,0.608243799976128,0.22,0.15,1
"ENSG00000290832",0.225273352733406,-0.588376131917965,0.197,0.259,1
"HINFP",0.225360530430167,0.643760775693629,0.157,0.119,1
"NAA15",0.225571528039824,-0.302531664913842,0.22,0.311,1
"SPATS2L",0.225588294233127,-0.577864622337398,0.291,0.383,1
"HADH",0.225716450367112,-0.481762288484282,0.181,0.197,1
"MADD",0.225848832272462,-0.301536194514709,0.205,0.228,1
"ENSG00000286803",0.225857979322324,-1.31451984801168,0.024,0.067,1
"ENSG00000286416",0.225949858841842,-0.872670833758735,0,0.01,1
"AGBL4",0.226058211485148,1.53426666799645,0.071,0.041,1
"SCAI",0.226071011310049,-0.474118981208004,0.087,0.114,1
"N4BP2",0.226078478949635,-0.135867157625742,0.465,0.56,1
"RBL2",0.226105526355224,0.53542471568203,0.307,0.259,1
"SEC63",0.226105598794984,0.141362660108222,0.551,0.487,1
"MEST",0.226391358881291,-1.79580990617017,0.016,0.052,1
"UCHL3",0.226478886242826,0.44944129077847,0.386,0.301,1
"B3GNT4",0.2265015165134,-0.869790547384059,0,0.01,1
"ENSG00000262879",0.226528028172157,0.129490129928006,0.173,0.202,1
"DCTN5",0.226543048774366,0.457541044781271,0.291,0.223,1
"ENSG00000222017",0.226589491523343,-1.24891248906937,0,0.01,1
"SLC39A8",0.226916768217443,-0.722527013117374,0.22,0.285,1
"RAD23B",0.226962673800799,0.303093959316923,0.465,0.456,1
"SLC25A19",0.227090740018832,-0.487690970913692,0.181,0.285,1
"ST7-AS2",0.227159668888904,-0.979508384930854,0,0.01,1
"MS4A6E",0.227382893810559,-0.817154887387584,0,0.01,1
"TPP1",0.227646765058517,0.110584275297317,0.559,0.513,1
"TRPM7",0.227677951912374,0.408737375173045,0.441,0.373,1
"MMP11",0.227680953975558,1.78474448256878,0.047,0.016,1
"ICE1",0.22772666655027,0.299800871877137,0.433,0.363,1
"C16orf95",0.227759056942743,-1.03181455489343,0,0.01,1
"IKZF1",0.22776728329004,0.459449528995876,0.724,0.684,1
"DOCK8-AS1",0.227877543244591,-1.21535338549129,0,0.01,1
"PSEN2",0.227932922211201,-0.839557264976476,0,0.016,1
"AASDHPPT",0.227956387549811,-0.114119022810082,0.283,0.295,1
"RBM22",0.227961345211837,-0.33798568360777,0.346,0.472,1
"GATD1-DT",0.227986704217057,-1.62196307928666,0.008,0.041,1
"ENSG00000230623",0.227990647226358,-0.967024434357502,0,0.01,1
"ARL5B",0.228051557637436,-0.605812076666858,0.165,0.249,1
"PHKB",0.228148153005427,-0.352309787607179,0.346,0.451,1
"ATP8A2",0.228155098996477,-1.24383041610138,0,0.01,1
"ZNF805",0.228198932207983,1.38990047347531,0.102,0.052,1
"RUVBL2",0.228252244280679,-0.58321285898867,0.189,0.28,1
"SLC1A2",0.228273707128142,-0.855884428028849,0,0.016,1
"UBE2L3",0.22842548426297,0.281603719032498,0.78,0.736,1
"CEP170B",0.228428470366735,-0.807349897555057,0,0.01,1
"PTRH2",0.228482292415428,0.581281840841359,0.283,0.207,1
"LATS2",0.228732537804281,-0.861894134866369,0.11,0.202,1
"GPR15",0.228743514711708,-0.859220389415632,0,0.01,1
"RCC1L",0.228790360896785,0.78621140797334,0.11,0.088,1
"HDAC11",0.22891617237079,-0.820938118253011,0,0.01,1
"MELTF",0.229104602072277,-1.3945713214252,0.024,0.062,1
"TTC28-AS1",0.229127522601673,-0.507326691234277,0.11,0.181,1
"TRIQK",0.229257279070772,1.06649289956826,0.094,0.052,1
"MREG",0.229304994490252,0.268071107699193,0.346,0.244,1
"SLC2A12",0.229396867579269,-0.799714885630097,0,0.01,1
"GLMP",0.229456279936269,-1.18703111712637,0.039,0.083,1
"DDX60",0.229489274736452,-1.31171078152597,0.016,0.057,1
"CERS4",0.229553967465692,0.253496809217448,0.055,0.073,1
"RGS13",0.22958819314732,-1.4435579660781,0.016,0.052,1
"CCNI",0.229666403598575,-0.199720451274736,0.961,0.964,1
"ZC3H15",0.229673641202614,0.248467886013319,0.709,0.627,1
"LINC01226",0.229718261789423,0.745275223399387,0.252,0.176,1
"PLEK2",0.229731498711415,-0.781374586833921,0.031,0.083,1
"S100A2",0.229811159135552,-1.66695837571678,0.016,0.057,1
"ROBO3",0.229857202611154,-1.50867058358733,0.016,0.057,1
"SLC10A1",0.229882001053743,-0.939916017332047,0,0.01,1
"COQ6",0.229892230459568,0.670167130070455,0.11,0.088,1
"LCP2",0.229913841969537,-0.375948819999558,0.205,0.311,1
"NR2F6",0.230034887133026,-0.795720800964486,0,0.01,1
"PYCR1",0.230034887133027,-1.15872178664833,0,0.01,1
"ETS2",0.230106789670012,-0.256388819503768,0.276,0.399,1
"CPSF4",0.230234003066122,0.861878375509903,0.087,0.057,1
"ATP11C",0.230236906858019,-0.229916537326574,0.15,0.207,1
"HPSE",0.230287454087974,1.00789305758882,0.016,0.005,1
"OGG1",0.230397553907437,0.664955740029937,0.094,0.057,1
"MVP",0.230521417309638,-0.303786579829244,0.417,0.477,1
"LYRM1",0.230556643660091,-0.621075695817838,0.087,0.161,1
"UTP15",0.23063380649144,1.23860117849854,0.055,0.036,1
"GPR176",0.230698495226498,-0.926614347950282,0,0.01,1
"SEPTIN10",0.230728311237733,-0.817107252152262,0,0.01,1
"RANBP10",0.230886904662975,0.695805638277535,0.173,0.119,1
"MKLN1",0.230994338269316,-0.227582180203059,0.646,0.71,1
"C3orf33",0.231033792954075,0.512896440585164,0.016,0.005,1
"TMEM109",0.231040994660569,0.330366846805294,0.472,0.378,1
"CCDC73",0.23109938870015,-1.18188990864506,0,0.01,1
"CORO7",0.231101692552908,0.459574437931328,0.575,0.523,1
"DND1",0.231207592796686,-0.791122773802162,0,0.01,1
"TPRA1",0.231221025520599,-0.14969656658627,0.244,0.347,1
"HARS1",0.231275188818817,0.552983249237953,0.323,0.259,1
"RWDD1",0.231377511445219,0.29552837928937,0.732,0.653,1
"LSAMP",0.231417113082261,-0.309029572719351,0.228,0.275,1
"FGD3",0.23156957516583,0.881567942348828,0.22,0.145,1
"ZNF469",0.231573113244124,-0.286109096659261,0.024,0.041,1
"HS3ST3B1",0.231830319641943,-0.142582564028409,0.378,0.363,1
"NSMCE4A",0.231969665162572,0.400409597288005,0.22,0.197,1
"MBLAC1",0.232069333972055,-1.19994042311632,0.016,0.047,1
"ENSG00000253736",0.232109845636184,-1.09875078888466,0.071,0.109,1
"ENSG00000288746",0.23213526583678,1.37734401644901,0.063,0.026,1
"CFDP1",0.232140117417255,-0.161085681667896,0.323,0.332,1
"FGGY",0.232150247706326,-1.29954730574099,0.016,0.052,1
"PER2",0.232337411082334,-0.37759884981431,0.189,0.212,1
"CSTF2",0.232355670565483,0.996181138432569,0.094,0.052,1
"METRNL",0.232427643795169,-0.413503168546191,0.575,0.684,1
"PCMTD1",0.232475219595349,-0.363950039206856,0.465,0.57,1
"ENSG00000279342",0.232584346942105,-0.824975494063478,0,0.01,1
"GART",0.232658641071476,0.67582818067584,0.268,0.192,1
"CCDC103",0.232670747247846,-0.778428823148205,0,0.01,1
"ENSG00000290072",0.232683100820475,-0.784131346053487,0,0.01,1
"LRRC61",0.232733435418573,0.358323032624973,0.173,0.104,1
"OXCT1",0.232750285278241,-0.708612499785848,0.181,0.269,1
"CMTM8",0.232754552497298,-0.306032871737578,0.031,0.062,1
"ZNF382",0.232787826491799,1.7002046974895,0.047,0.016,1
"CMTM4",0.232825358829034,-1.1408338965364,0,0.01,1
"TRBJ2-4",0.23285013542344,-0.836295762123379,0,0.01,1
"SUZ12",0.233064006690639,-0.268164351651291,0.441,0.477,1
"SMAD3",0.233064780645195,-0.495679492013824,0.37,0.399,1
"BABAM2",0.233150937942246,0.33503998797685,0.315,0.301,1
"PCED1A",0.233179431044787,-0.244401971027462,0.047,0.093,1
"ENSG00000289610",0.233235542015128,-0.850943144342303,0,0.01,1
"ENSG00000290786",0.233310434518591,-0.884388417357799,0,0.01,1
"IKZF4",0.233372918824643,-0.785803526311466,0,0.01,1
"HBA2",0.233466771329981,-0.800158956624609,0,0.01,1
"POLR3G",0.233554503585933,-0.787922087036966,0,0.01,1
"JMJD8",0.233563447411324,0.524816123264048,0.22,0.161,1
"KDM8",0.23361593758223,1.05314686524558,0.039,0.01,1
"FZD3",0.233645678175998,0.929190578137577,0.063,0.026,1
"TNRC6C",0.233730767631747,-0.126660977114697,0.197,0.259,1
"MZF1",0.233739570327801,-0.917217440864825,0.087,0.145,1
"HIRIP3",0.233755788360162,1.16297428736496,0.087,0.041,1
"ENSG00000237568",0.233862606797581,-0.786370057948045,0,0.01,1
"ENSG00000289035",0.233862606797582,-0.79356927111237,0,0.01,1
"CDC14A",0.233933680310729,0.540948275977379,0.291,0.212,1
"ENSG00000289912",0.234022494340448,-1.27729645461352,0.016,0.036,1
"ELOC",0.234028803075616,0.241221001750373,0.787,0.767,1
"SLFN12",0.234040616098088,-1.07923251458651,0.008,0.031,1
"POLR1D",0.234043477516581,0.188300827950143,0.732,0.658,1
"CAPZB",0.234072127997404,0.129805101285481,0.787,0.819,1
"DNAJC3",0.234078541765557,0.264319757496289,0.685,0.622,1
"ENSG00000276334",0.234235600850518,1.46477031482666,0.047,0.016,1
"ENSG00000290126",0.234292867620992,-0.835245480055041,0,0.01,1
"DKC1",0.234317438081308,0.371864781583299,0.323,0.259,1
"RILPL2",0.234377414469991,-0.206905951210124,0.717,0.72,1
"SYCP3",0.234381839880246,-0.855686874858351,0,0.01,1
"FOSL2",0.234420985554262,-0.511484637272081,0.283,0.404,1
"CORO2A",0.234497908951608,1.45569204537573,0.047,0.016,1
"SPEN",0.23460982991305,0.218851596599416,0.685,0.668,1
"LSP1P5.1",0.234611237474278,-0.818012135726825,0,0.01,1
"NUMBL",0.234862603163353,-0.849711651696261,0.118,0.187,1
"NDOR1",0.234878946220365,1.10135902001904,0.087,0.057,1
"ENSG00000290937",0.234886397156541,-0.796915758017085,0,0.01,1
"STKLD1",0.235014808516261,-0.767794358496387,0,0.01,1
"WDR77",0.23506679055876,0.627881812086216,0.165,0.14,1
"ATN1",0.235169066186265,-0.807507430318571,0.087,0.155,1
"TRBV7-2",0.235253091094148,-0.799120845127093,0,0.01,1
"ENSG00000288948",0.235369351640671,-0.912232753927553,0,0.01,1
"NIPSNAP3B",0.235381416940974,0.685682572211753,0.102,0.073,1
"STX5",0.235411853837698,0.222746691584,0.496,0.425,1
"IL10",0.235550643639499,-0.782451717582481,0,0.01,1
"GALC",0.235602640977749,-0.363901177111323,0.079,0.135,1
"CGAS",0.235649898199376,0.411659569983822,0.465,0.363,1
"LY6E-DT",0.235751988911283,-0.825529182166734,0,0.01,1
"SPTLC1",0.235848819757123,0.191939878664291,0.409,0.43,1
"SLC25A37",0.23585862273733,-0.64516423018859,0.126,0.171,1
"WDR89",0.235900952945955,1.11811691277811,0.118,0.062,1
"COPS5",0.235907067926951,-0.224075288466336,0.441,0.497,1
"ZNF845",0.236001119204122,-0.134810237738336,0.039,0.062,1
"NFIC",0.236004104128925,-0.852669503286748,0.126,0.207,1
"MAVS",0.236098078990877,0.493121025972153,0.165,0.114,1
"INSL6",0.236436463372204,-0.898004450995722,0.055,0.114,1
"FAM120A",0.236650837964199,-0.211907735382471,0.354,0.466,1
"LTA4H",0.236782029807742,-0.415995039784,0.331,0.435,1
"URI1",0.236836479218948,0.367909546367521,0.425,0.347,1
"CCNA2",0.236894456042493,-0.758307094552349,0,0.01,1
"ENSG00000288788",0.236967388257002,-0.826969815744842,0,0.01,1
"PACS2",0.237087701331995,0.518587074223234,0.299,0.238,1
"CEP250-AS1",0.23711175739228,0.859727776468555,0.134,0.098,1
"CCT6B",0.237214425013439,1.30181022066183,0.055,0.026,1
"TMCO3",0.237243125978275,0.623366828815269,0.134,0.109,1
"SERPINE3",0.237295124688941,0.318079602375686,0.047,0.021,1
"ZNF721",0.237308912117428,0.537594020646255,0.346,0.28,1
"BCKDHA",0.23732972072362,0.500158070339523,0.26,0.176,1
"CES1",0.237360013720478,-1.44377195995681,0,0.01,1
"VASH1-DT",0.237415453722101,-1.63402389872486,0.024,0.073,1
"BRAT1",0.237712336690788,0.669737402039359,0.26,0.187,1
"PLCB2",0.237780565563009,-0.585628826992191,0.11,0.187,1
"ENSG00000261669",0.237781952785009,-0.792492923401849,0,0.01,1
"SPAG7",0.237796630947178,0.229774875489402,0.622,0.549,1
"MDM4",0.237827400946641,-0.219517676976677,0.378,0.456,1
"RPSA2",0.237855874970616,0.250435343364416,0.181,0.171,1
"CSF1R",0.237861382951106,0.524226546035599,0.197,0.202,1
"MEF2D",0.237864061472446,-0.228457409673155,0.48,0.57,1
"ENSG00000288992",0.237943426104059,-0.767273865028135,0,0.01,1
"FBXO2",0.237990599006008,-0.891623292319865,0,0.01,1
"TBC1D32",0.238237840823973,0.571980089181196,0.276,0.223,1
"BCKDK",0.238295971641851,-0.639710462332565,0.15,0.244,1
"CCL3",0.238433553666488,3.62242889416011,0.031,0.031,1
"MMGT1",0.238521020429343,-0.313286360198715,0.291,0.342,1
"PRELID1",0.238552509011605,0.143113388319564,0.858,0.87,1
"RFNG",0.238564608580316,-1.23031880956593,0.039,0.083,1
"SDCBP",0.238568569605459,-0.170937770465788,0.677,0.782,1
"RTCA-AS1",0.23860700044395,-0.847026677254656,0,0.01,1
"C3AR1",0.238640541022733,-0.949066503191105,0.047,0.057,1
"ARHGEF7",0.238752032586759,0.408372782591394,0.567,0.456,1
"PPT1",0.238764865394384,0.218834958105415,0.425,0.425,1
"ZFP82",0.238777204181062,0.316401990568949,0.047,0.057,1
"ECSIT",0.23879133985531,-0.570030408684441,0.102,0.171,1
"LPCAT2",0.238909811910667,-1.16303811191004,0.071,0.145,1
"ID2-AS1",0.239064592763515,-0.745197892134264,0,0.01,1
"D2HGDH",0.239109052446659,-0.226753581321016,0.094,0.098,1
"MARCKS",0.239175637959222,-0.806183979096252,0.244,0.295,1
"DGUOK-AS1",0.239304906817502,-0.781361246705948,0,0.01,1
"ZNHIT2",0.23941457278874,0.475548325721262,0.11,0.098,1
"MRPS33",0.239639677949795,0.545890283813373,0.307,0.233,1
"STOML2",0.239887758105267,-0.217327881590949,0.26,0.358,1
"OCIAD1-AS1",0.239952810463497,1.28408257096657,0.016,0.005,1
"NAPG",0.239960374785655,-0.450450648189353,0.268,0.326,1
"SIDT1",0.239979350276529,-0.370829644526277,0.157,0.218,1
"NIPSNAP3A",0.240070944708497,-0.320850877322184,0.252,0.352,1
"HDHD3",0.240072721714541,-0.409435867939322,0.11,0.171,1
"RPS6KB1",0.240155716642786,0.26832813591496,0.323,0.29,1
"SPON1",0.240163375467527,-0.913906352978606,0,0.01,1
"TNFRSF14-AS1",0.24018428203469,-0.865766886160565,0,0.01,1
"CYTH2",0.240267020787842,-0.368187988790952,0.291,0.383,1
"PTP4A2",0.240301654527169,-0.130985398878325,0.843,0.912,1
"SETD4",0.240321687009364,0.498271766111124,0.15,0.098,1
"LIN7B",0.240438957730307,-1.19327667632632,0.031,0.073,1
"DDX19A",0.240568182428524,1.00021041574393,0.15,0.088,1
"STX10",0.240602224531964,-0.561565090769471,0.134,0.228,1
"ENSG00000286707",0.240617808596839,-0.780907215505027,0,0.01,1
"REL-DT",0.240617808596839,-0.780907215505027,0,0.01,1
"IL15",0.240759136059359,-0.928831332211101,0.055,0.093,1
"EXO1",0.240828580020065,-0.829437498680451,0,0.01,1
"LZTR1",0.241157602043405,0.91715380930096,0.094,0.047,1
"ATG12",0.241166668728116,0.369883831381055,0.472,0.394,1
"HSD17B7",0.24119280957762,0.815726463096194,0.165,0.135,1
"ENSG00000267379",0.2413423141807,-0.947725469310945,0.016,0.057,1
"ENSG00000267053",0.241358374956052,-0.763109700715446,0,0.01,1
"PDZK1IP1",0.241365466623314,-0.767770759901903,0,0.01,1
"CCDC28A-AS1",0.241408031984904,-1.10405717097838,0,0.01,1
"MTHFD2L",0.241518961106406,0.236821190552471,0.409,0.358,1
"BICDL1",0.241569034573999,-1.13588465875937,0.016,0.057,1
"ENSG00000272482",0.241572661710768,1.17565750478625,0.016,0.005,1
"PPOX",0.24166656387086,-0.393846571553469,0.047,0.093,1
"MRPL36",0.241742935188795,0.479444678189247,0.535,0.44,1
"MINDY1",0.241788738570936,1.80234816748273,0.039,0.01,1
"CCDC136",0.241813718102333,-0.772558384235309,0,0.01,1
"RPS6KA1",0.241850290394464,0.545035663235495,0.213,0.155,1
"ENSG00000289228",0.241857412991114,0.383401448808719,0.008,0.026,1
"ENSG00000249870",0.241973655512836,-1.93602847140021,0.016,0.062,1
"ADPGK-AS1",0.241980657265327,-2.02085400781019,0.016,0.047,1
"PUS1",0.241988658518942,1.11623988132639,0.102,0.057,1
"NCAPH2",0.242000961407472,0.589731306999292,0.142,0.083,1
"ERCC6",0.242068490698499,0.306851803079906,0.299,0.264,1
"ENSG00000266998",0.242085500955442,-0.770293718235745,0,0.01,1
"MBD4",0.242170352525566,-0.236731579045836,0.465,0.565,1
"ARHGEF4",0.242228971679027,-1.09540400959709,0,0.01,1
"SMIM41",0.242228971679027,-0.734866287151417,0,0.01,1
"CSF1",0.242247383153389,-0.932093305590964,0.016,0.047,1
"FEN1",0.242477114846982,0.688456733944312,0.15,0.088,1
"CIB1",0.242654764241526,-0.135479741600582,0.756,0.845,1
"HSDL1",0.242716173658733,-1.54052197550997,0.008,0.036,1
"SAFB",0.242843018384231,0.211163402193335,0.614,0.622,1
"NOMO2",0.242940606075826,-0.529480875821545,0.087,0.155,1
"ARHGAP18",0.24294467573967,0.260261710102223,0.496,0.399,1
"DDX54",0.242967533948971,0.335173826158393,0.323,0.259,1
"ARAP3",0.243012990816869,1.52811958274041,0.024,0.01,1
"DCTD",0.243029325290977,-0.705190955236669,0.11,0.192,1
"CKS2",0.243041870823509,-0.307410078264526,0.37,0.446,1
"KLF12",0.243064987233906,0.282264646385718,0.488,0.404,1
"FAM177B",0.243137497932268,-1.72783526551848,0.008,0.031,1
"DTWD1",0.243157559551987,0.450933183818964,0.283,0.202,1
"HSPA5",0.243171805349639,0.470613980609282,0.906,0.876,1
"ZNF564",0.243205165104325,1.08675639963164,0.11,0.062,1
"GBAP1",0.243248840355105,-0.754155808404819,0,0.01,1
"ENSG00000257764",0.24340678216287,-0.766242428991959,0.118,0.228,1
"PSME3IP1",0.243527865371114,0.268138341294091,0.283,0.29,1
"C19orf38",0.243530378897943,0.252825605091908,0.134,0.181,1
"SCAMP4",0.243533426875946,0.591690237546942,0.339,0.264,1
"LRP2BP",0.243621371606623,-0.791915423127214,0,0.01,1
"PLOD3",0.243683831752411,-0.584930745932722,0.142,0.223,1
"ENTREP3",0.243714623263221,-0.871191420160176,0.024,0.067,1
"WDR24",0.243880625093288,1.39907918889823,0.039,0.01,1
"PCMTD2",0.244081389350999,-0.898183287122151,0.047,0.098,1
"SHARPIN",0.24435650131601,-0.224086328450153,0.22,0.311,1
"CCNG2",0.244374373245108,-0.237032079202591,0.126,0.192,1
"PAFAH1B3",0.244476773317236,-0.786025508606507,0.142,0.207,1
"TRAT1",0.244479885517455,-1.14594235435808,0,0.016,1
"CXCL10",0.244817657035537,-1.84127507155063,0,0.01,1
"UGP2",0.244870843894202,0.445481229985326,0.331,0.264,1
"C17orf58",0.245018964880834,-0.74217301062531,0,0.01,1
"AP5M1",0.245030039163824,-0.420952499531828,0.252,0.332,1
"ELP1",0.245126907201365,0.653266521877009,0.102,0.062,1
"MINDY4",0.245160957736809,-1.1732039338931,0,0.01,1
"EIF2AK1",0.245167664498001,-0.214229448935729,0.307,0.332,1
"QARS1",0.245180845870758,-0.430755981562887,0.291,0.404,1
"AGAP3",0.245183756957801,0.39781040479329,0.252,0.218,1
"GTPBP10",0.245222279223357,0.946264879642843,0.165,0.104,1
"LINC00243",0.245228313306982,-0.722650598810362,0,0.01,1
"ENSG00000271533",0.245257620616111,1.46581239245462,0.071,0.031,1
"ENSG00000232220",0.245268424752019,0.920426796255174,0.016,0.005,1
"SIRT2",0.245276330038723,-0.136255456768081,0.331,0.347,1
"GRIK5",0.24530322512694,-1.40696812071018,0,0.01,1
"ENSG00000255495",0.245333211176215,-0.72766212257349,0,0.01,1
"TRAF1",0.245450912684102,-0.529669928315831,0.402,0.446,1
"SPCS3",0.245458738084114,0.125634204375842,0.669,0.715,1
"EZR-AS1",0.245535936020721,-0.72398034666991,0,0.01,1
"SLC49A4",0.245574961281397,-0.516711591194438,0.071,0.13,1
"H1-10-AS1",0.245588585112785,-0.715254920077757,0,0.01,1
"FBXO34",0.245697977928817,-0.434417876321848,0.323,0.435,1
"SENP6",0.245788676047936,0.335421683449191,0.717,0.653,1
"OR2A1-AS1",0.245837292433131,-0.744529796869736,0,0.01,1
"ARHGEF1",0.245918841319436,-0.307593921698073,0.409,0.477,1
"HDAC10",0.246039842827407,-0.427369137155629,0.134,0.212,1
"CCDC107",0.246218151475669,0.61879522524313,0.425,0.326,1
"SHF",0.246290740860882,-1.07099294124434,0.031,0.062,1
"EBAG9",0.24629431572005,0.705419635162798,0.173,0.13,1
"SEMA4C",0.24631385437551,1.03452852319214,0.11,0.062,1
"MCPH1-DT",0.246344633454981,-0.546854884340987,0.016,0.047,1
"CCNQ",0.246401234782576,-0.399189489399831,0.165,0.238,1
"ELF4",0.246505599520351,0.205519613939689,0.496,0.513,1
"SFXN1",0.246612124871022,-0.689665235295616,0.071,0.135,1
"NPRL3",0.246706557420068,0.670470814436034,0.118,0.104,1
"DLGAP1",0.246826668329669,-1.60349703323788,0.008,0.041,1
"INO80D-AS1",0.246882735563763,0.938263151595495,0.126,0.083,1
"ENSG00000289013",0.246924687952061,-1.07705585670508,0,0.01,1
"CREBZF",0.246924695647758,0.149837515969685,0.331,0.363,1
"GNG4",0.247008721095467,-0.437290049193043,0.079,0.15,1
"ZNF599",0.247047336264544,-0.853765736107608,0,0.01,1
"KIF11",0.247139164200012,0.899115373060715,0.047,0.021,1
"ZNF284",0.247159755404815,0.280814889359723,0.008,0.021,1
"BCLAF1",0.247194238946013,-0.16102663768373,0.701,0.746,1
"LRRCC1",0.247560018998392,-1.33705824546987,0.024,0.057,1
"CHAC1",0.247640968940073,-1.35020598324114,0.024,0.062,1
"SND1-IT1",0.247738869666649,1.62102476964216,0.055,0.021,1
"SOX6",0.247758045743065,0.673196871515817,0.047,0.031,1
"FMNL2",0.247810814239165,-0.545955898152566,0.055,0.109,1
"HIP1R",0.247914148736928,0.539800975015482,0.016,0.026,1
"TGFA",0.2480831360112,-0.769924145670879,0.055,0.073,1
"MLF1",0.248104924031842,0.72305038215231,0.094,0.062,1
"C11orf21",0.248309606250377,-1.53035766237901,0.024,0.067,1
"NMI",0.248401087612155,-0.465441975908359,0.268,0.332,1
"GLYATL1",0.248500951094725,-0.835038205009847,0,0.016,1
"ENSG00000289963",0.248550312871901,-0.717920796600673,0,0.01,1
"ZNF395",0.24856516473458,-0.226338422893363,0.094,0.093,1
"GPKOW",0.248584424912671,0.341636708213676,0.181,0.145,1
"MDM1",0.248724507887125,1.21322196641371,0.071,0.036,1
"GNAT2",0.248881406098689,1.68506130478503,0.039,0.01,1
"DKK2",0.249052616972453,-0.721919385335711,0,0.01,1
"CCDC32",0.249161512962029,0.341523483181689,0.291,0.228,1
"SPHK1",0.249172091652429,0.284662694566993,0.685,0.648,1
"MXD4",0.249206056762753,0.122720910246761,0.693,0.736,1
"ENSG00000289872",0.24926257336562,-0.258625879788027,0.094,0.104,1
"SARNP",0.249303846245268,-0.29052211848387,0.551,0.642,1
"CYFIP1",0.249392415799011,-0.306832413129539,0.15,0.223,1
"CNN3",0.24952225725823,-1.85776166323926,0.016,0.052,1
"TNPO1",0.249529672222268,-0.247761506904831,0.496,0.606,1
"RANBP9",0.249581056060834,-0.227914814904949,0.402,0.415,1
"PNMA1",0.249586626330721,-0.392250992569459,0.134,0.207,1
"SRGAP2-AS1",0.249677119275618,-0.702434976972582,0,0.01,1
"RASSF4",0.24995488688913,0.457455633325718,0.079,0.052,1
"GCAT",0.249955383978493,-0.715485907455645,0,0.01,1
"TMEM219",0.250024272063929,0.198876116080971,0.622,0.575,1
"ENSG00000289614",0.250175403613422,0.418893234901824,0.047,0.021,1
"MESP1",0.250223657006954,1.01061843963678,0.016,0.005,1
"RNFT1",0.250250127746452,-0.117161330380995,0.268,0.295,1
"ENSG00000288935",0.250378618952568,-1.1264426163015,0,0.01,1
"MAP7D2",0.250522870985335,-1.04680534644446,0,0.01,1
"ENSG00000287825",0.250612800336972,-1.2777858311371,0.008,0.036,1
"SLC25A24",0.250662060296595,0.335218510919946,0.402,0.347,1
"TRUB1",0.25071801356197,1.26212391753263,0.047,0.016,1
"PLXNA3",0.250808342626302,-1.05147091226711,0.008,0.036,1
"MPND",0.250832849974033,-0.970130602730625,0.047,0.104,1
"ELFN1",0.250973320450137,-0.719806865744455,0,0.01,1
"COL1A1",0.251086327581944,-0.818695746618634,0,0.01,1
"ENSG00000249806",0.251086327581944,-0.818695746618634,0,0.01,1
"CFAP43",0.25114289048514,-0.770550939104942,0,0.01,1
"FMNL1",0.251492317203575,-0.180478386270924,0.835,0.891,1
"TFCP2",0.251736676053833,0.342566636359407,0.299,0.233,1
"IL2RB",0.251759361840321,-1.12485668802732,0,0.016,1
"PARPBP",0.251849468470781,0.912089468714049,0.079,0.041,1
"KLHL8",0.251858212012748,-0.360332760797573,0.102,0.109,1
"NOXRED1",0.251871934628912,1.3751853120786,0.016,0.005,1
"ENSG00000287931",0.251906293655238,-0.706450094839331,0,0.01,1
"XIAP",0.252004957388309,0.393973202450089,0.378,0.342,1
"GNA15-DT",0.252068279651569,-0.839790420067638,0.024,0.062,1
"SLC39A7",0.252166823812775,0.272629447619394,0.22,0.233,1
"MZF1-AS1",0.252302021781167,-1.72230571667755,0.008,0.036,1
"RASSF7",0.252364170573043,0.74744074769751,0.165,0.104,1
"PPP4R2",0.252471710119046,-0.293728579395538,0.567,0.658,1
"ENSG00000279159",0.252491193746886,-1.85214622052731,0.008,0.036,1
"H3C2",0.252627487134101,-0.706603671699152,0,0.01,1
"ASH1L",0.252630696533026,0.186084548733394,0.843,0.803,1
"GLTP",0.252682264612558,0.311105318944064,0.283,0.259,1
"PPP3CB-AS1",0.252775533410303,0.49935653357337,0.047,0.026,1
"CFAP97",0.25283649499098,-0.604054942492231,0.118,0.14,1
"BOLA2B",0.253251502979783,0.602990339006456,0.063,0.062,1
"DGKQ",0.253526735501042,-1.56627603327647,0.016,0.052,1
"ARRB2",0.253541419205607,-0.502833766462939,0.441,0.549,1
"SLC27A4",0.253571427422975,-1.00430838378848,0.008,0.036,1
"PDCD2",0.253622773685211,0.527219444985206,0.402,0.358,1
"GABPB2",0.25362468266778,-0.986857417894736,0.039,0.078,1
"ENSG00000239300",0.25375564523417,-1.22130718308798,0.008,0.041,1
"POC5",0.253825499766612,0.431530936489731,0.126,0.093,1
"MAN2A1",0.253875382931438,0.165951640517646,0.331,0.269,1
"PLEKHG4",0.253938322360215,-0.702219037271781,0,0.01,1
"LKAAEAR1",0.253963411381016,-0.723996052367165,0,0.01,1
"NIT1",0.254021553280513,-0.521989054937872,0.11,0.155,1
"CLIC3",0.254034304069533,0.34986739151126,0.535,0.461,1
"TENM4",0.25410175120644,1.48910523083145,0.016,0.005,1
"ANKRD22",0.254156009090996,-1.0320978681758,0,0.01,1
"CLPP",0.254213740247795,-0.407560069932762,0.268,0.301,1
"CCDC112",0.254242658436141,0.317326659674459,0.134,0.13,1
"MPHOSPH10",0.254283673570565,0.492678060082974,0.331,0.254,1
"PPP1R21-DT",0.254323843259659,-0.719340389683198,0,0.01,1
"RPL23AP7",0.254363469853757,0.893726202743438,0.134,0.078,1
"ATOX1",0.254366119850342,0.167730360868133,0.677,0.622,1
"DACH1",0.254376277108521,0.184414982555403,0.252,0.202,1
"ROMO1",0.254571835231771,0.224283965085637,0.803,0.819,1
"WDR46",0.254728710219408,-0.441763886572603,0.126,0.145,1
"KAT2B",0.254783876990253,0.456815572628987,0.394,0.321,1
"ZBED5",0.255010731814832,-0.421099829070896,0.213,0.306,1
"SCN9A",0.255078368353786,0.230477588460442,0.22,0.233,1
"PLEKHA5",0.255115680271405,-0.802202940238095,0.189,0.29,1
"RNF20",0.255396898347839,0.202849142814576,0.165,0.135,1
"YPEL3",0.255478836276102,-0.196746399360649,0.504,0.565,1
"ENSG00000289180",0.255567694399237,-0.810540593500487,0,0.01,1
"TTC22",0.25560179456632,-0.693439829232239,0,0.01,1
"SEC61A2",0.255612629559245,0.578821603301481,0.22,0.15,1
"EPHA5",0.255755412547828,-0.724270922627732,0,0.01,1
"LMBR1L",0.255761604499026,-0.423639160918077,0.276,0.316,1
"OPA1",0.255776460877568,-0.132192352588505,0.362,0.373,1
"UPF1",0.255776464566071,0.107193601736146,0.283,0.321,1
"SKIC2",0.255830839285027,-0.768711571897228,0.063,0.119,1
"DIDO1",0.255877367750989,0.493402717720076,0.402,0.321,1
"CDKAL1",0.255931452455724,0.22609743777242,0.307,0.337,1
"TRIM4",0.256021577535273,-0.196684133524907,0.252,0.249,1
"TMEM220",0.256021707854917,-1.12440612917261,0.031,0.073,1
"ENSG00000256948",0.256260860973169,-0.776111125967224,0,0.01,1
"ENSG00000259321",0.256527619988023,-0.677543508996884,0,0.01,1
"DYNC1I2",0.256533483629261,0.318630645882096,0.449,0.368,1
"COX10",0.257156193412937,-0.320375207281736,0.087,0.145,1
"FFAR2",0.257185078076013,-0.843777224858159,0,0.01,1
"FDXACB1",0.257227317330901,1.64479619712907,0.039,0.01,1
"TRIM47",0.257239674370733,-0.815108083875027,0.024,0.057,1
"TMEM254",0.257454260836685,1.5785955957415,0.071,0.031,1
"NSA2",0.25751831096875,0.280539278327033,0.685,0.632,1
"CCDC85B",0.257608834856074,0.523060904186674,0.472,0.404,1
"RSPH3",0.257652065682681,0.189224447599811,0.315,0.238,1
"ENSG00000230732",0.257716355705782,-0.705439093709276,0,0.01,1
"DICER1",0.25780282880336,0.245318757658211,0.386,0.389,1
"FBLN2",0.25782889033777,-1.4289603577678,0.024,0.078,1
"ALPK1",0.257883373400224,0.357363000939983,0.063,0.067,1
"ACKR3",0.257947950441033,-0.398847018671556,0.024,0.021,1
"TM2D1",0.257949492537335,-0.460310887938638,0.283,0.347,1
"ABCC4",0.25795698730727,-1.30181458569276,0.031,0.052,1
"LDLRAD3",0.257998253208895,-0.686113822342827,0.024,0.021,1
"NKX3-1",0.258022633870165,-0.707605908851295,0,0.01,1
"ENSG00000288924",0.25803837839351,1.74482185263831,0.039,0.016,1
"UPB1",0.258106074067874,1.45765175687375,0.016,0.005,1
"SLC25A40",0.258337549134724,-0.188830074435653,0.047,0.093,1
"CNDP2",0.258369323566537,-0.217381183077903,0.346,0.435,1
"MTX1",0.258621429322601,-0.372689994485225,0.197,0.244,1
"AGBL3",0.258845578609869,1.04916321709483,0.094,0.047,1
"BPHL",0.258946572892507,1.68063322128354,0.047,0.016,1
"AGAP6",0.258960360041549,0.952896188623637,0.102,0.057,1
"TTK",0.258974408942288,-0.745354086407491,0,0.01,1
"SEH1L",0.25897669766295,-0.337224755019928,0.197,0.212,1
"TGFBRAP1",0.258978525725479,-0.188539587890173,0.134,0.14,1
"PHKG2",0.2589930885835,-0.439818868973971,0.165,0.254,1
"TASL",0.258997088991902,0.170160682275802,0.291,0.223,1
"ENSG00000290122",0.259011153793986,-1.46727860862176,0.024,0.047,1
"LINC03072",0.259040797409872,1.46222446233353,0.039,0.016,1
"EIF4G2",0.259113588590331,-0.176407080023669,0.945,0.959,1
"PMS1",0.259333817579979,0.90544607841167,0.165,0.104,1
"ASF1A",0.259438071396562,-0.529019666174729,0.197,0.28,1
"DFFB",0.259480830694033,-1.01148016434808,0,0.01,1
"C15orf39",0.259634323352785,0.433736781276943,0.598,0.544,1
"TBC1D16",0.259647815037123,-0.457247607849002,0.142,0.145,1
"OSBPL2",0.259662651605903,0.114822866522678,0.189,0.161,1
"ARID5A",0.259689854547237,-0.226244908104472,0.685,0.777,1
"TERF1",0.25969562061689,0.816651179771296,0.197,0.161,1
"S100Z",0.259792526428433,-1.64915328638025,0.008,0.041,1
"SF3B2",0.259834924013749,0.279932092837811,0.827,0.782,1
"H2BC18",0.259969653344908,-0.397007750295704,0.047,0.057,1
"SEC62",0.26009508030557,0.228559275268738,0.874,0.829,1
"B2M",0.260146227071082,-0.113546278160144,1,1,1
"NFIX",0.260269443057391,-1.67833144764369,0.016,0.052,1
"NDUFB7",0.260278004537886,0.350332793648735,0.638,0.601,1
"PNRC1",0.260343216768481,-0.183669329924358,0.961,0.979,1
"CIITA",0.260401856451358,-0.217664246583173,0.598,0.601,1
"B4GALT1-AS1",0.260592375369746,-0.689967783493664,0,0.01,1
"FNDC3B",0.260594557367548,-0.367035934729676,0.441,0.565,1
"RNF167",0.260633678717052,0.25914424159691,0.323,0.264,1
"KLHL7",0.260775975111212,-0.346120722696342,0.134,0.155,1
"TRIP6",0.260846371477256,-0.472726341874157,0.071,0.083,1
"GNPDA1",0.260852137093054,1.17618866144622,0.079,0.041,1
"MDP1",0.260857043221568,0.609133186043643,0.213,0.176,1
"PTOV1-AS1",0.260881430967942,-0.671135371305565,0,0.01,1
"ST6GALNAC4",0.260885378768354,0.30706066560055,0.512,0.487,1
"EEIG1",0.260930999000035,-1.52979023180012,0.008,0.041,1
"RHD",0.261079387222685,1.27168162057892,0.047,0.016,1
"SNX13",0.261172581890797,0.232284884732203,0.339,0.285,1
"CHAMP1",0.2614022811023,0.727994845937121,0.15,0.093,1
"CMC1",0.26147387873199,0.709101794656688,0.205,0.15,1
"TMEM71",0.261518487521058,1.51206692972795,0.031,0.01,1
"GALNT4",0.261797015338841,1.38878617050403,0.047,0.021,1
"ZNF703",0.262151851175401,-0.811917257078203,0,0.016,1
"YIF1A",0.262375969021258,0.471070516669689,0.283,0.218,1
"ABCB10",0.262395443846166,0.372083532241309,0.11,0.109,1
"H2AC6",0.262528985622359,-0.400028789132154,0.307,0.378,1
"SLC39A14",0.262561230739371,-0.682910229037528,0,0.01,1
"PRELID3B",0.262684004465891,-0.196974007274417,0.386,0.492,1
"PTPRJ",0.262689121435608,0.513437931566222,0.472,0.409,1
"GSTP1",0.262694757438835,-0.277155805437579,0.937,0.953,1
"ENSG00000289029",0.26274565019924,-0.652077067849177,0,0.01,1
"ENSG00000285966",0.262772390932127,-1.22763158347568,0.016,0.041,1
"ENSG00000287195",0.262812964712374,-0.842279963871699,0.008,0.036,1
"ENSG00000246851",0.262847235015061,-0.662341084831934,0,0.01,1
"USP7-AS1",0.262977314389203,0.311835862104258,0.079,0.047,1
"GNLY",0.263041044680268,-1.36375785420941,0.008,0.036,1
"RALGAPB",0.263102973289537,-0.536455884035615,0.244,0.326,1
"RHOB",0.263139826146674,-1.28665892465946,0.071,0.135,1
"RNF122",0.263165921749028,0.488483802039322,0.087,0.047,1
"ADGRA2",0.263180460587932,-0.71926097553631,0,0.01,1
"MPP1",0.263210661708289,-0.487374527167987,0.339,0.456,1
"GNAZ",0.263589334439358,-0.734055629878494,0,0.01,1
"IMPA1",0.263699027588348,-0.287019683346962,0.205,0.238,1
"ZFYVE19",0.263745159068157,-0.185232949672582,0.039,0.067,1
"AKIRIN2",0.263894230711652,0.239109209102301,0.748,0.668,1
"EDRF1",0.263916351087796,-0.530385525423631,0.142,0.197,1
"ANXA4",0.263932039902475,0.139966735487345,0.315,0.264,1
"RCBTB1",0.263996322819518,-1.04113115529481,0.031,0.073,1
"SLC25A13",0.264036378852149,-0.646653750322564,0.173,0.238,1
"RYK",0.264121145600017,-1.0252990818367,0.047,0.093,1
"CHD3",0.264127597307281,-0.22826723647053,0.37,0.389,1
"PRDM8",0.264214566869553,-1.07428098170557,0.071,0.114,1
"PAXBP1-AS1",0.264215328820358,-0.656778257207227,0,0.01,1
"LYL1",0.264327861149463,-0.602367745706144,0.276,0.347,1
"EBNA1BP2",0.264339188334771,0.518266081397414,0.283,0.207,1
"SLC16A6",0.264606134884575,0.280958278240513,0.094,0.124,1
"ABT1",0.264606863929773,0.383002122937752,0.378,0.326,1
"TRRAP",0.264652074811429,0.481164986640754,0.425,0.342,1
"RBM38",0.264750540843498,0.218559728301324,0.496,0.399,1
"TUBB6",0.264766647059135,0.1875403657499,0.583,0.508,1
"ZMYM6",0.264804712827146,0.359510369228159,0.354,0.28,1
"ZNF250",0.265286773616844,-0.310502857345518,0.071,0.078,1
"SNRNP35",0.265290318535621,0.585032058644504,0.268,0.197,1
"CROCC",0.265296718916534,-1.82256281885398,0.079,0.13,1
"EIF2B2",0.265313108339274,-0.109219557244798,0.165,0.171,1
"COLQ",0.265437539727571,2.15255607021423,0.039,0.01,1
"SERPING1",0.265540052522254,-0.337528177078533,0.11,0.166,1
"ZBED3",0.2655514065163,-1.16568595906017,0.031,0.073,1
"SCARF1",0.265569506641325,-0.900973393434059,0.055,0.098,1
"CHMP2A",0.265717336717855,0.409118494942521,0.457,0.389,1
"TAB3-AS2",0.265736455100951,-0.665982863967552,0,0.01,1
"ASB16-AS1",0.265754310565922,-0.641489438113131,0.031,0.067,1
"VAPB",0.265803159455258,0.267096054777237,0.22,0.181,1
"NLGN2",0.265860325947952,-0.670677912234297,0,0.01,1
"GRK6",0.265896808394033,0.451121134674189,0.189,0.192,1
"GBF1",0.265970312022191,0.396354056614392,0.472,0.404,1
"ZBED6",0.265978203729798,-0.633385769054502,0.094,0.145,1
"ERLEC1",0.266043716408664,0.325653301518638,0.457,0.43,1
"DYNC1LI1",0.26617154094684,-0.33965467143036,0.362,0.435,1
"ATAD3A",0.266502500629645,-0.887530833236783,0.047,0.093,1
"ZNF830",0.266538269176223,0.511456470566434,0.315,0.249,1
"AGGF1",0.266606610384234,0.160943229370099,0.244,0.197,1
"ENTPD7",0.266615069461778,0.791803366401142,0.213,0.15,1
"ZNF580",0.266890490745747,0.244699287163647,0.299,0.238,1
"DOCK2",0.267061904016912,0.173989435376496,0.654,0.674,1
"CREBBP",0.267523216578651,-0.222864003748805,0.535,0.648,1
"TMED7",0.267581021102428,-0.106714589414221,0.394,0.404,1
"TPGS1",0.267715568258256,-0.293112480851513,0.307,0.373,1
"GET4",0.267756948356596,0.450554842953276,0.402,0.332,1
"CTSF",0.267811892510864,-1.80217024918579,0.008,0.036,1
"RNF220",0.267898337242002,-0.39108665768459,0.252,0.352,1
"SCARB2",0.267899556380897,0.460558386270926,0.433,0.373,1
"EGLN1",0.267906592510034,-0.691628547375077,0.189,0.264,1
"DERL3",0.267930940715043,0.430652164525644,0.48,0.368,1
"DNAJC1",0.268007142953326,-0.200134643884718,0.661,0.674,1
"TAPT1-AS1",0.268139045215373,0.94649796265771,0.079,0.036,1
"IL18R1",0.268189967520335,0.497012524652687,0.346,0.259,1
"OXNAD1",0.268363722223926,-0.506964421319206,0.118,0.155,1
"FAM135A",0.268417731895149,-0.55091967770721,0.142,0.238,1
"APPL1",0.268452118265662,0.282809475490583,0.598,0.554,1
"CAT",0.268511818919392,0.199976169445079,0.52,0.523,1
"USP49",0.268541208958281,-0.507150715980418,0.047,0.083,1
"FUZ",0.268542345482751,0.889397968096969,0.173,0.104,1
"SMURF1",0.268590892640087,0.517745532259312,0.339,0.321,1
"DENND6B",0.268775376532052,-0.386416808028921,0.142,0.207,1
"ZNF32",0.268855368855976,-0.718940963601436,0.055,0.104,1
"ENSG00000290560",0.268875631003628,0.621632523164516,0.213,0.145,1
"THBS3",0.268956239525159,0.591573620985357,0.016,0.005,1
"KIAA0319L",0.268962566344636,-0.126140545255538,0.142,0.212,1
"ENSG00000289312",0.269028408823523,1.09693551188137,0.016,0.005,1
"ZNF846",0.269174072392003,-0.584955261803558,0.094,0.15,1
"PIKFYVE",0.269241431641918,-0.270518570840834,0.339,0.425,1
"BCAP31",0.26925127539994,-0.110387662785923,0.787,0.803,1
"PEX13",0.269255225600153,-0.274863593723964,0.315,0.42,1
"YDJC",0.269298227272552,-0.648893987722162,0.15,0.238,1
"CLASP1-AS1",0.269308781081816,-0.851308290219431,0.063,0.073,1
"EDARADD",0.269325336741711,-1.22208059171143,0.008,0.031,1
"XRCC5",0.269346170905559,0.225340198725055,0.748,0.762,1
"DDX31",0.269383273145851,1.07269250020967,0.079,0.041,1
"YBEY",0.269397809955073,-0.103558338908304,0.15,0.13,1
"ACADSB",0.269515978461256,-1.10420448026321,0.016,0.052,1
"ZNF385A",0.269599766155752,0.20461942602367,0.378,0.368,1
"CETP",0.269938042622658,-0.815982609054847,0,0.01,1
"FAM174B",0.270058672917395,-1.27540361730394,0.016,0.047,1
"REXO4",0.270063957212401,0.693313159209256,0.102,0.073,1
"PKN1",0.270437775008882,-0.205948838703842,0.441,0.544,1
"NDUFB1",0.270473000600561,0.19284020902397,0.661,0.611,1
"ADAM8",0.270806439874368,-0.374888505446067,0.417,0.544,1
"EXOSC9",0.270856380617124,-0.432736079700085,0.094,0.155,1
"RESF1",0.27086047596437,0.141113912502981,0.449,0.394,1
"GNG10",0.270963225161187,-0.498199710885706,0.213,0.301,1
"AQP11",0.271026383397185,-1.70129209652671,0,0.01,1
"CLEC7A",0.271048801510396,0.57900362984765,0.22,0.207,1
"TMLHE",0.271311241793975,0.855808047666401,0.236,0.192,1
"C1QC",0.271338024099745,-1.72976004682709,0,0.01,1
"NOC2L",0.271339157965229,0.460289016776875,0.283,0.223,1
"HNRNPAB",0.271390772683139,0.228028582591394,0.693,0.679,1
"NLRC5",0.27148611772607,-0.684359685306543,0.142,0.228,1
"METTL13",0.271487862966825,0.221623534506385,0.142,0.098,1
"FAM151B-DT",0.27199778386632,0.285975069203649,0.102,0.119,1
"NDUFA9",0.272059726327992,0.344515067994633,0.346,0.347,1
"PEBP1",0.272081766257015,0.330593150352446,0.701,0.679,1
"RNASEH1",0.272114174426896,0.176615115893594,0.307,0.254,1
"TOMM7",0.272120815837447,0.116090144759298,0.969,0.959,1
"SDS",0.272190984399575,-1.2867471839338,0.016,0.057,1
"ENSG00000288853",0.272379083019499,0.770019390147683,0.055,0.026,1
"ENSG00000259564",0.272412085633163,-1.30172975858318,0.016,0.047,1
"ZNF567",0.272434235764151,-0.627716536848072,0.071,0.119,1
"NSRP1",0.272448885070373,0.324078495475004,0.441,0.399,1
"BRF1",0.272487592733007,-0.172786741490631,0.197,0.264,1
"ENSG00000261273",0.272492165981475,-0.627748493279802,0,0.01,1
"MIR142HG",0.272595729309278,-0.225811640493284,0.693,0.762,1
"ZMPSTE24-DT",0.272717872534686,-1.23964150536949,0.031,0.067,1
"FAM149B1",0.272749966948363,-0.86703598572603,0.047,0.098,1
"HAUS3",0.272754463953031,0.822796893152836,0.157,0.098,1
"C1orf112",0.272770086346267,-0.844222856718011,0.055,0.114,1
"UCK1",0.273190917471124,-0.586891972494052,0.087,0.15,1
"CYP20A1",0.273216121883879,0.491845509240644,0.307,0.249,1
"ENSG00000273017",0.273331680998064,1.11561158841041,0.016,0.005,1
"ENSG00000278743",0.273372457348507,-0.880106820442724,0.031,0.041,1
"RNF114",0.273551767335263,-0.239561287362203,0.543,0.585,1
"COA6",0.273638509176055,-0.14625802553009,0.236,0.244,1
"COQ7",0.273681030678605,0.337374201646924,0.039,0.067,1
"EFCAB12",0.27370034024426,-0.638252542411452,0,0.01,1
"NAGLU",0.273752337505097,-0.326244127206669,0.11,0.109,1
"C11orf54",0.273792297804124,0.362421057542016,0.283,0.223,1
"ENSG00000266378",0.273882497163884,-0.830934514768158,0.055,0.098,1
"SLC37A2",0.273970246118977,-0.621764569736299,0.102,0.176,1
"PSMD9",0.274109899477715,0.311865662054211,0.614,0.58,1
"ZGPAT",0.274155076324053,0.520873978162917,0.307,0.264,1
"PKNOX1",0.274193993692553,0.527472229712869,0.189,0.14,1
"ATP6AP1",0.274414826512551,-0.272193527582317,0.465,0.58,1
"SOS1",0.274539735881943,0.29353333641024,0.551,0.482,1
"ENSG00000289707",0.274605151717866,-1.03933334482604,0.039,0.083,1
"PRR14L",0.274689859982199,0.362374746367097,0.307,0.254,1
"MARCHF7",0.274701595337847,0.156820639266331,0.661,0.601,1
"ENSG00000223697",0.27485034750414,1.62228441545734,0.031,0.01,1
"ENSG00000289100",0.274859023916357,-1.00117888663987,0.016,0.047,1
"GLT1D1",0.275272844145367,0.409690059423786,0.378,0.321,1
"NUDT1",0.275355551994696,0.430063543748993,0.378,0.321,1
"HEXA",0.275399855403964,-0.31470738029107,0.315,0.352,1
"PCGF3",0.275406525352706,-0.453998935621519,0.157,0.233,1
"CHRM5",0.275469744858002,1.18934021397744,0.063,0.036,1
"SPDYE18",0.275510429673445,1.31439781641912,0.016,0.005,1
"PILRA",0.275593503997697,-0.481064500244918,0.11,0.15,1
"COPE",0.275626575218394,0.193499332826855,0.913,0.87,1
"ZNF625",0.275722806062736,1.01481060736888,0.016,0.005,1
"GAA",0.275825634283934,-0.460262495157391,0.118,0.145,1
"EPOR",0.275956050566665,-1.51463119888032,0.008,0.047,1
"DLGAP1-AS2",0.276076463286969,1.01339413541433,0.016,0.005,1
"LMCD1-AS1",0.276241373343509,1.22522127576681,0.016,0.005,1
"PDE4A",0.276252271824686,-0.609064075039358,0.307,0.425,1
"BYSL",0.276329310750897,-0.221218123382019,0.071,0.104,1
"ERGIC3",0.276508183571129,-0.240160725657356,0.748,0.803,1
"TNK2-AS1",0.276524681576924,1.31918796567184,0.063,0.041,1
"TMEM87A",0.276569108037788,-0.238953089271425,0.449,0.56,1
"GSDMD",0.276583892836961,-0.163071720314912,0.157,0.171,1
"RBBP8",0.276662618597852,-0.423273499471264,0.252,0.326,1
"INO80E",0.276873994900018,-0.236053093310403,0.252,0.269,1
"EDC4",0.277003987197723,0.675114473500026,0.173,0.124,1
"ENSG00000235586",0.277047227601879,-0.634184408222867,0,0.01,1
"FBXO21",0.277071410072438,-0.379127139993778,0.181,0.264,1
"MMP2",0.277110978855511,-0.630128624169886,0,0.01,1
"USP32",0.277176292187489,-0.331550432036831,0.283,0.342,1
"H2AC13",0.277231199266062,-0.475688199388223,0.047,0.098,1
"ENSG00000291060",0.277292200716687,-0.327114637248759,0.142,0.212,1
"THAP6",0.277367974963169,0.924864969857298,0.079,0.047,1
"ERFL",0.277381685276614,1.78847560142597,0.016,0.005,1
"SETD2",0.277457936328959,-0.128590524515249,0.693,0.699,1
"RUFY1",0.277561052312169,0.39995380637118,0.425,0.363,1
"SCIRT",0.277615682360105,-1.18963046777818,0.055,0.114,1
"XPR1",0.277684697806393,-0.138766677453464,0.213,0.207,1
"KCNH8",0.277740506289662,-1.33251382082117,0.008,0.031,1
"CEP164",0.277806554561174,-0.661337344420256,0.071,0.13,1
"PPP2R5A",0.277847998530283,-0.316102365003202,0.197,0.285,1
"SCNM1",0.277865964141865,0.398690690072672,0.504,0.451,1
"WDR48",0.27797846651406,-0.330572285559411,0.378,0.435,1
"PYCARD",0.278066029722501,0.411595563693627,0.63,0.575,1
"ENSG00000287124",0.278178974827452,-0.750421120361721,0,0.01,1
"SRP14-DT",0.278180230773977,0.172585755806574,0.118,0.078,1
"IRF2BPL",0.278214316569851,0.483286466050377,0.457,0.368,1
"PALM2AKAP2",0.278432205877078,0.338573722476936,0.433,0.394,1
"YKT6",0.278577019486902,0.320589260023964,0.307,0.244,1
"SMC1A",0.278671988284796,-0.157185642238906,0.276,0.373,1
"TNFSF14",0.278687229102644,0.321900123440543,0.063,0.088,1
"MRPL3",0.278789682065704,0.302328919329479,0.339,0.269,1
"LINC02611",0.278804854264049,1.20600675976804,0.063,0.026,1
"SEL1L",0.278908476907557,0.216633497044104,0.394,0.42,1
"ROM1",0.278954363961055,-0.635210825361802,0,0.01,1
"ZSCAN2",0.2789789053183,-1.36827093574872,0.024,0.057,1
"DYSF",0.279019224142806,-0.753815888533271,0,0.01,1
"CENPF",0.279185121043419,1.343708645282,0.071,0.036,1
"GKAP1",0.279359470357107,-0.430245617885305,0.11,0.161,1
"TMEM214",0.279409322105215,0.806855311550043,0.15,0.093,1
"ENSG00000273320",0.279430881688267,-0.627637188804933,0,0.01,1
"CEP135",0.279529021653522,0.51006564495956,0.315,0.254,1
"ENSG00000281181",0.279557882230046,-0.595600024621984,0.039,0.093,1
"PPP1R12A",0.279587604576098,0.200014022614946,0.748,0.762,1
"NCBP1",0.279621941198431,-0.395688427590883,0.236,0.275,1
"TMCC3",0.279678101218324,-0.508072775911481,0.11,0.13,1
"NIPAL1",0.279813365792223,0.981907194723632,0.016,0.005,1
"ENSG00000264666",0.27992980556516,1.50371594645156,0.016,0.005,1
"ZDHHC8",0.279990078977583,-0.361453313527124,0.134,0.187,1
"SNX30",0.280026098612452,0.603471927572747,0.173,0.155,1
"LINC02929",0.280094876188135,-0.606612766049633,0,0.01,1
"ERGIC2",0.280153274709499,0.391710328664416,0.378,0.306,1
"ENSG00000228509",0.280226653021805,-0.676018502407243,0.008,0.031,1
"DAGLA",0.280232347007002,1.23511098269264,0.016,0.005,1
"PALS2",0.280328438609402,0.242676727300567,0.118,0.145,1
"IL16",0.280334308117355,0.513252967841335,0.37,0.311,1
"TBC1D1",0.280427545238652,0.390941508937161,0.441,0.378,1
"ENSG00000270019",0.280466677171921,-0.6194740226792,0,0.01,1
"FOXO3",0.280616885223496,-0.123458440182648,0.37,0.363,1
"IARS1",0.280642649869998,-0.388067141188202,0.22,0.306,1
"TSN",0.280688638437908,0.185918614010245,0.315,0.347,1
"MARCHF5",0.280747287744881,-0.305146155791004,0.346,0.394,1
"HDAC6",0.280785556036956,0.800361253260823,0.157,0.098,1
"CERS5",0.28109376357539,-0.233032371745127,0.244,0.337,1
"MIR4432HG",0.281163116627996,0.682819267975248,0.181,0.14,1
"FEZ1",0.281214204558315,-1.14143229849273,0.016,0.047,1
"AOAH",0.281216790863516,-1.3068847398125,0.094,0.166,1
"EXTL2",0.281279220240468,0.126242499779824,0.047,0.031,1
"ZNF394",0.28134938887369,0.404641708361019,0.362,0.295,1
"ENSG00000287733",0.281434687686754,-0.642156359007148,0,0.01,1
"ZNF500",0.281467508393464,0.762721180739848,0.039,0.016,1
"ARMC7",0.281531836220854,1.00012572841516,0.102,0.062,1
"ITPK1",0.281568021280199,0.507449444155464,0.228,0.202,1
"HAT1",0.281707971679698,-0.432156498367635,0.276,0.347,1
"SGIP1",0.281893475753935,-1.96407847709014,0.016,0.047,1
"FBXO4",0.281965132740842,1.61217420295988,0.047,0.016,1
"SLC2A1",0.282087790339239,0.332237178931474,0.394,0.306,1
"GXYLT1",0.282232368834673,0.418608062292739,0.197,0.166,1
"SPIRE1",0.282245921453534,-0.156563068573548,0.047,0.047,1
"CCNA1",0.282388697817802,-3.02607337316607,0,0.01,1
"TNFSF12",0.282397504978544,0.279733239888732,0.15,0.145,1
"UFD1",0.282483545387558,0.361462531592245,0.52,0.466,1
"BTD",0.282523660990172,-0.42520044625717,0.173,0.187,1
"EIF2AK2",0.282603038550307,0.622365286209526,0.378,0.326,1
"HECTD2",0.282604266305074,-0.57414950673302,0.039,0.083,1
"PHF7",0.282788124972456,-0.912863256279693,0.024,0.062,1
"ZNF710",0.282789201079042,-0.259977365748399,0.299,0.311,1
"TREM1",0.282793874862484,0.355031096049224,0.205,0.218,1
"ENSG00000290008",0.282902939532564,1.89940154258285,0.047,0.016,1
"LARP7",0.282951654203917,0.476395119741776,0.409,0.358,1
"ARHGEF38",0.282958209907035,-0.656210620639462,0,0.01,1
"RAB5IF",0.282998990152534,0.268890245234158,0.748,0.699,1
"STX7",0.283001217803325,0.381581272929129,0.543,0.487,1
"MRPL53",0.283032805589453,-0.576906294150497,0.094,0.124,1
"TRIAP1",0.283153396301188,-0.371532694682275,0.205,0.29,1
"RWDD2A",0.283173946396263,1.32142982636324,0.071,0.031,1
"RCSD1",0.283183291054808,0.80245704675642,0.244,0.197,1
"FIP1L1",0.283214871522371,0.122118898555888,0.575,0.518,1
"MCMBP",0.283260183573161,0.428681624202232,0.283,0.28,1
"ORAI1",0.283272641144487,-0.450109483088305,0.323,0.435,1
"PCNA",0.283322018546598,-0.338078364579551,0.079,0.088,1
"ENSG00000258344",0.283437347630008,1.48628210201786,0.016,0.005,1
"TSPAN2",0.28352945530862,-0.177983074439628,0.079,0.145,1
"ALDH1A1",0.283604275261177,-1.54277435900273,0.008,0.036,1
"ENSG00000228318",0.28367414741529,-1.02672307185443,0.016,0.047,1
"UPRT",0.2837773155108,-0.38954329193886,0.063,0.104,1
"MYG1-AS1",0.283924952137531,-0.604564967813558,0,0.01,1
"APP",0.283984872803423,0.353191842482124,0.701,0.637,1
"HNRNPC",0.284007177509995,-0.107297108182815,0.906,0.953,1
"S100A4",0.284084351368072,-0.249383601218395,0.811,0.881,1
"IMPDH2",0.284105158172786,-0.421462700602718,0.291,0.337,1
"NAP1L4",0.284317417774121,-0.25251783997147,0.535,0.606,1
"ATP5MK",0.284330331121954,0.172755400409734,0.921,0.896,1
"PCMTD1-DT",0.284344145317437,1.55563389231998,0.039,0.01,1
"CRIP2",0.284397783552535,-0.566724408665349,0.323,0.394,1
"ERP29",0.284518698154524,0.291037043317636,0.89,0.86,1
"ANGPTL1",0.284537378156214,1.41814776249289,0.063,0.026,1
"RAD51AP1",0.284618042192268,0.749549762569992,0.055,0.026,1
"DUSP5",0.284635610391839,-0.374370814862693,0.512,0.585,1
"XRRA1",0.28467719751238,-0.632938892766467,0.11,0.171,1
"AMPD2",0.28481778074697,-0.552200964479789,0.205,0.28,1
"KDM1A",0.284833374184132,-0.218603348512347,0.354,0.394,1
"COPS4",0.28483810428696,0.49644460397938,0.331,0.259,1
"BCL10",0.284861721672196,0.311755202025841,0.402,0.342,1
"OARD1",0.284974883629123,-0.571059243633457,0.094,0.161,1
"OSBPL1A",0.285034183628694,0.642111499177244,0.087,0.057,1
"ENSG00000280614",0.285095221617308,-1.3848105662519,0.024,0.057,1
"FRMD8",0.28513123562509,-0.406946270301738,0.228,0.285,1
"SAMD9L",0.28529091120087,-0.853666177086895,0.142,0.207,1
"SHTN1",0.285322790512817,0.364130957147821,0.157,0.114,1
"PLEKHN1",0.285355947415839,-0.591844353351824,0,0.01,1
"FCER2",0.285390231787153,-1.92056764251963,0,0.01,1
"EMP3",0.285483330377878,-0.183066536711649,0.992,0.995,1
"ANK1",0.285710699511648,-0.966786461347446,0,0.01,1
"THG1L",0.28571917760605,0.573597608998164,0.11,0.073,1
"DNMT3A",0.285951079339707,0.146103139398813,0.244,0.197,1
"PGAP6",0.286002185246984,0.301900679788096,0.22,0.176,1
"NUP37",0.28605152076827,0.152618143237774,0.134,0.104,1
"MCCC1",0.286095319040473,-0.665954234490692,0.087,0.135,1
"TRIP10",0.286183725571084,0.337104806260757,0.299,0.238,1
"PURA",0.286191896959062,0.426279085837028,0.276,0.218,1
"ITPRIPL1",0.28619303158501,-0.802384557739595,0,0.01,1
"CALCRL",0.28619546870434,-0.400234209762407,0.394,0.508,1
"AKR1C3",0.286222781619628,-1.07808359054643,0.031,0.067,1
"VSTM1",0.286250582711103,-0.592515259855426,0,0.01,1
"NDUFV1",0.286411474840871,-0.29554123076746,0.409,0.477,1
"FDFT1",0.286702451659967,-0.454235660744395,0.346,0.44,1
"CSTF3",0.286737083930317,-0.148362529122609,0.228,0.202,1
"NPHP4",0.286766865057776,1.28503811980641,0.079,0.041,1
"POLR2J2",0.28684455234168,0.601730702745883,0.094,0.057,1
"MANEA-DT",0.286964459914759,0.456482548773277,0.063,0.036,1
"OAS3",0.287215507956396,-1.29311792500661,0.016,0.057,1
"CMKLR1",0.28723347593545,-0.665998657134247,0.055,0.088,1
"SMIM2-AS1",0.287244831303729,-0.587279719993185,0,0.01,1
"MMP24OS",0.287260826038533,0.151312440101325,0.457,0.42,1
"SC5D",0.28727076006785,0.502554423076374,0.197,0.187,1
"ZNF766",0.287307048628858,0.948569324054172,0.134,0.083,1
"ZG16B",0.287349359452871,-0.594742483107375,0,0.01,1
"SUDS3",0.287354597921509,-0.321442248132885,0.276,0.275,1
"NHLRC2",0.287668585085767,0.147161895107144,0.228,0.187,1
"DNAJC6",0.287771317078383,-0.46089868205225,0.15,0.187,1
"PTBP2",0.287869431398061,-0.365568017895558,0.386,0.43,1
"SBF1",0.287873447677127,0.561103691346999,0.315,0.259,1
"LONRF1",0.287965447354763,-0.583884686037202,0.134,0.207,1
"ENSG00000287555",0.288063206997401,-0.344457449378796,0.157,0.15,1
"METTL7A",0.288082848840218,-0.945292133791405,0.055,0.098,1
"ADGRE1",0.288188868682368,-0.622088473160857,0,0.01,1
"COL24A1",0.288348972682344,0.539807386509623,0.402,0.295,1
"TXNDC11-AS1",0.288368242209099,1.15648600481648,0.016,0.005,1
"ENO1",0.28840891991089,-0.233082764705108,0.819,0.886,1
"KLHL36",0.288420793948348,0.530729241725412,0.173,0.13,1
"CCDC91",0.28843713934489,0.442053120194377,0.449,0.358,1
"SRSF1",0.288528760939808,-0.182203362865408,0.417,0.513,1
"ENSG00000274265",0.288528953705068,-0.487102959817041,0.157,0.171,1
"ENSG00000258471",0.288651040301393,1.43356623567893,0.016,0.005,1
"DLG1",0.288822299518848,0.387234239910168,0.417,0.368,1
"AIP",0.288860729140997,-0.412574970632215,0.362,0.42,1
"FZR1",0.288973766234396,-0.421136001434975,0.165,0.249,1
"YY1AP1",0.289036331114181,-0.110275948641435,0.528,0.539,1
"OAF",0.289110782555129,-0.733453402737573,0.055,0.098,1
"ENSG00000290791",0.289226407551035,-1.65760394137414,0.008,0.031,1
"ENSG00000289393",0.289239633454224,-1.54033439462921,0.008,0.036,1
"WAKMAR2",0.289288022341905,0.392696222930434,0.323,0.238,1
"MTERF1",0.289384496782533,0.376341590049064,0.15,0.145,1
"MFSD5",0.289387424082269,0.226793417877808,0.331,0.264,1
"TRAPPC13",0.289576842484487,0.644477564167032,0.142,0.093,1
"ZNF135",0.289599173900412,1.29642638485217,0.016,0.005,1
"MAP2K1",0.289631124086396,-0.193242628241199,0.654,0.674,1
"RPTOR",0.289639406692268,-0.559435192834235,0.26,0.347,1
"REEP4",0.28964393656423,-0.680244551551772,0.142,0.228,1
"NT5M",0.289795496806793,-1.16615809898434,0.008,0.036,1
"DENND10",0.289848865696567,-0.512352485876753,0.134,0.212,1
"SOCS2-AS1",0.289909261236682,-0.585431673270445,0,0.01,1
"RIT1",0.289936531978248,-0.482120411938079,0.307,0.415,1
"CEP295",0.289993553104105,0.485517694938313,0.094,0.067,1
"MTHFD2",0.290030346149168,-0.127159486218508,0.535,0.539,1
"ENSG00000287420",0.290063628162733,-0.585440836499004,0,0.01,1
"LRRC51",0.290069411086746,1.50825886336149,0.047,0.016,1
"PTRH1",0.290086072487947,0.371171563526787,0.094,0.073,1
"CUL4B",0.290164897396112,-0.431524105846661,0.11,0.176,1
"PDPR",0.29019519750566,0.872962718412068,0.11,0.062,1
"ZBTB4",0.290330118669844,-0.581606036355941,0.11,0.176,1
"CSPP1",0.290421817508764,-0.281631191868766,0.228,0.264,1
"ZNF320",0.290495123061192,-0.758514806157039,0.047,0.088,1
"GNL2",0.290540243472313,0.337465699244346,0.409,0.352,1
"RIPK2-DT",0.290604027870047,-0.579576252103751,0.126,0.176,1
"CLOCK",0.290757935662101,0.604012496255568,0.299,0.228,1
"ABHD16A",0.290787439112264,-0.468177490392464,0.283,0.383,1
"CCDC57",0.290899263655444,0.487613666149672,0.362,0.28,1
"ZNF616",0.290925133594234,1.24563268674074,0.047,0.016,1
"RNF208",0.290981946229781,-0.591584029759214,0,0.01,1
"LINC01215",0.291064789341188,0.434718242427682,0.22,0.145,1
"TAF1C",0.291065602335112,-0.800638552596368,0.039,0.078,1
"IFNGR2",0.291122380987447,-0.272640450349183,0.756,0.777,1
"TGFBR1",0.291613883461456,-0.389442078067596,0.417,0.44,1
"GNA12",0.291657691946184,0.185038858638299,0.764,0.72,1
"SMIM29",0.291658208824575,-0.310241193777894,0.118,0.181,1
"MTIF2",0.291704391198976,0.743508696457122,0.126,0.073,1
"CHI3L2",0.2919071303591,-0.589775621506122,0,0.01,1
"PRKACA",0.29207208625488,0.745233068364529,0.157,0.13,1
"HEBP1",0.292144148634749,-0.643770843403701,0.102,0.161,1
"SFT2D3",0.292248239689884,-0.440405803208468,0.157,0.187,1
"SLC7A1",0.292294431128403,-0.385914842823887,0.331,0.43,1
"CCDC102B",0.292698378866135,0.144340688490683,0.079,0.093,1
"ZKSCAN5",0.292744359886897,-0.769543440783181,0.071,0.119,1
"ENSG00000278158",0.293064314869262,1.17492013925149,0.071,0.031,1
"RBX1",0.293106192230279,0.248704484072166,0.921,0.902,1
"FLOT1",0.293285293170453,-0.154758843678786,0.433,0.534,1
"CD44-AS1",0.293291354624665,-1.11475372251082,0.031,0.078,1
"TLR4",0.293479525339661,0.690976749247248,0.047,0.026,1
"HECTD1",0.293638350580932,0.267094481479293,0.669,0.632,1
"PCBD2",0.293682537138156,-0.740694569633072,0.087,0.15,1
"SEC11C",0.29370531060164,0.32571757785033,0.598,0.554,1
"INAFM1",0.293763311103994,-0.796281336376178,0.071,0.114,1
"RAB13",0.293805886387303,-0.424739059858947,0.173,0.254,1
"NLRP12",0.293889105662243,1.10014183135706,0.024,0.01,1
"TEX10",0.293894359029635,-0.484921126246682,0.102,0.171,1
"SDHAF2",0.294057420287567,0.403459836182951,0.52,0.472,1
"CTBP2",0.294202960930422,-0.477854533146537,0.339,0.44,1
"IDI1",0.294320065464051,0.308997398284486,0.488,0.42,1
"ENSG00000286035",0.294376665644315,-0.613214782067098,0.008,0.031,1
"ENSG00000283341",0.294477983407464,-0.575383866271898,0,0.01,1
"LETM2",0.294490866757431,1.00447292174907,0.016,0.005,1
"ENSG00000230684",0.294546198168604,1.25282412852367,0.016,0.005,1
"ATG4B",0.294546887123823,-0.343279739887384,0.402,0.466,1
"SMIM19",0.294551858734303,0.264399492969935,0.307,0.311,1
"RAB8B",0.294588385592489,-0.449809314722423,0.488,0.575,1
"MBNL1-AS1",0.294661335863014,-1.04839415002619,0.031,0.073,1
"THUMPD1",0.294741810675445,0.231563077436851,0.331,0.28,1
"INTS6",0.294866368989169,-0.108881743431683,0.74,0.694,1
"MKS1",0.295092321434334,1.25069224368336,0.031,0.01,1
"MCUB",0.295150161620975,-0.23070304878593,0.693,0.782,1
"RAB5B",0.295181773684163,0.410371873722905,0.362,0.332,1
"EXOC2",0.295330314757337,0.424160426729001,0.417,0.399,1
"CNTLN",0.295355395482106,-1.11865547066312,0.047,0.098,1
"SMC4",0.295389048244456,-0.175489278005821,0.236,0.316,1
"TMEM94",0.29545255836748,-0.928488943853052,0.055,0.114,1
"SNRPC",0.295568090477967,-0.230232725289908,0.559,0.637,1
"SNHG9",0.295580608033354,0.321564884104977,0.26,0.218,1
"FER",0.295596809129666,-0.524640248372285,0.157,0.249,1
"SMIM10L1",0.295764038088882,0.358305478422739,0.433,0.363,1
"WWOX",0.295797417426388,0.331130470584206,0.402,0.321,1
"ENSG00000290535",0.295804602421402,1.07162207438963,0.016,0.005,1
"ENSG00000272106",0.295823364390973,0.931055400241311,0.071,0.041,1
"PYCARD-AS1",0.29587064721159,1.12171708799503,0.055,0.021,1
"SPTBN4",0.29590141950873,-0.600888471617963,0,0.01,1
"PPTC7",0.295972576803719,-0.24396358594208,0.378,0.409,1
"CARMIL2",0.295979656565599,0.29513624533698,0.071,0.073,1
"ENSG00000273262",0.296035753532649,1.51172195686598,0.016,0.005,1
"SULT1A3",0.296057757188036,0.368156906335037,0.016,0.005,1
"LRRC37B",0.296191931132857,0.684105392957927,0.102,0.098,1
"STAT2",0.296223186265612,-0.342479525620893,0.252,0.337,1
"MTHFD1",0.296305324403909,-0.512307398953729,0.031,0.078,1
"ERCC2",0.296451817442285,-1.36371973490753,0.008,0.041,1
"CARS2",0.296535905844557,0.426778903001987,0.236,0.244,1
"SLC38A7",0.296575859596843,-0.550855807394192,0.031,0.021,1
"IL1RAP",0.296620296641375,-0.82728591990501,0.071,0.13,1
"PRKAG2-AS1",0.296660403203909,-1.13590104977934,0.016,0.052,1
"BMAL2-AS1",0.296763118187819,-0.569087305734215,0,0.01,1
"ZNF571-AS1",0.296947333480712,1.36667146429923,0.016,0.005,1
"ARHGAP17",0.297092859789328,0.465919945327211,0.433,0.378,1
"ZNF519",0.297103240863576,-1.20820730003688,0.008,0.031,1
"ENSG00000257277",0.297104291721224,0.567534459213138,0.039,0.026,1
"OGFR",0.297178332466343,0.356276524128353,0.441,0.415,1
"ENSG00000259952",0.29718984511562,-0.660759319015138,0,0.01,1
"IGKV1-33",0.297221273454071,-3.00973972458385,0.016,0.005,1
"CAB39",0.297299264626291,0.190719237964164,0.465,0.503,1
"STIM1",0.297580827104681,0.567580841496282,0.26,0.197,1
"JARID2",0.297646568344851,-0.381301871330064,0.598,0.705,1
"CCT5",0.29768799408202,-0.261203293960985,0.567,0.648,1
"PLCL2",0.29773813872924,0.143081068509276,0.346,0.306,1
"PDE2A-AS2",0.297785051532504,-0.475245211477196,0.039,0.052,1
"LRRN3",0.297819942331597,-1.13798884803427,0,0.01,1
"LASP1",0.297865557217397,0.419380781177939,0.465,0.383,1
"ACSL5",0.297892316824214,-0.635629010177988,0.165,0.233,1
"NLN",0.297907241525404,-1.06190220893525,0.008,0.036,1
"ASCL2",0.297970022911558,-1.32105858450896,0.008,0.036,1
"RTN3",0.298013002841305,-0.294615436605488,0.441,0.508,1
"EMC6",0.298159140605129,0.195950482197993,0.63,0.56,1
"GLRX3",0.298229460938735,0.152440839300792,0.528,0.466,1
"ORC5",0.298242340448992,1.05373494988091,0.134,0.078,1
"GPRC5C",0.298306540849757,0.872748479014391,0.079,0.067,1
"IPO4",0.29830920396192,0.589836294059024,0.134,0.093,1
"SUCLG1",0.298467286813895,0.400207396560815,0.433,0.368,1
"SNHG30",0.29848509120778,-0.556105700605541,0.102,0.171,1
"ENSG00000235319",0.298503882930351,-0.569964497776189,0,0.01,1
"G2E3",0.29855571704348,0.238882455312413,0.26,0.212,1
"RAB33A",0.298571841376009,-1.19872112730773,0.024,0.067,1
"FDXR",0.29898732327324,-0.566639788255311,0,0.01,1
"POLR1F",0.299131061864773,0.467491511127119,0.213,0.212,1
"PRKDC",0.299404630960861,0.338737515644289,0.276,0.264,1
"H2AJ",0.299565535285964,-0.552877355565643,0.228,0.332,1
"LENG9",0.299895376056774,-0.570400326758135,0,0.01,1
"FRAT1",0.29996109532498,0.862564876986432,0.039,0.047,1
"ENSG00000289238",0.300007298478283,0.685162019813673,0.031,0.031,1
"POGLUT3",0.30005560182322,-0.919304577683092,0.024,0.067,1
"FANCI",0.300339268849246,-0.539806341660672,0.047,0.088,1
"LYRM7",0.300407191316484,-0.583660872821728,0.031,0.073,1
"CLN8",0.300465795252288,0.344289547947056,0.346,0.29,1
"KHDC4",0.300598534789909,0.414185086263129,0.283,0.228,1
"SCAPER",0.300697192511253,0.242505789984272,0.189,0.207,1
"SLC43A3",0.300899500779511,0.502941991341691,0.354,0.301,1
"SPINK2",0.300996046283162,0.62932278516264,0.079,0.098,1
"GARRE1",0.301104610067508,0.462109383547018,0.11,0.078,1
"ZNF8",0.301117630304296,0.969753947991321,0.071,0.036,1
"EPC1",0.301231716961527,0.227088506312767,0.803,0.762,1
"GGACT",0.301338070247776,1.38206776927262,0.016,0.005,1
"HYAL3",0.301387984404928,-1.45990149550894,0.016,0.052,1
"HARS2",0.301420754108633,-0.862814766904683,0.102,0.166,1
"AGPAT3",0.30143665729133,-0.512606680908725,0.252,0.352,1
"ZNF587",0.301705300729081,0.574006497082872,0.087,0.057,1
"NME6",0.301810104306095,0.610731334573389,0.142,0.088,1
"PPM1G",0.301810712145506,0.319842171253794,0.693,0.637,1
"HIP1",0.301973028347534,0.431366953135447,0.378,0.358,1
"ZFP62",0.302163594465117,0.433348561000443,0.071,0.041,1
"HSF5",0.30225179531603,-0.567227798151547,0,0.01,1
"RNF2",0.302326325741834,-0.311600963593754,0.22,0.311,1
"USF1",0.302359829833793,-0.341396584873394,0.228,0.249,1
"STARD7-AS1",0.302409294771455,1.02450757446235,0.063,0.031,1
"PLCG1-AS1",0.302511088030285,-0.682166966262376,0.087,0.145,1
"DCLRE1C",0.302532239896264,0.541233728690617,0.276,0.228,1
"DESI1",0.302633459364311,-0.19950102894345,0.165,0.223,1
"ENSG00000237851",0.302648725587515,1.16091740439041,0.016,0.005,1
"INTS10",0.302648837867857,0.627357182675545,0.252,0.187,1
"TNFAIP3",0.302699861068771,-0.150303111282615,0.661,0.642,1
"SNHG17",0.302872144966993,0.131829227162627,0.276,0.254,1
"ANAPC16",0.303125194997872,0.323762042069054,0.63,0.56,1
"NUP58",0.303178193001235,-0.315387937284673,0.465,0.513,1
"FLJ40194",0.30336990113606,0.766211061334012,0.039,0.021,1
"MIRLET7A1HG",0.303375489838784,-0.573002314684779,0.11,0.155,1
"NLRC3",0.303390638618235,-1.01083200889419,0.055,0.119,1
"SMIM1",0.303392987455877,-0.559808006315033,0,0.01,1
"ENSG00000259138",0.303481341409539,-1.44912158097158,0.008,0.031,1
"SERPINB9",0.303487314166567,-0.344628341674048,0.811,0.824,1
"HLA-F-AS1",0.30359942279714,-0.465653110995265,0.016,0.036,1
"ZFYVE1",0.304074715346484,-0.986076752925357,0.063,0.13,1
"PITPNA",0.304081971617101,0.228076521148807,0.567,0.523,1
"ENSG00000261329",0.304112005616432,1.24278012955865,0.016,0.005,1
"PHKG1",0.304367414881947,0.537286968525668,0.016,0.005,1
"SMARCA4",0.30437933784392,-0.537785031998655,0.205,0.295,1
"SPG7",0.304383097776324,-0.42096169212715,0.228,0.311,1
"RPP25L",0.304384318683617,-0.682321358596385,0.031,0.073,1
"ENTPD4",0.304508365748891,-0.253027133604236,0.236,0.321,1
"UBR5",0.3046330848133,-0.213598715522767,0.465,0.503,1
"SRPK1",0.304901555704901,-0.497754465399914,0.181,0.275,1
"ENSG00000290921",0.304979756734003,0.61544002738332,0.126,0.109,1
"POLR1C",0.305120447660902,0.273353225053662,0.181,0.212,1
"FIG4",0.305137677515711,0.365845767501488,0.094,0.114,1
"MKLN1-AS",0.305153172190348,0.670306569264826,0.016,0.005,1
"ZNF77",0.305163350803701,1.64063667497022,0.047,0.021,1
"NBR1",0.305400129371356,0.662062941474144,0.228,0.171,1
"NDUFS7",0.30544823044074,-0.208057665156849,0.528,0.622,1
"AKR7A2",0.305450543703168,-0.391363484224361,0.244,0.295,1
"TCF19",0.305503661570066,-0.95631316777774,0,0.01,1
"RAB11B",0.305547886049812,0.305551463975038,0.543,0.549,1
"TOMM40",0.305602255176538,0.755342259463607,0.244,0.181,1
"MUC12-AS1",0.305744664282669,-1.17609305836816,0,0.01,1
"FOXN3",0.305881851536481,-0.219144650841958,0.583,0.627,1
"CNTRL",0.305886794059945,0.202617222369113,0.48,0.409,1
"DMRTC1",0.30595924269811,-0.556973875788175,0,0.01,1
"ENSG00000226266",0.306153273929716,0.967599092780986,0.118,0.073,1
"CA5BP1",0.306204691803802,0.434797789279692,0.197,0.161,1
"NDUFV2",0.30620577687452,0.151335162883913,0.913,0.927,1
"ENSG00000286480",0.306457869713968,1.253462856873,0.039,0.021,1
"TBC1D10C",0.306553326203469,0.186669980834442,0.244,0.218,1
"SPATA2",0.306572930811188,0.788088603213587,0.102,0.062,1
"ENSG00000269967",0.306591497740123,-0.592112810407333,0,0.01,1
"RRP1",0.306924752930576,0.457609669553455,0.213,0.171,1
"NDUFA13",0.306964498920383,-0.135061745037738,0.843,0.907,1
"RNF5",0.306971344432138,0.300023085578901,0.417,0.456,1
"DPF2",0.307054994413301,0.484137063057904,0.339,0.28,1
"ZNG1A",0.307081258934452,0.241922855735379,0.331,0.337,1
"ENSG00000260136",0.30729355636116,-1.09314469087017,0.016,0.047,1
"ENSG00000291181",0.307330158889699,-0.594153621259777,0.197,0.295,1
"RIC1",0.307446188430481,-0.188184495301272,0.409,0.425,1
"KLF11",0.307452898499902,0.309115265923688,0.055,0.057,1
"BAHCC1",0.307544165653444,0.144643989140897,0.071,0.083,1
"STPG4",0.307634381720104,-0.152241847809906,0.063,0.057,1
"ENSG00000260271",0.308068945230717,-0.54878854458842,0,0.01,1
"ENSG00000256250",0.308096200766974,-0.557369060802693,0,0.01,1
"MTHFS",0.308154203711305,0.142519671612896,0.362,0.316,1
"SLC12A5",0.308226627381121,-1.51465646635352,0.008,0.036,1
"LINC01128",0.308284363088408,-0.552412139700155,0.079,0.155,1
"NAA35",0.308313521522638,-0.289860818212866,0.236,0.316,1
"MOB2",0.308442681111133,-0.486539410705184,0.157,0.233,1
"MMD",0.308456312799684,-0.681472885689759,0.087,0.14,1
"CCDC14",0.3084611075374,-0.410042775372546,0.157,0.223,1
"PHF19",0.308594028741288,-0.451846669728516,0.173,0.254,1
"SQOR",0.308660654545058,-0.397186276838902,0.236,0.285,1
"CCL4L2",0.308665757402129,-1.30331747920852,0.031,0.078,1
"RIC8A",0.308711648335875,0.229995250923464,0.22,0.244,1
"ENSG00000291156",0.308817106565924,0.164312469743978,0.362,0.394,1
"MAPK13",0.308943754760651,-0.614938184130009,0,0.01,1
"BFSP1",0.308971180319002,-0.548945019320499,0,0.01,1
"FBXL12",0.309029427536027,0.589294692292736,0.236,0.181,1
"GFI1",0.309117111348167,0.733442500597039,0.15,0.088,1
"ENSG00000284691",0.309155456426252,0.431152937170457,0.299,0.207,1
"ENSG00000291063",0.309344684383823,-0.899493980901478,0.055,0.114,1
"METTL15",0.309359760955172,0.885876840370936,0.173,0.124,1
"SLC3A1",0.309410715040823,-0.555499908034776,0,0.01,1
"OSGIN2",0.309428869974712,-0.757956331223855,0.126,0.181,1
"CACNA2D4",0.309429430046178,1.31388104891752,0.055,0.036,1
"DEPDC5",0.309436186256694,0.502189118071982,0.11,0.114,1
"ENSG00000254538",0.309505799729781,0.334377357348724,0.11,0.073,1
"MRPS18C",0.309528448105096,0.261218317259192,0.465,0.383,1
"KYNU",0.309675912299656,-0.117907800758971,0.614,0.554,1
"LIAS",0.309698009733659,-0.877780141714875,0.055,0.093,1
"ENSG00000225339",0.309710132924084,0.138094218535581,0.055,0.041,1
"WBP2",0.309760648432663,-0.280795654444818,0.354,0.435,1
"KIAA1191",0.309783482120915,-0.241262827753416,0.244,0.275,1
"NORAD",0.309884469031703,0.120444632484063,0.551,0.497,1
"ARMCX4",0.309889190389898,1.04411701750898,0.063,0.031,1
"SMIM12",0.30995856702395,0.229182257987375,0.52,0.456,1
"ENSG00000290709",0.310012999347207,1.78631013995644,0.047,0.021,1
"PBX1",0.310058765433287,-0.885860435328651,0,0.01,1
"ENSG00000235635",0.310257666664782,1.19911833937281,0.016,0.005,1
"DENND1B",0.310384972895819,-0.219270320622467,0.567,0.674,1
"ZBTB7A",0.310385689452052,0.337177695128116,0.787,0.746,1
"ENSG00000273010",0.310485507017075,1.07923954572412,0.016,0.005,1
"ASTL",0.310530520645497,-1.54887031357572,0.008,0.036,1
"HSCB",0.310698452581595,-0.680337290959908,0.126,0.176,1
"ETFRF1",0.31072224228259,-0.49765519476638,0.11,0.135,1
"EZH1",0.31077839887441,-0.408522844737497,0.126,0.187,1
"MAF1",0.310779871628875,-0.156240447689678,0.575,0.601,1
"CCDC159",0.310927616787294,-0.104627629667227,0.047,0.073,1
"EMC1",0.310933444192959,0.702480357155465,0.142,0.093,1
"IFT122",0.310993676689863,-0.720065719268501,0.047,0.093,1
"HBD",0.31112688631866,-2.88356618369434,0,0.01,1
"RGL2",0.311231097278514,-0.580927158418498,0.118,0.187,1
"ZSCAN21",0.311440560799244,0.981624718016707,0.055,0.031,1
"GALT",0.311810101169862,-0.810518011770011,0.063,0.098,1
"WASHC2A",0.311861421374029,-0.407001759312276,0.15,0.176,1
"GPAT2",0.312371476573277,-0.540177694914179,0,0.01,1
"ENSG00000280206",0.312552414015658,-1.14571213738938,0.008,0.031,1
"TULP4",0.31257625715327,0.165441084355909,0.307,0.244,1
"GNS",0.312764082953976,0.584084364384712,0.205,0.15,1
"CIR1",0.312835428037173,-0.352737554311958,0.425,0.503,1
"ORC2",0.312933883032441,0.731604545823084,0.205,0.145,1
"EMSY-DT",0.313008143176755,-1.18340407431247,0.008,0.041,1
"ATRIP",0.31301605496549,0.538561204635811,0.165,0.114,1
"PIGC",0.31304593404349,0.654401025027981,0.181,0.14,1
"ABCD3",0.313115415845594,-0.11178948462888,0.094,0.083,1
"LONP2",0.313243166080583,0.12327418008808,0.346,0.306,1
"FOXN2",0.313245570441371,0.407085042847398,0.307,0.301,1
"RNF123",0.313262355720591,2.03474648986386,0.039,0.016,1
"CHCHD3",0.31328043016206,0.196337684022038,0.496,0.435,1
"CDC73",0.313283454099789,0.270047014604329,0.622,0.591,1
"RSBN1",0.313465705230752,0.337313539238831,0.394,0.321,1
"HSD11B1-AS1",0.313473666819779,-1.39768583153748,0.008,0.026,1
"ENSG00000197813",0.313603758708617,0.573254779569059,0.039,0.057,1
"ENSG00000219410",0.313656914955293,1.35727581225623,0.063,0.031,1
"GTF2H3",0.31373283657227,0.468103826804006,0.142,0.098,1
"STX2",0.313744241784243,-0.4626607399172,0.118,0.187,1
"PDIK1L",0.313799458780862,1.10852382679455,0.102,0.057,1
"PGGT1B",0.313828336719388,0.526415126218318,0.331,0.306,1
"CLDN15",0.313890419673511,0.9226390119013,0.079,0.041,1
"ENSG00000259773",0.314080945699977,-0.568478492568356,0,0.01,1
"C11orf24",0.314121975905647,0.572291673457539,0.37,0.301,1
"TNPO2",0.314238298284449,-0.571646649918091,0.087,0.073,1
"GMCL1",0.314239969611209,0.875551205045051,0.142,0.104,1
"TUSC2",0.314316720269267,0.393029763463993,0.417,0.363,1
"SNORC",0.314332129765679,0.818776532383538,0.016,0.005,1
"HSPBP1",0.314682281295464,-0.666556523017682,0.134,0.223,1
"ENSG00000289211",0.314807521990941,-0.542538480869803,0,0.01,1
"GAS6-AS1",0.314813838699689,1.13771953156099,0.031,0.016,1
"ESYT1",0.314888377298281,-0.252883217342269,0.205,0.223,1
"SCML2",0.315123899083596,-0.773630514014584,0.039,0.078,1
"EML4-AS1",0.315341895036385,0.181887356501298,0.047,0.031,1
"UBAP1L",0.315538079232228,1.69518503403427,0.016,0.005,1
"MVP-DT",0.315599037888533,0.274944404330442,0.039,0.036,1
"RPA3",0.315893937574558,0.491577782786248,0.362,0.316,1
"TBRG1",0.316046919157347,-0.129006526629667,0.504,0.518,1
"TUT7",0.316210669415822,0.247261339523956,0.472,0.425,1
"TM9SF3",0.316294429371412,0.25892373873323,0.638,0.622,1
"PLEKHA3",0.316337682052211,0.403491511364528,0.394,0.332,1
"ATP5F1C",0.316354305960402,-0.210769589115645,0.724,0.798,1
"SLC25A15",0.316380657021893,-1.12059559996784,0.008,0.031,1
"UTY",0.316508122363693,0.113565066329877,0.48,0.513,1
"ENSG00000249456",0.316552103989031,-0.957730897375089,0.047,0.093,1
"RPAIN",0.316671717689788,0.248269548132289,0.417,0.42,1
"TEX30",0.316790657982981,-0.752600334151233,0.11,0.166,1
"COBLL1",0.316800083415665,0.562508836686914,0.362,0.29,1
"DGKD",0.316829743326234,0.449586354751067,0.291,0.269,1
"ZNF292",0.316976949090378,0.231500387493392,0.598,0.528,1
"PNN",0.317053313895506,-0.151105997060812,0.622,0.653,1
"GIPR",0.317147062481904,-1.49869167425342,0.024,0.073,1
"TMEM65",0.317330174566764,-0.232365228946904,0.402,0.435,1
"RIN1",0.31733763655774,0.658554474987899,0.087,0.073,1
"NUP160",0.317375097221141,0.164757430240966,0.323,0.275,1
"PLEC",0.317376861840476,-0.242895096308848,0.677,0.767,1
"FMNL1-AS1",0.317512738901659,-0.548635128923823,0.063,0.119,1
"ZBTB20",0.317546215347856,-0.199659145712944,0.48,0.508,1
"NUP133",0.317562077437902,-0.183957336256728,0.118,0.181,1
"FANCD2",0.317707340515605,0.477434994241261,0.071,0.083,1
"IL27RA",0.317850203817701,0.117008104586796,0.346,0.29,1
"PFDN1",0.317915626684127,0.367534257643843,0.457,0.43,1
"EXOSC1",0.317937403142526,0.548878522306003,0.228,0.202,1
"TCEAL4",0.318262847496833,-0.61170798743527,0.118,0.197,1
"EOGT-DT",0.318533198701656,-0.638842076837655,0.079,0.109,1
"IGSF11",0.318758861879514,-0.852950087336644,0,0.01,1
"FAM98A",0.318801783808588,-0.471023381222811,0.134,0.181,1
"IGF2BP2",0.318893939218664,-0.631945656759637,0.181,0.233,1
"KCNN1",0.318931452274056,-0.774072170499727,0,0.016,1
"ENSG00000289691",0.318934973372992,-0.530418647964737,0,0.01,1
"HACD2",0.318970696784974,-0.879728567460374,0.079,0.14,1
"MAN2B2",0.318986843356584,-0.947869478621257,0.031,0.083,1
"WDR90",0.31900377808005,1.14176506263241,0.016,0.005,1
"KXD1",0.319021815372936,-0.113389918752434,0.291,0.295,1
"SNCA",0.319051268303777,-0.340490626573901,0.22,0.301,1
"DTD2",0.319212003031433,0.985331907603606,0.087,0.052,1
"TMX2",0.31933190212771,0.408444715120245,0.354,0.28,1
"SPATA24",0.319339984200521,-1.64359311792301,0.008,0.031,1
"ST6GALNAC3",0.319487285282135,-1.16425692555005,0.016,0.047,1
"CXADR",0.319489662491982,1.58732302481067,0.016,0.005,1
"FBXL2",0.319489662491984,1.48282444843013,0.016,0.005,1
"LAG3",0.319561093096382,-0.802430273164633,0.016,0.041,1
"RIPK3",0.319602095278627,-1.04623906983498,0.024,0.062,1
"GET1",0.319772957679107,0.768055642263721,0.197,0.135,1
"DXO",0.319915848095833,0.544412814547389,0.134,0.093,1
"NUDT11",0.320031931065254,-0.978775935830636,0.016,0.047,1
"RNF187",0.320103495414183,-0.155642776294076,0.244,0.306,1
"MSR1",0.320139743587834,1.25266555533123,0.031,0.01,1
"DTL",0.320217971807222,-0.858864814636994,0,0.01,1
"ZNF141",0.320221674415551,0.139404269076223,0.142,0.124,1
"TCL6",0.320475889015487,1.5324271229869,0.039,0.016,1
"PRMT3",0.320524771292189,0.760797046331219,0.126,0.078,1
"LTBP3",0.320565237275059,0.368362650501886,0.276,0.202,1
"RDH14",0.320606498926578,0.464911116356553,0.307,0.28,1
"TOP3B",0.320618403154868,0.943855201281752,0.087,0.052,1
"MAL",0.320662919115263,-0.87620492193871,0,0.01,1
"CD180",0.320670846924464,0.221028063480544,0.244,0.207,1
"PHLDB2",0.320745812285778,-1.36874335964396,0.031,0.067,1
"KDM7A",0.320766202434861,-0.281958655194007,0.37,0.43,1
"FAM182A",0.320772789683836,1.12865736168433,0.016,0.005,1
"TNFRSF10A",0.32080937974314,-1.11087878194645,0.055,0.098,1
"REEP3",0.320821041958625,0.327158590821658,0.378,0.326,1
"MSC-AS1",0.320834628481613,0.735516167914936,0.047,0.041,1
"SGMS2",0.320836398671798,-0.754488298488761,0.055,0.119,1
"QTRT2",0.320983284299659,0.462528024369443,0.244,0.181,1
"FAM110A",0.321016024793743,-0.432055639662462,0.197,0.259,1
"HACD4",0.32123121975833,-0.511890904566883,0.173,0.269,1
"NCOA3",0.321520924495788,0.265435014674039,0.748,0.751,1
"TBC1D10A",0.321560845139606,-0.380234191478946,0.299,0.399,1
"TCEAL8",0.3216332614224,0.373683025464852,0.26,0.192,1
"BRD8",0.321810867356348,0.835185476150564,0.197,0.15,1
"PRKCH-AS1",0.321960667926364,-0.580594524813447,0,0.01,1
"NAALADL1",0.321999688640324,-1.14514234567921,0.024,0.026,1
"ENSG00000283696",0.322012994809306,0.806397591861401,0.055,0.031,1
"JAKMIP2",0.322058744436816,1.10758698405641,0.039,0.016,1
"CFAP20DC",0.322260564599085,-0.884243765760726,0,0.01,1
"HCST",0.322289959758128,0.253505219040298,0.74,0.725,1
"IREB2",0.322439070181779,0.169680929345542,0.472,0.409,1
"ENSG00000262039",0.322577687970103,-0.546548451049013,0.016,0.047,1
"NTHL1",0.322623211764989,-0.82910249436427,0.024,0.057,1
"ENSG00000270022",0.322702528771414,-0.780885392562557,0.055,0.036,1
"MED13",0.322761905610297,-0.192551534355823,0.63,0.725,1
"PXMP2",0.322784913078043,0.583413437128744,0.102,0.067,1
"KLHDC7B",0.322792056195387,-1.88157619758543,0.016,0.041,1
"CFL1",0.322847811272104,-0.149779669366096,1,0.995,1
"GPR65",0.322876569810015,-0.555046577071608,0.236,0.29,1
"VRK2",0.322891204105123,0.15123887137436,0.457,0.404,1
"RAB14",0.322954918709163,0.265095678401005,0.669,0.653,1
"OTUD7A",0.322963520138611,-0.967373413155923,0.024,0.057,1
"APOBEC3D",0.322970821137457,-1.16321047024813,0.008,0.031,1
"MSANTD4",0.323054613992595,0.638334622311593,0.102,0.062,1
"ZNF93",0.323140180268777,-1.32236972255348,0.008,0.036,1
"BROX",0.323296404440941,0.183784242476813,0.283,0.238,1
"HBS1L",0.323351161868509,0.250439309925476,0.457,0.404,1
"ZMYM4",0.32341617535666,-0.290157286311588,0.402,0.492,1
"FAM174C",0.323444754687387,0.48955996935347,0.37,0.306,1
"TOP2B",0.323550777668625,0.337327758993972,0.52,0.487,1
"SEL1L3",0.323661124557867,-0.152660232101263,0.457,0.409,1
"UQCC2",0.32378183112089,-0.500814138717433,0.197,0.275,1
"KANK1",0.323899085093719,1.35836665658554,0.024,0.016,1
"ENSG00000290476",0.324122813415937,-1.05069184429578,0.031,0.062,1
"DIS3",0.324249919699847,0.520413854210423,0.323,0.254,1
"PPP2R5B",0.324316176690588,0.541503120996898,0.039,0.026,1
"KLHL6",0.32439708850517,0.188377339281863,0.441,0.347,1
"DDX3X",0.324414394551767,-0.269194988375411,0.756,0.808,1
"ZNF213",0.324513714309415,-1.64980961649284,0.008,0.031,1
"KLF10",0.324641336554443,-0.302478886477453,0.346,0.456,1
"PKP2",0.324772485327987,-0.522156955166875,0,0.01,1
"ENSG00000275778",0.325185550512733,1.20726673685568,0.016,0.005,1
"RETSAT",0.32541964742753,0.691371028296378,0.047,0.036,1
"POLR2C",0.325568123953645,0.168944269721431,0.291,0.249,1
"ENKD1",0.325575525951365,-0.203580535664628,0.055,0.073,1
"ZNF852",0.325575924236299,-0.150620047520972,0.228,0.212,1
"LRRC23",0.325716953918308,0.229885665328392,0.118,0.14,1
"TMEM30A-DT",0.325783683561758,1.20763811315225,0.047,0.021,1
"PAOX",0.326030320340144,-0.732683963978201,0.079,0.109,1
"ENSG00000257176",0.3261078776211,0.814590122783023,0.031,0.01,1
"TMEM102",0.326134487995511,0.325388726332491,0.126,0.098,1
"GGA3",0.326188421430586,0.628278592052162,0.236,0.197,1
"ENSG00000262202",0.326643688389694,-0.489746681117807,0.094,0.119,1
"PIM1",0.326669916046954,-0.573960449849877,0.118,0.187,1
"PLPP5",0.326781225197429,-0.316279825893819,0.157,0.207,1
"CMTM3",0.326830742074802,0.373895023524495,0.567,0.508,1
"FOXK1",0.32686763329615,0.406430729912844,0.425,0.337,1
"NUP62",0.326939013107584,-0.353254453973824,0.433,0.503,1
"CYB5A",0.326964435551642,-0.262071845394083,0.11,0.114,1
"SKA2",0.327157696504928,-0.679036591912783,0.079,0.13,1
"SMIM26",0.327257757008602,0.21719063648433,0.701,0.648,1
"ENTPD5",0.327286804338678,0.234266406883773,0.016,0.031,1
"CD63-AS1",0.327437080911933,1.01557378255419,0.016,0.005,1
"DDX50",0.327678097454512,0.116447251207134,0.386,0.347,1
"SESN2",0.327768527467309,-0.873049121387051,0.134,0.228,1
"MARCHF3",0.327795846168168,-0.561616538638204,0.189,0.259,1
"ZSWIM9",0.327985956031683,1.8377040947963,0.016,0.005,1
"CDKN2AIPNL",0.328073993384734,-0.41318857762992,0.094,0.119,1
"LINC02942",0.328118178234203,1.14618857175147,0.016,0.005,1
"TJAP1",0.328208295215602,0.144043077254443,0.165,0.145,1
"PHC3",0.32825204899308,0.125776551389976,0.496,0.435,1
"EXOC3-AS1",0.328259730464251,1.41529499252024,0.016,0.005,1
"RAP1A",0.328264649072427,0.204441809968805,0.772,0.777,1
"NUP214",0.328433355558201,0.364009886015092,0.362,0.306,1
"ENSG00000291081",0.328504807123847,1.95806361926427,0.016,0.005,1
"THAP2",0.328537364256971,-0.600671898648158,0.047,0.098,1
"IFRD2",0.328544377272814,0.689094914209207,0.118,0.098,1
"JUP",0.328581984843345,-0.798134251441179,0.197,0.233,1
"ZNF638",0.328583005332512,-0.2068779479613,0.583,0.632,1
"SIPA1L2",0.328626909737559,-0.390335752533018,0.118,0.181,1
"B3GNT5",0.328749266196971,0.223754770268762,0.276,0.337,1
"SOCS6",0.328811885495163,0.469308152246119,0.205,0.181,1
"MN1",0.32883010421624,-0.391394243004025,0.102,0.171,1
"ENSG00000183562",0.32893245652394,-0.981333217862395,0.024,0.057,1
"ANKRD37",0.329108877801167,-1.067787535913,0.063,0.114,1
"IPMK",0.329126546022262,0.322625888770651,0.197,0.155,1
"CEP350",0.329187139702281,0.111920040886422,0.772,0.715,1
"SLC9A9",0.329187843318998,-0.583746813132794,0.039,0.083,1
"LRFN1",0.329209763191283,0.831027328000467,0.016,0.005,1
"TIGD1",0.329318145545307,0.93968745841596,0.047,0.021,1
"ABHD2",0.329349832993337,0.442805169203636,0.315,0.269,1
"E2F3",0.329363667997856,0.361537646173771,0.339,0.316,1
"ASMTL",0.329395622382859,-0.278149683080065,0.346,0.451,1
"CBLN3",0.329598553073701,-1.38319885267778,0.024,0.031,1
"ROR1",0.329661949862735,-1.51389794969007,0.016,0.031,1
"MRPL20",0.329729923792587,0.336611652774217,0.74,0.715,1
"CCDC144BP",0.329812573266967,1.18779762285369,0.055,0.031,1
"BORCS8",0.330020200788129,0.610082776483079,0.15,0.109,1
"YAF2",0.330119360066716,0.276928197363387,0.441,0.425,1
"SMC3",0.330123910354617,0.118043343723238,0.402,0.44,1
"RASSF1",0.330226228217097,-0.455573580044541,0.213,0.264,1
"ZNF585A",0.330239600642101,-0.258928375856889,0.102,0.155,1
"HNRNPDL",0.330410104387903,-0.175365973585224,0.858,0.891,1
"POLG2",0.330449020685744,-0.129650595915209,0.157,0.155,1
"RTRAF",0.330485344708644,-0.137131077229941,0.78,0.798,1
"LINC03062",0.330509109140574,1.25680799472434,0.031,0.01,1
"B4GAT1",0.330529848330649,1.2079902582614,0.063,0.026,1
"MAD2L1-DT",0.330624709611584,1.39869623778085,0.031,0.01,1
"SF3A1",0.330741574008433,0.10939920261037,0.52,0.575,1
"FRMD4A",0.330807745149325,-0.929087249326781,0.008,0.031,1
"TCEAL3",0.330807883691102,-0.595008393305865,0.134,0.212,1
"ENSG00000289424",0.330821419291086,-0.511916997532816,0,0.01,1
"TYW1B",0.3309866116067,-0.447366572181727,0.087,0.124,1
"C22orf39",0.331144666746091,0.532312590242575,0.331,0.301,1
"SDHC",0.331148576421733,0.388601564467334,0.433,0.368,1
"ENSG00000290440",0.33115053923911,0.488367017592894,0.047,0.052,1
"ENSG00000258634",0.331334567941672,0.840813220971643,0.016,0.005,1
"PPP1R2",0.331393247256871,0.217652547779615,0.74,0.746,1
"RPL34-DT",0.331510390513451,1.22239325003428,0.016,0.005,1
"H2BC11",0.331574217322897,0.248884955835211,0.071,0.041,1
"TECPR1",0.33164452684863,1.24365836443494,0.071,0.036,1
"ENSG00000260793",0.331657669308934,-1.29783064487351,0.008,0.031,1
"AHR",0.332182213651787,0.111283629111759,0.52,0.596,1
"CDC23",0.332256907995475,0.783913645719251,0.126,0.093,1
"SLC49A3",0.332354057365912,-1.15066481168949,0.008,0.036,1
"FAM184B",0.332450996110158,1.07290620680681,0.016,0.005,1
"TFRC",0.332462052625625,0.365792762105318,0.543,0.513,1
"IPO5",0.332529530956449,-0.409825652706057,0.323,0.378,1
"H2AC12",0.332584169352133,-1.53835636003898,0.024,0.041,1
"RAB27A",0.332584689282427,-0.122702945964387,0.15,0.218,1
"INPPL1",0.332612555890384,-0.308221508422815,0.094,0.13,1
"TXLNA",0.332895901707627,0.5695871689718,0.26,0.192,1
"ENSG00000254400",0.333065826557254,1.19837191491319,0.016,0.005,1
"RHEX",0.333087263085743,0.229542304892221,0.528,0.409,1
"TRGV3",0.333226490242886,-1.48343618717665,0.008,0.031,1
"UBR7",0.333255733681063,0.581897998973992,0.205,0.15,1
"KPNB1",0.333266264587487,0.195965220913348,0.622,0.58,1
"AP3B1",0.33331713890727,0.289596003986678,0.654,0.596,1
"BTBD7",0.333338103163606,0.149855080512763,0.441,0.472,1
"ZNF789",0.333354657514132,0.302825451996128,0.189,0.192,1
"POLA2",0.333498576481913,-0.530885260525708,0.039,0.073,1
"ENSG00000268403",0.333559942106643,-1.30721068817167,0.008,0.036,1
"ENSG00000285043",0.333649099365361,0.872022469263095,0.102,0.062,1
"ATP13A3",0.333675186093971,-0.357231716105062,0.472,0.539,1
"NRTN",0.333703360079351,-1.16472918779415,0.024,0.052,1
"ALS2",0.333706473385721,-0.534536750928793,0.031,0.052,1
"PARD3B",0.333714745473516,1.2788423196677,0.016,0.005,1
"MEPCE",0.33383322736004,-0.442034572655727,0.118,0.181,1
"ZNF383",0.333888886859248,-0.862295386878063,0.047,0.093,1
"METAP2",0.334164080380525,0.357698305971377,0.583,0.528,1
"ENO3",0.334198838379042,-0.865552893516209,0.047,0.073,1
"PPP4R3A",0.334480815693313,-0.117098490478447,0.528,0.565,1
"SOX5",0.334483832547242,-1.16410725660424,0.016,0.041,1
"ACSL3",0.334536932586502,-0.283628617255342,0.346,0.446,1
"PKN2",0.334538360973229,-0.149281972419651,0.465,0.554,1
"RIC8B",0.33458467586283,-0.781937496375876,0.039,0.088,1
"NDUFAF1",0.334596160166844,-0.566970574249584,0.063,0.083,1
"ARID1A",0.334634689711019,0.313497912179405,0.551,0.487,1
"MANBAL",0.334641249151885,0.336700432439113,0.228,0.212,1
"RRM1",0.334691236129579,-0.306747571524793,0.055,0.093,1
"SLC25A43",0.334765229141275,0.833981670696565,0.126,0.083,1
"SNF8",0.334850499935734,0.281052187353265,0.591,0.56,1
"COX7A2",0.334897114222477,0.224893509739566,0.945,0.933,1
"DNMBP",0.335042308148947,-0.407256998964954,0.205,0.269,1
"IFT46",0.335062071270851,1.25516932910388,0.063,0.031,1
"CROCCP2",0.335072474099926,0.519897304147639,0.189,0.13,1
"KIF23",0.335182627173017,-1.63626327700183,0.008,0.036,1
"KMT2D",0.335256338182348,0.491545299235243,0.283,0.218,1
"ENSG00000259118",0.335320709685311,1.54203138728796,0.016,0.005,1
"ZNF491",0.335320709685311,1.2140463676869,0.016,0.005,1
"ADD3",0.335456504165619,0.275714797574901,0.315,0.254,1
"ACTN4",0.335494310417894,-0.204452635626608,0.732,0.788,1
"PI4K2B",0.335495684204509,-0.108948000421987,0.15,0.166,1
"MRPL48",0.335523710888422,-0.495657219416128,0.094,0.161,1
"JAZF1",0.335604146318372,0.387589672853605,0.535,0.508,1
"CATSPER2P1",0.335604553317318,0.88404130707268,0.047,0.021,1
"STING1",0.335706999146669,-0.648720114083769,0.15,0.223,1
"SAXO2",0.335780334584129,-1.26721765779873,0.008,0.031,1
"BRMS1L",0.335844625125794,-1.02670014920989,0.055,0.093,1
"ZNF771",0.336416958423004,-1.20292672855319,0.031,0.057,1
"FARSB",0.33643734268644,0.368092655282715,0.11,0.119,1
"AGO4",0.33653465269804,-0.390336212648971,0.26,0.311,1
"LIMD2",0.336571291228069,0.127443430144191,0.961,0.927,1
"GOT2",0.336701883112494,-0.422401989509391,0.118,0.166,1
"ENSG00000291047",0.336727682882545,0.750616573525249,0.087,0.052,1
"CTDSP2",0.336810198964113,0.414845181593924,0.496,0.43,1
"ZNF608",0.336843630466059,-0.507286907493794,0.039,0.047,1
"SASH3",0.336925584442366,0.199772561311675,0.433,0.461,1
"ENSG00000273338",0.337014878830137,0.791558283569972,0.15,0.098,1
"TOB1-AS1",0.337030664837425,1.73451084420402,0.031,0.01,1
"SMAD7",0.337061272166289,-0.387938718285738,0.11,0.181,1
"PNKP",0.337189024928655,-0.189394727819156,0.165,0.254,1
"KPNA3",0.337189752729,-0.3167629537985,0.299,0.399,1
"IGSF6",0.337264942255589,1.05316589084892,0.15,0.098,1
"TMEM106A",0.337266467594071,0.353900491391268,0.291,0.244,1
"STAMBP",0.337453209934209,0.491922591280716,0.189,0.14,1
"DNAJA3",0.337471999341471,1.19790018021313,0.102,0.067,1
"EEF1D",0.337498690375295,0.129396930689274,1,0.995,1
"WDR4",0.337524755230083,-0.13475592641749,0.063,0.088,1
"GALR2",0.337530075601864,-0.181337439674841,0.008,0.021,1
"SVIL-AS1",0.337574946614039,-0.542402073107897,0.102,0.171,1
"CARD8",0.337584606585721,0.206673954394646,0.228,0.264,1
"GANC",0.337635629773258,0.429612198219242,0.205,0.155,1
"TNK2",0.337757947567244,0.397538299305297,0.331,0.259,1
"CACHD1",0.337984008718394,1.51115024023594,0.031,0.01,1
"LINC01004",0.338034884539441,0.609915392456283,0.236,0.171,1
"CSTPP1",0.338301367241445,-0.406025284841876,0.213,0.233,1
"CENATAC",0.338611981472143,0.736583651653683,0.181,0.135,1
"DGKH",0.338706153824657,0.651784065236001,0.039,0.026,1
"UBTD2",0.338850405030609,-0.172512191300945,0.15,0.145,1
"FAM98C",0.338906843613209,-0.559477621486518,0.047,0.093,1
"MFN2",0.33892902561548,-0.17269778609318,0.142,0.15,1
"ENSG00000272256",0.339001407055727,1.03147563051285,0.055,0.031,1
"KRI1",0.339139644499456,0.824956559413192,0.197,0.14,1
"MED26",0.339238376125176,0.576817554438916,0.26,0.187,1
"NBPF14",0.339279352419597,-0.249957451596208,0.339,0.404,1
"DERPC",0.339435324916391,-0.922989303456025,0.071,0.135,1
"LYG1",0.339546945577237,1.17637335216056,0.016,0.005,1
"CWC22",0.339573157399683,0.349433975975201,0.307,0.254,1
"ENSG00000286044",0.339676470451485,-1.39384862083134,0.008,0.026,1
"WEE2-AS1",0.339713447088178,1.569861716802,0.016,0.005,1
"SEMA4A",0.339766069187538,0.160882179144026,0.339,0.311,1
"ABCG1",0.33983777157663,0.413714907517248,0.394,0.352,1
"CD47",0.33986709156819,0.101305940431506,0.78,0.819,1
"FUT4",0.339873165200834,0.340994644836857,0.094,0.067,1
"CARHSP1",0.340012304793379,0.46022500030387,0.354,0.332,1
"P4HA1",0.340056199802362,-0.368474269535826,0.291,0.378,1
"RARG",0.340063717262444,0.63355351913229,0.181,0.15,1
"SCPEP1",0.340085095306865,-0.533092020590882,0.165,0.233,1
"UGDH-AS1",0.340093506271915,-0.862979534434969,0.031,0.067,1
"ALG6",0.340150843456597,1.06658553271232,0.079,0.041,1
"ZNF688",0.340154469488138,0.732752774028097,0.102,0.073,1
"LINC01588",0.340159710730821,-0.665194904552595,0.173,0.259,1
"RNF24",0.34016145818179,-0.398866116303473,0.252,0.301,1
"CEBPZOS",0.340200874929771,0.572909126564919,0.26,0.197,1
"IRF2BP2",0.340220934739585,-0.119885422688416,0.827,0.881,1
"ABTB3",0.340223807566639,-0.657444192148589,0.15,0.233,1
"MTMR10",0.340350894835716,0.51200793004165,0.268,0.233,1
"BCL3",0.340354245002581,-0.164187203674403,0.843,0.855,1
"ENSG00000235151",0.340487743587785,0.690078198356478,0.055,0.036,1
"ENSG00000264578",0.340499461335806,1.22530835625546,0.016,0.005,1
"RUFY3",0.340592534536112,0.14163144210465,0.449,0.389,1
"PAK1IP1",0.34060129535509,0.376459827678765,0.142,0.104,1
"PPME1",0.340627877758544,0.125849170084047,0.15,0.119,1
"AK1",0.340868952428366,-1.56097586053518,0.008,0.036,1
"NOC3L",0.340985541645998,-0.495710284963672,0.165,0.212,1
"RPS6KC1",0.341026807784803,-0.248531238541151,0.457,0.56,1
"PYGO2",0.341108470037605,0.610174430529976,0.11,0.062,1
"FBXL6",0.341109694609841,-0.10668439792066,0.094,0.109,1
"ZDHHC17",0.341163168804205,0.376303369403397,0.378,0.337,1
"PPIE",0.341401942627315,-0.480443719550137,0.142,0.197,1
"TRAF3IP3",0.341433535030778,0.733146289571265,0.173,0.114,1
"SRP72",0.341565296301227,0.270480481001736,0.646,0.606,1
"RNF170",0.341641902280424,0.792569178703443,0.11,0.083,1
"IRF5",0.341737271121156,0.203626189650489,0.315,0.259,1
"ZNF30",0.341842764802367,1.37168925428641,0.016,0.005,1
"KLHL25",0.341879343457558,-1.41255791202164,0.008,0.031,1
"ITPR1",0.341943854049006,-0.12586755924155,0.331,0.415,1
"ZNF277-AS1",0.341950668383962,-0.530070199777129,0,0.01,1
"DYRK1B",0.342024707318604,0.644179356172368,0.228,0.171,1
"CCNT2-AS1",0.342067650247043,0.354639123005607,0.039,0.047,1
"PQBP1",0.342306930875773,-0.185851410012079,0.638,0.725,1
"LRRFIP2",0.342350128524892,-0.282173473418028,0.591,0.689,1
"BRD9",0.342609036731144,0.397898665501581,0.228,0.176,1
"TERF2",0.342712862865241,0.476695822385666,0.276,0.244,1
"WDR26",0.342811666829883,-0.178406735168298,0.378,0.482,1
"ENSG00000289440",0.342822327632182,1.42891890425978,0.016,0.005,1
"LINC01414",0.342848009050271,1.61703427916638,0.016,0.005,1
"ARHGAP42",0.342855245836597,-0.624570205920058,0.071,0.088,1
"ZNF324",0.342869956929649,-0.703556193661957,0.016,0.047,1
"EDEM2",0.342924103930784,-0.354531475558272,0.087,0.13,1
"HOPX",0.343022988992283,-0.730134846599207,0.055,0.098,1
"LRIG1",0.34312730267098,0.960488666972507,0.118,0.083,1
"KCNH3",0.343271095119653,0.529734242908301,0.016,0.01,1
"KIAA1143",0.343274471573928,0.192269834096364,0.22,0.176,1
"USP34-DT",0.343382033836765,1.05929187288176,0.039,0.021,1
"CCDC200",0.343616152518167,-0.269770290057497,0.252,0.244,1
"PDE12",0.343626951430128,-0.163456560549012,0.181,0.207,1
"KCNQ5",0.343628199181944,-0.860730705956357,0.063,0.119,1
"LARGE1",0.343773535799961,-0.511950358937633,0,0.01,1
"MACC1",0.343805124549182,-1.31077565686916,0.024,0.041,1
"CRYL1",0.343952972367999,0.760848354238068,0.079,0.057,1
"PUSL1",0.344002538708557,-0.559935500564648,0.079,0.135,1
"MFAP1",0.344020614100816,0.366240985091584,0.323,0.28,1
"NSUN7",0.344100261840169,-1.39394579760169,0.008,0.031,1
"SH3GL1",0.344176640856978,-0.121211239184925,0.472,0.466,1
"PARTICL",0.344535156555047,-0.563785601181375,0.016,0.026,1
"ACP5",0.34454513114764,-0.568623821150132,0.291,0.378,1
"NHP2",0.344586870853396,0.280113707840681,0.559,0.56,1
"SPAG4",0.344639423749283,-1.01709948792829,0.016,0.041,1
"HMGXB3",0.344777867861801,0.499734226040838,0.315,0.259,1
"TRMT1L",0.34496907596614,0.555944497358158,0.213,0.161,1
"PHC1",0.345128756066327,-0.836352970113056,0.063,0.119,1
"FLNB",0.345287381816412,-0.279851660772427,0.362,0.451,1
"TMEM38B",0.345309265045152,0.397310385288165,0.252,0.197,1
"MYO10",0.345533583919805,-0.691204189187317,0.008,0.031,1
"ERP27",0.345635761036627,1.3829556384809,0.031,0.016,1
"SDHAF3",0.345768892160409,0.722395705738268,0.15,0.109,1
"ZNF468",0.345783480958255,0.589060311303053,0.094,0.062,1
"SRSF5",0.345817714687206,-0.155050355658123,0.921,0.959,1
"UBE2R2-AS1",0.345884519171536,-1.39945739763048,0.008,0.041,1
"TARS2",0.345896756794649,-0.880455585174391,0.039,0.083,1
"SOX12",0.345947951898979,0.960954454207691,0.087,0.052,1
"SLC25A22",0.346056515621322,-1.13680752113408,0.016,0.047,1
"EPB41L3",0.346061066660231,0.183974412564536,0.354,0.363,1
"PPP1R12B",0.346259101912952,-0.117443125586258,0.11,0.155,1
"ULK4",0.346267216819637,-0.668072340026522,0.157,0.223,1
"PPWD1",0.346306035888156,-0.101384485095864,0.244,0.223,1
"ENSG00000289304",0.346410960638336,1.3952112236126,0.016,0.005,1
"ACVR2A",0.346439889236008,0.491747391521045,0.157,0.114,1
"UQCRHL",0.346440284261275,1.50204907422991,0.031,0.016,1
"H2AC7",0.346441224721809,-0.999697536625227,0.031,0.057,1
"RBM14",0.346506583635332,-0.303210569522462,0.394,0.508,1
"KLHL2",0.346553134097962,-0.769292118663822,0.134,0.223,1
"SERGEF",0.346559574112385,-0.856557555666009,0.087,0.13,1
"SYNE3",0.346673488896357,0.403902884045721,0.394,0.332,1
"MLLT3",0.346687520966317,-0.469903524078878,0.079,0.093,1
"UXS1",0.34680852359351,-0.562075900103268,0.094,0.14,1
"COX14",0.34698108847066,0.255521380139675,0.575,0.508,1
"HLA-F",0.347119162426318,-0.27378102440852,0.528,0.632,1
"ANKRD23",0.347122132318148,1.48474695544582,0.031,0.01,1
"ZNF267",0.347171272775633,-0.37753979613886,0.528,0.601,1
"DUSP7",0.347218121228922,0.602434927400424,0.205,0.135,1
"TXN",0.347240991702911,-0.385609810591496,0.906,0.917,1
"MS4A14",0.34728175206502,1.69432841712851,0.024,0.01,1
"TRIB1",0.347340237054142,-0.513814905061542,0.26,0.358,1
"TUBA8",0.34735446861298,1.86036724009189,0.039,0.016,1
"THOC5",0.347394614915798,-0.52570456922296,0.071,0.109,1
"MED10",0.347733583563653,0.257516789695624,0.504,0.487,1
"METTL8",0.347745944508665,0.734053318041221,0.118,0.083,1
"SGF29",0.34776677638461,-0.321224419539667,0.197,0.254,1
"CA8",0.347806338019252,1.17089206282381,0.102,0.057,1
"ENSG00000291149",0.347832161588556,0.64177359129759,0.094,0.052,1
"TMEM14B",0.347933078307986,0.427398120726196,0.567,0.544,1
"ZRANB1",0.34794539014167,0.418233521693454,0.276,0.218,1
"CIB2",0.347960853571882,0.323240158601952,0.307,0.228,1
"HSP90AB1",0.348012586096776,-0.366478672465216,0.961,0.979,1
"BEND4",0.348071216521258,-0.530928064221607,0.031,0.067,1
"BUD31",0.348075376626694,0.233565593208708,0.654,0.648,1
"MAP4K3",0.348113462629563,-0.382716911503042,0.346,0.461,1
"VWA8",0.348159006359389,0.716018146324179,0.087,0.073,1
"CSTF2T",0.348248697181576,-0.525576702502363,0.134,0.192,1
"SASS6",0.348362817888216,1.14842615273188,0.047,0.026,1
"OTUD6B-AS1",0.348378095456345,0.16453613535265,0.315,0.28,1
"MYO1F",0.348673188090597,0.214171075226997,0.354,0.378,1
"MMACHC",0.348766088086117,-0.328835758378553,0.016,0.047,1
"PDS5A",0.348798671688002,0.151581002918869,0.772,0.725,1
"PBX2",0.348931792357766,0.490023250274607,0.354,0.295,1
"CYB5D2",0.34896116516548,1.05152607255612,0.055,0.036,1
"EPB41L2",0.348974347769041,-0.798830293955121,0.102,0.161,1
"DPH5",0.349011979243819,-0.684814466224595,0.079,0.119,1
"LIPE-AS1",0.349023221446464,-0.80241057132912,0.031,0.073,1
"TMEM218",0.34907240185737,-0.348404264205452,0.063,0.062,1
"POLD2",0.349151835258158,0.586635618384988,0.252,0.192,1
"TTL",0.349152250315411,0.241499505117367,0.15,0.119,1
"CASTOR1",0.349205799024446,1.32790208395264,0.071,0.041,1
"CTIF",0.349405159144782,0.234138233118985,0.142,0.104,1
"CFAP54",0.349412662633362,-0.492282734910514,0,0.01,1
"FANK1",0.349412662633362,-0.492282734910514,0,0.01,1
"PAWR",0.349421491202383,-1.11881136128522,0.031,0.067,1
"RPUSD4",0.349558258063342,0.695096422013132,0.15,0.109,1
"OLR1",0.349588835327531,-0.404668039847443,0.268,0.275,1
"BCLAF3",0.349857181398884,0.320174146585327,0.15,0.114,1
"S100A8",0.349873111895497,0.945674112811673,0.118,0.088,1
"ENSG00000269937",0.349931365724936,1.32935804470094,0.016,0.005,1
"MLLT1",0.350138116786981,0.686520846202317,0.087,0.073,1
"BRPF3",0.350438101665453,-0.7341709650549,0.071,0.124,1
"DCTN6-DT",0.350727577160386,-0.660336818067106,0.071,0.13,1
"ZDHHC13",0.350743182332201,0.376111348878661,0.118,0.124,1
"PIN1",0.35086300479278,0.452476330602258,0.441,0.404,1
"DDHD2",0.350871178332784,-0.284333799065065,0.118,0.135,1
"PPCDC",0.350921216078147,0.218048217390208,0.354,0.316,1
"RBM26",0.350977564287116,-0.214391614287665,0.386,0.472,1
"PITPNM2",0.351087163866324,-1.25020855412087,0.016,0.052,1
"NUP107",0.351102448733492,0.39944296173113,0.236,0.171,1
"ENSG00000289085",0.351161887953342,1.33418401550702,0.016,0.005,1
"SGO1-AS1",0.351238116554081,-0.74972312685259,0.071,0.104,1
"MDH1",0.351239360477098,-0.120619008133868,0.425,0.43,1
"RHCE",0.351305786458327,1.20942950994162,0.016,0.005,1
"AMZ1",0.351412770196868,0.406554360240847,0.228,0.192,1
"FRMD3",0.351469610840202,-1.49747077444322,0.008,0.021,1
"MPP7",0.351565685386594,-0.697965454514206,0.087,0.155,1
"MTLN",0.35161224741199,0.128050587957581,0.205,0.187,1
"ATG9A",0.3516210109644,-0.136574181354481,0.134,0.161,1
"LCAT",0.351776168941953,1.18075066701281,0.016,0.005,1
"UNC93B1",0.35179604558296,0.428264202453491,0.449,0.373,1
"TMEM52",0.35180003405572,0.793029032846615,0.016,0.005,1
"BRIP1",0.35193265348922,-0.449424869864972,0.008,0.026,1
"SLCO4A1",0.35194482507907,-0.653519355430279,0.102,0.166,1
"LSM10",0.351956888332805,0.15778835783071,0.417,0.358,1
"NEK4",0.351980477125199,0.785795274452359,0.118,0.083,1
"CHCHD5",0.352020585843259,0.229738035470791,0.299,0.326,1
"ENSG00000290680",0.352154987894137,0.920830074627482,0.047,0.026,1
"A2M",0.352422772335972,-0.567823195785595,0.039,0.057,1
"UBE2L6",0.3528763526172,-0.33884193510041,0.386,0.466,1
"ATP2A3",0.352926898455796,0.347345008180743,0.457,0.42,1
"ODF2",0.353113696318283,0.195923169309191,0.181,0.223,1
"KIF9-AS1",0.35314601361402,0.220437382883413,0.126,0.104,1
"POT1",0.353397877092997,-0.487310412704282,0.055,0.093,1
"TTYH3",0.353515896785507,-0.503474274518895,0.22,0.306,1
"AIFM2",0.353520565174478,2.18423400082409,0.016,0.005,1
"B4GALT7",0.353526381278584,0.846523382559589,0.11,0.073,1
"H2AC4",0.353583190043218,0.852895286910858,0.016,0.005,1
"TRMT10C",0.353773410102193,-0.34544007139835,0.339,0.42,1
"ZBTB37",0.354001408150693,-1.12300905359183,0.024,0.047,1
"AGFG2",0.354078053827058,-0.720471511083825,0,0.016,1
"ABHD11",0.354381721811339,-0.775592720647639,0.008,0.031,1
"NUB1",0.354459942716185,-0.170162624811063,0.354,0.43,1
"ENSG00000272009",0.354583229213276,0.253848791964592,0.039,0.031,1
"ING4",0.354810019896233,-0.360005234111374,0.181,0.197,1
"GTF2F2",0.354908178683825,0.168237524774696,0.291,0.316,1
"ATF2",0.355095786182097,-0.122943451632299,0.402,0.472,1
"IGHA2",0.355218525599799,-1.68844333773449,0.008,0.026,1
"RFC1",0.355255261881156,-0.159980460621202,0.283,0.363,1
"DMAC2L",0.355327493468292,0.589830832520227,0.197,0.145,1
"MRPL40",0.355381120149394,0.632563229113581,0.126,0.098,1
"SYNC",0.355409844888105,0.311164477142948,0.299,0.301,1
"ELMO3",0.355468457286698,-0.319496047668557,0.031,0.062,1
"RCOR3",0.355590038621723,-0.300777093539652,0.291,0.358,1
"ENSG00000287092",0.355591485051704,-1.1287272564875,0.055,0.088,1
"TIRAP",0.355662358583949,0.503330296182583,0.087,0.057,1
"FKBP14",0.355684513199345,-0.607130969623914,0.047,0.083,1
"CHCHD1",0.355730619184988,-0.281869229812297,0.362,0.42,1
"KAZN",0.355932400310896,-1.49132453171633,0.008,0.026,1
"ATP2B4",0.355966682334542,0.361385185163897,0.551,0.482,1
"CSNK1G1",0.356059213241748,0.266706250791827,0.315,0.326,1
"FBXO10",0.356094464420876,1.398730843036,0.031,0.016,1
"VPS72",0.35612785762434,0.393285925906149,0.244,0.207,1
"GINS3",0.356424407758996,1.05662541123287,0.016,0.005,1
"SFMBT2",0.356642942014825,0.361158358232609,0.528,0.43,1
"NRL",0.356652972058274,-1.15005084804441,0.031,0.073,1
"SSU72",0.356822936174274,0.196907464086702,0.693,0.658,1
"MAP1LC3A",0.356852331374253,-0.408722853460018,0.205,0.275,1
"MAPK14",0.356902624380645,-0.143841589613647,0.268,0.342,1
"NCL",0.356997277963227,0.144536984209782,0.961,0.948,1
"LMAN1",0.357091146764068,0.427550646869311,0.409,0.347,1
"PRDX3",0.357126743280484,0.335361762645713,0.52,0.482,1
"EVI2A",0.357293547348655,-0.290237005464211,0.228,0.306,1
"PREPL",0.357326240081072,0.756403922919361,0.134,0.088,1
"KRAS",0.357526030703248,-0.187984991830332,0.591,0.668,1
"ENSG00000259088",0.357950937227178,1.03683582602812,0.016,0.005,1
"TFAP2E",0.35807833349368,1.1872147187137,0.016,0.005,1
"TCF12-DT",0.358105997428771,-1.62842694671847,0.016,0.041,1
"YTHDF3",0.358154529728728,-0.241839095134162,0.378,0.435,1
"TRAF6",0.358159009899227,-0.357392843634363,0.213,0.244,1
"AVPI1",0.358224284377454,-0.633161238452114,0.031,0.078,1
"ZNF415",0.358340093748947,1.24584469153741,0.016,0.005,1
"PBRM1",0.358376234512022,0.254013318329736,0.693,0.632,1
"SYNCRIP",0.358441889366874,0.126325697681363,0.685,0.637,1
"SLC22A18",0.35852388224093,0.593679908423112,0.079,0.047,1
"ZNF337-AS1",0.358534085396356,0.761553844112499,0.016,0.005,1
"ENSG00000288752",0.358534085396358,1.33702451359669,0.016,0.005,1
"GPSM3",0.358639539932458,-0.201409023377941,0.748,0.777,1
"TRMT12",0.358851948227909,-1.14250921195588,0.016,0.047,1
"CX3CR1",0.358857118713419,1.59285552938088,0.024,0.026,1
"TXK",0.358879689663947,-1.38921498890058,0.008,0.026,1
"HMGXB4",0.358961096998101,-0.148985455355598,0.205,0.285,1
"ADAMTS17",0.358988547307182,-1.78048077817804,0.008,0.026,1
"DDX17",0.359245592356826,0.243620259500788,0.913,0.87,1
"PRRC1",0.359267899651593,0.640528163299474,0.189,0.13,1
"ZMIZ1-AS1",0.359477678596367,1.23968358527059,0.031,0.01,1
"RRAGD",0.359707389016863,-0.442251354111174,0.118,0.13,1
"GNG11",0.359783974853238,0.116847041251993,0.142,0.104,1
"FAM161A",0.359786829520307,-0.395326374195154,0.008,0.026,1
"ENSG00000261218",0.359851655701819,1.58051218359482,0.016,0.005,1
"HSF2",0.359947877604258,-0.661253396309172,0.055,0.104,1
"ATP23",0.360041469761745,-0.325880133516575,0.087,0.104,1
"GCH1",0.360074198348171,-0.539883352326476,0.142,0.218,1
"ANAPC5",0.36013164452542,0.257781460761413,0.52,0.435,1
"HNRNPF",0.360160004961232,0.2196670596048,0.906,0.891,1
"MPHOSPH8",0.36033419558387,0.102599794990207,0.449,0.42,1
"ARID2",0.360571020717978,0.188182370589127,0.654,0.585,1
"MTMR2",0.360591028887459,0.332208473713297,0.142,0.109,1
"KCNMB1",0.360614486837527,-0.700794816547123,0.039,0.047,1
"CCDC102A",0.360720598757,0.506193854182213,0.165,0.109,1
"ATF7IP",0.360772623853981,0.270572979509722,0.535,0.456,1
"USP16",0.360838763301681,0.21100066494477,0.559,0.503,1
"NDEL1",0.361198901163939,-0.547569396252798,0.315,0.42,1
"KLHL20",0.361224317931097,0.162299832865995,0.307,0.28,1
"SMIM30",0.361295077085349,0.864456354476125,0.094,0.052,1
"TNFRSF10D",0.361528941193443,-1.03937913335478,0.031,0.078,1
"CMPK2",0.362060045714678,-0.762345972093453,0.063,0.104,1
"OSTC",0.362113558717776,0.184745536278374,0.756,0.715,1
"SLC40A1",0.362158232746215,-0.748383509050823,0.047,0.067,1
"SLC38A10",0.362276134489256,0.525514264010148,0.197,0.155,1
"ENSG00000255240",0.362380131866443,-1.60426428965377,0.008,0.036,1
"MSRB2",0.362516006436546,-0.429183310723842,0.079,0.14,1
"C3",0.36253958814862,0.682494383200727,0.016,0.01,1
"NAPB",0.362546571181816,-0.646188439904702,0.055,0.098,1
"BBS5",0.362667586877825,0.481079030071312,0.031,0.021,1
"ATP6V0A1",0.362676153550847,0.46571771081486,0.102,0.062,1
"ENSG00000289854",0.362794921436733,0.484310111595147,0.016,0.005,1
"FGD5-AS1",0.362821087365849,-0.263956042376449,0.26,0.342,1
"GLOD4",0.362987046757176,-0.188644839594442,0.213,0.269,1
"POLR2K",0.363159725575502,0.300563809671879,0.472,0.451,1
"TMX1",0.363321986972306,0.56271593826527,0.488,0.43,1
"PLXNB2",0.363385750320175,0.198861802363733,0.449,0.477,1
"HRH2",0.363422428240123,0.553021811504701,0.142,0.083,1
"CLIP1",0.363438794355413,-0.443704502864811,0.276,0.347,1
"BRCA2",0.36346070055614,0.761829071067258,0.134,0.088,1
"LINC01098",0.363639566279461,1.08090251700635,0.008,0.021,1
"CPT1B",0.363748481054309,0.589792851716815,0.016,0.01,1
"ZNF808",0.363910935339441,0.920059794628862,0.15,0.114,1
"NTRK1",0.36397277844933,-0.385348145744483,0.008,0.026,1
"TTF1",0.363986658680198,0.364916194512921,0.228,0.187,1
"SPATA13",0.364104231846343,-0.688953715702104,0.134,0.176,1
"PLA2G6",0.364242770316701,-0.173988702273737,0.071,0.078,1
"S100A9",0.364368015700103,0.556445241278743,0.22,0.187,1
"ARMCX2",0.364522411956173,-0.23625437099854,0.024,0.041,1
"WASHC4",0.364562624827469,0.144789340430495,0.614,0.56,1
"GLUD1P3",0.364722467210467,0.803551271961092,0.142,0.093,1
"ENSG00000273748",0.364911338005689,0.191436783360333,0.126,0.109,1
"TCAF1",0.364978424430454,-0.704555340859753,0.055,0.104,1
"DGKI",0.365069420472261,2.03849566347434,0.024,0.016,1
"CREM",0.365120737115088,-0.360587654264549,0.677,0.72,1
"RNF216P1",0.365223881377404,0.100674976007499,0.331,0.295,1
"HSD17B1-AS1",0.365243393499721,0.55687336825825,0.118,0.083,1
"KMT5A",0.36530516987655,0.271049567738357,0.236,0.192,1
"ACLY",0.365349730058761,-0.316813732608897,0.157,0.218,1
"ENSG00000288907",0.36545506277989,1.77819874242676,0.016,0.005,1
"PPIL2",0.365460167865204,0.540434125567273,0.228,0.166,1
"ANGPT2",0.365607799557772,1.03308909705684,0.031,0.01,1
"LDLRAP1",0.365626775327476,-0.708335082873627,0.008,0.031,1
"ATP5F1A",0.365635785633714,0.135487398488416,0.866,0.829,1
"TIGD5",0.365636486792447,0.576098877102066,0.063,0.036,1
"SENP2",0.365660965798291,0.368673431631363,0.236,0.192,1
"MAFIP",0.365915222748443,1.06149785878863,0.016,0.005,1
"KPNA5",0.365961442267681,-0.298175046326789,0.244,0.306,1
"RAD54L2",0.366227397276106,0.398423355752013,0.268,0.218,1
"ENSG00000289030",0.366229608223405,1.37294176348333,0.016,0.005,1
"SRGN",0.366271623863507,-0.166550287897484,0.976,0.995,1
"SPATA2L",0.366450584234824,0.125921312459002,0.11,0.093,1
"KTN1-AS1",0.366491546882305,1.20472231577524,0.031,0.01,1
"ENSG00000291259",0.366496073839523,-1.02851135671988,0.016,0.041,1
"ZNF574",0.366499639202253,-0.186494369865347,0.126,0.13,1
"UTP3",0.366587171118897,0.497765112715074,0.315,0.244,1
"DUSP8",0.366789531348,-0.96786702597068,0.024,0.062,1
"PLPBP",0.366823554318217,-0.376796557367858,0.173,0.223,1
"HINT2",0.366830768963663,0.399055513258154,0.268,0.254,1
"ENSG00000288818",0.366853107801283,-0.779628895620336,0.031,0.062,1
"PRDM15",0.366861344654147,-1.25656911697444,0.024,0.052,1
"C2CD2L",0.367072323570894,0.816417811548293,0.047,0.021,1
"SLAMF1",0.367124757941447,1.25174570875112,0.016,0.005,1
"UBALD2",0.367151895946031,0.200436994533878,0.535,0.565,1
"COMT",0.367211815509949,0.277703139901066,0.614,0.56,1
"YPEL4",0.367412501998625,-0.679040540536433,0.063,0.104,1
"DLGAP4-AS1",0.367512366639214,-0.21067741339557,0.039,0.036,1
"ANO10",0.367610324022767,0.729498971794632,0.055,0.031,1
"HDDC2",0.367668111755577,-0.554692965408757,0.055,0.098,1
"MICALL1",0.367863910603439,-0.331270521493606,0.134,0.15,1
"TASOR",0.367912800288385,0.451115722097952,0.378,0.316,1
"HEXIM1",0.367914119573041,-0.440291052861604,0.173,0.228,1
"PNN-AS1",0.367922827051676,0.537833151108374,0.016,0.005,1
"ENSG00000277324",0.368135986917439,1.52195695191008,0.016,0.005,1
"GPR89A",0.368276898869329,-0.749978210122747,0.094,0.155,1
"SELL",0.368452758339497,-0.185661911879977,0.661,0.668,1
"ZNF276",0.368556360307351,0.413754389842201,0.386,0.311,1
"CCDC127",0.368559062744024,0.185607507349835,0.157,0.135,1
"DNAJC19",0.368590935260021,0.393018280924734,0.268,0.249,1
"TAB2",0.368618410732835,-0.226775768872715,0.693,0.71,1
"FBXO6",0.368665433002153,0.263886086218174,0.157,0.13,1
"ENSG00000289883",0.368768313813269,-1.3539308548018,0.008,0.031,1
"SEM1",0.368788873378761,0.150990514971979,0.756,0.767,1
"TRAF2",0.368845345376407,0.540782136028613,0.165,0.15,1
"LNCRNA-IUR",0.368910824984959,0.356826095732218,0.047,0.031,1
"SGK3",0.368940532040285,0.287439299729676,0.26,0.212,1
"ZNF839",0.369068012705003,1.11620305941731,0.047,0.021,1
"EMC9",0.369133157442583,0.475801442253495,0.134,0.083,1
"ENSG00000233044",0.369172892407851,1.0047397817058,0.016,0.005,1
"PGM5P2",0.369336939530333,-1.11782212403875,0.024,0.047,1
"TPD52L2",0.36937591878757,-0.163991987665316,0.339,0.337,1
"ABI2",0.369376530911008,0.408866050384407,0.331,0.264,1
"CYP4V2",0.369544602900709,-0.76458453584818,0.071,0.119,1
"DGCR6L",0.369564447842741,-0.165916092547785,0.157,0.161,1
"ANP32A",0.369601334879829,0.146593642647362,0.63,0.674,1
"NEK6",0.369613122952589,0.400281149404632,0.252,0.181,1
"HERC1",0.369643180012609,-0.16155467733563,0.583,0.622,1
"LINC02422",0.369667089923461,1.23814704022729,0.031,0.016,1
"CD59",0.369716916805602,-0.471866106327942,0.315,0.399,1
"C4orf19",0.36975971483023,-1.23780783680672,0.024,0.052,1
"SS18L2",0.370131592736907,0.173957543185085,0.441,0.389,1
"TSHZ3",0.370233712847918,1.206426403537,0.016,0.005,1
"KIN",0.370287995043825,-0.42394246241523,0.291,0.383,1
"RFT1",0.370319546152369,1.11366684509786,0.087,0.052,1
"TIMM50",0.370415756414187,0.524208736212761,0.252,0.207,1
"UBE2F",0.370536165965539,-0.165495274823575,0.551,0.642,1
"TCF4",0.370540385709254,0.117860248792278,0.803,0.731,1
"TXNDC16",0.37065887372648,-0.531715003534129,0.024,0.041,1
"ENSG00000288896",0.37070359621535,1.234823465577,0.016,0.005,1
"GPAT4-AS1",0.370740672105903,1.04249717792178,0.047,0.021,1
"CDKN1C",0.37077724365813,-0.998474862740066,0.102,0.166,1
"APRT",0.370790712649161,-0.169095974081084,0.701,0.788,1
"RXRB",0.370994696683341,0.465916186979045,0.173,0.14,1
"CAPN10-DT",0.371211711779484,1.03046430565193,0.031,0.01,1
"STK25",0.371313574562771,-0.743575490673811,0.102,0.161,1
"LAMB1",0.371316605704695,1.42089273931448,0.016,0.005,1
"LINC01176",0.371380523187115,0.600131029527304,0.102,0.057,1
"ENSG00000257342",0.371698400882693,0.745771591812745,0.063,0.052,1
"ZNF740",0.371716586447209,0.58638408455288,0.142,0.135,1
"SNAPC3",0.371730290254691,0.724543558829901,0.15,0.119,1
"DENND3",0.371842158610992,-0.650545091067856,0.11,0.192,1
"FAIM",0.371850790923549,1.04019025914059,0.071,0.041,1
"SRGAP2B",0.372014673943759,0.616092800911447,0.165,0.119,1
"ARRDC5",0.372180833529486,0.901281489985488,0.055,0.026,1
"HNRNPUL2",0.372181962105593,0.328933649542965,0.37,0.373,1
"DLGAP3",0.372237318845922,0.965037569785698,0.063,0.031,1
"RNPC3",0.372314935153838,-0.187049677355241,0.26,0.347,1
"SH2B2",0.372451125233548,-0.655989936479875,0.087,0.166,1
"TMEM150A",0.372501157941529,0.750411396904776,0.087,0.057,1
"DOP1B",0.372558672753631,0.555266552117197,0.228,0.171,1
"MED16",0.37268140592162,0.543899559620076,0.213,0.197,1
"SPNS1",0.372783308412217,0.130436213989844,0.362,0.326,1
"SLC2A6",0.372819840541733,-0.430478068624252,0.244,0.269,1
"MINDY2",0.372976290869318,-0.525153795648508,0.094,0.114,1
"CDK12",0.373102212515631,0.391933157249762,0.496,0.472,1
"EIF3M",0.373137404836898,-0.146215879681988,0.78,0.829,1
"GEN1",0.373202635531606,0.446671292812464,0.228,0.166,1
"GTSF1",0.373258173454677,1.21684954363711,0.039,0.026,1
"NAALAD2",0.373307101936487,0.971011151799279,0.016,0.005,1
"HCFC2",0.373361184844212,0.388846724470681,0.126,0.093,1
"ZNF641",0.373385601342339,0.423300473216729,0.142,0.114,1
"ENSG00000290385",0.373402258881683,-0.524493035582857,0,0.01,1
"CDC37",0.373443696393432,-0.123638023562528,0.835,0.829,1
"CAAP1",0.373521569979261,0.388013639653331,0.283,0.218,1
"NINJ2-AS1",0.373528543433332,0.537234936567424,0.016,0.005,1
"MAGT1",0.373683363259614,-0.369787123300329,0.339,0.425,1
"TBC1D22A",0.373711020838666,-0.28168733754145,0.457,0.554,1
"PDS5B",0.373779048084701,-0.269441133567635,0.362,0.42,1
"PACSIN2",0.373849941980885,0.215158841843465,0.654,0.601,1
"PRRT3",0.373871426223324,1.72823129067852,0.016,0.005,1
"GAS7",0.373933340899896,-0.208623113552242,0.276,0.295,1
"NPIPB11",0.373945611423528,0.934712350689066,0.047,0.021,1
"PDGFA",0.37412518093121,-0.379144880654732,0.134,0.15,1
"CDR2",0.374180312707434,-0.215574214479361,0.331,0.373,1
"ENSG00000246308",0.3746539389378,1.44086085357761,0.016,0.005,1
"C19orf25",0.374671812621168,0.321034815276109,0.252,0.212,1
"ATP7A",0.374743473621565,0.67788582159133,0.11,0.067,1
"SHOC1",0.374901132148195,0.953040498772697,0.024,0.01,1
"TRIM26",0.374998898797573,-0.524510632344959,0.213,0.269,1
"FNTA",0.375001521966245,0.323050541944857,0.496,0.451,1
"MTSS2",0.375077745489379,1.29377080319629,0.031,0.01,1
"GABARAPL1",0.375173863104289,-0.596426901428522,0.37,0.451,1
"BCL2L12",0.375344997471141,-0.262188420280419,0.102,0.155,1
"COMMD7",0.375468431392042,-0.354752230858547,0.26,0.321,1
"TNNT3",0.375593152222358,0.805096584385596,0.039,0.016,1
"GADD45GIP1",0.375713708567184,0.27985614270247,0.591,0.549,1
"ANP32B",0.375720724193102,-0.212475820347708,0.685,0.746,1
"CSE1L",0.376113053902861,-0.397774587970291,0.165,0.223,1
"NCK1",0.376291235212137,0.263021416194505,0.346,0.301,1
"TNFRSF13C",0.376368448792172,-0.22395407079554,0.008,0.021,1
"TMEM80",0.376393185651855,0.775993038234954,0.087,0.052,1
"CDK14",0.376397568222292,-0.561363658603294,0.394,0.472,1
"WDR83",0.376504171099185,0.683831340636201,0.15,0.098,1
"ZMYM3",0.376564511209221,-0.923462679395551,0.031,0.057,1
"MAP3K5",0.376641778597587,-0.634163972580973,0.126,0.181,1
"EPRS1",0.376711620431189,-0.404555411419089,0.189,0.275,1
"DNAJB5",0.376905623946818,-0.826485489949162,0.102,0.161,1
"ENSG00000283103",0.376965379375615,0.117518244278506,0.118,0.155,1
"IMPA2",0.3769977098217,0.561568393566145,0.079,0.052,1
"LINC00334",0.377049526635084,1.23634010940681,0.016,0.005,1
"INPP4B",0.377156125430665,-1.04294631163449,0.039,0.067,1
"NOCT",0.377280327773691,0.521603454762162,0.094,0.098,1
"KDM5C",0.377295827429763,0.373922178816056,0.315,0.29,1
"NFATC2IP-AS1",0.377498412721881,1.90544751136231,0.016,0.005,1
"TCF25",0.377520010371799,0.251255408052006,0.78,0.782,1
"ENSG00000278932",0.377642537750733,1.01942459358192,0.024,0.016,1
"ADAM9",0.377668477238988,-0.209506140993929,0.315,0.337,1
"TAGAP-AS1",0.377679621628784,-0.979496910166385,0.047,0.088,1
"MAN1C1",0.377748590173679,-0.472394033298575,0,0.01,1
"WDFY4",0.377863587258348,0.396583821551086,0.638,0.565,1
"TRIM35",0.378096594523186,0.783229847295874,0.079,0.073,1
"GFOD1",0.378116930258846,-0.365059483128816,0.102,0.119,1
"AFG3L2",0.378322357318991,0.475785593198583,0.346,0.306,1
"BMP2K",0.37836165799736,0.239179735238473,0.622,0.565,1
"TCP10L",0.378467896533146,1.00603799750888,0.016,0.005,1
"FDPS",0.378660446086384,-0.389474090695145,0.315,0.363,1
"ENSG00000272182",0.378748016752175,1.27462106752337,0.016,0.005,1
"PIERCE2",0.378775942186765,1.74552441424952,0.016,0.005,1
"SAP18",0.378814069378013,0.164273198183721,0.906,0.927,1
"TUT4",0.379111589030561,0.132654450114985,0.701,0.746,1
"LAMTOR5",0.379302103804287,0.2099407752792,0.819,0.782,1
"MFSD3",0.379420417908212,1.07043090655285,0.031,0.01,1
"GIPC2",0.379447286824315,-0.897553472632339,0.008,0.031,1
"HK3",0.37956793262525,1.09267640754078,0.016,0.005,1
"SLC25A39",0.379574810202428,-0.267555697177253,0.283,0.332,1
"ENSG00000287190",0.37961626425318,-0.336315018243821,0.031,0.021,1
"TPRG1",0.379641581800354,0.286895351801689,0.047,0.026,1
"LINC00115",0.379681348906091,-0.664396742534991,0.016,0.041,1
"ENSG00000286861",0.379743391319718,1.22063117977037,0.016,0.005,1
"ZBTB33",0.379767571939433,-0.171969021476698,0.126,0.181,1
"TRIM11",0.379828096910294,0.496998783511751,0.165,0.119,1
"HAMP",0.379831000341997,-2.04190976068917,0.008,0.026,1
"PLXNC1",0.379924052907038,-0.655668765940652,0.11,0.166,1
"FUNDC1",0.380104725513919,0.390744556995174,0.134,0.088,1
"CEP44",0.380110118647951,-0.559075010767776,0.047,0.083,1
"PHYKPL",0.380123797755213,-0.128670424370884,0.472,0.57,1
"NFATC2",0.380129972382966,0.149082552466064,0.394,0.352,1
"MOB1A",0.380141279106061,0.101546370707697,0.819,0.777,1
"ENSG00000257607",0.380282106307865,0.884091379809606,0.016,0.005,1
"WDR6",0.380292844436285,0.52016790767672,0.315,0.238,1
"SMAD6",0.380323683703418,1.20491020569631,0.039,0.021,1
"ARHGEF11",0.380358152812953,0.865583865910472,0.063,0.036,1
"MXI1",0.380443563123911,-1.02764536586904,0.031,0.067,1
"ENSG00000275807",0.380473528946712,1.11193448571072,0.102,0.062,1
"MRPS7",0.380482601367011,0.381494668250673,0.378,0.321,1
"MCUR1",0.380543238336956,-0.325247991606212,0.236,0.295,1
"TRDMT1",0.380625057379474,0.471515624761869,0.315,0.264,1
"MACIR",0.380670335210549,-0.719139338042128,0.024,0.057,1
"ACAP1",0.380672818380313,-0.265286577367431,0.283,0.373,1
"ZNF517",0.380696802633184,1.63759701724559,0.016,0.005,1
"TTC8",0.380781824630943,-0.415291627932754,0.008,0.026,1
"ENSG00000230325",0.380814594147403,1.5338348147449,0.016,0.005,1
"RMC1",0.380853688735165,0.588910039636506,0.323,0.28,1
"ULBP2",0.38097012368173,2.2187555313986,0.071,0.073,1
"ZNF473",0.380985380056741,0.221472468137484,0.047,0.057,1
"ENSG00000269934",0.381097097591973,1.72536734803315,0.016,0.005,1
"DCUN1D5",0.381261920739976,-0.218708833014646,0.252,0.29,1
"AMACR",0.381325450541712,0.571917676769537,0.047,0.026,1
"BID",0.381389829309893,-0.109556738737311,0.906,0.881,1
"KBTBD7",0.381392287738417,1.13065434842093,0.063,0.031,1
"STK4",0.381477818495765,-0.301537619346028,0.795,0.845,1
"VAMP4",0.381710660282029,0.628307817834417,0.142,0.114,1
"TRAF5",0.381784607943609,-0.579806318465142,0.173,0.218,1
"SNHG20",0.38179536898003,0.999261130638621,0.102,0.057,1
"ENSG00000288990",0.38181861524241,-0.881361409227856,0.024,0.052,1
"ZNF324B",0.381827924059541,0.9127083174699,0.024,0.01,1
"CDC42BPB",0.382015711703108,0.784439813631117,0.031,0.036,1
"NOG",0.382055548718739,-1.67323396399509,0.024,0.062,1
"ARHGAP15-AS1",0.382167709795066,0.691932307643968,0.016,0.005,1
"LINC01362",0.382362102510845,-1.07653463339858,0.008,0.036,1
"YME1L1",0.382393435076938,0.188336711181213,0.701,0.653,1
"PLEKHG1",0.382408408984101,-0.857007118390012,0.031,0.073,1
"ENSG00000260249",0.382448851087559,1.25904892018466,0.039,0.016,1
"TMEM101",0.382522838253856,0.23960352353677,0.142,0.119,1
"AKAP13",0.382641786901251,-0.232859495757114,0.906,0.943,1
"ZFP36",0.382691841622945,-0.13704974249078,0.929,0.964,1
"TMEM9B-AS1",0.382735334468197,-1.0952305035702,0.008,0.031,1
"ENSG00000266709",0.38274413968659,1.10145993731587,0.016,0.005,1
"ENSG00000285976",0.382942965873009,-0.857153896784914,0.047,0.088,1
"ABI3",0.382980226927811,0.189822539900123,0.228,0.238,1
"FERMT3",0.383079584736648,0.283660246739518,0.898,0.881,1
"RNPEPL1",0.383139021646138,-0.235328603688203,0.409,0.456,1
"NTNG2",0.383219873186024,-0.218575155214639,0.016,0.031,1
"H3C11",0.383379658168824,-1.15230930116752,0.031,0.041,1
"PAX8-AS1",0.383396255857682,0.965782080426285,0.094,0.052,1
"C11orf71",0.383438866630838,-0.866747927020857,0.055,0.078,1
"EEF1A2",0.383560247573021,0.45737309045048,0.039,0.052,1
"PLAGL1",0.383628617276468,-0.256150623011932,0.346,0.44,1
"LINC00921",0.383865315384485,1.54836315534466,0.047,0.021,1
"DNAJB12",0.383883716040234,0.348360552645049,0.386,0.342,1
"GK",0.383938638816285,-0.72781629875934,0.228,0.285,1
"CPT2",0.384011411572125,0.23245887829196,0.071,0.073,1
"RAB9A",0.384120344327992,-0.411093210356889,0.354,0.42,1
"UQCRB",0.384174538374514,0.161874584071207,0.961,0.953,1
"FAM228B",0.384195508201038,0.512755682492567,0.228,0.176,1
"SLAMF8",0.384320318479293,-0.75539435756724,0,0.01,1
"TNFRSF17",0.384345647896332,1.48643650003846,0.039,0.016,1
"PABPC1L",0.384377401077077,-0.632011519100851,0.055,0.078,1
"CRY2",0.38454254532408,0.682039564845999,0.102,0.078,1
"MRPL19",0.384699677168459,0.343275417221522,0.26,0.207,1
"ENSG00000237768",0.384843853782448,-0.118225200125083,0.008,0.026,1
"ENSG00000226310",0.385039867520978,0.798950264831266,0.055,0.026,1
"PNPLA8",0.385078386682676,-0.259268409780894,0.449,0.549,1
"LAT2",0.385133604584074,-0.471085654042155,0.252,0.352,1
"PDCD10",0.385349009730415,-0.168559405747866,0.496,0.596,1
"NUP85",0.38542365767099,0.779531088977956,0.173,0.119,1
"CWC27",0.385443499891003,-0.123198932523699,0.252,0.269,1
"LINC00494",0.385580261457098,1.78326384222239,0.016,0.005,1
"PMAIP1",0.385587610101091,-0.554997728003561,0.213,0.295,1
"NPRL2",0.385707740304406,0.35269662445786,0.126,0.093,1
"ENSG00000272447",0.385780087884197,-0.395782896436601,0.087,0.109,1
"ENSG00000271204",0.385814486712974,-0.515469281972229,0.039,0.073,1
"PSMD5",0.385880985033555,0.325693936300427,0.283,0.244,1
"SLC38A5",0.386013474606883,-0.966052676695178,0.031,0.062,1
"HIC1",0.386041921494935,-0.392546222199366,0.126,0.13,1
"PRIM2",0.386072397200938,0.627498424415082,0.213,0.15,1
"MYL11",0.386321440001944,0.555650197651906,0.11,0.073,1
"BNIP3L",0.386372720070237,-0.231829750568339,0.528,0.617,1
"ZFPL1",0.386486215051156,-0.193077846678999,0.126,0.192,1
"RRAGB",0.38654872758128,-0.237802048218607,0.094,0.135,1
"RNF34",0.386604642288405,0.2571055619461,0.252,0.259,1
"FARP2",0.386636426044156,0.470330958914452,0.331,0.259,1
"BTBD19",0.386831781666153,-0.162937017804002,0.055,0.088,1
"CPNE3",0.386839612937094,0.385134863895219,0.346,0.28,1
"C1RL-AS1",0.386941968622227,0.362567091699419,0.016,0.01,1
"PHLPP2",0.387038299714296,-0.439261371748277,0.165,0.212,1
"MIR17HG",0.387075506333917,-1.6114534585979,0.016,0.041,1
"SLC18B1",0.387085459297853,-0.185408185612717,0.126,0.135,1
"ZBTB41",0.38723417465976,0.961998425379641,0.087,0.052,1
"TRIP12",0.387394756891969,0.254078174779355,0.709,0.648,1
"ENSG00000288819",0.387564566842437,1.10031960898057,0.016,0.005,1
"ZNF765",0.387670295440151,0.544740315124219,0.102,0.062,1
"RAB11FIP3",0.387863960390918,-0.64651011822172,0.102,0.161,1
"LINC00310",0.387878840534933,1.48482349383677,0.016,0.005,1
"MAP3K14-AS1",0.387910319124996,-0.85264821564953,0.039,0.067,1
"AK2",0.387955455107242,0.319287074178365,0.449,0.389,1
"SORT1",0.387985963313092,0.388354145364948,0.071,0.036,1
"GMPPB",0.388006050564073,0.450176053487695,0.307,0.238,1
"C12orf29",0.388117145689195,0.334747309982877,0.094,0.098,1
"KRT18",0.38818281106592,-0.972925852185683,0.031,0.062,1
"ZFAND2A",0.388223833340963,-0.436348522842389,0.402,0.477,1
"ARL6",0.388236300483042,1.21466788314891,0.031,0.016,1
"SIGIRR",0.388248222773568,-0.238288383012681,0.173,0.264,1
"CD244",0.388441745170809,0.387602325864213,0.079,0.062,1
"UPP1",0.388614041445393,-0.5082821670184,0.323,0.425,1
"PLET1",0.388854214781814,1.14417258217747,0.047,0.021,1
"FAM117B",0.388892136040312,-0.230712640000898,0.126,0.14,1
"TAF1A",0.388918027153889,1.02344738717056,0.071,0.036,1
"STAG2",0.389093335717472,0.28651314574683,0.764,0.736,1
"RBM19",0.389113318612377,-0.466004733773236,0.087,0.14,1
"CSTF3-DT",0.389316119585342,1.48199625757015,0.016,0.005,1
"SLC25A28",0.389340816712028,-0.297874019885717,0.244,0.285,1
"RTTN",0.389383522955105,0.307042420375145,0.087,0.062,1
"FOLR3",0.38946192299525,1.06191612221873,0.016,0.005,1
"NT5DC3",0.389568123207712,0.750701859196691,0.039,0.041,1
"FTCDNL1",0.389629206232925,0.493956088170272,0.079,0.041,1
"L3MBTL2-AS1",0.389967737311095,1.34932238602183,0.016,0.005,1
"RALA",0.390027621153586,-0.361947702441876,0.819,0.834,1
"STX1A",0.390060921569249,-0.90895229364687,0.039,0.088,1
"NAA10",0.390100169563236,0.39674813125776,0.528,0.456,1
"HDHD2",0.390122692767431,0.76742657631318,0.15,0.109,1
"CLK2",0.39014554774388,-0.242094978034476,0.118,0.192,1
"HTATIP2",0.390160084024524,-0.633201901700449,0.071,0.124,1
"AFF1",0.390202149503264,0.106405605367953,0.63,0.58,1
"BRCA1",0.390204505973485,-0.898895964593369,0.008,0.031,1
"ZNF626",0.390287856491015,-0.624043599818061,0.055,0.098,1
"IRF2",0.390345234164803,0.522192950650877,0.268,0.212,1
"DDIAS",0.390355379178239,2.5342480660122,0.016,0.005,1
"TG",0.390431355838406,1.18328479984937,0.016,0.005,1
"CASP3",0.390454408885262,-0.173808476906273,0.276,0.275,1
"VCPIP1",0.390500700826283,-0.239818166953287,0.213,0.295,1
"ENSG00000291067",0.390560835057459,-0.304431223011162,0.134,0.166,1
"BOD1",0.390614716834119,0.386144588252365,0.22,0.176,1
"RAB6A",0.390618917826355,0.321431674602534,0.512,0.487,1
"ZSWIM4",0.390623075464831,-0.585180209346256,0.142,0.192,1
"NUP107-DT",0.390835016590714,1.28119345622538,0.016,0.005,1
"OOEP",0.39086160363761,-0.351761626526936,0.315,0.394,1
"NUBP1",0.390882192800793,-0.260992145777686,0.331,0.409,1
"DYNLT3",0.390918452357207,-0.564645721048082,0.15,0.218,1
"GALNT11",0.390933220068976,-0.527731655806184,0.11,0.166,1
"TRIM66",0.391020027731992,1.16496162803557,0.039,0.016,1
"TMEM184C",0.391021105335659,-0.386339347494344,0.126,0.187,1
"ACSL1",0.391219716577918,-0.395080107409263,0.37,0.389,1
"ZRSR2",0.391293741312914,0.741654254657443,0.22,0.166,1
"STOM",0.391359049940419,-0.110412138081323,0.102,0.119,1
"PLCE1",0.391541359920436,0.676289615100409,0.016,0.005,1
"ZFYVE28",0.391652493759749,-0.285153522943761,0.087,0.088,1
"PARD6B",0.391762042083176,1.39065508495405,0.031,0.01,1
"PCID2",0.391857673614009,-0.263686975407887,0.11,0.13,1
"FAM53B",0.39192564975021,0.552277329816923,0.189,0.124,1
"ARAP2",0.391980877925765,-0.2446469294495,0.291,0.29,1
"EPM2AIP1",0.392101942020933,-0.142396260132459,0.228,0.269,1
"PARVB",0.392119595819232,0.265747706065766,0.591,0.56,1
"GUCD1",0.392223014586603,0.644861326677585,0.197,0.145,1
"EIF4EBP1",0.39235216633253,0.121295161615899,0.339,0.295,1
"NAALADL2",0.392761280298432,0.833094119941918,0.118,0.073,1
"TET3",0.39279544684125,0.495704758454579,0.307,0.254,1
"CFAP92",0.392847906027248,1.88968589886743,0.031,0.01,1
"COL23A1",0.393141419566132,0.301187477231448,0.024,0.047,1
"ORAI2",0.393167684605511,0.233379418554894,0.567,0.513,1
"TMEM161B",0.393210331060587,-0.258366414924153,0.15,0.212,1
"HNRNPA1",0.393306164877842,-0.137678237752235,0.992,0.995,1
"JADE1",0.393314750624623,0.800453957660027,0.142,0.093,1
"LINC02951",0.3935642827893,1.47862120327688,0.031,0.01,1
"ENSG00000267244",0.393637761005075,1.58073903695984,0.047,0.021,1
"TRPV1",0.393664102036692,1.48896332234625,0.016,0.005,1
"SYCE1L",0.393694240578176,0.510543482564935,0.055,0.057,1
"MICB-DT",0.39375091611722,-0.687152316381095,0.016,0.041,1
"UBR2",0.393959828925763,0.144495229320197,0.512,0.549,1
"ENSG00000260927",0.394004992577647,1.65141014515423,0.039,0.016,1
"ENSG00000240591",0.394073276565332,1.04483245633071,0.047,0.021,1
"ZNF696",0.394078446112338,0.678507088242294,0.016,0.005,1
"RSBN1L",0.394174838086952,0.395962902181477,0.441,0.368,1
"ENSG00000226824",0.394257689161955,0.334210300688414,0.354,0.316,1
"SHISAL2A",0.394278454662971,0.555701857867748,0.087,0.057,1
"RNGTT",0.394320037821128,0.346919861099999,0.315,0.269,1
"ZNF610",0.394346476669393,1.30280673087229,0.016,0.005,1
"C10orf95",0.394356192292427,1.24591742784921,0.016,0.005,1
"LINC02256.1",0.394360358290211,0.249867011021336,0.362,0.321,1
"ADAMTS7",0.39437560437915,1.68049437518729,0.016,0.005,1
"ENSG00000288899",0.394608051675117,-0.687644614340785,0.024,0.052,1
"TAOK2",0.394625109788116,-0.606816128007282,0.079,0.124,1
"CIAO2B",0.394673682388022,0.258723957675348,0.756,0.751,1
"CENATAC-DT",0.394723803325826,1.69105067727944,0.016,0.005,1
"RRP9",0.394801835606076,-0.170196925181149,0.063,0.052,1
"CC2D1B",0.394853056599967,-0.478927983299081,0.079,0.135,1
"SRP14",0.394903288092746,0.264090841647439,0.969,0.969,1
"UBE3A",0.395114680609271,0.249871053381621,0.685,0.642,1
"LDAH",0.395133318843606,0.618169273809563,0.094,0.052,1
"RBM44",0.395160334466469,1.05056438376962,0.047,0.021,1
"CDNF",0.395237810761212,1.65066528754608,0.016,0.005,1
"CFAP418",0.395364733560253,1.26647143419495,0.016,0.005,1
"TXNRD1",0.395433014068233,0.218297371337568,0.717,0.715,1
"BTBD3",0.395482917599613,0.565263667958857,0.189,0.14,1
"FAM3A",0.395641273223086,0.573125882060521,0.22,0.166,1
"TOPBP1",0.395750348855682,0.287381405499562,0.323,0.28,1
"UBTF",0.395796262055775,0.47279357298585,0.425,0.352,1
"PRKCI",0.395828970003278,-0.326171093119311,0.354,0.42,1
"UFSP2",0.395871962557398,-0.275599152199266,0.142,0.161,1
"TSPAN32",0.395991927393509,-1.0376073651644,0.055,0.119,1
"SBF2-AS1",0.396056557200624,-0.830609419777615,0.031,0.062,1
"ZBTB44",0.396128479383486,-0.234230358140134,0.354,0.378,1
"SERPINF2",0.396350344424813,-0.597439365771721,0.181,0.228,1
"TRIM61",0.39640785316524,-0.106281213074751,0.063,0.047,1
"IFI44L",0.39642328394277,-0.114372763135401,0.354,0.425,1
"TSTD3",0.396465860501184,0.370815127641944,0.079,0.073,1
"FKBP1B",0.39665695150581,0.579784886739953,0.016,0.021,1
"MEAK7",0.396953680279545,-1.34387914675197,0.008,0.031,1
"JMJD4",0.397044480342353,1.13138023612483,0.047,0.021,1
"DEPTOR",0.397124770193208,-1.70244557098488,0.016,0.041,1
"EGLN3",0.397144394789688,0.505806072192616,0.173,0.135,1
"TAF9B",0.397270449738112,-0.606980293208746,0.063,0.078,1
"LINC01891",0.397430074419115,-1.59070149824101,0.008,0.031,1
"ZNF266",0.397518891186661,-0.320239420767408,0.11,0.114,1
"KLHDC1",0.39759006368186,-1.03031527739613,0.039,0.073,1
"NSMCE2",0.397612364060084,-0.222614432869385,0.394,0.482,1
"GPD2",0.397718423024914,-0.231077958845993,0.165,0.197,1
"ENSG00000290067",0.397798155845934,-0.450750620696704,0,0.01,1
"UBE2Q2P2",0.39785922145172,0.709854170809963,0.071,0.057,1
"PPM1B",0.397931077147675,-0.25990003063672,0.425,0.497,1
"TUBGCP2",0.398033291694709,-0.102870247154867,0.417,0.415,1
"PEBP4",0.398143121189931,1.91717126076983,0.016,0.005,1
"ENSG00000263847",0.398301750255109,1.34234766089031,0.016,0.005,1
"RBAK",0.398428063526905,-0.136850855570939,0.079,0.114,1
"HELZ",0.398523738519343,-0.233061165502885,0.472,0.554,1
"NPIPA9",0.398533671235631,-1.04809224306107,0.016,0.041,1
"KIT",0.398540621439119,1.2259228457558,0.087,0.052,1
"TMEM167B-DT",0.39859528471264,0.604926996593324,0.031,0.016,1
"DPPA4",0.398641187345254,0.432306221198609,0.087,0.083,1
"ZMYM4-AS1",0.398671986842255,1.14195929940507,0.071,0.036,1
"LARP4B",0.398720161468969,0.179801225366602,0.646,0.689,1
"LEKR1",0.398757761468065,0.867560128192556,0.047,0.021,1
"TRPM2",0.398957010406546,0.310371600304191,0.173,0.114,1
"SURF4",0.399253705249415,0.301978803621016,0.591,0.549,1
"RABL3",0.39925557341483,0.39734936606225,0.165,0.15,1
"RBM4B",0.399381842136649,-0.546600244520098,0.165,0.202,1
"ITGB8",0.399428285094583,-0.504011994788767,0.039,0.073,1
"TNFAIP8L2",0.399459256307188,-0.502991078509187,0.039,0.052,1
"ACAD8",0.39948647540381,-1.03099363162412,0.031,0.062,1
"ZNF664",0.39953888727234,0.460551871828738,0.157,0.155,1
"SZRD1",0.399742936761306,-0.141485757828,0.417,0.446,1
"TMEM269",0.399812823578385,1.75442793122227,0.016,0.005,1
"MIIP",0.399842801561189,-0.217747902213483,0.15,0.176,1
"ZNF410",0.399895223054637,-0.309617449958126,0.299,0.394,1
"CLASRP",0.399913122853437,0.4100057529102,0.394,0.332,1
"LY6G5C",0.399991615183766,1.26830373727147,0.016,0.005,1
"NF1",0.400003373653463,-0.263959391022282,0.425,0.528,1
"XPNPEP2",0.400329663996715,1.25369777737585,0.016,0.005,1
"SYNJ2BP",0.400357997401988,0.173868940864285,0.055,0.041,1
"ENSG00000262151",0.400399011169174,0.536544825408067,0.031,0.062,1
"ENTPD1-AS1",0.400405206099877,-0.742762892921955,0.134,0.223,1
"MAP3K12",0.400770413232443,-0.707242501979459,0.024,0.057,1
"DNAH14",0.400957723641124,-0.993502911942943,0.024,0.052,1
"WAPL",0.400997490067617,0.144092433490746,0.661,0.622,1
"POLR2D",0.40112003953142,0.316827370456451,0.244,0.197,1
"MAML1",0.401147168539801,-0.344276134840714,0.276,0.347,1
"RASSF1-AS1",0.401349073469088,1.42803124188017,0.016,0.005,1
"TOX-DT",0.401447411457345,-0.376422692450332,0.024,0.052,1
"ENSG00000289152",0.401589810366574,0.990527859031516,0.087,0.057,1
"ENSG00000290737",0.401784224055801,0.22691428725148,0.134,0.093,1
"ZNF354C",0.40178705597708,-0.865024511643913,0.008,0.031,1
"TOX4",0.401798414861187,0.194521082450956,0.646,0.591,1
"CA6",0.401922932086563,-1.69692806699716,0,0.01,1
"ENSG00000285413",0.402102048883212,1.70121641834848,0.039,0.016,1
"RAVER1",0.402421986537067,0.265109433683326,0.213,0.223,1
"ACIN1",0.402556766261491,0.194267216554482,0.646,0.591,1
"ZNF700",0.402563039419812,1.1028333582621,0.118,0.073,1
"PEAK1",0.402571569412674,-0.245048193691744,0.339,0.425,1
"SLC4A8",0.402600109115114,1.1193944425733,0.039,0.016,1
"TMEM160",0.402660449862798,0.346913173475397,0.386,0.368,1
"VAMP2",0.402693497684741,0.252084682672277,0.551,0.492,1
"WDR49",0.402757233920886,0.541190102801866,0.142,0.093,1
"SLC37A1",0.402781784690719,0.306341752853242,0.307,0.285,1
"ST3GAL3",0.402798523505227,0.77723440782967,0.079,0.057,1
"ZNF709",0.403001986036465,-0.725558236313086,0.039,0.078,1
"WWC3",0.403184044409204,-0.890704916279742,0.055,0.098,1
"NR1H2",0.403275162872193,0.211616004459384,0.701,0.663,1
"NET1",0.403318088459918,-0.582662404690658,0.142,0.202,1
"CHMP1B",0.403471827945752,-0.20943734429364,0.465,0.534,1
"ZFAND4",0.403487545800231,-0.683372590574902,0.063,0.109,1
"H3C12",0.403598422305882,-1.09216186196299,0.016,0.016,1
"SRPRB",0.403800257721359,0.112876414037133,0.142,0.13,1
"BRCC3",0.403824094259946,0.488862690668267,0.213,0.176,1
"MARS1",0.403845802108527,-0.325972432842033,0.331,0.368,1
"ZNF232",0.404165802960484,1.83373914598929,0.031,0.01,1
"LRRC37A3",0.404187409988256,0.428215071279334,0.213,0.166,1
"ENSG00000259007",0.404319875538742,1.36309879881991,0.024,0.01,1
"SMPD4",0.404386091858888,0.379833113752298,0.22,0.171,1
"MIER2",0.404481339171659,0.644958133335548,0.071,0.062,1
"ZNF544",0.404497240120094,-0.23935084994124,0.055,0.078,1
"PIP4K2C",0.40453383860646,1.21470462736424,0.063,0.036,1
"FKBP2",0.404544323366625,0.28166009510368,0.693,0.653,1
"NFAM1",0.404554196457629,1.17921396178653,0.031,0.016,1
"MOB3B",0.404632277700486,0.383438518968767,0.11,0.114,1
"TNPO3",0.40483696815592,-0.182057743387043,0.299,0.373,1
"PHACTR2",0.405199944961075,-0.500062236818278,0.189,0.254,1
"TMEM238",0.405224843174534,-0.846030495562623,0.063,0.124,1
"WDR1",0.405359219032328,0.199442096807285,0.882,0.855,1
"SLC15A2",0.405396440995801,0.722953122729893,0.079,0.047,1
"TESMIN",0.405560714332864,-1.48670812925634,0.008,0.036,1
"ERCC6L2-AS1",0.405667762002735,0.540214561027375,0.15,0.098,1
"ATL3",0.405936069631623,0.598284981798503,0.22,0.176,1
"ADCK2",0.406130870872536,0.447197411537514,0.22,0.166,1
"NPHP3",0.406244579987591,0.529415658531107,0.181,0.135,1
"SF3B4",0.406331598134844,0.172964432569489,0.63,0.622,1
"GPCPD1",0.406355536350626,-0.397831501055483,0.307,0.399,1
"ZNF814",0.406376844076161,0.488703975256376,0.134,0.119,1
"TRH",0.406393096492719,-2.12949685197577,0.016,0.047,1
"UBXN11",0.406411668828854,0.163284508512931,0.142,0.135,1
"FYTTD1",0.406455474870428,-0.268504478072761,0.661,0.71,1
"LINC00685",0.406766766229722,-1.15267640529489,0.016,0.041,1
"ICAM4",0.406824816495186,-0.99724140141175,0.016,0.031,1
"TRPC4AP",0.406830270752125,-0.266549179810122,0.433,0.513,1
"LONRF3",0.406845059528033,-1.08266368558534,0.047,0.062,1
"KMT2C",0.406869847100226,-0.15046980678656,0.74,0.819,1
"AGPAT1",0.406954607349277,-0.62291914506227,0.102,0.171,1
"RNF19A",0.407028453245743,0.480360585028773,0.386,0.347,1
"TESK1",0.407059259464337,0.65510180728843,0.189,0.145,1
"ZBTB10",0.407102239033661,-0.157626002062307,0.173,0.171,1
"NDUFB11",0.407105780565548,-0.118103857428311,0.858,0.886,1
"ENSG00000265334",0.40714533422493,-1.25751072210522,0.008,0.026,1
"PPP6R2",0.407460848379875,0.368908077296065,0.433,0.394,1
"RAB3D",0.407580423101683,-1.33009725488223,0.016,0.041,1
"NR1H3",0.407696323370645,-1.20171112533928,0.008,0.031,1
"ARHGAP21",0.407959192193176,0.230862652129737,0.205,0.218,1
"ZNF182",0.408052415216377,1.20196568170783,0.094,0.062,1
"TSNAX",0.408062643438569,0.553771342090914,0.213,0.166,1
"ZNF217",0.408072519392858,-0.206988842425393,0.386,0.394,1
"SYNE2",0.408434081093469,-0.994457666984322,0.008,0.031,1
"LSS",0.408745705724879,0.979305312943313,0.071,0.036,1
"MITD1",0.40878466879604,0.475413389647408,0.252,0.223,1
"LINC00910",0.408812851654479,-0.27030993047105,0.15,0.145,1
"USP14",0.408854039755847,-0.166677846899279,0.512,0.539,1
"USP18",0.408864663821838,0.951895069282628,0.102,0.062,1
"MFSD14A",0.408996592232499,0.128529135736627,0.307,0.28,1
"CPD",0.409130016664875,-0.114594304669492,0.197,0.264,1
"LINC01725",0.409136888602819,1.06579715505687,0.055,0.036,1
"TOE1",0.409183842916105,0.258663714717722,0.094,0.114,1
"ARAF",0.409275226090687,0.226927877829188,0.465,0.425,1
"QPCT",0.409459140430604,0.58843336511454,0.071,0.047,1
"ATP2C1",0.409551289641987,-0.181110086128732,0.504,0.544,1
"EPAS1",0.409596732498211,-0.7980610681374,0,0.01,1
"TTN",0.409883413643306,-0.991748976844622,0.039,0.073,1
"GORASP1",0.409961740730974,0.790101295471078,0.142,0.104,1
"RNF8",0.410065936834298,-0.490031435462448,0.079,0.13,1
"TRIP11",0.410093848304115,0.438435512225432,0.37,0.347,1
"PCLAF",0.410213354420761,-0.916358930974849,0.024,0.026,1
"PCF11",0.41026404626294,0.361300258604021,0.504,0.451,1
"RABIF",0.410331498647689,0.387695581223963,0.354,0.301,1
"IZUMO4",0.410457313559665,-0.253482770597796,0.071,0.104,1
"MUTYH",0.410558045080572,-0.544459506898259,0.071,0.083,1
"SLC1A3",0.410569340129375,0.703483315012043,0.039,0.021,1
"BTF3L4",0.410816523406365,0.178396566150907,0.457,0.472,1
"KIAA1522",0.410873704967927,-0.488514158739268,0.102,0.14,1
"ENSG00000291171",0.410916434092471,0.732891629369213,0.157,0.124,1
"TK2",0.410963037042525,0.621975395932793,0.142,0.104,1
"LINC01145",0.411041831582212,-0.778564455011872,0.039,0.078,1
"CCNC",0.411102526156469,-0.293650941510281,0.354,0.43,1
"CGRRF1",0.411239583080459,-0.220409436216973,0.173,0.202,1
"SMIM11",0.411320337909617,-0.556391911585059,0.102,0.14,1
"HELQ",0.411323679109097,-0.458057178902941,0.102,0.15,1
"ZDHHC5",0.411365942679099,0.299894008767424,0.323,0.28,1
"SIKE1",0.411697028931033,-0.524548711256127,0.173,0.223,1
"RBM38-AS1",0.411729900324964,1.82394353190268,0.031,0.01,1
"HERC2",0.411822473115309,0.478656398384004,0.165,0.124,1
"RARA-AS1",0.412328136140098,-0.804417186181222,0.055,0.088,1
"MTPAP",0.412368551758853,-0.639219744506153,0.047,0.083,1
"KIAA0040",0.412580177870679,0.668133259723067,0.142,0.098,1
"BICD1",0.412705271075669,-0.191819767440623,0.173,0.228,1
"SAP30L",0.41271577404121,0.344919216488564,0.354,0.295,1
"DPY19L2",0.412719518397148,-1.17334400639311,0.008,0.031,1
"POGZ",0.412892519332114,-0.311565094719303,0.433,0.503,1
"GTF3C3",0.412929327452105,-0.211446866985288,0.157,0.171,1
"WDSUB1",0.412932671438531,0.228878035372663,0.213,0.161,1
"CCR5",0.412965042313461,-0.752079402648075,0.087,0.15,1
"TBRG4",0.413212674367072,-0.498338816184783,0.165,0.223,1
"GNB1",0.413222512057335,0.176823138669679,0.921,0.912,1
"ENSG00000247679",0.41323251843539,1.35632798117042,0.047,0.021,1
"MTMR9",0.413304510600458,-0.403537699267235,0.15,0.228,1
"SUSD3",0.413359713513302,-0.878488831665787,0.031,0.052,1
"NLRP1",0.413798559034017,-1.1825061836094,0.063,0.119,1
"CALCOCO2",0.413826744349618,-0.239765234510125,0.394,0.435,1
"NBPF1",0.413851827774343,-0.535871170095103,0.071,0.119,1
"PRDX2",0.414107492928795,-0.681787480399492,0.142,0.197,1
"GPHN",0.414417797357599,-0.653530357019889,0.11,0.161,1
"GGA1",0.414534230513849,0.150852486405187,0.283,0.254,1
"UNC5D",0.414559341861999,1.45844597498359,0.039,0.016,1
"TLCD3A",0.414646708578586,-1.06319582009413,0.008,0.031,1
"CSF3R",0.41466935696071,0.15263958536341,0.22,0.249,1
"TM9SF4",0.414761215023117,-0.374472065516147,0.205,0.264,1
"WDR3",0.414912528525816,-1.16951374209459,0.016,0.041,1
"SNX3",0.414934406033618,-0.164227893692806,0.906,0.922,1
"TCEA3",0.415034969181415,-0.168572343341339,0.016,0.036,1
"MIEF1",0.415265176397814,0.494913085370685,0.165,0.119,1
"ENSG00000288531",0.415277375780466,1.63558303073791,0.039,0.016,1
"KCNK6",0.415281034754311,0.302296372628378,0.165,0.14,1
"RRS1",0.415444393803834,-0.241619145714615,0.087,0.124,1
"LXN",0.415556978613759,-0.385696847489304,0.071,0.088,1
"KLF9",0.415582280212377,0.201488772895158,0.181,0.161,1
"ZNF419",0.415642339143045,0.43003023462808,0.063,0.041,1
"ARHGAP32",0.415660651775365,0.496871130766248,0.165,0.14,1
"EFCAB2",0.415702803621628,-0.429463176747128,0.228,0.264,1
"FAM107B",0.415919762727295,-0.179842239934646,0.724,0.803,1
"ECT2",0.416012899067347,1.37617971101325,0.047,0.021,1
"AP2M1",0.416176455983107,0.158171490477699,0.701,0.71,1
"ZMPSTE24",0.416321790177199,0.456638076832117,0.283,0.233,1
"PSMD11",0.416418349979671,-0.10438707972186,0.614,0.648,1
"CYSTM1",0.416522610594458,-0.205920536388781,0.551,0.632,1
"MMS19",0.416669582909222,0.333002362505407,0.165,0.124,1
"C11orf96",0.416671157325332,0.852750453941058,0.024,0.026,1
"CTSO",0.416742839320231,0.831501362530308,0.094,0.057,1
"ENSG00000234428",0.416795945760328,-1.22659314557334,0.008,0.026,1
"NUFIP1",0.41682603321589,0.184354408720565,0.094,0.088,1
"RNF111",0.416829459694145,0.11941878608228,0.504,0.472,1
"ZNF777",0.416909105354878,-0.109633243128361,0.031,0.052,1
"ZNF254",0.416918383925115,0.203228648352261,0.213,0.218,1
"EEFSEC",0.416963850538269,0.627437475388963,0.15,0.104,1
"GTF2IRD1",0.41699623052262,0.814115104432381,0.063,0.041,1
"HMGA1P4",0.417075354869365,0.768332022494943,0.087,0.057,1
"TXN2",0.417100253361005,-0.178747410310619,0.362,0.44,1
"ZNF550",0.417203836027527,-0.830662608205703,0.024,0.052,1
"PPAN",0.417229562551209,0.433971412978059,0.181,0.171,1
"NOPCHAP1",0.417276470070611,-0.120218054568072,0.583,0.56,1
"ACTR6",0.417339668655591,0.392474175177358,0.236,0.181,1
"MICAL1",0.417437042645616,-0.248449311212288,0.37,0.456,1
"SNX6",0.417452967621542,0.256741701474666,0.654,0.617,1
"UQCRC2",0.417548682629551,0.102803379503175,0.575,0.539,1
"VIPR1",0.417710408350333,-1.19785905906546,0.008,0.031,1
"GNG2",0.417765407999857,-0.206488494946231,0.409,0.404,1
"GPR107",0.417848477630092,0.319600754538413,0.268,0.228,1
"WDR33",0.41788358066644,-0.158502356185085,0.614,0.71,1
"NR2C2",0.418009920150832,0.106945816875113,0.417,0.378,1
"ENSG00000267598",0.418128813690008,0.915838593089025,0.031,0.041,1
"BRWD1",0.418220853638383,-0.254644264539574,0.496,0.58,1
"GON4L",0.418394263526382,0.3023797242902,0.433,0.389,1
"EME2",0.418406797022522,1.12804822725484,0.063,0.041,1
"RAPH1",0.418626287676299,-0.211662127706355,0.236,0.249,1
"MAU2",0.418655448994238,-0.203905741860905,0.197,0.249,1
"ENSG00000285454",0.418706131791343,1.10364432516688,0.071,0.036,1
"ENSG00000279277",0.418870273183216,0.930648328147014,0.031,0.01,1
"LCMT1",0.418899195124543,-0.180509101012166,0.118,0.114,1
"ALG1L2",0.418958997868776,-0.663752911253172,0.024,0.052,1
"CARD11",0.418995531668114,0.330340558695035,0.575,0.528,1
"IGBP1",0.419055942276864,0.22061950188311,0.559,0.497,1
"PARP14",0.419118968480577,-0.436572673564498,0.331,0.425,1
"PHF14",0.419194920167101,-0.128926011111197,0.472,0.456,1
"LIPA",0.419197774124078,-0.359645248237724,0.15,0.202,1
"UBE2R2",0.4193323091041,-0.115770262454429,0.772,0.777,1
"DNASE1",0.419403965057231,-0.25602437103547,0.071,0.088,1
"FAM91A1",0.419491508940675,0.473214700352539,0.268,0.223,1
"PDK1",0.419702199278612,-0.912080176525051,0.031,0.073,1
"MYO15B",0.419773806600994,0.590085079094272,0.189,0.14,1
"PSMA2",0.419808556321885,-0.157943321835394,0.78,0.824,1
"DEDD2",0.420117100423942,0.448663248408195,0.378,0.316,1
"VPS13B-DT",0.420117306899646,0.804966234783039,0.087,0.057,1
"CUBN",0.420133069188349,0.4859069935986,0.11,0.073,1
"NCDN",0.420244783349349,0.673009734779827,0.016,0.01,1
"BLTP2",0.420350388825465,0.479471232349937,0.346,0.285,1
"ZNF169",0.420501010744521,-0.937907595390254,0.063,0.098,1
"SPRYD7",0.420576697227019,0.121911770934862,0.063,0.073,1
"GABPB1-AS1",0.420713296606912,0.3118758807038,0.283,0.223,1
"SREBF2-AS1",0.420778760560128,0.181167570930208,0.031,0.01,1
"ENDOD1",0.420784118470436,-0.255995192319629,0.016,0.036,1
"LRRC25",0.420867460019717,0.158952596771867,0.236,0.197,1
"MCRS1",0.42092828752877,0.11282710676353,0.283,0.306,1
"MXD1",0.420997506879081,-0.451506193167851,0.425,0.456,1
"C17orf75",0.421060943233961,1.09414107124624,0.055,0.026,1
"ENSG00000257083",0.421086596256196,1.03025604854526,0.039,0.016,1
"KIF20B",0.421192948144705,-0.186069858893073,0.134,0.124,1
"EIF5B",0.421403077644242,0.30950841506963,0.614,0.585,1
"NIPBL-DT",0.421490064251356,-0.245869292469086,0.063,0.109,1
"PDHX",0.421491569644866,-0.46797924100064,0.134,0.197,1
"ERCC5",0.421621029448977,0.425224540362355,0.323,0.275,1
"HCLS1",0.421786865500547,0.188891247418948,0.74,0.72,1
"TWSG1",0.421838019088981,-0.478005595966946,0.181,0.218,1
"ATP11A",0.422236805356791,0.549791432048464,0.165,0.13,1
"RAD1",0.422484539256037,-0.447004690894133,0.079,0.119,1
"TNFRSF18",0.422596817008187,0.905645598862831,0.118,0.13,1
"NCBP2AS2",0.422841768392982,0.310837475520082,0.362,0.301,1
"ZNF443",0.422932606047727,0.976418084316522,0.031,0.01,1
"TCF20",0.423000336184663,-0.565440439679517,0.11,0.15,1
"TMCO1",0.423090548860512,0.411896456333403,0.37,0.342,1
"PELO",0.423188001466307,0.701012341190304,0.11,0.083,1
"SNX24",0.42319544404879,0.950709566061352,0.055,0.031,1
"DUSP5-DT",0.423207343680655,0.608548976006036,0.024,0.01,1
"PECAM1",0.42322698693226,0.715830037520736,0.244,0.181,1
"SLC25A42",0.423240324767562,1.07704803715608,0.047,0.021,1
"MLST8",0.423410139854357,0.584837967827767,0.134,0.104,1
"VEGFA",0.42343220322018,-0.701819836314694,0.299,0.404,1
"MERTK",0.42377796743855,0.783091960474807,0.031,0.01,1
"LSM14A",0.424016573736846,0.209246047925732,0.661,0.679,1
"PPM1M",0.424054715384072,0.165439372537265,0.173,0.15,1
"NFATC2IP",0.424057387806515,0.340792495085087,0.394,0.358,1
"ENSG00000287691",0.424114034964523,-0.963453048910667,0.055,0.083,1
"ATXN7L2",0.424132882980424,-0.241192781530012,0.024,0.052,1
"RAC1",0.424299516443636,-0.131638024710968,0.976,0.969,1
"PCGF1",0.424385259180558,0.141982578382033,0.157,0.135,1
"BZW2",0.424526798442748,-0.484753088707317,0.205,0.29,1
"TXNDC11",0.424601705991738,-0.594403133509039,0.268,0.358,1
"TFDP2",0.424635522558831,-0.353969145824534,0.299,0.358,1
"FAM219B",0.424683688145918,0.461754018818742,0.181,0.145,1
"ELOB",0.424757543891001,0.153553733091394,0.913,0.912,1
"ZBTB11",0.424789511083744,0.242899264459425,0.26,0.275,1
"PCYT2",0.424899231860637,0.376199588268526,0.055,0.031,1
"ZCCHC8",0.424915292492897,0.282095399985273,0.346,0.306,1
"HMGCS1",0.424939132730384,-0.659753494261323,0.213,0.28,1
"CIAPIN1",0.425208662052332,-0.291050835299474,0.181,0.249,1
"RCAN3",0.425213879931416,-0.172918224707423,0.228,0.244,1
"ENSG00000231128",0.425434773840693,-1.02702355071247,0.047,0.088,1
"DMXL1",0.425456250743821,0.182279634713221,0.441,0.394,1
"FAM104A",0.42593659799331,-0.385211151126435,0.213,0.28,1
"NUSAP1",0.426055549668752,-0.488886452534846,0.047,0.057,1
"SNX12",0.426239463490238,-0.515534342251433,0.079,0.13,1
"ENSG00000258800",0.426538818266117,-1.37678135625999,0.008,0.026,1
"MED11",0.426640253643623,-0.592769249492392,0.094,0.13,1
"FILIP1L",0.426722725404706,-0.293663584236941,0.157,0.161,1
"SMIM27",0.426740296301471,0.564587578233068,0.165,0.119,1
"LSM4",0.426801304907698,-0.297144884993196,0.402,0.456,1
"ZFP90",0.426839851875837,0.516568954479974,0.11,0.098,1
"REEP5",0.426991533942081,0.177122510934427,0.693,0.632,1
"H3C3",0.427010206486906,-2.29535308186979,0.008,0.026,1
"ENSG00000291099",0.427083354883274,-0.309899772901882,0.008,0.01,1
"CCDC122",0.427158649395963,1.0757363344347,0.071,0.036,1
"LPXN",0.427243330767513,0.171904129273825,0.835,0.788,1
"FN3K",0.427284390240185,-0.832686905554641,0.016,0.036,1
"ZNF414",0.427442410966126,0.69575253480629,0.181,0.14,1
"ADAR",0.42757999207099,0.226930846281162,0.732,0.731,1
"PICK1",0.427664108955274,0.94215125978692,0.055,0.031,1
"TRIM38",0.427741482840542,-0.124905418580622,0.449,0.539,1
"ZNF512",0.427801283789049,-0.348771696891355,0.094,0.114,1
"RPUSD1",0.427900704341432,0.437324029649642,0.181,0.166,1
"MSL2",0.428108703237593,0.666372667139558,0.268,0.218,1
"RAB1B",0.428138109160034,0.198012335440549,0.575,0.513,1
"DCAKD",0.428413943333691,-0.519955051884781,0.063,0.093,1
"ZHX2",0.428458351798787,-0.352955338350115,0.417,0.492,1
"UBE2D2",0.42850329820101,0.164257872593188,0.969,0.943,1
"CEP152",0.428506748951413,0.398661861000558,0.055,0.052,1
"PRPF40B",0.428608351958791,0.694614084930458,0.094,0.062,1
"XAB2",0.42866883299412,0.103939754439305,0.378,0.352,1
"OTUD3",0.428974391940117,0.757166101425903,0.087,0.057,1
"ENSG00000287168",0.429034917871917,-0.818789553723733,0.016,0.041,1
"RAB21",0.429070507740245,0.241521961355329,0.669,0.632,1
"ATF6B",0.429088331983705,-0.141212501184463,0.276,0.342,1
"GPSM1",0.429139628822994,-1.15177491792348,0.031,0.062,1
"MARCHF8",0.429146072207622,-0.53777856029371,0.102,0.145,1
"C6orf136",0.429234549782501,0.240964512184308,0.087,0.109,1
"AAR2",0.429393321193449,-0.261177998586569,0.173,0.223,1
"TOMM20",0.429601684236261,0.104580393359915,0.819,0.782,1
"CYB5R3",0.429682992062151,0.169182265801152,0.669,0.668,1
"ARRDC4",0.429725179181086,0.796262903529255,0.047,0.026,1
"CD99L2",0.4297617487856,0.528252520651087,0.087,0.057,1
"CD93",0.429776711857268,-0.241569385800624,0.205,0.207,1
"FBXL20",0.429895366709469,0.122654889979436,0.323,0.378,1
"NKD1",0.430326468649109,-0.89456555410333,0.024,0.047,1
"MAP1LC3B",0.430494978515918,0.166730308375045,0.85,0.855,1
"TBC1D9",0.430516201939498,-0.410236109557401,0.11,0.15,1
"ENSG00000254682",0.43055591114445,-0.930964484716688,0.008,0.026,1
"ZZZ3",0.430581054349034,-0.246569369396804,0.252,0.321,1
"FAM172A",0.430697326942313,0.453704604506052,0.307,0.259,1
"TP53TG5",0.430875497107833,0.713707431266059,0.039,0.021,1
"GOLGA5",0.431004652585336,0.437178434591637,0.197,0.161,1
"TMEM273",0.431008019851957,-0.104443517006468,0.228,0.223,1
"C14orf93",0.431049047321436,0.706048932828564,0.087,0.057,1
"DGAT1",0.431070598431047,0.179490786296029,0.189,0.223,1
"COX10-DT",0.431098711909471,-0.884626362055678,0.031,0.073,1
"ENSG00000255670",0.43113067120169,0.768952690679471,0.016,0.016,1
"RSPRY1",0.431241287770636,0.314917755744974,0.339,0.28,1
"ACTA2",0.431263258433596,1.32083611062689,0.039,0.016,1
"PEF1-AS1",0.431273044747302,0.685512077954044,0.024,0.01,1
"ZDHHC2",0.43133221595427,-0.127832052096614,0.22,0.249,1
"ENSG00000287553",0.431352997821863,0.780660830256325,0.016,0.01,1
"PRPF39",0.431370385565225,0.280086169798631,0.236,0.181,1
"MAIP1",0.4316264843706,0.416211735646125,0.244,0.202,1
"TCTN3",0.43162794647534,-0.321289314713247,0.244,0.332,1
"SLC25A34",0.431628038660576,0.50642159886866,0.016,0.01,1
"TGFBI",0.431682720494667,-0.216939961843859,0.591,0.591,1
"EOLA2",0.431727449598441,0.383299410883046,0.268,0.244,1
"NOLC1",0.431849273227631,0.283213843029485,0.331,0.326,1
"HERC2P9",0.432001329158333,-0.813434839175992,0.016,0.036,1
"ENSG00000290399",0.43200608423954,-0.277446158198924,0.008,0.026,1
"TLR7",0.432049980176823,0.726028375754764,0.197,0.135,1
"TGIF2",0.432119009768441,0.240459014158382,0.52,0.497,1
"PPT2",0.432341929584011,-0.672295336230917,0.079,0.119,1
"ENSG00000290784",0.432377923424895,-0.138183160385113,0.039,0.073,1
"R3HDM2",0.432462183714474,0.39678355597598,0.362,0.326,1
"PPP2R2D",0.432538850142918,0.361972762775078,0.37,0.347,1
"PTGR3",0.432574213795714,-0.166905831962559,0.071,0.114,1
"ENSG00000290689",0.432607292260625,-1.03123161590212,0.016,0.041,1
"SENP1",0.432634104098977,0.561307485125179,0.205,0.176,1
"MYO5C",0.432676234969977,-0.415250783075888,0.024,0.052,1
"DNAJB14",0.432748528789724,-0.223351427121429,0.409,0.508,1
"COTL1",0.432750272447693,-0.51194501457512,0.433,0.549,1
"MIX23",0.432757650993852,-0.961289913020907,0.024,0.052,1
"SLAIN1",0.432777371591009,0.543667974275907,0.173,0.119,1
"LINC03076",0.432838367931918,0.618068359994402,0.102,0.067,1
"TCEA1",0.433007048384838,0.275913771845482,0.646,0.627,1
"MISFA",0.433121650091029,1.29553268220725,0.039,0.016,1
"INIP",0.433125187963461,-0.263942720674275,0.142,0.166,1
"AGER",0.43318375663565,-0.280338790360681,0.055,0.093,1
"PLEKHA8",0.433297577439558,0.853703051230311,0.079,0.052,1
"CAMK1D",0.433422951634842,-0.140261839733446,0.63,0.72,1
"TMPRSS9",0.433441145626573,0.575283098527822,0.016,0.01,1
"ARHGAP5",0.43354209231146,0.153762851700865,0.465,0.503,1
"GFOD2",0.433548983300026,0.624632942882612,0.126,0.098,1
"GOLGA7",0.433582203789117,0.406484378135564,0.346,0.29,1
"RRP7A",0.434207937062237,0.2534614196274,0.283,0.311,1
"NSDHL",0.434430829323782,0.68571956769751,0.11,0.073,1
"CCPG1",0.434540304717283,-0.339191904400868,0.205,0.28,1
"PPIL1",0.434573075798931,0.558443462431142,0.071,0.041,1
"ATG16L2",0.434681791938408,0.307568582728193,0.409,0.383,1
"ENSG00000265987",0.434723276544676,1.27919344575826,0.047,0.021,1
"TNFRSF9",0.43475300165795,-0.163440235324341,0.031,0.052,1
"ENSG00000288934",0.434809105510918,-0.937019573059367,0.008,0.026,1
"KMO",0.4348990250644,0.410823485221897,0.307,0.238,1
"SLC30A4",0.435027833977969,-0.683392191510034,0.071,0.104,1
"PKP4",0.435082418146552,-0.393905968060416,0.087,0.109,1
"CARD11-AS1",0.435177448344282,-1.17742841109932,0.024,0.047,1
"BCL10-AS1",0.435257678185762,1.03824133355435,0.071,0.067,1
"C8orf33",0.435285208650813,0.513916794211304,0.165,0.14,1
"EIF1AY",0.435336399834378,-0.225258862482338,0.276,0.337,1
"VIM-AS1",0.435350713624062,-0.332500591226893,0.465,0.513,1
"LINC01376",0.435434211209597,-1.40613519965766,0.008,0.026,1
"MRPS31P5",0.435458106389908,0.942362867529377,0.087,0.052,1
"KLC4",0.435899625215797,-0.5253065312161,0.055,0.093,1
"C1QTNF7-AS1",0.436045397140187,-0.792787082122334,0.055,0.098,1
"SMAGP",0.436145429308655,-0.663511036831733,0.016,0.021,1
"CTNND1",0.436282828401593,0.212603303543616,0.598,0.549,1
"SFSWAP",0.436332153846676,0.180377612333813,0.449,0.399,1
"CNPPD1",0.436381015121262,0.219180202346823,0.567,0.549,1
"ENSG00000272800",0.436386668644188,1.27283043916439,0.039,0.016,1
"NTAN1",0.436409644919488,0.414468654876929,0.26,0.244,1
"PAXIP1",0.436457570840221,-0.654554606204436,0.055,0.093,1
"PPP1R37",0.436501454115428,0.520070195192671,0.118,0.078,1
"SYNJ1",0.43650253317054,0.331335048409832,0.268,0.238,1
"PDGFB",0.436656521950655,0.548441222792962,0.26,0.192,1
"ZNF671",0.436669324644943,0.499200738032284,0.079,0.047,1
"BCL2L1-AS1",0.436833640876992,2.26955779966039,0.031,0.01,1
"PPP1R3E",0.436972996898912,-0.912704177985539,0.039,0.067,1
"PLAA",0.43707664835492,0.353090976683669,0.268,0.249,1
"P2RY6",0.437124987287776,0.288121653299793,0.591,0.565,1
"CSNK1D",0.437127925307013,-0.232623756229604,0.638,0.725,1
"C11orf58",0.43716925416397,0.127029183469062,0.835,0.87,1
"FBXO8",0.437223910003433,-0.49849238810725,0.118,0.166,1
"H2AC11",0.437440411184875,-0.866335029982395,0.031,0.062,1
"MTHFSD",0.43746767573529,-0.913532353550066,0.016,0.041,1
"LSM2",0.43746791237937,-0.205058013681199,0.386,0.415,1
"SPSB1",0.437704710897756,-0.321359137659797,0.118,0.14,1
"BSDC1",0.43771663360097,-0.211462185716693,0.26,0.301,1
"RBM12B",0.437900818760077,-0.255883053870841,0.094,0.109,1
"TBL3",0.43795367438495,-0.662814688829008,0.094,0.135,1
"ALOX5",0.43812985249066,-0.327960166768774,0.213,0.301,1
"SLC7A6OS",0.438363549248994,0.441326154146817,0.283,0.223,1
"DDX18",0.438406579180683,-0.122876362943083,0.425,0.487,1
"FAM216A",0.438494198675422,0.399237339187482,0.055,0.036,1
"HNRNPM",0.438596931521034,-0.217957011114075,0.669,0.756,1
"RASD1",0.43874833700125,0.776669244312779,0.118,0.073,1
"CAMTA1",0.438837125799152,-0.100997853865452,0.638,0.648,1
"IPCEF1",0.43901347822623,1.08796744393652,0.039,0.026,1
"IFI30",0.439412822194377,-0.180292958531824,0.433,0.523,1
"MIB1",0.439455640951717,-0.203607302105426,0.213,0.223,1
"NUP98",0.439480121493901,-0.184885478549413,0.496,0.534,1
"TAMM41",0.439921769699887,0.108789804710885,0.063,0.052,1
"CAVIN2",0.440169114995494,-1.11324624853088,0.016,0.036,1
"DUSP12",0.440249312700712,-0.17205372302316,0.181,0.181,1
"LRRC14",0.440301754519729,0.550866038691292,0.094,0.078,1
"STT3B",0.440336907896876,-0.128132926522382,0.52,0.591,1
"LINC00877",0.440386588903433,0.812053697284931,0.157,0.135,1
"NBPF11",0.440506704566945,-0.393438011559972,0.142,0.176,1
"RFXANK",0.440684147144735,0.45378133209515,0.26,0.202,1
"DR1",0.440723557168884,0.219330383363751,0.528,0.487,1
"KIF22",0.440747074420072,0.489072474174264,0.15,0.109,1
"PPRC1",0.440782090164346,-0.653072411983645,0.134,0.192,1
"PLAU",0.441045857782845,-0.492746921012754,0.055,0.036,1
"RIMOC1",0.441105824406033,0.206011010755445,0.181,0.187,1
"NAXD",0.441130150738416,-0.48939442526499,0.102,0.145,1
"ANKIB1",0.441285604757158,0.350819726674902,0.417,0.363,1
"CYSLTR2",0.441295089633357,-1.97984107808328,0.016,0.047,1
"TPTEP1",0.441328799858749,-0.46597197901213,0.094,0.145,1
"CRTC1",0.441363962072235,0.474975434600144,0.15,0.119,1
"TRIM56",0.441380459550714,-0.407224408855341,0.213,0.244,1
"RBM7",0.441411525106583,-0.223209737359969,0.315,0.352,1
"FEM1A",0.441424474248208,-0.321279035009684,0.087,0.093,1
"TMEM68",0.441506511350738,0.390060220494715,0.11,0.098,1
"AGBL5",0.441533825346091,-0.596849295514421,0.047,0.093,1
"CAND1",0.441617161822346,-0.197780002533136,0.417,0.456,1
"ZCCHC9",0.441657673039122,-0.51974087756183,0.102,0.145,1
"MTSS1",0.441695741298236,0.381895772699502,0.15,0.13,1
"GSAP",0.441719520547854,-0.197422383895688,0.087,0.083,1
"EREG",0.441777460770674,-0.955867345095301,0.126,0.192,1
"EVI2B",0.441805862234425,-0.1204445732278,0.591,0.585,1
"CASP8AP2",0.441822417932922,0.645704332221303,0.181,0.13,1
"IGHA1",0.441862059567653,-1.25478836430951,0.008,0.026,1
"ENSG00000270659",0.441973913720777,-0.19073655689717,0.016,0.036,1
"RTL6",0.442014657845738,-0.791279266001492,0.047,0.093,1
"NMRK1",0.442124219911565,0.486406777574589,0.181,0.13,1
"TNFAIP8",0.442169284896754,-0.329446596460653,0.606,0.611,1
"NREP",0.442270330084332,-0.297687239316931,0.205,0.264,1
"LRPPRC",0.442316319948663,0.184832528095286,0.339,0.29,1
"EVA1C",0.442326995403162,-1.02508134021331,0.008,0.026,1
"SREBF1",0.442382116642834,0.254194185797956,0.205,0.207,1
"FBXL3",0.442620960583165,-0.225065505398202,0.331,0.383,1
"FAM83D",0.442960666265216,-0.109242696601837,0.031,0.041,1
"FAM20C",0.443007945479131,-0.152377779377855,0.094,0.119,1
"EPHB1",0.443440814778277,0.43020015590034,0.205,0.14,1
"GSTO1",0.443494099092225,-0.204553904736282,0.567,0.668,1
"TMED10",0.443572664798551,0.175495641282672,0.74,0.746,1
"ITGA4",0.443587974078809,-0.311312307958688,0.291,0.358,1
"MYO7B",0.443662780538595,-0.637049761377216,0.024,0.052,1
"OSBP2",0.443751191060228,-0.640930905942571,0.071,0.098,1
"ZNF197",0.443848844713877,0.142551608958557,0.087,0.073,1
"TAGLN2",0.443921758892996,0.114367426399783,1,0.995,1
"ZSCAN18",0.444055572661726,-0.425635867727803,0.071,0.098,1
"GOSR2",0.44419297884161,-0.159284109863035,0.283,0.311,1
"ENSG00000250132",0.444386705989062,1.28981652536153,0.024,0.01,1
"ZNF235",0.444396416181175,0.809619753953129,0.11,0.073,1
"ME3",0.444459991463966,-1.43112941245124,0.024,0.052,1
"ARFIP1",0.444476523218083,-0.780468704888191,0.11,0.176,1
"NEIL2",0.444517352071187,-1.05800641792829,0.008,0.021,1
"SCAT1",0.444627676994602,-1.08155400060797,0.016,0.041,1
"SCML1",0.444688542940174,0.620245784433933,0.134,0.13,1
"COX15",0.444734130070709,0.635535023398086,0.071,0.047,1
"TGIF1",0.444818658118822,-0.128543610623598,0.283,0.352,1
"KIFC1",0.444830646435287,0.423741080894482,0.031,0.026,1
"DUSP6",0.444865104131934,-0.748613330507243,0.047,0.083,1
"DTX2",0.445335251996283,0.288314165218224,0.299,0.249,1
"SCYL2",0.44536651394208,-0.219146360900848,0.378,0.466,1
"CCSAP",0.445401360068712,-0.132353520656485,0.094,0.109,1
"TMEM14A",0.445548319936386,0.672397840860111,0.071,0.047,1
"MASTL",0.445833913495189,-0.639219984936788,0.039,0.057,1
"BCAS3",0.445894066419817,-0.295807690460905,0.213,0.264,1
"SRSF8",0.445948832912365,-0.267689745583635,0.22,0.28,1
"CTBP1-DT",0.446079894857983,-0.935070078171079,0.016,0.041,1
"MCTP2",0.446171680065392,-0.894730516083566,0.063,0.114,1
"PANK2",0.446195137320744,-0.176990081024278,0.346,0.425,1
"RO60",0.446206997690427,0.290937323584042,0.543,0.482,1
"RNF146",0.446273175386662,0.248676914470127,0.252,0.238,1
"TEX14",0.446379397958838,-0.523064884819342,0.126,0.114,1
"VRK3",0.446440067201639,-0.335879425109967,0.22,0.264,1
"HDAC2",0.446500176034567,0.314467268716411,0.567,0.508,1
"DIAPH2-AS1",0.446567508180354,0.907134563155187,0.031,0.016,1
"CEP85",0.446581537908084,0.244728588579321,0.102,0.078,1
"AAMDC",0.446647243601235,-0.346469891646204,0.087,0.124,1
"SLC35C1",0.44679288992245,0.279835028454649,0.102,0.093,1
"IFIT5",0.446795278994131,-0.831768057277252,0.063,0.093,1
"MYCBP2",0.446948984737733,-0.224771713806826,0.449,0.544,1
"BMERB1",0.447074684737017,-0.650791078577906,0.024,0.052,1
"ZXDA",0.447126076781349,1.23358211073315,0.039,0.021,1
"CDH23",0.447172250173054,0.154296576157884,0.11,0.124,1
"TMEM69",0.447468150086272,0.306104610233295,0.205,0.176,1
"EDEM3",0.44758771016923,-0.303819860609562,0.315,0.373,1
"LMO4",0.447695311359138,-0.453393934744386,0.189,0.218,1
"ATF4",0.44790773550846,-0.13924709084252,0.591,0.622,1
"MPZL1",0.448029957002742,0.22856397671456,0.236,0.187,1
"MT-ND3",0.448102200201858,-0.116406753784977,0.992,0.984,1
"COPG2",0.448162551761724,-0.185731007255674,0.071,0.073,1
"ENSG00000275457",0.448301668288601,-1.25347830044966,0.008,0.026,1
"SAMD8",0.448386583483309,0.378295176450053,0.331,0.311,1
"LLGL2",0.448493272927575,-0.426135926645951,0.181,0.223,1
"VHL",0.44856001108849,0.230085409704167,0.378,0.399,1
"CNTROB",0.448779959577044,-0.435227231306046,0.047,0.078,1
"PITPNA-AS1",0.448889899331871,1.3616934048149,0.063,0.031,1
"PSMD3",0.448919649895316,0.243914274996643,0.417,0.415,1
"MEN1",0.449011959370679,0.210210690635866,0.063,0.078,1
"SLC8A1",0.449069454714425,-0.574615137469669,0.236,0.269,1
"TANGO2",0.449390747179104,0.270052010275238,0.11,0.13,1
"RBM15B",0.449426089238822,0.295851322915689,0.425,0.373,1
"FUT10",0.449446658659187,0.784018185620774,0.087,0.062,1
"SEPTIN9",0.449451863644568,0.317231416804962,0.709,0.694,1
"TMEM11-DT",0.449542678848197,-1.28391798433587,0.008,0.026,1
"APOBEC3F",0.44961819301802,-0.452461828785705,0.055,0.093,1
"SMARCD2",0.449619768754088,0.281665223655505,0.315,0.269,1
"TEX22",0.449790443952082,0.966290334962166,0.047,0.026,1
"DLGAP1-AS1",0.449850675330313,0.845059544976122,0.079,0.057,1
"ENSG00000289890",0.44992861171828,1.18702136413149,0.024,0.01,1
"KCNMB4",0.449971359163932,-2.003369459293,0.008,0.026,1
"NCAPD3",0.450283416257568,-0.205246188529643,0.087,0.13,1
"ARRDC1-AS1",0.450387183431836,0.402759819752434,0.039,0.047,1
"ISCA2",0.450530887238603,0.588889355607317,0.291,0.233,1
"PCCA",0.450756480403429,-0.426372016480894,0.142,0.223,1
"MAP4K4",0.450885631203837,0.252338837904197,0.654,0.653,1
"SLC66A1",0.450954326372854,0.47948857723675,0.142,0.093,1
"TAPBP",0.450976072702068,0.251867625225519,0.795,0.798,1
"PDZD2",0.45111269056442,-0.711020009591948,0.031,0.041,1
"SRGAP2",0.45114594965725,0.359637842087056,0.26,0.212,1
"ZNF776",0.451162785495981,0.962511334342404,0.071,0.047,1
"RORA-AS1",0.451352578821318,-0.971907767513203,0.008,0.026,1
"CCAR2",0.451481280190664,0.282235752793601,0.252,0.212,1
"FBXW4",0.451709436352788,0.293759682253744,0.11,0.13,1
"CFAP20",0.451778449780792,0.574376241099047,0.205,0.145,1
"BICRAL",0.451815291203759,-0.301052238989569,0.165,0.181,1
"DPH1",0.451854973663469,0.203340205169351,0.268,0.233,1
"WDR45",0.451887733656117,-0.266121285572813,0.252,0.321,1
"ENSG00000272807",0.452030519555226,1.61968705130699,0.031,0.01,1
"ENTPD3-AS1",0.452197065640801,0.632732247142362,0.039,0.021,1
"CNOT1",0.452226406607796,0.294703856108223,0.535,0.497,1
"CYB5B",0.452239914031829,0.430553650643933,0.37,0.301,1
"NDUFC2",0.452262145099664,-0.191275219893981,0.717,0.762,1
"PGRMC1",0.452501523164562,-0.312866042786989,0.165,0.202,1
"AREL1",0.452524528674148,-0.255404372653512,0.173,0.228,1
"NOL4L",0.452544906776289,-0.547941108581304,0.189,0.259,1
"TASOR2",0.452630973804941,0.346734210440439,0.394,0.368,1
"PIGF",0.452690700993795,0.49943999774835,0.205,0.171,1
"ENSG00000231201",0.452704317499873,-1.32409386695847,0.008,0.026,1
"WNT2B",0.452796649781519,0.401092534594683,0.126,0.114,1
"BDH2",0.452958609209366,0.951673220194399,0.094,0.062,1
"RNF216",0.452981099401583,-0.223427061176252,0.346,0.394,1
"FBXL22",0.453161052798193,2.35388832329451,0.031,0.01,1
"ENSG00000242861",0.453217887109451,1.15637155024941,0.063,0.036,1
"ABCD4",0.453241758592677,0.514274444694569,0.244,0.202,1
"ATG4C",0.453246845641675,0.55014828129384,0.142,0.093,1
"LINC02970",0.453247408020684,-1.33536306214769,0.008,0.031,1
"COQ5",0.453276827638086,-0.366148423075493,0.047,0.083,1
"GNA11",0.453327285052667,0.402688668654235,0.055,0.031,1
"TTLL4",0.453407922361467,-0.42941063497075,0.039,0.073,1
"SPECC1",0.45375719860815,-0.145021654157139,0.102,0.155,1
"NPLOC4",0.454270459514,0.371468376373076,0.354,0.29,1
"ZNF44",0.454284561920787,-0.264202116537081,0.134,0.155,1
"INTS14",0.45436656585676,-0.595241731217976,0.142,0.187,1
"CASP8",0.45439100507076,0.20631358301514,0.512,0.451,1
"ENSG00000265943",0.454856833159035,0.896523378127143,0.016,0.016,1
"HMGA1",0.454964699027512,-0.106503838867247,0.85,0.907,1
"RHOBTB2",0.45533216449953,-0.674800812802816,0.016,0.036,1
"CCDC152",0.45540832565394,-0.125559178879199,0.039,0.067,1
"SLX4IP",0.455469213920649,0.535432376251467,0.087,0.088,1
"ENSG00000258232",0.455566043794847,-1.39480057105749,0.008,0.031,1
"B9D2",0.455719002851702,-0.270112570317656,0.142,0.197,1
"IFI44",0.45573921095659,-0.239052823161963,0.157,0.207,1
"N4BP2L2-IT2",0.456026325200285,1.00150231928536,0.024,0.01,1
"ZNF362",0.456034772689552,0.583002756392127,0.118,0.093,1
"DDIT3",0.456139200993123,-0.186071238149177,0.268,0.254,1
"UBE2D1",0.456171101391111,0.257052215724473,0.409,0.409,1
"TMEM256",0.456294630036183,-0.161259552268541,0.409,0.461,1
"A2ML1-AS1",0.456325577926487,-0.967862915004539,0.008,0.026,1
"GZF1",0.456364693617157,-0.284755495158626,0.087,0.13,1
"MAP3K2-DT",0.456367189925199,0.520543118744282,0.205,0.161,1
"PYCR3",0.456385957701983,-1.28407177187238,0.008,0.026,1
"SPEN-AS1",0.456643613654097,0.455598086287304,0.165,0.135,1
"CDIPT",0.456645934941715,0.417222239617455,0.236,0.181,1
"CFL2",0.45696087444144,-0.556306934893277,0.031,0.062,1
"C8orf82",0.457063569953609,-1.17849928598437,0.024,0.052,1
"HNRNPUL1",0.457299014276775,-0.120861091376403,0.764,0.808,1
"ARMCX5-GPRASP2",0.457584841603318,1.29067205254823,0.047,0.026,1
"PTPDC1",0.45765358013866,0.52440809360676,0.016,0.01,1
"HHAT",0.457880611830352,0.89880131093835,0.102,0.062,1
"PCNX4",0.457991134402885,0.254408583005445,0.472,0.497,1
"ASB1",0.458043091591358,0.562958485902699,0.134,0.098,1
"ARFGEF2",0.458072402015551,0.386378690547059,0.378,0.337,1
"SNAPC5",0.458171583248906,0.13861065774629,0.142,0.119,1
"ICMT",0.458250413011942,0.864887563333173,0.055,0.041,1
"RNF141",0.458353249818312,0.237507415043088,0.118,0.119,1
"ENSG00000261766",0.45844419681545,0.998152253146926,0.024,0.01,1
"CDC42EP4",0.458547948238936,0.326051348430191,0.071,0.052,1
"ADCY9",0.458623436105533,1.00782615846634,0.055,0.041,1
"KANSL2",0.458650600355762,-0.266323419270989,0.157,0.202,1
"PIPOX",0.458705893642293,1.88991593837521,0.031,0.01,1
"SFXN4",0.459078901963599,-1.01767642466157,0.031,0.057,1
"DPP10",0.459114965687746,-0.836827974623423,0.008,0.026,1
"ZNF605",0.459159797969007,-0.626042950485829,0.039,0.062,1
"CRK",0.45932887273871,-0.215064516817931,0.386,0.44,1
"NR4A1AS",0.459403034414894,0.173896679943854,0.047,0.073,1
"AHRR",0.459451379117962,0.411318219575969,0.181,0.161,1
"EIF4E3",0.459765411226485,-0.374622414943089,0.055,0.098,1
"SDCBP2-AS1",0.459929403299972,0.547518916360879,0.087,0.067,1
"PPM1K",0.460314284504578,0.467148011716755,0.346,0.28,1
"PSMA4",0.460726074524322,-0.267173197731895,0.551,0.632,1
"DPH2",0.460787444357829,0.890806553769611,0.087,0.057,1
"SP140",0.460996389379584,-0.687807347104165,0.094,0.161,1
"H2AC16",0.461260016033926,-0.598623052752956,0.047,0.088,1
"HLCS",0.461364395403028,-0.235921614240362,0.047,0.073,1
"ATP6V1B2",0.461393627446026,0.380844903932002,0.472,0.435,1
"ENSG00000254177",0.461444186319268,1.85633883479094,0.031,0.01,1
"FOXP4",0.461454787848651,-0.674456117949682,0.079,0.114,1
"C16orf86",0.461479601890727,1.15525942777427,0.031,0.01,1
"CD109",0.461620645119486,-0.115028264313519,0.346,0.43,1
"STAM2",0.461647385857521,0.19471796270731,0.252,0.269,1
"LINC00624",0.461785691077979,-0.438045739818694,0.087,0.13,1
"ENSG00000235978",0.461888066694865,0.342604730691393,0.165,0.13,1
"TRIM68",0.462148196795534,1.6289598888017,0.031,0.01,1
"TCF4-AS1",0.462362137851171,-1.02684686046307,0.047,0.062,1
"C4orf48",0.46238061231769,-0.276371976923284,0.48,0.57,1
"KYAT3",0.462469770270958,-0.344968216112338,0.15,0.212,1
"ADA2",0.462483209937179,0.252195122497026,0.402,0.383,1
"RBM45",0.462523204599083,0.598815241422543,0.063,0.052,1
"SLC16A1-AS1",0.462588828650091,1.0824405690723,0.063,0.036,1
"DNAI2",0.462721472260024,-0.904490222399512,0.024,0.041,1
"STAT6",0.463016393085325,0.249004791550448,0.551,0.508,1
"PPP1R14B-AS1",0.46328676527765,0.776589923963024,0.165,0.119,1
"ATXN1-AS1",0.463305582669667,-1.0833082633124,0.008,0.031,1
"ATL2",0.463540384519881,0.344156339226219,0.181,0.14,1
"NAA30",0.463575754776953,0.398971966925548,0.197,0.171,1
"PDSS2",0.46363532555713,0.139439551113743,0.134,0.109,1
"TMTC3",0.463659177275365,0.810729734808187,0.079,0.047,1
"ZFC3H1",0.463808366935749,-0.2695896939448,0.551,0.622,1
"PPM1F-AS1",0.464048136133631,1.21846651761301,0.024,0.01,1
"EIF4EBP3",0.464050001568985,0.614753660808501,0.118,0.078,1
"ZXDB",0.464145181832571,-0.832116755388738,0.031,0.062,1
"MGST1",0.464181226587402,-1.25509824496815,0.039,0.083,1
"ENSG00000263756",0.464291615603887,-1.57130374871067,0.008,0.026,1
"GDAP2",0.464368519099416,0.340487526253847,0.236,0.197,1
"IL12RB1",0.464423362059558,-1.21645684521373,0.024,0.052,1
"POU2F2-AS1",0.464662792186872,0.813495694155181,0.039,0.041,1
"SDAD1-AS1",0.464769071035375,-1.57187015019953,0.008,0.026,1
"ENSG00000184441",0.464789683319429,1.02797496957361,0.031,0.01,1
"HDAC8",0.465028571298188,-0.376947495743266,0.26,0.326,1
"TLR2",0.465076372086393,0.107983669139126,0.079,0.098,1
"CNPY2-AS1",0.465087548120799,0.516458273861561,0.087,0.062,1
"MARK3",0.465095510818443,-0.110808389416269,0.441,0.528,1
"NPEPPSP1",0.465205783982628,0.131237132067362,0.354,0.394,1
"ENSG00000291046",0.465294176970005,-0.711454494804073,0.008,0.026,1
"RYBP",0.46530886673026,-0.336457292446809,0.37,0.456,1
"PBXIP1",0.465505915325089,-0.103225937016701,0.205,0.249,1
"MSL1",0.46560840460424,0.168949018161442,0.236,0.202,1
"ZNF692",0.465619766917313,-1.10507165409229,0.008,0.026,1
"CHAF1A",0.465759893820779,0.294417204561713,0.362,0.29,1
"USP53",0.466140793469653,0.261815367184469,0.197,0.176,1
"TFG",0.466238841096731,-0.169936177056963,0.504,0.549,1
"FAM76B",0.466249281510161,0.240886132698078,0.315,0.29,1
"GOLGA8A",0.466346584961277,0.559299718262165,0.11,0.073,1
"IGHJ2P",0.466425259421793,0.5491717433755,0.213,0.155,1
"SHOC2",0.466531455972876,0.283692473253859,0.717,0.699,1
"ENSG00000272588",0.466812250866348,-0.70930002184496,0.008,0.026,1
"U2SURP",0.46690131729708,0.121919253913071,0.543,0.575,1
"MS4A4A",0.466934209633389,-1.11607744771936,0.031,0.073,1
"SEPTIN2",0.467397443505417,0.131496590028166,0.701,0.741,1
"BUD13",0.467538229022426,0.116917357888785,0.268,0.29,1
"TSR2",0.467667042206178,-0.148606613815061,0.181,0.187,1
"KIFAP3",0.467944173583218,0.402907625750373,0.291,0.238,1
"ZNF596",0.468379877337124,-0.532303170141924,0.024,0.041,1
"UBE2H",0.468570050943508,-0.165550322997076,0.402,0.487,1
"CEP63",0.4687872271177,-0.532638583625988,0.047,0.083,1
"TNFAIP8L1",0.46894563926948,-0.42583215202484,0.118,0.166,1
"C1orf52",0.469113881610066,-0.324505589499328,0.299,0.368,1
"ZNF764",0.469415951006021,0.568712607491193,0.079,0.057,1
"PRKAR2B",0.469431397939617,-0.442136510489668,0.15,0.166,1
"ASCC1",0.469431995254713,0.312187426334823,0.205,0.161,1
"SLC7A5",0.469464384146831,-0.213259127618696,0.724,0.72,1
"ZFAND5",0.46978158971827,-0.336580459393415,0.496,0.585,1
"H4C16",0.469908304110572,0.227982674518771,0.055,0.067,1
"FSTL3",0.469911170829012,0.463992781194935,0.071,0.041,1
"GFUS",0.46997666472335,-0.263980760064572,0.181,0.244,1
"ENSG00000284719",0.470012880542834,0.918603576441772,0.039,0.016,1
"ENSG00000223725",0.470030466866117,0.370466430768945,0.031,0.047,1
"ANKRD33B",0.470137533600677,-0.773132014727277,0.134,0.192,1
"TNS2-AS1",0.470147357403842,-0.58309832263557,0.047,0.088,1
"PDE6G",0.470827117293444,-0.766866162200686,0.047,0.083,1
"SIAH1",0.470920245123301,0.132308162407976,0.362,0.347,1
"PLEKHG2",0.471051709789007,-0.372272452879253,0.22,0.275,1
"PRDM4",0.471059106409165,0.209496178609087,0.118,0.104,1
"ID1",0.471092034532349,-0.99295156087616,0.039,0.083,1
"ISY1",0.471133795929318,0.176788705311399,0.386,0.425,1
"LINC01353",0.471143300615965,1.13353976603721,0.055,0.036,1
"ZNF487",0.47128866386291,0.339257613632775,0.126,0.15,1
"EXOG",0.471343148010455,0.613670697656694,0.197,0.15,1
"HK1",0.471372347596936,-0.50213125021825,0.157,0.244,1
"NUDT21",0.471504546005191,-0.266987960159689,0.299,0.389,1
"SF3A3",0.471685601331242,-0.194301260597863,0.339,0.358,1
"RRP7BP",0.471805641292726,0.678810878061289,0.126,0.088,1
"RPAP3",0.471911262285063,0.342665643016121,0.26,0.254,1
"COQ10A",0.47206449487451,0.435074956124291,0.11,0.073,1
"PUM3",0.472091949712959,-0.41180764191189,0.165,0.202,1
"ANAPC13",0.472115915809878,0.165520794434947,0.173,0.197,1
"EP300",0.472134223045217,0.210432535062398,0.575,0.539,1
"GLS",0.472280917722456,-0.163994970438108,0.646,0.725,1
"MOB4",0.472429641312952,0.219909164817157,0.575,0.58,1
"ADAM7-AS1",0.47249412746492,0.480241630170649,0.047,0.047,1
"TBC1D24",0.47274011755122,0.880957577276547,0.063,0.041,1
"CAMTA2",0.472741678858095,-0.926635646479537,0.039,0.073,1
"EIF4G1",0.472920609085459,0.245799208286907,0.528,0.518,1
"MAP2K6",0.472990732523416,0.271877919887851,0.102,0.073,1
"ENSG00000232934",0.473081190798999,-0.781334845405874,0.016,0.041,1
"SP4",0.473217940617048,-0.151536661107718,0.079,0.067,1
"IFNG-AS1",0.473244881647478,-0.865406426673185,0.008,0.016,1
"ZFAS1",0.473337998555819,-0.249492844454128,0.898,0.912,1
"CUL4A",0.47345617781174,0.386674507096107,0.488,0.435,1
"ENSG00000267605",0.473471486195045,1.47364626119661,0.024,0.01,1
"ZFYVE26",0.47363450723353,0.519853499617859,0.197,0.14,1
"NEPRO-AS1",0.473673533028132,0.479439352598241,0.055,0.036,1
"PTK2",0.473881109277953,-0.243947214638981,0.37,0.43,1
"SUCLA2",0.473912108985743,0.321102470707223,0.339,0.295,1
"CAD",0.474093198056122,1.21718982531593,0.047,0.021,1
"ARAP1",0.474275732835358,0.341878844426103,0.244,0.207,1
"NBPF26",0.474507140438506,-0.180627251767368,0.465,0.539,1
"TAF12",0.474603380564258,0.390706843011584,0.213,0.176,1
"MAGED2",0.474607936369906,-0.402741913582424,0.157,0.212,1
"ZNF524",0.474738731947067,-0.236036562037434,0.087,0.114,1
"ATG14",0.474792197908367,-0.2738202308483,0.157,0.218,1
"RBM42",0.474815743985732,0.280408811171183,0.622,0.617,1
"ARHGEF40",0.475032370472699,0.261257394767477,0.15,0.161,1
"ANKRD27",0.475140057192998,0.516117606796508,0.165,0.171,1
"TRPV2",0.47516990193984,-0.515809610615132,0.173,0.249,1
"RGL4",0.475200602569157,0.409346440210197,0.039,0.021,1
"KLHL21",0.475212327015418,0.160892764569365,0.126,0.13,1
"STRN3",0.475249218940684,0.253149869692607,0.441,0.43,1
"NKIRAS1",0.475377789743166,1.18224738779021,0.102,0.067,1
"UBE2J2",0.475449687542331,0.155244695666541,0.417,0.44,1
"KCTD7",0.475559852051808,0.89090288799859,0.055,0.036,1
"PTPMT1",0.475603772937409,0.363641148247187,0.331,0.275,1
"ERG28",0.475745867850142,-0.488378225064447,0.102,0.135,1
"TONSL",0.475784931832249,0.126089115401634,0.047,0.036,1
"TP53TG1",0.476062208638806,0.533536080411711,0.079,0.073,1
"FCSK",0.476172029086308,1.22913379463363,0.024,0.01,1
"MGA",0.476272902660956,-0.269689272425448,0.22,0.259,1
"SLIRP",0.476432807820144,0.166950145422302,0.646,0.601,1
"QDPR",0.476520142058299,-0.572590222339602,0.063,0.088,1
"ZNF12",0.476599549881741,-0.306458680659047,0.134,0.181,1
"ENSG00000289620",0.476655412512762,-1.18517437211859,0.008,0.026,1
"GLIPR1",0.476685137117743,0.173611179105255,0.528,0.549,1
"IQCE",0.47692200284508,0.219572226134976,0.189,0.176,1
"STIM2",0.477075187001959,-0.249393016542946,0.228,0.285,1
"IL4I1",0.477195036380119,-0.39670768228054,0.386,0.409,1
"GLUD1",0.477232349898195,-0.327787661958394,0.449,0.503,1
"BIRC6-AS2",0.477260252102867,0.277658606485506,0.165,0.13,1
"FIBP",0.477381796138421,-0.101645184788095,0.362,0.389,1
"PANK1",0.477391700635513,1.01440965506286,0.016,0.01,1
"HLA-L",0.477435552922358,-0.116531358567868,0.071,0.109,1
"TGDS",0.47749114647758,0.742049807065391,0.118,0.078,1
"DDA1",0.477521128494831,0.269512100531075,0.465,0.42,1
"H4C9",0.477569073285536,-1.41077992528814,0.008,0.016,1
"GPBP1L1",0.477664249119539,-0.163288092015557,0.528,0.622,1
"GIGYF2",0.477696367247281,0.291754553901561,0.441,0.435,1
"STK38L",0.477757181801644,-0.281102748874631,0.425,0.528,1
"TPP2",0.477956527746036,-0.230263310980158,0.276,0.358,1
"PARP4",0.47797140322222,0.242656946763197,0.425,0.435,1
"RPAP3-DT",0.477994115243702,-0.366023317073839,0.008,0.016,1
"MACROH2A1",0.478042044060207,-0.103030515579287,0.843,0.829,1
"FASTKD1",0.478056583958832,0.467269710813977,0.228,0.202,1
"CA11",0.478238496966022,-0.40886459005843,0.016,0.036,1
"HHIP",0.478362037841677,-0.848495719084517,0.008,0.016,1
"CYFIP2",0.478419511060171,0.288867674662757,0.559,0.477,1
"LYPLA1",0.478420734870963,0.265658958089625,0.488,0.477,1
"ZNF736",0.47845193176191,0.36997468927134,0.291,0.269,1
"AREG",0.478530965462923,-0.55018281941617,0.189,0.275,1
"ENSG00000285938",0.47855877886607,-1.21989624317142,0.008,0.026,1
"TRAF3IP1",0.478658661647644,0.597677644519103,0.079,0.062,1
"AZIN1",0.478660933409421,-0.176999877872043,0.559,0.617,1
"TFEC",0.478761341761269,-0.531620211280202,0.37,0.399,1
"ZNF804A",0.478985199727954,0.153385471457408,0.142,0.171,1
"TMEM87B",0.47909281594009,-0.328643326939746,0.142,0.166,1
"TAF8",0.47910707257621,-0.223658156873867,0.157,0.207,1
"ZKSCAN3",0.479144513308504,0.971470875987966,0.039,0.021,1
"SMPD1",0.479272980315191,0.876805672163491,0.102,0.078,1
"TYMP",0.479282045481631,-0.315093240756671,0.63,0.679,1
"CNPY3",0.479307267946319,0.134537384180449,0.811,0.751,1
"DYNLT2B",0.479350970914078,-0.434432692475216,0.063,0.083,1
"DUS3L",0.479401262458836,0.195019222472694,0.157,0.124,1
"ENSG00000288820",0.479444087997147,0.562464586529665,0.024,0.016,1
"USP21",0.479497885055381,0.963319552033688,0.071,0.047,1
"MTRF1L",0.479584164163768,-0.180054993850506,0.228,0.311,1
"ZNF823",0.479701683109464,0.169852903045639,0.055,0.067,1
"ENSG00000272368",0.479702928031495,0.55706663728875,0.126,0.098,1
"ARV1",0.479883117973276,0.196746175523175,0.118,0.093,1
"MRPL12",0.480332034616757,0.212254793046706,0.252,0.202,1
"DEF8",0.480520446925627,0.398924488726256,0.37,0.316,1
"NAT9",0.480721453621891,-0.370490998404278,0.094,0.145,1
"NOL12",0.480800906054581,-0.312790851299701,0.26,0.269,1
"PWWP3A",0.480801984983531,0.428701708758065,0.268,0.228,1
"TRIM28",0.480953264735878,-0.148098547011258,0.646,0.72,1
"ETF1",0.481066969904639,-0.239734119744925,0.654,0.694,1
"POP7",0.481113517870402,0.353153201156566,0.236,0.176,1
"ZFP30",0.481147542300024,0.998001918916843,0.055,0.031,1
"EAF2",0.481158704953743,0.121958769003357,0.22,0.233,1
"BCR",0.481175860239229,-0.399789788660783,0.165,0.244,1
"LYPLAL1",0.48130279561267,0.581718401461353,0.173,0.13,1
"ZNF655",0.481698767551536,0.20120137358808,0.528,0.482,1
"ARFGAP1",0.482004994171678,0.566072467026324,0.126,0.114,1
"PRXL2C",0.482013081582581,-0.352262902049227,0.299,0.373,1
"CDK8",0.48205507337947,-0.257927047772929,0.228,0.249,1
"RHPN1",0.482109004714893,-0.858656083539138,0.016,0.036,1
"SPIB",0.482134908487355,0.202405016855201,0.669,0.637,1
"DIP2B",0.482205776976126,-0.356225674261811,0.291,0.373,1
"ENSG00000255299",0.482350363270217,-1.10856557956289,0.016,0.041,1
"XACT",0.482366100609279,-0.618269989516877,0.008,0.016,1
"LTC4S",0.48255723030962,-0.845471688773332,0.055,0.088,1
"PLIN2",0.482692464155807,-0.618195768972547,0.15,0.166,1
"STX8",0.482757784884539,-0.34929839852403,0.22,0.249,1
"FN3KRP",0.482800624144581,0.542760597231549,0.236,0.176,1
"UNC119B",0.482921797611804,0.55361090443215,0.063,0.036,1
"IMPDH1",0.482922963756553,-0.664221602569134,0.071,0.114,1
"ZMAT5",0.482954630597531,0.502153950386355,0.11,0.078,1
"POLR2J3",0.483091000742221,-0.255766804315673,0.26,0.316,1
"OXLD1",0.483276918958443,0.425773748156613,0.181,0.14,1
"EOLA1",0.483291209136566,0.547794314700356,0.22,0.192,1
"SRD5A3",0.483452045465164,0.857694256025293,0.102,0.067,1
"ACSF3",0.483592488498758,0.543194388110085,0.142,0.135,1
"AGO3",0.483621702979582,-0.106329579820863,0.535,0.554,1
"PPIF",0.483626355561951,0.383634162460956,0.512,0.518,1
"MOCS2",0.483671347462173,-0.17009138003131,0.094,0.098,1
"UBA5",0.483702043458588,0.479847105061963,0.268,0.223,1
"LINC02993",0.483920283589076,-0.680143231709007,0.008,0.016,1
"ENSG00000251314",0.483951299908239,-1.34011241254225,0.008,0.026,1
"ENSG00000288704",0.48395715087193,-0.215411651971838,0.008,0.021,1
"SLC11A1",0.483971684062511,1.50751546412135,0.055,0.036,1
"HSD17B7P2",0.48400763949713,0.412839246848309,0.102,0.073,1
"ZNF880",0.484056955816672,0.769267621229283,0.071,0.041,1
"LRRC57",0.484141510793131,0.254941369798275,0.189,0.161,1
"CD300LF",0.484270978472337,-1.01965048002393,0.024,0.041,1
"MCU",0.484342874130911,-0.531686924467108,0.118,0.176,1
"CCDC191",0.484374928319336,-0.120389569595078,0.079,0.104,1
"DCAF8",0.484488558285268,0.282801833513341,0.299,0.254,1
"PREP",0.484524439437957,-0.464888232401671,0.165,0.233,1
"MRPS28",0.484578092658209,0.498228353472288,0.291,0.233,1
"EVC2",0.484641234919897,-0.34575826366593,0.008,0.016,1
"SGO1",0.484774419331522,-0.823984583316577,0.024,0.047,1
"RANBP3",0.484872896175051,-0.213870656680747,0.181,0.238,1
"MRPL46",0.484949449935848,0.548563210344633,0.15,0.104,1
"RIN3",0.485064713840628,-0.362819734829905,0.354,0.404,1
"ENSG00000289412",0.485099113599547,0.394792302952442,0.094,0.093,1
"PATL2",0.485166150921925,-0.679482935353709,0.079,0.119,1
"ZMYND15",0.485254107552469,0.38655304220708,0.016,0.01,1
"GMIP",0.485256431651309,0.327343975247563,0.346,0.311,1
"LINC02328",0.485330985036221,-0.621779761727634,0.071,0.104,1
"SCN3A",0.485447521324187,-0.575340039752347,0.008,0.016,1
"KRBOX4",0.485637712186793,0.452431571415599,0.157,0.135,1
"UTP11",0.485809845033188,-0.313856453796906,0.244,0.306,1
"ENDOG",0.485963267830959,0.170306665714914,0.252,0.192,1
"PPM1L",0.486016669255204,0.243462056660234,0.126,0.135,1
"ZNF461",0.486100717563778,0.866097506352473,0.047,0.031,1
"GTF2H4",0.486106496769864,-0.783824248919981,0.039,0.073,1
"NBPF19",0.486136617318802,-0.344427853880873,0.22,0.28,1
"ENSG00000259678",0.486167643720742,-0.981323233327283,0.008,0.021,1
"MTMR7",0.486258098472615,-1.08961460296418,0.016,0.036,1
"LINC00534",0.486259870260811,-0.918547585411189,0.008,0.021,1
"SOX2-OT",0.486338827597676,-0.71025434676473,0.008,0.021,1
"NSUN5P2",0.486341079062187,1.1360778968451,0.063,0.036,1
"MTMR4",0.486348842328727,-0.98366508501129,0.024,0.052,1
"TOB1",0.486362006582265,-0.340972916473225,0.181,0.249,1
"C2CD5",0.486483031990708,0.348506332565064,0.165,0.176,1
"TMEM115",0.486541958072388,-0.315753305356902,0.299,0.368,1
"ATP1A3",0.48655421241575,-0.931718440496854,0.016,0.036,1
"TES",0.486604632622213,-0.245833991607266,0.724,0.777,1
"DCP1B",0.486669246602494,0.147195149208637,0.071,0.062,1
"ENSG00000291147",0.487017880820058,0.688920630829302,0.126,0.088,1
"RAB20",0.487172204372492,-0.617648372916912,0.071,0.098,1
"OSGEPL1",0.48743519701631,-0.907231779882069,0.016,0.036,1
"HAVCR2",0.48747064015992,-0.216499302809229,0.354,0.446,1
"LRMDA",0.487582408130007,-0.399246088802241,0.189,0.28,1
"ASXL2",0.487645893112298,0.314999510308734,0.48,0.425,1
"RAD18",0.487705351690073,0.596224042234876,0.142,0.104,1
"VAV1",0.487809609135918,0.314810425728595,0.449,0.383,1
"ETNK2",0.487810469929574,0.877791563008357,0.024,0.01,1
"MBTPS2",0.487857271237684,-0.57989522032955,0.031,0.052,1
"MPC2",0.488203265873493,-0.268600308202315,0.433,0.508,1
"ENSG00000259539",0.488257843170174,-0.665888748294549,0.008,0.016,1
"CADM1",0.488279265365959,-1.26601480450323,0.008,0.031,1
"RPUSD3",0.488347918535174,0.774957919414344,0.142,0.109,1
"DIABLO",0.488359833880048,0.315508877865643,0.252,0.212,1
"CFAP45",0.488420789436732,-1.03540381740373,0.008,0.026,1
"GCNT2",0.488426625866757,-0.514505860096605,0.071,0.088,1
"ZNFX1",0.48849065417419,0.19129796471407,0.606,0.591,1
"PIK3C2B",0.488564276370717,-0.39552436130514,0.008,0.016,1
"SPON2",0.488599641524053,0.414132863408527,0.346,0.347,1
"ANTKMT",0.488999185345036,-0.421770354054349,0.118,0.171,1
"ZDHHC12-DT",0.489099072624435,0.859394814635834,0.016,0.01,1
"KCTD21",0.489107217038013,-0.542992185638398,0.008,0.026,1
"ENSG00000232342",0.489137954408329,-0.200905284815966,0.008,0.016,1
"RALGAPA2",0.489383177827845,-0.466338066038611,0.165,0.197,1
"ERMN",0.489411876183002,0.490470202581831,0.047,0.026,1
"ZC3H8",0.489467880010931,-0.521172433791088,0.102,0.15,1
"KEAP1",0.48949565016246,-0.219367592089069,0.213,0.264,1
"LINC02018",0.489514154609889,-0.548970733950717,0.024,0.041,1
"ECHS1",0.489556511883058,-0.190510420201193,0.181,0.218,1
"CYP3A5",0.489586575025792,1.14526985197167,0.024,0.01,1
"DUSP1",0.489593464595427,-0.113646604035181,0.354,0.461,1
"GRAMD1C",0.489613091471272,-1.42936149317334,0.008,0.016,1
"LNX1",0.489638701374817,-0.528931632501553,0.008,0.016,1
"NT5DC1",0.489648014293963,0.510079691773349,0.181,0.145,1
"SMURF2",0.489717163761669,-0.255561665968407,0.386,0.461,1
"BRMS1",0.489761400852923,0.135734156558885,0.378,0.337,1
"EXT1",0.489942732109746,-0.189608228077593,0.134,0.145,1
"ZBTB47-AS1",0.489990485438143,-0.542917010283028,0.047,0.078,1
"ATG2A",0.490051537070821,-0.679514431089928,0.071,0.124,1
"SAP30L-AS1",0.49005284491006,-0.95472361047104,0.024,0.052,1
"MRPS30",0.490151502644497,-0.350444763800108,0.15,0.207,1
"EIF3J",0.490300034511565,0.218123146240983,0.591,0.554,1
"KDM5B",0.490339994603953,-0.213277996627674,0.402,0.482,1
"COA6-AS1",0.490589980024961,-0.484658956817274,0.039,0.078,1
"CELF6",0.490594764655509,1.48977719526851,0.024,0.01,1
"U2AF2",0.490633433564876,-0.107250269962698,0.472,0.508,1
"LARS1",0.490882176435989,-0.295805316747828,0.205,0.269,1
"SPG21",0.490914119443678,0.216634550583591,0.378,0.342,1
"MLH1",0.4913060779374,0.166256015062738,0.173,0.161,1
"DDX49",0.491356086289997,-0.431773788268969,0.165,0.212,1
"ZNF432",0.491407704580263,0.565051225337418,0.047,0.047,1
"RELA-DT",0.491540558825762,-0.187336080137155,0.039,0.036,1
"RIF1",0.491576755842264,0.298099757866044,0.283,0.275,1
"ZNF37A",0.491666508858471,-0.255864964625679,0.197,0.228,1
"IFT81",0.491670466513073,0.857586499773618,0.039,0.031,1
"SLC36A1",0.491677610364176,1.26884752503237,0.055,0.036,1
"TIGD7",0.491756973971535,-0.48583578490196,0.008,0.016,1
"TTC4",0.491826640481241,-0.419530198469691,0.102,0.161,1
"DMWD",0.492034544787264,-0.926285998967187,0.008,0.031,1
"CTNNBIP1",0.492088273178985,-0.704115178483765,0.134,0.181,1
"POLD3",0.492288557749359,0.401040782596351,0.181,0.15,1
"IBTK",0.492339558754703,-0.176726526015999,0.283,0.311,1
"CASTOR3P",0.492459288180807,-0.695328999378788,0.055,0.093,1
"LINC00882",0.492519105332497,1.86148725865524,0.024,0.01,1
"PGM2L1",0.492588066215077,-0.321814526811361,0.173,0.197,1
"CD5",0.492651421940476,-0.728307167169474,0.15,0.238,1
"SMARCA5-AS1",0.492663166818942,0.90268386330448,0.134,0.098,1
"MTM1",0.49284396404663,-0.174142459122732,0.189,0.202,1
"KATNAL1",0.493076281707825,-0.39192240791595,0.126,0.161,1
"ZNF563",0.493112229947422,1.55503544375731,0.024,0.01,1
"PFKFB3",0.493241587368079,-0.115908602188751,0.591,0.658,1
"BCL2L2",0.493246381313646,-0.656295266597402,0.039,0.078,1
"NDUFA5",0.493300047415305,0.146367990541548,0.551,0.503,1
"R3HCC1",0.493420891911109,0.128768932459091,0.142,0.119,1
"NNT",0.493894911006501,0.39740634586258,0.244,0.197,1
"CYB5R4",0.493926305309354,0.231536408215926,0.449,0.415,1
"POLD1",0.494122869998532,-0.196984684141927,0.094,0.13,1
"OGA",0.494182954676539,0.335811213028693,0.449,0.43,1
"GYG1",0.494321051460841,-0.332691029456321,0.181,0.223,1
"ENSG00000275202",0.494359093531952,1.07383378706016,0.024,0.01,1
"ZNF329",0.494362847393883,0.746511650735537,0.071,0.047,1
"ENSG00000255968",0.494476971779658,-1.10161106260573,0.024,0.047,1
"KHK",0.494557628552932,0.964086443611634,0.039,0.016,1
"AKAP5",0.494589004952379,-0.758294222411397,0.008,0.016,1
"FAAH2",0.494692700012679,1.03480816050019,0.079,0.047,1
"E4F1",0.494717285200586,-0.181271598372096,0.181,0.218,1
"HLTF",0.494898916421988,0.40807481077253,0.165,0.13,1
"SUV39H2-DT",0.495114920672037,-1.02114984446172,0.008,0.016,1
"TMEM177",0.4952641100425,-0.66901539870528,0.008,0.016,1
"IL2RG",0.495369381894491,-0.173632227509044,0.748,0.772,1
"OBI1-AS1",0.49549112020151,-1.13844064610087,0.008,0.016,1
"PDLIM5",0.495572480467896,0.113710698724871,0.354,0.326,1
"RNF6",0.495576246351011,0.255789386547087,0.323,0.306,1
"HSH2D",0.495646922653432,-0.188368268281802,0.189,0.254,1
"GLRX2",0.495653777866904,0.530036431900145,0.173,0.145,1
"TXNL4B",0.495662236309996,-0.452071614372286,0.071,0.114,1
"CHCHD4",0.495880237570893,-0.19879549750613,0.047,0.078,1
"ZMYND8",0.495910043554418,0.594562553255134,0.236,0.181,1
"MTFR1",0.495988614278832,0.597085016400874,0.157,0.119,1
"RRAS2",0.496125547153875,0.327216135475953,0.134,0.098,1
"ENSG00000272195",0.496202607736193,-0.520380099004124,0.008,0.016,1
"EMP1",0.496245051228484,0.305994305127506,0.394,0.373,1
"HES1",0.496283785883015,-1.68529850054165,0.008,0.031,1
"LINC00938",0.496313991727018,0.181591764339669,0.126,0.109,1
"AFTPH-DT",0.496338416750229,0.557670577805832,0.079,0.052,1
"USP12-AS1",0.496532580234372,0.153500769711043,0.024,0.047,1
"ZNF425",0.496547116927641,-0.44684154995429,0.008,0.026,1
"GPATCH4",0.49655125016783,-0.169854336125758,0.055,0.057,1
"TIMELESS",0.496556995268787,-0.394948629753952,0.008,0.016,1
"MAP10",0.496636536577169,0.734101552319892,0.024,0.01,1
"HPS3",0.496709076102921,-0.390326666779341,0.197,0.249,1
"JAM3",0.496748158985461,-1.30634664266119,0.008,0.031,1
"ABCB1",0.496779065925788,-0.876089856092042,0.031,0.057,1
"FSD1L",0.496883413474036,-0.40584038820132,0.087,0.145,1
"DMAC2",0.496917850222514,0.634183595643759,0.142,0.104,1
"ENSG00000289015",0.496938566874946,-0.765314130309066,0.008,0.016,1
"ZNF275",0.497069586563653,0.96943671681869,0.039,0.021,1
"KATNB1",0.497297178934261,0.512460057944264,0.094,0.073,1
"ENSG00000235419",0.49731425588813,0.57430149971508,0.102,0.073,1
"SWSAP1",0.497397962896968,0.858658667440342,0.031,0.047,1
"ENSG00000269984",0.497814434851012,1.10506674460275,0.031,0.016,1
"ZW10",0.497861933819299,0.646767516180969,0.134,0.098,1
"UTP20",0.497904154659508,-0.280462947438954,0.071,0.098,1
"RRM2B",0.497963325877997,0.427361689333214,0.307,0.259,1
"SCAP",0.498058014791076,0.436932601729198,0.126,0.145,1
"ADPRS",0.498090037136873,-0.277187592681075,0.197,0.228,1
"ATRN",0.498205689915369,-0.355571169244084,0.22,0.249,1
"MAGOHB",0.498322324203063,-0.427268162957918,0.11,0.155,1
"EMC8",0.498345818683125,0.155622338993223,0.409,0.42,1
"IL13RA1",0.498358953925027,-0.504871508137132,0.165,0.233,1
"URB2",0.498412352577121,-0.741168701246679,0.047,0.067,1
"CPED1",0.498733276865747,-0.996560599479188,0.024,0.031,1
"ARHGAP39",0.498777588428653,-0.378362667798709,0,0.01,1
"OSBPL3",0.498831961576875,-0.218543977353439,0.205,0.249,1
"PRR34-AS1",0.499168924127573,0.234895569217869,0.039,0.057,1
"COLGALT1",0.499476703727549,-0.565125400264721,0.071,0.098,1
"ZBED4",0.499664562616292,0.250563349995487,0.205,0.202,1
"PRRC2C",0.49975765533237,0.132872884064562,0.898,0.902,1
"COX20",0.499762814020016,0.174461307163996,0.307,0.275,1
"MBTD1",0.499774377003736,-0.198996771181784,0.26,0.275,1
"ARRDC3-AS1",0.499869217320548,0.462918179316648,0.134,0.104,1
"DOK6",0.49987514762839,-1.40493737367655,0.008,0.031,1
"UQCRFS1",0.499893684341309,-0.117208885994162,0.843,0.891,1
"MAN1B1",0.49993269501339,-0.350924631313819,0.118,0.171,1
"PIP5K1C",0.50001918125658,0.153596205414331,0.118,0.13,1
"STIL",0.500072450677463,-0.112339857790944,0.031,0.031,1
"MIER3",0.500175357121014,-0.184657631591084,0.126,0.119,1
"ZNF273",0.500515027575322,0.797920086351658,0.094,0.057,1
"C7orf31",0.500540959611615,0.360958217418112,0.11,0.104,1
"ENSG00000259363",0.500630482999748,-0.582791622339821,0.047,0.078,1
"TAX1BP1",0.500653844856454,0.152861366041363,0.827,0.845,1
"TRIB2",0.500689459708092,1.30671506604839,0.047,0.026,1
"NKILA",0.501194471206036,-0.653130186917458,0.008,0.016,1
"CCDC142",0.501213134968497,0.459214158446164,0.087,0.083,1
"GPR153",0.501468023943662,0.106955891278825,0.039,0.036,1
"RNF214",0.501495735098576,-0.18568360344077,0.087,0.109,1
"STRADA",0.501500800962148,0.465948042140568,0.26,0.212,1
"SLC39A11",0.501953833908394,0.693060393291456,0.142,0.098,1
"DPP9",0.502272824528851,0.495632561300958,0.26,0.212,1
"MAPKAP1",0.50238255089306,0.288440725186109,0.465,0.43,1
"PMM2",0.502435849514013,0.489466969737884,0.268,0.207,1
"EML6",0.502730863967609,-0.289408849085873,0.008,0.016,1
"QRSL1",0.502730901516815,0.449995262748215,0.134,0.093,1
"SLC25A14",0.503013958225083,0.285570452867086,0.102,0.078,1
"TMEM199",0.503080278962731,-0.482352844207653,0.142,0.181,1
"ENPP4",0.503099586168972,-0.721244812715041,0.039,0.062,1
"LRP8",0.503184064164025,0.40058107975494,0.291,0.218,1
"CXorf65",0.503201531166361,1.16655629234748,0.016,0.01,1
"AKAP8L",0.503297934452579,-0.122348897830389,0.488,0.554,1
"SMG1P5",0.503307953434845,0.205796424289412,0.323,0.306,1
"UBN2",0.503424842325736,0.256898522005676,0.268,0.233,1
"MZT2B",0.503619296150924,-0.129349107792352,0.78,0.845,1
"ELK4",0.503653096606347,0.325270219829184,0.378,0.368,1
"IFIT3",0.503718192986081,-0.625755714931863,0.039,0.062,1
"CORO1A-AS1",0.503746689714498,0.565569372380362,0.087,0.052,1
"SIN3B",0.503789504700965,0.622525817737668,0.11,0.078,1
"SMCHD1",0.503950573899711,-0.245405389514886,0.598,0.653,1
"BIRC6",0.504047623295364,-0.112818399332867,0.748,0.772,1
"ENSG00000282951",0.504166838643326,-0.75461009306952,0.024,0.052,1
"SLC2A9",0.504279148433952,0.712935637419526,0.102,0.078,1
"DNAJA1",0.504310587496816,-0.213949906731943,0.866,0.907,1
"TMEM60",0.504386186398617,0.528757482156133,0.165,0.14,1
"ENSG00000272558",0.504433051871922,-0.247849853037443,0.008,0.016,1
"BTG3-AS1",0.504541661149464,0.593460283805819,0.024,0.01,1
"ACAD9",0.504562464454714,-0.369961160669239,0.102,0.114,1
"FBXW8",0.504570152595973,0.237269641822775,0.047,0.041,1
"SIRT1",0.504760940460982,0.304896013587287,0.291,0.285,1
"ANKRD36BP2",0.504861099626685,-1.51755602985244,0.008,0.016,1
"LRIG2",0.50499366880267,-0.520361214466698,0.055,0.104,1
"DARS2",0.505105638501489,0.21288437673437,0.055,0.036,1
"INSIG1",0.505156759629946,-0.626379450682756,0.425,0.534,1
"SLC44A2",0.505292092965153,0.377556110216486,0.386,0.316,1
"SYAP1",0.505589966798949,-0.198558284331057,0.567,0.637,1
"WAS",0.505679930148838,-0.292075461588896,0.598,0.637,1
"SIK3",0.505741212786368,-0.156305386043845,0.717,0.788,1
"EFCAB13",0.505753876154372,-0.351419021697207,0.039,0.073,1
"EIF2B3",0.505912014829749,0.448386365710511,0.134,0.109,1
"NAV1",0.505936018393002,-0.815643753688107,0.118,0.166,1
"NBPF3",0.506235556029332,-0.64360421718809,0.031,0.057,1
"ACY1",0.506321107598785,0.770204859113446,0.039,0.036,1
"NOC4L",0.506374402321532,0.316068445115725,0.252,0.202,1
"RBM17",0.506604769166724,-0.106511467495217,0.677,0.736,1
"CHID1",0.506883828541098,0.469744938878055,0.22,0.181,1
"CHSY1",0.506950234257409,-0.70080904186302,0.102,0.15,1
"TRIOBP",0.506967474626173,0.289043692943691,0.268,0.228,1
"CXCL16",0.507142509143275,-0.25713248091923,0.37,0.472,1
"BBS7",0.507217904532537,-0.634402820250262,0.047,0.083,1
"MIR497HG",0.507301307702518,-0.147050437835151,0.165,0.233,1
"CEBPG",0.507559555977577,-0.146924331985442,0.346,0.425,1
"CD274",0.507659284055236,1.40418962447126,0.016,0.01,1
"CREBRF",0.507906681418671,-0.160765564673525,0.181,0.244,1
"FOSL1",0.507980785710424,-0.463223183688184,0.134,0.192,1
"PGD",0.508030342200606,-0.2142823682569,0.52,0.596,1
"MRTO4",0.508044310122046,0.764753619553693,0.118,0.083,1
"TNFRSF1B",0.508303762781123,-0.198484956148079,0.654,0.653,1
"MTG2",0.508410536845355,-0.182493753737216,0.134,0.14,1
"LTA",0.508425416332517,-0.898653396574117,0.047,0.036,1
"HERPUD2",0.508539494808206,-0.213731156239694,0.323,0.352,1
"MMP25-AS1",0.508695246685924,-1.01742434869395,0.024,0.052,1
"PCSK1N",0.508711077689718,-1.18249123761016,0.008,0.031,1
"ANKRD52",0.508715528500705,0.414746418817109,0.157,0.119,1
"LIX1L-AS1",0.508742741525851,0.602261627240585,0.071,0.047,1
"CWF19L1",0.509004401586445,-0.15122914658863,0.134,0.135,1
"NDUFA8",0.509523084279345,-0.103001822769945,0.283,0.347,1
"METTL26",0.50957039047061,-0.226527820536212,0.339,0.399,1
"FAM157C",0.509686193837291,-0.904642036951643,0.024,0.052,1
"MEFV",0.509820261318331,-1.11666444835732,0.024,0.052,1
"ENSG00000236065",0.509932524499911,-0.274963648276822,0.008,0.016,1
"PBDC1",0.509936004675708,-0.333224656806084,0.386,0.43,1
"C1orf216",0.509939396102735,0.412907605027556,0.11,0.104,1
"PFDN6",0.510317664572171,-0.159076804467544,0.165,0.207,1
"CBX1",0.510444649306175,0.491764584440794,0.181,0.135,1
"SUGT1-DT",0.510845285844884,-1.77537840744016,0.008,0.016,1
"ACOT9",0.510901907379841,-0.191253424638965,0.323,0.337,1
"PORCN",0.51113513170005,0.628626476897582,0.047,0.026,1
"DLG2",0.511366698698621,-1.37324416860021,0.008,0.026,1
"DENND11",0.511401414396021,-0.323617996320838,0.213,0.259,1
"SPATA1",0.511459563593951,-0.294882774667706,0.063,0.093,1
"RAB3A",0.511471959676722,-0.384019104875017,0.008,0.016,1
"ENSG00000289017",0.51152748784287,-0.893498757001161,0.008,0.016,1
"RAB35-AS1",0.511576878012626,-0.500782834069867,0.008,0.016,1
"HCG18",0.511604885256416,-0.262894637244723,0.165,0.223,1
"NCLN",0.511613744142845,-0.182647066258328,0.189,0.197,1
"TMOD2",0.511635251829899,1.07263243549191,0.079,0.047,1
"ENSG00000259891",0.511669565265739,-0.514088298671958,0.008,0.016,1
"SHQ1",0.511676621197461,-0.331914129351508,0.11,0.155,1
"LRCH1",0.511727085756772,0.16635899272447,0.268,0.228,1
"STK16",0.511749867597236,-0.306469546022804,0.079,0.114,1
"ENSG00000255139",0.511785255905675,0.201540926032791,0.031,0.052,1
"SORBS1",0.511857850445536,-0.800680517802311,0.055,0.109,1
"ENSG00000290383",0.512305123436212,-0.913689363715181,0.024,0.052,1
"DNAH17",0.512465843233283,-0.480981264440869,0.008,0.026,1
"WAPL-DT",0.51261237393907,1.57711414351793,0.024,0.01,1
"DDX51",0.51273204816088,0.193241991832612,0.142,0.124,1
"AARSD1",0.512762121149892,0.279910973533302,0.118,0.14,1
"PID1",0.512843462755042,0.353126478400463,0.205,0.207,1
"CREG1",0.513042624814729,-0.707824587260367,0.134,0.202,1
"TRIM59",0.513342135652053,-0.701864151325738,0.039,0.073,1
"TIMMDC1",0.513364125783785,0.641530662834612,0.157,0.135,1
"B3GLCT",0.513614040841518,-0.503230222999806,0.055,0.088,1
"GSEC",0.513664674190497,0.984188469409025,0.047,0.026,1
"STX17-DT",0.514093051657154,-0.714083521347983,0.189,0.269,1
"ZMAT2",0.51420034848939,-0.18768959249863,0.48,0.565,1
"LAMTOR3",0.514366615644581,-0.143354107230382,0.472,0.492,1
"INO80",0.514387756104531,-0.303878358466295,0.268,0.337,1
"MPHOSPH6",0.514531031503344,-0.472782129014362,0.15,0.207,1
"TTPAL",0.514598274122557,0.819957765119092,0.063,0.041,1
"POLK",0.514620720749355,0.244807749655928,0.417,0.399,1
"LINC01036",0.51462251565293,1.36517033746459,0.016,0.01,1
"APOL1",0.514751903284654,-1.22618972225267,0.008,0.031,1
"MKRN1",0.514844997658911,-0.210444953839243,0.37,0.456,1
"KHDRBS3",0.51489145093295,-0.750439747685161,0.031,0.067,1
"CELF2",0.514895487710894,0.197844164507257,0.85,0.819,1
"FASN",0.514963832319775,-0.745893644339172,0.063,0.093,1
"HOXB4",0.515063255353025,-0.455414941452037,0.055,0.073,1
"TPR",0.515079651915591,0.237303199932333,0.638,0.648,1
"SLC37A4",0.515302219458046,-0.678415307462926,0.008,0.016,1
"EHBP1",0.515348259801503,0.569980690612041,0.118,0.088,1
"YIPF1",0.515442291496905,0.588932998657817,0.11,0.093,1
"BEX3",0.515455542427611,-0.670853750942612,0.157,0.187,1
"LPP",0.515485949148209,-0.141696720765754,0.346,0.42,1
"HPCAL4",0.515624227002319,-0.8862988225051,0.008,0.026,1
"SMARCE1",0.515711906476129,0.379978321605625,0.559,0.518,1
"PIAS1",0.516047506858303,-0.144395674267216,0.677,0.725,1
"APOOL",0.516223933144105,0.418520307693584,0.134,0.109,1
"SYNRG",0.516291237955608,0.217300068897039,0.52,0.477,1
"ZNF549",0.516296334960019,-0.333387962008711,0.055,0.093,1
"MRE11",0.516431238567653,0.242043782223174,0.181,0.155,1
"NCKAP1L",0.516530079426048,0.230072521460951,0.583,0.544,1
"HSD17B8",0.516665869338526,-0.632380463031837,0.047,0.067,1
"CCNY",0.516666705680018,0.239672598049085,0.63,0.611,1
"RAMAC",0.516959561613689,-0.10340128560283,0.339,0.404,1
"RRN3P3",0.517058560363765,0.364521116035961,0.173,0.135,1
"RASAL2",0.517250462520164,0.687504586988386,0.102,0.093,1
"SLC41A2",0.51740944314144,-0.221813739945893,0.598,0.637,1
"MKRN2",0.517517753249072,-0.444490538902769,0.126,0.155,1
"SLC29A1",0.517526487962854,0.520018754986515,0.22,0.161,1
"ZNF232-AS1",0.517754401221221,-0.957767749964946,0.055,0.083,1
"EGLN2",0.517969611229311,-0.171542966661513,0.323,0.394,1
"MCRIP1",0.51798307992011,-0.2810312806922,0.252,0.316,1
"HIVEP2",0.518048212758994,0.103240319428285,0.74,0.699,1
"NUDT8",0.518052987306761,-0.60070937026538,0.047,0.078,1
"ENSG00000260805",0.518140924376513,-1.44725185809194,0.008,0.016,1
"CPTP",0.518142493792751,0.45857419264196,0.213,0.176,1
"CD44",0.518402259970953,-0.28556636819144,0.827,0.839,1
"LMBR1",0.518422822726925,-0.281892290141527,0.315,0.378,1
"CD3E",0.518427517365233,-0.191886153847545,0.063,0.057,1
"SLC26A11",0.518473817085364,1.07424053271739,0.024,0.01,1
"UBR4",0.518521819604815,-0.162802863239164,0.433,0.518,1
"CMTR1",0.518569743064985,-0.21786975646681,0.071,0.067,1
"CDCP1",0.518686364480249,-0.94392271678805,0.071,0.073,1
"SHMT2",0.518690420003262,-0.342520506333186,0.165,0.223,1
"MINCR",0.518780740257794,1.54557963532736,0.055,0.031,1
"USP38-DT",0.519052532671384,-0.777716859836422,0.024,0.047,1
"SUOX",0.519230847874838,-0.920135217749124,0.016,0.041,1
"L3MBTL2",0.519255179726095,-0.33510270880484,0.047,0.083,1
"UQCRH",0.519378925069175,-0.225133772746659,0.913,0.927,1
"IGHV3-74",0.519498646909968,-0.828000091045579,0.016,0.031,1
"NADSYN1",0.519723031509552,0.437433665528529,0.236,0.192,1
"DOK1",0.519797691028,-0.166471006828073,0.268,0.337,1
"TPRKB",0.519798747229849,0.285521686436843,0.354,0.301,1
"TNFRSF21",0.519872608314103,0.158228621655135,0.268,0.306,1
"HEATR5A",0.519985822605183,-0.516232079313006,0.11,0.161,1
"SLC35E1",0.520181553618262,0.415484569138041,0.409,0.363,1
"G2E3-AS1",0.520457612966809,-1.16850897036838,0.016,0.041,1
"ABCD1",0.520473273693625,-0.140954385215167,0.205,0.228,1
"VPS33A",0.520623718036755,0.377116030544377,0.252,0.207,1
"NBDY",0.52083400684989,0.23103129610121,0.63,0.653,1
"TULP3",0.520949838716837,0.531275236457855,0.079,0.057,1
"CLCN7",0.521009639971993,0.152447283128172,0.15,0.14,1
"PABPC4-AS1",0.521016266074733,-0.432061962892997,0.008,0.031,1
"OTUD7B",0.521158448879082,0.36418307651007,0.008,0.016,1
"HEG1",0.521240509823061,-0.762063867041622,0.047,0.083,1
"UQCRQ",0.521299580870077,0.201127276279322,0.717,0.674,1
"NRBF2",0.521367490030036,0.176761860047473,0.433,0.404,1
"PHF21A",0.521391235714812,-0.191011067489451,0.315,0.352,1
"MT-CO2",0.521674489033282,-0.117448692531147,1,1,1
"HISLA",0.521822157684647,-0.335975051429227,0.031,0.021,1
"TIMM10B",0.521864036495848,0.330102035437856,0.205,0.171,1
"CATSPERB",0.521924313817832,-0.19678272315664,0.008,0.016,1
"SNAPC1",0.521965792468971,0.122607518179318,0.157,0.135,1
"NCALD",0.521971766657952,0.533796537687515,0.031,0.031,1
"CTNNA1",0.521993341556062,0.115254115252195,0.457,0.513,1
"CXCL2",0.522238101569618,1.39711300740165,0.087,0.083,1
"HPS4",0.522276849719869,0.516892871285805,0.134,0.104,1
"TAX1BP3",0.522384528536979,0.274609064903816,0.362,0.347,1
"GTPBP4",0.522430593739266,-0.335366279384413,0.268,0.352,1
"VSIR",0.522468286933631,-0.345474083228768,0.165,0.228,1
"YAE1",0.522639210388183,-0.879018584022194,0.087,0.13,1
"TYSND1",0.522647757776348,-1.10752155896828,0.016,0.036,1
"PLEK",0.522715038838281,0.151896101226005,0.85,0.808,1
"BCAP29",0.522860698801232,-0.266276866599466,0.213,0.269,1
"ZNF17",0.522928802344823,0.916076334357583,0.039,0.021,1
"DOT1L",0.523011821221035,0.136295888286916,0.37,0.337,1
"NAIP",0.523022677081555,-0.36369364781907,0.094,0.124,1
"COL9A2",0.523038833532744,-0.530821129485315,0.055,0.104,1
"CLTA",0.523102393207868,0.196340182718934,0.858,0.85,1
"WNT5B",0.52329120269048,-0.854806713819615,0.008,0.016,1
"GSN",0.523355353284081,0.108168768786695,0.638,0.622,1
"MED29",0.523408876862595,-0.545138554998147,0.22,0.306,1
"TWF1",0.523540134784012,-0.238466594695421,0.22,0.29,1
"ENC1",0.523597503360779,0.36748908602326,0.047,0.031,1
"CXXC1",0.523753215383342,0.510054211417144,0.228,0.197,1
"B3GNT2",0.524105941374281,0.36952204370989,0.323,0.301,1
"G6PC3",0.524193553949063,-0.272344069414843,0.15,0.197,1
"DDB1",0.524265413582699,0.40554162940137,0.512,0.456,1
"ZNF525",0.52426796747411,-0.716667073178066,0.024,0.047,1
"ENSG00000289319",0.524354654515314,-1.58967969533819,0.008,0.021,1
"ENSG00000259536",0.524459820278401,-0.484434826827137,0.031,0.057,1
"CHERP",0.524499541658532,0.265830444662953,0.244,0.228,1
"ENSG00000247121",0.524545858296256,0.697699670345228,0.039,0.021,1
"PSMD13",0.524616172878222,0.253604184238872,0.543,0.492,1
"VAV3-AS1",0.524710268923806,0.679003880689892,0.024,0.01,1
"PDE2A",0.524773811373877,0.217241841824831,0.079,0.067,1
"CCSER2",0.524792540718882,0.215606739888832,0.346,0.316,1
"NDUFB6",0.524875412728372,-0.132028473437172,0.488,0.534,1
"CPM",0.524882682557055,-0.247881886536756,0.055,0.057,1
"MGLL",0.524915700087375,0.390136345618916,0.236,0.233,1
"ENSG00000271717",0.525168965189459,-0.398891584785559,0.008,0.016,1
"STARD4-AS1",0.525305999260508,0.479717725190455,0.079,0.067,1
"NMT2",0.525508566197946,-0.976893592023409,0.008,0.026,1
"SLC25A38",0.525638335245518,0.290663101076518,0.094,0.093,1
"SLC2A11",0.525692802756702,-0.123218099736605,0.118,0.124,1
"ENSG00000288906",0.52597288787953,-0.452619417314776,0.008,0.016,1
"DAP3",0.526032215586343,-0.212787030886264,0.409,0.451,1
"XPO4",0.526066662391183,-0.160394462373047,0.252,0.238,1
"STAC3",0.526297622173286,-0.758892265301009,0.008,0.016,1
"RRAD",0.526535909197947,0.45654136902919,0.063,0.047,1
"SEPTIN7",0.526546235061345,0.150708516822148,0.811,0.819,1
"GID8",0.526603624881141,-0.317268488740611,0.354,0.409,1
"C1orf162",0.526714602560501,0.166340059471379,0.394,0.394,1
"PASK",0.52679747736914,-0.399536767995754,0.008,0.016,1
"RHEB",0.526817237977333,0.140647097057314,0.772,0.736,1
"ZNF260",0.526873708309081,-0.162076200208733,0.094,0.114,1
"RBCK1",0.526916393279852,-0.118882273916065,0.26,0.321,1
"TUBGCP6",0.526934967736381,-0.472872582465067,0.063,0.093,1
"TNFAIP2",0.526984668969301,-0.712109808135041,0.189,0.259,1
"FGD2",0.527085824533704,0.526620625146839,0.173,0.181,1
"CRIPT",0.527334878680623,0.112376170899375,0.252,0.28,1
"CD320",0.527453869764144,0.300865693589498,0.094,0.093,1
"RAP2C-AS1",0.527658135156341,-0.180041285155161,0.039,0.062,1
"FLVCR1",0.527768649525451,-0.238329929450738,0.165,0.181,1
"SH3PXD2B",0.527892193626033,-0.815120457393199,0.008,0.016,1
"METAP1D",0.52801133904933,-0.883238614531658,0.008,0.026,1
"MYBPC3",0.528294183523943,-0.958765011337961,0.031,0.073,1
"DHX57",0.528315528494998,-0.507355880325695,0.031,0.047,1
"HMG20B",0.528740997819448,-0.210666658022428,0.283,0.311,1
"ARHGAP11A",0.528829168664414,-0.905709096949031,0.016,0.036,1
"SSBP3",0.528856924039137,-0.333914756088943,0.315,0.42,1
"SPRY1",0.528872690606156,-1.43009184601281,0.016,0.041,1
"ABHD17A",0.528899355767041,0.265746012475893,0.52,0.523,1
"UQCC1",0.529075072811815,0.474025551639315,0.11,0.083,1
"TMEM191B",0.529173562327098,0.24042347984909,0.016,0.01,1
"MRPL17",0.529277804598711,0.194212183060858,0.157,0.135,1
"LEPROTL1",0.529789906036645,-0.185292127528485,0.402,0.42,1
"ZNF782",0.529969319106116,0.57872406240668,0.134,0.093,1
"PWWP2B",0.530283180411302,-0.267474083017422,0.094,0.114,1
"CCDC18-AS1",0.530363545091988,0.422679964819726,0.315,0.254,1
"DDX46",0.530384309334712,0.337589242960963,0.559,0.508,1
"EVL",0.530411970135429,-0.155867399285245,0.197,0.269,1
"BLMH",0.53043002748085,-0.107649220652057,0.22,0.228,1
"SAMD9",0.530546789519077,-0.340951645743925,0.26,0.352,1
"COPB1",0.530770769549665,0.103407764606583,0.811,0.772,1
"AIFM1",0.530773586965455,0.471837096568003,0.142,0.114,1
"ZNF862",0.530829140698314,0.783267495601366,0.11,0.083,1
"CLEC17A",0.530835275375832,-0.419108180300574,0.079,0.104,1
"SLC8B1",0.530880567637931,0.358888810885329,0.181,0.145,1
"PALS1",0.530890615310487,0.491396362671007,0.173,0.135,1
"APOL3",0.530987665538493,-1.31286786033113,0.024,0.052,1
"RUBCN",0.531052844970896,-0.232409363174817,0.567,0.601,1
"ENSG00000255229",0.531128405179454,0.880659529139937,0.047,0.026,1
"DHX15",0.531193980106441,-0.189982105199383,0.543,0.611,1
"PGAP3",0.531273644722023,0.739606496985584,0.016,0.016,1
"SCAMP1-AS1",0.531416850150043,-0.520650197464961,0.016,0.036,1
"ARL10",0.531420913791525,-0.3507129209426,0.031,0.057,1
"CHRAC1",0.531579075547555,-0.121600858894973,0.354,0.368,1
"ATP8B1",0.53162454113801,-0.460561685242737,0.071,0.104,1
"L3MBTL1",0.531995734095757,0.955124262503331,0.055,0.031,1
"ENSG00000260651",0.532024884814234,-0.104144007425655,0.079,0.073,1
"RAD9B",0.532027591382787,-1.14499726341579,0.024,0.041,1
"FAM229A",0.532136222663794,0.815328409802889,0.016,0.01,1
"KMT5B",0.532233474503149,0.267771569297075,0.465,0.446,1
"SDAD1",0.532285831773039,0.136227342705842,0.276,0.249,1
"HSF1",0.532393294317131,0.26415750510158,0.433,0.399,1
"GPR35",0.532431008287017,-0.320622154220378,0.276,0.347,1
"ENSG00000230735",0.532517517817114,-0.455869040311806,0.102,0.161,1
"EIF4A3",0.532544257721658,0.115814571681637,0.685,0.632,1
"AHI1-DT",0.532634458568298,0.630444048023485,0.024,0.01,1
"MS4A7",0.532645804451731,-0.454515792405236,0.291,0.326,1
"ZDHHC21",0.532731881225051,-0.12739328306469,0.173,0.187,1
"SEPSECS-AS1",0.53276471726959,-0.281725291877552,0.008,0.016,1
"CDC42EP2",0.532860528513317,-0.912569634446132,0.008,0.026,1
"SLC26A5",0.53314522797377,-0.694130335318975,0.008,0.026,1
"CD163",0.53323280336665,-0.205584706464926,0.008,0.016,1
"TMEM8B",0.533458383475028,0.17843047657477,0.197,0.15,1
"CHM",0.533483277949569,-0.392215870435064,0.173,0.207,1
"ZNF33A",0.533514206679816,0.262672885461946,0.354,0.352,1
"SSBP4",0.533598715079717,-0.193769780312536,0.433,0.487,1
"IFFO1",0.533620054810623,-0.462415946547747,0.047,0.083,1
"NUBPL",0.533633836972633,-0.558538953076241,0.094,0.145,1
"ENSG00000261526",0.533845301354664,-0.189400451776525,0.047,0.073,1
"DHX36",0.533865964289898,0.102671191672338,0.559,0.596,1
"BRD7",0.533926010515049,0.196023737493501,0.535,0.57,1
"CPSF3",0.533978692250832,0.556623796954789,0.276,0.244,1
"C21orf62-AS1",0.534080666106781,0.76581684669162,0.016,0.016,1
"RHOU",0.534172569199068,0.837183057032447,0.039,0.041,1
"CHAC2",0.534214358360381,-0.422932952570112,0.016,0.036,1
"PRKAR1B",0.5342604983603,0.202445373528522,0.071,0.062,1
"MAN2A2",0.534384208506187,0.3947185335344,0.205,0.171,1
"DAZAP1",0.534430190866315,0.195119018239324,0.48,0.456,1
"ILKAP",0.53443124258145,0.292842180587464,0.402,0.389,1
"NKAP",0.534502426983859,0.246522594498075,0.228,0.228,1
"ATP13A1",0.534547597544913,-0.177944067234344,0.197,0.218,1
"ZSCAN29",0.534620188277675,0.816074288841416,0.126,0.088,1
"CDH13",0.53464828767872,-1.2693288975884,0.008,0.016,1
"SLC16A3",0.534757408845578,-0.262539824877018,0.606,0.663,1
"ENSG00000289463",0.534780637565547,-0.237600779841353,0.008,0.016,1
"IL18BP",0.534949892853316,-0.276837762616882,0.079,0.119,1
"ZNF71",0.534972121142754,0.833099542820566,0.071,0.047,1
"NOTCH2NLC",0.535123362103212,0.226048892692111,0.291,0.249,1
"SMG7-AS1",0.535157760830458,0.620192136981305,0.031,0.036,1
"KLHDC8B",0.535186378765558,-0.609556813015597,0.008,0.016,1
"CKAP2-DT",0.53522565756754,0.70233945414048,0.047,0.036,1
"ENSG00000285190",0.535264562630972,-1.33988111351621,0.008,0.016,1
"HEIH",0.535279013356031,-0.780650160029925,0.055,0.088,1
"CARD8-AS1",0.535347166722783,-0.287202650629798,0.142,0.207,1
"RNF32",0.535815239020605,-0.313040238490593,0.016,0.016,1
"SCAMP1",0.536035496534894,0.474835442188394,0.15,0.114,1
"CALML4",0.536092595109545,-0.935785011498917,0.024,0.057,1
"WASL",0.536155663332225,0.180164020560319,0.339,0.301,1
"MX1",0.536215494848674,0.315773225000603,0.654,0.606,1
"AGA",0.536390065853285,0.747833947987988,0.126,0.088,1
"CABIN1",0.536484080956718,-0.143825468964353,0.252,0.249,1
"ARMCX1",0.536687615836869,0.540714138468714,0.079,0.067,1
"CES4A",0.536687773858098,0.375013444607376,0.016,0.01,1
"ENSG00000225450",0.53671335617598,-0.691624783823097,0.079,0.119,1
"C21orf91-OT1",0.536805902639196,-0.913265983082831,0.008,0.021,1
"PVR",0.537355734969294,-1.01747529945278,0.016,0.036,1
"LRRC8C-DT",0.537442885929331,0.740550405572756,0.063,0.041,1
"GLI4",0.537449116552439,-0.285265177494083,0.071,0.067,1
"SLC35B1",0.537488976272805,-0.242588586575478,0.291,0.311,1
"TAP2",0.537502953558581,-0.225270847769633,0.291,0.347,1
"TMPPE",0.537513982150399,-0.816852716549047,0.008,0.026,1
"FBXO36",0.537528372916397,0.638812849184464,0.039,0.036,1
"FANCC",0.53757255675087,0.609043548001686,0.118,0.078,1
"EGR3",0.537577863111294,-1.82006653088235,0.008,0.016,1
"ENSG00000290183",0.537577863111294,-0.489420444960746,0.008,0.016,1
"SLC2A13",0.537612889739515,-0.750289057030511,0.024,0.036,1
"PDCL",0.53774121288967,0.107120833046612,0.205,0.233,1
"PI4KB",0.537788527803071,0.311061913573684,0.299,0.264,1
"SRM",0.538008319536273,-0.142734856380475,0.339,0.409,1
"GOLPH3-DT",0.538038535400943,0.914862218145974,0.031,0.041,1
"MEGF8",0.538093137461668,-0.633907389251631,0.016,0.036,1
"ENSG00000222043",0.538116796794283,-0.511860266769543,0.039,0.067,1
"PCBP1",0.538134838390924,-0.182689946865422,0.984,0.979,1
"TAF6",0.538144580354298,-0.610536431546752,0.11,0.145,1
"ERAP2",0.538442479445859,-0.132366732866209,0.11,0.114,1
"FYB1",0.538454403563241,0.301421789370962,0.197,0.171,1
"ENSG00000273619",0.538730799482135,-0.632363774651759,0.008,0.016,1
"DHX32",0.538762207556139,-0.698339413645245,0.079,0.13,1
"ZCCHC7",0.538805528165453,0.305414569852554,0.37,0.321,1
"CEP192",0.538867371465447,0.377312830841527,0.228,0.176,1
"ZNF467",0.538874139776554,0.404839478818305,0.165,0.13,1
"ASNSD1",0.539103307275479,0.355317573173838,0.071,0.052,1
"CRKL",0.539156950547357,-0.258692012655272,0.228,0.269,1
"DPP4",0.539186827268933,0.863305669903837,0.063,0.036,1
"ATP1A1-AS1",0.539226019517243,0.516626620995193,0.11,0.098,1
"ENSG00000250751",0.539578173906113,-0.139656963865713,0.008,0.016,1
"DNAJC17",0.539584590156308,-0.509027775247139,0.11,0.119,1
"ACOX3",0.539659978469611,0.427993531658381,0.213,0.155,1
"RWDD2B",0.539764544707444,-0.483604558140973,0.008,0.016,1
"ENSG00000287682",0.539869071564215,0.560186068729935,0.016,0.01,1
"ZFP28",0.539971693033228,-0.335571734481301,0.008,0.026,1
"ACTR1B",0.539975277598899,-0.621510805842741,0.165,0.223,1
"ANKAR",0.540017474119942,0.239734004917062,0.087,0.073,1
"RITA1",0.540030608982265,0.543740343338765,0.079,0.052,1
"GAB3",0.540045201702017,0.360476389541366,0.252,0.212,1
"ICOS",0.540097445346256,1.30944246657343,0.008,0.016,1
"WDR59",0.540206086085663,-0.266274003915191,0.094,0.145,1
"PEF1",0.540284417156085,0.113129993515765,0.394,0.373,1
"TSPYL2",0.540305252631181,-0.151807941552606,0.354,0.347,1
"INKA1",0.540444447761024,0.449603978603515,0.142,0.098,1
"ENSG00000267436",0.540674120277585,-1.41149414924786,0.031,0.057,1
"KATNBL1",0.540736338559771,-0.171455249302531,0.386,0.451,1
"ENSG00000269954",0.540755796481625,-1.23833952589744,0.031,0.052,1
"KLHL5",0.540912389220479,0.206220279708388,0.622,0.57,1
"CAPN1",0.541005445327104,-0.123425396287749,0.26,0.316,1
"ORC1",0.541009142707546,-1.07465606765318,0.008,0.026,1
"SIGLEC9",0.541052537280377,-0.370291360252432,0.244,0.301,1
"GALNT12",0.541111259584446,-0.905738504603077,0.024,0.052,1
"BLTP3B",0.541119658527564,-0.281391196485368,0.433,0.487,1
"CYB5D1",0.541416001624401,-0.516535385113689,0.063,0.093,1
"TMEM9",0.541572356827987,-0.431228028704594,0.047,0.083,1
"SMARCB1",0.541771521401581,0.128309387666512,0.63,0.663,1
"ENSG00000214719",0.542300579268612,0.143562802423389,0.205,0.187,1
"ENSG00000289929",0.542432639099022,0.148324256240031,0.031,0.021,1
"NECTIN2",0.542495169611805,-0.341941977305763,0.157,0.233,1
"CD48",0.542699833118661,-0.309268107036542,0.362,0.435,1
"RGPD8",0.542960562664751,0.408333420781817,0.087,0.062,1
"POLR1A",0.542992184417055,0.640286603482612,0.126,0.093,1
"FAM221A",0.543109056465165,-1.14645132893153,0.024,0.047,1
"MIR99AHG",0.543162349642787,-0.158121503931784,0.079,0.104,1
"PAK2",0.543328166587874,0.134060077291863,0.78,0.746,1
"UBXN7",0.543447380767159,-0.125724616441577,0.331,0.404,1
"PPP1R13L",0.543514310948127,0.431701321010359,0.071,0.041,1
"KMT2E-AS1",0.543526715832821,-0.137557756124197,0.181,0.192,1
"ZNF573",0.543586790089295,1.31938562687624,0.047,0.026,1
"TAF2",0.54360482684885,-0.24275345467913,0.228,0.29,1
"PLEKHJ1",0.543678859541681,0.321154573137066,0.409,0.358,1
"DRG1",0.543791788038895,0.362994032103691,0.378,0.337,1
"MED18",0.543830420027682,0.22916285841647,0.039,0.026,1
"ANKRD26",0.543846281747049,0.156892317689222,0.126,0.104,1
"RPUSD2",0.543929008379025,0.633176614629544,0.071,0.041,1
"EXOSC5",0.544002641904009,0.807472341021072,0.126,0.088,1
"DOCK11",0.544024028748755,-0.385268653459995,0.26,0.316,1
"MLLT10",0.54408833231485,0.365904330154753,0.315,0.269,1
"LINC00173",0.54417877919106,-0.158453311368001,0.047,0.047,1
"ESYT2",0.544365883700866,-0.120597012460717,0.583,0.668,1
"ENSG00000272688",0.544653266624546,0.879712201561697,0.039,0.021,1
"ZNF200",0.544777381025908,0.163406630420793,0.071,0.067,1
"ZNF507",0.544937377834329,1.52782029637569,0.031,0.016,1
"ENSG00000260274",0.54499718127414,1.40722213345055,0.024,0.01,1
"ATP1A1",0.54513024689186,-0.309350915128686,0.543,0.632,1
"LINC00174",0.545202689728358,0.404572574125742,0.047,0.031,1
"PPP5C",0.545248292946691,0.629484518880113,0.15,0.114,1
"RWDD4",0.545346023393732,0.289236375934443,0.22,0.192,1
"PEX3",0.545476872708566,-0.389018129898088,0.079,0.114,1
"ZNF106",0.545478072779749,-0.179923514760861,0.346,0.383,1
"DIPK1B",0.545688889764192,-0.395120821941267,0.157,0.192,1
"ENSG00000290003",0.545710859429244,0.913717879865874,0.016,0.01,1
"ENSG00000285796",0.545825438704255,1.65333752721732,0.024,0.01,1
"BORCS6",0.545919621469308,0.306461918644047,0.165,0.135,1
"TEFM",0.545983113327766,0.690269958255544,0.157,0.114,1
"FICD",0.546041960351704,1.10506002426554,0.079,0.052,1
"FAM167A",0.546044022771604,0.659671048332449,0.071,0.047,1
"GMPPA",0.546171340315349,0.973716271251929,0.087,0.057,1
"GOLGA3",0.546217073208762,0.311528809177372,0.228,0.218,1
"ENSG00000265474",0.546289675853337,-0.571675963438621,0.008,0.016,1
"CTDSPL2",0.546320037442666,0.378657075590902,0.291,0.285,1
"ENSG00000289159",0.546483654997768,0.734936011617785,0.024,0.01,1
"FXR2",0.546520809776469,0.570837220710429,0.236,0.212,1
"NXPH4",0.546715467983078,-1.30452352981616,0.008,0.021,1
"ABCF2",0.546795260113226,0.214559439347755,0.228,0.192,1
"COG7",0.546833393943693,0.264434396031682,0.079,0.083,1
"NOB1",0.547049709974928,-0.347600502317794,0.173,0.218,1
"HNRNPH1",0.547059004695138,-0.120794924946326,0.756,0.808,1
"SMARCD3",0.547227893863924,-0.818671852429072,0.039,0.088,1
"ENY2",0.547312495305245,0.1543209643517,0.772,0.788,1
"RIPOR2",0.547556086336904,0.349407672989646,0.339,0.285,1
"UBE2O",0.547564147092627,0.300010916479301,0.283,0.249,1
"CSGALNACT2-DT",0.547590367537218,-0.765289628364441,0.008,0.016,1
"GTPBP3",0.547603292664609,0.560608524688997,0.063,0.041,1
"BATF",0.547607563173225,-0.577057397018655,0.008,0.016,1
"RTF1",0.547798203649779,0.247680559230323,0.614,0.57,1
"LINC00641",0.547798686631915,-0.476410086421755,0.047,0.073,1
"SUGP1",0.547799425459729,-0.442722951435292,0.157,0.202,1
"PSPH",0.54780709692029,0.510555255818975,0.102,0.078,1
"MARCHF1",0.547884316779826,0.363536698948928,0.173,0.166,1
"MAD1L1",0.54794112671194,0.188151469597181,0.614,0.596,1
"ABALON",0.547996974677831,0.698612452564666,0.016,0.01,1
"ENSG00000275964",0.548024367386595,0.401096685060357,0.039,0.026,1
"ARFGEF1",0.548133578770562,-0.108849918994815,0.512,0.513,1
"ZBTB45",0.548263003503022,0.498533343452507,0.181,0.155,1
"BANP",0.548315273242098,0.198720022331211,0.409,0.404,1
"ENSG00000287697",0.548367835363458,-0.699737858908636,0.031,0.031,1
"SUGT1",0.548580819887748,0.227286063277021,0.591,0.539,1
"GGCT",0.548584579780893,-0.343933916139686,0.094,0.119,1
"CEP162",0.548592217376681,0.632678431868159,0.126,0.098,1
"RNASEH1-DT",0.548830339823119,0.375808386602643,0.039,0.021,1
"IER3-AS1",0.548894593441618,-0.802794816619659,0.008,0.016,1
"SLC16A13",0.548918180351968,1.45906105603642,0.039,0.021,1
"OGFRL1",0.5490656821941,0.144072674384323,0.283,0.269,1
"SPOCK2",0.549204120026557,0.110949488777893,0.047,0.062,1
"LINC02241",0.549206532033275,-1.22565271102451,0.016,0.031,1
"SMIM13",0.549356381572851,-0.167145955967257,0.165,0.212,1
"PDK1-AS1",0.549367742697904,1.10161115312951,0.039,0.026,1
"STX12",0.549371924333437,0.201479506346272,0.402,0.373,1
"ZNF668",0.549438525983046,-0.374055593032582,0.087,0.135,1
"DUS2",0.54960556237046,-0.441959510476857,0.024,0.047,1
"NAT14",0.549789387676837,-0.507558716498594,0.055,0.067,1
"KLF3-AS1",0.549900772151167,-0.187022438011653,0.055,0.078,1
"ADAT2",0.549900892430019,0.695440693838762,0.063,0.047,1
"SMNDC1",0.549989647873814,-0.228422725066374,0.465,0.549,1
"VASP",0.550077962897279,-0.167817104481858,0.654,0.689,1
"TELO2",0.550153193327767,0.542087984749962,0.079,0.067,1
"LTBR",0.550244818825982,-0.119131206203865,0.15,0.155,1
"INCENP",0.550275890395062,0.290605952873508,0.079,0.052,1
"MYOCOS",0.550695187248499,0.946100953293399,0.016,0.01,1
"AARS2",0.550704528600639,1.62907394038556,0.039,0.021,1
"EGR2",0.550778983029962,0.645120045602503,0.039,0.031,1
"YIF1B",0.551083844339165,-0.270614555885333,0.299,0.352,1
"ZNF674",0.551096358205936,0.249540053617621,0.055,0.036,1
"FAM131A",0.551204826791791,-0.59877518222803,0.071,0.124,1
"VPS25",0.551335653575159,0.3466387384734,0.268,0.233,1
"SLC25A16",0.551378488947182,-0.269234609606239,0.126,0.166,1
"FAM98B",0.551448400026206,0.237092059428017,0.173,0.145,1
"CHROMR",0.551454049347899,-0.449096774098469,0.071,0.104,1
"GATD1",0.551486281542772,0.241877030601292,0.087,0.073,1
"EPHA1",0.551508110730014,0.945478355314452,0.024,0.01,1
"BRD2",0.551542037181216,-0.121200237411421,0.709,0.777,1
"CDKL3",0.551678547610773,-0.601796296298225,0.031,0.041,1
"BTBD9",0.551734891019785,-0.244958924195026,0.323,0.399,1
"SSB",0.551742412446986,0.195770872345354,0.575,0.518,1
"BAZ2A",0.551887221023716,0.151404286029274,0.504,0.518,1
"HUS1",0.551932339385215,-0.338512916484332,0.197,0.259,1
"COG4",0.551957759989942,0.829298966345826,0.079,0.052,1
"CCDC71L",0.551985824658425,0.298311784028064,0.283,0.244,1
"NXPE3",0.551993478814321,0.334031541266414,0.181,0.135,1
"TNKS1BP1",0.552194490994009,-0.710048098126845,0.055,0.098,1
"SLC9A3",0.552318539685828,-1.28794601600482,0.008,0.026,1
"LCMT2",0.552390390321619,-0.56781269497584,0.008,0.016,1
"SETD7",0.55251958651052,0.382115000440807,0.157,0.13,1
"SLC25A25",0.552631032135852,-0.534848294660677,0.126,0.176,1
"CRPPA",0.552774883234083,-0.388708447791783,0.039,0.067,1
"PHB2",0.55311540991264,-0.104566698507212,0.701,0.767,1
"CASP7",0.553167179589578,-0.496527315425427,0.157,0.218,1
"EPHB6",0.553386783903047,0.482481110390077,0.039,0.036,1
"CCDC43",0.553421489351676,-0.115004102074803,0.11,0.155,1
"SNAI1",0.553475671920284,-0.642021407819168,0.071,0.083,1
"HDAC5",0.553526697501178,-0.320436443428584,0.173,0.228,1
"SGTB",0.553550554115802,-0.374054152373976,0.134,0.166,1
"EARS2",0.553602762190376,1.24732898453321,0.016,0.01,1
"SAP130",0.553710785223977,0.2276284000089,0.22,0.181,1
"LINC01118",0.553749073900155,-0.416777178297994,0.016,0.026,1
"TPCN1",0.553826618555086,0.389992940496176,0.094,0.073,1
"RBBP5",0.553904444203297,0.278579630793228,0.228,0.233,1
"GOLGA4",0.553925381610562,0.146634184553596,0.677,0.642,1
"LINC00540",0.554115960622998,1.10587934199514,0.031,0.021,1
"ERMARD",0.554158827844261,0.807287262861104,0.087,0.057,1
"SFMBT1",0.554243497177534,0.709725330295299,0.047,0.041,1
"SMAD4",0.554416003348494,0.122604138832149,0.48,0.472,1
"ENSG00000288302",0.554457881991331,0.819284000760486,0.016,0.01,1
"LRRC41",0.554503998256175,-0.218481095626155,0.409,0.477,1
"C6orf226",0.554535620435099,0.293245384188687,0.134,0.166,1
"ENSG00000289294",0.55453968715742,0.391230508156488,0.063,0.047,1
"TMBIM1",0.554566257916801,-0.339626200932854,0.323,0.368,1
"ARMH4",0.554589304277247,0.169051129688941,0.134,0.155,1
"AIMP2",0.554617738212214,0.213700083597096,0.228,0.192,1
"PSD",0.55462112521565,-0.955428556590248,0.024,0.047,1
"EIF3I",0.554804109687349,-0.169586727547198,0.693,0.736,1
"CTC1",0.554891976249974,-0.188842636272446,0.118,0.114,1
"ENSG00000287665",0.554900729166985,-0.347198140433147,0.008,0.016,1
"RPF2",0.554969943707786,0.367222773871486,0.15,0.14,1
"WASF1",0.554976787826488,0.347854787881352,0.079,0.078,1
"VPS26A",0.555197322749522,-0.225577174879878,0.465,0.549,1
"CCDC146",0.555281707031816,0.66113228286474,0.126,0.088,1
"ETHE1",0.555424171402427,-0.491677451100504,0.236,0.321,1
"OBI1",0.555520740130169,0.506393840040113,0.134,0.098,1
"ADAP2",0.555620549049052,-0.513048533016902,0.055,0.067,1
"ZNF623",0.555680048926271,0.973967314054293,0.087,0.062,1
"LEPROT",0.555825751583377,-0.279215952159297,0.26,0.311,1
"ZNF43",0.555877999614447,-0.304251261319129,0.142,0.176,1
"ENSG00000251034",0.556241029346179,-0.277129667947754,0.079,0.109,1
"UBASH3B",0.556274353907116,-0.596288254451649,0.126,0.181,1
"MED6",0.556294323627476,-0.216039182720375,0.197,0.244,1
"ZNF165",0.556402531343054,0.343848251456173,0.071,0.047,1
"LINC01572",0.556410510273083,0.701677288240675,0.079,0.052,1
"ACAA2",0.556417662268295,-0.418660290535187,0.165,0.223,1
"BMS1P1",0.556624657366762,0.616764186599676,0.071,0.052,1
"RFX2",0.556671801279186,-0.41026844452533,0.283,0.373,1
"ENSG00000290767",0.556756460589515,-0.36035400502822,0.008,0.016,1
"RASA4",0.556885851642588,-0.251055167459695,0.236,0.285,1
"PTCRA",0.556898688405688,0.329047995181695,0.299,0.259,1
"PSEN1",0.557308191602956,0.193949702510063,0.614,0.596,1
"ENSG00000183308",0.557421464069703,-0.178773465078702,0.047,0.062,1
"RAB3GAP1",0.557481789124482,0.127654376828338,0.504,0.528,1
"ZNF718",0.557492094347892,0.346032603737484,0.142,0.114,1
"ENSG00000289194",0.557517987371569,-0.244988876726968,0.008,0.016,1
"SLC35F5",0.557548266385509,-0.346087406995121,0.228,0.28,1
"PLCL1",0.557662956725282,-0.928855813768129,0.094,0.13,1
"TBXA2R",0.557831027230239,-0.858141215391121,0.008,0.016,1
"B4GALT4-AS1",0.557913629577415,-0.176302339818935,0.016,0.036,1
"LINC02613",0.557957104015961,-0.508620246790507,0.047,0.078,1
"MARCHF2",0.558012377381125,0.39524287962383,0.291,0.233,1
"ZBTB16",0.558036343796627,-1.21501259358541,0.016,0.041,1
"NLRX1",0.558147981188644,0.614212409251911,0.024,0.01,1
"CCDC90B",0.558204081106707,-0.352496816686842,0.173,0.212,1
"UBAP2",0.558439783857143,-0.177329713465294,0.252,0.28,1
"ANXA7",0.558707870385142,-0.176517688947049,0.551,0.611,1
"PTGR1",0.558709107817867,-1.15852871088302,0.024,0.036,1
"QTRT1",0.558864614508889,0.472140541897187,0.22,0.187,1
"SLC24A1",0.558889923704456,0.894013093165364,0.047,0.026,1
"PRUNE1",0.558999543761112,0.503822898419873,0.102,0.083,1
"HILPDA",0.559004368273121,-2.05665883475567,0.024,0.031,1
"GAPVD1",0.559100440930144,0.314129911761534,0.386,0.352,1
"PFN1",0.559192415358374,-0.130435766287532,1,0.995,1
"FAM3C",0.559429827859735,0.229053386756024,0.307,0.264,1
"AASS",0.559475115944699,-1.15484377355711,0.008,0.026,1
"JHY",0.559625512931978,0.374590292541206,0.11,0.098,1
"STK11IP",0.559664039713243,-0.130229423822078,0.094,0.104,1
"FBXO44",0.559859848817712,0.82473615399257,0.071,0.047,1
"NUP153",0.559903618631678,0.215835201875797,0.472,0.415,1
"GALNT1",0.559957604926244,-0.2781055169149,0.354,0.409,1
"MBTPS1",0.560040220158337,-0.24573607255414,0.126,0.171,1
"TENT4B",0.560104299448196,-0.4080370645442,0.142,0.197,1
"CTC-338M12.4",0.560218635832777,-1.20302564728899,0.016,0.041,1
"ZBTB43",0.560220740938594,-0.223769735058811,0.386,0.477,1
"PRPF31",0.560432774760257,0.215457220766938,0.276,0.238,1
"MDM2",0.560436597973163,-0.132697248090772,0.276,0.28,1
"ZC3H6",0.560491926890393,0.594322631406438,0.102,0.067,1
"DZIP3",0.56074617079962,0.303645872207102,0.039,0.031,1
"COG6",0.560833637527293,-0.277875353128493,0.102,0.119,1
"TMEM258",0.561167153958483,0.2112802706712,0.843,0.813,1
"CTSK",0.561667335524851,0.908012707337188,0.016,0.01,1
"SCO1",0.561667843955816,-0.181826308675823,0.165,0.161,1
"MUC12",0.561763129705279,0.672236877482226,0.039,0.026,1
"CACNA2D3",0.56206517547705,0.722594388796219,0.016,0.01,1
"ATP5PF",0.562065223233181,-0.116094484437022,0.732,0.793,1
"PLAGL2",0.5621235002259,-0.222114176987592,0.087,0.093,1
"CD101",0.56215353393398,0.123453595159572,0.016,0.01,1
"NEPRO",0.56245086426038,0.414737131046829,0.252,0.218,1
"OXSM",0.562635167757083,0.59461465564222,0.142,0.098,1
"HCG25",0.562683299508538,1.01294161459331,0.016,0.01,1
"INO80D",0.562864843570259,0.203945296554754,0.402,0.363,1
"UPK3BL1",0.56288679678886,0.552166925606936,0.055,0.036,1
"SOCS1",0.562926811668814,-0.727495991125312,0.079,0.114,1
"RACGAP1",0.562973405617955,0.889096369873984,0.079,0.052,1
"LRRC75A",0.563234823824117,0.989200025454034,0.039,0.021,1
"GRPEL2",0.563260189761951,0.345783931562967,0.016,0.026,1
"GNAI1",0.563318007654157,-1.20746454343878,0.031,0.047,1
"VPS54",0.563685703761051,0.233418589580466,0.228,0.238,1
"AP1G2-AS1",0.56371341051422,1.43173021751553,0.039,0.021,1
"PSTK",0.563777875841991,0.956390474515811,0.055,0.041,1
"DCBLD2",0.563826313731209,-0.73742861344302,0.024,0.052,1
"DAGLB",0.564011200116957,-0.282725006048091,0.142,0.207,1
"PNRC2",0.564197076673052,-0.112393527744265,0.598,0.642,1
"ZNF268",0.564247618695566,-0.718036234669849,0.039,0.073,1
"MMP17",0.564299701979817,-0.721977217586084,0.016,0.031,1
"PITHD1",0.564505933156461,-0.265675352109632,0.307,0.368,1
"MGST2",0.564739737009389,0.115151844055033,0.283,0.275,1
"NAPA",0.564764514754707,0.185285274436237,0.866,0.829,1
"ENSG00000205622",0.564808412618594,-0.613415526628124,0.024,0.052,1
"MRPL22",0.564843728682987,0.262962984173638,0.433,0.389,1
"MIR4453HG",0.564880793258,-0.845065952123189,0.016,0.026,1
"PAN3",0.564893105328827,-0.120199087652213,0.614,0.689,1
"ENSG00000290958",0.564937184550369,1.12665934307601,0.031,0.016,1
"NDUFS8",0.564961039693751,0.308220839846071,0.504,0.477,1
"CENPJ",0.565052704254288,0.17073513618393,0.055,0.036,1
"TBC1D19",0.565064911035425,0.966062410913024,0.047,0.026,1
"LINC01089",0.565096551790027,0.544896424405118,0.26,0.228,1
"ENSG00000287104",0.565160600762757,1.05474826779673,0.039,0.021,1
"GTF2I-AS1",0.565391492044967,-0.817832222689207,0.087,0.124,1
"MYH9",0.565420944451531,-0.100646088070766,0.945,0.933,1
"EEF1AKMT1",0.565486425519651,1.09787495045991,0.031,0.016,1
"CMTM7",0.565828270657545,-0.36438912822701,0.244,0.306,1
"PPP2R2B",0.565906390532085,0.77259624101019,0.016,0.01,1
"ARHGAP11A-DT",0.565991805639305,0.815266667650238,0.024,0.01,1
"CDC42-AS1",0.566308580688083,-1.44187973190118,0.008,0.021,1
"VPS26B",0.566457329756938,0.407312156738605,0.181,0.166,1
"SRP54",0.56647428696033,0.131160803551729,0.48,0.503,1
"KCNQ3",0.566493627265461,-0.831630943447447,0.008,0.021,1
"ATPAF1",0.566518458384086,0.197489665776982,0.118,0.088,1
"TMEM63B",0.566556239284748,0.872087175992279,0.134,0.109,1
"ENOX2",0.566647433804066,-0.560878508405813,0.102,0.14,1
"HIRA",0.566821599958106,-0.154974730738302,0.087,0.098,1
"SBNO2",0.566858656845423,-0.193479873322027,0.362,0.43,1
"KLHL3",0.566863357142692,0.795868615225194,0.024,0.021,1
"DOCK7",0.56688019506955,-0.563306621171274,0.197,0.259,1
"IRGQ",0.566881641974756,0.591175390404201,0.102,0.078,1
"DIRC3",0.567031805116868,-0.492519474052285,0.008,0.016,1
"CD200",0.567529882842461,-0.660265541950802,0.024,0.036,1
"ENSG00000253607",0.567601759105351,-0.268888182117352,0.031,0.057,1
"SELENON",0.567660115177663,-0.78102581629362,0.031,0.073,1
"FANCM",0.567809904435844,-0.182770749713842,0.11,0.119,1
"PAPLN",0.567848039958108,0.262300697487237,0.031,0.036,1
"MCM5",0.56787362285029,0.129317008989626,0.496,0.456,1
"LRP6",0.56796288859246,-1.03016203017036,0.016,0.036,1
"ADM",0.568055359561098,-1.03629527874143,0.039,0.062,1
"CTSL",0.568104857401966,-0.18018033137269,0.205,0.254,1
"HSPA4",0.568204015378313,0.242369534912531,0.449,0.42,1
"ASXL1",0.568285060191456,-0.102888145731751,0.449,0.503,1
"ZNF592",0.568358916988004,0.267670180890783,0.457,0.44,1
"TAF13",0.56844543476898,-0.412528462941997,0.165,0.228,1
"RTL10",0.568630613071341,0.140663670588766,0.047,0.041,1
"ASB6",0.568706868017558,-0.373506398944749,0.157,0.181,1
"NUDT18",0.568739334516566,-0.276453961784763,0.024,0.021,1
"FAM32A",0.568815670582297,0.236784677015605,0.441,0.425,1
"CENPU",0.56886437151051,-0.868180145155438,0.024,0.036,1
"ABHD17C",0.569241738258022,-0.607849117218452,0.087,0.135,1
"ENSG00000280195",0.569271251906447,-0.678135033877901,0.008,0.016,1
"SPINDOC",0.569419449862143,-0.246181619356657,0.252,0.29,1
"TMEM41B",0.569620617153448,-0.298532752542846,0.402,0.472,1
"ENSG00000268858",0.569629349134796,1.41640472389099,0.024,0.01,1
"SNRNP70",0.569816762025261,0.217729142653377,0.709,0.72,1
"COPRS",0.569866170435654,0.26247836183846,0.157,0.135,1
"ZNF155",0.569883637419117,0.960815249345307,0.071,0.047,1
"SLC30A4-AS1",0.569966623238001,0.184828216284894,0.205,0.202,1
"WBP2NL",0.570050786573957,0.129166288523106,0.063,0.047,1
"ENSG00000259692",0.57009985784436,0.824145352240842,0.024,0.016,1
"ENSG00000288012",0.57026997763858,0.622257570234263,0.039,0.021,1
"ENSG00000174171",0.570272772276148,-0.617167827644175,0.008,0.016,1
"PIK3R5-DT",0.570431965506562,-0.326909077729033,0.008,0.016,1
"GAR1",0.570475401346024,0.265790460867606,0.276,0.238,1
"SCARB1",0.570517931053806,-0.19367961643503,0.11,0.155,1
"RBMXL1",0.57057669089491,0.563142803314358,0.173,0.155,1
"NUS1",0.570723286624892,0.387227271750404,0.244,0.223,1
"ZNF277",0.570767979582498,-0.101975883371242,0.291,0.311,1
"PHETA1",0.57101862168609,0.173100133485403,0.094,0.119,1
"DNAJB9",0.571133264362716,0.121389386426983,0.425,0.363,1
"THAP8",0.571170147415372,-0.871407946273775,0.008,0.016,1
"HLX",0.571210281598654,-0.94888865627756,0.016,0.031,1
"ERO1B",0.571334744670685,-0.138619439134959,0.362,0.425,1
"ENSG00000287351",0.571480322209304,-0.187967177324531,0.008,0.016,1
"TAB1",0.57156635312841,0.328157014508818,0.071,0.047,1
"PIK3IP1",0.571582578775205,0.415752733993657,0.071,0.083,1
"CYTH1",0.571624247019818,0.112200261699383,0.654,0.622,1
"SAR1A",0.572233050419227,-0.145629216123161,0.449,0.528,1
"MEAF6",0.572278262157939,0.321616036325194,0.472,0.425,1
"TMEM192",0.572330535668881,0.454074386725429,0.157,0.119,1
"TSC22D2",0.572351891180662,-0.13867697335415,0.48,0.503,1
"FAM234B",0.572389393868369,-1.19400538291452,0.016,0.026,1
"KLF4",0.572414834062678,-0.414225809990115,0.173,0.254,1
"ENSG00000288755",0.572533016751777,-0.903527388437254,0.142,0.155,1
"ANXA2R-AS1",0.572550423841367,1.25470612139385,0.047,0.026,1
"ARHGAP26",0.573035242508012,-0.333836926550418,0.354,0.451,1
"IFT22",0.573076402444185,0.641946648618777,0.11,0.093,1
"FUOM",0.573081069055964,-0.357516607237656,0.228,0.264,1
"LINC00665",0.573271238468087,0.831823084129511,0.055,0.036,1
"SEC14L1",0.573347162584818,0.200169811158415,0.52,0.528,1
"TRIM62",0.573513111567359,-0.716921649661844,0.024,0.047,1
"STXBP5",0.573705040939421,-0.135212960854838,0.291,0.295,1
"NPDC1",0.573729293140463,-0.632556936557276,0.063,0.098,1
"SUPV3L1",0.573764997274991,0.456166767489198,0.173,0.161,1
"ENSG00000290762",0.57377964379603,0.104669957387499,0.039,0.031,1
"DMAP1",0.574033180111114,0.39461506463995,0.15,0.119,1
"ERP44",0.574107084716565,-0.217696057907282,0.559,0.627,1
"FARSA",0.574372570092535,-0.214775115346545,0.213,0.275,1
"TOM1",0.574429984733231,-0.139439442652198,0.488,0.487,1
"NPL",0.574508272293558,-1.41896853074651,0.008,0.021,1
"MAGEH1",0.574593705989896,-0.255047009061583,0.11,0.135,1
"C11orf80",0.574837499528313,0.739356326100632,0.173,0.124,1
"NUDT16",0.574857550180657,0.147474570885523,0.024,0.036,1
"GP1BA",0.574927948580722,0.96085190736791,0.055,0.036,1
"CAMKK2",0.57497605554534,-0.550967660231755,0.047,0.083,1
"GIMAP7",0.575044161341251,-0.421392302176742,0.047,0.073,1
"ENSG00000265401",0.575053154850166,0.627370140086168,0.11,0.088,1
"RMI1",0.575074474693585,0.569354348315725,0.087,0.062,1
"VPS9D1",0.575551711715054,0.335029060801984,0.079,0.062,1
"BIN2",0.575593847045936,0.199876769450703,0.268,0.233,1
"SNX8",0.575621789188269,0.179760680711379,0.244,0.259,1
"TSNARE1",0.575637294243292,-0.569016920597362,0.024,0.052,1
"APBA3",0.575662341357292,-0.194681287711267,0.134,0.14,1
"SPPL3",0.575798871787225,-0.10979934336246,0.402,0.466,1
"PDE1B",0.57596256469556,-0.490662096141493,0.039,0.067,1
"ASH2L",0.575973991669195,-0.324059878063408,0.205,0.264,1
"FRYL",0.57615191051386,0.215591541763861,0.614,0.591,1
"NECAB3",0.576292344877616,-0.275948496711679,0.008,0.016,1
"ZNF470",0.576318750330515,1.07774998175012,0.031,0.016,1
"DPY30",0.576498043075391,0.452272170951364,0.26,0.228,1
"UNKL",0.576503301859626,-0.196165429222324,0.126,0.166,1
"SDK1",0.576631770907998,0.456451229825644,0.024,0.01,1
"TTLL10",0.576988886769637,-1.06028466500657,0.008,0.026,1
"CCDC174",0.577037078632735,0.31566137837329,0.417,0.368,1
"CHMP2B",0.577056920073921,-0.251362400633738,0.417,0.503,1
"SEPTIN7-DT",0.57708168187806,-0.929603967260196,0.008,0.021,1
"ENSG00000289155",0.5771196158766,0.158911679541839,0.016,0.01,1
"ENSG00000229195",0.577253294301145,0.702964985152958,0.031,0.016,1
"KIF18A",0.577305877411531,0.830440538479791,0.047,0.026,1
"FNBP1L",0.577353541451347,-0.138073073909404,0.213,0.264,1
"FASTKD5",0.577523795058517,0.245278291707705,0.15,0.13,1
"BCL11B",0.577700613901171,-1.1280034814519,0,0.01,1
"CD3G",0.577700613901171,-1.33284231585534,0,0.01,1
"SH2D1A",0.577700613901171,-0.64024681402881,0,0.01,1
"ENSG00000286760",0.577780213604274,-0.514082761267467,0.008,0.016,1
"ENSG00000263823",0.577791022893444,0.780343536028056,0.024,0.01,1
"PHF12",0.577854535582316,0.257507213149732,0.276,0.249,1
"CELSR3",0.577904753609388,-0.804074995819296,0.008,0.016,1
"USP33",0.57796742052113,-0.190574798639205,0.441,0.466,1
"FKBPL",0.578069445333491,1.01026753805513,0.016,0.01,1
"GPS2",0.578072864986636,0.101231713492089,0.567,0.606,1
"ENSG00000288771",0.578269649830998,-0.449125285712208,0.039,0.047,1
"PPP4R3B",0.578325058394691,0.17395928376198,0.614,0.637,1
"SPIN4",0.578362127276957,-0.928348362131932,0.008,0.016,1
"CENPT",0.578376767806352,0.278434192823074,0.189,0.155,1
"ENSG00000251867",0.578427633411818,-0.656218888309114,0.016,0.041,1
"ENSG00000225885",0.578687454035372,0.526570109668163,0.26,0.228,1
"SPRING1",0.578714389532403,0.545944066301819,0.142,0.13,1
"TCL1A",0.578725091874877,0.483176070666499,0.11,0.073,1
"GFER",0.578843568791662,-0.518469877162632,0.047,0.078,1
"ARHGEF10L",0.579031708310036,-0.832512452295695,0.016,0.036,1
"GTF3C5",0.57910703276318,0.466510900860947,0.244,0.202,1
"TUBD1",0.579492037466959,0.153781481605131,0.11,0.093,1
"TBCC",0.579642283639053,0.14105419529376,0.425,0.368,1
"PKIB",0.579728177448219,-0.728329450357375,0.11,0.14,1
"CANX",0.5799667270815,0.116012853216924,0.85,0.876,1
"ENSG00000289212",0.580097987138819,-0.660139501657198,0.008,0.016,1
"ZNF490",0.580161516630073,0.367050801035772,0.346,0.306,1
"VAMP1",0.58017360216266,0.322667247938727,0.11,0.083,1
"SP140L",0.580858647979557,0.73288963075161,0.087,0.073,1
"NDUFAF4",0.580863790728552,0.334367735827834,0.299,0.249,1
"TXNDC9",0.581192387641556,-0.183175879461273,0.354,0.373,1
"TBC1D17",0.581418761614692,0.191073963676615,0.173,0.155,1
"ALDOC",0.581508452136942,-0.780763001499549,0.016,0.041,1
"NCEH1",0.581515427417897,1.18408751071399,0.055,0.036,1
"ATP5MC1",0.581556903699167,-0.157978926068668,0.543,0.575,1
"BLCAP",0.581655638914734,-0.309922228317713,0.268,0.337,1
"ECD",0.581742895232389,0.14024180344005,0.291,0.275,1
"DHX35",0.581835885780775,-0.366738053716492,0.047,0.078,1
"HEATR1",0.581922202558895,0.365049916310651,0.22,0.192,1
"TTC38",0.581964148048959,0.692346717409563,0.039,0.036,1
"PITPNM1",0.582069157316327,-0.552462111327282,0.134,0.161,1
"BLM",0.582102257959346,-0.625572202211345,0.016,0.036,1
"LIN7C",0.582265544120482,0.533898981775933,0.197,0.155,1
"PRRG2",0.582356618351438,1.14409693259707,0.031,0.016,1
"FBRS",0.582362678924798,0.10964477063358,0.614,0.653,1
"KAT14",0.582362693061338,1.28441317480778,0.055,0.031,1
"ZFAND1",0.582368585917321,-0.219320592679966,0.165,0.223,1
"ANKRD42",0.58253152156993,0.366598487435367,0.071,0.052,1
"SENP3",0.582657277347484,0.639878756640105,0.173,0.145,1
"RABL6",0.582725540192946,0.25274902774028,0.409,0.389,1
"LINC01857",0.582727805339602,0.793645844128953,0.016,0.01,1
"MIR4300HG",0.582849767911348,-0.364888316028336,0.008,0.016,1
"CPEB4",0.583100021477758,-0.108331166803084,0.299,0.363,1
"CNIH2",0.583130222970112,0.323443839133344,0.15,0.109,1
"RCE1",0.583134394310003,-0.170159045933471,0.22,0.259,1
"FBXL4",0.583191185340541,-0.346195569414094,0.102,0.124,1
"PTPN6",0.583361800653079,0.189892219025367,0.724,0.699,1
"SLC22A15",0.583537443054909,1.54810375619728,0.024,0.021,1
"XBP1",0.583559432254482,0.132115514415954,0.78,0.72,1
"CMSS1",0.583562451146729,0.223005713009955,0.354,0.311,1
"HSBP1L1",0.583567748189474,1.01686987923192,0.039,0.026,1
"CEP131",0.583619385803174,-0.854375271967104,0.024,0.041,1
"CLN8-AS1",0.583667439808094,0.565965344460839,0.165,0.176,1
"MYO18A",0.58378342728264,0.335961727112684,0.189,0.161,1
"MTA1",0.584119514472779,-0.423339430446441,0.15,0.207,1
"CITED4",0.584129881588388,-0.10883413807437,0.039,0.073,1
"MFNG",0.584478316873535,-0.1420070053202,0.236,0.259,1
"CPNE8",0.584632257593998,0.62268026068619,0.11,0.083,1
"ENSG00000248544",0.584659763992862,-0.90665678579257,0.016,0.036,1
"YJU2B",0.584741639079126,-0.214031233523111,0.236,0.29,1
"TBX19",0.584747091986032,0.965863415972153,0.063,0.041,1
"NPTN",0.584853716528826,0.185858543167496,0.315,0.301,1
"MIR924HG",0.584982646790282,-0.518080461753196,0.047,0.088,1
"FRG1-DT",0.585061692638866,-1.16661792821371,0.008,0.021,1
"KHNYN",0.585067309729519,0.410117015504321,0.252,0.223,1
"ENSG00000289283",0.585097734416722,-0.281441972552408,0.008,0.021,1
"DTYMK",0.585176042700112,0.577952182981728,0.134,0.098,1
"AQR",0.585213435961455,0.388277480415539,0.283,0.244,1
"NAIF1",0.585286051591693,0.889035012588609,0.031,0.016,1
"INTS2",0.585300317200694,-0.171510279280081,0.039,0.052,1
"KCNJ13",0.585313007542671,0.912863354575969,0.047,0.026,1
"ADK",0.585397847934785,0.217477229081085,0.646,0.617,1
"SLC4A1AP",0.585430593241928,-0.178203995336165,0.252,0.269,1
"C1GALT1C1",0.585448195603943,0.229150001482026,0.142,0.114,1
"TMEM53",0.585539184138632,-0.419585048685352,0.047,0.047,1
"ZNF184",0.585688526902268,0.427353935069565,0.079,0.057,1
"WASHC3",0.585795870675842,-0.311915256605632,0.157,0.202,1
"MDC1",0.585843036509265,-0.36420620481946,0.102,0.135,1
"LARP4",0.585912983552677,0.207824534842238,0.307,0.337,1
"GHDC",0.586084339108294,-0.795796332417039,0.031,0.057,1
"RAP1GAP2",0.586104632749205,0.29313621987871,0.331,0.285,1
"PLA2G12A",0.586259469240224,-0.586239965070635,0.055,0.088,1
"ENSG00000287269",0.586457301077159,-0.290769145169657,0.016,0.036,1
"SAYSD1",0.586698530287241,-0.762272863721888,0.024,0.052,1
"CLK4",0.586757454388267,-0.125793816347802,0.346,0.415,1
"DNTTIP2",0.586781241036004,0.110791162817072,0.575,0.606,1
"TRIM16",0.586830284650974,-0.792678868637577,0.008,0.021,1
"ILK",0.586864730543159,-0.144067564668222,0.52,0.591,1
"ENSG00000288823",0.58713316407009,-1.08958396611881,0.008,0.021,1
"CDKL5",0.587258238252271,0.308821711869408,0.173,0.15,1
"ANKRA2",0.587370808210661,0.204830851118092,0.173,0.15,1
"NDUFS3",0.587429605559014,0.202560509926073,0.528,0.466,1
"TBL1X",0.587431141052296,-0.360665685348894,0.22,0.269,1
"FARP1",0.587476645924601,-0.472048797440905,0.039,0.067,1
"IK",0.587488531194737,0.106452354678184,0.701,0.679,1
"BBS2",0.587512478531665,-0.334718050229944,0.031,0.052,1
"SNRK-AS1",0.587548475709509,-0.136530139510914,0.055,0.062,1
"PXYLP1",0.587596823199845,-0.443848362752139,0.016,0.031,1
"ING5",0.587613121646096,0.447046464315401,0.213,0.176,1
"AIG1",0.587644712253612,0.357177201819844,0.126,0.109,1
"TADA2B",0.587687734638796,-0.214036671386164,0.11,0.119,1
"CLCN5",0.587696244707132,-0.203854584596655,0.244,0.228,1
"ENSG00000289995",0.587762241829737,-0.675695895786621,0.039,0.057,1
"RNF213",0.58785008693223,-0.29084782617362,0.472,0.518,1
"ARHGDIA",0.587888488115232,0.115374129916441,0.874,0.855,1
"ITGB2-AS1",0.58798122280735,-0.53874087893409,0.079,0.104,1
"ANKRD46",0.588036231079588,0.775344008675009,0.087,0.062,1
"ENSG00000275441",0.588208534069653,0.933938897972844,0.055,0.031,1
"UMAD1",0.588236702271923,0.193111727126506,0.22,0.176,1
"CD80",0.588278021220084,-0.251386603145311,0.008,0.016,1
"SS18L1",0.588346957554844,-0.207899824125424,0.024,0.047,1
"C2CD3",0.588371409908831,-0.43675627388373,0.118,0.161,1
"NLGN3",0.58852743896694,1.77808610798389,0.024,0.01,1
"THUMPD2",0.588569324413931,-0.18684120227941,0.165,0.176,1
"CCDC40",0.588598172891573,0.92038018565187,0.016,0.01,1
"ENSG00000288044",0.588608712090199,0.472165442547093,0.102,0.078,1
"SYT5",0.588624988336834,-1.08149258897005,0.008,0.026,1
"IPO9-AS1",0.588788562283851,-0.769409852514251,0.047,0.083,1
"VPS39",0.588791115821466,0.343815516718419,0.236,0.197,1
"GMNN",0.58879763984226,-0.412488521530443,0.087,0.098,1
"PTER",0.58895326575001,0.127190257934393,0.031,0.041,1
"ENSG00000271857",0.588968835651709,0.445613954952732,0.071,0.041,1
"ITM2A",0.589015550414325,-0.437476139357664,0.126,0.171,1
"MIR181A1HG",0.589023720741483,-0.304851956214285,0.354,0.399,1
"STYX",0.589186559533572,-0.276352678700657,0.189,0.218,1
"ZNF778",0.589248467572473,-0.526166815241214,0.047,0.078,1
"TFB1M",0.589258375777839,0.681765579588355,0.11,0.083,1
"POLR3GL",0.589268786935029,0.506030423129308,0.134,0.104,1
"BMS1",0.589296365964873,0.107798745488751,0.252,0.223,1
"HNRNPA3",0.58941047032009,0.159048706864099,0.882,0.902,1
"UQCC6",0.589575599927992,-0.14916576031383,0.071,0.098,1
"XPOT",0.589826048126805,-0.272590961477554,0.134,0.15,1
"TRAF3IP2",0.589916109242995,-0.63182761419211,0.039,0.078,1
"CDC37L1",0.589990898297435,-0.205326431041686,0.142,0.187,1
"ENSG00000291078",0.590030980018622,-0.317861520786964,0.15,0.202,1
"VPS28",0.590088777673336,-0.104972184089226,0.52,0.596,1
"PHYHD1",0.590235635489647,-0.765516695114226,0.008,0.021,1
"ENSG00000225032",0.590279054290808,-0.457777499431903,0.087,0.135,1
"WARS2",0.590400442342888,-0.240760665311028,0.126,0.145,1
"LMF1",0.590540603991616,0.572693617024846,0.087,0.062,1
"SPECC1L",0.590557678665798,0.249721925013971,0.37,0.326,1
"GPANK1",0.590728376926458,0.41178992145003,0.165,0.145,1
"UST",0.590775409051487,-0.162946379073566,0.315,0.321,1
"APOM",0.590778667510731,0.47964750443214,0.063,0.047,1
"BAP1",0.590841454568789,-0.240990506442146,0.173,0.228,1
"JADE2",0.590885190518781,0.647501578670087,0.102,0.098,1
"PPP1R3F",0.590911908380733,0.358740821868254,0.055,0.036,1
"SORBS3",0.591016348933392,-0.636640377204436,0.031,0.052,1
"SEC24B-AS1",0.59106064566331,-0.767979962059801,0.008,0.026,1
"USP24",0.591069288226972,0.157731078608281,0.488,0.518,1
"XRCC3",0.591187130998682,0.740475427066732,0.024,0.016,1
"MAPK6",0.591309326796383,0.116531112768308,0.323,0.363,1
"CRLF1",0.591458923340846,-0.66257940609844,0.031,0.062,1
"LPAR5",0.591482963923079,0.270002598780161,0.126,0.124,1
"ENSG00000229337",0.591538509716925,-0.590910675105522,0.024,0.021,1
"FHIP2A",0.591734785087394,-0.265337667344538,0.189,0.228,1
"LINC00513",0.591754590288171,0.118319989997651,0.26,0.321,1
"PTAFR",0.591758791869393,0.84186050379962,0.063,0.052,1
"SPI1",0.591849897958407,-0.117175172419701,0.756,0.819,1
"PNPLA4",0.592014353853852,0.381274772675867,0.031,0.021,1
"ADNP",0.592174122024956,-0.154317391738173,0.441,0.461,1
"SIL1",0.592192694747662,-0.197319354385027,0.197,0.259,1
"NUDT19",0.592245604193958,1.07812255351337,0.079,0.057,1
"CENPH",0.592374259853389,0.486374812117376,0.071,0.052,1
"CNFN",0.592376533613881,-1.34556819091223,0.008,0.026,1
"DIS3L2",0.592509770049806,0.30669507047761,0.22,0.176,1
"SLC41A1",0.592724281796372,-0.619777384377925,0.008,0.021,1
"ATG13",0.592742882098742,-0.120165070548689,0.26,0.275,1
"GOLGA8N",0.59279134654118,-0.655295406651659,0.008,0.021,1
"CHAF1B",0.592880675963311,1.22412604407207,0.031,0.016,1
"AP2A2",0.592963643068468,-0.141502453157942,0.236,0.301,1
"PABPC4",0.592988359558564,-0.193869167934293,0.417,0.472,1
"YRDC",0.593107281048697,0.607692101960552,0.22,0.212,1
"CCR5AS",0.59321500502515,0.417580724300331,0.071,0.052,1
"ENSG00000290854",0.593423626513121,0.431180839720243,0.118,0.083,1
"ENSG00000250764",0.593464793469874,-1.05757795890036,0.008,0.021,1
"MON1B",0.593661651564717,0.474338185536102,0.15,0.14,1
"TTC3",0.593664323670126,0.180362162521465,0.646,0.596,1
"PARP2",0.593793274870189,0.465948591247264,0.087,0.057,1
"ZNF460",0.593922856919778,-0.276886029209333,0.15,0.202,1
"SF3A2",0.594098630476015,0.135548880735145,0.591,0.544,1
"CS",0.594272933079744,0.169142317570219,0.488,0.451,1
"PRPF38A",0.59427672950413,-0.201754580955626,0.449,0.508,1
"CCDC61",0.594393867464736,-0.240420383911494,0.016,0.026,1
"CFP",0.594409565725599,-0.341671201371396,0.323,0.373,1
"RWDD3",0.59457367462567,-0.371036361565854,0.11,0.15,1
"KAT8",0.594600480370558,0.15749886537301,0.346,0.363,1
"TAFAZZIN",0.594797072449365,-0.185647573401472,0.157,0.197,1
"GZMH",0.594833692942212,-0.877781921042573,0.016,0.031,1
"PANX1",0.594922306567426,-0.32773819837003,0.087,0.124,1
"UBR5-DT",0.59493910035824,-0.238327660726904,0.118,0.15,1
"RTP5",0.595013074939196,-0.883916832913446,0.008,0.021,1
"ENSG00000255882",0.595295282758991,1.2909834944945,0.016,0.01,1
"ALDH5A1",0.595440107491072,0.255301966443418,0.063,0.036,1
"ENSG00000289564",0.595479174920166,1.1152081785844,0.031,0.016,1
"YIPF5",0.595650419620279,0.30407535988327,0.331,0.295,1
"ARHGAP15",0.595687986383915,0.204778139158478,0.614,0.611,1
"AVEN",0.59573834472395,0.306871206221144,0.197,0.155,1
"RGS14",0.595893344587973,0.730000676963023,0.079,0.057,1
"PIGM",0.595983758581603,0.737951035454697,0.039,0.021,1
"CPQ",0.596089685552208,-0.408878181166791,0.157,0.212,1
"CYTH3",0.59618562146569,0.431717478602957,0.189,0.155,1
"SPIDR",0.596188946934975,0.216763339490591,0.362,0.358,1
"AXIN1",0.596255295140043,0.197030194291379,0.236,0.202,1
"C9orf40",0.596268618713232,1.58932383122423,0.039,0.021,1
"TWF2-DT",0.596307164309305,0.301684813037155,0.016,0.01,1
"ENSG00000286848",0.596374422175361,-0.634320739711049,0.008,0.021,1
"ENSG00000288856",0.596444842072908,1.66620605926206,0.024,0.01,1
"CC2D1A",0.596458602379234,-0.226183193426369,0.047,0.078,1
"POC1B-AS1",0.596507034705759,-0.281880558003651,0.031,0.031,1
"ELP6",0.596513509606052,0.401744699926446,0.228,0.187,1
"MINK1",0.596526861837738,-0.3328861464436,0.11,0.14,1
"PTPRG",0.596639553008705,-0.330529510594421,0,0.01,1
"RAB23",0.596661506721216,-0.706184972990553,0.008,0.021,1
"ENSG00000287117",0.59697175571774,0.660016010807697,0.039,0.026,1
"USE1",0.597027888434794,0.382670475156813,0.276,0.249,1
"ERVK3-1",0.597112213350283,0.325080366933555,0.402,0.389,1
"WDR35",0.597326583761668,0.204050889230585,0.087,0.124,1
"ARHGEF39",0.597329531307154,1.13251826572986,0.016,0.01,1
"TMX3",0.597403478933402,-0.322344525704381,0.22,0.264,1
"ENSG00000260196",0.597604419588137,0.142290565524971,0.008,0.016,1
"ARHGEF3",0.597680844856485,-0.201024751688512,0.126,0.171,1
"DHX8",0.597772627160482,0.214468985971587,0.394,0.368,1
"LINC01970",0.597879855393861,0.698327408220063,0.031,0.016,1
"VPS41",0.598335386468183,0.11477323107136,0.331,0.352,1
"TCHP",0.598358864436394,-0.265494131741185,0.165,0.207,1
"UAP1",0.598666814683798,-0.198879158927864,0.252,0.285,1
"URB1-AS1",0.598673540964363,1.24471197755127,0.039,0.021,1
"WRAP53",0.598875332853794,0.540301854023844,0.094,0.067,1
"ECHDC3",0.598934504933269,0.598888430196708,0.039,0.031,1
"ENSG00000261573",0.599108933775023,0.130306044111852,0.142,0.15,1
"MCPH1-AS1",0.599279777488077,-0.403884235508012,0.063,0.083,1
"RNPS1",0.59946239667135,0.15130005605933,0.732,0.715,1
"ENSG00000289863",0.599588902488489,-0.308998232104559,0.008,0.016,1
"SMPD2",0.5997148992301,0.195028440589475,0.181,0.187,1
"WDR44",0.599740648481724,0.269705760792506,0.323,0.311,1
"GPT2",0.599845652777532,-0.563265674632095,0.016,0.036,1
"SPRYD4",0.599934993302666,0.716669786457517,0.071,0.057,1
"TP53I13",0.60016177469884,0.414628015807154,0.465,0.44,1
"SLC22A17",0.600210052575187,-1.47414212596801,0.008,0.021,1
"ZNF639",0.600243296008515,-0.438274831815976,0.181,0.207,1
"NME2",0.600357714764458,-0.138708945699359,0.953,0.964,1
"TAPT1",0.600574026033564,-0.169372992320047,0.276,0.337,1
"MRPL44",0.60058411372588,0.182541766841777,0.323,0.29,1
"ALG10B",0.600608904289241,-0.750018695899934,0.016,0.036,1
"ENSG00000254873",0.600704710497041,-0.192931095003895,0.008,0.016,1
"HHEX",0.600984495608233,0.525077354411859,0.276,0.233,1
"INPP5F",0.601085715361486,0.138862932580506,0.291,0.264,1
"C17orf67",0.601249965714681,0.133198862861012,0.071,0.067,1
"GPR55",0.601301167159767,1.17241575095352,0.039,0.026,1
"EFEMP2",0.601336498152187,-0.311246812859561,0.008,0.021,1
"GK-AS1",0.60171683970581,-1.20669329030271,0.008,0.026,1
"RP9P",0.601834869440272,-0.966822137022559,0.008,0.026,1
"EOLA2-DT",0.60233104643416,-0.706488864772997,0.031,0.052,1
"ENSG00000265975",0.602401332335855,0.823074102737155,0.039,0.026,1
"HMOX1",0.602402651557783,0.229444602784884,0.252,0.254,1
"ENSG00000288928",0.60241088768625,-1.13362531278814,0.008,0.021,1
"SAR1B",0.602465235787071,0.377764546069753,0.433,0.404,1
"VPS53",0.602466096108985,0.369665248974421,0.268,0.249,1
"C6orf89",0.602830894464748,-0.326707793538458,0.15,0.192,1
"AMPD3",0.602861372057766,-0.384630546608723,0.142,0.161,1
"IKZF3",0.602883913872679,0.569762271192085,0.102,0.067,1
"ACACA",0.60288892288969,0.525195314916143,0.126,0.098,1
"AATK",0.602890973709033,-1.03681779506815,0.016,0.041,1
"ENSG00000254129",0.602931149161297,-1.17043100266046,0.008,0.021,1
"PTX3",0.603449601203081,-1.30065594444856,0.016,0.041,1
"CCT6P3",0.603540404894478,0.100162711873015,0.063,0.083,1
"GPR180",0.603601335434745,-0.39967625084311,0.031,0.052,1
"ENSG00000286548",0.603839129694306,-0.281234821039884,0.008,0.016,1
"RFPL3S",0.603854452263721,-0.825786495490191,0.008,0.021,1
"ANGPTL6",0.603957416452462,-0.126687630774327,0.008,0.016,1
"ARHGAP12",0.604043531739084,0.295991821541581,0.118,0.083,1
"FBP1",0.604091543844842,0.239483941190781,0.134,0.119,1
"CEP83",0.604096591299014,-0.260876458705286,0.228,0.306,1
"DHRS4-AS1",0.604123360114958,0.988299247328138,0.071,0.041,1
"CYP2R1",0.604131249714897,0.260166283102304,0.118,0.098,1
"HOMEZ",0.604167029518454,-0.168698490428945,0.063,0.083,1
"PPP6R1",0.604289125469984,0.306675012032346,0.646,0.611,1
"USP6NL",0.60451401992571,-0.129862974527144,0.189,0.192,1
"TRAFD1",0.604562220393859,-0.123086360737358,0.157,0.187,1
"IL1A",0.604830466752936,-0.647073190745353,0.024,0.047,1
"UVRAG",0.604880837431234,0.122840127233494,0.654,0.606,1
"NANOS3",0.604907729163405,-0.400261362470725,0.063,0.052,1
"BDNF-AS",0.605025264831168,1.50013431678503,0.024,0.01,1
"ENSG00000223969",0.60506529076226,0.387072615344147,0.055,0.073,1
"DNPEP",0.605148987311525,-0.321491920706629,0.181,0.238,1
"ENSG00000265656",0.60523904278346,-0.280365829637121,0.008,0.016,1
"IDE",0.605260417109901,0.445363758008184,0.189,0.166,1
"DHTKD1",0.60530231232236,0.173490467042797,0.205,0.223,1
"USP7",0.605375250059033,0.163518681553495,0.543,0.544,1
"ATAT1",0.605401890542116,0.427630654506079,0.126,0.098,1
"RNH1",0.605440471724633,-0.194652479860745,0.74,0.782,1
"RPA1",0.605455121046762,-0.149245834176493,0.268,0.275,1
"LDHB",0.605488917259977,-0.160663530156666,0.732,0.736,1
"ERAL1",0.605500086645342,0.405874910692006,0.165,0.135,1
"ZFTA",0.605734189143118,0.217712642651255,0.063,0.062,1
"MECOM",0.605749650039116,-0.538785720461886,0.024,0.047,1
"BMAL2",0.605812579717148,-0.246173548446634,0.118,0.14,1
"THOC3",0.605845828515353,-0.196911879113967,0.142,0.187,1
"LINC00294",0.605858898503366,-0.453344444984523,0.008,0.021,1
"CDC42SE1",0.605905186059987,-0.119796996225074,0.717,0.751,1
"HES4",0.60593722981579,-0.132990247708006,0.339,0.409,1
"SLC25A4",0.606200661344483,0.613475560771798,0.063,0.036,1
"UBE2G1",0.606424142426329,-0.114383495824828,0.354,0.383,1
"TBC1D13",0.606560249145388,0.162717101091764,0.291,0.249,1
"RPP38",0.606621900288623,0.541436110761342,0.181,0.15,1
"RAP2A",0.606705229452513,0.157292270427493,0.236,0.212,1
"SNAI3",0.606796922885311,0.191811672170895,0.11,0.088,1
"ETV5",0.606844594181934,-0.969568501942038,0.024,0.052,1
"DDX27",0.606926203242301,0.305890547570755,0.425,0.404,1
"GINS1",0.606992412066707,1.62418369913113,0.024,0.01,1
"ENSG00000289293",0.607110211603953,0.281027427966431,0.197,0.171,1
"MON2",0.607150671518689,0.102945430666083,0.465,0.503,1
"TYK2",0.607259588044855,0.153953457233298,0.315,0.29,1
"RXRA",0.607317688852673,0.282196893071595,0.291,0.254,1
"ENSG00000273702",0.60736271048345,-0.506025330410671,0.039,0.067,1
"PGGHG",0.607400739553312,0.810608133277234,0.063,0.047,1
"CNIH3",0.607588320922852,-0.529017145294256,0.031,0.052,1
"ENSG00000215014",0.60774138781533,0.99302958716397,0.024,0.01,1
"RER1",0.607785150645269,-0.109013723740427,0.598,0.648,1
"ENSG00000274015",0.607914020635566,-0.277862237127668,0.031,0.041,1
"ZNF212",0.608104019289759,0.631753933302999,0.102,0.093,1
"TMEM91",0.608226699801475,-0.450189113504617,0.071,0.114,1
"RSKR",0.60828008825854,-0.399382867438116,0.079,0.104,1
"FIRRE",0.608343534072347,-0.797026612985518,0.008,0.016,1
"NTMT1",0.608691735892856,-0.34042663598398,0.173,0.207,1
"GALK2",0.608858352972684,0.436833581102102,0.173,0.135,1
"C5AR1",0.608995648439379,-1.65908197687361,0.016,0.041,1
"JOSD2",0.609040414623524,-0.32918972713324,0.102,0.119,1
"MDK",0.609122871218456,-0.847239882063272,0.047,0.078,1
"ARHGEF10",0.609205268448947,0.843819722159278,0.031,0.016,1
"SLC25A12",0.609322403931555,-0.476801959834445,0.094,0.13,1
"NANP",0.609339489472114,0.705126703011649,0.047,0.026,1
"ENSG00000291220",0.609444742397103,0.176813912436733,0.008,0.016,1
"ADPRH",0.609908785421216,0.519307052761762,0.142,0.109,1
"CDC25B",0.609969172063115,-1.1752025091796,0.024,0.047,1
"COA3",0.610111479150401,0.393502005567479,0.165,0.13,1
"ZDHHC7",0.61015912525004,0.34286766980624,0.299,0.259,1
"GCHFR",0.610204620271776,0.500668075041543,0.15,0.114,1
"GSTCD",0.610222689488804,0.794188663435786,0.055,0.047,1
"ZNF675",0.610495775357167,0.487766237611177,0.189,0.171,1
"POLE",0.610561360818007,0.662328910192759,0.094,0.078,1
"ENSG00000288956",0.61079563200031,1.12893059809977,0.016,0.01,1
"HABP4",0.610898019310149,-1.15756839594443,0.016,0.031,1
"EBF1",0.610903927975308,-1.69052467027031,0.008,0.026,1
"ZNF593",0.611053092574868,-0.411305898886278,0.157,0.197,1
"RNF10",0.611120219288884,-0.116325965771569,0.543,0.591,1
"ENSG00000229502",0.611167701080699,-0.681380426063393,0.016,0.041,1
"MTIF3",0.611206697994956,0.393071480598965,0.268,0.233,1
"F8A3",0.611207461957621,-0.444176478013951,0.016,0.036,1
"SAP30",0.611403819942632,-0.487867838882326,0.087,0.114,1
"HAUS7",0.61149330442822,-0.577757374392904,0.016,0.031,1
"MRPL41",0.611729447889401,0.250219558482883,0.528,0.503,1
"TMEM129",0.611743937680234,-0.461540793959323,0.039,0.057,1
"ZNF561",0.611804103089253,-0.462858280506849,0.039,0.067,1
"MPPED2",0.611889306302047,-0.658668580679363,0.031,0.036,1
"C1GALT1",0.612036993582299,0.169826912230751,0.244,0.259,1
"SPEF2",0.612041630536885,-1.02993262627922,0.008,0.021,1
"AGRN",0.612046843493206,0.298295769491866,0.063,0.062,1
"KANSL1",0.612086756337418,-0.125709095214866,0.559,0.585,1
"CDK19",0.612210216724345,-0.346332444791314,0.205,0.264,1
"FMR1",0.612322006627267,0.265323464612616,0.252,0.244,1
"NINJ2",0.612436487144285,0.468793198884323,0.071,0.052,1
"CDK5RAP3",0.61249521038341,-0.117698328602675,0.339,0.363,1
"TRNT1",0.612555959698121,-0.162176248315881,0.268,0.269,1
"ENSG00000251600",0.61260746117197,0.295079105262314,0.016,0.026,1
"BORA",0.612711413094837,1.0531904819054,0.024,0.016,1
"CDC27",0.612722303895845,0.137916454142085,0.402,0.383,1
"ZPR1",0.612784508912183,-0.167108949243518,0.268,0.301,1
"TGOLN2",0.612790675489941,0.109738241321828,0.472,0.44,1
"CIPC",0.612806747503231,0.902111137199784,0.055,0.031,1
"RPL39L",0.612990636847844,0.194304476964313,0.008,0.016,1
"TRAF7",0.613105451561555,-0.141087406612297,0.189,0.207,1
"ALDH18A1",0.613199249516863,-0.221485862470305,0.039,0.041,1
"IL10RB",0.613253548072739,0.222157104043918,0.417,0.389,1
"MAX",0.613504147624463,-0.188866670652693,0.543,0.606,1
"ENSG00000270055",0.613526028079228,0.320408937054102,0.047,0.062,1
"RAVER2",0.613578828411824,-0.262983417888291,0.079,0.088,1
"MFSD14CP",0.613624189617064,0.199241864243558,0.37,0.378,1
"VPS37A",0.613672263773363,-0.418203912645965,0.252,0.316,1
"PPP1R15B-AS1",0.613779267111808,-0.547424687690194,0.008,0.026,1
"KIF3B",0.614116204273971,-0.312697592995025,0.11,0.15,1
"PSMG3",0.614221089739007,0.42054241503098,0.197,0.155,1
"ENSG00000262413",0.614324063853014,0.383400164536733,0.031,0.036,1
"XPO1",0.614545590049485,0.207135894626394,0.409,0.435,1
"IL11RA",0.614932696547472,1.13159941027294,0.016,0.01,1
"URGCP",0.615068726398646,0.298714574523186,0.157,0.135,1
"FIS1",0.615093193539463,-0.109476645728138,0.567,0.622,1
"UFM1",0.615190015801955,0.209074799370542,0.661,0.642,1
"CENPQ",0.615216594805394,-0.454869741494086,0.031,0.052,1
"NEMP2",0.615253959589373,0.817448148385315,0.063,0.041,1
"CDKN3",0.615319322450735,-0.566867777019954,0.008,0.016,1
"KANTR",0.615355431627399,-0.507728278852101,0.063,0.098,1
"DDX43",0.615418941994369,-0.243067071935384,0.008,0.016,1
"ABCB9",0.615566323845207,-0.77316967950446,0.008,0.026,1
"LSR",0.61557014609791,-0.408121111462244,0.063,0.078,1
"SHPRH",0.615628588672849,0.424399684711474,0.244,0.207,1
"NAGK",0.615645363461134,0.349448588466298,0.528,0.472,1
"LINC01943",0.615768052880247,-0.2066685073031,0.047,0.073,1
"SPATA7",0.615784853205531,-0.688776635512608,0.031,0.052,1
"MORC2",0.615978130088069,-0.815939262337011,0.039,0.062,1
"IPO11",0.616132578668801,-0.384330395174192,0.11,0.15,1
"PBX3",0.616163728348377,-0.301810596621346,0.441,0.518,1
"MIR3667HG",0.616164699774212,-0.175826676529497,0.157,0.192,1
"CDKN2AIP",0.616357328046006,0.261486005110756,0.181,0.155,1
"RCCD1",0.616641431811073,0.714229176160869,0.031,0.016,1
"ENSG00000276216",0.616696332272279,-0.427527939926717,0.11,0.104,1
"PACRGL",0.616826726526159,-0.294651820451251,0.055,0.073,1
"DCAF10",0.616852867239142,-0.104336768365972,0.283,0.301,1
"RMND1",0.616874095549157,-0.412419099079046,0.039,0.067,1
"NDUFS6",0.616885107584575,0.258780303429542,0.724,0.72,1
"SMAD1",0.616913838132733,-0.756165031776493,0.039,0.062,1
"MROH8",0.616944319373599,0.694638722892388,0.055,0.031,1
"NDUFA2",0.617052592192747,0.194454697677789,0.614,0.622,1
"ILRUN-AS1",0.617117184352153,0.6218858409231,0.055,0.041,1
"ATG16L1",0.61714241035711,-0.283062792702159,0.087,0.124,1
"KANSL1L",0.61722731799486,0.430831348854988,0.283,0.264,1
"DENND6A",0.617521890562841,0.396908012235436,0.26,0.228,1
"CEP68",0.617692042990916,0.407627422705218,0.236,0.181,1
"SETMAR",0.617894673207958,0.892396090474258,0.039,0.026,1
"ENSG00000291075",0.617973740487165,-0.16427457320898,0.26,0.29,1
"PIGS",0.618051192164884,0.319183483340115,0.173,0.145,1
"RIMKLB",0.618117616255883,0.389043593414628,0.087,0.067,1
"NFIA",0.618280339713453,-0.762798559506481,0.008,0.026,1
"IER5L",0.618335310534692,0.406912216103139,0.142,0.119,1
"CEACAM21",0.61845887638436,0.43005135538257,0.102,0.073,1
"WDR91",0.618509552212821,-0.488104219549545,0.079,0.124,1
"FCF1",0.618556231706955,-0.252328100059629,0.15,0.192,1
"GAN",0.618835809405233,0.157461533680901,0.071,0.057,1
"CA13",0.618842758916175,-0.686227533881627,0.031,0.057,1
"NFYC",0.618848896985313,0.170894396785124,0.402,0.394,1
"MEIKIN",0.618870667836445,-0.180824478205873,0.039,0.036,1
"ENSG00000286009",0.618903465185929,-0.308627989724019,0.024,0.041,1
"SEC16A",0.619067326184613,0.118385156930005,0.48,0.503,1
"ENSG00000284526",0.619299079748047,0.985970314751322,0.024,0.01,1
"ENSG00000285728",0.619430774882185,1.36067445468767,0.024,0.01,1
"HSDL2-AS1",0.619447425951164,1.52345311234958,0.031,0.016,1
"CBX2",0.619612941487015,-0.233446190120686,0.024,0.026,1
"USP11",0.619623129392751,-0.170467920692191,0.417,0.456,1
"TDP2",0.61968404244976,0.170911627424927,0.22,0.233,1
"MTBP",0.619736219950244,1.01420785559024,0.047,0.041,1
"SCCPDH",0.619949099733363,0.212537638049816,0.134,0.124,1
"CLYBL",0.620027390409722,0.63707276639881,0.047,0.026,1
"DNAAF5",0.620032255515504,-0.297508662951018,0.079,0.083,1
"CRTC3-AS1",0.620257109889877,-0.361170485669959,0.047,0.057,1
"HMOX2",0.620353919311971,-0.114526457814709,0.252,0.295,1
"FLT3",0.62041898737806,-0.340865839120511,0.236,0.238,1
"ARIH2",0.620521343632671,-0.107640484792374,0.606,0.668,1
"SMTN",0.620567027784642,-1.12122158303916,0.008,0.021,1
"KHDRBS1",0.62057988173044,-0.103742825797479,0.795,0.824,1
"INTS15",0.620597687668886,0.518447559501546,0.173,0.135,1
"AMIGO2",0.620645145636989,0.721798714265502,0.039,0.021,1
"RHOG",0.620690792348292,-0.160057021854944,0.756,0.813,1
"HPRT1",0.62075574025248,-0.410888733092766,0.268,0.342,1
"GDPD5",0.620847995418405,0.555066718005239,0.087,0.062,1
"FGFRL1",0.620948616618698,0.280701432775314,0.031,0.047,1
"STOML1",0.621012097770542,-0.717775286733388,0.016,0.026,1
"SPIN3",0.621065788527314,1.10525228490165,0.016,0.01,1
"RABEPK",0.621090523442464,-0.380755773343847,0.063,0.098,1
"LZTS2",0.621109156036999,-0.820303456294102,0.063,0.088,1
"GAPT",0.621168934861798,-0.177974894193241,0.228,0.254,1
"FAM117A",0.621170530039092,-0.39255472675715,0.181,0.223,1
"SCNN1D",0.621347761582246,-0.323282350389283,0.008,0.016,1
"CRNKL1",0.621390635017569,-0.329383981929062,0.228,0.28,1
"PARP9",0.621457765413526,-0.145985904897831,0.15,0.171,1
"TOGARAM1",0.621585684850714,0.333644566527616,0.346,0.295,1
"TTTY10",0.621612753548941,0.500339565710515,0.039,0.031,1
"ACOX1",0.621688568024171,0.346158703456379,0.173,0.15,1
"EPB41L5",0.621719838975386,1.87499366107337,0.031,0.016,1
"SEMA3C",0.62180962223196,0.339842187041586,0.323,0.259,1
"NTSR1",0.621837556184059,0.679603339430109,0.016,0.01,1
"ZNF92",0.621842714506457,-0.35999046372562,0.181,0.228,1
"GSE1",0.621955889615837,-0.403124685930087,0.205,0.254,1
"KIAA1958",0.622041822129097,-0.178834228256442,0.213,0.233,1
"PKN2-AS1",0.622062493062112,-0.345792509200852,0.016,0.031,1
"GGNBP2",0.622122575050739,-0.130249402941807,0.598,0.663,1
"ENSG00000233912",0.622235336035732,0.341786741232005,0.307,0.285,1
"PRKAG1",0.622430700238382,0.146399825707374,0.268,0.238,1
"TNFRSF14",0.622478999991546,-0.209226559938578,0.307,0.378,1
"TMEM260",0.622621908595668,0.286449115555313,0.165,0.171,1
"IL7",0.622692822234941,-0.428137162438862,0.031,0.057,1
"CPNE5",0.622834344912288,0.478277312695012,0.024,0.01,1
"AMFR",0.622912971192371,-0.203099542202944,0.189,0.249,1
"ARFRP1",0.623046458989066,-0.273911302100744,0.173,0.218,1
"TK1",0.623316270272466,-0.583526905983869,0.008,0.026,1
"TMEM44-AS1",0.623372247069314,0.707377608921731,0.071,0.057,1
"ENSG00000291219",0.623486226906995,0.937004100147052,0.016,0.01,1
"TSFM",0.623616424488698,0.233139085396546,0.181,0.181,1
"RNASEH2A",0.62388440636442,1.36251514991952,0.024,0.01,1
"WDR25",0.623994226563867,0.490170960667811,0.102,0.073,1
"ADCY10P1",0.624220277247207,-1.09104294302478,0.008,0.021,1
"PHF3",0.624229354904785,0.169513337780772,0.591,0.611,1
"SLC19A2",0.624288377921716,0.511197008622942,0.039,0.036,1
"CATSPER2",0.624347597299966,-1.02342167824696,0.008,0.026,1
"LANCL1",0.624348979202077,0.373879659238646,0.181,0.14,1
"C1D",0.624462426353484,0.202993970611797,0.528,0.518,1
"AMN1",0.624530357408455,-0.293002520546729,0.079,0.093,1
"RINL",0.624628005257802,0.896955783707629,0.047,0.031,1
"ADCY3",0.624842707392282,0.163655233559671,0.181,0.15,1
"SPRTN",0.624955303701556,-0.136654458623731,0.236,0.28,1
"ITPKC",0.625007700378445,-0.276040858066165,0.094,0.114,1
"HERC4",0.625012687875742,-0.106589639842555,0.291,0.347,1
"TCAF2",0.625429854860978,-0.722762396457005,0.016,0.031,1
"RFXAP",0.625434910123278,0.393408013588414,0.079,0.062,1
"RNF4",0.625452720226443,-0.167237607217498,0.37,0.435,1
"RTN2",0.62549711644853,-0.387980509631882,0.008,0.016,1
"KLHL17",0.625698617244349,1.11255658045585,0.031,0.016,1
"ENSG00000259704",0.626000047402766,-0.687511536639567,0.031,0.057,1
"ENSG00000287965",0.626097284542784,-0.739796232218946,0.008,0.026,1
"CCNJ",0.626124961310836,-0.268931581781938,0.047,0.052,1
"ZNF256",0.626280361614869,-1.430545970717,0.016,0.026,1
"P2RX4",0.62630120692441,-0.731241768323859,0.063,0.098,1
"ARIH2OS",0.626478722837159,0.849504320456317,0.031,0.016,1
"DGCR8",0.626484339036949,0.291704254206731,0.134,0.114,1
"DHX38",0.626498821264308,-0.273638721519789,0.189,0.254,1
"ENSG00000283128",0.626584205575675,0.378290154228436,0.016,0.01,1
"TRAPPC5",0.626696945912002,-0.211207950633538,0.567,0.632,1
"FNIP2",0.626705315715429,-0.56925822837292,0.181,0.249,1
"BRIX1",0.62679900161471,-0.258539526298279,0.157,0.192,1
"DOCK8-AS2",0.626878822977655,0.160123983237371,0.008,0.016,1
"UBE2E3",0.626899413109711,-0.182422372434403,0.441,0.497,1
"UBA7",0.627000537848911,-0.385452810821635,0.094,0.13,1
"ZNF136",0.627032453490943,-0.230117758672082,0.134,0.171,1
"AKT1",0.627463013202635,0.30442528877158,0.291,0.249,1
"HELZ2",0.627590100259936,-0.714751502101214,0.031,0.062,1
"TIPARP-AS1",0.627704861202689,-0.29887862397534,0.031,0.047,1
"POM121C",0.627957433592669,0.248216271604584,0.362,0.363,1
"ENSG00000233848",0.627966219611315,-0.126549052437722,0.008,0.016,1
"SMARCC2",0.627989579997302,-0.13969414744831,0.291,0.301,1
"FMN1",0.628309576688673,0.512549997729709,0.087,0.062,1
"MCF2L2",0.628358523834183,-0.352379537157085,0.118,0.14,1
"ENSG00000231104",0.628438627077575,-0.405731847511029,0.024,0.026,1
"GNB4",0.628757485056711,-0.24106604049714,0.496,0.523,1
"C17orf80",0.629126825661024,0.529943954154917,0.157,0.135,1
"ZNF687-AS1",0.629491282959998,-0.685638593718338,0.008,0.021,1
"ALG13",0.629637179619202,-0.207458234416983,0.386,0.461,1
"THAP5",0.62979614186648,0.380891326397206,0.157,0.135,1
"CROCCP3",0.629926318620986,0.816243752337133,0.016,0.01,1
"IMP3",0.629955946716759,0.233960042836907,0.402,0.358,1
"ENSG00000197332",0.630023829848956,-0.625157007985765,0.008,0.021,1
"CTBP1-AS",0.630484711785919,0.788289315638,0.039,0.026,1
"DGAT2",0.630553745692942,0.675964186296154,0.016,0.01,1
"UBE4B",0.630591398351639,-0.230392540913716,0.189,0.233,1
"GPX1",0.630685411823788,0.101844964476712,0.992,0.995,1
"C14orf39",0.630973006430527,0.316699519466485,0.039,0.026,1
"SDK2",0.631068289956387,0.45121946056116,0.189,0.14,1
"STRN",0.631122622739959,-0.222918208916792,0.213,0.28,1
"TRAPPC8",0.631165832082925,0.246269903296081,0.457,0.404,1
"TMEM126B",0.631223329542184,0.157063636970245,0.189,0.161,1
"SLC16A1",0.631615545731766,-0.234815696195835,0.063,0.067,1
"LZIC",0.631683595904454,0.266829819251932,0.252,0.207,1
"LINC02980",0.631722634167747,0.862215991148042,0.024,0.01,1
"PIGQ",0.631770536657444,0.128601806224068,0.079,0.062,1
"SAMD3",0.631944184264338,-0.587728580557348,0.008,0.021,1
"ENSG00000203644",0.631972166587076,0.221656044013501,0.016,0.01,1
"C17orf97",0.632092003963311,-0.30309475959857,0.024,0.026,1
"NACC1",0.632106366988288,0.243970655815811,0.11,0.119,1
"PPP1R13B",0.632185996055646,1.2116112054623,0.039,0.031,1
"HSD17B12",0.632229617092023,-0.321901344936177,0.26,0.316,1
"PAICS",0.632230505647116,0.117148791163953,0.15,0.166,1
"AURKA",0.632651408906534,1.32492969255857,0.024,0.01,1
"DONSON",0.632721335911355,0.696488322152328,0.118,0.093,1
"ANKRD16",0.632781686540185,0.356204942449361,0.024,0.031,1
"RING1",0.632837202683696,0.186331673562161,0.441,0.409,1
"C14orf28",0.632976764790923,-0.662939822962378,0.008,0.021,1
"ENSG00000226526",0.633156936208414,0.719596942662089,0.024,0.01,1
"TMEM216",0.633730290868458,-0.552264018385608,0.079,0.124,1
"C5orf22",0.633756863013474,-0.262661162597829,0.134,0.14,1
"GPR108",0.634047841449878,-0.433712201013672,0.197,0.238,1
"CCDC138",0.634364004073014,0.263672953084908,0.157,0.166,1
"ZNF439",0.634454945939475,0.427496517696973,0.063,0.052,1
"TSG101",0.634531569479799,-0.159570287851118,0.567,0.58,1
"MIRLET7BHG",0.634903329084945,-0.392561002693726,0.008,0.016,1
"ENSG00000226438",0.634921389092928,1.17765441722801,0.024,0.016,1
"HTR2B",0.635093075403836,1.25305392133981,0.024,0.01,1
"TRIM46",0.635205028620172,-0.801571058647668,0.008,0.026,1
"AKAP1",0.635293848707538,-0.66982603998322,0.047,0.073,1
"STAT4",0.63573621452677,-0.180242510145466,0.228,0.285,1
"ZNF444",0.635855295576786,0.347094414077387,0.22,0.197,1
"F2RL2",0.635979990310241,0.920576967460077,0.031,0.016,1
"SBNO1-AS1",0.636009392647842,0.465645083272978,0.063,0.041,1
"APEH",0.636062145491497,-0.175516580003399,0.118,0.135,1
"ZNF222",0.636250476851015,-0.602324539652876,0.024,0.041,1
"ZBTB1",0.636435283673047,-0.20624204934427,0.504,0.544,1
"LDLR",0.636514787056228,-0.305784116134973,0.047,0.073,1
"BBOF1",0.636525464710985,-0.575258782805107,0.016,0.036,1
"ENSG00000228655",0.636551685823067,-0.199793632866186,0.126,0.166,1
"ARL2BP",0.636661259166807,0.385171790866609,0.386,0.352,1
"TRMT61A",0.636769808042675,-0.300580798299577,0.031,0.052,1
"ENSG00000257181",0.636874721250984,1.54101269042567,0.024,0.01,1
"ANO9",0.636895794043179,-0.65704537054228,0.008,0.016,1
"KCNG2",0.636955741223531,-0.218163296883912,0.268,0.275,1
"ZNF816",0.636979946176411,0.548391438010577,0.071,0.052,1
"PSMA5",0.637031267141619,0.150676496102548,0.661,0.674,1
"ZNF530",0.637383555704841,0.934036065391716,0.016,0.01,1
"VPS13D",0.637627266701732,0.196327060029685,0.394,0.352,1
"CBFA2T2",0.637838499281147,0.203597469463995,0.26,0.249,1
"TCTN1",0.637942216105709,0.174920071113291,0.11,0.083,1
"LIMD1-AS1",0.637970501365805,1.3821517508415,0.039,0.021,1
"ENSG00000253853",0.638097785050988,1.60822554855374,0.024,0.01,1
"BBS1",0.638105461436652,-0.764759887936959,0.039,0.062,1
"SRSF12",0.638122721226057,0.458201511805266,0.031,0.021,1
"ZFP69",0.638197948885699,0.769835604189202,0.031,0.021,1
"SPAG6",0.638204397467596,0.708096360855466,0.016,0.01,1
"ENSG00000290728",0.638206204611915,1.54342770755783,0.024,0.01,1
"SUSD6",0.63821712883098,0.193971999364178,0.323,0.332,1
"ALG8",0.638411682682791,0.802255239629214,0.11,0.088,1
"DPY19L3",0.638514572886182,0.337196584962546,0.047,0.036,1
"PDF",0.638590646098388,-0.116595567802238,0.055,0.078,1
"ENSG00000273691",0.638680908241066,-0.975922362731866,0.016,0.041,1
"PTCD3",0.63873077269825,0.234001239038959,0.236,0.212,1
"RAD9A",0.638819973716719,0.465301044000942,0.118,0.109,1
"QRICH1",0.638857082942726,0.160065636413937,0.433,0.404,1
"ENSG00000286686",0.638860402649822,-0.88295955878669,0.008,0.021,1
"ZKSCAN4",0.638913891977676,-0.473666356126699,0.039,0.052,1
"MMP23B",0.639004564776451,0.426252979571464,0.126,0.088,1
"C16orf74",0.639076393610569,-0.614048175417918,0.016,0.031,1
"ENOSF1",0.639116618091275,-0.587200117942514,0.079,0.124,1
"CD79B",0.639233282521357,-0.304663484700475,0.008,0.016,1
"PAQR7",0.639240112823126,-0.630911960457859,0.016,0.036,1
"FANCF",0.639341855454728,0.377308992409005,0.118,0.083,1
"KLHL29",0.639427483382192,-0.592483378600197,0.008,0.021,1
"SNX11",0.639685433301842,0.493749227805892,0.079,0.057,1
"LOXL3",0.639714345251131,-0.210034840911588,0.008,0.016,1
"PRAF2",0.639804388231095,0.913553918870731,0.047,0.047,1
"ZBTB2",0.639812869378615,0.503180666177292,0.157,0.14,1
"PIAS2",0.639971649586338,-0.236242580074376,0.157,0.202,1
"MZT1",0.640135465412533,0.334870128906869,0.252,0.212,1
"COQ10B",0.640222336717659,-0.132874468734128,0.276,0.332,1
"MICOS13",0.640290181305351,-0.11542419251685,0.472,0.539,1
"MDH2",0.640323033795838,0.160731979740248,0.724,0.699,1
"ENSG00000285692",0.64033187880963,0.348212472477441,0.079,0.067,1
"MTX2",0.640355557678681,0.265712438630777,0.071,0.083,1
"ENSG00000289928",0.640407188181155,-0.487338035493645,0.008,0.021,1
"CCDC66",0.640520403637415,-0.182687463243774,0.15,0.187,1
"PPFIA1",0.640803352450045,-0.354083913796059,0.299,0.368,1
"LAGE3",0.641028640185648,0.186900113476096,0.535,0.549,1
"GEM",0.641053345132102,0.179008691515375,0.173,0.197,1
"DICER1-AS1",0.641056660924654,-0.303205271860267,0.016,0.01,1
"MAD2L2",0.641120198464607,0.262608360071449,0.48,0.43,1
"NEDD8",0.641216121010495,-0.148924498846849,0.661,0.715,1
"ENSG00000289007",0.64124048315635,1.06147418525223,0.047,0.026,1
"PSMC2",0.641321348387659,0.208292695331939,0.472,0.435,1
"CLP1",0.641351371549326,-0.179380399114953,0.134,0.161,1
"SLA",0.641363033170195,0.122672013465642,0.031,0.031,1
"SLC35E3",0.64174903165883,0.599420283309839,0.11,0.083,1
"PITPNB",0.641819409893866,0.258747030719238,0.551,0.518,1
"SLX1B",0.641871147805157,0.650983407432161,0.031,0.041,1
"TIA1",0.642187209529873,-0.107721067003571,0.362,0.409,1
"ZNF618",0.642233308003342,-0.234849944475298,0.031,0.052,1
"IL4R",0.642338401805583,0.190015015501103,0.331,0.321,1
"CACNA1C-AS1",0.642354740477813,-1.15870737966001,0.008,0.021,1
"FAM156A",0.642464963043206,1.34488056058754,0.016,0.01,1
"ZNF510",0.642665015985135,0.627530502450711,0.063,0.041,1
"BBIP1",0.642751584841574,0.319900646843481,0.228,0.212,1
"PHF6",0.642834313389976,0.385478728115819,0.228,0.197,1
"EIF2B1",0.642915111857818,0.329964885935416,0.236,0.207,1
"ENSG00000249236",0.643069821479841,-0.386799936556612,0.126,0.161,1
"ZNF546",0.643117663421319,0.956805464339967,0.024,0.01,1
"DYNC1H1",0.643339817923652,-0.109912918525358,0.764,0.793,1
"SDHB",0.643365430483173,-0.121836941776499,0.48,0.523,1
"TTLL1",0.643448100791278,1.09683735927375,0.047,0.026,1
"DHRS3",0.643456190851272,-0.367413452586767,0.118,0.166,1
"POLR3F",0.643471752782962,0.302135860085726,0.087,0.088,1
"BCAT2",0.643512729809579,0.649561388039714,0.087,0.062,1
"EDC3",0.643635589913796,0.576076986360271,0.134,0.13,1
"CD81",0.643672048241358,-0.15807519005983,0.583,0.653,1
"H2BC17",0.643695949156635,-0.472728635231393,0.008,0.021,1
"ZNRD2-DT",0.64394668483739,1.94211793328032,0.024,0.01,1
"SNRPA1",0.644009135848327,-0.13885872881062,0.449,0.482,1
"PXN-AS1",0.644233665556885,1.52055919550823,0.055,0.041,1
"PLA2G4C",0.644376624265202,-0.338957824332556,0.047,0.057,1
"ATXN3",0.644402104304101,-0.224143549353426,0.252,0.285,1
"ENSG00000260664",0.64449970148191,0.760530637214041,0.031,0.016,1
"ACSS1",0.644559018814292,0.454390203522227,0.102,0.088,1
"CBL",0.644712781116319,0.187537829851651,0.354,0.358,1
"LYSMD3",0.644832636910086,-0.236086489019607,0.189,0.244,1
"AAGAB",0.644932590308149,0.285975023383858,0.315,0.285,1
"GRAMD4",0.645022701304662,0.288182012775736,0.433,0.383,1
"ACBD4",0.645054669621119,-0.67983206817482,0.016,0.031,1
"OSBPL5",0.645130894637934,0.480453307401902,0.118,0.083,1
"SAP30BP",0.64514104292443,0.186757640668024,0.78,0.746,1
"LINC02863",0.645246209633234,0.938199244431945,0.016,0.01,1
"P4HTM",0.645271536157422,0.63344485088956,0.079,0.078,1
"MED24",0.645277996009745,0.432995219096004,0.165,0.135,1
"TMEM67",0.645330836920682,-0.568770841146522,0.024,0.036,1
"ENSG00000289196",0.645421240318024,1.12814703471995,0.024,0.01,1
"ENSG00000248664",0.645637077188521,-0.794705180104337,0.008,0.026,1
"NFKBIE",0.64576072234562,0.194061381743033,0.465,0.451,1
"SIRT7",0.645824682364252,0.305876095160931,0.276,0.233,1
"ENSG00000270050",0.645871306008484,0.823563618526845,0.016,0.01,1
"RNF32-DT",0.645871944545332,0.227817127024905,0.024,0.031,1
"MCCC2",0.645918914521704,0.414753194101861,0.165,0.145,1
"TNIK",0.64614778064269,-0.920368728253615,0.031,0.057,1
"OPTN",0.646431675184266,-0.177041102793103,0.299,0.301,1
"CASC11",0.64644723661973,-0.77417035317437,0.008,0.021,1
"WDR11-DT",0.646494775785857,0.692661537493903,0.016,0.01,1
"SLC35A2",0.646620716098928,-0.277911513128783,0.11,0.114,1
"SYF2",0.646905192566205,0.106740774753827,0.701,0.689,1
"RUSC1",0.647074537897956,-0.215668654412142,0.087,0.093,1
"PDRG1",0.647229687731949,0.552351376649351,0.142,0.109,1
"TRAPPC11",0.647639977431689,-0.197670950086926,0.205,0.228,1
"CHD1-DT",0.64765764142277,-0.310600383951121,0.031,0.036,1
"SNHG26",0.647945456467974,0.317614137815309,0.031,0.031,1
"GRPEL1",0.64804434224492,0.235060493211977,0.291,0.269,1
"PTPN23",0.64808643784247,-0.129596419173878,0.15,0.161,1
"ENSG00000287252",0.648097872357868,-0.890490884898442,0.008,0.021,1
"PDCD2L",0.648123745809251,0.440175310050387,0.079,0.057,1
"PARP16",0.648173604385615,0.831875830657892,0.047,0.036,1
"HGSNAT",0.648366138876357,-0.278957723931126,0.386,0.425,1
"CHMP3",0.648374178398073,0.141214177977608,0.291,0.306,1
"LINC00987",0.648393886377412,0.715550844636877,0.039,0.026,1
"SYTL1",0.648421024932714,-0.336763713012119,0.173,0.244,1
"ENSG00000291136",0.648437537936032,0.156976590216842,0.386,0.363,1
"NF2",0.648440061344297,0.360469371906538,0.118,0.093,1
"SUPT5H",0.648692196729346,0.137286910392738,0.638,0.606,1
"LAMA5",0.648760698249586,-1.76720922237251,0.008,0.021,1
"ENSG00000267476",0.648776338001449,-0.387483211535428,0.165,0.228,1
"HNRNPR",0.648910457150674,0.127759282620566,0.717,0.689,1
"SMC1B",0.649020261760429,-0.360076875345137,0.016,0.031,1
"SDHAF4",0.649131012501753,1.32898119896434,0.031,0.016,1
"CRCP",0.649203141393165,0.432557053322756,0.189,0.161,1
"CD247",0.649524322488005,-1.08844039980217,0.024,0.041,1
"SCO2",0.649596169671263,-0.178860634417453,0.181,0.233,1
"PARG",0.649945219953838,0.277805291898629,0.197,0.161,1
"P2RX7",0.649954585438101,-0.830979040853391,0.016,0.031,1
"ATP6AP1-DT",0.650132394117336,-0.816341846247543,0.016,0.026,1
"MRPL54",0.650178923854251,0.234482079845172,0.543,0.513,1
"PARP11-AS1",0.650183531986484,0.38216950544471,0.008,0.016,1
"SDHAF1",0.650217416605195,0.479650454667669,0.118,0.093,1
"GPC5",0.650242304257841,-0.921055951880219,0.008,0.021,1
"ZBP1",0.650316930896574,-0.836486415077891,0.024,0.021,1
"APOBEC3B",0.650372532967659,0.570304167952572,0.055,0.052,1
"TAB3",0.650513286883281,-0.193212712969688,0.134,0.155,1
"GDE1",0.650526411178195,-0.158006448185225,0.126,0.166,1
"FOXJ2",0.65056398700838,0.413463106258849,0.071,0.062,1
"E2F5",0.650590792823164,0.492514538705845,0.22,0.171,1
"PECR",0.6506849643054,-0.736525432538501,0.008,0.016,1
"KIF16B",0.650775798682194,0.413874059293456,0.063,0.047,1
"TCF7",0.650816857187956,-0.461993596424734,0.094,0.104,1
"DCAF5",0.650853906232348,0.266533018457684,0.354,0.337,1
"MIF4GD",0.65089891824995,0.503405928371906,0.189,0.176,1
"PSMC6",0.65098923707999,-0.173244920219142,0.512,0.575,1
"TIMM21",0.651012806625745,0.42924029356693,0.102,0.078,1
"CIAO3",0.651037397413731,0.692930776535402,0.055,0.036,1
"ENSG00000284930",0.651051627781774,-0.529787249245132,0.008,0.021,1
"ENSG00000289841",0.651135551777893,0.745998351460776,0.016,0.01,1
"ENSG00000259001",0.65124825628867,0.654525893015436,0.094,0.078,1
"UBE2S",0.651296203807966,0.1281281261736,0.417,0.482,1
"TYW5",0.651335664353242,0.440626632045281,0.157,0.13,1
"DDX19A-DT",0.651448996400393,1.17264066174443,0.024,0.01,1
"RABL2A",0.651773864961699,0.557480599988425,0.071,0.047,1
"LINC02762",0.651888264317865,0.451157410057985,0.071,0.067,1
"EMG1",0.651984242704444,0.342988004989358,0.189,0.15,1
"ANO6",0.652334909260777,-0.209362946402214,0.394,0.461,1
"ANKHD1",0.652369674458004,-0.116947396129864,0.614,0.642,1
"ZNF724",0.652635401438607,-0.674007186711026,0.016,0.031,1
"CYB561D2",0.652676096951616,0.128126599047992,0.173,0.145,1
"MED20",0.652870235454072,0.39213524226374,0.079,0.057,1
"PLA2G4B",0.652915286193407,-0.777580853443377,0.016,0.036,1
"TXNDC12",0.652939947938154,0.2455651234795,0.425,0.399,1
"MAPK3",0.653228411743387,-0.438533268796337,0.071,0.098,1
"FRMD4B",0.653238252788469,-0.42455880339927,0.063,0.093,1
"DPM1",0.653503380796412,0.213599541296839,0.37,0.352,1
"HDAC1",0.65404045868656,0.219464872577294,0.441,0.399,1
"KANSL3",0.654049506804161,-0.424641621425922,0.157,0.218,1
"SRI",0.654119197916269,-0.154348832800491,0.402,0.415,1
"ACTR8",0.654228257767003,0.320741673283188,0.142,0.119,1
"PNKD",0.654339763419935,-0.291758582081489,0.22,0.228,1
"GPSM2",0.654347114923466,-0.678419733733212,0.087,0.114,1
"TCEAL1",0.654347454686353,-0.320445076998388,0.055,0.062,1
"ENSG00000272501",0.654397609542826,-1.06755066626531,0.008,0.021,1
"KBTBD3",0.654417130044313,1.04936964627973,0.039,0.021,1
"ZNF101",0.654464441771738,0.771711049532105,0.039,0.021,1
"PPFIBP2",0.654548597286942,-0.337882589404927,0.024,0.041,1
"PDE7A",0.654560321380591,-0.155665169810078,0.535,0.606,1
"ZGRF1",0.654561425723401,-0.440063606611494,0.031,0.041,1
"LCDR",0.654626551648639,0.244272452938396,0.016,0.01,1
"MAK",0.654837167145207,0.471254245505128,0.047,0.047,1
"RNF19B",0.654894955207457,0.219629049746214,0.528,0.497,1
"C2orf69",0.654964442073201,0.866807079177765,0.102,0.093,1
"BNIP1",0.655045322520299,-0.320675347951412,0.079,0.098,1
"NFE2L1",0.655122219501974,0.191873586247923,0.134,0.145,1
"LYRM4-AS1",0.655177380669936,-0.955375671978797,0.008,0.021,1
"RHBDD3",0.655190349035763,-0.495541519181595,0.039,0.057,1
"KCTD12",0.655300245606041,-0.244918887750939,0.189,0.202,1
"ERMP1",0.655366280338991,0.185372740527906,0.094,0.098,1
"SCRIB",0.655713602037363,-0.511410660227865,0.024,0.047,1
"KDM3A",0.655733276830529,0.235516631577693,0.323,0.295,1
"RCHY1",0.655748355742087,-0.12088039127578,0.165,0.187,1
"METTL4",0.655802601722892,0.562461707423154,0.079,0.052,1
"FAM204A",0.655823203111313,0.215349185776805,0.441,0.404,1
"LIMASI",0.655880577897886,-0.324325772798518,0.11,0.14,1
"KSR1",0.656045730301025,-0.112018396999984,0.165,0.181,1
"DNAJC7",0.656083724334763,0.21405549045736,0.772,0.782,1
"GK5",0.656113854029829,-0.479906918574178,0.079,0.119,1
"VARS2",0.656479918845926,-0.900109907811479,0.016,0.031,1
"ENSG00000227197",0.656616976185679,0.86360077840838,0.039,0.021,1
"MNDA",0.656634728465824,-0.41135869924525,0.11,0.145,1
"NCSTN",0.656749277614387,-0.124649943435445,0.213,0.223,1
"B4GAT1-DT",0.656761290309029,0.784382570181696,0.016,0.021,1
"ZNF146",0.656762866115384,-0.112878045956517,0.291,0.332,1
"ENSG00000268119",0.656763984399278,1.2909103639475,0.024,0.01,1
"TRGV5",0.656769713094895,-0.771400655865978,0.024,0.041,1
"THRA",0.656774641084535,-0.432380151754667,0.024,0.036,1
"TET1",0.6568119847938,0.582071190675742,0.016,0.01,1
"CAPN10",0.656891040789899,0.202426668585649,0.126,0.104,1
"GEMIN7-AS1",0.65693925028036,1.13109278448447,0.031,0.016,1
"MAP3K7",0.656993601719808,0.157886196156267,0.291,0.28,1
"LINC03016",0.657046240320386,0.376622460503063,0.024,0.01,1
"HINT3",0.657151377107519,0.434914719664317,0.102,0.078,1
"ATF6-DT",0.657205554079247,1.60204336036129,0.024,0.01,1
"RHOXF1",0.657297685371493,0.303614234584478,0.063,0.041,1
"SNX1",0.657436331394492,0.250709478080707,0.512,0.497,1
"SLC12A9",0.657502351485306,0.250144324373669,0.244,0.207,1
"ZNF786",0.657553835416666,-0.435221304052646,0.024,0.041,1
"ENSG00000288827",0.657603777792543,1.11291453093021,0.024,0.016,1
"ADNP-AS1",0.657813542333115,0.902232555687965,0.039,0.021,1
"DNAJC9",0.657857648592059,-0.210140070900985,0.22,0.269,1
"FLVCR2",0.657890980274017,0.625950706039491,0.031,0.021,1
"TMEM107",0.657937934227778,-0.218988236855278,0.11,0.14,1
"H3-3A-DT",0.657984148141047,-1.10567200994277,0.008,0.021,1
"CD68",0.658106636451658,0.16407885981958,0.685,0.637,1
"NCOA7",0.658114183985585,-0.14848236185719,0.362,0.383,1
"PLAG1",0.658157516632918,0.268091463880594,0.047,0.057,1
"TBCE",0.658173020351221,0.559501349034806,0.094,0.067,1
"JAK3",0.658429044013953,0.186820139607411,0.15,0.135,1
"ANAPC10",0.658498817033331,0.100951121053536,0.197,0.212,1
"DCUN1D2",0.65855795311572,-0.437573209036431,0.055,0.088,1
"POP5",0.658561972854913,0.10088522824127,0.197,0.166,1
"ENSG00000291186",0.658686218716345,1.08105097527473,0.016,0.01,1
"CCHCR1",0.658753898924762,0.945348798223273,0.031,0.021,1
"PREX1",0.658875395051793,0.219733222395592,0.638,0.606,1
"RNMT",0.658876257749802,-0.159373796199662,0.402,0.456,1
"CHPF2",0.658959252168263,0.352084899017967,0.26,0.223,1
"LACTB2",0.659059892822549,0.645253060257514,0.063,0.047,1
"NAT10",0.659166236644687,0.436746583793768,0.142,0.13,1
"TOR2A",0.659174996092994,0.105844290107556,0.173,0.187,1
"PIGH",0.659255483619519,0.824380275783468,0.11,0.098,1
"ENSG00000289056",0.659417205886902,1.2482664667204,0.031,0.016,1
"FAM151B",0.659442774093039,0.964211023710825,0.031,0.016,1
"CATSPERE",0.659484379456522,0.50078292320788,0.055,0.036,1
"ACBD3-AS1",0.65949267062216,-1.05219060478726,0.016,0.041,1
"ATP6V1A",0.659579892317601,0.196462257181293,0.559,0.528,1
"PDE5A",0.659700788610311,-0.656802615610139,0.024,0.041,1
"AGPAT4",0.659800721608964,-0.102264389546472,0.228,0.295,1
"SLC35B3",0.659924056289398,-0.400595950772155,0.087,0.13,1
"EED",0.659957501318025,-0.219287658046695,0.307,0.337,1
"PRKCZ",0.660095694592301,-0.298385716401818,0.016,0.016,1
"RBM5",0.66013428086497,-0.164692816250003,0.472,0.528,1
"FUCA2",0.660397598063087,0.543706651716151,0.079,0.062,1
"ENSG00000286264",0.660442819768512,-0.221866917162484,0.197,0.233,1
"SLC31A1",0.660506518073807,0.346118202387093,0.079,0.088,1
"ENSG00000290048",0.660641908476273,0.625477556013581,0.016,0.016,1
"PEX26",0.660677171359727,-0.11153462172614,0.102,0.124,1
"ELF3-AS1",0.66073590697179,0.717475590710088,0.047,0.031,1
"FBXO45",0.660836625671913,0.358708487527597,0.11,0.088,1
"CWC15",0.660882192298648,0.157318772726922,0.614,0.585,1
"SPAG16",0.660957456958958,-0.483804685601735,0.063,0.073,1
"ACSBG1",0.661037901147917,1.14299962668807,0.031,0.016,1
"KLHL42",0.661106880598813,0.21536414551426,0.071,0.073,1
"MYRIP",0.661137984225243,-0.605281163560729,0.024,0.036,1
"OLA1",0.661225381925141,0.218207544222054,0.543,0.513,1
"GAS8",0.661233892889041,1.0164640886377,0.016,0.01,1
"POLR2I",0.661276849462513,0.174972509031222,0.433,0.42,1
"AFMID",0.661371392860685,-0.785013771845603,0.024,0.047,1
"HEXIM2-AS1",0.661390076188009,0.288838484372132,0.126,0.109,1
"ENSG00000286533",0.661454536992289,0.82759566122495,0.031,0.021,1
"SLC16A5",0.661484289232862,1.22804172760667,0.024,0.01,1
"DPH7",0.661514391454121,-0.317266863643157,0.071,0.088,1
"BTLA",0.661551792189098,-0.687883381961544,0.008,0.021,1
"PPP1R3B",0.661559203516151,-0.390264946909953,0.102,0.135,1
"PABPN1",0.661738402863356,-0.100116077832901,0.811,0.819,1
"NBR2",0.661777582818608,0.112549243171924,0.055,0.052,1
"MFGE8",0.661803412173121,0.132300843541782,0.016,0.031,1
"RASGRP4",0.66198559014428,0.892966716746463,0.039,0.026,1
"TBCD",0.662005902851725,-0.196414959708588,0.142,0.176,1
"NIFK-AS1",0.662159086775025,-0.223952929809863,0.087,0.104,1
"C5orf15",0.662283322774912,-0.139978705391478,0.378,0.446,1
"ENSG00000259544",0.662481060643395,-0.539639652411975,0.016,0.036,1
"STX6",0.662570616815911,0.246481397324499,0.299,0.29,1
"GOLPH3",0.662666410989054,0.145630718651302,0.583,0.565,1
"ENSG00000277855",0.662847268609208,-0.321406368869336,0.079,0.114,1
"LINC00865",0.662904150067365,1.09742454419854,0.024,0.01,1
"ZNF142",0.662981033875332,0.386123410160182,0.189,0.155,1
"PTPN7",0.66307735160005,-0.27623306573589,0.173,0.238,1
"PTEN",0.663112701962166,-0.132857051873389,0.583,0.653,1
"CBLL1-AS1",0.663151280625053,0.461696167188967,0.055,0.047,1
"TAF5L",0.663187299637608,0.51531917051349,0.157,0.14,1
"LYRM2",0.663341348840164,-0.309772978355542,0.22,0.269,1
"NEK1",0.66336101220221,0.246653857133988,0.268,0.264,1
"MRM2",0.663371429563871,0.107225725050088,0.142,0.15,1
"ZNF257",0.663407343599855,-0.332988605140258,0.008,0.016,1
"RTL8A",0.663417222241032,0.206082378414089,0.26,0.218,1
"BLOC1S3",0.663557000512363,0.534736423311728,0.024,0.016,1
"ENSG00000249492",0.663658665564311,0.28592643693673,0.039,0.047,1
"PGAP2",0.663670070890543,-0.574198945576454,0.024,0.041,1
"ENSG00000273141",0.663912662156625,1.11645905961948,0.024,0.01,1
"FAM50B",0.664044906084438,-0.273540682937258,0.047,0.062,1
"NDRG2",0.664289275522185,-0.586111394545811,0.055,0.078,1
"TNKS2",0.664453438199953,0.209748793038366,0.63,0.632,1
"OSGEP",0.664629908602397,0.251590271067313,0.339,0.311,1
"GDI1",0.665024301665958,-0.106435751591762,0.496,0.518,1
"MAST2",0.665060129971779,-0.325774302206819,0.126,0.161,1
"DCAF12",0.665221600103944,0.369226284629427,0.181,0.14,1
"FCRL5",0.665245117395963,-0.98184124883225,0.008,0.021,1
"IRF1-AS1",0.665370891979052,0.111932867886117,0.252,0.223,1
"MRPS17",0.665384579424093,0.51098979558063,0.173,0.15,1
"SETD9",0.665542938915384,0.24280268181845,0.087,0.098,1
"ENSG00000261172",0.665674346165174,0.694521387189945,0.016,0.016,1
"ZFP41",0.665849107984063,-0.340108397257271,0.016,0.016,1
"AMZ2P1",0.666184932185813,0.131591335145435,0.197,0.192,1
"ABHD10",0.666236772885955,-0.153937438787269,0.142,0.171,1
"NMRAL1",0.666321214643173,0.707944969314768,0.11,0.088,1
"TRIM52",0.666350307703791,0.444106958608907,0.079,0.057,1
"HOXB3",0.666500899568543,-0.293025238909578,0.031,0.057,1
"CCL28",0.666699080243506,-0.328971390019995,0.008,0.016,1
"COMMD1",0.666792067188019,0.141364118151574,0.409,0.404,1
"SERAC1",0.666799694809016,0.191511038332417,0.087,0.093,1
"BCL9L",0.666899634537099,-0.256925477467305,0.213,0.269,1
"C17orf107",0.667183572578339,-0.741665550883491,0.016,0.041,1
"NANOS1",0.667206931327079,1.20152578604856,0.024,0.01,1
"COASY",0.667351891303252,-0.131486869624307,0.197,0.207,1
"STOX1",0.667451710174113,0.984085621195031,0.031,0.016,1
"ZDHHC20",0.667480666066477,0.225650900240652,0.354,0.332,1
"MCM3AP-AS1",0.667699888436855,1.20795949107109,0.016,0.016,1
"UROS",0.66772800069912,0.271457298372808,0.079,0.098,1
"LINC01003",0.66773946608454,0.458848961331038,0.126,0.124,1
"PSME3",0.667783078986735,0.303917399519391,0.425,0.404,1
"ABCB7",0.667993763995832,0.157764119042115,0.315,0.295,1
"ST6GAL1",0.668021960870468,0.293333009301597,0.331,0.285,1
"ZFP1",0.66808177900739,0.63227296854814,0.063,0.041,1
"KLF6",0.668109854203656,-0.158473013060045,0.724,0.72,1
"ALAS1",0.668188253605064,-0.395330995617057,0.252,0.311,1
"LY6G5B",0.668272188833902,0.989197636667199,0.016,0.01,1
"UNC13D",0.66828884095238,-0.465742920456917,0.087,0.124,1
"ZDHHC9",0.668314774670252,0.65339509573326,0.055,0.052,1
"CTNNAL1",0.668383462425579,-0.46242342094438,0.079,0.124,1
"ZFYVE9",0.668496718030625,-0.619519659978334,0.008,0.016,1
"ZSCAN26",0.668810312627276,-0.739484848612245,0.047,0.073,1
"ENSG00000285280",0.668969488422621,-0.131218603301367,0.094,0.135,1
"RPP40",0.668982957276509,0.72495463298643,0.055,0.041,1
"ANKRD13D",0.66913618878486,0.189974689454975,0.323,0.29,1
"MRC2",0.669220355889571,0.800823948996222,0.031,0.021,1
"ENSG00000289959",0.669252893341312,0.555147272130027,0.047,0.036,1
"GOSR1",0.669266721236898,-0.150253518301546,0.409,0.461,1
"DCUN1D4",0.669438868990578,0.483920682337437,0.134,0.124,1
"ZNF747-DT",0.669592140244902,0.832558434061715,0.031,0.016,1
"CCND3",0.669657989638252,-0.20134611070064,0.323,0.352,1
"RNF40",0.669908721986888,0.209511460233212,0.299,0.337,1
"ELAC2",0.669952658713037,0.605405640276828,0.134,0.104,1
"PAAF1",0.669988436450704,0.166439050137741,0.102,0.098,1
"MTMR6",0.67013646572263,-0.142901626151193,0.433,0.497,1
"MFAP3",0.670254518729538,0.463576309136511,0.102,0.078,1
"TTC33",0.670326931559916,-0.169423534042354,0.197,0.233,1
"FNIP1",0.670390100737205,-0.215828650365942,0.559,0.606,1
"ZNF577",0.670432467241706,-0.539952897027473,0.094,0.155,1
"LBR",0.67050037116248,0.190235046373552,0.409,0.404,1
"NUDT15",0.670520581402577,0.370363674988893,0.063,0.073,1
"TTBK2",0.670675800791737,-0.163733867654541,0.157,0.212,1
"CASP10",0.670735710365523,-0.358245472434851,0.071,0.104,1
"ENSG00000224363",0.670741256957843,-0.603544862378683,0.008,0.021,1
"HSPBAP1",0.670847016214155,-0.148872721336661,0.071,0.078,1
"UBXN2B",0.670868582195576,0.482564131183352,0.134,0.119,1
"MATCAP2",0.670940449641429,-0.227876287056452,0.008,0.021,1
"ZNF607",0.671063350610938,-0.422099448710921,0.008,0.021,1
"FAM85B",0.671104654010102,0.39073677740949,0.016,0.01,1
"ZMIZ2",0.671146940834659,-0.177144440812228,0.362,0.42,1
"SLX9",0.67126384932615,0.481982393216869,0.213,0.197,1
"PFAS",0.671273277974891,0.412826940596192,0.063,0.052,1
"POU2F1",0.671933398871408,0.110340424469785,0.157,0.171,1
"GLIS3",0.671979010606042,0.95833157061891,0.039,0.036,1
"MGAT2",0.672132580352236,0.129174559203499,0.378,0.368,1
"COPB2-DT",0.672226684096601,-0.274335261764504,0.063,0.062,1
"FBXO25",0.672248177616715,-0.166208974291471,0.071,0.083,1
"ENSG00000280878",0.672286953313317,-0.824877890205831,0.016,0.026,1
"ATOSB",0.672494948824478,-0.241293109103303,0.276,0.358,1
"LRRC8B",0.672511373932901,0.380331613153631,0.165,0.135,1
"ZNF680",0.672598952412122,-0.351311444342629,0.055,0.073,1
"RUSF1",0.673413011871309,-0.571344807977103,0.039,0.062,1
"CHPT1",0.673518103074044,-0.208936231721412,0.252,0.311,1
"PHOSPHO2",0.673571033049022,0.311108799558148,0.039,0.047,1
"RMND5A",0.673715344438965,0.323878194593773,0.283,0.254,1
"OSBPL7",0.673807931417279,-0.222961318158978,0.024,0.041,1
"RASSF8",0.673918416949807,-0.347699218892117,0.071,0.083,1
"EPC1-AS1",0.674180174874522,-0.715456779240583,0.008,0.021,1
"MYO1D",0.674266750194354,0.354345941000924,0.094,0.098,1
"UPK3BL2",0.674301270662587,-0.36566096817474,0.047,0.073,1
"ZNF354A",0.674494972419591,0.38209438021774,0.079,0.062,1
"SKP2",0.674784961344651,-0.332448944350185,0.047,0.067,1
"CHEK2",0.674834085742216,-0.848088274575243,0.008,0.021,1
"LINC00963",0.674841425522644,0.317134056803057,0.126,0.114,1
"ANKRD54",0.674884124629126,-0.585454145439643,0.094,0.109,1
"KCTD18",0.674987695912311,-0.116679259613501,0.094,0.093,1
"CARNMT1",0.67500573069338,0.43600896597645,0.102,0.078,1
"ENSG00000289138",0.675180243431901,0.87732636853917,0.016,0.01,1
"GSS",0.675196530590128,-0.117602951818395,0.11,0.161,1
"STIMATE",0.675225275069172,0.320042787816595,0.102,0.083,1
"TAPBPL",0.675235887630605,0.452761373623636,0.197,0.181,1
"DCAF11",0.67528352753653,-0.290523573299967,0.181,0.218,1
"ENSG00000290461",0.675301387697886,0.571373841091011,0.039,0.021,1
"B4GALT4",0.675416094403756,-0.169304679482021,0.189,0.244,1
"ENSG00000240401",0.675540539088173,0.420047132859402,0.118,0.093,1
"DGCR6",0.675596708213605,-0.255977421792673,0.008,0.016,1
"MED14OS",0.675613558507855,-0.876512226277177,0.016,0.031,1
"TIFA",0.675657038910787,0.624090672491188,0.173,0.13,1
"PELP1",0.675671731591872,-0.259785128325957,0.142,0.171,1
"TMEM181",0.675730901632912,0.336074102052538,0.173,0.15,1
"RPP25",0.675776139357202,-0.171860406095021,0.071,0.062,1
"YTHDF3-DT",0.675847318773917,-0.325563256038354,0.008,0.016,1
"ENSG00000289260",0.676049185226304,-0.456372828033263,0.024,0.047,1
"PTPRO",0.676093385518668,0.410801152406615,0.165,0.124,1
"IPP",0.676424263855429,0.694112653092598,0.031,0.021,1
"COQ3",0.676456540578331,0.969692587725886,0.016,0.01,1
"BLZF1",0.676595667914384,-0.256073773304949,0.165,0.192,1
"MICA",0.676973778818677,0.392907369769839,0.094,0.088,1
"GTF2E1",0.677011992371872,-0.111416828812501,0.055,0.062,1
"OIP5",0.677119678388094,0.64396111766415,0.024,0.01,1
"OIP5-AS1",0.677122636774085,0.275151207738439,0.409,0.383,1
"GRAMD1B",0.677285128817326,0.210992645189633,0.512,0.451,1
"ENSG00000273828",0.677297530533197,0.786421533131423,0.039,0.026,1
"USP54",0.677383600479268,0.856084400308994,0.039,0.026,1
"MRPL49",0.67744359611963,-0.236319663955103,0.142,0.161,1
"EGFL8",0.677462229008815,-0.391479297138737,0.039,0.041,1
"BTN2A3P",0.677499961295943,-0.9896410747936,0.008,0.021,1
"RRN3",0.67762437024913,-0.187362598509194,0.157,0.197,1
"STK17B",0.678076767170801,0.120054399207391,0.614,0.622,1
"NT5C3B",0.678160922516535,-0.286434610582166,0.063,0.093,1
"GRWD1",0.6782671863258,0.539088963286424,0.102,0.098,1
"ARL1",0.678422618614639,-0.355123915818665,0.142,0.176,1
"ACRBP",0.6785086027008,-0.576037088214346,0.024,0.026,1
"MCEMP1",0.678570441490113,0.21366092583664,0.055,0.047,1
"MOSMO",0.678600124958589,0.269737879617296,0.197,0.181,1
"ENSG00000259375",0.678825073778966,-1.00495239023351,0.008,0.021,1
"NBPF10",0.679302702085639,-0.179691669970718,0.134,0.155,1
"KAT2A",0.679374219802077,-0.289814650046629,0.087,0.114,1
"GNL3",0.679482140382592,0.24699184676296,0.472,0.44,1
"UVSSA",0.679618086956105,0.481312163590371,0.063,0.047,1
"TIMP1",0.679642047583305,-0.830964084375094,0.402,0.497,1
"MAD2L1BP",0.679708542933141,-0.297368862214019,0.213,0.269,1
"NDUFA7",0.679726836591545,0.198072229044564,0.528,0.523,1
"YLPM1",0.679899244029064,0.281986818767538,0.425,0.378,1
"CASP2",0.679931405903502,0.553875069003846,0.213,0.187,1
"URM1",0.679940834267591,0.10479206215444,0.268,0.285,1
"P4HA2",0.6800868459059,-0.896270670679769,0.008,0.021,1
"MCM8",0.68025229138118,-1.07980798842779,0.016,0.031,1
"DDX55",0.68029656040758,0.467447815652614,0.126,0.104,1
"ZNF687",0.680360353650948,-0.429203951527139,0.079,0.104,1
"MYLK4",0.680382736236261,0.436711524891237,0.039,0.031,1
"ZNF594-DT",0.680420940193749,-0.860777214785713,0.008,0.021,1
"TMEM163",0.680424537072539,-0.214920672535517,0.055,0.083,1
"BORCS5",0.680432395264727,-0.269624788999643,0.354,0.44,1
"ENSG00000286319",0.68053200729655,-0.698172275847811,0.016,0.031,1
"VIPAS39",0.68055453944494,-0.199324227329233,0.063,0.093,1
"ZBTB18",0.680602316792539,0.10344539696771,0.22,0.207,1
"PPIL6",0.680607911670963,1.0164343371123,0.031,0.016,1
"EPM2A",0.680636376278358,-0.352175149709437,0.079,0.088,1
"PSMD12",0.680843892583079,-0.11384627274564,0.472,0.513,1
"LINC03006",0.680940600726949,0.307235147110974,0.11,0.109,1
"RTP4",0.680983934395839,-0.16209628102262,0.008,0.016,1
"ENSG00000257386",0.681231666009568,0.903026898412318,0.016,0.01,1
"RAI1",0.681433368349708,-0.177185828574341,0.339,0.404,1
"SNAPIN",0.681927903384606,-0.194001013395556,0.283,0.337,1
"SPAG1",0.681951236204978,0.527806534355189,0.087,0.078,1
"SLC20A1-DT",0.681957392708652,-0.658526907450231,0.016,0.031,1
"TEPSIN",0.681965939553612,-0.226945566773364,0.142,0.176,1
"TGFBR3",0.68198691877636,1.43903736497875,0.024,0.01,1
"UBQLN4",0.682014875886877,0.225469607060451,0.11,0.13,1
"TCN2",0.68207236007418,-0.485628395937392,0.024,0.041,1
"INTS9",0.682125916600297,0.363427430602637,0.228,0.212,1
"LMBRD2",0.682177880561093,-0.446511601827001,0.094,0.104,1
"INSIG1-DT",0.682182893246969,0.435987180437699,0.055,0.041,1
"ENSG00000273314",0.682398117442983,0.689269696282011,0.063,0.047,1
"FAM227B",0.682425231479489,0.670879988830526,0.071,0.047,1
"CHCHD7",0.68245758192916,0.389774742054014,0.315,0.275,1
"RBBP9",0.682576364304456,-0.542309964886642,0.039,0.067,1
"RBM8A",0.683264679849893,0.15363918729547,0.89,0.881,1
"DCAF7",0.683365739485327,-0.157205226107553,0.567,0.632,1
"MYPOP",0.683653730979439,-0.125978061293353,0.118,0.145,1
"CTBS",0.683723736831078,0.507633562364812,0.213,0.192,1
"FLOT2",0.683896805397756,0.366762265043018,0.181,0.161,1
"GPR132",0.683974772142515,-0.111674388784919,0.661,0.71,1
"MAPKAPK5",0.684158626733895,0.292617491277834,0.252,0.218,1
"POLB",0.684299679345266,0.219809963724441,0.512,0.461,1
"ITPR3",0.684408009835593,0.252950057303897,0.047,0.036,1
"LINGO3",0.684470807972486,1.43033520093885,0.024,0.01,1
"CARNS1",0.684537888739197,0.577898555908749,0.039,0.021,1
"LINC00649",0.684630209646182,-1.11410750361529,0.008,0.021,1
"COMMD9",0.684742254485875,0.148024872036708,0.291,0.28,1
"TMEM158",0.684851877268298,-0.433584063403055,0.094,0.088,1
"CLPB",0.684855803636069,-0.159763633607654,0.055,0.062,1
"TMEM64",0.684870667870101,-0.303074911896783,0.063,0.067,1
"FBRSL1",0.685049270970848,0.108511941959686,0.567,0.549,1
"ZWILCH",0.685139898271565,-0.591700704894143,0.031,0.057,1
"OMD",0.685180733747561,0.87487334123144,0.024,0.01,1
"ENSG00000278376",0.685278602679929,-0.735066494623113,0.024,0.057,1
"COX11",0.685288625548774,-0.163701426681692,0.126,0.161,1
"ESCO1",0.685338271512332,-0.207712340314658,0.205,0.244,1
"KANSL1-AS1",0.685825112439534,0.49915376139615,0.024,0.016,1
"ENSG00000274425",0.685851275138665,-0.475866738318937,0.024,0.041,1
"CPNE2",0.685930045079255,-0.101287612607646,0.024,0.041,1
"HS6ST1",0.685960060522792,-0.210725544637322,0.15,0.176,1
"SAMM50",0.686027628269801,-0.188520377506543,0.189,0.233,1
"CAPRIN1",0.686106918544246,0.104362560051246,0.63,0.648,1
"GPR68",0.686204654464915,-0.737092656166971,0.016,0.01,1
"PTGES",0.686358464805961,-0.519097429716546,0.008,0.021,1
"ENSG00000236449",0.686370300103533,0.273925013324651,0.157,0.14,1
"POLR1H",0.686373513647593,0.272631477470867,0.425,0.399,1
"ENSG00000235111",0.686444170904641,0.101138356864722,0.016,0.01,1
"CEP70",0.686486239768646,-0.691428137402183,0.024,0.047,1
"INAFM2",0.686586474177191,-0.28550107462976,0.142,0.155,1
"ARSB",0.686641949360368,0.293185677929435,0.331,0.29,1
"CCDC93",0.686697823163661,-0.399323124802361,0.252,0.311,1
"ENSG00000236935",0.686748357993321,-0.346997125412103,0.039,0.047,1
"LATS1",0.686827828301908,-0.229887523268405,0.283,0.332,1
"WSB1",0.686859956356496,-0.112148899427148,0.756,0.808,1
"ZCCHC14",0.686914904389509,-0.506928011633141,0.047,0.078,1
"FBXO22",0.68697682033698,-0.121411119713745,0.181,0.197,1
"DRAM1",0.68703460526439,-0.349303788836024,0.134,0.192,1
"MTERF3",0.687299893933907,0.820480945357271,0.165,0.13,1
"NAGPA",0.687317345791842,0.389934014880419,0.087,0.073,1
"PTGDS",0.68757720887566,-0.201902049734158,0.197,0.187,1
"NUDT13",0.687645001584996,0.947280622505261,0.031,0.016,1
"SAAL1",0.687863219181345,0.37542968694923,0.102,0.093,1
"TMEM276",0.688092488797059,0.155587265901386,0.055,0.047,1
"PSMD6",0.688323193125198,0.173443259637754,0.52,0.513,1
"DHX9",0.688562010334179,0.164807148604657,0.583,0.596,1
"ENSG00000229021",0.688575147838343,0.697004946726849,0.039,0.026,1
"CACTIN",0.688593876449422,0.577438465665049,0.079,0.062,1
"MRPS26",0.68878938347156,-0.396837937448182,0.126,0.161,1
"RFFL",0.688888233481411,0.20150984673553,0.205,0.181,1
"AMT",0.688926258162598,-0.687121041065222,0.008,0.021,1
"SAMD4A",0.688973653871613,0.431875705092137,0.063,0.062,1
"UBXN8",0.689161775551245,-0.145102137064884,0.039,0.052,1
"CEP78",0.689182810512949,0.302341968364243,0.071,0.078,1
"PFKM",0.689191830257729,-0.837085403803951,0.008,0.021,1
"PCK2",0.689197901268098,0.560526678758722,0.039,0.036,1
"PARP12",0.689295348107432,0.360996829013616,0.299,0.269,1
"SPATA32",0.689366397818983,-1.05920919099688,0.008,0.021,1
"CNBD2",0.689372229912339,0.377313543343238,0.055,0.047,1
"UBQLN1",0.689383454957531,0.101951140016876,0.551,0.57,1
"RUSC2",0.689383896036816,-0.248428510474237,0.016,0.031,1
"DHFR",0.689390054036853,0.452094607708404,0.181,0.171,1
"CAHM",0.689650182989919,0.65535812509804,0.016,0.01,1
"CDK2",0.689674343866716,-0.247010677920169,0.087,0.109,1
"FKRP",0.689818869405048,0.308805811199435,0.063,0.052,1
"ZKSCAN2",0.689869084072519,-0.26633909007258,0.008,0.021,1
"KLHL11",0.689871331000613,-0.750844206766889,0.047,0.067,1
"SCOC-AS1",0.689968331236187,0.476768396064577,0.047,0.031,1
"DNAJC2",0.690008942766288,-0.242905899730745,0.386,0.44,1
"TRBV20-1",0.690056991433231,0.757287829433013,0.039,0.026,1
"CBR3",0.690089000618361,-0.601748672439068,0.016,0.026,1
"ENSG00000286153",0.690114015677231,-0.277241890691631,0.213,0.275,1
"RHOQ-AS1",0.690215165865574,0.783522183612946,0.031,0.021,1
"PXMP4",0.690279161812273,1.10621114089944,0.031,0.016,1
"TUBGCP4",0.690573570685306,-0.378434752794322,0.039,0.052,1
"ZNF606",0.69077539316415,-0.10718680642166,0.118,0.119,1
"SLC35F6",0.690789126051188,0.235648925046623,0.079,0.067,1
"ABCD2",0.690852679559229,0.849212512743724,0.016,0.01,1
"LMAN2L",0.690894547154404,0.541391880951237,0.079,0.057,1
"JPX",0.690938396065046,0.194241051994684,0.449,0.409,1
"SRRT",0.691194367114493,0.1156181510008,0.567,0.544,1
"MIA3",0.691213845129213,0.150873738588564,0.409,0.43,1
"RFLNB",0.691275842337177,0.952571816412674,0.047,0.031,1
"DCTN6",0.691313749230285,0.358665350116983,0.323,0.29,1
"IL7R",0.691351970409466,-0.320088405514228,0.15,0.223,1
"TOMM5",0.69152358006606,0.181121325228882,0.575,0.549,1
"TPPP",0.691624495025681,-0.363157833429199,0.008,0.016,1
"GPR84",0.692175888405688,-0.623111882524033,0.134,0.145,1
"DHRS12",0.692235932686936,-0.369598962277687,0.063,0.098,1
"PCNX3",0.692396379380425,-0.280599575702256,0.126,0.161,1
"SGMS1",0.692434218186957,0.365231731455042,0.236,0.202,1
"PTP4A3",0.692481160530658,0.552270039275926,0.157,0.119,1
"BBS9",0.692509248351022,-0.569949111151349,0.063,0.083,1
"ENSG00000255321",0.692531857693853,0.453199696860012,0.016,0.01,1
"SAMD12",0.692532589973943,-0.320306693528735,0.087,0.098,1
"TEX41",0.692551417641262,0.805123775865201,0.024,0.021,1
"ZNF331",0.692643825831413,0.161999643448778,0.157,0.145,1
"SFXN2",0.692661199957288,0.794811529980867,0.031,0.016,1
"POLR3C",0.692666691248868,0.30712523181944,0.283,0.244,1
"KIF26B",0.692673102484346,0.41745599427887,0.016,0.01,1
"NXT2",0.692693235073552,0.214791903001214,0.079,0.067,1
"TSR3",0.692743805024154,0.159990900364248,0.315,0.285,1
"PROCR",0.692767275234707,0.581826498294209,0.055,0.036,1
"RRP1B",0.692793057105883,0.343094571400426,0.205,0.176,1
"ZNF74",0.692814205469343,0.48751079973419,0.016,0.01,1
"CEP57L1",0.692860915532582,-0.527513151529948,0.039,0.041,1
"NFXL1",0.692873618217121,-0.180508742272735,0.071,0.088,1
"ENSG00000289469",0.692915511326623,-0.698479129401698,0.031,0.052,1
"STAM",0.692984824477144,-0.278616518253531,0.228,0.29,1
"LINC03052",0.693113578382137,0.387764364315021,0.016,0.01,1
"SPTY2D1",0.693423794274854,-0.117853687690599,0.315,0.326,1
"TMEM104",0.693489653057654,0.209620933835743,0.102,0.088,1
"C3orf62",0.693939751348076,0.372782368501921,0.055,0.036,1
"DEAF1",0.693942009440928,-0.16357736168215,0.126,0.166,1
"CES2",0.693948560628017,0.405629907498576,0.173,0.166,1
"BOLA3-DT",0.694014644853169,0.172347818779346,0.016,0.016,1
"PKIG",0.694053139550887,-0.216022319764782,0.094,0.13,1
"PRKAR1B-AS1",0.694096876356919,0.414785966976855,0.047,0.036,1
"ZNG1B",0.694194885211263,-0.204244977112085,0.299,0.342,1
"LINC01816",0.694400551036714,-0.636753303748481,0.016,0.01,1
"NCKAP5L",0.694465592645962,-0.366111148590331,0.228,0.285,1
"ODR4",0.694480957509548,-0.209484758226882,0.197,0.238,1
"ENSG00000239480",0.694513788073278,1.19533441288255,0.016,0.01,1
"STEEP1",0.694578480971867,-0.452483489209226,0.071,0.088,1
"ENSG00000290968",0.694755802557156,0.334471897174983,0.165,0.135,1
"TMF1",0.694921219129091,0.113950477370296,0.606,0.632,1
"PCNP",0.694968993756257,-0.110759994969598,0.543,0.575,1
"PRKCE",0.695043068949117,-0.139123514893065,0.315,0.332,1
"TTI2",0.695102528249866,0.253783921962919,0.102,0.098,1
"ENSG00000285612",0.695135004245161,0.209740113455786,0.079,0.093,1
"HAUS2",0.695163847553188,0.367315253323648,0.26,0.259,1
"ENSG00000290872",0.695190025669228,0.63907111164179,0.055,0.052,1
"MSANTD3",0.695201647176112,-0.361255973666284,0.126,0.15,1
"ZNF652-AS1",0.695288729684505,0.944745977876112,0.039,0.021,1
"SYVN1",0.695353043223374,0.169542115001442,0.512,0.487,1
"PPP2R3A",0.695496703460324,0.558786398264657,0.087,0.073,1
"CORO1B",0.695544049384139,-0.15832530050942,0.22,0.275,1
"HDHD5",0.695575073960053,0.437351382729441,0.079,0.062,1
"HAGHL",0.695682034834282,0.652044560647078,0.031,0.021,1
"COA7",0.695762430801118,0.606327966369372,0.039,0.026,1
"UMPS",0.69580169234247,0.367799778284264,0.118,0.093,1
"OTUD4",0.696044120226916,0.177233471101062,0.409,0.368,1
"BMP6",0.69606106829182,-0.616753538337404,0.102,0.124,1
"ENSG00000272211",0.696072040624966,0.707012215139286,0.016,0.01,1
"TRANK1",0.69658293474058,-0.14741232582887,0.063,0.083,1
"RHBDD1",0.6966087593088,-0.257517768713699,0.15,0.187,1
"ANXA2R",0.696651780026165,0.280246509838081,0.055,0.047,1
"GLT8D2",0.696673506606488,-0.515223568630469,0.016,0.031,1
"LINC01480",0.696681732972996,1.53631315316173,0.016,0.01,1
"GMPS",0.696721090312184,0.343291884371382,0.213,0.197,1
"TCTN2",0.696791196105814,0.947344921016033,0.031,0.016,1
"LINC00426",0.696864041515181,0.387826228911778,0.016,0.031,1
"C14orf119",0.696889716419321,-0.115358817224886,0.504,0.549,1
"SLC22A5",0.69694444100759,0.377058259988579,0.008,0.01,1
"EXOC7",0.69698490596117,0.340349312265866,0.22,0.212,1
"PRKN",0.696995179715609,0.227376092176024,0.039,0.031,1
"LAS1L",0.697015155033607,0.378674874810217,0.157,0.145,1
"ZNF236-DT",0.697034304099372,0.113262598655057,0.087,0.067,1
"SP100",0.697059424612082,0.206907848532344,0.78,0.772,1
"CD2AP-DT",0.697326275382321,1.18102492068606,0.039,0.021,1
"CBR4",0.697446565060988,-0.302054853561656,0.079,0.098,1
"GPR174",0.697449065264399,-0.36993640901773,0.055,0.067,1
"SMG7",0.697542216204308,0.211289835885021,0.48,0.44,1
"ENSG00000289405",0.697738889671089,-0.320589863104061,0.087,0.114,1
"ZNF707",0.697752864067648,-0.295225803629017,0.079,0.093,1
"NDUFA6-DT",0.697905241298851,0.825880035819408,0.039,0.026,1
"TAGAP",0.697922496712551,-0.175937281807893,0.283,0.316,1
"STK33",0.69802566835301,-0.158926556995581,0.031,0.036,1
"FRG1",0.698267237671024,-0.1014405088556,0.323,0.352,1
"UQCC3",0.69827941879801,0.549308646921553,0.087,0.073,1
"HERC2P7",0.698345678458891,1.46279963038556,0.024,0.01,1
"TMEM209",0.698563538605049,-0.30577467549035,0.063,0.078,1
"EXOSC6",0.698581948080852,0.234883886104826,0.291,0.29,1
"AFF2",0.698595241660996,-0.616471566045008,0.008,0.021,1
"CFAP119",0.698624820923298,0.349421600015816,0.213,0.181,1
"PJA2",0.698667142521012,-0.125474529585616,0.551,0.57,1
"CACNA1A",0.69873857402854,1.25366936411615,0.031,0.021,1
"RINT1",0.698797916918951,0.409344037281409,0.118,0.098,1
"TMEM39B",0.698827355663868,-0.41466251469887,0.189,0.218,1
"PDLIM1",0.699229206939494,-0.351096028430294,0.331,0.378,1
"LINC00526",0.699276065432752,-0.586769713788923,0.024,0.041,1
"SLC27A3",0.699466166201803,-0.168398797813401,0.031,0.047,1
"MRPL24",0.699467342077191,-0.473293771052451,0.11,0.135,1
"FGL2",0.699506971751247,0.280877845145558,0.157,0.166,1
"THAP9-AS1",0.699577892133221,0.624086202684259,0.165,0.161,1
"ZNF562",0.699783478391829,0.537624355783973,0.079,0.057,1
"G0S2",0.699832228595708,-0.303401049550058,0.094,0.145,1
"RFESD",0.699838656023914,0.78243169995483,0.016,0.01,1
"LINC00623",0.699969477932024,0.522333262019593,0.071,0.052,1
"ADO",0.699981727442704,-0.776008616957804,0.031,0.057,1
"ZFP91",0.69999183733507,-0.105785444259828,0.567,0.622,1
"RAB8A",0.700120439460344,0.160076959018186,0.614,0.575,1
"EXOC3",0.700315973612266,0.274895988952867,0.236,0.212,1
"MACO1",0.700445986901111,0.339576116194024,0.433,0.43,1
"ZNF66",0.700624517478826,-0.296646948362361,0.063,0.078,1
"BNIP3",0.700838416330435,0.541673669220191,0.055,0.047,1
"ZDHHC18",0.700848569241659,-0.322864708591409,0.197,0.244,1
"OSBPL10",0.700851649642743,-0.590766991911434,0.008,0.016,1
"VCAN",0.700895840702548,-0.237138822246566,0.126,0.114,1
"TIMM44",0.700936145381093,-0.252717291693923,0.079,0.109,1
"ENSG00000285651",0.700983494099291,-0.348758026784413,0.008,0.021,1
"LARS2",0.701079048213626,-0.320324208363848,0.102,0.13,1
"ALKBH4",0.701213252140693,-0.536670610211106,0.071,0.088,1
"VTI1B",0.701652874940842,0.137122865980326,0.433,0.415,1
"SMARCA1",0.701825868358601,0.846228172926823,0.016,0.021,1
"SLC4A10",0.701975074231457,-0.185615442476595,0.008,0.016,1
"UGGT1",0.701988258169781,0.103318546371773,0.205,0.187,1
"PLD2",0.702129788412381,-0.519110579896064,0.031,0.062,1
"ENSG00000260911",0.702214844035097,1.29574924834227,0.016,0.01,1
"DCAF6",0.702297653239525,0.276070912495772,0.449,0.42,1
"LIPN",0.702652727150089,-0.754707147302617,0.087,0.135,1
"ENSG00000257284",0.702746603549596,0.256560765517612,0.016,0.01,1
"KDM4C",0.702911622604601,0.118147601088329,0.535,0.523,1
"QSOX2",0.702990040109942,-0.635707689459579,0.055,0.083,1
"DHX29",0.703102490742055,-0.225257221585491,0.299,0.347,1
"ENSG00000224376",0.703244608001884,-0.442339231105604,0.016,0.016,1
"CD33",0.703252812449925,-0.350952910006475,0.134,0.155,1
"EXOC5",0.703305749480967,0.271606395196019,0.354,0.358,1
"ZC3H12C",0.703360646033264,0.353386256593418,0.094,0.073,1
"LINC00278",0.703573951196886,-0.570362226070336,0.071,0.093,1
"ENSG00000288925",0.703840966305101,0.37803307033905,0.071,0.073,1
"ANGEL2",0.703950887583572,0.226334498487713,0.189,0.166,1
"ZC3H12A",0.703964464902473,-0.113801494112865,0.386,0.383,1
"ZNF669",0.704067227753174,0.472684402709512,0.11,0.088,1
"PCDH11X",0.704190681681598,1.32054569391162,0.016,0.01,1
"POLR2G",0.704485141914243,0.287769761567842,0.433,0.404,1
"ENSG00000286408",0.704737657488671,0.7324076817711,0.016,0.01,1
"NDC1",0.704868057273836,-0.437732418846196,0.079,0.098,1
"MT2A",0.704974343220369,2.08657516487222,0.126,0.15,1
"LAMP1",0.705064866675166,0.275938355508135,0.394,0.363,1
"GTF2A1",0.705257640341629,-0.283301009655412,0.283,0.311,1
"CTU1",0.705336701428533,0.384074337985989,0.236,0.192,1
"STARD8",0.705422456010382,-0.630493438236257,0.079,0.124,1
"MYOM1",0.705505434655173,0.472878090910053,0.016,0.01,1
"GIMAP1",0.705537312901428,0.456018252321899,0.016,0.01,1
"ENSG00000273456",0.705609801844141,0.622272771603463,0.016,0.016,1
"SLC29A2",0.705750395738778,-0.800158328363577,0.008,0.021,1
"BNIP2",0.70576408963169,0.156806507159285,0.693,0.689,1
"TOP1",0.705837181356565,-0.142378149302879,0.85,0.876,1
"BPNT2",0.705887901252275,-0.233234383733006,0.331,0.378,1
"FBXL13",0.705991520303151,-0.28916106916661,0.055,0.062,1
"TAF1",0.706000348565558,-0.190432066179667,0.252,0.285,1
"ATP11B",0.706492260919482,0.188019469638291,0.583,0.565,1
"TM7SF2",0.706511080886728,-0.326922684895158,0.055,0.073,1
"NSUN5",0.706852251323814,0.425293447525095,0.181,0.14,1
"PLPP6",0.707057116528548,1.04952702698146,0.024,0.01,1
"TOP3A",0.707412066047438,-0.108917766926524,0.094,0.124,1
"ENSG00000261460",0.70746484912074,0.16150400366089,0.016,0.01,1
"AP4B1",0.707639780693753,-0.918642762987317,0.087,0.109,1
"USP39",0.707657548997609,-0.111419274671221,0.252,0.306,1
"TRIM69",0.707702922441172,-0.300199826931518,0.157,0.212,1
"POLL",0.707707138834579,-0.904518214434376,0.024,0.047,1
"TUSC1",0.707724870011173,0.804258914397987,0.024,0.01,1
"MMS22L",0.707768266338958,-0.136436017735285,0.063,0.062,1
"NBN",0.707782792208356,0.100835473463021,0.276,0.269,1
"NMNAT3",0.707886002478042,-1.49186936875028,0.016,0.031,1
"C18orf25",0.707888647294335,0.3398887517397,0.362,0.332,1
"ANKRD42-DT",0.707956304461969,0.253379098082675,0.055,0.062,1
"ACP2",0.708126170544414,-0.431005848727846,0.047,0.067,1
"APH1B",0.708180659788581,0.1557992788481,0.126,0.104,1
"ENSG00000283674",0.708183202553303,-0.472021147047473,0.102,0.13,1
"SENP8",0.708369444758913,0.337828825398897,0.016,0.01,1
"TMLHE-AS1",0.70850803722726,0.251570262598244,0.055,0.067,1
"B3GNTL1",0.708560975597068,-0.153485384820039,0.118,0.155,1
"ADSL",0.708631307285464,0.269261422137767,0.276,0.249,1
"XPA",0.708719662846126,0.351654708557871,0.268,0.238,1
"TCP11L2",0.708860530486637,-0.255549822547882,0.134,0.192,1
"GPR89B",0.708872429850925,-0.25481381544098,0.15,0.161,1
"ENSG00000261632",0.709164823386338,-0.550206774774659,0.008,0.016,1
"EFCAB5",0.709341227360445,0.14550126468013,0.087,0.088,1
"UBE2Q2P1",0.709572712571302,-0.58949681479813,0.055,0.073,1
"KIAA0825",0.709610304360499,0.568798574231848,0.071,0.057,1
"SLC7A7",0.709634545735132,-0.435471471201318,0.039,0.052,1
"ENSG00000287086",0.709946535114784,0.44747958697796,0.047,0.036,1
"IBA57",0.709953474714379,0.634372387451135,0.047,0.036,1
"FOXRED1",0.710059146120018,0.32125402831032,0.071,0.057,1
"GDPD1",0.710070907996295,-0.178016602693639,0.016,0.031,1
"REPS2",0.710259258802555,-0.451793602828133,0.094,0.124,1
"HDAC3",0.71036076869554,0.241137382306176,0.425,0.383,1
"UBFD1",0.710809535190746,0.364403926956245,0.157,0.161,1
"SAMD4B",0.711145569151071,-0.113923001161505,0.362,0.42,1
"ENSG00000289047",0.711267906650976,0.653667029680919,0.063,0.041,1
"ZNF213-AS1",0.711289248772355,-0.326023250812137,0.016,0.031,1
"ZFYVE21",0.711320779020169,0.199895684154551,0.11,0.093,1
"GRIPAP1",0.711328689986512,0.162986774040099,0.323,0.311,1
"KCNC4",0.711373344472074,-0.184557199115361,0.008,0.021,1
"CFAP100",0.711408439277578,0.654174383647783,0.024,0.01,1
"RNF41",0.711563060273076,0.244088538143737,0.268,0.264,1
"MBD3",0.711570244034509,0.230344312874714,0.15,0.161,1
"XPC-AS1",0.71165186062274,-0.411558970881232,0.016,0.031,1
"XRCC1",0.711708782948413,0.15562090921889,0.11,0.124,1
"G6PD",0.711781724503632,0.240953049915013,0.244,0.244,1
"NLRP2",0.711872830328107,0.523825697237373,0.071,0.047,1
"VILL",0.711945471937627,0.48944874007954,0.055,0.036,1
"ENSG00000260246",0.712559972536046,-0.846908866957234,0.008,0.026,1
"POLR3H",0.71258821712545,0.360542157804272,0.063,0.047,1
"MICU2",0.712760209686125,0.187514934187704,0.457,0.42,1
"HEXIM2",0.712867370194636,1.65980699653158,0.016,0.01,1
"SNX18",0.712937191932777,0.69794884381792,0.087,0.062,1
"PDZD11",0.712964894140325,-0.196756204089044,0.087,0.098,1
"IPO13",0.713148040867467,0.531576087274248,0.039,0.041,1
"TMED8",0.713206100367384,-0.414448236870624,0.134,0.15,1
"LPIN1",0.713221585737297,0.229611413840658,0.504,0.492,1
"NARF-AS2",0.713239586790206,-0.776904369795801,0.008,0.021,1
"ZNF274",0.713248754372955,-0.327933510960214,0.071,0.088,1
"NDUFA6",0.713314180862432,-0.101951321008326,0.748,0.793,1
"ZNF22",0.713387855877807,-0.107574136382224,0.417,0.409,1
"KATNAL2",0.713489463365424,0.405429709867928,0.016,0.01,1
"MTHFR",0.71377277464305,-0.320653663778906,0.134,0.192,1
"HSPA2",0.713791644082252,-3.09924695763555,0.016,0.01,1
"TSPOAP1",0.713961420168573,0.31605145160654,0.126,0.104,1
"NKRF",0.713996243332791,-0.150991034348637,0.063,0.067,1
"LINC02256",0.714087700066918,-0.362484016282674,0.031,0.041,1
"ENSG00000236358",0.71412003639706,0.965160397871118,0.024,0.01,1
"PPP1R12A-AS1",0.71412953515063,0.712759105358124,0.016,0.01,1
"CCDC163",0.714144198686401,0.489692206033026,0.016,0.01,1
"ATP8A1",0.714171638224987,0.116831073217207,0.236,0.244,1
"JAG1",0.714219503148957,-0.649908201478508,0.039,0.062,1
"FTX",0.714470874679533,0.241265474575935,0.575,0.539,1
"ST7L",0.714575904614274,-0.225309165456799,0.087,0.13,1
"MAP1LC3B2",0.714631967044484,0.464423336582821,0.039,0.026,1
"MAP3K20-AS1",0.714895620020597,-0.919441968383602,0.016,0.036,1
"GLIPR2",0.715353429599078,-0.383322979193483,0.283,0.368,1
"KIAA2013",0.715436914240127,0.261193416789276,0.417,0.389,1
"DNAAF9",0.715490444661055,-0.206830338534589,0.26,0.306,1
"PISD",0.715534790491631,0.330889728774771,0.228,0.218,1
"SPACA9",0.715611581093865,-1.13841799103059,0.016,0.031,1
"ANKRD17",0.715642958362379,0.162844890613722,0.756,0.746,1
"DPCD",0.715685049829642,-0.454178966868144,0.016,0.031,1
"ZNF2",0.71578293731689,-0.845334948017853,0.008,0.021,1
"TXLNGY",0.715885475825258,0.248938173172469,0.165,0.135,1
"LAMB3",0.716107343637626,-0.816249045016115,0.039,0.073,1
"POLH",0.716255372086791,0.488129756183088,0.134,0.109,1
"ENSG00000241073",0.716498106694522,-0.116833941468522,0.008,0.016,1
"ARPP19",0.716510255045069,0.101674060667785,0.654,0.642,1
"ITGB7",0.71652364057959,-0.194960820554153,0.362,0.44,1
"ENSG00000291143",0.716770815492606,0.517962793951408,0.024,0.031,1
"ENSG00000282885",0.716926276990074,-0.102975942270994,0.189,0.228,1
"CDS1",0.716926616220141,0.521802793553531,0.047,0.036,1
"GALNT3",0.717020440658596,-0.176401848165798,0.268,0.316,1
"EFR3A",0.717072327683723,-0.104469986004708,0.409,0.446,1
"MICU3",0.717099737263451,-0.112889290375202,0.055,0.052,1
"TDRD3",0.717181015062148,-0.21151430509715,0.15,0.176,1
"RASGEF1A",0.717214196097969,-0.389492573435807,0.016,0.031,1
"JADE3",0.717481468266691,0.276173038869407,0.213,0.171,1
"UTP25",0.717529204656881,0.635098786934147,0.071,0.052,1
"TEX261",0.717549625559994,-0.372456330775617,0.055,0.083,1
"ZNF335",0.717577009774321,-0.204549525115355,0.189,0.228,1
"CDK11A",0.71759665694952,0.366384042145362,0.394,0.358,1
"TMEM123",0.71766384039012,0.102783738114269,0.646,0.684,1
"PHC2",0.71773468412128,0.179425337979282,0.441,0.435,1
"ACCS",0.718036220324374,-0.579594996060459,0.016,0.031,1
"ENSG00000267009",0.718292814771865,-0.68899990498221,0.016,0.036,1
"ZNF624",0.718326680942803,0.735290016827137,0.047,0.031,1
"CPOX",0.718369266268485,-0.266375004795936,0.079,0.114,1
"NUP153-AS1",0.718377115004742,0.787090450892157,0.079,0.062,1
"RBMX2",0.718592615530352,0.312440681944364,0.15,0.145,1
"ENSG00000286020",0.718683441954285,-1.17193137571087,0.016,0.026,1
"CEBPD",0.718895485124924,-0.698317027518322,0.236,0.316,1
"NRF1",0.719044834899787,0.21973581687576,0.244,0.244,1
"CENPA",0.719123490678013,0.225668052145743,0.024,0.016,1
"STK32B",0.719257951330005,0.567899544371041,0.024,0.016,1
"MLC1",0.719402633197893,-0.68757508142112,0.016,0.031,1
"GTPBP2",0.719404710209079,0.238088849969342,0.134,0.114,1
"LRRC8C",0.71944056700758,-0.386486179843238,0.386,0.477,1
"ZNF570",0.719583463150242,0.276308825683423,0.047,0.036,1
"MTG1",0.719669082199073,0.274391687658858,0.15,0.187,1
"WASL-DT",0.719889938564768,-0.481920044997143,0.024,0.031,1
"PKD2L2-DT",0.719939475563909,1.0516725943437,0.039,0.026,1
"ENSG00000260517",0.719973449519939,0.922779469522226,0.031,0.021,1
"BTN3A3",0.719987582925025,-0.626659551084871,0.039,0.057,1
"CDYL2",0.72006723192506,-0.228981161432749,0.11,0.145,1
"ENSG00000255031",0.720087736371589,0.763285195188112,0.024,0.016,1
"FAM83G",0.720501479209927,-0.257607969998383,0.157,0.181,1
"ZFY-AS1",0.720628087068412,-0.622757061735289,0.008,0.021,1
"PDCD4-AS1",0.720664913980187,-0.344300883354367,0.063,0.093,1
"MRPS34",0.720694504732919,0.319807605776471,0.331,0.311,1
"ZNF318",0.720846960891482,-0.338657181488832,0.079,0.088,1
"BMPR2",0.720887055302995,0.248538567213987,0.535,0.549,1
"CRTAM",0.720935966763435,0.587848651622413,0.016,0.016,1
"TMEM262",0.721006135631816,0.71780688062373,0.016,0.01,1
"CLBA1",0.721058506278277,0.798021237414574,0.016,0.016,1
"TIPRL",0.721077234160974,-0.118802184905302,0.378,0.42,1
"FADS2",0.721151461224653,0.369513832143677,0.126,0.098,1
"TNFRSF4",0.721185595918227,-0.293965266991626,0.252,0.254,1
"ENSG00000237126",0.721272825172008,0.957490679764454,0.039,0.031,1
"C1orf159",0.721306593659949,-0.343740095381298,0.047,0.073,1
"SERPINH1",0.721819833977867,-0.537066381272119,0.047,0.062,1
"MAMLD1",0.721931905118205,0.173585897376445,0.063,0.073,1
"KIAA0513",0.721971316104887,0.309752528617917,0.22,0.197,1
"RUVBL1",0.722244332296988,0.352328744978553,0.126,0.104,1
"ARMC2",0.72225140983708,-0.310554996054906,0.047,0.073,1
"ENSG00000290853",0.72232741806883,-0.802874774142468,0.039,0.052,1
"ZNF691",0.722348569931322,0.188180551992668,0.094,0.078,1
"TBC1D31",0.722353571432477,-0.333743257461392,0.031,0.052,1
"DAB1",0.722744628428028,-0.32028157528089,0.016,0.031,1
"CAMK2D",0.722794695953456,-0.107905222431003,0.11,0.114,1
"OGFOD2",0.722816396758937,-0.206378946397756,0.031,0.052,1
"ENSG00000286177",0.722836836735446,0.858042090661447,0.055,0.036,1
"TRIT1",0.722947318302288,0.267869930941164,0.22,0.187,1
"LINC00852",0.723084252108837,0.856214311747791,0.016,0.01,1
"RNF168",0.723219562097733,-0.113232250817089,0.535,0.591,1
"STT3A",0.723224645449366,0.135169168964121,0.409,0.363,1
"SNHG16",0.72347048117333,0.157600135292889,0.362,0.342,1
"IFI27",0.723558593968337,-0.751832670891743,0.071,0.098,1
"LPAR6",0.723601082259912,-0.309923991289332,0.087,0.124,1
"C2orf49-DT",0.7236631841208,0.268523262297858,0.055,0.047,1
"CXCR5",0.723668220471055,-0.10938047691744,0.016,0.021,1
"KAT6A",0.72382795279677,-0.175745756294051,0.512,0.575,1
"SLC5A10",0.723850467425104,-0.367551546546452,0.008,0.016,1
"HFM1",0.72385893010556,-0.954831087698606,0.055,0.078,1
"UBL7-DT",0.72397182463383,0.181346103080833,0.055,0.047,1
"ZNF426",0.724109370796613,0.337891711123627,0.063,0.062,1
"ADORA2B",0.724155455529848,0.100854295153532,0.024,0.031,1
"NOP14",0.724178744110162,0.193029890790934,0.205,0.181,1
"ENSG00000250602",0.724285509184143,0.490671265389453,0.031,0.047,1
"SERHL2",0.724551050299849,-0.621137907114307,0.008,0.021,1
"ENSG00000274383",0.724762294440162,0.627083243457514,0.039,0.026,1
"FXYD7",0.724813490244726,1.61631222611206,0.024,0.016,1
"ABRACL",0.724938784771166,0.32525098441455,0.528,0.492,1
"MARF1",0.725496095974986,0.293065577190357,0.236,0.244,1
"PTPRCAP",0.725508303567625,0.160106649584203,0.559,0.492,1
"NATD1",0.725623445215374,1.2217726582526,0.016,0.01,1
"BTRC",0.725648489185056,0.475499563958327,0.205,0.187,1
"HENMT1",0.72565829761394,-0.50325648411741,0.071,0.104,1
"CCDC134",0.725708401744094,1.17363986313442,0.039,0.026,1
"XPO5",0.725832445374361,0.356692170379084,0.126,0.13,1
"GALE",0.725923749267379,0.49985691076677,0.063,0.057,1
"C2orf76",0.725964268810956,0.257048737195917,0.071,0.057,1
"POMGNT1",0.72603461831287,0.3634388187447,0.071,0.067,1
"NUP54",0.726186800192953,-0.174147741092288,0.386,0.44,1
"KIF9",0.726260130680637,0.380643393805363,0.102,0.093,1
"SERTAD2",0.726450135252935,0.147109707465497,0.433,0.404,1
"ZCCHC10",0.726673375836559,-0.215257174930056,0.315,0.373,1
"FRA10AC1",0.726729486886907,-0.133397975723041,0.087,0.098,1
"SLC30A6",0.727224353728556,-0.153338509969946,0.157,0.192,1
"CDPF1",0.72731069225576,0.561791381171502,0.055,0.036,1
"ZXDC",0.727317435094624,-0.165702981669002,0.252,0.311,1
"SIN3A",0.727748141874324,-0.194743294558985,0.37,0.409,1
"GEMIN2",0.728751090967269,-0.459939293129559,0.055,0.078,1
"SEPTIN1",0.728787084330946,0.318488066852986,0.37,0.326,1
"INPP5K",0.728787638312932,-0.115194383474793,0.197,0.202,1
"VPS50",0.728851952587819,0.116709796543734,0.228,0.244,1
"NUP155",0.729230761625772,0.44205136345936,0.126,0.114,1
"PRKAG2",0.729257392344481,0.498648574600707,0.276,0.249,1
"PCSK5",0.729288574505574,-0.458331712342369,0.055,0.067,1
"KIAA1328",0.729330014972739,0.650290459118994,0.094,0.073,1
"SLC39A4",0.729355429864464,0.10737852210177,0.087,0.093,1
"IQCG",0.729587818038891,0.90189850610081,0.055,0.036,1
"ENSG00000289979",0.729792020784115,0.231594941911959,0.008,0.01,1
"IL17RC",0.729819647168443,1.28573441004441,0.031,0.021,1
"ZNF737",0.729858236125053,0.893210216985281,0.055,0.036,1
"PTGS1",0.729868002371539,-0.396095365693034,0.063,0.067,1
"COQ9",0.729881050828656,0.372768515765336,0.118,0.098,1
"MED8",0.729907736946755,-0.304631187847192,0.315,0.368,1
"EMC1-AS1",0.72993220482207,-0.132203034970537,0.102,0.135,1
"ENSG00000238221",0.730094654388971,1.096288258766,0.047,0.031,1
"MSRB1",0.73017873710317,0.263737538164553,0.189,0.176,1
"CLIP4",0.730211727682444,-0.236485051306389,0.055,0.062,1
"ZNF684",0.730343460258876,-0.583800907022344,0.024,0.036,1
"BCO2",0.730402248984977,-0.153197051301258,0.031,0.052,1
"ENSG00000232347",0.730514214007022,0.911221912728218,0.031,0.021,1
"ARL13B",0.730544109824119,0.366398194876656,0.126,0.13,1
"CAST",0.730564252832659,-0.145508988447207,0.685,0.715,1
"SPSB2",0.730692183628146,0.445969341628063,0.071,0.057,1
"PXDC1",0.730762294226392,0.821386287788261,0.055,0.041,1
"PDAP1",0.730866148648961,-0.169261027678101,0.299,0.332,1
"SNRPD1",0.730869207058051,0.114719643859796,0.591,0.591,1
"ZNF699",0.730927106095703,-0.457336380941113,0.047,0.073,1
"VDAC3",0.731133628835172,0.210518886667787,0.543,0.503,1
"SMUG1",0.731278222697612,1.0034081568022,0.047,0.031,1
"NIPSNAP1",0.731443487013608,-0.497083129300895,0.031,0.057,1
"PSME4",0.731451519778739,-0.156241940612521,0.331,0.399,1
"ZYG11B",0.731503788579028,-0.399125919456985,0.063,0.093,1
"THAP3",0.731550019382154,-0.196824839333293,0.11,0.124,1
"ENSG00000287265",0.731732515408813,-0.518773039253444,0.063,0.088,1
"IFT52",0.731774874678707,0.231109248213233,0.197,0.176,1
"MFSD1",0.731874644984475,-0.111572935712765,0.409,0.425,1
"PRIMPOL",0.732193920830506,0.465720219213474,0.055,0.041,1
"PITPNC1",0.732207570812433,-0.24978707918917,0.236,0.301,1
"CYP27A1",0.732272117347453,0.56488967135621,0.016,0.01,1
"CTH",0.732441366282208,-0.98758732481164,0.008,0.026,1
"LRFN4",0.732604003224842,0.672309312978911,0.063,0.041,1
"LINC02384",0.732674557798353,-0.643397340218241,0.024,0.036,1
"ENSG00000290758",0.732676186747199,0.419147193237626,0.016,0.01,1
"ICA1",0.732836341308535,-0.702963667876627,0.031,0.052,1
"ARL3",0.732917723727957,-0.166883299418121,0.157,0.181,1
"TMEM33",0.733004384460395,0.175416621175845,0.37,0.352,1
"ZNF3",0.7331332589205,-0.111728130275148,0.142,0.155,1
"ENSG00000283064",0.73350989927367,0.453743420269285,0.031,0.021,1
"HIVEP2-DT",0.733535702154712,-0.227251796071784,0.031,0.031,1
"BET1",0.733594929384359,0.26719353314871,0.268,0.249,1
"OSM",0.733717912699089,-0.142920520304135,0.15,0.197,1
"HAUS5",0.73375565565292,0.718505959282862,0.039,0.031,1
"SHKBP1",0.733848747166631,0.192926555620352,0.402,0.404,1
"GTDC1",0.733948055481193,-0.315049550336996,0.079,0.119,1
"USP44",0.733958898038152,0.475691967832215,0.016,0.01,1
"ENSG00000289277",0.734179726068068,1.28530820103582,0.016,0.01,1
"PPP1R32",0.734251288209309,0.648240480181701,0.016,0.01,1
"ATAD1",0.734289290696181,0.402014161534758,0.283,0.254,1
"ENOPH1",0.734291158502408,0.604206323244909,0.157,0.13,1
"TRABD-AS1",0.734406559591816,0.16033132497218,0.094,0.078,1
"KRTCAP2",0.734454590989018,0.234387180206136,0.795,0.788,1
"ENSG00000231731",0.734463866889388,0.712518979109189,0.047,0.036,1
"PRELID2",0.734496808463198,-0.865005485064405,0.016,0.036,1
"CCNY-AS1",0.734618229037095,0.516837872443987,0.031,0.021,1
"RAD52",0.734806438947876,0.172976487545145,0.063,0.047,1
"CWF19L2",0.734856783522603,-0.132139815298816,0.236,0.254,1
"ENSG00000235189",0.735003697436893,-0.155879396316148,0.016,0.031,1
"NUP43",0.735041204196714,0.724057835015867,0.102,0.078,1
"ENSG00000287839",0.735046067549511,-0.81122997573276,0.016,0.026,1
"CARNMT1-AS1",0.735107510361349,0.223607995246097,0.016,0.01,1
"TRAF3IP2-AS1",0.735160536012491,-0.268040348806169,0.118,0.145,1
"BTN3A1",0.735606411314719,0.219862794151278,0.071,0.073,1
"CNTN5",0.735885244513367,-0.222258889618321,0.008,0.021,1
"ZNF619",0.735970113469233,0.382861693814109,0.016,0.01,1
"LINC00847",0.736017547696751,0.120146283086612,0.063,0.057,1
"SLC6A16",0.736066336683069,0.511779786065437,0.024,0.016,1
"UBE2V2",0.736122984451958,0.151743389135869,0.315,0.316,1
"MAGI2",0.736163289937413,0.431585961869908,0.039,0.026,1
"ASB7",0.736202241574285,0.336063063059156,0.165,0.166,1
"ZBTB3",0.736222911419511,0.728332312262475,0.024,0.016,1
"MRPL30",0.736484554771319,0.13217748781251,0.189,0.171,1
"APEX2",0.73649200610901,-0.235290104817613,0.15,0.176,1
"PEX1",0.736620261772835,-0.363328506130176,0.063,0.078,1
"MTERF2",0.736654897141301,0.644430774709579,0.024,0.021,1
"CD300LB",0.73687928879231,-0.247731572382748,0.142,0.15,1
"SMARCAD1",0.737058840845261,-0.192423763439071,0.228,0.259,1
"RCC1",0.737128922801971,0.240256743994049,0.087,0.088,1
"ALDH1A2",0.737153701279349,0.943393015682112,0.016,0.016,1
"ENSG00000271855",0.737180365498225,1.10631315814475,0.016,0.01,1
"SPIN1",0.737369957059281,-0.167955503653691,0.299,0.352,1
"KIF5B",0.737376340143919,-0.115276886173578,0.709,0.751,1
"FRAT2",0.737390847278215,-0.107371605761865,0.079,0.093,1
"SLC5A6",0.737546245396484,-0.412459566753503,0.055,0.078,1
"MLYCD",0.737673424619589,-0.342109132256507,0.024,0.041,1
"SCGB3A1",0.737859028363711,0.837841636571366,0.024,0.016,1
"EFL1",0.737995947674738,0.260808027306205,0.268,0.259,1
"SYNGAP1",0.738020305765355,-0.404733553572749,0.031,0.052,1
"PIP4P2",0.738052654154818,0.573147062608966,0.094,0.073,1
"GIPC1",0.738253459634373,-0.184907962369279,0.055,0.052,1
"ADAM15",0.73830924606923,-0.257460897519637,0.157,0.223,1
"PRDM1",0.738452766550285,0.309399005104256,0.189,0.192,1
"SNX27",0.738631609259406,0.291251829939356,0.197,0.171,1
"ENSG00000286787",0.738778059801706,-0.183486838250548,0.016,0.016,1
"TRMT44",0.738855585018714,0.167981729282316,0.102,0.078,1
"ELP3",0.738938774850838,-0.36346082417163,0.11,0.14,1
"TOR1B",0.739026466990186,0.310326626352451,0.165,0.166,1
"ITGB1",0.739282962374074,-0.176789063012774,0.598,0.617,1
"VPS16",0.739321275010333,0.448613632170331,0.126,0.114,1
"BBX",0.739365939377885,0.299586174533996,0.394,0.404,1
"ENSG00000240553",0.739396855207266,0.468032715737654,0.071,0.057,1
"ATG5",0.739404991720304,0.146169588029374,0.52,0.503,1
"PIWIL4-AS1",0.739422376265587,0.735987041644164,0.031,0.021,1
"ABCC10",0.739546160144466,-0.353980010444777,0.047,0.073,1
"KTI12",0.739589071611397,0.647373967528946,0.031,0.031,1
"POLR3B",0.739622372757388,0.640521309453854,0.047,0.036,1
"TMC6",0.739812342048877,0.177184703229665,0.268,0.269,1
"PTS",0.740096116595418,0.210636763975925,0.449,0.425,1
"ORMDL1",0.740354263262844,0.231534775364939,0.535,0.523,1
"ARF6",0.740414852622724,-0.126589313867624,0.843,0.886,1
"TMEM70",0.740529827310463,0.221446038271657,0.457,0.43,1
"RETN",0.740560552860212,-0.741936651953155,0.047,0.088,1
"QSER1",0.740715974476465,0.216258403021788,0.213,0.181,1
"SNAI3-AS1",0.740778281402894,0.885923574448144,0.024,0.016,1
"EXOC6",0.740863768024139,0.256639072521858,0.417,0.368,1
"DUS4L",0.740883954230932,-0.221299467709021,0.024,0.041,1
"SAMD10",0.741119023241197,-0.461839330880087,0.047,0.057,1
"GPR137B",0.741120369963751,-0.442548950371163,0.315,0.373,1
"KCNQ1",0.741130781654111,0.321472794375612,0.118,0.124,1
"ENSG00000253636",0.74115223014374,-0.353963123383447,0.008,0.021,1
"PRC1",0.741241732197744,-0.11769788828202,0.047,0.073,1
"SLC38A4-AS1",0.741349159253762,0.546954122267293,0.181,0.155,1
"RASA2",0.741481663142826,-0.157859805653866,0.339,0.389,1
"GLMN",0.741553552908942,0.254179562133981,0.142,0.135,1
"CDC5L",0.741656097399931,0.157580429047202,0.504,0.482,1
"ELMOD3",0.741793027199637,0.479780210150912,0.134,0.119,1
"DYNLRB1",0.741916889917215,0.195181786313952,0.575,0.554,1
"FBXO46",0.741946297654597,0.351285821580892,0.157,0.14,1
"IKBKB",0.741997454291469,0.19193387318823,0.339,0.306,1
"CHKB",0.742016931046579,0.216152256003839,0.378,0.363,1
"GP6-AS1",0.742167645277245,0.713700999674033,0.031,0.021,1
"ZDHHC1",0.742231154919257,-0.928979089463597,0.016,0.036,1
"ERCC8",0.742313849270213,-0.378737299751364,0.126,0.166,1
"RFX5-AS1",0.742348062328767,0.152893168601122,0.087,0.078,1
"AMBRA1",0.742481665185711,0.133792294380867,0.299,0.316,1
"MIS18BP1",0.742489748473789,0.246794264935296,0.488,0.451,1
"ADAMTSL4",0.742732903172514,-0.4987440259461,0.016,0.031,1
"ENSG00000272667",0.742849021482474,1.46407207238904,0.016,0.01,1
"RSU1",0.74290551847078,-0.133270380729751,0.323,0.368,1
"TMEM241",0.742912466704533,-0.750575642107623,0.024,0.036,1
"SCRN2",0.743350039940222,0.475946101123823,0.118,0.093,1
"GNAL",0.743416664150538,0.18864324137786,0.008,0.016,1
"C11orf65",0.743461239562335,0.576045247045569,0.016,0.021,1
"GET3",0.743539716527209,0.164737671069243,0.394,0.373,1
"ITPKB",0.743948836985376,0.419296625165765,0.071,0.052,1
"EIF3J-DT",0.744065714132956,0.951474685399142,0.063,0.047,1
"PRKCQ-AS1",0.7440823745825,-0.240659492975337,0.031,0.057,1
"SHLD2",0.744218061420826,0.241803582262664,0.346,0.321,1
"USP20",0.74432917984801,0.40443161220936,0.157,0.13,1
"ZBTB5",0.744402784506884,0.237855265576505,0.118,0.109,1
"PTPRM",0.744442183927813,0.407588061177524,0.15,0.135,1
"TMEM182",0.744527845267609,-0.533780790495319,0.024,0.026,1
"COG1",0.744638189318394,-0.469936978960126,0.063,0.088,1
"RFWD3",0.744670862829522,0.346565908830741,0.134,0.119,1
"POMZP3",0.744700900080195,-0.166474986440734,0.126,0.119,1
"KYAT1",0.744870565222697,-0.448901660225013,0.031,0.041,1
"MTFR1L",0.745067845136578,-0.212540180677764,0.11,0.14,1
"FAM241A",0.745156397426891,0.180573780523496,0.26,0.259,1
"CEPT1",0.745256477035085,0.292347674089091,0.244,0.223,1
"GPATCH3",0.745311851615188,0.211288302063604,0.189,0.176,1
"ZC3H10",0.745452221851207,-1.19567840350465,0.024,0.041,1
"PYGB",0.745457320656741,0.348518852906622,0.126,0.114,1
"ENSG00000291176",0.745483527771505,-0.362661415059436,0.024,0.036,1
"LDOC1",0.745695253560328,0.603124370205078,0.047,0.036,1
"SLC45A4",0.745698001254861,0.21762454744507,0.118,0.114,1
"ENSG00000288900",0.74587013011812,0.169105101703774,0.039,0.047,1
"EAF1",0.745918686112615,0.294812821947251,0.228,0.207,1
"ACTMAP",0.746003778185835,0.857586932035925,0.047,0.036,1
"AK4",0.746129531223311,-0.744846106179463,0.016,0.026,1
"KLHL28",0.746153024608336,0.289921636764517,0.315,0.306,1
"ENSG00000226647",0.746174821697809,-0.215143859036247,0.047,0.067,1
"ANKDD1B",0.74626673380966,0.534311672163812,0.016,0.01,1
"RRAS",0.746310546412632,-0.5579729335665,0.071,0.104,1
"PDP2",0.746334452077762,0.903998909411416,0.047,0.031,1
"ATP6V1G2",0.746726208651336,0.949340315878382,0.016,0.01,1
"HCK",0.746767205630725,-0.25244223862817,0.354,0.43,1
"PHLDA1-AS1",0.746805000497896,-0.91990249285147,0.047,0.078,1
"ZNF674-AS1",0.746832711464905,-0.394990700872158,0.024,0.041,1
"JRK",0.74717085532854,0.110947974070589,0.024,0.036,1
"TLR8",0.747257271703889,-0.328467361163014,0.008,0.021,1
"ABHD5",0.747335700197994,0.142271816294899,0.173,0.155,1
"ZNF518B",0.747349536058472,0.335517304781511,0.15,0.124,1
"LMO7",0.747402627266252,-0.214146409112639,0.094,0.119,1
"NPIPA9.1",0.747425012705165,0.190600338270046,0.016,0.01,1
"BTN2A1",0.747513239979487,0.197956083610799,0.268,0.244,1
"PGRMC2",0.747534180627512,0.205386708873574,0.181,0.197,1
"ZNF180",0.747548844665441,-0.601159989979668,0.063,0.078,1
"SSX2IP",0.747717529145832,0.214928082458653,0.252,0.218,1
"THAP7",0.747719512807588,0.231185559457555,0.134,0.13,1
"FHAD1",0.747770056642951,-0.426328719757806,0.024,0.041,1
"FAN1",0.747896752947961,0.414006141987254,0.118,0.093,1
"APTX",0.747947441763319,0.10727000262725,0.181,0.187,1
"C2orf88",0.748054891499914,-0.242589942464659,0.094,0.093,1
"TMEM170B",0.748251282585671,0.325432693038674,0.126,0.109,1
"ENSG00000270175",0.748275312137195,0.914493721458726,0.016,0.01,1
"PPP1R12A-AS2",0.748312153930037,0.106899260310517,0.024,0.021,1
"C5orf63",0.748336775451172,0.456684554195506,0.047,0.031,1
"MBD5",0.748581723246765,0.15058720012413,0.394,0.378,1
"R3HDM1",0.748764439449414,0.195541981937957,0.378,0.368,1
"ST6GALNAC6",0.748872597815294,-0.180350893275733,0.228,0.269,1
"USP1",0.749007449613135,-0.106106632864266,0.268,0.316,1
"FBLN7",0.749198287060191,-0.580059543533696,0.016,0.026,1
"ANXA6",0.749222858182658,0.466690781344276,0.354,0.332,1
"MIF4GD-DT",0.749337590428325,-0.654962709236211,0.016,0.031,1
"NCR3LG1",0.749354599763274,0.499260039142603,0.024,0.026,1
"SLC11A2",0.749558186916529,0.258344763510943,0.11,0.093,1
"BUB3",0.75001521910604,0.159972395847435,0.472,0.451,1
"ENSG00000271554",0.750271546220561,0.772311139648498,0.047,0.031,1
"C1orf50",0.750320955733459,0.330619295887634,0.213,0.187,1
"GCNT7",0.750419220773771,-0.436594624808978,0.008,0.01,1
"NOTCH2",0.750567658335636,0.185128538845463,0.591,0.596,1
"TGFB3",0.750599253184188,0.968118202185552,0.024,0.016,1
"COL6A2",0.750739206807682,-0.620295493740844,0.016,0.026,1
"MHENCR",0.75074719519639,-0.249635375971587,0.11,0.13,1
"FOSB",0.750801260158694,-0.230529924043121,0.268,0.311,1
"HMBS",0.750976845272166,0.672955467260242,0.094,0.067,1
"ENSG00000225889",0.751049116184321,-0.841092409803312,0.016,0.026,1
"APBB1",0.751052715364598,-0.848721449068187,0.016,0.031,1
"LINC02680",0.751066992982271,0.596586690522935,0.016,0.01,1
"CCDC15",0.751127791753937,0.578059899145971,0.016,0.01,1
"CHD1",0.751423974612371,-0.172207259659725,0.614,0.653,1
"ZNF14",0.751679118573279,0.259136309037304,0.055,0.062,1
"ICA1L",0.751726799062984,0.484980368493517,0.063,0.052,1
"TYW3",0.751762293983012,0.317846402677622,0.307,0.269,1
"SLC5A11",0.751840952142126,0.131641897261424,0.008,0.01,1
"FBXO28",0.751872840626763,0.336130420881787,0.213,0.202,1
"MVD",0.751903574755575,-0.333856167851716,0.126,0.166,1
"ENSG00000285710",0.752019683803476,0.812913080579717,0.016,0.01,1
"MIR3681HG",0.752036291353258,-0.779038962860695,0.008,0.01,1
"KLHDC4",0.752069630744494,0.289814847640737,0.228,0.212,1
"ITGA5",0.752305470596115,-0.274560152333751,0.504,0.565,1
"ENSG00000284882",0.75259344564884,0.17113399877618,0.031,0.036,1
"ENSG00000260296",0.752668021818854,-0.6648254888282,0.016,0.026,1
"ZNHIT3",0.752800748896486,0.159335224737202,0.291,0.275,1
"CBR1",0.753111912474465,-0.331217151502945,0.024,0.047,1
"FRAS1",0.753182980263047,-0.368043753495256,0.008,0.021,1
"PFN2",0.753261128491732,0.869341870567307,0.016,0.01,1
"VIRMA-DT",0.753404279927154,0.633782627538197,0.008,0.01,1
"C1S",0.753521541401126,-0.388538398086061,0.047,0.052,1
"RELL2",0.75362910943886,-0.485011669452236,0.055,0.073,1
"DNAJC13",0.753673715699654,0.266702039442927,0.268,0.249,1
"NGRN",0.753810859441656,0.275301953678502,0.315,0.301,1
"ENSG00000230773",0.753961310802806,0.807002082576863,0.024,0.016,1
"NRM",0.754082175402049,-0.169804467557466,0.055,0.067,1
"EXOSC2",0.75411523342949,-0.432281856559273,0.055,0.067,1
"ENSG00000289596",0.754400102264407,-0.370141617597973,0.008,0.016,1
"ENTHD1",0.754416008368483,1.35663757618954,0.008,0.01,1
"CLIC4",0.754602625783693,0.16286191708871,0.606,0.575,1
"OGDH",0.754643044798522,-0.161292169293074,0.591,0.658,1
"FAM24B",0.75519701500484,0.146210601491894,0.055,0.057,1
"CD22",0.755209868446525,-0.731937743878635,0.031,0.036,1
"ENSG00000237356",0.755348920501385,-0.227625629515692,0.055,0.073,1
"CCS",0.755354375373603,0.108796449382039,0.339,0.352,1
"TCAIM",0.755524103651639,0.383400371317424,0.134,0.104,1
"PIP5K1A",0.755548621036408,0.126960279627714,0.457,0.487,1
"GID4",0.755572772910413,-0.135915041697382,0.094,0.124,1
"MED12L",0.755596060245962,0.133901673543696,0.165,0.187,1
"ATF1",0.756052798817048,0.297917289195303,0.276,0.264,1
"MAFK",0.756212730183149,0.110503871738299,0.181,0.171,1
"OLMALINC",0.756215422542034,-0.609251137252031,0.008,0.021,1
"LCLAT1",0.756589304256951,-0.198829860359025,0.055,0.078,1
"EFNA4",0.756596491542449,-0.609986888382492,0.039,0.052,1
"ZNF75D",0.756602225552648,-0.175144813758443,0.157,0.166,1
"RAD51C",0.756648951206208,0.382045350779485,0.118,0.109,1
"KATNA1",0.756650558000613,-0.153548934492809,0.213,0.249,1
"MFSD9",0.75675166675492,0.813632700409256,0.063,0.052,1
"EMC2",0.756772442666736,0.431174554376194,0.26,0.223,1
"GSDMB",0.756981862931496,0.559330630361996,0.047,0.031,1
"ATXN1L",0.756996048554413,0.446689281986664,0.157,0.145,1
"CYLD",0.757240843822514,0.102357392916682,0.772,0.777,1
"PIK3R2",0.757341087131875,0.587896108132151,0.087,0.067,1
"DRC3",0.757469111410457,0.895151080159514,0.016,0.01,1
"LRCH3",0.757499402844599,0.13799509181423,0.417,0.42,1
"ENSG00000232995",0.757514283832636,1.17659617162305,0.016,0.01,1
"GDAP1",0.757673244710485,0.379572910687835,0.071,0.067,1
"C10orf88",0.757906195840033,-0.359246617801882,0.055,0.078,1
"ENSG00000253901",0.757954309359718,1.19654217704609,0.016,0.01,1
"PHLDB3",0.757958745755871,0.415486215101797,0.142,0.145,1
"ZFYVE27",0.758155862560072,0.341792073695442,0.165,0.14,1
"MTRF1",0.758407037100933,0.551445740148613,0.039,0.031,1
"PGM3",0.758415018137678,0.397763645340095,0.205,0.166,1
"MET",0.758426189821346,-0.201746315650729,0.016,0.026,1
"ENSG00000271254",0.758643227682896,-0.500901203952487,0.016,0.026,1
"BDH1",0.758802688082794,-0.551066377129921,0.016,0.031,1
"DNMT1",0.758923561206766,-0.113797119062908,0.197,0.228,1
"SRF",0.758967428332187,0.294000639484175,0.181,0.166,1
"XPO6",0.75923039447005,-0.222972490714182,0.165,0.207,1
"BSG-AS1",0.759306038592774,0.886615772564806,0.008,0.01,1
"ENSG00000267601",0.759390762469338,-0.339366438030005,0.008,0.01,1
"FLAD1",0.759536489822849,0.182816024008136,0.142,0.119,1
"SLC23A2",0.759558664671836,0.116774707331249,0.189,0.171,1
"MAN2B1",0.759681002553559,0.118314181772564,0.787,0.777,1
"ENSG00000272092",0.759804575442369,-0.459870675195774,0.008,0.01,1
"PPID",0.759997603167066,0.421385927602947,0.339,0.306,1
"PCED1B-AS1",0.760080862497159,0.376403101127822,0.236,0.223,1
"NUDT4",0.760358147247767,0.260472934593347,0.142,0.15,1
"AAMP",0.760388367799936,-0.205105720129996,0.449,0.492,1
"BRPF3-AS1",0.760438793438903,0.366981772471701,0.016,0.026,1
"PIK3CD-AS2",0.760455753004165,-0.298058118883283,0.024,0.026,1
"CYTOR",0.76055801386647,-0.156214179475008,0.417,0.44,1
"PTPRN",0.760597127167184,-0.426128561020038,0.008,0.016,1
"ARL11",0.760646744854546,0.285287105604921,0.102,0.078,1
"NR4A2",0.76066421185803,-0.410061180974794,0.189,0.228,1
"ERV3-1",0.7607392907018,-0.274132614237009,0.118,0.145,1
"VGLL4",0.760745419190932,-0.151603593972253,0.205,0.233,1
"ALDH3A2",0.760891554190001,-1.5186106645967,0.016,0.031,1
"ARHGAP30",0.761266732888378,-0.102605255207444,0.559,0.57,1
"PLEKHM3",0.761480933289122,0.479966329802104,0.102,0.083,1
"DYNC2I2",0.761826362662852,-0.266405434105453,0.039,0.047,1
"SV2C",0.761832391267527,-0.136215387436402,0.079,0.104,1
"PLEKHA7",0.761936828574685,-0.646288101734014,0.071,0.114,1
"VCPKMT",0.762268266347205,-0.178452287399662,0.165,0.192,1
"LINC02021",0.762272716186994,0.405313271733052,0.008,0.01,1
"MYCBP",0.762315268294926,0.285516896612087,0.276,0.244,1
"YES1",0.762620851596983,0.670137274640593,0.039,0.041,1
"EPHX1",0.762810090077107,1.02977694892688,0.039,0.026,1
"KBTBD4",0.763108550943699,0.350034077423571,0.071,0.073,1
"FKBP15",0.763134967073651,-0.285832340059133,0.15,0.197,1
"PARS2",0.763269029695154,0.236705374691989,0.024,0.016,1
"ENSG00000257496",0.763286278256764,0.359810521250027,0.031,0.021,1
"MXD3",0.763413795365809,0.181829289049686,0.047,0.041,1
"QPRT",0.763469200492648,-0.275274411990389,0.055,0.073,1
"ATE1",0.763663971824101,0.316061429616144,0.268,0.249,1
"AP3S1",0.76374873248311,-0.124106972151853,0.638,0.674,1
"NSMF",0.76379364163265,-0.244093107817396,0.197,0.238,1
"ENSG00000278600",0.764200493091308,-0.475747738078762,0.008,0.021,1
"WAC",0.764428519553525,0.156910525500196,0.795,0.793,1
"ARRB1",0.764595955332158,-0.22229004006953,0.055,0.083,1
"GCFC2",0.764797735109187,0.292490413315944,0.118,0.119,1
"PIK3R6",0.765004681903665,-0.5853038305089,0.047,0.078,1
"ABRAXAS1",0.765124919778347,0.252541004662854,0.118,0.098,1
"MRPL11",0.765221431325168,-0.305669619052606,0.276,0.347,1
"RNF121",0.765618192850948,-0.208124577910935,0.165,0.187,1
"PDP1",0.765627348357307,0.319427400831072,0.11,0.093,1
"PTCD2",0.76578978250901,1.01379341814668,0.031,0.026,1
"TRIM14",0.765862649098772,0.438465091460015,0.181,0.155,1
"EVA1B",0.7660538176588,0.363178114180193,0.244,0.244,1
"VPS37C",0.766091870624385,-0.801816934529423,0.055,0.088,1
"TMIGD2",0.766115557660583,-0.107538972046495,0.165,0.171,1
"COQ2",0.766159356534748,0.359917193781299,0.094,0.088,1
"WDHD1",0.766503479140242,0.522447558384828,0.047,0.036,1
"BTG3",0.766506409635752,0.360919840367093,0.354,0.342,1
"ENSG00000236069",0.76651280830655,-0.219927572817567,0.008,0.01,1
"LINC00342",0.766527437655906,0.27396315255699,0.205,0.207,1
"ENSG00000290057",0.766681561562131,0.503035351012721,0.063,0.073,1
"WDR75",0.766743831440814,0.371829879843603,0.22,0.192,1
"SLC48A1",0.767204202431156,-0.309546163930979,0.031,0.047,1
"ABHD14A",0.767406805547401,-0.323185067985922,0.039,0.062,1
"C16orf95-DT",0.767470772064431,0.18867231613025,0.008,0.01,1
"GALNT10",0.767486809142101,-0.138758321458724,0.134,0.181,1
"TRMT2B",0.767548535847505,0.339087084890935,0.063,0.052,1
"TMEM161B-DT",0.7676139346147,-0.255171298173147,0.087,0.088,1
"ENSG00000257925",0.767790842013268,0.251540274015023,0.008,0.01,1
"CAMK4",0.767883051570943,0.161609858486289,0.016,0.026,1
"LCK",0.7682638218998,0.662015565984974,0.031,0.026,1
"CD8A",0.76832741860412,0.566502757645791,0.024,0.026,1
"ENSG00000261799",0.768355096935602,-0.60164889720042,0.031,0.047,1
"MED23",0.768457688241629,0.402883538493905,0.283,0.275,1
"EMC3",0.768538566572245,0.136437964548886,0.504,0.482,1
"SERPINA1",0.768785109607223,-0.30519836280775,0.118,0.171,1
"FAM209A",0.768879076349467,-0.579834394365625,0.008,0.01,1
"ZC3H14",0.768962677479856,0.36509957398173,0.157,0.15,1
"ZNG1F",0.769353992027247,-0.421521109643733,0.039,0.057,1
"ZNF689",0.769433757937462,-0.203432734391821,0.094,0.104,1
"RNASEH2B",0.769474172480332,-0.130874886276994,0.362,0.378,1
"ENSG00000291224",0.7695672353689,0.248644489803022,0.063,0.052,1
"TOP2A",0.769841287966767,-0.360341172391833,0.008,0.021,1
"ARHGEF19",0.770001891871966,1.045961788733,0.031,0.021,1
"TMEM106C",0.770109890586244,-0.787924516321529,0.016,0.031,1
"AP3D1",0.770292548152558,0.292483506943082,0.433,0.399,1
"CYBC1",0.770410490393734,0.353166068038042,0.291,0.249,1
"TEX9",0.770768182838489,-0.949641151209325,0.008,0.021,1
"PPIH",0.770812035062857,0.30845698387012,0.323,0.29,1
"AK3",0.771121239413447,-0.167230018441523,0.228,0.254,1
"BAZ2B",0.771200282207984,0.111567837897167,0.567,0.596,1
"TUT1",0.771592083061079,0.499900941424883,0.071,0.052,1
"ASGR1",0.771645560033328,-0.401187068919506,0.008,0.021,1
"NBPF20",0.771698916572038,0.546290684496094,0.024,0.031,1
"ENSG00000253194",0.771748166384943,-0.145957026119357,0.047,0.057,1
"PPM1F",0.771822386267889,0.117008344545425,0.134,0.166,1
"F8A1",0.771839210955165,0.611096366123259,0.031,0.031,1
"SBDSP1",0.772032819278535,0.333041171569945,0.181,0.171,1
"ENSG00000272277",0.772060729937351,0.642588341704236,0.039,0.031,1
"DCTN3",0.772201400965132,-0.1085893614298,0.591,0.648,1
"NECAP2",0.772212647336982,0.250986568065303,0.457,0.466,1
"SEC23IP",0.77234893566869,-0.137401131754249,0.213,0.264,1
"TRAPPC3",0.772385780686352,0.195702176155783,0.425,0.409,1
"ZNF711",0.772437995637259,-0.186967687590405,0.094,0.109,1
"ABRAXAS2",0.772445649368933,0.22574499552072,0.252,0.238,1
"ZFTRAF1",0.772782119073793,0.3142296559856,0.079,0.083,1
"CDH1",0.772909709900459,-0.36548579240699,0.102,0.114,1
"ENSG00000228395",0.773013400263018,0.481119792198704,0.008,0.01,1
"ENSG00000260570",0.773020802534556,0.116938561888499,0.039,0.057,1
"ELP2",0.77310809427851,0.268624008660864,0.252,0.223,1
"GARNL3",0.773172442975114,-0.619497540958848,0.008,0.01,1
"TBC1D25",0.773398281222747,0.324601852907932,0.15,0.13,1
"MRPS9",0.773414596907445,0.215425245674024,0.157,0.155,1
"ANXA11",0.773493706352535,0.199265627153585,0.748,0.72,1
"MRPL51",0.773495239848514,0.124582606013293,0.622,0.601,1
"ENSG00000237773",0.773511015965018,-0.309419162066308,0.079,0.114,1
"CSGALNACT1",0.77355019161648,0.546266938000491,0.039,0.026,1
"PPP1R7",0.773597381722818,0.149954963814644,0.268,0.249,1
"SMO",0.773609882925511,-0.743202097950454,0.008,0.021,1
"NEDD4",0.773637716149123,-0.339838052279822,0.063,0.083,1
"PTGIR",0.773663133315386,-0.323146540094953,0.071,0.088,1
"ENSG00000284624",0.773776361954022,-0.743537671756995,0.016,0.031,1
"ENSG00000268056",0.774336531619425,-0.129877920286596,0.039,0.062,1
"SPAG5-AS1",0.7744033954497,-0.399464097170156,0.031,0.052,1
"ZNF225-AS1",0.774422402823847,1.2272635278916,0.031,0.021,1
"ZNF865",0.774672235591552,-0.310327056227993,0.102,0.109,1
"TRNAU1AP",0.774740933939115,0.1278568204585,0.22,0.233,1
"ZBTB14",0.774906030545562,-0.386039219171236,0.039,0.052,1
"FTSJ1",0.774974966604923,0.185642121021244,0.228,0.202,1
"ENSG00000285080",0.77516454052332,0.413363024359795,0.189,0.161,1
"MRRF",0.775311706445957,0.209081360766596,0.165,0.15,1
"HCG27",0.775316086428031,-0.701379579790867,0.008,0.01,1
"GPR171",0.775341726029469,-0.193565592005577,0.008,0.01,1
"FRY",0.775372067299769,-0.234624833006057,0.228,0.254,1
"NPIPB12",0.775408675054738,-0.230693808495039,0.016,0.031,1
"HERC2P3",0.775431640611205,0.747482427946153,0.071,0.057,1
"KAT7",0.775523524137015,0.369056925980284,0.189,0.166,1
"ULK1",0.775661023490589,0.20230635266391,0.244,0.238,1
"ENSG00000289021",0.775786075951943,0.84186971155335,0.008,0.01,1
"ELAPOR2",0.775961015642464,0.306494415587109,0.008,0.01,1
"MBTPS1-DT",0.775973997940257,0.658818789992896,0.008,0.01,1
"ZBTB9",0.776020785463067,0.440091976161099,0.039,0.036,1
"NFIL3",0.776146766593362,0.511756602090525,0.118,0.13,1
"VIRMA",0.776184242626611,0.181946846678277,0.268,0.285,1
"KLHDC2",0.776312806489771,-0.242875865647175,0.244,0.28,1
"AGK",0.77633462692375,-0.263211037452356,0.094,0.114,1
"DLST",0.776392499704902,0.136946863633447,0.378,0.394,1
"MTR",0.776479376353406,0.356841650213154,0.268,0.238,1
"GLRX",0.776774562193747,0.384212436863262,0.354,0.306,1
"FAM168B",0.776993081955573,0.263417412076994,0.307,0.29,1
"LAIR1",0.7772602071709,0.239577133031289,0.346,0.316,1
"BISPR",0.77737489179444,0.465947573040324,0.118,0.098,1
"NQO2",0.777475122505783,-0.103948470166784,0.575,0.591,1
"SCIMP",0.777517479132995,-0.537864507130848,0.024,0.041,1
"APTR",0.777582328953002,0.123797084104083,0.063,0.057,1
"ENSG00000291203",0.777780115135444,-0.14062460800304,0.213,0.228,1
"ARHGEF37",0.778228723415312,-0.195548036371296,0.008,0.01,1
"TRIM23",0.778496372284518,0.287153561037729,0.118,0.114,1
"FLYWCH2",0.778578842537007,-0.282855581917238,0.11,0.14,1
"TTLL11",0.778671523596216,0.425093673636617,0.094,0.073,1
"HNRNPD",0.77876546961894,0.102734533300182,0.898,0.881,1
"ENSG00000254420",0.778951154832254,0.355932309692003,0.173,0.155,1
"RGS9",0.779378492421161,-0.510039985277832,0.031,0.047,1
"PRKCA",0.779424786826577,0.303263038757022,0.094,0.088,1
"CASD1",0.779479752957443,0.35304572412762,0.268,0.228,1
"ELL3",0.779870366724502,0.366339459358943,0.031,0.026,1
"UBA3",0.779906589339439,0.167692638723423,0.504,0.482,1
"PELI3",0.780325139328209,-0.252616217429487,0.008,0.01,1
"COQ8B",0.780377083553716,0.192436673491923,0.071,0.073,1
"KCNJ14",0.780444616821882,-0.339446644775621,0.008,0.01,1
"ENSG00000273507",0.780762028563336,-0.557763693187127,0.008,0.01,1
"DSCAML1",0.780886608467965,0.968753843485763,0.024,0.016,1
"ZNF195",0.781000204601113,-0.295929808633471,0.181,0.207,1
"CKMT2-AS1",0.781032621065018,-0.20816511671641,0.047,0.052,1
"NDUFS1",0.781110009575178,0.285830646483403,0.315,0.311,1
"CASK",0.781267299622273,0.281310364437176,0.268,0.244,1
"CMTM1",0.781505171079571,-0.687413873614755,0.008,0.021,1
"FAM27C",0.781549050240433,-0.217590552060101,0.016,0.026,1
"BNC2",0.781811661212151,-0.9630394997012,0.024,0.031,1
"SNHG32",0.781816683700631,-0.155603915004011,0.512,0.575,1
"TFR2",0.78183521757559,-0.371244273282235,0.008,0.021,1
"ENSG00000291209",0.781910278197069,0.123817305745622,0.047,0.041,1
"MTMR8",0.782033022764375,-0.756138531600945,0.016,0.031,1
"ZNF397",0.782039534175916,0.353710230347592,0.063,0.067,1
"ZSWIM1",0.782188613066038,-0.593308330412691,0.024,0.041,1
"PIGA",0.782228558181443,-0.464475694687036,0.079,0.119,1
"CNR2",0.782746560656759,0.22654116236744,0.024,0.021,1
"MAP3K11",0.782822056175979,-0.143083605066473,0.386,0.451,1
"PGP",0.782939758886296,0.207170287008796,0.181,0.161,1
"SPCS2",0.783132993601465,0.118748568290268,0.732,0.736,1
"FAM104B",0.783161425451429,0.495299595293892,0.055,0.041,1
"LINC01800",0.78335299463252,0.472977219810994,0.071,0.067,1
"TOX2",0.783366466552762,0.835277158592366,0.047,0.031,1
"SCAMP2",0.78358637586765,0.10605597913293,0.63,0.591,1
"C2",0.783612360168776,0.163325413331706,0.008,0.01,1
"CERK",0.783740413707501,0.199142459776947,0.543,0.503,1
"ENSG00000289939",0.783821641658122,0.314774881136252,0.039,0.031,1
"ENSG00000290823",0.78384079928528,0.111048957892176,0.591,0.611,1
"LTK",0.783963606614868,-0.201695413126798,0.134,0.14,1
"MBOAT1",0.784082733112262,0.170808953205799,0.094,0.083,1
"MUS81",0.784277961417978,-0.534926208986238,0.094,0.124,1
"AK5",0.784356155960667,0.9187724725512,0.008,0.01,1
"CDK3",0.785027377941655,0.451087200704688,0.031,0.021,1
"MMP19",0.785128496518648,-1.25573616337079,0.008,0.021,1
"H3C1",0.785140031796137,-0.68641304623432,0.016,0.021,1
"CSNK1G3",0.78529533820533,-0.125534213653616,0.26,0.29,1
"RAB18",0.785412589298044,0.147950810512953,0.591,0.565,1
"RAP2C",0.785553920923184,0.281687810898717,0.291,0.295,1
"CENPK",0.785595689962931,-0.577136926370924,0.016,0.031,1
"HMGCL",0.785711576159833,0.532997477343956,0.047,0.036,1
"ENSG00000261098",0.785736333747225,0.723806769216109,0.031,0.021,1
"MORC4",0.785910785861232,-0.386926160585613,0.031,0.041,1
"MALT1",0.785999444093902,-0.140772855032416,0.709,0.756,1
"SLC23A3",0.786082884823136,0.156287439065813,0.008,0.01,1
"SLC38A1",0.786174158477666,0.201862885716831,0.598,0.58,1
"C3orf14",0.786204621320664,0.357268921786164,0.039,0.041,1
"SDSL",0.786252889424941,-0.102595375089023,0.039,0.052,1
"ENSG00000233635",0.786313657126319,-0.11440120353411,0.031,0.031,1
"BPGM",0.786345185795783,0.217783177893013,0.118,0.114,1
"ENSG00000273199",0.786396901800054,0.554202287476074,0.039,0.026,1
"CUL7",0.786421490612433,1.06650662660862,0.031,0.021,1
"DCLRE1A",0.786498139899156,-0.465590977920313,0.008,0.01,1
"IRAK1",0.78656727933352,0.185107106412447,0.37,0.363,1
"GEMIN8",0.78670658928961,0.470318007567892,0.126,0.104,1
"CDK2AP2",0.786777671602845,-0.100988642807562,0.583,0.627,1
"LINC01237",0.786877514670349,0.635898396075933,0.071,0.057,1
"AGTRAP",0.787394009211721,-0.33626746335565,0.031,0.052,1
"EIF2B4",0.787395945612855,0.333182984636446,0.173,0.155,1
"CUL3",0.787794362984837,0.133983956404809,0.717,0.694,1
"PARP3",0.787797625351958,0.296706529793926,0.008,0.01,1
"CENPL",0.788148731164665,-0.29922604323906,0.031,0.047,1
"GATM",0.788191620078283,0.230645515191688,0.071,0.062,1
"DAPK2",0.78823817692942,0.634204204701354,0.039,0.031,1
"GCN1",0.7882754433905,0.350610172585408,0.173,0.155,1
"TSR1",0.78836117478662,0.259401755896886,0.165,0.171,1
"FAM43A",0.788446758539554,0.321420688804272,0.205,0.171,1
"ENSG00000287584",0.788475880532979,0.49032082357093,0.031,0.026,1
"PYCR2",0.788666581125065,0.358004692702521,0.205,0.176,1
"SEC31B",0.788756522524142,-0.361797835424303,0.039,0.057,1
"LDAF1",0.788993431195833,-0.385079309446847,0.142,0.171,1
"NXT1",0.789107703857835,0.332056296824154,0.402,0.383,1
"ATG9B",0.789216249952253,0.563349892998082,0.016,0.021,1
"PRORP",0.78930830254405,0.169326671394444,0.346,0.306,1
"ZNF154",0.789338638527648,0.340002499529293,0.087,0.067,1
"GARS1-DT",0.789615391152483,0.264296444116153,0.118,0.119,1
"MSH3",0.789774029859002,0.353241170273033,0.134,0.114,1
"PTPN18",0.789972481620942,-0.269043491623903,0.134,0.171,1
"CLEC11A",0.790068402205302,-0.26174362286593,0.063,0.093,1
"CASP4",0.79026493329784,-0.156243557672591,0.22,0.275,1
"MMP25",0.79027016160396,0.330893912721278,0.055,0.052,1
"KLC1",0.79027886396139,0.190967038083685,0.441,0.44,1
"ENSG00000284052",0.790589266540218,-0.372955882762098,0.031,0.041,1
"SNX9-AS1",0.790850454297594,-0.459702893049295,0.016,0.031,1
"PCIF1",0.790867257688438,-0.165055585524659,0.339,0.383,1
"PIAS3",0.791029319218953,0.676794423534147,0.079,0.067,1
"ZNF69",0.791230981035667,-0.702562805264522,0.031,0.052,1
"ENSG00000261324",0.791340445666911,-0.493576339739685,0.008,0.021,1
"TSHZ1",0.791404893814788,0.244899709867657,0.094,0.098,1
"MYLK",0.791608111085096,-0.387676441996604,0.031,0.041,1
"ZNF304",0.791639638651604,-0.204718181557431,0.016,0.026,1
"RNF215",0.791793788857416,-0.376822504057326,0.031,0.036,1
"TMEM86B",0.791918724247174,0.88831956289205,0.016,0.016,1
"SLC35G1",0.791966740606092,0.429248230128882,0.008,0.01,1
"ELAC1",0.792032393187108,0.36036611225347,0.055,0.041,1
"RMDN3",0.792034495319829,0.330371155777781,0.354,0.306,1
"COMTD1",0.792210655147568,-0.418866400769981,0.087,0.098,1
"PRRC2B",0.792264611774398,0.136328524827233,0.512,0.534,1
"MROH1",0.792291156245503,0.507618970205896,0.102,0.083,1
"HS1BP3",0.792362978143577,-0.337941106591557,0.055,0.062,1
"KIDINS220",0.792603143520868,0.156107566106364,0.354,0.342,1
"TPST1",0.792742151335855,0.503912486499837,0.031,0.031,1
"ZNF84",0.793108251993059,0.332710799602897,0.126,0.109,1
"FLACC1",0.793112658385602,-0.152187792637142,0.039,0.052,1
"ACSM3",0.793149976440056,-0.907370242663474,0.024,0.026,1
"NFKBIB",0.793162435756023,-0.206138323687504,0.299,0.352,1
"NVL",0.793340331640135,0.277783322518338,0.157,0.13,1
"ENSG00000289119",0.793530156957813,-0.360255187792583,0.008,0.01,1
"MORN2",0.793809483546264,0.193339752479476,0.031,0.026,1
"FGF22",0.793851322161007,-0.313893725251341,0.008,0.01,1
"ADGRL1-AS1",0.793924898308832,-0.137754899799184,0.079,0.083,1
"MELK",0.793978429862743,-0.187144478413658,0.008,0.01,1
"NCF4",0.794017566024957,-0.201394221768836,0.173,0.197,1
"EEF1AKMT4",0.79411117501095,-0.526637809525884,0.016,0.026,1
"ANKHD1-DT",0.79414197789437,0.425538682936558,0.039,0.031,1
"TPK1",0.79445150625427,0.131300781274261,0.15,0.15,1
"SEC24A",0.794488814718685,-0.151400199246999,0.291,0.358,1
"NKG7",0.794824457981864,0.181844788291177,0.425,0.389,1
"XIST",0.794859038614466,-0.512991656584661,0.079,0.124,1
"SMIM18",0.794919608725099,0.727433676863735,0.024,0.016,1
"MANEA",0.795407840977391,0.666598394562159,0.102,0.078,1
"ZNF609",0.79557691534698,-0.203760309517996,0.386,0.44,1
"ENSG00000273565",0.795736860944573,0.912007100313131,0.031,0.021,1
"XYLT2",0.795777689947584,-0.206235610476273,0.008,0.01,1
"ZNF223",0.795922901822348,-0.114173264813065,0.031,0.026,1
"PMM1",0.795976536855136,-0.345328898313955,0.024,0.036,1
"MIS12",0.796045736803146,0.322333063494409,0.15,0.135,1
"TPCN2",0.796056060559152,-0.285308952627097,0.094,0.109,1
"ENSG00000288756",0.796176742302244,0.259506698113897,0.008,0.01,1
"ATXN2L",0.796287214022166,0.166934679792005,0.543,0.528,1
"YIPF3",0.796408964251463,0.190832498600244,0.496,0.477,1
"NDC80",0.796411794687086,0.259028874504682,0.008,0.01,1
"ENSG00000228434",0.796822418321847,-0.252462913169748,0.008,0.01,1
"PFKFB4",0.796940704078593,0.649262536123973,0.039,0.031,1
"CLUH",0.79695115607506,0.466139405645249,0.039,0.026,1
"THOC1",0.797153183286908,-0.160419563704273,0.228,0.249,1
"ERCC1",0.797660870616196,0.100414646001729,0.606,0.627,1
"SIRT3",0.797746646558601,-0.560849969198646,0.024,0.036,1
"LINC01597",0.797923526277609,0.427535321032092,0.008,0.01,1
"ZNF319",0.79794137686936,0.361396217084835,0.016,0.026,1
"VRK1",0.797996413775026,0.555512646974892,0.165,0.166,1
"POLE2",0.798218661885965,-0.775427119935253,0.016,0.031,1
"ENSG00000254604",0.798384680192678,0.207208331775291,0.071,0.067,1
"INTS5",0.798465694652064,0.382302575963287,0.118,0.114,1
"DLG4",0.798525400786528,0.206938790434191,0.071,0.062,1
"HAPLN3",0.798605772097428,-0.517514114443618,0.071,0.114,1
"EIF5A2",0.798724784685174,-0.308531477316835,0.024,0.041,1
"SLC52A2",0.798741081749913,-0.131487672970987,0.213,0.238,1
"ZNF493",0.798756707999731,-0.239914458948476,0.142,0.161,1
"SNHG11",0.798808907829164,-0.450734945357287,0.024,0.036,1
"CHST12",0.798830466864818,0.128449335779298,0.402,0.363,1
"L3HYPDH",0.798901531795882,-0.554000796804366,0.016,0.026,1
"ZEB2-AS1",0.798992692720117,-0.302894274765403,0.126,0.171,1
"MAP3K20",0.799025240827309,0.19267109210121,0.252,0.264,1
"HSPA13",0.799346749488836,0.136917081693247,0.339,0.316,1
"SMG1",0.799637336213966,-0.169137757368831,0.638,0.694,1
"SEC23B",0.799806465157042,0.188163135156489,0.402,0.415,1
"COA5",0.799867036944666,0.216311312036251,0.181,0.155,1
"ENSG00000259807",0.799892917088504,-0.316297773397747,0.016,0.031,1
"BTBD1",0.799958916043045,0.21117770942908,0.417,0.389,1
"TUBGCP5",0.800048332990416,0.49422986858748,0.063,0.067,1
"KLHDC10",0.80009411570503,-0.107611739125246,0.26,0.311,1
"TSPAN5",0.800126146829742,1.07356112282614,0.024,0.016,1
"LINC00472",0.800238516740141,-0.251825024437066,0.047,0.067,1
"TMEM141",0.800340740091638,0.190172682416389,0.142,0.171,1
"HEMK1",0.800346243252296,-0.257484766466612,0.055,0.062,1
"KCP",0.800402024934174,-1.20226308998023,0.016,0.021,1
"SNHG25",0.800557092095726,0.406661247396543,0.102,0.093,1
"PLEKHA1",0.800613072966307,0.211567235481452,0.165,0.161,1
"RPAP1",0.800732400703277,0.271456679101572,0.063,0.052,1
"MAP1S",0.800740103739411,0.122149133762661,0.402,0.404,1
"FAM81A",0.80086621476616,0.19405749978681,0.008,0.01,1
"TACC3",0.800879830207644,-0.23466432014971,0.11,0.14,1
"GPC2",0.800929444625668,-0.540813279111894,0.016,0.026,1
"PPP1R8",0.801022435562217,0.222993122189767,0.173,0.181,1
"RNFT1-DT",0.801192155234134,-0.196544221643337,0.008,0.021,1
"ILF3-DT",0.801311723391436,0.354450873363669,0.087,0.067,1
"MIR762HG",0.801488950286938,0.520211684313393,0.094,0.073,1
"AP2A1",0.801591984464416,0.38235121653613,0.22,0.212,1
"MTRR",0.801645365957271,-0.170779892365181,0.126,0.15,1
"STX11",0.801733720363136,-0.131617385693386,0.386,0.466,1
"B3GAT2",0.801735655426087,-0.481316370308653,0.016,0.026,1
"SPATA20",0.80176215002214,-0.568862724451178,0.024,0.036,1
"TRAPPC14",0.801813483813566,-0.226200508703343,0.11,0.145,1
"RGS18",0.801895158178153,-0.2466164103974,0.079,0.073,1
"POMC",0.801908868795753,0.282177211396613,0.126,0.124,1
"MED22",0.801961501828285,0.680687221671669,0.047,0.031,1
"ZNF542P",0.802192783853192,0.274342630731023,0.079,0.083,1
"ASB3",0.802287936043058,0.183071002713487,0.299,0.28,1
"FXYD2",0.802289498746313,0.197403318201935,0.15,0.13,1
"KLRD1",0.802508189699869,0.532313775713765,0.016,0.016,1
"GRAP",0.802715202678926,0.418745584287286,0.016,0.016,1
"ZNF547",0.802853960841438,0.842945632870684,0.039,0.031,1
"POLR1G",0.803049212747044,0.290210351655094,0.039,0.031,1
"ZNF34",0.80318009937297,-0.308300940476224,0.047,0.067,1
"ENSG00000188897",0.803284725163803,0.448117943456388,0.031,0.021,1
"PAXIP1-DT",0.803314896932454,-0.161680983594546,0.079,0.078,1
"OGT",0.803423131599912,0.193914831166834,0.772,0.767,1
"HDGFL3",0.803439834959543,-0.268533964350418,0.189,0.218,1
"CDC7",0.803496200755987,0.345013066089891,0.063,0.052,1
"CACNA1C",0.803558753265252,-0.600247844932048,0.016,0.026,1
"SLC25A51",0.803620923770201,0.117287694754223,0.126,0.14,1
"PRDM10",0.80369664077216,0.342380807231169,0.134,0.124,1
"TBC1D30",0.804083677161582,-0.855712515000123,0.008,0.021,1
"POLR1E",0.804178709613478,-0.112495883418459,0.039,0.041,1
"EML5",0.804183734208229,0.838222855313439,0.039,0.026,1
"PRCD",0.80420094573663,-0.309176187784481,0.008,0.01,1
"PRRC2A",0.80421550116228,0.20011874029883,0.496,0.482,1
"CDCA5",0.804304850896184,0.80882977744854,0.008,0.01,1
"LINC02246",0.804341751872066,-0.610417972585569,0.031,0.047,1
"PABIR3",0.804550825055395,-0.262569652418074,0.071,0.088,1
"STXBP1",0.804759449301554,0.105132424958724,0.055,0.057,1
"SLC45A3",0.804768951641221,-1.00514251970291,0.008,0.01,1
"ESS2",0.804822704448903,-0.218433811657798,0.118,0.119,1
"ENSG00000251131",0.804829273431346,0.613609205667988,0.031,0.026,1
"DDX39A",0.804904414690513,0.107197341183169,0.638,0.648,1
"CD79A",0.804912997565034,-0.658318503555163,0.063,0.078,1
"DCUN1D3",0.80538785217382,0.4930091824667,0.031,0.026,1
"RBM15-AS1",0.805428374343803,-0.538541661796586,0.031,0.021,1
"SMARCA2",0.805465831965027,-0.163506527383046,0.394,0.425,1
"SENP7",0.805586953474953,0.249172398092764,0.22,0.207,1
"LAMTOR5-AS1",0.8058072623469,-0.247184697699373,0.008,0.016,1
"EPG5",0.805838215620368,0.348026931980655,0.126,0.109,1
"ARHGAP11B-DT",0.806019752157254,0.123837801127777,0.008,0.01,1
"SH3BP2",0.806084451591311,-0.120239661488923,0.307,0.332,1
"PLXNA2",0.806188217333115,-0.460550715566625,0.031,0.052,1
"MFSD8",0.806263092193795,0.341598121610759,0.173,0.176,1
"SMYD4",0.806353206525565,0.160846142843634,0.063,0.057,1
"URB1",0.806547156001079,-0.301820137880605,0.031,0.036,1
"TESK2",0.806702779271993,-0.104049758921715,0.055,0.083,1
"SSRP1",0.806909025260068,0.140016655803098,0.323,0.352,1
"ENSG00000266397",0.807003796653204,0.140029536075365,0.008,0.01,1
"TXNRD2",0.807142844467897,-0.233782135346252,0.055,0.062,1
"NOP14-AS1",0.807190616131124,0.381787954138602,0.094,0.083,1
"COPA",0.807248283051473,0.109400024178728,0.724,0.715,1
"NEURL1",0.807300762754468,0.224095529360783,0.031,0.026,1
"USP30",0.807325642295707,-0.239000861531535,0.079,0.104,1
"GGT1",0.80740258944794,0.241039199286622,0.063,0.062,1
"CTU2",0.807459022296853,0.347861364098734,0.126,0.124,1
"PSMC3IP",0.807529043784001,0.321353184028836,0.087,0.073,1
"MEX3D",0.807625777377224,0.720582483271193,0.008,0.01,1
"MAFF",0.807684299671327,-0.28543429843873,0.213,0.244,1
"ADHFE1",0.807713524565764,1.00221317854705,0.008,0.01,1
"FANCB",0.807772061225475,0.303149851782302,0.008,0.01,1
"AP5S1",0.807816450668866,0.223672257672534,0.071,0.062,1
"RALY-AS1",0.807850544962988,-0.338348695477423,0.008,0.016,1
"ENSG00000288871",0.807899309384426,0.946657459009323,0.031,0.021,1
"SLC39A1",0.807927286967003,0.247793515402492,0.307,0.306,1
"PHLPP1",0.808006919850576,-0.351579403702369,0.205,0.249,1
"ENSG00000256152",0.808133801281262,-0.813902382537878,0.024,0.047,1
"ENSG00000287978",0.808209450877848,-0.170779251220285,0.016,0.026,1
"IGF2BP3",0.80827177071673,-0.153908985635001,0.102,0.135,1
"PTPN12",0.808337753151694,-0.129444660182789,0.354,0.409,1
"ENSG00000263657",0.8085451211587,0.289584263335587,0.079,0.073,1
"ENSG00000233367",0.808616668417984,0.258464900452641,0.031,0.026,1
"C5orf34",0.808754723554242,-0.125576237517716,0.031,0.047,1
"CCDC30",0.808759327030631,0.43615625010532,0.055,0.041,1
"SATB1",0.808831207798161,-0.128086843723103,0.339,0.368,1
"ENSG00000289826",0.808860554652589,0.38872398956183,0.008,0.01,1
"SERTAD3",0.809092245156738,0.121123643234612,0.339,0.342,1
"MRPL10",0.809344418997676,-0.132384690125331,0.142,0.161,1
"LEO1",0.80941539667928,-0.163946440459041,0.15,0.171,1
"TRMT2A",0.809555106838366,-0.160687625640891,0.165,0.187,1
"MRPL13",0.809644258177282,0.328960667161547,0.362,0.332,1
"HRAS",0.809777902127414,-0.169950392088661,0.189,0.187,1
"ENSG00000254559",0.810128885840183,0.391676007491014,0.008,0.01,1
"MOSPD1",0.810298082967257,0.287546904664564,0.094,0.078,1
"PPA2",0.810344299937954,0.144534183273998,0.276,0.301,1
"RCOR1",0.810348865112126,-0.180412475318629,0.402,0.477,1
"ENSG00000290453",0.810390786182243,0.313283659137104,0.126,0.114,1
"SIGLEC5",0.810509622179719,-0.425643452846103,0.024,0.036,1
"PRR29",0.810718253080695,-0.263040478123872,0.008,0.01,1
"ALDH6A1",0.810806402630808,-0.545246492997465,0.024,0.047,1
"MSTO1",0.81094922657548,0.260332754711631,0.071,0.062,1
"SLC30A5",0.811067784483734,-0.116769716813985,0.37,0.368,1
"CASS4",0.811124815663969,0.473611803710576,0.039,0.031,1
"DDX28",0.811257456451936,0.184965151004267,0.094,0.098,1
"PSMC5",0.811418113732498,0.201021262637069,0.543,0.534,1
"ENSG00000291159",0.811484970214941,0.263928881009798,0.055,0.047,1
"ENSG00000234936",0.811566477397787,0.760260123815239,0.024,0.016,1
"ENSG00000278002",0.811577304521003,-0.621133325313341,0.031,0.047,1
"ARHGAP31-AS1",0.811937172646303,-0.905622861371467,0.024,0.036,1
"DDX20",0.811960440172505,0.360719738796387,0.165,0.155,1
"SMARCC1",0.812055129334246,-0.162874074362237,0.543,0.591,1
"LRRK2",0.812111206196167,-0.160735494367805,0.016,0.031,1
"PHAF1",0.812207010570864,0.48943738679538,0.102,0.083,1
"DOLPP1",0.812360550367409,0.666087712091976,0.031,0.021,1
"MTRFR",0.812425866701353,0.170583884014887,0.181,0.171,1
"KLHDC3",0.812509597600106,0.224829333497595,0.268,0.269,1
"LMF2",0.81252705410191,-0.111649683173319,0.276,0.316,1
"FAM169A",0.812682266914076,-0.287567049444227,0.079,0.078,1
"ENSG00000236283",0.812707119540486,0.376457714906629,0.016,0.016,1
"CCDC71",0.812737734920614,0.186527767043033,0.134,0.119,1
"FAM162A",0.812788365290922,0.144011955532015,0.441,0.425,1
"STMN3",0.812833250733693,0.249951559137912,0.063,0.067,1
"EFNA3",0.812853388811166,0.681600535668066,0.024,0.016,1
"ZNF207",0.813193894375492,0.173771824470847,0.866,0.865,1
"ENSG00000215022",0.813508628995852,-0.103732647337257,0.024,0.016,1
"CCDC120",0.813539453784874,0.360893175565713,0.047,0.036,1
"SEMA6A-AS1",0.813682907349774,0.623455346403262,0.039,0.026,1
"ENSG00000286334",0.813812909013031,0.456865614953787,0.008,0.01,1
"NDUFB10",0.813820744237225,0.108795615527444,0.764,0.756,1
"EFHC1",0.813923054351315,-0.292647467674437,0.11,0.135,1
"HNRNPA1L2",0.814082782771747,0.657657131891958,0.031,0.021,1
"TOMM22",0.814118289431317,-0.122675087123105,0.535,0.591,1
"ENSG00000247925",0.814252539379294,-0.912918528864529,0.024,0.052,1
"MAD2L1",0.814431086692704,0.138076156056888,0.039,0.041,1
"NOL10",0.814434629649025,0.426967376819242,0.173,0.171,1
"BLTP3A",0.814441810831077,-0.163401007112781,0.134,0.166,1
"ENSG00000284968",0.814465343440101,-0.355523347363548,0.024,0.041,1
"TMEM201",0.814592724018669,-0.122383251430955,0.031,0.026,1
"LEPR",0.814653081911815,0.574160228908426,0.071,0.062,1
"SLC7A11",0.814715989913764,0.273609357285289,0.315,0.306,1
"DUSP4",0.814901726021276,-0.241429243905707,0.205,0.228,1
"NMT1",0.814959829113671,0.119650690007021,0.402,0.404,1
"ADAMTS10",0.815053140903723,-0.291040811789653,0.024,0.036,1
"CHMP1A",0.815253175834133,0.183387088180612,0.283,0.28,1
"MAPK8IP1",0.815351617905145,0.108244974188186,0.008,0.01,1
"CNPY2",0.815441845082669,0.168150702811262,0.386,0.363,1
"LNPK",0.815502955087068,-0.174082376041634,0.094,0.109,1
"ENSG00000261267",0.815724748360454,-0.53964691427241,0.031,0.047,1
"APOA1-AS",0.815854627057799,-0.3264218625009,0.008,0.01,1
"WDR20",0.816291637158648,0.239005184399205,0.307,0.301,1
"PROCA1",0.816292301002853,0.959694324928981,0.031,0.021,1
"POLR3E",0.816352596581569,0.286147678907885,0.173,0.161,1
"CBX6",0.816366631180052,0.291252656391326,0.48,0.461,1
"SLC25A29",0.816369085883693,0.172110999401927,0.142,0.135,1
"OCEL1",0.816434091554078,-0.166844876572064,0.039,0.041,1
"RHBDD2",0.816559589435232,-0.134679841947152,0.323,0.378,1
"FPR2",0.816581716720436,0.195476757778916,0.008,0.021,1
"ARMC1",0.81658227505244,-0.255835989838396,0.134,0.166,1
"FBXL8",0.816660393605924,0.52526388524059,0.063,0.047,1
"MATN2",0.816946125031762,0.148185365906595,0.008,0.01,1
"B4GALT3",0.817208131035634,0.19910681742589,0.236,0.249,1
"LINC01504",0.817487586172514,0.234764081988553,0.024,0.047,1
"ENSG00000289788",0.817516854991295,-0.321486778576169,0.031,0.047,1
"INTS1",0.817558463423152,-0.474162526261742,0.071,0.088,1
"OSCAR",0.817608405828579,-0.485420424443739,0.094,0.15,1
"SMCR8",0.817648811407204,0.349205392885724,0.157,0.145,1
"DCLRE1B",0.817656684264699,0.581571614849854,0.024,0.016,1
"RPE",0.817685576177235,0.467013548956162,0.126,0.119,1
"DVL1",0.81768651988619,-0.183118488484981,0.11,0.119,1
"CXCL3",0.817732704987197,-1.70473859903099,0.047,0.067,1
"CCDC59",0.817962018311741,0.105807525024932,0.465,0.456,1
"TTC31",0.818107256926633,-0.134847229045123,0.055,0.083,1
"CNP",0.818124309186585,0.144140663625318,0.37,0.326,1
"CCL5",0.818150596918537,-0.985253870778497,0.024,0.041,1
"FEM1B",0.818215709037694,0.19747383523975,0.22,0.212,1
"ATF5",0.818396859496272,-0.289493656392197,0.583,0.611,1
"ENSG00000258525",0.818398398530665,-0.254679997792349,0.008,0.01,1
"LENG8-AS1",0.818413255216075,-0.205105007571675,0.055,0.062,1
"LSM14B",0.818502447588714,-0.276193651472936,0.071,0.088,1
"FAM186B",0.818526388340218,-0.210203324943886,0.008,0.01,1
"MED7",0.818565886562134,-0.34122276859427,0.087,0.104,1
"TGS1",0.818642849290174,0.113622001093407,0.252,0.249,1
"RBM23",0.818731220939278,0.15249402641366,0.465,0.456,1
"FEM1C",0.818827820642195,-0.163827121456128,0.142,0.181,1
"ZNF514",0.819174637273571,-0.809370896578149,0.024,0.036,1
"FAM227A",0.819597887625624,0.385984931434093,0.008,0.01,1
"ENSG00000231329",0.819627033852791,-0.571392423880357,0.024,0.036,1
"TMCO6",0.819763932247649,-0.51565005902132,0.016,0.031,1
"SSH3",0.819819560576599,-0.14576842725616,0.024,0.036,1
"RASGRP3",0.819894654047938,-0.331362030490036,0.236,0.269,1
"NEDD1",0.820074323498549,0.303855471008354,0.134,0.119,1
"ZFP14",0.820130548193497,-0.31005285097238,0.071,0.088,1
"MVB12A",0.820378476176383,0.200351148345773,0.11,0.109,1
"ENSG00000224950",0.820460592784777,-0.432622217083282,0.031,0.041,1
"SPG11",0.820729342147989,0.354711103035377,0.268,0.254,1
"DHX58",0.820878435278679,-0.489682232115284,0.024,0.031,1
"ALKBH8",0.820952416440723,-0.199155175926326,0.016,0.026,1
"ISG20L2",0.820975473439133,0.245188785129886,0.276,0.259,1
"RGS12",0.821026478378919,0.111380643392529,0.189,0.207,1
"NEDD9",0.821067156030048,-0.26508198872099,0.181,0.218,1
"MICU1",0.821109078246497,0.283615763218799,0.236,0.212,1
"HLCS-AS1",0.821306224355162,0.154075165657645,0.031,0.026,1
"MOSPD3",0.821341285641934,-0.445138359129487,0.055,0.073,1
"SLC50A1",0.821412333595657,-0.163778942717595,0.173,0.187,1
"NQO1-DT",0.821855855133461,-0.354622836753602,0.024,0.036,1
"PRPSAP1",0.821867739910593,0.321879833367011,0.173,0.155,1
"ZNF548",0.821895741653298,0.221858654647071,0.055,0.057,1
"ENSG00000231521",0.82196428256514,-0.399387540962993,0.008,0.01,1
"GSK3B-DT",0.822106724149058,-0.164694894654597,0.008,0.01,1
"H6PD",0.822185753496185,0.37166950145727,0.087,0.078,1
"ACAD10",0.822203712701755,0.733122143872213,0.047,0.036,1
"SPATA21",0.822409741589029,-0.189339061881512,0.008,0.021,1
"GLIDR",0.822415807797224,-0.355195595066298,0.024,0.047,1
"JRKL",0.822459366298984,0.395197892723514,0.079,0.062,1
"STX3",0.822476072469964,-0.335547729616936,0.134,0.187,1
"SMYD5",0.822766086451911,0.25341080279382,0.008,0.01,1
"MAP3K10",0.822817586981409,-0.470949835086808,0.024,0.031,1
"TTI1",0.823014362035788,0.246498459435779,0.118,0.13,1
"ZC3H7B",0.823036288944919,-0.161809704736649,0.165,0.155,1
"HDAC4",0.823241200681922,0.234334864220733,0.087,0.088,1
"SUCLG2",0.823298811707379,0.329228011792182,0.047,0.052,1
"SGCB",0.823371115471078,0.33225444764736,0.047,0.036,1
"PPP1CB",0.823445368161456,-0.112524074266847,0.732,0.741,1
"ST6GALNAC2",0.824332045426023,-0.587702844765584,0.008,0.021,1
"IRS2",0.824529226656565,-0.44000415724602,0.024,0.036,1
"RNASEH2C",0.824563525543668,0.220510392267067,0.394,0.389,1
"CLCF1",0.824776200900774,-0.40511377289395,0.094,0.14,1
"RPH3AL",0.824781688514781,-0.147531898935897,0.039,0.052,1
"SDE2",0.82487469389897,-0.116732709596312,0.354,0.373,1
"TPM2",0.824917659195766,0.115658032920143,0.346,0.332,1
"FCHSD1",0.824939099543656,0.326282388292416,0.079,0.078,1
"ST20",0.824999916472907,-0.190044182375985,0.102,0.124,1
"GREB1L",0.825065425821995,-0.344853113100375,0.008,0.01,1
"PANK2-AS1",0.825080253406393,0.821777361405841,0.031,0.021,1
"LTBP4",0.825127397625213,-0.220855585830353,0.165,0.171,1
"ENSG00000226149",0.825216645952717,-0.754058709505441,0.055,0.067,1
"C16orf46",0.825224768327317,-0.725008512199881,0.024,0.026,1
"CBX8",0.825300823854672,0.450390425865872,0.008,0.01,1
"GALNT6",0.825331434913546,-0.276036641198934,0.134,0.14,1
"ENSG00000266120",0.825356929014749,-0.612232950554075,0.008,0.01,1
"SEMA6B",0.825373089319579,-0.134222883833421,0.228,0.244,1
"KHDRBS2",0.825415944391874,0.607812602369085,0.079,0.057,1
"SPDYE5",0.825481888963652,1.19235580368979,0.024,0.016,1
"F13A1",0.82558157286898,0.338132692884311,0.008,0.01,1
"TMTC2",0.825586835827818,0.358346153241316,0.063,0.052,1
"PIGU",0.825722421973817,0.556193288354961,0.047,0.047,1
"IL9R",0.825772801064263,0.615479276421995,0.008,0.01,1
"P2RY10",0.825829311873308,-0.568281635277494,0.063,0.093,1
"FANCG",0.825836198371063,0.814998829819212,0.024,0.021,1
"TRIM41",0.825870514966222,0.109317645226358,0.087,0.093,1
"PIGB",0.826150925168539,0.33421699091439,0.118,0.109,1
"ACO1",0.826425883259197,0.560460628700269,0.039,0.031,1
"SLC1A4",0.826508956361228,-0.166091310180828,0.433,0.472,1
"SNHG10",0.826535696818908,1.14801493307586,0.079,0.062,1
"ZNF16",0.826565917440872,0.697364589113233,0.047,0.041,1
"LRP1",0.826669697891073,0.154011973009478,0.055,0.073,1
"ZNF133",0.826740772161334,0.203955089591045,0.016,0.016,1
"TRPS1",0.826766449647714,-0.263605359725871,0.417,0.482,1
"MICALL2",0.826831676719773,-0.795752105470246,0.039,0.041,1
"GBA1",0.827179760974287,0.138507667972449,0.079,0.062,1
"GASAL1",0.827249333481063,-0.369677629451367,0.016,0.016,1
"ENSG00000278834",0.827465550922677,-0.944377585060478,0.024,0.041,1
"ENSG00000291079",0.827557421110286,0.29824716984635,0.102,0.093,1
"FOXO4",0.827713202113156,-0.356715099977959,0.031,0.047,1
"MAP2K7",0.82785975487368,0.182477262509527,0.181,0.161,1
"ENSG00000275180",0.827931984329531,-0.268807532038487,0.024,0.036,1
"CD6",0.828055289034572,-0.860739403319073,0.008,0.026,1
"SECTM1",0.828116290130144,-0.157108962892034,0.094,0.114,1
"TMEM140",0.828201825255507,-0.189831777348069,0.031,0.041,1
"PARN",0.82846921736725,0.180400802704202,0.22,0.192,1
"SERINC5",0.828483276839206,-0.346197642340573,0.165,0.223,1
"PIH1D1",0.828489217971832,0.101587818534404,0.346,0.358,1
"SLC27A1",0.828628618005711,0.456818726490441,0.031,0.021,1
"TMCC2",0.82898443842816,0.414932404860553,0.024,0.021,1
"MYO1G",0.829033283967132,-0.121119600632427,0.354,0.409,1
"ENSG00000264895",0.829061032447609,0.48689429040531,0.039,0.026,1
"CD14",0.829108471350532,-0.393997855923643,0.039,0.052,1
"MYNN",0.829214460142953,0.360607438800215,0.197,0.176,1
"GCSH",0.829745816350704,0.628667853765791,0.087,0.078,1
"ENSG00000290999",0.8298087611251,-0.231410836891248,0.024,0.031,1
"ENSG00000258875",0.829917387471429,0.273752532018261,0.024,0.021,1
"CACNA1D",0.829921133255152,0.493171887391841,0.024,0.021,1
"TPPP3",0.830074964415004,-0.478450087654332,0.016,0.021,1
"AK6",0.830159180625935,0.24260554606924,0.26,0.244,1
"MRGBP",0.830219873238724,0.165596687540963,0.181,0.166,1
"FCMR",0.830556776017007,-0.340665399620264,0.024,0.036,1
"LANCL1-AS1",0.83076082299179,-0.282271692432221,0.024,0.031,1
"C12orf43",0.831182977314104,0.281715246058998,0.063,0.057,1
"LAMTOR2",0.831228533965769,-0.118652595502301,0.331,0.373,1
"PIK3R3",0.831372028536217,-0.434586292134497,0.008,0.021,1
"ADAM10",0.831588520802998,0.129519870956463,0.402,0.389,1
"NUDT7",0.831636814529005,0.797182690501958,0.031,0.021,1
"OMG",0.831640560101779,-0.627585209875087,0.024,0.036,1
"NELFCD",0.831680367503408,0.157042736191294,0.22,0.223,1
"ANKRD10",0.831956343705597,0.119289441409532,0.559,0.539,1
"APPL2",0.832050976241571,0.109425220200784,0.15,0.145,1
"TBCK",0.832063052986607,0.12901094136628,0.22,0.202,1
"DELE1",0.832096720582121,-0.210735898152979,0.236,0.275,1
"LINC00528",0.832175913650258,-0.162726621089698,0.071,0.098,1
"MYC",0.832233841360417,-0.324075255617617,0.079,0.109,1
"PUS7L",0.832561132869299,0.352742310459174,0.094,0.088,1
"PLOD1",0.83304420213127,-0.404905103616166,0.039,0.057,1
"HASPIN",0.833159264931491,0.136854019222046,0.016,0.021,1
"ODAD3",0.83319657902704,0.59503370797345,0.008,0.01,1
"ENSG00000289410",0.83325577403793,-0.201576328260496,0.008,0.01,1
"SLC9A5",0.833279458427611,0.309210134401858,0.008,0.01,1
"IER2",0.833493963001014,-0.16014635668389,0.74,0.777,1
"ZNF767P",0.833505593126644,0.179226626725712,0.331,0.295,1
"ADAL",0.833534227557045,0.943374948660781,0.031,0.021,1
"HHIP-AS1",0.833750834068169,0.395392732136582,0.15,0.119,1
"CAMKK1",0.833761414657777,0.126460577131902,0.079,0.078,1
"TRMT10B",0.833801552985753,-0.336206593859286,0.071,0.093,1
"PSMG3-AS1",0.834154487675493,1.22933322564484,0.024,0.016,1
"ENSG00000272078",0.834277501016294,-0.401869349156994,0.008,0.01,1
"ENSG00000288983",0.834458507775156,1.10828487282397,0.024,0.016,1
"ENSG00000272030",0.834513242924559,-0.654544473823242,0.016,0.036,1
"C3orf20",0.834605737111982,0.992153498716197,0.039,0.026,1
"TCFL5",0.834746147398748,-0.428558130178952,0.024,0.036,1
"ZNF227",0.83492797556681,-0.248996506835473,0.055,0.073,1
"LRP12",0.835211640164916,-0.284400338710086,0.11,0.135,1
"B3GALT9",0.83561826962869,-0.192604131005915,0.008,0.01,1
"SMIM15",0.83606326973545,0.12640790513898,0.315,0.301,1
"GUF1",0.836095372529645,0.129564537212301,0.126,0.114,1
"GALNT7-DT",0.836100500371734,0.201392800513085,0.031,0.036,1
"ACYP2",0.836334415758752,0.157531197428099,0.339,0.337,1
"SIGLEC14",0.836350629649091,0.5605188644622,0.031,0.021,1
"LAYN",0.836440246039146,-0.56369220240695,0.016,0.036,1
"KIF13A",0.836443644098629,-0.313798736585303,0.142,0.166,1
"ENSG00000287024",0.836816205883592,0.687475332867928,0.031,0.021,1
"ZBTB48",0.837290277084241,-0.178625116493977,0.094,0.135,1
"F12",0.837293246554355,0.933948199058944,0.039,0.031,1
"USP19",0.837481381820005,-0.183780148094562,0.079,0.098,1
"AKAP10",0.83773432689644,0.235602714867504,0.26,0.244,1
"PCYOX1L",0.837736302642529,-0.375545028146515,0.008,0.01,1
"DPEP2",0.8377809863548,-0.449522213745865,0.039,0.052,1
"MEA1",0.837911300106314,0.16956137976138,0.323,0.301,1
"EIF2AK4",0.837985259410846,-0.1111655345603,0.512,0.544,1
"PINK1-AS",0.838023949065215,-0.458880887029145,0.016,0.026,1
"ENSG00000272906",0.838053392479674,-0.386347136753289,0.008,0.01,1
"SCYL1",0.838089630291808,-0.137224871310242,0.354,0.378,1
"PALB2",0.838199577228563,0.41558793895328,0.047,0.041,1
"ME1",0.838335891411274,0.643106884579714,0.047,0.041,1
"HHLA3",0.8383588762874,0.192309270528607,0.008,0.01,1
"CSRP1",0.838701872150795,0.233942128052702,0.126,0.124,1
"ENSG00000272540",0.838790931226917,0.386785415907877,0.071,0.062,1
"NDST2",0.838899256922201,0.378074616866077,0.291,0.275,1
"KPNB1-DT",0.838928558751987,0.867241653232151,0.031,0.026,1
"GBA2",0.838981502158089,-0.232717721240407,0.189,0.212,1
"ECHDC2",0.839044637257719,-0.400806926821128,0.039,0.057,1
"ZMYM1",0.839053643995051,0.107946875663409,0.047,0.047,1
"MCOLN1",0.839112147399223,0.437363882741211,0.063,0.052,1
"SLC6A8",0.83918042807907,0.74924086658617,0.008,0.01,1
"WDR76",0.839315579838882,0.513310431671842,0.055,0.041,1
"ZNF670",0.839504923181551,-0.177859347628829,0.063,0.083,1
"ENSG00000287070",0.839554105421706,-0.37993508794993,0.016,0.026,1
"HMGN5",0.839765235922947,-0.242707377548245,0.024,0.026,1
"CDCA8",0.839882918872716,1.24756372510077,0.016,0.016,1
"UXT",0.839960975178605,0.153084118548886,0.874,0.881,1
"ZNF597",0.840020187859771,-0.303215893923837,0.016,0.026,1
"DNAH1",0.840048887648042,0.775305843555492,0.031,0.021,1
"INPP5E",0.840094183406029,-0.191615289496951,0.039,0.047,1
"PLD1",0.840133528751009,-1.03131878461992,0.024,0.036,1
"ZNF841",0.840277559006767,-0.206427742038962,0.079,0.062,1
"EPN1",0.840317663592809,-0.112874980498338,0.496,0.528,1
"PHEX",0.840462624159,0.165291393247342,0.252,0.212,1
"ZNF28",0.840518165660658,0.491128941893606,0.079,0.062,1
"TRAPPC9",0.840564471930967,-0.10900884100955,0.394,0.44,1
"TECPR2",0.840623750486089,-0.198784231670012,0.094,0.124,1
"ENSG00000289340",0.841159218994696,0.437994403435289,0.008,0.01,1
"KICS2",0.841342621754798,-0.147934665012658,0.024,0.036,1
"C15orf61",0.841496207857041,0.123193865977187,0.102,0.124,1
"MIR29B2CHG",0.841566963631985,-0.349516150387475,0.094,0.119,1
"ZNRD2",0.841691032277348,0.210870705818354,0.307,0.29,1
"ZNF408",0.841713506576669,-0.108056329931245,0.102,0.135,1
"FIZ1",0.841975231871144,0.434906034581515,0.087,0.073,1
"ENSG00000247134",0.842020446264014,0.11780900176129,0.087,0.078,1
"FAM111A-DT",0.842044956886597,0.743465357773531,0.008,0.01,1
"GNE",0.842341808698341,0.433581376335328,0.102,0.088,1
"ENSG00000283633",0.842431836134409,-0.738243795015193,0.016,0.026,1
"CDC42EP3",0.842585038436907,-0.272244665107356,0.15,0.197,1
"NIBAN1",0.842690421871507,-0.38014927460442,0.354,0.389,1
"ASGR2",0.842759457672252,0.176588011197052,0.008,0.01,1
"TRA2B",0.842786871808071,0.160842466207737,0.74,0.72,1
"CLDND2",0.843006529836761,0.152912427677375,0.157,0.161,1
"ZNF790",0.843097742853918,0.260535867140154,0.047,0.041,1
"ENSG00000289121",0.843120907775888,-0.284578269984523,0.016,0.026,1
"ENSG00000278730",0.843239856698498,-0.354980343474526,0.024,0.036,1
"PGK1",0.843257953320989,-0.110778107053322,0.921,0.927,1
"MKNK1",0.843619952026611,-0.107011377603277,0.126,0.155,1
"GNPDA2",0.843629973223151,0.326392544009579,0.094,0.083,1
"COQ8A",0.843645343705585,-0.389422625853689,0.055,0.067,1
"ENSG00000279738",0.844083630429558,-0.558154059771851,0.008,0.01,1
"DPP8",0.84414524841627,-0.142840726293543,0.252,0.29,1
"NOXA1",0.844186360001932,-0.471011583855432,0.016,0.026,1
"ZKSCAN7-AS1",0.844262212517763,-0.143176821617114,0.039,0.041,1
"PRPF3",0.84447866242738,0.287953815939611,0.252,0.249,1
"SLC22A4",0.844487978725359,-0.512292559923861,0.087,0.13,1
"ENSG00000287378",0.844587911002195,-0.359405396506721,0.016,0.026,1
"EIF2S1",0.84463940836054,0.147640081151207,0.449,0.44,1
"PRICKLE4",0.844663107765889,0.568820504784264,0.039,0.026,1
"HYAL2",0.844696406401675,-0.431465486773851,0.063,0.067,1
"ADORA2A-AS1",0.844717838172656,0.132490794482632,0.008,0.01,1
"IFT172",0.844877964570126,0.127505610420557,0.031,0.021,1
"DIAPH3",0.844959529853372,1.0525661810856,0.024,0.016,1
"IKZF5",0.845022953078775,-0.173317062281578,0.15,0.187,1
"LNX2",0.845061219853713,0.292688445790491,0.094,0.088,1
"EMILIN2",0.845605857215722,-0.262151026819322,0.465,0.513,1
"NPW",0.845706305127013,-0.154010208056421,0.016,0.021,1
"ZNF629",0.845790571376115,0.173170386324859,0.079,0.078,1
"STXBP4",0.845945768521525,-0.255258428093684,0.047,0.062,1
"AGPAT5",0.846101524037703,0.21580903570073,0.268,0.238,1
"SCFD1",0.846278758009873,0.150225035566757,0.598,0.622,1
"P2RY8",0.846281618819955,0.104260514511742,0.315,0.326,1
"XAF1",0.84634462223026,0.21428946677527,0.094,0.114,1
"ZNF785",0.846402122275527,0.802193571111357,0.063,0.052,1
"DUSP28",0.846697970941723,0.406713791882544,0.126,0.109,1
"CSRNP2",0.846872511155677,-0.169169953932046,0.055,0.067,1
"BIN1",0.846882949979156,-0.100428696338999,0.535,0.596,1
"ZNF107",0.84689082430131,0.211266627344218,0.165,0.176,1
"MAGI3",0.847102904710238,-0.473500629611577,0.071,0.088,1
"SLC25A11",0.847145253658957,-0.128110408409824,0.181,0.212,1
"RYR1",0.847269294688573,-0.125935388968891,0.031,0.036,1
"ACYP1",0.847297192252039,-0.32920107834752,0.094,0.114,1
"GBA3",0.847420255523724,0.473407159318176,0.008,0.01,1
"TET2-AS1",0.847428475704547,-0.875266168368395,0.016,0.036,1
"OPA1-AS1",0.847539523403561,0.185310693237429,0.024,0.026,1
"GNGT2",0.847736500103378,-0.199153116919811,0.031,0.047,1
"PPP2CA",0.848181167139316,-0.10457876417806,0.748,0.793,1
"KDSR",0.848300003792426,-0.104747618176828,0.315,0.342,1
"PNPLA6",0.848394993149947,-0.401577496538287,0.118,0.135,1
"PATJ",0.848481907911912,0.644509368069107,0.008,0.01,1
"L3MBTL4",0.84867722371164,-0.434306823745465,0.071,0.088,1
"RTN4R",0.848689808411361,-0.143543844082005,0.008,0.01,1
"ELMO2",0.848780229041073,0.104988566803178,0.118,0.119,1
"C10orf95-AS1",0.848879047966419,0.626596641698857,0.039,0.031,1
"FKBP7",0.848922159913209,0.37489928768921,0.024,0.016,1
"C19orf47",0.848996855210938,0.614904632596256,0.047,0.041,1
"CAPN3",0.849103174924643,0.505780994821762,0.039,0.031,1
"EPS15",0.849185325679574,0.154128492173432,0.598,0.58,1
"SMN1",0.849205592329297,0.401020817209131,0.071,0.062,1
"KMT5C",0.84944433673218,0.283472032481277,0.063,0.078,1
"ZNF513",0.849451395225497,-0.144935272851771,0.087,0.093,1
"TRIM39",0.8495313985683,-0.427469854922873,0.079,0.114,1
"DSTYK",0.849583027068615,-0.164323772260651,0.087,0.093,1
"ENSG00000254777",0.849615323969821,0.247694236298365,0.008,0.01,1
"ENSG00000274460",0.849772226634476,0.31535455322207,0.008,0.01,1
"TIAM1",0.84984790527987,-0.458032648729416,0.079,0.104,1
"GTF3C4",0.84998471968955,-0.200080428888439,0.142,0.161,1
"WDTC1",0.850013672212559,0.266044049430204,0.22,0.197,1
"SAMSN1",0.850111696845588,-0.264889086705961,0.331,0.404,1
"KCTD10",0.850231218015117,-0.106990285328523,0.213,0.218,1
"IRAK4",0.850530553644007,0.191367606021926,0.276,0.259,1
"CIZ1",0.850611115485545,-0.190104462963319,0.173,0.207,1
"EPM2A-DT",0.850611610935884,-0.488398732560739,0.039,0.036,1
"ABHD4",0.850880358773131,-0.323116465256646,0.039,0.057,1
"ENSG00000231769",0.850927075685957,-0.198291380814728,0.008,0.01,1
"FAM222A",0.851014223267315,0.283909781509015,0.016,0.021,1
"ZHX3",0.851037241653307,-0.317103112602258,0.031,0.041,1
"AP1S3",0.851098543268381,0.306744133765508,0.26,0.254,1
"MATCAP1",0.851248003504675,-0.264116567288689,0.031,0.047,1
"FRMD6",0.851414864655342,0.889063887635178,0.008,0.01,1
"MILR1",0.851524465666407,-0.239110540383718,0.142,0.15,1
"ENSG00000231873",0.851736865744087,0.368424973730555,0.055,0.052,1
"ENSG00000224746",0.851749925505728,-0.131916828228174,0.016,0.016,1
"SENP5",0.851791993337221,0.285568240627367,0.394,0.394,1
"NRSN2-AS1",0.852036478145681,0.829273889382478,0.031,0.021,1
"UBAC1",0.852385011070013,-0.137215535849306,0.189,0.228,1
"AHCTF1",0.852407505480706,-0.158903378428417,0.205,0.228,1
"C2orf74",0.852590296351619,0.358299240596024,0.063,0.057,1
"RASSF3",0.85260934186408,-0.29370356125923,0.252,0.301,1
"MRPS5",0.852828146248907,0.277390776894766,0.299,0.275,1
"MTA2",0.852893115517253,0.122177683572081,0.299,0.29,1
"ENSG00000227741",0.853017561990263,-0.801664378858621,0.016,0.031,1
"IGSF8",0.853261597714367,0.584123096644082,0.094,0.083,1
"CDK18",0.853272534818807,-0.672315193591687,0.008,0.01,1
"GYS1",0.85333329805603,0.550284743084093,0.189,0.166,1
"DLAT",0.853544663982016,0.459363340120064,0.11,0.093,1
"SORCS2",0.853632077876251,0.497627279037761,0.008,0.01,1
"MMP24",0.853714108584586,0.937151516469684,0.031,0.026,1
"DNA2",0.853727135713881,0.573975769034791,0.024,0.016,1
"CDK4",0.853906644121438,-0.133122175291204,0.252,0.29,1
"EIPR1",0.854069903236459,0.178650251895267,0.126,0.119,1
"GATAD1",0.854117598880044,-0.189853454115637,0.079,0.109,1
"TDG",0.854317681521535,0.133018511211479,0.457,0.435,1
"ZNF844",0.854362871307572,-0.12464980416407,0.016,0.016,1
"ATP6V1C2",0.854414506666432,-0.436381896636696,0.016,0.026,1
"CEP85L",0.854419795628632,-0.170097997676137,0.228,0.269,1
"THYN1",0.854451709819677,0.413790306766658,0.197,0.176,1
"ZNF620",0.854463307811958,-0.311524781011252,0.024,0.036,1
"EPHA1-AS1",0.854560993234264,1.13050839571238,0.031,0.021,1
"GOLM2",0.854702494459272,0.100923812529609,0.386,0.358,1
"ASAH2B",0.85487997945169,0.224229147156226,0.008,0.01,1
"CISD1",0.854950310115571,0.195827519580851,0.102,0.093,1
"FBXL18",0.854980499458469,-0.303389650886356,0.031,0.052,1
"ZNF827",0.85505591199879,0.449653501258088,0.102,0.093,1
"ENSG00000290100",0.855068429890081,-0.356273305969715,0.008,0.01,1
"USP48",0.855170812364735,0.168563167632698,0.386,0.399,1
"STAB1",0.855418917953018,0.10213361482648,0.008,0.01,1
"ZCCHC24",0.855618516812677,0.34343919860278,0.071,0.062,1
"LINC01934",0.855688974575748,0.359024381053922,0.008,0.01,1
"CCDC62",0.855847332597521,-0.738068031540289,0.024,0.026,1
"NECAP1",0.856059580072159,0.338299106738421,0.181,0.166,1
"TUG1",0.856254090851969,0.173182839743895,0.213,0.197,1
"BICRA",0.856379063557798,0.851918604564622,0.039,0.031,1
"ENSG00000227388",0.856405539819137,1.60428187799075,0.031,0.021,1
"GIN1",0.85646178658959,0.80744942476019,0.047,0.036,1
"FAM86DP",0.856461815197369,1.07821755981312,0.039,0.031,1
"ANKRD9",0.856491645203677,-0.368913749932428,0.008,0.021,1
"ENSG00000291215",0.856792354524538,-0.313304939614194,0.016,0.026,1
"GPATCH1",0.857043623270114,0.353855298311386,0.071,0.057,1
"IKBKG",0.857189855641487,0.325807044201406,0.26,0.249,1
"FCGR2A",0.857241798887181,-0.446629094856617,0.039,0.067,1
"ENSG00000242282",0.857489924322449,0.590820267935462,0.024,0.016,1
"ENSG00000228162",0.857493668337364,-0.154856320226616,0.024,0.036,1
"LRATD2",0.85750848686143,0.537141403621578,0.008,0.01,1
"DCTPP1",0.857630891323048,-0.130427113459731,0.165,0.187,1
"PEMT",0.858001343956255,0.182552039164731,0.094,0.088,1
"TREX1",0.858075268426672,0.620027009053119,0.055,0.047,1
"ZBTB46",0.858171259019884,0.229765449188545,0.213,0.218,1
"ZNF281",0.858248672057456,-0.148966255629789,0.276,0.29,1
"DBR1",0.858302815752392,0.321626175915665,0.102,0.083,1
"XXYLT1",0.858318494882829,0.1376079573572,0.134,0.114,1
"LINC02987",0.858364717986581,0.483760646846059,0.063,0.052,1
"CALU",0.858484544545499,-0.113924315592166,0.244,0.28,1
"TUBGCP3",0.858490010264968,0.162229588018937,0.228,0.218,1
"DET1",0.85867601830347,0.854305704491225,0.024,0.016,1
"BRI3BP",0.858745956940865,0.376536042508605,0.189,0.166,1
"MPPE1",0.858856273253917,0.221657590129429,0.181,0.171,1
"FXYD1",0.858944016545967,-0.61762158536914,0.024,0.031,1
"CKAP5",0.859115985427785,0.328219250770114,0.189,0.181,1
"SIK2",0.859192199949053,-0.108741243734461,0.331,0.378,1
"PLBD2",0.859258513787091,0.220390670813857,0.134,0.13,1
"C1orf54",0.859516307172569,-0.796844360555229,0.055,0.083,1
"TMSB15B",0.859692073896201,-0.376959776487904,0.016,0.021,1
"TOP1MT",0.85973189752501,-0.213071878591325,0.165,0.207,1
"MCC",0.859873170544149,-0.353228745606286,0.071,0.078,1
"CPA6",0.859883780698298,-0.406098704480814,0.008,0.01,1
"LINC01829",0.859928841029015,0.572279988105478,0.031,0.026,1
"MRPL45P2",0.860050322846474,-0.196997732968801,0.071,0.088,1
"ZFHX2",0.860107153948496,-0.378069289399462,0.008,0.016,1
"FMO5",0.860254753769113,-0.202195690012707,0.016,0.031,1
"SYP",0.860451069315276,0.361592376764793,0.008,0.01,1
"NUTF2",0.860461546784427,-0.144878126708936,0.488,0.549,1
"C6orf120",0.860604223175671,-0.288004565996628,0.142,0.161,1
"ENSG00000290121",0.860894996358291,-0.566380254798523,0.008,0.01,1
"FUBP3",0.861021937938504,0.302644330224255,0.236,0.233,1
"MIR9-1HG",0.861095115404866,-0.37870852795991,0.008,0.021,1
"UGDH",0.861125687372615,-0.259196038518677,0.157,0.192,1
"NR2C2AP",0.861167470405694,-0.180740949007322,0.039,0.047,1
"GORAB",0.861226256247845,0.253732873074489,0.11,0.098,1
"CDKN2C",0.861259380370502,-0.12896823392862,0.016,0.026,1
"PPARG",0.861550256893586,-1.35085642671902,0.016,0.021,1
"TTC7B",0.861725468794129,-0.431913945925175,0.039,0.052,1
"LINC02785",0.862246910659851,0.248619861989678,0.008,0.01,1
"MTFMT",0.862268132414151,0.408595851092743,0.102,0.083,1
"MRPL38",0.862426614401087,0.191124920779333,0.339,0.316,1
"NOP56",0.862589264346941,0.255707183266271,0.362,0.337,1
"DALRD3",0.862620261723181,-0.256304225300966,0.142,0.171,1
"LPCAT1",0.862667392724892,-0.324051993920675,0.094,0.13,1
"RIOX2",0.862741236405459,0.470803367825837,0.055,0.041,1
"GCNA",0.863087676288215,0.30404077824483,0.087,0.083,1
"SCAMP3",0.863102496415554,0.145969500356019,0.354,0.337,1
"MRPS16",0.863158212845938,-0.111242362219229,0.291,0.321,1
"COL9A3",0.863228964217942,-0.338437194296571,0.031,0.021,1
"PAK4",0.863365906214705,0.20303092285181,0.094,0.088,1
"PPP1R16B",0.863535596657487,0.265496901572774,0.575,0.534,1
"AJM1",0.863596378107988,-0.252389899365244,0.039,0.047,1
"LINC03011",0.863624673256732,0.122819309720984,0.016,0.016,1
"KCTD11",0.863667937732338,-0.388965809621238,0.031,0.041,1
"KIF3A",0.863770113649074,-0.585464770635447,0.024,0.031,1
"TRAPPC2L",0.863962265087542,0.130855874837213,0.15,0.166,1
"ENSG00000289582",0.864101824681052,-0.10862771379983,0.008,0.01,1
"ENSG00000290879",0.86410893803601,0.501817486938728,0.047,0.041,1
"MRPL20-AS1",0.864115897012554,-0.209750222259549,0.087,0.104,1
"COL19A1",0.8642086024862,-0.423500642111703,0.008,0.01,1
"ZNF420",0.864215858814343,-0.192583614166712,0.063,0.067,1
"MPLKIP",0.8642771834506,0.189132890276395,0.339,0.342,1
"ENSG00000250592",0.864384267523256,0.150706642084082,0.039,0.031,1
"CEP128",0.864447432840741,0.319832690817818,0.268,0.244,1
"HTATSF1",0.864752883714445,0.174232951724009,0.315,0.311,1
"NPM3",0.864767596633692,0.432624463647979,0.094,0.083,1
"SLC10A3",0.864867321227859,0.173935332152651,0.362,0.363,1
"MYEF2",0.864897982832627,0.372080695522929,0.134,0.119,1
"PAQR4",0.865062951874669,-0.430927829199355,0.039,0.052,1
"WASHC1",0.865179263563666,-0.726698908093504,0.024,0.036,1
"ENSG00000290073",0.86524001717316,0.284207192723077,0.094,0.078,1
"TMEM42",0.865307891222442,0.702738574171514,0.039,0.041,1
"ZNF441",0.865632593695968,-0.701005354790205,0.008,0.01,1
"BAZ1B",0.865687347261408,0.175976504681299,0.496,0.477,1
"USP42",0.865786946550682,0.252438600295966,0.252,0.254,1
"HECTD4",0.86620642681802,0.219623192463971,0.543,0.544,1
"LEF1-AS1",0.866273916041518,0.43957725641002,0.008,0.01,1
"ARL17A",0.866274249425588,0.49244778248076,0.118,0.098,1
"GPATCH2L",0.866424171308795,-0.184024849438681,0.291,0.342,1
"NME7",0.867005887384283,0.268003358607576,0.118,0.104,1
"KIFBP",0.867262285776206,0.294860070897624,0.079,0.073,1
"DNHD1",0.867715973858774,-0.241749097389443,0.094,0.114,1
"NUP42",0.867812867348251,0.146386141657244,0.315,0.301,1
"PLA2G4A",0.868108507266577,0.125688663012235,0.102,0.088,1
"PTK7",0.868229157524795,0.290321367745017,0.126,0.109,1
"ENSG00000287286",0.868275577520139,0.760910477025001,0.039,0.031,1
"RFX5",0.868452023032407,0.229219657228582,0.213,0.233,1
"MFSD13A",0.868522494643866,0.35226450675979,0.008,0.01,1
"CMC4",0.868674439602355,0.472969818221911,0.031,0.041,1
"MBD1",0.868977850812267,0.164745280609698,0.291,0.29,1
"BIN3",0.869030852907626,0.277395085602078,0.228,0.223,1
"ENSG00000289005",0.869071304309617,-0.53455305739887,0.024,0.021,1
"NOTCH4",0.86907171132326,0.430747198990064,0.039,0.036,1
"NSMCE1-DT",0.869091423162043,0.52479588839852,0.008,0.01,1
"FAM193A",0.869309889732559,0.161964123729248,0.417,0.42,1
"LRRC27",0.869382287274331,-0.101032341493754,0.039,0.052,1
"LIMD1",0.869585049997119,0.312589124562879,0.331,0.326,1
"PCNT",0.869679569634609,0.151514122963004,0.157,0.14,1
"C1QTNF6",0.869812460878317,1.11854301353394,0.024,0.016,1
"DGKE",0.869874727454383,0.433470720002602,0.102,0.093,1
"PIGP",0.870319566499502,0.222266331689049,0.197,0.181,1
"H2BC9",0.870340180039816,-1.12625730192661,0.008,0.01,1
"SH3YL1",0.870431349391725,-0.340726059426612,0.055,0.067,1
"PUDP",0.870820542185018,-0.2828990583916,0.087,0.104,1
"SYNE1",0.870851613179432,0.423767183389243,0.102,0.083,1
"CRLS1",0.870973661930525,0.186090636767722,0.205,0.207,1
"ENSG00000234261",0.871014383554257,-0.453771551128765,0.102,0.124,1
"PDE4D",0.871140032129245,-0.40345618098772,0.213,0.254,1
"MOK",0.871144280028944,0.107214099682249,0.031,0.031,1
"SETD1A",0.871240808964066,-0.106543445637883,0.102,0.114,1
"ALOX12P2",0.871593330750217,-0.212636636215226,0.024,0.031,1
"ENSG00000289526",0.871667293968571,-0.622655952342161,0.039,0.057,1
"CPSF1",0.871737773455914,-0.139446664690384,0.118,0.145,1
"CCDC34",0.871749453772615,-0.383664814455217,0.024,0.031,1
"SLC35B4",0.871768258119961,-0.15332412773977,0.047,0.057,1
"SKIC8",0.872181269840844,0.12548277975668,0.244,0.238,1
"ZNF345",0.872347650058178,0.710919955503152,0.087,0.073,1
"UBOX5",0.872549373523953,0.359455486452061,0.094,0.083,1
"ENSG00000258891",0.872553113352583,-0.340470606962344,0.024,0.036,1
"ZBTB49",0.872968114689986,0.943327016709156,0.039,0.031,1
"FBXW9",0.8730388553284,0.371616344358682,0.024,0.021,1
"FLT3LG",0.873271242373248,-0.325013430582485,0.079,0.083,1
"GAL3ST4",0.87349579108965,0.193478098133323,0.008,0.01,1
"MCM3AP",0.87352981861049,0.339824336523405,0.157,0.145,1
"POM121",0.873663075773903,0.166573453295695,0.402,0.404,1
"YARS1",0.874090619559394,-0.129575203956587,0.37,0.409,1
"PJA1",0.874457354502861,0.221425274815963,0.071,0.067,1
"NUDT16L1",0.874632965925221,0.304940105450121,0.181,0.166,1
"ZNF780B",0.874657898355491,0.381938370728683,0.126,0.114,1
"SGCE",0.874776760217126,0.366319011084085,0.039,0.031,1
"ENSG00000227598",0.87492771036379,-0.147242570395568,0.039,0.052,1
"GMEB1",0.875802780021864,0.140573196878903,0.26,0.264,1
"ZNF433-AS1",0.875888704986501,0.170490281927083,0.299,0.311,1
"WDR43",0.876148323348834,0.170513067021079,0.228,0.228,1
"LINC01470",0.876220091166482,-0.251039859905585,0.008,0.01,1
"ENSG00000242628",0.87638651141579,0.500554951541561,0.024,0.031,1
"PPP1R15A",0.876405579632062,0.162621366819593,0.882,0.876,1
"SPACA6",0.876494220782529,-0.731364441747523,0.055,0.067,1
"SFR1",0.876513607882542,-0.47774651024461,0.047,0.067,1
"PINX1",0.876524586884589,0.184696784221469,0.118,0.114,1
"STARD9",0.87666448516058,0.205121391807601,0.039,0.036,1
"LINC00954",0.87670519362972,0.417060920913681,0.024,0.031,1
"KCNMB3",0.876884886105436,0.196669402318673,0.024,0.036,1
"ENSG00000283118",0.877184036159758,-0.500367430154316,0.024,0.041,1
"ZBED5-AS1",0.877257256311215,0.474655012957299,0.039,0.036,1
"RIC3",0.877465872149095,-0.369256744543215,0.016,0.026,1
"CDCA7L",0.877480432193291,0.352817836408967,0.15,0.135,1
"ARL16",0.877774952632033,0.325728834239539,0.189,0.171,1
"IFITM10",0.878207922062308,-0.443468391815256,0.039,0.036,1
"SELENOK",0.878295934075412,0.189787230077908,0.63,0.627,1
"FCN1",0.878610248216029,-0.138716800180296,0.165,0.171,1
"PARP15",0.878759566308627,0.167496264381404,0.11,0.119,1
"ENSG00000231856",0.878796415538822,-0.290020925177885,0.047,0.067,1
"OAS2",0.879359366381933,0.448751600349394,0.118,0.104,1
"ANTXR2",0.879502963644666,-0.112460189402582,0.748,0.746,1
"DYRK3",0.879543572002417,0.418301347371052,0.094,0.088,1
"PINLYP",0.879973684820253,0.148638116068813,0.024,0.031,1
"SLC2A8",0.880041727708971,0.20104184184337,0.118,0.109,1
"ZER1",0.880056443074612,0.272426474972888,0.26,0.238,1
"IKBKE",0.880077247355362,0.140273246571347,0.031,0.026,1
"ZNF35",0.880135579762989,0.663023077236482,0.024,0.021,1
"TRABD2A",0.880305314161578,0.637309269889259,0.024,0.026,1
"METTL21A",0.880373144616531,-0.14741436308872,0.228,0.264,1
"SLC6A6",0.880468210950463,-0.145812840723656,0.346,0.409,1
"MORC3",0.88063060076577,0.154655527804024,0.48,0.477,1
"ARPC4",0.880882444870895,-0.108601448231579,0.551,0.601,1
"ICE2",0.880944849100997,0.393649948181784,0.165,0.15,1
"ENSG00000289117",0.880951582642424,-0.473247974879622,0.024,0.021,1
"LYZ",0.881048649390681,-0.474965315848256,0.354,0.435,1
"CD300E",0.881155215262289,-0.128910963117275,0.063,0.078,1
"TOR1AIP2",0.881250848604718,-0.176971033715826,0.291,0.332,1
"FAM13A",0.881447420247187,0.139380813316378,0.236,0.212,1
"SYMPK",0.881502287247408,0.147633211537292,0.228,0.249,1
"SLC35G2",0.881515127143982,-0.739890063052404,0.024,0.031,1
"PRPSAP2",0.881655636922479,-0.251245313339877,0.165,0.187,1
"ENSG00000275418",0.881761093749133,0.302348652767717,0.008,0.01,1
"ACTB",0.881834383525739,-0.221338296151532,1,1,1
"JMJD7",0.881909368792496,0.208932983994634,0.047,0.047,1
"PHF13",0.882007397956826,-0.23448132513725,0.055,0.052,1
"JAK2",0.882032728314456,0.118748012406562,0.465,0.466,1
"ENSG00000290043",0.882036613114636,0.467838418784191,0.079,0.067,1
"FAM120C",0.882195755425577,0.300909051672544,0.094,0.078,1
"IFI27L1",0.882316757063339,0.12661383858926,0.126,0.109,1
"IGLV3-1",0.882330882720098,1.01923862897616,0.008,0.01,1
"APPAT",0.88238409124616,0.230137154328743,0.142,0.145,1
"ATP10D",0.882436619495199,-0.414390084901707,0.079,0.098,1
"ZNF667",0.88251323617023,-0.122087849429089,0.031,0.036,1
"DNAJC11",0.882526549421763,0.180226796759952,0.126,0.109,1
"AP3S2",0.882540846671651,0.104917414487125,0.157,0.145,1
"NLRC4",0.882741716901401,-0.529027844052904,0.024,0.031,1
"ENSG00000277511",0.882782331151701,-0.176824916710018,0.016,0.026,1
"FCHO1",0.882902171993293,-0.174793192078092,0.071,0.088,1
"NTAQ1",0.883047060274,0.817775047177123,0.024,0.016,1
"KLRK1",0.883389947265573,-0.959249657795319,0.008,0.01,1
"POMGNT2",0.8835866843813,-0.445828909993765,0.024,0.041,1
"GIMAP2",0.883624035127861,-0.375970375041518,0.031,0.047,1
"POU6F1",0.883700954683038,0.327430350627699,0.024,0.021,1
"ADAM28",0.883897090465463,-0.216246858976481,0.22,0.238,1
"SLC25A33",0.883942795408542,-0.104420714958887,0.189,0.207,1
"CCZ1B",0.883982710679143,0.392852463362621,0.165,0.155,1
"CETN3",0.884188204123219,-0.105014172058998,0.039,0.057,1
"ENSG00000278869",0.884257931982811,-0.378165824422426,0.024,0.036,1
"PTK2B",0.884465996072494,-0.124165962974026,0.213,0.254,1
"GANAB",0.884467888303008,0.156885889319926,0.236,0.233,1
"THUMPD3-AS1",0.884498556665306,0.181167375076163,0.425,0.425,1
"TTC30B",0.884500532948782,-0.771492916863914,0.008,0.01,1
"NNT-AS1",0.884557500696056,0.498276176880816,0.063,0.057,1
"DLEU1",0.884679187610327,0.249701719562815,0.15,0.155,1
"SNRPN",0.885250396266843,0.20312070506176,0.472,0.456,1
"SPICE1",0.885448611059857,-0.45603883596815,0.102,0.114,1
"PDC-AS1",0.885457569134913,0.401604987842746,0.039,0.031,1
"ENSG00000265907",0.885710715396633,-0.160964523345151,0.016,0.026,1
"DNAJB11",0.885899890882382,-0.164963682721828,0.583,0.606,1
"PITX1-AS1",0.885922510756992,0.319975109038374,0.008,0.01,1
"SH3GLB2",0.885942467837542,0.261881027973365,0.165,0.187,1
"EFCAB10",0.886016593892512,0.608750347037563,0.008,0.01,1
"CEP104",0.886259720416699,-0.152397940503114,0.157,0.161,1
"PRIM1",0.886378520821915,-0.205512872874063,0.031,0.036,1
"IL20RB",0.886484733991447,0.520549143764503,0.024,0.016,1
"FOSL2-AS1",0.886599402590606,-1.41303325559722,0.031,0.041,1
"ZC3H12D",0.886641450779671,-0.167260371179706,0.016,0.031,1
"TNIP2",0.886678445870434,-0.174098682512598,0.331,0.363,1
"STAG3",0.886733751729132,1.06606614275402,0.024,0.021,1
"ENSG00000263731",0.886953912466666,0.553772702354494,0.024,0.016,1
"APAF1",0.887114855283785,0.117182641913515,0.181,0.176,1
"LIMA1",0.88715804324875,-0.500930890729699,0.024,0.041,1
"RCAN3AS",0.887350111060343,1.04289030945071,0.039,0.041,1
"FCHO2",0.887507615325221,0.280854727699776,0.118,0.114,1
"CLDN12",0.887535189150577,-0.344576727542675,0.047,0.062,1
"HSPA14",0.887548626991238,0.171675946159895,0.165,0.171,1
"ENSG00000262898",0.887553040275291,-0.470962931210347,0.071,0.109,1
"TNS1",0.887609396594768,0.141908321387924,0.079,0.073,1
"CD2BP2",0.887707967457891,0.121260876962896,0.378,0.373,1
"STAG3L4",0.887762972101095,0.138261685466833,0.244,0.238,1
"CA3-AS1",0.888004531558592,-0.341155724296366,0.016,0.026,1
"EHMT2",0.888046715724311,0.466351771538418,0.071,0.067,1
"RENBP",0.888223161575058,-0.104201753307026,0.079,0.083,1
"ATP13A3-DT",0.888430935588321,-0.545872247700324,0.024,0.041,1
"SMN2",0.888528817138522,0.207472605389048,0.031,0.021,1
"CAPN2",0.888579340780183,-0.142361831722774,0.457,0.528,1
"HAGH",0.888749249847816,0.259681021296498,0.291,0.264,1
"VPS4A",0.888827113817526,0.284763993000246,0.323,0.326,1
"SPDYA",0.888827827667691,-0.335825401626979,0.039,0.047,1
"ENSG00000290924",0.888898270320268,-0.277217651018772,0.094,0.114,1
"SIRPB1",0.888944406334614,0.530226636117457,0.079,0.067,1
"QPCTL",0.889072310932092,0.395545812096298,0.11,0.104,1
"ACAT1",0.88919694156434,-0.469093395587111,0.055,0.078,1
"XPC",0.889229878852989,0.198280414831481,0.283,0.264,1
"ATIC",0.889350055667186,0.307763553012427,0.181,0.161,1
"NENF",0.889425926174798,0.235589630835583,0.567,0.554,1
"CARMIL1",0.889457713559048,-0.291268518426831,0.063,0.088,1
"NME9",0.889614075515086,0.383114405314418,0.047,0.041,1
"PMVK",0.889873905088615,0.296328499303769,0.118,0.104,1
"TIMM29",0.889907025783807,0.347863332214823,0.15,0.14,1
"INTS6-AS1",0.889921979071743,-0.213716920288001,0.039,0.047,1
"ENSG00000273064",0.890043616747966,0.89285117630124,0.024,0.016,1
"PRXL2B",0.890060079980523,0.111311332957235,0.024,0.026,1
"SGSM2",0.890126383641318,0.156955381179894,0.126,0.135,1
"BUB1",0.890148687066758,0.509967253432773,0.031,0.021,1
"SCLY",0.89021061643991,0.825160233918761,0.031,0.021,1
"COPS8",0.89066119115647,0.111820312483593,0.441,0.451,1
"GUSB",0.890663554601561,-0.236487900002946,0.252,0.311,1
"GPR137",0.890847980334893,-0.275664656096986,0.165,0.176,1
"ENSG00000276517",0.891061075438465,0.484140136827639,0.047,0.052,1
"NFATC3",0.891321610852156,0.286981691461962,0.362,0.332,1
"MIR3142HG",0.891736215190032,0.320836883528212,0.047,0.041,1
"ZRANB2",0.891970978328957,0.207270615069987,0.614,0.606,1
"DDX52",0.891977163528938,0.195445073441836,0.252,0.244,1
"BMAL1",0.892061467420092,-0.261778697975251,0.126,0.161,1
"SPRYD3",0.892093019302869,0.165864666151155,0.079,0.073,1
"PPP1R10",0.892170025888076,0.108059236790188,0.512,0.503,1
"HSDL2",0.892221207551875,0.42053218002749,0.15,0.14,1
"ACADS",0.892468356720638,-0.546323942927722,0.031,0.041,1
"SPOPL",0.892611689701931,0.109550873226197,0.331,0.347,1
"ZNF665",0.892701682176849,0.324218807487203,0.024,0.021,1
"ENSG00000251143",0.892728576671552,0.164100756244713,0.071,0.067,1
"ENSG00000289341",0.892948993936264,-0.809070947899823,0.102,0.114,1
"PPIEL",0.893221292865581,1.05966888973363,0.039,0.031,1
"CD70",0.893238527154871,-0.178171869060128,0.008,0.01,1
"VSIG10",0.893270939495881,-0.251520577097721,0.008,0.01,1
"TRMU",0.893305071093553,0.247247911862124,0.15,0.14,1
"CCNB1",0.893502863178583,-0.462475536238246,0.047,0.041,1
"SCGB2B2",0.893567817867586,-0.509958554740928,0.016,0.026,1
"ZNF436",0.893655240381454,-0.310365710656713,0.031,0.047,1
"SPART-AS1",0.893725207507351,-0.603534700200544,0.008,0.01,1
"ATL1",0.894367249877873,0.32077020432762,0.024,0.021,1
"ANKRD55",0.894669141778937,-0.385338441849348,0.008,0.01,1
"EML2",0.894872425552825,0.307434373526956,0.118,0.109,1
"ADH5",0.895037062439004,0.176631113886776,0.354,0.326,1
"CACUL1",0.89513528622581,0.244737738948218,0.417,0.446,1
"PEX19",0.895147827897724,0.330736282920201,0.118,0.114,1
"MOB3C",0.895181690447223,-0.163916679500068,0.024,0.031,1
"DNAJC3-DT",0.895576355026324,0.486420796654219,0.024,0.026,1
"CHD1L",0.896167346716944,0.161711679579603,0.157,0.145,1
"DTX4",0.896169620758093,0.20273250484677,0.102,0.083,1
"TTC9",0.896231484699311,-0.727158273388971,0.008,0.021,1
"CASP6",0.89645279968561,0.336397693270683,0.157,0.15,1
"ENSG00000235192",0.8964554218693,0.163291535561775,0.039,0.052,1
"FLCN",0.896473511871522,0.176560155757534,0.11,0.098,1
"CLSTN3",0.896815971322484,-0.135074801925205,0.047,0.057,1
"CIBAR1",0.897077287659407,-0.386515391389604,0.016,0.026,1
"ZNF140",0.897380142628583,0.185738631102961,0.094,0.098,1
"DYNLT2",0.897424391701839,0.740588120363599,0.024,0.021,1
"ZNF358",0.897456109473604,-0.509471959942385,0.047,0.062,1
"MAGED1",0.897483190788018,0.293549662378695,0.252,0.218,1
"CEP43",0.897713854013541,0.305189426256986,0.276,0.264,1
"MRPS31",0.897898849283538,-0.13968226744372,0.228,0.228,1
"ENSG00000228010",0.897993670879534,-0.332223008011799,0.039,0.052,1
"PSMA7",0.898470281995656,0.105127317183484,0.898,0.902,1
"ENSG00000259238",0.898600500231403,0.265874478164679,0.024,0.026,1
"ZNF438",0.898827888992551,-0.198394960400382,0.071,0.083,1
"TACO1",0.89887318836148,-0.104305791307917,0.126,0.145,1
"ISOC2",0.898895853381477,0.611579368309984,0.11,0.104,1
"TMEM202-AS1",0.898959903060699,0.235433116176591,0.031,0.026,1
"FAHD1",0.89916231585829,0.126370458960686,0.071,0.073,1
"MAP3K4",0.899166246781665,0.267060228513154,0.189,0.171,1
"SIGLEC10",0.899316043379233,0.454965193459573,0.047,0.057,1
"BOLA1",0.899545524745425,-0.253381494879041,0.047,0.062,1
"PTGR2",0.899599343583753,0.421265895406905,0.024,0.016,1
"RPAP2",0.899622855959848,-0.143035575581794,0.22,0.244,1
"FBXL14",0.899681828411211,0.295642031875057,0.205,0.207,1
"PGBD1",0.899770035409888,0.362592689164496,0.079,0.062,1
"PPP1R9B",0.899861895853092,0.305182121347299,0.331,0.301,1
"DAG1",0.90007469646304,-0.147599920602156,0.071,0.083,1
"ZNF85",0.900296450733781,-0.115750957815845,0.047,0.057,1
"ENSG00000259865",0.900362308934671,0.216514667212748,0.079,0.083,1
"CHRNB1",0.900387139584063,0.221488911264545,0.071,0.067,1
"SUGCT",0.900484717008684,0.35058797786571,0.008,0.01,1
"SMIM7",0.900544719282139,0.141100955975059,0.402,0.404,1
"PLCD1",0.900788857882319,-0.364257857878724,0.031,0.047,1
"KIF13B",0.900904890298182,-0.188061436284076,0.315,0.326,1
"DDX1",0.900944170979808,0.234793141406227,0.291,0.275,1
"APPBP2",0.901227732881959,0.129089998867828,0.276,0.275,1
"MOGS",0.901487704430062,0.103686057713855,0.236,0.259,1
"CRELD2",0.901575909231907,-0.125279518767419,0.205,0.223,1
"ENSG00000235119",0.901629580914279,-0.129359912106944,0.039,0.052,1
"ENSG00000286225",0.9016321266215,-0.377125116456063,0.016,0.021,1
"ENSG00000288851",0.901694156977359,-0.905367121011694,0.047,0.041,1
"ZNF706",0.901785753324824,0.104773374828011,0.827,0.813,1
"ZSWIM3",0.901795450692271,0.342481159383456,0.039,0.041,1
"ZNF717",0.901918728960632,-0.153585171216929,0.039,0.047,1
"ZNF891",0.901960370941041,-0.442966790288843,0.031,0.041,1
"DCAF4",0.902001164631243,0.745031935265752,0.031,0.021,1
"TRMT13",0.902060425061309,0.100436714875435,0.094,0.093,1
"ACOT13",0.902070768323053,-0.379173349227923,0.071,0.093,1
"TIGD3",0.902114169207266,0.326555116267101,0.024,0.016,1
"KREMEN2",0.902386519334245,-0.36841731139798,0.031,0.036,1
"AIDA",0.902636976903344,0.218758820069673,0.291,0.29,1
"BRD3OS",0.90281728031704,-0.335894312359865,0.031,0.041,1
"GPS1",0.902897733366869,0.312107184987227,0.142,0.145,1
"PAM16",0.902945166375205,0.269930857497483,0.173,0.192,1
"ENSG00000289009",0.903053361371983,0.486306949709652,0.024,0.021,1
"SLC22A23",0.903118737393095,-0.380732322426945,0.016,0.021,1
"ADAT1",0.903122538913895,-0.358815570929438,0.055,0.067,1
"GBP5",0.903177477242158,-0.776529650544503,0.016,0.021,1
"INPP5B",0.903180302910598,0.257958917339834,0.197,0.181,1
"ZNF480",0.903842145010038,0.264641529685587,0.11,0.109,1
"CNNM3",0.903965460017303,0.119830315207203,0.047,0.052,1
"ADORA2A",0.904075042388595,0.209639336037375,0.079,0.073,1
"NDRG3",0.904164478567633,-0.644529460734289,0.031,0.047,1
"MMAB",0.904211809285558,0.105695053338033,0.039,0.041,1
"ACTR3C",0.904319238504578,0.22143382554052,0.079,0.067,1
"ENSG00000291214",0.904621774181854,0.265788223276219,0.299,0.29,1
"RNF31",0.904806872529434,-0.130097310725025,0.189,0.212,1
"CD27",0.905004388044944,-0.47022532073772,0.008,0.01,1
"ARSK",0.905291633802064,0.104703621577019,0.024,0.026,1
"NAF1",0.905344616793958,0.461616240469267,0.189,0.192,1
"ZNF551",0.905556005636342,-0.516103854079831,0.039,0.041,1
"SPATA33",0.905580607847526,0.147441757165822,0.063,0.062,1
"N6AMT1",0.905641826256825,-0.240673435432319,0.016,0.026,1
"ZNF582",0.905644816808404,-0.162607489279135,0.016,0.026,1
"CFAP161",0.905645079408523,0.26844351984017,0.024,0.016,1
"ASH1L-AS1",0.905826068068851,-0.243226117731609,0.063,0.083,1
"AXL",0.906110846389082,-0.56015597252048,0.126,0.161,1
"RCN2",0.906380832968691,0.106448198206265,0.252,0.244,1
"ENSG00000255328",0.906572604462551,0.289962661413728,0.024,0.016,1
"THAP11",0.906603973690293,0.275641175749068,0.244,0.218,1
"SNAPC2",0.90665660167773,0.323953899306519,0.102,0.093,1
"LOXL2",0.906735278334688,-0.205785425492119,0.016,0.021,1
"ZNF264",0.906769415213195,0.152400956253896,0.173,0.161,1
"SOCS5",0.906790139273446,-0.211428004394447,0.079,0.093,1
"MT1F",0.906884607781893,1.34870931660436,0.008,0.01,1
"EID2B",0.906982117159292,0.561943645554631,0.055,0.057,1
"TMEM222",0.907042872219533,0.20653998052787,0.181,0.166,1
"BCCIP",0.90801764198568,0.105871708885103,0.37,0.368,1
"ALDH4A1",0.90807192444559,0.705196165574961,0.024,0.016,1
"SND1",0.908098773970439,0.156726186542805,0.583,0.596,1
"ENSG00000225313",0.908252287778619,-0.203228126567979,0.024,0.036,1
"ENSG00000237813",0.908357834946736,-0.178485305782824,0.016,0.026,1
"ENSG00000227227",0.908445803020312,-0.223527989145638,0.094,0.124,1
"CHST10",0.908682575736204,-0.340206950464508,0.008,0.01,1
"CERCAM",0.908862529622697,-0.268343790276973,0.024,0.031,1
"LENG1",0.908882739174341,0.337539760219031,0.142,0.145,1
"MAP4K3-DT",0.908961863897102,-0.169659333237067,0.079,0.098,1
"SLFN11",0.909205087157159,0.194320750228465,0.252,0.223,1
"ATF3",0.909231856830095,0.130544176182024,0.157,0.171,1
"CENPB",0.909348857043228,0.185826470807051,0.118,0.114,1
"TLR6",0.909565578965753,-0.121272451805815,0.11,0.119,1
"DNAJC30",0.909683235730931,0.254383267770406,0.079,0.073,1
"PPP1R21",0.909909431339754,0.20177536694002,0.228,0.254,1
"MIR3945HG",0.909973051250643,0.384638496942056,0.024,0.021,1
"SEMA4B",0.910065116496472,-0.443349556868907,0.031,0.041,1
"FLYWCH1",0.910079361466124,0.279292489260139,0.063,0.052,1
"VPS52",0.910133603156732,-0.525677364372299,0.079,0.104,1
"CHCHD6",0.910400445987767,-0.458044859863036,0.039,0.052,1
"ENSG00000289043",0.910416242572472,0.541484669725949,0.024,0.016,1
"FHIP1A",0.910495928037533,0.19648096819616,0.189,0.171,1
"APOA1",0.910529416890703,0.215047002041056,0.024,0.016,1
"MIR600HG",0.910602383710603,0.431959147880062,0.024,0.016,1
"CLHC1",0.910720981026935,-0.299616226373109,0.031,0.036,1
"DDX6",0.910773317940923,0.117575725582111,0.709,0.705,1
"ZNF343",0.911033073896858,-0.339242204288681,0.039,0.047,1
"MYO19",0.91114137918011,-0.148072810966656,0.055,0.062,1
"COMMD3",0.911346666421737,0.132605560841038,0.354,0.342,1
"CCDC39",0.9113702235665,-0.213927401894972,0.016,0.026,1
"UBE2D3-AS1",0.91147359157623,-0.148703892000782,0.031,0.041,1
"SUV39H1",0.911569373189731,0.214001377601405,0.039,0.052,1
"LINC01619",0.911638623512176,-0.184145520485468,0.402,0.451,1
"NEU4",0.911679366210974,-0.447293146320036,0.087,0.124,1
"TRIM8-DT",0.911942910345453,0.692853455687046,0.039,0.031,1
"GMPR2",0.912113040741981,-0.146502275326411,0.181,0.207,1
"NPAT",0.912305214498186,0.289967401620395,0.157,0.15,1
"SOAT1",0.912366144747212,-0.105383523284033,0.276,0.301,1
"ZCCHC3",0.91240752948953,0.305143994554238,0.189,0.181,1
"HAUS1",0.912416246397525,0.479062509448735,0.197,0.187,1
"GATC",0.912609331837626,0.144527153808119,0.181,0.192,1
"PXDNL",0.912771280267173,0.255171181311121,0.031,0.026,1
"RGS16",0.912907797384786,-0.474674939032131,0.087,0.093,1
"ABCF1",0.912929244729761,0.192807095527463,0.48,0.492,1
"HBEGF",0.913050314368302,0.73840533825729,0.063,0.062,1
"CFAP44",0.913120249053704,0.624186867602335,0.047,0.036,1
"CEP19",0.913383850602409,0.443341414847079,0.055,0.052,1
"NPEPPS",0.913391114414073,0.11314553859826,0.591,0.606,1
"HNRNPD-DT",0.913437139312355,-0.208526524993631,0.031,0.047,1
"TRIM25",0.913449048465373,0.228904222925151,0.244,0.254,1
"CTSC",0.913577585276631,0.114226163003861,0.52,0.487,1
"STAG3L5P",0.913745820310326,-0.197483850344542,0.244,0.28,1
"EVI5",0.913747609445196,0.189054730104438,0.252,0.249,1
"NSD1",0.913767630139959,0.159494650620328,0.512,0.508,1
"SERPINE2",0.913791498127643,-0.328113077719016,0.024,0.026,1
"SLC9B1",0.914021341374784,0.1013908391047,0.024,0.031,1
"EID3",0.91409145494817,0.56281163392045,0.031,0.041,1
"FECH",0.914134218359168,0.180760640701429,0.126,0.119,1
"HLA-DPA1",0.914178142958276,-0.15008668413319,0.976,0.969,1
"AP3M1",0.914351368662001,0.13696890108077,0.213,0.207,1
"RIOK1",0.914715154492124,0.157553650682747,0.236,0.223,1
"POFUT2",0.914825612070897,0.16640495926261,0.11,0.13,1
"KCTD17",0.914899337329639,-0.353455765114271,0.031,0.052,1
"ENSG00000267469",0.915114135319115,0.366715411869818,0.063,0.057,1
"DYRK2",0.915296293595619,0.153395360057478,0.189,0.171,1
"ENSG00000258752",0.915645741432512,0.279511643149147,0.016,0.016,1
"HLA-DRB6",0.915778397912427,0.222018380588732,0.173,0.192,1
"KLC2",0.915839349372921,0.433155590597776,0.165,0.15,1
"JKAMP",0.916165921234226,0.11620943442414,0.315,0.29,1
"OSGEPL1-AS1",0.916197063475357,0.909710149366354,0.024,0.016,1
"MTMR1",0.916364767815336,0.268654514671498,0.323,0.301,1
"SNHG31",0.917366135425414,-0.592620827786511,0.039,0.041,1
"SLX4",0.917820533080853,-0.411785687152308,0.055,0.083,1
"HECW2",0.91796852455225,0.222167997087631,0.008,0.01,1
"NARS2",0.918141156720408,0.271659769619392,0.118,0.109,1
"SLC27A2",0.918144109680147,-0.678670316283161,0.031,0.047,1
"EVI5L",0.918168806726085,0.281081440637426,0.024,0.031,1
"CLCN3",0.918357274284934,-0.24770899915043,0.244,0.28,1
"PARP6",0.918392893393481,0.102132428134597,0.157,0.187,1
"ANKRD17-DT",0.918522793875362,-0.266557083250418,0.031,0.036,1
"ZNF532",0.918641823721611,-0.225644281311956,0.031,0.026,1
"HYPK",0.918667864650178,0.276347198260755,0.102,0.119,1
"ENSG00000289888",0.918693679515856,-0.152610891763966,0.008,0.01,1
"GABPA",0.918707448429128,0.126306027722296,0.142,0.13,1
"OTUB1",0.918797227464556,0.12652598737348,0.74,0.741,1
"TCEAL9",0.918849105393058,0.111058415365426,0.094,0.088,1
"C2orf27A",0.919236291770881,0.123377333257429,0.031,0.026,1
"NSD3",0.919332444558717,0.184147116637744,0.52,0.518,1
"ENSG00000235522",0.919475924856233,0.601605578692749,0.008,0.01,1
"RNF38",0.919568102939373,0.204209620514475,0.417,0.415,1
"DHX33",0.920168585495123,-0.373274439681346,0.024,0.036,1
"ENSG00000228541",0.920446106090622,0.300903054905612,0.031,0.031,1
"BCL2",0.920457532758222,-0.254662518703854,0.189,0.207,1
"SH3PXD2A",0.920695643670029,0.206205018387719,0.079,0.067,1
"GNRH1",0.920883788468099,0.689124812700114,0.008,0.01,1
"LINC02149",0.92115273670431,-0.348432484258176,0.016,0.021,1
"LRG1",0.921340962298275,0.235656102921577,0.016,0.016,1
"GCC2-AS1",0.921369182741436,-0.341700288973879,0.024,0.026,1
"FCRLA",0.921408476485259,-0.748588235401288,0.016,0.021,1
"MAP3K8",0.921429225967394,0.137618358533057,0.685,0.694,1
"FAM219A",0.921481623001723,0.151452034468137,0.024,0.031,1
"FAM149A",0.921662876575036,-0.230456305734872,0.047,0.052,1
"ENSG00000280800",0.921754406791201,0.106273461353943,0.047,0.041,1
"METTL22",0.921916926863938,-0.121789814478761,0.197,0.223,1
"ENSG00000248367",0.921920803822279,0.401106034867835,0.024,0.016,1
"C16orf87",0.922498245805059,-0.14395300438323,0.252,0.275,1
"SNHG12",0.922702265549257,-0.330877611291612,0.213,0.249,1
"ENSG00000274591",0.92274456119314,0.379031262874341,0.008,0.01,1
"AATF",0.922940879937603,0.163820737030407,0.386,0.378,1
"ZFHX3-AS1",0.923022303030593,0.682815246152273,0.008,0.01,1
"C16orf54",0.923644490017522,-0.202728175163301,0.165,0.171,1
"RUFY2",0.923715042971316,0.335640164133604,0.15,0.14,1
"FH",0.923902923820547,0.154831743532781,0.189,0.176,1
"TAF1B",0.923983606875423,0.246985619748543,0.228,0.223,1
"BCL6",0.924067191187661,-0.216965598692777,0.142,0.161,1
"IDUA",0.924110758945104,0.203591037732578,0.11,0.124,1
"PTGER2",0.924307434367618,0.326621856632729,0.079,0.083,1
"HPGD",0.924662919324379,0.225531943946227,0.016,0.016,1
"DVL2",0.924855738282497,0.113315329532544,0.134,0.135,1
"ENSG00000247853",0.924903748068693,0.338057534515171,0.024,0.021,1
"DBNDD2",0.92493851959848,-0.195784886552274,0.102,0.109,1
"METTL2B",0.924943462309055,0.27873405738095,0.102,0.098,1
"SNHG4",0.925057304854566,-0.235341358765774,0.024,0.036,1
"ENSG00000260618",0.925061777985859,0.483600399686258,0.055,0.052,1
"GPR18",0.92506591563756,0.501434153586618,0.031,0.026,1
"XPNPEP1",0.925094953275209,0.18785308936481,0.339,0.321,1
"GSR",0.925303219311545,0.224560524452189,0.126,0.145,1
"MIEF2",0.925352041749,0.179355592528442,0.031,0.031,1
"ENSG00000286242",0.925428611192135,0.312991573344222,0.063,0.062,1
"ADTRP",0.925459207297459,-0.100805978684535,0.024,0.021,1
"PIEZO1",0.925642402007092,-0.121297528200938,0.126,0.135,1
"GGT7",0.925888468726937,-0.211668771766245,0.031,0.041,1
"ATP5MC2",0.926208748449704,-0.110348616397353,0.976,0.984,1
"HAUS8",0.926247781640969,-0.153124035916283,0.079,0.078,1
"SCN11A",0.926592300222092,-0.812045404295209,0.024,0.026,1
"FCGR2C",0.926650256091177,0.318066003921488,0.039,0.047,1
"SMYD2",0.926739842202119,0.263269822311118,0.134,0.119,1
"DRAIC",0.926921134196041,-0.459603677567982,0.016,0.026,1
"LUCAT1",0.927182874639659,-0.407591696282988,0.205,0.244,1
"ENSG00000228830",0.927307220376256,-0.306006011998577,0.079,0.098,1
"SH3D21",0.927685444955109,-0.33823807671643,0.063,0.088,1
"SLC25A30",0.92772043438617,0.38363030700527,0.063,0.057,1
"EBLN2",0.927945945873878,0.430868192900021,0.024,0.021,1
"ENSG00000269243",0.928221766892722,-0.489498544933799,0.039,0.036,1
"ANGEL1",0.928264021873092,0.687608584917175,0.039,0.031,1
"PIGO",0.928530094007452,0.274066578869036,0.063,0.052,1
"ENSG00000290993",0.92895209197306,0.101539257766868,0.213,0.212,1
"ENSG00000272735",0.928998947250176,-0.431227709581502,0.008,0.01,1
"RIOX1",0.929017226142909,-0.176061957646097,0.094,0.109,1
"MAGIX",0.9290587847341,0.349265092692224,0.031,0.026,1
"OSER1",0.929311679180443,-0.10365317248995,0.354,0.404,1
"MSH5",0.929486105949663,-0.239362294834958,0.031,0.036,1
"DNM3",0.929519719539999,0.123194579083612,0.031,0.031,1
"ENSG00000277369",0.929626375127669,-0.156409648030054,0.024,0.031,1
"SLC4A7",0.929679585346783,-0.284198034678508,0.173,0.212,1
"NT5C",0.92979246635432,0.15112688883799,0.394,0.394,1
"ENSG00000283839",0.929945887905955,-0.226583745673913,0.087,0.098,1
"NAA60",0.929978982465038,0.120621378144496,0.268,0.269,1
"ENSG00000289496",0.930146450500905,0.482366557840285,0.008,0.01,1
"TICAM2-AS1",0.930383634088007,0.537116011319893,0.063,0.067,1
"ENSG00000260257",0.930649618599698,0.600521705388987,0.039,0.036,1
"POLA1",0.930743426140873,0.276167997317494,0.079,0.073,1
"ZNF568",0.93078269026619,0.582004759221684,0.055,0.047,1
"VARS1",0.93079160434647,-0.391305740107094,0.063,0.078,1
"PROSER3",0.930912037438573,0.259035295457581,0.063,0.052,1
"ABHD8",0.931207197894476,0.465209575480156,0.047,0.047,1
"ENSG00000226465",0.931504889995712,-0.216105562173239,0.024,0.031,1
"PTPRN2",0.931766004773268,-0.411019888164108,0.031,0.036,1
"GTF2H2C",0.931785272191408,0.362518320687981,0.063,0.057,1
"ENSG00000289055",0.931815773348793,0.483893014751263,0.039,0.036,1
"MED28-DT",0.931892937599077,0.493769008767798,0.055,0.047,1
"PRICKLE1",0.9318946417799,0.35777528482194,0.024,0.031,1
"CABLES2",0.931899572637619,0.556646285587304,0.008,0.01,1
"ENSG00000283360",0.931996352774831,0.115870042251045,0.008,0.01,1
"DNAH11",0.932304862935333,0.19020361541796,0.016,0.021,1
"AACS",0.932452726032334,0.156128682048666,0.039,0.052,1
"SLC9A8",0.932649388923679,0.199143575380056,0.205,0.218,1
"ZBTB6",0.932968764050806,-0.257482129313075,0.071,0.088,1
"INPP1",0.9331016012838,-0.172255221856786,0.15,0.197,1
"MYH3",0.933372517180333,-0.228346402183973,0.016,0.021,1
"TMEM164",0.933536225516501,-0.24962959901931,0.079,0.098,1
"ENSG00000275119",0.933605161303187,-0.1447171881049,0.134,0.145,1
"ENSG00000229848",0.933903078567887,-0.145716528368864,0.008,0.01,1
"ERI3",0.934123564799877,0.457559577958968,0.157,0.155,1
"ZNF230",0.934254064433677,0.540610954929231,0.071,0.067,1
"ZFP69B",0.93430598365615,0.116527188307344,0.016,0.016,1
"LYSMD4",0.934333638549791,0.439151876856282,0.024,0.026,1
"SNX15",0.934410980578463,0.166561362471146,0.079,0.083,1
"TAF11",0.934462990093569,0.209822955556236,0.402,0.394,1
"USP25",0.934548379947936,0.169785719177379,0.386,0.383,1
"ENSG00000236498",0.93467255846276,0.332430920939943,0.024,0.031,1
"USP30-AS1",0.934731249392635,0.156969656857721,0.039,0.031,1
"TNNI2",0.934759678614297,0.279577124838534,0.165,0.161,1
"ENSG00000291201",0.934776766346672,0.256273783823,0.071,0.073,1
"DHRS4L2",0.934784465436333,0.120350318990156,0.031,0.031,1
"EID2",0.935056976456157,-0.170339171277451,0.228,0.269,1
"NPIPB15",0.935154887401668,0.199541394702869,0.031,0.026,1
"CCDC25",0.935218107881137,0.150682155644387,0.134,0.14,1
"TRIM21",0.935218363080837,-0.161687266422851,0.102,0.114,1
"XPO7",0.935348778727692,0.398462799483803,0.173,0.166,1
"ENSG00000272768",0.935473164028806,-0.581516994222468,0.047,0.062,1
"SLC8A1-AS1",0.935523365797971,-0.107022856293097,0.055,0.062,1
"EXOSC8",0.935624579315877,0.24288206392024,0.22,0.207,1
"OCRL",0.935738352475899,-0.168239153129515,0.031,0.036,1
"SUMO4",0.93577969442645,0.446145114628521,0.031,0.026,1
"SLC25A44",0.936106534016076,0.164652674036511,0.157,0.155,1
"ICAM2",0.936124306262938,-0.161213901159235,0.189,0.218,1
"NRAS",0.936125146274147,0.14954937622641,0.362,0.373,1
"STARD5",0.936195284893866,-0.85160210715995,0.016,0.016,1
"KLHL9",0.936201669480077,0.253899168573225,0.189,0.187,1
"WDR19",0.936353070649149,0.287382982019112,0.118,0.124,1
"ZFHX3",0.9363928363791,-0.405520348764558,0.15,0.166,1
"ADGRE3",0.936399820937619,-0.603908166903277,0.055,0.083,1
"ENSG00000288061",0.936400686326676,0.391208594507714,0.047,0.052,1
"ENSG00000287377",0.936658769255,0.196551201573908,0.031,0.047,1
"GGPS1",0.936694602438187,0.263099925831182,0.165,0.166,1
"MRPS18B",0.936730918700253,0.250269965526043,0.268,0.244,1
"FAM222B",0.936809055098677,0.153379633123826,0.22,0.223,1
"UBE3D",0.936862023999327,0.299775778367161,0.047,0.041,1
"CAPRIN2",0.937100320430818,-0.103923964943596,0.079,0.088,1
"UTF1",0.937144183091299,0.673917231836302,0.087,0.104,1
"ENSG00000254263",0.937195683201457,0.399614650315681,0.071,0.083,1
"MALSU1",0.937214935752129,0.25002597123093,0.244,0.244,1
"HPS5",0.937353320637596,0.18247382113841,0.291,0.306,1
"DHX9-AS1",0.937740929255743,0.150834522416464,0.016,0.021,1
"MDS2",0.937813470555448,-0.151510505987661,0.008,0.01,1
"ENSG00000262810",0.937813570966059,-0.363944099946851,0.039,0.036,1
"ZNF45",0.937839618216744,-0.177177528734093,0.039,0.052,1
"SLC17A9",0.937916413148747,-0.403323563274402,0.047,0.073,1
"THAP9",0.937927123689186,0.348253178270969,0.031,0.026,1
"CEMIP",0.937961867889437,-2.25103422830894,0.016,0.021,1
"RMDN2",0.938039901023063,-0.296820487775077,0.031,0.026,1
"SIGMAR1",0.938086310129943,0.390161170123141,0.016,0.026,1
"FBXO11",0.938252517330947,-0.102102894518771,0.677,0.72,1
"BBS4",0.938420919809751,-0.201841871616291,0.055,0.062,1
"CIP2A",0.93851143776775,-0.272047027811026,0.024,0.026,1
"SYT9-AS1",0.938570627020252,-0.270101525433795,0.016,0.016,1
"HIF1AN",0.93878423755803,-0.164283967689978,0.126,0.145,1
"PRXL2A",0.938797127881801,0.226769563454273,0.15,0.13,1
"RAP2B",0.938900245652325,-0.185057747647896,0.386,0.446,1
"UBIAD1",0.938978695277001,0.168225627042148,0.087,0.098,1
"MED25",0.938987754113185,0.146131978444887,0.26,0.244,1
"ENSG00000280383",0.93899948255856,0.232955650970718,0.024,0.031,1
"ARL14EP",0.939025114065713,-0.119345779710577,0.354,0.383,1
"KIZ",0.939062908551081,0.298988574262693,0.126,0.109,1
"CTNNB1",0.939175194376938,-0.208734438104231,0.677,0.725,1
"NOL6",0.939188351121297,0.490425291080538,0.047,0.047,1
"LMNTD2",0.939355192612373,0.86569820896387,0.024,0.021,1
"ZNF367",0.939384497141854,-0.35126857993808,0.016,0.026,1
"ZNF225",0.939461938632362,0.172531343579014,0.024,0.026,1
"SLC35A5",0.939467367445315,-0.250484448678961,0.055,0.067,1
"SNX22",0.939627316017506,0.27503031911994,0.039,0.036,1
"ENSG00000258982",0.939634886474113,0.242390921010768,0.039,0.041,1
"H2BC6",0.939885899163861,0.140345918555434,0.016,0.016,1
"TNRC6A",0.939918804110745,0.120973703167237,0.496,0.487,1
"ENSG00000287387",0.939944602336753,0.542790258139691,0.039,0.031,1
"ENSG00000288764",0.940078059058157,-0.182918477320942,0.016,0.016,1
"MUL1",0.940103186214494,0.139488691685188,0.134,0.119,1
"SEC23A",0.9401442593282,0.144287842456845,0.228,0.238,1
"ANP32E",0.940445485839147,-0.320896538129985,0.173,0.202,1
"DNAJB2",0.940491279446436,0.197461699287919,0.189,0.207,1
"F11R",0.940554793668329,0.186048459699149,0.323,0.306,1
"ZNF24",0.940759426666754,0.153742601960788,0.543,0.539,1
"GLT8D1",0.940953882081934,0.121524344819544,0.142,0.14,1
"DDX47",0.941008014569839,-0.248210219703648,0.126,0.135,1
"LAMP3",0.941154657060365,-0.156286343052094,0.047,0.067,1
"ANKDD1A",0.941289540644118,0.293206780712609,0.055,0.047,1
"H3C6",0.941332703207008,-0.214350152023395,0.024,0.031,1
"CASTOR2",0.941482166906456,-0.115807366305129,0.024,0.031,1
"ENSG00000288964",0.941517746612632,-0.10423171898413,0.024,0.031,1
"FAM114A1",0.941696436507984,-0.512642966710061,0.016,0.026,1
"MRAS",0.942135695389915,-0.898318523343723,0.024,0.031,1
"NIPAL2",0.94224402776744,0.114175654048173,0.055,0.057,1
"ENTPD1",0.942567333045456,-0.452523051178468,0.173,0.233,1
"MAN1A2",0.942601932497481,0.157789085289299,0.402,0.404,1
"RAD51-AS1",0.942625418347397,0.144324201834154,0.031,0.036,1
"SPOUT1",0.942657484785225,0.169142823610103,0.063,0.062,1
"CLSPN",0.94272629139518,0.705768474336748,0.031,0.026,1
"PLEKHO2",0.942854243838629,-0.100191328153056,0.197,0.202,1
"NSMCE3",0.943061246609474,-0.112095478929073,0.37,0.404,1
"RCN1",0.943368118021086,-0.123889788601311,0.15,0.166,1
"SLC38A6",0.943439957024494,-0.363540928378538,0.079,0.088,1
"MSL3",0.943592291313204,0.132785073651177,0.26,0.264,1
"PON2",0.943790687192408,0.147971135169694,0.189,0.187,1
"ZNF41",0.943803074548631,0.317728528886489,0.11,0.109,1
"SANBR",0.943804677447452,0.189926895156193,0.189,0.176,1
"ENSG00000291207",0.944275655084563,0.299565518323356,0.094,0.083,1
"VPS18",0.945117160076777,0.117795725999478,0.142,0.15,1
"ULK2",0.9451773173606,0.28284615612492,0.016,0.021,1
"DPAGT1",0.945359935365234,0.326822018825655,0.071,0.067,1
"SPDL1",0.94547168587789,0.34481439101949,0.031,0.031,1
"NDST1",0.946166270076838,0.496482524905784,0.031,0.031,1
"PICALM",0.946570752563006,-0.173205099580777,0.78,0.788,1
"ENSG00000289226",0.946574890119891,-0.256939815642277,0.016,0.021,1
"GOLGA1",0.946733445799147,-0.120432248061506,0.118,0.135,1
"DNAL4",0.946920886313372,0.126539665399517,0.047,0.041,1
"SNX5",0.946924289428114,0.131509736340968,0.354,0.378,1
"CNNM4",0.947015984835525,-0.306732252746157,0.039,0.062,1
"AP4S1",0.947035359926527,0.314447794835571,0.118,0.114,1
"ST20-AS1",0.947064323019754,0.321466678839127,0.024,0.021,1
"PPIP5K1",0.947416806853871,-0.324390176655918,0.031,0.041,1
"CLINT1",0.947471144534096,0.155562332363055,0.606,0.622,1
"CD36",0.947568903936696,0.126538171458641,0.252,0.233,1
"FBXO48",0.947813744460079,0.106766000876491,0.031,0.036,1
"PARD6A",0.947845177299847,0.127208575329884,0.094,0.083,1
"MIGA2",0.947850502033143,-0.145530524290192,0.047,0.062,1
"ENSG00000285730",0.947961413341017,0.293343989373026,0.031,0.031,1
"CHCHD10",0.948054917166754,0.13569394622479,0.48,0.456,1
"ENSG00000262050",0.948195072270732,0.444210770126562,0.008,0.01,1
"MKI67",0.948195072270732,0.529751950490264,0.008,0.01,1
"ZNF486",0.948235866247338,0.207479567316194,0.031,0.036,1
"PARP10",0.948474752437442,0.249738122374856,0.228,0.218,1
"PP2D1",0.948578903874696,-0.303558876722084,0.008,0.01,1
"UNG",0.948598914644997,0.265618924881942,0.031,0.036,1
"POMT1",0.949030990382803,0.215830964788675,0.087,0.088,1
"CENPW",0.949099023421376,0.231604517937522,0.079,0.073,1
"SHB",0.949239975476294,-0.116483971003566,0.11,0.124,1
"DGKA",0.949451944717044,-0.143752031605096,0.181,0.207,1
"ITGAL",0.949484589969516,0.105616913073299,0.252,0.233,1
"ALG10",0.949601873349931,-0.194853399183361,0.031,0.036,1
"OBSCN",0.949651198943298,0.184834962089736,0.031,0.036,1
"ANKS3",0.949695541738017,-0.139086506222914,0.039,0.036,1
"BTBD2",0.949798301591453,0.116023894811918,0.087,0.098,1
"CLPTM1L",0.94986423351193,0.142661562598225,0.362,0.378,1
"VMAC",0.949985985819999,-0.415449010274875,0.024,0.021,1
"ORC6",0.950185340112933,0.574715142250533,0.024,0.021,1
"TMEM265",0.95020095530342,0.118236355983461,0.047,0.047,1
"RABL2B",0.950268280556484,0.140733739956646,0.11,0.104,1
"CNPY4",0.950405364191103,-0.219816034922446,0.016,0.021,1
"ENSG00000207751",0.950405673491432,-0.11378400525393,0.008,0.01,1
"RFC5",0.950561332159821,-0.121515772424218,0.031,0.036,1
"ATP9B",0.950705985671544,0.225285988641206,0.425,0.44,1
"C9orf85",0.950926777170718,0.270417940960687,0.142,0.135,1
"SH2B1",0.951124618439986,0.355628220541939,0.11,0.109,1
"FAM106A",0.951186332291964,-0.47990289687309,0.016,0.021,1
"HDAC7",0.951223280119517,-0.127638903540266,0.173,0.187,1
"GUCY1A1",0.951305904159248,0.388539212319162,0.102,0.088,1
"ENSG00000268584",0.951535598141989,0.294927976721207,0.008,0.01,1
"ZNF681",0.951543932151865,-0.302023884180458,0.016,0.021,1
"MSANTD7",0.951714579203172,0.212138574920983,0.055,0.067,1
"ELOA",0.951719603563228,0.115360243320295,0.268,0.259,1
"LIPT1",0.9518165251452,0.806881785102981,0.008,0.01,1
"ZBTB26",0.951838151240614,0.570754329019159,0.079,0.083,1
"ENSG00000291233",0.952060105874338,-0.225361588072786,0.031,0.031,1
"PDCD1",0.952062076247204,-0.100451764395286,0.024,0.031,1
"SYNGAP1-AS1",0.952062323262296,-0.420590240483535,0.016,0.021,1
"JPT2",0.952142378138813,0.120764347639871,0.173,0.176,1
"FCGR2B",0.952565270387458,0.702653520918146,0.008,0.01,1
"COMMD5",0.952584226657535,-0.136416351520463,0.283,0.311,1
"FAM136A",0.952781458523979,0.142706754966448,0.213,0.218,1
"TRAC",0.953387787739458,-0.735358501719777,0.008,0.021,1
"TANK-AS1",0.95341234859208,0.658754662816971,0.15,0.15,1
"XKR8",0.953594103451664,0.185136417893108,0.087,0.083,1
"NMNAT1",0.953641189101569,0.246844396625211,0.039,0.041,1
"VAV2",0.9538127989678,-0.205697932381362,0.047,0.041,1
"RPP30",0.953835203602694,0.14031370050849,0.244,0.244,1
"HSPA2-AS1",0.953842933134696,-0.122774008970592,0.087,0.098,1
"CRAMP1",0.953900120022745,0.110237763250858,0.126,0.119,1
"DENND4B",0.953992771722551,0.113182693880775,0.197,0.197,1
"RCL1",0.954153608243113,0.234988057123334,0.118,0.114,1
"ZC4H2",0.954243633097944,0.123500250592822,0.173,0.166,1
"MAPK11",0.954382353919043,0.224156507285675,0.016,0.016,1
"SRR",0.954448897667149,0.107298353127844,0.039,0.036,1
"FGFR1OP2",0.954674993310299,0.123805464663474,0.528,0.539,1
"ZNF783",0.954722730462826,0.63344257863225,0.031,0.026,1
"ENSG00000285646",0.954758517876055,0.386112801489302,0.047,0.041,1
"MYL5",0.954912162114464,0.413051319562176,0.087,0.083,1
"DENND3-AS1",0.954984457237095,-0.228411970179792,0.016,0.016,1
"ENSG00000290085",0.95530113102387,0.41848762240903,0.008,0.01,1
"ZNF571",0.955451748562582,0.483814756915217,0.039,0.031,1
"CYBRD1",0.955459484661268,-0.258847822577129,0.016,0.026,1
"ZNF738",0.955515147798185,-0.186512420876666,0.071,0.083,1
"UGGT2",0.955519115268138,0.47951037836936,0.024,0.026,1
"IQCH-AS1",0.955672225937205,0.196187592225702,0.039,0.047,1
"GTPBP8",0.955693163552077,-0.341531491549005,0.102,0.109,1
"TAF4",0.955793598838797,0.376312896466917,0.087,0.088,1
"TBCB",0.956019471575998,0.223921145051256,0.535,0.523,1
"ENSG00000272918",0.956123588633937,-0.298247939217568,0.024,0.031,1
"ENSG00000260616",0.95619457611408,0.435608578833494,0.039,0.036,1
"SHPK",0.956262192699468,0.110639333443613,0.102,0.098,1
"TRMT5",0.956344553126035,-0.172801350540169,0.016,0.021,1
"ENSG00000264112",0.956561906506333,0.169202002078267,0.039,0.036,1
"TRADD",0.956808433288758,0.252619691532555,0.252,0.249,1
"PES1",0.956830883996503,0.228321460520144,0.307,0.306,1
"HIBADH",0.956857436169897,-0.138876245705406,0.055,0.062,1
"FLVCR1-DT",0.956991646457367,0.329035533166255,0.016,0.021,1
"ENSG00000254865",0.957105909627132,0.384500113067424,0.024,0.021,1
"ZNF440",0.957242024350125,-0.206543543723576,0.024,0.026,1
"ZNF181",0.957310553741069,0.260747912946176,0.047,0.041,1
"SCRN3",0.95740911577377,0.840161650540457,0.039,0.031,1
"METTL18",0.957440310298522,0.196978811361487,0.047,0.057,1
"ZNF667-AS1",0.957491135791883,0.151494515138474,0.055,0.062,1
"H2AZ1",0.957527859079517,0.136755331883476,0.85,0.876,1
"ZBTB39",0.957611943717533,0.384458322865492,0.039,0.047,1
"FAM229B",0.957662430070429,0.416447081133704,0.039,0.036,1
"TRGV8",0.957804043566067,0.400845729923756,0.008,0.01,1
"SNHG14",0.958492230522722,0.283135287327393,0.26,0.249,1
"LIX1-AS1",0.958505164429557,0.244613913482352,0.063,0.052,1
"LSG1",0.958541627431697,0.146067363325696,0.189,0.181,1
"ENSG00000256448",0.958912561207148,0.148293979175168,0.213,0.202,1
"ALKBH2",0.958967708688691,0.572275256477999,0.031,0.031,1
"CSAD",0.959519460332551,0.322141078642308,0.118,0.104,1
"ENSG00000227704",0.959751420961981,0.199972523181174,0.016,0.016,1
"ENSG00000268027",0.960239309636103,0.226846378094904,0.213,0.187,1
"ENSG00000282917",0.960258281728913,0.319559394685172,0.024,0.026,1
"ENSG00000289145",0.960264854101435,0.56557868206718,0.024,0.021,1
"MIR3677HG",0.960429516019628,0.151188574703077,0.039,0.031,1
"INSYN2B",0.960708813966633,-0.270652219777538,0.071,0.078,1
"FOS",0.96107355138467,0.678620276814741,0.228,0.275,1
"RAB33B-AS1",0.961629010323446,0.13200952923749,0.134,0.135,1
"ENSG00000254246",0.961700543899038,-0.591960009735823,0.008,0.01,1
"CIC",0.961733655675436,0.166071855758113,0.126,0.124,1
"STARD3NL",0.962039421449388,0.113176992945897,0.441,0.43,1
"PAF1",0.962291780949299,0.136835045906015,0.425,0.44,1
"TRIM65",0.962301987240052,0.369641806776816,0.047,0.047,1
"NEU3",0.96241537031601,0.308376961391011,0.071,0.073,1
"HDGFL2",0.962456705812988,0.232734321586475,0.252,0.244,1
"COL7A1",0.962538587680816,-0.958181104473947,0.016,0.026,1
"PUS7",0.962646521580307,0.205727948491256,0.016,0.016,1
"CCND2-AS1",0.962683288334391,0.599212472629269,0.024,0.021,1
"CEP250",0.963150383530029,0.195645160307844,0.094,0.083,1
"IL3RA",0.963469633236131,0.112896284493825,0.724,0.71,1
"ZNF784",0.963517513060306,0.401803129270166,0.031,0.031,1
"LINC00205",0.963519037045616,-0.212622096586625,0.024,0.021,1
"MIR302CHG",0.963571393631065,0.371999723294116,0.031,0.031,1
"C19orf12",0.963598317252527,0.145668207371807,0.189,0.176,1
"S1PR2",0.963606053705921,0.244549325185295,0.024,0.021,1
"ODF2L",0.963733831074864,0.110529267849675,0.339,0.332,1
"ZNF813",0.963847996515502,0.29411919581614,0.024,0.026,1
"ZSCAN32",0.96385454812329,0.168852002520145,0.079,0.078,1
"IQCN",0.963870760397106,0.262157949311034,0.016,0.016,1
"MPI",0.963922595344797,0.614074689449682,0.031,0.031,1
"PPARD",0.964026931059906,-0.258652876892333,0.189,0.233,1
"ENSG00000267002",0.964355245584705,0.481250803201529,0.047,0.047,1
"ENSG00000237188",0.964360707082829,0.381973096330952,0.039,0.036,1
"LINC01135",0.96436688690252,0.571501901941602,0.016,0.016,1
"PPP3CC",0.964408914890106,0.148811788708928,0.449,0.435,1
"ARL4A",0.964412724933659,-0.174787672719197,0.244,0.285,1
"GMEB2",0.964432344552422,0.208910482499956,0.118,0.114,1
"LDHAL6A",0.964491796251868,-0.304138892774485,0.008,0.016,1
"ARHGEF26",0.964647112170815,0.300667914200835,0.016,0.016,1
"PEX12",0.964685204589358,-0.433681673311418,0.016,0.016,1
"CCDC22",0.964703508270784,0.268630843838056,0.087,0.098,1
"MEF2B",0.964923190058753,0.342866237944763,0.047,0.041,1
"WRAP73",0.96526934454017,0.228574388281203,0.11,0.114,1
"ZNF429",0.965321729248403,0.298758647867098,0.071,0.073,1
"CAPS",0.965607248119285,0.331158334283078,0.016,0.016,1
"STS",0.965661187298717,0.375035001333302,0.016,0.016,1
"RNPEP",0.965737461065258,0.164486956813099,0.244,0.269,1
"DNAI3",0.965756619478224,-0.188950817407539,0.039,0.047,1
"CTSV",0.966057308538657,0.143145094610718,0.016,0.021,1
"CAB39L",0.9661671742046,-0.29057230606966,0.039,0.047,1
"ENSG00000289285",0.966323181254178,0.327226702073616,0.016,0.016,1
"CD86",0.966377368817072,-0.39674957023854,0.346,0.394,1
"PNO1",0.966405057048771,0.136006866117082,0.236,0.238,1
"HTRA4",0.966564941672348,0.295126613338518,0.016,0.016,1
"IRF3",0.966567406880198,0.299521991787035,0.102,0.104,1
"C7orf25",0.9666197693479,0.472719461874534,0.039,0.047,1
"CRAT",0.966751307705537,-0.158506063320109,0.047,0.057,1
"ADRB2",0.966820299817336,-0.679488061429507,0.024,0.026,1
"PRKAB2",0.967060038657685,0.140100248717164,0.063,0.062,1
"ENSG00000277368",0.967238394285644,-0.190234200929102,0.024,0.021,1
"NAA20",0.967597464593142,0.114619900911928,0.441,0.461,1
"ZNF431",0.96762691323331,-0.140015204055846,0.228,0.244,1
"CCDC51",0.967721384395356,0.307489262466823,0.039,0.041,1
"AASDH",0.967794430826023,0.201989518132932,0.087,0.078,1
"YEATS2",0.967909822074255,0.138116507263674,0.165,0.171,1
"GABPB1-IT1",0.96846053195462,0.232431015592458,0.173,0.202,1
"SUV39H2",0.968726489654683,0.454629186358123,0.039,0.036,1
"CMC2",0.969053400984501,0.134558310712382,0.512,0.508,1
"DTD1",0.969064083112849,-0.265080366653776,0.118,0.145,1
"ZNF567-DT",0.969076252303434,0.388086712099714,0.024,0.021,1
"LTB4R2",0.969099462062843,0.491795248410938,0.031,0.026,1
"TFPT",0.969118196786886,0.206749235845933,0.244,0.233,1
"NRBP2",0.969173432572148,0.13653373272466,0.031,0.031,1
"DTX3L",0.969252138560453,-0.253938371151344,0.142,0.181,1
"SKAP2",0.969338332773634,0.14466446389723,0.402,0.409,1
"RHOBTB1",0.969353320099637,0.77844623789108,0.031,0.026,1
"TNFRSF12A",0.969468475461826,-0.170111024929482,0.425,0.451,1
"LRRC37A2",0.969489432655024,0.522536583997364,0.039,0.036,1
"ADAP1",0.969676303185765,-0.192407598960895,0.244,0.275,1
"MSN",0.970503887823162,-0.110601473553005,0.669,0.715,1
"ZNF416",0.970709109603935,-0.150471610924519,0.024,0.026,1
"REV3L",0.97075944107076,-0.172362045235322,0.331,0.383,1
"MRPL47",0.970785606176042,0.126217593809911,0.535,0.544,1
"CACFD1",0.970841279739191,0.177972655246545,0.016,0.016,1
"ENSG00000236924",0.970860457163204,-0.116087778112461,0.016,0.016,1
"GUSBP2",0.971068230692048,0.656224705444531,0.024,0.021,1
"FAM200A",0.971106373471362,0.142094951908018,0.063,0.062,1
"ABTB2",0.971455205456059,-0.156816932430312,0.094,0.114,1
"STARD10",0.97148990420316,-0.17285793772667,0.118,0.109,1
"GPAT3",0.971522847289412,-0.375779236747094,0.307,0.368,1
"EFHC2",0.971698832289355,-0.237597934783453,0.031,0.041,1
"SF3B1",0.971875154377224,0.115674211513336,0.874,0.886,1
"KRT10-AS1",0.971895288182988,0.584222743064813,0.024,0.021,1
"LINC00265",0.971988075154488,-0.175416233540783,0.039,0.052,1
"ENSG00000250519",0.972013089089692,0.17845234794112,0.016,0.016,1
"ENSG00000267299",0.97213972025859,0.211152875068337,0.016,0.021,1
"CTPS1",0.972161871054861,0.219080762228967,0.142,0.14,1
"TINF2",0.97220200611188,0.109984259360331,0.346,0.358,1
"CAMSAP1-DT",0.972469602413096,0.183596593179161,0.031,0.041,1
"USP40",0.972560778873025,0.259206518472545,0.079,0.073,1
"ATXN7L1",0.972565854768424,0.159160642464796,0.055,0.062,1
"AFG1L",0.972614263460174,-0.369225044546308,0.063,0.057,1
"RGS3",0.972905275317485,0.204818673032147,0.016,0.021,1
"LPAR2",0.972954457820299,-0.417226048975307,0.016,0.021,1
"ENSG00000253200",0.973001510274413,0.387203145840431,0.039,0.036,1
"DNAH10",0.97308819787274,-0.130517531254492,0.016,0.016,1
"ZNF792",0.973118287272488,0.145000320147425,0.016,0.021,1
"CDCA7",0.973300138296314,-0.355357305640845,0.016,0.021,1
"ELOA-AS1",0.973428230428197,0.101693323477389,0.031,0.036,1
"ZIK1",0.97343505587869,0.590882485477236,0.031,0.026,1
"WDR53",0.973519351038122,0.234076737634553,0.047,0.052,1
"OLFM2",0.97352313717804,-0.116877202212575,0.016,0.021,1
"ODF3L1",0.973644457199623,0.195981072849238,0.031,0.031,1
"ARHGEF9",0.973663829972958,0.17163773857773,0.047,0.052,1
"PHF11",0.973789439841735,0.117766740692422,0.315,0.311,1
"GLCCI1",0.973825632740051,0.213972806872643,0.142,0.135,1
"ZC2HC1C",0.973921680435275,0.299583657846311,0.031,0.026,1
"HERC5",0.974008045175584,0.123222360401497,0.134,0.119,1
"SH3D19",0.974108088653902,0.256912604995535,0.079,0.073,1
"COX16",0.974589876765821,0.110930110334346,0.52,0.523,1
"GDF11",0.974816881365935,-0.253939507144535,0.039,0.052,1
"TMCO4",0.975006588620675,-0.156006350879322,0.024,0.031,1
"ABCA10",0.9750904273713,0.212740863070674,0.039,0.036,1
"ENSG00000258526",0.975288323560223,0.513184879607544,0.031,0.026,1
"ECE1-AS1",0.975317775736479,0.247118756658903,0.024,0.021,1
"PROSER2",0.975342416987835,0.362607850481244,0.047,0.047,1
"POGLUT1",0.975384748134215,0.242016538299706,0.11,0.104,1
"ADCK5",0.975598475059047,0.324464275459079,0.039,0.036,1
"MED19",0.975667326509304,0.26435276935471,0.283,0.285,1
"MMP28",0.975816043121497,0.155025240512598,0.008,0.01,1
"NADK2",0.976233716352219,0.228063915316906,0.087,0.078,1
"ENSG00000234185",0.976269829696088,0.305578728364694,0.016,0.016,1
"FASTKD3",0.976273887931404,0.102288104344836,0.094,0.093,1
"FUCA1",0.976335125184791,0.154858312572027,0.031,0.036,1
"ENSG00000230074",0.976474215393537,0.838639498754294,0.024,0.021,1
"YOD1",0.976499195800275,0.103044302245818,0.047,0.052,1
"SIRT5",0.976562279114998,-0.31663163962368,0.024,0.026,1
"ZNF124",0.976607663370866,-0.105949547046986,0.268,0.285,1
"DDX11",0.976730730407265,-0.151550142874058,0.016,0.021,1
"FAM131B-AS2",0.97685622208175,-0.172077806346674,0.181,0.223,1
"KCTD16",0.976930398759739,-0.150628786374372,0.008,0.01,1
"NDUFAF2",0.977016526181679,-0.106963651246123,0.126,0.14,1
"SMIM15-AS1",0.977042136831668,0.332302547845209,0.016,0.016,1
"APRG1",0.977100543228475,0.474106479766628,0.047,0.047,1
"ESR2",0.977101060211723,0.208483462303864,0.016,0.016,1
"RNF14",0.977338980905894,0.198366525379825,0.15,0.155,1
"RALB",0.977368022914413,0.128209656179491,0.126,0.155,1
"ENSG00000286608",0.977501734823902,0.110486218168795,0.016,0.021,1
"MNT",0.977545182252805,0.117666147059569,0.079,0.078,1
"CUL9",0.977612693334633,0.218066594613501,0.087,0.083,1
"TMPO-AS1",0.977618590121251,0.139420044559682,0.016,0.016,1
"ENSG00000260563",0.977751861220699,-0.111592359608772,0.008,0.01,1
"LINC00504",0.977912816827285,0.621941292133705,0.008,0.01,1
"ASPHD2",0.978114498953411,0.167875602097559,0.134,0.13,1
"DNAH7",0.978259026911996,0.283900659653554,0.024,0.026,1
"ZNF286A",0.978370603123583,0.520594627248445,0.024,0.026,1
"TSC2",0.978389217336808,0.141083637803801,0.102,0.104,1
"DNAI4",0.978426448232724,0.235004501848244,0.031,0.031,1
"MAPRE3",0.978647450375695,0.455238050217034,0.047,0.052,1
"NOSIP",0.978954785383868,0.122038505453616,0.528,0.544,1
"ENSG00000288107",0.979125565411456,-0.146029429483365,0.031,0.036,1
"HSD17B1",0.979487955094439,0.252462073497379,0.031,0.036,1
"MTURN",0.979489368594408,0.136725289920444,0.307,0.311,1
"SCAF4",0.97976907161394,0.115847885530581,0.409,0.415,1
"SLC9A6",0.979913361665237,-0.133157442732284,0.102,0.104,1
"SPAG9",0.979926348699474,-0.164492326297005,0.693,0.725,1
"CHMP3-AS1",0.979959409766269,0.217692561938285,0.039,0.041,1
"GSTZ1",0.98004436144881,-0.161404184761514,0.039,0.047,1
"LSM8",0.980209923088423,0.159528081425785,0.598,0.596,1
"CRACR2A",0.980341134699167,0.349538666139335,0.031,0.031,1
"MRPL34",0.98045846890934,0.173085069930517,0.346,0.352,1
"FXN",0.980638722983654,0.263462118582782,0.031,0.036,1
"SLC4A5",0.980666116604116,0.497696771531155,0.039,0.036,1
"PHKA2",0.980897489431855,0.220677933958892,0.087,0.083,1
"MEIOC",0.980977605654877,0.3837402071744,0.031,0.031,1
"GPD1L",0.980991693037968,-0.335823117493066,0.024,0.026,1
"LIN54",0.98106594361438,0.192839158324794,0.118,0.124,1
"ITPRIP",0.981087637361444,0.135492654449707,0.134,0.135,1
"GTF3C2-AS2",0.981265049533779,0.338324527813069,0.016,0.021,1
"TRAM2",0.981301373757008,0.314476973620502,0.024,0.026,1
"ENSG00000228061",0.98133965594746,0.16741890911956,0.055,0.052,1
"KLRG1",0.981407480288648,1.11555208520209,0.039,0.036,1
"ZNF584",0.981480171556508,0.191556277856696,0.047,0.041,1
"NPIPA1",0.981721775826507,0.549247165045227,0.024,0.021,1
"LLGL1",0.981891774892843,0.630081591745934,0.016,0.016,1
"ZNF20",0.982002862389397,0.156825029574215,0.047,0.052,1
"DHRS9",0.982047336945076,-0.195229745460417,0.039,0.057,1
"ATP6V1C1",0.982109672734112,-0.156579538723771,0.291,0.306,1
"RANBP1",0.982172550155669,0.119930371160093,0.528,0.523,1
"STN1",0.982275266924521,0.265562525780232,0.142,0.135,1
"ENSG00000260920",0.982331850755272,0.219889203965709,0.016,0.016,1
"ASNS",0.982399323065408,0.21264675211243,0.024,0.031,1
"LINC02977",0.982419583509567,0.547119818584546,0.039,0.036,1
"CEP72",0.982604322173314,-0.324312924709414,0.024,0.031,1
"ITIH4",0.982665751914147,0.581325704888274,0.024,0.021,1
"CARD16",0.983255232300009,-0.185176654211407,0.244,0.275,1
"ENSG00000290876",0.983274168837707,0.221543032721798,0.126,0.124,1
"MICB",0.983301184531153,0.255421072934118,0.047,0.041,1
"ENSG00000259986",0.983367690776311,0.492237382968679,0.024,0.021,1
"OVOL2",0.983554527936699,-0.299041921093744,0.024,0.026,1
"ARHGAP11B",0.983618673700916,0.418485138077221,0.039,0.036,1
"MPV17L2",0.983636905447744,0.104006065581809,0.031,0.036,1
"ENSG00000291299",0.983694892961818,-0.337857834643138,0.055,0.062,1
"PKD1",0.983729829269758,-0.357288576308116,0.071,0.073,1
"ENSG00000285756",0.983821462068631,0.166555006558921,0.039,0.036,1
"THTPA",0.984131329250835,0.518149293429114,0.039,0.041,1
"ENSG00000290646",0.984154797733412,0.260127700549555,0.016,0.016,1
"TMEM237",0.984211907436138,0.496597451052186,0.024,0.021,1
"SLC26A6",0.984422383381335,0.507187601923543,0.063,0.067,1
"ENSG00000253720",0.984619507638925,-0.735622145956481,0.031,0.031,1
"ENSG00000273275",0.984663440475176,0.313535064729447,0.055,0.057,1
"ENG",0.984768238145248,-0.161853544271547,0.378,0.43,1
"FBXL19",0.984943898407158,-0.258183269774438,0.031,0.031,1
"ZNF174",0.985752123983769,0.120903722770106,0.024,0.026,1
"LINC02397",0.985835117876891,0.375912406410079,0.024,0.021,1
"ADCK1",0.985953332307288,0.208619574306205,0.039,0.041,1
"DBP",0.986010832080358,0.102953061834541,0.039,0.036,1
"KBTBD6",0.986155127070196,0.537532705407025,0.024,0.021,1
"CENPC",0.98631324154412,0.142756469756361,0.457,0.472,1
"ERI2",0.986376796183951,0.255256425474279,0.016,0.016,1
"C19orf44",0.986757586981477,0.16061274322515,0.016,0.026,1
"ZNF79",0.986863095320528,0.437259163950713,0.039,0.036,1
"TIMM8A",0.986993761103324,0.303938969654774,0.039,0.041,1
"PELI1",0.987092607055425,-0.357156662682655,0.26,0.301,1
"ENSG00000290796",0.98725253198733,0.313402207230605,0.031,0.031,1
"PDLIM2",0.987338119389931,0.440243686576833,0.126,0.119,1
"ZNF25",0.987395143475356,0.217978088910561,0.039,0.047,1
"DECR2",0.987531776567245,0.20419006946094,0.047,0.052,1
"ENSG00000284685",0.987574710305819,-0.111419533960403,0.11,0.135,1
"EXPH5",0.9876213345003,-0.110067002601255,0.031,0.031,1
"REPS1",0.987712250847167,-0.153407116640584,0.268,0.275,1
"FBXO33",0.987802381080617,0.121358216616457,0.22,0.244,1
"TSPAN31",0.987842064883245,-0.104675765661933,0.102,0.114,1
"ENSG00000288744",0.987989653024863,0.370802115012068,0.031,0.031,1
"PABPC1",0.988192552794841,-0.193587986418593,1,1,1
"CD72",0.988346561733865,0.322403154412972,0.063,0.062,1
"ENSG00000291107",0.988774215882636,0.113332413274487,0.181,0.176,1
"ZNF446",0.988865093676692,0.731003664166053,0.016,0.016,1
"ERCC6L2",0.988898844872025,0.194684939499944,0.26,0.264,1
"TSGA10",0.988978740940835,0.166555655524094,0.031,0.031,1
"NPIPB2",0.989329669646491,-0.697931244981803,0.016,0.016,1
"SLC30A7",0.9893689718155,0.113928270560362,0.362,0.373,1
"FANCA",0.989435063962132,0.171651885887185,0.031,0.031,1
"TSPAN4",0.989479074254725,-0.246747113292638,0.118,0.124,1
"ABCA1",0.989552933211086,-0.112762901810478,0.079,0.083,1
"PLEKHF1",0.989711311599712,1.69671175407773,0.016,0.016,1
"ENSG00000261222",0.989826028350305,0.486520029267702,0.016,0.016,1
"PLGLB1",0.989856270978004,0.261663529386232,0.039,0.041,1
"SZT2",0.990067306353151,0.108848434451075,0.142,0.15,1
"TCEANC",0.990165936907299,0.40001758936344,0.024,0.021,1
"SLC25A53",0.990170456966259,0.351549279024205,0.126,0.124,1
"INO80C",0.990209448695697,0.17968982868066,0.205,0.202,1
"GSK3A",0.990325664813464,0.107846452450798,0.37,0.389,1
"LINC00299",0.990368309880688,0.264382519171354,0.016,0.021,1
"ACP6",0.990558091735646,-0.162535538419155,0.016,0.016,1
"ENSG00000269194",0.990665187120388,0.246577347473415,0.016,0.016,1
"LBHD1",0.990698982601077,0.503618392079224,0.024,0.021,1
"ENSG00000269973",0.990724526094374,0.551769008339651,0.016,0.016,1
"ENSG00000288995",0.990730334677977,0.127443064070601,0.024,0.031,1
"TPX2",0.990784414598816,0.20557143159429,0.024,0.021,1
"ARF4-AS1",0.990984998426334,0.173521493014572,0.016,0.021,1
"ENSG00000290548",0.991024598165513,0.597994906986745,0.102,0.104,1
"WDCP",0.991058812119796,0.314892405157459,0.024,0.021,1
"ZFP3",0.991152223325937,0.153275468094199,0.031,0.031,1
"RFC4",0.991152839878617,0.243737261244918,0.047,0.047,1
"DCAF8-DT",0.991228403457469,0.140496833005418,0.039,0.041,1
"PKD1L3",0.991460258808292,-0.16242942706726,0.016,0.016,1
"NMB",0.991513174771385,-0.17067668241305,0.165,0.176,1
"ZNF653",0.991661200247385,0.219170850707642,0.031,0.031,1
"CAMTA1-DT",0.992026809394855,-0.168312357832682,0.016,0.016,1
"BTG2-DT",0.992069596704063,0.217632038420715,0.016,0.016,1
"DNAJC28",0.992083694374709,0.321417476676594,0.016,0.016,1
"PLCH1",0.992139392158292,-0.185947583745103,0.024,0.026,1
"ENSG00000251652",0.99216514605637,0.219418257579375,0.024,0.031,1
"RDH10",0.992173457272428,0.449994299580532,0.008,0.01,1
"CHKB-DT",0.992245116797153,0.504086533900909,0.016,0.016,1
"LBX2",0.99237663639308,0.173808196645454,0.016,0.016,1
"ZNF8-DT",0.992515039897858,0.102885815430571,0.031,0.031,1
"SLC9A3-AS1",0.992648320707749,0.338969428619031,0.016,0.016,1
"SULT1A1",0.992699155165751,-0.102565163118733,0.079,0.098,1
"ENSG00000257553",0.993194242015153,0.53776099797574,0.016,0.016,1
"CDC6",0.993317097935813,1.1471702329249,0.016,0.016,1
"AKTIP",0.993503932830521,0.382424766337648,0.016,0.016,1
"ADM2",0.993622448131718,-0.239914769152248,0.016,0.016,1
"ZNF442",0.993631557046592,0.581836786319541,0.016,0.016,1
"TMEM186",0.993674557927517,0.247122122936169,0.071,0.073,1
"WHRN",0.993675603119802,-0.128623447224552,0.126,0.14,1
"SH3RF1",0.99373778932424,-0.207697934524135,0.094,0.104,1
"ITGA6",0.993797648104112,0.214186757549525,0.039,0.041,1
"AVIL",0.994117934151304,0.323036376742451,0.039,0.036,1
"HNRNPA1L3",0.994200031870303,0.441323079021241,0.016,0.016,1
"ENSG00000244733",0.994653013904509,0.376531634452083,0.016,0.016,1
"CATSPERG",0.99484791927113,-0.376001778645867,0.039,0.041,1
"ENSG00000288833",0.994913567416902,0.503189233309807,0.024,0.026,1
"FBXO41",0.99492403643382,-0.295101851434938,0.016,0.016,1
"LIN52",0.994936283343892,0.312307764540627,0.079,0.078,1
"BRD3",0.995001130348287,0.166958408092103,0.291,0.285,1
"DCAF17",0.995143733893817,0.197505672063235,0.024,0.026,1
"C8orf58",0.995217957497263,0.300536185233842,0.016,0.016,1
"ABCB6",0.995296212849111,0.271903132385362,0.016,0.016,1
"ZNF23",0.995421356257928,-0.521753220416906,0.016,0.016,1
"C1RL",0.995453896033684,0.270166760921514,0.024,0.026,1
"ENSG00000244055",0.995525525296585,0.134951362835396,0.016,0.016,1
"SIAE",0.995532445748239,0.356794448517597,0.016,0.016,1
"ANKRD6",0.995562928630954,0.197911327421216,0.016,0.016,1
"LINC01465",0.995695200035073,0.741484292139244,0.024,0.026,1
"ENSG00000289084",0.995784775915026,0.464610762179243,0.016,0.016,1
"KDM7A-DT",0.995835525055995,1.27144401590094,0.039,0.047,1
"SHLD3",0.995869139364802,0.438329171752414,0.031,0.036,1
"LINC01841",0.996059002374111,0.251698128979352,0.031,0.036,1
"GABBR1",0.996061128161,-0.203586995866172,0.063,0.073,1
"GTF2H2",0.996197252136204,0.556493314147675,0.039,0.036,1
"ENSG00000287503",0.996213046173112,0.194536867397919,0.016,0.016,1
"EEF2KMT",0.996294548956579,0.565866014944687,0.016,0.016,1
"ZC2HC1A",0.996313634876656,0.1753721042488,0.016,0.016,1
"ZNF48",0.99631682442871,0.289751772556904,0.11,0.104,1
"KCNAB3",0.996381749551948,0.351893901471609,0.016,0.016,1
"PKD2L2",0.996502948256004,0.114364466800733,0.11,0.119,1
"TMEM191C",0.996509389952339,0.479198312378891,0.016,0.016,1
"TTLL12",0.99654069785327,0.273807166569652,0.024,0.021,1
"TSPAN3",0.996657994440687,0.108859030341957,0.48,0.477,1
"ANKRD11",0.996792176680679,0.105453414038992,0.874,0.876,1
"ALKBH1",0.996807385765655,0.285788697832396,0.102,0.098,1
"ENSG00000278601",0.997033494810207,0.278062229312701,0.016,0.016,1
"ENSG00000290793",0.997081299090931,0.180467749131245,0.024,0.026,1
"LY86-AS1",0.997247679176289,0.151839118326454,0.016,0.016,1
"SLC25A35",0.997453022793714,-0.173148428123246,0.016,0.016,1
"TRMT10A",0.997459566160191,0.104670872076627,0.024,0.026,1
"TARS1-DT",0.997514022275911,-0.171868839456705,0.016,0.016,1
"CKAP4",0.99756849463305,0.180790380626492,0.063,0.073,1
"STK36",0.997817190234235,0.162110838335876,0.016,0.016,1
"EDRF1-AS1",0.997906085042675,-0.177211817351655,0.016,0.016,1
"CAPN12",0.997958113632188,1.50746014697348,0.016,0.016,1
"MECR",0.99797099594193,0.139409184669294,0.047,0.047,1
"RDH5",0.998000152689953,0.678422944596378,0.024,0.021,1
"CARD6",0.998065159725415,0.133540870133324,0.063,0.067,1
"GBGT1",0.998140626746212,0.224452795970739,0.047,0.052,1
"INTS3",0.998147381286727,-0.120176421656837,0.11,0.124,1
"ENSG00000286162",0.998191388689446,0.155874341478113,0.087,0.083,1
"ENSG00000248734",0.998202169443156,1.80954059399972,0.016,0.016,1
"BET1-AS1",0.998214277330131,0.321867960325361,0.016,0.016,1
"ENSG00000247934",0.998249259677671,0.345611963003535,0.016,0.016,1
"IRF2-DT",0.998427762682505,0.208108508818977,0.016,0.016,1
"TMEM116",0.998433210959829,0.177005151062081,0.024,0.026,1
"ENSG00000277383",0.998523053619282,0.409188431541259,0.016,0.016,1
"ENSG00000235939",0.998529537555341,-0.431411075178326,0.016,0.016,1
"HEMGN",0.998628095816285,-0.227501674036546,0.016,0.016,1
"CHIC1",0.998659531272619,0.179489490441366,0.024,0.026,1
"ZKSCAN2-DT",0.998718590349058,0.163997981231253,0.016,0.016,1
"ERMAP",0.998734469576335,-0.163152625992999,0.087,0.098,1
"ENSG00000291175",0.99890655150939,0.260676505625205,0.189,0.192,1
"DROSHA",0.999114279939854,0.156184614963288,0.197,0.192,1
"MARS2",0.999128488454888,0.124030398170525,0.031,0.031,1
"SNX32",0.999241269726089,-0.155033099221535,0.016,0.026,1
"NICN1",0.999281490554482,0.402273884437982,0.024,0.026,1
"RBMS3",0.999573840426836,0.281332560714132,0.071,0.067,1
"VPS33B",0.999827450219014,0.174514679047498,0.087,0.088,1
"UBE2Q2P13",0.999932571320273,0.236674812379355,0.024,0.026,1
"CD96",1,-0.289272496776519,0.008,0.016,1
"SPRY2",1,0.191625030366144,0.008,0.016,1
"MYL12-AS1",1,0.145138566967869,0.016,0.021,1
"ALAS2",1,0.230033422605487,0.008,0.01,1
"B3GALT2",1,0.25037330664574,0.008,0.01,1
"DDR2",1,0.714314218724001,0.008,0.01,1
"ENSG00000273759",1,0.473226569329126,0.008,0.01,1
"ENSG00000278231",1,0.411733944112524,0.008,0.01,1
"ENSG00000286409",1,0.475224762401833,0.008,0.01,1
"ENSG00000287608",1,0.314349714363836,0.008,0.01,1
"ENSG00000288737",1,0.398854670598837,0.008,0.01,1
"LINC01679",1,-0.26362913403508,0.008,0.01,1
"MACROH2A2",1,0.217712998363279,0.008,0.01,1
"NCKAP1",1,-0.351542435839976,0.008,0.01,1
"P2RY11",1,0.567901445610149,0.008,0.01,1
"SOX18",1,1.27385317144335,0.008,0.01,1
