"","p_val","avg_log2FC","pct.1","pct.2","p_val_adj"
"HBB",1.72601217780314e-50,-5.97245494230251,0.037,0.444,3.03363900370681e-46
"HLA-C",2.93964301276108e-38,-0.651348096334411,0.998,0.997,5.16671655922887e-34
"CTSW",4.62592041046501e-27,-1.50455627203582,0.486,0.724,8.13051771343331e-23
"IL32",2.40690843127718e-25,-0.934989493103283,0.867,0.939,4.23038225881278e-21
"PRF1",9.86517285368869e-22,-1.1528344662057,0.543,0.735,1.73390278076432e-17
"GZMB",3.92182998223532e-21,-1.04053255007591,0.58,0.814,6.8930083767768e-17
"HSP90AA1",8.75295225996191e-20,-1.15204545246234,0.92,0.941,1.5384188892109e-15
"GZMA",1.40428716928656e-19,-1.25816033059352,0.416,0.635,2.46817512873806e-15
"IFITM1",1.5874206887322e-19,-0.682526420808819,0.934,0.972,2.79005060251572e-15
"S100A4",5.35816919452166e-19,-1.01512530183988,0.686,0.849,9.41751817629127e-15
"GZMH",2.67101017762486e-18,-1.1419527235513,0.514,0.724,4.69456748819345e-14
"HLA-DPB1",1.75905268431769e-17,-1.48288291817626,0.273,0.531,3.09171099795677e-13
"PSME2",2.20081876485735e-17,-0.882205730346625,0.557,0.73,3.86815906111327e-13
"IFI6",1.11091929432854e-16,-1.54034520240709,0.23,0.467,1.95255175171185e-12
"PFN1",2.21606060511941e-16,-0.670384731584808,0.977,0.987,3.89494811955788e-12
"CD52",3.04712472151047e-16,-0.949992847152284,0.766,0.88,5.3556264105268e-12
"RAC2",4.29202269087148e-16,-0.885765184139319,0.65,0.783,7.54365908147572e-12
"DNAJB1",5.81819640196136e-16,-1.51865021240829,0.57,0.689,1.02260619960873e-11
"LY6E",6.21628521557304e-16,-1.0806148042397,0.512,0.719,1.09257428948912e-11
"NKG7",7.55877998829126e-16,-0.539168978970622,0.973,0.969,1.32853117074207e-11
"TMSB10",9.97223868778736e-16,-0.593054828394314,0.994,0.997,1.75272067176551e-11
"CD74",1.77720405997003e-15,-0.579183974305709,0.846,0.934,3.12361385580333e-11
"HLA-A",2.22533185171144e-15,-0.382733521437093,0.998,1,3.91124326256803e-11
"HLA-DRB1",2.62129101307382e-15,-1.55488729710165,0.268,0.485,4.60718108457855e-11
"HSPA1B",1.06861703227667e-14,-1.93078813535499,0.182,0.395,1.87820129592948e-10
"RPS14",1.07647546709599e-14,0.34650081632965,0.998,0.992,1.89201328096792e-10
"HLA-DPA1",1.25839300198346e-14,-1.48959214069011,0.18,0.416,2.21175154028613e-10
"HLA-G",2.98671216500895e-14,2.32140685830653,0.24,0.051,5.24944530121972e-10
"GNLY",6.72896472435323e-14,-0.812669901116948,0.617,0.566,1.18268283995232e-09
"HSPA1A",7.9865449089224e-14,-2.36542073344455,0.223,0.37,1.4037151331922e-09
"ITGB2",1.13213655238634e-13,-1.11470326134609,0.373,0.587,1.98984320447423e-09
"SERF2",1.14315888313421e-13,-0.523570419863481,0.908,0.946,2.00921605299669e-09
"LAG3",1.14917077350663e-13,-1.14913148058494,0.334,0.531,2.01978255151526e-09
"RPS27",3.8269217016049e-13,0.241317363122577,1,1,6.72619758274077e-09
"SH3BGRL3",7.55086926650396e-13,-0.535057210787783,0.961,0.969,1.32714078228074e-08
"CFL1",1.15644345379847e-12,-0.463559368571513,0.949,0.952,2.0325650143962e-08
"FGFBP2",2.78203323225026e-12,-1.24671194739745,0.361,0.551,4.88970160900305e-08
"CST7",6.95871133148424e-12,-0.596233013380418,0.879,0.934,1.22306310362167e-07
"CLIC1",1.23637873817498e-11,-0.664022685889519,0.654,0.801,2.17305927021635e-07
"IFITM3",1.90742647419721e-11,-1.66364885887323,0.121,0.288,3.35249277104901e-07
"RPS29",5.88798529616121e-11,0.319658052277942,1,0.995,1.03487229565329e-06
"RPS4Y1",6.62142088721604e-11,-0.295277385982379,0.559,0.755,1.16378093513709e-06
"B2M",2.1336614145524e-10,-0.396077374481592,1,1,3.7501233022173e-06
"LGALS1",2.29376831736533e-10,-1.70072758505518,0.205,0.375,4.0315271946013e-06
"S100B",5.08483141641254e-10,2.5802224817402,0.18,0.041,8.93709969748668e-06
"SPOCK2",9.32658272129656e-10,0.472276396646413,0.795,0.566,1.63924017909508e-05
"CD3E",1.57003808513973e-09,-0.504609463617276,0.826,0.867,2.75949893844158e-05
"ANXA6",1.69374770414238e-09,-1.26363211970196,0.18,0.352,2.97693096480064e-05
"HOPX",3.25779569398538e-09,-1.38617689167987,0.143,0.298,5.7259017117487e-05
"HCST",3.27820573643741e-09,-0.589672575682159,0.771,0.824,5.76177440236238e-05
"HSPA8",3.30198723117357e-09,-0.763571225122378,0.889,0.939,5.80357275751067e-05
"PLAAT4",5.01141393594832e-09,-0.610907292307819,0.652,0.755,8.80806113382277e-05
"RPS3A",1.08901495362314e-08,0.314398413896208,0.998,0.992,0.000191405268248804
"HLA-DQB1",1.14210968740375e-08,-1.67695717594061,0.086,0.219,0.000200737198658083
"TMSB4X",1.20314896206992e-08,-0.408311931560192,0.996,1,0.000211465461573409
"S100A6",1.33294208472253e-08,-0.542944484663667,0.779,0.857,0.000234277900810832
"SNHG5",2.05090626902514e-08,0.753256389117716,0.605,0.395,0.000360467285843858
"IFITM2",2.40112018353343e-08,-0.535318611834328,0.822,0.865,0.000422020883457835
"PIK3IP1",2.99743152175483e-08,0.95538543562343,0.469,0.301,0.000526828564263629
"STIP1",3.3327610689708e-08,-0.848495513925081,0.264,0.362,0.000585766085482307
"PSME1",6.21968914972757e-08,-0.48350451151722,0.779,0.824,0.00109317256495612
"DDIT4",8.35428400521905e-08,-0.660367201297924,0.486,0.648,0.0014683489567573
"PSMB9",8.73577221911811e-08,-0.618587541824608,0.51,0.648,0.0015353993252322
"GAPDH",1.47445000769552e-07,-0.288132298294041,0.949,0.982,0.00259149333352565
"SERTAD3",1.86575754378683e-07,-1.49180326550732,0.109,0.247,0.00327925545895973
"RPL39",1.90740977505101e-07,0.257915428163701,0.998,0.995,0.00335246342062966
"MT2A",2.23752619957412e-07,-0.418362720106676,0.582,0.745,0.00393267604837147
"PSMB10",2.33110948978919e-07,-0.803592513207938,0.355,0.457,0.00409715803925349
"CPNE7",3.18430360619931e-07,3.34809592642383,0.076,0.008,0.00559673201825591
"DDX3Y",3.20365432027114e-07,-0.473025226817085,0.279,0.436,0.00563074283330856
"ENSG00000280441",3.928203826029e-07,0.395471021677388,1,0.995,0.00690421104462858
"ARID4B",3.94978167980963e-07,0.534214408738331,0.762,0.579,0.00694213628043341
"NCS1",4.1384450910854e-07,1.34995987835904,0.318,0.151,0.0072737310920917
"SERPINB1",4.33580669592812e-07,-0.93676534593155,0.24,0.39,0.00762061384876327
"MYL12A",4.45461041930229e-07,-0.616776804615775,0.67,0.75,0.0078294232729657
"IFI27L2",5.06336299749307e-07,-1.31038093003278,0.111,0.24,0.00889936680439382
"CD63",5.61196282810521e-07,-0.954821451543475,0.219,0.349,0.00986358586667771
"ADGRG1",5.84076283306403e-07,-1.30003743991567,0.129,0.247,0.0102657247553933
"TPI1",6.08563689797557e-07,-0.449242109136906,0.59,0.689,0.0106961154118819
"SPON2",6.40039029423997e-07,-0.942384560480421,0.32,0.452,0.0112493259811562
"FTH1",6.42334127450676e-07,0.306378521206851,0.994,0.99,0.0112896646240731
"KLRB1",7.05329892222529e-07,0.534085337834687,0.771,0.577,0.0123968781857032
"ID2",7.50329330257868e-07,-0.801558055469218,0.561,0.643,0.0131877883086123
"RBFOX2",7.9763349540363e-07,0.214142439703762,0.98,0.946,0.0140192063152142
"RPS21",8.12771743597836e-07,0.215408940050732,1,0.997,0.0142852761654756
"H1-10",8.26670230309153e-07,-0.738507407265238,0.422,0.564,0.0145295559679137
"S100A10",8.52251835326019e-07,-0.431157082856032,0.9,0.908,0.0149791782576901
"VAMP5",8.83754854308811e-07,-0.900369845578077,0.209,0.314,0.0155328753193317
"PRSS23",8.91938924614921e-07,-1.85398643076153,0.051,0.163,0.0156767185390318
"PTMA",1.0505591096003e-06,0.249373346378804,0.998,0.997,0.0184646269103349
"RNF167",1.19594117964798e-06,-1.09406222345144,0.209,0.329,0.0210198621734929
"OXNAD1",1.21613378898205e-06,1.48564223371364,0.197,0.077,0.0213747674751485
"GPR141",1.32658652611155e-06,-4.50358682693918,0.004,0.061,0.0233160847829366
"DDX21",1.40631974663787e-06,0.702025472022329,0.631,0.457,0.0247174758669072
"STAT1",1.55276532357019e-06,-1.02896230214635,0.23,0.36,0.0272914033270697
"ENO1",1.61433477445626e-06,-0.523427312217244,0.533,0.625,0.0283735479958432
"NACA",1.68132975651593e-06,0.239226778822287,0.996,0.982,0.029551051800524
"PMEPA1",1.69471003953015e-06,0.788707072751665,0.541,0.355,0.0297862236547819
"EFHD2",1.84647152762093e-06,-0.277302713091922,0.854,0.926,0.0324535835694654
"ZAP70",2.23392465965358e-06,-0.574999275127436,0.535,0.643,0.0392634598180714
"S1PR1",2.43651579619399e-06,0.899573701211002,0.43,0.265,0.0428242016339056
"STK17A",2.6172957558283e-06,0.537817127118428,0.773,0.615,0.0460015902044381
"JUND",3.0489329817641e-06,0.268040869617391,0.99,0.972,0.0535880460874859
"GMFG",3.08244273092163e-06,-0.5955401571617,0.482,0.597,0.0541770134386786
"UBE2L6",3.4636797273945e-06,-0.751580398095771,0.309,0.436,0.0608776348886857
"PPP1CA",3.78342936100213e-06,-0.517929587890715,0.523,0.579,0.0664975544489735
"IFI44L",4.33536184297103e-06,-1.49515949253294,0.08,0.173,0.0761983197520587
"HLA-B",4.42407026903417e-06,-0.252289527242206,1,1,0.0777574590485445
"FAM177A1",4.52267242738603e-06,0.534572744668496,0.838,0.684,0.0794904905837368
"SKIL",4.52899371365558e-06,0.506729820055855,0.672,0.513,0.0796015935112104
"CCND3",4.97652258386471e-06,-0.882101981801137,0.268,0.367,0.0874673609340061
"HLA-DRA",6.20698840758803e-06,-1.2095006877455,0.105,0.222,0.109094028251767
"ANXA2",6.27577239508244e-06,-0.852004689257374,0.242,0.357,0.110302975615969
"SNHG12",6.28812047752133e-06,0.853231775224163,0.398,0.268,0.110520005512915
"ATP5F1D",6.6813918186542e-06,-0.544420861470128,0.494,0.599,0.117432142604666
"PLAC8",7.36795629573335e-06,-0.74145330713893,0.359,0.482,0.129499199853809
"TGFA",7.85587539096556e-06,2.82859840824897,0.066,0.008,0.138074865871611
"PPDPF",8.09615119519287e-06,-0.361560001411457,0.885,0.906,0.14229795340671
"PRRC2C",8.17761338237962e-06,0.41494755259119,0.834,0.709,0.143729732808704
"RPS28",8.50793202858226e-06,0.193680789453638,1,0.995,0.149535413334362
"DUSP5",8.69538683869247e-06,-0.747492617821449,0.283,0.431,0.152830119076859
"SCAND1",8.94574514705997e-06,-0.562132883201163,0.496,0.622,0.157230416704726
"HSPE1",9.47329886167836e-06,-0.693635518497878,0.572,0.671,0.166502700792859
"STX5",1.02460494842642e-05,0.828553871312237,0.375,0.217,0.180084565735428
"ODF3B",1.04648202305201e-05,-1.39556330838132,0.066,0.161,0.183929680371622
"PTPRCAP",1.09373765083054e-05,-0.351787852304446,0.838,0.878,0.192235329509975
"MCOLN2",1.13907310870871e-05,-1.00626457066693,0.137,0.263,0.200203489586644
"ZFAS1",1.21201005054505e-05,0.519197326583458,0.826,0.714,0.213022886483797
"BST2",1.34776346376468e-05,-0.803611974512705,0.242,0.352,0.23688290639128
"PPP1R14B",1.49685303349867e-05,0.808170865353897,0.469,0.283,0.263086889167727
"APRT",1.67013870821715e-05,-0.505192944067564,0.428,0.505,0.293543579356246
"WDR1",1.69197170835443e-05,-0.543990979067263,0.428,0.536,0.297380947460374
"BPGM",1.78470051962524e-05,-1.41682730556225,0.094,0.179,0.313678963329332
"TCIRG1",2.06782352015512e-05,-0.899756938841662,0.223,0.314,0.363440661902463
"CUL4A",2.11153974515052e-05,0.704766379950943,0.393,0.24,0.371124225607655
"RPL10",2.205569961954e-05,0.203353694906347,1,1,0.387650976513035
"NEAT1",2.24146571905381e-05,-0.562736075305093,0.615,0.673,0.393960014780897
"SEC62",2.31389975682457e-05,0.604190916617555,0.629,0.482,0.406691021259486
"PTMS",2.42989835125157e-05,-0.671167942479964,0.33,0.395,0.427078934215976
"BANF1",2.58459111754512e-05,-0.864631622985734,0.201,0.311,0.45426773481973
"PTPN6",2.59000789505203e-05,-1.21259237944741,0.09,0.196,0.455219787634345
"HBG2",2.67734292802869e-05,-7.1829867177181,0.002,0.043,0.470569793030322
"TTC38",2.69717971426417e-05,-1.4211758388169,0.074,0.168,0.474056306579071
"MIR4435-2HG",2.77802711650064e-05,-0.891988974156955,0.193,0.296,0.488266045996152
"RPS8",2.78080188204531e-05,0.248670336505607,1,0.997,0.488753738788284
"FCRL6",2.80434067529256e-05,-1.2988050180271,0.072,0.173,0.492890917089421
"RPL37A",2.8494351656563e-05,0.212314701421395,0.998,0.992,0.500816724715751
"CD99",3.0830908997161e-05,-0.459510580349305,0.73,0.786,0.541884056534102
"HSPD1",3.12328066309001e-05,-0.566471983203614,0.562,0.617,0.548947809344699
"MARCKSL1",3.1363223609204e-05,0.535789757696961,0.502,0.339,0.55124001815537
"ITGB7",3.19489774682761e-05,-0.744597161503398,0.215,0.339,0.56153522798242
"PLEKHA5",3.78064201395068e-05,1.61550308476072,0.145,0.054,0.664485640371971
"YIPF5",3.79758816154329e-05,0.830964947785781,0.396,0.23,0.667464095272849
"TNFRSF25",3.89443751817158e-05,0.726626958529344,0.459,0.283,0.684486338193838
"LDHB",3.9060915075332e-05,-0.471014531667481,0.469,0.51,0.686534643364035
"RAMACL",4.0606477862322e-05,4.68384526496119,0.031,0,0.713699454908172
"AUTS2",4.09468709833007e-05,0.610251622781535,0.619,0.469,0.719682204402493
"ENSG00000291099",4.27400707590982e-05,1.93780231010179,0.102,0.028,0.75119948366191
"NFKB1",4.3268892032822e-05,0.409977073092762,0.834,0.699,0.76049404636888
"NINJ1",4.47611520455609e-05,0.714929684622896,0.527,0.372,0.786722008352779
"STOM",4.9900470077521e-05,-0.782584215971068,0.229,0.342,0.877050662082508
"RAP1GAP2",5.0090353647136e-05,-1.21967480214727,0.074,0.176,0.880388055702061
"PRR5",5.021962936322e-05,-1.01307691173966,0.17,0.27,0.882660205687954
"CACYBP",5.12084384115778e-05,-0.52311016442292,0.467,0.49,0.900039513521892
"ME1",5.13082615331485e-05,2.65705883109815,0.059,0.008,0.901794004706617
"CD82",5.15981832780281e-05,1.43149994566574,0.17,0.066,0.906889669294622
"ASMTL",5.33078251374491e-05,0.96302175102211,0.342,0.224,0.936938334615806
"ARHGAP31",5.5756302664054e-05,0.950989102392686,0.275,0.143,0.979972775623413
"ASCL2",5.62188002350687e-05,-1.78973207798889,0.039,0.12,0.988101632931568
"TYMP",5.98059480247427e-05,-1.38647692714661,0.086,0.168,1
"WDR74",6.01656469768035e-05,0.919749050907912,0.371,0.26,1
"MT-ND2",6.17043587557809e-05,0.423112803442312,0.883,0.804,1
"NKD1",6.57252404516554e-05,1.34624923657614,0.182,0.079,1
"ACTB",6.89145470380558e-05,-0.446184849037838,0.992,0.992,1
"PKN1",7.0087843205502e-05,-0.740622780018575,0.273,0.362,1
"ZNF37A",7.13265763281937e-05,0.951699938006263,0.148,0.061,1
"GNAS",7.24441044018692e-05,0.331850268151814,0.924,0.839,1
"PLPP2",7.47246338407943e-05,2.16438096774173,0.082,0.018,1
"CALM3",7.84894130177014e-05,-0.653430072215441,0.287,0.375,1
"SQSTM1",8.02703000849525e-05,0.472968569637529,0.852,0.788,1
"VAMP8",8.15137145219731e-05,-0.589550428175925,0.326,0.426,1
"KMT2E",8.2061709042986e-05,0.343714952023617,0.842,0.783,1
"SCAF11",8.64624474467124e-05,0.55412923621059,0.697,0.564,1
"MAZ",9.4647465766627e-05,0.588147038763333,0.566,0.403,1
"ACTG1",9.56069553570044e-05,-0.297794450047962,0.928,0.931,1
"TMEM204",9.72881295317674e-05,2.22386538682157,0.074,0.015,1
"GIMAP7",9.75260047206201e-05,0.697956368759599,0.498,0.388,1
"LGALS9",0.000101056126370745,-1.23495546966312,0.074,0.148,1
"MIF",0.00010447849140136,-0.347259877698463,0.801,0.857,1
"HSPB1",0.000125186908960432,-1.15369612828383,0.129,0.227,1
"UBE2M",0.000127007769492919,0.688252188557915,0.439,0.286,1
"GMIP",0.000131901251263994,-0.458926933247058,0.172,0.191,1
"LCP2",0.000133625917571221,-0.500653946512885,0.432,0.526,1
"ITGAL",0.000134081357335588,-0.891380763525204,0.238,0.344,1
"LDHA",0.00013783071213246,0.344783636580937,0.938,0.862,1
"DBI",0.000140512878203323,-0.490168478117983,0.555,0.63,1
"ENSG00000287277",0.000146181837205382,-5.33580803170311,0,0.026,1
"RPS4X",0.000146524353862645,0.267144136889618,0.994,0.98,1
"LRRC8C",0.000146702034101149,-0.923287729860211,0.135,0.23,1
"HLA-F",0.000155986606619102,-0.422219333190632,0.596,0.689,1
"BCAS2",0.000157320620616099,0.54079645337996,0.488,0.337,1
"EPB41",0.000164317138320543,0.522060076350224,0.553,0.406,1
"SNHG8",0.000166954608398878,0.569898891342989,0.654,0.505,1
"MAP3K2",0.000168696406434238,0.521421744015498,0.523,0.423,1
"RNF213",0.000173627883043678,-0.424011428486294,0.512,0.528,1
"P4HTM",0.000183110410202039,-1.62852927136794,0.043,0.099,1
"CEP104",0.000184741731548046,1.07957624698744,0.123,0.051,1
"WNT11",0.00019222183277537,4.4693194408928,0.025,0,1
"MYO1G",0.000204286820362964,-0.791931829588928,0.195,0.286,1
"TRGV3",0.000210664919042376,-1.34180350142301,0.066,0.145,1
"UBB",0.000224782841335853,-0.30634598913669,0.975,0.977,1
"CEBPZ",0.00022665087489973,0.763315174556952,0.443,0.309,1
"ZC3H8",0.000228687965981615,1.02493621693072,0.227,0.115,1
"DDT",0.000238645025447112,-0.422039635312154,0.369,0.418,1
"PSMB8",0.000243246439408521,-0.390096850378856,0.562,0.666,1
"ISG15",0.000255794185610207,-0.43256247422137,0.512,0.602,1
"GPI",0.000258964365829354,-0.56215004408214,0.307,0.372,1
"DUSP1",0.00025929503152107,-0.790174981116265,0.664,0.742,1
"SNHG7",0.000262670823408768,0.601566455839678,0.455,0.329,1
"IL2RG",0.000264032047356076,-0.314660894204871,0.811,0.834,1
"SYAP1",0.000282120235105974,0.57701887859527,0.559,0.408,1
"LAIR1",0.000284305540309383,-1.10652602311045,0.078,0.153,1
"N4BP3",0.000287739476581149,1.11314448901877,0.164,0.071,1
"RPS25",0.000288124238184398,0.167503260628471,0.998,1,1
"LINC02482",0.000289026713322345,-5.06851119286231,0,0.023,1
"PTTG1",0.000294162055105334,-1.33444455642867,0.068,0.145,1
"TBC1D10C",0.000307883065277819,-0.651140380723965,0.305,0.393,1
"LINC02446",0.000315345423522011,-1.1417878720405,0.143,0.222,1
"VDAC1",0.000328791057626494,0.544725046218165,0.574,0.423,1
"ZNF24",0.00033504615604073,0.613495416958779,0.361,0.227,1
"SELENOW",0.000338823652296526,-0.598943675766988,0.338,0.413,1
"RAB37",0.000341195610729651,-1.41679721041612,0.061,0.145,1
"ADSS2",0.000361885243253982,0.553821844837643,0.461,0.314,1
"TGFB1",0.00037319358584641,0.270894927598486,0.979,0.954,1
"LRRFIP1",0.000376933239300131,0.36607031848776,0.818,0.73,1
"PLEK",0.000377941254593346,-0.832213922105625,0.234,0.352,1
"LBR",0.000385170348044212,-0.431259314006307,0.385,0.426,1
"CWC25",0.000401317868384536,0.863385206414909,0.322,0.194,1
"CNN2",0.000404302884347044,0.490944849464056,0.645,0.574,1
"PPP2R5C",0.000409499676543822,0.246872275438396,0.863,0.758,1
"SLC37A4",0.000416244178769945,-4.6413754570277,0,0.02,1
"YES1",0.000417190666541657,-0.813099392397181,0.176,0.286,1
"KISS1",0.000420653622267518,5.2998930960578,0.023,0,1
"EEF1A1",0.000435765673762876,0.219170637733438,1,1,1
"SNX9-AS1",0.000442819901552792,-4.09617240111045,0,0.02,1
"SRSF2",0.000447493000391751,0.258094767366095,0.938,0.89,1
"HSPA6",0.000454324278888045,-2.53700041767819,0.027,0.089,1
"CCL4L2",0.000454376460017562,-0.451127889475054,0.285,0.408,1
"PSAT1",0.000462808750491514,2.14417414833674,0.062,0.013,1
"RPL34",0.000463082199924175,0.134827773609959,1,1,1
"CYBA",0.000463232053813181,-0.239297438449666,0.914,0.946,1
"TFAM",0.000476772658041989,0.886754033301309,0.234,0.125,1
"CCDC85B",0.000482750808754433,-0.551221946687595,0.346,0.457,1
"CARD11",0.00048825571133163,-0.724343055769236,0.221,0.291,1
"HEXD",0.000500961974065732,-1.35757659122623,0.039,0.102,1
"REL",0.000507597178028064,0.417132237967997,0.803,0.735,1
"CEBPG",0.000508774814687152,0.683155482714602,0.332,0.204,1
"KDM7A",0.000511954602119352,0.601979474927066,0.406,0.26,1
"CCT4",0.000522231312629065,-0.389857574442622,0.453,0.482,1
"DHRS7",0.000523179563826218,-0.548126027303523,0.318,0.423,1
"ITM2A",0.000531500852357364,-0.604907990152833,0.314,0.403,1
"TTC16",0.000540558043978565,-2.43426745511329,0.018,0.066,1
"IL7R",0.000540847051932485,0.545778538963767,0.568,0.401,1
"CALM1",0.000551793900874362,0.264088082107566,0.98,0.946,1
"CMIP",0.000564497862322071,0.492436064513327,0.521,0.375,1
"FAM43A",0.000573560231211232,1.44011253518428,0.143,0.061,1
"PDIA6",0.000582197166082251,-0.461009675220122,0.348,0.398,1
"TAF1D",0.000584363215122909,0.580013615118442,0.58,0.449,1
"CTSD",0.000597978911854706,-0.790035944073247,0.252,0.337,1
"ENSG00000291073",0.00059900695917133,-0.596101678251923,0.379,0.413,1
"IFI35",0.000599525411784895,-0.885461705485954,0.15,0.222,1
"NME4",0.000604817430988121,-1.13939703779703,0.062,0.138,1
"STK24",0.000608054873080925,0.660275047659062,0.473,0.327,1
"CKS2",0.000620838965410312,-0.617302349734542,0.271,0.39,1
"DDX31",0.00062448596079001,1.7923052343667,0.084,0.026,1
"CORO1A",0.000639624769554248,-0.23819931678685,0.834,0.865,1
"COX8A",0.000651862433058364,-0.350677639769269,0.57,0.645,1
"UBTF",0.000673469331981395,0.816766515582092,0.262,0.148,1
"EEF1B2",0.000675717003451046,0.252240419207524,0.951,0.946,1
"GDE1",0.000695042777136181,-0.213217101881627,0.199,0.163,1
"CASP7",0.000696069615933159,-0.829774628723414,0.105,0.156,1
"FERMT3",0.000697192499240031,-0.563108157129208,0.23,0.324,1
"CA5BP1",0.000719035531091447,1.59632197152442,0.094,0.031,1
"ENSG00000288970",0.000734788875791859,-4.97773449777097,0,0.02,1
"KLHDC2",0.000746856165380028,0.638519153552228,0.271,0.163,1
"HLA-DRB5",0.000752367825230874,-1.25071339128412,0.082,0.163,1
"SLC15A4",0.000754590835002156,-0.445390842190318,0.213,0.212,1
"CLEC2B",0.000776761862961629,-0.316019475034092,0.674,0.765,1
"TRAPPC1",0.000782402647101769,-0.63847559117629,0.256,0.344,1
"RBM25",0.000784468611365711,0.265029268700229,0.586,0.444,1
"FYN",0.000791481133453326,0.275968741804525,0.926,0.883,1
"NCL",0.000802243391296459,0.293732968004652,0.91,0.832,1
"ITGA5",0.000802402317911222,0.376417551314953,0.361,0.245,1
"SGMS1",0.000802662024588022,0.804122223962637,0.248,0.138,1
"EAPP",0.00080456722710337,0.621175039139374,0.443,0.324,1
"SON",0.000817348900364887,0.311847309618869,0.816,0.758,1
"TRDC",0.000837367099573468,-1.26858869160052,0.094,0.158,1
"RGS16",0.000844356647543041,0.622280006514184,0.125,0.061,1
"RLF",0.000849431483395102,-0.526028948311663,0.264,0.311,1
"CAPN2",0.000872492728847372,-0.58760661944233,0.258,0.319,1
"PGRMC1",0.000877100073023109,1.21835558754552,0.129,0.054,1
"QPCT",0.000878730785532651,2.65484338638742,0.049,0.008,1
"NBEAL1",0.00087875089598052,-0.627929724235062,0.166,0.196,1
"MBTPS1",0.000905113909498869,1.07564541131299,0.186,0.094,1
"ZNF33A",0.000916304033386286,0.610534201459739,0.197,0.107,1
"PABPC1",0.000919825240846232,0.261892171586359,0.951,0.888,1
"U2AF1",0.000920982713040943,0.411440256791502,0.695,0.605,1
"SSBP4",0.000925001555618178,-0.637092362879629,0.389,0.48,1
"RTF1",0.000929370325664178,0.569349825728931,0.428,0.293,1
"NME2",0.000950316706621628,-0.34468998835248,0.547,0.597,1
"PPIA",0.000959138268470276,-0.185347058260337,0.941,0.931,1
"DPP9",0.00096112165450396,-0.540433052641116,0.141,0.166,1
"MED26",0.000976575861244575,0.70105123640206,0.213,0.128,1
"EEIG1",0.00101060404998681,0.796703699912001,0.266,0.148,1
"LCK",0.00103401108968444,-0.492527737112606,0.422,0.474,1
"NAGPA",0.00104217019462327,1.53186269759729,0.072,0.02,1
"H4C3",0.00105224414490384,0.428538241644949,0.648,0.536,1
"UBA3",0.00105845668423024,0.47705387279589,0.221,0.135,1
"ZYX",0.00106874651797554,-0.426272712307082,0.406,0.444,1
"ARL6IP4",0.00107764540515097,-0.249460436354631,0.469,0.469,1
"SCP2",0.00108685848819379,-0.72808126286015,0.203,0.286,1
"WAS",0.00109999353643178,-0.48438965723093,0.316,0.393,1
"LINC02352",0.00110187463516889,-5.26414793288972,0,0.02,1
"CTBP1",0.00111548626672718,-0.645737662347913,0.24,0.319,1
"SART3",0.00112646108536629,0.639083508546434,0.213,0.125,1
"C1orf50",0.00113800324562074,0.899112263901229,0.178,0.089,1
"EIF2S2",0.00113845428715717,0.568566342168508,0.541,0.395,1
"ZNF573",0.00113874835433166,4.11511313479245,0.02,0,1
"RPS27A",0.00114506371518872,0.130905998080209,0.998,0.997,1
"SPTBN1",0.00114740462148047,-0.379045437866126,0.234,0.24,1
"MRPL10",0.00115091168991024,0.614442767572005,0.402,0.268,1
"RPLP0",0.00116343232695235,0.272945447573695,0.988,0.98,1
"MACO1",0.00117483329187629,0.74748597391,0.391,0.27,1
"MAN2A1",0.00119115301521806,-0.669209887436846,0.164,0.25,1
"H2BC15",0.00119693425916831,-1.76062589377812,0.029,0.069,1
"HSPH1",0.00120358202782528,-0.604308285469204,0.479,0.508,1
"PNRC2",0.00120776315558499,0.473807394814647,0.467,0.375,1
"CD3D",0.00121038754057357,-0.336387410384053,0.826,0.837,1
"CCSER2",0.00121433587983848,0.476960535613594,0.695,0.561,1
"RMDN2",0.0012249835894193,4.03854306478837,0.02,0,1
"ATP5PD",0.00123999933948121,-0.332147142261192,0.309,0.393,1
"IDH2",0.00126945930059578,-0.638960285818727,0.154,0.245,1
"ENSG00000284977",0.00126971327693847,-1.0247787714712,0.096,0.148,1
"PDE6D",0.00127102768656308,0.925686347829492,0.16,0.077,1
"RPS9",0.00127313763439259,0.168895677537296,1,1,1
"RPP38",0.00128513685834491,0.432162764403208,0.182,0.105,1
"HDAC4",0.00128791966311489,-0.892457123510529,0.092,0.12,1
"DUSP2",0.0013066125483927,-0.462948040979072,0.893,0.913,1
"MYL6",0.00132969727692014,-0.204312706837731,0.951,0.954,1
"UBA52",0.00136842840931732,-0.134905819357056,0.984,0.985,1
"ZNF613",0.00137209928448377,2.29313901711199,0.047,0.008,1
"CSNK2A1",0.00137842725061124,0.755635780314556,0.271,0.163,1
"C19orf12",0.00137878329631805,-1.5922355035331,0.057,0.12,1
"JAK1",0.00138192371443138,0.374847357930572,0.844,0.776,1
"DECR2",0.00138475903013014,2.94718394327029,0.033,0.003,1
"BAX",0.00138692789867959,-0.555690841057706,0.258,0.329,1
"ENSG00000229021",0.00139874396067823,-3.7118287798336,0.004,0.036,1
"LYSMD2",0.00141602233706317,0.686411952918671,0.326,0.199,1
"LSP1",0.00141904207202726,-0.391423168918447,0.744,0.773,1
"MT-CO3",0.00143391170411083,0.276112977972475,0.969,0.936,1
"PNISR",0.00145445729325337,0.432576902953364,0.537,0.416,1
"MEAK7",0.00146753267018101,-4.71200788395476,0,0.018,1
"OSBPL8",0.00147550446512714,0.454985132029117,0.598,0.467,1
"EMB",0.00149741199682078,0.564612133680079,0.453,0.314,1
"BBS4",0.0015515304823312,3.45417350132043,0.033,0.003,1
"SEC14L2",0.00155332505890293,-0.396860448187994,0.1,0.089,1
"TMEM160",0.00158363035463469,-0.603430149662788,0.189,0.281,1
"ANXA4",0.00162414242367919,-1.55101503441668,0.035,0.089,1
"PLXND1",0.0016407790931879,1.27999655557871,0.088,0.031,1
"BLOC1S1",0.00164915746667578,-0.612413288406724,0.283,0.37,1
"IGFBP4",0.00165729613399018,0.749228159848692,0.119,0.051,1
"SNHG6",0.00167970442615894,0.31724815231314,0.805,0.699,1
"BCL3",0.00168038050882678,0.403951010519593,0.658,0.589,1
"SOCS1",0.00168125995313194,-0.65304751736106,0.303,0.357,1
"GSTK1",0.00171021479520969,-0.425242495873894,0.416,0.472,1
"BTN3A1",0.00173186220110547,-0.698268937039092,0.246,0.311,1
"SLC7A5",0.00173892445841982,0.280027272268853,0.678,0.526,1
"ZFP36",0.00174460166491612,-0.303104328342458,0.941,0.959,1
"RORB",0.00175001112138835,4.44730479913176,0.018,0,1
"ELK3",0.00176801887164473,0.919878964114882,0.234,0.133,1
"PDS5A",0.00177104544442078,0.451799199301313,0.416,0.288,1
"MXRA7",0.00177652311778966,0.532135831892368,0.373,0.25,1
"TAP2",0.00178600957353782,-0.505175886555038,0.33,0.398,1
"MT-ND3",0.0017888131296747,0.284399665770642,0.941,0.862,1
"ROR2",0.00179029861393914,4.32641318688146,0.018,0,1
"PLCB2",0.00179873182972168,-0.852947848581735,0.062,0.122,1
"ANTKMT",0.00180168481361608,-1.12614737450316,0.045,0.102,1
"RGCC",0.00181047619859734,0.371315687868423,0.77,0.671,1
"SAMD9L",0.00181540260467473,-0.8732620092415,0.1,0.161,1
"MARCHF9",0.00181581006737526,0.720582177325041,0.184,0.099,1
"SLC2A3",0.0018638440647926,-0.387483884695866,0.721,0.783,1
"XPC",0.00187595152496249,0.696885928484575,0.275,0.166,1
"AHSA1",0.00189285125327496,-0.611728828726059,0.287,0.357,1
"RBPMS2",0.00189745452967932,-3.47894787313299,0.002,0.028,1
"IL27RA",0.00191088964523146,0.616656312679832,0.416,0.306,1
"RPL27",0.00191132573610329,-0.124415576280956,0.971,0.98,1
"GPR65",0.00192658462049126,0.518172618085153,0.473,0.342,1
"CDC42EP3",0.001955626565331,0.534356269982431,0.449,0.347,1
"ENSG00000289191",0.00195883878573242,-5.04653852233005,0,0.018,1
"RAB21",0.00196869979002174,0.677142407932863,0.377,0.263,1
"ENSG00000291228",0.00199064469321157,1.01160337063271,0.049,0.013,1
"ORC4",0.00202460237844112,0.312222936064719,0.166,0.11,1
"SH3BP1",0.00203022280390254,-0.996545388148047,0.104,0.176,1
"AP1AR",0.00204831352441645,1.79037554637052,0.047,0.01,1
"RALGAPA1",0.00208364924758631,0.32276803051106,0.719,0.648,1
"BICRAL",0.00208813841579717,0.382849881036641,0.193,0.117,1
"RPS5",0.00210543386955607,0.222076320694238,0.988,0.974,1
"TAX1BP1",0.00212250950336955,0.314299010191633,0.613,0.469,1
"UQCRH",0.00212839870234927,-0.243605274099837,0.666,0.709,1
"ENSG00000237422",0.00215593962822452,-4.05159433172902,0,0.015,1
"SLC25A39",0.00217771926434677,-0.605901380019989,0.156,0.212,1
"TMEM230",0.00218793721917826,-0.601060711548816,0.158,0.235,1
"LRIF1",0.00220736812300811,-0.189316884222673,0.084,0.059,1
"DNAJB2",0.00221049266000485,0.482788549042087,0.148,0.082,1
"HCG18",0.00224714872885851,0.659392040282727,0.309,0.232,1
"UQCC2",0.00226772499126521,-0.946335905911514,0.111,0.176,1
"GSPT1",0.00227607588040926,0.441789290797846,0.711,0.589,1
"IP6K1",0.00230549069554824,0.733468094774925,0.307,0.194,1
"GHITM",0.00230799117313551,-0.297268831666022,0.412,0.497,1
"SZRD1",0.0023228546843534,0.534110661037169,0.342,0.227,1
"TPR",0.00232719584007605,0.516763151351866,0.441,0.344,1
"ZNF132",0.0023321250318826,3.59472426490647,0.016,0,1
"ZBTB16",0.00234890304964655,0.758953276005577,0.289,0.173,1
"CENPX",0.00235080574873818,-0.983147920317919,0.072,0.135,1
"CATSPERB",0.00236981863952117,1.1649777033348,0.166,0.079,1
"CD320",0.00238267187289938,-1.26585752063003,0.049,0.102,1
"PARVG",0.00241774040731116,-0.754449617245611,0.141,0.204,1
"LAPTM5",0.00242128471297789,0.296356276034063,0.908,0.849,1
"TLE4",0.00242302162786493,0.178789237903582,0.484,0.357,1
"DGKZ",0.00243336184498339,-0.718245485930764,0.211,0.255,1
"ETFB",0.00244917564117955,-1.09658152759341,0.062,0.125,1
"OCIAD2",0.00246051844019817,0.577508375557478,0.459,0.342,1
"ITGAE",0.00246535368641222,0.246879585424207,0.387,0.283,1
"GOLGB1",0.00247400512778762,0.625341450253951,0.459,0.332,1
"ENSG00000285612",0.00247938402915069,1.20174808115929,0.062,0.018,1
"MPHOSPH10",0.00254286406800806,0.801939726040441,0.246,0.145,1
"VPS35",0.00255614494603504,0.143477694560235,0.178,0.128,1
"RPL37",0.00257551730367511,0.142769472018379,1,1,1
"SSBP3",0.00259460241547867,-0.382385825823463,0.238,0.23,1
"TOP1",0.00260000176839899,0.552592806790386,0.52,0.383,1
"ENSG00000272918",0.00262959513119456,3.89661619159767,0.018,0,1
"ACTR1A",0.00274401761735297,-0.663507054307902,0.229,0.314,1
"FKBP4",0.00276448890368808,-0.636064622697581,0.203,0.253,1
"FCGR3A",0.00276449652718917,-0.80963919637272,0.154,0.255,1
"ZEB1",0.0027713450519757,0.926598738288363,0.254,0.151,1
"CBX3",0.00277668392503696,-0.283259642812349,0.316,0.316,1
"LINC02910",0.00279225486614061,-4.43237976184485,0,0.015,1
"LAPTM4A",0.00279418905194829,-0.343992919483413,0.41,0.48,1
"LILRB1",0.0028054339038154,-1.64423467754587,0.012,0.048,1
"RAB3GAP1",0.00281834509248467,0.896093962554859,0.199,0.107,1
"LINC00861",0.00282224802499377,-0.772258439093024,0.195,0.291,1
"PRDM11",0.00283077497980918,4.00538182638454,0.016,0,1
"KDM6A",0.0029094945539253,0.564694830900728,0.381,0.268,1
"COX6B1",0.00293899730875498,-0.314838823618149,0.598,0.648,1
"PATL2",0.00294782901559888,-1.14108143541377,0.074,0.151,1
"GAREM1",0.00301606632297359,-1.16596915233159,0.059,0.105,1
"LSM2",0.00302963843522057,-0.506243644719619,0.141,0.209,1
"SNHG16",0.00303722035265823,0.567129776346316,0.621,0.5,1
"PARP10",0.00309042348448472,-0.989370646963144,0.105,0.176,1
"FBRSL1",0.00315475522847211,1.13684948347215,0.145,0.077,1
"CYFIP2",0.00315662996307748,-0.454460450387915,0.281,0.306,1
"ENSG00000290823",0.00316150519486336,-0.50708524113578,0.33,0.416,1
"LINC02863",0.00319213395376734,-3.94092413780587,0.002,0.026,1
"CHIC2",0.00320553487574553,0.379592648624824,0.578,0.452,1
"AGTRAP",0.00325429306125281,-0.959711143099272,0.08,0.135,1
"PTPRE",0.00325670191772375,0.619821702148065,0.348,0.232,1
"ZC3H12B",0.00327582937752931,1.30578569450129,0.1,0.041,1
"NAA10",0.00327988126886691,-0.518874819612,0.205,0.24,1
"ARPC1B",0.00334013197211487,-0.332193871010521,0.611,0.661,1
"PAK2",0.00336239929953647,0.464201499283535,0.641,0.528,1
"STING1",0.00336852194946943,-0.772627953142571,0.045,0.092,1
"SF3B3",0.00340898471616588,0.421883224779241,0.25,0.153,1
"ATP5MG",0.0034129987610509,-0.188987879066121,0.863,0.893,1
"RPLP2",0.00344350047325341,0.165070500963844,0.998,0.995,1
"TNIP1",0.00344872937087466,0.462451830811947,0.482,0.37,1
"NPC2",0.00345371666168372,-1.2008482832143,0.053,0.107,1
"PGAP6",0.00346851301655102,0.787119086828677,0.16,0.082,1
"ELOB",0.00348076803529444,-0.298824755726622,0.656,0.719,1
"PEPD",0.00355953448505063,-1.10185383634563,0.07,0.122,1
"CALR",0.00358679279099152,-0.328858898446687,0.715,0.778,1
"BIRC2",0.00359354640372572,0.253161044702229,0.623,0.487,1
"C1D",0.00361081515812079,0.117915972328164,0.297,0.237,1
"RBMS1",0.00365219328958742,0.451373238628338,0.432,0.304,1
"GRK2",0.0037117398996012,0.497129541430536,0.498,0.367,1
"RBL2",0.00371907629611028,-0.635913708514563,0.207,0.291,1
"POMP",0.0037303618195731,-0.248879330710441,0.59,0.61,1
"CCT3",0.00373925437717178,-0.377142318396771,0.375,0.408,1
"SNHG1",0.00374687953866482,0.493535913403741,0.412,0.324,1
"MT-CO1",0.00378138925050487,0.215779206514932,0.982,0.959,1
"CARM1",0.00378419725615279,1.85032773983124,0.053,0.013,1
"LMAN2",0.0037940152701085,-0.233429248261779,0.355,0.344,1
"MCL1",0.00379557713392689,-0.29139020140565,0.785,0.837,1
"MAFF",0.00382311487904696,0.771159811648117,0.234,0.145,1
"TRBV27",0.00384344936116591,-0.461603128950854,0.023,0.013,1
"IPO4",0.00384591305314835,-0.274767462704302,0.178,0.168,1
"PDCD1",0.00390148498422638,-1.30866086696974,0.041,0.092,1
"LAIR2",0.00392175961394616,-1.40015897113809,0.031,0.084,1
"ITGAM",0.0039467383183782,-1.16990540136013,0.059,0.115,1
"FDFT1",0.00395139823617813,0.555776365841367,0.287,0.181,1
"BISPR",0.00395235966751442,-0.747681507433719,0.039,0.084,1
"UBC",0.00397207772843326,-0.189990346370525,0.994,0.987,1
"MYADM",0.00400600667204419,0.13998670111299,0.766,0.651,1
"NEK2",0.00404808135728647,-3.74735246875816,0.002,0.026,1
"C19orf73",0.00409697325969984,-4.55142425492093,0,0.015,1
"SF3B5",0.00409711711021756,-0.319537758338658,0.531,0.592,1
"ZEB2",0.00413975404353616,-0.432287627790926,0.678,0.74,1
"MHENCR",0.00414900017807498,-1.10836964304967,0.072,0.133,1
"CHASERR",0.00417198294676371,0.283930241904553,0.811,0.74,1
"MAT2B",0.00419866613637309,0.437644398550554,0.506,0.372,1
"CRIP2",0.00424916391030313,0.818925779014713,0.141,0.069,1
"MRPS2",0.00427153760316316,0.784276475841724,0.209,0.117,1
"UIMC1",0.00430394270985915,0.502192742480067,0.244,0.156,1
"KLRD1",0.0043179384104881,-0.297617951024799,0.516,0.625,1
"SLC25A5",0.0043422086607236,-0.190195046375774,0.699,0.676,1
"STRBP",0.00435183772590212,0.862495538223498,0.111,0.048,1
"E2F3",0.004362530349432,1.10051219158845,0.139,0.066,1
"PXK",0.00436500899264393,0.881972862030964,0.193,0.105,1
"RSPRY1",0.00439861525064273,1.04774983963576,0.141,0.077,1
"PIK3AP1",0.00440836206576409,-0.45163784522508,0.178,0.255,1
"EIF5B",0.00443917089606145,0.469646441716471,0.406,0.334,1
"RABAC1",0.00445305590481258,-0.365783167595197,0.512,0.577,1
"CDIP1",0.0044709482559162,-0.539623878354619,0.086,0.145,1
"MT-ATP6",0.00448852285776415,0.367500371183884,0.824,0.722,1
"PCBD1",0.00451246496034168,-1.46438091884638,0.033,0.082,1
"RAB15",0.00454180051761873,3.59391398291535,0.016,0,1
"SFPQ",0.00454357223641442,0.330895482638971,0.811,0.717,1
"KDM5B",0.00456267992459998,0.907984278919007,0.219,0.125,1
"ENSG00000234162",0.00457747012211036,3.70447314175269,0.016,0,1
"DNAI4",0.00467356024038128,3.54916501557111,0.016,0,1
"PLEKHF1",0.00469077562980719,0.662923037611044,0.227,0.14,1
"LINC00504",0.0047591074438699,3.75435478639825,0.016,0,1
"LMNA",0.00476284431361205,0.406111119254285,0.66,0.543,1
"HBA2",0.00477905018651682,-7.45068323401268,0.002,0.02,1
"SNX1",0.00478078896663539,0.428304172811443,0.307,0.204,1
"COX20",0.00483513526743056,0.650633025548371,0.293,0.191,1
"TNFAIP3",0.00491646148421524,0.296484745461262,0.963,0.921,1
"CDC14A",0.00496638819313102,0.620689715227232,0.322,0.214,1
"ENSG00000285756",0.00497238469490528,1.21828409310209,0.09,0.036,1
"PALD1",0.00497749731518536,-1.4796903902262,0.023,0.064,1
"PARVB",0.00497752796088515,-1.44067369349036,0.02,0.059,1
"TSPAN32",0.00500397633136329,-1.02381358353956,0.07,0.133,1
"THAP11",0.00500655347930405,0.639103101084096,0.271,0.166,1
"TAF11",0.00501314762933296,0.816282152720525,0.217,0.125,1
"CROCC",0.00501708123610579,-2.41956114932402,0.039,0.084,1
"SMARCD3",0.00503235946697068,2.18093102704241,0.039,0.008,1
"HBA1",0.00503271641926046,-6.71158207070045,0.002,0.023,1
"FGR",0.00504790130936371,-0.958262123756468,0.078,0.148,1
"HGSNAT",0.00505157497096062,0.798379506145836,0.209,0.117,1
"BTN2A2",0.00520548621864001,1.08672991463478,0.125,0.059,1
"EVI2A",0.00523248433113603,0.710027887020857,0.271,0.173,1
"PRR7",0.00524788599227512,0.554197245178303,0.268,0.207,1
"EIF2S3",0.00527035380978794,0.684607751728813,0.316,0.202,1
"FIS1",0.0052779650804951,-0.456462416455113,0.291,0.378,1
"FAM107B",0.00535605148876707,0.417879296086321,0.662,0.528,1
"GRINA",0.00542274807858535,-1.17325107277,0.094,0.156,1
"LINC02610",0.00547917704504332,-3.75189621324491,0,0.013,1
"GYG1",0.00548650558083505,0.793831590924874,0.301,0.224,1
"ARL3",0.00549136601104909,0.546931396560713,0.139,0.069,1
"ENSG00000225407",0.00549269307240705,-3.89500215146915,0,0.013,1
"ENSG00000278002",0.00554649097506668,-2.33753840047666,0.008,0.038,1
"DCAF10",0.00556239892664938,0.856018458212806,0.15,0.082,1
"SLC41A3-AS1",0.00560194993725431,-3.85366601651559,0,0.013,1
"C2CD4D",0.00561520844316516,-4.48839770346309,0,0.013,1
"CDAN1",0.00563291314245067,1.69071778830169,0.039,0.01,1
"GP6-AS1",0.00564814664573792,1.04024288213611,0.088,0.038,1
"ALAS2",0.00565355956596337,-5.62193386036762,0,0.013,1
"TENT5C",0.00565430989038042,-0.347010419018748,0.588,0.602,1
"UPF2",0.00565783136783578,0.495714606182407,0.266,0.171,1
"RNF115",0.00567508027968111,0.548773561954776,0.473,0.357,1
"NRIP1",0.00569194517013387,0.520106527659019,0.186,0.102,1
"TP53BP1",0.00570209668643358,0.791228690477136,0.211,0.128,1
"D2HGDH",0.00574753792789809,-1.39964768432078,0.043,0.089,1
"PARK7",0.00576994259121467,-0.216323498927521,0.547,0.531,1
"CAST",0.00578563201320044,0.404995515925993,0.639,0.541,1
"ENSG00000290010",0.00579090399471009,-3.92566133737026,0,0.013,1
"C12orf75",0.00579860429724419,-0.338065431720434,0.516,0.566,1
"TCP11L2",0.00585247099377496,0.661074431470001,0.285,0.184,1
"GPSM3",0.00585309847564458,-0.279482912403701,0.525,0.533,1
"HSD17B12",0.00593587701422913,0.98871411650019,0.125,0.069,1
"UPF1",0.00594149852885789,0.771276299308241,0.201,0.12,1
"TNRC6B",0.00596674102997795,0.458760454285757,0.512,0.406,1
"RFX3-DT",0.0059675193619551,-1.50318701107365,0.037,0.087,1
"PCED1B-AS1",0.00598597656039475,-0.225153733852932,0.625,0.679,1
"PERP",0.00600071292686766,0.84638142390207,0.242,0.145,1
"CYP4V2",0.00602864121373072,-1.2620469481678,0.051,0.102,1
"RAN",0.00603293245883142,-0.196345114884665,0.748,0.776,1
"CCDC66",0.00603503202712156,0.788365732747977,0.162,0.087,1
"RAB5IF",0.00605442675465974,-0.340383631601511,0.607,0.673,1
"UQCRQ",0.00606920123348981,-0.355964377428524,0.461,0.503,1
"SPN",0.00608765012596226,-0.523277792590406,0.314,0.367,1
"TRDV3",0.00608954476070997,-2.57575681059874,0.016,0.046,1
"PLEKHA2",0.00611763574506836,0.293075149052967,0.504,0.38,1
"ENSG00000232828",0.00612315753053786,3.3643032363943,0.014,0,1
"ZNF165",0.00613672473857062,2.07733040133211,0.053,0.015,1
"CEP78",0.00619739410972275,-0.733004695101411,0.139,0.227,1
"LAMP2",0.00620314859841794,-1.09101378650531,0.07,0.115,1
"MYC",0.00620966785735309,-0.410176338590236,0.119,0.082,1
"ORAI1",0.00620984291256597,0.283934677265954,0.754,0.622,1
"ADM",0.00627127790621944,-4.02832484428577,0,0.013,1
"ZFAND2A",0.00631644771444142,-0.701520007711331,0.238,0.306,1
"PTGES3",0.00631923699860446,-0.354792864744399,0.596,0.64,1
"TOMM20",0.00631938718885956,-0.250110210303794,0.535,0.551,1
"LACTB",0.00632404895942326,0.638217749522962,0.178,0.099,1
"STAT4-AS1",0.0063274843611044,2.270827706808,0.033,0.005,1
"HSF5",0.00637381476915666,3.92261250805747,0.014,0,1
"CORO1A-AS1",0.00639323286265862,1.6346778525915,0.051,0.013,1
"RIC8B",0.00639785256932812,1.40335654573954,0.086,0.033,1
"USP50",0.0064082966248646,3.21940995221034,0.014,0,1
"TUT4",0.00643778341358994,0.331045166296026,0.516,0.467,1
"TRBV5-1",0.00644638209361343,-3.81250810026036,0.006,0.033,1
"IL4I1",0.00648238953550857,0.798017795653762,0.17,0.089,1
"PPA1",0.0065177552629096,-0.39393491212332,0.256,0.306,1
"TMBIM1",0.00652980577047415,0.483549576998531,0.428,0.319,1
"NSG1",0.00663891553042933,-2.05523327236567,0.014,0.048,1
"PPP1CB",0.0066447492930666,0.349919679837536,0.439,0.383,1
"RHOC",0.00667337631022455,-0.639766762417888,0.223,0.288,1
"TRAV20",0.00668386600398493,-5.35717082353255,0,0.013,1
"LINC02384",0.00678116748513284,-1.0731738749608,0.061,0.128,1
"PYCARD",0.0068182312538817,-0.99096966070305,0.074,0.13,1
"KLRC1",0.00683956105526653,0.337628124870838,0.156,0.097,1
"STOML2",0.00685528049299042,-0.587321192276838,0.146,0.209,1
"HINT2",0.0068671305844525,-0.910554654644901,0.062,0.117,1
"TRBV6-4",0.00688930350578767,2.07060427691448,0.062,0.02,1
"EXOSC10",0.00693520745404237,0.707645594008287,0.205,0.122,1
"GNA15",0.00696181975690391,0.718438199798754,0.129,0.064,1
"MIA3",0.00700523459152169,0.466580598914661,0.359,0.255,1
"TDG",0.00705577115131307,0.522555896566429,0.223,0.14,1
"ANO8",0.00706257985414795,3.97696701916432,0.014,0,1
"TC2N",0.00707531480847656,0.563400621963445,0.557,0.413,1
"HNRNPAB",0.00713343931824944,0.120383786185531,0.465,0.482,1
"GNAI2",0.00713486371930619,-0.294363812178186,0.623,0.648,1
"ENSG00000290588",0.00717941770544955,-4.0403172336843,0,0.013,1
"C6orf226",0.00723084955946515,-0.592588185819727,0.072,0.128,1
"CDC42EP3-AS1",0.00723253888471014,0.912845363470562,0.164,0.087,1
"ADAM12",0.00730765445927525,0.928249572119849,0.064,0.026,1
"TCF7",0.00733172529066157,0.568418087066221,0.465,0.327,1
"SYNGR1",0.00736217733075202,-1.31925182254663,0.055,0.117,1
"PTGDR",0.00737876471798421,-1.61495647043867,0.021,0.061,1
"LRRC70",0.00738115874989754,-4.1967815781308,0,0.013,1
"H1-2",0.00738586586970884,-0.43084649203984,0.312,0.375,1
"PHPT1",0.00743035542489073,-0.773426741730274,0.123,0.189,1
"MAN1A1",0.00746090083920651,-0.582322264194941,0.213,0.258,1
"MAML2",0.00746292490143956,-0.992225185144114,0.074,0.14,1
"CTPS1",0.0075461049334756,-0.60461556159239,0.166,0.235,1
"ABITRAM",0.00762896960163537,0.984254777576316,0.094,0.041,1
"PPIB",0.00764195617019617,-0.198418160258579,0.777,0.819,1
"FNDC3B",0.00767637144760305,-0.543746585099364,0.219,0.245,1
"SUB1",0.00769478680369733,-0.179102235098838,0.867,0.862,1
"ULK2",0.00772193505902337,3.5559736481999,0.014,0,1
"CCNG1",0.00773702207999692,-0.488984231600567,0.156,0.23,1
"GPR35",0.00774488180099081,0.816340751089969,0.236,0.153,1
"RAB11FIP5",0.00776551928409504,-1.91475823660671,0.012,0.046,1
"TSPYL2",0.00782859051364215,-0.542670137558228,0.451,0.526,1
"ZFYVE16",0.0078423284481126,0.583421995753697,0.176,0.097,1
"FUNDC2",0.00789076683145787,-0.501408426587236,0.203,0.26,1
"CCPG1",0.00790473158496267,0.491432293978763,0.287,0.186,1
"LINC01410",0.00792089286807319,-2.6211548188211,0.002,0.023,1
"SF3B6",0.00794412237607162,-0.30052226471484,0.533,0.569,1
"RABEP1",0.00795378434265327,0.330034512505062,0.379,0.268,1
"BATF",0.00797405062894417,-0.662477618082141,0.15,0.214,1
"FMNL1-DT",0.00804115724950877,0.629333436263954,0.26,0.166,1
"OSGEP",0.00806382920493776,0.790083936965989,0.164,0.089,1
"WRN",0.00812347857028221,0.851651429663439,0.121,0.059,1
"ZKSCAN7-AS1",0.00814955273385426,3.42361055716242,0.014,0,1
"LIME1",0.00825120110013075,-0.446122888231632,0.35,0.357,1
"TWF1",0.00826236887047668,-0.264352380226902,0.266,0.247,1
"GOSR1",0.00829414511558143,0.527554403652011,0.234,0.148,1
"ENSG00000261449",0.00830798331755315,3.85774087136947,0.014,0,1
"CIC",0.00833518554290895,-1.32047703504084,0.033,0.074,1
"OTUD1",0.00836538647942988,-1.17834228238964,0.051,0.099,1
"FOXO3",0.00836955427880088,0.481343262130243,0.219,0.135,1
"TTLL5",0.00837299020875141,0.668863399237284,0.111,0.059,1
"CAPNS1",0.00844562909292063,-0.610345942748608,0.234,0.306,1
"PRKCA",0.00845006444460565,0.828484062637187,0.184,0.11,1
"SMYD4",0.00847840685365029,1.54743163191609,0.066,0.023,1
"PROK2",0.00851160117422445,-2.35463501398931,0.021,0.061,1
"MVP",0.00851945683327675,-0.629020001362692,0.162,0.204,1
"ATP6V0D1-DT",0.00852670295436248,-4.21917118906192,0,0.013,1
"CHERP",0.00856152697368488,-0.134414038102303,0.156,0.145,1
"NOL8",0.00861520921623583,1.03457110142104,0.125,0.077,1
"ZFR",0.00861670410032159,0.609833590030689,0.361,0.255,1
"CHORDC1",0.00864807292867122,-0.452636429460755,0.322,0.355,1
"SH2B3",0.00866436715960042,0.378263320345287,0.178,0.107,1
"ATP5MK",0.00866961661077475,-0.121720124583273,0.578,0.541,1
"GRHL1",0.00867939211622253,3.45513436768299,0.014,0,1
"OSBP2",0.00868629350333245,3.88372421792427,0.014,0,1
"ENSG00000287958",0.00870410653078698,-4.20753245189483,0,0.013,1
"ILKAP",0.00876163191459685,0.646836646584216,0.301,0.214,1
"HSD17B7P2",0.00879783407789115,1.25836549846084,0.066,0.023,1
"ALOX5AP",0.00885049967192075,-0.116901534827818,0.336,0.291,1
"HIF1A-AS3",0.00890652786935593,-0.753846595158453,0.092,0.133,1
"TUBA1B-AS1",0.00891188158738941,-1.14361156498937,0.043,0.089,1
"RBCK1",0.00891549219961942,-0.424003531884299,0.248,0.281,1
"ARL4A",0.00900924476532856,0.462528568045668,0.289,0.191,1
"ARHGEF7",0.00903257119689116,0.237798517012741,0.309,0.224,1
"NBDY",0.00906313925021294,-0.572851167807495,0.172,0.202,1
"ZNF564",0.00912011848469733,1.55726697500934,0.066,0.023,1
"RPL38",0.00915919149984479,0.143632624072726,0.984,0.982,1
"INPPL1",0.00916423966923508,-1.50408121920097,0.025,0.064,1
"ATG7",0.00918913973973096,1.47749650933186,0.098,0.043,1
"PAN3",0.00921853656837852,0.475906515442753,0.354,0.247,1
"IKBKE",0.00940663581240242,-1.09814027785394,0.057,0.094,1
"FBLN2",0.00943187590481538,-4.43811532500775,0,0.013,1
"POLR2E",0.00943942514079828,-0.440024022519789,0.273,0.337,1
"ZFYVE28",0.00945848346785141,0.46201675979619,0.297,0.217,1
"CAMK4",0.00948015585556204,0.661186214083112,0.352,0.263,1
"TRAPPC5",0.00955628822938581,-0.454192490894234,0.246,0.298,1
"ENSG00000278996",0.00956015447614303,0.14717887158189,0.746,0.643,1
"RPL22L1",0.00966367856842787,0.165000021575302,0.574,0.574,1
"IFIT3",0.00967341471692765,-0.50340347040327,0.064,0.112,1
"PHRF1",0.00969212889072983,0.560599222034178,0.135,0.079,1
"ZNF302",0.00970832008363999,1.54000252311388,0.082,0.038,1
"FAM162A",0.00974012535756796,0.404060632849695,0.197,0.122,1
"NUDT21",0.00980384983605558,-0.100837672740367,0.283,0.258,1
"SNRPG",0.00989753769503884,0.38951442487393,0.629,0.497,1
"MT-CO2",0.00998540310337123,0.188242624143851,0.975,0.952,1
"UPP1",0.0100080574512614,0.390945100556922,0.52,0.395,1
"KHDRBS1",0.010047140846626,0.351398655727895,0.629,0.5,1
"OSBPL5",0.0100598404325925,-1.43406271797552,0.037,0.089,1
"HSP90AB1",0.0100613430070742,-0.374646584187546,0.91,0.893,1
"CSF1",0.01008840561434,-1.61915387078389,0.037,0.054,1
"IFT25",0.0101022328697742,-0.588004870660127,0.143,0.186,1
"HSPA13",0.0101566409765224,0.817300882499127,0.203,0.12,1
"ANKIB1",0.010184533097113,0.342367618196476,0.221,0.143,1
"PSMB2",0.0102329870697725,-0.434134369030303,0.297,0.355,1
"TES",0.0102525353755738,0.370504722038123,0.535,0.408,1
"GABPA",0.0102630698745154,0.692052882155537,0.119,0.064,1
"ARID5A",0.0102838628400091,0.407484118409789,0.615,0.495,1
"TAF12-DT",0.0102858082381219,3.88017247368842,0.012,0,1
"UBL7",0.0103147032071943,-0.394928083324258,0.125,0.13,1
"CNBP",0.0103442050020175,0.257285981017612,0.836,0.735,1
"SATB1",0.0104138510538931,0.407205093781391,0.377,0.263,1
"LYPLA1",0.0104357208603183,-0.607544861771557,0.152,0.189,1
"GZF1",0.0104721704243903,0.543679992873783,0.08,0.043,1
"CCDC47",0.0104976579872093,0.418863008070564,0.295,0.199,1
"USP36",0.0105534355515571,0.292262810650327,0.385,0.378,1
"AKIRIN1",0.0105612435875333,0.444731901083898,0.441,0.342,1
"SF1",0.0106167687084027,0.252035984909115,0.732,0.622,1
"PDCD4",0.0106290783742073,0.331182194890477,0.779,0.681,1
"CMKLR1",0.0106932470344781,-2.96388127174808,0.002,0.023,1
"MKI67",0.0107611259265404,-3.71114937224292,0,0.013,1
"DPP7",0.0107890978579144,-0.391751385822922,0.406,0.464,1
"TOR1AIP2",0.0107976458388331,0.770572946030725,0.189,0.11,1
"SPTLC2",0.0108547368786434,-0.299999388770319,0.178,0.179,1
"NUP54",0.010857194912711,0.591171510981465,0.24,0.153,1
"H3C13",0.0108752893301478,-4.77701971147965,0,0.013,1
"TIPRL",0.0109311811944109,0.531604342010906,0.385,0.27,1
"TMEM218",0.0109796398893649,-2.08382081022119,0.01,0.038,1
"ENSG00000290933",0.0110155886119216,-1.81425260345613,0.014,0.048,1
"CARD16",0.0110370538638853,-0.456532028837613,0.285,0.311,1
"CCL3L3",0.0110458181271042,0.541042151575555,0.061,0.105,1
"IL18RAP",0.011059000718023,-0.288077629718595,0.223,0.217,1
"ZC4H2",0.0110605446985522,1.68757849295008,0.045,0.013,1
"BCAR3",0.0111732594876884,-1.80561797835601,0.012,0.041,1
"AP1G2",0.0111821672703256,-0.765321601785319,0.113,0.145,1
"FUS",0.0111860264330049,0.17445686556958,0.76,0.651,1
"NDUFA13",0.0111935771929595,-0.228795593165924,0.645,0.689,1
"TRAV1-2",0.0112085861928147,1.19379902378479,0.09,0.038,1
"EVL",0.0112615472301119,-0.28882440274324,0.645,0.645,1
"SNHG17",0.0112692273863498,0.644434081731905,0.322,0.23,1
"MZF1-AS1",0.0112908753415701,3.44168180525846,0.025,0.003,1
"IFI27",0.0112937886870212,-1.59927127207411,0.018,0.054,1
"SIPA1L1",0.0113436357371626,0.34714486728082,0.52,0.393,1
"ENSG00000288865",0.0113573449218279,-4.64723357435342,0,0.013,1
"ZNF121",0.0113821576562107,0.485191024434504,0.133,0.077,1
"LSAMP",0.0114135237312333,-0.864844591233973,0.066,0.102,1
"ANXA11",0.0114220638426378,-0.307759495838401,0.457,0.497,1
"CBFB",0.0114413225676292,0.365919974050122,0.266,0.186,1
"DMGDH",0.0114938634790629,3.36220072055827,0.025,0.003,1
"TEX28",0.0115036924123791,-4.7689980005829,0,0.013,1
"DDOST",0.0115336069370715,-0.367773058065861,0.398,0.446,1
"TSEN34",0.0115577156021187,-0.808619336419393,0.125,0.186,1
"ELK1",0.0116066839810654,-1.36660779448252,0.027,0.064,1
"NPEPPSP1",0.0116780259192473,0.786690622927197,0.219,0.133,1
"SNX5",0.0117165247758646,-0.28563332538275,0.275,0.27,1
"ABAT",0.0117720052448569,0.71203229087484,0.117,0.061,1
"LLGL2",0.011835056182954,-0.874325275412383,0.125,0.184,1
"BRD7",0.0118887842358131,-0.316120174121169,0.482,0.485,1
"SYNGR2",0.0119088344169322,-0.454800780696387,0.279,0.352,1
"ZNG1A",0.0119400746167374,0.811364670808969,0.137,0.071,1
"H2BC26",0.0120446684868914,-4.56840874704666,0,0.013,1
"DEDD2",0.0120490456036387,-0.518332760807316,0.205,0.247,1
"PRKRA",0.0120499783428576,0.409647235581501,0.191,0.122,1
"ZNF614",0.0121145898236138,1.17487584343199,0.068,0.026,1
"DNM2",0.0121161717796899,0.450464836215142,0.52,0.403,1
"HAVCR2",0.0121321905373266,-0.334947666768976,0.064,0.11,1
"PRKCB",0.0121343890965153,-0.452936513940894,0.219,0.301,1
"TMEM156",0.0121908901940988,0.418821783045587,0.172,0.105,1
"MAP2K4",0.0122045723671829,0.715853005660102,0.205,0.135,1
"MRPL46",0.0122563969488198,0.936627170835361,0.096,0.043,1
"ATAD3B",0.0122569186895765,-1.1426417309821,0.062,0.099,1
"SLC38A9",0.0123023200427082,1.03910635009477,0.098,0.043,1
"IL9R",0.0123122856436548,2.98092478256402,0.012,0,1
"ZNF791",0.0123233282590688,0.723832378941585,0.152,0.084,1
"SHISA5",0.0123383682595194,-0.437574539086928,0.271,0.301,1
"RGS9",0.0123604194680821,-1.25403177908138,0.029,0.071,1
"YTHDC1",0.0123671096978131,0.376949835232525,0.486,0.388,1
"TAMALIN",0.0123813232246419,0.505309867613776,0.254,0.166,1
"IKBIP",0.0124330174937695,1.04981794223911,0.127,0.064,1
"FAIM",0.0124386825833875,2.16822747712049,0.037,0.008,1
"LMBR1L",0.0124571078852975,0.761792357398025,0.203,0.122,1
"TBC1D5",0.0125030486143385,-0.716368224979744,0.129,0.181,1
"LINC01003",0.0125448907248538,-0.91420686315886,0.066,0.115,1
"H2AC7",0.0125545689874805,-2.5516805401468,0.004,0.026,1
"AKR7A2",0.0125960163010596,-1.10625934379174,0.049,0.089,1
"CSNK1G1",0.0126054907423025,0.9312342152591,0.152,0.082,1
"STAG2",0.0126481118468921,0.407455677991531,0.453,0.337,1
"ATOX1",0.0127527906719526,-0.605477451644844,0.143,0.176,1
"AKIRIN2",0.0129118749891984,-0.305288623587395,0.32,0.324,1
"RARS1",0.0129363290386164,1.03843173291965,0.104,0.056,1
"IRAG2",0.0129619429944962,-0.564916992551981,0.191,0.255,1
"COX19",0.0129685648643018,0.605346725911813,0.244,0.153,1
"CERNA1",0.0130504618139994,3.67769433272416,0.012,0,1
"SLC30A7",0.0131046906584943,0.596950036966143,0.279,0.184,1
"SRI",0.0131225570433465,-0.542030361518224,0.238,0.293,1
"EPC2",0.0131508410294504,0.263891916450994,0.252,0.176,1
"RASGRP3",0.0132110316519769,-1.93207973120622,0.012,0.041,1
"ZBTB20",0.0132404957790079,0.667480102228557,0.271,0.191,1
"DHX30",0.0132532882913353,0.652104249097074,0.244,0.156,1
"ENSG00000286009",0.0134011709442633,-2.91993949843657,0.002,0.02,1
"SUSD4",0.0134671651771125,3.42127155913076,0.012,0,1
"PKIA",0.0134732871897601,-0.16061136002089,0.076,0.061,1
"CD96",0.0135853939975594,0.303700023904661,0.695,0.645,1
"TOR1AIP1",0.013611565770163,-0.356445538115427,0.211,0.222,1
"RALY",0.0136250375333716,-0.286672803130567,0.547,0.61,1
"CDKN3",0.0136321826669576,-3.26712981904974,0.002,0.02,1
"ITSN2",0.0136441799848063,0.230605535835298,0.512,0.398,1
"ITGAV",0.0136754785646596,0.159825686186524,0.148,0.11,1
"HAUS6",0.0136929325192376,0.906113484829043,0.102,0.048,1
"CCL5",0.0137250973939271,-0.189771438759237,0.904,0.926,1
"SUPT6H",0.0137881459199364,0.562168329525668,0.348,0.24,1
"TCOF1",0.0138088240073944,0.920222033878555,0.107,0.056,1
"EPB41L4A-AS1",0.0138927995970897,0.533901822215494,0.402,0.309,1
"CHD6",0.0140051331085507,0.394816769372275,0.268,0.179,1
"YPEL5",0.0140413483588519,0.295951684076433,0.896,0.827,1
"ENSG00000259314",0.014231576545193,-3.57935583192925,0,0.01,1
"ENSG00000290784",0.0142496103267044,-2.41047374571783,0.004,0.026,1
"ACYP1",0.0143102981226374,-1.24803770608989,0.027,0.066,1
"CCNB1",0.0143270156119555,0.394846586291835,0.018,0.005,1
"CDK11B",0.0143306767886261,0.459670584844938,0.293,0.202,1
"ENSG00000229618",0.0143383985271221,3.22830674156468,0.012,0,1
"ZNF749",0.0143868656443678,0.458961264504553,0.059,0.028,1
"PTPN18",0.0144290372823142,-0.734269251513971,0.113,0.181,1
"TRBV4-1",0.0144408670766467,-2.53036913369327,0.01,0.023,1
"TNFRSF14",0.014557081855308,-0.420384954595022,0.373,0.431,1
"DBNL",0.014564271927478,-0.495217456327784,0.191,0.219,1
"FMNL3",0.0145929426971892,0.37793058725584,0.078,0.041,1
"RPAIN",0.0145935787639296,0.487805350213566,0.291,0.199,1
"TMEM170A",0.0146285027681804,-0.559595605790559,0.176,0.237,1
"GSE1",0.0146686574545346,-0.690495294462671,0.191,0.253,1
"TRBV5-4",0.0146732290173161,-3.85300446003565,0,0.01,1
"ABCA5",0.0147703478727166,1.11191988145853,0.088,0.038,1
"TMC8",0.0147884581269316,-0.638357078474344,0.182,0.237,1
"JMJD7",0.014814979186561,1.02432192332438,0.092,0.046,1
"ADAM7-AS1",0.0149303048204117,-3.93566686879167,0,0.01,1
"ULK1",0.0149305028314266,-0.823985718850022,0.068,0.117,1
"ENSG00000249456",0.0149726256356248,0.237310010035161,0.061,0.036,1
"PLEKHG3",0.0150129132482177,-2.12410850437588,0.014,0.046,1
"TADA3",0.0150554577410876,-0.664014460439173,0.088,0.145,1
"PHACTR4",0.0150627649919281,0.27796149214174,0.209,0.151,1
"CNIH3",0.0151464167697357,-3.92067734921913,0,0.01,1
"H1-4",0.0151495623084739,-0.461898764601536,0.326,0.393,1
"DUSP18",0.0151650273966912,1.23491327963606,0.072,0.028,1
"MFSD14CP",0.0151680514644744,0.275589862195548,0.162,0.107,1
"JUNB",0.0152503707963398,-0.291483786670569,0.863,0.908,1
"RPL18",0.0152586167072134,0.129966497058427,1,0.992,1
"SRP54",0.0153192232558521,0.527302438005316,0.375,0.268,1
"COPZ1",0.0153435810645585,-0.426752950462768,0.16,0.184,1
"ENSG00000271857",0.0153617075585685,2.668087023853,0.01,0,1
"PPP1R12A-AS1",0.0153667900752119,3.42684005078135,0.012,0,1
"IL12A",0.0153699992863322,-3.91969755254565,0,0.01,1
"ANKRD13A",0.0154046744559497,0.475621862879134,0.154,0.094,1
"MRPL17",0.015415448137505,0.663541583369937,0.168,0.099,1
"SNTG2",0.0154297269518041,3.29518942252833,0.012,0,1
"POLR1C",0.0154623772110792,0.783366969397078,0.197,0.138,1
"EIF3J",0.0155130106731515,0.510380782566692,0.453,0.329,1
"SCAMP4",0.0155701320005851,0.622584047392542,0.16,0.092,1
"OST4",0.0156546569267315,-0.186663547137367,0.76,0.768,1
"RPL14",0.0157295633234013,0.106913813901997,0.996,0.997,1
"ENSG00000288704",0.0157299558134249,-3.66205280280757,0,0.01,1
"SLC16A10",0.0157708985002687,-3.22046756152877,0,0.01,1
"LRP8-DT",0.0157900692205085,3.20809848242663,0.012,0,1
"LINC00882",0.0157947604828864,3.30714900389125,0.012,0,1
"KIF5B",0.015803934565025,0.468391464837313,0.416,0.324,1
"PDE4A",0.0158144565662155,-0.472028525896158,0.195,0.27,1
"PODN",0.0158384395815677,-3.642047346087,0,0.01,1
"HEBP1",0.0159381511725075,-1.36398635810119,0.01,0.036,1
"ISG20",0.0159393111006989,-0.306162685914559,0.666,0.699,1
"TOLLIP",0.0159466591395915,0.323726044581402,0.197,0.133,1
"SAR1A",0.0159614261704777,-0.285092620353763,0.379,0.401,1
"ENSG00000284669",0.0159675032181817,3.69561902506584,0.01,0,1
"SVIL",0.0160075698456905,0.942236702785816,0.129,0.066,1
"HMGA1",0.0160286582497019,-0.270848419264113,0.408,0.413,1
"SMIM18",0.0160562185019291,-3.7241600093171,0,0.01,1
"TXN",0.0160688602643727,-0.334368407639039,0.32,0.39,1
"TNFRSF9",0.0161109987728448,-1.49438368528623,0.035,0.077,1
"B4GALT4",0.016155868263423,0.725470450325191,0.182,0.107,1
"MALT1",0.0161968149436949,-0.463526662495904,0.191,0.237,1
"FXR1",0.0162411698573408,-0.333545057662864,0.328,0.342,1
"CNOT3",0.0162581358055409,-0.852197041449469,0.074,0.125,1
"PRR5L",0.0163319187492807,-0.742105834026679,0.162,0.209,1
"TFIP11",0.0164071957091274,0.375058530212448,0.314,0.224,1
"ST8SIA6",0.0164290513678854,-1.52437272838875,0.02,0.056,1
"P2RX5",0.0165086646728689,-0.359558495459289,0.15,0.163,1
"RPL6",0.0165140663027296,0.171454639288736,0.998,0.99,1
"ENSG00000291149",0.016594081644121,0.867817926002786,0.139,0.074,1
"MAD2L1BP",0.0166162070092274,0.639908441134541,0.186,0.11,1
"CCDC171",0.0166208603174283,3.2086417364622,0.023,0.003,1
"SNX10",0.0168068293769764,1.00875399465139,0.098,0.046,1
"SLC9A9",0.0168160606700995,-0.635542015220714,0.045,0.084,1
"SGF29",0.0168424027483634,0.660625975057672,0.199,0.133,1
"HSD17B10",0.0168745417221539,-0.621956595350494,0.17,0.217,1
"ZNF85",0.0168843908105491,1.2880795042248,0.033,0.008,1
"MSN",0.0168894274768023,-0.226053818115224,0.699,0.707,1
"ELOA",0.0169431870720617,-0.454651002932998,0.152,0.202,1
"IFRD1",0.0170105275737501,0.370046535366588,0.5,0.482,1
"MRPL38",0.0170446839301615,0.664192876002328,0.246,0.156,1
"MOK",0.0170750358640792,2.35036494591166,0.035,0.008,1
"PKM",0.0171021128445496,-0.313357442783951,0.344,0.411,1
"ACSL6",0.0171807070866838,1.95175790885439,0.035,0.008,1
"KAT6A",0.0171881823552614,0.31321185147067,0.596,0.505,1
"ARSK",0.0173357700788946,0.758291056083438,0.059,0.02,1
"HOMER2",0.0173577199774091,-3.99449565580159,0,0.01,1
"PSMF1",0.0173641418093261,-0.143780941497364,0.312,0.296,1
"ENSG00000290547",0.0173796970295221,-3.72318364278964,0,0.01,1
"RHBDD2",0.0174056362704839,0.471425289256776,0.414,0.304,1
"FAM3C",0.0174814041077553,0.517910862900746,0.166,0.107,1
"SLC14A1",0.0175168837869576,-2.7065424524089,0.004,0.028,1
"SS18L2",0.0175182751035846,0.347818170326197,0.475,0.365,1
"PLD3",0.0175851260469191,-0.729898113570632,0.086,0.128,1
"ALDOA",0.0176250683277617,-0.144958088728616,0.707,0.76,1
"OTOF",0.0176318190803774,-4.14438750031818,0,0.01,1
"VEGFB",0.017652270918581,0.542958803793764,0.191,0.115,1
"TIMM8B",0.0176579702697771,0.299494463820953,0.248,0.173,1
"ZBTB1",0.0177202950918085,0.254404205466684,0.576,0.472,1
"FCRL3",0.0177247282901464,-1.06645307108974,0.059,0.099,1
"SERINC1",0.0177817364918439,0.268550609147866,0.582,0.464,1
"DNAJA1",0.0177875514184461,-0.388268537730881,0.76,0.763,1
"LMNB1",0.0179232894777427,-0.36617072661019,0.287,0.339,1
"RBBP6",0.0179282788596368,-0.337796762769031,0.377,0.457,1
"TALAM1",0.0179539433524921,-0.420714608008766,0.9,0.893,1
"TRAPPC14",0.0179977447604051,0.547861934495414,0.137,0.077,1
"EPM2AIP1",0.0180433905770307,-0.875897660924592,0.061,0.082,1
"CEBPB",0.0181364589401425,0.151336768089792,0.379,0.383,1
"TRAV26-2",0.0181397361181493,4.08116380082472,0.01,0,1
"NFKBIL1",0.0182281355140324,-1.38356254576449,0.041,0.069,1
"TMEM229B",0.0183393459933616,2.17050139770026,0.023,0.003,1
"CCDC15",0.0183506804127927,3.4618923549598,0.01,0,1
"HDGF",0.0185292414089239,0.512702916635798,0.393,0.286,1
"SMAP1",0.0185322325066962,0.287674246191831,0.338,0.255,1
"CD44",0.0185746107755891,0.278118731753858,0.846,0.798,1
"SECISBP2L",0.0185812770681996,0.425763557638107,0.326,0.23,1
"RPGR",0.0186189140086035,0.56686343828056,0.088,0.048,1
"TXNL1",0.0186714560148561,0.431456568209084,0.432,0.334,1
"PA2G4",0.0188831751686786,0.385677650369617,0.498,0.423,1
"UBE2B",0.018993553332991,0.317153089531221,0.729,0.633,1
"UBA7",0.0190171656928358,-1.17617399508286,0.051,0.094,1
"GABARAPL1",0.0190273253928404,0.268871647107505,0.648,0.526,1
"KRTAP5-AS1",0.019034080697122,1.31077476775112,0.033,0.008,1
"TTC1",0.0190464058946722,0.5973803255666,0.213,0.133,1
"BAG3",0.0190626187421241,-0.835000559473372,0.072,0.128,1
"ARHGEF1",0.0191351137454761,-0.211811635544996,0.574,0.638,1
"HMGB1",0.0191978862332322,0.212119927787288,0.93,0.875,1
"LINC03049",0.019216449720754,1.09635990124618,0.084,0.038,1
"AGPAT5",0.0192177617083966,-0.117394445605977,0.125,0.105,1
"ATP5IF1",0.0192287133312784,-0.299841704601165,0.543,0.602,1
"RELB",0.0192428552120886,0.324882848293627,0.75,0.658,1
"PAFAH1B3",0.019288577764061,-0.956692703178813,0.037,0.069,1
"TEDC1",0.0192999627126485,-0.793940801895726,0.082,0.128,1
"GAS5",0.0193136928314515,0.294079655812128,0.76,0.686,1
"ENSG00000272831",0.0193850713483999,-1.61164714878269,0.027,0.066,1
"RORA-AS1",0.0194035794590797,-0.466496991432797,0.254,0.321,1
"VTI1A",0.0194453291754977,0.617881567952881,0.277,0.186,1
"ZFP36L2",0.0196421990067031,0.223682401936749,0.877,0.811,1
"FLNA",0.0197349115467018,-0.278163079958138,0.688,0.74,1
"ASB8",0.0198403564127904,0.894045196570317,0.168,0.102,1
"ENSG00000289347",0.0198872409618339,3.49865230123511,0.01,0,1
"GINS2",0.0199159000591241,-3.40138679778524,0,0.01,1
"MSC-AS1",0.0199392557829582,-2.53155008329116,0.008,0.031,1
"PDCD10",0.0200282474011026,0.464133757446766,0.352,0.242,1
"SCML1",0.0200858104859728,1.38131428214022,0.053,0.018,1
"KIAA1958",0.0201496889370447,1.59055703919686,0.062,0.023,1
"P2RY8",0.0201499225098784,0.228606953326008,0.734,0.63,1
"MAP4K1",0.0201610947733735,-0.764835236695,0.113,0.173,1
"CCR2",0.0202491428606971,2.69253374839598,0.01,0,1
"NOL7",0.0202807671274516,0.386411882178713,0.482,0.39,1
"PPP1R3D",0.0203634581083762,1.41508622770456,0.049,0.015,1
"ADAM19",0.0205559272031097,-0.364401136608687,0.094,0.084,1
"ZNF276",0.020592889562212,0.428558537022846,0.301,0.209,1
"NOCT",0.0206601427876329,0.578604311711099,0.203,0.143,1
"MEF2C",0.0207001142123703,-4.78297547874118,0,0.01,1
"RNF41",0.0207203814586034,0.241467305268911,0.143,0.105,1
"RNF168",0.0207402141983949,0.400125884142959,0.352,0.255,1
"CYTIP",0.0207613849887821,-0.323283416354561,0.666,0.719,1
"SELENON",0.0207678858703745,-2.15395778657866,0.004,0.023,1
"FADS3",0.0208000540798845,0.28730686945682,0.102,0.064,1
"NAA25",0.02080416736863,0.543747048120171,0.105,0.074,1
"PLCB1",0.0208699917711847,0.895922873536498,0.191,0.112,1
"ENSG00000287252",0.0208802582303373,-4.13915211989368,0,0.01,1
"UPRT",0.0209144872799112,-0.873912970765905,0.059,0.094,1
"PTPN12",0.0210104631810443,0.652521118986518,0.17,0.107,1
"APTX",0.021203489819202,-0.769450466257385,0.061,0.107,1
"ELOA-AS1",0.0212733669109365,-0.761999578865441,0.02,0.048,1
"RACK1",0.0213295762482314,0.185816975426996,0.982,0.972,1
"CNDP2",0.0213557780066946,-0.564941057841933,0.096,0.122,1
"WDR4",0.0215026185789236,1.77492811014246,0.049,0.015,1
"FAM50B",0.0215502123997228,1.56956625809075,0.049,0.015,1
"DDX60L",0.0215660781648598,-0.858444025325613,0.092,0.14,1
"LLPH-DT",0.0215796459929054,4.22135161488681,0.01,0,1
"BBLN",0.0216804853468729,-0.314156435703219,0.533,0.592,1
"ENSG00000288915",0.021694424113123,-0.888472061985243,0.078,0.14,1
"AKR1A1",0.0217372406430964,0.226439164972214,0.156,0.102,1
"C11orf58",0.0217681161348443,0.358387439607826,0.625,0.505,1
"ACAP1",0.0218165595148891,-0.40217503866329,0.268,0.339,1
"NSMCE1-DT",0.0218238540220451,3.59721925019888,0.01,0,1
"OSTF1",0.0218469734985192,-0.310884431282117,0.449,0.477,1
"HIPK2",0.0218712340993075,0.931557876054141,0.17,0.097,1
"PNRC1",0.0218890590667224,0.121260355592386,0.963,0.946,1
"PBXIP1",0.0219621048601122,0.426858848677113,0.537,0.429,1
"ENSG00000259635",0.021967159304889,3.41750667003848,0.01,0,1
"DTL",0.0219733748800333,-1.91451477439748,0.008,0.031,1
"ENSG00000288075",0.021979932293919,2.89613842968978,0.01,0,1
"TUBA4A",0.0219970176354416,-0.266875701262493,0.764,0.786,1
"YAF2",0.0220941680516915,0.395254295534947,0.449,0.36,1
"MORN4",0.0221271841255535,2.79592707668287,0.01,0,1
"RPS16",0.0221288495600056,0.142466161805316,0.99,0.995,1
"USP14",0.0221347629593939,0.548845823219515,0.311,0.212,1
"GGA1",0.0221448023033814,-0.513963807089655,0.109,0.12,1
"KIF19",0.0221778794398803,-1.2026004260903,0.047,0.094,1
"EXOSC7",0.0222626783658473,0.535691453149725,0.139,0.077,1
"GP6",0.0223266383624709,3.33568735275032,0.01,0,1
"ZNG1E",0.0223421224842113,-0.555355584962004,0.098,0.148,1
"BAK1",0.0224858124579012,-0.148246087483265,0.232,0.222,1
"SKI",0.0225309910953566,0.214402623719663,0.346,0.25,1
"M6PR",0.0225583232764885,-0.514666285542447,0.184,0.232,1
"TMEM244",0.0225866423067986,-3.96341246668822,0,0.01,1
"PAGR1",0.0225967014112224,0.469713148609424,0.18,0.11,1
"NBL1",0.0226448717265276,0.488706026625697,0.387,0.276,1
"HFM1",0.0226544088022257,-1.51086635074629,0.027,0.051,1
"TEX30",0.0227711031278359,0.636570799391107,0.193,0.122,1
"BACH2",0.022798208842324,0.464301534483913,0.486,0.352,1
"PSEN1",0.0228612491422998,0.7479044998524,0.209,0.133,1
"COG2",0.0228685218638437,0.936206242491321,0.098,0.048,1
"KLF4",0.0228947836180229,-2.66452802062527,0.006,0.026,1
"NEPRO",0.0229574296533497,0.543103205511171,0.168,0.107,1
"DNTTIP1",0.0230284627071005,0.491076957377104,0.16,0.099,1
"DCP1A",0.0230504173986068,0.160889079549575,0.232,0.23,1
"RGS19",0.02308770469427,-0.722968534947723,0.123,0.168,1
"NDUFB8",0.0231567845822899,-0.104882875966099,0.51,0.556,1
"RAMAC",0.0232134791664356,-0.403809516046581,0.234,0.276,1
"BLTP3A",0.0233533222410432,-0.64011207579417,0.059,0.061,1
"RBM12",0.0233891750879953,0.862181377414311,0.121,0.064,1
"ATF2",0.0234393831302925,0.468881613453674,0.246,0.191,1
"LONP2",0.0234981563400468,0.520162209200194,0.17,0.102,1
"IL2RB",0.0235236377842306,-0.271959422032373,0.383,0.441,1
"TRBV7-9",0.0235463020671824,-2.07524242483805,0.014,0.015,1
"ENSG00000289182",0.0236060096840225,-4.21629765014332,0,0.01,1
"LINC01004",0.0236835136705594,-0.348572376467046,0.062,0.102,1
"DNAJC5",0.0237605352070215,0.534186811030114,0.242,0.156,1
"TAF1B",0.0237627991786241,0.762589923527973,0.135,0.077,1
"CENPT",0.0238166394299019,-0.677587719821947,0.119,0.176,1
"SLC16A4-AS1",0.0238226534600066,3.39828449412998,0.01,0,1
"SMIM13",0.0238277413257941,-0.419174090520986,0.113,0.122,1
"BRIX1",0.0239069070343651,0.321462849492383,0.176,0.117,1
"RHOA",0.0240134901170759,-0.17106454703844,0.838,0.829,1
"ENSG00000268027",0.0240845526612242,-0.515810544873839,0.209,0.281,1
"TMED8",0.0241218851803099,1.18852261982922,0.057,0.02,1
"HLA-E",0.0241424812766264,-0.131514535361184,0.973,0.972,1
"CD47",0.0242726408296395,-0.394690906114755,0.357,0.421,1
"EIF3L",0.0243577592137555,0.331471620252939,0.607,0.505,1
"CCL20",0.0243664582940063,-1.90005637452122,0.037,0.015,1
"PRMT2",0.0244250652968648,0.337070630872356,0.492,0.388,1
"TSPAN2",0.0244368344757292,-1.06533301753678,0.045,0.084,1
"WBP1",0.0245367450955165,-0.543003661669509,0.121,0.145,1
"ZNF219",0.0245738497787875,1.73646105505557,0.039,0.01,1
"TPRG1L",0.0246620889115749,0.856205678552237,0.211,0.145,1
"IFNG",0.024738811433029,-0.465997382260245,0.223,0.316,1
"PTPN22",0.0247498724670936,0.257316223824092,0.627,0.508,1
"NDUFB7",0.0247835396162745,-0.651524698043253,0.229,0.293,1
"SGO1-AS1",0.0247863600575472,-2.00941253084166,0.004,0.023,1
"MTERF1",0.0248289699485235,0.758473098397742,0.096,0.048,1
"SLC27A3",0.024881395826058,-1.54557286698402,0.021,0.051,1
"XPO4",0.02488268296599,0.490835640850059,0.209,0.145,1
"IQCG",0.0248933134558654,-0.518829021603173,0.037,0.028,1
"THRA",0.0249533913668735,-1.9018240433747,0.012,0.038,1
"APPL2",0.0250154414410261,0.816354374149705,0.145,0.082,1
"EIF4E2",0.0251025997103473,-0.460638686818918,0.234,0.273,1
"MTSS1",0.0251212398363299,-0.776533280532148,0.137,0.212,1
"POLR1B",0.02517111748696,1.49475357901074,0.043,0.013,1
"ARHGAP42",0.025275624920046,-0.237821881130145,0.01,0.026,1
"GPR108",0.0253567825429003,-0.760296653866561,0.094,0.145,1
"LINC00294",0.0253593426513475,3.1577121996679,0.01,0,1
"RPL13",0.0254330719389949,0.161347680022451,1,1,1
"USP16",0.0254639199331727,0.459502837257485,0.305,0.214,1
"OGT",0.0254925958142429,-0.269395984568177,0.416,0.434,1
"TRBV7-7",0.0254958078902053,-6.03910398148454,0,0.01,1
"TRMT12",0.0255076433460066,1.63586111739612,0.043,0.013,1
"POLR2K",0.0255177000384454,0.133465401993072,0.438,0.457,1
"ST3GAL1",0.0255589242775967,-0.483823333829147,0.104,0.161,1
"ENSG00000290036",0.0256079309074139,-0.800629099568998,0.064,0.122,1
"API5",0.0256384946660869,0.435980079068477,0.271,0.227,1
"SORBS1",0.0256391862030115,-2.1337349774357,0.008,0.031,1
"COX7B",0.0256731635718389,-0.231106200885546,0.541,0.574,1
"GALNT1",0.0256899005970808,0.436035801163166,0.141,0.084,1
"C6orf47",0.0256950474750929,-1.11531582113079,0.064,0.089,1
"ENSG00000288043",0.0257969425102537,3.56394314445108,0.01,0,1
"RNF11",0.0258680646583838,0.168309023954435,0.266,0.209,1
"HAUS1",0.026030375176617,0.911633001275716,0.102,0.054,1
"RANBP2",0.0260373287325434,0.356754953625715,0.584,0.487,1
"TANC1",0.02610725058519,3.30597450005413,0.01,0,1
"ZNF747-DT",0.0261265533212305,-1.89762052673645,0.004,0.023,1
"MAGOH",0.0261555844967152,0.177835838799592,0.527,0.515,1
"BCL7C",0.0261997760716407,-0.421907660288775,0.281,0.319,1
"RFLNB",0.0262282113424505,-1.81153636633657,0.008,0.031,1
"GPHN",0.0263803859496439,0.814244511474304,0.143,0.089,1
"MCCC2",0.0264766024095108,0.562687882493027,0.113,0.059,1
"ATP5F1A",0.0266926248947954,-0.261728346939126,0.422,0.457,1
"MIR22HG",0.026746175259201,-0.70486664537845,0.111,0.171,1
"ENSG00000289312",0.0267555094108095,2.4636316520352,0.02,0.003,1
"MXI1",0.0268508878998823,0.699556428967237,0.152,0.089,1
"ZFHX2",0.0268520953027404,3.22668071396089,0.01,0,1
"ENSG00000258646",0.0268689028804806,2.99638253957422,0.01,0,1
"PIP5K1C",0.0268857387523748,1.16692671278308,0.059,0.023,1
"ENSG00000286427",0.0268960788023476,2.82666587743179,0.01,0,1
"FDXACB1",0.0269194614628621,-2.6091314694382,0.008,0.031,1
"ZNF324",0.0269290514172926,1.32618869611442,0.061,0.023,1
"PPP1R2C",0.0270265748201062,3.69029962039283,0.01,0,1
"H3-3B",0.0270756873456232,-0.184620814849699,1,1,1
"SBDSP1",0.0271070083446234,0.435690530047299,0.311,0.227,1
"S100A9",0.0271229759085673,-0.803354480564115,0.008,0.026,1
"ADAM8",0.0271774999677823,-0.500463707750049,0.277,0.334,1
"CD4",0.0273191171077816,-2.87248841403143,0.002,0.02,1
"CCL3-AS1",0.0273785483958787,0.804629940662315,0.045,0.038,1
"NDUFA5",0.0273793136094105,0.422797711390759,0.393,0.337,1
"ZNF70",0.0274004696291725,3.13326406764302,0.01,0,1
"ENSG00000255847",0.0274341627482704,3.19701676323478,0.01,0,1
"ENSG00000288877",0.0274709474339752,3.01273016895352,0.01,0,1
"BRCA2",0.0274816825827287,2.98464441297763,0.021,0.003,1
"BIRC6",0.0275853924389607,-0.112042172373212,0.381,0.36,1
"KLF16",0.027632495909043,0.612696769864814,0.135,0.107,1
"MRGBP",0.0276764686415243,-0.586765722659388,0.107,0.135,1
"SLC37A1",0.0276949953770768,-0.313072215464889,0.105,0.105,1
"GZMK",0.0278733245812822,0.531760973583452,0.32,0.212,1
"ECSIT",0.0279538947018295,-0.956788117260289,0.053,0.092,1
"CMSS1",0.0279662252712694,0.771329940069801,0.27,0.214,1
"MCM3",0.0279846898511745,-1.0135415572792,0.041,0.069,1
"PANK1",0.0279967881962363,2.84577444543561,0.01,0,1
"THOC2",0.0280443259921925,0.450937508034977,0.27,0.184,1
"FAM13A",0.0280465426361734,-1.32524913213586,0.021,0.054,1
"ENSG00000251314",0.0281268825730412,3.39406316957137,0.01,0,1
"RIGI",0.028147258188219,-0.270190827852124,0.168,0.117,1
"PTPRD",0.0281784149000774,3.24640357860581,0.01,0,1
"PLGLB1",0.0282790927735301,3.07087973316564,0.01,0,1
"FES",0.0282821736161751,-1.11591621649405,0.01,0.031,1
"B3GNT8",0.0283003491613423,0.841628146543046,0.041,0.015,1
"AMIGO1",0.0283869738129573,3.10816872123961,0.01,0,1
"ENSG00000258455",0.0284050713795038,3.07087938955404,0.01,0,1
"DTWD1",0.0284167945184087,1.51215779099419,0.064,0.026,1
"TESK2",0.0284647856347016,0.805659757507624,0.057,0.023,1
"ZKSCAN8",0.0285536364436013,0.813836138153853,0.088,0.041,1
"PRELID3B",0.0285721709258483,-0.181356798187454,0.318,0.304,1
"MTRFR",0.0286123871573738,0.892212930240547,0.133,0.071,1
"PLS1",0.0286842212764335,2.9018396730738,0.01,0,1
"ARL13B",0.0288173931576459,0.886883497970235,0.111,0.059,1
"LAMTOR3",0.0288445948328546,0.474290764289662,0.217,0.163,1
"CTSA",0.0288759377299526,-0.64666287545573,0.092,0.125,1
"BRK1",0.0289606903085659,-0.305516862325832,0.414,0.439,1
"CTLA4",0.0289765969532248,-0.988442988606901,0.006,0.023,1
"WFS1",0.0290516607582263,2.96039032681885,0.01,0,1
"ADGRE2",0.0291292104672722,2.91504587332769,0.01,0,1
"GPATCH8",0.0291580283885014,0.399917631004993,0.373,0.311,1
"KDM2A",0.029164741052348,0.354034747795877,0.494,0.388,1
"MAGED2",0.0292456934479114,0.578934422189571,0.264,0.186,1
"COG8",0.0292671376169494,0.975355737392648,0.076,0.033,1
"CCDC157",0.0293439261342986,0.879195535364039,0.055,0.026,1
"NKAPD1",0.0293775111353332,0.551364116381167,0.193,0.143,1
"WDR45B",0.0293847528645633,-0.535854175997821,0.143,0.168,1
"ENSG00000255108",0.029400559026859,3.07634222237252,0.01,0,1
"MACROH2A2",0.0294481637087936,3.1942372591068,0.01,0,1
"MT-CYB",0.0294483642048439,0.154438798416046,0.965,0.916,1
"ZC3HAV1",0.0294550187448499,-0.361968738718209,0.463,0.5,1
"RXRA",0.0295145502510523,0.639541287873604,0.152,0.092,1
"CCSAP",0.0295458754740567,0.570838189970183,0.105,0.056,1
"ENSG00000247121",0.0296038882119229,-1.57494146322904,0.02,0.051,1
"GPR174",0.0296143599326019,-0.78962307554637,0.127,0.186,1
"MSRA",0.0296684770969574,-1.202452254255,0.053,0.084,1
"DYRK2",0.0298041703161639,0.666955967999591,0.148,0.087,1
"WASHC1",0.0298626966884951,0.885317638626837,0.033,0.01,1
"MPZL1",0.0298965672949516,3.09217242682176,0.021,0.003,1
"TLNRD1",0.0300107402920634,0.782360929457232,0.178,0.107,1
"TRAPPC8",0.0300583057811643,0.633353410587584,0.131,0.079,1
"ENSG00000290995",0.0300824065091074,2.60608918864834,0.02,0.003,1
"SEC24B",0.030138243083023,0.567722094952318,0.234,0.156,1
"MIR142HG",0.0301486010815482,-0.371887340272003,0.402,0.482,1
"SOCS3",0.0301522843924153,-0.516246889376271,0.193,0.26,1
"AIMP2",0.0302108816001878,0.803584851513076,0.078,0.038,1
"BRD1",0.0302593669088766,0.557857763520667,0.34,0.24,1
"UVSSA",0.0302606398291724,-1.73612673560333,0.01,0.033,1
"XXYLT1",0.0302859439700879,0.694389459368236,0.051,0.026,1
"ENSG00000291143",0.0303370446377569,-0.725667562963896,0.096,0.145,1
"CCDC90B",0.030340731803369,0.195049779053142,0.15,0.102,1
"ERLEC1",0.0303583272856192,0.457025407985986,0.301,0.207,1
"LINC00888",0.0303959724502866,1.38211750219749,0.031,0.008,1
"RORC",0.0304832109375674,0.605939435176733,0.127,0.071,1
"HIVEP2",0.0306063428427192,0.353683868614204,0.529,0.436,1
"HSPA9",0.0306310782545049,0.340978636411946,0.541,0.439,1
"ENSG00000285080",0.0306474217004321,-1.16238557935368,0.029,0.064,1
"LEPROTL1",0.0307615791153629,0.291972366205192,0.783,0.712,1
"ATOSA",0.0307637693872901,0.440166298525101,0.305,0.212,1
"CD164",0.0307787997305801,-0.285321395613974,0.523,0.584,1
"ARHGEF28",0.0308131923103141,-2.42268348003577,0.002,0.018,1
"ZNF131",0.0308349815776939,0.336077685508306,0.318,0.232,1
"SAMSN1",0.030851894820095,-0.424635705292971,0.504,0.541,1
"CNPPD1",0.0310234711982647,-0.408736473938049,0.266,0.319,1
"RCOR1",0.0311490814197555,0.39596822680886,0.268,0.186,1
"SLC35G1",0.0312414543595467,2.4534528089597,0.021,0.003,1
"RNF125",0.0313469034582946,0.284353319942701,0.518,0.469,1
"NEK1",0.031439505515508,0.596011027214875,0.238,0.158,1
"N4BP2L2",0.0314459402833595,0.300733544386188,0.498,0.401,1
"BLVRB",0.0314581467770725,-1.00195905634541,0.094,0.128,1
"RNF135",0.0314715322668803,2.70855864546918,0.027,0.005,1
"ENSG00000264895",0.0314749081070225,-3.39505677043369,0.002,0.018,1
"OXCT1",0.0314780426963201,-0.216804347275621,0.219,0.209,1
"AMD1",0.0316420455613525,-0.430938725819338,0.385,0.457,1
"ZDBF2",0.0317204834306959,0.830438030749875,0.162,0.097,1
"RAC1",0.0317561206551885,-0.210057542560713,0.582,0.61,1
"ERICH6-AS1",0.0317814208469574,1.32696717118924,0.059,0.023,1
"PDE7A",0.031943920188252,0.167874798974534,0.635,0.526,1
"SCAMP3",0.0320310597972421,0.343050465188471,0.266,0.194,1
"GLIPR2",0.0322985938607071,0.286076407527817,0.268,0.194,1
"TSNAX",0.032585113668884,0.863916118174781,0.125,0.069,1
"ANKRD10",0.0326034295643908,-0.442967363801727,0.182,0.191,1
"LINC01135",0.0326099114278193,-1.59610545342156,0.016,0.043,1
"SUMO3",0.0326170647271327,-0.435620301702563,0.229,0.291,1
"RHOQ",0.0326401877012909,0.271359848252106,0.068,0.043,1
"USP34",0.0327290193190017,-0.427505072423457,0.342,0.37,1
"ENSG00000266088",0.0328225628740297,-2.23773219936751,0.006,0.026,1
"RASGRP2",0.0329126478028448,-0.52756577948322,0.244,0.314,1
"LDLR",0.0329267552378537,-0.892663297196954,0.068,0.105,1
"ENSG00000288016",0.032928524926824,-2.50415605554017,0.008,0.028,1
"EIF4E3",0.032963445439741,0.179108902247069,0.164,0.112,1
"QPRT",0.0329880531365282,-3.50643069431214,0.002,0.018,1
"APOOL",0.0330340114831493,0.862598744458456,0.041,0.018,1
"ETNK1",0.0330994308456322,0.354370345967977,0.303,0.219,1
"KLF3",0.0331157622822119,0.340577588049219,0.545,0.482,1
"CISD2",0.0331680367116653,0.481741845156712,0.248,0.214,1
"RPL12",0.0332745312932578,0.128677828329662,1,0.997,1
"ATF5",0.0332853278871621,0.656384127506623,0.127,0.071,1
"ICAM3",0.0333604505343589,-0.200083405459205,0.41,0.464,1
"STX7",0.0334518206921758,-0.893682367091069,0.033,0.066,1
"TMEM123",0.0334549506975128,0.183643304048522,0.539,0.436,1
"FGFR1OP2",0.0335248373099701,0.289533091803086,0.441,0.337,1
"DPH5-DT",0.0335363799816011,0.784206501787716,0.031,0.01,1
"APOL2",0.0335672988221631,-0.547422407861965,0.08,0.12,1
"CISD3",0.033632562703469,-0.817000404555326,0.092,0.138,1
"DNMT1",0.0336825574064086,0.560468727556592,0.25,0.166,1
"CHAC1",0.0336943988359408,1.2172692248842,0.049,0.018,1
"GSTCD",0.0337824289939244,1.75166738204002,0.035,0.01,1
"TOP3A",0.0338009693899803,0.941948734018872,0.07,0.031,1
"MRPL50",0.0338723917238208,0.692171893073943,0.182,0.112,1
"KARS1",0.0339392988060146,-0.619777997535579,0.109,0.161,1
"DCP1B",0.0339701267639309,-0.389003993347696,0.092,0.084,1
"PIGC",0.033993573902359,0.625010618986652,0.148,0.087,1
"CDK11A",0.0340469004421539,0.390169172384873,0.287,0.23,1
"PARL",0.0340512566781056,0.502824970012005,0.207,0.156,1
"TARS1",0.0341431788248394,0.538350197932585,0.342,0.25,1
"ENSG00000258657",0.0341745238003579,-1.05254180647898,0.043,0.084,1
"TRIM22",0.0342495999115844,-0.35239161569646,0.326,0.398,1
"RPN1",0.0342894272384448,-0.324047506874632,0.414,0.472,1
"TBCB",0.0343447515412466,-0.396770349052471,0.27,0.342,1
"DGLUCY",0.0344628663100043,-0.97445771531776,0.055,0.084,1
"SERPINI1",0.0345444624560326,-2.48166477824344,0.004,0.023,1
"NME6",0.0345543508700548,1.33061523602386,0.061,0.028,1
"PCBP2",0.0345705785558278,-0.186580488871514,0.459,0.462,1
"ADARB1",0.0347118820780405,-0.894383451562657,0.062,0.079,1
"SNHG32",0.0347300046817884,0.343196919990279,0.383,0.283,1
"RPS20",0.0348285851214703,0.201109902489657,0.885,0.834,1
"MSANTD3",0.0348675364868482,1.40083587322485,0.045,0.015,1
"LRIG1",0.0348690255828377,0.455939383065375,0.141,0.094,1
"ZNF594",0.0349154211697465,-2.95560579996266,0.002,0.018,1
"ENSG00000222043",0.0349583797199061,-0.478989070462403,0.014,0.038,1
"SRFBP1",0.0350304797884124,0.796878318029982,0.131,0.082,1
"CMC2",0.035111789927326,0.397476824988782,0.473,0.388,1
"DYRK1B",0.0351431436426011,0.60455219346764,0.184,0.12,1
"GOLIM4",0.0351466455838979,1.42620418772451,0.068,0.031,1
"LTA",0.0352774149663805,0.829993826061823,0.154,0.092,1
"LAT",0.0353398892582051,-0.353598337229073,0.543,0.597,1
"DBR1",0.0353812136303792,0.700207831999021,0.08,0.038,1
"ACTN4",0.0354348160009633,0.323752691555299,0.525,0.477,1
"IFT52",0.0356083055875279,0.51095092086617,0.146,0.087,1
"DDRGK1",0.0356225935336895,-0.506518243109333,0.162,0.207,1
"MBD2",0.0356545693025929,-0.110088108394173,0.256,0.232,1
"EMP3",0.0357996710186427,-0.157035193182068,0.82,0.857,1
"RASSF2",0.0358394850887464,0.603027210062575,0.258,0.173,1
"ENSG00000274265",0.0359774612409001,0.297001835487666,0.24,0.232,1
"SCART1",0.0359780482517458,1.79069842105661,0.045,0.015,1
"MRPL44",0.0359815609088047,0.524826277534561,0.203,0.135,1
"ASPSCR1",0.0359986373611809,-0.233796667842634,0.07,0.059,1
"APMAP",0.0360416338870149,-0.236149553492468,0.562,0.587,1
"VAMP1",0.0361000554369025,0.843270106611634,0.08,0.041,1
"TANC2",0.0361892511538817,0.522899257452176,0.15,0.092,1
"C17orf67",0.0362297425455275,-1.48808482945807,0.016,0.043,1
"CYTH3",0.0362749377186107,0.599430294555225,0.102,0.059,1
"DCTPP1",0.0363360640324706,0.915563460422398,0.076,0.038,1
"PSMC5",0.0364086283880075,-0.351657688323403,0.342,0.365,1
"GPR89A",0.0364405953590349,-0.517406984899624,0.1,0.105,1
"ORMDL3",0.0365489534608339,-0.461547010794634,0.104,0.117,1
"TOE1",0.0365992082161279,0.807340984951969,0.086,0.046,1
"ZNF337-AS1",0.0366593342626966,1.14772084529247,0.031,0.01,1
"ANKRD39",0.0367439586300956,-0.908246822660562,0.072,0.11,1
"PRPF31",0.0367507058354369,0.615087597630765,0.193,0.133,1
"SAFB",0.0370290263522493,0.46509515192635,0.271,0.191,1
"IRF1",0.03712820377126,0.228022306751777,0.811,0.755,1
"PBX4",0.0372459748443824,0.267926785694622,0.426,0.321,1
"ENSG00000290079",0.0373621680204631,-2.73097336505679,0.002,0.018,1
"CHMP5",0.0375325137167724,-0.400753562769635,0.17,0.189,1
"ZNF26",0.0375995583653106,1.22290910815253,0.07,0.033,1
"COQ2",0.0377891423628178,0.435097776853249,0.074,0.046,1
"DIAPH1",0.0380696410585865,-0.391216644209692,0.391,0.439,1
"NOL9",0.038099373559696,0.471603352074303,0.121,0.071,1
"MIS12",0.0381868105273065,0.107183224650785,0.127,0.092,1
"XCL1",0.0382726240658994,1.41672770811329,0.059,0.071,1
"ZNF212",0.0385212217790451,1.25293177784774,0.066,0.028,1
"KIFAP3",0.0385758004758139,0.650040706741865,0.156,0.094,1
"ERCC1",0.0386121922657293,-0.409724972158466,0.162,0.196,1
"METTL21A",0.0387353847102925,0.694945048861241,0.131,0.074,1
"LRP10",0.0387857646940407,-0.363578151026942,0.221,0.24,1
"SCRN2",0.0388083025805699,0.243064767349161,0.09,0.056,1
"PAFAH2",0.0390146385690628,0.763348662472879,0.111,0.059,1
"MATR3",0.0391503776647392,0.318581663426474,0.723,0.635,1
"PEX13",0.0392986950063091,-0.614024657045378,0.096,0.128,1
"ARF5",0.0393840080930371,-0.292934876742827,0.506,0.556,1
"EIF1AX",0.0394361478016766,0.308098797857524,0.492,0.446,1
"LINC01871",0.0394542167242692,-0.726509637311822,0.127,0.161,1
"SLC25A44",0.0395575644783309,0.753800378700161,0.092,0.046,1
"MRPL43",0.0396231991947453,-0.28068504536111,0.197,0.194,1
"UBE2D3-AS1",0.039742877056957,-0.815344489949847,0.012,0.005,1
"JADE1",0.0397441244866383,0.533003544529622,0.16,0.107,1
"SAMHD1",0.0397995340414854,-0.166567753747687,0.268,0.319,1
"H2AC6",0.039828209477039,-0.520917419093009,0.182,0.222,1
"RPLP1",0.0399319644589724,0.139368855723107,1,1,1
"SLA",0.0399666125801322,0.434640113098413,0.545,0.454,1
"H2BC5",0.0399949024188508,-0.178803138906418,0.01,0.023,1
"MIR646HG",0.0400390115550964,-2.75713079892132,0.004,0.023,1
"CD2",0.0401732460222154,-0.386373810773899,0.277,0.344,1
"BRD8",0.0402261683736625,0.767928628005438,0.137,0.084,1
"UBE2V1",0.0402780776826683,-0.234423675990715,0.424,0.477,1
"ACBD6",0.0402909437440114,0.513775182322523,0.16,0.105,1
"TCEA1",0.0402989012844395,0.368584481891242,0.471,0.362,1
"EID1",0.0403162177686575,-0.354269360585675,0.273,0.327,1
"SLC10A3",0.0403625661863431,0.504560165320636,0.266,0.196,1
"VIPR2",0.0404844934002703,-0.802391451985204,0.039,0.071,1
"BCAS4",0.0405815304124366,-1.08182108086737,0.041,0.082,1
"ZNF839",0.0408085681484269,-1.3960829631228,0.004,0.018,1
"CHKA",0.0408553576149391,0.314075518407857,0.109,0.069,1
"DNAJB4",0.0409619154439069,-1.09160014548481,0.066,0.11,1
"SOAT1",0.0410292348220214,-0.426372073319245,0.131,0.151,1
"ARHGAP4",0.0410565686498387,-0.442357605542419,0.291,0.352,1
"RFX2",0.041092168734918,1.01493742594984,0.088,0.048,1
"SPTY2D1",0.0413055709325653,0.458906811085216,0.352,0.276,1
"KLRK1",0.0413067909104571,-0.24354466340978,0.492,0.571,1
"CX3CR1",0.0414225721996906,-0.95761950204874,0.066,0.122,1
"RSRC2",0.041439739823909,0.338227970362857,0.611,0.543,1
"CHRAC1",0.0414608140407117,0.499905398224926,0.266,0.181,1
"CCDC85C",0.0417806389204498,-0.502426530111508,0.121,0.161,1
"ANKS6",0.0418860897697481,2.30738647897401,0.025,0.005,1
"PGLS",0.0419154601198152,-0.517326191122847,0.172,0.224,1
"MED1",0.04192131654049,0.625241724901216,0.193,0.122,1
"ABCG1",0.0419816184542318,0.316292740595252,0.24,0.158,1
"BIK",0.0420668154863846,0.244898196393855,0.084,0.048,1
"SFMBT2",0.0421103421629716,-0.632525395130598,0.154,0.199,1
"PHF10",0.0421712772506375,0.467332396097816,0.137,0.082,1
"PRAF2",0.0421966900928042,-0.592745281434696,0.07,0.094,1
"MCRIP1",0.0422923616934345,-0.49145116625757,0.172,0.202,1
"CPOX",0.0423123072449639,0.674435126651278,0.062,0.033,1
"PRR14L",0.0423989235341382,0.915255611207041,0.123,0.069,1
"PCNP",0.0427384065468887,0.382107318817109,0.35,0.26,1
"ITK",0.0427511854526978,-0.370837868080182,0.236,0.311,1
"TRBV19",0.0428107519323537,-2.66917796073433,0.01,0.031,1
"DOP1A",0.0428522110405239,0.479751484429196,0.127,0.079,1
"MIA2",0.0428665228908652,0.423655862826226,0.291,0.219,1
"CD83",0.0429048196501611,0.24181305873956,0.348,0.268,1
"SARAF",0.0429215410363056,0.155354295319337,0.951,0.916,1
"SAMD1",0.0429416099112518,2.32599139548481,0.031,0.008,1
"UBE2H",0.0429719418775774,-0.102762624726295,0.334,0.304,1
"CAMK2N1",0.0431766183227531,-0.370591382787127,0.098,0.092,1
"LUC7L3",0.0431832579256794,0.408995972487659,0.311,0.25,1
"MYNN",0.0432775853613952,0.682740903561967,0.133,0.079,1
"MT1E",0.0433582667917828,0.437100722145202,0.129,0.179,1
"NAGK",0.0433628913380335,0.332191363935752,0.158,0.102,1
"RSPH3",0.0433646940549012,1.80890703336843,0.043,0.015,1
"TSPAN17",0.0435430824312268,-1.84325602482914,0.016,0.041,1
"SMPD2",0.0436360561068031,0.577870507778288,0.143,0.084,1
"PDE3B",0.0439192938754148,0.255436846417452,0.504,0.393,1
"OSBP",0.0439298789105428,0.256067016207847,0.221,0.163,1
"PRPF39",0.0440331287233223,0.345708497188097,0.143,0.094,1
"NIBAN1",0.0440418284666499,0.381013398913965,0.455,0.342,1
"HSPA5",0.0443695649330005,-0.204372471059651,0.752,0.778,1
"DHX29",0.0443956415296346,0.586287788977458,0.191,0.135,1
"ATXN1",0.0445465236216356,-0.234211771859765,0.404,0.464,1
"ZNF331",0.044549746890423,-0.245178401746946,0.418,0.495,1
"NUCKS1",0.0445733608423492,-0.309942041392036,0.344,0.347,1
"STK3",0.0446567063789729,-0.849264335844346,0.021,0.048,1
"HSBP1L1",0.0446709980387916,-1.64120845125227,0.012,0.036,1
"STARD7",0.0447120946526889,-0.407006045623941,0.344,0.393,1
"PSMA6",0.0448028121928561,-0.266660347156381,0.506,0.536,1
"NCR3",0.0448336361148993,-0.134290009082619,0.244,0.224,1
"SLCO3A1",0.044847903736845,0.142829770815653,0.254,0.199,1
"ZNF268",0.0448831933457292,0.744752008084396,0.057,0.023,1
"TMED2",0.0449971686369948,-0.188608390666326,0.354,0.344,1
"FAM204A",0.0450744925689337,-0.232333875266146,0.223,0.224,1
"TRPV2",0.0451121251411997,-0.738498946269597,0.074,0.12,1
"SPRY1",0.0451613142454483,0.673707624716098,0.062,0.028,1
"SLAMF1",0.0451727626358604,0.779207264677977,0.131,0.074,1
"SP2",0.0451985772423864,0.621323872638445,0.131,0.077,1
"CSNK1G3",0.0452284519072979,0.262299078110286,0.248,0.181,1
"ANXA1",0.0452757224121638,0.221607014779075,0.787,0.806,1
"ATXN10",0.0453635733275415,0.149223743917064,0.176,0.13,1
"ITGA4",0.0454191349808685,-0.292154501592523,0.4,0.459,1
"TENT5A",0.0455457249643246,-0.373055072288338,0.047,0.079,1
"PPM1K",0.0457680059178523,0.395178763004793,0.252,0.173,1
"PANK3",0.0457973198404496,-0.46619182222642,0.109,0.115,1
"CTSS",0.04580633646975,-0.439941261580106,0.242,0.296,1
"UBE2Q2P1",0.0458206788389184,3.08592885105116,0.025,0.005,1
"GTDC1",0.0459435646676499,0.169835443504946,0.195,0.145,1
"C11orf71",0.0460047446419533,-1.45929284596859,0.023,0.051,1
"RNASEH2C",0.0461345496446106,-0.374672858781624,0.213,0.263,1
"ST3GAL3",0.0461359936807241,1.11441360747599,0.045,0.018,1
"ELP2",0.0462279461678478,0.53932871436837,0.258,0.181,1
"ARFGEF2",0.0463441660257575,0.587755051042417,0.145,0.089,1
"CPQ",0.0463778422322589,0.411869623324331,0.043,0.023,1
"FDX1",0.0464414462273182,0.515686268270724,0.398,0.309,1
"POLR3D",0.0464470835951053,-0.930010272405025,0.049,0.084,1
"GKAP1",0.0464591118412206,0.756983836869778,0.119,0.066,1
"SLC4A1AP",0.0464801215484295,0.637005464976341,0.152,0.092,1
"SERPINB9",0.046530799432022,-0.181457633075568,0.549,0.513,1
"RSBN1L",0.0465380038059891,0.495838688975349,0.281,0.199,1
"ENSG00000289788",0.0465407289024002,1.74751398848684,0.039,0.013,1
"MSH6",0.0465421653686995,0.12597975703102,0.082,0.054,1
"TSC22D1",0.0465671547123787,0.77630701095868,0.104,0.056,1
"ENSG00000270055",0.0467551786572764,2.41115494442848,0.02,0.003,1
"RNF24",0.0467769619507311,0.700356627512822,0.078,0.038,1
"PPP1R11",0.0468501233957325,0.3145363796712,0.297,0.219,1
"FILIP1L",0.0469000804172294,1.10152265096705,0.135,0.082,1
"BEX4",0.0469414642619268,-0.584412089786861,0.158,0.217,1
"TYW1B",0.0470931781580404,0.916173257867965,0.094,0.048,1
"SMIM15",0.0472427077854642,0.710271301297301,0.174,0.107,1
"FAM210B",0.0473544205213614,-1.48352515637646,0.012,0.036,1
"PCMT1",0.0474497976260211,0.46883041711454,0.275,0.191,1
"RHOT2",0.0474901420717061,-0.509736939645996,0.178,0.214,1
"SYNJ1",0.0475040145206338,0.882994517032418,0.143,0.084,1
"ZNF816",0.0476513652522339,1.70415720100759,0.025,0.005,1
"ZC3H7B",0.0477106195776249,-0.877907121500099,0.061,0.094,1
"YTHDC2",0.0477611570113984,0.761679685100768,0.16,0.102,1
"ZNF683",0.0478197892332104,-1.00411348203323,0.088,0.135,1
"NDUFB4",0.0479590627155291,-0.237816623664485,0.471,0.513,1
"MBIP",0.0479853693231718,0.62884841792433,0.145,0.087,1
"TIFA",0.0480069874210642,0.884994084744915,0.131,0.077,1
"TRAV8-3",0.0481805591237579,-0.529522212724341,0.012,0.023,1
"HEXIM1",0.0482405660665979,0.244788802442871,0.207,0.151,1
"TRIT1",0.0482834892205987,0.905587168755941,0.072,0.036,1
"MRPL28",0.048405074374446,-0.402937195345428,0.148,0.168,1
"TENT2",0.0484450262013713,0.281214484279809,0.346,0.263,1
"RASGRP1",0.0485230260096158,0.501159913289943,0.314,0.232,1
"ACTR2",0.048564444087137,-0.282071731177156,0.488,0.533,1
"HSD17B7",0.0486020272056589,0.778945624719304,0.131,0.087,1
"METRNL",0.0486049057336087,0.334131969524022,0.744,0.653,1
"NLRC5",0.0486720629949648,-0.541279753668913,0.229,0.286,1
"FER",0.0488294666062572,2.10942612425085,0.035,0.01,1
"ABL1",0.0488445413370714,0.264797844289595,0.17,0.125,1
"ZNF33B",0.0488510805441559,0.91251203230834,0.09,0.046,1
"AP1S3",0.0489380943280127,1.83886813257883,0.029,0.008,1
"TLE5",0.048995763638682,-0.201782009301019,0.859,0.86,1
"ZBTB44",0.0490084160229627,0.429488468812344,0.238,0.168,1
"CD37",0.0491630172085215,-0.2246953297196,0.756,0.778,1
"APOBEC3G",0.0491796574643804,0.285702568575655,0.758,0.679,1
"GRAMD1B",0.0492109876120275,0.662193322446058,0.336,0.23,1
"CD244",0.0492403888089676,-0.90788173188817,0.047,0.082,1
"SEMA4D",0.049243774543038,-0.427334436968397,0.311,0.362,1
"CCDC74A",0.0492633059152447,2.70600363673641,0.02,0.003,1
"UBR7",0.049305737190485,0.507617686569502,0.123,0.071,1
"SEC22B",0.0493470554305846,0.246316710678007,0.176,0.125,1
"ICA1L",0.0493853778783409,2.36701532053109,0.02,0.003,1
"MED12",0.0495722835809905,-0.63772454024119,0.062,0.074,1
"C4orf3",0.0495781275883076,-0.24155215748758,0.379,0.431,1
"CDCA7L",0.0495899878513377,-1.86090378543363,0.004,0.02,1
"SPATC1L",0.0495902331525072,2.06235480847387,0.02,0.003,1
"WDFY1",0.0496113940215158,-0.549965409814731,0.137,0.158,1
"USP22",0.0496139623140419,-0.398173823890499,0.225,0.25,1
"CD3G",0.0496606159837522,-0.252100567622932,0.48,0.546,1
"SLC66A3",0.0496636524440802,-0.798643431619657,0.061,0.089,1
"FEM1C",0.0497436532681666,-1.05234071767769,0.068,0.107,1
"CHD2",0.0497474255562298,0.238852151829203,0.645,0.548,1
"ENSG00000288930",0.0498270928516667,-2.08393850367499,0.008,0.028,1
"GRN",0.0498413300200863,-0.97120931461559,0.068,0.11,1
"TBC1D15",0.0498540700739373,0.348017821274687,0.289,0.207,1
"SOD1",0.0498905222841031,-0.107833297006737,0.646,0.617,1
"TRIM21",0.049921926135949,0.434225766654657,0.115,0.071,1
"BCL9L",0.0499591859900288,0.347807368380426,0.395,0.301,1
"NAA38",0.049985757464785,-0.403207109320305,0.201,0.222,1
"SLC25A46",0.0501155413684847,0.828189875855868,0.129,0.079,1
"NUDCD2",0.0501295166988732,0.410549985660711,0.131,0.082,1
"KIAA0586",0.0503283834048437,0.437340840316931,0.1,0.054,1
"SLC25A38",0.0503515431147516,0.484372472575334,0.182,0.133,1
"PHC2",0.0503847315910047,0.579556454786136,0.174,0.11,1
"SEC22A",0.0504522691456642,0.785456189590573,0.115,0.064,1
"AREG",0.0505309524858854,1.38719433160813,0.064,0.028,1
"LAT2",0.0505350992624224,-1.03088096548536,0.016,0.038,1
"C11orf98",0.0506073932786754,0.160088275254507,0.309,0.242,1
"CCL28",0.0507402806130155,-0.446042607978837,0.012,0.031,1
"ITGA1",0.0507720900930367,-1.73325223407111,0.012,0.031,1
"CACNA2D2",0.0507914076293517,0.426006079552623,0.084,0.046,1
"ZNHIT3",0.0508971728500852,0.486109094588721,0.314,0.23,1
"STX8",0.0509014752374641,-0.148087882907395,0.129,0.166,1
"RIC8A",0.0509355798720485,0.444627696580436,0.387,0.286,1
"KIDINS220",0.050936443236292,0.273904532672343,0.203,0.143,1
"RPL10A",0.0509923250919995,0.139404038070084,0.979,0.982,1
"LTN1",0.0511020566853266,0.906602028561273,0.123,0.071,1
"TOX-DT",0.0511241749119142,-0.615720061017135,0.059,0.066,1
"GNL3L",0.0512459612292674,0.663754831579915,0.094,0.056,1
"CKLF",0.0512921479288461,-0.185690411363605,0.227,0.268,1
"RANBP3",0.0512975972981604,0.705150890555016,0.172,0.112,1
"DOK2",0.0513432283003045,-0.405844471391444,0.346,0.418,1
"MBD5",0.051457875344812,-0.641016068876114,0.168,0.186,1
"B3GNT7",0.0515239034810773,1.3870834214474,0.035,0.01,1
"IL23R",0.0515413708480206,1.29220098329474,0.066,0.038,1
"LRRC37A3",0.0515911320436098,0.850517696934838,0.068,0.036,1
"RNF181",0.0516356647275304,-0.298494909351608,0.436,0.462,1
"RIPK2",0.0516735223106939,-1.09346793648192,0.072,0.11,1
"GTF2F1",0.0517905318007021,0.421477714566712,0.271,0.214,1
"TOMM7",0.0518635166065621,0.140140234157931,0.883,0.801,1
"AK2",0.0519145943502217,0.261441619941895,0.18,0.13,1
"SLCO4C1",0.0521249508965413,-0.893069951980741,0.029,0.059,1
"GNB1",0.052130018547349,-0.26176010045307,0.549,0.559,1
"RAF1",0.0521532016633178,0.496386375215881,0.246,0.171,1
"ENSG00000291214",0.0521899795672627,0.339205237228499,0.23,0.168,1
"RAB29",0.0522772438045342,0.204246206949521,0.383,0.296,1
"FASTKD2",0.0524626037446664,0.439646409667058,0.129,0.087,1
"PELI1",0.0524743526813388,0.151600040022454,0.137,0.156,1
"AQP3",0.0524967343286919,0.405593835553903,0.246,0.158,1
"FAM53B",0.0527157004317466,-0.383424890929301,0.244,0.263,1
"PLK2",0.0527655886307151,-1.70227170220072,0.016,0.036,1
"HLA-DMA",0.0528166450742331,-0.85878626329266,0.051,0.084,1
"DENND1B",0.0529135197423743,-0.480238203830884,0.191,0.222,1
"FN3KRP",0.0530186930789117,0.731519661114222,0.105,0.059,1
"TRIM39",0.0530552876035767,0.546679063016346,0.127,0.074,1
"IFNGR1",0.0530742446537585,0.478149405908438,0.422,0.316,1
"MPZL3",0.0530831889262825,0.602768013230547,0.293,0.204,1
"ZNHIT6",0.0532149757508755,0.127150431190287,0.059,0.038,1
"RPS24",0.0532444982392998,0.126271565759423,0.998,1,1
"DPM3",0.0533056908223592,-0.753969880853118,0.09,0.133,1
"PTPN11",0.0533084133369192,0.332211532417709,0.223,0.158,1
"ADAT2",0.0533684653440662,-0.725681897252767,0.068,0.102,1
"BAG5",0.0533928000302026,0.538882445166118,0.176,0.115,1
"PTK2",0.0536804883775964,2.44573616536509,0.029,0.008,1
"ENSG00000251034",0.0537150213645428,-1.17147768903592,0.027,0.059,1
"PPP2CB",0.0537496010305062,0.901075621999813,0.104,0.056,1
"SHISAL2A",0.0539072836296922,0.353962323196781,0.166,0.112,1
"GIMAP5",0.0539391659174829,0.479885918577851,0.336,0.255,1
"MGAT1",0.0539565561371639,-0.125081710461479,0.41,0.383,1
"NISCH",0.0539995218892298,0.739041961364954,0.129,0.082,1
"TAF1C",0.0540032450249543,0.922623843777544,0.078,0.038,1
"PPP4C",0.0540592202773727,-0.13073506311837,0.527,0.533,1
"NBN",0.0541388513175999,0.494080682735425,0.15,0.122,1
"FAM120AOS",0.0542171179711569,-0.48978972526184,0.164,0.196,1
"KLHL42",0.0542171945848901,1.10052164003342,0.094,0.048,1
"RBM43",0.0542681051877905,1.4123466798785,0.047,0.018,1
"QRSL1",0.0544116496454917,0.885620280875741,0.057,0.026,1
"SLC41A2",0.0544959517209643,1.21033920855107,0.041,0.015,1
"SNAP29",0.0545306108630886,0.533574606466649,0.156,0.097,1
"CLK1",0.0545601256275601,-0.312780612753142,0.52,0.556,1
"TRBV11-2",0.05463817047033,0.454563967880071,0.012,0.003,1
"BTBD2",0.0546511681542634,-1.5273158433155,0.025,0.054,1
"RESF1",0.0546992941809938,0.405264877990196,0.391,0.306,1
"TMEM154",0.054804802747296,-0.366994826177761,0.09,0.094,1
"IFNAR1",0.0548968438291623,0.380629712030576,0.244,0.168,1
"PAG1",0.055065693803183,0.637504956409491,0.242,0.168,1
"ATG14",0.0552689925909254,0.671420314602664,0.172,0.112,1
"SSX2IP",0.0553630196432019,1.14409382206618,0.078,0.038,1
"PDE4B",0.0554284620338124,-0.189965089945774,0.541,0.551,1
"PTPMT1",0.0557259098648202,-0.443614417175357,0.143,0.158,1
"PUM2",0.0557283138589989,0.301038818531591,0.385,0.298,1
"HIVEP1",0.055915061466696,0.33280603017241,0.217,0.151,1
"INTS4",0.0559261560439999,-0.685834334006088,0.09,0.125,1
"ENSG00000282885",0.0559587574885907,0.78569321889605,0.184,0.133,1
"C6orf89",0.0559702190173495,0.533108194045911,0.154,0.097,1
"SREK1IP1",0.0560074860944389,0.445424657242467,0.275,0.196,1
"TRGV8",0.056009019394081,-0.114912073424708,0.105,0.079,1
"KIZ",0.0560494667575995,0.382579267833969,0.121,0.079,1
"ICOS",0.0561633953224708,-0.722221304376754,0.115,0.161,1
"GIHCG",0.0562599817603417,1.35481479606917,0.076,0.038,1
"PIK3CA",0.0564122425660684,0.645498454880143,0.182,0.115,1
"SDHB",0.056490185413264,0.496298622881792,0.33,0.237,1
"MAP9",0.0565026698588331,1.04433466558816,0.086,0.043,1
"DDX5",0.0566351707836357,0.109291043085481,0.938,0.926,1
"PRPS1",0.0566696531304455,0.353741212599685,0.219,0.158,1
"QPCTL",0.0567225809883446,-1.09790191692503,0.035,0.066,1
"GOLPH3-DT",0.0567829220725185,-1.70388581520017,0.008,0.028,1
"KLHL6",0.056817018952247,-0.232642288277355,0.076,0.059,1
"GRHPR",0.0570160035311708,-0.55625576609986,0.092,0.115,1
"NFKB2",0.0571568411092178,0.265969991908183,0.568,0.457,1
"PIK3C2B",0.0573619862200959,-0.848453415993637,0.041,0.074,1
"SNHG15",0.057415816427221,0.340891672838216,0.453,0.408,1
"MPC1",0.0574563759033626,0.412179081811912,0.23,0.166,1
"ENSG00000284634",0.0575054766484795,-0.745220010918276,0.074,0.117,1
"RWDD1",0.0576368121000393,0.333233990965382,0.49,0.436,1
"PACC1",0.0576791173879972,0.917669607388744,0.105,0.059,1
"ATP5F1E",0.0577241879767014,-0.156152772213879,0.939,0.921,1
"RMND5A",0.0577493033648257,-0.416425915309681,0.246,0.296,1
"PDLIM2",0.0577921584095547,-0.532140265520378,0.121,0.173,1
"MCU",0.0577948428038003,-0.600301626818338,0.092,0.13,1
"EMC8",0.0578595613573453,0.501983106367828,0.207,0.14,1
"AKNA",0.0579088199644393,0.264858451104315,0.686,0.64,1
"DARS1",0.0579425522601699,0.456410625793576,0.219,0.153,1
"CD48",0.0582036661348329,-0.174090501444537,0.568,0.633,1
"NPTX2",0.0583857186022217,1.62743164976402,0.021,0.005,1
"MTFR1",0.0584063139378484,0.845874553269956,0.131,0.077,1
"FAM217A",0.0584121606173609,1.05937039250177,0.016,0.003,1
"ZNF45",0.0586813627894005,1.06926699792394,0.055,0.023,1
"ATP6AP2",0.058877228870801,-0.349494775590723,0.301,0.337,1
"USP30-AS1",0.0590235829117764,-0.77900525699785,0.037,0.066,1
"FAM114A2",0.0590493317728518,1.50587438931862,0.043,0.015,1
"LTB",0.0591787325575979,0.398639500618485,0.385,0.281,1
"ENSG00000290560",0.059270854298048,1.05835827456326,0.062,0.028,1
"UBAP1",0.059286797476909,0.425470775602344,0.369,0.291,1
"ATXN7L2",0.0593203568934711,0.425077235724532,0.078,0.041,1
"PRCC",0.0593381057800127,0.215622204642739,0.23,0.166,1
"OPTN",0.0594189833959173,0.217672284012683,0.559,0.457,1
"SAMD4B",0.0595115220003673,0.705405324536576,0.164,0.105,1
"OAT",0.0595434551610223,-0.21498828948413,0.367,0.342,1
"IQSEC1",0.0595668686488107,-0.641132100219069,0.123,0.148,1
"GLCCI1",0.0595866047323308,0.403333294755383,0.506,0.403,1
"POLG2",0.0597349577364254,-1.33798684365853,0.025,0.054,1
"ZNRD2",0.0597358940025154,-0.197560294762966,0.291,0.283,1
"ACAA1",0.0598037542060944,-0.53887528439688,0.143,0.191,1
"GIMAP4",0.0598594028343187,0.217075009617224,0.273,0.263,1
"LTK",0.0600419179080428,1.10067479996434,0.059,0.028,1
"KLHDC1",0.0600611474345542,-1.48535135532267,0.01,0.031,1
"ELAVL1",0.0603225379581352,0.1657440571183,0.268,0.214,1
"GTF3A",0.0603332045829267,-0.317645353719058,0.379,0.39,1
"ENSG00000272449",0.0603575825315809,-0.560705367535051,0.111,0.163,1
"LINC01882",0.0604195668135467,-1.40566614634462,0.027,0.051,1
"CCDC18-AS1",0.0605000397952071,0.673978474008196,0.127,0.079,1
"ATG3",0.0605388342917838,0.438404734735036,0.354,0.26,1
"ATP5MC2",0.0605431148228451,-0.185179216501349,0.801,0.804,1
"ALDH4A1",0.0605780128263392,-1.05487253001827,0.004,0.018,1
"BTG1",0.0606361458674973,0.168603198798574,0.98,0.98,1
"BIN3",0.0608008805115125,0.480975226481676,0.152,0.097,1
"RPP21",0.0608726730273129,0.405072724333384,0.4,0.306,1
"DDX24",0.0609060612242113,0.281239297172111,0.771,0.696,1
"CUTA",0.0609664794919205,-0.214836346668467,0.465,0.513,1
"MFSD5",0.0610771077774802,0.505141543314023,0.184,0.117,1
"FAM172A",0.0610852613831121,0.357602640355011,0.252,0.181,1
"APAF1",0.061137241329248,-1.32987354597658,0.041,0.069,1
"NUB1",0.0611395227952923,0.453924002033899,0.34,0.253,1
"PATJ",0.0611637193382881,1.8113753045106,0.029,0.008,1
"IFT88",0.0613611221750885,1.03148555781553,0.043,0.015,1
"ARL2",0.0613780730146555,-1.13610243029318,0.035,0.064,1
"LEO1",0.0614000320663633,0.751315204366128,0.166,0.105,1
"ENSG00000283103",0.0615899091448188,-0.802734378574868,0.053,0.089,1
"DENND4A",0.0615899129359158,-0.164527729147005,0.467,0.459,1
"TOLLIP-DT",0.061625597737196,-2.65595880801174,0.002,0.015,1
"YKT6",0.0616895285347848,-0.403629163464747,0.119,0.143,1
"LBH",0.0617012272546021,0.382156380579899,0.465,0.39,1
"KCNK6",0.0618398558885982,0.846124703253167,0.078,0.038,1
"GSTO1",0.061866790821908,-0.286499296920263,0.287,0.327,1
"RRM2",0.0619804152669458,-2.82637044956043,0.004,0.02,1
"SLC1A4",0.062006175796479,0.510205749218828,0.125,0.077,1
"CDK8",0.0620210455434263,0.787183455564737,0.131,0.082,1
"GORASP2",0.062078623286925,0.356351209871259,0.344,0.255,1
"ZNF266",0.062105068085038,0.687006554770383,0.135,0.082,1
"XAF1",0.0621064158350535,-0.528351804351273,0.176,0.23,1
"MRPS21",0.0622011351661138,-0.369753838876322,0.301,0.327,1
"TPST2",0.0623236002546584,-0.326377724071435,0.229,0.253,1
"MARCHF2",0.0623378991750654,-0.707710255629634,0.051,0.082,1
"SOCS2",0.0624352730293428,-0.7211724674908,0.02,0.041,1
"GEMIN8",0.0624603013018259,1.21152243052729,0.078,0.038,1
"RRP36",0.062465446523583,0.424625633607163,0.279,0.199,1
"C1orf109",0.0625198789441351,1.06466754187567,0.047,0.018,1
"JPX",0.0625407972633543,0.595402326094621,0.195,0.13,1
"CERS6",0.0625465910317871,0.118667265417712,0.1,0.079,1
"PARP9",0.0625553142729182,-0.76975993674196,0.08,0.117,1
"FIP1L1",0.0626221188700777,0.468236873234178,0.322,0.24,1
"S1PR4",0.0626280631704242,0.223548630784479,0.539,0.426,1
"UNC50",0.0626725751096213,0.373538310111948,0.162,0.107,1
"RABGAP1",0.0627278617219757,0.577051567017456,0.178,0.115,1
"GLCE",0.0628044904587946,-0.844887443315538,0.02,0.043,1
"LUC7L",0.0628301590288048,0.399212595777233,0.334,0.263,1
"TRBC1",0.0629563414058064,-0.299570935063727,0.533,0.546,1
"ENSG00000290928",0.0630653494090498,0.503162187434236,0.15,0.115,1
"ENSG00000277476",0.0630917931865475,1.73400745347429,0.02,0.005,1
"DUSP4",0.0631348630128108,0.848194487830601,0.166,0.115,1
"G6PD",0.0632086922076045,-0.408209741071992,0.135,0.181,1
"HOOK2",0.0632186617993043,-0.401204171233065,0.178,0.235,1
"KCTD17",0.0632565545518088,-1.07356090153461,0.045,0.079,1
"PDIA3",0.0634266475610308,-0.106332079129616,0.723,0.689,1
"STAG3L4",0.0634896827100121,-0.544186693045944,0.105,0.133,1
"PBLD",0.0635283004085627,-1.70052115400766,0.004,0.02,1
"FBXO38",0.0635508254319707,0.621559082342158,0.102,0.059,1
"PPM1G",0.0635616333784079,0.203543868080308,0.471,0.446,1
"ST6GAL1",0.0635678495383249,-0.357442244671298,0.107,0.107,1
"UBQLN1",0.0636285459249813,0.57642127614996,0.291,0.212,1
"TPP1",0.0636568666371386,-0.747372237425369,0.092,0.135,1
"HMGXB4",0.0638167208604142,0.728018864515816,0.154,0.094,1
"HECTD1",0.0638291280480393,-0.323789956276801,0.223,0.24,1
"TMEM115",0.0639023162994489,0.561751435098522,0.186,0.125,1
"ANXA2R",0.0639459164755311,-0.541470542580481,0.15,0.202,1
"ENSG00000279168",0.0640378831857557,-0.747513381899944,0.074,0.099,1
"ENSG00000291174",0.0640649878133356,-2.07982947877339,0.012,0.036,1
"B3GNT2",0.0640812290224935,0.325100050456143,0.479,0.375,1
"LINC01934",0.0640838956793519,-1.30903622785054,0.043,0.077,1
"MAP7D1",0.0641315194386188,0.114483668265434,0.385,0.309,1
"PSMD3",0.0641777075260382,-0.567520511040482,0.15,0.189,1
"RB1CC1",0.0642042850427375,0.350762009847428,0.418,0.316,1
"ATP5PF",0.0642349773004303,-0.254133176198142,0.338,0.352,1
"ITGB1",0.0642767888089131,-0.559050583551087,0.307,0.365,1
"PRKAG1",0.0644435287698525,0.691748431412691,0.156,0.102,1
"ZNF821",0.0644954657891853,0.259148322211011,0.088,0.056,1
"CHCHD2",0.0646053097308742,-0.14248494430913,0.865,0.862,1
"IRF2BP1",0.0646482989368537,0.487445788402906,0.121,0.079,1
"NDUFAF8",0.0647362733403265,-0.533695148714753,0.139,0.181,1
"TMX4",0.0648566063778248,0.323221105625353,0.344,0.258,1
"WDR47",0.0650455276278027,-0.190348472613203,0.193,0.168,1
"GNL3",0.065061683084615,0.422017040681057,0.312,0.25,1
"KAT6B",0.0651102098502436,0.408988446510903,0.273,0.214,1
"ENSG00000289826",0.0651738552734893,-0.82135459974242,0.053,0.092,1
"FANCE",0.0652155324538832,-1.65401736070655,0.006,0.023,1
"SLC30A9",0.0652489835804608,0.722435511528362,0.152,0.099,1
"POLR2G",0.0653419674814338,-0.356465950405897,0.25,0.273,1
"TBPL1",0.0654116278219712,-0.35670493402053,0.301,0.332,1
"COA3",0.0654552969627646,-0.423185464185343,0.104,0.117,1
"BABAM1",0.0655029645042979,-0.646877036942667,0.137,0.184,1
"TOR1A",0.0656717158456331,0.621070915879735,0.227,0.148,1
"CASS4",0.0656742303005075,-0.936719291202527,0.049,0.084,1
"MALSU1",0.0657418961701036,0.500463084315228,0.141,0.092,1
"ERCC8",0.0658771086595691,1.09726909473454,0.045,0.02,1
"WIPF1",0.0659760836158141,0.268086802416935,0.748,0.666,1
"PIP4K2B",0.066087550097448,-2.11050595402622,0.01,0.031,1
"CSNK2B",0.066262137786192,-0.173652770376307,0.562,0.605,1
"STK32C",0.0663557637010668,-0.858400856102405,0.037,0.059,1
"MICALL1",0.0664711413552381,0.900846144919567,0.084,0.043,1
"EBPL",0.0665841583642866,-0.739932586640794,0.051,0.077,1
"PDE3A",0.0665852853615155,0.951090629164009,0.092,0.048,1
"ALDH16A1",0.0666418227933449,-0.778721706827838,0.061,0.099,1
"ENSG00000291100",0.0666669377080531,-0.393058114893348,0.176,0.23,1
"UBASH3B",0.066700884075263,-0.734405081684939,0.033,0.059,1
"CDC42SE1",0.0667037470101421,-0.262699057448286,0.545,0.589,1
"RB1",0.0667535308231747,0.363134404689288,0.283,0.204,1
"DMAC2L",0.0667600113890426,-0.510271090597698,0.062,0.099,1
"ZNF441",0.0668487818375525,1.85973452415405,0.023,0.005,1
"PAQR4",0.0668491792100739,-2.89123396716935,0.002,0.015,1
"PCNX2",0.0670206919865506,0.864388189193617,0.084,0.043,1
"TTC3",0.0670602844500671,0.360588509180636,0.32,0.26,1
"NCOA5",0.0671234310292374,0.794916039513436,0.166,0.107,1
"ZSCAN25",0.0672196192096051,-0.990052276479251,0.049,0.082,1
"PINK1",0.0672453818294374,0.799791243861268,0.135,0.079,1
"GATAD2B",0.0672802554842272,0.316780020591932,0.338,0.255,1
"NOTCH2NLA",0.0673192520132902,-0.526717297083848,0.096,0.122,1
"MESD",0.0673616262694301,0.39983396194391,0.24,0.166,1
"ZNF770",0.0675011290517332,0.441773358390775,0.15,0.097,1
"CPEB4",0.0675212460075469,0.676766843376623,0.1,0.069,1
"SBK1",0.0675263401454816,-0.933546308852137,0.053,0.089,1
"FAN1",0.0675326969776315,0.899925424715354,0.021,0.005,1
"CCT6A",0.0675346235997795,-0.177597078517337,0.348,0.367,1
"TM4SF19",0.067601129764007,-1.88912374091294,0.004,0.02,1
"CHN2",0.0676219108061243,0.539836048831176,0.148,0.097,1
"TXNDC9",0.0676756124855626,0.596123779864497,0.209,0.14,1
"SRSF11",0.0677030141516973,0.254828290053824,0.645,0.589,1
"EBP",0.0678555684526351,-0.528869209623914,0.152,0.202,1
"L3MBTL2",0.0679688223563,0.501687054995899,0.072,0.036,1
"ACOT2",0.068088892102997,-0.465419094920934,0.104,0.145,1
"SGSM3",0.0680937603887828,-0.762297056172831,0.053,0.089,1
"ZNF675",0.0682784472780961,0.568789797729266,0.113,0.074,1
"KLF12",0.0684715173354679,-0.579519239769991,0.289,0.342,1
"ESPN",0.0688331320970222,1.31347293121405,0.031,0.01,1
"TG",0.0689258151979172,-0.56378184567704,0.121,0.145,1
"SAMD12",0.0689545642100696,2.73348633797378,0.023,0.005,1
"TSR1",0.068955112531386,0.608385017095153,0.104,0.061,1
"NDUFB10",0.0691188681054827,-0.2858404323615,0.338,0.388,1
"TBC1D9B",0.0692114169941861,-0.704344302842975,0.074,0.11,1
"ZNF83",0.0696375007871608,0.940496740096232,0.094,0.059,1
"CORO2A",0.0698128271539564,1.40634089383877,0.033,0.01,1
"THSD4",0.0699567698268577,-2.0346267684316,0.006,0.023,1
"HUS1",0.0699796257298789,0.560783385788254,0.156,0.105,1
"LSM3",0.0699950436823411,0.10567887287069,0.293,0.235,1
"BOLA2B",0.070034786625674,1.06879778790579,0.041,0.015,1
"CRYZ",0.0700560815189245,-1.25144275525095,0.033,0.056,1
"XBP1",0.0700808338608228,0.247020494323505,0.574,0.548,1
"ZNF550",0.0700840300164134,1.66436406845433,0.033,0.01,1
"ACLY",0.0703424640074233,-0.639111705906701,0.107,0.143,1
"DBF4",0.0704400307891366,0.383049994541771,0.303,0.24,1
"ALG2",0.0705637158986691,0.538104799774431,0.182,0.122,1
"USF2",0.07056593071862,0.310547691484562,0.111,0.074,1
"HTRA2",0.0707543962588758,0.603637448838954,0.15,0.094,1
"MOB4",0.0708375915901483,-0.256212213823085,0.467,0.515,1
"SGTA",0.0708515935231277,0.351697547843895,0.16,0.112,1
"MGMT",0.0708908005860221,-0.360943448584244,0.111,0.107,1
"SLC25A19",0.0709392346253425,-1.06074828732155,0.037,0.069,1
"USP28",0.0709895317578383,-0.830447816258584,0.074,0.117,1
"EFR3A",0.0710612520074168,0.389020201536254,0.273,0.199,1
"ERMP1",0.0710684842304198,-1.16011966445695,0.031,0.054,1
"BICDL1",0.0710884289586882,0.478237481294617,0.375,0.298,1
"RNF4",0.0711319973558579,0.485471210427417,0.311,0.227,1
"ATP11B",0.0711585174787536,-0.193030200605877,0.342,0.395,1
"TUSC2",0.0711625179311229,0.490603010510438,0.271,0.219,1
"ANKRD27",0.0712349804286003,0.577635299240206,0.088,0.051,1
"ENSG00000278376",0.0713863724751168,-1.71460838509851,0.008,0.026,1
"B3GNTL1",0.0714201708649058,0.584497634724487,0.07,0.038,1
"ANKRD54",0.0714216771755431,0.865687034340672,0.119,0.069,1
"DAD1",0.0716252846676278,-0.362957037542575,0.295,0.327,1
"AGO3",0.071675551594516,0.225260433267964,0.248,0.184,1
"SNX8",0.0716777099340279,-0.988607683002553,0.014,0.036,1
"PALS2",0.0718002232337017,-0.662354493675371,0.053,0.089,1
"CNKSR2",0.0718042611505703,0.962818883774884,0.041,0.02,1
"SMC1A",0.0718188233660469,0.518052694694904,0.158,0.102,1
"FLCN",0.0719387156862029,1.40860171535804,0.033,0.01,1
"ARPC5L",0.0720688362334308,-0.295374821263837,0.467,0.528,1
"RCC1",0.0721480281618124,0.734685244779007,0.086,0.046,1
"RNF169",0.0723699490208397,0.309260423542981,0.219,0.158,1
"PLOD1",0.0723818256580199,-1.27304132679122,0.016,0.043,1
"CAND1",0.0724180357896466,0.318577051256098,0.268,0.202,1
"BAIAP2L1",0.0724241769042574,-0.834817095710584,0.064,0.097,1
"TRAPPC6A",0.0725088291101508,-0.490564912603282,0.105,0.135,1
"MRPL23",0.0725708982645454,-0.669349637476575,0.059,0.094,1
"MAP2K7",0.0726129269828762,0.59500306281268,0.227,0.166,1
"NSA2",0.0726925828008517,0.152296806349774,0.566,0.474,1
"CYB5B",0.0727413912713577,0.212092055021142,0.256,0.235,1
"SBNO2",0.0730560670076965,-0.31812508654772,0.201,0.235,1
"MFSD6",0.0730767290262673,0.125022864505338,0.133,0.097,1
"CD2AP",0.0731523941510909,0.458810055691996,0.225,0.153,1
"RSAD1",0.0733536730508826,-0.862103815512843,0.086,0.122,1
"LINC02328",0.0733709479985378,-0.639433936434761,0.053,0.084,1
"USF1",0.0735393937962765,-0.526258323656075,0.107,0.128,1
"KIR2DL3",0.0735508432685508,0.60433506033972,0.037,0.041,1
"UTY",0.0736246968047639,-0.644046154018649,0.158,0.209,1
"PCYT1A",0.0738598412176973,0.232280442594289,0.174,0.117,1
"NRBP1",0.073985961387167,-0.258797625657781,0.398,0.436,1
"CCDC107",0.0740757813941812,0.172337470709631,0.41,0.398,1
"PPP2R5A",0.0741890543945039,-0.295310450508808,0.373,0.408,1
"ZNF565",0.0742310633548901,0.75248073618873,0.082,0.043,1
"EPB41L4A",0.0742315329156301,-1.75524249347791,0.014,0.036,1
"ABTB3",0.0743254793705527,0.53295526171073,0.377,0.301,1
"MYO5A",0.0743520920305333,-0.574006006543286,0.146,0.181,1
"RAD54L2",0.0743622671876894,0.40131801630295,0.117,0.074,1
"XIST",0.0744539923678713,0.948416453463088,0.084,0.046,1
"NRBF2",0.074457496501045,0.490356556523509,0.283,0.202,1
"KIF1B",0.0744665006562586,0.210512032824616,0.158,0.122,1
"ANKRA2",0.0745324271006494,0.191797576621647,0.109,0.079,1
"PCNA",0.0745472688552922,-0.582091557543248,0.096,0.125,1
"CST3",0.0745925412838509,-1.4800461311362,0.014,0.038,1
"CDK13-DT",0.0748638451993987,-1.86814877421752,0.006,0.026,1
"AMBRA1",0.0750578463582872,0.343165323892177,0.211,0.148,1
"PREX1",0.0750692602503244,-0.220259241617746,0.551,0.582,1
"SLC9A3",0.0750894899867037,2.49726696380541,0.018,0.003,1
"ZNF211",0.0751262555255189,0.728066091526415,0.08,0.041,1
"TP53TG1",0.0752653241424819,-0.721456404064218,0.064,0.089,1
"FAM118B",0.075347928472449,1.0923461905235,0.064,0.031,1
"BRMS1",0.0753912822193017,-0.200180541013362,0.191,0.227,1
"OSBPL11",0.0754640815054192,0.178391514434845,0.104,0.077,1
"SRRM2",0.0755641569056992,0.254453808138781,0.754,0.681,1
"YIF1A",0.0757473173712377,-0.509483822093282,0.115,0.14,1
"RAP1GDS1",0.0757623278975092,0.172258475440389,0.182,0.138,1
"DNPEP",0.0758704166663279,-0.434754237962628,0.207,0.24,1
"KIF23",0.0758755211413545,2.17410779248762,0.021,0.005,1
"ARL17B",0.0758835808971016,1.28520243303088,0.037,0.013,1
"KATNBL1",0.0758905282121967,0.505981425843244,0.154,0.107,1
"USP8",0.0760468367704792,0.194663472437457,0.299,0.227,1
"ENSG00000289211",0.0760809961112317,-1.25886633177431,0.029,0.059,1
"PGM3",0.0760811372132809,0.356546217581423,0.066,0.033,1
"FAM104B",0.0761983560899887,-1.3133391950636,0.02,0.043,1
"CCR6",0.0762453614229652,0.579744025550073,0.176,0.11,1
"BTAF1",0.0763310706291159,-0.360479737680362,0.182,0.23,1
"TAPT1",0.07633397313926,0.286819437301089,0.207,0.143,1
"TARS3",0.076445404641706,0.574359205861098,0.166,0.117,1
"SPDYA",0.0765208391639656,1.40290817055736,0.031,0.01,1
"HDAC8",0.0765963486731611,0.257865448076015,0.105,0.071,1
"UBN2",0.0768452979280936,0.673176713381397,0.16,0.102,1
"RPS12",0.0769637891186778,0.127878743116073,1,1,1
"MT-ND4L",0.0770414939477546,0.154398253487334,0.922,0.916,1
"ICMT",0.0771350938957868,-0.865890574327595,0.041,0.071,1
"HIGD2A",0.0772489655045132,-0.244170866269473,0.531,0.561,1
"KLF3-AS1",0.0773544561410029,-1.637729016554,0.031,0.064,1
"EPS15-AS1",0.0773768003878772,-1.60934903819079,0.025,0.046,1
"CAMK2N2",0.0774056137209419,2.00777660140933,0.027,0.01,1
"PANX1",0.0774579955960752,1.61033350749047,0.041,0.015,1
"DHX8",0.0775386346047905,0.520294382243927,0.221,0.158,1
"MEPCE",0.0776033666439695,-0.63148068109719,0.104,0.133,1
"MICOS10",0.0776163662205939,-0.441743987363247,0.23,0.286,1
"NDUFAF1",0.0776839486385543,0.973334142429361,0.053,0.023,1
"TRAPPC9",0.0777416071618485,-0.534124573256932,0.084,0.11,1
"ENSG00000251194",0.077742418034969,2.52865577605836,0.018,0.003,1
"GTF2A1",0.0777521151934299,0.655461211908838,0.154,0.097,1
"LIG3",0.0778359756236104,1.11304042161894,0.049,0.02,1
"PPARA",0.0780214086110229,1.17635422360021,0.055,0.028,1
"COX16",0.0780916881654128,0.384295389713895,0.322,0.24,1
"KCNAB2",0.078107630559461,0.286015894960985,0.291,0.217,1
"PLEC",0.0782359797706377,-0.922782998017113,0.143,0.179,1
"SEPTIN11",0.0782460474828424,0.223987854150324,0.191,0.14,1
"MTMR1",0.0785194054963554,0.66773632008251,0.117,0.069,1
"CENPS",0.0785206987930666,0.668938947585345,0.049,0.026,1
"ZNF767P",0.0785639285332125,0.364046037807824,0.158,0.105,1
"TRPM2",0.0786903537105805,-1.14760360874984,0.016,0.043,1
"PPP1R9B",0.0786985343866049,-0.73102042369852,0.057,0.092,1
"RBM12B",0.0787097507878788,-1.65620647879033,0.025,0.054,1
"ANKFY1",0.0787423240128577,-0.702000556368036,0.084,0.112,1
"RALBP1",0.0788488840050184,0.363443412428579,0.305,0.224,1
"FAM118A",0.0788915336899706,-0.27585071184492,0.197,0.199,1
"TRPM7",0.0789343178590799,0.471404421486054,0.328,0.247,1
"MED14",0.0789409627503249,0.442730871253657,0.26,0.191,1
"KDM4A",0.0789647254403674,0.126312197060747,0.125,0.094,1
"ASH1L",0.0790503433359833,0.206423174762532,0.469,0.38,1
"CTNNAL1",0.0790699615862332,-0.388484911876284,0.094,0.133,1
"DYNLL2",0.0791029079625117,-0.352150969652306,0.291,0.329,1
"ENSG00000290013",0.0792850563441048,1.6895894176926,0.014,0.003,1
"AKT1",0.0793772261408268,0.168304233414024,0.193,0.153,1
"DOCK9",0.0794571572757372,0.452723634410943,0.193,0.13,1
"C1orf174",0.0795752260891043,-0.14813156656432,0.18,0.166,1
"PPM1B",0.0795845510164644,-0.268052422082719,0.311,0.342,1
"RAB6A",0.0796398677831007,-0.389411590836364,0.256,0.296,1
"ENSG00000288044",0.07969412410225,-1.50829397847586,0.016,0.036,1
"GTF2I",0.0797166106013975,0.68134563076889,0.199,0.135,1
"MAP3K3",0.0798365283624326,0.759866118059124,0.145,0.092,1
"GIT2",0.0799718775589364,0.604298749863381,0.215,0.151,1
"NR4A3",0.0800412278752257,0.169708214396978,0.393,0.418,1
"PPHLN1",0.0801119538374692,-0.360191952079716,0.293,0.342,1
"GALK2",0.0801482135878137,-0.764721452011879,0.059,0.079,1
"SAMD4A",0.0801568853476918,1.14599643989359,0.045,0.02,1
"EDEM2",0.080168660668077,-0.853372547422189,0.066,0.102,1
"DDX56",0.0802139481730993,0.396806221763257,0.207,0.143,1
"TOM1L2",0.0803393101804893,0.458546087770158,0.109,0.066,1
"F2R",0.0803944973967951,0.624073286188365,0.184,0.125,1
"TMEM243",0.0804044091210069,0.324976180041835,0.342,0.258,1
"ABHD12",0.0806033741350317,-0.379188619450131,0.104,0.112,1
"LYRM1",0.0806544196238387,-0.76128380155056,0.047,0.079,1
"SUMF2",0.0806579177440427,-0.419761897536758,0.137,0.151,1
"KLF10",0.080682880211919,0.341037913890118,0.34,0.283,1
"MTFP1",0.0807966046895965,0.283010144240718,0.391,0.385,1
"DCTN6-DT",0.0810065017226463,-0.577652908802751,0.113,0.163,1
"PPP2R5D",0.0811767270840649,0.228157708276153,0.098,0.066,1
"ZNF880",0.0813476877346657,-2.03562465106639,0.008,0.026,1
"LGALS3BP",0.0813972530131754,0.603495026944553,0.043,0.018,1
"ADA",0.0814120605110455,-0.185114306928804,0.328,0.319,1
"RAP2A",0.0814955037925247,0.356016336590384,0.131,0.087,1
"ARHGEF9",0.0815351009337554,0.743481265803132,0.049,0.023,1
"MIR23AHG",0.0815369745435844,-0.550140839941838,0.264,0.332,1
"AAAS",0.0815609760045829,-0.699229826971361,0.029,0.056,1
"HMGCR",0.0815962665895107,-0.760470165361151,0.078,0.117,1
"C3AR1",0.0816175550166063,0.712607717617439,0.096,0.054,1
"ZNF384",0.0816455305215197,0.495835299592607,0.178,0.122,1
"RNF19B",0.0816810867477936,0.308791731297854,0.152,0.102,1
"DTD1",0.0816901935781752,-0.313679066951024,0.1,0.102,1
"LATS1",0.0817656335542195,0.359402324022188,0.242,0.171,1
"PDPK1",0.0820407518899458,-0.341031084040757,0.1,0.135,1
"GSK3B",0.0820532156265276,-0.548275945812871,0.207,0.258,1
"C5orf22",0.0821571865989132,-0.158605778401978,0.098,0.082,1
"TVP23B",0.0822107142922497,0.701017981730774,0.158,0.102,1
"RCL1",0.08227551359723,0.147308930193474,0.1,0.074,1
"PRKRIP1",0.0822890518747034,0.413005414249664,0.236,0.168,1
"RCAN3",0.082331552698033,0.627043671177047,0.129,0.082,1
"CAPN15",0.082462066733382,-0.530469758274448,0.062,0.099,1
"TRIM44",0.082487726554167,-0.452297795823956,0.119,0.143,1
"NICN1",0.0825274890567294,1.35964238178042,0.027,0.008,1
"EEF1A2",0.082670385388376,-1.6979030746282,0.008,0.026,1
"PPIL4",0.0827384323268372,0.363954883190108,0.275,0.209,1
"MIER1",0.082746706191457,0.375685701343876,0.496,0.403,1
"CLASP1",0.0827612198135452,0.240621128305767,0.389,0.298,1
"VCL",0.0829348022781539,-0.562030550470188,0.117,0.166,1
"PDCD7",0.0830828443442027,0.492565134088897,0.236,0.166,1
"C12orf57",0.0831858562082494,0.202035348820987,0.65,0.589,1
"EIF4G3",0.0835443191438818,-0.129808398271766,0.271,0.242,1
"THSD4-AS1",0.0836008094714721,-0.417797230776265,0.104,0.13,1
"DPH3",0.0836194496004883,0.612522025753707,0.217,0.153,1
"ENSG00000289340",0.083894015364137,1.0052051340227,0.031,0.013,1
"TP53",0.0839103973548367,-0.261994896596912,0.088,0.071,1
"COMMD7",0.0841013680901858,-0.406695063133214,0.156,0.204,1
"ZNF10",0.0841214156257331,0.835852645382095,0.082,0.051,1
"THAP12",0.0841294071185923,0.157104879835534,0.213,0.161,1
"HIBADH",0.0842529008384283,0.701312524060849,0.07,0.036,1
"MAPK7",0.0844071712686432,-1.35548789328397,0.021,0.048,1
"ZZEF1",0.0845168432283244,0.522617611719069,0.18,0.122,1
"STARD3NL",0.0846209008292864,-0.402140264941885,0.221,0.273,1
"LFNG",0.0846738319854756,0.343896227726036,0.459,0.393,1
"VCPKMT",0.0847630711042649,0.470859193059585,0.205,0.143,1
"ACHE",0.0848678659389731,0.803493372651648,0.117,0.069,1
"ZNF213-AS1",0.085119821362,-1.08690820978037,0.023,0.048,1
"NR4A1",0.0851307533966696,-0.320513445913079,0.219,0.288,1
"IWS1",0.0851483415743826,0.493612260134704,0.217,0.153,1
"SLC12A7",0.0851797024294413,-0.584728046105166,0.105,0.148,1
"ENTREP3",0.0853651381166755,-0.747872600851674,0.004,0.015,1
"ZC3H14",0.0854591948183607,0.510338100710259,0.131,0.092,1
"FOXN2",0.085701429570124,0.334472018961403,0.26,0.235,1
"ABCA2",0.0857523078780118,-0.778964855460023,0.039,0.064,1
"IGF2R",0.0860122458296899,-0.554258099272753,0.254,0.319,1
"BSG",0.086034104811957,-0.217258204394947,0.578,0.579,1
"PTPN1",0.0860815030825062,-0.311734542355611,0.277,0.286,1
"ARID3A",0.0861612900842886,0.801583089632925,0.102,0.059,1
"ATXN2",0.0861960146824707,0.650843299840545,0.195,0.13,1
"TSEN15",0.0862260732771415,0.53286530442667,0.117,0.071,1
"TXK",0.0862662633103122,1.50077439231922,0.061,0.028,1
"MMUT",0.0863044139460957,0.835915684366262,0.064,0.031,1
"ESCO1",0.0863587654298522,0.569909934312865,0.234,0.163,1
"CSTB",0.0864466361286692,-0.269563488474825,0.418,0.467,1
"MIX23",0.0867491251470139,0.990347644503968,0.057,0.026,1
"SCYL3",0.086870378060142,-1.0046874257192,0.035,0.056,1
"SLC35D2",0.0868804500103221,-0.770141189563752,0.078,0.107,1
"MAP4K2",0.0869907483851876,0.510166744368785,0.082,0.043,1
"LINC01145",0.0871106610479156,0.364151240145059,0.141,0.112,1
"ZNG1B",0.0871313825432474,0.349394166976773,0.189,0.13,1
"ERBIN",0.0871799251930003,0.190229907364212,0.428,0.344,1
"TRAM1",0.0871869335964992,0.273530014693061,0.51,0.406,1
"NBPF19",0.0872370178125353,0.164754953113594,0.08,0.064,1
"ENSG00000291181",0.0872415455431573,-0.984771365775762,0.064,0.099,1
"MAPRE1",0.0872514412370449,-0.20416261488936,0.396,0.418,1
"SNRNP40",0.0872799702956677,0.599181095842662,0.182,0.12,1
"ADD3",0.0872894215597527,-0.358726046684995,0.27,0.319,1
"CLIC3",0.087433065354939,-0.341366639951568,0.521,0.536,1
"NUDT15",0.0875720056846314,0.61609379962281,0.08,0.046,1
"ABCF3",0.0876012555168685,0.450539267009931,0.17,0.115,1
"PRKCSH",0.0876249382949544,-0.392838873282069,0.213,0.23,1
"RUFY1",0.0877231165619686,0.424179347315178,0.135,0.087,1
"LPP",0.0877871487288533,-0.522656871085785,0.156,0.214,1
"CCDC137",0.0879330612190377,0.187999874063083,0.109,0.074,1
"ATMIN",0.0880150898021867,0.707722494601366,0.102,0.059,1
"METRN",0.0881431924797503,-1.01916584159565,0.047,0.079,1
"TOX",0.0881597732479264,-0.667377044091304,0.16,0.214,1
"ISCA1",0.088387766394894,0.143236502297974,0.545,0.459,1
"CXCR3",0.0884119699063265,0.441107072110615,0.277,0.196,1
"ENSG00000290683",0.0885460351917625,-0.789954280283386,0.078,0.115,1
"TCF12",0.0885769157793793,-0.371630846515626,0.236,0.281,1
"IFNLR1",0.0886439593994621,-0.791334164441639,0.02,0.041,1
"PCBP1-AS1",0.0887144314019454,-0.452144338866312,0.148,0.161,1
"HERC2P3",0.0887261925944208,1.42511924924295,0.027,0.008,1
"STAT4",0.0888400790936343,0.248994814198811,0.729,0.635,1
"CDKN2AIP",0.088848771564998,0.256809984655935,0.223,0.161,1
"ISY1",0.0888525823051236,0.377006561842675,0.283,0.235,1
"SLC39A10",0.0888883322649126,-0.519490792941139,0.129,0.173,1
"ENSG00000289055",0.0889189461671383,2.37715831197713,0.016,0.003,1
"TNFAIP8L1",0.0889830791109719,0.689882019344542,0.047,0.02,1
"CBX5",0.0890073053303607,-0.912458279915872,0.053,0.077,1
"SSR4",0.0890301347163656,-0.144068350538509,0.762,0.776,1
"PPP6R1",0.0891285017281568,-0.323833346227036,0.254,0.273,1
"BFSP1",0.0891715309993623,-2.8723855802502,0.002,0.015,1
"CLSTN1",0.0891770051505575,-0.559741854693544,0.137,0.171,1
"GON7",0.0892664453685747,-0.56611492082369,0.072,0.089,1
"TPT1",0.0892730104982576,0.136684065242816,0.998,1,1
"TIMM10B",0.0893147945312716,-0.640439318869508,0.102,0.143,1
"DYNLT1",0.089344830395318,-0.365310216506055,0.332,0.362,1
"PEX26",0.0893627152629692,0.702420834834097,0.078,0.041,1
"AGPAT1",0.0893787035636699,-0.536338216564314,0.035,0.061,1
"ENSG00000290048",0.0893812614167941,0.536388949056429,0.057,0.033,1
"ENSG00000271737",0.0893964958806306,1.92146036115133,0.016,0.003,1
"COX6A1",0.0895735620898734,-0.155472914149268,0.77,0.773,1
"PRKX",0.0895827305625103,0.424369853976514,0.471,0.372,1
"AP1M1",0.0895975188673582,0.517736051735731,0.178,0.117,1
"CCM2",0.0896674220985567,0.621848499512744,0.209,0.145,1
"STX18-AS1",0.0898838664093868,-2.08664513526166,0.004,0.018,1
"ZDHHC12-DT",0.0900346784058746,-0.85544547005601,0.006,0.02,1
"GSKIP",0.0900588432333468,0.885498453849596,0.123,0.077,1
"PRELID1",0.0900718052993977,-0.285690630148083,0.441,0.482,1
"ZNF562",0.0901424670538247,-0.702206035378632,0.02,0.038,1
"ESF1",0.0901742402433603,0.60929362665051,0.137,0.087,1
"ENSG00000290018",0.0903027250115973,0.485648487043144,0.027,0.01,1
"IFI44",0.0904171404647931,-0.669018279048019,0.092,0.12,1
"MIR181A1HG",0.0904899738104962,-0.559434134710294,0.137,0.196,1
"EIF2AK3",0.0905953830047984,-0.512226006943293,0.109,0.153,1
"MED13L",0.0906768080896301,-0.226206170249037,0.285,0.281,1
"SUPT3H",0.090754795057738,-0.416601832928448,0.17,0.194,1
"CASD1",0.0908170012706554,0.643370021917344,0.105,0.064,1
"PDCD6IP",0.0908517546274868,0.150415957248568,0.277,0.222,1
"CD79B",0.0909181366674464,-0.732727799482061,0.008,0.026,1
"ENSG00000253980",0.0909460498763682,1.10096204094131,0.057,0.036,1
"EIF4EBP1",0.0910554640581904,0.579644900687969,0.23,0.151,1
"ITPR2",0.0911334185601113,0.318458603519153,0.252,0.186,1
"C2orf74-DT",0.091232979536981,2.03242821896628,0.027,0.008,1
"NOP56",0.0912812909228849,0.404057752427103,0.4,0.316,1
"ASF1A",0.0913240451284628,0.562519380704557,0.191,0.125,1
"DNMBP",0.091340678978444,-0.951985595216663,0.021,0.046,1
"PSD",0.0913949126830293,-0.30259363766308,0.023,0.013,1
"AURKAIP1",0.0914048510880114,-0.209442391049087,0.363,0.375,1
"ENSG00000287978",0.0914457648788848,-0.98239644037909,0.025,0.054,1
"ENSG00000256705",0.0914625615138309,2.99634130806601,0.016,0.003,1
"DPYD",0.0915460180370391,0.387577954882365,0.27,0.227,1
"ZFX",0.0916115438825814,0.525868557091928,0.201,0.138,1
"ADCY7",0.091810122117865,-0.70241575415713,0.135,0.176,1
"TMEM42",0.0918122437206993,-0.666562521554666,0.018,0.036,1
"MKRN1",0.0918501721253219,0.157635074762288,0.283,0.224,1
"LETMD1",0.0918663775516681,-0.328051725324473,0.105,0.107,1
"NBPF12",0.0919014612872646,0.190449617087185,0.104,0.071,1
"PAK1",0.0919421232512518,0.756284805490528,0.119,0.074,1
"RBM6",0.0920063707070824,0.447491684892469,0.277,0.207,1
"PRADC1",0.092018930084078,-1.46049817517336,0.025,0.051,1
"CCNT2",0.0920249529574592,-0.44352458646784,0.158,0.189,1
"CELF1",0.0920602726449486,0.176965668728187,0.287,0.217,1
"H3C10",0.0923626701249962,-1.10135911281829,0.037,0.054,1
"MBD4",0.092384433050295,0.513858181997447,0.309,0.23,1
"CTSZ",0.0924364955869602,-0.865751959305448,0.049,0.071,1
"GDI2",0.0925513057402368,-0.242658259094138,0.451,0.469,1
"TRG-AS1",0.0927381896098295,-0.377602055082368,0.318,0.37,1
"POLRMT",0.0927406739319701,0.797961653338578,0.105,0.061,1
"DSTYK",0.0928661437675106,0.252242576480423,0.084,0.061,1
"DDX51",0.0929876806145866,0.232910242564555,0.074,0.048,1
"NMB",0.0930287625957718,0.843107756061822,0.064,0.033,1
"MBTPS1-DT",0.0930369437842851,1.25070026004834,0.023,0.008,1
"MEMO1",0.0931343096619416,0.271667817923593,0.113,0.079,1
"ZNF704",0.0931606607871958,1.32875736599635,0.033,0.018,1
"PNO1",0.0931829246864282,0.534539239587739,0.166,0.115,1
"RANBP6",0.0932903614365059,-0.199628539541532,0.068,0.069,1
"FOXM1",0.0933787695244189,-3.1647929603735,0.004,0.018,1
"STAG3L5P",0.0933882784748049,-0.273687965403346,0.217,0.227,1
"SLBP",0.0933997006400844,0.195744252524602,0.459,0.372,1
"ENSG00000289827",0.0934783331590047,-2.44188122656924,0.006,0.023,1
"PMAIP1",0.0936288676785617,-0.122770627523564,0.414,0.474,1
"SEMA4A",0.0936772870362811,2.2148019724287,0.021,0.005,1
"SYNGAP1",0.0937099995919895,0.623495780994663,0.139,0.087,1
"MYOM2",0.0937758264420962,-0.817567377618842,0.029,0.036,1
"NFE2L2",0.0938269401113934,0.319955164574913,0.621,0.548,1
"FEZ2",0.0938656467700347,0.870922006172025,0.098,0.056,1
"CYB5R3",0.0942183190699537,-0.262898319680336,0.213,0.227,1
"NCOA4",0.0942337755473552,0.452534422401759,0.33,0.245,1
"USP33",0.0943301952232063,0.251119611755142,0.303,0.23,1
"CLASP1-AS1",0.0943319069483713,-1.79167767040486,0.027,0.061,1
"RRAD",0.0943761672206444,1.87089387289557,0.021,0.008,1
"MAPK13",0.0944316261257762,-1.0140770075217,0.031,0.056,1
"PLAAT3",0.0944394183365342,-0.622737980609199,0.098,0.138,1
"SETBP1",0.0944611051882838,-1.05231989399168,0.057,0.097,1
"TOPBP1",0.094473178996172,-0.516383423743169,0.115,0.148,1
"UBE2G2",0.0946636797181314,-0.198539025567861,0.148,0.145,1
"GAL3ST2",0.0947607669648306,-2.13047931500663,0.006,0.02,1
"POLD1",0.0947637793457438,1.42652005595627,0.021,0.005,1
"STAMBPL1",0.0948645444922375,0.678338755219799,0.062,0.031,1
"STK38L",0.0949406715916596,0.375299835275673,0.152,0.105,1
"BLOC1S5",0.0949615290663654,0.757354685910888,0.078,0.043,1
"ABTB1",0.0950164826472782,-0.719980434415225,0.125,0.156,1
"HMGB2",0.0951814901069897,-0.304788900704046,0.412,0.449,1
"NCOA1",0.0953833085271015,-0.104545095828535,0.422,0.383,1
"TMF1",0.095431482080164,0.333840127872946,0.426,0.36,1
"KLHL9",0.0955428161452224,0.687548842970195,0.104,0.061,1
"THYN1",0.0955569398903112,0.470332987069362,0.15,0.097,1
"TBC1D16",0.0956481307497255,1.32402480730919,0.061,0.031,1
"ATP10D",0.0957589776036298,0.284560546917608,0.057,0.036,1
"PCSK7",0.0958568527687047,-0.511071401556678,0.166,0.202,1
"RPN2",0.0959600811039868,-0.199933587385121,0.381,0.383,1
"CTCF",0.0959785276083496,0.456970014381478,0.254,0.194,1
"MED17",0.0961646721655676,0.521930529411337,0.191,0.13,1
"CDC40",0.0962793886757945,0.408965922937178,0.303,0.224,1
"RPF2",0.0962801069290728,0.916440174766973,0.076,0.043,1
"AFG3L2",0.0963046123550874,0.419103108301747,0.211,0.151,1
"ENSG00000276241",0.096379383606399,-0.894253461335,0.076,0.133,1
"SH3GL1",0.0964478228732936,-0.449562606523469,0.15,0.181,1
"ZHX2",0.0965067251117512,0.208006656874793,0.441,0.352,1
"TSEN54",0.096605087390215,-0.385770844549177,0.336,0.398,1
"SPSB2",0.0966070752325794,0.930861250387026,0.047,0.02,1
"RBM26",0.0966165870363616,0.628701255861452,0.225,0.156,1
"ESYT2",0.0967423568358422,0.227248388022155,0.492,0.408,1
"CUL2",0.0968676010985104,0.425032845770116,0.16,0.12,1
"FBXO6",0.0970063981003871,-0.853880952864889,0.053,0.087,1
"INO80",0.0970079779941958,0.517544804766513,0.195,0.138,1
"CDK6",0.0971320101553027,-0.52352518505587,0.121,0.161,1
"ATF4",0.0972512529221693,0.276867733284517,0.432,0.357,1
"ATP6V1G1",0.0973510104476768,0.167322485566477,0.74,0.666,1
"FBXO2",0.0975431326979593,-1.14138924699315,0.01,0.028,1
"H2AC14",0.0976062722109352,-1.48084515216212,0.008,0.026,1
"VPS4A",0.0976308902318676,0.416366854391131,0.201,0.138,1
"ORMDL1",0.0976459809728113,0.343111135879255,0.377,0.286,1
"SSBP2",0.0976572756433979,0.654063625014137,0.096,0.059,1
"B4GALT5",0.0977081120443159,-0.267139579620072,0.215,0.24,1
"CYB561A3",0.0977168209460987,-0.673599643801845,0.053,0.077,1
"LINC01806",0.0978185472074585,1.69024716722002,0.021,0.005,1
"WWC2",0.0979884957057867,1.87707825271621,0.025,0.008,1
"MPV17",0.0980264354358146,-0.740992467554474,0.057,0.092,1
"ENSG00000229368",0.0980475335297349,-1.94492319571951,0.004,0.018,1
"RC3H1",0.0981030979623439,0.355426354539559,0.387,0.316,1
"SLC30A6",0.098337946399194,0.900582318687055,0.078,0.041,1
"SCAP",0.0985296698966537,-0.31530818354613,0.082,0.084,1
"HIP1R",0.0985650801135285,-0.420995557636396,0.137,0.171,1
"BPTF",0.0985805482503707,0.412895415617004,0.395,0.324,1
"DRAP1",0.0985929700621825,-0.267187530865002,0.557,0.569,1
"WBP4",0.0986084639829611,0.255532026637748,0.09,0.059,1
"AMPD3",0.0987618742058708,1.21900816345706,0.039,0.015,1
"TAF13",0.0988174941182343,0.19925505992342,0.105,0.102,1
"H2AC18",0.0989066813861941,-1.13722126877952,0.025,0.048,1
"THOC1",0.098972998165012,0.400510480547403,0.182,0.122,1
"PARP8",0.0990237603230964,0.110304561934284,0.631,0.538,1
"ANKZF1",0.0990890330934018,0.661840280948447,0.105,0.061,1
"USP45",0.099196060820614,0.999600408348415,0.051,0.023,1
"FAM76B",0.0992878927839204,0.376846137845545,0.143,0.092,1
"RAB27A",0.0993554718023035,-0.196516479962581,0.41,0.423,1
"HSPA4",0.0993833828567953,-0.334691721222669,0.236,0.253,1
"UBE2F",0.0993996475584831,-0.195825009932007,0.314,0.314,1
"THOC5",0.0994433012474351,0.720606995650401,0.102,0.059,1
"CIBAR1",0.0995607467502244,-2.04271549615606,0.004,0.018,1
"HDHD2",0.0998970434135153,0.30097394897337,0.055,0.033,1
"MGME1",0.0999026048613026,0.599890801538739,0.094,0.059,1
"SLC19A2",0.0999305850041614,-1.75136960350892,0.018,0.038,1
"RGPD5",0.100098081431946,2.21858854388485,0.016,0.003,1
"NR1D2",0.10010460410487,0.393107477700599,0.34,0.276,1
"ARRDC2",0.100374213664227,0.371305146218307,0.344,0.263,1
"GGCT",0.100457612343935,-0.973153022048069,0.039,0.066,1
"ADIPOR1",0.100488252431693,0.32657268395095,0.311,0.232,1
"MRPL18",0.10053964304188,-0.326643639284976,0.205,0.212,1
"AGO1",0.10070610961041,-0.882924400650744,0.035,0.059,1
"SEC61A2",0.100856113031184,0.817669313369245,0.055,0.028,1
"DHX40",0.100875480163431,0.6001603541492,0.188,0.133,1
"SORL1",0.100900319268181,0.349460884218628,0.26,0.189,1
"AAK1",0.100927520034732,0.218173469992477,0.404,0.321,1
"HECTD2",0.101105577854178,-1.25005921713698,0.021,0.038,1
"CIB1",0.101152497599523,0.2002448401049,0.756,0.722,1
"RPTOR",0.101246990412877,-0.53357140664084,0.102,0.145,1
"ENSG00000281181",0.101294168595731,-0.861297522938681,0.023,0.046,1
"ENSG00000289439",0.101311290684142,-1.92455759659369,0.012,0.031,1
"RBPJ",0.101358645377238,0.418339314913124,0.492,0.385,1
"ZNF428",0.101369441610811,-0.341167607275603,0.24,0.281,1
"HTATIP2",0.101390148600444,-0.561025318202087,0.068,0.105,1
"DUSP16",0.101488223941151,0.498922782445278,0.299,0.212,1
"KMT5B",0.101490941918321,0.604286872380176,0.191,0.13,1
"CRBN",0.101613397924072,0.217035364809758,0.326,0.253,1
"TMEM129",0.101642834332482,0.916520124650172,0.059,0.028,1
"APOM",0.101760777327479,-1.44475796411361,0.01,0.028,1
"COLQ",0.101779350254862,-1.74987688597897,0.012,0.031,1
"RNF215",0.101895715176376,1.67931563340271,0.031,0.01,1
"NOP14",0.101901510370806,0.520850485662964,0.146,0.094,1
"COPZ2",0.101904895718954,-2.43744243609645,0.004,0.018,1
"ZSWIM3",0.101944519197358,-0.674552965735478,0.018,0.013,1
"EFCAB6",0.10198188581536,0.784994349999972,0.027,0.01,1
"BRWD3",0.101983095107746,-0.293170295883292,0.115,0.11,1
"PIN4",0.101997876237779,-0.53072429179069,0.092,0.112,1
"NBAS",0.102130352382802,0.139864714565608,0.117,0.087,1
"RPL9",0.102196873410155,0.134010282317817,0.975,0.962,1
"MLF2",0.102343135864384,-0.219456510258272,0.354,0.39,1
"SNRNP27",0.102364159282435,0.316036468594611,0.201,0.156,1
"OXSR1",0.102412836878015,0.252399853559936,0.229,0.166,1
"BAIAP2",0.102552586018611,0.396252095272964,0.107,0.074,1
"BMF",0.102678883063206,-0.878398429142514,0.006,0.018,1
"LGMN",0.10269720604737,2.5024269882131,0.016,0.003,1
"GLI4",0.102800843721587,-1.43616600052517,0.016,0.041,1
"MRPL20",0.102871289804429,0.459582501044816,0.354,0.273,1
"SMNDC1",0.103043008125874,0.250501120940147,0.34,0.309,1
"ARFGAP3",0.103086512152825,0.237121176049428,0.396,0.314,1
"MRTO4",0.103162275291828,0.708775759232364,0.09,0.054,1
"ATP6V0E2",0.103338001107982,0.690847257757889,0.098,0.061,1
"TCAF2C",0.103344326760069,1.71155989719445,0.014,0.003,1
"NPDC1",0.103389360705845,-0.219400117256552,0.174,0.173,1
"ABRAXAS2",0.10343844797862,0.541595710993553,0.105,0.066,1
"PCLAF",0.103456131954671,-2.22867253679409,0.002,0.015,1
"HMGXB3",0.10346418564627,0.264031915693636,0.131,0.087,1
"ENSG00000285658",0.103481281627394,-2.06797368657255,0.006,0.02,1
"DAB2",0.103507302091506,-1.41242159088469,0.004,0.018,1
"BLTP1",0.103519615646346,-0.217425593391325,0.135,0.161,1
"GSTM3",0.103613415050279,0.465931434996208,0.051,0.028,1
"TIRAP",0.103635169135009,-1.62065767804914,0.018,0.041,1
"SELENOT",0.103677051889523,0.219731443909826,0.605,0.505,1
"PDCL",0.103718926758004,-0.447342273499573,0.082,0.12,1
"PIAS4",0.103864989383999,-0.116765732123894,0.092,0.082,1
"AHCY",0.103921153450212,0.70621829845686,0.08,0.046,1
"UBE4A",0.104090474023441,0.168352270248384,0.23,0.168,1
"ENSG00000263990",0.10409727840618,-2.27136414339737,0.004,0.018,1
"PMS2P3",0.104126516489839,1.16137904947725,0.035,0.013,1
"FBXL19",0.104195928440495,2.00637755093769,0.02,0.005,1
"WBP2",0.104214199104105,-0.287788353335921,0.27,0.291,1
"AKAP11",0.104230497950947,0.674758323352522,0.086,0.048,1
"TNFSF8",0.104266573205644,1.17391279352242,0.047,0.02,1
"KLHL20",0.10444688072588,0.297464477778782,0.186,0.14,1
"NR1D1",0.104456658454816,0.842792323313573,0.064,0.033,1
"SLC50A1",0.104483714612613,-0.623635594204329,0.064,0.079,1
"SPAG5",0.104503516990112,-1.86158286157839,0.006,0.02,1
"CYRIA",0.104519136027188,-0.73579919554683,0.092,0.14,1
"FAM219A",0.104535840217854,-2.24547473475311,0.01,0.028,1
"ELMOD3",0.104545359708173,0.538055245549491,0.066,0.033,1
"GIMAP6",0.104574779420146,0.893876686123791,0.07,0.036,1
"EOLA1",0.104884105431131,0.793254955065585,0.086,0.048,1
"MIIP",0.104959519745321,-0.936074078090431,0.047,0.079,1
"JOSD2",0.105079984170304,-0.797106246611251,0.076,0.115,1
"MAML1",0.10509420789495,-0.310014403182772,0.156,0.168,1
"ZW10",0.105315958442366,0.579177280815928,0.098,0.059,1
"LINC01505",0.105500966233696,-1.01836908187433,0.035,0.071,1
"AVL9",0.105521340022684,0.133456107857045,0.113,0.079,1
"ACIN1",0.105623267662181,0.321726751574325,0.395,0.309,1
"LCOR",0.105682239059905,-0.279177784384096,0.252,0.26,1
"CCL18",0.105772987161189,-3.60216573554411,0.002,0.013,1
"LSM5",0.105794210842468,0.145780063810369,0.217,0.171,1
"MRFAP1",0.105974070123609,0.264583343255183,0.453,0.362,1
"MIEN1",0.105993440370566,-0.156657925814649,0.234,0.237,1
"PCNT",0.106005666615379,0.554361693633152,0.197,0.138,1
"ALG5",0.106035305794529,0.499784031281886,0.174,0.117,1
"TBC1D19",0.106114533652254,0.626695263532404,0.094,0.054,1
"TRBV21-1",0.106203856027534,-1.08943905818766,0.02,0.02,1
"PRKCH",0.106225196641393,-0.307076468352717,0.635,0.681,1
"ENSG00000283128",0.106405353456688,1.9854805091528,0.016,0.003,1
"ICA1",0.106476684557891,1.76637314447115,0.021,0.005,1
"WHAMM",0.106688244824344,0.364727716282565,0.328,0.26,1
"CAPN7",0.106742718335948,0.32835501233203,0.215,0.153,1
"ACBD3",0.106789423712576,0.434466412968946,0.266,0.194,1
"ZNF568",0.106887778148854,1.02488957041496,0.064,0.033,1
"CLN3",0.106927407295788,0.4097772971461,0.104,0.079,1
"BACH1",0.106945000486329,-0.148801966531946,0.213,0.202,1
"AAMP",0.106948842065158,0.264553848485698,0.285,0.214,1
"RFX1",0.107072141194017,0.636509155978584,0.17,0.115,1
"SLC38A7",0.107108842013061,1.5994603520742,0.016,0.003,1
"CDH23",0.107174794703427,1.80438333126999,0.021,0.005,1
"SLC38A2",0.107247794223517,-0.345647524623919,0.514,0.554,1
"RPS6KA1",0.10739200586273,-0.520624475323815,0.133,0.156,1
"DDX17",0.107576967688564,-0.12488522645279,0.477,0.452,1
"JOSD1",0.10818556904956,0.175021558482524,0.4,0.324,1
"PLEKHA7",0.108227039132638,-0.143582650462344,0.059,0.054,1
"LSM14B",0.108355673155528,0.642852364484369,0.152,0.099,1
"MIGA1",0.108438791468298,0.668056722451842,0.141,0.089,1
"PLEKHA3",0.108534327203003,0.390726026919791,0.23,0.191,1
"ARPC3",0.108597120188862,-0.140775414125195,0.807,0.776,1
"TNFSF9",0.108705249010115,-0.392776884049126,0.248,0.324,1
"GTPBP8",0.108926876404862,0.375471534415823,0.199,0.14,1
"H2AC4",0.108936280674773,-1.60353325033374,0.012,0.033,1
"FKBP15",0.109342113471193,-0.725921818314244,0.062,0.097,1
"TCP1",0.10937603019069,-0.249526159082435,0.326,0.342,1
"PRRC1",0.109557825558781,-0.492408458762422,0.08,0.094,1
"MCTP1",0.109580726138028,-1.85134167678267,0.008,0.018,1
"P4HB",0.109982532794249,-0.221049881726973,0.43,0.474,1
"BIRC6-AS2",0.110242229770957,1.14527187687398,0.062,0.031,1
"HARBI1",0.110256178933606,2.04638082551485,0.016,0.003,1
"ZNF559",0.110276516740402,0.892446128804488,0.049,0.023,1
"ENSG00000259001",0.11027770962374,-2.01847932229141,0.014,0.036,1
"PCID2",0.110280061648721,0.466149384718916,0.158,0.107,1
"SNRK-AS1",0.110304775355181,0.691959234000446,0.1,0.059,1
"PACS2",0.110312355814291,1.07770995391541,0.059,0.031,1
"TFB2M",0.110394292213991,-0.354690854392778,0.082,0.087,1
"ENSG00000269968",0.110566584514916,-0.452463644823965,0.082,0.105,1
"ZBED5",0.110630015804584,0.114754359218171,0.074,0.051,1
"TMEM223",0.110650036544265,0.530652271706451,0.145,0.092,1
"PCNX1",0.1106560304507,-0.197960830054459,0.229,0.276,1
"SHC1",0.110693232637501,0.670384690529135,0.121,0.074,1
"PITRM1-AS1",0.110934274004712,2.78245488836058,0.016,0.003,1
"ABCC10",0.110972137838688,-1.10088108861336,0.025,0.051,1
"SNHG25",0.111063819492794,-0.491156636937017,0.152,0.207,1
"PSMB3",0.111083824563733,0.205378590210843,0.492,0.408,1
"SLC16A3",0.111100823603827,0.460641010132816,0.311,0.222,1
"NUDT3",0.111111325252402,-0.16350448247451,0.197,0.184,1
"ARHGAP32",0.111183717781386,0.524403727053859,0.066,0.038,1
"CSNK2A2",0.111381066616416,0.471026437272789,0.146,0.107,1
"TNK2",0.111411228477268,0.181577735392703,0.133,0.097,1
"PIH1D1",0.111637005950448,-0.49036103884472,0.154,0.202,1
"HP1BP3",0.111998282871225,0.222784532822927,0.467,0.385,1
"FRMD4B",0.112057979732479,-0.486519490602289,0.078,0.102,1
"GPR89B",0.112099281101398,-0.271210841358114,0.137,0.143,1
"RAD9A",0.112253925456248,-0.851338953117503,0.074,0.099,1
"STK11IP",0.112457038176657,-1.01330889616592,0.023,0.043,1
"H3C12",0.112472044693626,-2.64023734748647,0.004,0.02,1
"GMCL1",0.112563710629232,0.535002956555059,0.158,0.105,1
"GOLGA8A",0.112587297149498,0.563869145854824,0.207,0.143,1
"NORAD",0.11270912463109,-0.311527801730877,0.205,0.214,1
"TEX264",0.112761080888329,-0.789544702406439,0.1,0.138,1
"EXOG",0.112765819260589,-0.447824844459422,0.115,0.153,1
"UFD1",0.112839831194546,0.366150290779648,0.326,0.26,1
"TRAF7",0.11286636037972,-0.228906687775418,0.098,0.094,1
"KLHL24",0.112928241292792,0.187663779007992,0.424,0.337,1
"SRP14",0.113032737350853,-0.117867794913446,0.857,0.839,1
"NAA50",0.113061063837518,-0.249582276507209,0.4,0.426,1
"KLHL15",0.113134772141296,-0.688763984953822,0.039,0.066,1
"BLOC1S6",0.113263105638793,-0.305450659717377,0.193,0.217,1
"CNTRL",0.113455155036787,0.28351972388003,0.248,0.179,1
"STAT5B",0.113465881369842,0.162300104260265,0.58,0.492,1
"SNCA",0.1134855047136,-2.82421354427128,0.002,0.013,1
"ENSG00000227803",0.113488322107675,2.1411921814582,0.016,0.003,1
"WRAP73",0.113648348790511,0.585720237094932,0.127,0.079,1
"PHB1",0.113680221819032,-0.280208747746192,0.207,0.209,1
"TCEAL1",0.113713873084349,-2.63036007690341,0.002,0.013,1
"PDE6G",0.113717448170898,-3.03287007624773,0.002,0.013,1
"ZNF623",0.113718704401628,-1.41206365403893,0.014,0.033,1
"COG4",0.113797323230282,1.14613247528799,0.051,0.023,1
"MRPS35",0.113837980750804,0.417225073633708,0.236,0.171,1
"TAF6L",0.11386260965288,0.988632042110063,0.051,0.026,1
"NUBPL",0.113865674856267,1.18795947471607,0.033,0.013,1
"NSMCE1",0.113908360084943,-0.456402452795636,0.139,0.176,1
"ASAH2B",0.114025083074195,1.37705281215802,0.025,0.008,1
"NELFCD",0.114161716630378,-0.135128107009736,0.176,0.161,1
"LINC00662",0.114301399257336,1.87480095163671,0.025,0.008,1
"SNX22",0.114308749540154,-1.97049491576713,0.006,0.02,1
"LINC00278",0.114369392743117,-1.29039027211104,0.023,0.048,1
"ZNF649",0.114476140802048,0.875772362297107,0.072,0.038,1
"FBXW5",0.114609656666489,-0.192550681053306,0.248,0.253,1
"RPL39L",0.114693425879764,-1.42260579871167,0.012,0.031,1
"NMD3",0.114724027289368,-0.514418555451176,0.104,0.138,1
"GCC2",0.114730367140822,0.35823037884999,0.482,0.39,1
"MDM1",0.11489405708286,0.769944964604087,0.051,0.023,1
"ZC3H18",0.114912809856361,0.545760578263814,0.236,0.189,1
"CCT7",0.114942947817617,-0.191530775149991,0.322,0.337,1
"ATF3",0.115053979053331,-0.935209285635451,0.125,0.168,1
"LNPK",0.115353340472973,-0.937089772964133,0.049,0.079,1
"SCPEP1",0.115374258091097,-1.3517262829953,0.016,0.038,1
"CBX1",0.115513561982692,0.973600384863712,0.086,0.051,1
"RNF220",0.115697188568767,0.211483287345616,0.275,0.217,1
"AP1B1",0.115731993725895,0.538541497042966,0.158,0.105,1
"RNFT1",0.115736256195604,0.295582293887525,0.143,0.099,1
"DNAJC8",0.115745155129967,0.329254618525905,0.494,0.403,1
"NUMB",0.115786806330028,0.273526079479548,0.176,0.122,1
"NUSAP1",0.115840022579034,-0.652329997067938,0.035,0.061,1
"ENSG00000268205",0.115949811284387,-1.40827201768608,0.008,0.026,1
"PWWP2B",0.116044172051852,-0.194159296596539,0.088,0.077,1
"AUH",0.116080932545503,-0.543841559179663,0.061,0.077,1
"CHMP1B",0.116109573885508,-0.436282576530362,0.363,0.408,1
"ENSG00000287979",0.116140106710808,-1.71445951691971,0.002,0.013,1
"TNRC6C",0.116259504964285,0.386656517929293,0.365,0.288,1
"BAHD1",0.116265214584746,0.820448760754945,0.068,0.036,1
"PPP1R21",0.116314870190165,0.408130971018005,0.117,0.074,1
"RPSA2",0.116347287245027,0.36712740808694,0.133,0.087,1
"ZBED4",0.11662353929778,0.501766680660677,0.086,0.071,1
"PSPC1",0.116876852066507,0.302486480698207,0.324,0.283,1
"ENSG00000228541",0.116933599649454,2.27459390949741,0.016,0.003,1
"ENSG00000289117",0.116936137135274,-2.45639095670101,0.004,0.018,1
"DPF2",0.117143299379745,0.221910588630361,0.221,0.171,1
"PGS1",0.117166766584464,-0.969270164077667,0.041,0.069,1
"CCAR2",0.117214454058937,0.506137777858227,0.203,0.14,1
"RSL1D1",0.117229205735993,0.293131142849183,0.496,0.401,1
"NCF1",0.117242789424846,0.880726021446989,0.117,0.074,1
"EIF1B",0.117289392211684,0.116829097033977,0.371,0.36,1
"CSNK1A1",0.117356982490628,-0.190318684528724,0.467,0.469,1
"SLC35B3",0.117552571981445,0.878713158762749,0.068,0.038,1
"TSTD1",0.117645686380973,-0.393636744457648,0.146,0.176,1
"ALYREF",0.117726831904433,0.129171871158744,0.502,0.429,1
"MBP",0.117755488826411,0.174129124253265,0.68,0.661,1
"H2AC8",0.117765231197752,-0.947362655083163,0.035,0.056,1
"MTRES1",0.117805719410435,1.54661692754989,0.043,0.02,1
"TECR",0.117888116650448,0.204077798019946,0.496,0.429,1
"SIPA1",0.117926832174576,0.205283565244041,0.488,0.454,1
"MTLN",0.117930691362928,0.294981320311735,0.143,0.097,1
"UBAP2",0.11802484296816,0.477401440529758,0.15,0.099,1
"LINC01376",0.118089425849958,-2.57708416155074,0.002,0.013,1
"ZBTB39",0.118139647137046,-1.09361947011645,0.021,0.043,1
"TEX10",0.118310126377748,0.749798368683932,0.098,0.056,1
"MCTP2",0.118327611050532,-0.410357623325337,0.217,0.258,1
"ZNF431",0.11854257150965,-0.564108754208733,0.127,0.156,1
"NTHL1",0.118557052706494,-1.3917948731315,0.006,0.02,1
"ENSG00000248664",0.118611696260676,-1.86929084484007,0.002,0.013,1
"LRP12",0.11861462590122,1.11583993097677,0.043,0.02,1
"PCM1",0.118639386749584,0.277273952023079,0.414,0.36,1
"GATD1-DT",0.11866697034597,-1.97779186926998,0.002,0.013,1
"SLC30A1",0.118787515572412,0.678280339516501,0.09,0.051,1
"OLFM2",0.118818929285609,1.85963784834531,0.025,0.008,1
"ELOVL4",0.118871770882563,0.863797790942138,0.092,0.051,1
"ZSCAN5A",0.118936602918526,1.45165799498796,0.025,0.008,1
"NASP",0.119114340285551,0.289997719044284,0.598,0.503,1
"PRDM1",0.119241460241671,-0.36965379209671,0.211,0.258,1
"CLBA1",0.119250064243025,2.5625726798172,0.016,0.003,1
"RBMXL1",0.11930773068698,0.692874519429533,0.086,0.051,1
"DHX35",0.119369535196744,0.870298476570025,0.053,0.026,1
"ZNF888",0.119408300775253,1.48766778060039,0.029,0.01,1
"PKD2L2-DT",0.119498521407081,2.5428116065265,0.014,0.003,1
"FAM32A",0.119513451698816,-0.130319517481631,0.268,0.255,1
"CYB5R4",0.119612037312127,-0.479464617519276,0.174,0.202,1
"ARF6",0.119740153532727,-0.174473697908835,0.732,0.732,1
"RCSD1",0.119753050583585,0.241120632152252,0.207,0.151,1
"MFAP3",0.119869065064412,-0.671465341854325,0.041,0.043,1
"CPNE1",0.119911287355974,-0.257130695668937,0.277,0.306,1
"NDC80",0.119933632372278,-2.04990126001772,0.006,0.02,1
"BOD1L1",0.120172810497426,0.446674648633413,0.33,0.268,1
"NEK7",0.120213135687735,0.450401905814296,0.35,0.268,1
"PIK3R2",0.120370570271844,-2.23930668432239,0.006,0.02,1
"TAF9B",0.120404136058643,-1.61019198707043,0.016,0.036,1
"ZNF32",0.120534004322773,0.729267458359887,0.105,0.064,1
"ZNF638",0.12066055836406,0.328480075919811,0.277,0.235,1
"SNHG10",0.120671119399615,-1.06075035571476,0.027,0.054,1
"TLE1-DT",0.120731843305678,1.89494361308418,0.029,0.01,1
"ENSG00000258891",0.120795486609441,1.30625266708708,0.025,0.008,1
"CENPP",0.121011125891781,-0.926901228045775,0.047,0.071,1
"IBTK",0.12103588558867,0.646956881505585,0.119,0.077,1
"RAPGEF6",0.121182904932216,0.435254665405029,0.338,0.255,1
"ENSG00000290833",0.121216396673488,0.757272383218237,0.129,0.082,1
"EMC1",0.121263826666837,0.327825147410074,0.064,0.043,1
"ENSG00000259003",0.121337813047172,0.976020315421549,0.014,0.003,1
"KIT",0.121349413190344,2.67540652468841,0.014,0.003,1
"RNF2",0.121402232801703,0.367743181763229,0.135,0.097,1
"GID8",0.121592634856254,-0.31998329386168,0.248,0.293,1
"CHD1",0.121658882224158,0.219046998846377,0.607,0.528,1
"BCAP31",0.121681213475524,-0.330994817282618,0.289,0.332,1
"MAN2C1",0.121871581128854,-0.816691226976408,0.062,0.094,1
"DDN-AS1",0.122040264765699,-0.904586551151788,0.047,0.079,1
"RITA1",0.122125162180983,0.613961803082362,0.066,0.038,1
"AASDHPPT",0.122240871583805,0.125736841249527,0.256,0.194,1
"EXTL2",0.122283367631972,1.130729620637,0.033,0.013,1
"EDRF1-AS1",0.122798195581195,-1.65137115979617,0.008,0.023,1
"YJU2B",0.122880454268201,0.40563774912273,0.184,0.13,1
"SNX4",0.12292102463778,-0.392000261240831,0.139,0.156,1
"PHF14",0.122944136084075,-0.285131659062431,0.117,0.122,1
"WHRN",0.123086140044256,0.393675738726597,0.215,0.156,1
"SENP6",0.123197902164234,0.375083914710011,0.35,0.27,1
"RRBP1",0.123210085094753,0.447151204354673,0.277,0.209,1
"RFNG",0.123485458604204,0.901366361107356,0.062,0.033,1
"TMTC2",0.123602218850603,1.73513522293578,0.025,0.008,1
"ENSG00000287378",0.123655654338038,1.48409264571893,0.029,0.01,1
"ENSG00000287839",0.123726999987136,-0.765631036047607,0.029,0.054,1
"SCAF4",0.123816626027992,-0.340526042171527,0.182,0.209,1
"ENSG00000271780",0.123869356629473,-2.2922489475338,0.002,0.013,1
"KIAA0753",0.12394414424405,1.39144723544466,0.041,0.018,1
"MTHFD1",0.123993324252029,-1.14637885715278,0.018,0.038,1
"TGFBR1",0.124022307357419,-0.427038961806208,0.107,0.148,1
"MLH3",0.124101374347749,1.07954068580743,0.039,0.018,1
"CFAP54",0.124271726616146,0.6224684767052,0.021,0.008,1
"HMGN2",0.124387450952586,-0.110684574900151,0.574,0.612,1
"KMT2D",0.124450536638708,0.476495402267312,0.146,0.112,1
"L3MBTL1",0.124503632092406,1.62378665676971,0.014,0.003,1
"TBL3",0.124525309886399,0.477245916151865,0.082,0.051,1
"RAB14",0.124908385713739,0.231594701340514,0.371,0.324,1
"TNIP2",0.124928843958156,0.30328005105735,0.355,0.276,1
"ANKRD11",0.124958652229011,0.158492622471207,0.521,0.446,1
"RAB11B",0.125039181408638,-0.31151014194681,0.291,0.329,1
"MX2",0.125126247580364,-0.505960296555998,0.113,0.153,1
"SLC35E4",0.125139329737637,1.34136820999854,0.035,0.015,1
"VPS16",0.125181020480381,-0.604138988612857,0.07,0.105,1
"CAPN10",0.125236606176525,0.427748029600886,0.111,0.069,1
"HIVEP3",0.125467224711653,-0.612559482583902,0.186,0.194,1
"ZNF148",0.125599493561508,-0.157052152298904,0.256,0.288,1
"RTEL1",0.125645212936787,-1.50590021301401,0.014,0.033,1
"NAA15",0.125931224298923,0.503939880290116,0.121,0.092,1
"WEE1",0.12601548678658,-0.992711899874962,0.043,0.077,1
"ZNF574",0.126046266811244,0.435966376090519,0.143,0.094,1
"TERF2",0.126059561881139,0.260783711539705,0.129,0.092,1
"LINC01122",0.126110987349948,-2.02800328815218,0.002,0.013,1
"FASTKD1",0.126134261038316,-0.681996240277908,0.062,0.089,1
"OGFOD3",0.126175703982321,-0.775379283246574,0.039,0.064,1
"ID3",0.126217747601651,-0.724933407934568,0.045,0.074,1
"B4GALT3",0.126256357636489,0.120083153870829,0.156,0.13,1
"DPY19L1",0.126463932400622,0.751796912908386,0.113,0.071,1
"SMURF2",0.126785986223687,0.360294460800824,0.287,0.217,1
"GPN3",0.126794145803053,0.456250703487864,0.086,0.056,1
"MPHOSPH6",0.126982155096932,0.644429706803463,0.141,0.102,1
"STRN3",0.127065509285182,0.718967857601505,0.133,0.092,1
"ST6GALNAC2",0.12720962801131,1.00297808380193,0.053,0.026,1
"XYLT1",0.127384336827886,0.4914192285777,0.129,0.084,1
"STK25",0.127470744143283,-0.550296640328132,0.076,0.11,1
"RSBN1",0.127921968531327,0.372124547200277,0.254,0.202,1
"ENSG00000266998",0.127941927864651,0.725861137781154,0.018,0.005,1
"GNL2",0.128343535157474,0.55908848494122,0.203,0.145,1
"ATOSB",0.128506620805461,-0.911234335123211,0.021,0.043,1
"MRPL41",0.128621950207355,-0.292036891258014,0.332,0.36,1
"NBEAL2",0.128639815011253,-0.193764111279202,0.207,0.204,1
"HEATR1",0.128743328885694,-0.673047253233803,0.09,0.117,1
"SRXN1",0.128771040617106,1.24694364531049,0.049,0.023,1
"ERAP1",0.128794468710583,-0.193369795705137,0.191,0.184,1
"RELT",0.128795888486013,0.105974817658666,0.166,0.13,1
"CNFN",0.128974469728813,-1.34119554394302,0.008,0.026,1
"KCTD18",0.128987156218687,-0.776586247379393,0.033,0.046,1
"EIF2B2",0.129041201059536,0.131022420943424,0.104,0.084,1
"SLMAP",0.129105882540955,0.257894918468464,0.285,0.219,1
"UBLCP1",0.129245767655992,0.337286726934839,0.168,0.117,1
"HLCS",0.129338605182607,-1.01361106414713,0.043,0.066,1
"TOB2",0.129350666139392,-0.127502129828127,0.168,0.161,1
"CPB2-AS1",0.12943053529471,0.159736505279839,0.174,0.143,1
"ABCF1",0.129529198164813,0.300465210975768,0.439,0.378,1
"TRIM33",0.12961270597044,0.405717451871522,0.281,0.209,1
"TUBE1",0.129642015126207,0.884205307119038,0.07,0.038,1
"WDR86-AS1",0.129793026268969,0.851405893006316,0.064,0.033,1
"COQ6",0.12980496375623,0.153762181950736,0.059,0.033,1
"CARMIL3",0.129837477500081,-2.20569606051651,0.012,0.031,1
"CASZ1",0.129847129853015,0.31643587764461,0.174,0.125,1
"NOLC1",0.129873597296203,0.487927951166768,0.26,0.189,1
"FRAT1",0.129894148845197,-0.629280521791898,0.07,0.102,1
"COP1",0.129908770292977,0.278575921456733,0.291,0.222,1
"EFNB1",0.130119806327706,-1.05989132727181,0.021,0.043,1
"ENSG00000249236",0.130203612696351,-1.38045775396463,0.014,0.031,1
"ENSG00000274767",0.130238279984585,-0.72601983996385,0.059,0.097,1
"CA11",0.130416341163801,-0.956816829935496,0.018,0.038,1
"ZFY",0.130418207656257,-0.60930760195293,0.094,0.117,1
"REV3L",0.130422721061389,0.276958760270231,0.309,0.245,1
"MGAT4B",0.130439361664145,0.60746082343645,0.15,0.11,1
"RAPGEF2",0.130843589962651,0.366540916467096,0.273,0.207,1
"AIM2",0.130917947526298,-1.17574081670921,0.021,0.041,1
"ENSG00000276216",0.130935183439052,-0.595058537330444,0.041,0.026,1
"PFKFB3",0.131248135522623,0.369965043816791,0.344,0.26,1
"SLC35A5",0.131321720112269,1.10160755190093,0.041,0.018,1
"YWHAZ",0.131414043294971,0.144845664220299,0.949,0.931,1
"ZBED6",0.131423499845354,-0.506804456023259,0.045,0.069,1
"NIN",0.131496647122082,-0.452093098257383,0.203,0.204,1
"ZMYM3",0.131504437791088,0.857646398526228,0.033,0.015,1
"USP3",0.131630155926799,0.174863270128015,0.447,0.372,1
"NCF1B",0.131801687717873,0.624759715604935,0.072,0.048,1
"ZNF710",0.131858434076226,-0.539459078692996,0.051,0.054,1
"SNHG22",0.131887887289906,0.486399290983967,0.035,0.015,1
"RFTN2",0.131995618675716,0.800884987389455,0.01,0.003,1
"ATP2C1",0.132146411293705,-0.510009803974606,0.113,0.138,1
"IRF9",0.132282453929198,-0.237623658826632,0.428,0.485,1
"LINC01841",0.132661577168465,-2.62165624754702,0.012,0.031,1
"PAN2",0.133042544286619,-1.6418068482152,0.016,0.036,1
"UBE2Q2P2",0.133077644141511,1.02227309420042,0.064,0.036,1
"RGS2",0.133205388494547,-0.246782281834663,0.275,0.319,1
"DYNLL1",0.133500183989362,0.10001432152418,0.662,0.582,1
"PDCD5",0.133627186083015,-0.167737623098383,0.232,0.227,1
"COIL",0.13363404772783,0.533970035509353,0.146,0.097,1
"PLOD3",0.133798315404129,-1.22733552822174,0.021,0.043,1
"NUP188",0.133957737083642,0.52378785527557,0.074,0.043,1
"MASTL",0.134203997643292,1.39192920883117,0.045,0.02,1
"B4GALT1",0.134240686381826,0.137691966029835,0.432,0.365,1
"KMT5A",0.134252640547971,0.73546783321731,0.102,0.061,1
"USE1",0.134314724354881,-0.113334460645219,0.131,0.122,1
"TMEM161B",0.134346819944596,0.585316526892639,0.127,0.087,1
"ENSG00000288919",0.134358545987664,-2.74208561708842,0.006,0.023,1
"ZNF530",0.134594755970572,1.4672327757467,0.029,0.01,1
"DNMT3A",0.13475150079829,-0.281450103395304,0.109,0.112,1
"SMG5",0.134926876255177,0.438803991512836,0.115,0.077,1
"CAPZB",0.134937674978803,-0.166913591148877,0.605,0.62,1
"PRC1",0.134940788630157,-1.1376030463127,0.02,0.041,1
"PFKP",0.135115141443522,-0.515323613070794,0.102,0.122,1
"SLC39A6",0.135156302817097,0.353409366322387,0.107,0.077,1
"BAMBI",0.135442290270466,1.68117285978817,0.02,0.005,1
"ANK2",0.135504975379936,-0.340772876128614,0.236,0.276,1
"FYB1",0.135541682535414,-0.286315795982333,0.355,0.385,1
"PSMG4",0.135583202571223,-0.307122300593385,0.047,0.069,1
"TM9SF2",0.135634984145154,-0.315968462491778,0.289,0.316,1
"ZFPM1",0.13568966363189,0.440341733474889,0.207,0.151,1
"RRP1B",0.135741028822267,0.31653317077942,0.199,0.14,1
"PDXP",0.135917867348523,-0.505440607437498,0.061,0.077,1
"CDC123",0.135933729497445,-0.260559573108986,0.252,0.265,1
"ITPR1",0.1360993546591,-0.107344222283825,0.215,0.186,1
"ENSG00000289121",0.136143874406387,1.0326603457775,0.018,0.005,1
"HMBS",0.136261873087046,-1.31502037817283,0.008,0.023,1
"TNFSF12",0.136275979178191,-0.786767260217006,0.094,0.138,1
"ENSG00000230010",0.136517044767849,-0.983376834822129,0.004,0.015,1
"ENSG00000288900",0.136619500931078,-1.12862204709774,0.016,0.038,1
"MRPL3",0.136857859974825,0.621717636767497,0.158,0.122,1
"SS18L1",0.136938651158232,-0.432292350476465,0.066,0.097,1
"LINC02968",0.136985295865221,-0.920052066240016,0.023,0.031,1
"PRKCA-AS1",0.137157427237243,1.44522822581238,0.029,0.01,1
"ADGRG5",0.137217397207785,-0.580728445170037,0.096,0.125,1
"MICAL1",0.137220268716043,-0.519298234587593,0.068,0.087,1
"PLXDC2",0.137235037047705,2.42411398333443,0.02,0.005,1
"ARMH4",0.137247497524932,0.787171062681288,0.08,0.054,1
"DIAPH2",0.137252691418648,-0.507505468338222,0.084,0.117,1
"ZBTB43",0.13732058621238,0.388490805409055,0.266,0.219,1
"SLC30A5",0.137523832813878,0.47399050205019,0.178,0.122,1
"PFDN1",0.137704930801786,0.301740047942083,0.227,0.166,1
"SETD1B",0.137777741579906,0.413364054891065,0.176,0.122,1
"EEF1AKMT4",0.137887815403173,-1.0039044970357,0.025,0.048,1
"ENSG00000291055",0.137927275777177,0.21256672615795,0.053,0.033,1
"EIF4A2",0.137936698700965,-0.248833458377188,0.711,0.719,1
"EXOC3",0.137953990269755,0.495932808668305,0.096,0.059,1
"ECE1",0.138285026077903,-0.203012898407311,0.172,0.184,1
"NUCB1",0.138319190855342,-0.425051960727216,0.172,0.207,1
"PRKCQ",0.138333683163704,-0.334900713792245,0.34,0.37,1
"OTULIN",0.13834587222659,0.301171180209624,0.445,0.357,1
"H2BC10",0.138373947066334,-3.13259102693123,0.002,0.013,1
"CCND2",0.138638218861349,0.137174191548752,0.451,0.436,1
"YIPF6",0.138782851063293,-0.352827549054683,0.086,0.099,1
"SNRPC",0.138957627369144,-0.175090164401079,0.32,0.309,1
"PRKACB",0.139154046545417,-0.535897963095851,0.217,0.263,1
"PPP1R13B",0.139230258123396,0.391270899231542,0.148,0.115,1
"RFK",0.139291983764783,0.495183625603532,0.084,0.048,1
"NDUFA4",0.139310884499938,-0.143591852512554,0.615,0.605,1
"ENSG00000280383",0.139357306589186,-1.1510446529175,0.016,0.033,1
"ENSG00000240535",0.13969482116447,1.79842903454746,0.018,0.005,1
"ATF1",0.139724180295113,0.519658216867211,0.201,0.143,1
"NXPH4",0.139750483227768,0.177487719092476,0.232,0.173,1
"LIMD2",0.139790093954625,0.153677938454519,0.869,0.86,1
"LYSMD4",0.139804172805133,-1.56478521941282,0.014,0.033,1
"MRPL15",0.139824194072968,-0.182181600387292,0.09,0.089,1
"RBM27",0.140043067047386,0.393488488470434,0.318,0.253,1
"RNF213-AS1",0.140107261383244,-0.661107703472458,0.037,0.036,1
"NUP133",0.140198415228681,-0.317984250741537,0.131,0.128,1
"SYPL1",0.140270621467538,0.411698502754579,0.158,0.11,1
"GRAMD1A",0.140305470556747,0.218554406026405,0.184,0.14,1
"MAP3K14",0.140478147162777,0.460327464138024,0.135,0.092,1
"TAFAZZIN",0.140489155468695,-0.505545735232986,0.096,0.115,1
"RAB10",0.14060045585524,0.319088831428792,0.375,0.293,1
"GALM",0.140700312508374,0.667118432229165,0.227,0.163,1
"GPS1",0.140753380224314,-0.282610957086317,0.119,0.148,1
"WDR48",0.140912758898244,0.196150567138962,0.287,0.232,1
"CTBP1-DT",0.141021840188534,-0.51873570271451,0.027,0.051,1
"APBA3",0.141119684377929,0.349965602280924,0.176,0.125,1
"ZNF420",0.1412203852454,0.858667703939976,0.084,0.048,1
"USB1",0.141436343012488,-0.421292348974913,0.068,0.097,1
"SVBP",0.141531519342979,-0.473722650833362,0.061,0.077,1
"NDUFB11",0.141537408441108,-0.207342710190436,0.607,0.622,1
"NAP1L4",0.141742142785545,0.273406283747479,0.395,0.319,1
"TBC1D1",0.141818018752035,0.487668872470552,0.205,0.148,1
"GIMAP8",0.141981665728624,0.336674329803639,0.047,0.023,1
"FBXW2",0.141986179164051,0.536514475275422,0.172,0.12,1
"ENSG00000287644",0.141989809169789,2.80149146201051,0.014,0.003,1
"RNASEH1",0.142167598360604,0.639924514648318,0.135,0.089,1
"SMYD5",0.14220558407176,-1.34367571400236,0.01,0.026,1
"RHPN1",0.142246171475886,-1.28557876642542,0.008,0.023,1
"ANTXR2",0.142364342531276,0.535390945893171,0.07,0.038,1
"BET1L",0.142384640771099,0.52984132922856,0.188,0.13,1
"TRIM35",0.142393904724918,1.28930139442544,0.037,0.015,1
"CNIH4",0.142536505804683,0.154213003933764,0.23,0.184,1
"LCLAT1",0.142580789613971,0.230427621266602,0.115,0.087,1
"RARA",0.142686546971858,0.225988240494869,0.596,0.505,1
"PRDX4",0.142713293284135,-0.767644218781727,0.033,0.059,1
"SYTL1",0.142922742256937,-0.310969481233627,0.275,0.327,1
"PITPNC1",0.142937132827776,-0.121929187956603,0.572,0.559,1
"MTO1",0.143015985805171,-0.736382620006653,0.072,0.107,1
"ST6GALNAC6",0.143026683591158,0.378439316309309,0.215,0.153,1
"THUMPD1",0.143066607444556,0.396447685376747,0.248,0.196,1
"KDM5A",0.143168410727905,0.335613604133131,0.389,0.301,1
"SPIRE2",0.143287318339419,-3.53978398003425,0.002,0.013,1
"AKAP9",0.143477074840942,0.280478773771854,0.424,0.342,1
"FAM27C",0.14378567729704,-1.01991762920174,0.02,0.041,1
"RNF187",0.143786086177944,-0.153313873436833,0.162,0.148,1
"SLC24A1",0.143809806841441,1.12967310898319,0.029,0.01,1
"CREM",0.143924244536614,0.248008050191993,0.83,0.765,1
"SEC23B",0.144138541232025,0.508825104340686,0.207,0.153,1
"FAM217B",0.144178702507724,0.84639280827002,0.057,0.028,1
"ATG16L1",0.144206546449381,-0.399005518071879,0.105,0.14,1
"KIF16B",0.144285430187961,1.23377601475728,0.02,0.005,1
"WASHC5",0.144450401816463,0.521774381748989,0.111,0.077,1
"EIF1",0.144467032181494,0.106720436680966,1,0.997,1
"PELP1",0.144484011354929,-0.394510675604385,0.127,0.148,1
"UBE2J1",0.144581255127204,0.429923122095389,0.264,0.202,1
"GEMIN4",0.144595799771502,0.656716886455385,0.057,0.031,1
"CDKN2B-AS1",0.144606857124244,-0.887546024028211,0.02,0.041,1
"TBC1D31",0.144646909418294,-0.285620256795111,0.072,0.097,1
"CRYL1",0.144709335697723,-1.06144102067918,0.02,0.026,1
"RNPC3",0.144731705368713,0.282589630576061,0.168,0.14,1
"SNAPIN",0.144838104361872,-0.309879055107356,0.102,0.107,1
"DCAF15",0.144848710667261,0.379499978943316,0.23,0.196,1
"CSGALNACT1",0.144987645866701,-0.966319059110715,0.055,0.094,1
"NPIPB11",0.144990507827941,-1.473053643445,0.023,0.048,1
"GSTZ1",0.145235068594994,2.0004681023274,0.014,0.003,1
"DDX28",0.145341890662883,0.850213368033006,0.074,0.041,1
"CCL3",0.14542789516482,-0.222382783082067,0.133,0.194,1
"ERC1",0.145456900562961,0.499389529785431,0.152,0.105,1
"SASS6",0.145512030033412,-1.08296241802595,0.021,0.033,1
"PLEKHG4",0.145515775287725,-3.04529986692611,0.002,0.013,1
"KBTBD2",0.145586772113869,-0.309534423226349,0.303,0.347,1
"ANKRD52",0.145722959639394,0.692732566083422,0.094,0.061,1
"ITSN1",0.145730583952738,-2.12983079890591,0.002,0.013,1
"ENOSF1",0.145925105381234,0.340012199265429,0.139,0.097,1
"AP2M1",0.146091140303376,-0.181245382497658,0.395,0.395,1
"PSMD13",0.14613304801645,0.337604336115601,0.441,0.342,1
"RPL8",0.146195748184775,0.102720302695491,0.994,0.995,1
"TBCEL",0.146229906471329,-1.19833719808626,0.012,0.028,1
"TCTA",0.146301770320898,-0.669201813737739,0.047,0.082,1
"BROX",0.146328030305525,0.329178385577028,0.201,0.145,1
"SOS1",0.146328291394541,0.440906208711864,0.209,0.161,1
"KIF2A",0.146345861205038,0.273391381243265,0.457,0.375,1
"NUP210",0.146493003800039,0.450765256056866,0.152,0.107,1
"LIPT1",0.146495912460345,0.36444998263087,0.049,0.028,1
"POGK",0.146509559274719,0.702488416727931,0.102,0.061,1
"SULT1B1",0.146600926049564,-2.46401511384043,0.002,0.013,1
"SLC39A8",0.146616057444756,0.435735595691966,0.248,0.184,1
"KRTCAP2",0.146692080757,-0.233131683562502,0.49,0.492,1
"CAPN1",0.146720424322324,-0.629539219945849,0.088,0.105,1
"FUT8",0.146782648732354,0.157674314985421,0.084,0.064,1
"EXTL3",0.146808842978557,0.986832879648759,0.062,0.033,1
"ENSG00000289974",0.146956713232508,1.40878114425042,0.031,0.013,1
"DCUN1D4",0.14699597446645,0.951158501683511,0.051,0.026,1
"ARV1",0.147055988560138,1.14892311474506,0.037,0.015,1
"DELE1",0.14709274743723,-0.694185141926422,0.109,0.145,1
"CCDC6",0.147194970343516,-0.39198135981532,0.107,0.12,1
"STYX",0.147308367720446,0.810754322679703,0.09,0.056,1
"ACP5",0.147504182319463,-0.901630277698473,0.031,0.056,1
"RAD51C",0.147548827564294,0.622797763229197,0.072,0.041,1
"TRIP13",0.147645211401754,2.34853209834447,0.014,0.003,1
"ZNF48",0.147905227788982,0.792143406890999,0.084,0.048,1
"AGAP2",0.148022355807052,0.648858240162438,0.143,0.094,1
"STX4",0.148132908012736,0.185358526025832,0.24,0.181,1
"PPP6C",0.148448055670412,0.152342472047606,0.381,0.314,1
"ELMOD2",0.148448763532147,1.09656510295932,0.045,0.02,1
"NIFK-AS1",0.148587317423542,0.163683604717993,0.078,0.059,1
"DEGS1",0.14872293737063,0.429981918104468,0.34,0.276,1
"CEBPD",0.14879750033402,0.308685817119793,0.473,0.362,1
"IL10RA",0.148856203452819,-0.394654588380089,0.268,0.311,1
"H2AZ2",0.149072177980295,0.220226197809639,0.74,0.684,1
"MANBA",0.149091393462136,-0.433383883831972,0.088,0.115,1
"KLRF1",0.149163062882354,0.635235592530394,0.027,0.026,1
"ALG10B",0.149304381808967,-2.40432383391175,0.002,0.013,1
"MCC",0.149382328618669,1.90550647221008,0.02,0.005,1
"MTM1",0.149616808716067,1.32945058120533,0.033,0.013,1
"H2AC15",0.149667307243025,-1.31363288723005,0.016,0.033,1
"AKT2",0.149739376956708,0.212479416859793,0.166,0.153,1
"KTN1",0.149770703534362,0.261604424749394,0.533,0.452,1
"CHMP4B",0.149800280939653,0.355179845126008,0.348,0.27,1
"ARID1B",0.149814677853572,-0.260254980391986,0.303,0.349,1
"PFKL",0.149962819801229,-0.454112913837079,0.098,0.13,1
"TXNDC11",0.150155012944992,-0.452825971572487,0.105,0.135,1
"NMUR1",0.150242125688488,-2.0346131469902,0.004,0.015,1
"ACOT7",0.150299536456124,-0.53091116319171,0.084,0.117,1
"GNB4",0.150338388713146,-2.05139057113973,0.004,0.015,1
"SBNO1-AS1",0.150381613957869,-0.719032790519599,0.012,0.026,1
"ATP6V1D",0.150569169591022,0.297795762045814,0.191,0.145,1
"PLSCR1",0.150678405053226,-0.172928823437172,0.299,0.321,1
"UBALD2",0.150691162294379,-0.209497588109801,0.59,0.625,1
"PWP2",0.150719517982299,-0.360041261924991,0.141,0.148,1
"COQ10B",0.150761952893813,-0.153542004112814,0.352,0.329,1
"BTRC",0.150917725393934,-0.25507672442152,0.092,0.115,1
"FAM98B",0.150978786914128,0.604481704088755,0.07,0.038,1
"MCM2",0.150984091855251,-1.61919902985634,0.008,0.02,1
"MR1",0.151371658566395,0.639734387096702,0.088,0.051,1
"ZNF777",0.151431778954306,1.06998042353744,0.062,0.033,1
"FXR2",0.151434015584043,0.556345648543396,0.092,0.056,1
"B9D2",0.151644498198269,0.694400154550492,0.113,0.074,1
"CHMP7",0.151677104609732,0.783782986202126,0.1,0.061,1
"ILRUN-AS1",0.151876309775632,-0.817423485779662,0.035,0.056,1
"TTC30B",0.151878209744185,0.838710966125258,0.014,0.003,1
"INVS",0.152199806904519,0.643633653090117,0.137,0.089,1
"NDUFS8",0.15220029046516,-0.344591859380916,0.211,0.255,1
"ENSG00000285651",0.1523180219642,1.30686823790546,0.02,0.005,1
"STAT3",0.152359095746208,-0.123343558354198,0.59,0.628,1
"ENSG00000274104",0.152562178022357,-1.09082242270641,0.018,0.038,1
"RNF216P1",0.152669698577509,0.514853051671281,0.195,0.135,1
"BCL7B",0.152669946128543,0.376945627785052,0.357,0.283,1
"CDK19",0.152753088500969,0.613311695324883,0.09,0.071,1
"HPGD",0.152987645098924,0.644072530743966,0.09,0.054,1
"MAP3K4",0.153084866293431,0.493298844353702,0.209,0.148,1
"WAPL",0.153304761659205,0.331572810451184,0.318,0.245,1
"CYTOR",0.15330781287629,-0.52558143961552,0.191,0.242,1
"THAP7-AS1",0.153312951383748,-2.34432912796756,0.008,0.023,1
"UQCR11",0.153404725348089,-0.161020582828061,0.562,0.594,1
"MSH2",0.153567536576982,0.248776149160523,0.049,0.033,1
"TNFAIP8",0.153929903666993,0.376187500732763,0.363,0.311,1
"ZNF580",0.154052196376302,-0.51867736587208,0.135,0.173,1
"STARD7-AS1",0.154197420759706,1.36518562999438,0.02,0.005,1
"NLRP1",0.15430996584624,0.457300571023409,0.256,0.191,1
"CHD8",0.154421632988064,0.186646812203566,0.238,0.191,1
"WDR45",0.154639324524325,-0.216904268177107,0.209,0.212,1
"TNFSF14",0.154668040919147,0.447321339336393,0.215,0.151,1
"MAP3K7",0.154684181995574,0.267953524449903,0.117,0.082,1
"UBE2I",0.154810459462491,0.192541636021181,0.6,0.508,1
"LIMK1",0.154839804855629,-0.603406228140595,0.076,0.094,1
"PIK3CG",0.15488133259693,-0.149932039120438,0.27,0.258,1
"CLCN5",0.154882309399439,1.28408500306868,0.02,0.005,1
"LTBP3",0.154958485204907,0.875860761073793,0.086,0.051,1
"PIEZO1",0.154972878643694,-0.709417690495832,0.072,0.097,1
"ARRB2",0.154986972650434,-0.221565539867038,0.43,0.474,1
"SLC9A6",0.154992120597972,-0.833088028959359,0.02,0.038,1
"GSTP1",0.155063180942966,-0.313051746398463,0.398,0.452,1
"NNT-AS1",0.155090561259371,1.38948392112357,0.02,0.005,1
"TMEM102",0.155140192999885,0.457690295486003,0.117,0.079,1
"SUDS3",0.155490894811848,0.482760937474962,0.148,0.102,1
"FLT3LG",0.155645952875474,0.267946176236547,0.453,0.367,1
"LY9",0.155929540345942,-0.666697572305309,0.047,0.077,1
"TMEM254",0.156059763885475,-1.89313237495192,0.012,0.028,1
"MON1A",0.156207296253074,0.933842182299519,0.066,0.038,1
"IPP",0.156216595279117,-1.07203085557399,0.025,0.048,1
"POLR1H",0.156223562666944,0.368905138500462,0.336,0.26,1
"APPBP2",0.156382578396508,0.494728841074362,0.158,0.112,1
"RASL11A",0.156404718415326,1.07372331356947,0.066,0.036,1
"NT5DC2",0.156501984372924,1.20343711892337,0.033,0.015,1
"CD300A",0.156625276413327,-0.64328141914409,0.145,0.173,1
"TRIM41",0.156728581971844,0.130866205003423,0.043,0.026,1
"PPP2R5B",0.156738934290455,-0.793226307684435,0.033,0.056,1
"PZP",0.156879208037972,-1.15423077595616,0.037,0.061,1
"MAPRE2",0.156978213280821,-0.304162885749469,0.576,0.589,1
"CDK5RAP1",0.157366919083174,0.217553813151061,0.205,0.161,1
"TTC33",0.157490613049961,-0.322046117482156,0.158,0.14,1
"NEDD9",0.157670863665599,-0.231632505912938,0.258,0.258,1
"PLEKHM3",0.157684753149802,0.473748167953592,0.051,0.026,1
"HSD17B2-AS1",0.1578261180586,1.61042052657649,0.014,0.003,1
"CCDC25",0.157854311176981,0.455738612320038,0.113,0.074,1
"DTX2",0.157893877920188,0.46031449357107,0.104,0.066,1
"ZNF652",0.157905934334876,0.774487808157758,0.104,0.066,1
"ENSG00000288879",0.158222332904159,-1.51443320001178,0.008,0.026,1
"ENSG00000267523",0.158239932839617,-0.888148048632125,0.016,0.033,1
"ETFA",0.158294552532557,-0.109415629556181,0.229,0.227,1
"MAN1A2",0.158344279453959,-0.110262874981079,0.211,0.196,1
"VAMP3",0.158454302121359,-0.59818833102927,0.092,0.125,1
"MRPS18B",0.158495831681618,0.413098683279895,0.154,0.107,1
"MAP3K11",0.158524842694461,0.161951008853998,0.141,0.112,1
"ETS1",0.158658790438723,0.29005719972236,0.639,0.561,1
"PABPC4",0.158753082464893,0.458467323777806,0.195,0.14,1
"USP25",0.158799257074682,-0.196471857295873,0.236,0.227,1
"SEC24C",0.158978382093132,-0.120122565207089,0.162,0.153,1
"CWF19L2",0.159074773996338,0.390676458775477,0.215,0.158,1
"TUFT1",0.15909550212968,-0.241471212438877,0.023,0.013,1
"MCRIP2",0.159361569867691,-0.636986130407282,0.033,0.036,1
"DNAAF2",0.15937825089588,0.203284290547197,0.26,0.204,1
"HNRNPA3",0.159536224223431,-0.188926120192203,0.637,0.653,1
"DHX58",0.159665973196355,-1.15323647313472,0.008,0.023,1
"RBBP7",0.159805046201479,0.21487710723583,0.297,0.232,1
"ZBTB32",0.160116669472113,-0.761982389286507,0.02,0.023,1
"GOT2",0.160314082807872,0.245197683385196,0.102,0.077,1
"SERBP1",0.160373681636736,0.162449772735829,0.691,0.597,1
"PBX3",0.160403627700182,-0.398791659216956,0.041,0.059,1
"DPF3",0.160420256322394,-2.02182630990851,0.004,0.015,1
"INO80B",0.160510568051337,0.453361092865176,0.178,0.133,1
"PFDN2",0.160556007727922,0.259761637597586,0.436,0.357,1
"TPGS2",0.160652749777179,-0.429623958335937,0.107,0.133,1
"TRAK2",0.16078817759609,0.694144878167457,0.119,0.079,1
"USP15",0.160790333958658,-0.189571230292522,0.578,0.592,1
"YPEL3",0.160808332215451,0.216341072269606,0.619,0.543,1
"CCDC50",0.16087683007425,-0.288664400085678,0.094,0.092,1
"CLTA",0.160969877970317,0.287922096250291,0.492,0.408,1
"LYST",0.161006099580315,-0.115721690448661,0.535,0.587,1
"MRPL27",0.161065670645435,-0.473504395972038,0.117,0.151,1
"BCL2L13",0.16106593349698,0.587918836696119,0.115,0.077,1
"EIF2B1",0.161102066560305,0.335960819741665,0.135,0.092,1
"GPCPD1",0.16132724400551,-0.227157340837532,0.395,0.403,1
"OBI1-AS1",0.161500470564128,1.39584604394888,0.02,0.005,1
"ZNF41",0.161746659373699,0.413571180608553,0.053,0.028,1
"ENSG00000253636",0.161761393414991,0.755272028265118,0.021,0.008,1
"C1S",0.161777751850255,0.699419974785707,0.031,0.013,1
"CHPF2",0.161846727487304,-0.585566977218518,0.062,0.079,1
"KDM4B",0.161856410318936,-0.270955921026512,0.129,0.12,1
"H4C9",0.161932793569299,1.25361119089595,0.014,0.003,1
"FKBP14",0.161969908321587,1.46746309360991,0.014,0.003,1
"PAXBP1",0.162147321611014,0.276521705118717,0.209,0.158,1
"HELLS",0.162169084431407,-0.945132451798749,0.014,0.031,1
"COX5A",0.162251321069606,-0.149414412925061,0.484,0.48,1
"PTGER4",0.162278344819771,-0.244772666308376,0.5,0.526,1
"H2AC11",0.162330111572392,-0.964452186536349,0.045,0.069,1
"ZC3H6",0.162623334513906,0.588109960437103,0.047,0.023,1
"TNRC18",0.162659284661856,0.123527842613375,0.164,0.133,1
"MRPL22",0.162875739648457,0.345078912689149,0.318,0.253,1
"GBP1",0.162911647822909,-0.623140268676005,0.143,0.184,1
"ZNF3",0.16293204741177,1.10551781259187,0.055,0.028,1
"ARIH2",0.162977988229021,0.233820078535664,0.535,0.444,1
"TRBV6-5",0.163301269202934,0.149375092906659,0.02,0.01,1
"NFE2L1",0.1633570636723,0.442071637935143,0.061,0.038,1
"GTF3C2",0.163497619837001,0.567122112089233,0.102,0.064,1
"LSMEM1",0.163589751295346,-1.91223472673202,0.004,0.015,1
"FHL3",0.163624849560431,0.566961607994042,0.256,0.186,1
"TENT4A",0.16368281170555,-0.574546642667154,0.064,0.094,1
"EFTUD2",0.163760919381838,0.379874405308674,0.152,0.107,1
"CNOT6",0.163832057212284,0.622890083303248,0.115,0.074,1
"RASSF3",0.163877767663217,-0.438208348546632,0.162,0.166,1
"TFCP2",0.163887708905295,0.234827360301214,0.086,0.061,1
"NFKBIA",0.163940297894632,-0.140292827576945,0.912,0.878,1
"MS4A1",0.164019064852527,-3.02971281667334,0.002,0.01,1
"METAP2",0.164032774187008,0.32429260697609,0.361,0.283,1
"H2AC19",0.16409176944497,-0.613367465655998,0.039,0.064,1
"ENSG00000288064",0.16428141906014,1.24687014917291,0.066,0.036,1
"UPF3A",0.164288214130836,0.224572704091257,0.227,0.173,1
"TMEM170B",0.164302323273083,2.22767314791854,0.014,0.003,1
"FBXO32",0.164359421835964,-0.282947341517858,0.109,0.145,1
"CYC1",0.16455629295224,-0.228305132462159,0.344,0.347,1
"MTREX",0.164717811018226,0.392248256738128,0.174,0.14,1
"ZNF718",0.164814226135244,1.04616758963789,0.041,0.02,1
"CRK",0.164908180741346,0.114170704584745,0.129,0.105,1
"SPEN",0.164915514171653,0.132587029345481,0.34,0.278,1
"RAD23B",0.165248685487063,0.416293031534703,0.328,0.253,1
"ZNF7",0.165304851230875,0.402282513073443,0.047,0.023,1
"TRIM69",0.165369468028776,-0.585544494182541,0.068,0.097,1
"PPP2R1B",0.165412367081624,0.20422152715552,0.088,0.059,1
"MARCHF7",0.165563251904489,0.266207767331016,0.342,0.265,1
"RBM10",0.165756995531939,0.479836770794516,0.131,0.115,1
"SMTN",0.165950799414929,-1.93678854428203,0.004,0.015,1
"PLCD3",0.165999989830747,1.50007826336384,0.014,0.003,1
"DEPDC5",0.16600836313929,1.08049827716516,0.039,0.018,1
"FRMD4A",0.166035764100529,2.00210066247126,0.014,0.003,1
"PHLDA2",0.166212542537188,1.72302097047408,0.023,0.013,1
"MIR762HG",0.166525996130294,-0.94696194441097,0.025,0.043,1
"LINC00910",0.16656219752886,-0.725636443077406,0.076,0.117,1
"CRACDL",0.167108274665687,-1.65805079009932,0.004,0.015,1
"MED31",0.16721545451268,0.259118677798314,0.211,0.158,1
"CCDC112",0.167226470975428,-2.24371776958484,0.008,0.023,1
"XRN2",0.167353195600241,0.156451722386203,0.391,0.321,1
"TDRKH-AS1",0.16737762911244,-1.82212648773209,0.004,0.015,1
"ENSG00000249870",0.167527565976635,-1.08665048688191,0.012,0.028,1
"ARPC4",0.16753594891301,-0.327948070186942,0.379,0.418,1
"CC2D1A",0.167547275385297,-0.678048351060628,0.049,0.066,1
"HEXA",0.168007460578481,-0.464830005467685,0.146,0.176,1
"ENSG00000289863",0.168022181631362,-1.04824134048649,0.018,0.036,1
"LACC1",0.168105723287005,0.74088750250521,0.027,0.01,1
"OBI1",0.168130946381991,0.611555589089811,0.119,0.077,1
"ZNF709",0.16815893460856,1.15268741743075,0.047,0.023,1
"FAM185A",0.168237531648915,1.46562734690866,0.035,0.015,1
"BCL2L1",0.168573681530227,-0.185976954231759,0.086,0.107,1
"IVNS1ABP",0.16863697473915,0.246026014608905,0.566,0.485,1
"ECI1",0.168651640606633,-0.476344085684137,0.096,0.128,1
"ST8SIA1",0.168701101505335,-0.827270457967741,0.037,0.069,1
"TIMMDC1",0.168728173335855,-0.486516436592201,0.055,0.064,1
"ARMC8",0.168749482489833,0.197700603690612,0.248,0.196,1
"DHRS1",0.168864056961447,0.195721767767643,0.068,0.048,1
"ARID5B",0.168873252016428,-0.289405822329616,0.338,0.367,1
"LAMTOR2",0.1689604753725,-0.431229686527694,0.139,0.166,1
"ENSG00000262202",0.16909368473933,-1.3598931417325,0.008,0.023,1
"TRAV29DV5",0.169181568721559,-2.09618413007743,0.006,0.015,1
"TIPIN",0.169222234369882,1.89516353353947,0.023,0.008,1
"FAM133B",0.169349678796584,0.379909718284461,0.338,0.278,1
"RAB33B-AS1",0.1694831988451,0.852206483374204,0.047,0.023,1
"PPP2R2A",0.169490791510545,-0.273163865684355,0.305,0.347,1
"RAB4A",0.169544382799535,0.403385667900686,0.207,0.156,1
"ARMC1",0.16972502692135,-0.191971129089143,0.092,0.092,1
"ENSG00000227486",0.169743152621846,-2.52196269357177,0.004,0.015,1
"RIOK3",0.169785956865869,0.339472592572681,0.387,0.316,1
"RPL36",0.169832860795842,0.110962232609032,1,1,1
"DHRS4-AS1",0.169936867037862,1.16931737068457,0.037,0.018,1
"TUBA1B",0.169960047159278,-0.179906175335361,0.592,0.622,1
"GALNT10",0.169962492355227,0.461085924321605,0.217,0.158,1
"LINC00920",0.170188316935076,1.99523483423752,0.014,0.003,1
"TOP1MT",0.170238147157628,-1.2274372961531,0.012,0.028,1
"SYNC",0.170332826581706,0.403608858439412,0.133,0.099,1
"ARMC7",0.170463508710566,0.790017797704984,0.057,0.031,1
"PIKFYVE",0.170492395440578,0.746000207570622,0.113,0.077,1
"FAM156A",0.170631444340482,2.49858764446644,0.014,0.003,1
"ADAM15",0.170779968113788,-0.774169327119686,0.033,0.054,1
"SND1",0.170831773480323,0.239026798776428,0.281,0.224,1
"HECTD4",0.170877519371628,-0.257971262184459,0.166,0.191,1
"SLC36A4",0.170914935413618,0.492738542671254,0.123,0.082,1
"NDUFC2",0.171193144085096,-0.106952309668061,0.424,0.413,1
"DNAJC15",0.171381618466394,-0.106136156256468,0.322,0.309,1
"ATG13",0.171413491836168,-0.445223781789248,0.148,0.181,1
"COX5B",0.171471583499887,-0.162173187872266,0.668,0.679,1
"BEND4",0.171824199788643,-1.90715349012689,0.004,0.015,1
"ZNF92",0.171860549623003,-0.327286517977438,0.137,0.151,1
"PHAX",0.171881074780273,0.164642353425439,0.242,0.189,1
"PCGF3-AS1",0.171911296049547,0.748212817499468,0.043,0.02,1
"RFTN1",0.172058254374399,0.151578536399382,0.416,0.339,1
"SPG21",0.172085306631836,0.634937202289249,0.131,0.087,1
"SLF2",0.172435825855417,0.939888275154704,0.055,0.028,1
"MAN2B1",0.172538562160348,0.280518245368683,0.143,0.107,1
"ENSG00000235979",0.172596749273371,-0.525057765514007,0.061,0.089,1
"ABHD2",0.172614796461953,0.380848099981145,0.057,0.033,1
"RC3H2",0.172634574210861,0.219648791960933,0.232,0.184,1
"ANKRD16",0.172842148726351,2.0256402164267,0.014,0.003,1
"IMPDH1",0.172931903144056,-1.08214598483942,0.035,0.054,1
"TMCO4",0.172958238862873,0.284968154302898,0.041,0.026,1
"PIGK",0.173006299214311,-0.280170062617887,0.146,0.179,1
"ZBP1",0.173076844019397,-0.686189237724281,0.104,0.133,1
"CA5B",0.173263137962003,-0.38110546409302,0.129,0.168,1
"PYROXD2",0.173287582451055,-2.62124494268417,0.004,0.015,1
"SLC31A1",0.173295204817717,-0.953209547070203,0.018,0.036,1
"TMCO3",0.173368695633565,-0.653532753157041,0.045,0.069,1
"ABI3",0.173456344722617,0.247186609726683,0.467,0.411,1
"ZBTB34",0.173476665929123,1.6729809627497,0.027,0.01,1
"CITED2",0.173483388533044,-0.168612586027609,0.348,0.406,1
"HHLA3",0.173553430886027,-1.48681307490963,0.004,0.015,1
"TEP1",0.173585621767415,-0.594279353221009,0.037,0.056,1
"STXBP4",0.173823149242747,1.20689414881487,0.053,0.028,1
"NT5C3A",0.173862084324823,0.260900857591034,0.357,0.293,1
"ITCH",0.173967900667876,0.233922748609437,0.416,0.383,1
"ENSG00000267787",0.174055199295392,1.34308895806833,0.023,0.008,1
"GNAQ",0.174234295777875,0.805710276844872,0.055,0.028,1
"USP24",0.1742710947274,-0.450334841483754,0.209,0.242,1
"AARS1",0.174284789124543,0.634473623199068,0.125,0.087,1
"SNF8",0.17428836148101,-0.252334965716681,0.219,0.25,1
"EBAG9",0.174304596866396,0.36074602709051,0.068,0.043,1
"MICU3",0.174369467800456,2.21602622708882,0.014,0.003,1
"PUSL1",0.174428202087996,0.544297137421295,0.088,0.056,1
"JAML",0.174428211628381,0.718635588880248,0.105,0.066,1
"TULP4",0.174434577610624,-0.134969425135292,0.168,0.191,1
"RAB3IP",0.174442335290418,0.990336374588229,0.061,0.033,1
"WAC",0.17457591969728,0.243080498745639,0.504,0.423,1
"SPATA33",0.174650663064796,-0.473173745670616,0.045,0.054,1
"TCF25",0.174659741300939,0.219677831542284,0.641,0.589,1
"C15orf39",0.174701749635313,0.953837465072373,0.049,0.026,1
"PGAM1",0.174761953249224,-0.146093970493699,0.561,0.571,1
"NKAP",0.174827991950737,0.449585588327978,0.152,0.117,1
"APH1B",0.174841255034567,-1.30599140683626,0.018,0.036,1
"ATPAF2",0.174928802107611,1.13146343112389,0.047,0.023,1
"GNG7",0.174964177305751,-1.02501885312906,0.006,0.02,1
"DERPC",0.175172846682821,1.19739264367564,0.027,0.01,1
"SPATA13",0.175288473003062,0.278162785180697,0.281,0.222,1
"SMN2",0.17537900282908,2.38712625598836,0.014,0.003,1
"SEPHS2",0.175465584232425,0.332908171867525,0.166,0.138,1
"CEP350",0.175616275682619,0.389239874607411,0.33,0.263,1
"DDX18",0.175641846203649,0.405039853955607,0.266,0.212,1
"SPIDR",0.175664591243094,0.317418005568218,0.273,0.207,1
"SEC61B",0.175717848032881,0.16683633189725,0.74,0.648,1
"CXXC5",0.175844593932328,0.522395058682294,0.145,0.102,1
"CIR1",0.175856529264531,0.356745384659867,0.418,0.337,1
"INPP5E",0.175996675372169,1.00502019740945,0.029,0.013,1
"BDP1",0.176043030785345,0.290511630980519,0.369,0.291,1
"PPP1R15B",0.176079678795261,0.432757852287126,0.303,0.237,1
"GNGT2",0.176229900307105,-0.520689145227024,0.111,0.125,1
"ZFP82",0.17645903686546,0.871583597073067,0.025,0.01,1
"FH",0.17684568371743,0.570573981224817,0.068,0.043,1
"TRAV14DV4",0.177203751941937,2.52830884672312,0.012,0.003,1
"NCK1",0.177290254818565,0.174363987215109,0.326,0.26,1
"KIF11",0.177335045873213,-1.84398101422031,0.006,0.018,1
"COMMD1",0.177530974660172,0.414838098978266,0.238,0.179,1
"IRF2BPL",0.177653966157386,0.124267185629021,0.18,0.166,1
"SCML4",0.177737336815198,-0.197525676690972,0.277,0.273,1
"DROSHA",0.177767955282927,0.704850179404275,0.055,0.028,1
"METTL23",0.17804230689893,-0.377856230483277,0.152,0.189,1
"SLC1A5",0.178083914667026,0.545607302322086,0.242,0.191,1
"NDUFS3",0.178192432332777,0.244058206778449,0.322,0.276,1
"ENSG00000289421",0.178256011765529,1.47052797786875,0.014,0.003,1
"EGR3",0.178359387255829,1.55837839251863,0.023,0.013,1
"CDKN1C",0.178584435653021,0.281160316474848,0.07,0.048,1
"C18orf21",0.178595469229815,0.494576827463702,0.133,0.089,1
"PPP5C",0.178701590970951,-0.151045896156126,0.107,0.107,1
"GTF2F2",0.178710962830254,0.514961391014555,0.162,0.12,1
"ENSG00000289440",0.178923874715261,-2.90295525822117,0.002,0.013,1
"ENSG00000289582",0.178965914056251,-0.264851992660219,0.027,0.023,1
"PDE12",0.179005174468465,-0.533377178323198,0.113,0.145,1
"NIPBL",0.179119147367081,0.193165536662644,0.535,0.444,1
"GAB1",0.179191446575278,-1.96590606602051,0.004,0.015,1
"CETN3",0.179251560243276,1.10741531987205,0.018,0.005,1
"NUTM2A-AS1",0.179371486193869,-0.222771574562391,0.211,0.222,1
"FBXO31",0.179388410954571,-0.503505052917609,0.076,0.082,1
"SRP19",0.179416074133672,0.306054172899222,0.457,0.367,1
"TM2D1",0.179541557976674,-0.284668421367647,0.098,0.122,1
"GPRIN3",0.179577632459608,-0.193524793851129,0.389,0.352,1
"MDH2",0.179646579931254,-0.162957963033732,0.369,0.383,1
"ZNF738",0.179844218067333,0.712526702594634,0.061,0.043,1
"ACTR6",0.179907280381984,0.379596498867609,0.158,0.11,1
"HOMEZ",0.179929691865187,0.592669734031805,0.031,0.015,1
"ZNF879",0.180036662448769,1.30285004718704,0.023,0.008,1
"HYCC2",0.180039084448215,0.275219143657616,0.211,0.212,1
"TMEM273",0.180069211989388,-0.710501611892391,0.027,0.031,1
"MARCHF6",0.180118161466109,-0.342992565491832,0.244,0.288,1
"DNAJC25",0.180118298131027,0.558982276254327,0.096,0.059,1
"TSC22D4",0.180355316285372,-0.146765100229451,0.334,0.321,1
"UQCRC1",0.180397088007978,-0.227095159385915,0.246,0.25,1
"PIK3R1",0.180547940879112,0.10847016357086,0.684,0.696,1
"ADAP1",0.180664104249269,-0.264022574260341,0.148,0.151,1
"SPRED2",0.180937559205644,0.81118986648654,0.049,0.028,1
"MARK2",0.181058340187589,0.190825378481002,0.195,0.161,1
"SUZ12",0.181081309608332,0.139925408137864,0.262,0.217,1
"TTC17",0.181118955540991,0.100590011936689,0.279,0.23,1
"CRY2",0.181143467003721,0.333343125860519,0.1,0.064,1
"RNF6",0.181319595426195,-0.244642848950058,0.18,0.186,1
"GBP2",0.181375409434151,-0.133901006363626,0.416,0.423,1
"NAXE",0.181471319785179,-0.344107032460899,0.17,0.196,1
"RTL8C",0.181535231794039,-0.692911557427482,0.051,0.071,1
"CEBPZOS",0.181715631447658,-0.462441004750934,0.102,0.128,1
"SPICE1",0.181769108331835,0.549326812246034,0.047,0.023,1
"MAL",0.181803767231949,2.3049008232441,0.014,0.003,1
"YBX3",0.181831005049439,-0.193657466187031,0.197,0.232,1
"CCDC174",0.181838988132974,0.242148610858647,0.246,0.186,1
"KIAA2013",0.18197312273182,0.462203730168841,0.178,0.125,1
"METTL26",0.182000632692119,-0.283026876297816,0.273,0.304,1
"NUDT1",0.18205922632413,-0.272484894079432,0.061,0.061,1
"NQO2",0.182143924232363,-0.921809014122164,0.053,0.077,1
"R3HCC1L",0.182258711378843,-0.166977500245071,0.131,0.115,1
"JSRP1",0.182456782344412,-2.37555941480929,0.002,0.013,1
"STXBP3",0.182494443532692,0.358352118452514,0.312,0.255,1
"A2M",0.182651541727927,-0.138046589765481,0.064,0.059,1
"ACP1",0.182732505134284,0.322616692166815,0.406,0.324,1
"FOXO4",0.182807334001968,-0.895192462977857,0.027,0.048,1
"TRIM4",0.182856906434695,0.4479088542419,0.164,0.115,1
"ENSG00000290924",0.183079691598289,0.723290106252339,0.082,0.051,1
"BCL2",0.183252816296406,-0.623666576208336,0.066,0.102,1
"RAB33A",0.183271569570064,-0.875390490093698,0.053,0.077,1
"RASSF4",0.183304962616194,-2.78308969956745,0.002,0.013,1
"USP6NL",0.183435063428144,-1.17060763122441,0.006,0.018,1
"CDK2AP1",0.183501477376597,0.521104237733605,0.201,0.153,1
"WWOX",0.183572214459455,-0.121470590167788,0.131,0.166,1
"NDUFA7",0.183724621418681,-0.274057936520885,0.188,0.202,1
"LINC02055",0.183936012639018,1.82946402459004,0.014,0.003,1
"RCHY1",0.183948201162161,0.412021294528359,0.215,0.163,1
"ZNF699",0.18424491904596,-0.648523667880359,0.041,0.066,1
"STAM",0.18432148357794,0.538908277387029,0.164,0.122,1
"ZDHHC4",0.184328744767824,-0.547145630884513,0.062,0.092,1
"CFAP36",0.184401736927469,0.382032237288821,0.15,0.102,1
"ARF4",0.184441414156532,0.294439832001523,0.596,0.528,1
"BAG6",0.184656969800001,-0.152057605262292,0.166,0.166,1
"DCTD",0.185052530291413,-0.53683248714529,0.084,0.115,1
"MEN1",0.185140817851493,-0.405627819375544,0.072,0.082,1
"NFIX",0.185156515223397,-0.633198210308405,0.012,0.008,1
"SLC25A42",0.185161603084381,-0.796761080013543,0.043,0.046,1
"B3GLCT",0.185319807745734,0.47681624505568,0.145,0.105,1
"SDHAP1",0.185503696723296,-0.118311948274698,0.232,0.222,1
"ZNF706",0.185538000919242,0.288662362807717,0.441,0.357,1
"ENSG00000235192",0.185542680895864,-1.667636359765,0.012,0.028,1
"CARMIL2",0.185578112077632,0.309663677442948,0.033,0.02,1
"RAB4B",0.185589217377071,0.344754987350312,0.119,0.084,1
"MCAT",0.185653849994144,0.81340391525443,0.057,0.031,1
"NONO",0.185700209425298,-0.141215072451845,0.482,0.495,1
"CTSC",0.185721835053879,-0.19532559738477,0.443,0.457,1
"CAMKMT",0.185760139308394,0.150689878436992,0.084,0.077,1
"C2orf88",0.185777823966324,1.58328512626735,0.014,0.003,1
"ZNF320",0.185819203571343,1.56956532159775,0.014,0.003,1
"APOBEC3H",0.185849263279152,-0.859531959558475,0.023,0.043,1
"GTF2IRD2B",0.185892762786526,0.228389039461389,0.131,0.094,1
"OAZ2",0.185908347364689,-0.692639367449526,0.057,0.084,1
"MFSD3",0.185977594709144,1.69720206186865,0.014,0.003,1
"PRDX1",0.186033954276933,-0.160934321764391,0.393,0.38,1
"FAM193B",0.186105121677299,0.191576066781485,0.115,0.079,1
"TMEM219",0.186143222190646,-0.422750532251462,0.143,0.173,1
"PIGQ",0.186160704669903,0.842372179507459,0.064,0.036,1
"NRIP3",0.186473335233477,-0.517459932863307,0.033,0.054,1
"TXLNGY",0.186483069295875,-0.981856322214341,0.051,0.077,1
"MAF1",0.186491001300983,-0.152293864679095,0.418,0.423,1
"ZNF264",0.186509276623768,-0.110690747156084,0.088,0.082,1
"STX6",0.186600585292051,0.116465340557298,0.133,0.099,1
"ABCE1",0.186615358956643,0.456672769365304,0.154,0.115,1
"AGGF1",0.186690089999032,0.478574098563223,0.143,0.097,1
"ZNF141",0.186710679352334,0.575146235483907,0.068,0.054,1
"NRDC",0.186727727021817,-0.355155186643997,0.217,0.245,1
"ENSG00000262879",0.18681021261156,0.478541840202475,0.051,0.026,1
"EPS15",0.187069026943783,0.246431197557451,0.328,0.291,1
"ENSG00000289698",0.187072130806326,2.22318475819279,0.012,0.003,1
"LARS2",0.187169647689943,0.838285447704325,0.043,0.02,1
"EEF2K",0.187323457398083,1.0151700410009,0.031,0.013,1
"PLEKHO1",0.187481642862676,0.363714893165747,0.408,0.321,1
"DYNLRB1",0.187519923753822,-0.291385746299533,0.307,0.339,1
"EXO5-DT",0.187574564705852,1.91966739315027,0.021,0.008,1
"GPALPP1",0.18776678662043,-0.482557886051731,0.062,0.074,1
"CARD8",0.187882822750584,-0.125389715558433,0.238,0.222,1
"DPM2",0.187913691518547,-0.455229743530195,0.074,0.105,1
"DANCR",0.187920147164729,-0.321074318754528,0.17,0.189,1
"FAM131B-AS2",0.187999659096248,-0.668753601074795,0.033,0.056,1
"CAPZA2",0.188054782846354,0.250098039392602,0.447,0.367,1
"LINC02613",0.188069226495934,0.722831513629423,0.035,0.015,1
"BBS7",0.1882754384296,-0.289616999418776,0.057,0.064,1
"COG1",0.188786746125668,0.618873867650804,0.094,0.059,1
"SPAG1",0.188807427557229,0.567602176309872,0.152,0.105,1
"ECH1",0.188940838594417,-0.310028566450295,0.24,0.273,1
"PRPF40A",0.188945869045726,0.30572415641662,0.527,0.449,1
"HACD4",0.18900860425834,-0.496522220267478,0.113,0.151,1
"CASP3",0.189154797601857,-0.159992108496808,0.268,0.276,1
"RAB1A",0.189175205888367,-0.2960111685813,0.344,0.367,1
"BCL10",0.18917985683624,0.471226724165343,0.158,0.112,1
"EXO5",0.189233390303374,1.64913054908022,0.031,0.013,1
"LIN37",0.189245805590713,-0.690520085245402,0.059,0.069,1
"YTHDF2",0.189285117349224,0.155467604716805,0.396,0.324,1
"ADK",0.189483718572574,0.248855901933024,0.24,0.186,1
"GOPC",0.189580833411671,-0.428607698742908,0.096,0.117,1
"SAE1",0.189866112912464,0.446762141079898,0.209,0.153,1
"TMEM183A",0.18987438804784,0.190186355857929,0.293,0.23,1
"PBX2",0.189929753243013,-0.662654509551944,0.061,0.084,1
"ENSG00000236449",0.190030222727262,0.386945528722456,0.182,0.151,1
"ZXDC",0.190076544700613,0.156307398380619,0.129,0.102,1
"MRPL19",0.190109627821214,0.407629291863997,0.141,0.097,1
"ANAPC2",0.190294848189724,0.244482263519846,0.076,0.054,1
"PSMC2",0.190298994610435,0.114721519295194,0.277,0.227,1
"PDE2A-AS2",0.190409992324318,-1.77646822497107,0.004,0.015,1
"TKT",0.190719093347621,-0.176648294439091,0.279,0.301,1
"PSMC4",0.190742970998662,-0.111875868980188,0.398,0.413,1
"PEX10",0.190837966982196,0.836328786580119,0.043,0.02,1
"IFNG-AS1",0.190917819957174,-1.09295276995691,0.051,0.074,1
"DNM1L",0.190993157566201,0.189948743927632,0.238,0.189,1
"IRGQ",0.191210821181219,1.20616976856822,0.035,0.015,1
"GMNN",0.191251810597934,-0.606682364612357,0.059,0.087,1
"PCGF1",0.191308732135181,0.75941478143012,0.094,0.059,1
"EIF1AY",0.191340682010343,-0.549551512776979,0.107,0.143,1
"OTUD4",0.191488944832522,0.142582654741145,0.227,0.184,1
"NDUFB2",0.191654129508778,0.124233279571014,0.637,0.551,1
"KRAS",0.191676741242885,0.24751825230743,0.453,0.372,1
"WDR83",0.19200268798835,0.767229136783145,0.082,0.048,1
"CAP1",0.192040433152853,-0.146547350688295,0.453,0.436,1
"WAKMAR2",0.192054802739789,0.258830894228697,0.119,0.084,1
"SNRNP48",0.192056810678538,0.54760249057754,0.102,0.071,1
"DNAJB6",0.192082405395317,0.161610223688469,0.787,0.714,1
"CYB561D2",0.19224066343441,-0.261623646066786,0.129,0.125,1
"LINC02798",0.192378580623619,1.88918602681222,0.012,0.003,1
"PHB2",0.19242400540489,-0.142111836771751,0.383,0.388,1
"ABHD17A",0.192635674597603,-0.109162667380681,0.83,0.849,1
"RAB35",0.192693930337955,0.136576392410681,0.252,0.207,1
"ENSG00000272426",0.192716389202222,-1.89537351507847,0.01,0.028,1
"TACC1",0.192737940630536,0.283275764251962,0.404,0.355,1
"MT-ND1",0.192784140743914,0.199921028092641,0.92,0.865,1
"TCP11L1",0.192877480886026,0.42324280451031,0.07,0.046,1
"DNAAF5",0.193089893250896,0.880803697367439,0.043,0.02,1
"LINC01473",0.193108229785053,-0.995336279138444,0.021,0.023,1
"FARSA",0.193197377976504,0.194698438804687,0.113,0.087,1
"TRIM52",0.193458442749623,0.360614322537265,0.072,0.043,1
"ARHGEF19",0.193686095566883,0.532304545612393,0.049,0.031,1
"MPND",0.193792227429287,-0.781274858333015,0.02,0.038,1
"CARS1",0.193795318175919,0.517026287661901,0.229,0.176,1
"ADA2",0.193887005324547,-0.672449332256697,0.059,0.082,1
"KXD1",0.194100809763367,-0.433827946530291,0.131,0.168,1
"FCHSD2",0.194204300043176,0.440959218824012,0.156,0.11,1
"PNKD",0.194220715923286,-0.755370108129435,0.109,0.143,1
"OOEP",0.1942585035136,0.101085709477225,0.17,0.14,1
"FADS2",0.194385597002492,-1.77526238070994,0.006,0.018,1
"CHD7",0.194423416453561,0.480065363671121,0.193,0.138,1
"TGS1",0.194685591279883,0.403115244635507,0.234,0.173,1
"SAMD8",0.194720758331058,-0.330034186589049,0.088,0.117,1
"TMEM80",0.194845264451786,-0.613953306233776,0.033,0.059,1
"SHFL",0.195019779113865,-0.126467439195931,0.287,0.283,1
"RPS2",0.195135251386277,0.107505143787315,1,0.992,1
"GPR171",0.195241024718661,-0.237493571108709,0.195,0.189,1
"ARHGAP21",0.195409280254133,0.589486200876138,0.061,0.033,1
"ATP6V1F",0.195579141571391,-0.195879605328297,0.385,0.388,1
"PRDM15",0.195596970699851,1.46596549962417,0.027,0.01,1
"UGT8",0.19591231731563,-1.47267323907386,0.004,0.015,1
"ENSG00000289100",0.195975782299325,-1.09008968099823,0.02,0.038,1
"DESI2",0.196098745858972,-0.432222641497144,0.146,0.181,1
"ELAC1",0.196101848851858,1.19213653006967,0.035,0.015,1
"FLYWCH2",0.196161532809531,-0.8638672313165,0.059,0.084,1
"VAMP7",0.196190404796115,0.237236199163254,0.174,0.138,1
"FARS2",0.196329190261911,-0.774313806495651,0.051,0.069,1
"LIPA",0.196343335117331,-0.738297593899295,0.07,0.102,1
"BUD13",0.196475866339807,0.404210267752423,0.158,0.112,1
"CRLF3",0.196634278086474,0.383112885314355,0.189,0.138,1
"MADD",0.196667291582301,0.137154415833512,0.205,0.204,1
"MRPS11",0.196792250988701,-0.264458416284565,0.074,0.102,1
"WDR54",0.196837231606373,-0.532309774982586,0.074,0.094,1
"AGO2",0.196854509144929,0.305947796953045,0.42,0.344,1
"COMTD1",0.196939736950695,-0.570839640077873,0.068,0.092,1
"CMTM8",0.197112687915262,0.167950324305051,0.021,0.01,1
"KCTD11",0.197122416610389,-0.807263702231267,0.01,0.02,1
"TMEM167A",0.197153621712709,-0.297968836569425,0.188,0.207,1
"IKZF5",0.19729383263017,-0.382073360545533,0.182,0.202,1
"AGER",0.197312892575808,-1.91722779102397,0.01,0.026,1
"EVI5L",0.197328961711476,-2.19246049338445,0.004,0.015,1
"LINC00680",0.197413110415602,0.792225820490719,0.064,0.036,1
"COG3",0.197444346708627,0.291273654143923,0.256,0.224,1
"ADGRE5",0.197462563294368,0.187552448121505,0.832,0.788,1
"ATXN1-AS1",0.197748561480132,-0.795963640042205,0.029,0.046,1
"OSBPL2",0.197771005550996,0.670766658270302,0.088,0.054,1
"TAF6",0.197788691813446,-0.371775942421798,0.09,0.094,1
"SFT2D3",0.197947936402786,1.11662401635496,0.031,0.013,1
"TNRC6A",0.197987029231082,0.204181975765011,0.291,0.23,1
"VASP",0.19811971606633,-0.289285347187302,0.357,0.372,1
"ENSG00000287697",0.198212924760264,-0.270286797210096,0.02,0.033,1
"MAP3K13",0.198379137694907,-0.409944897030629,0.109,0.14,1
"CALCOCO1",0.198424276200527,0.271955898051399,0.107,0.099,1
"ZNF181",0.198576504868347,1.0244839551413,0.043,0.02,1
"ZNF280C",0.198826673639295,1.20174245573745,0.035,0.015,1
"ENSG00000288612",0.198874819193611,-2.10346041231776,0.004,0.01,1
"EEIG2",0.199251464571927,0.308639298850342,0.379,0.306,1
"PLPPR2",0.199346167552078,1.6110699658298,0.021,0.008,1
"HELB",0.199405570125574,0.496248136407189,0.189,0.138,1
"ACTR8",0.199472516439759,0.652351454680757,0.094,0.059,1
"MPC2",0.199660026171987,0.10916341298921,0.297,0.253,1
"H2BC12",0.199774764049751,-0.313094820581346,0.121,0.153,1
"CLOCK",0.199826405844123,-0.809074827389966,0.047,0.059,1
"ENSG00000259375",0.199911394931455,-1.81708077169379,0.004,0.015,1
"SPNS3",0.199919938308644,-0.958812925708253,0.02,0.036,1
"BMT2",0.199980014721629,0.794302317257822,0.104,0.066,1
"CDKN2AIPNL",0.2000134290284,-0.14282378540616,0.051,0.043,1
"ATF7IP",0.200040291234559,-0.256931351674465,0.354,0.349,1
"TSPOAP1-AS1",0.200306538049028,0.254546858322571,0.223,0.176,1
"CBL",0.200459921456689,-0.278491847469161,0.139,0.13,1
"CABIN1",0.200597983900434,-0.159654397161963,0.174,0.204,1
"LANCL1",0.200884645186584,-0.817595172132217,0.029,0.051,1
"PPP1R15A",0.200934550134312,-0.239677444147486,0.553,0.592,1
"TRBJ2-1",0.201127912184344,-1.4676859973664,0.006,0.018,1
"CSAD",0.201159943010318,-1.0525657845297,0.023,0.043,1
"TBC1D8",0.20126190042163,1.56436445763857,0.025,0.01,1
"GPATCH3",0.201375886098208,0.828060513965662,0.096,0.064,1
"RFT1",0.201649639276465,-1.34561746665924,0.02,0.038,1
"SKA2",0.201651766658964,-0.877916603939135,0.062,0.089,1
"SLC8B1",0.20181388087029,1.06511273135138,0.037,0.018,1
"IL15RA",0.201975403960254,-0.420501177010803,0.082,0.094,1
"CLP1",0.20200721761517,-0.521180608025813,0.078,0.105,1
"SLC7A6",0.202120101151547,0.531853475529932,0.191,0.145,1
"CNBD2",0.202163529242961,-0.794390647283897,0.07,0.102,1
"PARP12",0.202185764156787,-0.406735764676118,0.166,0.194,1
"HNRNPA0",0.202231684989861,-0.107254180707228,0.705,0.732,1
"TRBV9",0.202298007799162,-2.22420397126816,0.006,0.015,1
"SNHG9",0.202380845221596,-0.245511698411036,0.166,0.209,1
"TRERF1",0.202475837826021,-0.811928483517051,0.061,0.084,1
"TRAP1",0.202641344233191,-0.775321837105948,0.035,0.048,1
"NDUFAF4",0.202731354253948,-0.374829793096295,0.18,0.212,1
"ENSG00000267364",0.202813133376482,0.792124725725683,0.051,0.028,1
"RAD1",0.202855538037334,-0.388450664658006,0.094,0.105,1
"MICA",0.202867674507788,-0.992566545650259,0.051,0.079,1
"SLC25A51",0.203047230175584,0.426747103952396,0.1,0.066,1
"ZNF260",0.203055851913832,0.689573464650398,0.059,0.036,1
"RHOB",0.203074152233691,-0.14454405278941,0.146,0.181,1
"TRMT6",0.203123164229607,0.735364227788826,0.08,0.048,1
"ISYNA1",0.2032808294411,0.545039813992039,0.064,0.038,1
"MSANTD2",0.20342107067936,0.442018473054316,0.057,0.046,1
"SLC9A1",0.203473258724372,0.224518593865366,0.098,0.074,1
"GGT1",0.203495326459339,0.401100768236834,0.035,0.02,1
"NDUFB9",0.203574985383621,-0.204376642233919,0.527,0.538,1
"FHIP1B",0.203658406906709,0.695448874728254,0.092,0.056,1
"RIN3",0.203675807902099,0.14463183675819,0.182,0.148,1
"ID1",0.203740475281707,-0.656659394782919,0.082,0.11,1
"TCP10L",0.203908444257986,0.688655074201918,0.061,0.033,1
"ATP6V1A",0.204012607265241,0.422408069329251,0.195,0.143,1
"INO80E",0.204208538673636,-0.3529738160298,0.17,0.202,1
"TRIM28",0.204296012368274,-0.145657774665143,0.434,0.467,1
"SLC66A1",0.204379049906549,1.97435436335203,0.012,0.003,1
"CCDC88B",0.204481671342156,0.100333328708843,0.121,0.099,1
"DPH2",0.204668312335161,-0.762968063992486,0.035,0.059,1
"NETO2",0.204721141933629,0.574801850539825,0.115,0.074,1
"LRRC42",0.204769024380764,-0.746205320671257,0.039,0.059,1
"SHLD3",0.205148436334575,0.726623300733678,0.02,0.013,1
"PSMD7",0.205282323551555,-0.22372941641311,0.42,0.439,1
"CEP85",0.205282985088169,-1.1320030508819,0.018,0.036,1
"ZNF354A",0.205437373313709,0.959019870680159,0.051,0.028,1
"VPS11",0.205606484065751,0.536845486506386,0.072,0.046,1
"CCNDBP1",0.205630326071408,-0.139706974890639,0.363,0.347,1
"RING1",0.205772725481265,0.391768820314658,0.209,0.153,1
"RASSF1",0.205844283859527,-0.370778858054461,0.23,0.281,1
"ABI2",0.205870898381058,0.737469630543856,0.07,0.043,1
"CDC73",0.205883787004988,0.385513347812966,0.312,0.253,1
"PARD6G-AS1",0.205987844989301,-2.11555953213174,0.002,0.013,1
"SNW1",0.206040604668424,0.367501060961081,0.307,0.242,1
"ZNF318",0.206208302366853,-1.37130473994373,0.025,0.046,1
"L3MBTL4",0.206310709083676,1.32341504534473,0.012,0.003,1
"TNFRSF14-AS1",0.206340419079127,0.799367003265558,0.02,0.008,1
"CA2",0.206497899474948,0.300662110793854,0.1,0.066,1
"DIS3L",0.206596432976888,-0.683041962031148,0.041,0.056,1
"RAB30",0.206627256104082,-0.643644073283603,0.082,0.102,1
"RSAD2",0.20664536434425,-1.08585332203465,0.014,0.031,1
"GCFC2",0.206669649719536,0.687309297433938,0.08,0.048,1
"KEAP1",0.206789736509382,-0.120421177034886,0.131,0.122,1
"DHX16",0.206867983604513,0.324127358327289,0.137,0.097,1
"NDUFB1",0.207411027243876,0.204775870235248,0.295,0.24,1
"PARP2",0.207415507598109,0.209384058266457,0.033,0.023,1
"DCXR",0.207516766263201,0.28535654207163,0.471,0.395,1
"TACO1",0.207543576248833,-0.697406865807622,0.033,0.054,1
"CDC27",0.207807841045691,0.193232983589149,0.191,0.148,1
"GUCD1",0.207825585869764,-0.463609730006524,0.055,0.061,1
"UMAD1",0.207828541972595,0.124145471001727,0.154,0.117,1
"MACF1",0.207863370773967,-0.116212678218002,0.361,0.401,1
"SRRT",0.207933267557994,-0.214428395050323,0.43,0.454,1
"EDC4",0.207949394129173,0.513124594378865,0.104,0.071,1
"MMP9",0.207999500667002,0.234683308740472,0.07,0.077,1
"ELP4",0.208141781298786,0.279175836003261,0.096,0.064,1
"SMIM19",0.208227069398021,-0.408810956067554,0.109,0.128,1
"UBR5",0.208260363967357,0.321661302304757,0.346,0.281,1
"EXOC1",0.208582080846888,0.484299536114909,0.098,0.066,1
"MPG",0.208847337350132,-0.50705114942311,0.092,0.112,1
"DNAJC3-DT",0.208883169624585,-2.52050872822048,0.006,0.018,1
"ACTL6A",0.209137164475845,0.49975886653233,0.072,0.043,1
"TAF1A",0.20914608579062,0.660933592999123,0.029,0.013,1
"CCDC88C",0.20924210454357,-0.361128941966453,0.328,0.367,1
"FBXL14",0.209306386619086,0.364097723323263,0.127,0.087,1
"CXorf38",0.209325388603459,0.484136529280306,0.137,0.094,1
"ENSG00000270240",0.20952373882931,-0.765370500452726,0.125,0.148,1
"TARBP1",0.209614055039641,-0.961351110771967,0.023,0.041,1
"LINC02870",0.209631489189987,-1.2828468911758,0.014,0.028,1
"OTUB1",0.209822869508615,-0.160504353462282,0.463,0.472,1
"NCOA2",0.21000969039985,0.151203058431696,0.277,0.222,1
"TESPA1",0.210059927626304,0.666964100325175,0.158,0.112,1
"FADD",0.210122827398425,0.103535850025678,0.102,0.082,1
"ZNF12",0.210382817095727,0.350971712379759,0.094,0.082,1
"ADRM1",0.210673002242452,0.258087862358767,0.512,0.441,1
"CDC37L1-DT",0.210872597499463,-1.70105427397694,0.012,0.028,1
"MICAL2",0.211002935813034,0.352296900121713,0.145,0.107,1
"MYCBP",0.21131562323864,-0.569131636841794,0.098,0.122,1
"IKBKB",0.211390708943271,-0.610177739076222,0.088,0.117,1
"GLYR1",0.211480933068246,0.371559061509355,0.15,0.107,1
"MAP4",0.21150874454101,-0.316589543498165,0.15,0.186,1
"YDJC",0.211532238602915,-0.158912369494767,0.18,0.171,1
"CNIH2",0.211544511383833,0.669918955160511,0.104,0.082,1
"NDUFA1",0.211560299124652,-0.162038577140233,0.564,0.587,1
"SNRPB2",0.211636937537462,0.295299407269623,0.459,0.375,1
"FAM199X",0.212084023501305,-0.523070863152328,0.109,0.143,1
"SPHK2",0.21234255857397,-0.788967416751941,0.021,0.041,1
"ATF6",0.212390231710467,-0.40035515048552,0.139,0.156,1
"FAS",0.212591812122226,-0.345669827591049,0.162,0.181,1
"STRN4",0.212645972206153,-0.138214839421472,0.119,0.13,1
"DKC1",0.212656256542146,-0.397962962377997,0.107,0.135,1
"LSM6",0.21269873755924,-0.330223513515356,0.113,0.122,1
"PREB",0.212750147739615,0.438964980535612,0.158,0.11,1
"RBL1",0.212767415696835,-0.549031237709642,0.092,0.12,1
"ANAPC10",0.212776562829283,0.499271488473038,0.115,0.082,1
"ASXL2",0.212903178917514,-0.641109631435439,0.119,0.148,1
"PRKDC",0.213050129190279,-0.169990649088003,0.164,0.163,1
"VPS37B",0.213367846705574,-0.19338750260222,0.727,0.727,1
"UGDH",0.213372873571727,-1.11647103389133,0.016,0.026,1
"ZNF284",0.213381057730609,1.68568057744039,0.018,0.005,1
"ZMYM5",0.213416304349603,0.446674337468196,0.227,0.173,1
"DDX42",0.213427943897215,0.128095895991084,0.203,0.158,1
"TLE3",0.213494473219397,0.609651279862231,0.17,0.128,1
"MORC3",0.213555050683413,0.263753668784609,0.26,0.204,1
"SLC25A26",0.213708142510456,0.463552522048169,0.205,0.151,1
"ECPAS",0.213747058979341,0.137141483495818,0.195,0.158,1
"HNRNPUL1",0.213969860809406,0.195750862692032,0.66,0.566,1
"PITPNM1",0.213996849174411,-0.267377684094583,0.131,0.13,1
"PDAP1",0.214297923768244,-0.247328723741418,0.189,0.199,1
"TTC9C",0.21429967041394,0.384549295187979,0.119,0.082,1
"ENSG00000275202",0.21438568424871,-2.92398519073985,0.002,0.013,1
"PCBD2",0.214466470262947,-0.287823880856338,0.037,0.054,1
"ADNP",0.214604895681374,0.29868274631833,0.268,0.207,1
"FTL",0.214605759785281,-0.187899668560712,0.979,0.972,1
"PVT1",0.214702533397066,0.351207788310937,0.041,0.046,1
"CHD4",0.214733055411539,0.323173666323845,0.402,0.342,1
"SH3BP2",0.214748553548406,-0.796675562010744,0.053,0.084,1
"UBAC2-AS1",0.214758719668425,1.50071417130385,0.016,0.005,1
"ZC3H10",0.214876130923913,1.5225849040829,0.018,0.005,1
"DCAF12",0.215023263281974,0.476738932321033,0.143,0.099,1
"KLRK1-AS1",0.215039621820875,-0.672023643794413,0.1,0.13,1
"GABARAPL2",0.215091291785746,0.34576613430063,0.49,0.413,1
"ARHGAP15",0.215162236106902,-0.28032811907286,0.453,0.48,1
"CTDP1",0.215256655035252,0.588047466750626,0.193,0.143,1
"CDK16",0.215293504648198,-0.135313665443603,0.182,0.173,1
"TMEM41B",0.215503884846204,0.425537658349197,0.207,0.156,1
"MIF4GD",0.215572403323286,-0.376463910021771,0.1,0.11,1
"VKORC1",0.215580482665041,0.421245265753153,0.221,0.171,1
"PSMD11",0.215589235140087,0.315658598934357,0.314,0.273,1
"LINC00513",0.21560891698659,-0.252764206676985,0.145,0.176,1
"SPATS2L",0.215849666599867,-0.272117222105069,0.115,0.12,1
"ZGRF1",0.215865823569795,1.12680560551116,0.029,0.013,1
"CEP295",0.216152305563725,0.469314659944775,0.059,0.036,1
"SUGT1-DT",0.216492004918863,-2.41011343092717,0.002,0.013,1
"ELP3",0.216646977181064,-0.437408680330453,0.07,0.087,1
"NOP53",0.216768959325986,0.130121346610177,0.779,0.735,1
"ENSG00000289138",0.21684533800156,1.09424452554897,0.012,0.003,1
"SKIC3",0.216869327313502,-0.526984777974417,0.094,0.125,1
"DVL2",0.216940568166114,0.36874761678393,0.072,0.046,1
"HSF2",0.216953438097654,0.186700393931147,0.119,0.087,1
"MAPKAPK3",0.217074975852037,-0.290095603608884,0.074,0.097,1
"IFT140",0.21721631978474,1.39851177363794,0.012,0.003,1
"ENSG00000290968",0.217293710950993,0.347332772082729,0.066,0.041,1
"OR4D1",0.217405265640946,-1.80116288054814,0.006,0.018,1
"TMEM43",0.217434827414756,0.392275584628673,0.316,0.247,1
"YWHAQ",0.217454028747408,0.153003800640499,0.779,0.747,1
"PKNOX1",0.217522518451029,0.186418879300562,0.066,0.051,1
"TMEM8B",0.217623764799997,-0.90208483735872,0.01,0.023,1
"BECN1",0.217664693383431,0.302482274878267,0.238,0.181,1
"LRRC37B",0.217943015220209,0.772192422753182,0.082,0.051,1
"SELENOI",0.218053023780001,-0.389032581252982,0.086,0.117,1
"TARBP2",0.218373353457582,-0.626134587265927,0.045,0.066,1
"RUBCN",0.218397928330328,-0.223659179082404,0.074,0.074,1
"SPESP1",0.218402447570311,1.76018171961178,0.021,0.008,1
"ZNF461",0.21845043156461,0.857956238778611,0.037,0.018,1
"PEBP1",0.218651675744724,-0.241728444575464,0.318,0.342,1
"TRAV10",0.218725638943251,2.88266765180538,0.016,0.005,1
"HERC5",0.218750320200537,0.526357276078236,0.137,0.11,1
"ENSG00000289395",0.218758331414638,2.06823974418531,0.01,0.003,1
"CASK",0.218863778720822,0.200488377166223,0.146,0.12,1
"CKAP4",0.218890864427238,0.607290322081983,0.107,0.069,1
"BLM",0.218943316695723,-0.882724272837665,0.021,0.036,1
"CAPRIN2",0.218991223509881,-0.767521137105305,0.027,0.046,1
"HOXB2",0.219030048410422,0.717393511351821,0.07,0.041,1
"ENSG00000287387",0.219288662022982,0.764528269726933,0.047,0.026,1
"FOCAD",0.21933236388368,0.526174156528217,0.051,0.046,1
"TPD52L2",0.219372821482964,-0.172028448738305,0.137,0.14,1
"CCDC167",0.219395898532841,0.334064149352156,0.279,0.212,1
"ZRANB2-AS1",0.219549206452308,-2.64613481758518,0.002,0.01,1
"SNX9",0.219617635898528,0.494211383773989,0.258,0.181,1
"PSD4",0.219716114862254,-0.220069256170618,0.115,0.097,1
"ZNF410",0.219844284144418,0.431801941619667,0.287,0.242,1
"GRAMD2B",0.219862738750188,-0.257355575911324,0.086,0.074,1
"TMEM258",0.219910512339096,-0.175904340399343,0.494,0.487,1
"ZNF609",0.219918026185653,-0.133472063801092,0.131,0.122,1
"MTIF3",0.219947952245156,0.379881841324478,0.104,0.089,1
"TRAV2",0.220267462537162,1.3677042857898,0.018,0.005,1
"PRR12",0.220301538020317,0.711490473555361,0.062,0.036,1
"MTA2",0.220472792656242,-0.476975844902097,0.168,0.196,1
"ECM2",0.220625513843074,-0.645394428637825,0.002,0.01,1
"LONRF1",0.220641949400728,0.800302077998616,0.059,0.043,1
"KANSL1",0.220723180863218,-0.207482940560803,0.377,0.375,1
"ARHGEF12",0.22078842641238,-0.8038109261028,0.031,0.043,1
"EEF1G",0.220925405099697,0.11943841946955,0.898,0.901,1
"DENND2C",0.220966802646652,1.27306535014429,0.018,0.005,1
"FBXO48",0.221123268320421,0.98107063641454,0.025,0.01,1
"C9orf40",0.221137958903573,-1.48715975213246,0.008,0.02,1
"MTBP",0.221148391680519,1.47173979355997,0.02,0.008,1
"CYB5D2",0.22115764254929,1.24769550732021,0.037,0.018,1
"CBY1",0.22155593898562,1.76220666295789,0.018,0.005,1
"RHOT1",0.22155694907196,0.840107835573518,0.088,0.056,1
"HERC1",0.221559794226038,-0.141472957807025,0.461,0.434,1
"TRIM24",0.221570258923868,-0.265437559211163,0.117,0.112,1
"VPS26C",0.221893746103138,0.369306311473843,0.199,0.145,1
"TRIM26",0.221910629397054,-0.198471441935252,0.221,0.253,1
"APOA1",0.221944074974961,1.06333807717352,0.018,0.005,1
"GET4",0.221992139846706,0.447693796077653,0.213,0.161,1
"SUSD6",0.222056875592295,-0.623660016796059,0.094,0.12,1
"ENSG00000287070",0.222067755294589,0.115614817257951,0.057,0.046,1
"CEP162",0.222136507268866,0.838257554004178,0.041,0.02,1
"DONSON",0.222264145772399,-0.646535429856371,0.045,0.064,1
"AIDA",0.222269303928853,0.413750201212449,0.15,0.107,1
"ENSG00000287092",0.222320355571032,2.43307632468926,0.012,0.003,1
"ENSG00000257277",0.222356209639199,1.5537882861205,0.018,0.005,1
"PIK3R4",0.222516453774601,0.704954193013906,0.104,0.066,1
"KIFC1",0.222643780170751,1.76665999545311,0.018,0.005,1
"GRK5",0.222729759711524,-0.42391102028378,0.199,0.227,1
"TMEM18",0.222832998878074,0.386916879958624,0.182,0.133,1
"ARAP3",0.222836911782427,-2.05934258134617,0.004,0.013,1
"PRXL2C",0.222859815678336,0.461870464836544,0.16,0.125,1
"CSPP1",0.223034749848104,0.317586481311265,0.143,0.099,1
"PSME3",0.22305802890975,0.45578702355575,0.199,0.145,1
"ENSG00000291233",0.22311729209622,1.00283758255889,0.041,0.02,1
"IKBKG",0.223117518770319,0.255261740950037,0.16,0.117,1
"SLC25A1",0.223132305057689,-0.497066110447522,0.102,0.125,1
"MAD1L1",0.223222716465316,-0.449950060701434,0.195,0.24,1
"HLA-F-AS1",0.223265992903688,-0.682507570437157,0.029,0.048,1
"PSMA3-AS1",0.22332243837757,0.173367430101247,0.166,0.135,1
"FAM117B",0.22332520782157,0.352537353382262,0.08,0.051,1
"LINC01679",0.223733806509873,1.0056493456153,0.018,0.005,1
"LTO1",0.223757144393645,-0.76697626469693,0.045,0.061,1
"UBOX5",0.223846332047355,0.88338935498222,0.045,0.023,1
"EPSTI1",0.223976137889022,-0.10850573390725,0.279,0.293,1
"ENSG00000266642",0.224078365950862,-2.25260574471594,0.002,0.01,1
"PHKB",0.224215524494427,0.397155264947048,0.104,0.069,1
"TRIM14",0.224302831858821,-0.566952300693309,0.074,0.097,1
"ARFGEF1",0.224829690653463,0.297336590804565,0.318,0.253,1
"COL6A2",0.224866948790235,-0.615353602729241,0.094,0.107,1
"PELO",0.224950184050647,0.373046722822983,0.125,0.089,1
"TMED9",0.224955970463194,-0.225606985305666,0.379,0.393,1
"CARF",0.225008799512788,-1.34342341202902,0.021,0.041,1
"PHLDB3",0.225094416257803,0.550297134305544,0.057,0.051,1
"TRAPPC3",0.225099336692083,-0.129714011324823,0.221,0.209,1
"PDRG1",0.225233537357398,0.424390700685157,0.117,0.082,1
"DVL1",0.225333291013782,-1.77079632953715,0.012,0.026,1
"NAGLU",0.22536885036624,-0.472092308982732,0.025,0.041,1
"ENSG00000286652",0.225749819228739,-2.6424487837976,0.002,0.01,1
"MRPS23",0.225787067662336,-0.187991949393365,0.133,0.122,1
"TBC1D22A",0.225787764213295,0.349697807459615,0.32,0.263,1
"ZFYVE27",0.225864590556047,0.398147706770064,0.137,0.099,1
"UBE2Q2",0.225967182217645,0.355213660153191,0.238,0.184,1
"FANCF",0.225989355164189,0.558271857053989,0.059,0.033,1
"ADO",0.226191664068321,0.829020206313473,0.076,0.046,1
"HABP4",0.22642747081455,-1.23970464173792,0.021,0.041,1
"NAE1",0.226473216014042,-0.330745492240834,0.135,0.153,1
"HSPBP1",0.226535301134375,0.12634457409139,0.143,0.115,1
"NKIRAS1",0.226584513438025,0.633930510528486,0.059,0.033,1
"ENSG00000237188",0.226660199792292,-0.285526818502952,0.016,0.01,1
"IFT122",0.226755492347495,-0.382242757449065,0.031,0.051,1
"SEPTIN8",0.226839425070231,0.504649787619893,0.01,0.003,1
"AKAP1",0.226906196179315,0.901806875833502,0.053,0.028,1
"MSC",0.22692738444933,-1.11407621813689,0.016,0.031,1
"CRELD2",0.226953178132412,-0.395382265525565,0.139,0.163,1
"HIGD1A",0.227021689537528,-0.248176525765576,0.18,0.194,1
"LINC02273",0.227023744583085,0.485201625719958,0.012,0.003,1
"CAAP1",0.227207820459252,0.211192889919026,0.129,0.087,1
"MINDY3",0.22760602202707,-0.477119217172287,0.086,0.105,1
"CRTC2",0.22771521336056,0.182479995717671,0.334,0.304,1
"ACTR10",0.227727491799356,0.247354333850603,0.252,0.219,1
"KHSRP",0.227787703983531,0.537310697350576,0.119,0.082,1
"HMGCS1",0.227806108241531,-0.296051054562375,0.174,0.181,1
"RAB30-DT",0.227818044650775,-0.797849403464235,0.029,0.046,1
"GPR137",0.227893970860887,0.421421573357369,0.15,0.115,1
"RTKN2",0.22806656581495,0.595937000331594,0.012,0.015,1
"RBM28",0.228217759996818,0.492539254122106,0.113,0.082,1
"ZNF689",0.228242398747294,-0.403822486952314,0.029,0.043,1
"CFAP210",0.22830128211189,0.46302840340702,0.127,0.087,1
"CDV3",0.228821438784206,0.212688682594918,0.58,0.495,1
"ENSG00000250592",0.22883516318451,-1.4665808592084,0.01,0.023,1
"CLIP4",0.228898166153159,-0.228484504605485,0.146,0.143,1
"PJA1",0.229075638957196,0.504387796643853,0.072,0.046,1
"IGHM",0.229350622027778,-2.88552897770095,0.002,0.01,1
"GCLC",0.229506973106122,0.347442931925347,0.086,0.059,1
"ECHDC2",0.2297922603956,-0.637367460650763,0.096,0.117,1
"CHEK2",0.22980438708172,-2.52628128209913,0.004,0.015,1
"KIF9",0.229805182492618,1.07354304398295,0.049,0.026,1
"TMEM30A",0.229928138779602,0.29385044413007,0.172,0.125,1
"MLLT10",0.230051777006912,-0.500135326302543,0.09,0.117,1
"PDGFA",0.230127896251241,0.706492887194467,0.043,0.023,1
"DHRSX",0.230192389700028,0.536333010860181,0.146,0.105,1
"SLC25A12",0.230203227177422,-0.557105156634437,0.084,0.102,1
"RRM2B",0.230228625089122,0.903503569212277,0.08,0.051,1
"ENC1",0.230352206356128,-0.223646781447859,0.242,0.293,1
"STX17-DT",0.230625904949608,-0.402366554373216,0.09,0.122,1
"NDUFA2",0.230671341159287,-0.260507977621421,0.412,0.452,1
"CLTB",0.230871071908221,0.183322795537585,0.486,0.454,1
"EXOC5",0.230892312245247,0.500684809713874,0.115,0.087,1
"TRMT1L",0.231131460857374,0.113518571472194,0.059,0.036,1
"NARF",0.231169744001153,-0.168440588637005,0.361,0.375,1
"SUMO4",0.231215442751439,-1.76434917933495,0.002,0.01,1
"MTCH2",0.231249212635277,0.413236210169192,0.213,0.158,1
"FOXRED1",0.231277291969082,-0.80131344936407,0.037,0.048,1
"PHF20L1",0.23128052851194,0.362263316494906,0.4,0.316,1
"LEF1-AS1",0.231308353790312,1.51977274497557,0.01,0.003,1
"MAPKBP1",0.231439620323858,0.941378960901506,0.049,0.026,1
"R3HCC1",0.231521215171732,-0.212560753143037,0.109,0.102,1
"LINC00528",0.231579358752225,1.59648610705782,0.025,0.01,1
"MOB2",0.231704060486712,0.201577769398039,0.234,0.186,1
"ENSG00000273329",0.23170851768691,-2.32797438515217,0.002,0.01,1
"PIM2",0.231723348553551,0.361364765676764,0.318,0.255,1
"ABHD11",0.231831792571657,-1.1177784653754,0.016,0.033,1
"RELCH",0.231900229869851,0.471063207889541,0.15,0.107,1
"PARP15",0.231979823880605,-0.446083322299188,0.141,0.176,1
"PSIP1",0.231983806276562,0.304948593929584,0.283,0.247,1
"CAMK2D",0.232059813489524,0.192748541999665,0.199,0.151,1
"ATRAID",0.232141934224595,-0.353098387666207,0.145,0.171,1
"CCDC97",0.232146232776841,-0.421473809024922,0.152,0.176,1
"SPATA13-AS1",0.23224940610813,2.01086532597837,0.012,0.003,1
"ALKBH6",0.232355163780557,-0.525976028529478,0.057,0.082,1
"TMX3",0.232430683772596,0.306920608616881,0.135,0.102,1
"ENSG00000287425",0.232585618841779,1.11893702493265,0.01,0.003,1
"BEST1",0.232658080181837,0.189616647987411,0.379,0.301,1
"OTUD3",0.23289794135148,0.170847684145844,0.07,0.046,1
"PDXK",0.233052057445483,-0.145836244817664,0.285,0.291,1
"TSPAN14",0.233130030666905,-0.322570150970072,0.199,0.235,1
"TRIM32",0.233283424270379,0.585026008035753,0.023,0.01,1
"CCDC18",0.233325857276918,-0.776612906850441,0.045,0.066,1
"C17orf107",0.23335068448592,-0.698462852471435,0.035,0.033,1
"ERBB2",0.233494598546679,-2.11137100431503,0.008,0.02,1
"PRKD3",0.233697197095478,0.241054543529095,0.266,0.232,1
"LRRC45",0.23374169419634,-0.755733675493872,0.012,0.026,1
"ERV3-1",0.233790196443102,-0.896635080243982,0.051,0.077,1
"AREL1",0.233796096108849,-0.146427325956179,0.105,0.11,1
"LIMS1",0.23385390070805,0.456525396234271,0.221,0.163,1
"ELOVL1",0.233854679362347,-0.112553210679765,0.197,0.219,1
"ZNF414",0.233856884254304,0.521298300257117,0.098,0.069,1
"EMSY",0.233879981166051,0.459715683886136,0.178,0.138,1
"IFT57",0.233900863830953,0.184889081735058,0.182,0.133,1
"MBTD1",0.23423397032933,0.368846527651379,0.096,0.064,1
"NUP43",0.234252153094595,0.727107230171909,0.041,0.02,1
"RER1",0.234499962223071,-0.277432370129271,0.25,0.27,1
"ARMCX6",0.234560711664258,-0.426723124927306,0.09,0.122,1
"LTA4H",0.234571285378364,-0.305398836986068,0.117,0.148,1
"SYK",0.23474762475694,-2.65887869661673,0.002,0.01,1
"POLR2J3",0.234895792362776,-0.200122045260042,0.166,0.184,1
"MOSMO",0.235003147776025,0.575255000418653,0.133,0.099,1
"BTBD7",0.235082280850698,0.377987749001915,0.201,0.156,1
"RNF121",0.235121814130285,0.734472102057043,0.076,0.046,1
"TTC27",0.235160333736647,0.442167430611323,0.078,0.048,1
"ENSG00000284707",0.235226242881994,-0.371311388252829,0.197,0.23,1
"PTBP1",0.235284429612461,0.236184978718871,0.467,0.39,1
"SEC11A",0.235402020840058,-0.153337205657957,0.365,0.372,1
"TMEM134",0.235494021687833,0.379295666962159,0.104,0.084,1
"TIAM2",0.235633419485008,0.374646694655715,0.039,0.023,1
"MXD1",0.235792150533516,-0.307069906631986,0.15,0.173,1
"PIAS3",0.235899343700104,-0.752156833891004,0.023,0.043,1
"NKTR",0.235908242053213,0.212314855110032,0.318,0.255,1
"MLH1",0.236033621432986,0.615298457024152,0.07,0.048,1
"CCDC71L",0.236170515225224,-0.423482098074363,0.047,0.071,1
"VEZF1",0.236195869567295,0.386929313492819,0.227,0.176,1
"MEX3D",0.236205538115304,1.13479369025613,0.025,0.01,1
"SLC26A6",0.236221598070834,-1.36329581324024,0.012,0.026,1
"MTHFD2L",0.236272586760807,-0.465538985193263,0.064,0.082,1
"CFAP45",0.236309269776539,1.45153287159638,0.021,0.008,1
"ASL",0.2363916279733,-0.359645431912789,0.113,0.133,1
"FAHD2A",0.236609934228482,-0.840301919184564,0.023,0.041,1
"IFI16",0.236636195938245,-0.241802737933088,0.457,0.474,1
"ANKHD1-DT",0.236808442993949,-1.3057190614252,0.012,0.028,1
"ENSG00000251584",0.236949259926393,0.990936569044493,0.012,0.003,1
"NCOA7",0.236952092391461,0.302184791115058,0.301,0.245,1
"ENSG00000288833",0.237211498589811,-0.890307473446196,0.027,0.048,1
"F2RL2",0.237409111836206,-2.21549843408596,0.002,0.01,1
"DENND10",0.237426526740269,-0.586846714550668,0.086,0.105,1
"HAGH",0.238042393153171,-0.257910065967806,0.104,0.133,1
"MCRS1",0.238141135995965,-0.286652522274584,0.143,0.161,1
"KLHDC10",0.238150010857313,0.482702479443394,0.121,0.084,1
"TNPO1",0.238235240861862,0.207169565382028,0.25,0.194,1
"ZDHHC2",0.238263418683217,0.547144814026659,0.102,0.066,1
"ENSG00000290762",0.238267982746825,-2.02444252369879,0.002,0.01,1
"NEDD8",0.23827690218258,-0.159571049618561,0.369,0.39,1
"BAZ2B",0.23847472791566,0.695763158518821,0.061,0.036,1
"TVP23C",0.238502461992281,0.524741027987436,0.084,0.056,1
"C2CD5-AS1",0.23853187057148,-1.14405851439299,0.041,0.064,1
"CEP164",0.238615973401361,-0.420146178108099,0.062,0.071,1
"TRBV2",0.238726141336754,-2.13263048323183,0.008,0.01,1
"ENSG00000259363",0.238762827490313,-1.2621360280034,0.016,0.023,1
"FHIT",0.238916377838218,1.64104553577989,0.031,0.02,1
"ENSG00000260257",0.238988893270546,-1.02722730223519,0.006,0.015,1
"KPNA4",0.239076961335848,0.247742848063364,0.361,0.298,1
"C21orf91",0.239130448502653,-0.198164467136704,0.311,0.301,1
"VEZT",0.239132281079403,0.397355167670526,0.174,0.128,1
"CLN6",0.239152694579994,0.124259502937918,0.07,0.054,1
"CCNH",0.239283842871722,-0.121109098286525,0.721,0.74,1
"NABP2",0.239377690654049,-0.563453797302298,0.049,0.069,1
"ENSG00000287086",0.239410612340336,1.31475185907483,0.025,0.01,1
"RHOQ-AS1",0.239687120328521,-2.3909472735794,0.002,0.01,1
"PARP11",0.239716597160332,-0.504498321155872,0.08,0.099,1
"ISOC1",0.239775699855715,0.361742626862762,0.141,0.105,1
"ENSG00000257086",0.239871540746722,1.27022600833811,0.012,0.003,1
"CRYBG2",0.24002416019984,1.41885210009993,0.012,0.003,1
"U2SURP",0.240056060711243,0.246114833236268,0.41,0.344,1
"NAB2",0.240116687967075,-0.141775144960671,0.031,0.02,1
"ITGB2-AS1",0.240253782035439,-0.306304380368931,0.113,0.143,1
"STUB1",0.240298629957691,-0.230576030481167,0.326,0.365,1
"MMS22L",0.240330108281513,1.50034655864447,0.021,0.008,1
"SLCO4A1",0.240345047913035,0.362575514034666,0.08,0.056,1
"ATG12",0.240363917287895,0.258547155251077,0.312,0.247,1
"SETX",0.24099656075924,-0.125059791618366,0.271,0.301,1
"C11orf96",0.24103447956028,-1.83012170604728,0.014,0.026,1
"TBCE",0.241072933016094,1.07571822260664,0.041,0.02,1
"ENO3",0.241332143710513,-0.610272545122538,0.023,0.02,1
"PHYKPL",0.241381912551255,-0.339146363373546,0.18,0.207,1
"AFF1",0.241422380387931,0.247825769941065,0.121,0.087,1
"DNAJC10",0.241510533495354,0.29936258928415,0.1,0.071,1
"MED4",0.241586566161858,0.278806290481681,0.396,0.319,1
"RUSF1",0.241646739930484,0.979641757712106,0.035,0.018,1
"PHLDB2",0.241753930685683,0.436754527812172,0.209,0.158,1
"ZNF426",0.241864625210828,0.645006124517673,0.068,0.046,1
"ZCCHC10",0.241877549570946,0.431682642264455,0.23,0.176,1
"CWC27",0.242016246523427,0.345908721477574,0.111,0.094,1
"TMEM216",0.242044800937997,0.237771062909636,0.082,0.056,1
"ZNF611",0.242318884042303,0.30580091582386,0.15,0.128,1
"DSE",0.242511598837555,0.645533154689724,0.102,0.069,1
"GPSM1",0.24261174383238,1.93091266927594,0.012,0.003,1
"APEH",0.24261863803465,-0.547034205121592,0.072,0.097,1
"SAC3D1",0.242684112831373,-1.22943713507902,0.012,0.026,1
"ANP32A",0.242725078634057,-0.260233163138559,0.33,0.367,1
"CACNB3",0.242774446226096,2.38143157313488,0.012,0.003,1
"VHL",0.242791207621563,0.437004380677848,0.229,0.168,1
"LINC02964",0.243033621626047,-0.295131371989882,0.057,0.077,1
"PIK3R6",0.243121240246606,-2.06477149812093,0.002,0.01,1
"LRRC28",0.243380305190588,0.755079600638231,0.035,0.023,1
"TRBV25-1",0.243449590268357,-1.75625490113449,0.008,0.02,1
"SAP25",0.243476828089059,-1.29859743383146,0.006,0.018,1
"EIF2A",0.243476980808919,-0.22960313334182,0.252,0.273,1
"VPS35L",0.243549241404515,0.30808280014199,0.102,0.069,1
"NELL2",0.243585703272116,0.283347357564255,0.039,0.02,1
"NF1",0.24360141826525,-0.117982796376056,0.166,0.143,1
"SLC35E1",0.243776257260185,0.455075266753208,0.223,0.166,1
"DPH1",0.243979607381262,-0.331588327505084,0.182,0.204,1
"ETFDH",0.24404887455418,-0.668113729912861,0.055,0.064,1
"DENR",0.244189439751167,0.4025739835022,0.242,0.179,1
"FASTKD5",0.244209100653339,0.1233858537239,0.076,0.059,1
"MAD2L2",0.244228127789098,-0.367328112721129,0.127,0.148,1
"PEX1",0.244264606800236,0.507595762073066,0.051,0.028,1
"COX7A2L",0.244349068249543,-0.288202502825067,0.238,0.27,1
"FTX",0.244416514187381,-0.231582654587263,0.17,0.176,1
"CCDC93",0.244438196210139,0.355140158461496,0.262,0.204,1
"NOL12",0.244556597021422,-0.147031367755712,0.094,0.092,1
"LRATD2",0.24463150745772,-1.22512898633304,0.014,0.023,1
"ARMCX4",0.244658806952895,1.21268058790674,0.012,0.003,1
"UGGT1",0.244743716451019,-0.574274741504562,0.076,0.099,1
"WDR59",0.244779529484534,0.575165061656644,0.1,0.064,1
"ENSG00000269604",0.245105725725588,1.15722210653122,0.012,0.003,1
"MIR155HG",0.245410731946025,-0.303283616189345,0.078,0.102,1
"SF3B2",0.245754878533232,0.220737529884296,0.611,0.52,1
"REXO2",0.246024800222387,0.364390729372575,0.207,0.156,1
"S1PR5",0.246025641674317,-0.206643263753053,0.443,0.474,1
"UEVLD",0.24605077608766,-0.358089821314239,0.057,0.054,1
"KLHL36",0.246056625655048,0.417542104801309,0.125,0.099,1
"FXN",0.246335080949858,-0.610347135748264,0.049,0.069,1
"ZNF416",0.24658692890486,0.922115628851677,0.029,0.013,1
"GPX4",0.246660462803001,0.195169616740397,0.691,0.633,1
"EGR1",0.24687051254107,1.4044213753855,0.07,0.054,1
"TMEM259",0.246933223123988,0.214612581177069,0.535,0.469,1
"DDX59",0.24704608713093,0.527808978171454,0.078,0.048,1
"SRRD",0.247124006356359,-0.571146008685042,0.041,0.061,1
"PIDD1",0.247153626571162,0.893237113778098,0.023,0.01,1
"HDAC5",0.247271702156199,-0.158496810447062,0.098,0.097,1
"POMT1",0.24747497216862,0.466258868192667,0.062,0.054,1
"CPLANE2",0.247526097697244,1.17254038902436,0.021,0.008,1
"CREB3L2",0.247583148291675,0.362814510333038,0.064,0.048,1
"KRR1",0.247614612399317,0.358119710886033,0.318,0.253,1
"TPT1-AS1",0.247660420746455,-0.320521738546379,0.064,0.074,1
"ZNF554",0.247711375671043,-2.42062122334977,0.002,0.01,1
"ENSG00000291096",0.24772860083559,-2.6883645816696,0.002,0.01,1
"PEX3",0.24775908599364,-0.171845124040185,0.105,0.105,1
"MAIP1",0.247884234216745,-0.450263969623194,0.094,0.117,1
"C1orf141",0.247885325254239,2.02713016902702,0.012,0.003,1
"ENSG00000260136",0.247919076307547,-0.395632578125616,0.027,0.02,1
"POLR2F",0.247940050036407,0.231473910621737,0.256,0.207,1
"DCK",0.247948626833851,-0.436343684844106,0.105,0.133,1
"SUCLG1",0.247988000146886,0.31885878569776,0.262,0.199,1
"ATXN2L",0.248095017706929,0.308093046663232,0.346,0.283,1
"ATP5ME",0.248103639404429,-0.158858637636957,0.525,0.518,1
"TRAPPC13",0.248172550730285,-0.527726834421741,0.053,0.071,1
"HDHD3",0.248336981061254,0.284359304688667,0.07,0.043,1
"PTK2B",0.248459694895008,-0.112792576710503,0.295,0.291,1
"TTC39B",0.248583510875761,-0.306727825629246,0.09,0.112,1
"LZTS2",0.248588158522014,0.877176708250851,0.025,0.01,1
"VPS33B",0.248708890399355,0.80276178088237,0.037,0.018,1
"C9orf78",0.24873022734541,0.2203815116234,0.582,0.515,1
"UTP14A",0.248763186943086,0.454333765708175,0.07,0.059,1
"NME1",0.248782211883602,-0.347891037151151,0.066,0.092,1
"MYBL1",0.249046277097457,-0.532696239914905,0.125,0.153,1
"WDR6",0.249082102121358,0.157973735485134,0.131,0.097,1
"PTGDS",0.249104836213874,0.542420052393166,0.02,0.023,1
"ENSG00000228655",0.249204303262207,-0.352495870939869,0.08,0.082,1
"ENSG00000259138",0.249244005578905,-2.07424732110547,0.002,0.01,1
"EME2",0.249297138321774,-1.95279596138027,0.01,0.023,1
"C2CD2",0.249314464175506,1.72133722939682,0.012,0.003,1
"UBE2K",0.249682053453063,0.275573273621921,0.432,0.339,1
"GPR137B",0.249837926191778,-0.377615167145384,0.125,0.128,1
"TMEM126B",0.249957533441368,0.162335396984451,0.166,0.128,1
"ENSG00000289032",0.250121033291849,1.18175818942911,0.02,0.008,1
"SIPA1L3",0.250350653827833,0.230195888269824,0.078,0.059,1
"ENSG00000261505",0.250387703200866,-1.92121691733484,0.002,0.01,1
"TIMM9",0.250680124143636,0.294787057695368,0.111,0.077,1
"OSBPL10",0.250766032694926,0.940385898212496,0.016,0.005,1
"C4orf33",0.250806321273107,-0.739255174365561,0.047,0.069,1
"ARFGAP2",0.250841081004645,0.266365098794437,0.215,0.166,1
"NDRG3",0.250925016567066,-0.42317408859822,0.057,0.069,1
"ENSG00000286787",0.251167206913684,1.75696163314969,0.012,0.003,1
"INO80D",0.251338769679192,0.378279464928337,0.24,0.186,1
"MAP3K1",0.251436437081805,0.451479036696643,0.184,0.133,1
"COPS9",0.251542680013187,-0.119410772472934,0.393,0.393,1
"CTDSP1",0.251586024123649,0.316981663358982,0.266,0.207,1
"CERCAM",0.25158721464177,-1.67340027215097,0.01,0.023,1
"NRF1",0.251630292577878,-0.136249571942882,0.148,0.133,1
"ENSG00000290537",0.25163696603579,-0.824933317216036,0.018,0.036,1
"RANBP10",0.251671681488432,-0.374468048931676,0.062,0.074,1
"KANSL3",0.251714541816121,-0.411972547201782,0.092,0.112,1
"ZBTB4",0.251723810052304,0.338103203077142,0.141,0.099,1
"ZC3H15",0.251975996488391,0.283052234115747,0.521,0.457,1
"PARP11-AS1",0.252036770328441,-2.22504095025105,0.004,0.015,1
"KIAA0930",0.252144088417657,1.20526384528314,0.037,0.018,1
"PSTPIP1",0.252163000711866,-0.364337804763527,0.178,0.214,1
"CISH",0.252223271652747,0.154349647592549,0.068,0.059,1
"CDK7",0.252235625690201,0.368189394859637,0.125,0.087,1
"GIMAP1",0.252686152969228,0.340105360492586,0.26,0.204,1
"ALG11",0.252945010017548,0.641261602395612,0.074,0.051,1
"ELOF1",0.252989503372758,-0.213410740102875,0.195,0.222,1
"ATP5MC1",0.253078864270403,-0.209415179148531,0.146,0.151,1
"ATXN7L1",0.253080505507832,-0.163380207981289,0.139,0.125,1
"ANKRD42",0.253113809497013,0.918662177094137,0.049,0.028,1
"PIGM",0.253244657625438,1.19863216576888,0.021,0.008,1
"RCOR3",0.25324931443636,0.155678842229138,0.16,0.125,1
"EPM2A",0.253314295079822,-1.66780662919983,0.008,0.02,1
"HERC3",0.253352846396869,-0.719611856781025,0.078,0.107,1
"FAM8A1",0.25341379990673,0.602118545011079,0.068,0.041,1
"VILL",0.253443788545886,-0.932699574634239,0.025,0.046,1
"CNOT10",0.253517868152792,0.391432300522419,0.168,0.122,1
"LSM7",0.253528204325643,-0.135660310896144,0.441,0.452,1
"NSMCE2",0.253666159349584,0.361868037089182,0.205,0.158,1
"BTD",0.253747004021609,0.870403411856825,0.094,0.064,1
"PDE8A",0.254030182140057,0.193898043260847,0.186,0.143,1
"CARNS1",0.254257131900444,-1.72886124806604,0.006,0.018,1
"CORO1C",0.254268075293173,-0.330453935894815,0.078,0.087,1
"UBE2L3",0.254347083175339,-0.142064607006814,0.447,0.469,1
"ENSG00000288872",0.254515572305611,-1.147151200759,0.018,0.026,1
"ZNF30",0.254569723265849,2.31241921711262,0.012,0.003,1
"RBM14",0.254675970482251,0.284569065195071,0.361,0.291,1
"C21orf91-OT1",0.254690290166182,-1.33256108328759,0.016,0.028,1
"PPP3CC",0.254781264265751,-0.270945386396456,0.34,0.365,1
"CRY1",0.254806029428534,0.180229984625008,0.414,0.344,1
"FAM88C",0.254986652621843,-2.76943580997766,0.004,0.013,1
"MLYCD",0.255001012181759,0.677312626722522,0.051,0.031,1
"SLC35F2",0.255231590601843,-0.157227405449873,0.053,0.054,1
"B3GALT2",0.255849993160222,1.48916001865086,0.025,0.01,1
"CD2BP2",0.255864013209058,-0.137737898288091,0.244,0.263,1
"TRIM27",0.256043451044689,0.530909183977496,0.096,0.061,1
"SLC25A11",0.256178707944622,-0.574912123341375,0.068,0.092,1
"AP1S1",0.256200151726812,-1.12822135532481,0.016,0.028,1
"ENSG00000289005",0.256527987101776,2.3896621490922,0.016,0.005,1
"ZXDB",0.256528579190049,-0.925174661197019,0.02,0.036,1
"TBL1X",0.256672499475334,0.300470378945767,0.314,0.242,1
"HRAS",0.256748172458406,0.395308967395018,0.145,0.105,1
"HNRNPLL",0.256756518785289,0.118394986390859,0.301,0.258,1
"KIR2DS4",0.256761886112491,0.24855299063799,0.039,0.028,1
"CCDC30",0.256786468079966,-1.74511611554456,0.004,0.013,1
"ATP6V1H",0.257039930353468,-0.135490936611837,0.207,0.204,1
"SLC44A1",0.25704862254816,1.13351023079012,0.033,0.015,1
"TRBV5-5",0.257077956953048,-2.06140647197337,0.004,0.013,1
"DDX20",0.2570797819997,0.36410548251082,0.105,0.071,1
"PPP1R3B",0.257221878500503,-0.935751702800839,0.018,0.033,1
"HERPUD2",0.257383277724229,0.131438922516317,0.48,0.413,1
"SGO2",0.257609049463471,0.849525400407052,0.029,0.013,1
"REXO1",0.257633974899225,0.36431009035138,0.133,0.094,1
"RBM23",0.25765892992791,0.385836925096936,0.217,0.163,1
"DLGAP1-AS2",0.257670438857237,1.30195009637001,0.012,0.003,1
"FIGNL1",0.257802568911037,1.37489942867712,0.029,0.013,1
"CACNA2D4",0.257846837629325,-0.553527292724712,0.045,0.038,1
"ZNF782",0.257854633654863,0.510730709261635,0.035,0.018,1
"TOMM6",0.257908903340861,-0.168927877006331,0.373,0.403,1
"BRD4",0.25832166821613,0.277299736926691,0.475,0.408,1
"ENSG00000291003",0.258385343548177,-1.14951331414423,0.012,0.026,1
"KLHL18",0.258391361328859,-0.176402636036346,0.148,0.14,1
"CRAT",0.25855485714542,-1.1327516699457,0.014,0.028,1
"TSEN2",0.258718809995518,0.775713034418263,0.02,0.008,1
"GANAB",0.258742016051126,-0.793916733726696,0.08,0.11,1
"FAHD2B",0.258759694091089,1.08392216443561,0.033,0.015,1
"OCEL1",0.259098818019196,-0.279515545782742,0.045,0.048,1
"DPH6",0.259108809791455,0.87480049551766,0.021,0.018,1
"CCNE2",0.259409078515168,-0.998843715107927,0.02,0.036,1
"RDH11",0.259446377784174,0.439512732510097,0.131,0.094,1
"LAMP3",0.259497737386425,0.776632475557383,0.025,0.01,1
"SLC22A17",0.259563643997193,-2.08360024062321,0.002,0.01,1
"PMPCA",0.259598878743458,-0.287069023224642,0.111,0.12,1
"KHNYN",0.259810454764488,-0.753228495178037,0.066,0.092,1
"TUT1",0.259928066473539,-0.451918880683853,0.027,0.046,1
"RNASET2",0.260205724071378,-0.287788312456011,0.262,0.298,1
"GBP5",0.260207484219872,-0.391499345787892,0.311,0.332,1
"PPIG",0.260339572749325,0.320854571343767,0.406,0.329,1
"CENPM",0.260466923984646,-0.543788460810203,0.059,0.069,1
"ACSL1",0.260515007762496,0.26375417086192,0.135,0.097,1
"BRPF3-AS1",0.260637124533447,-0.73923918960361,0.021,0.033,1
"POGLUT1",0.260780196088899,0.608770285307542,0.092,0.061,1
"ARHGEF3",0.260809217829327,0.122157634616025,0.314,0.286,1
"GLG1",0.260845631256902,0.205616628191105,0.287,0.27,1
"CCNC",0.260847329404055,0.319824093427532,0.24,0.181,1
"NSL1",0.260891167432692,0.566724368422062,0.121,0.082,1
"SYTL2",0.260897510954577,-0.11387513818582,0.365,0.339,1
"AKR1B1",0.260924263667267,-0.327719997128928,0.16,0.194,1
"MIDEAS",0.26097938423626,0.350689333759745,0.211,0.161,1
"TIMM17A",0.261123837034025,-0.242250521576703,0.264,0.288,1
"CTDSP2",0.261157349266385,0.428421281482804,0.184,0.138,1
"JAK2",0.261208908479156,-0.435359274397692,0.107,0.138,1
"TSPYL1",0.261215905068467,0.284178032211149,0.324,0.253,1
"NADK2",0.261237621213221,0.623155088478462,0.055,0.031,1
"SMC6",0.261380243131864,-0.566694224028403,0.096,0.122,1
"PRPF40B",0.261394900129034,1.2978440672129,0.031,0.015,1
"STX11",0.261399767091495,0.272959716736985,0.33,0.296,1
"LAMTOR4",0.261561526733705,-0.261342351571521,0.34,0.342,1
"DYRK3",0.261568548371901,0.822701361809632,0.029,0.013,1
"MTX3",0.261650720922212,1.31325661198957,0.031,0.015,1
"ZPR1",0.261791708979062,0.315626521114304,0.275,0.23,1
"RWDD3",0.262137185434443,-0.707953006777814,0.08,0.105,1
"YIF1B",0.262162743573047,-0.763412305021878,0.078,0.102,1
"LIX1L",0.262164060043359,0.424367556296063,0.121,0.087,1
"IL4R",0.262528449238387,0.222196855520903,0.23,0.186,1
"ENSG00000291124",0.262669625222507,0.672702954402396,0.074,0.046,1
"IQCE",0.262716127182965,0.306941613097752,0.039,0.023,1
"TRBV6-2",0.262726902379725,-0.819875859752493,0.02,0.02,1
"GOLPH3L",0.262797900292503,-0.691042389119344,0.055,0.064,1
"PILRB",0.262814888971979,0.563912690935173,0.111,0.077,1
"SETDB2",0.263218158955651,0.328580164094216,0.055,0.036,1
"MRPL45P2",0.263289902700768,0.863782883878554,0.039,0.02,1
"ENSG00000255647",0.263298504519435,2.38013215676201,0.012,0.003,1
"NAT14",0.263336954723076,-0.863697219110173,0.014,0.028,1
"PSEN2",0.263550666943149,-1.98755269898014,0.002,0.01,1
"RRN3",0.263611781117914,-0.226078713966737,0.135,0.156,1
"EXOC7",0.26369892612384,0.535837783102881,0.121,0.084,1
"SIMC1",0.263719623883588,0.501988841493402,0.143,0.11,1
"SMAP2",0.263784875517801,0.228480783052509,0.502,0.431,1
"USP35",0.263950155536085,0.950575451002113,0.049,0.028,1
"SUPT4H1",0.263966844070946,-0.150211751800902,0.459,0.487,1
"DDB2",0.264000393583002,-0.945124742167221,0.051,0.069,1
"NUDT22",0.264018964335648,-0.556524574493571,0.088,0.115,1
"RASSF5",0.264078606850548,0.200986005218419,0.557,0.49,1
"ZNF71",0.264159148158737,0.81492152363875,0.029,0.013,1
"MAPKAPK2",0.264500743889152,0.172661272679341,0.447,0.38,1
"NRG2",0.264552989520728,1.55041550693129,0.012,0.003,1
"ZDHHC5",0.264720351983392,0.21926339627749,0.162,0.125,1
"ZNF549",0.264754834759702,0.735284018444116,0.049,0.028,1
"CCDC71",0.264785578596594,0.533273391063183,0.088,0.056,1
"PAM",0.265082618501649,-0.139430380917729,0.166,0.191,1
"UBASH3A",0.265337532514469,-0.187888957150176,0.117,0.12,1
"PEF1",0.265442329306183,-0.195226027931786,0.193,0.209,1
"RPAP3",0.265717133120562,-0.168323989875441,0.148,0.171,1
"TMEM222",0.265775149682287,0.40328754441245,0.176,0.14,1
"ZBTB18",0.265789802607294,1.82010984502813,0.02,0.008,1
"DYRK4",0.266012984240617,0.756299347228452,0.057,0.033,1
"AOPEP",0.266306470702404,-0.978463617437406,0.027,0.046,1
"CDK2AP2",0.266355362637253,-0.234646491798403,0.35,0.357,1
"ENSG00000289228",0.266387261454615,2.20245196557137,0.012,0.003,1
"BORCS8",0.266513884393,0.562663305682049,0.115,0.087,1
"TMOD3",0.266670330223466,0.285000643290126,0.439,0.367,1
"DCLRE1C",0.266785407208507,0.32725114086947,0.076,0.061,1
"SHQ1",0.267115467610622,0.221177764858724,0.062,0.038,1
"ZNF451",0.267218631362352,0.168154796653144,0.305,0.25,1
"ENSG00000257176",0.267413322452852,-2.87576917554402,0.002,0.01,1
"BCR",0.267459721578143,-0.446240628662729,0.184,0.217,1
"DMTF1",0.267459803791541,0.463156354014188,0.201,0.148,1
"AGBL5",0.26753455982613,-0.510381527890282,0.031,0.046,1
"HCN3",0.267614218957,-0.114959269610529,0.016,0.008,1
"PIGU",0.267736942960162,0.634929124141174,0.053,0.031,1
"ZBTB37",0.267977651180677,-0.739821356296099,0.016,0.026,1
"SCAPER",0.268208174105132,-0.574215161336932,0.066,0.092,1
"ENSG00000289293",0.268324772862042,0.293056339781627,0.08,0.061,1
"INTS12",0.268419556286151,0.328108488917323,0.127,0.092,1
"ENSG00000289119",0.268452168621913,1.00054119237291,0.018,0.008,1
"FAM76A",0.268598404080949,0.749357713216339,0.07,0.043,1
"ZNF655",0.268659129170536,-0.11791023479024,0.361,0.355,1
"SETD2",0.268712218812998,0.147702055826214,0.51,0.434,1
"DIPK1A",0.268811742797233,0.245955597301334,0.271,0.212,1
"NUMBL",0.268851019162006,-1.02181334935942,0.012,0.026,1
"LRRC8D",0.268866250932447,0.614641789500717,0.113,0.082,1
"DLK2",0.268928663830666,1.71715548233018,0.012,0.003,1
"NLRP6",0.269016831892831,0.903111941335807,0.027,0.013,1
"RSKR",0.269030166695677,2.27925766916047,0.012,0.003,1
"TXLNA",0.26904978782822,0.540238752300423,0.1,0.066,1
"ERVK3-1",0.269235996455842,0.378696959958676,0.357,0.286,1
"PEAK1",0.269471460040114,0.238889720248962,0.184,0.151,1
"ENSG00000235119",0.269791730257195,0.464152065468911,0.084,0.054,1
"DDX27",0.269884596687159,0.327301401066913,0.283,0.217,1
"ENSG00000267476",0.269969312088628,-0.732972090728188,0.027,0.046,1
"ZNF740",0.27001641471997,-0.387832656531076,0.057,0.077,1
"CDIPT",0.270595495136425,-0.341800188366645,0.15,0.163,1
"PPM1D",0.270697365289471,-0.223850807805141,0.178,0.194,1
"GIN1",0.271252104976884,1.19143240207984,0.027,0.013,1
"BCKDK",0.271479362519726,-0.501367524545631,0.061,0.084,1
"CXXC1",0.271594382502374,0.438580713732947,0.146,0.107,1
"RNF8",0.271610176927736,0.668442230332264,0.109,0.074,1
"TOR3A",0.271930279745019,0.641519341086475,0.117,0.082,1
"DNAJB5",0.27198143686551,-0.759064362723073,0.02,0.036,1
"NMRK1",0.272060402172462,-0.316802537853249,0.207,0.224,1
"GPATCH2L",0.272061188572922,0.470475005499123,0.127,0.112,1
"CINP",0.272100763002212,0.560298337198757,0.096,0.066,1
"IRAK2",0.272122514300861,-0.352333493614664,0.055,0.066,1
"DDX43",0.272196073051857,-2.62733840760098,0.002,0.01,1
"IFT80",0.272351038168784,0.337430389114861,0.078,0.051,1
"ATAD2",0.272357658853121,-0.172277918460382,0.037,0.031,1
"PLSCR3",0.272358317114132,-0.235711471386411,0.199,0.214,1
"DDI2",0.272389654950969,-0.18639823378598,0.197,0.191,1
"STK11",0.272442994119264,-0.616924471844474,0.08,0.102,1
"PPP2R5E",0.272725884424059,0.191914156548599,0.268,0.212,1
"SMARCB1",0.272798253327547,0.470479898508032,0.23,0.176,1
"LRRC2",0.272963074566321,0.299000624796974,0.02,0.01,1
"CISD1",0.273054009166697,-0.79031892344125,0.033,0.051,1
"ST7-AS2",0.273128874633989,-1.43263393419147,0.008,0.02,1
"HGH1",0.273149903194696,0.648062969185704,0.035,0.018,1
"UBE3C",0.273170436732721,0.139710663208263,0.172,0.148,1
"EML4",0.273634282210002,0.21392703576103,0.719,0.633,1
"ENSG00000288755",0.273759818281933,-0.745048500641136,0.098,0.13,1
"SLC1A7",0.273807656277756,-1.85140059072245,0.01,0.026,1
"PIAS1",0.273829099561029,-0.199226388979241,0.422,0.446,1
"HEXIM2-AS1",0.273902819942571,0.242336491650364,0.047,0.033,1
"FRYL",0.273973606165335,0.284064315825697,0.416,0.375,1
"MOB3C",0.274104852209904,0.856038920264613,0.023,0.01,1
"MROH1",0.274222984465117,-0.503284970698676,0.025,0.041,1
"HIRIP3",0.274289458660665,-0.785556995775866,0.021,0.033,1
"BTBD9",0.274374498054256,0.219735103117074,0.316,0.26,1
"AGAP9",0.274459439846601,1.8639275865843,0.012,0.003,1
"PRDM4",0.274486548210471,0.518123823211138,0.105,0.074,1
"LMBR1",0.274506816178982,-0.105188047800434,0.252,0.24,1
"DAP3",0.274518408992812,-0.285405981615276,0.279,0.309,1
"PES1",0.274610628404542,0.14038594835201,0.127,0.105,1
"C2orf68",0.274750650635085,-0.637311606172547,0.045,0.066,1
"NREP",0.274761688554966,-1.83216673580775,0.002,0.01,1
"EPB41L5",0.274946325297846,-0.841525895257622,0.031,0.051,1
"LY75",0.275041300445288,-0.927139015594259,0.041,0.059,1
"TBP",0.275041808604836,0.504429512827431,0.152,0.11,1
"PON2",0.275069373396855,-1.19296294558484,0.01,0.023,1
"RHOG",0.275405852172916,0.205554603258672,0.686,0.605,1
"PQBP1",0.275464325768324,-0.189843083828083,0.361,0.385,1
"ST20-AS1",0.275594338933213,1.72020794104531,0.012,0.003,1
"ZNF69",0.275664554705905,1.97661026666681,0.012,0.003,1
"LIG1",0.275825632086625,-0.842542234936107,0.025,0.043,1
"LIMASI",0.275989557790765,0.682095841322475,0.02,0.008,1
"TAOK1",0.276128269009755,0.453819566589997,0.199,0.148,1
"RGL4",0.276217339752408,-0.195227596959942,0.092,0.094,1
"DYM",0.276254764452722,0.343156208942679,0.252,0.202,1
"ILF3",0.276379910166624,0.244413105735108,0.422,0.352,1
"BMPR1A",0.276452071671339,0.746054830426636,0.035,0.018,1
"STAG3",0.276480118596495,1.18877478680839,0.027,0.015,1
"KRI1",0.27660806840982,-0.103075612507849,0.07,0.061,1
"FBXO7",0.276949615004245,-0.145841882652929,0.457,0.452,1
"ZNF799",0.27699679917658,1.26949322344472,0.012,0.003,1
"CLEC11A",0.277408795518181,-1.12525318654977,0.004,0.013,1
"HMG20A",0.277438912720249,0.416064390909109,0.098,0.064,1
"YJU2",0.277643711906431,0.503225242976746,0.145,0.105,1
"P2RX4",0.27767137302558,0.630516579047219,0.059,0.036,1
"FBXO46",0.27775945285869,0.682898055826093,0.074,0.046,1
"GMPR2",0.277784116036483,-0.514925092377826,0.068,0.089,1
"DSTN",0.277858469136244,-0.235307481722554,0.346,0.38,1
"ENSG00000272447",0.278018059996699,0.516629126292201,0.055,0.033,1
"SANBR",0.278030282133633,0.142269401960831,0.027,0.013,1
"ENSG00000289904",0.278036789998892,0.408265813628322,0.02,0.008,1
"NUDT19",0.278231952093457,0.789609256969514,0.047,0.028,1
"MRPL36",0.27826203202393,0.230914248008906,0.193,0.148,1
"ATG2A",0.278266424904361,-0.304081487495974,0.199,0.227,1
"RIPOR1",0.278377959339308,0.296066364467536,0.068,0.048,1
"TRAV21",0.278609161992771,-1.86400275145923,0.012,0.026,1
"ATF7",0.278691066957008,0.414883041750266,0.135,0.097,1
"ENSG00000227678",0.278796308759568,2.36847183102417,0.016,0.005,1
"CHAMP1",0.278915626795977,0.726464128021945,0.059,0.036,1
"MRPS25",0.279024419083713,-0.120474362509914,0.125,0.112,1
"LHPP",0.279032446016718,0.256944149984319,0.059,0.041,1
"MSTO1",0.279064852568894,-1.113506409326,0.027,0.046,1
"MUC12",0.279298652564339,-1.15345750376289,0.016,0.028,1
"SH2D1A",0.279313400914508,0.422483251234005,0.293,0.242,1
"DTD2",0.27942392045975,-1.49557404588553,0.016,0.031,1
"CGAS",0.279517393052818,-0.60717079284843,0.096,0.117,1
"SCFD1",0.279573318048905,0.286572112886473,0.277,0.212,1
"FCHO2",0.279576766386227,0.547997034220149,0.057,0.033,1
"ACAD9",0.279586070394135,-0.690051193747383,0.029,0.046,1
"IDI1",0.279616072135994,0.110465967263305,0.559,0.49,1
"PIGX",0.279655747123912,0.186032653774694,0.195,0.163,1
"CD27-AS1",0.279723415096064,-1.3237189241167,0.012,0.026,1
"HADHB",0.279725838722752,0.244230821797541,0.205,0.161,1
"SPOP",0.279761185425665,0.26595082644703,0.162,0.145,1
"MNT",0.279827855566481,0.672895087000865,0.051,0.031,1
"ZNF691",0.279852548778494,0.769414133569309,0.023,0.01,1
"COPG1",0.279928149856917,0.532533827318402,0.16,0.112,1
"ENSG00000286223",0.280080277220639,-1.38833777973873,0.01,0.023,1
"FKBP8",0.280451905435858,-0.21422649453559,0.357,0.383,1
"ENSG00000277368",0.280552546164784,1.36674765352844,0.014,0.005,1
"MBD3",0.280561071358461,-0.530384937995228,0.041,0.061,1
"TDP1",0.280683396470193,0.557606241802532,0.094,0.061,1
"NUDT11",0.280764865891322,-2.29350864476502,0.002,0.01,1
"TM9SF3",0.280818058709418,0.238528213390316,0.459,0.38,1
"PHF1",0.280972575317555,0.116239526592324,0.379,0.316,1
"FRG1",0.281013933357613,0.271487784228858,0.275,0.219,1
"ITPRIPL1",0.281126725136008,-0.76668016192704,0.035,0.051,1
"TSG101",0.281206119443874,0.233276318676372,0.246,0.191,1
"LPCAT4",0.281280711222761,-0.788695549926229,0.055,0.077,1
"ALG12",0.281340490519648,0.74991512856842,0.084,0.054,1
"SNRPA",0.281583210260755,-0.288640048106215,0.205,0.23,1
"FIBP",0.281834708994757,-0.291008001999519,0.178,0.209,1
"C1orf52",0.281920979351274,0.444400649661591,0.289,0.23,1
"ZNF593",0.281972386837141,0.514211111331754,0.143,0.102,1
"ZUP1",0.282091296825273,0.381252306872246,0.117,0.082,1
"SMC3",0.282203281523512,0.33869903990866,0.279,0.219,1
"DEK",0.28265984633974,0.179442383823301,0.498,0.459,1
"LIN52",0.282683678910959,0.21184526923928,0.072,0.048,1
"B4GAT1",0.282780802336624,-2.35082664799025,0.002,0.01,1
"LRRCC1",0.282793932487849,-0.595951947450924,0.016,0.018,1
"RNF145",0.282809694701556,0.124807404261549,0.324,0.265,1
"HADH",0.282987587600384,0.276371729253958,0.057,0.041,1
"HPS3",0.283059332895548,0.501111817271255,0.086,0.056,1
"AGBL3",0.283072658539553,0.208838580197552,0.043,0.026,1
"AHCYL2",0.283093780668134,0.215639343320047,0.105,0.071,1
"MIRLET7A1HG",0.283187390161172,-0.889762118438918,0.043,0.064,1
"DMAP1",0.283241367756204,-0.439570699680997,0.086,0.094,1
"GIGYF2",0.283271867868547,0.100796561773744,0.191,0.161,1
"TTBK2",0.283334560222426,0.232212067212522,0.084,0.064,1
"WDR73",0.283455854895238,-0.319467785041012,0.057,0.064,1
"CTSB",0.283473913136736,0.38778472453099,0.115,0.089,1
"MOV10",0.283486873909525,-0.446309400282308,0.068,0.094,1
"ENSG00000289979",0.283669507705774,-1.14617273262902,0.01,0.023,1
"CNOT7",0.283710792057212,0.351371481228925,0.258,0.202,1
"DCAF4",0.283841078978649,0.423868499887174,0.033,0.018,1
"MYDGF",0.283974232615689,0.11089336435897,0.379,0.327,1
"BCL6",0.283996541639562,-0.131887679837994,0.176,0.204,1
"ENSG00000251131",0.284103758132236,-0.561770201985726,0.037,0.054,1
"SLC25A20",0.284284233572153,-0.278228966606058,0.076,0.077,1
"ATXN7L3B",0.284337486776723,-0.488258608634161,0.09,0.115,1
"TAF5L",0.2843716878332,-0.33335935803868,0.068,0.094,1
"MRPS18C",0.284479379378079,0.329044606077256,0.262,0.199,1
"CPSF6",0.284683922111286,0.223716372515971,0.32,0.26,1
"RAB5A",0.284736792569977,-0.229108632978827,0.275,0.304,1
"PHF3",0.284853313426098,0.278714964832885,0.42,0.355,1
"RECQL5",0.285103845839044,0.688286044697314,0.016,0.005,1
"ENSG00000273702",0.285213129005267,-1.40736791659717,0.031,0.059,1
"TYMS",0.285248702072169,-0.918611644402964,0.018,0.031,1
"RNF166",0.285447309670647,0.226331459775972,0.457,0.388,1
"SYMPK",0.285519303351274,0.523415166217491,0.111,0.079,1
"YPEL2",0.285627765912219,-0.457504160026846,0.037,0.043,1
"SSR3",0.285722557909385,0.105094999259039,0.322,0.276,1
"ENSG00000288861",0.28580440121211,-0.779215254374351,0.016,0.031,1
"CIITA",0.285867446161096,-2.45655519827188,0.004,0.013,1
"RASA4B",0.285996393294776,-1.10521300304835,0.002,0.01,1
"SLC2A1",0.28600495553867,-0.28999992442233,0.092,0.097,1
"C8orf33",0.286241965865817,-0.498688965403237,0.066,0.087,1
"FKBP3",0.286545126810994,0.561787796341782,0.135,0.094,1
"ENSG00000270022",0.286772606042287,-0.98151185619158,0.029,0.031,1
"BMP2K",0.286847426209898,-0.857642582175578,0.043,0.059,1
"TAPBPL",0.287018108711186,-0.248788687685582,0.117,0.107,1
"RTL5",0.287091175900883,1.03327944631768,0.027,0.013,1
"ABHD8",0.287221635454362,0.643825323038395,0.023,0.01,1
"SMG7",0.287267384126263,0.387956430684431,0.197,0.161,1
"TUBB",0.287482305781163,-0.201702463788684,0.391,0.413,1
"ENSG00000272256",0.287525130184246,-0.448882446218461,0.207,0.235,1
"DDX49",0.287543953611715,0.23692906790421,0.156,0.133,1
"TRMT44",0.287576935687185,-0.630973011018264,0.041,0.051,1
"PANK2",0.287674523645318,0.250445814395313,0.299,0.242,1
"TRAPPC2",0.287775008487752,-0.193700307954329,0.107,0.117,1
"WDR37",0.287834153576337,0.16976785857972,0.215,0.212,1
"LRRC14",0.287836003364697,-0.496846566617241,0.033,0.043,1
"ZNRF2",0.287865947034916,0.152165522628093,0.248,0.202,1
"MKLN1",0.288071508342077,-0.309045851110523,0.309,0.334,1
"LAGE3",0.288107895004435,-0.242653681444854,0.184,0.207,1
"PDCD1LG2",0.288241452217631,-2.60139041487249,0.002,0.01,1
"RAB2B",0.288533895787573,-0.384099813507537,0.08,0.099,1
"LZTFL1",0.288646796386789,0.474492162338674,0.113,0.079,1
"ENSG00000287175",0.288736324609691,-2.0127046706249,0.008,0.02,1
"TTC39C",0.288813401050968,0.287263472982096,0.373,0.293,1
"ZNF419",0.289037695306652,1.08575826178247,0.025,0.013,1
"PALB2",0.28903825855074,1.18102751336823,0.02,0.008,1
"FAM98C",0.289107940056843,0.192264815230577,0.09,0.066,1
"NTRK1",0.289199267417113,-0.32464653868054,0.037,0.056,1
"CDC25B",0.28925569941402,-0.394150626391822,0.129,0.143,1
"SDCCAG8",0.289315897874889,0.423109571577711,0.088,0.066,1
"TIAM1",0.28934452033737,-0.361107963913225,0.062,0.064,1
"STN1",0.289381231495447,-0.836139402839692,0.041,0.059,1
"RALGDS",0.289458585498643,0.26621853767719,0.469,0.408,1
"EIF4E",0.289634575812526,0.305823424277691,0.291,0.24,1
"MARS1",0.289661924642692,0.253554651308458,0.309,0.27,1
"CD84",0.289687443415775,-0.957854682133668,0.027,0.043,1
"METAP1",0.289720473573141,-0.326846822070062,0.096,0.11,1
"BAD",0.289785993320182,0.347979404229875,0.217,0.161,1
"PLAG1",0.289946925358889,0.949109286849794,0.018,0.008,1
"ENSG00000289115",0.290022131945973,0.796469204146741,0.016,0.005,1
"C1orf162",0.290089274668223,-0.685649436144794,0.043,0.064,1
"NNT",0.290287577883934,-0.484368761310353,0.125,0.153,1
"DNAJC7",0.290508369150373,0.208517826036037,0.268,0.219,1
"RMC1",0.290761701152681,-0.406048874538675,0.152,0.171,1
"ARMT1",0.290900506500457,0.311370726318474,0.109,0.082,1
"NR3C1",0.291047912316174,0.119367773214713,0.746,0.679,1
"SBF1",0.291078140371421,-0.312574074127655,0.158,0.176,1
"TBCA",0.291182998432385,-0.175229288508727,0.449,0.464,1
"GRAMD4",0.291304411196118,-0.575662729225767,0.039,0.059,1
"ANKRD12",0.291423293570902,0.170451412922682,0.645,0.607,1
"SLC4A2",0.291561614761219,-0.990462922687091,0.027,0.043,1
"MPST",0.291686630793587,-0.231651072168978,0.094,0.112,1
"ZC3H13",0.291700846132683,0.343008299589081,0.285,0.222,1
"KLF13",0.291740297706262,0.253349657518473,0.375,0.314,1
"MICOS13",0.291859908462023,-0.212121375582929,0.229,0.258,1
"NCBP2",0.291923643206178,-0.282301811037273,0.158,0.181,1
"ZMYND19",0.291993126931731,0.579141487606318,0.094,0.064,1
"ATP8A1",0.29216832409455,-0.353178553645213,0.316,0.344,1
"STT3A",0.292287247411121,0.416505607611499,0.186,0.14,1
"IL17RA",0.292321209118025,-0.563547115811569,0.104,0.13,1
"MGAT4A",0.292455022207791,-0.133050955617547,0.396,0.378,1
"NQO1-DT",0.292551880864524,1.55055494593231,0.016,0.005,1
"ENSG00000230074",0.292672987397564,-1.8182962441751,0.004,0.013,1
"TRBV7-6",0.292737296258411,1.58864466739368,0.01,0.003,1
"KIN",0.292783711990741,0.314310694144318,0.16,0.12,1
"H2AC17",0.292820226402229,-0.564223540861098,0.057,0.071,1
"USP9Y",0.292845528294234,-0.473727748939297,0.158,0.179,1
"ASAH1",0.292866046742423,-0.528745774609114,0.125,0.151,1
"BBS12",0.292898048542182,1.44892518430211,0.02,0.008,1
"ZNF433-AS1",0.292931015470639,-0.302693809231128,0.068,0.064,1
"PTPRK",0.293078735285344,-2.15486519631532,0.004,0.013,1
"SURF1",0.293206582494441,-0.306682783472298,0.129,0.151,1
"RABGAP1L",0.293319414466983,-0.248959782216564,0.516,0.513,1
"STAMBP",0.293501202963305,0.366168392292736,0.119,0.094,1
"IGHV1-3",0.293568494102564,-1.52677652416322,0.004,0.013,1
"ENSG00000261267",0.293584813304086,-1.3251965016262,0.02,0.036,1
"RPS13",0.293588773363515,0.107034541084333,0.996,0.995,1
"TGIF2",0.294019977143771,0.246154579619019,0.246,0.194,1
"OSBPL3",0.294151778735948,-0.403179745607365,0.1,0.13,1
"PPP1R13L",0.294490479002814,1.36481698056528,0.02,0.008,1
"TRIM36",0.294552467372167,-2.16469440199484,0.002,0.01,1
"ZNF787",0.294630710392534,0.490601642339283,0.119,0.082,1
"N4BP2L1",0.294881594227021,0.228971480002174,0.24,0.196,1
"TMEM263",0.294969191677819,0.349386482158411,0.266,0.214,1
"ELMO1",0.295218899048809,0.350856016136099,0.365,0.288,1
"REEP4",0.295354038786528,0.428278392825055,0.115,0.079,1
"ZNF529-AS1",0.295383462249673,1.05827874357795,0.027,0.018,1
"FLOT2",0.295424877121659,-0.426880450106597,0.094,0.12,1
"ARRDC3",0.295528368244026,-0.358937228621512,0.188,0.214,1
"BRI3",0.295643069247055,0.220929946740392,0.361,0.321,1
"MBNL2",0.295667128954671,0.244123867483056,0.359,0.298,1
"ENSG00000288820",0.295688495588111,0.631005413208194,0.066,0.041,1
"RABGAP1L-DT",0.295749213371007,-1.46164029224357,0.01,0.018,1
"ERCC4",0.295848659255401,-0.334289880585903,0.029,0.026,1
"ENSG00000224376",0.295919714965446,-0.955869450313846,0.018,0.033,1
"SRBD1",0.296028145147649,-0.421117550241391,0.049,0.066,1
"MTMR14",0.296127446009988,0.29356687768154,0.234,0.194,1
"USP10",0.296344706005537,0.14304255869912,0.285,0.235,1
"SNHG31",0.296497220153736,-1.73415769347377,0.004,0.013,1
"KATNIP",0.296617792716834,-0.475465341593437,0.047,0.066,1
"CLIC5",0.296753730815122,0.709870731915514,0.064,0.041,1
"TRBV5-6",0.296882770287528,1.70433423882604,0.01,0.003,1
"EIF5A2",0.296892300624869,-0.639039402106713,0.066,0.089,1
"SCARB2",0.296935487036464,0.448444316662851,0.096,0.069,1
"MRPL13",0.297097709020102,0.443250353542258,0.18,0.148,1
"TRBV20-1",0.297329090041021,-0.692817598449403,0.064,0.087,1
"ZNF853",0.297377968935001,1.34806902277434,0.016,0.005,1
"ENSG00000287095",0.297406310149344,1.46242616276112,0.016,0.005,1
"FMNL1",0.297468839485207,0.146257636877558,0.715,0.648,1
"SAP130",0.297536992472712,-0.622856309587406,0.068,0.089,1
"SAP30L",0.297546434164058,-0.121139690303729,0.117,0.112,1
"PGM5P2",0.297625410197786,-1.43197275897024,0.004,0.013,1
"PHF11",0.297894268351454,-0.176416120740902,0.25,0.273,1
"NCOR2",0.297922799688572,0.137816316784186,0.164,0.13,1
"GOSR2",0.298046044845441,0.491699925736558,0.119,0.089,1
"LINC00665",0.29811885261328,-1.62665275478116,0.004,0.013,1
"RAB11FIP3",0.298165155275003,0.307421381220933,0.139,0.112,1
"LINC02340",0.29837595882698,1.62591086945806,0.023,0.01,1
"IPO7",0.298399049838898,0.233491109799322,0.332,0.273,1
"ZCCHC3",0.298564803111465,0.425807004426086,0.064,0.054,1
"FEM1A",0.298772880625774,0.119381998410786,0.049,0.033,1
"ZNF514",0.298805714744407,0.144644351828773,0.021,0.01,1
"LGR6",0.298883921145972,-1.07672142203367,0.027,0.048,1
"LRRC1",0.299055649795818,-1.75747162111729,0.004,0.013,1
"GUSB",0.299096848936002,-0.326478398777437,0.109,0.13,1
"CSTF2T",0.299098201212183,-0.415591343697702,0.062,0.084,1
"FYTTD1",0.299355584232059,0.17225236645878,0.252,0.237,1
"PDK1-AS1",0.299452025256509,-0.9426815134426,0.021,0.033,1
"NTAN1",0.299477349384959,-0.369764971042662,0.098,0.112,1
"AKT3",0.299496974110115,0.312641483558143,0.156,0.125,1
"DHRS3",0.299672295473958,0.629761633070929,0.109,0.074,1
"ENSG00000271858",0.299904000735558,-0.682949579944211,0.006,0.015,1
"EMC10",0.299941830416456,0.352677968719771,0.275,0.214,1
"KLC4",0.299997324418825,-0.674087681566943,0.031,0.028,1
"RAB11FIP2",0.300314154956672,0.607649788334303,0.078,0.051,1
"KDM7A-DT",0.300355315700857,0.436728376110262,0.037,0.02,1
"GRIN3B",0.300515947995387,0.881070518785471,0.027,0.013,1
"FBXO5",0.300516563096031,0.850001654794329,0.035,0.018,1
"HNRNPF",0.300688095255271,0.195535658455823,0.656,0.594,1
"ENSG00000285692",0.300691683816613,-1.07279843726789,0.006,0.015,1
"DDAH2",0.300706545684816,0.496508797396784,0.146,0.112,1
"PPARD",0.300753328755012,-0.806865891884786,0.023,0.036,1
"GATD3",0.30088670967233,-0.301654090305585,0.082,0.107,1
"MGAT5",0.300889731989387,-0.617165856946376,0.104,0.128,1
"ENSG00000251661",0.301045569031104,-0.718596919668806,0.025,0.041,1
"VOPP1",0.301274236500582,-0.248497312429505,0.203,0.232,1
"RGS3",0.301708036471345,-0.462960333244737,0.223,0.258,1
"SUSD1",0.301813218632924,-0.494959729676978,0.049,0.064,1
"NARS1",0.302076681592029,0.197141516699356,0.191,0.145,1
"EMC1-AS1",0.302122670524426,-0.582644393632527,0.027,0.031,1
"OXT",0.302125815142757,-2.04924503869495,0.004,0.013,1
"GALNT7",0.30213907528774,0.144152928948259,0.129,0.099,1
"HERC2P9",0.302240576863006,-1.56483583741556,0.004,0.013,1
"BCL11B",0.302447858909044,0.123617946883929,0.58,0.5,1
"H2AC16",0.302475013125758,-1.04908518665115,0.014,0.026,1
"RBM15",0.302523001241055,-0.467287876733633,0.1,0.122,1
"UTP23",0.302596773167136,-0.223915595356422,0.123,0.148,1
"ZNF577",0.302899636435321,-1.66407795788124,0.004,0.013,1
"BRAF",0.302940190511154,0.197566801264435,0.488,0.431,1
"DLGAP1",0.30297023303433,-0.718016568726596,0.004,0.013,1
"TMEM30A-DT",0.303046697831772,-1.99064809886584,0.004,0.013,1
"MTFMT",0.303124929188223,0.531836549349443,0.088,0.059,1
"SMARCA2",0.303147010651532,-0.363636079888018,0.275,0.286,1
"SUSD3",0.303649032457295,0.705988644730541,0.027,0.013,1
"DNAJC1",0.303664157085593,0.290720803963447,0.48,0.411,1
"RUNDC1",0.303756314078551,0.757579310133041,0.07,0.043,1
"EXOSC5",0.303843949643509,-0.745333675942107,0.02,0.026,1
"FKTN",0.303895085812558,-2.50332170196037,0.004,0.013,1
"FGD6",0.303922128118861,1.72973826866748,0.01,0.003,1
"ADAM9",0.304014185693761,-0.527288115161154,0.045,0.054,1
"ZNF800",0.30413420397329,0.270906882383747,0.373,0.321,1
"FAR1",0.304344285387287,-0.125052552253741,0.174,0.156,1
"PCYOX1L",0.304357768804225,-0.407789899234619,0.012,0.02,1
"RUBCNL",0.304577476289627,-2.13166638636605,0.002,0.01,1
"PDIK1L",0.304601790057373,0.732298525890235,0.043,0.026,1
"ITPRIP",0.304612312670652,-0.176097598297078,0.293,0.288,1
"RRP12",0.304687934185509,0.507771232418936,0.092,0.066,1
"NDUFAF7",0.304719289773624,0.534899715624281,0.096,0.064,1
"CSRP1",0.304770811194397,-0.427387146534324,0.09,0.11,1
"UBN1",0.304839918174825,0.386389412795375,0.281,0.237,1
"FAM157C",0.30495669065712,-2.4309708030133,0.002,0.01,1
"CD8A",0.304975557341466,-0.293019707957103,0.471,0.497,1
"MRPL49",0.304981588305112,0.49578999952747,0.129,0.092,1
"RBM18",0.305039270588407,0.244270994822881,0.279,0.227,1
"DDX50",0.305085996716161,0.37876433861213,0.246,0.196,1
"AOAH",0.305254148242323,0.132132974002214,0.488,0.477,1
"BUB3",0.305272902207755,-0.135076020948326,0.463,0.487,1
"VPS28",0.305378613456647,-0.200631243948824,0.352,0.342,1
"IL12RB1",0.305463501802736,-0.306085629463303,0.143,0.166,1
"ZNF234",0.305504088334644,0.511202820573022,0.037,0.02,1
"PMS2P4",0.305737148081043,0.387137473840683,0.051,0.033,1
"GIPR",0.3058431520027,0.162269594374844,0.059,0.043,1
"SZT2",0.305941326343696,0.56431222766564,0.062,0.038,1
"UNG",0.306129257211568,0.272251465655792,0.055,0.041,1
"BLVRA",0.30616339200139,-0.732564181405205,0.035,0.054,1
"SLC31A2",0.306377063424643,0.761287922148002,0.031,0.018,1
"SNX12",0.306479189974958,-0.409291151453234,0.049,0.051,1
"TRAF1",0.306491851430497,0.240125832781326,0.158,0.163,1
"HES4",0.306631814181016,-0.126526522589364,0.26,0.288,1
"ENSG00000188897",0.306878190402314,0.598868199057788,0.027,0.015,1
"SNRPA1",0.30692076281261,0.166994138167103,0.326,0.268,1
"PASK",0.306984606568378,0.731129312687545,0.031,0.015,1
"ARHGEF2",0.30699664539941,0.104952800958119,0.238,0.204,1
"CKS1B",0.307172323251535,-0.290272500844777,0.078,0.082,1
"NSUN2",0.307313730407799,0.482177451969559,0.182,0.135,1
"ZNF274",0.307575347783088,0.56988034113803,0.062,0.038,1
"UBP1",0.307683705445235,0.503454234223626,0.117,0.082,1
"HEIH",0.307716069545485,0.590875158112127,0.045,0.028,1
"PRPF6",0.307942620898717,0.336836153014243,0.258,0.217,1
"CASP8",0.308081900786812,-0.204744045157121,0.393,0.423,1
"TRMO",0.308134633575125,0.282850589276471,0.297,0.232,1
"ACSL5",0.308273245965123,-0.413863214059928,0.08,0.105,1
"TRBV7-2",0.308284565592754,0.524504054582361,0.008,0.015,1
"SERPINB6",0.308340234886216,-0.65170823598564,0.055,0.079,1
"PTP4A3",0.308434187301708,-1.44100868453725,0.006,0.015,1
"ZNFX1",0.308465851166381,-0.147378638881124,0.309,0.286,1
"TCTN3",0.308516791248361,-0.253471497825473,0.084,0.082,1
"PPTC7",0.308587039841889,-0.101234484414226,0.182,0.196,1
"DCAF11",0.308647749475349,0.395253933876131,0.17,0.135,1
"TERF2IP",0.308802586717924,0.14989383145721,0.646,0.566,1
"TWNK",0.308859204274073,1.25271772127376,0.016,0.005,1
"DGAT1",0.308923173279016,-0.21603467209043,0.111,0.138,1
"MAP3K7CL",0.308964078656718,1.02781526672786,0.018,0.008,1
"FOXP4",0.308973481095205,0.388305997976872,0.182,0.135,1
"MICB",0.308994677483086,-0.485298174759987,0.074,0.102,1
"PAWR",0.309024385965523,1.79448394747072,0.02,0.008,1
"POLR3GL",0.309090951070749,-0.473826526755606,0.137,0.158,1
"LINC02084",0.309256156164774,-0.951980608807071,0.021,0.038,1
"TMED3",0.309262068362515,-0.125495078883451,0.119,0.122,1
"TOMM34",0.309305928180081,-0.135833112373492,0.094,0.089,1
"QSOX2",0.309312777527868,-0.665863812130693,0.033,0.041,1
"AGBL4",0.309430898818024,-1.79353041246387,0.004,0.013,1
"LSM12",0.309497452292157,0.355005811931114,0.215,0.166,1
"LINC01353",0.309613431424373,-1.00935968681192,0.016,0.028,1
"MSANTD4",0.309629237819779,0.102520718068575,0.039,0.028,1
"SLC16A11",0.309710542592076,1.24009222307481,0.016,0.005,1
"BNC2",0.309773091541793,-0.866566608971667,0.023,0.041,1
"ATG2B",0.309810173407088,0.224871760982508,0.125,0.092,1
"DYNC2LI1",0.309859391209955,-0.970093008305099,0.016,0.02,1
"TSC2",0.30991126954601,0.591361004554583,0.062,0.041,1
"TRBV10-1",0.310093451168279,1.01928941520414,0.01,0.003,1
"TNKS",0.310147936695117,0.290336639520085,0.199,0.153,1
"FPGT",0.310165136758862,0.932092587647078,0.02,0.008,1
"IMMP2L",0.310172245891896,-0.666517255829846,0.053,0.074,1
"RCAN3AS",0.310327657920733,-0.813960448221887,0.018,0.033,1
"MYO6",0.310364343561363,-0.559521412267205,0.029,0.048,1
"DOCK8-AS2",0.31066649218481,-1.75213273328127,0.006,0.015,1
"TTC28-AS1",0.310692991809822,-0.420647778067891,0.068,0.089,1
"PRKCI",0.310855441558236,-0.108580452997568,0.123,0.11,1
"TMEM9",0.310987299651616,0.752048106530016,0.033,0.018,1
"TMEM64",0.311013129744651,0.116910902992478,0.094,0.077,1
"TUBD1",0.31117645216326,-0.247499408669886,0.041,0.043,1
"POU3F1",0.311275243489486,0.615099829028687,0.025,0.015,1
"DNMBP-AS1",0.311763526584868,-1.36855041965512,0.004,0.013,1
"TRAV6",0.311903878848087,1.71322875454161,0.012,0.005,1
"SPI1",0.311942430199347,-2.60111378073786,0.002,0.01,1
"PCNX3",0.312009031293768,-0.193391731154715,0.068,0.059,1
"NR2C1",0.312502266473385,0.56679751297797,0.129,0.094,1
"SETD7",0.312516247601962,0.81868902155944,0.037,0.026,1
"DNAJA4",0.312783887568644,-0.547352055195527,0.076,0.094,1
"CALCOCO2",0.312801365807055,-0.224841912352168,0.244,0.258,1
"RPL23AP7",0.312812395797154,-0.881309707037261,0.062,0.084,1
"BAZ2A",0.312836823797771,0.260864739204187,0.266,0.214,1
"VPS26B",0.313054422595834,-0.176486087837723,0.145,0.171,1
"ROBO3",0.31307959782694,1.55788739822495,0.016,0.005,1
"CHI3L2",0.313120156676829,0.484139107331498,0.037,0.031,1
"TRABD-AS1",0.313173240953077,0.834918676937462,0.062,0.038,1
"ZNF487",0.313323117988528,-0.312651960693472,0.088,0.099,1
"BANP",0.313339255062477,-0.284776988925598,0.244,0.268,1
"EML2-AS1",0.313478828017174,0.722798994549913,0.027,0.013,1
"LINC-PINT",0.313570005661299,-0.284334315418126,0.809,0.827,1
"MED18",0.313637570223967,0.481128720917467,0.039,0.02,1
"HSF1",0.313893004800878,-0.195147253114915,0.23,0.253,1
"ABT1",0.313933667209619,-0.12463363118,0.334,0.334,1
"ENSG00000288851",0.314058092631148,1.01192893835109,0.041,0.023,1
"NR2C2AP",0.314176457778137,-0.638465453370867,0.037,0.056,1
"OFD1",0.314355655548521,0.283892682179455,0.256,0.204,1
"EIF4EBP2",0.314459087270181,0.204962077325875,0.24,0.199,1
"PARD6G",0.314523194357128,-0.322632130877364,0.051,0.077,1
"CBR3",0.314572074355571,0.986170401892504,0.014,0.005,1
"UBE2D4",0.314597714449708,0.382774330357257,0.061,0.038,1
"GRIK4",0.314605071302583,-1.42505186906828,0.002,0.01,1
"TRAV19",0.31462444876487,-1.54000197671744,0.02,0.036,1
"DTX1",0.314702274790216,-1.82965785468866,0.004,0.013,1
"SESTD1",0.314729436687269,-0.466537402383166,0.021,0.041,1
"GSK3A",0.315125036336433,0.298547464613833,0.221,0.171,1
"SLC2A4RG",0.31519282873655,-0.27318047656981,0.139,0.143,1
"DUSP11",0.315214018400128,0.288567086355176,0.34,0.278,1
"CFAP68",0.315270539742437,-0.708050787550856,0.055,0.059,1
"ENSG00000259704",0.31548872244284,-0.844113509707022,0.008,0.018,1
"SND1-DT",0.315609711313906,-3.25656628219173,0.002,0.01,1
"GATA6",0.31600220101282,1.53590111015411,0.016,0.005,1
"TRBV30",0.316114261806807,-0.415231286845088,0.02,0.01,1
"SAXO2",0.316127581012286,-2.37000669599287,0.002,0.01,1
"TPPP",0.316241718653436,-0.33148789361065,0.025,0.038,1
"TRIM38",0.316294902670755,0.165288621395714,0.256,0.207,1
"NOC4L",0.316326333341795,0.14262947170643,0.133,0.122,1
"ZNF257",0.316385811053089,1.57020067910463,0.016,0.005,1
"SLC4A7",0.316555333940559,-0.302511684651456,0.152,0.173,1
"FAM106A",0.316700951615589,1.15164452230564,0.01,0.003,1
"HMOX1",0.316729480187481,-1.74531549650569,0.008,0.02,1
"ENSG00000231329",0.317059160144573,0.573777814808286,0.037,0.023,1
"H3C11",0.317087616714262,-1.37159933715703,0.008,0.02,1
"TPK1",0.317249731544691,-0.733877033345609,0.029,0.046,1
"EED",0.317333114954687,-0.11453201469271,0.123,0.125,1
"NEPRO-AS1",0.317494450069337,0.845151910488059,0.037,0.02,1
"SH2D3A",0.317554243114242,0.653334529727061,0.088,0.059,1
"SMIM12",0.317835716604412,0.376085562160926,0.285,0.224,1
"CEP112",0.317908769542223,0.852413248185794,0.033,0.023,1
"CHRM5",0.317942896128884,1.27236160420601,0.016,0.005,1
"DIMT1",0.317957252143321,0.440593650408104,0.174,0.13,1
"UBE2J2",0.318010156223232,0.276716584126709,0.189,0.158,1
"ERH",0.318010720013271,0.302005483915776,0.475,0.401,1
"MTR",0.31807099547317,0.133541767017568,0.123,0.094,1
"ATP6V0D1",0.318164561827127,-0.124095060025143,0.414,0.408,1
"PIGA",0.318174197728235,-0.483217069234137,0.047,0.069,1
"C11orf21",0.318200330325531,-0.599878379119909,0.059,0.084,1
"MRPL30",0.318222254152756,-0.11731782195631,0.078,0.097,1
"CHSY1",0.31827927894995,-0.599075542492781,0.047,0.066,1
"ENSG00000289412",0.318354721221327,-1.92418739236687,0.002,0.01,1
"BIVM",0.318432235261984,1.33533536212803,0.027,0.013,1
"PCAT6",0.318500593864086,-2.5929186646277,0.002,0.01,1
"JMY",0.31850686914397,0.129240065008705,0.312,0.309,1
"ENSG00000226647",0.318748374461446,-1.02008357685821,0.021,0.033,1
"ZNF684",0.31886028809365,0.155720800171223,0.047,0.036,1
"PHOSPHO2",0.318866105465217,1.83067054088778,0.023,0.01,1
"GABARAP",0.318932249266848,-0.121840710751941,0.682,0.666,1
"C2orf69",0.319070327940129,0.352922052122306,0.055,0.036,1
"CRTC1",0.319100194474605,-0.111249136620336,0.066,0.048,1
"CENPF",0.319158298969581,0.631241141177431,0.098,0.074,1
"MAST3",0.319169726710313,-0.107562864658552,0.043,0.061,1
"TRAV12-3",0.319242112191935,-1.4695805015358,0.018,0.031,1
"CDK5RAP2",0.319254672590088,0.504581125440974,0.105,0.074,1
"TRAF3IP2",0.319471291296631,1.21341730613831,0.041,0.023,1
"ENSG00000249207",0.319483544093644,0.710139128618885,0.031,0.015,1
"LMO4",0.319564827249505,-0.433458779491579,0.145,0.171,1
"ASB6",0.319620295840809,-0.386806470287022,0.104,0.128,1
"ARRDC1-AS1",0.319689651918667,0.19176951412058,0.037,0.026,1
"POLB",0.319692522186123,0.268811615804035,0.215,0.196,1
"SP140L",0.319715173319783,0.241879393353292,0.232,0.186,1
"ENSG00000285830",0.319838832029655,-1.79759146965902,0.008,0.018,1
"MAP3K4-AS1",0.319848155478319,0.323416100166518,0.045,0.028,1
"GOLT1B",0.319966682346116,-0.126465931673839,0.219,0.235,1
"KNL1",0.319967594988378,1.2530132587328,0.016,0.005,1
"ENSG00000279738",0.319987867123788,-1.7790386018203,0.006,0.015,1
"ISCA2",0.320016336436684,0.351862100525155,0.096,0.066,1
"DTNB",0.320018492372482,-0.510672406195287,0.082,0.099,1
"HOXB-AS1",0.320130268584803,1.44922659515268,0.016,0.005,1
"NEDD4L",0.32026280481528,0.712611173660155,0.035,0.018,1
"NT5DC3",0.320360152698548,1.37452670494457,0.016,0.005,1
"TMCC1",0.320455330951155,0.704632771004002,0.1,0.071,1
"SLX9",0.320554959424934,-0.246101034722724,0.078,0.082,1
"ENSG00000289912",0.320594437746196,-1.27531446224766,0.014,0.031,1
"ARHGAP45",0.320650292183794,0.237818976974432,0.449,0.388,1
"NUDT14",0.320651325818427,-0.909265201405129,0.023,0.038,1
"ASPH",0.320663868561002,0.152576659026214,0.016,0.023,1
"ENSG00000285801",0.320794703022319,-0.255312897148242,0.062,0.064,1
"CCDC28B",0.321002600718056,-0.496618080638058,0.07,0.097,1
"RABGGTB",0.321175281934967,0.242975205579265,0.277,0.23,1
"SMG9",0.321244607092547,0.517663466649571,0.051,0.031,1
"FLAD1",0.321421221067739,0.289828601664754,0.09,0.066,1
"SRP14-DT",0.321435947410095,-1.49788136707224,0.006,0.015,1
"DHODH",0.321535533614456,-2.06594448010084,0.002,0.01,1
"SLIRP",0.321652583699686,0.172910737848701,0.346,0.283,1
"TMCO6",0.321785684778208,-0.997333068434881,0.025,0.038,1
"TADA2B",0.321810732061997,0.431709212362782,0.104,0.071,1
"ZNF512",0.321828951926293,1.14032587896805,0.031,0.015,1
"COMT",0.321853368861769,-0.402333897155437,0.082,0.107,1
"ENSG00000273729",0.321870443406091,1.46285881792131,0.01,0.003,1
"CCDC51",0.322147301928795,0.678023448124386,0.025,0.013,1
"TFEB",0.322162555331685,0.366929790989783,0.09,0.064,1
"UXT",0.322289512488647,0.133584838241637,0.607,0.536,1
"DDX10",0.322328461101447,0.477215725615284,0.09,0.069,1
"NEO1",0.322345431106015,0.863301784850452,0.041,0.023,1
"HPS5",0.322390713276446,0.209829539603412,0.127,0.094,1
"POM121",0.322398815017674,0.331665519112838,0.273,0.224,1
"AAR2",0.322455421450844,0.162981619413824,0.104,0.084,1
"SLAMF7",0.322540308016905,-0.347531275527493,0.115,0.145,1
"IPO11",0.322647949503183,0.612182503974051,0.082,0.054,1
"SH2B1",0.32267945934817,-0.640437379516512,0.064,0.087,1
"ENSG00000290989",0.322744193986327,0.633511139604706,0.051,0.031,1
"AMIGO2",0.32287363962501,0.502868005185539,0.051,0.031,1
"CERS2",0.32331135232551,0.324621027853119,0.271,0.219,1
"CRIP1",0.323421661437811,0.126007999748748,0.959,0.944,1
"ANKRD26",0.323582534020072,0.724429117592059,0.031,0.015,1
"ZNF687-AS1",0.323695313153464,2.00273482916361,0.01,0.003,1
"DLG3",0.323773198818188,-0.68054980988842,0.014,0.026,1
"MSI2",0.323903468232611,-0.212984700916651,0.176,0.173,1
"TRAFD1",0.324200667401671,-0.175239635920506,0.088,0.089,1
"COX17",0.324219849484252,0.209977768708511,0.309,0.253,1
"CARHSP1",0.324298079411612,-0.329872722705085,0.229,0.258,1
"ARHGAP1",0.324447602069595,0.243890292757631,0.1,0.077,1
"TINF2",0.324470218219649,0.275479371963934,0.285,0.227,1
"SERPINE2",0.324531609218182,0.657674872965329,0.018,0.018,1
"KCTD13",0.324629096361988,0.412827549740225,0.084,0.056,1
"ERMARD",0.324687817504537,1.03621788013458,0.031,0.015,1
"PEDS1",0.324807959093168,0.31029744042582,0.133,0.102,1
"KLHL11",0.324821723049558,-0.656126581102145,0.066,0.087,1
"GART",0.324877964724747,-0.640430546930178,0.072,0.094,1
"CIP2A",0.324879086687247,-1.66452935805309,0.014,0.023,1
"ECHDC1",0.324901025764396,-0.137474744494206,0.172,0.179,1
"CRLS1",0.324909977210862,-0.132314254324593,0.082,0.071,1
"GATA3",0.325051152270322,-0.122091915253434,0.307,0.283,1
"TRAF4",0.325098588591975,0.141695598470942,0.332,0.276,1
"NIPBL-DT",0.32516519005957,-1.13338047544635,0.027,0.046,1
"ZNF354C",0.325223169304216,0.775160239477174,0.027,0.013,1
"ARAP2",0.325408453365513,0.269631693994731,0.543,0.482,1
"SYCP2",0.325492856496029,1.83551189974967,0.01,0.003,1
"ZNF398",0.325636220185918,0.521483284325536,0.092,0.061,1
"DHX36",0.325676754506941,0.194174487946886,0.438,0.36,1
"SKAP1",0.325854145241651,-0.356738804860478,0.373,0.416,1
"ENSG00000289995",0.325878466514161,-1.69233391270183,0.006,0.015,1
"ENSG00000286242",0.325950166421613,-0.833186449230531,0.016,0.031,1
"ENSG00000290737",0.325960702221126,0.472454910434379,0.037,0.023,1
"ZNF169",0.325968666384293,0.937211439917862,0.047,0.028,1
"ZNF143",0.325975697487408,-0.373303977366593,0.068,0.094,1
"ZNF575",0.326073523416245,-0.969203751681277,0.012,0.023,1
"RPL23",0.326079877868762,0.11769555244245,0.811,0.798,1
"SEMA4B",0.32611259522355,0.177967984376072,0.035,0.023,1
"ZNF367",0.326136302221493,-0.519250066363436,0.018,0.018,1
"ENSG00000291156",0.326149410697521,0.623537748143708,0.061,0.038,1
"ENSG00000287216",0.326235100062473,-1.78706127101659,0.006,0.015,1
"ENSG00000285646",0.326348419369585,-1.55343945757722,0.018,0.026,1
"ZNF587",0.326542824296414,-0.508622456560913,0.033,0.051,1
"THAP4",0.326603570925556,0.381939618522081,0.139,0.102,1
"ATP1B1",0.326674651993756,0.347153468445982,0.053,0.031,1
"KLHL21",0.326712351701795,0.232539566585709,0.125,0.102,1
"ADD1",0.32672174370138,-0.220914108692643,0.221,0.245,1
"GPATCH2",0.32675137276517,0.403764891093066,0.129,0.092,1
"YEATS4",0.3267949854107,-0.121071010013093,0.092,0.112,1
"FARSB",0.326814162118441,-0.660519666123025,0.045,0.061,1
"GBAP1",0.326875607071206,-2.54120379937239,0.004,0.013,1
"PGGHG",0.327057933463367,-0.58106383144,0.105,0.128,1
"RUSC1",0.32709086420062,-0.630480763112941,0.074,0.082,1
"DMXL1",0.327236193460332,0.322133345524363,0.168,0.125,1
"GMDS",0.327249284378071,-0.165348700854299,0.182,0.163,1
"PLBD2",0.327267482287662,2.04338141895525,0.016,0.005,1
"PKP4",0.327353005718168,0.707510923144461,0.062,0.041,1
"THADA",0.327464600625044,0.257896503034631,0.08,0.054,1
"SACS",0.327569079532883,-0.606349380019179,0.045,0.064,1
"EPS15L1",0.327613188428509,-0.416890526542435,0.135,0.158,1
"TMEM9B-AS1",0.327614550547673,1.08546811853997,0.01,0.003,1
"TGIF1",0.327838319776811,0.286012871324948,0.4,0.337,1
"PSMD1",0.327896925304045,0.396563020295066,0.248,0.196,1
"POGLUT2",0.327987994192196,-1.49311824897813,0.004,0.013,1
"FASTKD3",0.328205684394268,0.887964836686101,0.035,0.018,1
"EGLN2",0.328316540974225,0.246553518309494,0.328,0.268,1
"SRGAP2B",0.328345895500738,-0.137051699936438,0.037,0.031,1
"ISCU",0.328358549420778,0.227844356081809,0.514,0.457,1
"CREBRF",0.328533375222744,0.276011215870793,0.273,0.232,1
"ANAPC15",0.32857188249841,-0.405948516603369,0.08,0.102,1
"MRPS36",0.328590188811351,-0.333475302686458,0.311,0.329,1
"TMEM107",0.328763298154584,-0.633271787345966,0.053,0.074,1
"CALM2",0.328838734981898,0.147717975348933,0.865,0.816,1
"SLC7A6OS",0.328858761484942,0.515939416173896,0.137,0.094,1
"ZNF513",0.328883562255034,-0.702408323830771,0.039,0.059,1
"ARRDC3-AS1",0.328956539584889,-1.25317171599225,0.018,0.033,1
"TAFA2",0.328991759936432,-0.836665979063905,0.012,0.023,1
"SRPRA",0.32905586344074,0.139792520335643,0.459,0.388,1
"IL23A",0.329201359415565,0.631015766077129,0.092,0.064,1
"EIPR1",0.32951355052826,-0.385146635293138,0.051,0.071,1
"SNX25",0.329536177212138,0.347430255550591,0.178,0.135,1
"ATP9A",0.329586129443375,1.57631773510517,0.02,0.008,1
"NT5C3B",0.329616573708063,0.704489492535175,0.037,0.02,1
"ATG4D",0.329673700954204,-0.323777072766244,0.189,0.202,1
"NMT1",0.329728030831369,0.378149643782174,0.176,0.135,1
"FAM104A",0.329812617696752,-0.221176664135039,0.184,0.207,1
"EP400",0.329878677309405,0.189748368322518,0.16,0.122,1
"PPAT",0.329906894186877,0.700443505682503,0.041,0.023,1
"WDR7",0.330089031330437,-0.569469814893132,0.102,0.12,1
"EIF4G1",0.330095459526553,0.39059268935729,0.271,0.212,1
"SMAD3",0.330107085704696,0.303314045016337,0.293,0.232,1
"LARP1",0.330138841094351,0.12934708968475,0.104,0.087,1
"ZNF432",0.330147239701746,0.943441358143594,0.033,0.02,1
"BBOF1",0.330172246730953,1.50265999617115,0.02,0.008,1
"AJM1",0.330557073911379,-1.19176629493669,0.02,0.036,1
"BSG-AS1",0.330770549072302,-2.21504171833219,0.004,0.013,1
"SLU7",0.331215552427583,0.222137308793186,0.268,0.222,1
"PRKAA1",0.331357079449421,0.279319534513348,0.232,0.191,1
"ENSG00000267598",0.331373484949992,-0.640593236852171,0.049,0.069,1
"CEP85L",0.331423682539948,-0.278433508863552,0.184,0.214,1
"NLE1",0.331606030563763,0.289342822133309,0.035,0.02,1
"LENG9",0.331691587906917,0.668889026701685,0.027,0.013,1
"ZNF669",0.331734023650365,-0.581870652668198,0.049,0.056,1
"ZNF708",0.331796008167685,0.606707278324797,0.127,0.092,1
"TBC1D22B",0.332748611307238,-0.444076172974149,0.072,0.097,1
"PROSER3",0.332764681886927,0.839282210533842,0.02,0.008,1
"IGF1R",0.33308239384016,0.193446381533682,0.053,0.033,1
"HAUS7",0.333092864300204,-1.29053541486117,0.006,0.015,1
"TRAV12-1",0.333170726283643,1.68201983535319,0.01,0.003,1
"ENSG00000291232",0.333681147615053,0.474047532300468,0.045,0.026,1
"CD99P1",0.333914576982354,0.183728748998391,0.094,0.074,1
"ENSG00000257732",0.334054415597237,-0.191917291906637,0.078,0.084,1
"SKP1",0.33407355986853,0.128525537032795,0.844,0.819,1
"ITPA",0.334096282331062,-0.185434695841027,0.131,0.156,1
"TIMM29",0.334365833258213,-0.310006270202448,0.096,0.115,1
"PCOLCE",0.334368169464624,1.15466834089701,0.018,0.008,1
"ZNF511",0.334397201838912,-0.133930143961491,0.137,0.12,1
"RBMS2",0.334473783810694,0.539892049133732,0.029,0.015,1
"FASLG",0.334622514585884,0.108621765311027,0.303,0.319,1
"ZFP30",0.334637982926692,1.3985082895295,0.02,0.008,1
"ZNF44",0.334822667374068,0.210821188441708,0.092,0.064,1
"TTC14",0.334944415946341,-0.253910573095816,0.18,0.204,1
"CASP6",0.335065846306121,1.14745198298779,0.031,0.018,1
"ENSG00000228427",0.335258961526016,-1.15817370776943,0.008,0.018,1
"RRAS",0.335276149468813,-1.00500725851223,0.008,0.018,1
"DUSP6",0.335291278269676,-0.600984168484304,0.027,0.041,1
"EGFL8",0.335339681812161,-1.83250517912048,0.006,0.015,1
"C1orf122",0.335347681745996,-0.156792944691452,0.219,0.222,1
"POU2F1",0.335456343531786,0.352892156669571,0.094,0.066,1
"KDM6B",0.335629505994154,0.121722614937704,0.629,0.556,1
"ENSG00000288818",0.335661885877861,-0.293664754168581,0.031,0.043,1
"ENY2",0.335843613353061,-0.216937824455345,0.422,0.444,1
"ADPGK",0.335906664824885,-0.192690568484778,0.201,0.212,1
"CDS2",0.33611310053029,0.102236807097776,0.193,0.156,1
"METTL13",0.33613318153348,-0.628368416570368,0.035,0.048,1
"GLA",0.33660275987771,-0.351216781526034,0.188,0.209,1
"ENSG00000286409",0.336712838297684,0.813035005084509,0.02,0.008,1
"PSAP",0.33672449773134,-0.121154603704864,0.389,0.423,1
"P3H1",0.337029980351805,-0.372732775401376,0.035,0.041,1
"FSIP1",0.337053754891001,0.50786300005846,0.041,0.023,1
"EMG1",0.337249820554878,-0.103270504983772,0.1,0.092,1
"TMTC3",0.337336093904648,0.534490727256396,0.061,0.038,1
"TEX261",0.337697642009751,0.164686100711439,0.055,0.043,1
"S100P",0.337787219784281,0.937944551964443,0.023,0.018,1
"TIPARP-AS1",0.337978452363578,-1.07862611835294,0.021,0.033,1
"ENSG00000284428",0.338162072442518,0.658916359398312,0.051,0.031,1
"USP54",0.338162518399604,1.76079926695064,0.02,0.008,1
"CRIPT",0.33820425714735,0.126914490103263,0.213,0.184,1
"CENPH",0.338210708389593,-0.91831323118102,0.012,0.026,1
"ENSG00000260711",0.338427193066864,0.858651146677781,0.047,0.028,1
"ACADS",0.338449912536401,0.481378450197241,0.055,0.033,1
"ATP1B3",0.338564824223775,0.144599414176221,0.588,0.577,1
"NGLY1",0.338571047184815,0.329961835199301,0.242,0.189,1
"HECW2",0.338655406474899,0.38655878561438,0.014,0.005,1
"ENSG00000280614",0.338699025290888,-2.09540530673749,0.006,0.015,1
"MRPS18A",0.338879194063518,-0.101353343534672,0.129,0.115,1
"RRN3P3",0.339261476815681,-0.717129007278301,0.02,0.033,1
"ANKRD46",0.339300718652471,0.632475082973056,0.045,0.026,1
"VRK1",0.339347131944181,-0.186878241499016,0.078,0.079,1
"RAB8B",0.339693569768981,0.156262431045998,0.648,0.615,1
"SDR42E2",0.339826923120275,-0.599516318030536,0.014,0.028,1
"FBRS",0.339936334271256,0.349011060954787,0.371,0.304,1
"ENSG00000258875",0.339976150957923,0.775973649380154,0.037,0.02,1
"IFIH1",0.340334947232119,-0.144570849626694,0.166,0.191,1
"TFE3",0.340387624003395,0.102476836522255,0.115,0.087,1
"SGMS1-AS1",0.34043719400797,0.857557106707928,0.02,0.008,1
"TK1",0.340449104893705,-1.95857904868631,0.004,0.01,1
"ENSG00000240963",0.340505492375275,-0.634720794652441,0.023,0.036,1
"PRIMPOL",0.34050807353353,0.992550285652429,0.023,0.01,1
"ENSG00000287263",0.340613851543994,-0.241627245447475,0.184,0.184,1
"PTGR3",0.340663930029032,-0.718777609454445,0.043,0.061,1
"ASTE1",0.340688207254635,0.19132352652918,0.123,0.089,1
"SERPINH1",0.34093940368973,-1.4917611927765,0.008,0.018,1
"RCBTB1",0.340947535626239,-1.12759177204802,0.021,0.036,1
"HINFP",0.341022978801215,0.607128305745363,0.062,0.041,1
"PLP2",0.341062080633664,0.144585977995607,0.365,0.344,1
"SERINC3",0.341096469746761,-0.104583215079866,0.391,0.367,1
"EXOC6B",0.341115906666044,-0.563246040249171,0.039,0.059,1
"ENSG00000284624",0.341127478515372,0.802129530493353,0.045,0.026,1
"ERCC5",0.341159707707988,0.191070090195651,0.215,0.196,1
"ZNF639",0.341177746983302,0.135368422478228,0.178,0.166,1
"TTL",0.341379420663238,0.601157380670377,0.053,0.036,1
"RFXAP",0.341534035364682,-0.349417708229111,0.025,0.018,1
"ATL3",0.341543303612383,-0.3445357193361,0.068,0.077,1
"ENSG00000174171",0.341599810252961,0.263902316026739,0.105,0.077,1
"CYSTM1",0.34162290237318,0.323730490706388,0.309,0.258,1
"MVD",0.341826167930624,-0.242382434220961,0.297,0.316,1
"KSR1",0.341883796798913,0.717088616477262,0.078,0.051,1
"ENSG00000266947",0.341914188278122,-0.331172711453751,0.045,0.043,1
"SARM1",0.342012730811423,1.1275227034988,0.027,0.013,1
"ZNF763",0.342018605260173,1.47646780667097,0.01,0.003,1
"TTTY14",0.342049200584518,-0.270152165930455,0.023,0.036,1
"ATAD1",0.342257253302308,0.153549967466913,0.195,0.156,1
"INPP5F",0.342319526658782,-1.17460931708456,0.014,0.023,1
"LRWD1",0.342511232774156,0.263304490569484,0.131,0.099,1
"VASH1",0.342558498314473,0.252990705862553,0.068,0.051,1
"ENSG00000273748",0.342734231324561,-0.835569933968011,0.023,0.036,1
"CENPU",0.342742264211569,-0.413276014077016,0.01,0.02,1
"SNHG20",0.342905549186222,-0.574187862134099,0.039,0.036,1
"SLTM",0.343057148793159,0.225791969320822,0.498,0.452,1
"NOC3L",0.343096839231363,0.475441318099485,0.072,0.048,1
"PTPN9",0.343103570971847,-0.414441609674317,0.088,0.102,1
"KCTD7",0.343307469086412,-0.695523545953119,0.039,0.056,1
"ZNF445",0.343371305688163,0.394793233858848,0.061,0.038,1
"TYW3",0.343516698636494,0.558798984304061,0.088,0.059,1
"SEC14L1",0.343523278983807,-0.20784560301737,0.301,0.304,1
"CHD1L",0.343543248108549,0.557103624031651,0.047,0.031,1
"HLA-DMB",0.343741399463998,-0.894207784563864,0.012,0.023,1
"CLK4",0.343837343658598,0.273209397326167,0.262,0.212,1
"PPP1R12A",0.343980721567354,0.227531337172039,0.484,0.418,1
"EML5",0.343984206864216,1.60521104828652,0.02,0.008,1
"TICAM1",0.344094693853252,0.366528043932002,0.148,0.112,1
"ZDHHC18",0.344225461629443,-0.345687467623822,0.172,0.189,1
"LMO7",0.344228567427687,1.31022699964861,0.023,0.01,1
"CLPX",0.344440944180477,0.170501799510893,0.186,0.148,1
"VIM-AS1",0.344497605038032,0.179192296117592,0.168,0.135,1
"PRPF38B",0.344596036856958,-0.185543555099238,0.436,0.436,1
"BCDIN3D",0.345023634438459,0.686517003836551,0.041,0.023,1
"CBX7",0.345050159520473,0.778686536335681,0.027,0.013,1
"HSH2D",0.345098985900376,-0.365053838459261,0.176,0.194,1
"PIK3R5-DT",0.34512980944879,0.235865079727033,0.01,0.003,1
"CSKMT",0.345596031276231,-0.851138034981343,0.053,0.084,1
"ZNF251",0.345638729737635,0.662159382409926,0.047,0.028,1
"WDR12",0.345702585635955,-0.679710974925015,0.029,0.046,1
"THAP9",0.345765755530065,-1.65249518486892,0.008,0.018,1
"NFX1",0.345899250399915,0.437354157974666,0.107,0.079,1
"UBE2O",0.345923839931105,-0.261129746803356,0.195,0.209,1
"AGA",0.346122385608186,0.456359445336082,0.064,0.043,1
"DUSP14",0.346201958140385,0.290874343371334,0.129,0.094,1
"NCBP3",0.346509334158316,0.178629553030058,0.273,0.227,1
"ENSG00000265401",0.346586323424571,-0.16193503845414,0.074,0.079,1
"TLR1",0.346597111183768,0.590222484726924,0.033,0.02,1
"NOD1",0.346917583481401,-0.741749507056842,0.023,0.038,1
"NEURL4",0.346934842953345,0.949515168885104,0.025,0.013,1
"CASP4",0.34695218971348,-0.212772764594635,0.312,0.329,1
"CTDSPL2",0.346973913774021,0.31747780988636,0.203,0.171,1
"CARNMT1",0.3470138803665,-0.330795699635611,0.102,0.097,1
"ENSG00000289047",0.347178022610412,-0.659308731133561,0.025,0.026,1
"ALKBH4",0.347187329082411,-0.340509186199492,0.041,0.048,1
"ZCCHC18",0.347229256815844,1.53059554177319,0.018,0.008,1
"LIPE",0.347439351560334,0.964977607200469,0.014,0.008,1
"SIDT1",0.347562893113391,-0.293979699182285,0.146,0.158,1
"FOXJ2",0.347775751790234,0.383474240825482,0.09,0.061,1
"USP11",0.347804800759183,0.234464867081423,0.273,0.245,1
"C7orf25",0.347871687742036,0.590763060603476,0.025,0.013,1
"PABIR1",0.3480177712959,0.191387318764889,0.086,0.069,1
"EVA1C",0.348112142861762,0.471137975219022,0.057,0.036,1
"NELFB",0.348122585325429,0.337960992374069,0.098,0.071,1
"HNRNPU",0.348401266187483,0.208401998800364,0.736,0.676,1
"TIMM23",0.348430474056342,0.209907706643658,0.24,0.189,1
"SLC18B1",0.348467281054223,-1.39657765489387,0.006,0.015,1
"PIGBOS1",0.348488334585687,0.521096036589471,0.078,0.054,1
"NSDHL",0.348629861344681,0.820625504463515,0.045,0.026,1
"WDR25",0.348796543755894,0.250572670582593,0.047,0.033,1
"LDLRAD4",0.349025707484666,0.188502764444687,0.086,0.071,1
"LST1",0.349082312621079,-0.58166391515976,0.074,0.094,1
"SORBS3",0.349105444644492,0.659051843345242,0.041,0.023,1
"IFIT1",0.349425710899903,0.671878773135442,0.055,0.041,1
"PEX14",0.34951676169466,-0.316707009178264,0.182,0.184,1
"GM2A",0.349596393379727,-1.21376913473996,0.008,0.018,1
"RASA1",0.349748272694705,0.266749164224033,0.225,0.194,1
"TIGD5",0.349866757579541,0.930335384028286,0.045,0.026,1
"TIMM10",0.349957601311508,0.365573055180768,0.164,0.125,1
"TANK",0.350008042846286,-0.255872383623201,0.309,0.332,1
"GPAT4-AS1",0.350027941540802,-0.365922414994849,0.025,0.023,1
"SUPT7L",0.350061250190056,0.250079342836562,0.193,0.153,1
"PGM2L1",0.350175051325164,0.419754007843337,0.09,0.061,1
"ZNF28",0.350399006614913,0.108324447235337,0.068,0.051,1
"CHMP2B",0.350411192733399,0.392041484669134,0.232,0.186,1
"DPP4",0.350494417265614,-0.384337252511117,0.072,0.074,1
"OGG1",0.350645641069673,-0.996312826284465,0.01,0.02,1
"RPS6KA4",0.350809908317419,-0.759392925185185,0.027,0.038,1
"TIGIT",0.350826725228076,-0.102235782806449,0.066,0.089,1
"ARFRP1",0.350878057127264,-0.391361198432511,0.084,0.105,1
"PCTP",0.350961238232057,-1.6784630042413,0.008,0.018,1
"SAP30BP",0.351066972271925,0.2194891703839,0.4,0.337,1
"ENSG00000291224",0.351089559652978,0.669414401807103,0.033,0.018,1
"FEZ1",0.351205051452184,0.139360514984553,0.197,0.189,1
"SESN1",0.351232424363738,0.193267372391921,0.154,0.115,1
"DGKH",0.351424790435681,-0.653949623712058,0.014,0.026,1
"ENSG00000291113",0.351501125411849,0.42180046540544,0.041,0.023,1
"MITD1",0.351606603599912,0.351374046424623,0.162,0.122,1
"SLC66A2",0.351613902430965,-0.32617113841689,0.139,0.163,1
"TAGAP-AS1",0.3516680945756,-0.786948886164182,0.072,0.102,1
"FAM216A",0.351983594019994,-1.04959259123705,0.012,0.023,1
"KIR3DL2",0.35206070577278,0.533712487332663,0.035,0.02,1
"ERI1",0.352096047778995,0.194662930753279,0.066,0.051,1
"PRPF38A",0.352498218898323,-0.176831311416033,0.254,0.25,1
"NUDT18",0.35259783688517,-0.664412258470331,0.043,0.056,1
"FSCN1",0.352604926478692,-0.617428554411761,0.037,0.056,1
"PLEKHO2",0.352610327040838,0.526445911502492,0.051,0.041,1
"PHLDB1",0.352895550798203,-0.826322677300048,0.012,0.02,1
"TCF3",0.35293943308014,-0.490285933101371,0.051,0.069,1
"ZNF771",0.353034707306933,-0.115469883235525,0.035,0.026,1
"IL12RB2",0.353113488508315,0.193679411008268,0.168,0.135,1
"ENSG00000232347",0.353123000389261,-0.802638536404381,0.008,0.018,1
"IRAK1BP1",0.353339632189844,1.0468549450687,0.018,0.008,1
"DENND6A",0.353436340623504,-0.112748652403974,0.084,0.099,1
"DCP2",0.353441485453245,-0.17644800658872,0.297,0.286,1
"CFAP410",0.353463893003576,-0.178965262061234,0.111,0.112,1
"RACGAP1",0.353671805841664,-0.693999563027355,0.023,0.038,1
"NCKAP1",0.35408335150838,0.74481970411322,0.033,0.018,1
"OXSM",0.3541214234156,0.520353628058808,0.045,0.026,1
"IPMK",0.354176217520508,-0.514451958538389,0.051,0.056,1
"HCP5",0.354355560800113,-0.179629045395731,0.352,0.383,1
"PRDM4-AS1",0.354447034635369,-0.99888727353676,0.008,0.018,1
"PDF",0.354463965260956,0.497739051516827,0.051,0.031,1
"INTS13",0.354714862863087,-0.490506490494013,0.059,0.066,1
"YRDC",0.355049503334133,0.209364600768396,0.156,0.143,1
"BCL2L12",0.355104738411241,0.304004884073687,0.072,0.048,1
"PRPSAP2",0.35513613396558,-0.842568527049914,0.061,0.079,1
"RPS6KC1",0.355281901232706,0.287215829693932,0.127,0.102,1
"UBE2Q1",0.355423120492635,0.541431856003666,0.1,0.069,1
"RAB39B",0.355483012863656,-0.225564045286166,0.082,0.097,1
"ZNHIT2",0.355657440565284,0.366588502862518,0.09,0.061,1
"BRF2",0.355727347078256,0.553448534849516,0.064,0.041,1
"TBC1D14",0.355772359944723,0.453273260769278,0.086,0.059,1
"PRKAR1A",0.35578465131635,0.20740211686639,0.434,0.365,1
"WDR3",0.35588182672156,-0.763173440623828,0.021,0.033,1
"RAI1",0.355892638426339,-0.232320396012041,0.09,0.079,1
"TRGV5",0.355918104026542,-0.490720928331065,0.049,0.056,1
"THEMIS",0.355951304436307,-0.278899179997195,0.137,0.168,1
"RAP1A",0.356017244748376,0.114899022921742,0.414,0.411,1
"CLK3",0.356238551423102,0.268247944990424,0.273,0.222,1
"ENSG00000290786",0.356569263210398,-0.66859640456684,0.008,0.018,1
"TSPAN14-AS1",0.356645843438258,-2.1998656874436,0.004,0.01,1
"TMEM191B",0.356727649750614,1.85171483552814,0.01,0.003,1
"CFAP298",0.356849241638204,0.298968957858434,0.273,0.217,1
"PPP1R10",0.356911833910997,0.23484922985623,0.236,0.186,1
"TFRC",0.357059505538218,0.277281130733273,0.129,0.112,1
"C15orf48",0.35710101985302,-1.59368334609502,0.004,0.013,1
"CHTOP",0.357244991965986,0.248635921664327,0.203,0.181,1
"MED30",0.357253372751442,0.151423874734892,0.26,0.212,1
"MRPS33",0.357291162864667,0.117282115714394,0.113,0.089,1
"SOCS5",0.357336198763335,0.675686474763797,0.041,0.023,1
"ATP1A3",0.35737310405188,-0.969202775400957,0.051,0.069,1
"ZNF273",0.357470687352869,-0.518189055325343,0.027,0.043,1
"WSB2",0.357477847497645,0.243074578259101,0.135,0.112,1
"AFAP1",0.358167304083152,0.690011486546757,0.055,0.033,1
"UBE2Z",0.358203011264829,0.315329037789374,0.246,0.199,1
"SERTAD1",0.358491882153665,-0.254413242738893,0.41,0.454,1
"ERFL",0.358618183165227,0.232919629774806,0.049,0.033,1
"PHYH",0.358651623279158,-0.481299590196248,0.051,0.071,1
"ANO6",0.358759763591869,0.242683733246735,0.145,0.107,1
"RPAP1",0.35879104448006,1.12843234827292,0.029,0.015,1
"USP32",0.3588143238753,0.294626338051271,0.107,0.079,1
"FAM98A",0.358843729010486,-0.478400477949695,0.074,0.094,1
"MTRR",0.358936701402777,0.480859165043163,0.146,0.112,1
"PKD2L2",0.358973582408542,0.757569432505805,0.053,0.033,1
"LIX1-AS1",0.359044921545363,-1.1021679843083,0.014,0.026,1
"ENSG00000286177",0.359086687744079,-0.87100814915465,0.014,0.026,1
"INTS10",0.359104728969577,0.388677475823676,0.154,0.115,1
"TASOR2",0.359138710035013,-0.260919282461636,0.215,0.24,1
"SCAMP2",0.359238063574169,-0.329098939113018,0.293,0.316,1
"NPLOC4",0.359547441192813,0.205347145615222,0.135,0.105,1
"ZFP69B",0.359559789195967,0.936524689851796,0.029,0.015,1
"FBXW4",0.359649349500547,-0.554503730343145,0.076,0.089,1
"RCE1",0.359726335791906,0.350575491146392,0.201,0.161,1
"FMC1",0.359907251723458,-0.208609408030938,0.051,0.066,1
"KLHDC4",0.360040866287871,-0.337758743783422,0.17,0.194,1
"SGCD",0.360142561650791,1.22147190930924,0.01,0.003,1
"TRAF3",0.360216737655621,0.101287719949187,0.34,0.291,1
"CUEDC2",0.360224688206148,-0.34928780877715,0.123,0.143,1
"CAMK2G",0.360249345319481,-0.517734554116576,0.033,0.048,1
"SNRPF",0.360341306285121,0.158801506378712,0.428,0.403,1
"STARD5",0.360555672002063,-2.03257392198938,0.004,0.013,1
"TPST1",0.360588522713671,1.00178832741158,0.047,0.028,1
"CASC3",0.360789152451418,0.245573022371789,0.199,0.158,1
"TTC7A",0.36096656294772,0.14010007997477,0.203,0.161,1
"MFSD14A",0.361028690153125,-0.21875326434,0.258,0.296,1
"CFAP119",0.361079826031134,0.883412074477191,0.021,0.01,1
"TYW5",0.361278360295304,0.367118787739543,0.064,0.048,1
"ATP6V1B2",0.361569083287811,0.230608802575115,0.195,0.189,1
"STAT5A",0.36157808542909,0.163430854824962,0.447,0.383,1
"APOL6",0.361809808659057,-0.153769690200284,0.357,0.367,1
"ENSG00000288925",0.362165957552047,-0.796707088501615,0.023,0.043,1
"ENSG00000289375",0.362315091850208,-1.65462417849062,0.006,0.015,1
"ENSG00000262370",0.362339167138614,-0.55063383276846,0.033,0.051,1
"MMD",0.36234362034391,-0.250446656397457,0.055,0.056,1
"PDS5B",0.362380136398555,0.183694482901887,0.174,0.133,1
"CD46",0.362388978733576,0.23553678066665,0.266,0.224,1
"ALG3",0.36241874213325,0.399868616843128,0.098,0.069,1
"ZNF600",0.362421861990897,0.156746113442992,0.076,0.056,1
"ARSA",0.362441682773925,-0.637290479167198,0.066,0.089,1
"ITFG1",0.362472268036108,0.396633642354901,0.207,0.161,1
"TRAPPC11",0.362787007415419,-0.785715742613002,0.061,0.077,1
"GAN",0.36287504174894,0.187470679461046,0.076,0.064,1
"DHDDS",0.362959952283963,0.509089101976045,0.055,0.036,1
"PDLIM7",0.363156176087108,-0.901752649859237,0.016,0.028,1
"NOMO2",0.363172077185596,0.3951726410148,0.066,0.043,1
"FANCA",0.363237988620185,-0.207725771744942,0.066,0.066,1
"PSMA4",0.363263707712087,-0.13986142760317,0.305,0.306,1
"ENSG00000261172",0.363396024216743,-1.69867823093703,0.006,0.015,1
"OMG",0.363458596241272,1.06935637983392,0.01,0.003,1
"PDCD4-AS1",0.363527630097713,-0.917322767909949,0.029,0.041,1
"CNPY2-AS1",0.363586060204868,-0.477545034189903,0.033,0.038,1
"SPCS2",0.363880570213763,0.106716976400129,0.523,0.452,1
"TRAV4",0.364036423360365,-1.70150644835407,0.014,0.026,1
"EPHA4",0.364225403877869,0.343611732007811,0.287,0.222,1
"NAP1L1",0.364270052552728,0.23271912727157,0.527,0.469,1
"GNB5",0.364572250187732,0.578129722009672,0.109,0.082,1
"ANXA2R-AS1",0.364647614767437,0.568018177062604,0.02,0.01,1
"ENSG00000241073",0.364799248481912,-0.618355556380404,0.012,0.023,1
"UBXN2B",0.364978393116015,0.657769443604337,0.051,0.033,1
"SEPTIN2",0.365178635624674,0.259768908580294,0.367,0.304,1
"SF3A1",0.365320773350738,0.221354614694688,0.502,0.439,1
"H2AX",0.365401187392892,0.129886567497256,0.336,0.296,1
"ANKRD44-AS1",0.365425419450974,0.830003627267623,0.021,0.013,1
"PPP2CA",0.365486548853227,0.152526397120971,0.605,0.536,1
"ENSG00000289970",0.365584991066216,-1.03603258431074,0.01,0.02,1
"KNOP1",0.366120378831188,1.10964977206137,0.029,0.015,1
"XKR8",0.366301713711533,-0.488346867387082,0.049,0.059,1
"FAM24B",0.366371482706338,-0.947712499760902,0.029,0.046,1
"PUDP",0.366389693834709,0.652329370829765,0.057,0.036,1
"AATF",0.366882201592844,0.311053046770904,0.291,0.235,1
"RPAP3-DT",0.366890487750227,-1.15465151010254,0.01,0.02,1
"INTS11",0.3669222162529,0.481952564555354,0.203,0.163,1
"UPF3B",0.366929548696695,0.39014629078136,0.205,0.161,1
"TAB3",0.366979711895537,-0.496898541759403,0.051,0.071,1
"RIDA",0.367097982912562,-1.13680341854262,0.016,0.028,1
"BID",0.367104798958117,0.197590901843741,0.248,0.222,1
"VPS13D",0.367139691054709,-0.161411673639209,0.111,0.13,1
"TTC21B-AS1",0.367165948089395,-0.666416996326815,0.023,0.038,1
"IKZF4",0.367184877811552,1.23382411588455,0.018,0.008,1
"TFDP2",0.367305845055804,-0.245039543958862,0.26,0.278,1
"FAM20B",0.367402280016625,0.402577434219606,0.039,0.026,1
"ENSG00000235419",0.367557422318023,0.892465122716751,0.041,0.023,1
"ZNF862",0.367766509305898,-0.120266636833696,0.049,0.043,1
"DNAJC28",0.367870964642259,2.22791843624477,0.01,0.003,1
"METTL16",0.367877806261324,-0.260290327175019,0.125,0.122,1
"SBF2",0.368158411774806,-0.180340283264647,0.045,0.061,1
"ANAPC11",0.368241960689744,-0.113956054048623,0.25,0.26,1
"TNFRSF1A",0.368430656629221,-0.115347229062212,0.279,0.265,1
"IGSF9B",0.368503847857529,-1.28528825145564,0.012,0.023,1
"SMG8",0.368628661654122,-0.535628445312073,0.035,0.043,1
"INPP5D",0.368871650991434,-0.125851116478441,0.279,0.311,1
"CCDC39",0.368982515561812,-0.793589679808893,0.012,0.023,1
"LSM8",0.369235483919668,0.131166879120158,0.385,0.324,1
"ACAA2",0.369361673094989,0.3265967361338,0.189,0.145,1
"ENSG00000275119",0.369372551080149,-1.05677417147397,0.006,0.015,1
"ENSG00000290476",0.369532076577226,0.670224340668264,0.037,0.02,1
"ZNF527",0.369644126366549,-1.1985665969247,0.012,0.023,1
"POLE3",0.37001735206318,0.293576371945599,0.281,0.227,1
"ZNF438",0.370519511912009,-0.512181840060445,0.018,0.028,1
"UCK1",0.370680272575542,-0.48841302749946,0.062,0.082,1
"H2AC12",0.370792791416773,-1.22647542891655,0.01,0.018,1
"C1orf112",0.370851940950373,-0.811476397233502,0.023,0.038,1
"EZH2",0.370890096240125,0.294323884365067,0.232,0.207,1
"PPP2R2B",0.370967867280874,-0.407581230637867,0.096,0.13,1
"GADD45GIP1",0.371202695846299,0.171927188263125,0.322,0.27,1
"SOX6",0.371354200544451,0.763131148008663,0.016,0.008,1
"ATP1A1-AS1",0.371940815577416,-0.469282507288887,0.035,0.051,1
"NOMO1",0.372129905492838,-0.356011355762079,0.033,0.033,1
"C1orf131",0.372279868623548,0.467851386059345,0.107,0.077,1
"NUDT16L1",0.372561817222295,-0.106618837228469,0.193,0.191,1
"ACY1",0.372644306076454,-1.11676508753276,0.006,0.015,1
"EOMES",0.37278559151398,0.438612517823917,0.141,0.099,1
"GOLGA2",0.372846098328833,0.434444145378821,0.096,0.066,1
"ENSG00000286835",0.37299572869737,-1.64294998970453,0.004,0.013,1
"PGAP3",0.373317566970695,-0.297631122424835,0.035,0.043,1
"F12",0.373500148384481,0.88369623730456,0.043,0.026,1
"ZCWPW1",0.373508429811833,0.290085344454916,0.02,0.013,1
"XPNPEP2",0.373570933066999,-0.659025047837732,0.018,0.028,1
"RANGAP1",0.373693582117847,0.191736953768454,0.244,0.204,1
"MYG1",0.373845865469791,0.57252269606782,0.143,0.105,1
"CLDN15",0.373876350831227,1.47026844493811,0.01,0.003,1
"COPG2",0.37408255164755,-1.05024590613812,0.014,0.026,1
"FAM200B",0.374109018628439,-0.374432121843175,0.072,0.074,1
"WDHD1",0.374147507226979,1.11308553607617,0.014,0.005,1
"C17orf49",0.374227672150178,0.221003428061837,0.451,0.431,1
"ENSG00000258740",0.3743536920966,0.825386644099196,0.01,0.003,1
"ZNF850",0.374376409871635,0.895113739800402,0.021,0.01,1
"PAPOLG",0.374389574371246,-0.34938129156084,0.125,0.151,1
"TMEM167B",0.374575734660101,0.161475290370429,0.205,0.173,1
"KPNA2",0.374701149725988,-0.191964458965909,0.357,0.372,1
"CPPED1",0.374870918083443,1.06531303972237,0.029,0.015,1
"NDUFA6",0.374916170616257,0.18700280670709,0.559,0.505,1
"LINC01278",0.375049810001927,-0.510004576425761,0.082,0.105,1
"VDAC3",0.375102682408109,-0.117962719558276,0.279,0.255,1
"MFSD8",0.375123691556535,0.507448083760483,0.113,0.082,1
"STIM2-AS1",0.375180834601391,-1.18813704349607,0.01,0.015,1
"DNAH1",0.375259438033876,-0.579860676206439,0.016,0.028,1
"MTIF2",0.375426892029504,-0.388308593864132,0.033,0.033,1
"S1PR2",0.3754668342088,0.46766613056671,0.041,0.023,1
"ENSG00000256152",0.375472767198299,-0.189030435253398,0.189,0.191,1
"RIOK1",0.375696750554416,0.309950404316769,0.23,0.196,1
"NEURL2",0.375734385394044,1.68726615038449,0.01,0.003,1
"ZNF707",0.375771212855251,-0.948348664229631,0.039,0.059,1
"KBTBD4",0.375813087097996,-0.193476343127092,0.102,0.122,1
"ZSCAN22",0.375991904533268,0.679267030320262,0.051,0.031,1
"HMOX2",0.376048282016814,-0.268327797815669,0.248,0.27,1
"TOP2A",0.376133013813852,-0.214644678863086,0.025,0.02,1
"GBP4",0.376304027738517,-0.271264205527672,0.25,0.276,1
"KIAA1191",0.37640181556219,-0.20180729609996,0.191,0.191,1
"PSMC3IP",0.376434054047199,-0.923682440419096,0.012,0.023,1
"MRFAP1L1",0.376437450358444,0.361290431959231,0.305,0.245,1
"ABCB1",0.376517077513222,0.390365382459824,0.201,0.151,1
"NUP214",0.376579036733614,-0.356665840582024,0.16,0.179,1
"EZH1",0.376701447559388,0.293783195191347,0.105,0.077,1
"ZNF778-DT",0.376738224822201,1.2289742743894,0.014,0.005,1
"WNK1",0.376862731514912,0.135921764976178,0.402,0.352,1
"ZNF786",0.376884763369127,0.134179450757397,0.047,0.043,1
"KLHL8",0.376891193408701,0.945891320154659,0.033,0.018,1
"TXNDC15",0.377000467181137,-0.124926950691961,0.182,0.181,1
"LDOC1",0.377186433690284,-1.79856878167071,0.014,0.023,1
"HIPK3",0.377237949693596,0.274391465918843,0.207,0.158,1
"POU2F2",0.377375819760325,0.257618236728198,0.068,0.051,1
"BNIP3",0.377435937845259,0.490280782802769,0.086,0.061,1
"SLC12A9",0.377536408046478,-0.304409617730327,0.045,0.043,1
"MRPL21",0.37760279923024,0.235037817653028,0.268,0.212,1
"TRIB1",0.377651507132257,-0.269436041997568,0.012,0.018,1
"NDUFAF3",0.377688369242326,0.168018326762224,0.316,0.258,1
"RAD51D",0.37772400105478,1.0080237979651,0.037,0.02,1
"RPS6KA2",0.37782189814651,-0.663914084242437,0.006,0.015,1
"LPCAT3",0.377868439544688,0.115176664972619,0.148,0.125,1
"ENSG00000289393",0.37791667661307,0.674065879242296,0.01,0.003,1
"PEX12",0.378094474733124,0.183364518397458,0.016,0.008,1
"VAT1",0.378232191259399,-0.620683229047065,0.033,0.046,1
"OGFOD1",0.378448359101412,0.395408470764415,0.115,0.082,1
"SELENOF",0.378450541739855,0.228820565081309,0.508,0.444,1
"ANKRD36B",0.378476209689475,0.324120174294953,0.092,0.064,1
"MRPL14",0.378719372575997,0.261546422552092,0.328,0.276,1
"MYOSLID",0.378736360172686,-1.73726124423949,0.002,0.01,1
"HARS2",0.37885210833697,0.13668749111599,0.084,0.071,1
"TNFRSF18",0.379412722780621,-0.642314538707212,0.027,0.043,1
"WDCP",0.379558864463435,-1.22281656330888,0.006,0.015,1
"SHLD1",0.379822466107245,-0.34865694848691,0.107,0.12,1
"THOC3",0.379873275596573,-0.2832766176956,0.127,0.151,1
"CPSF7",0.379990811916996,0.112388107007794,0.174,0.161,1
"ANAPC4",0.380014217535026,0.350876634456281,0.072,0.048,1
"CCND1",0.380043412142437,-1.58321000463907,0.01,0.02,1
"GTF3C2-AS2",0.380403753721731,-0.959745902806686,0.01,0.02,1
"RAP2C-AS1",0.380464208849635,0.793269164577273,0.029,0.015,1
"WARS2-AS1",0.380581751948838,0.659679725335902,0.041,0.028,1
"GNPNAT1",0.380592811061807,0.554247160148414,0.061,0.038,1
"TAF5",0.380672267994342,0.590696705694098,0.061,0.038,1
"LYAR",0.380730846708407,0.127616017069819,0.479,0.441,1
"DAPK2",0.380736948286374,-0.481925317773453,0.045,0.051,1
"CHRM3-AS2",0.380918251037471,1.05716840913975,0.025,0.013,1
"UBE2E1",0.38099165510767,0.383718036721382,0.205,0.158,1
"NCAPD3",0.381116108046967,-0.334231471126033,0.076,0.089,1
"ENSG00000287555",0.381249326299993,-0.14848187114919,0.105,0.089,1
"WDR36",0.381717844736791,-0.330594478501102,0.117,0.117,1
"DAP",0.381857422358992,0.397098199378563,0.146,0.11,1
"VNN2",0.382310231624267,-1.37050244103259,0.016,0.028,1
"FBXO34",0.382419079656123,0.294764232717571,0.418,0.362,1
"BEX3",0.382430225156012,0.503870245053432,0.016,0.008,1
"TRAF3IP1",0.382531834591441,1.00273324419258,0.049,0.033,1
"ENSG00000259972",0.382763635204266,0.885888329824683,0.035,0.02,1
"FBXO33",0.382833474571979,-0.264736505408637,0.227,0.26,1
"PGLYRP2",0.382876160452202,0.627566042402782,0.014,0.005,1
"SPON1",0.382890145305162,0.469639336274984,0.023,0.013,1
"GAB3",0.382929453118274,-0.263736851516974,0.15,0.148,1
"ZNF304",0.383150571606164,0.993867233801874,0.025,0.013,1
"SEC16A",0.383281682722007,-0.1162350965599,0.176,0.168,1
"ENSG00000254538",0.383481587906233,-1.16042583204769,0.008,0.018,1
"CHKB",0.383845691777275,0.268364370653177,0.205,0.173,1
"UQCC5",0.383858530533028,0.372105791111885,0.143,0.107,1
"ABHD6",0.383969386152785,0.303112490061778,0.029,0.02,1
"HPF1",0.384260181401037,0.384867063897441,0.092,0.064,1
"PSMD14-DT",0.384263417943643,-0.559962825808426,0.012,0.023,1
"C5orf24",0.384266948005651,0.157798770264465,0.129,0.115,1
"LPCAT1",0.384321498284996,-0.157503938077398,0.182,0.209,1
"ENSG00000266598",0.384344531926326,-1.95154611818909,0.004,0.013,1
"SPECC1L",0.384372161375917,0.521315572036912,0.135,0.099,1
"SLC35B4",0.384542678237333,0.606995754402485,0.037,0.023,1
"SRGAP2",0.38456070639298,-0.365555997249947,0.064,0.079,1
"ENSG00000275441",0.384775539167834,0.237383839491266,0.039,0.038,1
"ENSG00000227627",0.384851979041755,-0.679576193552205,0.016,0.028,1
"NXT1",0.38489102155557,0.175520554742597,0.41,0.383,1
"ENSG00000276232",0.385018769168128,-1.3885614633639,0.008,0.015,1
"RABIF",0.385171409710112,-0.18140050052075,0.285,0.281,1
"TEC",0.385227219643511,0.211787524688792,0.012,0.005,1
"CTSF",0.385345380012661,-1.61076775508121,0.006,0.013,1
"SLC25A29",0.385349296385932,0.686743666582042,0.033,0.018,1
"ESYT1",0.385547433258315,-0.194407132833481,0.139,0.156,1
"ENSG00000170846",0.385569866746384,-0.264176091288908,0.076,0.077,1
"FUT11",0.385764701122514,-0.284761953880924,0.084,0.092,1
"TBC1D10B",0.386037457899,0.392438738273257,0.133,0.099,1
"PDPR",0.386157493557021,0.19506244489562,0.092,0.071,1
"PTOV1",0.386195650280135,-0.19393203698248,0.203,0.219,1
"SPAG7",0.386357738814978,-0.272992822496696,0.184,0.202,1
"BTBD6",0.386398110204153,0.362644386611866,0.148,0.112,1
"UQCC3",0.386454562653082,0.586101472596273,0.086,0.059,1
"ENSG00000255495",0.386690756027483,1.10484782755444,0.01,0.003,1
"AP5Z1",0.386912647122437,-0.173287306423748,0.232,0.24,1
"CNEP1R1",0.386967830706817,0.401286764353852,0.094,0.066,1
"RAB28",0.387168856184572,0.196279613454549,0.176,0.138,1
"GNG2",0.387172201465452,-0.138867645370203,0.93,0.923,1
"SPNS1",0.387265628082276,-0.223559523423065,0.105,0.128,1
"ENSG00000290122",0.387411752989047,-1.30921090672983,0.01,0.023,1
"THBS1",0.387509523288642,0.759714697554915,0.074,0.054,1
"TEPSIN",0.387592753178963,-0.37439844748367,0.047,0.059,1
"ENSG00000248268",0.387613452955419,1.12459615952486,0.018,0.008,1
"PPCS",0.387628388338641,0.25693386080834,0.252,0.202,1
"PNPT1",0.387670195094023,-0.265710604381633,0.07,0.074,1
"BIN2",0.387730581327525,-0.206112150230609,0.412,0.449,1
"VKORC1L1",0.387819471061696,0.578185203311145,0.088,0.059,1
"FAM174B",0.387821132058968,1.07996603227707,0.021,0.01,1
"CCNO-DT",0.387826926241364,0.362611792338605,0.023,0.013,1
"PTPRN",0.387942419538491,1.54611326563537,0.01,0.003,1
"DHRS4",0.388187625458264,-0.675010064639421,0.037,0.054,1
"SERPINE1",0.388321377797023,1.32670029993485,0.02,0.01,1
"METTL9",0.388457160825001,0.108911700515722,0.363,0.316,1
"ZKSCAN5",0.38846311817622,0.407330562468126,0.035,0.026,1
"SUPT20H",0.388484210246177,0.281017089641451,0.152,0.115,1
"HARS1",0.388493643448484,0.104672167580825,0.199,0.166,1
"CTNNBL1",0.388517246467553,0.383110047996199,0.16,0.14,1
"ENSG00000259589",0.388527295083232,-0.689339730756764,0.045,0.061,1
"BUD31",0.388776355167586,0.1708709545749,0.588,0.546,1
"CCDC57",0.388947367236569,-0.39502718872855,0.127,0.143,1
"ENSG00000285043",0.38908193121644,-0.824566017543641,0.02,0.031,1
"EFHC1",0.38909424536247,0.606583174164782,0.025,0.013,1
"QSER1",0.389156229422321,0.432232137849226,0.053,0.036,1
"NEMP2",0.389179636387145,0.29983244255542,0.035,0.02,1
"TM7SF2",0.389315237505368,-0.540589887046332,0.02,0.033,1
"TMEM63B",0.389367344132126,-0.374237779852657,0.064,0.069,1
"COG5",0.389457622746103,0.153401067178322,0.266,0.227,1
"ZNF91",0.389556904125539,-0.276213371289069,0.121,0.148,1
"RALGAPA2",0.389584264329758,0.495952850937069,0.111,0.079,1
"MGRN1",0.389697751724205,-0.272501518713839,0.115,0.135,1
"LINC00963",0.389780838655307,-0.576538870195207,0.078,0.092,1
"ENSG00000254777",0.389792098027881,-0.571142811874585,0.02,0.033,1
"MFSD1",0.389879125852245,-0.472499822476941,0.049,0.061,1
"NDUFC1",0.389947415507993,0.254976210620622,0.348,0.293,1
"L3MBTL3",0.390154510592381,-0.308754924132717,0.09,0.092,1
"SENP5",0.390260481430718,0.271061911543444,0.219,0.194,1
"NCAPD2",0.390309426346428,-0.82061849612821,0.023,0.038,1
"TLCD1",0.390614964770603,1.28790086100677,0.01,0.003,1
"C4orf47",0.390636343163253,-2.16448967686375,0.004,0.013,1
"IFNAR2",0.390681914472529,0.210516991315624,0.24,0.194,1
"MRPL16",0.390737328015456,0.331977544386378,0.156,0.117,1
"TMEM164",0.391055109738326,1.03889011210874,0.033,0.018,1
"PISD",0.391079396875564,0.35858061597955,0.113,0.094,1
"PSMG3",0.39110300846971,-0.411847065907335,0.092,0.107,1
"DARS1-AS1",0.391358848871476,0.759366707409199,0.012,0.005,1
"ENSG00000268403",0.391688780745433,0.531851063963365,0.016,0.008,1
"MZF1",0.391872571034913,0.352660220652127,0.045,0.028,1
"A1BG",0.391996715658017,-0.735568072133406,0.037,0.048,1
"ENSG00000235066",0.392169036526984,-1.21675444621414,0.021,0.033,1
"KCTD6",0.392220666364304,0.503640795261823,0.055,0.036,1
"B3GALNT2",0.392254748538599,0.830557048111265,0.041,0.026,1
"MED27",0.392276365182173,0.251124428068348,0.213,0.166,1
"GORAB",0.392408422067166,0.641732641118014,0.068,0.046,1
"AKAP7",0.39245833681581,-0.292197419219644,0.029,0.041,1
"MNAT1",0.392656100725849,-0.324633102785967,0.141,0.168,1
"ENSG00000269570",0.392809579698857,1.5558308556424,0.01,0.003,1
"POLR3B",0.392910954209352,0.445771989618184,0.047,0.028,1
"NR2C2",0.392933593103508,0.131291987246986,0.168,0.14,1
"STRIP1",0.393272056534311,-0.131284040737577,0.156,0.161,1
"FBXL6",0.393458003516841,-0.459664443206447,0.084,0.105,1
"NFRKB",0.393566421061722,0.525649957094636,0.098,0.069,1
"TIPARP",0.393814160496085,0.217403566735203,0.344,0.301,1
"IREB2",0.393826542870036,0.329865741968733,0.186,0.153,1
"ACAD8",0.393888066886808,-0.2356994129789,0.062,0.066,1
"PDHA1",0.394072513268998,-0.212475494532408,0.178,0.168,1
"TRIP12",0.394250271465976,0.140889694526581,0.307,0.258,1
"CUBN",0.394403937454649,0.413923769403447,0.025,0.023,1
"NR1H3",0.394421104355534,1.51793692277508,0.01,0.003,1
"KLHL5",0.394516927799378,0.213917585015753,0.146,0.112,1
"ENSG00000281383",0.394569276403669,0.602673770736957,0.043,0.031,1
"KLF5",0.394609950543764,-1.20635701652584,0.016,0.031,1
"PCGF5",0.394710572429227,0.122136843433981,0.434,0.378,1
"PRKAG2-AS1",0.394712279827044,1.31747128887693,0.021,0.01,1
"ENSG00000289294",0.394852324252091,0.383894518874232,0.031,0.02,1
"SLC11A1",0.394929294855187,1.52116140268352,0.014,0.005,1
"SDF2",0.395108242329845,-0.146221081555565,0.256,0.276,1
"ZBTB2",0.395184588914789,0.134023554062808,0.193,0.158,1
"MYADM-AS1",0.395311279133119,-0.922864671220472,0.006,0.015,1
"ARID4A",0.395479575296824,0.263520959828375,0.258,0.214,1
"EPRS1",0.395514399557052,0.268161086868519,0.229,0.181,1
"CCDC40",0.395711518752888,1.53654132059458,0.01,0.003,1
"ENSG00000268362",0.395717953113024,0.962326165844159,0.018,0.008,1
"LEMD3",0.395785642078944,0.166060637623863,0.234,0.194,1
"PELI3",0.396126698450083,1.87596612517508,0.01,0.003,1
"RPRD2",0.396306164806416,0.331474430854039,0.219,0.173,1
"PAQR8",0.396330349209388,1.79495306576525,0.01,0.003,1
"DNAJC13",0.396419703662614,-0.422686648751759,0.062,0.077,1
"OSM",0.396532649000888,-0.392732049814606,0.043,0.051,1
"SSH3",0.396558577329174,-1.07964251561758,0.014,0.023,1
"SLC7A1",0.396651310259625,0.261557036201181,0.178,0.14,1
"TTC23L",0.396812885208253,1.54742590323727,0.01,0.003,1
"FTO",0.396952199943229,-0.224516311079015,0.09,0.107,1
"PDSS2",0.397046537484547,0.40795737514634,0.033,0.033,1
"MIOS",0.39721675645134,-0.292704681550597,0.078,0.102,1
"ENSG00000290047",0.397500018399822,-0.956471097094965,0.018,0.031,1
"C7orf31",0.397532567260539,0.960751286899785,0.029,0.015,1
"ATAT1",0.397541159746402,0.56206811677287,0.041,0.026,1
"TPMT",0.397611986049052,-0.370098908000488,0.055,0.071,1
"ENSG00000291015",0.397706133690981,1.03019388645457,0.023,0.013,1
"EXOC2",0.397918953409757,0.139355981488841,0.172,0.133,1
"TRBJ1-5",0.398032684438237,2.13532020048497,0.01,0.003,1
"TBC1D2",0.398036480681438,1.31708555558203,0.01,0.003,1
"ENSG00000289614",0.398203128773458,-0.351277818384404,0.084,0.102,1
"DNTTIP2",0.398317823636558,-0.147208081543972,0.463,0.462,1
"NAGS",0.398405611284175,1.55916452099498,0.01,0.003,1
"LIPC",0.398427909205295,0.40691328157884,0.025,0.013,1
"ENSG00000254400",0.398727376113333,1.15847879000986,0.01,0.003,1
"SCAMP1",0.398728034758201,0.258933913721533,0.154,0.122,1
"ACVR1B",0.398796304926081,-0.614731467239094,0.02,0.031,1
"SLC25A28",0.398857066341032,0.191806064990336,0.094,0.077,1
"PCGF6",0.398865643298159,-0.467390910796745,0.07,0.071,1
"ENSG00000261573",0.398889731297608,-0.349806968209213,0.207,0.204,1
"ENSG00000271380",0.398909789251827,-0.572482058564176,0.02,0.02,1
"TMEM177",0.398923600276887,1.19996265974946,0.014,0.005,1
"SDHAF4",0.39902068583665,1.30559544778882,0.01,0.003,1
"PORCN",0.399179130511644,-0.409369800492715,0.039,0.054,1
"DYNC1LI1",0.399286739541342,0.300489627537541,0.219,0.176,1
"ZEB2-AS1",0.399439585115528,-1.01880949841626,0.031,0.051,1
"RNPEP",0.399445831475297,0.481088808187737,0.072,0.048,1
"SKIC2",0.399450991299573,0.532058160878355,0.082,0.066,1
"SH2B2",0.399460196778072,0.824929267294518,0.021,0.01,1
"ENSG00000183562",0.399552430252844,-0.501090946724728,0.033,0.051,1
"CDC23",0.399791920595019,-0.424414774012165,0.051,0.064,1
"LEPROT",0.399803347232072,0.51152584796193,0.051,0.033,1
"ENSG00000285190",0.399840857291733,-1.119435829628,0.012,0.02,1
"PLCH2",0.399846274553075,1.31514346708153,0.018,0.008,1
"ENSG00000291105",0.399858556200372,-0.765038692045257,0.014,0.026,1
"PPIE",0.399899245109444,-0.220735512874663,0.1,0.102,1
"MISP3",0.399917084343281,-1.30623424837321,0.018,0.031,1
"EXD3",0.400007406121138,0.266327119012787,0.037,0.023,1
"THUMPD2",0.400115443798762,0.487531936330224,0.062,0.041,1
"ENSG00000267058",0.400692172392377,1.92467511105079,0.01,0.003,1
"GGA2",0.400968072242479,-0.223375066257508,0.312,0.337,1
"KPTN",0.401036843211507,1.03460901852474,0.01,0.003,1
"GPBP1L1",0.401104457208591,-0.210151275333103,0.23,0.253,1
"TRIM47",0.401217184373218,0.783455932907676,0.018,0.008,1
"GMPPB",0.401218733901844,-0.388018432665518,0.084,0.105,1
"ENSG00000176593",0.401350044479826,1.08013361463228,0.025,0.013,1
"ING4",0.40141418506366,0.343806281872948,0.092,0.069,1
"TM9SF4",0.401443344046231,0.494730995730418,0.111,0.079,1
"ZNF841",0.401460387813072,0.779198405794508,0.045,0.028,1
"LINC00526",0.401504757877558,1.23873950351219,0.016,0.008,1
"THBS3",0.401511300951459,1.42894099598057,0.014,0.005,1
"H3C4",0.401601428247267,-0.147752042399324,0.092,0.092,1
"ZNF317",0.401619008212999,0.418609048955805,0.092,0.071,1
"KMT5C",0.401702632196553,-0.129573315088511,0.109,0.112,1
"DISC1",0.401878845609576,-1.39609215828824,0.012,0.023,1
"PTTG1IP",0.401982082818755,0.255409239190876,0.199,0.168,1
"LIN54",0.402071633051683,0.284262126072756,0.109,0.079,1
"ZNF107",0.402192773582836,0.160942957557365,0.105,0.087,1
"TMCO1",0.402192794362793,0.167006894209738,0.301,0.253,1
"ALKBH7",0.402319701961191,-0.137244030627807,0.254,0.281,1
"ZNF333",0.402429754449463,-0.24342690470996,0.027,0.023,1
"PUS3",0.402673534360274,0.188905275542004,0.055,0.036,1
"MRPS31P5",0.40271499503343,0.316675416769563,0.035,0.02,1
"ST6GALNAC4",0.403165343114151,0.194047932684613,0.076,0.056,1
"HMGN3",0.403337140725599,0.356930787314217,0.238,0.194,1
"TFAP2E-AS1",0.403337312367256,-0.510280329901344,0.031,0.048,1
"DOCK5",0.403382599207534,0.597708037495178,0.061,0.043,1
"TMEM117",0.403392124914764,-0.198740905470255,0.047,0.054,1
"ARG2",0.403398198424661,-0.781757574967709,0.057,0.061,1
"DDX52",0.403613832372812,0.188407876831297,0.172,0.135,1
"MAP4K4",0.403863885758425,0.146214117489923,0.309,0.253,1
"ZNF283",0.404001555349256,0.802202248931581,0.018,0.008,1
"ENSG00000278834",0.404010130550624,1.52399603756474,0.01,0.003,1
"PLCG1",0.404320045584589,0.309952582144093,0.129,0.097,1
"OTUD6B",0.404461667709008,0.519473593986106,0.062,0.041,1
"LINC02694",0.404527308990278,0.565326731237346,0.021,0.01,1
"SRPK1",0.404633459218754,0.326145846386131,0.234,0.186,1
"GNA12",0.404673355518411,-0.384274474231683,0.064,0.079,1
"PDZD11",0.404806108463021,-0.403510829927958,0.055,0.071,1
"TIMM23B",0.40484342225294,0.428468761376621,0.133,0.099,1
"HPS6",0.404896259024451,-0.411059938086379,0.1,0.107,1
"RPS6KA5",0.405019086623374,-0.49117846933989,0.113,0.135,1
"NUP93",0.405116608828414,-0.518410452301956,0.066,0.087,1
"EGLN1",0.405138382641202,-0.120982998058125,0.143,0.14,1
"NIPSNAP3A",0.405316079283713,1.04239723639921,0.047,0.028,1
"UNC93B1",0.405390352701109,-0.903822570656764,0.012,0.023,1
"GALT",0.405400580625053,-0.163739468740385,0.086,0.082,1
"ENSG00000203644",0.405403475991408,1.08242932658815,0.01,0.003,1
"TXNL4B",0.405562734208716,0.330385702117432,0.09,0.069,1
"CLPB",0.405579763126745,-1.17889819311435,0.014,0.023,1
"ENSG00000271204",0.405614628460977,0.446795108238649,0.043,0.028,1
"ENSG00000273199",0.405636489432037,1.2360375951963,0.01,0.003,1
"ZSCAN18",0.405646359550443,0.849610611041835,0.025,0.013,1
"ZNF736",0.405650455262581,0.50206001491344,0.068,0.046,1
"ENSG00000289963",0.405674904462092,-2.85800172469869,0.004,0.013,1
"PARP16",0.405693908028128,-0.270959163159375,0.051,0.036,1
"GOLPH3",0.405712306164562,-0.108622155149139,0.336,0.355,1
"MAST2",0.405720136823162,0.149907300125512,0.068,0.056,1
"CRTAM",0.40582537773194,0.29142390263954,0.115,0.112,1
"TNFSF10",0.405932852201498,-0.459048816127802,0.098,0.11,1
"TMEM205",0.406072046059674,-0.442519751124991,0.043,0.061,1
"MIER3",0.406199296494799,0.36915746932047,0.072,0.048,1
"TMEM63C",0.406351903851103,1.34443737196211,0.01,0.003,1
"ENSG00000289558",0.406440152785776,1.41850728128362,0.01,0.003,1
"UBXN6",0.406664336554177,0.253184765493411,0.074,0.056,1
"ENSG00000259952",0.406738818845762,2.20618499237484,0.014,0.005,1
"NDUFB3",0.406826842194708,-0.235838455353646,0.176,0.171,1
"CYTH2",0.40684330624905,0.337407062704919,0.178,0.138,1
"VPS11-DT",0.406928303498769,1.1370812250519,0.016,0.008,1
"PDIA5",0.40707295403868,1.50906573663205,0.01,0.003,1
"RGPD6",0.40712022746677,1.35541497872371,0.01,0.003,1
"ENSG00000261669",0.407176837608093,1.88146018971234,0.01,0.003,1
"DLEU1",0.407271921880029,0.125649269826126,0.109,0.087,1
"PPP1R18",0.407450442130092,-0.222643830422244,0.398,0.406,1
"ENSG00000291179",0.407628032290924,1.14011278091708,0.01,0.003,1
"TMEM187",0.407668441577323,1.37443879847467,0.014,0.005,1
"ECHS1",0.407763173188546,-0.392002122173005,0.068,0.087,1
"NT5M",0.407777556393286,1.18445580328663,0.018,0.008,1
"LEF1",0.407882222427423,-0.995305494265122,0.029,0.041,1
"SREBF1",0.407922955105766,0.407457857657455,0.123,0.094,1
"GARS1",0.407930418144644,0.337740557653194,0.359,0.306,1
"ENSG00000290100",0.408143401861817,0.602073930498718,0.025,0.013,1
"ITPR3",0.408264477520645,-0.224213385898431,0.131,0.145,1
"ISG20L2",0.408293346109658,0.218437726695561,0.246,0.232,1
"BRAT1",0.408335199279957,0.450424896815663,0.107,0.077,1
"ENSG00000277969",0.408374108111329,-0.466756017962199,0.037,0.051,1
"CDC42SE2",0.408606179354959,-0.142129976237199,0.773,0.75,1
"KHDRBS3",0.408729878888441,2.20766017533386,0.018,0.008,1
"TRUB1",0.408825275882363,-0.422658972171082,0.029,0.033,1
"BCAT2",0.409008353754893,-0.857877578881965,0.016,0.026,1
"CLINT1",0.409104193699138,-0.108627707949506,0.301,0.324,1
"EPHB6",0.409108319751308,-1.20830018332019,0.01,0.02,1
"IFI27L1",0.409108650778122,-1.10110350268631,0.025,0.038,1
"CSTF3",0.409144391135858,-0.221264657284944,0.039,0.028,1
"GLT8D1",0.409158650868559,-0.124371569977803,0.068,0.066,1
"DDX39B",0.409358007130348,0.188068160958836,0.377,0.334,1
"IFT43",0.4093803800528,0.285826196352931,0.08,0.056,1
"EXOSC4",0.409446248811662,0.365976883700702,0.125,0.092,1
"MAK",0.409595880816258,0.627534683342617,0.025,0.013,1
"NBPF9",0.409662242028642,1.08451450780301,0.014,0.005,1
"EFCAB10",0.409851030775311,1.42831156368611,0.01,0.003,1
"KIFBP",0.410113513908347,0.144528463991695,0.051,0.036,1
"NUP107-DT",0.410127795955698,1.20806074151548,0.01,0.003,1
"ENSG00000288853",0.410141342190679,1.63714980559946,0.01,0.003,1
"POT1-AS1",0.410152755169611,1.34665329804607,0.01,0.003,1
"NDUFV1",0.410265894293742,-0.246685381555663,0.301,0.329,1
"CCDC92",0.410331821076482,0.167101239951502,0.152,0.117,1
"CDYL2",0.410338496673695,0.187098239433103,0.037,0.028,1
"IFT20",0.410516750739119,0.501097928938947,0.162,0.122,1
"PLAUR",0.410574530281985,-0.518796842904802,0.031,0.046,1
"AKAP17A",0.410600018857028,0.141265337166709,0.365,0.309,1
"RHOU",0.411043689567014,1.03606189712663,0.014,0.005,1
"ZNF100",0.41108726406081,-0.600793525629562,0.074,0.094,1
"GLUD1",0.411170643255949,0.192325653830822,0.385,0.342,1
"SMARCC1",0.411262458193322,0.165264879460613,0.268,0.227,1
"POLR2I",0.411418101667531,0.141117996527322,0.314,0.26,1
"TRIP10",0.411451468366317,0.350001743923626,0.049,0.033,1
"MRM3",0.411530714837403,-0.274175757972825,0.062,0.077,1
"POC1B",0.41158668335033,0.398148712648236,0.105,0.077,1
"AIP",0.411635034537012,-0.279047717915418,0.297,0.321,1
"EFNA5",0.411760466245454,0.901929561313578,0.016,0.008,1
"SLC25A4",0.411832868281055,0.253801097933425,0.172,0.135,1
"ADPGK-AS1",0.411851695805071,-1.70077926563585,0.006,0.015,1
"MYO19",0.411872343549796,-0.882804711159646,0.041,0.059,1
"E2F5",0.411872480798693,-0.759441157382249,0.018,0.031,1
"EFL1",0.412136793941277,-0.262671285057982,0.105,0.11,1
"DAPK3",0.412320249878909,-0.119893523687747,0.105,0.107,1
"TMLHE",0.412342261937349,-0.21194741160818,0.041,0.054,1
"FAM89A",0.412660684653514,0.809482389435503,0.037,0.023,1
"PEX19",0.412837485334029,0.401514111247795,0.078,0.066,1
"ENSG00000290082",0.412911581912831,-0.121481277393443,0.025,0.02,1
"NAA35",0.412919891157999,0.362266884463228,0.154,0.128,1
"MAP3K5",0.413125910125057,0.407041025878504,0.133,0.11,1
"HAUS3",0.413146195231296,-0.158555443576272,0.221,0.227,1
"CDC6",0.413152658425655,1.95293412069323,0.014,0.005,1
"RNF157",0.413196733159125,-0.79374956280115,0.012,0.013,1
"ARHGAP10",0.413268481025129,-0.579451383989499,0.07,0.092,1
"BLOC1S3",0.413477916274773,0.836811882042404,0.025,0.013,1
"COG6",0.413906314686153,0.36614299434095,0.088,0.061,1
"TSHZ3",0.413965483586403,-1.34231397978722,0.021,0.028,1
"GXYLT1",0.414406407758271,-0.286648079817349,0.119,0.145,1
"CD274",0.414616359304215,0.8168045817185,0.027,0.015,1
"MRPS30",0.41462538933113,0.135137576283139,0.209,0.171,1
"ENSG00000289603",0.414673283165037,0.448071125405482,0.113,0.097,1
"RP2",0.414874296536673,-0.313718984472129,0.094,0.094,1
"LSM11",0.414991333417944,0.862365747969956,0.018,0.008,1
"CDKN2D",0.415002359513506,-0.341476127494531,0.285,0.296,1
"HOTAIRM1",0.415552944883563,-0.686825461436309,0.031,0.048,1
"PSMB5",0.415721075919843,-0.26974541797203,0.113,0.135,1
"JAK3",0.415724767165502,-0.203986868198093,0.152,0.168,1
"FGFRL1",0.415766741419593,-0.477773254749129,0.029,0.043,1
"ULK4",0.416154368002318,0.117081974458744,0.146,0.117,1
"CEP44",0.416171198706899,-0.606566411191172,0.031,0.046,1
"TPRG1",0.416232600891553,0.736605328673454,0.014,0.013,1
"ZNF567-DT",0.416315607786171,1.07390230934693,0.031,0.018,1
"ENSG00000273565",0.416341944216926,0.712491304958113,0.021,0.01,1
"SCFD2",0.416364559971657,-0.835879893792372,0.039,0.054,1
"RECQL",0.416774514266239,-0.331527278591208,0.15,0.166,1
"S100PBP",0.416815990020141,-0.347032979989079,0.098,0.102,1
"ACACB",0.41689370210337,-1.53443642852085,0.004,0.01,1
"CHCHD5",0.41693224416434,-0.345801276712879,0.139,0.158,1
"FOSL1",0.417426845777308,-1.01070091221089,0.018,0.031,1
"PPT2",0.41755000897898,0.727932531110421,0.057,0.036,1
"STK19",0.417681371397199,-0.101209709921676,0.082,0.079,1
"PDE4DIP",0.417701596285477,0.267217659771653,0.121,0.092,1
"NUP58",0.417727294850927,0.28125759000958,0.273,0.227,1
"MKNK1",0.417733776268971,0.209859824701826,0.105,0.084,1
"GBE1",0.417749459777536,-0.459191426580005,0.074,0.094,1
"EOLA2-DT",0.417804426543241,1.33449132012781,0.014,0.005,1
"DNAJC21",0.417879310205587,0.145057813965794,0.205,0.196,1
"PRIM1",0.417882337868438,1.50864180455314,0.018,0.008,1
"ACAD11",0.417933132476189,-0.399435324349201,0.023,0.023,1
"TIMP1",0.417984587249548,-0.171844685361417,0.066,0.082,1
"RETREG1",0.417998258481667,0.581496351230217,0.043,0.026,1
"VAMP4",0.418036771773769,-0.30002305648664,0.102,0.122,1
"DIP2A",0.418088675672906,0.20699749032009,0.354,0.298,1
"VPS52",0.418093542404086,0.201355401246975,0.062,0.041,1
"KIFC2",0.418259493070029,-0.606313083076015,0.023,0.036,1
"XPO5",0.418291678248746,-0.334432733222936,0.066,0.071,1
"GRSF1",0.418427537944637,-0.106226027538907,0.229,0.217,1
"DPEP2",0.418470162188779,0.531941098125775,0.035,0.023,1
"ARF4-AS1",0.418480934636969,0.863566302789565,0.021,0.013,1
"CIAPIN1",0.418503974515031,-0.277994988044785,0.105,0.122,1
"GARS1-DT",0.418555443229355,-0.245004706897633,0.045,0.051,1
"RALY-AS1",0.418684618759116,2.02022959375717,0.012,0.005,1
"BCCIP",0.41873801569162,0.276284453859035,0.307,0.253,1
"SNAI1",0.419002903505965,0.44540506341711,0.02,0.015,1
"PSMC1",0.419121973705184,0.367015359168346,0.266,0.212,1
"MCM4",0.419128600755053,-0.38068030470051,0.029,0.043,1
"SLC29A1",0.419167228844719,-0.510468415794416,0.006,0.013,1
"MRPL53",0.41924547660982,-0.1871135936014,0.059,0.051,1
"WASHC2C",0.419253437108556,0.32422833879468,0.107,0.082,1
"STX17",0.419418920594106,0.694703489749839,0.084,0.059,1
"MLXIP",0.419491524739628,0.25771538134909,0.131,0.105,1
"TMBIM4",0.419519278130674,-0.13109353262114,0.174,0.173,1
"TIMM13",0.419560777393531,0.207017272647884,0.258,0.222,1
"LMAN1",0.419839438872893,0.136138934708047,0.227,0.191,1
"MOB3A",0.419866832558903,0.245700047638652,0.242,0.199,1
"ENSG00000289499",0.419908613001412,-0.723753148547856,0.012,0.008,1
"EMC7",0.419935143755861,0.19663708057121,0.445,0.378,1
"INTS7",0.420017959315405,0.585427794233457,0.086,0.059,1
"DTX3L",0.420034551207982,-0.193882512847355,0.123,0.133,1
"FGFR1",0.420059692026035,0.330228145956627,0.088,0.066,1
"NEK9",0.420109432033891,0.470881994209598,0.08,0.056,1
"MAPKAPK5",0.420218575727985,0.310240094660109,0.131,0.097,1
"HLA-DQA1",0.420285739687142,-1.07864072647608,0.023,0.031,1
"SNRK",0.420375307275697,0.153703448176915,0.416,0.365,1
"WWP2",0.420438239261143,-0.448156663069754,0.125,0.135,1
"CLHC1",0.420622852998991,2.15227637888545,0.014,0.005,1
"RUNX2",0.420680197887997,0.339653233964516,0.172,0.128,1
"TRAF3IP3",0.420714100367483,-0.498837882260732,0.184,0.214,1
"MYL5",0.420766893721337,-0.873680094163245,0.014,0.023,1
"TJAP1",0.420782822400316,0.446127268294361,0.1,0.071,1
"CREBBP",0.420843398771743,0.247265590768871,0.297,0.242,1
"GAS7",0.420946746808908,0.273759722389904,0.145,0.11,1
"C19orf47",0.421169171095161,0.799378571135152,0.029,0.015,1
"CYP51A1",0.421250664639332,-0.17367914998866,0.176,0.166,1
"ENSG00000258603",0.421266840864044,1.39271743786816,0.012,0.005,1
"WDR19",0.421276371973542,-0.577566551485388,0.045,0.056,1
"RRP8",0.421407880189038,0.404319798840035,0.17,0.133,1
"UTRN",0.421598471599817,-0.197768418118483,0.398,0.423,1
"THAP3",0.42169239500352,0.481163421007769,0.066,0.051,1
"KDM1B",0.421874167071422,-0.136550039792167,0.025,0.023,1
"TRGV7",0.421955849898216,0.210116955837398,0.143,0.11,1
"PFDN4",0.422077492104925,-0.123957678355793,0.213,0.235,1
"DNASE1",0.422287074986025,-0.872478710816191,0.02,0.031,1
"CHCHD3",0.422358892041783,-0.287325154841963,0.244,0.247,1
"GEMIN5",0.422644662917384,-0.480264019042105,0.031,0.031,1
"PAPSS1",0.422668234884499,0.61067730118299,0.057,0.038,1
"BTN3A3",0.42275832455682,-0.341640966214621,0.123,0.138,1
"RFC1",0.422790743662545,0.342493997006409,0.262,0.214,1
"METTL14",0.422812792271095,-0.381303183412992,0.107,0.128,1
"AP4B1",0.42286050969113,-0.801019339626706,0.061,0.079,1
"H2AJ",0.422950137802157,-0.249319427195463,0.217,0.247,1
"NXPE3",0.423254421098211,-0.407071498304979,0.053,0.064,1
"DICER1",0.423533467249116,0.395248862841742,0.176,0.135,1
"SLC3A1",0.423843526462877,0.854722908664876,0.02,0.01,1
"TMEM79",0.423846575266928,2.00438096740832,0.014,0.005,1
"SIN3B",0.42393015660402,-0.285017368803174,0.074,0.097,1
"COQ8A",0.423933862861369,-0.433165931035852,0.059,0.074,1
"WDR89",0.42404288898224,0.190927906366671,0.082,0.069,1
"TUBGCP4",0.424135103765948,0.520101209833606,0.033,0.02,1
"DHX34",0.424156156024471,1.33290615429123,0.025,0.013,1
"QKI",0.424193405291583,0.162592797717384,0.391,0.355,1
"FAM219B",0.424280496558976,-0.534121612795826,0.062,0.079,1
"TMEM237",0.424413817803169,0.955257283979044,0.018,0.01,1
"CEP63",0.424681122215049,0.782753679338607,0.041,0.026,1
"TRMT10C",0.424850930478961,0.346786423799327,0.352,0.288,1
"ABCA10",0.424907408184726,0.370712811700608,0.012,0.005,1
"PIK3C3",0.425102103950782,-0.267350304993003,0.164,0.171,1
"MLKL",0.425132135234976,-0.664484833123792,0.045,0.054,1
"TRDV2",0.425542530392431,-0.205222739080529,0.268,0.276,1
"TRGC1",0.425549048534978,0.291178262318611,0.053,0.038,1
"ITGAX",0.425562030801447,-0.499987803661121,0.029,0.046,1
"EXOC8",0.425696800971306,0.261418586488624,0.102,0.077,1
"ENSG00000289469",0.425735558949237,0.438256008626585,0.023,0.013,1
"NFIL3",0.425801894861917,0.126105853557977,0.168,0.143,1
"ETNK2",0.425839450854942,0.941035991139651,0.021,0.01,1
"AIF1",0.425896755127433,-0.508410709977165,0.014,0.015,1
"IFFO1",0.426053307870515,-0.472389584677861,0.051,0.061,1
"GLT8D2",0.426130477048285,1.15692669289399,0.025,0.013,1
"RANBP9",0.426156462828682,0.175018012817183,0.404,0.339,1
"NIF3L1",0.426207525794817,0.52959917914602,0.039,0.023,1
"WIPI1",0.42637483979298,0.779968021685033,0.027,0.015,1
"AMDHD2",0.426412672135848,-0.129752822526265,0.055,0.051,1
"CDK1",0.426536995415921,-0.912121872278415,0.014,0.018,1
"ZNF250",0.426609193642651,-0.596782529152937,0.039,0.056,1
"NLRP2",0.426714635917543,0.667609325512228,0.018,0.008,1
"SLF1",0.426914244902823,0.223613457999013,0.105,0.084,1
"ENSG00000219410",0.427014222320365,0.431574600745905,0.041,0.026,1
"FOXO3B",0.427437494207133,1.04974766908713,0.025,0.013,1
"TSPAN4",0.427506792483712,1.08593299411544,0.014,0.005,1
"CD8B",0.427553035497978,-0.329301811620079,0.133,0.171,1
"LSG1",0.427575536611373,0.369015065731836,0.141,0.105,1
"OSER1",0.427647385338598,-0.199151182574228,0.354,0.378,1
"INSIG1",0.427879977170522,-0.181893351089604,0.271,0.278,1
"ENSG00000290921",0.427977587476753,0.364368323934886,0.072,0.048,1
"KPNA5",0.428103338947541,0.283446260092374,0.16,0.135,1
"ENSG00000258908",0.428180567894307,1.3203315454673,0.014,0.005,1
"LZTR1",0.428399421971609,-0.499582567677964,0.049,0.056,1
"FBXO3",0.428562983241064,-0.157037917827597,0.193,0.194,1
"CHST14",0.42864461550586,-0.260754972400352,0.023,0.02,1
"MTERF2",0.428841176104824,-0.312507095319956,0.039,0.038,1
"LRPPRC",0.429339219089413,0.309957563450949,0.184,0.143,1
"DOCK8",0.429360697274058,-0.167298813006111,0.268,0.293,1
"ITGA6",0.429410300395933,-0.59400877436817,0.031,0.046,1
"CNPY3",0.429487071276749,-0.146839591619165,0.258,0.27,1
"NSRP1",0.429500512106328,0.340582210430557,0.164,0.133,1
"ADIPOR2",0.429534263407314,0.29378842190882,0.186,0.148,1
"LTBP4",0.42964655132216,-0.434072157769717,0.066,0.089,1
"TRBV3-1",0.429667243048066,-1.59489031455897,0.016,0.026,1
"FBXW7",0.429810410416784,-0.274568723939131,0.324,0.355,1
"ZBED1",0.429921233881426,-0.113452451782933,0.068,0.059,1
"SLC35E2B",0.429933050282514,0.283284600025653,0.07,0.056,1
"IRF2",0.430081975779143,-0.215313954785329,0.17,0.163,1
"UCHL3",0.430225159457138,0.288857213650371,0.15,0.112,1
"CCT2",0.430604612346736,0.271881602600493,0.43,0.365,1
"NUDCD3",0.430733651548342,-0.557407877934155,0.053,0.059,1
"IMMP1L",0.431141113589512,0.43051883161745,0.084,0.059,1
"ENSG00000291175",0.431396594463124,-0.803737641528428,0.027,0.041,1
"CD160",0.431405287597124,-0.184649403108727,0.062,0.082,1
"TAGLN2",0.431438207494738,0.169087577822916,0.941,0.929,1
"IFI30",0.431454704967534,-0.879799821453806,0.021,0.033,1
"MRPS24",0.431513805929619,0.203585602793896,0.254,0.255,1
"MT-ND5",0.431527475297202,0.138461159994169,0.912,0.878,1
"POFUT2",0.431812657011892,0.102362141763418,0.166,0.128,1
"TARP",0.432039139617418,-0.295538471973492,0.121,0.145,1
"HDGFL2",0.432140810051433,-0.617523070262306,0.053,0.069,1
"CD248",0.432212516791159,-1.84104584134781,0.004,0.013,1
"RCBTB2",0.432257672444549,-0.717515164942261,0.033,0.038,1
"TMEM245",0.432576412583224,0.123431829534923,0.143,0.112,1
"FOXK2",0.432861897487227,0.438136422187601,0.199,0.158,1
"MAN1B1-DT",0.4330396088737,-0.855510945192568,0.012,0.023,1
"MCUR1",0.433210893203947,-0.393451537398458,0.08,0.102,1
"TMED5",0.433239756179808,-0.118761495000213,0.273,0.273,1
"CAB39",0.433318626277554,-0.181867326952171,0.258,0.281,1
"LPAR5",0.433430401304029,-0.493615067532241,0.037,0.043,1
"KYAT3",0.433450589425978,0.632333573452016,0.088,0.066,1
"CRELD1",0.433479756730994,-0.581973588598812,0.035,0.051,1
"ACOT8",0.433574434032688,-0.532633111360442,0.072,0.089,1
"SERTAD2",0.433759554869462,-0.500724142876192,0.105,0.122,1
"HIC2",0.433943063304206,0.681589862378137,0.045,0.028,1
"TAF12",0.433960935987501,0.284383779260136,0.121,0.089,1
"ERGIC3",0.434074188720101,-0.117590010443299,0.352,0.367,1
"SNIP1",0.434081000221467,0.162558885592767,0.102,0.094,1
"DCLRE1A",0.434094440028757,-1.4855714498717,0.006,0.013,1
"PRUNE1",0.434151980160235,0.270063264090084,0.061,0.043,1
"TCTN2",0.434313275430923,1.93452964793366,0.014,0.005,1
"PHF8",0.434346420671492,0.112718826206879,0.08,0.087,1
"CASP1",0.434354336522287,-0.186349533518338,0.127,0.148,1
"GSR",0.43438875543344,0.632814534886549,0.074,0.051,1
"SPEN-AS1",0.434534359367688,-0.643405643009574,0.041,0.059,1
"TLE1",0.434571892520348,0.145239743652264,0.262,0.224,1
"TRIM3",0.43460642385339,-1.41134987285266,0.018,0.031,1
"PHF7",0.434686747171781,0.859189447138312,0.018,0.008,1
"HES6",0.434726011768132,0.388829728680792,0.08,0.064,1
"CEP97",0.434838316014287,0.602665407004983,0.045,0.028,1
"MAP2K5",0.435028798382015,0.29715994249397,0.076,0.069,1
"LINC00623",0.435426539072626,-0.129518933146555,0.102,0.115,1
"CYB5R1",0.435439455223399,0.198085679953546,0.049,0.041,1
"POMC",0.435453006711852,-0.530005515140541,0.057,0.077,1
"RBM15B",0.435593468235532,-0.22026292480951,0.166,0.189,1
"EDARADD",0.435706929106133,-0.281968757940588,0.014,0.023,1
"TRMT11",0.435818091524088,0.389004608624851,0.076,0.056,1
"ARHGAP9",0.436139332157466,0.178534452280507,0.678,0.62,1
"KIAA0513",0.436162569640209,0.538091642492746,0.115,0.082,1
"ZNF668",0.436201092070894,0.535614589122548,0.029,0.018,1
"ABR",0.436629195964815,-0.275876626795371,0.098,0.105,1
"ELL2",0.436807907410386,0.255994664389715,0.404,0.344,1
"ENSG00000257925",0.436850772427658,0.169196990207421,0.025,0.031,1
"CYLD",0.437013702465836,-0.119459145062382,0.512,0.513,1
"KDELR2",0.437068798548259,-0.111063165334543,0.328,0.332,1
"ZRSR2",0.437120393170548,0.151438239221578,0.162,0.135,1
"PRKACA",0.437313431076412,0.386216171635569,0.068,0.048,1
"ARL1",0.43739157078138,0.135483717941197,0.109,0.087,1
"ZNF43",0.437507431064405,0.473761942250722,0.068,0.046,1
"SLC35A4",0.437854191245707,-0.447410046552919,0.061,0.077,1
"CCDC200",0.437874441230521,-0.648811389570529,0.027,0.038,1
"CCAR1",0.438229999877642,0.239020440358335,0.244,0.204,1
"OPA1",0.438973277738143,0.253141685727681,0.203,0.163,1
"PPIL6",0.439005665728179,1.06148613668741,0.014,0.005,1
"PYHIN1",0.439152486801957,-0.261322679586635,0.369,0.385,1
"NUF2",0.439364960002363,1.21441198875111,0.014,0.005,1
"MRM2",0.439384532583278,-0.267697951928514,0.047,0.048,1
"DTX3",0.43944333814032,0.412144863024272,0.082,0.061,1
"CMTM7",0.4394650016892,-0.130856144446948,0.102,0.117,1
"NFKBIZ",0.439656695548523,-0.250858163754421,0.305,0.342,1
"ZDHHC6",0.439894893417239,-0.119174207402691,0.164,0.179,1
"SET",0.440060620390626,0.132205989874352,0.688,0.658,1
"PREP",0.440081402958871,-0.303606052832077,0.18,0.196,1
"WNT10A",0.440404317780551,-0.762966065949944,0.025,0.033,1
"SF3B4",0.440762654230899,0.14661126847319,0.479,0.411,1
"CRYZL1",0.440836677101881,-0.301047075949275,0.086,0.099,1
"FAM83D",0.440981593925111,-0.725997087981934,0.027,0.033,1
"CLASP2",0.441258934232636,0.252849509268347,0.236,0.194,1
"VAV1",0.441283947890452,-0.113380781882446,0.305,0.314,1
"KLHL22",0.441730551281488,0.322252419424072,0.035,0.02,1
"GTF2A2",0.441754130068711,0.2415803907537,0.336,0.286,1
"TMEM94",0.441847951690418,-0.616899826784399,0.027,0.041,1
"CLASRP",0.442014013840936,-0.220373390114396,0.127,0.135,1
"COMMD9",0.442068533229884,-0.320808262485853,0.098,0.105,1
"AARSD1",0.442232859077962,0.301347599300278,0.086,0.064,1
"SH3BGRL",0.442241632122596,-0.238650706889115,0.344,0.362,1
"ARHGEF40",0.442275009712774,0.556394634170528,0.014,0.005,1
"INTS9",0.442448323876789,-0.478594316564314,0.059,0.077,1
"SLC16A1",0.442500098945716,-0.379742212129337,0.129,0.138,1
"SNRNP35",0.442524276050308,-0.21326910901199,0.166,0.163,1
"NACC2",0.442624565637196,0.431579013438376,0.029,0.018,1
"PDSS1",0.442630894830929,-0.723793748314162,0.016,0.028,1
"CDC26",0.442768222954867,0.28958592659819,0.246,0.196,1
"ARMC10",0.442941456058239,0.291312136280621,0.123,0.089,1
"COPB1",0.442982631120038,0.216166675244026,0.469,0.423,1
"ERGIC2",0.443020899946058,-0.127947788941124,0.146,0.163,1
"TRIM23",0.443031559377579,0.522886291719868,0.104,0.077,1
"RPL5",0.443380404697223,0.136769870012185,0.982,0.972,1
"GLS",0.443543467176506,0.115549019299024,0.504,0.464,1
"CATSPER2P1",0.44357738616205,-1.1168103189603,0.004,0.01,1
"ATP2A2",0.443704128507921,-0.299746198376891,0.18,0.199,1
"LTC4S",0.443777018342513,-1.46162754566856,0.006,0.013,1
"ENSG00000231521",0.443839690554197,-0.651602293323057,0.014,0.023,1
"ENSG00000290835",0.44402490314557,0.533725177918491,0.045,0.031,1
"HENMT1",0.44403228703024,-0.581124459506418,0.068,0.089,1
"EFNA4",0.444057520920448,0.782217599027917,0.021,0.01,1
"ENSG00000266397",0.444096101299316,-1.18000271012899,0.006,0.01,1
"ZKSCAN4",0.444155688851275,1.25587885225645,0.014,0.005,1
"EVA1B",0.444198722299852,0.325900189134339,0.047,0.036,1
"WASL",0.444199791431829,0.131469585688602,0.092,0.071,1
"ZRANB1",0.444216142890298,0.270991315555275,0.109,0.084,1
"MIS18BP1",0.444239922323093,0.26330783501249,0.27,0.219,1
"PLEKHM1",0.444442234434333,0.279903609617007,0.184,0.143,1
"ALG10",0.444527378673539,1.11543811369588,0.018,0.008,1
"CLYBL",0.444551688167174,1.57762169504415,0.018,0.008,1
"HAUS5",0.444851160633262,-0.419744215032728,0.029,0.031,1
"SETDB1",0.444909386605453,-0.436740946950411,0.068,0.087,1
"LINC01876",0.445163219352186,1.5792949766316,0.014,0.005,1
"KRBOX4",0.445405958863326,0.328777197676139,0.076,0.056,1
"PMVK",0.44545625585327,0.386667978669619,0.09,0.066,1
"P4HA1",0.445460796122184,-0.19276009014038,0.143,0.14,1
"FAAP100",0.445567342505017,-0.428616461250996,0.037,0.051,1
"ENDOG",0.445603498545096,-0.123373246118012,0.105,0.094,1
"CAMSAP1",0.44563031992581,0.399713365294423,0.047,0.033,1
"ZNF823",0.445833854464183,1.15473520917934,0.023,0.013,1
"JARID2-AS1",0.446014438915466,1.13935978606669,0.018,0.008,1
"TBC1D7",0.446047084210148,0.2549322938724,0.061,0.046,1
"TTF1",0.446090070769892,0.284832773959447,0.104,0.074,1
"HSPBAP1",0.446129558500346,-0.604509744081942,0.045,0.061,1
"CLIC4",0.446141852560918,-0.719851054803811,0.012,0.018,1
"CRIM1",0.446227555417892,-0.515085504496897,0.076,0.092,1
"AGAP3",0.446323668222286,0.472537701982196,0.045,0.028,1
"PVRIG",0.446343788124628,0.227300512152894,0.389,0.319,1
"SOX12",0.446522183415134,0.90470600908581,0.014,0.005,1
"IFIT5",0.446694461601119,-0.333382985767401,0.082,0.094,1
"ZNF440",0.446776192154404,1.77085854297263,0.02,0.01,1
"SAAL1",0.446816206641803,0.205869902930429,0.076,0.061,1
"CCDC115",0.446816267720343,-0.310439913187049,0.141,0.156,1
"NAT10",0.447003942635337,0.486547969799501,0.07,0.051,1
"ENSG00000259201",0.447045779747938,1.03794363209101,0.023,0.013,1
"CCDC159",0.447305165580477,0.266592638934369,0.041,0.026,1
"MLLT6",0.447432166374231,-0.146696306706864,0.182,0.194,1
"ENSG00000288904",0.447624617593349,1.04881429456149,0.014,0.005,1
"HTATSF1",0.4477863992266,0.138788550982202,0.193,0.161,1
"ZSWIM5",0.447837683351835,0.645129970510387,0.014,0.005,1
"ZNF582",0.447988794104112,0.640075316903563,0.018,0.008,1
"ABHD15",0.448148552669898,-0.284414051659632,0.035,0.048,1
"BORA",0.448258705712653,-0.672952063133939,0.02,0.023,1
"IDUA",0.44842056587444,0.581231053796152,0.049,0.048,1
"SLC35D1",0.448555371818522,0.321943538121484,0.189,0.151,1
"PHC3",0.448607952209337,0.122718373305626,0.305,0.263,1
"CCNG2",0.448655935093682,0.361719611106774,0.107,0.079,1
"CHST12",0.448771937592567,-0.110916585341551,0.371,0.372,1
"KLHDC7B",0.448799990771512,-0.555667521964161,0.021,0.033,1
"SMYD3",0.448841523111955,-0.221527043602638,0.174,0.158,1
"GOLGA3",0.448950463882384,-0.266175640463818,0.096,0.087,1
"TTPAL",0.449016452596373,-0.208831332503693,0.072,0.071,1
"HTRA4",0.44903579517015,0.945053015507211,0.021,0.01,1
"HPCAL1",0.449088989334618,0.489434525238617,0.178,0.143,1
"FNDC3A",0.449168501402041,-0.299576501784471,0.193,0.202,1
"RASA4",0.449197120713814,-0.547367620236114,0.021,0.033,1
"MAST4",0.449337598848367,-0.246478118517891,0.043,0.036,1
"TEX14",0.449489419871444,-0.224999353043146,0.035,0.043,1
"DCLRE1B",0.449490678308793,0.680079342652842,0.027,0.015,1
"LRRC8C-DT",0.449593376876431,-0.925352252304393,0.018,0.031,1
"SEH1L",0.449706525701,-0.123776921940139,0.045,0.059,1
"GPN1",0.449779082048924,0.173831066924794,0.17,0.143,1
"MBNL1-AS1",0.449877068618132,0.165456382510631,0.049,0.031,1
"MZT2A",0.450136282948848,-0.177195681321101,0.299,0.301,1
"BTBD8",0.450182986174675,-0.168508569612378,0.012,0.005,1
"DGKD",0.450252750076713,-0.323858364724646,0.18,0.202,1
"NCAPH2",0.450254449508582,0.531976083645561,0.102,0.074,1
"CSRNP2",0.450430372297771,0.108760586820361,0.057,0.046,1
"SUCO",0.450534648979861,0.25249773199684,0.277,0.242,1
"MED25",0.450748520604901,0.203126258020075,0.197,0.153,1
"KAT2A",0.450789501930131,-0.986315492943365,0.023,0.038,1
"NCSTN",0.450855511039822,-0.136909148062276,0.105,0.092,1
"BCL2L11",0.451451450046375,-0.240906633252844,0.189,0.207,1
"HNRNPUL2",0.451611288908468,0.247774111888342,0.285,0.235,1
"ENSG00000286803",0.451660539380592,0.939960028871305,0.018,0.008,1
"RCN2",0.45180216725821,-0.193722505784487,0.166,0.189,1
"PCYOX1",0.451990965534678,0.69757918679784,0.035,0.02,1
"SCAMP1-AS1",0.452224294025952,-0.610638543796347,0.023,0.036,1
"GPBP1",0.452297047627707,0.151200464691783,0.605,0.536,1
"TUBGCP2",0.452353557835628,-0.5712260951567,0.084,0.094,1
"SMYD2",0.452657355444119,-0.215964988438158,0.1,0.084,1
"GBA2",0.452769707900407,-0.452113112779048,0.049,0.054,1
"METTL18",0.452944790991014,0.566141326248141,0.045,0.028,1
"PACSIN2",0.452949588763892,0.330318747916933,0.172,0.133,1
"POLR1A",0.453062128059798,-0.231357512144394,0.064,0.077,1
"ENSG00000288990",0.453139996824878,-0.632923699322663,0.008,0.015,1
"NEK6",0.45318198814409,-1.24990705403482,0.012,0.023,1
"OTULINL",0.453199977544308,0.197369047903504,0.287,0.258,1
"DCTN2",0.453211828628712,0.291495390753485,0.164,0.128,1
"DAPP1",0.453310282575176,-1.62963598699273,0.004,0.01,1
"NDRG1",0.453342190280911,-0.126386629873793,0.152,0.151,1
"PTCH2",0.453380221987718,-1.18263151476744,0.021,0.033,1
"SAFB2",0.453472155371067,0.271175487359202,0.352,0.298,1
"TTF2",0.453563261621202,0.869542033946615,0.045,0.028,1
"ENSG00000227240",0.453567699482477,-1.78499725029133,0.018,0.02,1
"IL5RA",0.453572615000335,-2.39736725870168,0.004,0.01,1
"APPL1",0.453641726377584,0.164375885489454,0.145,0.14,1
"MPI",0.453671083358736,-0.410716493776135,0.039,0.038,1
"ANKMY2",0.453726297060863,0.467284063323331,0.053,0.036,1
"C5orf58",0.453768808082647,0.460362907834516,0.037,0.023,1
"FHL2",0.453931478016927,-0.899810765401513,0.008,0.018,1
"TPCN2",0.454174016105485,0.964184313310247,0.018,0.008,1
"CCDC86",0.454202393428407,-0.338823733111621,0.027,0.031,1
"NSMCE4A",0.454372262402544,0.296208777961125,0.131,0.102,1
"BRCC3",0.454421914409658,-0.513812708079373,0.055,0.059,1
"SOX4",0.454510137998361,0.364392618815035,0.023,0.033,1
"ANKRD28",0.454669386414892,0.351375172460058,0.141,0.117,1
"KLRG1",0.454685901080022,-0.140099941282276,0.363,0.362,1
"ANK1",0.454687211007712,1.09575806910453,0.012,0.005,1
"SLC5A3",0.454697214608557,-0.251973235961306,0.154,0.166,1
"HSDL2",0.454897040175998,-0.476460467697813,0.021,0.033,1
"NIPSNAP2",0.455013039067146,0.158635052432849,0.107,0.084,1
"ENSG00000231104",0.455015164248603,1.14073198630982,0.018,0.008,1
"C1orf159",0.455027950337391,-0.544000163571885,0.033,0.046,1
"GDPD5",0.45531683970745,-0.707708347469302,0.031,0.041,1
"USP5",0.455410031144301,-0.506208541345272,0.035,0.043,1
"ZNF330",0.455414919400773,0.443168677914579,0.172,0.133,1
"EPHX1",0.455513725599129,-0.337129453891134,0.008,0.01,1
"MYO18A",0.455586419799562,-0.574786436920551,0.025,0.038,1
"ZBTB14",0.455811857374689,0.383018925134989,0.043,0.028,1
"C1orf198",0.456211611847568,0.363459455822034,0.018,0.01,1
"MED10",0.456357625736106,-0.111813022026684,0.428,0.439,1
"ALDH9A1",0.456422719548357,-0.108946048613538,0.17,0.186,1
"IDI2-AS1",0.456634968644374,-0.701066062708668,0.021,0.033,1
"NCAPH",0.456723539057576,-0.590710658144188,0.016,0.018,1
"FANCG",0.45672947355619,-1.37337125208165,0.016,0.026,1
"TMEM141",0.45678862969677,-0.570724622628569,0.041,0.056,1
"HPS1",0.457111656304851,-0.27803986432994,0.15,0.173,1
"ENSG00000287100",0.457273120313771,0.483784260998498,0.023,0.013,1
"NAALAD2",0.457331018811763,-1.64420668202671,0.004,0.01,1
"MRPS14",0.457347173813488,0.283630259402755,0.119,0.089,1
"DDX11",0.457350704363036,-0.683831671514799,0.018,0.028,1
"FGL2",0.457467648912002,-0.570854013128477,0.012,0.02,1
"TBCD",0.457487189746506,-0.168119356090211,0.23,0.245,1
"HDAC10",0.457879442255893,-0.204954162653749,0.086,0.082,1
"PMM2",0.457926252167487,-0.166828299601423,0.105,0.107,1
"WDR83OS",0.458254668267716,0.146690076384223,0.57,0.497,1
"ENSG00000291117",0.458327731364023,0.13697371319375,0.127,0.102,1
"TCF20",0.458358519207512,0.325585381232377,0.111,0.084,1
"RRS1",0.458885782962818,0.707336104710245,0.037,0.023,1
"PLEKHJ1",0.458911842773889,-0.219109190014993,0.203,0.224,1
"TTC21B",0.4589150049977,-0.173014081584732,0.129,0.122,1
"CIAO2A",0.459329095719598,0.118320951381379,0.203,0.176,1
"LGALS3",0.45935768680233,0.50481315849022,0.141,0.11,1
"TMEM126A",0.459395995302381,0.337234685260355,0.16,0.122,1
"TBC1D25",0.459428521796849,0.159066811017562,0.117,0.099,1
"TCF7L2",0.459597528508597,-0.488216680705444,0.053,0.069,1
"ZNF627",0.459661372201342,-0.919338180572357,0.025,0.038,1
"CENPO",0.459793445237548,0.29662620848613,0.02,0.01,1
"ATXN1L",0.459889948534844,-0.408548943421081,0.074,0.094,1
"ZNF592",0.460143862025156,-0.285955956506661,0.125,0.14,1
"MRPL4",0.460312570415747,0.197878881932245,0.217,0.179,1
"NUP155",0.460533198924712,-0.184195116749223,0.076,0.071,1
"USP37",0.460661966878971,0.387005422587275,0.133,0.102,1
"POLE",0.460670430563324,0.455912209903349,0.047,0.033,1
"CDKL1",0.460720044312786,0.966117360211904,0.02,0.01,1
"TXN2",0.460882033946356,-0.256528582877072,0.172,0.191,1
"ASCC3",0.460898112129938,0.251518616530941,0.248,0.214,1
"C8orf82",0.460957566932565,-0.731038183275918,0.016,0.028,1
"NCALD",0.460998204493936,-0.229038671131409,0.17,0.196,1
"DIPK2A",0.461006635509912,-0.345823128120862,0.127,0.125,1
"HDAC6",0.461062723176507,0.191984081187033,0.041,0.031,1
"AMZ2",0.461199165460574,-0.237211981245165,0.23,0.245,1
"RPP40",0.461249642626756,1.04607277718689,0.027,0.015,1
"MTMR3",0.461311125056698,0.228689083033285,0.176,0.138,1
"RIPK2-DT",0.461416953001103,-1.01564563722232,0.012,0.02,1
"TERF1",0.46146327856388,0.134441665291126,0.211,0.196,1
"SPIRE1",0.462353517630715,1.09761556669149,0.035,0.02,1
"RAB11B-AS1",0.462686644074675,-1.2781741886526,0.008,0.015,1
"CDT1",0.462795738263494,-1.04306547148132,0.004,0.013,1
"ZNF101",0.462897314893321,0.421694046309251,0.061,0.043,1
"ENGASE",0.463041000904493,-0.952407145374764,0.018,0.026,1
"DYNC1I2",0.463264330234794,0.321662146176633,0.117,0.092,1
"STK40",0.463625261658635,0.171713925666114,0.252,0.202,1
"H2AC21",0.46363432045976,-0.351705127181971,0.023,0.036,1
"KIF21A",0.463806099107752,0.314791093259059,0.115,0.087,1
"DUS2",0.463820596387093,-1.45670464617316,0.012,0.023,1
"ACAT2",0.463821890365493,0.277617900712108,0.086,0.077,1
"TARS2",0.463832344514381,-0.76337639757084,0.031,0.038,1
"SLC20A1",0.463895029285126,-0.222903860361898,0.232,0.273,1
"PPT1",0.464086758645381,0.49769602335308,0.105,0.077,1
"PSME4",0.464243818025093,0.184711891783113,0.355,0.306,1
"CSK",0.464377808220188,-0.199274461923368,0.35,0.36,1
"ZFP91",0.464507199540099,0.299309484802574,0.217,0.179,1
"YARS1",0.464554090083904,0.216830695126685,0.451,0.388,1
"PICK1",0.464565828870834,0.619929361328183,0.031,0.018,1
"SNTB2",0.464636160592848,-0.610962351350186,0.055,0.074,1
"MAPK9",0.464695836181659,0.19803646890851,0.129,0.099,1
"ALS2",0.464715798844945,0.586004947719645,0.035,0.02,1
"NOTCH1",0.464716052163678,-0.276414586070385,0.068,0.071,1
"SPATA5",0.464720829630009,0.22144041941963,0.057,0.038,1
"NELFE",0.46484174858467,-0.178697397359824,0.217,0.237,1
"IL16",0.465062667152586,0.297728526483678,0.314,0.265,1
"NOA1",0.465147476763325,-0.279944431504606,0.102,0.102,1
"ABI1",0.465252297216935,-0.127118844925934,0.377,0.401,1
"BTN3A2",0.465286654409591,-0.260559002750006,0.307,0.337,1
"ZNF836",0.465365466362621,-0.251340589418204,0.062,0.079,1
"NFE2L3",0.465460845994365,-0.511408473833177,0.029,0.038,1
"BTN2A3P",0.46559562654439,-1.54013221693622,0.008,0.018,1
"E2F4",0.465623641915669,0.228156093401674,0.234,0.189,1
"PPP1R3E",0.465657392262716,0.423617764991613,0.039,0.026,1
"KCNA3",0.465673237716469,0.173911606968051,0.25,0.217,1
"HDDC2",0.465749961485562,-0.488950534041217,0.086,0.105,1
"POM121C",0.465985911361383,0.193712350265684,0.297,0.245,1
"HACD2",0.466012849972053,0.199395824492338,0.072,0.054,1
"IPO5",0.466341027600439,-0.14580440709632,0.119,0.122,1
"N4BP1",0.466561369113931,0.141797120725839,0.559,0.503,1
"ZNF267",0.46659957506989,0.196150019714067,0.318,0.27,1
"VAPA",0.46662009014805,0.154982360727335,0.521,0.454,1
"DGCR6L",0.466804107224801,0.349178277820635,0.156,0.12,1
"EEA1",0.467015705527954,0.126676659890639,0.16,0.135,1
"IDS",0.467051441467057,0.177823552979563,0.707,0.666,1
"FBXO21",0.467110788935189,0.145605308226014,0.162,0.13,1
"TUBA1A",0.467143493626656,-0.146127895646056,0.545,0.569,1
"NPIPB5",0.467156113201768,-1.09470014851194,0.027,0.041,1
"TRIO",0.467364758236287,0.421407363434901,0.041,0.028,1
"CTSH",0.467366147003141,-0.502598580257375,0.031,0.038,1
"POLR2A",0.467508653208674,-0.114928911892629,0.539,0.533,1
"H2AC13",0.467535469697981,-0.82040236039929,0.027,0.041,1
"C16orf87",0.467602180267053,-0.198944522249612,0.115,0.128,1
"SNHG21",0.467618759626731,0.525074162314521,0.029,0.018,1
"ZNF581",0.467633776020362,0.254303229366796,0.164,0.145,1
"FMNL1-AS1",0.4677793276357,0.640276436207336,0.066,0.046,1
"VPS13A",0.46781211018123,-0.161108805737832,0.197,0.189,1
"DDIAS",0.467899983691527,-1.31166297904568,0.01,0.01,1
"PNPO",0.467932241549472,1.26920002801075,0.016,0.008,1
"ENO2",0.46796584444498,-0.477102137675389,0.051,0.061,1
"ROCK2",0.467997108175685,0.261978207196973,0.098,0.082,1
"RMI2",0.468104438340903,-1.58993975647367,0.016,0.028,1
"PTBP2",0.468111799062623,-0.186978900159092,0.15,0.151,1
"PAFAH1B2",0.468337611267782,0.34820052067343,0.133,0.117,1
"GLIPR1",0.468716804657636,0.165630096719709,0.455,0.421,1
"RNF141",0.468775686038045,-0.152390981670501,0.041,0.041,1
"STARD9",0.468869382909765,-0.627312407137612,0.014,0.023,1
"RPL41",0.46894070514541,-0.111797601840147,0.998,0.997,1
"CBLL1",0.46896228253509,0.206901800544783,0.252,0.209,1
"SSH2",0.46899265571249,0.283294343225891,0.508,0.454,1
"PTPN2",0.469129145400778,0.240036842080587,0.322,0.268,1
"ENSG00000273141",0.469134946966124,1.67134874086122,0.012,0.005,1
"GAB2",0.469160804734397,0.673006474435891,0.051,0.041,1
"PHF6",0.469174098079567,0.493570069046539,0.08,0.056,1
"RRAS2",0.469292388456859,0.275552002577154,0.213,0.176,1
"COMMD4",0.469389319943088,-0.321734880598862,0.047,0.051,1
"UNC119",0.46940287613195,-0.309027951777687,0.152,0.173,1
"FPGS",0.469540486732642,0.10376669056456,0.213,0.184,1
"PYGO2",0.469818515716899,0.462409332421151,0.098,0.071,1
"ZNF644",0.469880559963922,0.134805644965526,0.473,0.418,1
"ILRUN",0.470007801225125,-0.243355316952746,0.152,0.156,1
"ENSG00000288061",0.470041495615777,-0.356503505241842,0.025,0.02,1
"TATDN2",0.470063835783682,-0.270921100872379,0.104,0.099,1
"SLA2",0.470559034389888,0.16531919744217,0.467,0.449,1
"TDRD7",0.470713771256351,-0.663316449469145,0.043,0.059,1
"CACTIN",0.471045378887777,0.286378492268487,0.053,0.043,1
"GRPEL2",0.471236440869065,0.282952272542718,0.037,0.026,1
"PRMT5",0.471374453051631,-0.488416001745033,0.039,0.054,1
"RELL2",0.471438093523822,-0.78299869819881,0.031,0.038,1
"MIDN",0.471615395928096,-0.166701177594111,0.516,0.533,1
"DCTN4",0.471826588321122,-0.228044516023753,0.229,0.232,1
"ARHGAP5",0.471865940728733,0.497710806494363,0.055,0.041,1
"SHPK",0.471872236850042,-0.694693335125756,0.018,0.026,1
"ST7",0.471989433889499,0.614558014128225,0.051,0.033,1
"FAM86B3P",0.472057421155566,-0.728355934007449,0.012,0.01,1
"RERE",0.472217043951035,0.124638428709593,0.096,0.097,1
"AGAP4",0.472267404434123,0.138533971524664,0.021,0.015,1
"LIMK2",0.472279809338361,0.175420882485419,0.059,0.041,1
"UGP2",0.472459930629603,-0.305392454538451,0.16,0.173,1
"RALA",0.472838350631799,0.344828096733167,0.264,0.217,1
"ICE2",0.473044077786931,-0.30038772301467,0.135,0.151,1
"PHF2",0.473449682521407,0.143455635602357,0.084,0.066,1
"TIMM17B",0.47349591956723,-0.109802628701095,0.186,0.184,1
"ENSG00000278600",0.473518097607157,0.174284622219258,0.012,0.005,1
"INTS6",0.473943864395881,0.1332496189532,0.383,0.329,1
"LINC01098",0.4739814655256,-0.677594194856701,0.004,0.01,1
"DLD",0.474029723003451,-0.109924040853744,0.219,0.224,1
"SETD6",0.474136527653785,0.188530743338303,0.037,0.026,1
"STAT2",0.474192064653802,0.311599272729412,0.098,0.071,1
"CLTC",0.474208537343828,-0.133464996979533,0.299,0.309,1
"EXOSC2",0.474248543906819,0.218571433290224,0.051,0.038,1
"MIR3667HG",0.474261554038008,-0.312397449011055,0.045,0.061,1
"ARPP19",0.474384757843726,0.11578549866534,0.354,0.321,1
"BCOR",0.474757447539424,0.110613289722196,0.25,0.235,1
"NIP7",0.475016339672573,0.187534580538127,0.182,0.156,1
"LETM2",0.475046642642412,-0.198084240649884,0.055,0.051,1
"RAB9A",0.475173865839279,0.101505909988543,0.338,0.311,1
"CRTC3",0.475691707426144,0.324512740320623,0.197,0.158,1
"ZNF547",0.475885440070611,0.76711102627886,0.027,0.015,1
"GAMT",0.476025928851523,-0.778661309643229,0.031,0.046,1
"TARDBP",0.476190448215486,-0.250428698481562,0.205,0.224,1
"TBC1D23",0.476249195832262,0.197670745443209,0.148,0.125,1
"TNIP3",0.476256374914693,-1.24605468890806,0.008,0.018,1
"ADI1",0.476296601839334,0.344534885017433,0.146,0.115,1
"SMIM20",0.476297956032492,-0.24236244315501,0.047,0.043,1
"CCT6P3",0.476433435868589,-0.630254526802959,0.029,0.041,1
"ENSG00000237768",0.476439265347097,-1.03084845052253,0.008,0.015,1
"CTSL",0.476871348865564,1.60452815791936,0.012,0.005,1
"PUS7L",0.476871517636955,0.170307954822722,0.062,0.046,1
"C19orf25",0.47687578114691,0.168308845531922,0.15,0.135,1
"CAMSAP1-DT",0.476926689481892,-1.53481980997106,0.004,0.01,1
"PLD2",0.477139292134098,-0.26608423934723,0.018,0.026,1
"ECI2",0.477236486544736,-0.547682629412153,0.068,0.087,1
"TRRAP",0.47728702631805,-0.276422620058626,0.084,0.099,1
"GADD45A",0.477294422286121,-0.224795913643239,0.201,0.224,1
"ENSG00000290385",0.477304251829939,-1.44881707821807,0.004,0.01,1
"SLC4A10",0.47736007236207,-0.112282938820645,0.117,0.105,1
"TP53INP2",0.477436955178933,-0.243331600012201,0.133,0.156,1
"LINC02245",0.477787784418306,-0.664084189560162,0.021,0.033,1
"HSCB",0.477858339922147,0.485201051658187,0.051,0.036,1
"FAM241A",0.477938613545368,0.112527447104647,0.131,0.11,1
"UBXN1",0.477971860620091,0.102517669320418,0.709,0.643,1
"ABCD3",0.47808132078302,-0.328893093293857,0.082,0.097,1
"CPNE3",0.47817628329734,-0.172855749809855,0.119,0.133,1
"TCEAL8",0.478301819981017,0.449346137088641,0.043,0.031,1
"BTF3L4",0.478365333671007,0.155631483916516,0.221,0.179,1
"RGP1",0.478411870756124,-0.339970409323747,0.053,0.069,1
"STX18",0.478416119116349,0.453973464123354,0.135,0.105,1
"QSOX1",0.478469613978649,0.327434380381867,0.098,0.079,1
"ZNF701",0.478495916943091,0.297291162231156,0.057,0.043,1
"ENSG00000228334",0.478585848905632,-1.47566346781976,0.006,0.015,1
"SNRNP200",0.478595290369504,0.241413341262922,0.242,0.224,1
"GRAP2",0.478651834952377,-0.261756955746555,0.311,0.337,1
"NRAS",0.478929596153432,-0.212848467724282,0.193,0.202,1
"CTNNBIP1",0.479580590087395,-0.636855699743322,0.031,0.038,1
"RBIS",0.479660035558988,0.104587306132624,0.332,0.296,1
"MTMR9",0.479681248348284,0.58054696997676,0.072,0.051,1
"USP53",0.479716839574421,0.267432284526105,0.068,0.048,1
"ENSG00000273391",0.479780238804409,-1.27800047804631,0.014,0.02,1
"ENSG00000260618",0.479824475889466,0.979650014468257,0.027,0.015,1
"SPAG5-AS1",0.47982985158365,-0.536172747619439,0.016,0.026,1
"EMC9",0.480055378203114,0.146045423465573,0.07,0.066,1
"ESRRA",0.480082579420654,-0.197770506557539,0.059,0.069,1
"RGS14",0.480171993746927,-0.479625097105074,0.119,0.135,1
"NT5C2",0.480194213920987,-0.2092577888621,0.182,0.199,1
"ENSG00000291107",0.480484447113037,0.251788240842242,0.205,0.181,1
"LINGO2",0.480495185036587,-1.09247257417387,0.006,0.013,1
"TTN-AS1",0.480606802418217,0.705128311846862,0.057,0.046,1
"ARRB1",0.48091282501602,-0.647501335320244,0.027,0.041,1
"TMEM260",0.480960388491988,0.500071356098376,0.055,0.036,1
"ENSG00000261684",0.480969203197288,-1.25972002960693,0.01,0.018,1
"EML2",0.481017081490671,-0.552502516171522,0.064,0.077,1
"NDUFV3",0.481031561784943,-0.41891401909472,0.092,0.11,1
"RPA2",0.481077822280593,-0.102662110475436,0.199,0.189,1
"ENSG00000272669",0.48144963602889,-1.0213857822675,0.004,0.01,1
"QTRT2",0.481584640323825,0.288709320507308,0.088,0.066,1
"ANAPC13",0.48171402391632,0.413115978105574,0.055,0.048,1
"UTP25",0.481929134182739,0.49260902160668,0.061,0.041,1
"INSL6",0.482200510050437,-1.4701879797821,0.004,0.01,1
"FAM110A",0.482211659119292,-0.164729045386951,0.145,0.168,1
"HK1",0.482249844824303,0.382795955270308,0.154,0.12,1
"BRF1",0.482435443109614,-0.346726351161521,0.096,0.115,1
"LYSMD3",0.482444503450496,0.332849994257556,0.182,0.143,1
"COA8",0.482460162703023,-0.215756913230898,0.154,0.161,1
"ETHE1",0.482491612256499,-0.265828064827376,0.137,0.151,1
"KLHL2",0.482781270974312,-0.185259804803614,0.107,0.11,1
"TMEM214",0.483281199141538,-0.130464023523224,0.094,0.082,1
"C19orf44",0.483316558648349,-0.950421539668351,0.012,0.02,1
"ASB3",0.483331536907632,0.425326450706347,0.158,0.135,1
"DUSP3",0.483351181391253,0.665832379748872,0.041,0.026,1
"ENSG00000240401",0.483358640096591,-1.45675875726361,0.004,0.01,1
"CLPTM1L",0.483570373720747,0.339446604288231,0.191,0.151,1
"EIF4G2",0.483633288321388,0.127376581220599,0.707,0.648,1
"ZNF473",0.483682902676698,0.458704274062357,0.039,0.026,1
"NSUN4",0.483865863900898,0.245118233310366,0.066,0.046,1
"NOP16",0.48419017723384,0.203622224369794,0.164,0.13,1
"IRF2-DT",0.484429366833631,-1.49697350308116,0.006,0.013,1
"ENSG00000272009",0.484437552370459,0.966596071227335,0.02,0.01,1
"FOXO1",0.484563335431078,0.149628842260177,0.408,0.349,1
"SNED1-AS1",0.484847616220947,-1.25339483461723,0.004,0.01,1
"ZNF518B",0.484979548943594,-0.324452677629615,0.043,0.046,1
"PPP3R1",0.485048924428539,0.148746878984731,0.295,0.281,1
"C1orf35",0.485189428872664,0.25312703915437,0.158,0.128,1
"TMEM25",0.485342740548272,-1.6458365897373,0.004,0.01,1
"SNED1",0.485396627173477,0.545780378108831,0.041,0.026,1
"ENSG00000267244",0.485404575566462,-0.885952305764248,0.004,0.01,1
"NLK",0.485405142301911,-0.621537118460049,0.021,0.033,1
"LINC03006",0.485674024766292,-0.694696299585956,0.045,0.061,1
"CLCN7",0.486027393351771,-0.316574717805004,0.045,0.048,1
"RLIM",0.48622418109799,0.112999231521824,0.213,0.184,1
"SLC38A5",0.486573725280152,-0.309484138907231,0.051,0.061,1
"PAQR3",0.486669525351833,-0.184975496220122,0.064,0.071,1
"AP5B1",0.486805352663974,0.153364152949181,0.072,0.051,1
"CREBZF",0.486875230487791,-0.223061160962755,0.209,0.219,1
"COA6",0.486929187455562,0.311145012392228,0.109,0.089,1
"MCFD2",0.48694253808603,0.165449883335853,0.133,0.102,1
"EIF2D",0.487065196949696,-0.132719299047167,0.09,0.087,1
"MORN2",0.487732197742221,0.691849837384359,0.027,0.015,1
"AP4S1",0.487820022832579,0.404475014861039,0.037,0.028,1
"HLTF",0.48783732905433,0.38499001970075,0.096,0.069,1
"ZNF671",0.48789411236735,0.59515567757667,0.031,0.018,1
"JAM3",0.487894982544367,-0.105866301748635,0.055,0.043,1
"C3orf14",0.488030459739759,0.155641110600142,0.016,0.018,1
"THOC6",0.488234699873812,-0.631882268339145,0.043,0.056,1
"TOMM40L",0.488386482695008,-0.811640940149854,0.014,0.023,1
"ASCC2",0.488391321672764,-0.284244105772746,0.141,0.161,1
"TBK1",0.488399084515841,0.152435948539594,0.209,0.196,1
"CPTP",0.488444559454766,-0.430255647741193,0.049,0.054,1
"NSUN6",0.488447226270959,-0.387056338418589,0.086,0.077,1
"DYNLRB2",0.488455752129747,1.23601801525585,0.012,0.005,1
"CCDC120",0.488524769550572,0.641058474548087,0.027,0.015,1
"AK6",0.488542388259094,0.352064830016483,0.096,0.074,1
"RILP",0.488542571275198,-1.08386623589705,0.004,0.01,1
"EXOC4",0.488606147956483,-0.205765436609564,0.174,0.156,1
"AGMAT",0.488928789614072,1.2355014846604,0.012,0.005,1
"C9orf153",0.488939584830136,-1.28813886182583,0.004,0.01,1
"DHRS4L2",0.48918447399445,-0.498401177861107,0.02,0.031,1
"ENSG00000259321",0.489270986674759,-1.97331712623222,0.004,0.01,1
"SAMM50",0.48938316330213,-0.193222327064349,0.123,0.125,1
"MRPL2",0.489660075295198,-0.1282170367129,0.123,0.115,1
"EID2",0.489665735388343,-0.237878343525106,0.104,0.122,1
"TOMM70",0.48989217760567,0.161083569582149,0.137,0.11,1
"ASTL",0.490286157526072,-0.745956985016707,0.029,0.041,1
"BLTP3B",0.490328532582255,-0.202981567673034,0.217,0.222,1
"DNAJC2",0.49050927113067,0.218983952186525,0.342,0.283,1
"GRWD1",0.490643790550023,0.392124519110403,0.104,0.077,1
"ENSG00000227227",0.49070975521953,0.948447439831277,0.031,0.018,1
"TMEM256",0.49075011388426,-0.290907839809632,0.152,0.176,1
"SMAD1",0.490768925997295,-1.14216028299473,0.023,0.036,1
"RPSA",0.490771171177644,0.116589411714199,0.973,0.969,1
"ENPP4",0.490789748814516,-0.526687574931331,0.053,0.069,1
"SH2D1B",0.490871283040835,-1.9790355881073,0.006,0.015,1
"VPS41",0.490876789097659,-0.431850379870539,0.078,0.097,1
"ZNF619",0.490888857761225,-0.995729569900047,0.004,0.01,1
"POLD2",0.491112699528287,-0.261651960578291,0.062,0.069,1
"LRIG2",0.491130812766425,0.249083009171671,0.062,0.043,1
"WWP1",0.491139467311129,-0.21609766081825,0.119,0.12,1
"AMN1",0.491347138394497,1.03081399439303,0.023,0.013,1
"BMP1",0.491413516035645,-1.10132049006462,0.004,0.01,1
"VPS53",0.491498163822007,0.376385877884131,0.139,0.11,1
"PRPF3",0.491635208349179,0.343614981236596,0.137,0.105,1
"CREBL2",0.491708033567691,0.147629784353955,0.102,0.084,1
"RARA-AS1",0.491739278257809,-0.861034102336968,0.012,0.02,1
"ENSG00000264578",0.491746937440359,-1.20777966351315,0.004,0.01,1
"MFSD9",0.49204540677694,0.788481975355298,0.035,0.023,1
"GBA1",0.49208511978334,-0.704541755480276,0.041,0.056,1
"LINC00624",0.492119597658276,0.950648899241077,0.031,0.018,1
"NMRAL1",0.492202745933594,-0.288274744823324,0.074,0.074,1
"STIM1",0.492497307057262,-0.38893433385635,0.15,0.168,1
"VAMP2",0.492554990785007,-0.144499571066187,0.549,0.582,1
"METTL6",0.492563210921035,-0.744307431928628,0.045,0.054,1
"CCP110",0.492570042630656,0.34840157520728,0.107,0.079,1
"MAGOHB",0.49259063103835,0.129992261525705,0.066,0.056,1
"ENSG00000228318",0.492759187250501,-1.70215748698188,0.004,0.01,1
"ENSG00000284526",0.492811731609097,0.725929131683395,0.031,0.018,1
"MARCHF3",0.492929864406369,0.304068300996898,0.305,0.25,1
"TMEM242",0.493192422800235,0.578751814091897,0.092,0.066,1
"SNX30",0.493198521416668,-0.154296339492377,0.035,0.046,1
"NPTN",0.493200705676809,0.15188312853575,0.186,0.151,1
"SDHD",0.493300673503833,0.257205461934377,0.344,0.298,1
"SAV1",0.49341643958354,0.634607155695608,0.07,0.048,1
"NRBP2",0.493506362665728,1.24188512425589,0.02,0.01,1
"NPC1",0.493690031052959,0.201768299835501,0.256,0.212,1
"PECAM1",0.493873475084503,0.129301950876329,0.016,0.02,1
"STAU1",0.493895506370009,0.237397121844659,0.443,0.393,1
"SNUPN",0.494006890313726,0.705759754110411,0.031,0.018,1
"ZNF236",0.494131804376339,-0.388409822510626,0.072,0.082,1
"ATP6V0A2",0.494294764686532,0.29898785985192,0.09,0.066,1
"ATXN3",0.494322474390681,0.361665638208361,0.117,0.097,1
"MBOAT1",0.494363346176185,0.398441546046419,0.051,0.033,1
"H2BC21",0.494567209776526,-0.70609401056498,0.02,0.031,1
"PCED1A",0.494619175673299,0.264261108738741,0.055,0.043,1
"XIAP",0.494648372185613,-0.195549252417532,0.102,0.102,1
"TAOK3",0.494735150191009,0.159671602694003,0.303,0.255,1
"THAP6",0.494932738928961,-0.558741998023759,0.039,0.048,1
"POC5",0.49506644026322,-0.315067152195642,0.045,0.056,1
"TSTD3",0.495226084601604,0.741006872983317,0.039,0.026,1
"RFFL",0.495343236097267,0.417668385456269,0.152,0.117,1
"CD226",0.495522622396443,-0.632305928374341,0.086,0.117,1
"NEIL1",0.495690692033055,0.89534394176087,0.016,0.008,1
"DBT",0.495781943835022,0.795858573422043,0.031,0.018,1
"MTHFD1L",0.495928384273544,0.439216392885778,0.17,0.128,1
"TNK2-AS1",0.495979335099893,0.450936122658544,0.037,0.023,1
"C18orf25",0.496151024122535,-0.355823960948988,0.16,0.176,1
"PPID",0.496157588524245,0.155321840689361,0.18,0.153,1
"PER2",0.49622809854319,0.368738703710339,0.119,0.089,1
"LZTS3",0.496305090238721,-0.488498519620401,0.006,0.01,1
"OSBPL9",0.496325645464287,-0.363590620976025,0.219,0.242,1
"ENSG00000274213",0.496354283869678,-0.798497456597761,0.029,0.048,1
"H2BC7",0.496377897538051,-0.511043410274436,0.02,0.031,1
"ZNF8",0.496419037051451,0.662082352273528,0.033,0.02,1
"SLC25A13",0.496587879164195,0.806205667119966,0.031,0.018,1
"ZFAND1",0.49675106914571,0.522768039389296,0.115,0.087,1
"CADM1",0.496962418176966,-0.954245143004358,0.055,0.069,1
"ENSG00000242798",0.497104317753438,-1.98018742803599,0.004,0.01,1
"RP9P",0.497271317006066,0.757387734657621,0.014,0.01,1
"H4C5",0.497446335891527,-0.598196451577311,0.02,0.02,1
"EPAS1",0.497543215302117,0.794824928562249,0.059,0.041,1
"USP34-DT",0.497546569878653,0.476984886400031,0.029,0.018,1
"ENSG00000289156",0.497745479393851,1.23154035031459,0.016,0.008,1
"DPY19L4",0.497858624384229,0.574277255285831,0.031,0.018,1
"TJP2",0.497881277614888,-2.55877770740822,0.006,0.013,1
"ZNF579",0.498031984061194,0.578483036343361,0.043,0.028,1
"CSTPP1",0.498054085053123,0.440158652736743,0.121,0.089,1
"ANGEL2",0.498099162160922,0.254405032778554,0.104,0.102,1
"NDUFV2-AS1",0.498148845091647,-0.715677634302036,0.051,0.046,1
"ZNF506",0.498410575276954,-0.262937746305034,0.129,0.115,1
"LINC00649",0.498519897826731,-0.358825471475496,0.088,0.105,1
"JADE2",0.498645480300879,-0.131899593248484,0.164,0.176,1
"XPNPEP3",0.498794500370038,-0.28981681547167,0.041,0.038,1
"AGAP6",0.498803363590521,0.516128417020617,0.041,0.026,1
"NHSL2",0.498851718237577,0.559953418420177,0.029,0.018,1
"C2orf42",0.498969508666256,-1.30436365959629,0.018,0.028,1
"GTF2E1",0.499100584239746,-0.706183445700754,0.031,0.043,1
"SUGP1",0.499128311268953,0.246768057126204,0.109,0.082,1
"ARMH3",0.499424618606665,0.235716387273607,0.113,0.087,1
"NTAQ1",0.499546842683374,-0.615767976138297,0.02,0.031,1
"RNF212",0.499595050024996,-1.36835447011453,0.004,0.01,1
"SATB1-AS1",0.499912257552507,0.350142987554748,0.07,0.056,1
"ZDHHC16",0.49993453403385,-0.397106824443046,0.064,0.079,1
"MTG2",0.500056295339846,0.406208718274926,0.076,0.056,1
"CD58",0.500066519935666,0.256185662887678,0.465,0.403,1
"PHLPP1",0.500095335353077,0.838310360829438,0.064,0.048,1
"SLC9A8",0.500236242571774,0.267883047985927,0.152,0.12,1
"ACTMAP",0.500275098957374,-1.10562943379112,0.008,0.015,1
"ITGB1-DT",0.500289603068726,-1.35062255060394,0.008,0.018,1
"ENSG00000283118",0.500310784200534,0.38375899757606,0.025,0.018,1
"SMARCAD1",0.500433971723244,0.311865224469704,0.098,0.071,1
"CLDND2",0.500504264005837,-0.797743879230385,0.01,0.018,1
"TRIB2",0.500827983410269,-0.227777646839437,0.09,0.107,1
"B3GAT1",0.500875419754875,-0.859235248359016,0.016,0.028,1
"PIGB",0.500913658755154,0.353889903016865,0.102,0.079,1
"ETV3",0.500977257359962,0.321904187467939,0.225,0.189,1
"ORC3",0.5010266779179,0.36662893165687,0.057,0.041,1
"USO1",0.501048711872158,0.488860982705051,0.16,0.125,1
"PPFIA1",0.501207728159085,0.255278888317188,0.176,0.14,1
"NINJ2",0.501291204019831,-1.03134193017471,0.02,0.026,1
"RAD54B",0.501346750320125,-1.73937747991901,0.004,0.01,1
"PPP6R2",0.501625809939658,-0.163486105006212,0.174,0.173,1
"LINC00265",0.501635526267808,0.304578730234715,0.023,0.015,1
"PRKAB1",0.501750784306749,0.62440391881219,0.078,0.056,1
"PGAP2",0.501817297099778,-0.161747475554922,0.029,0.028,1
"TRPT1",0.501981237966276,-0.290716860776263,0.084,0.087,1
"RAD52",0.502166315366073,0.206252264582152,0.027,0.015,1
"CAMK1D",0.50222884319735,-0.139084856114817,0.439,0.406,1
"FRG1-DT",0.502395770430021,-1.92756639849373,0.004,0.01,1
"UNK",0.502451376274622,0.386564568826806,0.074,0.056,1
"TXNDC16",0.502472359265189,-0.558933192637487,0.053,0.064,1
"IGSF8",0.502680043193183,-0.394354777303633,0.059,0.066,1
"HSD11B1L",0.502768680965251,-1.53279453717533,0.004,0.01,1
"ZNF140",0.502826135618877,0.637563932366749,0.068,0.048,1
"TRGV10",0.502944439592748,-0.218154406499705,0.154,0.176,1
"GTF3C3",0.503073104097654,-0.420520661770547,0.057,0.071,1
"FAM222B",0.503076315841077,-0.365040678695482,0.102,0.12,1
"PUS1",0.503097579454129,-0.343209869086716,0.035,0.048,1
"CUL3",0.503135062101726,0.175713470298048,0.396,0.383,1
"FAM153CP",0.503136015718083,-0.455548718836465,0.035,0.043,1
"TMEM186",0.503216728588847,0.698738759936112,0.027,0.015,1
"MIATNB",0.503399968048264,-0.813260218196732,0.021,0.033,1
"CDC16",0.503480150161965,-0.256557507666911,0.09,0.092,1
"ENSG00000253901",0.503580245376832,-0.631112698148033,0.004,0.01,1
"TRBV15",0.503594865488314,1.45454249460954,0.01,0.005,1
"LINC01943",0.503639927851487,0.144342433728781,0.012,0.005,1
"SLC12A6",0.503762503523853,0.495497519485447,0.066,0.051,1
"DCUN1D2",0.503801319363919,-0.102566225832093,0.043,0.041,1
"ENSG00000286408",0.503930215796736,-1.38197757358571,0.004,0.01,1
"TCEAL3",0.504010513414429,0.697876897171785,0.035,0.026,1
"FUOM",0.50401052313226,-0.739867758357216,0.039,0.046,1
"UBA6",0.504112242050646,-0.116789430134287,0.223,0.212,1
"TRAV35",0.504586409360855,0.204215946150951,0.01,0.013,1
"TAF3",0.50472628488243,0.206224648536468,0.213,0.173,1
"C6orf62",0.504777612119052,-0.17930847289737,0.197,0.212,1
"PUS10",0.504862299458192,-0.168556344065904,0.053,0.056,1
"KIF20B",0.504961204302821,0.48237546794259,0.137,0.107,1
"PDIA4",0.505078320081658,-0.157429090220632,0.135,0.151,1
"PIGW",0.505823858314029,-0.883429284959377,0.012,0.015,1
"MMADHC",0.50585790736245,0.127962246263839,0.365,0.316,1
"ENSG00000288924",0.505986373621562,-0.644133131031965,0.021,0.033,1
"LYPLA2",0.50615854869804,0.307302576621751,0.197,0.168,1
"USP7",0.506161640433796,-0.130931803142986,0.184,0.202,1
"ITPKC",0.506177991208848,-0.350721585090622,0.041,0.046,1
"IVD",0.506200746140971,-0.104787071012542,0.049,0.046,1
"LDAF1",0.506391521828755,-0.123667451947101,0.059,0.051,1
"NDUFA12",0.506450117311864,-0.111522760850965,0.367,0.37,1
"SWSAP1",0.506450553017086,-0.317020916309451,0.027,0.038,1
"ABCA1",0.506486447973666,0.783900641282211,0.061,0.041,1
"PSTK",0.506604154353717,-0.19131203008791,0.035,0.036,1
"ORC2",0.506773129191303,0.305528057957041,0.117,0.092,1
"EIF3F",0.506867683968121,0.120011994976415,0.781,0.719,1
"LINC00426",0.506902107855569,-1.24949749379568,0.008,0.015,1
"C2orf81",0.507277177724366,-1.31649425096093,0.004,0.01,1
"LINS1",0.507371750123964,0.250426757119157,0.125,0.102,1
"KATNB1",0.507389960972624,0.109860202915855,0.053,0.038,1
"POC1B-AS1",0.507566645234536,-0.797018124165349,0.012,0.02,1
"ZNF256",0.507752602058252,0.905851551879376,0.027,0.015,1
"OXR1",0.507821571313555,-0.161197731535515,0.086,0.099,1
"YAE1",0.50790635495175,-0.191315562978581,0.029,0.02,1
"KIAA1671",0.508071981728785,-0.997946788577164,0.029,0.043,1
"ENSG00000261386",0.508443657712503,-1.2735659841141,0.016,0.026,1
"PSMA7",0.508516924718162,0.135184643096723,0.809,0.753,1
"SLC43A2",0.50860377192498,0.324439271880998,0.061,0.043,1
"MEGF9",0.508646406741135,-0.743144048128785,0.049,0.056,1
"FRA10AC1",0.508718236598008,-0.261341180077585,0.055,0.069,1
"PDXP-DT",0.50884538069256,-1.28911170008108,0.004,0.01,1
"GPR180",0.509040018681805,-0.68678446324504,0.023,0.036,1
"KYAT1",0.509081700882013,-1.25760597047951,0.004,0.01,1
"MRPS34",0.509195258313138,-0.222021651248372,0.168,0.176,1
"UBL7-DT",0.509243554628036,0.413809555628213,0.029,0.018,1
"ASH2L",0.509245696112207,0.50655630117569,0.092,0.066,1
"ZNF737",0.509311360273947,0.273378557133782,0.059,0.043,1
"GCHFR",0.509422826652877,0.396681321939831,0.254,0.199,1
"SPAG9",0.50969398195991,0.150417822190004,0.297,0.253,1
"UMPS",0.510033463258584,0.147150697076351,0.088,0.069,1
"KCTD2",0.510034739479338,-0.29982102544536,0.039,0.038,1
"PCSK5",0.51008295736031,-0.654583460626971,0.02,0.031,1
"GPAA1",0.510296307390971,-0.352906140805074,0.127,0.133,1
"ZCCHC14",0.51032698104868,0.311429995011308,0.059,0.041,1
"URI1",0.510428948886191,0.199218760058856,0.277,0.23,1
"VPS9D1",0.510559389299107,-0.128240910687635,0.035,0.033,1
"ANKRD33B",0.510626705312858,0.536932094035248,0.027,0.015,1
"PSME3IP1",0.510726888739778,0.264389586839042,0.084,0.064,1
"ARRDC1",0.511106651386025,-0.322562409598055,0.131,0.148,1
"LINC02481",0.511291692955424,0.551144465274847,0.041,0.026,1
"PHF5A",0.511822812375303,0.138284101813495,0.295,0.26,1
"SPG7",0.511993296604526,-0.197399348030126,0.139,0.138,1
"USPL1",0.512188585470915,-0.304573299617647,0.135,0.158,1
"PLIN3",0.512298731808587,-0.430943495548915,0.029,0.041,1
"ENSG00000288891",0.512464935445748,-0.760020286033133,0.035,0.046,1
"ENSG00000236498",0.512500091964479,-0.786475611070307,0.016,0.026,1
"ENSG00000291054",0.512752529720053,-1.15701036511554,0.01,0.018,1
"MYL6B",0.512771708306463,-0.517873250747733,0.014,0.023,1
"LINC01163",0.512785757257537,-1.39953466590893,0.008,0.015,1
"KIF9-AS1",0.51302442391152,-0.42649181795892,0.061,0.071,1
"ZNF486",0.513294386309032,-0.785862928780149,0.006,0.013,1
"TMEM106A",0.513389309418732,0.302041857614574,0.033,0.023,1
"KDM4C",0.513473346608046,0.162551719544134,0.236,0.204,1
"SYNCRIP",0.513860257496124,0.261897182739824,0.307,0.265,1
"TOR4A",0.513997697229722,-1.66418032864008,0.004,0.01,1
"NUDT4",0.514165891978075,0.188390756330338,0.225,0.186,1
"DTNBP1",0.514209029154454,0.161540189337626,0.148,0.12,1
"RABL2B",0.514253381268163,-0.457580112364447,0.043,0.056,1
"C17orf97",0.514277232004584,0.857920569555291,0.012,0.005,1
"TOR1B",0.514298062451034,0.234700926788508,0.102,0.084,1
"CPSF1",0.514318585944766,-0.180312521455845,0.068,0.061,1
"ZNF106",0.514382007006838,-0.138703371686585,0.129,0.145,1
"G6PC3",0.514647612240669,-0.489308592184748,0.016,0.026,1
"NBPF11",0.514842607313154,-0.234152623600218,0.045,0.059,1
"OTUD5",0.514912012315139,0.224797334074309,0.309,0.265,1
"ZNF232",0.514955710165199,0.658161650210825,0.02,0.01,1
"HGS",0.515005607138866,-0.128284851509592,0.203,0.209,1
"ERGIC1",0.515089175899438,0.10015048178934,0.188,0.176,1
"PTRH1",0.515249618197555,-0.329548606137651,0.059,0.071,1
"EIF3C",0.515267856398954,-0.514552485077446,0.016,0.026,1
"OLA1",0.515268824236784,0.129029979679951,0.305,0.26,1
"CANX",0.515302466551857,0.177918260093865,0.404,0.347,1
"SLC3A2",0.515326511987587,0.17363398178296,0.723,0.679,1
"CLUAP1",0.515431128148605,-0.552318391611923,0.016,0.026,1
"FKBPL",0.515435096958449,-0.505355951759197,0.014,0.023,1
"SLC25A40",0.515586141030182,-0.315822223585464,0.037,0.051,1
"GOLGA5",0.5157354068245,0.282726161140428,0.08,0.074,1
"PRX",0.51589695724618,1.1910380668985,0.01,0.005,1
"NR4A2",0.516106048635556,0.166905416810318,0.619,0.638,1
"SETD9",0.516305828266278,0.450191703552981,0.043,0.028,1
"VCPIP1",0.516309330590877,-0.15285296943833,0.158,0.168,1
"LMTK2",0.516319393966755,0.134439490278041,0.107,0.089,1
"DNAAF10",0.51642490231322,-1.016543752484,0.008,0.015,1
"CABLES2",0.516528984673737,0.603793118187146,0.023,0.013,1
"SRGAP2C",0.516536763754765,0.112992907557455,0.055,0.038,1
"RAB1B",0.51660494037925,0.218958408987133,0.281,0.232,1
"WBP11",0.516798967185666,0.119517528680581,0.396,0.365,1
"LRRC37A2",0.516958767448116,-0.737863806081751,0.006,0.013,1
"ENSG00000289255",0.516999680843633,1.53740498228365,0.012,0.005,1
"PKN2",0.517078618075239,-0.102573552262394,0.213,0.23,1
"FAM85B",0.517142338075407,-1.49218510624854,0.004,0.01,1
"MAP2K5-DT",0.517178884741273,-1.24848466442546,0.004,0.01,1
"ENSG00000284685",0.517306444604784,-0.898208369349827,0.014,0.023,1
"AGFG2",0.517324508095062,-0.154814320033197,0.045,0.041,1
"PTCH1",0.517679166846585,-0.812970758846369,0.025,0.028,1
"C1GALT1C1",0.517726473747258,-0.512218837074102,0.051,0.059,1
"MSL1",0.517948804693983,-0.234316857352016,0.158,0.151,1
"TMEM62",0.518027582914101,0.24556278129457,0.074,0.056,1
"ENSG00000289206",0.518098784390409,0.53047201340562,0.023,0.015,1
"ZNF528",0.518174386597119,0.835735712480304,0.012,0.005,1
"WDTC1",0.518191877887053,-0.162897613149587,0.111,0.117,1
"BCKDHB",0.518193370303146,-0.504781578374204,0.021,0.033,1
"LRR1",0.518244913905859,-0.347035484290878,0.066,0.074,1
"SGCE",0.518330996620595,-1.14697124661651,0.008,0.015,1
"LYRM7",0.518360955122604,-0.520074921782134,0.031,0.043,1
"CPEB3",0.518369440357848,-0.173344998537619,0.059,0.069,1
"KAT8",0.518642272087515,0.494775627982182,0.1,0.074,1
"EML3",0.518818845203248,0.14773614664884,0.123,0.117,1
"ENSG00000288896",0.518831555763522,0.205299631321501,0.012,0.018,1
"ZNF282",0.519061628114703,0.5511261150414,0.066,0.046,1
"SH3BP5L",0.519450587633625,0.205611065181579,0.062,0.048,1
"ENSG00000290689",0.519494259202924,0.818431011900737,0.035,0.023,1
"RTN4IP1",0.519501398959112,-0.717113606767222,0.01,0.018,1
"UBR4",0.519781089551758,-0.136366105448219,0.277,0.283,1
"ENSG00000287117",0.519892297772169,0.530867633267407,0.016,0.008,1
"U2AF2",0.519926468584938,0.204456651959867,0.289,0.245,1
"WDR44",0.519992880800208,0.243940717248238,0.117,0.089,1
"ENSG00000287965",0.520050708301241,-1.35361111655462,0.006,0.013,1
"AK3",0.520050735209142,-0.332444840044339,0.127,0.128,1
"PPM1L",0.520191643326543,-0.567797616499345,0.061,0.079,1
"SPG11",0.520214719104847,-0.434543722408949,0.084,0.087,1
"ALG6",0.520277472191896,0.437064606903956,0.035,0.023,1
"UBXN4",0.520331219230342,0.202759893201632,0.525,0.462,1
"NUP88",0.520354137768495,0.240878677017466,0.111,0.089,1
"FOXJ3",0.520356660428962,0.176709648182736,0.295,0.25,1
"ITPK1",0.520635090204233,-0.325212528593016,0.088,0.107,1
"GNL1",0.520721010605911,0.25324068227312,0.4,0.342,1
"GAA",0.520832397296815,0.522682409642983,0.021,0.015,1
"NOL4L",0.520837167007758,-0.181855984249149,0.098,0.094,1
"H4C2",0.520994701043997,-1.00232983993866,0.012,0.02,1
"IL18BP",0.521052556258083,0.5354548179838,0.033,0.02,1
"ENSG00000290039",0.52105753044186,-0.501077534615927,0.076,0.092,1
"CHM",0.521190384644151,0.402620818803148,0.076,0.054,1
"TRIP6",0.521200789758947,-1.06129224620714,0.012,0.02,1
"TUG1",0.521223095955448,-0.274980215760096,0.039,0.048,1
"TRBV29-1",0.521301175005575,-0.753796747499893,0.01,0.008,1
"NDFIP2",0.521367066830525,0.162900508951205,0.107,0.087,1
"NKRF",0.521393418409204,-0.14086236515513,0.066,0.066,1
"ECT2",0.521433772618597,-1.7339954737803,0.006,0.013,1
"SIRT3",0.521487826074764,0.537836722533631,0.043,0.028,1
"NFYB",0.521492870608886,-0.396622687922414,0.059,0.074,1
"TNPO2",0.521547730818015,0.438754186947899,0.047,0.033,1
"ENSG00000286883",0.521580808331384,0.282046916775874,0.014,0.008,1
"METTL17",0.52158331981621,0.321627677603619,0.09,0.066,1
"PSMG2",0.521589505347797,0.185229314936352,0.377,0.339,1
"LRRC61",0.521591284960441,0.494559815848432,0.035,0.023,1
"MTMR6",0.521640284628684,0.388075275487764,0.232,0.189,1
"NME7",0.521741054624048,0.24779290891852,0.096,0.071,1
"MOCS2",0.521836721617522,0.30861211754769,0.09,0.069,1
"RHBDF2",0.52204480966099,-0.209800543473225,0.201,0.207,1
"MT1F",0.52212935903583,-0.262955671576266,0.096,0.097,1
"TMEM263-DT",0.522258873244446,-1.84351029142688,0.008,0.018,1
"TMEM91",0.522420816412447,-0.266322973907632,0.064,0.079,1
"PSKH1",0.522431248830884,-0.820723352054171,0.012,0.02,1
"NUP107",0.52244567092405,0.118592520558511,0.096,0.077,1
"PSTPIP2",0.522680151615157,0.209206277459928,0.043,0.043,1
"ERF",0.522722864424415,0.142584997779773,0.16,0.138,1
"LACTB2",0.522724057091622,-1.42514971238663,0.021,0.033,1
"ILF3-DT",0.522811143398062,-0.313919683819113,0.064,0.079,1
"APEX1",0.522893390173278,-0.134653429305435,0.256,0.268,1
"MED16",0.52299324136435,-0.25425986902661,0.098,0.11,1
"AHR",0.523136796755167,0.127679765923471,0.096,0.099,1
"EMC3",0.523465902627531,0.198227181532986,0.289,0.242,1
"BFAR",0.523630635351868,0.246508218647439,0.256,0.212,1
"MFGE8",0.523836373626329,-0.730852466197446,0.016,0.026,1
"RBM22",0.523895541876344,0.279906797089772,0.273,0.227,1
"GLRX3",0.524019550914125,0.183164887382885,0.211,0.181,1
"SRP9",0.524125563471782,0.250583417093527,0.43,0.37,1
"SNHG3",0.524171980081342,-0.189342563643407,0.207,0.23,1
"NFATC1",0.5245446124559,-0.278951535488231,0.205,0.224,1
"GEN1",0.524579319298089,0.36761185773842,0.037,0.023,1
"TAF15",0.524622413639773,0.117650676356569,0.365,0.342,1
"C12orf29",0.524665891927851,0.278330329027575,0.133,0.112,1
"RPP30",0.524983030690738,0.309879102353084,0.156,0.125,1
"SPPL3",0.525284506153645,0.266604789267212,0.229,0.189,1
"EEPD1",0.525331091586559,0.426528772055183,0.035,0.023,1
"ENSG00000260570",0.525351877700795,-0.298435572299893,0.01,0.018,1
"ZFC3H1",0.525435470963561,-0.148532176313152,0.307,0.314,1
"PRDX5",0.525607855462674,0.150844357414498,0.467,0.429,1
"EHD1",0.525680664940023,0.280900798819733,0.275,0.224,1
"NCEH1",0.525853010124813,0.884470073713411,0.02,0.01,1
"RRAGC-DT",0.525910427401926,1.02289444829869,0.016,0.008,1
"MAGT1",0.525964285068099,0.234340709165912,0.164,0.13,1
"SLX4IP",0.526056107053412,0.290277665699009,0.021,0.028,1
"NANOS3",0.52609105883785,-1.38240877856714,0.004,0.01,1
"CCDC88A",0.526128929637955,0.561639004049614,0.016,0.015,1
"CEP57",0.526183235424387,0.272577305238334,0.242,0.202,1
"ZNF775",0.526213420923927,0.343966738100399,0.029,0.018,1
"TIMP2",0.526333451082984,0.320814628806938,0.014,0.008,1
"LINC01311",0.526338791787991,-2.02370492671569,0.004,0.01,1
"PTPN7",0.526415276696605,0.158884621201355,0.354,0.298,1
"HLCS-AS1",0.526452512223576,0.405414467107821,0.018,0.01,1
"ZNF490",0.526482203245016,0.431596356729032,0.105,0.084,1
"HS3ST3B1",0.526810077852542,-0.239226830974471,0.037,0.038,1
"DZANK1",0.526840428829017,-0.696094104164921,0.012,0.02,1
"SELENOS",0.526906026644362,0.274290963679425,0.389,0.329,1
"CIAO3",0.526935670550733,0.49918903435862,0.039,0.026,1
"NUTM2E",0.527011753018602,-0.691639413208868,0.006,0.01,1
"GBP3",0.527492038167121,-0.159396262674007,0.1,0.092,1
"CEP135",0.527517666933883,0.311295300608581,0.098,0.074,1
"ENSG00000290832",0.527556753997668,0.455259310049954,0.117,0.089,1
"PPIH",0.527629257108079,0.124813813039134,0.145,0.117,1
"SNHG19",0.527756933362969,-0.917190247554976,0.02,0.031,1
"SEC63",0.527815180423687,-0.224948856910231,0.201,0.202,1
"HPCAL4",0.527875567236699,1.30098923022857,0.012,0.005,1
"ZNF692",0.528070378900215,0.543722723063367,0.025,0.015,1
"SWI5",0.528128359610035,-0.620222788865766,0.037,0.046,1
"SMURF1",0.528172427800363,-0.176523844566284,0.129,0.148,1
"USP49",0.528316137790851,0.477139877680921,0.023,0.015,1
"PLPBP",0.528391459571574,0.233198175938627,0.1,0.074,1
"GADD45G",0.528444361424781,-0.333615914787326,0.053,0.061,1
"PLGRKT",0.528481273716232,-0.450476146764378,0.066,0.082,1
"ENSG00000289928",0.528499327012492,-0.381050912817743,0.012,0.02,1
"ZNF34",0.52850206696657,0.228778786560049,0.027,0.018,1
"ZNF232-AS1",0.528529692942267,0.362529098044484,0.047,0.036,1
"ENSG00000286656",0.528626251112674,-1.15677483534189,0.012,0.02,1
"ENSG00000262413",0.528649278391821,-1.17498783595041,0.008,0.015,1
"IL10RB",0.528750150444041,0.261421851157287,0.068,0.059,1
"ENSG00000288827",0.528751788112707,0.284667054066515,0.029,0.018,1
"CDC14B",0.528752067618883,0.810909160051072,0.02,0.01,1
"KCNH3",0.529009705376235,-1.41673780009831,0.004,0.01,1
"BRWD1",0.529011844903085,-0.242263929624406,0.299,0.311,1
"HCLS1",0.529043568282893,-0.116696254563889,0.553,0.538,1
"ZNF17",0.529084680080256,0.351021564465978,0.045,0.031,1
"PRDM8",0.529266665148992,-0.963785465587288,0.025,0.028,1
"CTU1",0.529277048216418,0.414807222238578,0.092,0.069,1
"CRYBG1",0.52943117645195,0.337133006422918,0.25,0.199,1
"TIMM44",0.529489307882652,0.671393604747244,0.082,0.066,1
"TRIP11",0.529557477603761,0.319614883575032,0.164,0.13,1
"TESK1",0.529724497185921,0.240562063911925,0.137,0.105,1
"SHB",0.530044410053799,0.424477176455754,0.037,0.026,1
"ENSG00000258181",0.530113230710788,0.512307816133108,0.023,0.013,1
"CCDC91",0.530117014643374,-0.171660073488948,0.213,0.202,1
"DCAF5",0.530181612775412,0.124380718762161,0.266,0.227,1
"NAGA",0.530536603659707,-0.625220594397987,0.012,0.02,1
"ACBD4",0.530637000855189,-1.13218115582816,0.008,0.015,1
"CHMP3-AS1",0.53082184943211,-0.882088978317563,0.012,0.015,1
"AKTIP",0.530827569213738,0.41721748898586,0.045,0.031,1
"ENSG00000239300",0.530858440411678,-0.522715966551788,0.01,0.015,1
"TSR2",0.530870534257437,0.169068102871224,0.203,0.166,1
"KLHL25",0.531304782625282,0.229818747338934,0.043,0.028,1
"ENSG00000286084",0.531443447042673,-1.86498241020455,0.01,0.02,1
"MPPE1",0.531688732234652,0.325694286176967,0.15,0.117,1
"CASTOR3P",0.531854912402858,0.220483776186003,0.076,0.066,1
"TREX1",0.531946441670451,-1.08422276193474,0.01,0.018,1
"MAP7D3",0.531997965378747,-0.318773262816371,0.039,0.043,1
"COPS8",0.532296765169561,0.225985851471858,0.35,0.309,1
"USP30",0.532297399726119,-0.460514764639954,0.041,0.054,1
"MPHOSPH9",0.532378213080632,0.12415975403885,0.098,0.082,1
"ATP13A3",0.53246111619602,0.273912352255604,0.193,0.156,1
"ENSG00000290922",0.532560744903197,0.837948451892431,0.129,0.099,1
"ZNF674-AS1",0.532714328326681,-0.5776923748229,0.02,0.026,1
"CCDC117",0.532794718108695,-0.451117171081536,0.084,0.102,1
"RDH13",0.532812555644796,0.438520210807066,0.027,0.02,1
"GATB",0.532847826633669,-0.799576026454078,0.01,0.018,1
"ZNF891",0.532887927366226,0.756048366715752,0.016,0.008,1
"LRRFIP2",0.533196058794644,-0.124249455399875,0.252,0.242,1
"REST",0.533653223153985,0.117929912278171,0.291,0.242,1
"METTL8",0.533790692564332,0.642358750445124,0.039,0.026,1
"ENSG00000291046",0.533860781049037,-1.22675350709188,0.012,0.02,1
"SLC41A1",0.534175967453916,0.478935346409967,0.094,0.071,1
"ENSG00000238221",0.534184421082308,0.371818663133786,0.01,0.005,1
"ENSG00000288934",0.534356025573739,-0.848542128419615,0.008,0.015,1
"TOMM40",0.534426586063255,0.412984367882237,0.109,0.092,1
"AK9",0.534501275776754,-0.342322495985751,0.031,0.041,1
"GNPTG",0.534592811258577,0.117186440648535,0.143,0.122,1
"ZSCAN16",0.534646859346946,-0.237010320930485,0.068,0.071,1
"IDH3A",0.534831081933897,0.185375032478709,0.135,0.112,1
"ENSG00000231731",0.534857882022935,-1.33627225060277,0.012,0.02,1
"LIAS",0.534927584114269,1.04158510186155,0.033,0.02,1
"ENSG00000259238",0.535008754043941,-1.35380911948018,0.006,0.013,1
"WDR5B",0.535084346713207,-0.735079833755303,0.008,0.015,1
"GNPDA1",0.535206261928846,0.270941661665923,0.039,0.026,1
"ANKRD44",0.535254178242302,0.125594316213704,0.545,0.487,1
"SMG7-AS1",0.53547897881305,-0.73433144517008,0.01,0.018,1
"PGM1",0.535514867127411,-0.283087278223603,0.074,0.089,1
"CCS",0.535649372205526,-0.242562943171189,0.125,0.14,1
"INPP5A",0.535848766747743,0.500149727107644,0.062,0.046,1
"TRAV12-2",0.535886301170864,-0.909759326559223,0.01,0.015,1
"RNF5",0.536115832780206,0.201619576773011,0.254,0.212,1
"ZBTB47-AS1",0.536181668237982,0.628571080222349,0.027,0.018,1
"ENSG00000289137",0.536188271516704,-0.430463862606558,0.059,0.077,1
"ENSG00000228162",0.536222395333307,-0.870126680026033,0.012,0.02,1
"ENSG00000273221",0.536254246485803,-0.693622967855316,0.006,0.013,1
"CBLL1-AS1",0.53626605141376,-1.01425762939685,0.008,0.015,1
"RPUSD3",0.53664093296523,-0.247369037902343,0.084,0.099,1
"LINC00862",0.536641290148739,1.22962776121689,0.01,0.005,1
"BMI1",0.53666016851709,-0.290465896575337,0.121,0.128,1
"ALKBH2",0.536683972323246,-0.892839487500309,0.016,0.026,1
"TMEM250",0.53674174982685,0.488360609930193,0.1,0.079,1
"C12orf4",0.536856361342207,0.165451039310677,0.049,0.041,1
"RETREG2",0.536867596563426,-0.331367817514474,0.141,0.145,1
"ENSG00000236255",0.536935723071584,0.406594576386695,0.023,0.013,1
"PHTF2",0.536975718681345,-0.64066483012178,0.068,0.082,1
"PYGB",0.537021366820364,0.263863613437387,0.08,0.061,1
"ENSG00000278231",0.537247804704359,0.387494136380541,0.02,0.01,1
"PIF1",0.537283810401252,-1.03490327761542,0.004,0.01,1
"AP4E1",0.537353435470232,0.132432058529605,0.076,0.071,1
"NAA60",0.537748633903641,0.146194463252486,0.18,0.151,1
"ZBTB9",0.537753606041185,0.697474341352168,0.037,0.023,1
"MTHFR",0.537756823223568,0.416796051616363,0.016,0.008,1
"DDTL",0.537944945943429,-0.600006245391316,0.01,0.018,1
"JHY",0.538215440980976,-1.75134165310785,0.006,0.013,1
"INPP4B",0.538326791208271,-0.454314465663654,0.041,0.059,1
"ATG4C",0.538379548036603,0.241673499421807,0.027,0.018,1
"RUFY3",0.538422889068539,-0.505882230862934,0.043,0.056,1
"IST1",0.538471876637397,-0.208128540552206,0.32,0.342,1
"MAGEF1",0.538475585488759,-1.20100648557862,0.012,0.02,1
"GCSAM",0.538797838143329,0.175215287597347,0.012,0.008,1
"KIF13B",0.538812166318576,-0.245430842474997,0.18,0.191,1
"APBA2",0.538887265137149,0.471990050599716,0.039,0.026,1
"NPIPB4",0.538968004196755,0.205111012567317,0.074,0.056,1
"NAPG",0.53914162210866,-0.310238947760632,0.18,0.194,1
"RNF44",0.539162127167322,0.222692903160199,0.217,0.181,1
"ENSG00000291159",0.539176816041133,0.394615372053392,0.025,0.015,1
"TNS2-AS1",0.539252017032189,0.502611262855909,0.043,0.031,1
"PARG",0.53973157605372,0.22877255170053,0.076,0.061,1
"LLGL1",0.539770430099532,-0.947403931496754,0.018,0.028,1
"ENSG00000290793",0.539907507578336,-1.71412978080175,0.01,0.018,1
"USP42",0.539935853907194,0.102861523637255,0.178,0.151,1
"HRG-AS1",0.540029707390716,-0.61865921420553,0.016,0.015,1
"ANKAR",0.540066905134293,0.796756130257589,0.047,0.031,1
"ATRN",0.540089562816408,0.578377496527497,0.049,0.043,1
"LEMD2",0.540132373988037,0.205536117904772,0.096,0.071,1
"ANKRD49",0.54015347710379,-0.277496830145206,0.131,0.14,1
"ATP13A2",0.540312646273153,-0.531109245112522,0.055,0.069,1
"LERFS",0.54040919372218,1.17385395876255,0.012,0.005,1
"RBSN",0.540473975014067,-0.49287283690818,0.037,0.038,1
"PIGN",0.540488995336417,0.241482012098443,0.049,0.036,1
"ADAT1",0.540564743272648,0.291492690022505,0.043,0.028,1
"TUBA1C",0.540617037322636,-0.138960640842012,0.207,0.224,1
"PKD1",0.540806555596354,0.320170953500047,0.021,0.028,1
"ENSG00000273149",0.540874898517229,-0.536125530576199,0.045,0.054,1
"THOC7",0.540899348823205,-0.136395123380119,0.164,0.176,1
"F8A1",0.540956908799985,-0.645637658296707,0.004,0.01,1
"ZNF540",0.541130801284661,0.50822451721048,0.023,0.013,1
"DPY19L3",0.541285487663766,0.835062122643169,0.012,0.005,1
"APBB1IP",0.541321832068939,-0.100133431256294,0.482,0.505,1
"MYO1C",0.541399223710122,-1.00817131433819,0.008,0.015,1
"LARP1B",0.541756555216014,0.322740026510346,0.082,0.061,1
"AP3S2",0.541975648296983,0.513054019025468,0.059,0.041,1
"ABCC5",0.542050000117522,-0.296885706834256,0.025,0.038,1
"MRPL51",0.542106833868385,-0.116965642433161,0.236,0.237,1
"STX12",0.542144162289977,-0.29022271911042,0.168,0.173,1
"UBE3D",0.542192713034728,0.469556538058434,0.041,0.028,1
"ENSG00000287299",0.542501460906674,-1.0662936416271,0.004,0.01,1
"H1-5",0.542565337029853,-0.701294969991062,0.012,0.02,1
"GCDH",0.5426845134191,-0.112468685405656,0.117,0.13,1
"RHNO1",0.542685417832339,-0.630708509570991,0.031,0.043,1
"TTC4",0.542709644691479,-0.440228739680484,0.043,0.056,1
"ENSG00000225339",0.542853223996215,-0.614642648023316,0.008,0.015,1
"ENTPD6",0.542916824853914,-0.362615516347426,0.039,0.051,1
"ABHD17C",0.543118279844483,0.47954131046685,0.021,0.013,1
"CLK2",0.543219482163963,-0.223031172976902,0.086,0.102,1
"IL18R1",0.543229129622055,0.152658812335531,0.096,0.074,1
"AGFG1",0.543368167282009,-0.1204477459758,0.23,0.214,1
"ENSG00000265100",0.543457674335275,-1.14396931975968,0.012,0.02,1
"MRPL12",0.543500313276297,-0.21991020050876,0.127,0.138,1
"DPY19L2P2",0.543503609754313,-0.734948504893364,0.031,0.033,1
"TRAPPC2L",0.543571388723675,0.330858169606864,0.174,0.138,1
"SHKBP1",0.543740046042839,0.103659061003699,0.229,0.191,1
"TCFL5",0.543909827487145,0.982465846020755,0.029,0.018,1
"TMEM202-AS1",0.544180031178483,-0.408415384360137,0.018,0.02,1
"ENSG00000287269",0.544315000196553,1.31024168623187,0.02,0.01,1
"ANKRD13D",0.544438917285569,-0.214963432520054,0.189,0.207,1
"LUCAT1",0.544450314098974,-0.997590829885397,0.023,0.02,1
"PANK4",0.544514456393581,-0.358893874114713,0.068,0.064,1
"GPAT3",0.544734183281093,-1.25051518380003,0.008,0.015,1
"ZNF197",0.544782264706578,0.432945015646245,0.023,0.015,1
"MCM9",0.544794145631481,0.429539557772286,0.113,0.092,1
"KANSL1-AS1",0.544808363629338,-0.761704334539133,0.02,0.023,1
"SNX29",0.544974064913734,-0.431012986510758,0.068,0.077,1
"BEND3",0.54512147481449,1.52600212373248,0.012,0.005,1
"CLIP3",0.54527977424212,0.987954608135573,0.012,0.005,1
"TAB1",0.545326976114037,0.284960740731725,0.033,0.02,1
"MMP25-AS1",0.545384678605973,-0.653788564895526,0.039,0.048,1
"ENSG00000290590",0.545795787589297,1.01505761737246,0.016,0.008,1
"INSYN2B",0.545843499470454,-0.876306751685968,0.008,0.015,1
"MAFG",0.545876638196209,0.391855057623694,0.111,0.084,1
"ENSG00000267605",0.545920299625091,-1.19366778496271,0.006,0.013,1
"AP3M1",0.546394040984094,0.438295947122268,0.105,0.084,1
"FOS",0.546621848811936,-0.39140191969933,0.5,0.515,1
"TOM1",0.546921086764913,0.179149351861877,0.186,0.153,1
"NBPF8",0.547079066688305,0.111461969615024,0.068,0.064,1
"MRPL47",0.547162444371336,0.282284794323197,0.379,0.321,1
"CLCF1",0.547236813324636,-0.469802034229684,0.061,0.079,1
"EYS",0.547319315766684,-1.06826753656255,0.006,0.013,1
"FRMPD3",0.547415576637843,-0.514464265385094,0.031,0.036,1
"BICD1",0.547546254014816,-0.334959162100881,0.062,0.077,1
"ZNF470",0.547788981157911,-0.988325013589082,0.006,0.013,1
"PUM1",0.547888119606802,-0.145613375130057,0.326,0.344,1
"EXOSC3",0.547894034530811,0.248839692735629,0.191,0.168,1
"ATP13A1",0.547920675366495,-0.173376869328441,0.068,0.074,1
"MRPS27",0.548003991515127,-0.583826656638725,0.066,0.082,1
"FZR1",0.548080443343,0.116905291573144,0.215,0.181,1
"MAPRE3",0.548133183354634,0.608833630230553,0.033,0.02,1
"LINC02580",0.548219292535458,-0.324026735009023,0.02,0.031,1
"ZBTB49",0.548296175985729,0.12129194275148,0.125,0.099,1
"ENSG00000245025",0.548596298453052,0.648070287611143,0.012,0.005,1
"GEMIN2",0.548794768743836,0.967734278969501,0.033,0.02,1
"SETD4",0.548909991667026,0.178801792521887,0.055,0.043,1
"PPP4R3B",0.549009532132556,0.188880756258026,0.346,0.316,1
"WDR26",0.54914521351452,0.131960786613205,0.273,0.253,1
"STEAP1B",0.549192307457101,-0.112481480207134,0.107,0.122,1
"XPO7",0.54934987496404,0.286725814950412,0.094,0.071,1
"EARS2",0.549424771350609,0.778314315113152,0.012,0.005,1
"IK",0.549433957293871,0.149559593754346,0.488,0.436,1
"DDX3X",0.549439662493015,0.12088389535724,0.596,0.579,1
"CYB561D1",0.549538943298227,-0.233614763987187,0.027,0.036,1
"ENSG00000260464",0.549549830770684,-1.41806860880707,0.004,0.01,1
"NME9",0.549624244713758,0.729795379366674,0.016,0.008,1
"VMAC",0.549805426705373,0.182360531833802,0.043,0.028,1
"ENSG00000265907",0.54983407119775,-0.955763744770445,0.01,0.018,1
"PNPLA6",0.549894806988615,0.254671615865782,0.062,0.046,1
"ZNF784",0.549905562126644,-0.788428782600627,0.008,0.015,1
"ALG1",0.54991778185308,-0.310076928430544,0.035,0.046,1
"ITFG2",0.549961428823766,0.16155717424307,0.117,0.092,1
"CACFD1",0.550075091563424,0.569253793154497,0.016,0.008,1
"SMPD1",0.550249010830389,0.211022687525409,0.084,0.064,1
"MTURN",0.550440035450355,0.34044806360182,0.092,0.071,1
"GPX7",0.550456385389971,0.216223168607697,0.117,0.089,1
"SMARCA5-AS1",0.550492712279749,0.393910001967574,0.072,0.051,1
"JPT2",0.550553106972625,-0.93781562704102,0.029,0.041,1
"HACL1",0.550556966070195,0.311458780463452,0.129,0.099,1
"TCEANC",0.550899443670257,-1.09589082426583,0.016,0.026,1
"HEBP2",0.550942467317336,0.395052655956471,0.086,0.069,1
"ZCCHC9",0.550966628346447,-0.583180697217617,0.027,0.036,1
"ZNF542P",0.551074177059849,1.10334933365937,0.014,0.008,1
"CENPN",0.551167689212349,0.495309175991508,0.08,0.061,1
"MPP1",0.551512745970468,0.979714898761108,0.012,0.005,1
"STMP1",0.55155315619224,-0.231826066325132,0.18,0.194,1
"POU2F2-AS1",0.551598450626564,-1.41047781260164,0.008,0.015,1
"AXIN1",0.551633661874402,-0.287890595842275,0.162,0.179,1
"MYD88",0.5516358709308,0.219688475797488,0.188,0.151,1
"MCCC1",0.551701237968749,-0.511711582992558,0.041,0.054,1
"GK",0.551777923185699,-0.486021465378372,0.029,0.026,1
"ICAM1",0.551910372519443,0.139989857789394,0.133,0.107,1
"XPO6",0.55193843449484,-0.247644677913853,0.111,0.13,1
"TMOD1",0.552055994912862,0.73452671791983,0.016,0.008,1
"VASN",0.552216838287248,-1.11712959047169,0.014,0.02,1
"NFKBIE",0.552279488870653,-0.13293099280243,0.111,0.107,1
"EPS8L2",0.552353183909827,-0.545179842602004,0.037,0.048,1
"DPP8",0.552381597668911,0.115913724084525,0.143,0.122,1
"BBS1",0.552741234644028,0.616100591831529,0.033,0.02,1
"RPL36A",0.552849330606208,0.103067369065826,0.977,0.967,1
"RIMKLB",0.552988336086073,0.996881727000135,0.016,0.008,1
"ENSG00000291079",0.553010821849688,-0.421439413189924,0.051,0.064,1
"CTNS",0.553598422968136,-0.579908355443151,0.02,0.01,1
"ENTPD5",0.553754446008151,-1.34141469418071,0.008,0.015,1
"PLA2G2C",0.553755922261339,1.10308099016224,0.023,0.015,1
"PPWD1",0.55382696781074,0.390899142600743,0.227,0.181,1
"CRADD",0.553944313538502,-0.66874812730686,0.055,0.071,1
"SPATA2",0.554001345095442,-0.113931602548682,0.088,0.097,1
"SURF6",0.554195420097206,0.307812836917271,0.104,0.077,1
"LHFPL3",0.554265821765198,-0.891326582076306,0.006,0.013,1
"SLCO5A1",0.554273808904798,0.801550992175846,0.049,0.033,1
"ZNF350",0.554378990281575,0.255594837033063,0.117,0.097,1
"NAALADL1",0.554825521312078,-1.17568396922818,0.008,0.015,1
"DEDD",0.554844676637327,-0.128879691128855,0.168,0.173,1
"NDOR1",0.554846876133667,0.313338185744891,0.057,0.041,1
"TST",0.554964496504662,-1.22967838929554,0.004,0.01,1
"RPUSD2",0.555036558962667,-0.135569474473261,0.053,0.059,1
"MTCP1",0.555116275412517,0.548896991746892,0.033,0.02,1
"SAT1",0.555119773226065,-0.174180337317156,0.725,0.73,1
"MRPS15",0.555282338838172,0.24001625791463,0.26,0.214,1
"AHDC1",0.555444844931982,0.491731823424704,0.082,0.061,1
"MRNIP",0.555479887356861,0.240424899990841,0.07,0.056,1
"SLC27A5",0.555491524183708,0.761351272051101,0.029,0.018,1
"ENSG00000290692",0.555512242558779,0.71457606324115,0.021,0.013,1
"TRBJ2-7",0.55554984904269,-1.28467561004541,0.008,0.013,1
"PLCD1",0.555650280565993,0.484934006926451,0.045,0.031,1
"CENPV",0.555788685002372,0.521460874284364,0.059,0.041,1
"PXN",0.556023606889537,-0.126114409963851,0.375,0.372,1
"GOT1",0.556076234260057,0.181746666956504,0.143,0.115,1
"TTC22",0.556141780663522,0.56050355762381,0.016,0.008,1
"KTI12",0.556286072647898,0.914838994118773,0.02,0.01,1
"SLC20A1-DT",0.556373448666333,-1.17520078646965,0.008,0.018,1
"SMIM7",0.556547077872826,-0.174282298215954,0.18,0.186,1
"PFDN6",0.556748809382794,-0.407712429199347,0.117,0.135,1
"YIPF3",0.557158104745966,0.229405346438568,0.268,0.219,1
"HCFC1R1",0.55717838165956,-0.227506184198174,0.1,0.117,1
"CYTH4",0.557314020877886,-0.230071227321132,0.104,0.12,1
"PRPSAP1",0.557539270495306,-0.274434986867489,0.104,0.117,1
"PI4KB",0.5575673946418,-0.198540364718566,0.133,0.151,1
"MIR29B2CHG",0.557612673660309,-0.685063203392681,0.043,0.056,1
"DIABLO",0.557762368294694,0.314692097825063,0.104,0.079,1
"MTG1",0.557770582627842,-0.224647668022576,0.096,0.102,1
"MED8",0.557822231731453,0.242882528040346,0.164,0.138,1
"ADCY3",0.557843617512469,0.485818657491704,0.031,0.02,1
"DDX55",0.5578497411624,0.259607819905534,0.08,0.059,1
"SNX16",0.558050245125616,0.530034607847232,0.029,0.018,1
"DOCK11",0.558169855136353,-0.29945997679064,0.197,0.196,1
"SENP3",0.55835582233549,-0.228306188149503,0.039,0.051,1
"MRPS17",0.558431933036914,0.279986138018699,0.111,0.087,1
"ENSG00000230747",0.558501510750239,-1.10627920005445,0.008,0.015,1
"CEP250-AS1",0.558590659629297,-0.494595733106169,0.035,0.043,1
"ERICH1",0.558632803222941,-0.305308623207642,0.145,0.163,1
"ENSG00000238142",0.558660128724252,0.278560684672229,0.023,0.023,1
"CTSO",0.558757915866849,0.310931067700395,0.02,0.013,1
"SPAST",0.558886070754096,-0.149277770672913,0.09,0.105,1
"PRKCQ-AS1",0.558961195212295,0.339416338045448,0.207,0.173,1
"CUX1",0.559133423762283,0.325244436699042,0.209,0.171,1
"RNF25",0.559302848536887,-0.129349420102452,0.113,0.12,1
"G2E3-AS1",0.559373130400808,-0.907710460692833,0.014,0.018,1
"RBM4B",0.559437747852032,0.102997110650542,0.09,0.084,1
"BNIP3L",0.559623854562235,-0.119418935233708,0.324,0.337,1
"ADCK5",0.560090295174563,0.379310968408285,0.02,0.01,1
"NLRC3",0.560125327132561,0.299975886945712,0.172,0.135,1
"GOLGA7B",0.560527016866525,-2.33680908263301,0.004,0.01,1
"IRF1-AS1",0.560606377407146,-0.201826277472363,0.352,0.365,1
"RIOK2",0.560794721510174,0.205851046690211,0.137,0.122,1
"GMEB1",0.560897692546726,0.315515135846595,0.086,0.064,1
"AP3S1",0.561130774254307,-0.161502047759369,0.287,0.298,1
"SLC35F6",0.561227778386674,-0.413010521474434,0.043,0.054,1
"ZNF624",0.561438369912482,0.233823305415008,0.023,0.015,1
"POLH",0.561527498045935,0.441344839501418,0.141,0.11,1
"AP1S2",0.56166852568654,-0.144603178669271,0.156,0.173,1
"DNAI3",0.561717840825535,-0.35396411685387,0.016,0.02,1
"LINC03011",0.561795261081618,-1.46095236932494,0.004,0.01,1
"RUNDC3B",0.56181401853927,0.903950092272757,0.012,0.005,1
"RHBDD3",0.561923612393522,-1.08415121539004,0.02,0.023,1
"SLC35F5",0.562392855819788,0.183411489491166,0.086,0.071,1
"LRRC46",0.562540184193588,0.800596148301616,0.012,0.005,1
"YTHDF3",0.562819051173258,-0.10302617203379,0.199,0.186,1
"ZSCAN30",0.56284254330559,0.391957032397185,0.012,0.005,1
"TNIK",0.562847134829342,0.108727385955972,0.453,0.398,1
"HSDL1",0.56316070818957,0.319024298938978,0.059,0.041,1
"H2BC3",0.563271135959964,-0.723079408004653,0.016,0.015,1
"VTI1B",0.563357319040275,-0.123348410851692,0.203,0.219,1
"SPDYE5",0.563457214840142,1.37180871808146,0.012,0.005,1
"MKS1",0.563528111975894,1.20831864901512,0.012,0.005,1
"VPS37C",0.5635530812251,0.92368676975954,0.016,0.008,1
"SLC39A11",0.563566202091796,0.459468866070154,0.037,0.031,1
"POT1",0.563768756238276,0.308935532118912,0.023,0.026,1
"ZNF235",0.563848285962735,0.781790056725074,0.053,0.036,1
"SPSB1",0.564042653241008,0.450809948199939,0.043,0.031,1
"SP140",0.564092687723902,-0.181131789570918,0.309,0.334,1
"CSRNP1",0.564233177487553,-0.12711257990716,0.527,0.541,1
"MARF1",0.564261655540875,0.396314057058193,0.139,0.11,1
"LINC00239",0.564277161717169,1.39292170003726,0.016,0.008,1
"PTOV1-AS2",0.564316705726769,-1.9277135150707,0.004,0.01,1
"ITGB1BP1",0.564349004507751,-0.24224989218398,0.189,0.204,1
"EXOSC8",0.564638617795072,-0.249854750321902,0.115,0.13,1
"SRSF12",0.564666462991474,0.347281210549288,0.018,0.013,1
"CHP1",0.564722546922523,0.391747334677646,0.117,0.092,1
"ZNF319",0.564801270575923,-0.402267503884128,0.02,0.023,1
"EML1",0.564908051220124,1.28340186983425,0.012,0.005,1
"ZNF597",0.564928352559805,0.587329593598506,0.043,0.028,1
"ENSG00000237568",0.564971171486371,-0.542480606217325,0.025,0.036,1
"FEM1B",0.565004974287142,0.125312398206828,0.139,0.115,1
"OAS1",0.565070546156557,-0.230463839683197,0.053,0.064,1
"DNHD1",0.565178859327679,0.123483693052837,0.033,0.033,1
"WDR5",0.565243340622198,0.446375160183755,0.096,0.071,1
"MMGT1",0.565258324379621,-0.40370424112196,0.104,0.115,1
"MED6",0.565358072759964,0.29113420277363,0.184,0.148,1
"SSB",0.565391181225481,0.17493361094861,0.357,0.314,1
"PCF11",0.565489164613494,-0.372711735743667,0.197,0.209,1
"CHST2",0.565628123446689,-0.874041035256725,0.023,0.036,1
"SLC25A24",0.565675450372534,-0.472307425919546,0.033,0.046,1
"ACTL10",0.565697074444163,0.742849500879999,0.02,0.01,1
"INTS6L",0.566053091452189,-0.419548322320439,0.172,0.194,1
"CMC4",0.566087929911641,-1.32905888141641,0.006,0.013,1
"RTCA",0.566155258848665,0.229093372725722,0.189,0.158,1
"ARL16",0.566263982862678,-0.187043177850103,0.133,0.13,1
"NUS1",0.566275403496583,-0.284194039303136,0.131,0.145,1
"TMEM39B",0.566369359001651,0.529151246653039,0.064,0.046,1
"FMO5",0.566541935286911,-0.565128078849135,0.02,0.028,1
"C10orf88",0.566820416299878,0.63648989193861,0.016,0.008,1
"CD28",0.567135482946442,0.460195555381512,0.117,0.087,1
"SMC2",0.567156690921113,0.679479013197447,0.039,0.026,1
"H3C2",0.567197781676343,0.882234184637483,0.012,0.015,1
"TMEM60",0.567262728428356,0.472812701638973,0.055,0.041,1
"CRNKL1",0.567411531619316,0.19745376263986,0.26,0.222,1
"ENSG00000254682",0.567416912169649,0.668578543387504,0.074,0.054,1
"ABHD18",0.567505755045789,0.362654463062499,0.117,0.092,1
"ZMAT5",0.567571119930804,-0.210525494919449,0.049,0.051,1
"CHPT1",0.567580579817342,0.226789416784266,0.068,0.054,1
"ABHD5",0.567900172917972,-0.394064272307591,0.137,0.156,1
"ZNF425",0.567937418911647,-0.455389327856296,0.012,0.013,1
"EDEM3",0.568335475195557,-0.33299393490236,0.115,0.11,1
"NCOA3",0.568348415925105,-0.166717192800293,0.26,0.25,1
"LINC02649",0.568809650207612,0.680606601467741,0.055,0.043,1
"PINX1",0.569161968870605,0.78519369568168,0.082,0.061,1
"RNF139",0.569178981585237,-0.150034832125515,0.207,0.212,1
"ENSG00000262049",0.569193923653457,-0.312636820299435,0.045,0.059,1
"ZNF766",0.569338222696432,0.368283597891644,0.068,0.048,1
"B4GALT4-AS1",0.569416913294758,-0.940655642365183,0.012,0.015,1
"ENSG00000288826",0.569480690974666,-0.116737776114761,0.012,0.015,1
"ST8SIA4",0.569528524653354,0.125946180566738,0.203,0.209,1
"PPP2R2D",0.56955847478475,-0.149395354534925,0.295,0.304,1
"FBXL12",0.570231701522337,-0.303328866723035,0.117,0.135,1
"NT5DC1",0.570441304901432,0.425828538544048,0.096,0.071,1
"CERT1",0.57046917301894,0.176577880785423,0.213,0.179,1
"ENSG00000289135",0.570491246345889,-0.593434674428676,0.041,0.054,1
"CDK5R1",0.570732686789267,-0.842698558360782,0.014,0.023,1
"DNASE2",0.570783081588371,-0.147082782533555,0.064,0.059,1
"CDK14",0.570819231580455,0.239837272935443,0.012,0.005,1
"ALOX12-AS1",0.570853140049557,0.16718458641984,0.082,0.071,1
"TRPS1",0.570973005464459,-0.389323778536878,0.053,0.064,1
"PALLD",0.571064495766787,-1.27281748304434,0.01,0.018,1
"USP27X",0.571160488066946,0.496466413566491,0.012,0.005,1
"CMTR2",0.571171032154608,-0.120261458939701,0.07,0.082,1
"MDM2",0.57136225909613,0.171801804136551,0.146,0.125,1
"RALGPS1",0.571366884981472,0.893360216859939,0.039,0.026,1
"ENSG00000289319",0.571619291827711,-1.13529887211612,0.012,0.01,1
"SH3D21",0.571660692403558,-1.12295550575748,0.004,0.01,1
"TLE2",0.57167391682304,1.15354210022823,0.012,0.005,1
"SLC38A10",0.571784406086589,-0.432760412823858,0.094,0.11,1
"PCAT1",0.571893630617841,0.905593988910241,0.025,0.015,1
"SFXN5",0.571916178034718,1.21495575936471,0.012,0.005,1
"OIP5-AS1",0.572235977598046,-0.346593213752345,0.096,0.11,1
"MRPS9",0.572292101058646,-0.208745329882102,0.088,0.102,1
"USP4",0.572339945617027,-0.125143446416727,0.221,0.23,1
"FGF22",0.57234352827018,0.308432627536473,0.016,0.008,1
"SLX1B",0.572494124136719,-0.778487129257578,0.016,0.026,1
"ODF2",0.57256430772521,0.188798642428156,0.174,0.145,1
"KLF2-DT",0.572642547968331,1.16284814685244,0.016,0.013,1
"SCOC",0.573144293547651,-0.15179471238728,0.047,0.056,1
"SLC35B2",0.573180532159679,-0.656394579618703,0.055,0.064,1
"GTF2H5",0.573238408129496,-0.115920270317663,0.062,0.077,1
"WWC3",0.57359757411612,-0.134188986486349,0.096,0.084,1
"CALHM2",0.573601693122058,-0.466467714115939,0.047,0.059,1
"SEC24A",0.573760605554115,0.316599789517935,0.162,0.13,1
"ZNF287",0.573811045754986,0.563318052466824,0.016,0.008,1
"SPIN4",0.573831078590834,0.347419784401504,0.01,0.005,1
"SPRY3",0.573905235263684,-0.569919602384331,0.014,0.013,1
"DNAJA3",0.573969765675347,-0.497750502609232,0.055,0.064,1
"TLR3",0.574122155989239,-0.807185652984616,0.018,0.02,1
"P2RY14",0.574131652997399,0.447090779445698,0.051,0.038,1
"ZBTB8OS",0.574278547124594,-0.163824537352827,0.189,0.184,1
"TMEM106B",0.574282661087155,0.180778066668749,0.107,0.084,1
"ANXA2R-OT1",0.574443543816215,0.456465307567686,0.061,0.046,1
"SLC44A2",0.574542631567725,-0.164681187780588,0.195,0.217,1
"ARAF",0.574616371998012,0.214560190313463,0.213,0.179,1
"PIGP",0.574660938155688,0.320244924085425,0.09,0.069,1
"SAT2",0.574784776848285,-0.219303706136697,0.236,0.247,1
"ENSG00000288764",0.574821535641082,0.762487965922196,0.01,0.005,1
"ENSG00000228061",0.575099924910385,-0.582143797141983,0.016,0.023,1
"ZNF429",0.575178253390298,0.173792759605465,0.049,0.041,1
"GTF2H3",0.575664794031101,0.27531159494074,0.07,0.051,1
"ARHGAP11A",0.575868285402752,-0.586202683901811,0.023,0.026,1
"PDP1",0.575958634465275,-0.459482338774268,0.068,0.077,1
"SSU72",0.575986877582335,-0.139666077161419,0.332,0.327,1
"WDR91",0.575990337629613,0.363061027322048,0.053,0.038,1
"LINC03033",0.575994467900786,0.52488040714995,0.023,0.018,1
"ENSG00000289049",0.576196589222341,-1.54125718323341,0.006,0.013,1
"UBR5-DT",0.576216985820404,1.01208070874494,0.012,0.005,1
"DPM1",0.576241297048846,-0.173139462655447,0.168,0.184,1
"GTPBP2",0.577179272529377,-0.279785564007149,0.023,0.033,1
"ENSG00000286035",0.577249869719393,-0.504246726474051,0.01,0.005,1
"DNAJB14",0.577451135198945,0.152820672756832,0.318,0.286,1
"CHID1",0.577658753064467,-0.362101236055549,0.049,0.064,1
"HSD17B4",0.577659741869687,-0.783715719388899,0.031,0.043,1
"ENSG00000287377",0.577698656323685,0.929580825749044,0.016,0.008,1
"UBE2W",0.577829097342821,0.269855897912047,0.162,0.13,1
"COA7",0.577935950591568,0.55380702888054,0.023,0.015,1
"ENSG00000287351",0.577936871110359,1.39040263970485,0.016,0.008,1
"TNFAIP1",0.57795272622806,0.300958302126575,0.057,0.041,1
"C8orf44",0.577974224317094,0.184238707460805,0.045,0.031,1
"SNHG14",0.578046788557156,0.376679287530569,0.113,0.097,1
"ATXN7L3",0.578062989918332,0.32733323471397,0.055,0.048,1
"BRD3",0.578242347148176,0.219142931146152,0.115,0.092,1
"ZNF552",0.578965751494071,-0.631116026516414,0.029,0.041,1
"TAOK2",0.579009535927629,0.525476848577376,0.051,0.038,1
"YPEL4",0.579079142244739,-0.500197683703303,0.021,0.031,1
"CAD",0.579156047471364,-1.25867544361464,0.006,0.013,1
"NLGN2",0.579274668527511,1.1107051426782,0.01,0.005,1
"RTN3",0.579679653125117,0.116184304476878,0.309,0.27,1
"ING5",0.579681251502554,-0.331470008293837,0.076,0.092,1
"EDRF1",0.57974572394686,0.169145722731695,0.146,0.12,1
"MICU2",0.579943665476952,0.175202949056356,0.209,0.199,1
"RNF20",0.579981564275764,0.573057837948253,0.068,0.048,1
"TLK2",0.580249215874574,0.110927148303323,0.207,0.176,1
"SMIM3",0.580331320231341,0.691441635153561,0.029,0.018,1
"TMEM87A",0.580348995430318,0.21070811621652,0.334,0.286,1
"MCM6",0.580405857661908,0.106960833501077,0.17,0.148,1
"ABCB7",0.580412066725699,-0.319553956091265,0.1,0.115,1
"ENSG00000289526",0.580799037729868,-0.306088943291453,0.018,0.023,1
"ENSG00000231856",0.580819473855884,0.566364531455106,0.033,0.023,1
"KLHL26",0.580864109751549,-0.44483189601943,0.016,0.026,1
"POLR3F",0.580893885479187,0.568046950097845,0.074,0.054,1
"FLT1",0.580920994644405,-0.305428072294825,0.031,0.038,1
"C11orf54",0.581337027272085,0.477514831658074,0.08,0.061,1
"ENSG00000290993",0.581445828588122,0.403017565196463,0.105,0.082,1
"GPANK1",0.581568670801764,-0.171027421767468,0.078,0.084,1
"UTP3",0.581721443917529,0.333351780285315,0.135,0.107,1
"PRKCH-AS1",0.581764524794904,-0.270683980180189,0.051,0.061,1
"KCTD16",0.58181429414097,0.836581273032601,0.01,0.005,1
"SSRP1",0.582173178206567,0.197679161804642,0.168,0.135,1
"LHFPL5",0.582411899404323,-0.250431940740834,0.02,0.028,1
"CENPB",0.582496619145144,-0.251487762925224,0.066,0.056,1
"FMR1",0.582698910592364,0.248611668299288,0.16,0.133,1
"LTB4R",0.582758917369237,-0.620536996472811,0.006,0.013,1
"SOX2-OT",0.582782983700722,-1.49506127102226,0.008,0.018,1
"NPEPL1",0.582789172168777,-0.345346390524043,0.053,0.061,1
"P2RY11",0.583061371385127,0.585617498650024,0.021,0.013,1
"CRTC3-AS1",0.583251454877178,0.616335929907724,0.012,0.005,1
"ENSG00000250751",0.583565909429133,0.424327498926476,0.016,0.008,1
"PRRC2A",0.583725885822879,0.200507260032487,0.264,0.224,1
"TSGA10",0.583858045071547,0.352714246466977,0.021,0.013,1
"RNF122",0.584086258633982,0.226238624830645,0.012,0.018,1
"RIF1",0.584324824622163,0.233296460873991,0.195,0.158,1
"TTC31",0.584498344021928,0.507608902782889,0.045,0.031,1
"PIAS2",0.584546143778336,0.204049360368116,0.098,0.099,1
"SDC4",0.584567171583616,0.949885719374515,0.029,0.018,1
"FAM171A1",0.58472179635606,0.899292243723293,0.012,0.005,1
"CHIC1",0.584791714679229,-0.182363967662489,0.059,0.048,1
"MYPOP",0.584954731456377,-0.210817895187327,0.08,0.082,1
"AMMECR1L",0.584998512165244,0.267770095007546,0.051,0.038,1
"CLN5",0.58544042538248,-0.390974007169987,0.033,0.046,1
"DPAGT1",0.585440454648178,-0.710007909598864,0.023,0.031,1
"NBPF10",0.585469582398561,-0.591978652904762,0.021,0.031,1
"ENSG00000286458",0.585509546816834,1.1474052622973,0.012,0.005,1
"SDHAF1",0.585621879742843,-0.217708137054958,0.066,0.069,1
"ABCA7",0.585688393049352,-0.80049955699507,0.025,0.036,1
"ABCD2",0.585884633636656,-0.74560264816744,0.008,0.015,1
"C2CD5",0.586426323341434,0.51409969214315,0.057,0.041,1
"DFFA",0.586533405782105,-0.203544914964087,0.092,0.102,1
"PDGFD",0.586540205593073,-0.222036002085054,0.074,0.092,1
"ENSG00000260145",0.586967672390872,0.996303562402916,0.012,0.005,1
"RWDD4",0.587054908960017,0.383129330178738,0.15,0.117,1
"ANXA7",0.58711532952349,0.198506026406081,0.344,0.283,1
"RPIA",0.587236501795495,-0.169281448088588,0.143,0.153,1
"GMPS",0.58724436793537,0.130150108512461,0.127,0.105,1
"TTC24",0.587382448032668,-0.224978123640331,0.014,0.013,1
"LRBA",0.58747371759323,0.194561695074781,0.311,0.27,1
"RWDD2B",0.587813268349772,-0.834171542146364,0.014,0.018,1
"METTL2B",0.587912380040059,0.6810875775435,0.055,0.038,1
"AMPD2",0.588019813033985,0.257864257077346,0.223,0.176,1
"TBL1XR1",0.588270617981645,0.220259028193622,0.289,0.24,1
"PPIL1",0.588304590824211,0.262548039231174,0.039,0.026,1
"RNF19A",0.588346036726526,0.15870425796218,0.652,0.605,1
"ATIC",0.588432066138677,-0.344872017957699,0.057,0.066,1
"MISFA",0.588620061195738,0.554232843584873,0.012,0.005,1
"ENSG00000230773",0.588744031557646,-0.424476556243504,0.004,0.01,1
"MDN1-AS1",0.588812938824221,1.11485894684675,0.012,0.005,1
"NIPA1",0.588865664226179,0.315610331454971,0.064,0.046,1
"C17orf75",0.588966166390483,-0.370605335925981,0.025,0.033,1
"MRS2",0.589039692729263,0.443535789635331,0.055,0.038,1
"CENPJ",0.589088937108124,0.510736234145711,0.012,0.005,1
"RPL26L1",0.589126517686504,0.52654097830942,0.082,0.066,1
"GFOD2",0.589139389379046,0.168703593768414,0.053,0.041,1
"GEMIN7-AS1",0.589233025126313,-0.594334201550686,0.014,0.015,1
"SDF2L1",0.589328107452991,-0.322167282453716,0.197,0.202,1
"SDCBP2-AS1",0.589404010630131,0.255339359646668,0.039,0.031,1
"SRP68",0.589404688480594,0.219863643413204,0.182,0.145,1
"SDF4",0.58955969809423,-0.104090245491434,0.365,0.372,1
"RFWD3",0.589803407504505,0.196972582298505,0.076,0.061,1
"KLHL17",0.589868391771458,0.576177939695838,0.027,0.018,1
"ZNF830",0.589937201386499,0.283846581249917,0.16,0.135,1
"KIR2DL1",0.589977143949092,0.999770093945721,0.029,0.02,1
"SCGB2B2",0.590027285145485,-1.37981968774832,0.004,0.01,1
"CLEC16A",0.590106382693977,0.170799350444976,0.09,0.079,1
"POLR2J",0.590368388147776,-0.109589845934129,0.281,0.278,1
"ACAP3",0.590673779700615,-0.469914949354825,0.047,0.061,1
"RALGAPB",0.59073441346414,0.302025001999594,0.154,0.125,1
"WDR24",0.590879161074881,-0.833033464735711,0.016,0.023,1
"GNE",0.590966202628494,0.337473929291026,0.057,0.046,1
"RNF144A",0.59116258862448,-0.201034445270751,0.027,0.038,1
"DEPDC7",0.591216401330497,-1.31250938563387,0.004,0.01,1
"HEG1",0.591249277813368,0.3615535526633,0.139,0.11,1
"PALS1",0.591384921777886,0.393656566051793,0.051,0.036,1
"RAD17",0.591418456338527,-0.499688415182077,0.049,0.061,1
"C6orf120",0.592012952589279,0.379267980695366,0.086,0.066,1
"CDCA7",0.592016758911522,-0.620797093490673,0.012,0.02,1
"SLC27A1",0.592208731328271,-0.459790536255233,0.008,0.01,1
"BUD23",0.592350914967011,0.134462792439501,0.354,0.314,1
"TBC1D13",0.59236425675779,0.521132876829494,0.076,0.056,1
"FRMD6",0.592642548818754,-0.76742103133402,0.008,0.013,1
"ATG10",0.592799697249106,-0.164411931882338,0.037,0.048,1
"RPL31",0.592823586546946,0.10194328797996,0.973,0.962,1
"RPP25",0.593023407856283,0.556496790795528,0.025,0.015,1
"ARL8B",0.593122357618259,0.27474529075913,0.367,0.314,1
"DDB1",0.593585922558117,0.266504247995029,0.264,0.222,1
"UQCRHL",0.593682396693221,0.941642760607635,0.012,0.005,1
"RAVER1",0.593737762654254,0.483207562989215,0.139,0.11,1
"KNSTRN",0.593762634436027,1.64462128855406,0.012,0.005,1
"SEC31A",0.59390380450071,0.115810036868573,0.264,0.222,1
"PDGFB",0.593981202161815,1.12433119498218,0.012,0.005,1
"NGRN",0.594122935971852,0.152568144903677,0.283,0.245,1
"TAF8",0.594174493043003,-0.309718319361655,0.057,0.059,1
"BRI3BP",0.594213214865325,-0.209570161783103,0.037,0.046,1
"ATP6V0C",0.594252541595873,0.103355452628446,0.846,0.809,1
"UST",0.594533491509883,0.32058395117687,0.055,0.041,1
"CAPN1-AS1",0.594542778969938,0.313899140584367,0.01,0.005,1
"SOCS7",0.594580014048112,0.539733351446308,0.035,0.023,1
"AZI2",0.594747879973814,0.199314114094983,0.152,0.12,1
"ZDHHC9",0.594855141607173,1.16526105701587,0.012,0.005,1
"ENSG00000286808",0.594860534122803,0.75974782892396,0.012,0.005,1
"ZCCHC8",0.59487866786244,0.311417828254135,0.189,0.156,1
"NSF",0.594956194794957,0.274528416673971,0.172,0.145,1
"CEP128",0.59497571911844,-0.765948792106272,0.021,0.031,1
"AARS2",0.595146234480196,0.897591347193888,0.029,0.018,1
"CFL2",0.595230290534678,0.432541870643119,0.082,0.061,1
"MED19",0.595405143338038,0.284089783370615,0.193,0.171,1
"HDAC9",0.595517147599012,-1.58300491911087,0.006,0.013,1
"R3HDM2",0.595542978632095,0.197406470459881,0.172,0.145,1
"UBE2V2",0.59564163632054,0.231057313004505,0.111,0.092,1
"ARFIP1",0.595655346892132,0.529366260872843,0.064,0.046,1
"MRPL48",0.595796902929672,-0.142019042490779,0.07,0.066,1
"GTPBP6",0.595965974419866,-0.377998052589388,0.119,0.135,1
"ZNF394",0.596088224687906,0.106485166907233,0.318,0.283,1
"ZBTB40",0.596763300776225,0.19584804137047,0.062,0.051,1
"PMS2",0.596966619031451,0.456703101856136,0.029,0.018,1
"RABGEF1",0.597433016989604,-0.106210761470062,0.246,0.235,1
"SPIN1",0.597504587874801,0.339902021144807,0.105,0.082,1
"H4C4",0.597618275751483,0.291812633510318,0.016,0.01,1
"CHRNE",0.597620792354792,-0.281741388179963,0.057,0.059,1
"LOXL1-AS1",0.597682612082414,0.643627188500083,0.021,0.015,1
"MCEE",0.597713945181015,0.553166148177593,0.031,0.023,1
"KANSL1L",0.597834077401555,0.346310066854758,0.025,0.015,1
"NCBP2AS2",0.597870147618705,-0.133440300226694,0.203,0.222,1
"TRMT61A",0.597948025328434,0.347940852452353,0.031,0.02,1
"MBD6",0.598041973843171,-0.618993575285385,0.084,0.092,1
"MECP2",0.598060537983491,-0.130251331571943,0.354,0.375,1
"ACBD5",0.598162999340939,0.292834373615145,0.127,0.105,1
"ABCD4",0.598535126584465,-0.371988282661165,0.078,0.089,1
"ELF4",0.598664783917663,-0.18254607314917,0.146,0.158,1
"EIF1B-AS1",0.598675645202014,-1.99237367635167,0.004,0.01,1
"FAM168B",0.598862288089085,0.598859787867571,0.129,0.105,1
"MIR3142HG",0.599088406370581,0.676936721797091,0.041,0.028,1
"NSD2",0.599147195534842,0.313707097321262,0.082,0.061,1
"CROT",0.59919088018173,0.38844519382037,0.029,0.031,1
"ZBTB7B",0.599289176980319,0.57595975946404,0.031,0.02,1
"MYL11",0.599437312445464,0.400088098622377,0.035,0.023,1
"TBCK",0.599656570963472,-0.932175087868843,0.074,0.087,1
"ENSG00000265496",0.599755704427895,-0.203302754667637,0.033,0.041,1
"ENSG00000286686",0.599864300439008,1.84568965899176,0.01,0.005,1
"FANCM",0.59988895248444,0.131468774400967,0.039,0.028,1
"BYSL",0.600023206338454,0.409316067832988,0.021,0.013,1
"PITHD1",0.600127332268028,0.127413049334429,0.363,0.324,1
"RNF139-DT",0.600335139308807,-0.590522460661445,0.014,0.023,1
"DPYD-AS1",0.600647307766043,-0.752680065847842,0.004,0.01,1
"MKKS",0.600656631971496,0.199448888495574,0.098,0.089,1
"SLC35A3",0.600879611855354,-0.120202208220051,0.105,0.117,1
"CHCHD1",0.600916529859195,0.117787471764266,0.205,0.176,1
"DOHH",0.600933248264654,0.514205809915816,0.105,0.082,1
"SLC9B2",0.601288442443796,-0.243772838863772,0.068,0.082,1
"NCR1",0.601489015704684,-0.263314905900731,0.049,0.061,1
"SOD2",0.601530617015245,-0.177335836556754,0.283,0.276,1
"CNPY4",0.601767871674235,0.163689183317587,0.035,0.033,1
"LRP8",0.601978875753762,-0.108622727289554,0.039,0.036,1
"PGBD4",0.602016365320256,-0.66406036022564,0.008,0.015,1
"BAG1",0.602053397025939,0.263670130048391,0.35,0.301,1
"ARPC5",0.602142471734817,-0.136057940487562,0.438,0.446,1
"TRMT61B",0.602262238627515,0.565275835774756,0.072,0.054,1
"SMARCC2",0.602305594942023,0.229388046505974,0.227,0.186,1
"SLFN12L",0.602312682200998,-0.227266834236721,0.324,0.334,1
"PRDX2",0.602421746608312,-0.190065431043768,0.189,0.189,1
"LPXN",0.602570469061566,0.196905634202047,0.684,0.607,1
"TMEM65",0.602629819989539,0.29955894276349,0.082,0.061,1
"MT1X",0.602670392010048,0.825138171031622,0.227,0.235,1
"METTL15",0.602791528462933,-0.243685762168385,0.084,0.094,1
"ZNF510",0.602870684617068,-0.511077538273616,0.027,0.033,1
"STRADB",0.60288415752933,0.528387805973415,0.045,0.031,1
"ADAT3",0.602929285916659,0.178299930409246,0.076,0.061,1
"SLC35A2",0.603039197346439,0.150919133712891,0.057,0.041,1
"TRIM56",0.603047517808597,0.38221824152012,0.094,0.074,1
"NUDT2",0.603226973410152,0.184969346182681,0.057,0.041,1
"C3orf38",0.603424010613512,-0.221991626745175,0.158,0.171,1
"PPOX",0.604158883815972,-0.308808566822624,0.035,0.046,1
"R3HDM1",0.604612334934798,0.172985056254567,0.141,0.117,1
"CD70",0.604956311012071,-0.541054177082609,0.018,0.026,1
"GSN",0.605157829479177,-2.25282224071092,0.006,0.013,1
"TMEM234",0.605204177083836,0.270191102997701,0.053,0.043,1
"MAP3K9",0.605237573057468,-0.627892123883844,0.012,0.018,1
"ZC3H11A",0.605751971956375,0.346021305325141,0.098,0.074,1
"FNTA",0.605933504115477,0.139936643593817,0.291,0.245,1
"PRKCE",0.606007021345901,-0.128271427419929,0.176,0.194,1
"DNAJC14",0.606145570717887,0.488048823537603,0.035,0.023,1
"RTP4",0.606313684269955,-0.487182507188872,0.049,0.061,1
"MDP1",0.606723132437459,0.228081073471631,0.1,0.082,1
"BEX2",0.606988441580282,-0.562743005199244,0.041,0.051,1
"PLCL1",0.607249498635317,0.984815408027852,0.047,0.038,1
"DLG5",0.607409074191698,0.14830379141902,0.098,0.077,1
"ENSG00000288880",0.607467304116143,0.568876575404209,0.016,0.01,1
"OPA3",0.607625047414945,0.331446470310696,0.053,0.038,1
"COA1",0.607634355074956,0.14750952466984,0.154,0.156,1
"ZDHHC17",0.607690414661798,-0.220039191852174,0.08,0.082,1
"ARIH1",0.607802258244879,-0.104924497928158,0.434,0.454,1
"UBA1",0.607834807181657,0.24100923703151,0.193,0.158,1
"PTRH2",0.607932777858392,0.527280373319134,0.102,0.079,1
"ATL1",0.607952306039913,-0.716659812372696,0.014,0.023,1
"FUT10",0.608144923263406,0.384810908228036,0.037,0.026,1
"DUSP23",0.608605082967744,-0.253556971243978,0.051,0.056,1
"TRMT2A",0.60906208265299,0.145061986816797,0.055,0.041,1
"CHAC2",0.609201545821902,0.102639146239437,0.047,0.038,1
"PSMB8-AS1",0.609216871447125,-0.274729022441106,0.162,0.166,1
"FBXO22",0.609262181804079,0.181077343431221,0.055,0.048,1
"LSR",0.609307673545705,-0.889207023430917,0.014,0.018,1
"ENSG00000263657",0.609404064671274,0.857299400448996,0.031,0.02,1
"SNAPC3",0.609740063267161,-0.183827867192587,0.061,0.064,1
"ZDHHC20",0.609813161422844,0.126380530583658,0.26,0.24,1
"CBR4",0.609949968741245,-0.694342362104433,0.031,0.036,1
"MOSPD2",0.610000830238931,-0.5045729611217,0.029,0.031,1
"MUS81",0.610032198423051,0.244417495007941,0.057,0.043,1
"OTUD6B-AS1",0.610223553800238,-0.115914959244896,0.148,0.143,1
"R3HDM4",0.610244673684076,0.168590760507742,0.395,0.334,1
"NEU3",0.610318747133902,-0.394872542933467,0.025,0.031,1
"COX10-DT",0.610336025983076,-0.974657600260476,0.01,0.015,1
"KCNK5",0.610343497984959,-1.48426498278099,0.004,0.01,1
"NDUFS6",0.610365648922008,-0.114471338030544,0.371,0.38,1
"NAA40",0.610462516447914,-0.53457839466186,0.033,0.046,1
"ENSG00000254263",0.610575480349711,-0.828162050381012,0.008,0.015,1
"CDKN2C",0.611210028568825,-0.483380763420501,0.031,0.036,1
"KAT2B",0.611298666683738,-0.455264978150076,0.086,0.099,1
"MGST3",0.611305389557374,0.164415519998638,0.168,0.145,1
"LUZP1",0.611517128580662,0.280318243849329,0.34,0.283,1
"ENSG00000288999",0.611766274878704,-0.566813979524837,0.043,0.059,1
"ENSG00000289056",0.611853586971629,0.132804547555178,0.045,0.036,1
"FBXO9",0.611895376387687,0.172717621575491,0.143,0.115,1
"KPNA6",0.611958785868873,0.212481679821878,0.186,0.153,1
"ENSG00000290399",0.611996934004609,0.920724225664329,0.018,0.01,1
"MRPS6",0.61200740474586,0.163879963900161,0.447,0.406,1
"MRPL35",0.612100746635682,-0.223858054400931,0.033,0.043,1
"HIBCH",0.612282314652902,-0.231812107313813,0.104,0.102,1
"COPS4",0.612343910993258,-0.21148131795363,0.172,0.176,1
"ZNF227",0.612376757576063,0.122871210847896,0.068,0.059,1
"ARMC6",0.612399075919856,0.403529845757578,0.043,0.031,1
"ZNF280B",0.612409947674622,0.717702011632255,0.018,0.01,1
"RRAGC",0.612435796175508,0.279675185021867,0.184,0.153,1
"ZNF160",0.612683408717455,0.128077178701856,0.08,0.061,1
"ENSG00000233367",0.612784054725872,1.0329016275106,0.027,0.018,1
"ENSG00000291121",0.612785559481791,-0.883141447263116,0.027,0.036,1
"ENSG00000230735",0.612996347341977,-0.629676432232038,0.023,0.033,1
"ENSG00000291147",0.61301061009454,0.313136848045853,0.072,0.054,1
"MIAT",0.613028948496667,-0.244992563234599,0.105,0.122,1
"RHBDD1",0.613047445041764,-0.512505452192759,0.029,0.038,1
"WASL-DT",0.613176632777316,-0.982656130528778,0.006,0.01,1
"ARHGEF18",0.613244888183293,-0.392916033473633,0.096,0.105,1
"SLC41A3",0.613289340992786,-0.550574968240467,0.053,0.064,1
"SP3",0.613296103106732,0.190555489698911,0.361,0.316,1
"FAM174A",0.613495436720161,-0.308219130932225,0.066,0.066,1
"TMPO",0.613787944830517,0.225946479306526,0.188,0.173,1
"CDKL5",0.613976637775667,0.540762333840469,0.018,0.01,1
"ZDHHC13",0.61403018973765,-0.299192740258768,0.059,0.066,1
"ARHGAP18",0.614345514591249,0.179042931951039,0.025,0.026,1
"MEI1",0.614689673710432,0.30229762006444,0.096,0.074,1
"ZNF628",0.614694234216181,-0.162031921544993,0.049,0.046,1
"PDCD2L",0.614895463824045,-0.147610587807962,0.059,0.059,1
"TMEM185A",0.614957254399799,0.197245918619279,0.051,0.051,1
"STK39",0.615104118171978,0.187734451863666,0.186,0.153,1
"RBM5",0.615165770756855,0.150319508588765,0.311,0.281,1
"ZNF571",0.615213141633264,0.543932186223991,0.023,0.015,1
"SHF",0.6153762864721,0.491263635586216,0.014,0.008,1
"ENSG00000274422",0.615740594772705,1.04441230821675,0.01,0.005,1
"NSFL1C",0.616075407706749,0.291983771847181,0.252,0.209,1
"CSNK1G2",0.616233826158816,0.169993411122267,0.527,0.467,1
"TCEANC2",0.616347853181537,-0.574341077566586,0.018,0.026,1
"SGTB",0.616364387126295,-0.294407055366078,0.047,0.048,1
"INPP5K",0.616468565551768,-0.113562743565654,0.217,0.232,1
"AP5M1",0.616562822193368,0.389124569810944,0.111,0.089,1
"MTHFD2",0.616707552343721,0.216691365313303,0.316,0.293,1
"TSC1",0.616792413084839,-0.251476786370399,0.072,0.079,1
"TXNDC5",0.61688187633951,-0.381465493797702,0.039,0.046,1
"SCO2",0.616899989153199,0.45643756330458,0.129,0.105,1
"GSAP",0.616954263359792,-0.229164658651922,0.029,0.033,1
"REX1BD",0.617001604617416,-0.219599914561798,0.271,0.291,1
"STARD4-AS1",0.617153356685145,-1.27190936124497,0.008,0.01,1
"ANKH",0.6171613627129,-0.207276049386812,0.211,0.219,1
"CCDC43",0.617196266054943,0.466624103634894,0.092,0.079,1
"ZFYVE19",0.617274583182135,-0.808778617979563,0.023,0.033,1
"DEF8",0.617409029719334,0.288066302757255,0.107,0.089,1
"FAM91A1",0.617436696625349,-0.20988597264341,0.115,0.117,1
"TSPAN18",0.617511250337854,-0.44893731947427,0.01,0.005,1
"PGP",0.617596361187402,-0.310368151354518,0.109,0.125,1
"SLC48A1",0.617641805437092,-0.719865053049835,0.012,0.018,1
"ATRIP",0.617803560804297,0.17533790283396,0.053,0.048,1
"NFKBIB",0.617839067846882,0.133614665105275,0.42,0.375,1
"ENSG00000233912",0.618078405732496,-0.188069183389376,0.072,0.082,1
"CSTF2",0.61818814343921,-0.239343257159368,0.062,0.059,1
"ZNF337",0.618336466218152,0.469760431585937,0.035,0.023,1
"LDLRAP1",0.618721380416657,0.55623664720609,0.035,0.023,1
"CEP89",0.618848320597398,-0.295706605177671,0.043,0.054,1
"RNF31",0.619125604894912,0.412509040951548,0.111,0.087,1
"TMEM147",0.619262820742075,-0.182212297229413,0.211,0.224,1
"PDCD6",0.619506173190917,0.179233210174273,0.32,0.273,1
"FAM86DP",0.619608060506305,-0.368705847636958,0.01,0.008,1
"ERRFI1",0.619629791411131,-0.119130777868486,0.055,0.043,1
"MUL1",0.619647863277359,0.307131751692037,0.057,0.056,1
"TMED1",0.619756590764446,-0.196951921918593,0.086,0.102,1
"LAS1L",0.619785148604003,-0.18740071222648,0.084,0.097,1
"MPLKIP",0.619947642786811,0.103773695071503,0.143,0.12,1
"MTERF3",0.619993759079845,0.133600360275547,0.057,0.059,1
"HAUS8",0.620155562719316,0.24915045323174,0.039,0.028,1
"OBSCN",0.620356439101186,0.889280817807319,0.021,0.013,1
"CMC1",0.6204079752594,-0.116597477287757,0.201,0.184,1
"HIC1",0.620718363512885,-0.148257560879483,0.094,0.112,1
"WNT5B",0.621024595758154,0.828365401629259,0.018,0.01,1
"VPS18",0.621155023347955,-0.332742725404812,0.068,0.082,1
"SDCBP2",0.621310256757108,-1.52099825725154,0.004,0.01,1
"ENSG00000288012",0.621433989993799,-1.19087962965103,0.014,0.023,1
"HYLS1",0.621467669544676,0.329829339907064,0.041,0.031,1
"PIM1",0.621596787410266,0.10716647307568,0.555,0.543,1
"SLC2A8",0.62203121594503,-0.431707361637752,0.068,0.071,1
"ZNF480",0.622108203777963,0.186282011634715,0.035,0.023,1
"TOMM22",0.622145653076662,0.117917825568705,0.381,0.342,1
"WDR20",0.622290882182637,0.267844216233411,0.166,0.135,1
"WASHC4",0.622364778418011,0.222108613075016,0.285,0.237,1
"NUDT9",0.622758911271289,-0.229370802510581,0.055,0.051,1
"NFU1",0.62279463395593,0.116011910421749,0.219,0.184,1
"PUM3",0.622806644795373,0.416594948510054,0.133,0.107,1
"FKBP11",0.62285515963575,0.175161805676811,0.398,0.342,1
"ENSG00000234185",0.622981711644051,-0.546676095892238,0.025,0.036,1
"ENSG00000271855",0.622993018774177,-1.60580975898837,0.004,0.01,1
"REC8",0.623408660252462,-0.287814023202698,0.094,0.097,1
"TMEM168",0.623455890208165,0.285278915292183,0.051,0.036,1
"STK16",0.623584912420222,0.601069881285827,0.051,0.041,1
"SLC25A45",0.62372400326409,-0.784527632513684,0.02,0.031,1
"CASP10",0.623733970307355,0.547337124610951,0.051,0.036,1
"NPIPB13",0.623875291503,-0.533870231011873,0.037,0.048,1
"ENSG00000270175",0.623945375628696,-1.32025101820934,0.012,0.015,1
"SNHG29",0.624060581598961,0.119242130129521,0.842,0.783,1
"BCAS3",0.624202797348454,0.283888265732037,0.139,0.122,1
"WAC-AS1",0.624302927078038,0.338798084897301,0.088,0.071,1
"C15orf40",0.624364062209352,-0.10275484183415,0.1,0.092,1
"MTF1",0.624552593688514,0.385345897797534,0.094,0.084,1
"LINC01362",0.624607684158974,1.49755743189021,0.012,0.008,1
"PPP1R7",0.624669439328721,-0.234325695400869,0.17,0.186,1
"ENSG00000267002",0.62472141804739,0.683039381206332,0.018,0.013,1
"ZC3HC1",0.624811509650871,0.743586663098109,0.045,0.031,1
"MRPS5",0.624820537685615,0.241023343326379,0.193,0.166,1
"RTF2",0.624847274460697,0.150707277638042,0.277,0.235,1
"ENSG00000267379",0.625248958171682,-0.364810399507186,0.035,0.036,1
"LINC00324",0.625275471596115,0.445996317147765,0.031,0.02,1
"PLIN2",0.62531331408653,-0.135335216908196,0.307,0.316,1
"TECPR2",0.625476901526267,0.331370660645304,0.025,0.015,1
"CTBP2",0.62551339887541,-0.219563992851048,0.064,0.079,1
"TGDS",0.625514608015946,-0.292405960745853,0.057,0.069,1
"ENSG00000290127",0.625696262814408,0.455405199299128,0.01,0.005,1
"POMGNT1",0.625720805114829,0.38785379534265,0.033,0.026,1
"NBPF15",0.625772409834052,-0.582797406029257,0.025,0.028,1
"ENSG00000253607",0.625798801536047,-0.243380945033847,0.043,0.048,1
"PIK3CB",0.625832479219716,0.397903504941111,0.096,0.071,1
"GINS4",0.62584524381791,0.97811866771648,0.025,0.015,1
"MRTFA",0.625858836589957,-0.16627067313596,0.232,0.247,1
"ABRAXAS1",0.62598730202605,-0.1469676880923,0.039,0.041,1
"PPP1R12C",0.626057180038969,0.102054961896273,0.088,0.074,1
"H1-3",0.626120020459302,-0.354533147321422,0.15,0.158,1
"NHEJ1",0.62613126226128,0.24459712543604,0.086,0.074,1
"PPAN",0.626198110412811,-0.196640037523554,0.164,0.166,1
"IGBP1",0.626275580610541,0.234715978676141,0.316,0.268,1
"SLC25A25",0.626778641112424,0.174131431500511,0.078,0.061,1
"EIF6",0.626810129975699,0.118692920095014,0.443,0.383,1
"ZNF569",0.626951828835823,0.349362656220957,0.061,0.048,1
"MCM3AP",0.627306398556261,0.379681836447627,0.086,0.074,1
"TP53I13",0.627333749954811,-0.13598278103742,0.166,0.151,1
"ABCB8",0.627375240993614,0.223946815930895,0.055,0.041,1
"POLA1",0.627427892003511,0.617526217764881,0.031,0.02,1
"DNAJC18",0.627473974708348,1.40518835250322,0.023,0.015,1
"ENSG00000274425",0.627502039501093,-0.845804485096233,0.018,0.026,1
"USP38-DT",0.627868139023861,-0.529633579415043,0.008,0.013,1
"PRRC2B",0.628098089256467,0.117598508285415,0.232,0.202,1
"PTPRN2",0.628169407141081,0.762256469476385,0.016,0.013,1
"WDFY2",0.628482523327775,-0.191295948265109,0.193,0.194,1
"NET1",0.628611470165347,-0.901880958682769,0.02,0.028,1
"CPNE8",0.628645819274124,-0.369506872861685,0.012,0.018,1
"LRRC23",0.6287689267844,0.377138023711087,0.035,0.028,1
"BCLAF3",0.628813713478187,-0.385713338521255,0.023,0.018,1
"TANK-AS1",0.629066779935363,-0.455964437998997,0.086,0.112,1
"TRABD2A",0.629166881138911,-1.01573785810449,0.016,0.023,1
"GLTP",0.629231097752857,-0.231576270784828,0.168,0.181,1
"POLR1E",0.629490398802516,0.152912207400622,0.086,0.074,1
"ZBTB25",0.629646074058979,-0.395934695533441,0.08,0.092,1
"ENSG00000288983",0.62965826452052,0.661171856310686,0.016,0.01,1
"ZNF341",0.629721450520584,0.710376922502907,0.016,0.01,1
"FAF1",0.629732463050518,-0.140573778372325,0.209,0.214,1
"SMOX",0.629758633433493,0.411437822771124,0.014,0.008,1
"RNF113A",0.629780252361926,-0.272810011085992,0.174,0.179,1
"TRBV6-1",0.629796734501141,0.641195787210612,0.035,0.023,1
"TAB2",0.629876262165041,0.157371746078476,0.312,0.276,1
"MMACHC",0.630129109935633,0.602279927639097,0.023,0.015,1
"CTBP1-AS",0.630347626581262,0.37344892591573,0.023,0.015,1
"ZSCAN16-AS1",0.630435634411919,-0.24218296156817,0.105,0.117,1
"CASP2",0.630522527407643,-0.391887611786452,0.066,0.064,1
"NAP1L5",0.630538789749272,0.322764460332351,0.062,0.048,1
"AGPAT3",0.630599229850961,0.289361676686946,0.133,0.107,1
"FBXO11",0.630685427859942,-0.126656536475903,0.391,0.372,1
"ANK3",0.630685824040207,0.31633370233507,0.082,0.061,1
"PIGS",0.630827847059892,-0.144146446707304,0.086,0.077,1
"MAX",0.630830384518269,0.113862993108563,0.527,0.477,1
"ZSWIM8",0.630905034033085,-0.384231081167078,0.096,0.105,1
"LANCL2",0.6309675268782,-0.235916476534608,0.053,0.064,1
"RALGPS2",0.6309904776856,0.765544052447958,0.061,0.043,1
"DYNC1H1",0.63111943228025,-0.172730260059686,0.375,0.38,1
"ZFP1",0.631148701914651,0.353296670305609,0.055,0.043,1
"UFSP2",0.63126250145599,-0.384902589888233,0.084,0.094,1
"VIPAS39",0.631311237315278,-0.270848705862938,0.033,0.043,1
"MUC12-AS1",0.631483426181419,-0.562607587030518,0.018,0.023,1
"C1RL-AS1",0.6315300577155,0.878310731760087,0.018,0.01,1
"SARS2",0.631538438130829,-0.426965255770211,0.049,0.054,1
"ERCC3",0.631742368416649,0.193804257176011,0.133,0.112,1
"GPAT4",0.63182114498982,0.476023479043525,0.113,0.089,1
"TRBV14",0.63203536995611,0.100844633779626,0.01,0.005,1
"RNASEH2A",0.632118910736823,-1.68959895914435,0.014,0.023,1
"TMEM11",0.632295041470613,0.162968726544907,0.211,0.184,1
"CKAP5",0.632533095273235,0.320808024421524,0.096,0.074,1
"PTPN23-DT",0.632582652751562,0.193558017499202,0.01,0.005,1
"RNF10",0.632858258281828,0.129315197834389,0.385,0.339,1
"ZNF217",0.632979264978972,0.25939478519055,0.24,0.196,1
"E2F1",0.633096157196137,-0.206176527860512,0.012,0.018,1
"ZBTB26",0.633143532400597,0.259965312765298,0.025,0.018,1
"IQCB1",0.633216455097463,0.289560305105696,0.188,0.153,1
"ENSG00000289170",0.63325154961851,-1.03424594718642,0.01,0.015,1
"TGFBRAP1",0.633285587266922,0.501581282910832,0.064,0.051,1
"NDUFA6-DT",0.633478461479803,-0.978682787423578,0.018,0.023,1
"ZNF155",0.633599098531517,0.775457627709151,0.031,0.02,1
"ZNF154",0.633808859488207,-0.78063317513637,0.02,0.026,1
"AACS",0.634028002060887,0.531164374809512,0.037,0.026,1
"CDC42EP4",0.634391017299151,-0.433224665343142,0.01,0.008,1
"CLCC1",0.634406501188326,-0.380674274933189,0.018,0.026,1
"ZNF845",0.634457363588705,0.28389222146226,0.039,0.033,1
"CRAMP1",0.634478183152942,0.382532943302926,0.059,0.043,1
"DNAJC30",0.634554576584926,0.254124940266781,0.057,0.041,1
"ABHD4",0.634563134931768,-0.234042116787219,0.057,0.046,1
"KAT5",0.634563462479437,0.156445615357195,0.152,0.128,1
"KCTD5",0.634783103759522,0.12009078439909,0.076,0.066,1
"CCDC7",0.63481890011696,-0.637953413766263,0.039,0.051,1
"LSM4",0.634826659795911,-0.163699904661623,0.189,0.202,1
"CCHCR1",0.634905589353148,-0.42520592346247,0.012,0.018,1
"DMAC1",0.63503352888922,0.423262204418575,0.072,0.054,1
"STYXL1",0.635108556995837,-0.848816557149688,0.031,0.041,1
"ENSG00000289883",0.635208805589802,-1.17271267437891,0.004,0.01,1
"ZCWPW2",0.635212984694401,0.389812055737273,0.027,0.018,1
"POLN",0.635402499290935,-0.715668367069923,0.01,0.015,1
"GTF2H2C",0.635483671113855,-0.698693961652874,0.02,0.023,1
"MAN1B1",0.635555149548278,0.10659319331996,0.088,0.069,1
"COMMD8",0.635574679065901,0.204682456031497,0.113,0.094,1
"CUTC",0.635784177242428,0.35841693695116,0.105,0.084,1
"GNA13",0.635828996805929,0.101049021451284,0.48,0.426,1
"ENSG00000272078",0.635993802215938,0.717051613350059,0.018,0.01,1
"GPR155",0.636168806239879,0.960979297741081,0.02,0.013,1
"ENSG00000234915",0.63705332097724,-0.544370060017852,0.057,0.059,1
"HCG17",0.63718360803514,-0.354957607826575,0.086,0.099,1
"IGLC2",0.6375021977225,0.726291198180142,0.01,0.005,1
"CEP41",0.637503229614287,-0.966907697092448,0.008,0.013,1
"SEC23IP",0.637545058249986,0.211023018848731,0.104,0.082,1
"BOD1",0.637549103791637,-0.323395845115512,0.09,0.105,1
"XRCC4",0.637564610333114,0.597197243953637,0.023,0.018,1
"ARMCX5",0.637582222364903,-0.955461853481762,0.008,0.013,1
"TRIM11",0.637674232097575,-0.367612618405258,0.102,0.112,1
"HELQ",0.63792337219476,0.20674851762252,0.094,0.074,1
"INTS14",0.638176051437869,-0.398888631800487,0.08,0.092,1
"ACTR1B",0.63841877028116,-0.106182118853917,0.092,0.079,1
"POP5",0.639120065660321,-0.185302797509453,0.068,0.082,1
"GGH",0.63917905416425,-0.872968365486757,0.01,0.018,1
"SLC39A13",0.639226195140307,-0.766215518927871,0.039,0.051,1
"CANT1",0.63940298909047,0.186662735492316,0.08,0.064,1
"WDR53",0.63970367190114,-0.290178524055696,0.031,0.038,1
"LRRC57",0.639729441727791,-0.376935645490911,0.043,0.054,1
"SLC38A6",0.640568129171648,0.245089688322176,0.027,0.018,1
"TNFRSF4",0.640781599924614,0.533605494210343,0.051,0.041,1
"AGTPBP1",0.640853074885356,0.182172045444,0.277,0.253,1
"MVK",0.640959433691008,0.432005567751833,0.074,0.056,1
"ZCCHC24",0.641204706390927,-0.578967159884215,0.02,0.02,1
"DEF6",0.641373002519437,0.169122770837822,0.369,0.321,1
"LINC02520",0.641401220550132,-0.551036963882497,0.045,0.056,1
"PRMT1",0.64163143808761,0.16452228580411,0.406,0.349,1
"ZNF790",0.641748849180713,0.589483780079589,0.043,0.036,1
"SPHK1",0.641808772418041,-0.213060661598528,0.104,0.12,1
"RBBP8",0.641853095692754,0.373222315423885,0.129,0.102,1
"GCA",0.641941290949503,0.218576889181468,0.016,0.01,1
"UBFD1",0.641997098212676,-0.122725539063926,0.076,0.084,1
"TMEM33",0.642058924781039,0.368003393699921,0.174,0.14,1
"ENSG00000259088",0.642226492947349,0.370508693031191,0.043,0.031,1
"PITPNA-AS1",0.642423273008101,-0.160729410449286,0.041,0.048,1
"EFCAB2",0.642603558736881,-0.438089541416556,0.076,0.092,1
"CEP70",0.642608999348973,-0.920523984480237,0.016,0.023,1
"THG1L",0.642616059833966,0.3864484318885,0.064,0.048,1
"NEDD1",0.64266654524993,0.350309498518034,0.107,0.084,1
"ATAD5",0.642697702807026,0.838163014224362,0.031,0.02,1
"NADK",0.642923172989016,0.361548053813776,0.086,0.066,1
"TBRG4",0.643011329976015,-0.23848165479238,0.1,0.099,1
"PTPA",0.64326659868408,-0.300915849825001,0.084,0.097,1
"MRPL20-AS1",0.643392558289892,0.23452350592824,0.055,0.043,1
"ENSG00000272768",0.643721160476517,-0.325073713637432,0.02,0.026,1
"FANCC",0.643763139033936,0.57708117191335,0.025,0.02,1
"NAPA-AS1",0.643860281016477,0.190901841875129,0.021,0.02,1
"KDM3A",0.643909145677984,0.118917196968775,0.221,0.194,1
"NTMT1",0.644013215667709,0.147868431742749,0.207,0.196,1
"ZNF761",0.644125231622836,-0.399091202589256,0.051,0.064,1
"SLC10A7",0.644262350931276,-0.436046698107992,0.043,0.059,1
"GGNBP2",0.644328104067103,0.194597508040825,0.416,0.372,1
"HDDC3",0.644438045111954,-0.9895690948113,0.021,0.031,1
"LINC01215",0.644544354001276,0.278687811520183,0.033,0.023,1
"DAGLB",0.644585805173845,-0.278528011554796,0.033,0.033,1
"PDCD11",0.644716990079596,-0.15003057721872,0.041,0.033,1
"GLRX2",0.644829711677987,0.151912945150816,0.068,0.059,1
"CEPT1",0.644851830474175,0.306876562418251,0.078,0.059,1
"ENSG00000275964",0.644905830520704,0.646531959584213,0.014,0.008,1
"MFN2",0.645002368142984,0.143014102171235,0.076,0.059,1
"CACNA1C",0.645153056606513,-0.309381012113171,0.02,0.013,1
"GLUL",0.645633159952516,-0.335217998523047,0.148,0.173,1
"SOS2",0.645725794485986,-0.104479001085998,0.266,0.258,1
"CZIB",0.645731607699574,-0.245921822859108,0.072,0.082,1
"GIPC1",0.645865200452445,-0.487649920684817,0.053,0.064,1
"NEMP1",0.645990459649377,-0.814901373767857,0.014,0.02,1
"DNAJC4",0.645999945622112,0.105490867521976,0.133,0.112,1
"ABCC4",0.646044160450442,0.22976103836719,0.027,0.031,1
"MIPEP",0.646143060279328,0.801645050638855,0.021,0.013,1
"ZNF747",0.646165443150099,0.650058561434149,0.027,0.018,1
"ENSG00000265943",0.646211375854695,-0.653385762135864,0.01,0.008,1
"L2HGDH",0.646212137153862,-0.532224485671006,0.021,0.031,1
"ENSG00000261526",0.64650006645854,-0.358625845660175,0.094,0.112,1
"FHL1",0.646513443563043,1.08205960349446,0.01,0.005,1
"CPSF2",0.646537160756526,0.301119900776041,0.049,0.038,1
"FBXW8",0.646697592286647,0.556602303088267,0.037,0.026,1
"FAM234A",0.646825928602335,0.417181053838378,0.041,0.028,1
"MUTYH",0.646839468921955,-0.14861018274717,0.051,0.048,1
"RAB33B",0.646865196865772,0.170653186566333,0.074,0.071,1
"PARP4",0.646959590268488,0.19367672979975,0.129,0.105,1
"WARS1",0.646971509265129,-0.195660670024314,0.129,0.138,1
"TUBGCP5",0.647087341092256,0.338094413343339,0.035,0.026,1
"ENSG00000226471",0.647113743012224,-0.172586917120649,0.027,0.023,1
"FHIP2A",0.647197247280367,0.218442860316088,0.176,0.143,1
"KDM5D",0.647220927714603,-0.478105116918798,0.057,0.066,1
"SLAIN1",0.647250257226279,-0.12719714264753,0.043,0.038,1
"PNKP",0.647266670299957,0.388970785304791,0.164,0.133,1
"KRBOX5",0.647602884218336,-0.108174383393933,0.082,0.077,1
"ACTR3C",0.647711773059717,-1.82932816545359,0.006,0.013,1
"DNAAF9",0.647768863308105,-0.829358434127989,0.012,0.02,1
"ENSG00000258560",0.647910972259275,-0.499236111266178,0.047,0.061,1
"FAM135A",0.647974460535556,-0.209971097210587,0.014,0.02,1
"MSL3",0.648140758450343,0.224384362556298,0.184,0.153,1
"MAPK6",0.648512844993458,-0.122283820076818,0.141,0.145,1
"PXMP4",0.648682880501134,0.431353014195238,0.023,0.015,1
"MSH3",0.648738871701,0.510542849829743,0.072,0.054,1
"CMTR1",0.648763233451171,0.356673208017606,0.08,0.064,1
"MRPL57",0.648805110534429,-0.149764618068969,0.365,0.362,1
"TMEM131",0.648883377545353,0.20315237678541,0.166,0.14,1
"SCLT1",0.648922186373663,0.131502651183238,0.207,0.176,1
"CNTN5",0.648993433852564,0.241235917570378,0.01,0.018,1
"CENPE",0.649014322456581,0.616832707410325,0.02,0.013,1
"TRAV41",0.649132356502962,0.237711082171958,0.012,0.008,1
"PAFAH1B1",0.649274724216528,0.142310516515251,0.611,0.548,1
"ANKRD37",0.649498248531382,-0.38907775181062,0.133,0.151,1
"TMEM52",0.649539540983474,0.408119699296006,0.016,0.013,1
"ARHGEF39",0.649546008215544,1.13943127115307,0.021,0.013,1
"TSPAN31",0.649718004672264,-0.13501356063749,0.078,0.082,1
"TRMT10B",0.6503411661938,0.148751888283371,0.055,0.048,1
"PPP1R2",0.650396117172792,0.135141607659059,0.549,0.492,1
"SIRT6",0.650410567926433,-0.188424264339417,0.049,0.059,1
"IL11RA",0.650758092026297,-1.70453414358489,0.004,0.01,1
"MTMR10",0.650894929853532,0.164993041702557,0.061,0.051,1
"RNF170",0.650939406877689,0.675174226751019,0.021,0.013,1
"TMEM71",0.651069215646411,-0.107984151531974,0.217,0.212,1
"CEP290",0.651312737208194,0.261460834646853,0.1,0.084,1
"NAPRT",0.651378154980232,-0.267678878956688,0.051,0.061,1
"CCDC134",0.651689995080793,0.381189244082671,0.074,0.056,1
"ZNF444",0.651723984026705,0.505824998305309,0.078,0.066,1
"TMBIM6",0.651793707278162,0.121526334350021,0.662,0.63,1
"PTS",0.651965791280394,0.164575914357594,0.277,0.24,1
"CNOT6L",0.65197739838233,-0.112538784997832,0.508,0.523,1
"ASNS",0.652053729576037,0.869353620163032,0.018,0.01,1
"PRDM10",0.652104319637136,-0.230700776783128,0.045,0.048,1
"UBXN7",0.652219518388915,0.230024653454409,0.215,0.184,1
"METTL25",0.652704874114937,-0.392394879875265,0.033,0.038,1
"ILVBL",0.652791449531052,-0.195779974870085,0.055,0.046,1
"RASD1",0.652898405586563,0.144204135347238,0.02,0.02,1
"GCSH",0.653017387677982,-0.600254944033785,0.018,0.026,1
"PEMT",0.653266888975118,-0.147371486262138,0.035,0.043,1
"GOLGA8B",0.653276488076666,0.354721404916706,0.1,0.077,1
"EPS8",0.653282755305924,0.28937874105271,0.023,0.015,1
"CENATAC",0.653442661010993,-0.16837617095931,0.1,0.112,1
"SPTLC1",0.653486287938622,-0.119432383134228,0.176,0.189,1
"PRMT6",0.653515825420817,0.146329856237277,0.039,0.031,1
"CHD1-DT",0.65372227596424,-0.331124978988723,0.023,0.026,1
"ACP2",0.653731019764634,0.184430155290098,0.033,0.026,1
"GPX1",0.653833138247799,-0.124701194778696,0.301,0.288,1
"OARD1",0.654114090871559,-0.47389013620277,0.072,0.087,1
"TIMM22",0.654124799278929,0.235386402286453,0.145,0.12,1
"C11orf65",0.654683099687119,-0.184183965861671,0.016,0.015,1
"RRP9",0.654869300024752,-0.679545494683576,0.039,0.051,1
"DDX41",0.654886783086074,-0.115090106576385,0.111,0.107,1
"SELENOO",0.654896986514129,-0.13562723228418,0.166,0.176,1
"DBN1",0.654942163274118,-0.411932697166922,0.02,0.018,1
"ENSG00000289366",0.654958530510564,-0.34745050821375,0.035,0.043,1
"FCF1",0.655261493905676,0.11345179479823,0.08,0.064,1
"SLFN13",0.655305038686024,0.40559098090091,0.029,0.02,1
"FBXL3",0.655324424023631,0.300619539990988,0.193,0.163,1
"SFSWAP",0.655373515869203,-0.140935808423688,0.168,0.181,1
"PCSK1N",0.655385306189388,0.490091662978938,0.018,0.01,1
"DLGAP1-AS1",0.655723214612354,-0.45668321040329,0.061,0.071,1
"VIM",0.655884039820254,0.176863520878413,0.842,0.801,1
"ENSG00000288907",0.656041268585531,-0.828352637616892,0.01,0.015,1
"DMWD",0.656163549639122,0.251457610675034,0.117,0.099,1
"SPATA5L1",0.656216386897069,-0.250719470379752,0.049,0.054,1
"PTCD2",0.65623062104395,0.550637744930823,0.021,0.013,1
"H4C11",0.656553708810384,-0.210366808620305,0.016,0.023,1
"SMARCA4",0.656718332641809,-0.146654409250859,0.107,0.115,1
"VPS13B-DT",0.656732383506561,-0.149250812595296,0.014,0.02,1
"CCDC138",0.656756552007399,0.13050855577917,0.047,0.033,1
"SLC27A4",0.656759001825859,0.461166040829004,0.018,0.01,1
"TNFRSF12A",0.656795598205197,0.152920531680666,0.053,0.041,1
"BLMH",0.656802182603421,-0.121453069921199,0.176,0.186,1
"SUFU",0.656869249830936,-0.442095055430461,0.033,0.043,1
"LARS1",0.657111613081159,-0.160513388641168,0.074,0.074,1
"DALRD3",0.657173875594005,-0.194179115977845,0.137,0.122,1
"BMERB1",0.657214315446876,-0.581796785239691,0.018,0.026,1
"STAG1",0.657527789641036,0.11659903815116,0.418,0.375,1
"UFM1",0.657842961750718,0.244666269351542,0.35,0.304,1
"MAP3K10",0.657975612299666,0.172477359618594,0.029,0.036,1
"AASDH",0.658020003966324,-0.765134210189242,0.043,0.054,1
"ENSG00000263826",0.658362979870734,0.988725558678589,0.01,0.005,1
"NFXL1",0.658419354211326,0.405744655820894,0.045,0.036,1
"ZFP64",0.658440789873856,-0.26444924044372,0.033,0.041,1
"ADGRL1",0.658583784540328,-0.881911363574568,0.012,0.02,1
"CUL7",0.658624647690398,-0.78311909034816,0.01,0.015,1
"CYB5A",0.658690899880013,0.147949739601489,0.143,0.135,1
"DYNLT2B",0.658726100022921,-0.190322479067719,0.064,0.074,1
"ZNF75D",0.658823545220128,-0.21487102381814,0.057,0.061,1
"ENSG00000278743",0.658839907549595,-0.123674913376341,0.045,0.056,1
"FZD3",0.65891634689363,1.14786900091673,0.016,0.01,1
"ENSG00000291299",0.658918939596045,0.904957778108519,0.02,0.013,1
"TSPOAP1",0.658973472780853,0.146609029628129,0.088,0.079,1
"PPM1N",0.658988707836455,-0.801784364876753,0.004,0.01,1
"XKR6",0.659084318299742,-0.365815395798632,0.053,0.064,1
"CLN8",0.659367687243794,-0.157279540901566,0.064,0.069,1
"MRPS31",0.659556770061069,0.100171454733182,0.129,0.11,1
"MRPL55",0.659579787558067,-0.127640684875604,0.164,0.166,1
"NDUFAF5",0.659617294671503,0.10327175573856,0.088,0.087,1
"MAPK14",0.659695927014358,-0.240400916814048,0.135,0.133,1
"CDK12",0.659716560440094,0.135041863702175,0.238,0.204,1
"SLC26A11",0.659841563453891,0.273999981617033,0.039,0.033,1
"BRD9",0.659911618180759,0.111475287010426,0.178,0.148,1
"ENSG00000287190",0.660010005507816,-1.25817649007678,0.008,0.01,1
"C2orf49-DT",0.660062892330792,0.174677789385907,0.033,0.023,1
"STAU2",0.660082003400122,0.312998293359042,0.092,0.071,1
"MED11",0.660251977404103,0.416122744967266,0.08,0.061,1
"ELP1",0.660349839576689,0.208826411660147,0.082,0.064,1
"PCCA",0.660514647138208,-0.448543509339564,0.047,0.054,1
"ATP11C",0.660645921108996,-0.194630291773707,0.057,0.056,1
"TM2D3",0.660743574868153,-0.25217486916677,0.225,0.217,1
"RELA",0.660890711937352,0.166416844674245,0.451,0.401,1
"MARK3",0.661112419663106,-0.199634976597395,0.262,0.263,1
"ENSG00000223732",0.6612191159879,-0.899769538084552,0.01,0.015,1
"SH3BP5-AS1",0.662200446283088,-0.478553077422129,0.014,0.018,1
"SH3BP5",0.662387421282605,-0.157814348202223,0.104,0.117,1
"DYNC1LI2",0.662561623093451,0.234158475163828,0.195,0.158,1
"ZNF713",0.662710580815365,0.415510753694074,0.029,0.02,1
"AKAP13-AS1",0.662767258072247,-0.22780387599796,0.068,0.079,1
"KIF27",0.662982364567174,-0.176959271936118,0.082,0.071,1
"ZACN",0.663121816340798,-0.890931150940333,0.008,0.013,1
"CD109",0.663518560162703,0.736748492301058,0.023,0.023,1
"ZFPL1",0.663576956462266,-0.137410277134826,0.088,0.092,1
"ANKRD36C",0.663608283484334,-0.178592405461517,0.133,0.133,1
"PDE6B",0.663766613389989,-0.698737628861562,0.014,0.02,1
"ENSG00000232855",0.663804888467737,-0.416242663436611,0.039,0.051,1
"EFNA1",0.663913497670898,1.29671307643716,0.012,0.008,1
"NEK4",0.664059285338942,0.119250560827501,0.039,0.041,1
"ENSG00000236935",0.66410477835984,-0.61536304934833,0.016,0.023,1
"LONP1",0.664238976185451,-0.346809387508083,0.066,0.071,1
"RETSAT",0.664356019849676,0.597383022805579,0.033,0.023,1
"ENSG00000249492",0.664403992995945,-1.55931319340376,0.008,0.015,1
"YIPF4",0.664451115432762,0.105687827668734,0.205,0.173,1
"ALKBH5",0.664483913934077,-0.148184666782694,0.299,0.314,1
"ENSG00000285976",0.664588111223246,0.206944009309162,0.078,0.061,1
"WASF2",0.66488968950122,0.134669541954193,0.359,0.327,1
"FCER1G",0.665178888625458,-1.26672031625225,0.012,0.015,1
"ENSG00000228509",0.665335188327903,-1.16523075912731,0.014,0.018,1
"TRNAU1AP",0.665429404581856,0.259388512634701,0.141,0.112,1
"ANKRD17",0.665545959604456,0.172828056799391,0.373,0.324,1
"NADSYN1",0.665731701614181,-0.250193325344115,0.141,0.153,1
"CALML4",0.665767768383088,0.659201775698767,0.014,0.008,1
"STIMATE",0.666014584581093,-0.35329254900625,0.068,0.079,1
"FTSJ3",0.66611266879624,0.428807269616311,0.127,0.102,1
"CERK",0.666165803681766,0.190510376315454,0.357,0.319,1
"ZNF846",0.666178542537553,-0.66493544107712,0.016,0.02,1
"ARL17A",0.666190471253844,-0.651204131192974,0.02,0.026,1
"ZNF281",0.666318492758742,-0.149576996124765,0.109,0.117,1
"PRIM2",0.666386993728157,-0.113946155128612,0.076,0.074,1
"RBM33-DT",0.666782168175369,0.860630445225084,0.014,0.008,1
"CYP2R1",0.667117438922634,0.297312305198794,0.059,0.043,1
"RABEPK",0.667283946643396,0.419031105532393,0.047,0.033,1
"EFNB2",0.667570080458784,-0.575886505326143,0.016,0.023,1
"LRRC51",0.667613229103984,1.24170263877828,0.018,0.01,1
"APOBR",0.667714679891551,0.570757675579781,0.023,0.015,1
"ENSG00000254604",0.667873684626893,-0.750040102888482,0.018,0.026,1
"CHFR",0.668074553519261,-0.144777112163108,0.129,0.13,1
"BBS9",0.668219826219622,0.383350358542363,0.068,0.051,1
"GUSBP2",0.668454520575667,0.705471920970793,0.014,0.008,1
"SMARCE1",0.668827169381244,0.161934932030349,0.326,0.278,1
"ARHGEF2-AS2",0.668853562462681,-1.62764957635017,0.004,0.01,1
"HMGA1P4",0.668864451879558,-0.911681081264403,0.02,0.028,1
"MCM5",0.66892979150452,-0.139983280606228,0.062,0.066,1
"ACP6",0.669014917557022,0.418687646590362,0.018,0.01,1
"UBE3A",0.669188441053588,0.136920297744947,0.359,0.324,1
"TMEM14A",0.669242261516625,-0.773307663538487,0.018,0.023,1
"RMND5B",0.669266547959216,0.171790893888804,0.027,0.018,1
"ZDHHC24",0.669379007737637,-0.348037924387634,0.094,0.097,1
"PKD2",0.669467347556751,0.105403721393223,0.016,0.015,1
"PHGDH",0.669490690544397,-0.210002071392362,0.012,0.018,1
"INTS15",0.669500127863335,0.200442411658986,0.109,0.087,1
"ZNF14",0.669736411460914,-0.209241646645939,0.098,0.092,1
"ENSG00000288528",0.66976863590714,-0.219862854758804,0.086,0.087,1
"ZNF182",0.669957579444911,0.402228941138964,0.018,0.01,1
"ST7L",0.670220659742858,-0.486990059409202,0.031,0.038,1
"MRPL58",0.670230646980411,-0.184479149861717,0.098,0.107,1
"SH3YL1",0.670574711907505,0.402117189920402,0.041,0.033,1
"STEEP1",0.671052503817003,-0.75325007686263,0.041,0.051,1
"DMPK",0.67106023129322,-1.06217681659216,0.014,0.02,1
"COQ8B",0.671111052681115,0.21312964224897,0.045,0.033,1
"TM7SF3",0.671512733102115,0.287856698738858,0.057,0.043,1
"EBNA1BP2",0.67153362545215,0.145848221885758,0.111,0.099,1
"USP3-AS1",0.671678760611873,-0.388147415892341,0.08,0.084,1
"CSDE1",0.671894250299582,0.105425196359531,0.594,0.533,1
"PHLDA1-AS1",0.671933195501281,-0.599487592021367,0.02,0.028,1
"TMEM87B",0.67206079472561,0.112346667439716,0.059,0.048,1
"COMMD5",0.672104803186784,0.221781249105653,0.191,0.166,1
"ZNF555",0.672349163320823,-0.484539580463519,0.014,0.018,1
"SFT2D2",0.672615002959803,-0.154480203760152,0.162,0.176,1
"MTA1",0.672637059584445,-0.377740030855083,0.068,0.079,1
"ORC6",0.672688129505218,-0.254580943281539,0.014,0.013,1
"MICALL2",0.672708341177808,0.535073636967659,0.018,0.01,1
"FAM83G",0.672716653171515,-0.430376986718393,0.031,0.028,1
"ADCK2",0.672814950436937,-0.274628545465888,0.035,0.041,1
"ENSG00000268584",0.672865220212695,0.912716479522102,0.01,0.005,1
"ATXN7",0.673211006652465,0.129037842470784,0.27,0.235,1
"ENSG00000290951",0.673211695184585,0.474458834287012,0.051,0.038,1
"TPM2",0.673253729600518,1.22253778398656,0.012,0.01,1
"PPFIBP2",0.673297136355168,0.373899642971875,0.01,0.005,1
"MED12L",0.673340756176999,-0.304753563673145,0.025,0.033,1
"ARHGAP27",0.673765230051752,0.362557224343204,0.082,0.064,1
"HAGHL",0.673793215391514,-0.299413737457678,0.068,0.079,1
"MRPS12",0.673858352736137,0.109937758962332,0.227,0.204,1
"RXRB",0.673869135627289,0.153540385090259,0.107,0.094,1
"PDP2",0.674215028239442,-0.542031810967135,0.021,0.026,1
"GALNT6",0.674274256700548,-0.388127416051878,0.055,0.066,1
"THAP2",0.674399590495086,-0.299110641777179,0.035,0.043,1
"CTBS",0.674434826046428,-0.218392137725958,0.074,0.084,1
"MMP24OS",0.674476707482868,0.196677070242094,0.273,0.235,1
"SMIM27",0.674815029341945,0.253938623266877,0.094,0.074,1
"LINC00847",0.674912221900716,0.351085717167938,0.049,0.036,1
"FBXO28",0.675056919571988,0.24606614840111,0.143,0.128,1
"OPRM1",0.675242919616226,0.634876026088371,0.018,0.01,1
"VMA21",0.67533822981596,-0.121906103371769,0.125,0.138,1
"PAF1",0.675916192634135,0.142209208748795,0.342,0.296,1
"ENSG00000267009",0.676027554461265,-0.936132509256823,0.021,0.023,1
"ST3GAL2",0.676375120380319,0.569708908860118,0.049,0.038,1
"WDR43",0.676509322164484,-0.121805703027794,0.164,0.158,1
"NAPB",0.67659410076187,-0.652442422791829,0.031,0.038,1
"ZNF253",0.677063234827866,-0.170011575746055,0.051,0.046,1
"C12orf43",0.677319171044846,0.33493891668842,0.068,0.054,1
"BORCS5",0.677415790582284,0.291937510568863,0.33,0.293,1
"MT-ND4",0.677428819174723,0.135294211509132,0.838,0.796,1
"SLC27A2",0.677449939824512,0.755001596670815,0.018,0.01,1
"MBOAT7",0.677479861473499,-0.539015947828315,0.029,0.033,1
"ENSG00000290548",0.677635654293106,-0.494147656465131,0.055,0.056,1
"PM20D2",0.677705450944533,-0.219035391915062,0.021,0.026,1
"SLC35E3",0.677782076964209,-0.48449363991633,0.018,0.023,1
"ERG28",0.677898004333112,-0.235789123811618,0.107,0.117,1
"SNAP47",0.678207373174709,-0.470077104733801,0.057,0.066,1
"ELMO2",0.678316586223007,0.213308429757593,0.135,0.11,1
"FIZ1",0.678323968204634,-1.09709610452553,0.012,0.018,1
"IQCN",0.678442945831362,-0.627935349393892,0.01,0.015,1
"C11orf68",0.678512375320355,0.257652316661214,0.121,0.097,1
"NUFIP1",0.678634769758242,-0.111276110255808,0.105,0.102,1
"TMEM88",0.678678155118067,0.451740475427068,0.027,0.018,1
"C3orf33",0.678809084679328,-1.38920015246326,0.006,0.01,1
"ENSG00000287989",0.678841939551709,0.7302991402567,0.023,0.018,1
"BARD1",0.678951950317431,0.451062870517367,0.064,0.048,1
"PMS1",0.679027650122367,-0.135208931897163,0.074,0.071,1
"LTV1",0.679164768956843,0.237830649515484,0.143,0.115,1
"MED13",0.679293342865369,0.192641261626122,0.26,0.235,1
"PPP1R15B-AS1",0.679306880383947,-0.730140226834631,0.012,0.018,1
"MACROD1",0.67941732265706,0.941209704746305,0.023,0.015,1
"POLD3",0.679448169230124,0.444885962813081,0.059,0.043,1
"MCF2L2",0.679620803297896,0.324784789680076,0.039,0.028,1
"MYCBP2",0.679736109900965,-0.109177640307388,0.262,0.268,1
"NFIC",0.679802076077167,-0.632953474000628,0.033,0.043,1
"NF2",0.679827786463696,0.277621261595231,0.07,0.056,1
"QDPR",0.679928040038458,-0.492608937952093,0.047,0.056,1
"RETREG3",0.680096232127286,0.255663361638703,0.111,0.092,1
"EFCAB7",0.680258975751104,-0.22916687594844,0.023,0.031,1
"ZSCAN2",0.680667314618201,0.459645383648371,0.027,0.018,1
"FIG4",0.680833680500998,-0.555017348059217,0.031,0.033,1
"LINC02361",0.680962748179242,-0.138717273302954,0.016,0.023,1
"PLAGL2",0.681110193339186,0.503920199581235,0.074,0.064,1
"IRF7",0.681139132776029,0.213913054156547,0.422,0.393,1
"CPSF4",0.681232176998719,0.253953250167045,0.049,0.036,1
"SRF",0.681463398181447,0.210913746370679,0.119,0.097,1
"MIRLET7IHG",0.681748746618127,1.55513389274901,0.014,0.008,1
"UBAP1L",0.681808974327027,-0.999908588562175,0.006,0.013,1
"PIGG",0.681935596051814,0.327238396983461,0.068,0.054,1
"ZNF408",0.681983171928294,0.108235255285029,0.102,0.082,1
"ENSG00000273338",0.682241732073186,-0.471317132034039,0.025,0.036,1
"SLC2A11",0.682287600649815,-0.632838468148856,0.018,0.026,1
"NELFA",0.682454363645851,0.245944496350539,0.193,0.168,1
"ARMC9",0.68268474535197,0.569282472307593,0.033,0.023,1
"POGLUT3",0.682742282514818,-0.604380498876728,0.012,0.018,1
"ZNF687",0.682846724786263,0.504150480783827,0.033,0.023,1
"P2RX7",0.682886919062596,0.379144809759033,0.014,0.008,1
"SOCS4",0.68290275751836,0.213835192544756,0.137,0.122,1
"C8orf58",0.683528573524138,0.365653472805243,0.01,0.005,1
"CGRRF1",0.683821886244152,-0.177362291427476,0.121,0.133,1
"ERAP2",0.683848973372112,-0.153530039371627,0.113,0.125,1
"PLAGL1",0.683955272239057,-0.811661573561598,0.016,0.02,1
"DPYSL2",0.683982425313847,-0.159755659828199,0.006,0.01,1
"VPS45",0.684007298570923,-0.193883193226363,0.053,0.059,1
"THEMIS2",0.684161084420847,-0.58591221665431,0.057,0.056,1
"PLPP1",0.684380447164758,-0.440907416209399,0.059,0.069,1
"ZNF567",0.684441207795349,0.180129300047295,0.098,0.079,1
"SHPRH",0.684602582737984,-0.19659061453887,0.092,0.102,1
"CCDC124",0.684804486089008,-0.111372662830109,0.191,0.181,1
"NMT2",0.68486310904077,0.210087914980183,0.066,0.051,1
"SGCB",0.684954132080425,0.698754036834109,0.018,0.01,1
"IGHV1-69-2",0.685036537334126,0.964345243929635,0.01,0.005,1
"ELL",0.685511222939702,0.252258550761541,0.277,0.242,1
"NUDT5",0.685597075530368,-0.123360927414143,0.133,0.14,1
"ANKS3",0.685669068257219,0.729096958512778,0.027,0.018,1
"APOLD1",0.68575682496092,-0.816578423934601,0.043,0.048,1
"ZKSCAN2",0.686247697722721,-0.963783459283197,0.008,0.015,1
"CDPF1",0.686270999568105,0.266845875620102,0.018,0.01,1
"MTMR8",0.686295005498121,-0.290749517407982,0.027,0.028,1
"ATRX",0.686352893753671,0.195694775870564,0.389,0.357,1
"PDK1",0.686444555270032,0.25314106331602,0.053,0.041,1
"TTN",0.686588518663405,-1.34999545422357,0.014,0.02,1
"SDHAP4",0.686627766794888,0.284866121415154,0.033,0.028,1
"ENSG00000282917",0.686803073790944,-0.177865445988908,0.014,0.01,1
"ENSG00000287265",0.687089972384196,-1.82260789399533,0.008,0.013,1
"SNRNP25",0.687385313707884,0.424642642540259,0.08,0.061,1
"TWF2",0.687622762685712,0.146774754802318,0.332,0.301,1
"ENSG00000242861",0.68773406763211,0.643457275252834,0.01,0.005,1
"TRMT5",0.687804968641885,-1.14632698613377,0.014,0.02,1
"ME2",0.687939178509943,-0.326019163213151,0.127,0.13,1
"GMEB2",0.687956224352687,0.33820776253997,0.076,0.059,1
"SPECC1",0.688005692327237,0.217636293681489,0.018,0.01,1
"ZBTB33",0.688008643985016,0.303822240234942,0.062,0.048,1
"TRBV18",0.688031266582838,-1.72204802421072,0.008,0.013,1
"MICU1",0.688181260463863,0.1517500246068,0.074,0.061,1
"ROCK1",0.688224085125982,0.126573740105922,0.443,0.393,1
"SLAIN2",0.688617454371634,0.108742795330515,0.178,0.168,1
"EID3",0.688956083891014,0.64345983641609,0.043,0.031,1
"DLEC1",0.68898149948891,0.446438882829298,0.014,0.008,1
"ZNF224",0.689038232969794,0.181799146587515,0.088,0.079,1
"C2orf49",0.689139695501992,0.365299023163566,0.152,0.122,1
"NRAV",0.689239999566894,0.689096754119692,0.01,0.005,1
"ARSB",0.689302496108243,-0.384203956485466,0.047,0.054,1
"PLA2G15",0.689540367089811,-1.32871319402954,0.008,0.013,1
"TMEM238",0.689576009890271,0.164786473724995,0.199,0.194,1
"TRIM65",0.689662059134894,0.551410043977045,0.029,0.02,1
"NAT1",0.689864044992526,0.441774246062385,0.021,0.015,1
"LINC02325",0.69013675726227,0.305869808491074,0.025,0.018,1
"HOMER1",0.690200608302675,-0.638806574358216,0.031,0.041,1
"H2AC25",0.690243845100655,0.240567206783324,0.166,0.14,1
"BLZF1",0.690248658746506,0.288115099560869,0.111,0.099,1
"MLLT3",0.690290460689117,0.132189687208242,0.299,0.26,1
"RFX5-AS1",0.690489550720869,0.840540138175601,0.018,0.01,1
"BTLA",0.690612028023178,-0.769597980599382,0.006,0.01,1
"SLAMF6",0.690887655977828,-0.154129068431839,0.076,0.069,1
"RNLS",0.690946148671457,-0.995173199117345,0.008,0.013,1
"ZNF765",0.691052042865096,0.160961253303831,0.033,0.026,1
"GCN1",0.691108528648245,-0.11925468350703,0.086,0.084,1
"ATG4A",0.691210620039884,-0.18224605550897,0.043,0.038,1
"ENSG00000229337",0.691267644662185,0.174676303828297,0.02,0.015,1
"ZNF436",0.691324100030169,0.5573396596996,0.021,0.015,1
"STT3B",0.691407174960201,-0.112584125784224,0.312,0.324,1
"TRIM52-AS1",0.691455040799425,-0.345499814918858,0.049,0.056,1
"ENSG00000289425",0.691584649974265,-0.556869269196834,0.012,0.01,1
"CHCHD10",0.691626472301786,-0.118759915876728,0.184,0.196,1
"PRCP",0.691656207244944,-0.410452690667224,0.121,0.133,1
"VTA1",0.691704343173319,0.248275352675464,0.205,0.176,1
"SNPH",0.691884561013301,-0.70878942633369,0.01,0.015,1
"CCDC142",0.691954772946577,0.273323137671786,0.059,0.043,1
"UBA6-DT",0.691970479123287,0.489546800947783,0.02,0.013,1
"PPP3CB-AS1",0.692080458565112,0.928533518284083,0.027,0.018,1
"ENSG00000275055",0.692146210978201,1.52480435685668,0.01,0.005,1
"PGD",0.69219354912643,0.12626083568642,0.227,0.212,1
"ABHD17B",0.692480497915452,-0.142556187348126,0.156,0.173,1
"NBPF14",0.692607143282706,0.205987238451597,0.049,0.051,1
"ENSG00000277511",0.692704878170207,-0.55561316927837,0.025,0.033,1
"ENSG00000286334",0.692753846454442,0.848719816246171,0.014,0.008,1
"NOC2L",0.692933987693236,0.202209413560679,0.154,0.13,1
"ZNF296",0.693015723690217,-0.649678293042429,0.057,0.066,1
"SPART",0.693174058347052,0.287037200908445,0.043,0.031,1
"ST3GAL5",0.693219745466953,-0.107054787459397,0.254,0.258,1
"GFM2",0.693281091206478,-0.182597417400715,0.061,0.059,1
"FDX2",0.693553073490714,-0.368667235963735,0.045,0.043,1
"ARMCX5-GPRASP2",0.693652368367183,-1.01750798068286,0.012,0.018,1
"RTKN",0.693806634946425,0.817270249816143,0.016,0.01,1
"DZIP3",0.693812552583314,-0.302167999652016,0.055,0.054,1
"PAICS",0.693826982215089,-0.394619644582268,0.029,0.036,1
"MOSPD1",0.693842873198327,0.205111783509516,0.066,0.051,1
"NOM1",0.693925102448582,-0.310074091713262,0.055,0.064,1
"ZNF195",0.693947714932005,0.185478272417303,0.119,0.115,1
"ENSG00000266677",0.694013072121754,-0.825067855826702,0.018,0.023,1
"ZNF813",0.694056597270729,0.612884370906952,0.01,0.005,1
"ENSG00000230684",0.694318135040091,-0.833066012310899,0.01,0.015,1
"TSIX",0.694378511113182,0.273798539594194,0.008,0.013,1
"THAP5",0.694436936476332,0.331144080904869,0.064,0.051,1
"YOD1",0.694647490874519,-0.464584971794756,0.02,0.026,1
"CEP152",0.694712417393929,0.50463453254711,0.023,0.018,1
"ZCCHC2",0.694715078269473,-0.138039632560568,0.133,0.125,1
"BBIP1",0.694732896914632,0.340031049058521,0.1,0.079,1
"PSMD5",0.694793724532584,0.315071940126655,0.166,0.138,1
"SLC16A7",0.694824775469445,-0.117452833366854,0.105,0.11,1
"CD38",0.695276061345669,-0.120620127605692,0.207,0.222,1
"ENSG00000289841",0.695410153249751,1.34634547256321,0.014,0.008,1
"PGBD2",0.695487331031327,0.230515730049583,0.037,0.028,1
"POLR3K",0.695520690480511,0.266273968777547,0.115,0.092,1
"ENSG00000260651",0.695723614047416,-1.09391608624432,0.018,0.028,1
"SNRPD1",0.695745380840194,-0.122345088047644,0.33,0.339,1
"HEXIM2",0.695919990053965,0.709831309512595,0.014,0.008,1
"BNIP2",0.695928392273746,0.186367948653248,0.357,0.306,1
"PRR3",0.696001592399557,-0.412645012048895,0.037,0.046,1
"WDR86",0.696010677515069,0.429820808169024,0.021,0.015,1
"RAD9B",0.696105851247504,1.01867694000472,0.014,0.008,1
"BOP1",0.696237164649085,-0.137663412020491,0.082,0.089,1
"DDX47",0.696462502994276,-0.198481264980596,0.084,0.094,1
"IQCH-AS1",0.696862808568234,0.234966925062121,0.012,0.008,1
"JAKMIP1",0.696966992466341,-0.548759087915727,0.02,0.028,1
"CDK13",0.696970335318951,-0.108879121696552,0.33,0.334,1
"HEATR5A",0.697145900869254,-0.175240586500801,0.053,0.061,1
"PELI2",0.697181968127114,0.204164127100299,0.049,0.056,1
"INPP5B",0.697309587436108,-0.191959193533097,0.07,0.074,1
"HCFC2",0.697315797530805,-0.17518614252273,0.07,0.079,1
"ZNF558",0.697322467183814,1.05464147545787,0.01,0.005,1
"FOXO6",0.697332408846089,-1.10095130089089,0.006,0.01,1
"GTPBP10",0.697346243153872,-0.107295414434164,0.076,0.087,1
"WDR55",0.697501748112553,-0.31550434030916,0.117,0.122,1
"NIPA2",0.697627414210781,0.189185779139912,0.232,0.219,1
"COQ5",0.697657781126548,0.34893178735701,0.029,0.02,1
"RYBP",0.697698922848285,-0.186076228720197,0.137,0.138,1
"EFCAB14",0.698192942303683,-0.222131124974067,0.17,0.179,1
"NSUN5P1",0.698379482249056,-0.752527412340092,0.025,0.036,1
"SORL1-AS1",0.698540493536491,-0.787535592725003,0.012,0.018,1
"MFAP1",0.698569300829315,0.365935318975133,0.162,0.133,1
"STARD10",0.698649633440202,0.353120434596125,0.182,0.148,1
"BBS2",0.698873928988556,0.201481601205034,0.051,0.038,1
"KICS2",0.699270995922377,-0.842426452170727,0.012,0.018,1
"FASN",0.699356017102277,-0.244529821704179,0.104,0.115,1
"TXLNG",0.699482675817878,0.267855160786011,0.174,0.143,1
"ZC3H12A-DT",0.699599902593105,0.940059154683507,0.023,0.015,1
"VGLL4",0.699636292249262,-0.119358184416944,0.096,0.099,1
"WDR75",0.699689529468051,0.336803326036309,0.094,0.074,1
"CTNND1",0.699731613172748,-1.23642765247804,0.01,0.015,1
"ARL6IP6",0.699763428240427,-0.204143934556763,0.139,0.128,1
"DYNLT2",0.69976887624318,-0.424824363099797,0.018,0.018,1
"WDR35",0.700040497344648,0.413182800571238,0.082,0.064,1
"TRIM68",0.700052004645648,0.800910249402249,0.016,0.01,1
"ZNF133",0.700116320823475,-0.94901529557128,0.02,0.02,1
"ZNF225",0.70017805642089,-0.425380275628496,0.01,0.015,1
"ENSG00000290876",0.700315777660997,0.422727042919991,0.021,0.018,1
"POLR2D",0.700355068353147,-0.260685723221385,0.131,0.138,1
"HELZ-AS1",0.700944658622184,-0.838850493978331,0.02,0.028,1
"ENSG00000225889",0.701133378999429,2.03867085647763,0.01,0.005,1
"TECPR1",0.70115622759864,0.202631317538044,0.047,0.043,1
"ENSG00000253736",0.701240603116995,-0.41698280479511,0.076,0.089,1
"FOSL2-AS1",0.701255221794593,-0.482083806717347,0.059,0.056,1
"ENSG00000258824",0.701281335533502,-0.943707213409447,0.01,0.015,1
"PAK4",0.701327636028185,-0.18498271867294,0.043,0.048,1
"LINC02362",0.701354383176533,-0.203132352422194,0.01,0.008,1
"MLLT1",0.701527074181823,0.484880529165157,0.061,0.046,1
"CDIN1",0.70154347177059,-1.07143671363884,0.012,0.018,1
"CEP83",0.701581649993202,0.141169165544066,0.104,0.087,1
"FXYD5",0.701612374669503,0.120867239237098,0.74,0.686,1
"DDX60",0.701797594010219,-0.499343914359704,0.107,0.122,1
"RASSF7",0.701865319861758,-0.316580198391124,0.096,0.097,1
"RBM41",0.702034184843352,-0.263407368518183,0.062,0.059,1
"UBXN11",0.702072527939612,0.329711728062351,0.076,0.061,1
"FCGRT",0.70208834468849,-0.169684581553452,0.021,0.028,1
"MLC1",0.702236070024704,-0.895600462456356,0.018,0.026,1
"ENSG00000290927",0.702351143616284,-0.249147858289358,0.082,0.082,1
"PRKCD",0.702638507001476,0.247730748114058,0.074,0.059,1
"RAB24",0.702691683926752,-0.316723324011559,0.123,0.135,1
"KIF3C",0.702697447511407,-0.895242928893726,0.01,0.015,1
"TK2",0.703134049416012,-1.38746431756075,0.014,0.02,1
"HISLA",0.70354496946983,-0.814929663946656,0.018,0.018,1
"BRSK1",0.70367916647817,-0.489658664764466,0.01,0.008,1
"PLCG1-AS1",0.70392089814529,0.25668324350634,0.029,0.023,1
"MTPN",0.703966326936347,0.102466394026513,0.367,0.347,1
"LRRC75A",0.704055040671142,-0.797402858289301,0.008,0.013,1
"ENSG00000277602",0.704366180109279,0.966869598619979,0.012,0.008,1
"ZHX1",0.704426925306433,0.352574320479159,0.092,0.074,1
"LINC02611",0.704457715015464,0.19772636923256,0.014,0.008,1
"AGK",0.704459026632983,-0.246813959310107,0.078,0.087,1
"SCRN3",0.704638970130622,-0.624927774063884,0.021,0.028,1
"ENSG00000290453",0.705013919834635,-0.347271528323784,0.025,0.031,1
"ENSG00000271918",0.705029257769959,-0.435518038616187,0.016,0.023,1
"ARL2BP",0.705279005979414,0.202014481745003,0.252,0.23,1
"DOK1",0.7053014285503,-0.344084593030044,0.1,0.105,1
"KIAA0232",0.705559997290837,0.165100607544781,0.225,0.202,1
"ADARB2",0.705753113866734,-0.470117943141435,0.008,0.013,1
"PYCR2",0.705882823203929,0.11939810837929,0.117,0.094,1
"SRSF6",0.705892723372765,0.124411983075101,0.32,0.281,1
"CENPW",0.706056488025053,-0.643232361041106,0.01,0.015,1
"NQO1",0.706104629302792,1.27169761733611,0.014,0.008,1
"ZNF512B",0.706350527165054,-0.18828791878937,0.014,0.013,1
"ZNF93",0.706496072074125,-0.785113767430551,0.01,0.015,1
"ENSG00000266049",0.706760324579797,0.174963194852753,0.143,0.122,1
"IRAK4",0.706760593773331,-0.267083837790291,0.113,0.125,1
"TRBJ2-3",0.706762638391527,-0.505735616539967,0.018,0.018,1
"NPRL2",0.706861224944071,-0.331386588682489,0.094,0.107,1
"DLL1",0.706900165380084,-0.539929379408726,0.014,0.015,1
"PEX7",0.707136650143587,0.853637475537303,0.014,0.008,1
"GID4",0.707163526966972,0.193714628687797,0.057,0.043,1
"SPATS2",0.707262892182619,-0.357774323642625,0.012,0.018,1
"CLCN6",0.707276138937552,0.604684024779555,0.02,0.013,1
"TMEM143",0.707314942613805,-1.26161293883462,0.01,0.005,1
"RLN1",0.707385758161627,0.874827401968179,0.01,0.005,1
"GLE1",0.707590615839356,0.262302073707974,0.057,0.043,1
"ENSG00000287957",0.707606181923918,0.800330536037237,0.014,0.008,1
"KISS1R",0.707646007295582,0.873463119267871,0.016,0.01,1
"TMEM140",0.707710210566943,-0.28338211335487,0.088,0.099,1
"LINC01128",0.707784785061275,0.398878749054098,0.072,0.056,1
"CCND2-AS1",0.708129538892035,-0.424409260371037,0.01,0.015,1
"SLC26A5",0.708177645907342,-0.720162822194096,0.008,0.013,1
"ATP10A",0.708226318199474,-0.327017428483912,0.086,0.099,1
"SLC29A3",0.708343782394512,0.364328017062939,0.035,0.026,1
"HEXB",0.708454203780581,-0.206778299856507,0.102,0.11,1
"MYO3B",0.70856734297972,-0.495914950277898,0.01,0.015,1
"CHST10",0.708590870561691,-0.263398625670568,0.014,0.018,1
"MXD3",0.708638594568718,-0.890096880632798,0.008,0.013,1
"RNMT",0.708874196549595,0.109610338834609,0.371,0.339,1
"PRKAR1B",0.708925105698569,-0.129280823103525,0.053,0.051,1
"CEBPA",0.709052512035897,-0.458771504694869,0.02,0.02,1
"FAF2",0.709059796259799,0.148206576811677,0.107,0.094,1
"RNF185",0.709225692737673,-0.317640757901265,0.053,0.061,1
"SRP72",0.709401347089787,0.172890184545573,0.299,0.263,1
"ENSG00000274591",0.709506944422353,-0.974881116710169,0.012,0.018,1
"CUL5",0.70966961536236,0.231230008361696,0.189,0.168,1
"LINC01138",0.709686089666518,-0.112113130625369,0.393,0.37,1
"WARS2",0.710037293676564,0.183566327061525,0.172,0.153,1
"CAPS",0.710114381191705,0.811217107313371,0.01,0.005,1
"DNAJC27-AS1",0.710242018911694,-0.459441369530625,0.016,0.023,1
"EEF1AKMT2",0.710407723945206,0.206953006845824,0.107,0.087,1
"SCD5",0.710524434433043,0.505676348044264,0.025,0.018,1
"GLUD1P3",0.710533955410595,-0.836402431007565,0.027,0.036,1
"ADGRV1",0.710642832702807,-0.258229483469275,0.01,0.015,1
"RAB40C",0.710723464241334,-0.338709533169309,0.031,0.038,1
"RXYLT1",0.711003375576555,0.704335747702487,0.029,0.02,1
"LYRM4",0.711247618766473,0.446210047917178,0.033,0.023,1
"ENSG00000288756",0.711321972901553,-1.02427646831495,0.012,0.015,1
"ENSG00000242880",0.711347875603931,-0.703201450446729,0.01,0.015,1
"CEP170",0.711439504183265,0.358243551953174,0.039,0.031,1
"ENSG00000279159",0.711508769361548,0.617927594969026,0.02,0.013,1
"ABCB9",0.711744301798406,0.383084128872091,0.014,0.008,1
"LIMD1",0.711847199373647,-0.173940047618321,0.041,0.048,1
"YLPM1",0.711851805041509,0.261818314381934,0.203,0.173,1
"ENSG00000231873",0.711977771368879,0.594799607732982,0.021,0.018,1
"DNAJC6",0.712066373072347,0.807283540293384,0.01,0.005,1
"ENSG00000258526",0.712675008885673,-0.458118712801098,0.012,0.01,1
"SCD",0.713089695952299,0.261155806829677,0.045,0.033,1
"MRE11",0.713504885690645,-0.364808555436519,0.08,0.071,1
"TAMM41",0.713563738350804,0.387352296309652,0.035,0.026,1
"CPEB2",0.713569402367527,-0.116932851544437,0.121,0.117,1
"SUCLA2",0.71386289426813,0.167901779542812,0.146,0.122,1
"ENSG00000289177",0.713891513954263,0.292150536968562,0.012,0.008,1
"NUP62CL",0.714164178586211,0.878573445123473,0.01,0.005,1
"EOLA2",0.714461975959266,-0.139408729887612,0.123,0.12,1
"SLC17A9",0.714541937557979,0.380346196390656,0.016,0.01,1
"ATP6V1C1",0.714687123570196,0.33222902202881,0.078,0.061,1
"C10orf95-AS1",0.714725992323915,-0.972181582116774,0.01,0.015,1
"ENSG00000256448",0.714735126312554,0.578667848494146,0.01,0.005,1
"UCKL1",0.71474900122475,0.214099156271519,0.137,0.115,1
"ABCA3",0.714845987010483,-1.10946740158102,0.006,0.01,1
"SLC35F1",0.714855512469942,0.269458610983482,0.129,0.107,1
"PTDSS2",0.714882126010225,-0.641900354123114,0.027,0.036,1
"EMILIN2",0.714889367991429,-0.430196534822816,0.01,0.015,1
"TRAV25",0.714951644571884,0.253696328169213,0.01,0.005,1
"ANKRD42-DT",0.715052661624941,0.573115017290393,0.029,0.023,1
"ARID3B",0.715206817473682,-0.190174997304288,0.1,0.11,1
"NARF-AS2",0.715359368639079,1.37171796047651,0.01,0.005,1
"SPATA1",0.715425000740614,1.05244558531739,0.01,0.005,1
"PACRGL",0.715510343237494,-0.524096293914893,0.033,0.038,1
"DYNC2I1",0.7156445956042,-0.134686980745949,0.051,0.056,1
"C1QTNF6",0.715699174411335,-1.11801916792308,0.006,0.01,1
"NCDN",0.715785433891963,0.416985030606509,0.064,0.048,1
"NXT2",0.715984922003735,-0.281740135382717,0.027,0.036,1
"DENND4C",0.716035750040311,0.153104029777306,0.262,0.224,1
"SLC12A2",0.716037336672034,0.130561570757727,0.15,0.133,1
"CCDC152",0.716157847228929,1.24067366200905,0.01,0.005,1
"UPK3BL2",0.7162798653599,0.589549620036732,0.016,0.013,1
"PEX16",0.716323349506184,0.172288485670015,0.215,0.186,1
"NDUFS4",0.716470499211307,-0.197785520858568,0.137,0.14,1
"NUP42",0.716832637402537,-0.191331618431703,0.107,0.115,1
"RNFT1-DT",0.716871086315259,0.289118526707057,0.018,0.013,1
"UQCR10",0.716993519115819,0.165680903475356,0.555,0.492,1
"SPTSSA",0.717167370309272,0.129199138929498,0.068,0.069,1
"SGPL1",0.717171699584641,-0.328042071299792,0.062,0.074,1
"METTL3",0.717190845659382,0.149070728423204,0.049,0.046,1
"RPAP2",0.71770032851678,0.103608013975392,0.221,0.191,1
"XYLT2",0.717999298811335,-0.916413070119345,0.01,0.015,1
"ENSG00000230612",0.718109035249127,-0.504307841541109,0.012,0.018,1
"DHRS12",0.718126955739009,0.282864540951439,0.02,0.015,1
"RDH14",0.718284424290304,0.342726093292007,0.133,0.107,1
"EGLN3",0.7184391819506,-0.977719309052798,0.006,0.01,1
"CREG1",0.718749227747756,0.277845266350204,0.045,0.041,1
"CACNA1C-AS1",0.718809866754842,0.706862210728608,0.012,0.008,1
"SLC25A35",0.718862314154222,-0.740912601697548,0.01,0.015,1
"CCR7",0.719074335537979,0.401066567273078,0.16,0.13,1
"ZFP37",0.719123687815251,0.463619384625817,0.016,0.01,1
"CLIP1",0.71941595387948,0.130635308948962,0.156,0.151,1
"TMEM19",0.719443005867984,-0.70187547750782,0.031,0.031,1
"CCR1",0.719674500543742,0.623448528064964,0.014,0.01,1
"POLA2",0.719993720253125,0.402756091069521,0.023,0.015,1
"TAF9",0.720166447877093,0.147406289581181,0.221,0.207,1
"ST20",0.720381249154234,-0.816997931477972,0.01,0.015,1
"ACAD9-DT",0.720386227861714,-1.33741247469162,0.012,0.018,1
"RAB11FIP1",0.720405847556436,0.150697132071234,0.154,0.128,1
"YEATS2",0.720579231566093,0.320975654148169,0.102,0.082,1
"SLFN11",0.720637304237834,-0.170655003910458,0.121,0.122,1
"CCDC24",0.720966940070046,-0.388182257711073,0.008,0.013,1
"DLG1",0.721304217666264,0.129118556572319,0.172,0.151,1
"RAB2A",0.721669274884545,0.108035573149827,0.553,0.508,1
"SLX1A",0.721675594143036,0.457824025425174,0.031,0.023,1
"ZNF449",0.721791971012518,0.881882136365618,0.01,0.005,1
"EPM2A-DT",0.722176829170248,-0.592704213914419,0.023,0.028,1
"SPATA2L",0.722225155666125,0.16165423417469,0.121,0.099,1
"CAND2",0.722231311354486,0.546480208218716,0.01,0.005,1
"POLR3C",0.722512424105796,-0.115402066884098,0.133,0.13,1
"TTC36-AS1",0.722655879674462,-0.513845009466864,0.008,0.013,1
"IPO13",0.722827585514968,-0.12803433849195,0.031,0.036,1
"UBE2D1",0.723055878679684,0.165051428637847,0.189,0.181,1
"ENSG00000271725",0.723065236910656,-1.13832065485043,0.008,0.013,1
"MTA3",0.723074263210234,-0.487389683972879,0.037,0.046,1
"PREPL",0.72308349260739,0.231206819888633,0.117,0.099,1
"OVOL2",0.723145528964652,-0.501940995489934,0.012,0.01,1
"MCMBP",0.72344799503895,0.138034964956324,0.166,0.14,1
"MIB1",0.72391985116878,0.13669173976091,0.066,0.056,1
"ZNF585B",0.723941997163567,0.438106608399342,0.037,0.031,1
"ZNF236-DT",0.724005606563266,-0.487515534821263,0.027,0.036,1
"LIG4",0.72402384521507,0.29044735041994,0.045,0.036,1
"ENSG00000289298",0.724063791228241,0.366576968097688,0.012,0.008,1
"EXOC6",0.724378552919782,0.1131932339696,0.137,0.115,1
"RAB27B",0.724409924846462,-0.316874804812237,0.018,0.02,1
"THBS3-AS1",0.724456702536925,-0.361891507048761,0.018,0.015,1
"SNX19",0.72449712358553,-0.357300164310441,0.051,0.056,1
"TMLHE-AS1",0.724514504883576,-0.828991803187821,0.012,0.013,1
"GTF2H2",0.724694881758034,0.467714588226036,0.029,0.02,1
"LENG8",0.724750534886099,-0.208713161448103,0.268,0.278,1
"GABPB2",0.724797916758402,0.154802910540264,0.031,0.028,1
"RNASEL",0.724801422288333,-0.391625318759714,0.012,0.018,1
"ENSG00000267283",0.724949346560191,0.723905127018737,0.014,0.008,1
"A2M-AS1",0.724962290379055,-0.76117825713924,0.018,0.018,1
"CIB2",0.725110037447251,-0.729787599128785,0.012,0.018,1
"POLD4",0.725147493867768,-0.165187608231082,0.25,0.245,1
"ZNF213",0.725245924686142,-0.452918397963608,0.023,0.028,1
"BTN2A1",0.725259724767556,0.278214929127573,0.227,0.199,1
"AP4B1-AS1",0.725268432170684,-0.990533470393782,0.008,0.013,1
"PLPP6",0.725289604633825,0.621458217123853,0.01,0.005,1
"ATP11A",0.725294510782079,-0.138330305377807,0.078,0.087,1
"SLC25A3",0.725418795817715,0.103438749783124,0.799,0.747,1
"ELK4",0.725562495302416,0.144314864735068,0.166,0.138,1
"ENSG00000269984",0.725699654136902,0.614081490462276,0.016,0.01,1
"ENSG00000289046",0.725886428989321,0.78184527443064,0.012,0.008,1
"CHAF1B",0.725911316686585,-0.376914492304658,0.008,0.013,1
"ALKBH1",0.7260091348094,0.23536384450486,0.057,0.046,1
"HYPK",0.726102776378534,-0.279403033792413,0.084,0.092,1
"ENSG00000290767",0.726231123783934,0.190345437625215,0.025,0.018,1
"DENND1A",0.726274964531016,-0.119080056808079,0.076,0.077,1
"PCK2",0.726896081244267,-0.242802525276289,0.043,0.033,1
"ERCC6L2-AS1",0.727021281881714,0.835891333196471,0.039,0.028,1
"EXT1",0.727044027706634,0.347277685497375,0.072,0.064,1
"ANKRD13C",0.727133547118169,0.150726992759804,0.176,0.148,1
"GIGYF1",0.727448917785184,0.334654650098871,0.09,0.071,1
"GSTM4",0.727635187478439,-0.158460273544704,0.031,0.041,1
"TSPO",0.727676482238634,0.185751705052283,0.105,0.087,1
"SCAT1",0.72783750454957,-0.396008066371969,0.006,0.01,1
"LINC01260",0.72819640112378,0.521498054931926,0.023,0.015,1
"MKRN2OS",0.728218539693141,0.344390944797324,0.01,0.005,1
"ENSG00000259564",0.72825545048606,-0.601091364634062,0.008,0.013,1
"ENSG00000274460",0.728296241807654,-0.741822792844712,0.008,0.013,1
"BORCS6",0.728360206199569,0.338037933678163,0.117,0.097,1
"MAGI3",0.728360918457896,0.46869816748598,0.029,0.023,1
"IRAK1",0.728389166985332,0.367026743360752,0.115,0.099,1
"ENSG00000275494",0.728401369809148,-0.551031745728575,0.006,0.01,1
"STX2",0.728441164944695,-0.345710204313484,0.068,0.077,1
"ZNF596",0.728610818360702,-1.08633591570369,0.008,0.013,1
"TTLL12",0.728626371114478,-1.01937514574404,0.012,0.018,1
"SUGT1",0.728666441124868,0.176560594671014,0.275,0.258,1
"OPA1-AS1",0.728674687846144,0.467275303414442,0.016,0.01,1
"ACO1",0.728686849891443,0.219159036631408,0.031,0.026,1
"RGS12",0.728808361144254,-1.29169641087153,0.006,0.01,1
"NUDT16",0.72882133500683,0.315504450392419,0.023,0.015,1
"HMGB3",0.728938456336069,0.335567005183484,0.059,0.059,1
"ARHGAP25",0.728948542183631,-0.104843470382489,0.229,0.242,1
"ZGPAT",0.728956521058973,-0.197042298950886,0.129,0.135,1
"XRCC1",0.729206833826838,-0.199188056340092,0.066,0.077,1
"HTT",0.729229721481836,-0.347290692694997,0.121,0.122,1
"LRP2BP",0.729441089553296,-1.20322476989069,0.006,0.01,1
"CTC-338M12.4",0.729470665705216,-1.21435737253825,0.014,0.02,1
"URB1-AS1",0.729496181442658,0.236263715353758,0.023,0.02,1
"MFF",0.729735573527263,0.214733162534598,0.24,0.202,1
"IFIT2",0.729760842590855,0.49884906251344,0.115,0.12,1
"KCTD9",0.729825899797462,-0.160562755737281,0.061,0.069,1
"RBM19",0.729962333824394,0.244298832748613,0.076,0.061,1
"ERMAP",0.730013159376211,-1.09607646539204,0.008,0.013,1
"ENSG00000283360",0.73004688712522,-1.50795734338376,0.006,0.01,1
"CASTOR1",0.730096640891265,-0.580637069120115,0.033,0.041,1
"ZNF134",0.730187912825201,0.275423898019961,0.062,0.059,1
"DHPS",0.73022348209806,-0.146306391497006,0.121,0.125,1
"TRIOBP",0.730270799084616,-0.324211340078986,0.055,0.064,1
"ACADSB",0.730286662546979,-0.476015069598964,0.033,0.038,1
"TMEM184C",0.730340129400928,-0.15399016324167,0.105,0.094,1
"MX1",0.730350215332085,-0.168546587965532,0.229,0.24,1
"ENSG00000261079",0.730701767433071,0.536593310436466,0.01,0.005,1
"TRIB3",0.7308172592057,-0.505311313834356,0.021,0.028,1
"ATP8A2",0.730859793604099,-0.716004868228216,0.006,0.01,1
"C7orf50",0.730959195417469,-0.292900640134891,0.1,0.115,1
"PLEKHG1",0.730964307042568,0.196836604166469,0.018,0.013,1
"ENSG00000289399",0.73100116908987,-0.500176864412128,0.014,0.02,1
"EOGT-DT",0.731177401482772,-0.203884873159768,0.035,0.043,1
"FBXO25",0.73126105754633,0.270327357630774,0.055,0.043,1
"ENSG00000291101",0.731274785617942,0.711075945299029,0.01,0.005,1
"TMEM86B",0.731324979059252,-0.490690762502315,0.006,0.01,1
"AIFM2",0.731547841450563,-1.06548495259012,0.006,0.01,1
"ENSG00000260536",0.731784890562497,0.963758437961589,0.01,0.005,1
"B3GAT3",0.731792811286982,-0.140535851262512,0.141,0.13,1
"G3BP1",0.731805761106525,0.218518181545686,0.404,0.344,1
"ICE1",0.731822367711693,0.147726158585882,0.17,0.145,1
"USP39",0.731824549085978,0.159052513470854,0.188,0.166,1
"MCUB",0.731860632283263,0.219050284392174,0.434,0.372,1
"GTF2I-AS1",0.732011007006491,-0.850750928189985,0.006,0.01,1
"NUDT8",0.732143465240133,0.25121724912885,0.02,0.013,1
"NRROS",0.73222549038374,-0.140367135473335,0.051,0.059,1
"PECR",0.732252328979955,-0.804635648716618,0.029,0.036,1
"ANKMY1",0.732396346057391,-0.289779137252119,0.057,0.066,1
"ZNF808",0.732453489533391,-0.143216247635326,0.053,0.056,1
"CTXN1",0.732464104552536,-0.518483668400875,0.025,0.031,1
"SPRYD7",0.732480654404107,-0.464139546172186,0.008,0.013,1
"SLC22A4",0.732604481056274,0.10030772070118,0.01,0.01,1
"LINC00339",0.732626553092176,0.14230714394375,0.033,0.026,1
"DGCR8",0.733051140239084,0.341556523936084,0.062,0.048,1
"ANKUB1",0.733167220478061,0.630106450055868,0.051,0.038,1
"TAPBP",0.733174254755118,-0.121219198353133,0.531,0.533,1
"SVIP",0.733285461527473,0.25644403873213,0.139,0.115,1
"NTNG2",0.733364808742517,0.613733368921534,0.012,0.015,1
"ZSWIM8-AS1",0.733369828571619,0.678804503084673,0.01,0.005,1
"ZNF397",0.733369840667099,-0.437689967845513,0.023,0.028,1
"UHRF1",0.733411409848686,-1.42601648063252,0.006,0.01,1
"TMEM181",0.73345130267526,0.171153887515712,0.188,0.173,1
"ENSG00000272384",0.733613446312823,0.223001502622257,0.01,0.005,1
"RIMOC1",0.733797237006357,0.314375150490313,0.082,0.069,1
"LINC02901",0.733848820004127,-1.40439332167136,0.01,0.015,1
"MOAP1",0.733857573650692,0.227401812486353,0.154,0.135,1
"GOLGA1",0.733896419582254,-0.477784933747786,0.047,0.056,1
"SMAD5",0.734126714745123,-0.280779220179209,0.074,0.082,1
"SLC37A3",0.734441534310909,-0.204330131030995,0.117,0.122,1
"ENSG00000278784",0.734526002218268,-1.13322468235054,0.006,0.01,1
"SLC6A6",0.734542967636031,-0.200345423082043,0.197,0.191,1
"TCTN1",0.73458941584295,-0.786886496882932,0.01,0.015,1
"STXBP1",0.734682141366571,-0.441792470107241,0.006,0.01,1
"EPB41L2",0.734702100428444,0.524217246185485,0.029,0.02,1
"SGK3",0.73474928938378,-0.397411299943864,0.053,0.051,1
"MRPL32",0.734853144646268,0.247206414565272,0.227,0.194,1
"ZNF606",0.734928739885165,0.305169089241121,0.02,0.015,1
"ZBTB41",0.734962809647627,-0.47161503977848,0.021,0.028,1
"GNAO1",0.735072594044721,-0.169184709696338,0.012,0.013,1
"ENSG00000260927",0.735081014589482,-0.776722404381146,0.008,0.013,1
"RAPH1",0.735168639527731,0.74107120048374,0.029,0.02,1
"PPCDC",0.735188463574902,-0.320996397455383,0.02,0.026,1
"AZIN1",0.735395828626099,0.165218455266414,0.311,0.314,1
"USP20",0.735429294589702,0.17625219703746,0.119,0.097,1
"ZNF2",0.735718322303254,0.767469498766233,0.018,0.013,1
"KIAA0825",0.735820974057723,-0.630899934629656,0.01,0.015,1
"CES2",0.736141428122263,0.171516385036741,0.045,0.033,1
"ENSG00000272501",0.736463773927984,-0.351169430475855,0.035,0.028,1
"ENSG00000284691",0.736501623499085,0.623574051509796,0.035,0.026,1
"IFT22",0.736528268938011,0.226956275602182,0.049,0.043,1
"CAB39L",0.736544195170498,-0.271607825585678,0.02,0.023,1
"SLC23A2",0.736713566235875,-0.197369824228174,0.092,0.092,1
"SLC39A14",0.736827967852053,-0.942592893070137,0.01,0.015,1
"ACOT13",0.736888783729504,0.819833169028338,0.047,0.038,1
"CRLF1",0.737015701190761,1.00476900363865,0.021,0.015,1
"SGSH",0.737052047872245,0.206743009764268,0.061,0.048,1
"NCAM1",0.737268777836477,-1.07182772878716,0.006,0.01,1
"ENSG00000286145",0.737470921649459,-0.298189744789924,0.117,0.13,1
"EGR4",0.737652020856335,-0.746525536527211,0.006,0.01,1
"C1QTNF7-AS1",0.737726870751358,-1.04257233117252,0.016,0.02,1
"SH3D19",0.738052455373516,-0.378902924038017,0.02,0.023,1
"EMP1",0.738120590998735,-0.638803600869288,0.006,0.01,1
"KANSL1L-AS1",0.738357889026817,0.626828223313227,0.01,0.013,1
"ENSG00000286128",0.738783299536275,0.812554028504948,0.01,0.005,1
"MAK16",0.738794024999337,0.368028506774831,0.045,0.033,1
"KRT86",0.738795462182968,-0.121524955917186,0.033,0.041,1
"PCDH1",0.738872936136106,-0.598458210289879,0.02,0.02,1
"PPP4R2",0.739090571031522,0.170145224119142,0.406,0.36,1
"SERPINB9P1",0.739098048160072,0.402627999748167,0.018,0.018,1
"B3GALT6",0.739518542291401,0.174480893129634,0.088,0.074,1
"TOB1",0.739560458115702,-0.175145171375703,0.275,0.296,1
"ACYP2",0.740039250720552,0.104976608769596,0.141,0.115,1
"DDA1",0.740441181121812,0.124729097952329,0.26,0.224,1
"TCHP",0.740475180777964,0.213508390764691,0.088,0.069,1
"LMF1",0.740570769962952,-0.332431346811751,0.035,0.043,1
"RBM5-AS1",0.740786722109563,0.597171183707648,0.01,0.005,1
"ENSG00000290569",0.740867183621215,-0.134931020529661,0.08,0.089,1
"CD79A",0.740870048381947,-1.28878713006184,0.01,0.01,1
"ENSG00000288942",0.740895324372341,0.634680167380435,0.01,0.005,1
"ZNF446",0.741037315308853,0.759464164120568,0.021,0.015,1
"ARFGAP1",0.741297703432991,-0.181871539327152,0.07,0.077,1
"SPATA6L",0.741336675686312,0.1999482432115,0.01,0.005,1
"RAD18",0.741336987248385,-0.117441007950342,0.055,0.059,1
"IFRD2",0.741365613662084,0.223071984667938,0.07,0.056,1
"RREB1",0.741383965116183,0.184866278235571,0.096,0.079,1
"LCMT2",0.741459995742715,-0.897833053179368,0.01,0.015,1
"PPFIBP1",0.741747686909087,0.283304962223597,0.01,0.005,1
"ENSG00000290383",0.741845750108424,-0.770325789424267,0.031,0.043,1
"ENSG00000290578",0.741889747223828,-0.532074045877819,0.037,0.041,1
"RPL4",0.742155214000842,0.108064444311664,0.943,0.926,1
"CYB561",0.742166907141278,0.266529485447623,0.057,0.051,1
"HCG25",0.742248757885339,1.03971494679114,0.012,0.008,1
"RTL8A",0.742276857772236,-0.41820474513247,0.035,0.043,1
"ACOT9",0.742375586988309,-0.231014833220357,0.061,0.069,1
"DOLK",0.742403242333602,-0.177669518020379,0.016,0.01,1
"BIRC3",0.743013539101267,-0.167425269791082,0.383,0.375,1
"ENSG00000236514",0.74307888110519,-0.322757802178208,0.01,0.005,1
"AFG1L",0.743401739263129,0.21862394566184,0.023,0.018,1
"ARHGEF37",0.743594942711384,1.95023874750828,0.01,0.005,1
"SIRPG",0.743643764295995,-0.172226318874326,0.029,0.033,1
"MARK4",0.743826207176095,-0.339215294429467,0.084,0.094,1
"CREB3",0.743891244407417,0.136390368249806,0.193,0.163,1
"ZNF541",0.743956575392193,0.41768752579268,0.01,0.005,1
"ZFTRAF1",0.744145616007444,0.29395144732935,0.045,0.033,1
"MYBL2",0.744203542561002,-1.03259760991242,0.006,0.01,1
"DRAM1",0.744312674837924,-0.23856468111735,0.055,0.061,1
"ENSG00000288956",0.744358566095701,0.538686268120369,0.012,0.008,1
"NUAK2",0.744363285989231,-0.161775413821488,0.021,0.023,1
"NTPCR",0.744411014382667,-0.316849499536769,0.025,0.031,1
"OXA1L",0.744441224358645,0.194467352715003,0.312,0.27,1
"SLC25A37",0.744449114604169,-0.5161961610792,0.053,0.061,1
"TMEM161A",0.74455435135823,-0.133356928940501,0.043,0.051,1
"TANGO2",0.7446080240561,0.11580636003054,0.057,0.043,1
"RIC3",0.744755592849199,-0.59682490167507,0.014,0.018,1
"MYH10",0.745439516890794,0.545967081591593,0.01,0.005,1
"ZMYND8",0.745738858899213,0.24094400400205,0.094,0.082,1
"KIFC3",0.745819668490541,-0.282123796152738,0.053,0.061,1
"EDEM1",0.745882474111655,0.252775884192063,0.094,0.074,1
"MAP2K3",0.745957365950055,0.126454908314671,0.549,0.515,1
"MTPAP",0.74606557060075,-0.808267029057075,0.035,0.043,1
"TRBV24-1",0.746096058429363,0.806007914945174,0.021,0.018,1
"IDH1",0.746172311145427,-0.448180949500678,0.029,0.036,1
"CAPN10-DT",0.746391534946152,-0.139015429675873,0.021,0.018,1
"BTG3",0.746452149964396,-0.293478203611282,0.27,0.286,1
"GALNT12",0.746640498694987,-0.593713879890075,0.014,0.02,1
"ENSG00000290057",0.746712230245465,-0.450549306279895,0.021,0.028,1
"RPE",0.746750810957586,-0.188981011056056,0.049,0.046,1
"RARG",0.746837782477178,0.267319628905688,0.08,0.064,1
"SMUG1",0.747020369794612,-0.217473242480898,0.027,0.023,1
"ZNF844",0.747092438137343,0.34939033065984,0.02,0.013,1
"PLCB3",0.747173275487228,0.556900973888644,0.012,0.008,1
"A1BG-AS1",0.747218378902546,-0.108023178748305,0.008,0.013,1
"PRPF4B",0.74745607707213,-0.137536829952618,0.438,0.436,1
"LINC01762",0.747595969729043,0.892265931166511,0.01,0.005,1
"ACSL4",0.747746721017558,0.245558032894449,0.154,0.13,1
"FBF1",0.747790152195251,0.235568673974706,0.035,0.028,1
"TTLL4",0.747814709259475,-0.12789386664616,0.045,0.038,1
"SIGMAR1",0.747862528963743,-0.222738937299859,0.045,0.054,1
"BTBD10",0.747952907044722,0.102695034237273,0.201,0.176,1
"NOP58",0.747998245682471,-0.121642849374147,0.506,0.503,1
"POMGNT2",0.748040902608597,0.171091343298374,0.053,0.041,1
"HK2",0.748342853450904,0.479224247794452,0.016,0.013,1
"MTX2",0.748570588785193,-0.499578314937004,0.031,0.036,1
"ACD",0.748651221168935,0.264392891375018,0.215,0.181,1
"ZMYND11",0.748694436401227,-0.17145004924556,0.195,0.202,1
"ATG4B",0.748741529454136,-0.196495610147567,0.217,0.219,1
"LYRM9",0.74877672831592,-1.33681785131035,0.01,0.015,1
"TTLL3",0.748822059103228,-0.34923837852728,0.025,0.033,1
"USP48",0.748967769488085,-0.220157769869338,0.148,0.143,1
"DRG2",0.749124361687619,-0.13110311431993,0.131,0.138,1
"RILPL2",0.749172791722607,0.245796907023722,0.373,0.334,1
"ADHFE1",0.749199017345238,-0.556050872523274,0.045,0.054,1
"LARP7",0.749280625540187,0.210583036017165,0.18,0.153,1
"DUS3L",0.74938481659677,-0.269379884399955,0.107,0.12,1
"FOXP4-AS1",0.749491101619269,0.415117839058525,0.012,0.008,1
"UFL1",0.74972134724395,-0.161912808326132,0.17,0.179,1
"MTMR2",0.749791529915094,0.174579436843343,0.059,0.059,1
"FAM78A",0.749807901651046,-0.339332528730407,0.107,0.115,1
"TIMM8A",0.749974227807603,0.347121916873126,0.029,0.026,1
"IL17RC",0.750020028975405,-1.61786709204448,0.01,0.015,1
"TRAV13-1",0.750171428154969,-0.196017265612165,0.018,0.023,1
"CLCN3",0.750204779893838,0.220104927856293,0.17,0.138,1
"DTHD1",0.75046859150062,0.656117292615632,0.068,0.056,1
"ENSG00000228086",0.750475148151476,0.573061492037959,0.012,0.008,1
"PGGT1B",0.750719962786891,-0.215724316936745,0.115,0.125,1
"B4GALT7",0.750886735547243,-0.197309584266932,0.041,0.048,1
"ENSG00000236065",0.751079387041916,-0.965877489033026,0.008,0.013,1
"GATAD2A",0.751083606121239,0.112914879917208,0.299,0.268,1
"PLA2G4B",0.751272067660037,-0.516783331195151,0.012,0.018,1
"DHX33",0.751375059509485,-0.23081364298682,0.031,0.036,1
"LASP1",0.751751378408106,0.103852626048191,0.277,0.265,1
"AIMP1",0.751763227088648,0.14542892751867,0.248,0.214,1
"ENSG00000247193",0.751763518430994,-0.863018864008988,0.006,0.01,1
"HYCC1",0.751854598577732,-0.196838897994729,0.117,0.107,1
"AMY2B",0.752025932283443,0.356024345918815,0.01,0.005,1
"MDC1",0.752034779096918,-0.404856599659941,0.049,0.059,1
"KLRC2",0.75203746025132,-0.350110250722541,0.129,0.143,1
"MAP7",0.752098800672998,1.04197803197315,0.01,0.005,1
"GDPD1",0.752150964795327,0.225158409039451,0.021,0.015,1
"CCDC61",0.752234749580394,-0.636734673516322,0.014,0.02,1
"PUS7",0.752282215967979,-0.648091684358528,0.023,0.028,1
"TRIM16L",0.752363430965437,-0.144067268774831,0.01,0.005,1
"FNIP2",0.752769847335968,0.472418551017202,0.045,0.036,1
"OSGIN2",0.752915283763639,-0.369464588171996,0.068,0.079,1
"ENSG00000237356",0.753002937531735,-0.805123925165477,0.01,0.015,1
"SOBP",0.753087605248124,0.940597720306829,0.01,0.005,1
"C2orf27A",0.753138037396712,-0.307608606148264,0.033,0.033,1
"XPNPEP1",0.753151009189287,-0.193169100948982,0.076,0.069,1
"ANGPT2",0.753495288012453,0.40777199053554,0.01,0.005,1
"SSH1",0.753527251254743,0.148872580751428,0.131,0.11,1
"MCPH1",0.75386379545956,0.183858938714893,0.184,0.163,1
"ENSG00000255321",0.753905121890551,-1.47577780781564,0.008,0.013,1
"ZNF546",0.7540606972698,-0.481270450472274,0.008,0.013,1
"KLF7",0.75408913674324,1.84189466675062,0.01,0.005,1
"CRYBB2P1",0.754126984489561,0.237509932098692,0.188,0.158,1
"UQCC1",0.754297409807608,-0.665418511907899,0.021,0.023,1
"B4GALT2",0.754430043335028,1.17625270910309,0.02,0.013,1
"POMK",0.754507775292243,0.50309374865244,0.045,0.033,1
"PTCSC1",0.754655439115468,-1.23128435400127,0.01,0.015,1
"FAM13B",0.754736712036281,0.108174797792646,0.32,0.291,1
"ENSG00000291063",0.754875042820893,0.413122058711661,0.031,0.023,1
"H3C1",0.754951853396081,-0.282477122200486,0.041,0.051,1
"COMMD10",0.755101831063156,0.169102889265009,0.158,0.133,1
"MAD2L1",0.755158649345506,0.827415680954571,0.01,0.005,1
"KLF9",0.755265061438736,-0.116123171133156,0.172,0.194,1
"POLK",0.755801369529948,0.290159423427494,0.092,0.074,1
"ENSG00000291037",0.755855873402626,0.4728466009364,0.025,0.018,1
"ENSG00000263823",0.755861672275001,-0.869911994901158,0.006,0.01,1
"RMI1",0.755864463858592,-0.298245780167131,0.014,0.013,1
"TRUB2",0.755884515482994,0.471654606712057,0.062,0.048,1
"C1orf56",0.756167789015904,-1.05741561766295,0.014,0.02,1
"TMEM163",0.756235087415739,-0.223495388818005,0.025,0.033,1
"TMED10",0.75663009963245,0.129175601579132,0.406,0.362,1
"UTP15",0.756641250601088,0.204578210565671,0.039,0.033,1
"FKRP",0.756678442864214,-0.106099929025322,0.027,0.026,1
"MCOLN1",0.756733385622189,-0.384931038696486,0.035,0.041,1
"EIF3B",0.756892683208315,0.108277295357264,0.268,0.258,1
"NCR3LG1",0.757013403079467,-0.267429766728411,0.039,0.036,1
"KIF18A",0.757092334097438,0.47214088603592,0.025,0.018,1
"DRAIC",0.757451410228504,-0.755729386830843,0.01,0.015,1
"LENG8-AS1",0.757701249830842,-1.2179829431438,0.01,0.015,1
"GMPPA",0.758267583210376,0.338717837067188,0.047,0.036,1
"IL21R-AS1",0.758371677102879,-1.11433430249629,0.006,0.01,1
"APTR",0.758434089105864,-0.445435868288679,0.018,0.02,1
"TCAF1",0.758519470723406,-0.330637432626274,0.02,0.023,1
"GABPB1-IT1",0.758598254034467,-0.21372287969684,0.133,0.145,1
"N4BP2",0.758803120005323,0.166950906867003,0.084,0.066,1
"USP40",0.75893070257848,-0.174919944856865,0.01,0.013,1
"ENSG00000284602",0.759419111353674,-1.84366688697873,0.006,0.01,1
"ENSG00000214719",0.759728527347343,-0.555657432812262,0.055,0.061,1
"PLEKHA1",0.759800566577888,0.115671587381883,0.174,0.153,1
"POP4",0.759811585804982,-0.365053466841475,0.102,0.107,1
"SLC25A30",0.759838154874054,-0.40781830370228,0.031,0.033,1
"TMTC4",0.759896561591741,0.204672071807027,0.014,0.01,1
"TTLL1",0.760017551081584,-0.809647700162872,0.008,0.013,1
"DOCK10",0.760029013603424,-0.153652346999936,0.297,0.309,1
"TATDN3",0.76041986486833,-0.301233389736565,0.035,0.036,1
"ENSG00000289317",0.760620193544956,-0.64781060122445,0.01,0.015,1
"TMEM191C",0.760876007570707,0.170656262490199,0.016,0.013,1
"DAAM1",0.761027308910968,0.128947281313153,0.111,0.097,1
"ARHGAP19",0.761456128356769,0.388089983700024,0.02,0.013,1
"MARCHF8",0.761609049809592,0.27584836701314,0.057,0.046,1
"TMEM191A",0.761684013694186,0.186110347595252,0.043,0.043,1
"PLXNA1",0.76172197326605,0.597862613631983,0.02,0.013,1
"CPT2",0.761904700423613,-0.159366884770169,0.031,0.028,1
"MTAP",0.761979626596799,-0.461801756917644,0.033,0.038,1
"ALAD",0.762009915195767,-0.325520096338399,0.029,0.036,1
"ZNF589",0.762033368084821,0.172322876391248,0.047,0.036,1
"EPOR",0.762100787275018,0.274166368420426,0.047,0.043,1
"MIR3677HG",0.762197082887621,-0.830534846665437,0.008,0.01,1
"RTN4RL1",0.762381953624588,-0.903222318627759,0.006,0.01,1
"CBR3-AS1",0.762410688855656,-1.03276889203134,0.006,0.01,1
"NDUFB5",0.762588704277211,0.194122449515497,0.139,0.117,1
"KIAA1586",0.762681479104749,0.250721667519244,0.092,0.074,1
"LRFN4",0.762968499012317,-1.17302485634794,0.008,0.013,1
"RASGRF2",0.763183653845924,0.5823017768897,0.037,0.033,1
"H6PD",0.763279906040444,-0.359488580410581,0.016,0.02,1
"INTS6-AS1",0.763325298903726,-0.50129880098349,0.021,0.026,1
"LINC02100",0.763474760855841,0.288865464873374,0.025,0.018,1
"FOXK1",0.763549607764584,0.11466469259327,0.133,0.125,1
"PRMT9",0.763750787043539,0.189857843739249,0.129,0.11,1
"SPRYD3",0.763804720437816,-0.123040449089458,0.062,0.054,1
"FNTB",0.764004147974331,-0.176042188054842,0.014,0.018,1
"UTP18",0.764088215124813,0.240067768244947,0.15,0.14,1
"CNOT2",0.7644895810137,0.109186820184046,0.543,0.513,1
"ENSG00000289485",0.764528325109317,-0.126060717278094,0.02,0.023,1
"CYP20A1",0.764662844146242,0.145955352865063,0.242,0.209,1
"TRIM16",0.764720780696501,-0.133548228926284,0.012,0.008,1
"ATP8B2",0.765023931925625,-0.363245609603953,0.037,0.036,1
"ENSG00000291262",0.765151031833325,-1.26091226787384,0.008,0.013,1
"ZYG11B",0.765212140283401,-0.507067973018286,0.02,0.026,1
"XPO1",0.76529974245389,0.369088205066689,0.201,0.171,1
"SLC25A22",0.76541129901423,-0.48610338452505,0.055,0.054,1
"MRPL24",0.765646618745091,-0.22298210633286,0.045,0.051,1
"CCNQ",0.765774818790762,0.224187268231825,0.131,0.11,1
"LINC00342",0.765925772676896,0.287036320819878,0.066,0.054,1
"GK5",0.766086527614384,0.254100258328134,0.178,0.158,1
"PLCXD1",0.766310537673538,-1.1656406308121,0.006,0.01,1
"EMBP1",0.766400996697906,0.836896478620219,0.01,0.008,1
"UBTD2",0.76648444196342,-0.663042338968241,0.02,0.026,1
"LSS",0.766593847926915,-0.527154923892969,0.027,0.033,1
"MAN2B2",0.766613505693528,-0.35471539093335,0.055,0.064,1
"OAF",0.76665159277731,-0.577151803559919,0.016,0.018,1
"USP12",0.7667738679553,0.123233925525924,0.223,0.207,1
"PLEKHM2",0.767273982373739,0.208576149538128,0.201,0.176,1
"ENSG00000257221",0.76731076537161,0.423253148949289,0.033,0.026,1
"ENSG00000290576",0.767312622029819,-0.885681810752484,0.006,0.01,1
"ZNF714",0.767542008012296,-0.460067363241567,0.035,0.028,1
"REPS1",0.76766183862627,-0.144254786996259,0.162,0.148,1
"ALKBH8",0.76806442877722,-0.633248501542554,0.025,0.033,1
"THRAP3",0.768175248976683,0.175853084634852,0.467,0.408,1
"GSDMD",0.768231791812119,0.189051659239237,0.129,0.115,1
"ACER2",0.768259599054401,-0.640673264962265,0.008,0.013,1
"ENSG00000285693",0.768367129221214,-0.673559186021023,0.037,0.046,1
"TMEM53",0.768428292366581,-0.493599581226179,0.01,0.015,1
"ACSS1",0.768463068605091,-0.118089428612426,0.15,0.151,1
"RABL2A",0.768499010026681,0.3908199988846,0.02,0.013,1
"SPRYD4",0.768621076312296,-0.321423856629557,0.02,0.026,1
"TSC22D2",0.768666448384136,-0.119079571409547,0.316,0.321,1
"KHDC4",0.768760714400787,-0.239298930803405,0.09,0.094,1
"GSPT2",0.769069117394155,-0.432684892244135,0.021,0.026,1
"LINC00938",0.769073378978317,-0.255036545032401,0.043,0.051,1
"CSNK1E",0.769092873422719,0.156151448405995,0.164,0.135,1
"MIR181A2HG",0.769141273775132,-0.854070963313351,0.006,0.01,1
"PRDX6-AS1",0.769221260427892,0.172554101597823,0.066,0.054,1
"ANGEL1",0.769472498620495,-0.389496056707928,0.029,0.028,1
"WDR41",0.769532275617949,-0.40067819918064,0.037,0.043,1
"FAHD1",0.769635648002078,-0.917883927330847,0.023,0.031,1
"ERLIN2",0.769646879736106,-0.735160140963137,0.012,0.018,1
"CMPK2",0.77030334047952,0.339296096391627,0.037,0.028,1
"C4orf46",0.770454146470077,-0.952808398259335,0.029,0.036,1
"FNBP4",0.770463547352422,0.119200960569816,0.414,0.375,1
"KIAA0040",0.770498828006368,0.374351562320218,0.041,0.031,1
"PLEKHG2",0.770654230077636,-0.18526576950881,0.09,0.089,1
"C10orf143",0.77088626661947,-0.889329041425489,0.016,0.023,1
"CASP4LP",0.770960153802277,-0.473748817748938,0.043,0.051,1
"AURKA",0.771747317235574,-0.265086933969834,0.012,0.01,1
"HNRNPH1",0.771831393067744,-0.115401560463248,0.363,0.357,1
"UBAP2L",0.772163517955346,-0.136166294531039,0.141,0.148,1
"HMGN4",0.772400727066613,-0.147874802441244,0.322,0.321,1
"ARHGAP11B",0.772577478652383,-0.429812967296914,0.033,0.038,1
"BPNT1",0.772637369736695,0.3431023759528,0.035,0.026,1
"CAMTA2",0.772638904255559,-0.399480791570316,0.039,0.046,1
"CDC37L1",0.772840622413267,0.20350392736792,0.174,0.148,1
"BCORL1",0.772872116062752,0.184884929668745,0.025,0.018,1
"ENSG00000289496",0.773087460647911,-0.282829234206664,0.012,0.008,1
"MYO9A",0.773837331334876,0.17274656799641,0.064,0.051,1
"PYM1",0.773862398631029,-0.147637947154228,0.072,0.077,1
"TNFSF13B",0.77391211080849,0.777678619229657,0.012,0.008,1
"PHF13",0.77417413909499,0.265356486566584,0.062,0.054,1
"BAP1",0.774194713721426,0.307222329119995,0.104,0.087,1
"PLCXD2",0.774303022429176,-0.101588254791289,0.148,0.13,1
"STS",0.774408747491576,0.213765961446215,0.018,0.013,1
"UXS1",0.774600068845493,-0.205559870803619,0.074,0.082,1
"HDGFL3",0.774652243506864,-0.203743355286111,0.018,0.023,1
"ENSG00000288939",0.774654443358309,-0.368317749426621,0.012,0.018,1
"SUGT1P3",0.774751595367952,-0.871671068937373,0.02,0.026,1
"WDR5B-DT",0.774860460594549,0.163702002715392,0.059,0.046,1
"MAP4K5",0.775193964295288,-0.165420862132464,0.262,0.265,1
"PAM16",0.775347438982754,0.230017522605689,0.086,0.074,1
"CEP72",0.775388951000774,-0.458282300547815,0.02,0.026,1
"COX15",0.775411182519547,-0.266798845477515,0.031,0.033,1
"FAM120B",0.77566773710298,-0.111574223749492,0.145,0.153,1
"ENSG00000289405",0.775761587897078,-0.408788481891375,0.014,0.01,1
"NPEPPS",0.775981614250392,0.155129389141733,0.227,0.199,1
"CCDC82",0.776147792719673,0.31472970767407,0.137,0.112,1
"MRTFB",0.776266894295461,0.247884733532763,0.037,0.028,1
"TAF2",0.776272643946539,0.340831245432968,0.111,0.092,1
"ZFYVE21",0.77638838193685,-0.492570378858403,0.031,0.038,1
"SIT1",0.77647014858312,-0.255790882623553,0.078,0.084,1
"PABPC1L",0.776588498420967,-0.251545409133539,0.018,0.018,1
"TOP3B",0.776622213090436,-0.146848891558598,0.031,0.033,1
"ZNF726",0.776970758108759,-1.21238490308605,0.006,0.01,1
"ENSG00000279110",0.777234794838565,1.37701329667928,0.016,0.01,1
"CCNT1",0.777259734410905,-0.126572154333374,0.246,0.25,1
"ZNF20",0.777358175687005,0.108276790649969,0.023,0.023,1
"ENKD1",0.777418199564172,0.192603205886292,0.031,0.023,1
"ZNF277",0.777424679123055,0.224955017324323,0.131,0.11,1
"DNAH14",0.777442160362568,0.843012904507105,0.012,0.008,1
"SPCS1",0.777549156392038,0.109024857350172,0.506,0.452,1
"SMN1",0.77756610761285,-0.249393538391594,0.02,0.023,1
"PPP1R16A",0.777620584689085,0.177201310231797,0.031,0.026,1
"IGFLR1",0.777669333789892,-0.193594021930082,0.139,0.148,1
"GAR1",0.777703480555929,0.23036241258039,0.133,0.11,1
"ZMYM4",0.778071914053643,-0.163069147956607,0.098,0.092,1
"RAB35-AS1",0.778389864185496,-0.443690239874631,0.016,0.018,1
"DPH7",0.778594183130855,-0.19748830011175,0.09,0.097,1
"SIK2",0.778793765025021,-0.213217748568428,0.201,0.202,1
"TMEM14B",0.778871927807707,0.160878461242185,0.26,0.237,1
"GALNT2",0.778874066515387,-0.428267443986936,0.102,0.105,1
"GNS",0.779140589887973,-0.13243473213191,0.053,0.061,1
"TOB1-AS1",0.779224615149679,0.645616122668079,0.01,0.01,1
"TNFRSF10B",0.779691311292177,0.399480186678647,0.068,0.054,1
"XNDC1N",0.779908460535122,-0.222230570675519,0.016,0.013,1
"RPF1",0.779913215642481,0.212911455982178,0.184,0.163,1
"PLXNA3",0.779978415813642,-0.353759628169572,0.033,0.028,1
"KIAA0319L",0.780147359217157,0.160304859631918,0.117,0.099,1
"UBQLN4",0.780286410173945,0.380172324049644,0.07,0.056,1
"RRP7A",0.78044517024631,0.231866633919089,0.217,0.199,1
"CYLD-AS1",0.780505435395071,-0.626567617622125,0.014,0.018,1
"TUBG2",0.780571112350442,-0.22651609001595,0.012,0.008,1
"ENSG00000236986",0.780575353750123,0.143087004394355,0.027,0.028,1
"TPRA1",0.780819539426512,0.35371985372084,0.117,0.097,1
"SP1",0.780834116328307,-0.415242514454144,0.031,0.036,1
"DUS4L",0.780839357205536,0.203253539520433,0.027,0.02,1
"ALDOC",0.780849276615745,-0.225204874054237,0.023,0.02,1
"METTL2A",0.780928212472914,-0.537361982942377,0.031,0.038,1
"PIGO",0.78096602158234,-0.113600362837255,0.033,0.028,1
"SLC39A3",0.781007530122611,0.526959700884721,0.072,0.061,1
"ENSG00000272106",0.781181411550198,-0.312541584986288,0.02,0.026,1
"SDHAF2",0.781464048704158,0.138138009323165,0.295,0.26,1
"DAB1",0.781525701491144,0.587628180535987,0.023,0.018,1
"TMEM67",0.781624081900574,0.302426336514267,0.039,0.031,1
"LONRF3",0.781809682070282,-0.240558989048061,0.041,0.046,1
"ENSG00000226455",0.781846640932412,-0.464376230325263,0.014,0.018,1
"BTBD1",0.78213721336948,-0.17563142808947,0.201,0.207,1
"ATF6B",0.782241471269753,-0.140612165972584,0.189,0.194,1
"C1GALT1",0.782382083057354,-0.103949409981991,0.199,0.194,1
"WNT1",0.782713728990697,0.257512288914395,0.053,0.041,1
"UBE4B",0.782870818959361,0.127611611812442,0.145,0.125,1
"ZNF814",0.783335263648914,0.108240663744902,0.053,0.043,1
"ZNF75A",0.783425698240924,0.1722510664254,0.051,0.041,1
"ABHD13",0.783637138531685,0.286396518202394,0.139,0.12,1
"COPB2",0.783753638319074,0.153597036770096,0.285,0.245,1
"BAZ1A-AS1",0.784133109000943,0.16731160123171,0.062,0.051,1
"CWC22",0.784578210860719,0.175771370144603,0.168,0.143,1
"SYNGAP1-AS1",0.784595019908931,-0.546893039405555,0.018,0.023,1
"CIZ1",0.784741059991099,-0.216270773019143,0.098,0.105,1
"TCAF2",0.784917721118664,-0.140335129846249,0.043,0.036,1
"SNAI3",0.785113193642701,0.16863120243191,0.092,0.079,1
"MAFA",0.785336675998743,0.168782328948065,0.016,0.013,1
"SMIM8",0.785681083610984,0.419769426254058,0.018,0.013,1
"MBTPS2",0.785729621983436,0.721536888285508,0.016,0.01,1
"ENSG00000286153",0.785902252748613,-0.363229293487365,0.021,0.023,1
"PBDC1",0.785976906591472,-0.174342836939133,0.232,0.235,1
"FRY",0.785984611854081,-1.21057302832626,0.033,0.041,1
"KBTBD6",0.786253172625293,0.54225015389309,0.025,0.018,1
"MTMR4",0.786719910006873,-0.733503609750569,0.023,0.026,1
"TAGAP",0.786775214608221,-0.131487240857377,0.613,0.64,1
"FLACC1",0.786793033448907,-0.245230384726372,0.01,0.008,1
"USP13",0.786806873150919,0.409093885496025,0.047,0.036,1
"ARMC2",0.786962635194697,0.221481017629105,0.031,0.023,1
"INAFM1",0.786984839833286,0.508285275743695,0.021,0.015,1
"CILK1",0.787008008737498,0.2667584185815,0.041,0.031,1
"LINC03009",0.787052638417357,0.299864040447596,0.162,0.135,1
"ATM",0.787083368159958,0.20058365082119,0.27,0.24,1
"NBPF1",0.787381202267592,-0.228763940298166,0.029,0.036,1
"ALG8",0.787542579390463,0.410320647957474,0.033,0.026,1
"ENSG00000290084",0.787643618397601,-1.00106074396064,0.008,0.01,1
"GRPEL1",0.787798255843615,0.147748422428924,0.242,0.217,1
"WDR11",0.787884899359539,0.373970229142104,0.084,0.069,1
"TRGC2",0.787969841944334,-0.157542315140544,0.283,0.293,1
"GALNT4",0.788132710174851,-0.396614909367254,0.016,0.02,1
"PPP1R3F",0.78819973873685,0.424580275842423,0.016,0.01,1
"SLC4A8",0.788360931737747,-0.580689629182007,0.029,0.026,1
"RPP14",0.788564038645286,0.20945466953817,0.041,0.031,1
"ENSG00000273064",0.788566685962002,-0.203695695357485,0.008,0.013,1
"TRAV3",0.788754715263396,-1.09807014389851,0.01,0.015,1
"SVIL-AS1",0.788912878281309,0.141657739949236,0.027,0.02,1
"NCK1-DT",0.789000069569391,0.296951615304102,0.016,0.01,1
"PAXIP1-DT",0.789043942370024,-0.206511393920558,0.031,0.028,1
"PCCB",0.789151109141212,-0.168773271338232,0.039,0.046,1
"PHLDA1",0.789448304709242,-0.116172112200335,0.123,0.13,1
"RANBP3-DT",0.789513728939482,0.157187689309895,0.014,0.013,1
"DENND11",0.789747783143713,0.270251136352946,0.082,0.066,1
"COA6-AS1",0.78976908758242,-0.141239553170931,0.061,0.061,1
"ADAMTS6",0.790288481815091,0.498716773289948,0.059,0.051,1
"ANAPC7",0.790553083224031,0.474898292819619,0.059,0.046,1
"TOX2",0.790596810925146,0.758738438872428,0.033,0.026,1
"SOX13",0.790765466607867,-0.671246508835095,0.018,0.018,1
"VAV3",0.79090195036577,-0.14953916241328,0.203,0.204,1
"GGT7",0.791304028272275,-1.03351132473162,0.01,0.015,1
"ZNF451-AS1",0.791451614984645,-0.189692915712455,0.039,0.046,1
"GNPAT",0.791574313299148,-0.103532507994029,0.1,0.099,1
"TOX4",0.791615572939116,0.134766637061887,0.34,0.298,1
"RPS6KB2",0.791615641552463,-0.175908933961233,0.219,0.224,1
"ZNF507",0.791657420410547,0.103572333804971,0.068,0.056,1
"SMKR1",0.791880572880934,-0.616692574923193,0.01,0.015,1
"POLL",0.792330810186994,0.233453981337694,0.039,0.036,1
"ENTPD1-AS1",0.792463917206078,0.32874058781661,0.053,0.041,1
"ISOC2",0.792561891473145,-0.114323745963164,0.029,0.036,1
"PDCD2",0.792670610554166,0.194893557227801,0.268,0.235,1
"LIN9",0.792683796104468,0.266694706736201,0.021,0.015,1
"TADA1",0.792803707855806,-0.202018304400428,0.057,0.064,1
"RBM7",0.79287327887908,-0.1308706109171,0.221,0.212,1
"ENSG00000255670",0.792978055090353,-0.237411937509125,0.014,0.018,1
"PER3",0.793204003051203,-0.30022855095963,0.018,0.023,1
"UTP4",0.79326229270311,0.257419673305616,0.139,0.122,1
"RAMP1",0.793338629271928,0.295256625217224,0.031,0.023,1
"SMPD4",0.793612682502314,0.370409878995719,0.131,0.117,1
"SETMAR",0.793921962965042,0.314555033906215,0.016,0.01,1
"SPINDOC",0.794031489640583,0.196984491201428,0.092,0.077,1
"BRPF3",0.794111554053506,-0.261599510644724,0.051,0.061,1
"TMEM185B",0.794141714085821,0.414616439271084,0.055,0.043,1
"CHPF",0.794273473635723,0.345012332018795,0.053,0.041,1
"TOMM20L-DT",0.794537146448622,0.521352253856632,0.012,0.008,1
"ENSG00000253194",0.794836384913555,0.826394676999614,0.014,0.013,1
"ENSG00000197813",0.794861707836627,-0.427377779652262,0.016,0.015,1
"NSD1",0.794994095204719,-0.1288056469562,0.219,0.217,1
"ZNF8-DT",0.795133400068643,-0.113422000611691,0.023,0.023,1
"ENSG00000291075",0.795189213871905,-0.107964112892289,0.158,0.161,1
"SLC22A18",0.795329366522322,-0.416807439169404,0.025,0.031,1
"NGFR",0.795337820564791,-0.110196711543317,0.02,0.02,1
"OLMALINC",0.7956148070031,-0.749014090216721,0.006,0.01,1
"SYNJ2BP",0.795621370623733,0.489695895782364,0.047,0.036,1
"CLSTN3",0.795698462024918,0.101520502280261,0.088,0.071,1
"SMIM14",0.795733358300386,-0.274569546226521,0.053,0.051,1
"ARHGEF5",0.795791539103328,-0.104105457868684,0.014,0.01,1
"KCNMB4",0.796025621562134,-0.306914471889722,0.018,0.023,1
"IFT172",0.796150336133725,-0.190004818970523,0.01,0.015,1
"ERP27",0.796174406995706,-0.12862493068685,0.031,0.038,1
"TM6SF1",0.796316057711928,0.165468995054384,0.021,0.015,1
"TRIM66",0.796383722370834,-0.291743683463456,0.02,0.018,1
"POLDIP2",0.796412619351368,0.104863504211855,0.123,0.128,1
"SGPP1",0.796438758692557,-0.262298531069017,0.057,0.061,1
"EXOC3-AS1",0.796570115151109,-0.844185277178016,0.006,0.01,1
"CDCA4",0.796680990240946,-0.112318488933071,0.199,0.199,1
"HECTD3",0.79674345616377,-0.123464418942614,0.039,0.046,1
"ENSG00000289152",0.796763420271064,-0.618115995209851,0.045,0.059,1
"SCRN1",0.796842135673278,-0.976439135666191,0.014,0.015,1
"ARL15",0.796955093465519,-0.161707298794007,0.168,0.158,1
"PPP3CB",0.797173947787774,0.139202395450454,0.133,0.122,1
"ENSG00000288909",0.797194786294828,0.338576639664995,0.01,0.008,1
"PHF20",0.797206847706541,0.11315031838982,0.398,0.372,1
"CEP250",0.797266521531792,0.123858867435079,0.068,0.056,1
"SNHG30",0.797288196991497,-0.563890502938483,0.057,0.056,1
"BTG2-DT",0.797494637300062,-0.635950619525126,0.01,0.008,1
"TAX1BP3",0.797616992035467,0.101227020514585,0.094,0.077,1
"CCZ1",0.79762766685196,0.324438632744607,0.074,0.071,1
"LINC02256.1",0.79784719202751,-0.123495155531708,0.037,0.041,1
"CCR5",0.798165605057781,0.551193503686653,0.049,0.038,1
"DEXI",0.798242390617068,0.184798616493005,0.082,0.066,1
"GNB1L",0.798491742261153,-0.176503768008056,0.027,0.031,1
"RCC1L",0.798578332294565,0.130225737443805,0.068,0.056,1
"ENSG00000289929",0.798651394423543,0.782617597317533,0.025,0.018,1
"CHTF8",0.798687964241844,0.596976609016857,0.053,0.041,1
"ENSG00000227704",0.798907433949268,-0.858735697611541,0.006,0.01,1
"OSBPL7",0.798910347877517,0.180588905046549,0.15,0.13,1
"DUSP22",0.798934921938403,-0.205183261183599,0.098,0.089,1
"NPHP4",0.798980829176034,-0.449948493282526,0.027,0.031,1
"SETD5",0.799186104060494,0.169471522941673,0.328,0.301,1
"TICAM2-AS1",0.799329523493466,0.775312948107234,0.021,0.015,1
"PTPRA",0.799558346636255,0.130740711464513,0.234,0.227,1
"GGA3",0.799720413076712,0.194464062734717,0.094,0.077,1
"EIF3J-DT",0.799996619830342,0.277875973235043,0.025,0.026,1
"JMJD8",0.800105342078748,0.229462315030836,0.117,0.11,1
"CNNM4",0.800136891819617,-0.212476627096644,0.033,0.036,1
"ENSG00000243305",0.800519036065616,-0.249415821507005,0.043,0.048,1
"SEPTIN7-DT",0.800640743684972,-0.522025345345633,0.008,0.013,1
"ENSG00000289159",0.800643773401059,-0.715455016265398,0.008,0.013,1
"LINC02320",0.800740397861126,-0.525591206393005,0.014,0.018,1
"MIR222HG",0.800794885527302,-0.276775171031273,0.031,0.036,1
"FBXO41",0.800862043529254,0.962449548489245,0.014,0.01,1
"CCDC191",0.800994726992197,-0.772413807047742,0.014,0.018,1
"RAB5B",0.801170128224796,0.117347668370178,0.143,0.128,1
"CEP120",0.801267914089364,0.121708214423847,0.141,0.122,1
"BOLA2",0.801279956991651,0.14280156894066,0.193,0.181,1
"LINC00869",0.801581989713954,0.114348250549535,0.303,0.286,1
"PRR34-AS1",0.80158482748764,0.36661659867923,0.014,0.01,1
"NDUFS1",0.801679630678539,0.171576361538803,0.113,0.099,1
"CEP19",0.801730171881773,-0.516110074920328,0.031,0.038,1
"RCN3",0.802252798717845,-0.430360131589152,0.008,0.013,1
"MIER2",0.802282744689719,0.438796662083297,0.043,0.033,1
"DUSP10",0.802359548495679,0.108344355524891,0.426,0.395,1
"ENSG00000228804",0.802523355898902,-0.704770506176533,0.01,0.013,1
"EEF1AKMT1",0.802819429111245,-0.410239117741799,0.016,0.02,1
"PNPLA2",0.802827229322557,0.108937913319808,0.477,0.457,1
"TSPAN5",0.803059439592134,0.325996409718734,0.102,0.084,1
"RDH10",0.803140571029178,0.349045315324819,0.041,0.033,1
"NPHP3",0.803181033980833,-0.126127934927256,0.059,0.064,1
"THEM4",0.803261103593176,0.254153462169413,0.076,0.064,1
"TRDMT1",0.803617965563363,-0.43126614724042,0.074,0.082,1
"ZNF688",0.803699874433481,-0.431342180019453,0.055,0.064,1
"FDXR",0.804074215404141,-0.606518989491137,0.01,0.015,1
"LYN",0.80410547940459,-0.145014058467459,0.184,0.194,1
"TDRKH",0.804125739913251,-0.272118841462998,0.016,0.015,1
"RMDN1",0.804208242577781,-0.234362907744027,0.066,0.071,1
"FCHSD1",0.804348641224254,-0.311215757226425,0.07,0.079,1
"IQGAP2",0.804442903283976,-0.168092321566543,0.377,0.367,1
"PHC1",0.804786406311603,0.272609046150577,0.031,0.023,1
"METTL22",0.805179929635456,0.340401973740587,0.061,0.051,1
"ENSG00000289277",0.805348413280144,0.69040672821496,0.012,0.008,1
"NCK2",0.805394500507818,0.133896787882143,0.248,0.219,1
"ZC3H12D",0.805500918214542,-0.929384082424256,0.018,0.023,1
"PDZD4",0.806105439698094,-0.301029553237332,0.014,0.018,1
"KRBA1",0.806246863959385,-0.725067371713208,0.016,0.018,1
"PHF12",0.806612111902889,-0.162996142210213,0.191,0.184,1
"EVI5",0.806632924219547,0.699233646560658,0.016,0.013,1
"MYO1D",0.806859381948322,-0.490921714561466,0.035,0.041,1
"ENSG00000234961",0.806883429603828,0.20398336145052,0.221,0.184,1
"TMEM120A",0.806907965928881,-0.153010411122672,0.07,0.069,1
"ENSG00000233635",0.807204132460023,-0.186837259917972,0.02,0.015,1
"FUT4",0.807228333794078,-0.674293898910513,0.016,0.02,1
"KIF3A",0.807292693153571,0.183316536741735,0.113,0.094,1
"STAM-DT",0.807496920948211,0.126805785812373,0.01,0.008,1
"SFXN4",0.807512254182475,0.291965978677102,0.016,0.01,1
"NFS1",0.807647379615364,-0.171385833685821,0.023,0.028,1
"SERAC1",0.807805347779457,0.207245683083501,0.021,0.018,1
"IMP3",0.808061694382257,0.136937227837708,0.301,0.263,1
"AP4M1",0.808080395547411,-0.364380925028956,0.066,0.069,1
"GABPB1",0.808195666247524,0.196630291394531,0.227,0.202,1
"APC",0.808222891034277,0.117213840017067,0.139,0.117,1
"ALDH3A2",0.808440443471321,-1.14005908971302,0.014,0.018,1
"PCYT2",0.808835155818657,0.228871679219435,0.059,0.048,1
"STARD4",0.809419252734443,0.181026245590673,0.096,0.082,1
"ENSG00000250075",0.809432547102489,0.588192228720418,0.014,0.01,1
"HSD17B8",0.809572873714211,0.691689457354195,0.018,0.013,1
"BAG4",0.809856844478617,0.333528256082408,0.105,0.089,1
"GPKOW",0.810078470106347,0.105422948834256,0.123,0.11,1
"PSMG1",0.810113120384986,-0.255004412054279,0.035,0.041,1
"STAM2",0.810378279109181,0.255993789562261,0.049,0.038,1
"BPNT2",0.810491803195729,0.250792174862659,0.156,0.133,1
"ENSG00000273275",0.810550687072248,0.145828771409278,0.021,0.018,1
"FAM229B",0.810706471251399,0.408207953328705,0.016,0.01,1
"ENSG00000288957",0.81070967530224,-0.299250769894797,0.021,0.026,1
"OGDH",0.81106244393622,0.150478217589406,0.217,0.186,1
"FXYD1",0.811086161392409,-0.736670179398146,0.01,0.013,1
"TIGD1",0.811216417476787,-0.180481510263984,0.023,0.023,1
"ENSG00000269621",0.811332202002954,-0.698443634771959,0.006,0.01,1
"PRPS2",0.811450811794536,0.147018587214435,0.051,0.043,1
"MAPKAP1",0.811462292143666,0.239027450012103,0.096,0.079,1
"PAXIP1-AS2",0.81149056678846,0.453688804853724,0.031,0.023,1
"RRAGA",0.811622465281653,0.156965157808871,0.258,0.224,1
"EFNA3",0.811716820034366,-0.573330589467167,0.008,0.01,1
"ACBD3-AS1",0.811857676295142,0.717430063742461,0.016,0.01,1
"ARHGAP26",0.812037667624564,-0.133008523276357,0.461,0.441,1
"CKMT2-AS1",0.812165688018534,0.422638314631913,0.016,0.01,1
"ENSG00000291178",0.812267692583601,-0.226701691840111,0.1,0.102,1
"INTS8",0.812475958236102,0.194058967618423,0.068,0.056,1
"TSNARE1",0.812583728260797,-0.530973003422139,0.025,0.031,1
"POLR1G",0.812773260235592,0.480433936290679,0.016,0.01,1
"CASTOR2",0.812942942670088,-0.168990465122415,0.043,0.038,1
"ASB16-AS1",0.813373858205071,0.269522725998881,0.035,0.031,1
"ENSG00000258216",0.813374886639732,-0.587815153327651,0.008,0.013,1
"P2RY10",0.813377034617278,0.169591252877217,0.146,0.128,1
"SMAGP",0.813385438725827,0.217475103126298,0.057,0.046,1
"ENSG00000291060",0.813676417096151,-0.183502913678935,0.086,0.097,1
"ENSG00000259007",0.813797573394438,-0.347598333858661,0.027,0.031,1
"MANEA-DT",0.813865930606518,0.262073727140948,0.035,0.028,1
"DNAJB9",0.814012979113908,0.110250527755994,0.287,0.273,1
"LAP3",0.814047185362311,0.139154160886521,0.375,0.334,1
"KAT14",0.814058039300585,-0.616044536941187,0.008,0.01,1
"ZNF324B",0.814286617680649,-0.886190507151069,0.012,0.015,1
"PLA2G6",0.814726453311257,-0.276610994836111,0.025,0.028,1
"GIMAP2",0.814802439892292,0.103461578573606,0.117,0.105,1
"MDN1",0.814854529721876,-0.245279151880438,0.076,0.084,1
"PHF21A",0.814922971045755,0.138773820724388,0.219,0.191,1
"HNRNPD-DT",0.815257662577823,-0.109785418042541,0.021,0.02,1
"NDUFAF6",0.815269220899569,0.114098554284834,0.123,0.107,1
"EPOP",0.815282075216436,0.183464424361579,0.023,0.02,1
"FAM131A",0.815443678016682,0.328735421220641,0.037,0.028,1
"METTL25B",0.815506837792883,-0.445071562981797,0.029,0.036,1
"CENPK",0.815543665307789,0.133179808212564,0.074,0.069,1
"BMP8A",0.815547819466424,-0.344707909059804,0.018,0.018,1
"ENSG00000254898",0.815608734255965,-1.29793588815325,0.006,0.01,1
"GPD1L",0.81614230018919,0.69079067656724,0.016,0.01,1
"UPK2",0.816205904316124,0.33365722087357,0.016,0.01,1
"ALMS1",0.816234790346449,0.233438509974552,0.064,0.054,1
"BBS5",0.816283958395651,-0.313692866259661,0.016,0.02,1
"BRMS1L",0.816438840082758,-0.335309949598146,0.072,0.082,1
"PDLIM1",0.816476855162261,-0.366564612277369,0.021,0.028,1
"ALDH18A1",0.816887395358947,-0.220295306351716,0.045,0.051,1
"GGPS1",0.817237169163735,-0.393168732379662,0.082,0.077,1
"NEURL1",0.817490090592084,-0.259338905723229,0.014,0.015,1
"LINC00667",0.817614491173659,-0.182384155660972,0.053,0.059,1
"PLRG1",0.817838756049017,0.170616583237947,0.154,0.135,1
"TMEM70",0.818182752423845,0.132918905590425,0.213,0.194,1
"SIKE1",0.818224732045836,0.276880014109835,0.213,0.184,1
"TASP1",0.81826220395103,0.261827204446932,0.107,0.089,1
"DENND6B",0.818323051876153,-0.363272276930513,0.016,0.02,1
"ZNF852",0.8184256373335,0.399649906060681,0.055,0.048,1
"RTTN",0.818593032523959,-0.179409245403699,0.057,0.064,1
"WASH2P",0.818721779335916,-0.13822943534477,0.121,0.115,1
"ZNF544",0.819065677383011,0.48085281781703,0.059,0.048,1
"ENSG00000273118",0.819629177361798,0.361669136777955,0.023,0.018,1
"MTOR",0.819697809130495,0.226121765040464,0.092,0.077,1
"ARIH2OS",0.819845487966742,-0.120895690222604,0.025,0.023,1
"ZNF77",0.819962889048186,-0.433731332741995,0.021,0.026,1
"RBBP9",0.820074630051715,-0.129264469903886,0.059,0.064,1
"ETF1",0.820298019637615,0.112140831735915,0.379,0.339,1
"MYSM1",0.820604272961613,-0.181118831556286,0.162,0.168,1
"CPLANE1",0.821007093174406,0.394052238256866,0.07,0.056,1
"ATP1B2",0.82113116009345,-1.41976801478564,0.006,0.01,1
"ENSG00000285280",0.82127732114477,-0.667033450651775,0.02,0.026,1
"MTF2",0.821603391821011,0.153266953679482,0.184,0.158,1
"PYROXD1",0.821637891097985,0.248685563008976,0.129,0.11,1
"TXNRD2",0.8216811037442,-0.50631443334917,0.025,0.031,1
"DENND1C",0.821794945013141,-0.247850204777251,0.145,0.153,1
"MON1B",0.821824829026598,0.267209079384483,0.092,0.077,1
"CXCR5",0.822084897861181,-0.475645460305103,0.016,0.02,1
"SKIC8",0.822100459458587,-0.123886670225827,0.1,0.105,1
"AGAP1",0.822188952097489,-0.118775338785859,0.041,0.043,1
"PDHX",0.822191556523699,-0.256232103060409,0.057,0.059,1
"TAF4",0.822300853133006,-0.457340175721269,0.047,0.051,1
"DBNDD2",0.822364767060015,-0.477566651316329,0.027,0.036,1
"IER5L",0.822524299509012,-0.160838330504229,0.287,0.273,1
"ENSG00000270659",0.822541639834147,-0.369488346687771,0.014,0.013,1
"CAMTA1",0.822779331485114,-0.105379025679507,0.248,0.25,1
"ZSCAN26",0.822902405935112,0.224886775866531,0.041,0.033,1
"MIR4422HG",0.823045526954539,0.166108373217682,0.018,0.013,1
"AMACR",0.82334118226474,-0.78111529228082,0.016,0.02,1
"PPP1R35",0.823420965960077,-0.181454532370832,0.246,0.25,1
"ENSG00000290854",0.823558523677708,0.307663721188468,0.033,0.026,1
"TBXA2R",0.823855884111899,0.282302979301811,0.012,0.008,1
"SNX27",0.824042622862772,-0.151287699739447,0.119,0.12,1
"SNTA1",0.824244148971806,0.372974929776235,0.049,0.046,1
"CBX6",0.82425495789467,0.241945284573847,0.113,0.094,1
"UBXN8",0.824518123636553,-0.489967173749303,0.021,0.026,1
"HELZ2",0.824669449384046,-0.129423193155991,0.057,0.061,1
"COLGALT1",0.824805188215061,-0.508611083510263,0.029,0.033,1
"APIP",0.824876070204457,0.178555097320319,0.109,0.092,1
"MAU2",0.825060213649815,0.155497385781809,0.111,0.092,1
"DCUN1D3",0.825098409429185,-0.313888722033131,0.033,0.036,1
"CIDEB",0.825105325345167,-0.16859617380895,0.055,0.046,1
"ZCCHC4",0.825204885101058,0.203690040216689,0.029,0.023,1
"MTHFS",0.82523733347116,0.172377941884836,0.164,0.138,1
"RBM45",0.825420889872302,-0.140674073668184,0.033,0.038,1
"PXMP2",0.825584373001477,0.243790322432271,0.021,0.026,1
"NOP9",0.825607568108627,0.408836677936692,0.061,0.048,1
"EXOSC9",0.825801549871116,-0.11919770177496,0.125,0.125,1
"RAD51B",0.825953818847997,-0.606877241070904,0.092,0.102,1
"RGPD2",0.826132872781317,0.424968556197046,0.02,0.015,1
"LINC00863",0.826165621305715,-0.357128541221837,0.057,0.059,1
"POLG",0.8261784713783,0.276848722235383,0.143,0.122,1
"ZSWIM4",0.826181270956671,0.327621293340525,0.027,0.02,1
"ENSG00000289406",0.826578002293938,-0.150766045642598,0.01,0.013,1
"ALKBH3",0.826590284848261,0.400586402512311,0.072,0.059,1
"BLCAP",0.826655901965653,0.335180861694509,0.141,0.117,1
"UBE2E3",0.826687546927693,0.123696258236714,0.287,0.253,1
"NDE1",0.826689205283157,-0.106871518200046,0.182,0.181,1
"SDE2",0.826725691191592,-0.165543005144143,0.279,0.286,1
"MN1",0.826895857445699,-1.13862679113448,0.01,0.013,1
"TKTL1",0.827256606077711,-1.5534091895405,0.006,0.01,1
"EGR2",0.827515047380658,0.412345347421326,0.078,0.071,1
"SLC30A4",0.827632015786897,0.141905449511167,0.021,0.02,1
"LINC00598",0.827658156573022,-1.21055890067826,0.008,0.01,1
"PSMG3-AS1",0.828085962687072,0.774795725222323,0.018,0.015,1
"MAPK1",0.828178442851511,0.103123975719654,0.381,0.352,1
"ZNF605",0.828226518960842,0.529959084975784,0.018,0.013,1
"ZNF594-DT",0.828345124472129,-0.451559213531548,0.016,0.02,1
"ZNF175",0.828386718273938,0.819540398899289,0.012,0.008,1
"C12orf40",0.828561962389353,-0.82104968329949,0.01,0.013,1
"ENSG00000286264",0.828587271280624,-0.242575850514414,0.064,0.069,1
"TPM1",0.828670125683348,0.199043290852142,0.037,0.036,1
"LINC02422",0.828703895456649,-0.351967681190944,0.025,0.02,1
"DBP",0.828778076449596,-0.244843591178821,0.049,0.048,1
"HVCN1",0.828828546362826,-0.504779858100029,0.025,0.028,1
"ERO1B",0.829361088836549,0.127970319717662,0.189,0.166,1
"ATP23",0.829613484319502,0.143337791473576,0.045,0.036,1
"HEATR5B",0.829729198427927,-0.235870146396211,0.072,0.074,1
"RPS6KB1",0.829797862871297,0.1465064084907,0.205,0.186,1
"GLIDR",0.829933012532444,-0.322356970720429,0.014,0.018,1
"LINC01237",0.830007244919417,-0.623605660699353,0.014,0.018,1
"LINC00205",0.830057090949707,0.345699909593217,0.012,0.013,1
"WBP2NL",0.830110176576987,0.203125703506348,0.012,0.008,1
"FBXL8",0.830120049169351,0.392067591426875,0.023,0.02,1
"NAIF1",0.830120830234422,0.493523479940668,0.021,0.015,1
"ENSG00000230490",0.830135922611919,-0.665250770407163,0.008,0.013,1
"ENSG00000278730",0.830460382845382,0.139421255291994,0.023,0.023,1
"HSPA2",0.830603431829498,0.1384102440739,0.055,0.048,1
"SH2D3C",0.830714439652457,-0.306612388300281,0.068,0.069,1
"H4C6",0.830799736919689,0.152213883582997,0.047,0.048,1
"ARHGEF38",0.83085933107105,0.649976444964649,0.012,0.008,1
"CCDC184",0.830975726567866,0.668229124397328,0.027,0.02,1
"DIS3L2",0.831030558337387,0.353196982453834,0.078,0.066,1
"CCDC126",0.831045583383258,0.227288892043939,0.086,0.071,1
"SLC25A17",0.831056259929202,-0.298807963313266,0.041,0.046,1
"MAN1C1",0.831382090698796,-0.692076821932993,0.027,0.033,1
"ENSG00000265394",0.83148383686755,-1.34066540914967,0.006,0.01,1
"RHOXF1",0.831689047152465,0.306818068286074,0.027,0.02,1
"HIRA",0.831968475759917,0.482837648263944,0.082,0.069,1
"RABL6",0.832342915771855,0.124397350488572,0.172,0.148,1
"HSP90B1",0.832444464840862,0.149399089124647,0.699,0.653,1
"POLR3A",0.832450710076101,-0.164233186807265,0.061,0.051,1
"GFPT2",0.832585033419791,0.170359816560132,0.035,0.028,1
"PSMD6",0.832933063946887,0.209661138717372,0.359,0.316,1
"MAPKAPK5-AS1",0.832965366507995,-0.107744503622234,0.15,0.14,1
"KPNA3",0.833426094060922,0.231168777543382,0.211,0.184,1
"SEC31B",0.833505360362131,-0.248400251337086,0.021,0.018,1
"ZNF875",0.833709730026209,0.188326596309803,0.055,0.048,1
"CLDND1",0.833721346751615,0.222037657258337,0.453,0.395,1
"ENSG00000274292",0.833818242501278,0.77107546326247,0.016,0.013,1
"NAT9",0.833821905482088,-0.159896053888401,0.053,0.056,1
"NDST2",0.833882599821054,0.260910067457438,0.107,0.102,1
"MAML3",0.83396961955789,-0.456659742034457,0.012,0.015,1
"ZNF585A",0.834168495078184,0.120968095853438,0.082,0.071,1
"QTRT1",0.834636217734325,-0.132974982182308,0.068,0.069,1
"TANGO6",0.834873023865405,0.562475690233508,0.041,0.038,1
"LINC00641",0.834916582075564,-0.592864630476844,0.02,0.02,1
"NUP205",0.835125726338399,-0.160637873639669,0.078,0.074,1
"EPN2",0.835323746070124,-0.670785848245976,0.02,0.026,1
"AKIP1",0.835598805598541,-0.18515152411398,0.041,0.043,1
"OSER1-DT",0.835783092421909,-0.795914863599481,0.016,0.02,1
"ZNF703",0.835898398288468,-0.767349652756752,0.021,0.026,1
"RNF216",0.835958543766402,-0.119191295076434,0.273,0.273,1
"ENSG00000257452",0.836000659263878,0.904083822130134,0.012,0.008,1
"GIT1",0.836097919931646,0.435614422853697,0.135,0.112,1
"GSEC",0.836581235783025,-0.369335229020487,0.012,0.015,1
"EPG5",0.836602700624741,0.222713931737977,0.121,0.107,1
"ZER1",0.836676683488329,0.312995093138301,0.092,0.077,1
"IFNGR2",0.836797391907113,-0.144663241928328,0.023,0.028,1
"ENSG00000291215",0.836844334910063,0.489325365100381,0.02,0.015,1
"SDAD1-AS1",0.836921485122988,0.387892872374369,0.012,0.008,1
"PPP1R37",0.837067719948486,0.298045569499045,0.049,0.048,1
"DHX37",0.83712064735185,0.47751369932948,0.037,0.031,1
"ANO10",0.837168899809556,-0.570118802206375,0.037,0.041,1
"CERS5",0.837180274574895,-0.101266221950008,0.105,0.102,1
"YARS2",0.837366197876929,0.134070799998613,0.1,0.089,1
"ANKRD9",0.837551893159539,-0.505005900226087,0.016,0.02,1
"FCHO1",0.837598911905185,-0.295201457300554,0.055,0.061,1
"ENSG00000288899",0.837634146704683,0.123505007675424,0.012,0.008,1
"SLC39A4",0.837839142927889,-0.64656257984227,0.014,0.015,1
"DCTN1",0.837903033496402,-0.213374676205192,0.104,0.11,1
"KBTBD7",0.837975509145896,0.49956385776049,0.021,0.015,1
"ZNF543",0.838018957161954,-0.200876688396476,0.025,0.028,1
"TBCCD1",0.838183141131809,-0.578677053844729,0.039,0.043,1
"IFT74",0.838348819955443,-0.407168756982463,0.029,0.028,1
"FECH",0.838474894418562,-0.227667787039937,0.025,0.02,1
"FXYD7",0.838528634432304,-0.632815150805602,0.012,0.015,1
"TRIM5",0.838584014329151,-0.122001269816076,0.074,0.077,1
"DHX15",0.839127639283891,-0.110491007633786,0.252,0.25,1
"TSPAN3",0.83953158663494,0.270839937162869,0.115,0.099,1
"CNTROB",0.839532501379091,-0.512390087930283,0.014,0.018,1
"EIF2B4",0.839578943792401,0.262229665058545,0.115,0.097,1
"G2E3",0.839751434050572,-0.227234907930603,0.121,0.128,1
"ENSG00000272092",0.839821016210366,-1.20143045775056,0.02,0.028,1
"RASGEF1B",0.839826305647991,-0.191151862142749,0.236,0.24,1
"ENSG00000290646",0.83990992590629,-0.456227071059465,0.014,0.018,1
"SNAP23",0.840045109487954,-0.31540428900873,0.145,0.156,1
"PSMC3",0.840122395128221,0.132988284003661,0.326,0.293,1
"ADAMTS17",0.840256038188628,-0.217180091517091,0.033,0.031,1
"PALM2AKAP2",0.840285641764069,-0.132669549641617,0.027,0.028,1
"HIVEP2-DT",0.840435872911238,-1.3165000022449,0.008,0.013,1
"TRDJ1",0.840449442557881,-0.433262813305033,0.012,0.013,1
"GGCX",0.840462556361548,0.103651918024623,0.115,0.099,1
"UAP1L1",0.840540447692946,-0.290176996495749,0.023,0.023,1
"CTNNA1",0.840582219711612,-0.277985684014535,0.021,0.026,1
"FARP2",0.84102748795267,0.207633968092325,0.066,0.056,1
"CTH",0.841124224415519,-0.183312015235566,0.016,0.013,1
"AP2A2",0.841378216756784,-0.149289404498451,0.086,0.092,1
"KCNQ5",0.841573208912762,0.643448417965409,0.037,0.031,1
"ACACA",0.841736235438724,0.170889279213709,0.084,0.069,1
"SLC16A1-AS1",0.841759606878451,-0.330398865966342,0.035,0.028,1
"APPAT",0.841924945875125,0.175278072946627,0.029,0.028,1
"ENSG00000259536",0.842006045317124,-0.634221617360068,0.014,0.018,1
"KBTBD3",0.842024086713072,0.104394131570882,0.039,0.033,1
"THAP1",0.842181816924254,0.102698472964003,0.109,0.094,1
"PROCR",0.842285922839945,0.686112491360253,0.012,0.008,1
"ENSG00000277383",0.842360459427507,0.880358208043558,0.01,0.008,1
"BET1",0.842405695236082,0.354979290132668,0.102,0.084,1
"PPP4R1",0.84247083705196,0.188128116340185,0.117,0.099,1
"ZDHHC7",0.842529554869658,0.213426724616829,0.189,0.163,1
"DAG1",0.842609095887982,0.274476024447858,0.045,0.038,1
"ENSG00000289564",0.84273094720813,-0.715081715171368,0.014,0.018,1
"GSTM2",0.842925550237044,-0.20253437411727,0.018,0.02,1
"GPATCH4",0.843426994738017,-0.119077802019686,0.078,0.079,1
"STPG1",0.843442422592491,-0.214845500250026,0.01,0.008,1
"FAM193A",0.84358478779739,0.254254674607879,0.152,0.13,1
"EHBP1",0.843700328482872,0.114574616540411,0.055,0.046,1
"MACIR",0.844129249657008,0.319721782273976,0.016,0.013,1
"KLF11",0.844357727404789,-0.133829399261684,0.064,0.066,1
"DCUN1D5",0.844495084564172,-0.118393690342641,0.143,0.148,1
"APOA1-AS",0.844610205443422,0.373237349564621,0.012,0.008,1
"IGLV2-14",0.844681364886837,-0.436493516644619,0.014,0.018,1
"ENSG00000226824",0.844690473169419,0.181743067601804,0.115,0.099,1
"ENSG00000291171",0.844717820220491,-0.646460834570494,0.039,0.043,1
"SNURF",0.844766356284869,0.37664788160855,0.02,0.015,1
"MIR924HG",0.844920954558474,0.151205699868599,0.027,0.026,1
"ARSG",0.845145381793796,-0.310137956309079,0.031,0.031,1
"EI24",0.845418616261313,0.181820797768546,0.154,0.135,1
"ABCF2",0.845437348095578,0.297121125311622,0.146,0.12,1
"ENSG00000285909",0.845447174068352,-0.641922575108804,0.012,0.015,1
"TMEM267",0.84579141573636,0.160188015879843,0.053,0.043,1
"ST3GAL4",0.84582010369772,-0.171850779898116,0.09,0.092,1
"TRIM34",0.845926057648539,-0.104668809899077,0.008,0.01,1
"MINDY2",0.84594550381272,0.111370276440979,0.107,0.094,1
"ABHD15-AS1",0.845985425481191,0.193746747805708,0.049,0.043,1
"ORAI2",0.8460109360765,0.209579196744672,0.314,0.27,1
"INTS3",0.846184716720829,-0.118835146349569,0.023,0.028,1
"ASB2",0.846216471306773,0.525294924579212,0.016,0.015,1
"TOGARAM1",0.846247827001242,0.185216376066194,0.092,0.079,1
"POFUT1",0.846351874836529,-0.487104405886567,0.027,0.028,1
"ENSG00000289235",0.846677493056475,0.273442317557331,0.012,0.008,1
"MVB12A",0.847430317340497,0.218622645441342,0.041,0.033,1
"GTPBP3",0.847541866469544,-0.170567323590866,0.027,0.031,1
"THOP1",0.847546322726666,0.262456443065441,0.047,0.038,1
"PRKAR1B-AS1",0.848092935307864,-0.148884221070063,0.02,0.023,1
"ENSG00000265987",0.848115482511746,-0.564313361859984,0.012,0.015,1
"PODXL2",0.848272512719562,-0.145830490876155,0.016,0.015,1
"TMEM241",0.848438687485011,-0.226936690738895,0.012,0.015,1
"CEP131",0.848482096081566,-0.234524200628115,0.014,0.01,1
"SLC46A3",0.848523678315551,-0.186938530169398,0.033,0.036,1
"WDR76",0.848580390701535,-0.647937014597162,0.02,0.026,1
"CORO1B",0.849011636921338,-0.240956542087,0.096,0.102,1
"PRICKLE3",0.849045574317105,0.148803344411955,0.029,0.023,1
"HTD2",0.849328669731956,0.527391577114094,0.039,0.031,1
"FICD",0.849430654520703,0.149722239969665,0.027,0.023,1
"ROM1",0.84948723133657,-1.06942273489975,0.006,0.01,1
"TADA2A",0.849563874189313,-0.330547218342806,0.037,0.038,1
"GMFB",0.849705130301387,0.138814939391554,0.17,0.151,1
"CFD",0.849707134008871,-0.651281362593872,0.012,0.013,1
"CDKL3",0.849724840161201,-0.10169404179786,0.027,0.031,1
"ENSG00000290886",0.849879272272431,-0.628847300873161,0.01,0.013,1
"SENP2",0.849976812804902,0.236995995731316,0.133,0.112,1
"EFHD2-AS1",0.850133708277203,-1.43757182282317,0.006,0.01,1
"ENSG00000225313",0.850371611619475,0.217703510411414,0.01,0.01,1
"SLX4",0.850408517599828,0.209077441012779,0.012,0.008,1
"TMEM69",0.850658912523858,0.156707108182487,0.057,0.046,1
"NRDE2",0.850738149423788,0.155825523282319,0.086,0.079,1
"ENOX2",0.850990921923853,0.171149859867056,0.037,0.031,1
"ENSG00000261840",0.851083071689198,-0.84735243251749,0.014,0.018,1
"CCDC22",0.85126317082111,-0.103803398847586,0.064,0.056,1
"FANCB",0.851313893212204,-0.297728080019811,0.018,0.023,1
"RRP1",0.851731170087927,0.242147526320759,0.104,0.087,1
"ZNF84",0.851856121109468,-0.256150462931336,0.068,0.071,1
"PIK3IP1-DT",0.851938574512858,-1.32430323242287,0.01,0.013,1
"RFC2",0.85201224133644,0.316305475210192,0.082,0.069,1
"TRBV23-1",0.85208667101151,-0.610859320427232,0.008,0.01,1
"PXYLP1",0.852280771344108,-0.414929330348116,0.037,0.036,1
"SLC4A4",0.852347503189809,-0.277858600825985,0.053,0.054,1
"ZBTB6",0.852350226046156,-0.567987979684569,0.055,0.061,1
"FAR2",0.852357430183191,-0.314510714024642,0.039,0.038,1
"MID1IP1",0.852466972009952,0.350498080120755,0.066,0.054,1
"TPD52",0.852936384125362,0.346500815071066,0.031,0.026,1
"KIF7",0.85294989187074,-0.338558878386115,0.01,0.01,1
"ALG9",0.85310662162219,-0.373730999647945,0.062,0.069,1
"RNF40",0.853173373534881,0.126209752677549,0.113,0.102,1
"HSD17B1",0.853194502073682,-0.674746439417891,0.014,0.018,1
"METTL1",0.853596878402395,0.29103717737915,0.031,0.026,1
"MIS18A",0.853673558389369,0.354001609495205,0.033,0.031,1
"PMPCB",0.853951016330467,0.109526391427999,0.248,0.224,1
"ULK3",0.854029072997715,-0.208061243736015,0.072,0.079,1
"PRR29",0.854237751693152,0.262733053904852,0.012,0.008,1
"BDH1",0.854253164420934,-0.661865123058152,0.016,0.02,1
"SLC19A1",0.854295140514365,1.0574781005845,0.012,0.008,1
"NARS2",0.854547790475094,0.27017642882474,0.041,0.033,1
"CBX8",0.854629241105698,0.69300568596582,0.018,0.013,1
"HMGCL",0.854675671658783,-0.443691108264666,0.025,0.028,1
"MYLK4",0.85470755212081,-1.15952248521188,0.012,0.015,1
"WDR13",0.854894092552816,0.103115466230062,0.088,0.089,1
"DLAT",0.854904737672108,0.174502723597159,0.062,0.054,1
"FSD1",0.855196824568993,-0.305499834432992,0.014,0.018,1
"PITRM1",0.855437359708173,0.141633811709873,0.068,0.056,1
"PABIR2",0.855760034292088,0.284158614619543,0.082,0.077,1
"CUL4B",0.85584385128148,-0.427478587402622,0.059,0.056,1
"FBLN5",0.8561402827365,0.166583838647907,0.012,0.008,1
"DYNLT3",0.856327183118084,-0.114316898461704,0.133,0.138,1
"GPAM",0.856551601729295,-0.203058463369521,0.012,0.015,1
"TRAV8-1",0.856606742117379,-0.579734894272345,0.01,0.01,1
"SLC43A3",0.856735039352302,-0.168503336018353,0.033,0.036,1
"ADTRP",0.856836960214317,0.884775314859716,0.012,0.008,1
"GHDC",0.856983401265559,-0.327598762925699,0.021,0.026,1
"LNX2",0.857303275190307,0.157473231917151,0.059,0.056,1
"LYPLAL1",0.857304221781725,0.111342591166102,0.035,0.028,1
"ARAP1",0.858244034394668,0.113985663968183,0.189,0.181,1
"ENSG00000257342",0.858290657103205,0.266816573107864,0.018,0.015,1
"CHKB-DT",0.858306057236593,-1.0944864225553,0.01,0.01,1
"PIP5K1A",0.858380184947543,-0.115827378381722,0.127,0.117,1
"DENND2D",0.858688026943244,-0.119910257952287,0.162,0.158,1
"SOCS6",0.858762529132883,0.287070383418396,0.018,0.013,1
"MAGEH1",0.858907236339114,-0.239430142695078,0.035,0.041,1
"CCDC125",0.858993355024239,0.264746358961289,0.018,0.013,1
"ZNF548",0.859172423213552,0.13883051664862,0.068,0.061,1
"CACNB1",0.859218747901543,-0.469436618773254,0.014,0.018,1
"RHEBL1",0.859262388244982,-0.35096237614252,0.043,0.051,1
"FBXL18",0.859523012015815,-0.738603851406089,0.018,0.023,1
"CEACAM21",0.859599431618369,-0.306910370370817,0.068,0.071,1
"ENSG00000223725",0.859599457648913,0.232013229018389,0.01,0.013,1
"MICAL3",0.859680331698481,0.201284641736552,0.014,0.018,1
"ZNF138",0.859690725329098,-0.26365698730021,0.062,0.069,1
"FBXO44",0.859747035619556,-0.244491257671994,0.086,0.094,1
"CITED4",0.859781921624266,-0.600311966213278,0.02,0.023,1
"C1orf216",0.85984030082337,-0.269896463385503,0.049,0.041,1
"ENSG00000290796",0.859957571329441,-0.6469355534481,0.035,0.038,1
"JTB",0.860163376860228,0.106427788708223,0.631,0.582,1
"LPAL2",0.860621611018213,-0.385058650302944,0.018,0.02,1
"MTRF1L",0.860674740460061,-0.154893061708717,0.107,0.112,1
"HDAC2",0.860684478289907,0.118745765244179,0.174,0.156,1
"TRAF5",0.860918215882827,-0.379432261888215,0.07,0.077,1
"TRBV12-4",0.861027123749347,0.191163524965335,0.01,0.008,1
"MGAT2",0.861312164566462,0.219430185554093,0.133,0.12,1
"RND1",0.86146999784006,0.504075822825507,0.027,0.023,1
"ENSG00000272211",0.861517554534303,-0.140396630809406,0.014,0.015,1
"CASP8AP2",0.861551768842628,0.357137619707032,0.064,0.054,1
"YIPF1",0.861762325756232,-0.258655589659088,0.061,0.056,1
"SYNRG",0.86181800987992,0.118151015522621,0.221,0.194,1
"COQ7",0.862012450185407,-0.511377505347637,0.041,0.041,1
"IL2RA",0.862079569036655,-0.105842551815615,0.008,0.01,1
"ENSG00000260000",0.862169046129336,-1.14685956141877,0.012,0.018,1
"ZMYM1",0.862651876260238,-0.400341876407559,0.031,0.036,1
"GCC1",0.862846520649243,-0.161784224843364,0.047,0.051,1
"FANCI",0.862949172958941,0.10802375618581,0.035,0.033,1
"IBA57",0.862980449924461,0.125800401216162,0.037,0.031,1
"TRGV4",0.863024847210205,-0.241821779670672,0.086,0.094,1
"GDAP1",0.863105307349989,-0.425344623959512,0.031,0.036,1
"NUP153-AS1",0.863157566613999,0.275881328342789,0.057,0.046,1
"TMX2",0.863697368932981,0.20705618605281,0.191,0.166,1
"NUP85",0.864081808892095,-0.121260217016752,0.049,0.048,1
"SHLD2",0.864298467688258,0.13821500600417,0.141,0.122,1
"ZNF586",0.86436269793213,-0.160604102429688,0.076,0.064,1
"FCGR2C",0.864442800746778,0.832931834769503,0.01,0.008,1
"ING2",0.864483792062446,0.312936827657341,0.059,0.048,1
"ENSG00000273319",0.864605902990543,0.292033501354364,0.061,0.056,1
"ZNF768",0.864693358584249,-0.450611494262437,0.012,0.015,1
"RPUSD1",0.864860233162876,0.135199791997191,0.119,0.102,1
"TTC9",0.864898706847832,0.184528118224735,0.043,0.041,1
"AKAP8",0.86550521486362,-0.224555898002244,0.125,0.133,1
"TMEM101",0.865694558594281,-0.189706661704853,0.043,0.046,1
"ZNF700",0.86573044611096,-0.743090307031327,0.035,0.041,1
"WIPF2",0.86619161987851,0.198946560813629,0.156,0.143,1
"PDK2",0.866399875953999,0.12705615955127,0.053,0.043,1
"ADRB2",0.866627329147424,-0.300617619835048,0.121,0.122,1
"ENSG00000287710",0.866648071758461,0.530321295831991,0.012,0.01,1
"GUSBP1",0.866723561992311,-0.114898433841607,0.053,0.046,1
"IL1RAP",0.866845827505066,-0.82926821629224,0.033,0.038,1
"RAB43",0.866901982514652,0.186541701377926,0.025,0.023,1
"MEF2A",0.867104289114612,-0.22714367977046,0.133,0.138,1
"ENSG00000288813",0.867174071586971,-2.42263760350899,0.006,0.01,1
"ZNF892",0.867350048050353,-1.287760073524,0.012,0.015,1
"INO80D-AS1",0.867376575165002,-0.142701730220604,0.064,0.061,1
"ZSWIM7",0.867805652883375,0.344043142948288,0.107,0.094,1
"EML4-AS1",0.868048457807859,-0.764334886339378,0.012,0.015,1
"SNX18",0.86826725400325,0.180265563347427,0.049,0.054,1
"TIMM21",0.868307397821548,0.341246783352823,0.031,0.028,1
"ZMAT3",0.86891185806749,-0.107680201869002,0.053,0.059,1
"ANKS1A",0.869011299185537,0.188490689012383,0.102,0.089,1
"SEPSECS-AS1",0.86902950717484,-0.523403061915963,0.01,0.013,1
"HYOU1",0.869222411558549,0.192592073673245,0.213,0.184,1
"SUV39H1",0.8693890922105,0.267531641180978,0.035,0.028,1
"ATP6V1E2",0.869655212343051,-0.598348611939107,0.012,0.01,1
"SMC4",0.870043280273573,-0.117422936050153,0.182,0.189,1
"TMCC3",0.870102384365843,-0.489865708519145,0.031,0.041,1
"SMIM29",0.87017546667881,-0.157818943298181,0.135,0.135,1
"ADORA2A",0.870183585002952,0.117774018565004,0.037,0.041,1
"AP5S1",0.870234676946084,-0.356195183251214,0.02,0.023,1
"ENSG00000275807",0.87031718869937,-0.547753682723015,0.021,0.02,1
"CCDC65",0.870341295308912,-0.242075591936201,0.023,0.028,1
"ACTR5",0.870486666394407,-0.282685670678529,0.049,0.048,1
"PAXIP1",0.870590412960988,0.229420232936727,0.035,0.028,1
"ZIK1",0.870681536845527,-0.248578709079791,0.01,0.013,1
"ADAMTS10",0.87096244267345,-0.686224986217268,0.023,0.028,1
"UQCC6",0.871331652833764,-0.516677604298152,0.043,0.046,1
"HEMK1",0.87136383500021,-0.630248715510221,0.016,0.015,1
"ENSG00000253824",0.871373247506708,-0.152965287374471,0.008,0.01,1
"PPIL3",0.871597086385305,-0.34706100080484,0.098,0.097,1
"ATP2B1-AS1",0.871664560486606,-0.577015614719924,0.055,0.066,1
"C12orf76",0.871833168913897,0.179417209255739,0.07,0.061,1
"SC5D",0.87185805188032,0.226842879454637,0.213,0.186,1
"SREBF2-AS1",0.872366422446247,-0.150483029481683,0.027,0.028,1
"ENTPD3-AS1",0.872390999702325,0.130803524590299,0.018,0.013,1
"AFDN",0.872396898070327,-0.396943784004502,0.031,0.031,1
"ZNF789",0.872423647889011,0.266575569870716,0.043,0.038,1
"MBLAC1",0.872661683584519,-0.46921609601713,0.012,0.015,1
"PTDSS1",0.872854001802943,0.15037567131604,0.176,0.156,1
"MORC2",0.872858901285959,0.138867960602929,0.021,0.018,1
"SLC5A6",0.873100671997876,0.170424353200675,0.086,0.074,1
"NECTIN3",0.873140263795482,0.293951051958862,0.033,0.031,1
"ENSG00000274015",0.873361655828505,-0.409305876540484,0.01,0.01,1
"GTPBP4",0.873440888707096,0.199020888644602,0.225,0.199,1
"FLVCR1",0.873490830248617,-0.882598934874918,0.012,0.015,1
"PAAF1",0.873567549586298,0.354282186266969,0.018,0.013,1
"ENSG00000289285",0.873703236385343,-0.553334190755097,0.01,0.013,1
"SMARCAL1",0.873730657788904,-0.240489115059018,0.031,0.036,1
"NANOS1",0.873882947803453,0.152660905548708,0.014,0.013,1
"PAX8-AS1",0.874001236448992,-0.380464946886817,0.02,0.018,1
"ARL4D",0.874071597376014,-0.171454305038662,0.033,0.041,1
"SPACA6",0.874125801648941,-0.264475282786223,0.014,0.01,1
"MTRF1",0.874250901999275,-0.762732222168863,0.021,0.026,1
"DOK4",0.87455957093413,0.120730754860389,0.02,0.018,1
"HCCS",0.874745526029286,0.213755943998738,0.074,0.066,1
"POLR2J2",0.875250643596513,-0.444757546102613,0.02,0.018,1
"WDPCP",0.875988216601172,-0.562945729065335,0.051,0.056,1
"ENSG00000286786",0.876072912511229,0.115505987926441,0.018,0.013,1
"ABCB10",0.876234968651696,0.297173724645539,0.037,0.036,1
"ENSG00000237773",0.876285785687586,0.136740541627963,0.023,0.026,1
"ENSG00000287825",0.876837355381709,-0.707830633326828,0.014,0.018,1
"LINC01550",0.876865183098449,-0.261874395266475,0.035,0.041,1
"LINC02608",0.87712090352215,-0.731786278775978,0.01,0.008,1
"MGST2",0.877357789542399,-0.232691126520172,0.008,0.01,1
"CCZ1B",0.877464144604382,-0.168773243229093,0.061,0.064,1
"ARL5B",0.877504849791054,0.26679714982867,0.188,0.173,1
"PABIR3",0.877956393209103,-0.536637454798616,0.055,0.059,1
"DNAJC16",0.878049185930764,0.348946131757613,0.039,0.036,1
"SPCS3-AS1",0.878215962320262,0.588571463449636,0.018,0.013,1
"VARS1",0.878313293074598,-0.365139085085651,0.025,0.028,1
"ENSG00000284734",0.87834394290646,-0.102204579110881,0.02,0.023,1
"LINC03004",0.878440996861574,-0.673148861166309,0.023,0.028,1
"SEMA4C",0.878530664520707,-0.282696569085657,0.039,0.036,1
"DNAJC17",0.878664937287408,-0.327315035711201,0.084,0.092,1
"PIGV",0.878684485380839,0.142157099139762,0.066,0.059,1
"FAM228B",0.878853579264927,-0.42682835743624,0.027,0.033,1
"ENSG00000231769",0.879001759276472,-0.824069410029775,0.006,0.01,1
"MREG",0.879224583633585,0.275313125012273,0.037,0.031,1
"VPS8",0.879237461659236,-0.154687530417492,0.092,0.084,1
"NPRL3",0.879352500654571,0.127669345952259,0.043,0.041,1
"RFC3",0.879667347994544,0.209220387443393,0.016,0.015,1
"GON4L",0.879693356151205,0.188637328664541,0.293,0.26,1
"CKAP2-DT",0.879885210644455,-0.348525820767465,0.016,0.018,1
"CHML",0.879913282058678,0.483593053022054,0.01,0.008,1
"ACOX3",0.879943411482212,0.352024176321578,0.057,0.048,1
"APP",0.880014886966045,0.280115309034088,0.053,0.043,1
"NCKIPSD",0.880027748754632,0.483743619699274,0.01,0.008,1
"TEFM",0.880409878589027,0.554178417087831,0.057,0.048,1
"KBTBD8",0.8804121421452,0.266001985988697,0.035,0.031,1
"ENSG00000263756",0.880419460181077,0.430422553833002,0.027,0.023,1
"UBTD1",0.880420993280783,-0.416655133073989,0.01,0.013,1
"ENSG00000289872",0.880455332466658,0.20151873444769,0.053,0.051,1
"SNTB1",0.880556207810808,-0.255922881536077,0.074,0.077,1
"B9D1",0.880568211220729,-0.190123279199368,0.006,0.01,1
"SRD5A1",0.880581539427763,0.418440503383881,0.031,0.026,1
"NHLRC3",0.880712847991197,-0.228645829969153,0.039,0.043,1
"ENSG00000233230",0.880748937394535,-1.03700786876246,0.006,0.01,1
"ZNF829",0.880759930642593,-0.538986901169131,0.01,0.013,1
"CYREN",0.880901542055724,-0.617315656505285,0.064,0.066,1
"FKBP1B",0.881072111768469,0.196493960893603,0.01,0.008,1
"TMEM44-AS1",0.881139618079111,-0.24497573559094,0.023,0.026,1
"PLXNC1",0.881298645933804,0.33806024710392,0.084,0.069,1
"ENSG00000290709",0.881415293985439,-0.260286907019402,0.043,0.048,1
"BSDC1",0.881686079502346,0.131575694899112,0.178,0.163,1
"CHCHD7",0.881717541352996,0.182450013106496,0.227,0.202,1
"ZNF354B",0.881761393680236,-0.176835508641786,0.061,0.064,1
"MACROH2A1",0.882049537824747,0.129206395422641,0.324,0.298,1
"U2AF1L4",0.882312932999782,-0.270842740393647,0.15,0.158,1
"APLF",0.882622056562684,0.256852609837058,0.031,0.026,1
"MANEA",0.882683373554411,0.166595013088412,0.039,0.033,1
"KATNAL1",0.883133502686957,0.313307145557284,0.033,0.031,1
"SPATA7",0.883383409375544,0.58738218890342,0.02,0.015,1
"YWHAG",0.883395529158344,0.141650917539043,0.113,0.112,1
"TRIM37",0.883725894019045,0.121812498928766,0.086,0.089,1
"ZBTB3",0.883850764515485,-0.897530195540265,0.01,0.013,1
"ENSG00000291188",0.883939719103359,0.12007375802452,0.055,0.046,1
"ERCC6L2",0.884149054995759,-0.212286481153785,0.092,0.084,1
"FBXO36",0.884209625964881,-0.574599223761682,0.01,0.013,1
"PTER",0.884224097782739,-0.692924667460467,0.023,0.028,1
"GET1",0.884288058335573,0.11318708801558,0.094,0.082,1
"KIF1C",0.884378425668036,-0.571477910159444,0.018,0.02,1
"COPRS",0.884744346316345,0.271462218258283,0.033,0.031,1
"GPSM2",0.88499844616144,0.573804166586475,0.016,0.013,1
"HDAC4-AS1",0.885083622677846,0.455788609275675,0.014,0.01,1
"HMBOX1",0.88519133904207,0.170454624283117,0.145,0.13,1
"TENM1",0.88585509624835,-0.80906843774167,0.01,0.013,1
"ENSG00000291283",0.886090403783478,-0.493071344673401,0.01,0.013,1
"TRGV9",0.886231337561812,0.127627133254047,0.451,0.429,1
"STX16",0.886318497630507,-0.296665232625346,0.143,0.145,1
"ENSG00000289569",0.886672060141576,-0.298571824676237,0.012,0.01,1
"MCPH1-DT",0.886817327309098,0.132693702603015,0.029,0.023,1
"FGGY",0.886971651762588,-0.164611338123595,0.01,0.013,1
"SMAD4",0.887079904423318,0.14829627842483,0.227,0.207,1
"SFI1",0.887259343428196,-0.176427439662663,0.137,0.143,1
"ATN1",0.88740027105357,-0.306505430480522,0.049,0.051,1
"LIX1L-AS1",0.88749726307073,-0.613193676019031,0.021,0.026,1
"C11orf24",0.887504245437471,0.343500802496638,0.035,0.028,1
"ASB7",0.888570126193115,-0.120247296485361,0.094,0.097,1
"FUZ",0.888639751634295,-0.305121268509061,0.02,0.023,1
"GANC",0.888751513315201,-1.29391080150009,0.012,0.015,1
"ZNF280D",0.888756752599621,-0.119708334807732,0.092,0.087,1
"ENSG00000289155",0.889073597684924,-0.509103173786605,0.021,0.026,1
"GPR25",0.8893796402057,-0.319071619629605,0.014,0.01,1
"ZNF653",0.889460084152973,0.327574917491962,0.029,0.023,1
"DLEU2",0.889522275059912,-0.126754446652795,0.355,0.36,1
"LINC01816",0.889650453839588,0.237941039337987,0.02,0.018,1
"ENSG00000272667",0.889945575266497,0.213225371106907,0.012,0.01,1
"CBLN3",0.890006984541082,-0.382579466478412,0.008,0.01,1
"ZBTB48",0.890422308062285,-0.210684579268372,0.047,0.046,1
"CROCCP3",0.89053094651459,-0.788415963334651,0.012,0.015,1
"TMEM192",0.890600565004474,-0.31950348827569,0.037,0.033,1
"SEMA7A",0.890888292748442,-0.234330520543693,0.049,0.051,1
"CLIP2",0.890993050092248,-0.393067860566569,0.014,0.013,1
"NEK11",0.891026666908464,-1.05448920807379,0.008,0.01,1
"TFR2",0.891296559575207,-0.320758850387191,0.01,0.013,1
"ASF1B",0.891443432122076,-1.06299836820537,0.008,0.01,1
"PHKG2",0.891557857298898,-0.14355785583647,0.15,0.153,1
"ENSG00000235852",0.892120960011387,0.19982741958299,0.014,0.01,1
"FAM222A",0.892141901261989,0.132024938305208,0.051,0.043,1
"ENSG00000287691",0.892193971323995,0.175039676981215,0.014,0.01,1
"TDRD3",0.892586009044441,-0.326293187214473,0.059,0.059,1
"NATD1",0.892674093599751,0.262107097423105,0.031,0.026,1
"RNF26",0.892825981702722,-0.116734901612646,0.02,0.023,1
"MIEF1",0.89294909352694,0.376690226674211,0.053,0.043,1
"ZBTB22",0.892970065116174,-0.228819258884259,0.023,0.028,1
"PARD6A",0.893004403359439,-0.122695415856001,0.068,0.071,1
"CCDC186",0.89300767616284,-0.13973051937839,0.24,0.24,1
"PCGF3",0.893010765509913,-0.21582269350027,0.053,0.056,1
"UVRAG",0.893143978234196,-0.18409849429969,0.219,0.222,1
"APBB3",0.89316291012327,-0.557459502913803,0.027,0.033,1
"ZNF22",0.89329979069276,0.106224885936135,0.213,0.189,1
"URB1",0.893352219940161,0.850243000141132,0.031,0.026,1
"IFT27",0.893404056723044,0.166808612076882,0.043,0.036,1
"LINC00115",0.893658573555335,0.361070668439263,0.02,0.015,1
"RAD50",0.893820736657929,-0.111010694010648,0.057,0.061,1
"BORCS7",0.893930055932439,0.186527095081268,0.199,0.186,1
"MRI1",0.894063367106157,0.447801231172978,0.047,0.038,1
"FAM221A",0.894164321293703,-0.247642185980715,0.016,0.018,1
"DNASE1L1",0.894445924140226,0.458853451584077,0.01,0.008,1
"ENSG00000232934",0.894473856255909,-0.781887598031523,0.014,0.015,1
"LINC00467",0.894592953363831,-0.594085020602838,0.01,0.013,1
"NSMAF",0.894741816616526,0.104343353640769,0.137,0.117,1
"DDX23",0.894741921408823,-0.205522828621363,0.109,0.112,1
"ZNF329",0.894817447735811,-0.238933207667082,0.021,0.023,1
"PKN2-AS1",0.894832383614815,-0.266314588517299,0.01,0.008,1
"SMIM11",0.895076518521457,-0.342362925934542,0.051,0.051,1
"CXorf65",0.89519691247231,0.785244455532419,0.016,0.013,1
"GTF3C5",0.895315161990248,0.212643996882139,0.129,0.112,1
"CHST7",0.89554767799509,-0.119345953371791,0.088,0.082,1
"PARPBP",0.895878221785521,-0.885757154467288,0.01,0.013,1
"TIGD7",0.895906759926824,0.272541815393367,0.014,0.01,1
"ENSG00000244676",0.895928024623636,-0.175688758790947,0.018,0.02,1
"EMC2",0.895946993391545,-0.148846635392394,0.092,0.092,1
"SPAG16",0.895979326411253,-0.260911360452453,0.021,0.02,1
"SIAH2",0.896332080175381,-0.115033596274514,0.26,0.26,1
"WIPI2",0.896417835523055,0.148954239273764,0.299,0.265,1
"SHOC2",0.896678188173339,0.138883656830787,0.359,0.329,1
"GTF2IP1",0.896680373693745,-0.123130001768703,0.045,0.041,1
"ENSG00000251143",0.896701295115552,0.180593829337365,0.041,0.033,1
"MDM4",0.897004970897666,0.119240574926877,0.191,0.176,1
"ARHGAP33",0.897820913043476,0.34595009210194,0.01,0.008,1
"SEPSECS",0.898321639560233,-0.118725637502875,0.068,0.061,1
"C14orf39",0.898663350009245,-0.951663580223643,0.008,0.01,1
"FUCA2",0.898667447458466,-0.166016274720818,0.027,0.031,1
"FAM227B",0.898748611928344,-0.675492800451282,0.008,0.01,1
"LINC03076",0.899129141445658,-0.29427273936451,0.027,0.031,1
"SPIN2B",0.899284105741996,-0.187584786737549,0.02,0.023,1
"ZNF66",0.899450933970662,-0.303066937455217,0.035,0.031,1
"GALNT7-DT",0.89964405900605,-0.420452877367613,0.01,0.008,1
"ATP8B1-AS1",0.900151004395962,0.332763678259423,0.01,0.01,1
"APBB1",0.900243981797611,0.318754751460183,0.061,0.051,1
"STK35",0.900623367192301,0.460106892868669,0.031,0.028,1
"RCN1",0.900760211843861,0.300090892994001,0.055,0.048,1
"SNAPC4",0.900795470581039,0.342844385952229,0.064,0.054,1
"AIG1",0.900858406688856,-0.399378763757614,0.01,0.013,1
"ENSG00000290459",0.901110929686001,-0.632255614341263,0.01,0.013,1
"LAMTOR5-AS1",0.90111350465779,-0.467609852821441,0.01,0.013,1
"SNX11",0.901347459528628,0.104298609804344,0.049,0.043,1
"ASNSD1",0.901642450743139,0.133040858346439,0.047,0.041,1
"ENG",0.901828803921602,0.494858643406231,0.02,0.015,1
"ENSG00000272742",0.901874223288657,0.262096863031818,0.104,0.092,1
"TRAT1",0.901941145744195,0.212575669091962,0.273,0.235,1
"ZNF286A",0.90194293929891,-0.112635525471666,0.047,0.048,1
"PABPC4-AS1",0.902408056790248,-0.355999821870248,0.008,0.01,1
"RTP5",0.902524746347381,-0.180590956399829,0.045,0.048,1
"LINC00299",0.902662967462626,0.125551825411817,0.066,0.061,1
"ENSG00000272182",0.902800689360832,-0.586007432095312,0.008,0.01,1
"ZNF615",0.902829332869027,0.249970555117694,0.037,0.031,1
"LINC02693",0.902899414987463,-0.124195624241325,0.008,0.01,1
"ENSG00000261799",0.903201512473608,-0.502374319013942,0.008,0.01,1
"SKP2",0.903297917328835,0.329549071673631,0.043,0.036,1
"ACTA2",0.903497284643857,0.203272016502952,0.008,0.01,1
"INSIG2",0.90352263763595,0.111993571207792,0.109,0.099,1
"SECISBP2",0.903526191146052,-0.129873525074596,0.199,0.196,1
"TET1",0.90367986945728,0.207978429923629,0.014,0.01,1
"NAIP",0.903920542394194,-0.496905873175405,0.014,0.018,1
"C14orf93",0.90403076547603,-0.752839276635482,0.012,0.015,1
"ACSF3",0.904297894605953,0.118877642918072,0.15,0.133,1
"SPAG6",0.90458757025614,-0.420523503658355,0.02,0.02,1
"PLAA",0.904599704913978,0.114929054122452,0.201,0.181,1
"RPRD1A",0.904678814481842,-0.128145909223896,0.094,0.087,1
"ENSG00000251148",0.904793161505068,0.316506015437207,0.02,0.02,1
"EID2B",0.904820113984474,0.122375731496153,0.037,0.031,1
"ARMC5",0.904895973631412,0.162051480561995,0.049,0.041,1
"KPNB1-DT",0.904949634845992,0.305879710577686,0.018,0.018,1
"TEX22",0.904976888664955,-0.317337650619908,0.01,0.008,1
"PRPF4",0.905392048933353,0.239582309942967,0.119,0.102,1
"RINT1",0.905426445830406,0.157234032258356,0.098,0.087,1
"SFXN3",0.905454522453921,-0.184809315030864,0.062,0.066,1
"ENSG00000289161",0.905745157297678,-0.605043775480553,0.012,0.015,1
"CTPS2",0.905810134334857,-0.754803492725249,0.008,0.01,1
"SERINC5",0.905849520958306,-0.21340006260675,0.082,0.074,1
"ARSD",0.905864209090296,-0.813732409751063,0.01,0.013,1
"RPP25L",0.906310649219681,0.137481698285439,0.064,0.056,1
"ENSG00000288871",0.906390364775989,-0.273321386011098,0.027,0.031,1
"BMS1P1",0.906579007468634,0.191494845103962,0.008,0.01,1
"KDSR",0.906672039492395,0.20833234177517,0.107,0.099,1
"TAF4B",0.906856711313788,-0.18328201067302,0.086,0.087,1
"ENSG00000290461",0.9068673033004,-0.70538907804014,0.008,0.01,1
"LINC00921",0.907018609465112,-0.59636690039153,0.008,0.01,1
"CNNM3",0.90708764471902,0.137280942115286,0.074,0.069,1
"ZSCAN12",0.907343597761828,0.320261463754697,0.008,0.01,1
"ENSG00000291068",0.90742564465562,-0.619968411301445,0.016,0.018,1
"LINC00987",0.907548795512983,-0.109350079627042,0.016,0.013,1
"FRMD8",0.907770425194577,-0.332912948847651,0.098,0.092,1
"ENSG00000280195",0.907823442274569,-0.127428771384785,0.014,0.01,1
"ENSG00000278017",0.907888602864667,-0.250941592937101,0.01,0.013,1
"H4C12",0.907934154875433,-1.1452748270657,0.008,0.01,1
"PLA2G12A",0.908358678066226,0.302338583541975,0.025,0.026,1
"MLLT11",0.90881220395403,-0.353000976490318,0.021,0.026,1
"SNAPC1",0.908825448000074,0.10133425186716,0.08,0.069,1
"ENSG00000280800",0.909261702714816,-0.189285772322138,0.01,0.013,1
"ENSG00000290674",0.909266974386298,-0.145094957035696,0.008,0.01,1
"MEF2B",0.909388742586544,0.634289171756059,0.014,0.01,1
"ORAI3",0.909513649122021,-0.144494872757869,0.045,0.038,1
"VIRMA",0.909536877740585,0.100809998745282,0.203,0.184,1
"THSD8",0.909636771261479,-1.27532495450808,0.012,0.013,1
"OMA1",0.909702186696634,0.199463663719783,0.02,0.015,1
"MGA",0.9100504256,-0.107190524824437,0.115,0.115,1
"ENSG00000222017",0.910301991302011,-1.07496534131754,0.012,0.013,1
"RHOBTB3",0.910395933609284,0.486582382806715,0.01,0.008,1
"ELAPOR1",0.910417651300987,0.243356127109775,0.014,0.01,1
"CD2AP-DT",0.910459994147369,-1.6023617708037,0.008,0.01,1
"PCBP3",0.910576287472581,-0.384006062573079,0.02,0.02,1
"FSD1L",0.910763213239266,-0.618426083679322,0.008,0.01,1
"NUMA1",0.91083210324606,0.119023976357054,0.229,0.204,1
"MIR302CHG",0.911214485523251,-0.136205599668807,0.016,0.018,1
"COL1A1",0.911291856377487,0.480220773237856,0.016,0.018,1
"EFCAB5",0.912084810949074,0.332575141499936,0.027,0.028,1
"UBALD1",0.912355309564631,-0.123643272092262,0.186,0.189,1
"KANTR",0.912370291570052,-0.184802571175507,0.025,0.028,1
"GSDMB",0.912504790109939,-0.866821680981753,0.01,0.013,1
"DENND5A",0.912643873370429,0.294511317763393,0.084,0.074,1
"TP53INP1",0.912970905116393,0.320788918564224,0.049,0.041,1
"ZNF641",0.912972976294619,-0.195701409423215,0.043,0.043,1
"ENSG00000272368",0.913112941647302,-0.14604370380928,0.035,0.038,1
"RNF130",0.913209937602441,-0.228496810104857,0.057,0.061,1
"ENSG00000259865",0.913362033784632,-0.758533891169981,0.018,0.018,1
"SERGEF",0.913925556456511,0.140451920284097,0.035,0.036,1
"NECTIN1",0.91400861257084,-0.1461168003592,0.031,0.026,1
"SMARCD1",0.91404863322742,0.209260192378773,0.152,0.135,1
"RECK",0.91433426697299,-0.329023439326422,0.029,0.033,1
"BHLHE40-AS1",0.914375364722695,-0.342734558617948,0.07,0.077,1
"PPP2R3A",0.914670794839007,0.100801914188018,0.02,0.015,1
"HERC6",0.914796635475778,-0.35020723303907,0.072,0.074,1
"HNRNPH2",0.914991856879869,-0.180238506476357,0.17,0.163,1
"RELA-DT",0.915144802670713,-0.602709686654241,0.025,0.028,1
"ARMH1",0.915315409508001,-0.265491898527267,0.053,0.056,1
"HNRNPA1L3",0.915433260896079,-0.397541633249022,0.008,0.01,1
"LMNTD2",0.915594629128528,-0.409755539702794,0.008,0.01,1
"ZNF584",0.915987973846843,-0.582928012056256,0.045,0.048,1
"TRAK1",0.916074855174278,0.184332418986746,0.102,0.092,1
"NUP98",0.91613406946082,0.107268570061773,0.428,0.398,1
"SYCE1L",0.916164192915115,0.213734265685416,0.037,0.031,1
"KAT7",0.916302307665802,-0.172320100381596,0.158,0.163,1
"PWWP3A",0.916397366520005,0.141180549075517,0.025,0.02,1
"ENSG00000285999",0.916614625352119,-0.518939793763916,0.008,0.01,1
"CMAS",0.91689230876599,-0.198873544708409,0.08,0.084,1
"GFOD1",0.916932108681535,-0.158475545304388,0.092,0.102,1
"KDM8",0.91701608084074,0.591042734141472,0.01,0.008,1
"ZNF202",0.917025413132761,-0.339860484436159,0.033,0.036,1
"PPM1F",0.917208965720597,-0.615214115015758,0.01,0.013,1
"RTL6",0.917234218073537,0.114941620426516,0.039,0.036,1
"KLRC3",0.917281971443086,-0.34686944645654,0.057,0.064,1
"SLC2A13",0.917424489594269,-0.134726866296448,0.068,0.071,1
"ZRANB3",0.91752623367013,0.367044852824437,0.016,0.015,1
"KDM5C",0.917538041590221,0.298851010726526,0.135,0.117,1
"NBR2",0.917539811317171,0.155433518262325,0.014,0.01,1
"ENSG00000225450",0.917554289441395,-0.26858488237785,0.055,0.059,1
"UBE2E2",0.917628797779515,-0.77862112759142,0.014,0.015,1
"LRRC8B",0.917680483087894,0.649858498730685,0.041,0.036,1
"ENSG00000228010",0.917803324639124,-0.354991917306173,0.012,0.01,1
"CD27",0.917828535200681,0.15401069349953,0.145,0.14,1
"ENSG00000261460",0.918055249905255,0.643691340342849,0.014,0.013,1
"UBL3",0.918080316943456,0.164858692877989,0.254,0.232,1
"ENSG00000291176",0.918167735510515,0.696440628685989,0.016,0.015,1
"ZNF652-AS1",0.918287098915245,-0.590411758125482,0.01,0.008,1
"ENDOD1",0.91856860733048,-0.319888866518117,0.021,0.026,1
"DHX9-AS1",0.918907326234956,-0.349385245068767,0.008,0.01,1
"ENSG00000290121",0.9189235718443,-0.631786574644163,0.008,0.01,1
"MYL12-AS1",0.918932306523433,-0.146224062606148,0.02,0.02,1
"DDX19A",0.919426883980497,0.189033302101929,0.104,0.092,1
"ULBP2",0.919458280189367,-0.120862490502118,0.059,0.061,1
"PAOX",0.919460292627994,-0.319437388498916,0.018,0.02,1
"C5orf63",0.919462794473303,0.660167322024662,0.014,0.01,1
"POLI",0.919491871007653,0.577675445055568,0.014,0.01,1
"TOPORS",0.919681084957246,-0.128809706365774,0.176,0.176,1
"ENSG00000275454",0.919769900461528,0.196187026682527,0.01,0.01,1
"KRT10-AS1",0.92002004312732,0.768312797723995,0.014,0.01,1
"SLC25A15",0.920444140544411,1.22438047104612,0.01,0.008,1
"ZFP14",0.920508385739829,-0.497835392410558,0.031,0.036,1
"TMEM86A",0.920555851339014,0.293252582992203,0.02,0.015,1
"PRRT3",0.920614737763143,-0.193760335125397,0.012,0.015,1
"CREB1",0.920745017551391,-0.316764838599038,0.336,0.334,1
"TMEM220",0.920774115038361,-0.350899501162845,0.008,0.01,1
"ENSG00000237126",0.920806342939843,0.317009786539899,0.01,0.01,1
"PRXL2B",0.920939862488962,0.170298992580022,0.02,0.015,1
"ZNF345",0.920972375880085,0.119730647699935,0.051,0.043,1
"DARS2",0.921144871628602,0.393820222364035,0.025,0.02,1
"ICOSLG",0.921146955413138,0.28789912953284,0.01,0.008,1
"LINC00630",0.921235637953916,-0.374202571050098,0.014,0.01,1
"IMPACT",0.921258124314319,0.12483695551862,0.014,0.01,1
"ERI3",0.921407315500535,-0.223633449082659,0.078,0.082,1
"PPIP5K1",0.921424661984077,0.166608571069697,0.016,0.013,1
"ZC3H4",0.921541398668695,-0.406032692398143,0.084,0.089,1
"CCDC127",0.921660628679697,0.169789247316085,0.057,0.048,1
"ZNF295-AS1",0.92182202206523,-1.24410069302234,0.008,0.01,1
"PEX11B",0.9220651895374,0.263121302207115,0.072,0.061,1
"DHX57",0.922069681145863,-0.159779933760043,0.057,0.048,1
"GATC",0.922095374363078,0.129933243809948,0.068,0.061,1
"MICB-DT",0.92213010358558,-0.275660308424609,0.012,0.013,1
"CDC42-AS1",0.922197399512489,-1.08823885044215,0.014,0.018,1
"ENSG00000272195",0.922384603292622,0.337938319488978,0.01,0.008,1
"ZHX3",0.922410626362817,-0.172442498241831,0.02,0.018,1
"WASH6P",0.922573962100374,-0.185906101804101,0.014,0.015,1
"PRKAB2",0.922630951005588,0.320000516120611,0.037,0.031,1
"CCDC62",0.922633237507006,0.26865712104915,0.012,0.013,1
"BAIAP3",0.92289649901826,0.342359504899876,0.014,0.013,1
"TET2-AS1",0.922951575661981,-0.164679360328707,0.01,0.008,1
"PPP1R16B",0.922967123496316,-0.125051546387563,0.5,0.487,1
"SP4",0.923137435437945,0.203786767185193,0.051,0.046,1
"FUNDC1",0.923197494623394,0.421255231075526,0.031,0.026,1
"MUSK",0.923236128818517,-0.37809966700926,0.01,0.01,1
"WDR81",0.923375131817036,-0.55033575959104,0.023,0.026,1
"GRAP",0.923499044594857,-0.240053262436435,0.031,0.026,1
"NCOA6",0.923787018343189,-0.147087344101306,0.107,0.107,1
"ZNF670",0.923926626710265,0.332374974412116,0.02,0.015,1
"ZNF783",0.923939520657639,-0.12840405081389,0.021,0.023,1
"EOLA1-DT",0.924152774445235,-0.311192439189243,0.018,0.018,1
"TRIM8-DT",0.924181208135081,-0.453405623892509,0.012,0.01,1
"ZNF248",0.924453753133345,0.355269032945851,0.021,0.018,1
"PITPNM2",0.924744540380823,0.513139037140928,0.023,0.02,1
"SPDL1",0.924945770974629,0.285547696643498,0.02,0.015,1
"TRAV8-2",0.925033424534398,-0.359913066320295,0.018,0.02,1
"MIEF2",0.925138505921203,0.108456700042198,0.016,0.013,1
"ENSG00000229151",0.925393326889088,0.823016012751711,0.012,0.01,1
"SETD3",0.925468046866695,0.217068468686129,0.152,0.133,1
"NECAB3",0.925726080045844,-0.315947602268553,0.021,0.023,1
"ENSG00000258272",0.92584827157607,-0.993427100296953,0.008,0.01,1
"MMAB",0.92595970126057,-0.23417440513912,0.039,0.038,1
"GRK4",0.926070841941196,-0.399385468290732,0.021,0.026,1
"ZSWIM9",0.926146275123006,0.349087776001785,0.02,0.015,1
"BMAL2",0.926196156541339,-0.209162126127397,0.008,0.01,1
"ZNF417",0.92649332862943,0.206418120071574,0.027,0.023,1
"SFT2D1",0.926568054178015,0.100803527792781,0.283,0.268,1
"PPP1R14B-AS1",0.926613088257829,0.542503596267258,0.012,0.01,1
"C1orf54",0.926716155537555,-0.140614691145774,0.018,0.018,1
"AK1",0.927107469067162,-0.182980018924254,0.01,0.01,1
"FAM149B1",0.927115745280493,0.272873131818172,0.02,0.015,1
"DAPK1",0.927205503156042,-0.396587585378025,0.008,0.01,1
"SP2-AS1",0.927249692744129,-0.289566443246071,0.01,0.008,1
"ENSG00000278766",0.92732266911504,0.15667967851301,0.01,0.008,1
"ZBTB5",0.927822384225718,0.157605867437312,0.035,0.036,1
"DSN1",0.927967909967734,0.107543630033025,0.018,0.015,1
"ERCC2",0.928133547045168,-0.199455329105296,0.012,0.013,1
"TMEM116",0.928527054140617,-0.307742449990582,0.01,0.01,1
"MOSPD3",0.928730251199419,0.154770837872881,0.041,0.043,1
"ENSG00000284052",0.928849748270497,1.69117334946791,0.016,0.013,1
"DEPDC1B",0.929051760649453,0.188307942860294,0.012,0.013,1
"SYNGR3",0.929448336585564,-0.608645878787192,0.01,0.013,1
"PHKA2",0.929576245281043,0.374080866102878,0.023,0.02,1
"GDI1",0.929798443091429,0.103885434057632,0.273,0.253,1
"ZNF805",0.929838833525308,0.229705394561428,0.059,0.051,1
"ENSG00000255882",0.92991016634721,-0.113461465858707,0.023,0.028,1
"UBE2N",0.930021897156204,0.1313304597194,0.434,0.395,1
"ZBTB45",0.930146024858386,-0.142795270050661,0.047,0.043,1
"POMT2",0.930315875685478,0.131693095155441,0.014,0.013,1
"LRCH3",0.930395815055247,0.190985816347201,0.221,0.196,1
"MMS19",0.930482288823773,-0.171020687853089,0.066,0.069,1
"TUBB2A",0.930585926182229,0.111341914638758,0.176,0.163,1
"BICD2",0.930639306664069,0.111533613224746,0.078,0.071,1
"L3HYPDH",0.930715701289657,0.26674355013172,0.016,0.013,1
"PCBP4",0.930808098824012,-0.436987371323961,0.018,0.02,1
"EPHX4",0.930918198269912,-0.365860621906154,0.021,0.02,1
"TMEM120B",0.931033832503135,0.187405525495316,0.135,0.12,1
"NPIPA1",0.931146774102193,-0.353064013200492,0.018,0.02,1
"HEATR3",0.931191693546624,-0.142582095666375,0.029,0.028,1
"COASY",0.931306445352121,0.14247591644792,0.062,0.054,1
"MAVS",0.931360748093566,-0.23497110443764,0.047,0.048,1
"ENSG00000260274",0.931428113105179,-1.02573821915425,0.008,0.01,1
"ZFP62",0.931866232232527,-0.254649188292175,0.014,0.015,1
"ENSG00000233461",0.931952823995301,-0.291366168013988,0.01,0.013,1
"PHAF1",0.931975273649102,0.151962504006148,0.045,0.043,1
"URB2",0.9322102160484,-0.237716152181728,0.031,0.031,1
"SAMD10",0.932354440182108,-0.161038746834259,0.02,0.018,1
"HAUS4",0.932614996541508,0.187083796108929,0.025,0.028,1
"UTS2",0.932767063571417,-0.597280519025481,0.01,0.013,1
"SLC12A5",0.932985454974068,-0.403327496780066,0.008,0.01,1
"ZNF346",0.933023038788479,0.123784975911289,0.047,0.043,1
"ZNF35",0.933158888121328,0.638164987021853,0.012,0.01,1
"LINC02987",0.93325582408772,-0.685893333885351,0.014,0.018,1
"WDSUB1",0.933725463772042,-0.207113093540138,0.049,0.046,1
"ENSG00000289959",0.933900445853956,-0.286946823986789,0.012,0.013,1
"CD72",0.934055429703176,0.125280460133145,0.037,0.036,1
"ZNF343",0.934186773169648,-0.211254878700319,0.018,0.015,1
"CBR1",0.934313777397614,0.192661895710497,0.039,0.033,1
"NDUFA8",0.934326417038018,0.159598050333986,0.176,0.153,1
"TP53RK",0.934554449531393,0.150627652229828,0.146,0.133,1
"ZNF395",0.935216736092525,0.168070704945253,0.018,0.015,1
"TMEM209",0.935276631988304,-0.101809848747356,0.033,0.033,1
"NUP50-DT",0.935304792899717,-0.143648435190528,0.035,0.033,1
"CBARP",0.935347432175217,-0.186726761385417,0.012,0.013,1
"MRPS28",0.935967072334976,-0.156420822435236,0.055,0.056,1
"GPATCH1",0.936523890221902,0.214991739918334,0.037,0.033,1
"SP2-DT",0.936607646751054,-0.274022838667173,0.018,0.02,1
"ZNF189",0.936776300730521,0.190801329557598,0.053,0.048,1
"ERLIN1",0.936814041333054,-0.277313931475234,0.041,0.038,1
"NLRX1",0.9368323038288,0.188682374169076,0.018,0.015,1
"NOP14-AS1",0.937158367079719,0.284287739216832,0.053,0.046,1
"C1orf74",0.937491215270753,-0.586230403465502,0.01,0.01,1
"VAC14",0.93785902815551,0.161456997129794,0.049,0.046,1
"NBPF26",0.937988215967499,0.10955410008887,0.121,0.107,1
"ENSG00000262039",0.938022242317305,-0.725812627136978,0.014,0.015,1
"EXOSC1",0.938034649057844,0.11614657843404,0.16,0.148,1
"NOXA1",0.938125984896654,-0.362191971993273,0.01,0.01,1
"PMM1",0.938374405559427,-0.119305015211249,0.055,0.056,1
"RNF214",0.938486340481976,-0.394332168776388,0.043,0.043,1
"SKAP1-AS1",0.93850247727897,-0.871059466532238,0.008,0.01,1
"ENSG00000258377",0.938511109800698,-0.241656659909182,0.016,0.013,1
"CKB",0.938549035079941,-0.139200287500155,0.057,0.059,1
"CDADC1",0.938843434345893,-0.231305455981707,0.086,0.084,1
"COQ10A",0.939366742192815,0.167994729800389,0.16,0.148,1
"LINC00174",0.939530624929913,-0.233579412251772,0.025,0.023,1
"SPDYE2B",0.939787734891572,-0.420021938541529,0.01,0.008,1
"MED28-DT",0.939808781525301,-0.3464549537092,0.016,0.018,1
"LINC00685",0.940385816651653,-0.695449144277306,0.01,0.008,1
"ENSG00000289567",0.940432374019713,-0.295518875301561,0.02,0.026,1
"IL15",0.940489187180612,0.150237105661484,0.016,0.013,1
"PRRX2",0.940604597967661,-0.410976577480279,0.008,0.01,1
"TTI1",0.940746538112371,0.143255273598871,0.047,0.043,1
"FAM169A",0.940850516528242,-0.257652901216966,0.053,0.046,1
"ZNF200",0.940883369765858,0.168002088714989,0.045,0.041,1
"H4C8",0.940912080517812,-0.264502848569982,0.025,0.028,1
"MEIOC",0.941235257271876,-1.24663230738124,0.01,0.008,1
"RABEP2",0.941296678534469,-0.204585922259167,0.107,0.107,1
"PRH1",0.941344604162083,-0.506988947838059,0.031,0.033,1
"CHEK1",0.94156318081837,0.469994597226297,0.047,0.041,1
"TRMT10A",0.941592748389226,0.924007598998752,0.01,0.008,1
"ENSG00000273204",0.941593833032845,-0.595187357227257,0.014,0.015,1
"ENSG00000289339",0.941612792240418,-0.409990494673098,0.018,0.015,1
"RAB40B",0.941741818049499,-0.223853104417397,0.016,0.018,1
"CUL9",0.941957639857103,-0.277639255989741,0.039,0.041,1
"SCNM1",0.942109129516698,-0.128879179062811,0.25,0.24,1
"NAA80",0.94249869480983,-0.200585914757598,0.037,0.033,1
"ENSG00000267469",0.942516770189511,0.166496263276618,0.055,0.051,1
"RIOX2",0.942521556418862,-0.185399242904393,0.014,0.015,1
"PNPLA4",0.943007078592373,0.618330361191778,0.01,0.008,1
"ARHGAP12",0.943263609856996,-0.15032236328143,0.049,0.054,1
"ENSG00000285796",0.943285482350545,-0.997828421519758,0.01,0.01,1
"RINL",0.943307976622783,-0.13356480624075,0.059,0.054,1
"POLDIP3",0.943325705313703,0.137715398903216,0.229,0.207,1
"TTC13",0.944125884600123,-0.199824845477989,0.062,0.056,1
"RASGEF1A",0.944366563167774,-0.717396248882427,0.01,0.013,1
"FANCL",0.944389741290711,-0.160654967308615,0.023,0.023,1
"ZMIZ2",0.944782236728142,-0.38191412375775,0.07,0.077,1
"ADAM22",0.945425572495336,0.216724133258157,0.012,0.01,1
"NPM3",0.94551358480659,-0.288986665354895,0.027,0.031,1
"F8A3",0.945689863617703,0.57777077390217,0.027,0.023,1
"ENSG00000258982",0.945703697631837,-0.216377530167486,0.014,0.015,1
"ZNF780B",0.946215283546936,0.162024687625939,0.053,0.048,1
"ZC3H3",0.946215567706449,0.245003226508993,0.072,0.064,1
"EFHC2",0.946312381526474,0.18856038211253,0.01,0.008,1
"ATPAF1",0.946455259463226,0.168971912219098,0.055,0.048,1
"INTS2",0.946489208710422,-0.427524996967305,0.016,0.013,1
"ENSG00000286931",0.946638237143792,-0.423185968691317,0.008,0.01,1
"HDX",0.947076905187237,0.118700578946096,0.016,0.015,1
"TTYH3",0.947122234508282,-1.08167701180628,0.012,0.015,1
"FCSK",0.947634840557614,0.482845218879153,0.016,0.013,1
"MCEMP1",0.9478005704795,-0.228194837883498,0.01,0.008,1
"SPPL2B",0.947962644942695,0.233230774784845,0.049,0.046,1
"ENSG00000291264",0.947964230869861,0.314661710387734,0.02,0.018,1
"TRBV10-3",0.94820426690852,-0.238014759198599,0.012,0.01,1
"BAG2",0.948289646717873,0.18680601060976,0.082,0.074,1
"BSCL2",0.948513574369688,0.15332984082991,0.064,0.064,1
"SQOR",0.948651124309529,0.171818659369712,0.162,0.145,1
"BCS1L",0.94879653105827,0.248515354826262,0.041,0.036,1
"MMP24",0.948838473919749,-0.315787339941733,0.012,0.013,1
"DYNC2I2",0.948968585503412,0.177912331639424,0.016,0.018,1
"ENSG00000226465",0.949561019099331,0.30128666363239,0.016,0.013,1
"SERPINB8",0.949653223020719,0.199400959441046,0.053,0.048,1
"PCMTD1-DT",0.94993646885566,-0.965477990603868,0.012,0.013,1
"ZNF180",0.94995214693101,-0.12184720345101,0.051,0.046,1
"WDR27",0.94999407162143,-0.573568248098677,0.014,0.013,1
"SLC26A2",0.950031849299505,0.251873452430084,0.029,0.026,1
"SMG1P5",0.950215364373648,-0.105016925586454,0.186,0.181,1
"DNAL1",0.950253964689472,-0.251904621868597,0.025,0.026,1
"SCAF1",0.950768748335258,0.112653799347081,0.104,0.094,1
"FANCD2",0.950782444096362,0.526625526932212,0.016,0.013,1
"CDK4",0.950818487010928,0.154774352647656,0.113,0.102,1
"ENSG00000261346",0.951079742459519,-0.625687554398286,0.008,0.01,1
"VBP1",0.951316481899432,0.127206920352684,0.197,0.181,1
"EIF4B",0.951465538648931,0.103034503983997,0.443,0.406,1
"TMEM208",0.951686959092127,0.11758185233519,0.27,0.247,1
"ENSG00000289043",0.9517247336879,-0.479207942889087,0.014,0.015,1
"DLGAP4",0.952025757837094,0.29885463594584,0.068,0.061,1
"DOCK3",0.952309343450005,0.517111303253437,0.01,0.008,1
"ZFYVE1",0.952442812854974,-0.127117079012014,0.064,0.064,1
"NRL",0.95315057439186,0.170637366254248,0.018,0.015,1
"ENSG00000260616",0.953439069850313,0.324445363525341,0.021,0.018,1
"SPATA20",0.954015405638702,0.334060379561843,0.016,0.013,1
"ENSG00000286116",0.954163173367249,-0.159941988093912,0.014,0.015,1
"ENSG00000241490",0.954252048595167,-0.305451477513253,0.061,0.066,1
"IFT46",0.954351100143783,0.699885078746182,0.01,0.008,1
"SNHG26",0.954508054143067,-0.778325457209143,0.012,0.013,1
"DDX1",0.954570470940057,0.183380517621463,0.123,0.112,1
"ZNF496",0.954981092696103,-0.179803201418721,0.041,0.043,1
"HLA-L",0.955087457892534,0.120308983062976,0.035,0.031,1
"MYLK-AS1",0.955304489991878,0.345825334256342,0.012,0.01,1
"C5orf34",0.955334114182066,0.225520466227142,0.016,0.013,1
"POLM",0.95534762442237,-0.431783272856838,0.062,0.064,1
"ENSG00000283064",0.955370122135571,-0.163314862942896,0.01,0.008,1
"KMT2B",0.955451177452114,-0.154544692948686,0.107,0.107,1
"ENSG00000287934",0.95545265958789,-0.201061104071965,0.01,0.008,1
"ABCC11",0.955492826335549,0.23931047532355,0.01,0.013,1
"COPS7A",0.956179890383517,0.210882192818427,0.062,0.056,1
"USP44",0.956333517056069,0.769282551992005,0.01,0.008,1
"SUCLG2",0.956622676221736,-0.1903591848077,0.104,0.105,1
"UROS",0.956690582389693,-0.116958400983754,0.072,0.074,1
"SF1-DT",0.956715788306655,0.242282283395299,0.012,0.01,1
"PP2D1",0.957155103246639,0.154143188007794,0.01,0.008,1
"ALCAM",0.957356112536399,0.163441565722128,0.023,0.02,1
"NXT1-AS1",0.957363082184238,-0.546611034743061,0.02,0.018,1
"GSS",0.957379612316112,0.100298103710896,0.082,0.074,1
"MOCS3",0.957595044594387,-0.365022679052363,0.023,0.023,1
"TMEM175",0.95763514120554,0.108602635768207,0.08,0.074,1
"PIP4P2",0.95780636011485,0.33166821952143,0.01,0.008,1
"PANK2-AS1",0.95783977329591,0.469270410984975,0.012,0.01,1
"ZMIZ1",0.958145284941362,0.141074261999131,0.127,0.115,1
"RCAN1",0.958296190396442,0.108412969945609,0.023,0.02,1
"H2BC9",0.958407013984612,-0.517485817684987,0.014,0.013,1
"E2F6",0.958709098821645,-0.141631945795146,0.047,0.048,1
"SLC43A1",0.958799931038584,0.226066980635498,0.037,0.033,1
"ARPC1A",0.958930042369581,0.199452980921124,0.223,0.199,1
"ADSL",0.958976909959575,-0.15942055198705,0.131,0.128,1
"ENSG00000272843",0.959004583969809,-0.156042117304261,0.01,0.008,1
"TFB1M",0.959142859092386,0.143765417673442,0.043,0.038,1
"ERAL1",0.959439306096017,0.110383804377186,0.088,0.084,1
"MZB1",0.959565413468048,0.580290087595397,0.01,0.008,1
"PRMT7",0.959661200451885,0.276526360782952,0.047,0.041,1
"ERCC6",0.959729885375541,0.150390013931534,0.064,0.059,1
"TMEM231",0.959750767435031,-0.664644262854701,0.014,0.013,1
"CEP57L1",0.960220415026135,0.378034882370913,0.01,0.01,1
"NENF",0.960413250360378,-0.180987882267712,0.193,0.191,1
"DENND3-AS1",0.960487654613744,0.259761488269023,0.012,0.01,1
"PLLP",0.960562679779453,0.184748935416588,0.01,0.008,1
"ENSG00000290073",0.960637295876308,0.312110303371188,0.029,0.026,1
"ENSG00000288856",0.960673419076462,-0.377740786457707,0.012,0.013,1
"HSPA14",0.960858789157745,0.217830181450874,0.086,0.079,1
"GGACT",0.961095545557626,0.36678854289724,0.016,0.013,1
"LINC01890",0.961115225464949,-0.19514709205148,0.01,0.008,1
"HILPDA",0.96113168560786,0.759317685352081,0.01,0.008,1
"ENSG00000257553",0.961447071652193,0.253063351511367,0.01,0.008,1
"B3GAT2",0.96145123230126,-0.342138913222577,0.01,0.008,1
"STAP1",0.961494368594063,-0.660000938672679,0.014,0.015,1
"KCNK12",0.961674077240451,-0.632726232813497,0.014,0.018,1
"FGFBP3",0.961692663599065,-0.290568396983294,0.014,0.015,1
"PKIG",0.961988919482103,0.110266870796703,0.016,0.015,1
"SLC35C1",0.962044569417224,-0.209697797576682,0.023,0.026,1
"ENSG00000240553",0.962125066526154,-0.687201439036025,0.021,0.023,1
"ZFAND4",0.96245799510304,-0.148604953913109,0.07,0.069,1
"ZNF483",0.962744038751501,0.212399845466191,0.01,0.008,1
"SULF2",0.962778958566983,0.404834881725798,0.01,0.008,1
"GDF11",0.963006678780881,-0.218857770644338,0.035,0.033,1
"ZMPSTE24-DT",0.963195395605781,-0.813181278358401,0.01,0.01,1
"ENSG00000228830",0.963197220765299,0.326366862931694,0.029,0.026,1
"ADH5",0.963323389135906,0.143173611268028,0.15,0.135,1
"UBA5",0.963693693018533,0.221774836034583,0.119,0.105,1
"PLXDC1",0.963731380538827,-0.166136220786439,0.014,0.015,1
"GPN2",0.96373597510663,0.133400717168214,0.064,0.059,1
"ACAD10",0.963829966167399,-0.851130125977763,0.012,0.013,1
"ENOPH1",0.964341425321648,0.208177762519447,0.113,0.105,1
"PLA2G4C",0.964507479850479,0.173319708220641,0.012,0.01,1
"BMPR2",0.9645591575759,-0.170474766033826,0.166,0.153,1
"SLC51A",0.964784814729134,-0.550703665088858,0.02,0.02,1
"CLSPN",0.96486526959082,0.539525139499891,0.031,0.028,1
"FAM120C",0.965102855267645,0.1209219049458,0.027,0.028,1
"ZNF557",0.965172780569934,0.240750910008075,0.039,0.038,1
"C9orf85",0.965458341626745,0.191243383583958,0.066,0.059,1
"CPNE5",0.965996587488839,0.537862620852088,0.012,0.01,1
"POMZP3",0.96629557067407,-0.105486486637131,0.105,0.099,1
"KCTD10",0.966355660870742,0.202286150067393,0.096,0.087,1
"ITM2C",0.966424346968195,0.151568416379082,0.146,0.13,1
"RYR1",0.967022179532069,-0.275382478137926,0.012,0.01,1
"EMSY-DT",0.96706395087855,-0.855909011199948,0.008,0.01,1
"ZNF566",0.967170709236981,-0.270790911295534,0.033,0.033,1
"RNF14",0.967454581630193,0.27024921485543,0.076,0.074,1
"EIF4EBP3",0.967470732141459,-0.214999744983132,0.037,0.033,1
"TFCP2L1",0.967614128367423,-0.584048574138651,0.016,0.018,1
"UCHL5",0.967651232854855,-0.202019880854056,0.143,0.14,1
"ENSG00000290044",0.9677258058856,-0.649498925942465,0.012,0.01,1
"TIMELESS",0.967997303237761,0.162510187548187,0.012,0.01,1
"BRPF1",0.968047256975772,0.182747920125395,0.068,0.061,1
"MFSD13A",0.968152182453889,0.59424167061485,0.01,0.01,1
"RILPL1",0.968208688411024,-0.208867409277204,0.014,0.013,1
"KLHL12",0.9682698119693,0.235998795760358,0.043,0.038,1
"FAM234B",0.968375106220496,-0.134688313888507,0.012,0.013,1
"ZNF598",0.968392179858785,-0.100712259460779,0.088,0.079,1
"XPC-AS1",0.968439833681976,-0.300398166901525,0.021,0.02,1
"NIT2",0.968546152822446,-0.111756335132439,0.061,0.059,1
"SEC61A1",0.969060767317392,0.107797904217995,0.305,0.276,1
"ENSG00000253200",0.969191232665597,0.13542062509405,0.023,0.02,1
"RBKS",0.969324960559653,-0.12543401598804,0.066,0.069,1
"ME3",0.969552127056081,-0.357711131186935,0.008,0.01,1
"AVPI1",0.969628093974657,-0.223249064412816,0.051,0.054,1
"GOLM1",0.969702237797113,-0.235873743317823,0.041,0.048,1
"HACD3",0.969814997570485,0.185902435893579,0.16,0.145,1
"SCAI",0.969850000114981,0.108650139206408,0.059,0.059,1
"ATP8B1",0.970311854865953,-0.396887605757461,0.012,0.013,1
"SLC25A14",0.970399055169925,-0.250580620124353,0.039,0.038,1
"NFATC2IP",0.970427604521423,0.114643506309798,0.174,0.161,1
"RBMX2",0.970487938505049,0.113984702092722,0.078,0.074,1
"SLC9B1",0.970551610125198,-1.28341037944565,0.01,0.01,1
"RHCE",0.970586787611658,0.14788104503875,0.01,0.01,1
"EHMT2",0.970719365255222,-0.126088555927875,0.059,0.054,1
"TNKS1BP1",0.970888034036005,-0.355325642847895,0.018,0.018,1
"TLCD3A",0.971360114455944,-0.702277113798742,0.014,0.013,1
"SGSM2",0.971447464365243,0.116778114105739,0.07,0.064,1
"DOP1B",0.971521333545338,0.107068247638859,0.045,0.041,1
"WASHC3",0.971828409904871,-0.170907557048306,0.125,0.117,1
"JAZF1",0.972183872335309,-0.155576004014317,0.252,0.255,1
"ZNF222",0.972382704212578,-0.26880550729335,0.037,0.038,1
"PRKCZ",0.972706591955502,-0.25117480279386,0.037,0.038,1
"FABP5",0.97274317494455,0.105337959357831,0.217,0.207,1
"LINC01409",0.973004401656595,-0.232061419695161,0.02,0.018,1
"ZDHHC21",0.973045753753127,-0.159271889096562,0.037,0.038,1
"COQ3",0.973190014311147,-0.946074623435518,0.008,0.01,1
"GUF1",0.973308898339296,0.135010878589216,0.045,0.046,1
"NUP35",0.973647484940624,-0.201272010364865,0.053,0.048,1
"SH3GLB2",0.973732949987111,0.300627821578089,0.082,0.077,1
"CAPN12",0.973774838050259,0.538141545596209,0.012,0.013,1
"CCR5AS",0.973819258364408,0.222227884097885,0.018,0.015,1
"ENSG00000276334",0.973943696748823,-0.264330664031919,0.012,0.013,1
"ATP8B4",0.973967288443723,-0.186123867480068,0.01,0.01,1
"DHTKD1",0.974153441843883,-0.731773606695124,0.012,0.01,1
"MAP2K6",0.974196824126953,-0.307179056392854,0.023,0.026,1
"ENSG00000226266",0.974285841990503,-0.221332445859346,0.01,0.01,1
"ENTPD7",0.974744045646716,0.590008346836538,0.035,0.033,1
"DHFR2",0.97485656882301,-0.566670834653561,0.016,0.015,1
"CYP2U1",0.974944562966188,-0.438594604167981,0.012,0.01,1
"ADAL",0.975128455386761,-0.799655357195162,0.01,0.01,1
"CATSPERG",0.975143390136148,-0.260974465901976,0.012,0.013,1
"EYA3",0.97531840343696,-0.101206124788601,0.098,0.092,1
"EDC3",0.97535789882273,0.367822249223866,0.055,0.048,1
"ARL6",0.975409138302473,0.192303119901537,0.02,0.018,1
"PKIA-AS1",0.975753901121154,-0.200197373583934,0.012,0.013,1
"ENSG00000258561",0.975905595595947,-0.307861621541877,0.012,0.013,1
"ERMN",0.975946966975734,0.112451427462204,0.014,0.013,1
"ETFRF1",0.976141266018932,0.147479843270557,0.07,0.064,1
"SLC16A6",0.976152382943924,-0.205950476644076,0.029,0.031,1
"ENSG00000258317",0.976270190173889,-0.394390943564195,0.014,0.013,1
"ENSG00000243176",0.976484145407446,-0.581393902055561,0.012,0.01,1
"ENSG00000290032",0.976759151768514,-0.280756933520522,0.012,0.013,1
"ENSG00000275457",0.976849216189024,-0.703709075209431,0.01,0.01,1
"INCENP",0.976852722107849,-0.290113404979136,0.012,0.013,1
"CENPL",0.976938284622475,-0.101161531380632,0.041,0.038,1
"NABP1",0.977052862132554,0.19512326534855,0.066,0.064,1
"LTB4R2",0.977633753006982,-0.290549342442394,0.012,0.013,1
"ITGB3BP",0.97768985510499,0.149420427153696,0.045,0.041,1
"ENSG00000239480",0.977713707802438,-0.976762177579666,0.012,0.013,1
"TMOD2",0.977770081413801,0.390945547164618,0.031,0.028,1
"MAP3K14-AS1",0.977828565223161,0.168880176707577,0.027,0.026,1
"ENSG00000254907",0.977888200793246,0.65795938504743,0.01,0.01,1
"C14orf28",0.977962744275266,0.131644381191778,0.027,0.026,1
"SGSM1",0.978186339878904,-0.111210026501081,0.021,0.02,1
"ITFG2-AS1",0.978442773752323,0.208838142242967,0.012,0.013,1
"TTC30A",0.978542955315723,-0.202948423711319,0.012,0.01,1
"MINPP1",0.978816065578156,0.310014922504741,0.018,0.015,1
"CATSPERE",0.978957971430947,-0.485202616916579,0.012,0.013,1
"ENSG00000286162",0.979132318915974,-0.785689421115473,0.021,0.02,1
"SLC39A1",0.979225919695113,0.112664149959901,0.1,0.097,1
"NDC1",0.979284259779436,-0.114707320232865,0.041,0.041,1
"UBE2T",0.979469903480127,-0.150033370402658,0.012,0.01,1
"CEP76",0.979529516350108,-0.112106289264917,0.053,0.051,1
"TRAF2",0.979618843616311,-0.191473800113179,0.078,0.077,1
"ZNF16",0.979673797084839,-0.160067047805875,0.021,0.02,1
"KIF5C",0.979813685431992,-0.392601747303775,0.012,0.01,1
"MKRN2",0.979903972724426,0.145582169102832,0.129,0.115,1
"SLC16A4",0.98003932016427,-0.130235079652738,0.012,0.013,1
"TTLL11",0.980206291854528,-0.136095501243727,0.02,0.018,1
"GALE",0.980274670058241,0.367002506371022,0.018,0.015,1
"SLC33A1",0.980328446501888,0.155430264206325,0.057,0.051,1
"DCAF17",0.980460519750743,-0.520201029808574,0.029,0.031,1
"DNAJC24",0.980473408449275,-0.127013175397463,0.074,0.074,1
"FBXW9",0.980514488127487,-0.138246256058108,0.012,0.013,1
"ZNF551",0.980535874189144,-0.144723714967292,0.031,0.031,1
"NFYC-AS1",0.980565463860964,-0.298750576435061,0.012,0.01,1
"SCLY",0.980655490480439,0.122659194180846,0.045,0.041,1
"TOGARAM2",0.98082190639164,-0.314607036222653,0.053,0.051,1
"TTYH2",0.9811960821645,0.355539115347387,0.012,0.01,1
"CC2D1B",0.981263565553026,0.15899812896978,0.035,0.033,1
"ZNF724",0.981371717835695,-0.401088375082971,0.012,0.013,1
"ENSG00000277855",0.981661635081995,0.430557703672666,0.01,0.01,1
"FBXO45",0.981776175142571,-0.114774899160405,0.064,0.064,1
"ENSG00000288752",0.982108555985661,-0.439232740070363,0.01,0.01,1
"LMAN2L",0.982109861167948,0.150779499045712,0.012,0.01,1
"CEP43",0.982145264197456,0.160073673690001,0.09,0.082,1
"SIAH1",0.982157825501874,-0.166539492254777,0.117,0.115,1
"CCT6B",0.982180998040171,-0.237505979338672,0.02,0.018,1
"ENSG00000278390",0.982203245052166,-0.382829359431289,0.02,0.02,1
"ZNF776",0.982331117550714,-0.33588607701465,0.023,0.023,1
"FAM167A",0.98239814773467,0.169491141927796,0.018,0.015,1
"TSSC4",0.982471444930411,0.126680575374528,0.236,0.214,1
"LRRC41",0.982518643465751,0.171422978163025,0.189,0.171,1
"CLN8-AS1",0.982682702993988,0.19320081666211,0.086,0.079,1
"IPPK",0.983291985800092,0.168796699010497,0.078,0.071,1
"SMIM30",0.983344211234829,-0.219837677908958,0.033,0.031,1
"FBXL17",0.983349690553332,-0.163378835082997,0.129,0.128,1
"ENSG00000259544",0.983550105950136,-0.377435335533316,0.012,0.01,1
"AVEN",0.983621469208112,-0.143678213624001,0.07,0.066,1
"DUS1L",0.984066945005192,-0.127354464253613,0.229,0.214,1
"TCF4",0.984068274724623,-0.408543411143113,0.01,0.01,1
"DMTN",0.984097540353533,0.146610333378278,0.012,0.013,1
"BAZ1A",0.984106714772245,0.103437235983802,0.473,0.446,1
"ZFP90",0.984280756432255,-0.11086370853507,0.078,0.074,1
"ENSG00000289620",0.984388650251679,-0.58558098610262,0.021,0.023,1
"ABHD10",0.984510309109444,0.177231883768026,0.07,0.064,1
"H2AC20",0.984532166248409,0.189847040801407,0.125,0.115,1
"DOK6",0.984537120963065,0.218520742138455,0.01,0.01,1
"RNF123",0.984721550722434,0.111305583931908,0.018,0.018,1
"TUBG1",0.984835207924215,0.373585189456661,0.033,0.031,1
"INPP1",0.985183977247128,-0.292505554746465,0.025,0.023,1
"TRBV28",0.985214968328492,-0.377618345791236,0.021,0.02,1
"ZFP69",0.985338234676533,-0.235387411142035,0.012,0.013,1
"PFAS",0.985544540312531,-0.139334294128152,0.014,0.013,1
"ZNF76",0.985638544261353,-0.14555803532586,0.047,0.043,1
"MED22",0.985646728494055,-0.248590862171074,0.016,0.015,1
"ENSG00000289015",0.985848412578455,0.292626914522551,0.023,0.023,1
"MAILR",0.985999680889993,-0.423594769094855,0.01,0.01,1
"LNCRNA-IUR",0.986335771880067,-0.636638432822148,0.01,0.01,1
"ENSG00000285639",0.986561254344588,-0.203816768859809,0.014,0.013,1
"TMEM201",0.986596128299704,-0.189751681855912,0.014,0.013,1
"TRAV38-2DV8",0.986727563351268,-0.186184391774757,0.014,0.015,1
"ZNF18",0.987027909731589,-0.211978995690532,0.033,0.033,1
"ZNF785",0.987342864938106,-0.152082734378609,0.012,0.01,1
"ENSG00000291259",0.987407648609209,0.114759120701845,0.021,0.02,1
"SLC6A8",0.987425539960562,0.223288714547934,0.025,0.026,1
"ENSG00000260719",0.987465770789353,-0.324358031607631,0.025,0.028,1
"VARS2",0.987518449425507,-0.140234922166855,0.01,0.01,1
"MIR17HG",0.987593284464368,-0.495630878894168,0.012,0.013,1
"ZNF226",0.98784006832201,0.111065573724977,0.051,0.048,1
"CLUH",0.987930407381491,0.414855869203233,0.025,0.023,1
"EXT2",0.988035274876332,-0.314326033807357,0.094,0.087,1
"SLC12A4",0.988214020140796,0.240550769580929,0.012,0.01,1
"LXN",0.988335555921256,0.249500121640362,0.047,0.043,1
"C4orf19",0.988626762808203,-0.373554633343823,0.01,0.01,1
"ENSG00000232754",0.988654226965915,-0.185133008225052,0.012,0.01,1
"UNC5D",0.988737765898877,-0.750697660373673,0.01,0.01,1
"PRKG1",0.988897395017376,-0.459379597772019,0.01,0.01,1
"TRIM61",0.988898151512668,-0.106535450655938,0.01,0.01,1
"MANBAL",0.988990206362268,-0.159648418561844,0.041,0.041,1
"ENSG00000268056",0.98941029792255,0.438911932244305,0.012,0.01,1
"ENSG00000287510",0.989500279284298,0.351257122143351,0.025,0.023,1
"CHCHD6",0.989580253397407,0.108126058374451,0.027,0.026,1
"INSIG1-DT",0.989670531766586,-0.411282646575986,0.01,0.013,1
"MICOS10-DT",0.989736573002719,-0.970245360981728,0.01,0.01,1
"NPIPB12",0.98981069687492,-0.4016091946734,0.012,0.013,1
"ENSG00000260997",0.989882740710606,0.644356777570999,0.014,0.013,1
"HSPA2-AS1",0.989964655395328,0.11718577920536,0.086,0.084,1
"DNAJC27",0.990009129149807,-0.170979705263466,0.094,0.094,1
"SMCR8",0.990100523588375,-0.437970388654626,0.041,0.041,1
"ZNF621",0.990251189551833,-0.366795951227221,0.041,0.041,1
"RBM48",0.99026492192364,-0.10906554975188,0.178,0.176,1
"HPS4",0.990316817994579,-0.179843465114303,0.061,0.059,1
"EIF2B3",0.990700513825383,-0.253749645125401,0.055,0.056,1
"ENSG00000235586",0.990851637746057,0.106565032881355,0.01,0.01,1
"TBKBP1",0.991042150927073,-0.149864808366292,0.039,0.041,1
"TFAP2E",0.991151493531582,-0.641235436697571,0.008,0.01,1
"TNFAIP8L2",0.991272585707011,-0.137384992403958,0.01,0.01,1
"STIL",0.991291550329191,-0.148010869367712,0.014,0.013,1
"TMEM268",0.99129280611589,0.152225124802138,0.035,0.033,1
"NR3C2",0.991324360231933,-0.282925437281961,0.01,0.01,1
"TMEM104",0.991355464084308,-0.273822738463862,0.027,0.028,1
"SRD5A3",0.991371928796547,-0.154837834982123,0.014,0.013,1
"SUV39H2",0.991499407260747,0.425257015465451,0.01,0.01,1
"ZNF561-AS1",0.991674873889408,-0.442196585696691,0.016,0.015,1
"DRG1",0.991739609826001,0.136837348420882,0.238,0.219,1
"GNAT2",0.991943182941695,-0.3513301748551,0.018,0.018,1
"LIN7B",0.992024712962669,-0.35016950864725,0.023,0.026,1
"SLC17A5",0.992273398980465,0.218491564896957,0.062,0.059,1
"FEN1",0.992674199408602,0.171225135414879,0.08,0.074,1
"ZNF275",0.992986944360219,-0.438781547677831,0.02,0.018,1
"USP18",0.993004055855702,-0.105705077427957,0.057,0.056,1
"ENPP5",0.99300692824451,0.233192157024124,0.014,0.015,1
"TRAF3IP2-AS1",0.993094329527369,0.229406929918156,0.045,0.043,1
"NEIL2",0.9932987999538,-0.184519878939363,0.012,0.013,1
"CHTF18",0.993566425723237,0.126364869022353,0.014,0.013,1
"IDNK",0.993771910047248,-0.200180363749106,0.043,0.041,1
"EAF2",0.993974041059944,0.150021810578443,0.047,0.046,1
"SLC22A5",0.994009326326641,0.377815477955492,0.016,0.015,1
"SHISA8",0.994531857780479,-0.224644201680351,0.01,0.01,1
"ZNRD2-DT",0.994555005423031,-0.802060563977709,0.021,0.02,1
"MRPL11",0.9946582034598,0.177850233245516,0.137,0.13,1
"CREB3L4",0.994846116012388,-0.127991910694601,0.014,0.013,1
"ATPSCKMT",0.994852543999754,-0.158385533247882,0.01,0.01,1
"OTUD7B",0.994929549253853,-0.146523681655317,0.045,0.043,1
"BRAP",0.99507841533523,-0.10081324689237,0.125,0.117,1
"GPATCH11",0.995098901888749,-0.124242527439802,0.084,0.079,1
"PPP2R3B",0.995155241979953,-0.154613289679905,0.016,0.015,1
"MECR",0.995202569797403,0.175219530086352,0.014,0.013,1
"SLC25A25-AS1",0.995255260671338,-0.236013833054942,0.01,0.01,1
"MED9",0.995397607296362,0.180045324030394,0.066,0.064,1
"ENSG00000291220",0.995562572930078,0.115737235479957,0.014,0.013,1
"LINC00954",0.995874734554017,-0.294250532867445,0.021,0.02,1
"ENSG00000289544",0.99591353962063,-0.659946431747576,0.01,0.01,1
"MMAA",0.996020196471401,0.181469328458679,0.033,0.031,1
"APOL1",0.996087119365391,0.334304584418846,0.02,0.018,1
"ENSG00000289334",0.996130806637579,-0.339865804037867,0.055,0.056,1
"AP1G2-AS1",0.996225609877054,-0.739578906871691,0.012,0.013,1
"ICAM2",0.996365128765256,-0.1982088521669,0.105,0.105,1
"CARD11-AS1",0.997005312609437,-0.364903964129446,0.01,0.01,1
"ZNF682",0.997083401619147,-0.111277220405414,0.033,0.033,1
"SEPHS1",0.997111013310019,0.172080386607413,0.068,0.066,1
"CDC7",0.997151331260013,0.181511715360663,0.061,0.056,1
"FAM151B-DT",0.997238621160136,-0.219273543558593,0.037,0.036,1
"TRIP4",0.997335336961239,-0.150279284843222,0.074,0.069,1
"GORASP1",0.997354029553507,-0.480283721682239,0.02,0.02,1
"NPTXR",0.997372469999375,-0.575553081138213,0.012,0.013,1
"ZNF790-AS1",0.997572306868426,-0.149653892790814,0.02,0.02,1
"PARD6B",0.997653974328648,0.185194527780991,0.021,0.02,1
"DTWD2",0.998370150724679,-0.22298456939465,0.029,0.028,1
"ENSG00000272277",0.998536941629373,0.677925545099852,0.016,0.015,1
"CD44-AS1",0.998630220732665,-0.154483836573424,0.021,0.02,1
"ZNF500",0.998725946871115,-0.137746481351832,0.014,0.013,1
"LRSAM1",0.998783855371465,-0.315620804632672,0.02,0.02,1
"LBHD1",0.999112751534023,-0.344824816154342,0.014,0.013,1
"ZFAT",0.999132495913399,-0.174939831010571,0.018,0.018,1
"CACNA1D",0.999707599384003,0.312769951932106,0.012,0.013,1
