"","p_val","avg_log2FC","pct.1","pct.2","p_val_adj"
"RPS29",2.48226301998831e-153,0.586209373969838,1,1,4.36282548393146e-149
"RPS14",1.52728209693279e-152,0.503086905203662,0.999,1,2.68435101356907e-148
"RPS4Y1",1.19100552826365e-150,-0.8318709585018,0.594,0.975,2.09331131647619e-146
"HLA-B",2.83568808646573e-97,-0.474098826524334,1,0.999,4.98400538077217e-93
"RPL41",4.99692394265469e-87,0.463297656719618,1,0.999,8.78259352160988e-83
"RPS27",5.94011846333519e-82,0.249863783286395,1,1,1.04403522111579e-77
"RPS21",3.097534248497e-62,0.262940495079572,1,0.999,5.44422619515833e-58
"HLA-A",9.94610918957567e-58,-0.408745406505444,0.998,0.999,1.74812815115982e-53
"RPL39",7.98206692507151e-51,0.200179684679635,0.999,1,1.40292808275057e-46
"HLA-C",1.10597034889416e-48,-0.380738540220548,0.996,1,1.94385348521638e-44
"RPL34",2.81090770336697e-46,0.169078345142557,1,1,4.94045137943779e-42
"RPL21",8.67019311279155e-43,0.313904951223914,0.998,0.999,1.52387314150424e-38
"RPL28",3.46636535354859e-41,-0.19344049831456,1,1,6.092483745397e-37
"GAPDH",4.26501496044065e-41,-0.642604464273833,0.742,0.816,7.49619029447048e-37
"JUND",2.12716052614962e-39,0.654743553941436,0.866,0.669,3.73869734076058e-35
"RPS4X",6.54209888217148e-38,0.27850586804298,0.999,0.999,1.14983929953046e-33
"RPS28",2.31125024117897e-36,0.175616441614421,1,1,4.06225342389616e-32
"RPL37A",4.63137346682716e-35,0.26191999934774,1,1,8.14010200529542e-31
"HBB",4.87580792897358e-34,-2.67790796544723,0.087,0.253,8.56972001596396e-30
"ENSG00000280441",2.43997220949986e-32,0.587019925690932,0.998,0.991,4.28849515541696e-28
"XIST",3.12716552966647e-32,5.15033784096473,0.106,0.002,5.49630613494179e-28
"IFITM1",5.77501773319093e-31,-0.413147550417265,0.943,0.982,1.01501711678564e-26
"GNG8",1.15275332091408e-28,-1.85837933417911,0.094,0.241,2.02607923683859e-24
"GYPC",6.7051284667981e-26,-0.584577989804879,0.697,0.789,1.17849337932443e-21
"IFI44L",4.51102250227796e-25,-1.62621643093097,0.089,0.225,7.92857315000375e-21
"RPS18",6.43205749404509e-25,-0.121125478169469,1,1,1.13049842515337e-20
"RPL37",8.28183695441211e-25,0.14252717443255,1,1,1.45561566310747e-20
"TIMP1",2.50834007248926e-23,-1.47718774472985,0.086,0.198,4.40865851140712e-19
"PSME2",6.83161358522692e-23,-0.697087730477872,0.455,0.578,1.20072440373948e-18
"ENSG00000289707",1.22898140814989e-22,-1.55355590924785,0.086,0.212,2.16005772296425e-18
"TPI1",1.00775785446689e-21,-0.800019899632561,0.321,0.47,1.77123520501101e-17
"DDIT4",2.37039012724104e-21,-1.40784292357818,0.181,0.286,4.16619768763884e-17
"H4C3",3.67656925960507e-21,0.588313113626304,0.716,0.541,6.46193813068187e-17
"IFITM2",4.15651961885175e-21,-0.623862484625636,0.54,0.666,7.30549888209383e-17
"PABPC1",1.51344593282551e-20,-0.223670607895508,0.995,0.998,2.66003257153412e-16
"FYB1",8.69844375386788e-20,0.4235572127616,0.892,0.826,1.52883847417982e-15
"VIM",9.36635764505865e-20,-0.259131739796235,0.963,0.979,1.64623101969551e-15
"PPIA",9.56979465140507e-20,-0.300266425210203,0.975,0.98,1.68198710793095e-15
"B2M",3.94654261166925e-19,-0.143617559177946,1,1,6.93644329426987e-15
"ANK3",4.064122094813e-19,-0.74397656826126,0.262,0.388,7.14310099384332e-15
"ENSG00000289901",4.9894009986311e-19,0.906809518544718,0.632,0.445,8.76937119519402e-15
"NME2",5.57175420919675e-19,-0.427929225944924,0.656,0.701,9.7929151980842e-15
"RPL18A",7.70191637561401e-19,-0.140463488916983,0.999,1,1.35368882217792e-14
"MT-ND2",4.62440524288696e-18,0.369094571979919,0.911,0.858,8.12785465489812e-14
"CD7",5.51674445293756e-18,-0.417415377246257,0.895,0.919,9.69623005048305e-14
"TMSB4X",6.34272869741851e-18,-0.207787394651315,0.999,0.999,1.11479799585828e-13
"CYBA",1.08761781381786e-17,-0.507226084042108,0.546,0.626,1.91159706956627e-13
"MIF",1.2435988905792e-17,-0.357197127274945,0.834,0.872,2.18574941008201e-13
"NDUFS5",1.68942687152165e-17,-0.384709920311568,0.818,0.87,2.96933666938645e-13
"PASK",1.7052192641068e-17,-0.694258412244302,0.248,0.354,2.99709337859412e-13
"DDX3Y",1.75650364614502e-17,-0.833462617815232,0.198,0.321,3.08723080846448e-13
"HBG2",1.90075834459767e-17,-8.48028420368801,0.001,0.04,3.34077286646487e-13
"ANXA1",6.47406495893084e-17,0.889421067496221,0.593,0.412,1.13788165718168e-12
"IFI6",9.32205116631008e-17,-1.05487757336729,0.19,0.29,1.63844371299066e-12
"MYL6",1.51919750266733e-16,-0.330571723204043,0.924,0.948,2.67014153068811e-12
"TMEM120A",3.19044922010829e-16,-1.6365998753955,0.058,0.132,5.60753354926233e-12
"CALM3",8.89298661473858e-16,-0.600480343696931,0.479,0.566,1.56303132740645e-11
"HES4",1.28494253775307e-15,-1.36523138165988,0.089,0.165,2.2584150043548e-11
"RPL38",1.32516901568094e-15,0.205613328979608,1,0.996,2.32911706196082e-11
"ENSG00000278996",2.21380893096572e-15,0.498217672612694,0.749,0.605,3.89099057706534e-11
"EIF1AY",3.12597610470136e-15,-0.784446586023775,0.177,0.283,5.49421560162311e-11
"SOCS3",3.789160392865e-15,-0.708717705693383,0.458,0.595,6.65982830649952e-11
"RPS19",1.01128290224704e-14,-0.105982151603227,0.998,0.999,1.7774308289894e-10
"FTL",4.21644507342251e-14,-0.319557356033956,0.964,0.979,7.41082386104741e-10
"RPS25",4.54583187220289e-14,0.130044784836267,1,1,7.98975409858381e-10
"TSC22D3",5.10917680466756e-14,0.48897590315263,0.73,0.625,8.9798891518837e-10
"RPS15",5.20845009681804e-14,-0.135889109407366,0.999,1,9.15437189016739e-10
"SNHG5",7.86072322604921e-14,0.626759419128414,0.578,0.452,1.38160071421041e-09
"EIF2S3",9.39115959277935e-14,0.570277698720578,0.569,0.427,1.6505902100269e-09
"FTH1",1.3112949011515e-13,-0.301450528529936,0.999,0.998,2.30473191826387e-09
"DENND2D",2.0072839060904e-13,-0.736970445197438,0.256,0.335,3.52800219334449e-09
"GPX4",3.10004177573496e-13,-0.331341914992398,0.801,0.877,5.44863342503177e-09
"NOG",4.22172727465529e-13,0.492374481158876,0.566,0.434,7.42010785793414e-09
"PPP1R14B",7.11811226241395e-13,-0.709358995579435,0.225,0.313,1.25107941124188e-08
"RCAN3",1.83746809974328e-12,0.466643370631458,0.656,0.513,3.22953393210879e-08
"TXNIP",3.16040185971858e-12,0.4607827580169,0.597,0.481,5.55472230864138e-08
"MXI1",3.36819283169685e-12,0.623561573608674,0.44,0.304,5.91993572099039e-08
"PFN1",4.00670348999596e-12,-0.238914522511655,0.978,0.973,7.04218205401691e-08
"ENO1",4.01691851277541e-12,-0.41828379194565,0.583,0.66,7.06013597805407e-08
"GSTO1",7.72346253776444e-12,-0.797408874835246,0.194,0.292,1.35747577563748e-07
"FAU",1.25903429579335e-11,-0.117647298530039,0.998,0.998,2.21287867828639e-07
"S100A10",1.74727210118735e-11,-0.430895012401872,0.608,0.683,3.07100544504688e-07
"EMP3",2.36998400069773e-11,-0.270899341114293,0.921,0.94,4.16548387962633e-07
"SPOCK2",2.62877070057793e-11,-0.331648371157946,0.785,0.838,4.62032738333577e-07
"PTPRCAP",3.15905896314485e-11,-0.352297090044642,0.83,0.864,5.55236203362338e-07
"HNRNPDL",3.19867445505174e-11,-0.275978031050475,0.806,0.857,5.62199022219894e-07
"KLHL4",3.4404948405146e-11,6.07260132670608,0.037,0,6.04701373168845e-07
"TAGAP",3.54618222176699e-11,0.826252116099794,0.294,0.185,6.23276987297766e-07
"MT-ND3",3.6096799369149e-11,0.232452825039202,0.991,0.992,6.34437345712163e-07
"MYADM",3.73173730100979e-11,0.708761918663697,0.547,0.422,6.55890148025481e-07
"DEAF1",4.07504222482818e-11,0.823322189795827,0.331,0.203,7.16229421435801e-07
"ENSG00000290569",4.4404126521871e-11,-1.31417447395326,0.065,0.13,7.80446927748405e-07
"FKBP2",6.66619468156083e-11,-0.678293765212984,0.257,0.364,1.17165037723113e-06
"UPP1",1.0234105250986e-10,-0.625084929763368,0.273,0.362,1.7987463389133e-06
"GIMAP7",1.12419833909348e-10,0.207637585823123,0.975,0.948,1.9758910007907e-06
"MZT2B",1.69719080078284e-10,-0.350374404181657,0.709,0.776,2.98298255145591e-06
"NACA",1.78443053760181e-10,0.131138516460891,1,1,3.13631511288895e-06
"CYTH1",1.91170644207352e-10,0.381550904087569,0.689,0.559,3.36001524258842e-06
"TXLNGY",2.16078720142683e-10,-0.899112180029642,0.112,0.184,3.79779958522779e-06
"BANF1",2.9001287640152e-10,-0.630377020477151,0.282,0.357,5.09726631563312e-06
"IFITM3",2.90288674849085e-10,-1.19696959466575,0.054,0.118,5.10211374914751e-06
"LINC03049",3.08040796814577e-10,0.890922885148416,0.199,0.104,5.41412504481301e-06
"YBX3",3.49352699072785e-10,-0.483938505504719,0.316,0.393,6.14022303890328e-06
"UCP2",3.52188840071908e-10,0.570657531069383,0.64,0.499,6.19007105310385e-06
"LINC00623",3.5288022611914e-10,-0.82412551608953,0.137,0.219,6.20222285427e-06
"PLP2",5.23564621715823e-10,-0.854925510733377,0.15,0.234,9.20217179127731e-06
"GNAS",6.77351939928996e-10,0.177598548999303,0.907,0.809,1.1905137696192e-05
"ARPC3",6.82288607428369e-10,-0.31361537745758,0.763,0.81,1.1991904564161e-05
"CRIP1",7.47710185759668e-10,0.440706204701039,0.869,0.795,1.31417542249119e-05
"IRF2BP2",7.49194073112433e-10,0.278809001340807,0.742,0.602,1.31678350290241e-05
"STK17A",8.80192004112002e-10,0.192574651228,0.934,0.877,1.54702546642726e-05
"DENND4A",1.00220149431179e-09,0.551431355915813,0.473,0.328,1.7614693464024e-05
"MYL12B",1.07083372771994e-09,-0.249802073514429,0.905,0.929,1.88209735984056e-05
"SOD1",1.09042442141366e-09,-0.340297513752993,0.741,0.806,1.91652996307665e-05
"USP9Y",1.2392015651603e-09,-0.777601842909755,0.128,0.2,2.17802067092575e-05
"MT-CO1",1.43997721642742e-09,0.26031594696328,0.998,1,2.53090395559284e-05
"PSMB9",1.45928841433685e-09,-0.456359783274387,0.39,0.474,2.56484531703844e-05
"CFL1",1.55053620618516e-09,-0.243207127818367,0.915,0.934,2.72522243599104e-05
"SRM",2.40523991411628e-09,-0.588719160755043,0.235,0.317,4.22744967305077e-05
"ISG20",4.06061156649552e-09,-0.450629655544715,0.48,0.529,7.13693088927252e-05
"MCRIP2",4.51130034922738e-09,-1.86024951656374,0.015,0.05,7.92906149380204e-05
"LFNG",4.57197695041858e-09,0.424074648570126,0.591,0.471,8.03570668805569e-05
"UTY",5.01841621108232e-09,-0.611738632525415,0.201,0.274,8.82036833259828e-05
"NANS",6.06333750441645e-09,-0.705607519995313,0.174,0.253,0.000106569219977623
"ENSG00000289474",7.07065790781768e-09,0.905713098244391,0.225,0.117,0.000124273883387804
"NPEPPSP1",7.32666044597035e-09,0.622281536285367,0.321,0.218,0.000128773383998375
"MT-ND4",7.89487891806386e-09,0.313819394004423,0.896,0.861,0.00013876039186389
"TRBV28",9.68187290318094e-09,3.02873208577893,0.047,0.012,0.000170168598146308
"CALM1",1.19545191206991e-08,0.178663590476351,0.976,0.966,0.000210112628065407
"ATP5F1D",1.22922738244428e-08,-0.345792715756145,0.623,0.696,0.000216049004738407
"TRBC2",1.24460394860511e-08,-0.446384575722221,0.633,0.683,0.000218751590006835
"RHOG",1.26163959663413e-08,-0.359715040823705,0.537,0.601,0.000221745775504415
"PLEKHO1",1.36730369962818e-08,-0.53833404446862,0.286,0.355,0.000240317298246649
"FOXP1",1.42129900844049e-08,0.229062389394058,0.91,0.862,0.000249807513723501
"TUBA1B",1.53397004094624e-08,-0.391623556125188,0.591,0.641,0.000269610574396712
"ZNF44",1.71095370551135e-08,0.844905984449992,0.229,0.124,0.000300717223280675
"PTGIR",1.96369914844101e-08,-0.737417103354431,0.108,0.173,0.000345139762329993
"SUMO2",1.96501464187091e-08,-0.253827926394145,0.881,0.909,0.000345370973455232
"PLCL1",2.11936043766187e-08,0.383823690088695,0.637,0.519,0.00037249879052345
"BCL11A",2.14029475736139e-08,-1.01543314925627,0.072,0.131,0.000376178206553838
"HNRNPA2B1",2.40342408442314e-08,-0.235831152502706,0.937,0.947,0.000422425817078212
"MAZ",2.74689656687932e-08,0.371930215227286,0.578,0.451,0.00048279454059471
"UQCRH",3.35080403374673e-08,-0.291367924559741,0.746,0.795,0.000588937316971325
"CORO1A",3.6122563715592e-08,-0.269623021221267,0.884,0.893,0.000634890179865246
"SARAF",3.72793309844697e-08,-0.144293812772382,0.999,0.999,0.00065522152138304
"RPL36A",4.06330536450175e-08,0.159640862511384,0.999,0.998,0.000714166550864828
"PDXK",4.26745637885674e-08,-0.680985003706232,0.139,0.204,0.000750048133147861
"PRMT1",4.50098690219699e-08,-0.396173860982695,0.53,0.573,0.000791093457930144
"CLUAP1",4.53407629865241e-08,-0.78912506931738,0.116,0.178,0.000796909250251147
"FKBP1A",4.57406751433115e-08,-0.348779629894261,0.635,0.667,0.000803938106318842
"HBA1",4.58131693068152e-08,-2.80663463463042,0.004,0.027,0.000805212263736585
"HSP90AB1",4.60889226002684e-08,-0.200268938823857,0.843,0.888,0.000810058903622318
"ZNF555",5.6299779425064e-08,-1.76834862661723,0.021,0.061,0.000989524923174926
"CMTM8",5.71039127420589e-08,-0.55159056836519,0.287,0.362,0.00100365837035443
"CMSS1",5.86122683382613e-08,-0.406837543510342,0.406,0.464,0.00103016922831328
"XRRA1",6.00996922554212e-08,-0.937084532762821,0.097,0.157,0.00105631219108128
"IL2RG",6.93344088925394e-08,-0.243701908785286,0.846,0.882,0.00121862157069527
"ENSG00000226455",7.35317411178294e-08,-1.32833322617426,0.031,0.069,0.00129239388188697
"SNHG32",7.39456787318789e-08,-0.39786627545909,0.52,0.568,0.0012996692493915
"RPL6",8.58136980408436e-08,0.108040912871343,1,0.999,0.00150826155676587
"LRRFIP1",9.428049223996e-08,0.380993581785478,0.774,0.663,0.00165707393160954
"PDE3A",1.11883129212271e-07,1.37297251108419,0.104,0.04,0.00196645787903487
"CHCHD2",1.14761611410317e-07,-0.2493697448357,0.848,0.876,0.00201705008214773
"HNRNPA3",1.17956809052009e-07,-0.308134778791357,0.618,0.68,0.00207320887589811
"HLA-E",1.42750662104528e-07,-0.15988668749511,0.975,0.98,0.00250898563714919
"SH3BGRL3",1.48353112219908e-07,-0.199573423670006,0.838,0.882,0.0026074543003771
"NUTF2",1.54941969521448e-07,-0.481709392007813,0.331,0.416,0.00272326005630898
"MT-ATP6",2.05257490914739e-07,0.350326055996102,0.82,0.754,0.00360760566031746
"KDM4B",2.0809430511892e-07,-0.543131341221635,0.192,0.217,0.00365746550677013
"APRT",2.26558947623289e-07,-0.285497681600699,0.614,0.684,0.00398200006342694
"HLA-G",2.34932705344164e-07,0.782034839869244,0.21,0.112,0.00412917722912903
"KLHL24",2.62490536358328e-07,0.558910493483397,0.328,0.219,0.00461353366703397
"TGFB1",2.74408884941439e-07,-0.250362108930231,0.816,0.854,0.00482301056173074
"RANBP1",2.78501520564762e-07,-0.457269008685642,0.428,0.499,0.00489494272544626
"RGCC",2.9425842359029e-07,0.319066152841775,0.816,0.752,0.00517188605302294
"ZNF506",3.06535146570146e-07,0.560724400155191,0.285,0.194,0.00538766173611689
"EPHA4",3.10772102006379e-07,1.04184548121995,0.156,0.07,0.00546213046486411
"NEAT1",3.3821738871372e-07,-0.421334738122454,0.327,0.406,0.00594450882403234
"ENSG00000261573",3.55361944618184e-07,0.871829307238711,0.169,0.084,0.0062458415386092
"ETS1",3.77215761939238e-07,0.236581872393788,0.945,0.922,0.00662994423184405
"PDIA6",3.85304175070469e-07,-0.600271994213597,0.183,0.22,0.00677210618103857
"H3-3A",3.86866898983159e-07,-0.162842294561152,0.993,0.992,0.006799572616528
"GPX1",4.20036857539313e-07,-0.512201754820552,0.283,0.334,0.00738256780811096
"TXNL4A",4.32512348992931e-07,-0.345976670617119,0.539,0.58,0.00760183704589976
"RETREG1",4.35905269426091e-07,-0.354392678940749,0.5,0.581,0.00766147101543298
"DRAP1",4.92266299587753e-07,-0.327163734287062,0.633,0.689,0.00865207248155436
"ZNG1E",5.53677400451935e-07,-0.681522855636811,0.14,0.21,0.00973143399034321
"H3-3B",5.61624449725016e-07,-0.221335496067315,0.945,0.957,0.00987111132836688
"EBPL",5.70472561019525e-07,-0.744053482383371,0.133,0.199,0.0100266257324792
"MAPRE2",6.07654671494134e-07,0.523207306546808,0.343,0.239,0.0106801385061809
"HIPK1",6.08241522631334e-07,0.672723347083956,0.284,0.184,0.0106904530017683
"SERP1",6.970616990253e-07,-0.268889185485544,0.778,0.792,0.0122515564220687
"NDUFB11",6.98675421773484e-07,-0.30707055589817,0.685,0.727,0.0122799192130908
"ATP6V0E1",7.49907494778612e-07,-0.304843110852782,0.595,0.662,0.0131803741282289
"PSME1",7.6557320040856e-07,-0.262790611977869,0.711,0.744,0.0134557145703808
"LITAF",7.98017381150338e-07,-0.279286491269586,0.597,0.633,0.0140259534910983
"ERP29",8.28094270445675e-07,-0.335283435191216,0.615,0.687,0.0145545848973532
"NTSR1",8.39493241140632e-07,-1.35077164473612,0.036,0.066,0.0147549332062877
"SH2D1A",8.50578086535078e-07,0.379836203535857,0.33,0.226,0.0149497604489405
"ENSG00000255328",8.53153310879565e-07,-1.9784315587018,0.007,0.033,0.0149950225920192
"MAML2",8.60485748378481e-07,0.462698003767468,0.553,0.439,0.0151238975135002
"FOSL2",8.83468011474056e-07,-1.63765135748172,0.017,0.043,0.015527833769668
"PRDX1",8.98387707382144e-07,-0.317946092360862,0.464,0.498,0.0157900623449486
"RASGEF1B",9.39748752370907e-07,1.19499708502225,0.086,0.037,0.0165170240716711
"SCAND1",1.01732466274274e-06,-0.405427880345879,0.461,0.534,0.0178804982723664
"SELENOH",1.02161764394596e-06,-0.304308814168103,0.593,0.639,0.0179559517099943
"SCGB3A1",1.11439799822083e-06,5.21232342516999,0.019,0,0.0195866592167294
"CAMK4",1.18550133283181e-06,0.216726245353998,0.915,0.891,0.0208363714258518
"HMGB1",1.22950247651031e-06,0.188014953773294,0.945,0.918,0.0216097355271452
"UQCC2",1.23271098075121e-06,-0.682528318133914,0.144,0.196,0.0216661281976833
"RPS3A",1.25061625566329e-06,0.110715085710077,0.999,0.999,0.0219808313095381
"PLEKHM2",1.4466743400983e-06,0.889603733141408,0.172,0.091,0.0254267482015677
"TNFAIP3",1.46506225301607e-06,0.412152808731906,0.622,0.548,0.0257499341590105
"SKP1",1.51268416361276e-06,-0.220900011982367,0.867,0.893,0.0265869368596578
"LYPD3",1.57317917534056e-06,-0.970653216419681,0.063,0.094,0.0276501971857857
"PET100",1.66789938928777e-06,0.269289203664621,0.61,0.492,0.0293149996661218
"SWAP70",1.67435756397835e-06,-1.09115791400704,0.034,0.07,0.0294285085444835
"ENSG00000287978",1.72722451245577e-06,1.21288418561686,0.092,0.041,0.0303576980309225
"BIRC2",1.76165301023633e-06,-0.284136510385305,0.758,0.793,0.0309628133079138
"COX8A",1.77211421372059e-06,-0.317379642012954,0.536,0.597,0.0311466794203531
"ELAPOR2",1.78527873560348e-06,1.7610404605374,0.04,0.008,0.0313780590569667
"LRRN3",1.96668778233188e-06,0.427727277417467,0.403,0.303,0.0345665044622651
"PPIB",1.99170951426911e-06,-0.302163952055291,0.693,0.725,0.0350062864227939
"IL32",1.99702261293399e-06,-0.172073842916538,0.768,0.721,0.0350996694449278
"SAT1",2.0218333066256e-06,-0.403476614969755,0.519,0.564,0.0355357421972515
"BAG1",2.04185865556146e-06,-0.523036532079918,0.219,0.276,0.0358877077301482
"ST6GALNAC1",2.2071633535366e-06,1.42372965225266,0.076,0.027,0.0387931031017594
"PMEPA1",2.26141995257892e-06,-0.338918958167604,0.349,0.422,0.0397467170865271
"GSTP1",2.43706059369181e-06,-0.478919445550024,0.324,0.392,0.0428337769947272
"TOMM7",2.47829204274106e-06,0.162421553452116,0.975,0.957,0.0435584609432168
"PRKACB",2.4949710473998e-06,0.403128580095674,0.485,0.375,0.043851611129099
"EIF4A1",2.49764141276127e-06,-0.22046846015313,0.821,0.845,0.0438985454706921
"C1orf122",2.65394039594913e-06,-0.587853260596791,0.161,0.225,0.0466456563992019
"EEIG1",2.69920177328404e-06,0.362464432840909,0.505,0.396,0.0474411703672403
"IFI27",2.9970438154411e-06,-3.78779244882996,0.002,0.018,0.0526760421001928
"ATP5IF1",3.10468366205451e-06,-0.343454095150166,0.611,0.66,0.0545679200442701
"BTF3",3.14515694189723e-06,-0.125887411273135,0.991,0.993,0.0552792784107857
"UBB",3.22821565873071e-06,-0.228710590812812,0.84,0.867,0.056739118417851
"CREB3",3.37750416060685e-06,-0.697303312759402,0.094,0.146,0.0593630131268261
"ANXA2",3.60299812367916e-06,-0.903575524019755,0.076,0.128,0.0633262950217849
"PCED1B-AS1",3.76083638745494e-06,-0.258168102689595,0.745,0.767,0.0661004603459081
"IFI44",4.08452667552907e-06,-0.979425894315309,0.066,0.111,0.071789640849099
"PSMB10",4.17726467912295e-06,-0.419164768539932,0.318,0.374,0.073419604000265
"OAZ1",4.29482512196785e-06,-0.181188129922927,0.974,0.978,0.0754858463437069
"TRAPPC5",4.30265507229912e-06,-0.443160534857788,0.343,0.397,0.0756234655507294
"ALAS2",4.46346261373139e-06,-3.93285688321946,0.003,0.015,0.078449818898943
"CSNK2B",4.52885056689604e-06,-0.329227344932566,0.559,0.594,0.0795990775637647
"ATP1B3",4.61559686037436e-06,-0.379725779065444,0.328,0.397,0.0811237304179398
"HINT1",4.62253606245922e-06,-0.135701607875035,0.962,0.952,0.0812456938337833
"PTPN4",4.67793184422366e-06,0.643951544614231,0.245,0.162,0.082219330094075
"SELENOW",4.86139311137777e-06,-0.455147651891601,0.315,0.378,0.0854438453255757
"PKM",4.92744953086857e-06,-0.368484246951121,0.495,0.541,0.0866048529545459
"PSMA5",5.01396019496539e-06,-0.342898038352243,0.442,0.474,0.0881253643867117
"ALKBH7",5.47797639703052e-06,-0.336414225674675,0.473,0.509,0.0962809131542084
"GPR171",5.64605865979636e-06,-0.643959418182429,0.158,0.204,0.0992351270045808
"ZNG1A",6.0041132238054e-06,0.681657695584064,0.227,0.138,0.105528294021604
"GPSM3",6.09184961453335e-06,-0.265561298579652,0.73,0.747,0.107070348825038
"ZSCAN18",6.09503244707687e-06,1.37043668635029,0.075,0.026,0.107126290289823
"DDX24",6.42975403718889e-06,0.290148570359618,0.705,0.623,0.113009356957632
"RAMACL",6.79998627827258e-06,4.63639924645405,0.015,0,0.119516558826919
"ENSG00000284977",7.22816395948874e-06,0.672168671521093,0.223,0.133,0.127042209751974
"EIF3G",7.27166546167022e-06,-0.251810226124347,0.751,0.776,0.127806792154316
"FOXN3",7.48538238685331e-06,0.330930513312952,0.522,0.418,0.131563080831334
"ELOVL5",7.59743831421701e-06,-0.448079398085462,0.306,0.371,0.133532575810678
"DDX3X",7.88950680162963e-06,0.391115631751802,0.518,0.412,0.138665971545442
"NDFIP1",7.89650531291445e-06,0.208281635007725,0.889,0.827,0.138788977379784
"MT1X",7.95666372887278e-06,0.950207506544161,0.152,0.084,0.139846321698668
"NDUFA11",7.97882008028837e-06,-0.250339667035299,0.624,0.676,0.140235741731148
"HOXB2",8.1355076657707e-06,1.32969467470459,0.077,0.03,0.142989682733586
"ITPKB",8.24968017830003e-06,0.290011926880948,0.438,0.327,0.144996378813801
"IL2RB",8.45543596000885e-06,-0.78242477238125,0.053,0.088,0.148612742433116
"SEC62",8.64970173888354e-06,0.2683986444538,0.702,0.618,0.152027157762617
"NEK2",8.84494952647409e-06,-2.97623455104373,0.002,0.019,0.155458832877309
"ZNF749",8.93281633189027e-06,1.27503691045625,0.083,0.034,0.157003179849303
"GADD45GIP1",8.94241135269054e-06,-0.364737286439183,0.4,0.468,0.157171821934889
"YWHAB",9.60560839182448e-06,-0.236781150273845,0.7,0.751,0.168828173094707
"CEMIP2",9.64397492108805e-06,0.520609077444334,0.276,0.184,0.169502503213044
"CHASERR",9.7705341206815e-06,0.158434752106253,0.853,0.792,0.171726907705098
"ABTB3",1.01685196543206e-05,-0.458701121703123,0.272,0.324,0.178721901444339
"COX6C",1.08661390972673e-05,-0.223197578062452,0.768,0.813,0.190983260773571
"PACS1",1.09101256040822e-05,0.346045442810865,0.689,0.585,0.191756367617349
"GPRC5D-AS1",1.09218670149382e-05,-3.26994933505538,0.002,0.016,0.191962734654553
"PITPNC1",1.10047319016007e-05,-0.20989023524613,0.678,0.722,0.193419167902533
"GBP4",1.13029248305402e-05,-0.360572051035798,0.338,0.376,0.198660206821574
"HBA2",1.17551659300813e-05,-2.77828182028183,0.005,0.023,0.206608796387109
"ARPC1B",1.17685837256345e-05,-0.217197420268223,0.647,0.669,0.206844627561753
"BST2",1.1994567789133e-05,-0.663533682872895,0.125,0.183,0.210816523461802
"CEPT1",1.22587914410792e-05,0.686862387292136,0.192,0.125,0.215460518368408
"COX4I1",1.25937683211247e-05,-0.105832021679565,0.992,0.993,0.221348072012087
"RSRP1",1.27416946301339e-05,0.157520805104087,0.741,0.696,0.223948024819234
"JAK1",1.29253409746914e-05,-0.202739384573582,0.902,0.91,0.227175792971177
"ATP8A1",1.2955553832824e-05,-0.378163996086836,0.334,0.384,0.227706814165715
"PSMB8",1.34820010532914e-05,-0.315727941829085,0.619,0.677,0.236959650512649
"CLIC1",1.41706963423122e-05,-0.667723740057455,0.12,0.17,0.24906415891248
"NBL1",1.52045769074534e-05,-1.05158262153287,0.032,0.061,0.2672356437254
"TBC1D2B",1.54245378775736e-05,0.842535252075637,0.141,0.071,0.271101677736234
"TMEM160",1.54892865199109e-05,-0.530538742902442,0.248,0.304,0.272239699873953
"DDRGK1",1.5618425156332e-05,-0.513218370811939,0.181,0.24,0.274509440547691
"MBNL1",1.57145070581423e-05,0.256746996867757,0.857,0.794,0.276198176053909
"FAM157C",1.61043103971641e-05,-2.43548640752318,0.005,0.021,0.283049359540556
"SYNGR2",1.69145570992855e-05,-0.355148505588832,0.42,0.481,0.297290255577041
"EDF1",1.74295268139739e-05,-0.229015390832911,0.786,0.799,0.306341363282405
"ADCY7",1.80687466595955e-05,-0.803222447125691,0.085,0.131,0.31757629128905
"EEIG2",1.92150905154825e-05,1.00448921558433,0.108,0.054,0.337724430900121
"TAGLN2",1.95475096892159e-05,0.169791222061006,0.981,0.97,0.343567030297658
"ENSG00000287979",2.05660697828321e-05,-3.21621753608083,0.001,0.012,0.361469242503056
"MRPL14",2.20565957589405e-05,-0.333644891412739,0.425,0.48,0.387666727059139
"DHFR",2.22300982985916e-05,0.841911262903729,0.116,0.056,0.390716207696046
"PREX1",2.27984564021069e-05,-0.693628564674415,0.079,0.116,0.40070566972343
"BACH2",2.3458572460907e-05,0.188526595232515,0.874,0.799,0.412307869572902
"NALT1",2.34665547571229e-05,-3.59776512326951,0.001,0.013,0.412448166411192
"BRD7",2.49558399753648e-05,-0.375812326733179,0.391,0.453,0.438623843407012
"MT-ND6",2.53714653208758e-05,-0.175609234829277,0.733,0.741,0.445928874479713
"EPB41",2.56356401562673e-05,0.223175572489691,0.716,0.67,0.450572011386554
"ENSG00000291099",2.68689021544247e-05,0.426837910921192,0.319,0.222,0.472247824266169
"CSGALNACT1",2.82968232130352e-05,0.361894947423896,0.52,0.415,0.497344964792307
"EIF2S2",2.89420123069227e-05,0.333979227467045,0.58,0.473,0.508684808306474
"CEP112",2.89669558053417e-05,1.54436706602927,0.063,0.021,0.509123215234686
"NOTCH2NLR",2.90120960833509e-05,-2.87209036404591,0.003,0.018,0.509916600760975
"PSMB6",2.9269249090522e-05,-0.301153079152553,0.5,0.554,0.514436322015015
"SSBP4",2.94873908343877e-05,-0.572310787371448,0.158,0.211,0.518270381305198
"CREBRF",3.14443204990467e-05,0.335604032677163,0.379,0.29,0.552665377091244
"RPIA",3.18251270448479e-05,0.468625095454072,0.248,0.176,0.559358432940246
"PLAC8",3.30843453068062e-05,-0.296961076191384,0.419,0.432,0.581490453112425
"MIR181A1HG",3.32283018977e-05,0.723161874275816,0.159,0.093,0.584020634153975
"ARL2",3.34677069031671e-05,-0.813439987623434,0.072,0.115,0.588228416530065
"PRCP",3.34941791659274e-05,-0.537036391252917,0.188,0.242,0.58869369302034
"DDT",3.53345754265536e-05,-0.2827905568721,0.513,0.54,0.621040497697106
"CD46",3.63224031715205e-05,0.3776528346067,0.404,0.315,0.638402558142644
"RBM14",3.65610944387999e-05,0.390892449532345,0.404,0.303,0.642597795856347
"TNRC6C",3.7106896333242e-05,0.383600140278988,0.376,0.279,0.652190809953061
"ENSG00000290872",3.72175880959803e-05,1.17949089700246,0.07,0.03,0.65413632837495
"KDM6A",3.72917138174182e-05,0.530880866877698,0.273,0.181,0.655439162054942
"PRKCH-AS1",3.78369460126729e-05,0.845329770735717,0.148,0.088,0.665022163118739
"RAPGEF6",3.92950828027336e-05,0.25858696894065,0.65,0.553,0.690650375340846
"ARMH1",3.94832671046302e-05,-0.403604191213779,0.319,0.369,0.69395790263098
"YIPF5",3.96821293149743e-05,0.377055146821886,0.308,0.208,0.697453104839988
"CFL1P1",3.99985339370537e-05,4.5580396480406,0.013,0,0.703014232477655
"SLC25A37",4.00816417975008e-05,-1.05678951039158,0.053,0.064,0.704474936232875
"WARS1",4.2867072357942e-05,-0.599058107177298,0.097,0.119,0.753431663763189
"TESPA1",4.30909859701806e-05,0.23788783999694,0.782,0.713,0.757367169411894
"CDK2AP1",4.44433609693707e-05,-0.260826201185512,0.146,0.183,0.78113651239766
"PNP",4.48834901146537e-05,-0.556672168020494,0.125,0.166,0.788872222255153
"SLC25A5",4.52638801254863e-05,-0.236652413041821,0.759,0.79,0.795557957085547
"TRBC1",5.00786088745478e-05,-0.501199950871872,0.297,0.357,0.880181629579052
"SH3BP1",5.74885452053013e-05,-1.11525502057078,0.039,0.076,1
"PTOV1",5.76882075693022e-05,-0.47541775252618,0.237,0.301,1
"CDK11B",5.79813034190321e-05,0.558850037100237,0.259,0.176,1
"LINC02848",5.82783773542475e-05,4.24779337402542,0.011,0,1
"BOP1",5.97231428454236e-05,-0.689994345164765,0.092,0.135,1
"SMC4",6.03498857165201e-05,-0.478867412749576,0.178,0.201,1
"SEMA4A",6.16509965685266e-05,-1.97669900834057,0.007,0.026,1
"HMGN1",6.17245624856553e-05,-0.240311949962957,0.638,0.667,1
"ZFX",6.26957096715895e-05,0.546471398263576,0.212,0.148,1
"TUFM",6.32017674708833e-05,-0.293732180828229,0.496,0.544,1
"SMCHD1",6.3283106859897e-05,0.281495299221434,0.657,0.563,1
"COX7C",6.39081653299996e-05,0.119041443630897,0.977,0.971,1
"RBX1",6.41640476710411e-05,-0.221388735710074,0.626,0.655,1
"LINC02482",6.46428354428372e-05,-1.48417188787035,0.02,0.046,1
"NDUFB6",6.47309091898022e-05,-0.342090447359299,0.407,0.468,1
"EEF1D",6.57893174313125e-05,-0.113744328297023,0.994,0.998,1
"ST8SIA4",6.66351850201086e-05,0.569906936349657,0.146,0.103,1
"TMBIM6",6.82670973425019e-05,-0.193565912236075,0.759,0.804,1
"MAP2K5",7.32353556689999e-05,0.864967046271826,0.132,0.073,1
"RBMS1",7.52655463169926e-05,0.26019047627345,0.67,0.588,1
"ITM2A",7.74362203496879e-05,-0.225111511000627,0.82,0.854,1
"AIP",7.75908824108958e-05,-0.390686440851945,0.328,0.39,1
"RAB33A",7.81498205075159e-05,-0.691396750016485,0.111,0.158,1
"RNF213",7.82317685717201e-05,0.366814883595682,0.428,0.321,1
"ZNF841",8.02183832078706e-05,1.66919484202789,0.042,0.012,1
"GRINA",8.40654334298215e-05,-0.539542352793821,0.139,0.167,1
"YTHDC1",8.4279726441232e-05,0.291354329107875,0.392,0.295,1
"MAP1LC3A",8.5156292131449e-05,-0.649365370180087,0.107,0.151,1
"IRF7",8.5660188550784e-05,-0.379456705968479,0.257,0.322,1
"IL6ST",8.67339736633865e-05,0.245738180035944,0.578,0.511,1
"SON",8.69416698487745e-05,0.134406854930107,0.87,0.819,1
"OGFR",8.80381704334631e-05,-0.404913988564754,0.276,0.32,1
"XRCC6",8.94047719859876e-05,-0.207093986836312,0.726,0.749,1
"SURF4",9.04271864733223e-05,-0.448951286976483,0.218,0.272,1
"TET3",9.09303160053033e-05,0.641307863750189,0.179,0.114,1
"BRD9",9.18878228504214e-05,0.733490386818642,0.14,0.085,1
"CNIH4",9.59195056110061e-05,0.360574169478153,0.363,0.281,1
"GNG2",0.000102129923714411,0.188894261370979,0.527,0.417,1
"TOP1MT",0.000102252647531769,-0.990554734953273,0.042,0.074,1
"CD3D",0.000102406037084955,-0.189008936760208,0.886,0.905,1
"KLRK1",0.000110508284458282,-2.02302549228133,0.009,0.014,1
"SAMD1",0.000114691232718755,1.29728289368809,0.066,0.027,1
"CCDC86",0.000115031058106394,-1.00661285944197,0.033,0.062,1
"ANKRD36BP2",0.000115627185702647,1.31749294380863,0.045,0.016,1
"C19orf53",0.000116145289847035,-0.239950319558512,0.665,0.685,1
"TMA7",0.000116424258305788,0.112808632634975,0.971,0.954,1
"POLR2J2",0.000118049491393132,-1.16109747563894,0.03,0.059,1
"TUBB4B",0.000121740302964445,-0.350883329034249,0.416,0.465,1
"DDX6",0.000125045515386431,0.288050297879008,0.543,0.451,1
"AKIP1",0.000125669910325222,-0.914743740310223,0.057,0.094,1
"CD44",0.000131260246447988,0.191892347129565,0.902,0.856,1
"KIAA0040",0.000133448690369943,0.833916605152772,0.109,0.061,1
"ATP2B1",0.000136294409961834,0.520361716451308,0.282,0.196,1
"IDS",0.000137290875455748,0.422848223207863,0.488,0.395,1
"TUBB",0.000138274289682211,-0.276328203532835,0.644,0.679,1
"FIS1",0.000142515708260104,-0.327632320010068,0.35,0.396,1
"NDUFA13",0.000143069196677877,-0.241031904873164,0.706,0.725,1
"RCAN3AS",0.000145292797449225,0.768420938370917,0.131,0.071,1
"CREM",0.000146264019564128,-0.380112118392773,0.369,0.383,1
"RPL36AL",0.000149087381920246,-0.179141775804329,0.948,0.957,1
"CBX3",0.000151813870412439,-0.162367364874381,0.489,0.536,1
"CCNYL1",0.000153169119636324,0.595849135719877,0.079,0.042,1
"RPS20",0.000159631396919705,0.150488281379301,0.971,0.96,1
"QTRT1",0.000162329631444019,-0.414294297899327,0.159,0.199,1
"TIMM13",0.000163558184239825,-0.435613792057717,0.29,0.352,1
"AP2S1",0.000166353667945114,-0.336599669538373,0.403,0.458,1
"SLC2A4RG",0.000166664776036526,0.512060435544888,0.181,0.121,1
"TAP2",0.000167593514634938,-0.465913214815545,0.228,0.281,1
"NDUFC1",0.000176545727065397,0.188582708850696,0.51,0.472,1
"LINC02446",0.000177618743236006,-2.44581992411791,0.007,0.016,1
"ITGAL",0.000177654170714178,0.692097089742965,0.128,0.075,1
"PPA1",0.000183907327144904,-0.267163052604591,0.448,0.494,1
"SAT2",0.000185966085141914,-0.55609401041807,0.172,0.225,1
"AKTIP",0.000186472238810914,-0.721194816865675,0.114,0.164,1
"CDKN3",0.000189197543355116,4.16011878021252,0.01,0,1
"PLEC",0.00019062978215944,-0.301980866493631,0.293,0.342,1
"ATP5ME",0.000192187789584158,0.212286067393424,0.61,0.55,1
"PLSCR3",0.000192419055563425,-0.394742147816428,0.258,0.308,1
"MTFP1",0.000194734336361523,-0.601328268616941,0.125,0.165,1
"SERTAD2",0.000198613410990669,0.846826455063887,0.087,0.044,1
"HNRNPC",0.000206184180922578,-0.225224926481719,0.697,0.733,1
"AURKAIP1",0.000207612217186193,-0.334649742763938,0.363,0.424,1
"GBP2",0.000208929718501451,-0.217890041121071,0.478,0.525,1
"CELF2",0.000210133317092874,0.230396083008644,0.643,0.557,1
"ZNF292",0.000213232666058455,0.304654114870597,0.513,0.426,1
"FKBP11",0.000221632927077726,-0.658035090216348,0.094,0.131,1
"ELF1",0.000222203073929256,0.231188051373112,0.585,0.494,1
"BRD1",0.000222361620883027,0.624386467082761,0.204,0.129,1
"ZEB1",0.00022593927778957,0.214716568749863,0.765,0.696,1
"SNHG6",0.000228110945533445,0.158339475200904,0.829,0.773,1
"POLD4",0.000229982553086741,-0.378094615053395,0.307,0.343,1
"NME4",0.000230914478097509,-0.565350093961466,0.137,0.171,1
"ENSG00000291181",0.000232208425204469,-0.864066108532752,0.065,0.102,1
"CD52",0.00023442550105439,-0.20235757093579,0.762,0.776,1
"NIT1",0.000236073571632184,-0.643543488027392,0.079,0.105,1
"BAX",0.000239026351885391,-0.412637166167558,0.22,0.26,1
"ADD3",0.00024154316950747,0.259865614652956,0.594,0.511,1
"EIF3I",0.00024262217902767,-0.286475730291415,0.482,0.528,1
"C12orf42",0.000245806360121625,2.08083263548723,0.027,0.006,1
"SGO1-AS1",0.000252679568126409,-1.37997121292133,0.013,0.035,1
"SPATC1L",0.000253818421159993,4.05433464231828,0.011,0,1
"PSMB1",0.000264493677780792,-0.232724022191428,0.621,0.659,1
"B3GNT2",0.000264623148212083,0.312574087440192,0.202,0.143,1
"CYSTM1",0.000270813516728465,-0.344029789582414,0.283,0.309,1
"LIME1",0.000277920465758418,-0.327851152596462,0.446,0.491,1
"ARRDC1",0.000290101843584835,-0.659552112291542,0.096,0.133,1
"CDKN1A",0.000294591541512845,-0.919792654184775,0.042,0.07,1
"DIP2C",0.000295439590780524,1.20354858409236,0.021,0.005,1
"MKRN3",0.000299579227625675,0.830639644825071,0.013,0.004,1
"SLC2A3",0.000303850447071782,-0.358733516059324,0.401,0.453,1
"MEI1",0.000311487328753919,0.784551245368342,0.103,0.054,1
"KDM5D",0.000311495023961566,-0.77517597720396,0.058,0.089,1
"FAM13B",0.000314831887602902,0.502694458726378,0.246,0.173,1
"PIM1",0.000315459906483153,-0.237274669223568,0.762,0.789,1
"PGLS",0.000316631251774381,-0.326070617531181,0.293,0.336,1
"RAP2C-AS1",0.000319115763498277,1.42595936116015,0.029,0.008,1
"PSMC5",0.000322232463750745,-0.324940900924004,0.35,0.395,1
"SELL",0.000322929356537388,-0.207497725910797,0.892,0.899,1
"SNHG17",0.000323093059746055,0.415677106674961,0.244,0.169,1
"MANBA",0.000332255846858116,-0.865380177598051,0.055,0.089,1
"MYO9B",0.000338833894230032,0.749518243018965,0.139,0.082,1
"ATP5PF",0.000344670155608489,-0.271723785556368,0.486,0.532,1
"PGGHG",0.000346471460645548,-0.498193834695645,0.207,0.261,1
"MXD1",0.000348016054357506,0.947470578571503,0.073,0.037,1
"KLF3",0.000348539678313105,0.181835518360731,0.722,0.636,1
"TAF11",0.000349226447400137,0.43259385441679,0.231,0.166,1
"IL27RA",0.000349353850197703,0.246870413913364,0.582,0.478,1
"YDJC",0.000349627671722403,-0.481298402965912,0.172,0.213,1
"RBFOX2",0.000350434902923023,-0.110416449402864,0.997,0.995,1
"MRPL20",0.000352535387698754,-0.278749305840439,0.414,0.445,1
"RAD23A",0.000352832932468635,-0.273493615419154,0.464,0.514,1
"TMEM59",0.000353511036134679,-0.267229564525531,0.611,0.633,1
"SRPRA",0.000367414445611221,0.338354046753731,0.443,0.342,1
"EPC1",0.000370969941902369,0.218091561300312,0.644,0.571,1
"PBXIP1",0.000377553280881755,0.285161080648064,0.601,0.515,1
"EIF4A2",0.000383068228163024,-0.217067498558896,0.693,0.707,1
"COMMD10",0.000389075744650209,0.59055642480661,0.179,0.111,1
"ZFP36L1",0.00039963491664375,0.142970063670111,0.876,0.857,1
"TBC1D4",0.000400810457449025,0.413343966835972,0.266,0.198,1
"TSC22D4",0.000403945347599695,-0.371666183851229,0.239,0.29,1
"RLN2",0.00040442523185206,-1.64564979397923,0.01,0.028,1
"TLE5",0.000409364858757459,-0.154658924358169,0.979,0.98,1
"RAP1B",0.000411109471175928,0.136887500587794,0.806,0.775,1
"DNMT1",0.000411274685354587,-0.497860697828021,0.17,0.208,1
"BCCIP",0.000418004772048399,-0.365295158869699,0.31,0.355,1
"KPNA5",0.000419564583262464,0.590833179088839,0.186,0.123,1
"NAPRT",0.000421876913489862,-0.800885899476042,0.05,0.077,1
"PTCD3",0.00042241207677815,0.559159912315878,0.182,0.129,1
"ENSG00000255026",0.000425240539986464,-0.512978368725951,0.208,0.259,1
"TNFRSF14",0.000429980066497438,-0.286684920130849,0.451,0.487,1
"DAD1",0.000442907301657126,-0.306962141121334,0.463,0.493,1
"ATP5MC3",0.000453024192547285,-0.202952645090802,0.701,0.737,1
"IER5",0.000454336505404092,0.433056479016076,0.275,0.22,1
"CDK13",0.000456102179962253,0.457663861344679,0.331,0.242,1
"ENSG00000290879",0.000461382136190281,0.73239568012083,0.101,0.054,1
"RABAC1",0.00046212929012957,-0.306951094336113,0.408,0.467,1
"SNTB1",0.000462359223007619,0.652425236922511,0.164,0.097,1
"CFP",0.000475055854586947,-0.909780969658079,0.036,0.062,1
"PFKFB3",0.000475890933595408,-0.387911131576149,0.301,0.334,1
"SPECC1L",0.000489278689794036,0.610938623229399,0.185,0.128,1
"ZNF677",0.000502747062854524,1.48927864804956,0.04,0.014,1
"TRAT1",0.000506055636078757,0.106168367194712,0.644,0.632,1
"GNG10",0.000511630769298993,-0.482805174511889,0.155,0.2,1
"NOSIP",0.000519470837306878,-0.207253553292486,0.755,0.795,1
"SUB1",0.000519685709156883,-0.148916765108556,0.915,0.913,1
"ZNF439",0.000520703669498599,1.32623222701055,0.044,0.016,1
"INTS6",0.000522678028244679,0.41869102100638,0.331,0.242,1
"POMC",0.000523771495397603,-1.04731177345061,0.034,0.062,1
"PRNP",0.000528211177317888,-0.367339677093965,0.201,0.238,1
"KLF5",0.000529937120264038,-0.919528332031566,0.032,0.059,1
"UBIAD1",0.000542441650238916,-0.525394429612439,0.106,0.146,1
"CDC14A",0.000548244576776815,0.453536985885577,0.278,0.194,1
"ENSG00000290121",0.000548570490112444,-1.77512344193022,0.009,0.026,1
"RPN1",0.000549479799582732,-0.270071532613677,0.497,0.542,1
"CISH",0.000549765342250177,-0.605267282004551,0.035,0.06,1
"CD3G",0.000552822488457125,0.163250331284223,0.695,0.614,1
"SEC14L2",0.000557946045224266,-0.569203128987373,0.059,0.084,1
"RFX3",0.000559525668193744,0.49107786305954,0.267,0.206,1
"PHPT1",0.000568203658976544,-0.556850289036411,0.101,0.136,1
"CCM2",0.000575292306817801,0.278828262168407,0.43,0.351,1
"RB1CC1",0.000575373824365246,0.353939581085497,0.391,0.306,1
"SKAP1",0.000588139569962855,0.351949613747713,0.374,0.29,1
"PTMS",0.000593895895713286,-1.49785377400767,0.014,0.03,1
"PRR14",0.00060699802861304,-0.429565530652161,0.193,0.248,1
"POLR2A",0.000614739161741911,0.357614563642966,0.385,0.296,1
"BCL7C",0.00061624770432811,-0.534811000545838,0.178,0.227,1
"GUK1",0.000616668203749,-0.211711318212668,0.604,0.645,1
"BROX",0.000621574185536451,0.65079023489377,0.12,0.069,1
"RARA-AS1",0.000623094016733175,-1.4284956836152,0.009,0.025,1
"TRA2A",0.000631280535778758,0.398285914039323,0.341,0.275,1
"PSMA2",0.000641321911793553,-0.249414370080432,0.533,0.568,1
"UBE2L6",0.000647516076665613,-0.367086721208936,0.328,0.379,1
"MMP24OS",0.000656278175358523,0.466586817448997,0.28,0.2,1
"TMEM123",0.000656842218755586,-0.196083969590685,0.819,0.836,1
"P4HB",0.000658279311168711,-0.319732245368183,0.345,0.368,1
"PVRIG",0.000661418565637389,-0.596248452069231,0.119,0.155,1
"SERPINB1",0.0006636328796684,-0.382323357885084,0.215,0.256,1
"XBP1",0.000665750970588985,-0.439208884851174,0.27,0.314,1
"SETDB2",0.00067266749095172,0.87846435245535,0.074,0.034,1
"PHF20",0.000695030872033292,0.298646800229809,0.388,0.289,1
"FAM172A",0.000708483846968047,0.487251961938582,0.226,0.166,1
"TOMM6",0.000722856752418825,-0.216293333968162,0.61,0.649,1
"SIK3",0.000728056829310724,0.364827003911086,0.457,0.359,1
"AKAP13",0.000729163357087245,0.236085300484448,0.585,0.532,1
"MLF2",0.000740588244325249,-0.259194855754789,0.405,0.419,1
"SNRPB",0.000743649687232453,-0.240244506964722,0.65,0.671,1
"INPP4B",0.000749803924677532,0.773171921604149,0.102,0.06,1
"HERC2",0.000751435098092459,0.802410623789429,0.085,0.042,1
"NDUFB7",0.000753173685042119,-0.398882666332618,0.206,0.247,1
"TMEM238",0.000761710564968282,-0.345032880274859,0.223,0.266,1
"PSMC3",0.000775294718613764,-0.335856282223251,0.276,0.309,1
"ODF3B",0.000778253508610988,-1.53365330705767,0.012,0.032,1
"DGCR2",0.000803556428889924,0.507174958518022,0.139,0.095,1
"CXCR4",0.000818753538622757,-0.241042293920507,0.83,0.845,1
"NDUFC2",0.000821014040263096,-0.273752266207989,0.44,0.465,1
"C1GALT1",0.000823022468947879,0.43941110727363,0.228,0.158,1
"RELCH",0.000835364915904548,0.536718111799661,0.169,0.107,1
"PSMB4",0.000837508625360033,-0.35218915356507,0.323,0.368,1
"GRK2",0.000837941622871925,0.316529970436262,0.453,0.359,1
"HSPE1",0.000843500994446682,-0.267357738375597,0.406,0.44,1
"RMI2",0.000849903448499943,-0.651422455853778,0.096,0.129,1
"ATP6V1A",0.000858544891300217,0.651946227756212,0.132,0.084,1
"DUT",0.000871884591386602,-0.259590429900093,0.274,0.313,1
"CD48",0.000891445041357808,-0.224654177256538,0.712,0.735,1
"ENSG00000285756",0.00090776494200954,0.931407945289097,0.065,0.03,1
"LSP1",0.000918833552367959,-0.181646398661167,0.585,0.59,1
"TWF2",0.000926683246662624,-0.294540522029514,0.327,0.377,1
"RHOA",0.000942216261939357,-0.188304849317381,0.756,0.769,1
"POLR2E",0.000955137363000796,-0.366174180994693,0.24,0.287,1
"ERH",0.000976022226174138,-0.224624505308929,0.583,0.621,1
"WASHC5",0.000976157938469076,0.660939338986063,0.122,0.068,1
"VAMP3",0.000984929108205173,-0.468938513331668,0.106,0.121,1
"SSR4",0.000989681600779744,-0.143813729627701,0.712,0.742,1
"KPNA4",0.0009912326888655,0.371955504030744,0.308,0.238,1
"GNG5",0.000993477708004463,-0.233281253212324,0.675,0.698,1
"LEPROTL1",0.000997491148502563,-0.163320429760536,0.921,0.925,1
"SPATA13",0.000998905813377865,0.302283479355898,0.383,0.319,1
"STOML2",0.00100604286215133,-0.343216329772086,0.217,0.244,1
"CLTB",0.00101044175671969,-0.267248534022527,0.336,0.381,1
"C4orf3",0.00101123608239102,-0.271911739412137,0.468,0.498,1
"SOCS1",0.0010156947907031,-0.419682573086152,0.221,0.252,1
"TRADD",0.00101759190824732,-0.454390150240297,0.173,0.199,1
"LINC01138",0.00104630652096956,-0.235531190141358,0.659,0.705,1
"SRSF9",0.00105353481745326,-0.184719022850655,0.569,0.614,1
"RBM39",0.00106612107941728,0.13417116131543,0.788,0.707,1
"CIB1",0.00106725957659195,-0.191257631909991,0.783,0.767,1
"CREBZF",0.00106761934858865,-0.335174413308358,0.204,0.221,1
"ANKRD37",0.00110729374359725,-1.02466589189741,0.028,0.048,1
"SMU1",0.00112314948077289,0.35584041329533,0.358,0.286,1
"BAIAP2L1",0.00112372062398093,0.486436198742259,0.206,0.137,1
"ETFA",0.00112487788662861,-0.479450834138192,0.116,0.149,1
"MRPL11",0.00112735697218445,-0.356368712682311,0.172,0.21,1
"TLK1",0.00112793324977952,0.298387052507364,0.454,0.358,1
"ICOS",0.00113293341516797,0.223503425947394,0.577,0.498,1
"GLRX3",0.0011347841526575,-0.411866601295405,0.192,0.233,1
"C12orf57",0.00114860192282792,0.100289589739419,0.92,0.886,1
"HAUS5",0.00115747489474611,1.20280985373976,0.038,0.015,1
"ZNF100",0.00116003913269727,-0.505198165051714,0.087,0.118,1
"UBTF",0.00116047907817949,0.481283068485489,0.251,0.18,1
"PRKCH",0.00116397990127282,0.222750886063731,0.646,0.56,1
"RELA",0.00116694036528027,-0.207098771349699,0.394,0.433,1
"MTR",0.00116857736928881,0.49753902985645,0.236,0.172,1
"HIGD2A",0.0011849593731126,-0.186347292566012,0.594,0.63,1
"CALCOCO2",0.00118914086038404,-0.333200077731895,0.272,0.31,1
"CA5B",0.00118992588584489,0.732872836958096,0.09,0.048,1
"PLSCR1",0.00119249858672583,-0.63355627758992,0.078,0.109,1
"ILK",0.00120742735141641,-0.35114326194791,0.263,0.302,1
"WDR82",0.00120988908484585,0.33123692264814,0.348,0.272,1
"ORMDL1",0.00121978053852553,0.20736466778584,0.48,0.42,1
"LBH",0.00122068166569683,0.172209349664958,0.668,0.607,1
"TIMM9",0.00122268820499176,-0.458362632178953,0.151,0.186,1
"TLE4",0.00122401694329321,0.263569266903724,0.413,0.336,1
"TTC28-AS1",0.00123495701499997,-0.588398841740421,0.122,0.16,1
"PPIE",0.00124866700573811,-0.495388803738414,0.15,0.189,1
"RBM38-AS1",0.00125303740147392,0.842287691180783,0.041,0.016,1
"DDX56",0.00125382512718855,-0.296671491756043,0.19,0.224,1
"DCHS1",0.00125785288114428,-1.23676886661913,0.027,0.048,1
"ENSG00000270871",0.00126347549208206,0.565349478436701,0.013,0.005,1
"ATP5F1E",0.00126383127272507,0.102565002990219,0.985,0.982,1
"GCSAM",0.00126556433809714,0.792127780776851,0.124,0.073,1
"LY9",0.00128971845647755,0.511472847569366,0.137,0.096,1
"FBXL20",0.00129358981711198,0.461899946899912,0.188,0.143,1
"SERPINE2",0.00129798774050783,-0.406563961436741,0.114,0.157,1
"PPP1R15A",0.00131089848566473,0.662404437793427,0.199,0.137,1
"CYB5A",0.00131327160198521,-0.328054286237523,0.325,0.376,1
"ENSG00000290948",0.0013185287711841,-1.00866595458268,0.02,0.041,1
"PPIL4",0.00132759100463896,0.392818623831257,0.31,0.235,1
"CEP63",0.00134232053949945,0.999949044909944,0.064,0.03,1
"SEPTIN9",0.00137696547492627,0.25866554531481,0.493,0.434,1
"BOD1L1",0.00139268135819004,0.377951740877225,0.354,0.261,1
"TRBV20-1",0.00140004141131084,-0.16205703142694,0.162,0.139,1
"UBE2I",0.00140107047187719,-0.204624273870815,0.609,0.645,1
"P2RY8",0.00140390745762582,0.204742400730094,0.478,0.453,1
"POU2F1",0.00143127848823949,0.354022460342426,0.109,0.07,1
"MMS19",0.0014320656302932,0.519045342049111,0.14,0.101,1
"AKR1A1",0.0014358183008566,-0.439141570760848,0.162,0.201,1
"EIF1AX",0.00144238195609189,0.290489108221333,0.433,0.358,1
"TPGS1",0.00145059942245476,-0.459165751045108,0.165,0.2,1
"IZUMO4",0.0014582129883954,-0.757362158581381,0.034,0.057,1
"JUNB",0.00146169857719573,-0.240561045339115,0.852,0.854,1
"HPGD",0.00146427511884188,1.028641338013,0.079,0.036,1
"MED13L",0.00146540190537361,0.366077712238896,0.34,0.253,1
"TALDO1",0.00146603619612294,-0.403841189076223,0.229,0.265,1
"TXNDC5",0.0015011856726638,-0.983139377304237,0.027,0.048,1
"LAT",0.00150773605067957,-0.218081773362162,0.726,0.763,1
"DGUOK",0.00152552158780544,-0.309056803992194,0.376,0.419,1
"TNRC6B",0.00154668036107665,0.222475995460031,0.571,0.487,1
"METTL26",0.00155660810140904,-0.351981871655166,0.263,0.306,1
"PLK3",0.00155828399220834,0.369030683203709,0.352,0.276,1
"PIN4",0.00160609716781151,0.538675577190445,0.127,0.084,1
"IRF3",0.00161037655484549,-0.531023969492236,0.153,0.19,1
"MICOS10",0.00162653908370862,0.287797742104249,0.412,0.33,1
"NBPF26",0.00163002473470453,-0.537226357753058,0.135,0.17,1
"LINC00869",0.00164160371124601,-0.232034739415844,0.412,0.436,1
"TONSL",0.00164924039342281,-2.52808087635918,0.002,0.012,1
"CBX4",0.00165505565841826,0.513101167372032,0.136,0.088,1
"PCED1B",0.00167924635328153,-0.290236869485916,0.35,0.389,1
"HIC2",0.00169174591613683,1.04604582456454,0.054,0.027,1
"NCMAP-DT",0.001702950504318,0.707565655879204,0.078,0.039,1
"SLC4A1AP",0.00174169163015748,0.598133666713826,0.146,0.096,1
"AARS1",0.00177408787143915,-0.138744125599398,0.128,0.145,1
"ORAI2",0.00177483793017928,-0.557188282187326,0.106,0.136,1
"PELI1",0.00177706841135698,0.454880322058787,0.315,0.242,1
"R3HDM2",0.00178068773369542,0.333827086539233,0.314,0.24,1
"POMP",0.00180622323477649,-0.247031435586962,0.49,0.533,1
"IL15RA",0.00181777271589996,-2.27264824458609,0.003,0.014,1
"PSMA1",0.00186737306361833,-0.163845502076783,0.618,0.657,1
"BSG",0.00189503133549779,-0.28161261996203,0.407,0.432,1
"PPP6R3",0.00189587921524129,0.305403504851624,0.389,0.309,1
"SLC26A2",0.00190692610104532,0.585505891711279,0.031,0.014,1
"GSDMD",0.00190735513097133,-0.59057225467979,0.079,0.111,1
"STK17B",0.00194214242376882,0.133304487338984,0.724,0.696,1
"CHMP4A",0.00194337742397762,-0.250492832762524,0.262,0.294,1
"MAPK14",0.00194621197513496,0.503231970139383,0.193,0.138,1
"PPP2R2D",0.00195627189347977,0.219551895549835,0.333,0.289,1
"PPM1B",0.0019698509372484,0.274707463448883,0.327,0.263,1
"MYL12A",0.00198713170148289,-0.214760628583136,0.585,0.584,1
"CLPP",0.00200592919383153,-0.409172628039495,0.21,0.248,1
"SH3YL1",0.00200823813750223,0.447465484388755,0.23,0.156,1
"CHST11",0.00201259945795005,0.367174260044132,0.249,0.205,1
"COA6-AS1",0.00201992242326672,0.632491879651242,0.081,0.047,1
"BRK1",0.00202586856185669,-0.267487666066806,0.586,0.612,1
"RBBP7",0.00205887017400085,-0.354252993532622,0.324,0.364,1
"TMEM179B",0.00206696689767294,-0.360831333857108,0.264,0.296,1
"RARG",0.00209440266455022,0.886772883629368,0.065,0.03,1
"HPS5",0.00210830158965034,0.778202943227194,0.106,0.059,1
"CSTF2T",0.00211778223582975,-0.414567358585402,0.16,0.197,1
"ATP1A1",0.00211903258569479,0.259591042963081,0.565,0.478,1
"LAIR1",0.00213333660766419,-1.45885277594566,0.017,0.039,1
"RIPOR2",0.00213577539358012,0.211409111488609,0.772,0.722,1
"ARID5A",0.00216319018981468,-0.183433340112605,0.718,0.703,1
"SPINT2",0.00219465037204087,-0.396563460656786,0.132,0.169,1
"TWF1",0.00222252152576768,-0.133591900402939,0.141,0.16,1
"GHITM",0.00224613029201284,-0.236284489106163,0.536,0.556,1
"JAM3",0.00224623665316007,1.00793675420464,0.064,0.03,1
"FBLN5",0.00226485048594879,-0.684999312530749,0.039,0.062,1
"GIT2",0.00227288856259903,0.353348457398261,0.249,0.192,1
"ZYX",0.00228071923270798,-0.411270751159449,0.173,0.207,1
"NLRC5",0.00230085291004707,0.188846143478096,0.331,0.295,1
"PIP5K1A",0.00231424803313866,0.716012478639742,0.131,0.081,1
"AHRR",0.00232194537442242,0.915292564055108,0.013,0.004,1
"TMUB1",0.0023333103661419,-0.363084450264219,0.269,0.311,1
"RUSF1",0.0023542489093077,-1.02578377605616,0.028,0.049,1
"NRTN",0.00237583822966481,-1.88593984531214,0.005,0.018,1
"APOBEC3G",0.00241419731382586,-0.944311737685484,0.032,0.054,1
"NAT9",0.00241668889385107,-0.532882786659777,0.115,0.149,1
"ZNF563",0.00241956223159195,0.673270123883843,0.116,0.071,1
"NDUFB2",0.0024664111930713,-0.215816833203975,0.56,0.596,1
"NFKBIA",0.00247068745004675,0.162064287276393,0.842,0.823,1
"ATP6V0E2",0.00247949422489282,0.52942614139137,0.153,0.102,1
"ENSG00000235785",0.00248457374953982,2.27088528135537,0.012,0.001,1
"CNPY3",0.00248889248027125,-0.36893961859797,0.307,0.355,1
"USP3",0.00249675312107067,0.166985242346323,0.815,0.768,1
"AMFR",0.00250188530440918,-0.394936730276104,0.166,0.205,1
"PGM2L1",0.00250657010346451,0.375171748997689,0.293,0.239,1
"KMT2E",0.0025340055193478,0.20076499165517,0.645,0.57,1
"MT-CO3",0.0025392348591963,0.130908614689632,0.997,0.999,1
"HABP4",0.00254436543334518,-0.112210443439252,0.087,0.073,1
"PAFAH1B2",0.00259137951276089,0.528957708381065,0.106,0.063,1
"RPSA2",0.00259384853033273,-0.389817167955123,0.173,0.2,1
"HPRT1",0.00260949524754548,-0.450551842690337,0.176,0.21,1
"ENSG00000285612",0.00262339988373018,-0.497172880435592,0.025,0.025,1
"ESYT2",0.0026378740494817,0.261762667211518,0.454,0.363,1
"KLF7",0.002663644753169,0.43783398232236,0.221,0.165,1
"PECAM1",0.00266384148192368,0.566843343023076,0.107,0.07,1
"TADA2B",0.00266732343723988,0.807412401785327,0.087,0.044,1
"HSF1",0.00267472282155705,-0.358051016003845,0.262,0.296,1
"IRF1",0.00270719019723109,0.22279884311501,0.542,0.481,1
"PREPL",0.00270808235430302,0.456164336012035,0.161,0.107,1
"DBNL",0.00271881709062379,-0.432663590974424,0.122,0.145,1
"FADS3",0.00273198795300173,-1.28344898858367,0.016,0.034,1
"PPP2R1A",0.00275045698813611,-0.231158251023636,0.426,0.458,1
"ENSG00000176593",0.00277027301967992,1.49165666032255,0.03,0.009,1
"RPA3",0.00277110737454268,-0.279714570048562,0.31,0.343,1
"KDSR-DT",0.0027826137855456,-1.48366663759974,0.013,0.028,1
"RBM25",0.00280252809603163,0.256432667022464,0.545,0.472,1
"DNM1L",0.0028066787061195,0.493088993749878,0.196,0.129,1
"BCLAF1",0.00281051936614711,0.186918014080476,0.495,0.406,1
"TKT",0.00281995158262678,-0.259598956129006,0.414,0.44,1
"PSMB3",0.00284826767210113,-0.235846453594648,0.495,0.523,1
"RIN3",0.00284934043104723,0.299337907369681,0.314,0.237,1
"RAB34",0.00287568379557181,-1.52096192773018,0.008,0.023,1
"LTN1",0.00292696262751732,0.533846392646799,0.134,0.085,1
"SYNJ2BP",0.00294304646161501,-0.201747644863401,0.088,0.078,1
"SLC39A9",0.00294674997510483,0.851503233672966,0.076,0.04,1
"SLX9",0.00297834048220183,-0.548929561203344,0.095,0.129,1
"DCTN6-DT",0.00299060595761011,0.422323673388088,0.151,0.105,1
"HEATR6",0.00302090860087276,-0.936496279313177,0.04,0.066,1
"ENSG00000237773",0.00303429853936693,1.07235512984898,0.045,0.02,1
"SHLD1",0.00304980636815604,-0.52762394811052,0.139,0.176,1
"SYF2",0.00305048204783288,0.193709558807949,0.583,0.513,1
"PEF1",0.00305085320357175,-0.373970472288906,0.216,0.238,1
"KIAA1143",0.00309246873475762,0.449545308603862,0.162,0.121,1
"MICOS13",0.0031041396178181,-0.296737488908733,0.314,0.348,1
"TYW1B",0.00311688142086212,0.574167283595402,0.065,0.034,1
"SPATA2L",0.00312450925584015,-0.911753385650869,0.03,0.053,1
"ARPC2",0.003135928747696,-0.120763390174901,0.808,0.827,1
"ENSG00000282885",0.00315440913699036,0.715311641059277,0.146,0.101,1
"EPB41L3",0.00315568972540394,-0.852077053416226,0.028,0.048,1
"CITED4",0.00318835991287895,-1.05054510199011,0.025,0.044,1
"JPX",0.00321195733435258,0.386858193554951,0.246,0.178,1
"LNPEP",0.00324643215670891,0.283525958990033,0.456,0.364,1
"MFSD10",0.0032883499131099,-0.462424203566754,0.16,0.196,1
"EOLA2",0.00329194476563494,0.416191299425104,0.152,0.102,1
"UBE2Q2P2",0.00332941017404129,0.871535888169356,0.081,0.039,1
"ARHGEF3",0.00333588153167141,0.41741680934087,0.235,0.169,1
"DDI2",0.00334744723160334,-0.502978446483867,0.104,0.125,1
"TCEA3",0.0033936642741003,-0.90634690613925,0.032,0.056,1
"N4BP1",0.00341815205031616,0.336911320914372,0.411,0.326,1
"NEDD8",0.00343243482343875,-0.249374205473594,0.393,0.429,1
"RABEP1",0.00345958954847998,0.289726155371893,0.364,0.282,1
"GPR183",0.00346412303244615,-0.239826818684501,0.429,0.46,1
"FOXO1",0.00349778744462249,0.208959588006249,0.532,0.44,1
"STK19",0.00350509357413794,-0.53692957787535,0.058,0.073,1
"PSMA7",0.00351912512469444,-0.166050564117175,0.694,0.718,1
"DACT3",0.00354312487168012,-1.68073545897616,0.004,0.014,1
"LRRC8B",0.00357564490157248,0.541388289178118,0.124,0.077,1
"XAF1",0.00362864408480835,-0.586725693649095,0.072,0.101,1
"ZFTRAF1",0.00363647413044031,0.681842614225925,0.065,0.035,1
"FKTN",0.00366031033156931,1.26937498317445,0.031,0.011,1
"C18orf21",0.00370985454309348,0.504229330609795,0.111,0.069,1
"TBC1D23",0.00372495069464776,0.473728871629513,0.144,0.104,1
"GIMAP4",0.00372807978623278,-0.186031658006474,0.645,0.664,1
"FGD3",0.00377503047842151,0.261033237019378,0.354,0.295,1
"NDUFAF8",0.00378521137838581,-0.362644742367672,0.206,0.238,1
"REV3L",0.00381901856185666,0.452751449119605,0.181,0.139,1
"ARL5A",0.00383979988645974,-0.380462546342231,0.24,0.276,1
"HKDC1",0.00384573904713143,1.59857853828538,0.02,0.005,1
"ARID4B",0.0038462575980773,0.231905839279065,0.684,0.611,1
"TTTY14",0.0038487463089961,-0.85302577976527,0.041,0.062,1
"PRKCA",0.00386409047815028,0.345580783161328,0.318,0.262,1
"ENSG00000286931",0.00387087148900975,1.14246756343328,0.042,0.018,1
"NBDY",0.00388767703593478,-0.271392494281864,0.288,0.319,1
"GTF3A",0.00391869643151648,-0.19052088228255,0.554,0.574,1
"CCDC107",0.00394618029768886,-0.358044033750897,0.169,0.205,1
"BIRC3",0.00395203670129149,0.163787261502577,0.744,0.683,1
"CSNK1D",0.0039584823461555,-0.306616276362204,0.314,0.327,1
"ZZEF1",0.00396213295431493,0.528506788635979,0.156,0.1,1
"JTB",0.00403090779567598,-0.239220632266333,0.614,0.643,1
"DHRS4",0.00406497950659224,-0.671398095819959,0.065,0.093,1
"ZNF251",0.00407463872086698,0.768214480201486,0.074,0.041,1
"INPP5K",0.00407993902264462,-0.392388228254974,0.211,0.252,1
"GNG4",0.00420256843758887,-2.0570099913312,0.004,0.013,1
"AFF3",0.00421769646374714,0.499075698441148,0.098,0.06,1
"CDC37",0.00428868601111465,-0.22073079856426,0.544,0.555,1
"CCPG1",0.00429064480633275,0.512048103742288,0.157,0.098,1
"IL16",0.00431008521240845,-0.240186497754409,0.459,0.471,1
"HEBP2",0.00432287333661783,0.313252900004645,0.288,0.239,1
"NDUFA4",0.00432484948840094,-0.182878204662549,0.692,0.714,1
"APBA2",0.00432584506452117,0.383476771588481,0.279,0.218,1
"NOM1",0.00432932864664788,0.933390402640134,0.059,0.028,1
"DPM2",0.00439118916199616,-0.651286067849615,0.052,0.071,1
"NOP53",0.00440978246998297,-0.119638462521221,0.96,0.961,1
"C1orf131",0.00441805294907288,0.570181832490204,0.151,0.101,1
"STEAP1B",0.00443083107923375,0.466824843765254,0.22,0.155,1
"MVP",0.00443474447174992,-0.288468358289157,0.297,0.323,1
"CUL4A",0.00443973723749585,0.435678703332831,0.28,0.205,1
"SESN1",0.00449181117727579,0.446590336915047,0.166,0.126,1
"MFSD12",0.00449972904494334,-0.262418967209,0.202,0.199,1
"AAK1",0.00452773875931229,0.198083007693614,0.515,0.432,1
"PSMB7",0.00455087187098662,-0.194483090324218,0.387,0.424,1
"CAPNS1",0.00455519360425259,-0.308014142950399,0.193,0.205,1
"UBXN1",0.00455986468625745,-0.172889098022506,0.759,0.778,1
"ENSG00000290453",0.00459779575512434,0.987648105264077,0.053,0.026,1
"TUBA4A",0.00465160266075877,-0.396850547879688,0.268,0.31,1
"BCL11B",0.00465650140975206,0.169617180399863,0.681,0.607,1
"FAM133B",0.00467300447625965,0.324638048539081,0.294,0.222,1
"SHFL",0.00471147262950222,-0.370033258598635,0.212,0.252,1
"CHIC2",0.00474390793015984,0.241399446958834,0.448,0.377,1
"PCGF5",0.00481976149109801,-0.264760635637517,0.341,0.381,1
"TTC31",0.00483262332583736,-0.663329040474665,0.053,0.075,1
"MRPL28",0.00488303643641998,-0.425090498124342,0.137,0.172,1
"KMT2A",0.00489380874414309,0.264728158179831,0.537,0.463,1
"BIRC6",0.00493805593346617,-0.263617659351217,0.286,0.31,1
"ENSG00000291101",0.00494226260334018,1.21688961535266,0.038,0.014,1
"ZNF641",0.00494236014859043,0.512824672244294,0.085,0.049,1
"NUCKS1",0.00496331995899738,0.215323485586455,0.463,0.409,1
"CKAP2",0.00497808801319309,0.554746277124857,0.127,0.085,1
"KRT2",0.00504865260869253,1.78952839948964,0.013,0.002,1
"TDG",0.00504955696013499,0.426915953421932,0.213,0.153,1
"ZNF37A",0.00507376695454706,0.526957801421482,0.153,0.096,1
"ARL4C",0.00507425613989971,0.167831223259183,0.78,0.741,1
"YIPF4",0.00508601144271996,-0.371358530540829,0.235,0.275,1
"TET2",0.00508745911587503,0.11343908781258,0.119,0.085,1
"ARHGEF18",0.00509111558059454,0.280411304982738,0.403,0.316,1
"GLIPR1",0.00509963709187226,-0.196781627203347,0.312,0.316,1
"TNFRSF1B",0.00510818873985055,-0.648845917315199,0.055,0.07,1
"RFX1",0.00511782282837094,0.524053844865939,0.123,0.076,1
"PGK1",0.00511899200282976,-0.112970337408759,0.764,0.767,1
"SNAPC5",0.00512654060356263,-0.329838442814091,0.14,0.167,1
"RTP4",0.00514197046976681,-0.810182032626296,0.036,0.06,1
"WDR18",0.00520583366910094,-0.422129520044477,0.158,0.187,1
"CDIN1",0.0052239791174803,0.792518668642188,0.038,0.018,1
"BUD31",0.00523141779697912,-0.289676432650053,0.364,0.406,1
"CTBP1-DT",0.00526705371208909,-0.592149012782317,0.054,0.07,1
"GMEB1",0.00534217191873755,-0.645684381487884,0.084,0.11,1
"LRP10",0.00535125157860793,-0.302118090793144,0.273,0.304,1
"BAZ1A",0.00535161076493762,-0.191023885179073,0.492,0.513,1
"SNU13",0.00539643629173722,-0.162095011255207,0.652,0.681,1
"POMZP3",0.00539987287471173,-0.641281899212542,0.07,0.094,1
"CEP57",0.00541097564023831,0.308424738774692,0.297,0.241,1
"NTPCR",0.0054474416981255,-0.709195348935955,0.058,0.082,1
"TSPAN6",0.00544970602367938,2.36822040418851,0.015,0.002,1
"ANTXR2",0.00545864191452119,0.679551928022258,0.14,0.089,1
"CDC27",0.00547142366853746,0.195001274827265,0.181,0.132,1
"SMARCA5",0.00548265212406614,0.311399354180329,0.332,0.275,1
"GAS5",0.00548308110917579,-0.109987184254978,0.928,0.941,1
"BRI3",0.0055584309233511,-0.156040177473065,0.529,0.568,1
"ACTR3",0.00559135904312091,-0.208133597792853,0.573,0.598,1
"NAP1L4",0.00563477538769079,0.194797826544858,0.523,0.472,1
"SETD1B",0.00565948793852758,0.312319080273064,0.263,0.197,1
"ARID4A",0.00567951303471292,0.494298087905111,0.209,0.149,1
"TMEM14A",0.00568587016137601,0.829287960854543,0.059,0.028,1
"SLC43A3",0.00569602879166361,-1.16368653728223,0.01,0.022,1
"CTDSPL2",0.0057080990616809,0.442998731307776,0.188,0.131,1
"VWA8",0.00570814482746721,0.702536159040266,0.086,0.047,1
"CWC25",0.00570872377764632,0.370145608933059,0.202,0.157,1
"TANK",0.00574748928397074,0.330368823183437,0.314,0.261,1
"PITPNM1",0.00576473028840443,-0.803228799908526,0.044,0.067,1
"HMGA1",0.0057900252846264,-0.235064849117932,0.523,0.556,1
"SLC9B2",0.00585935320724301,-0.969886687604136,0.024,0.037,1
"CLIC3",0.00586428658665974,-1.05918538328858,0.016,0.03,1
"PRKCQ-AS1",0.00587093721892579,0.19298825318078,0.476,0.403,1
"PTGES2",0.00594704609140979,-0.42979423661115,0.126,0.157,1
"DRG1",0.00596541739393708,-0.324951271907855,0.209,0.249,1
"HLA-F",0.00599599150406761,-0.180058588139074,0.56,0.573,1
"COPE",0.00601258100007343,-0.194428636318876,0.537,0.562,1
"TRBV14",0.00601911444358117,0.969172779882442,0.01,0.013,1
"PSEN1",0.00602858027797198,0.383327489333918,0.215,0.164,1
"TPR",0.00603270177673933,0.292837426527521,0.461,0.395,1
"PNPLA2",0.00605342269735576,-0.251732000330651,0.529,0.564,1
"NBEA",0.00605903858218549,0.57726162473049,0.05,0.025,1
"PEX3",0.00617195273004687,0.502865967165432,0.165,0.11,1
"ENSG00000272843",0.00620765595000817,2.41865582059934,0.013,0.002,1
"MCUB",0.00623314807647452,-0.20953404883919,0.666,0.701,1
"ZRSR2",0.00623392771961892,0.452210486339105,0.147,0.101,1
"MAP2K6",0.00626546174960412,0.846097068527904,0.014,0.005,1
"ZMYM4",0.0062890600142653,0.40143583660518,0.171,0.133,1
"NAA16",0.00630436167776365,0.293511671058381,0.225,0.185,1
"KANSL1",0.00637548672648749,0.264544969384768,0.372,0.304,1
"ZCCHC9",0.00638181966394886,0.73481926250296,0.082,0.05,1
"ZFYVE19",0.0063863330264932,-0.875385831361818,0.039,0.062,1
"STARD3",0.00642602743935253,-0.391466179362943,0.273,0.311,1
"BHLHE40",0.00645021150585537,-0.554435750560405,0.065,0.081,1
"ENSG00000283674",0.00648128859830503,-0.795732892632683,0.044,0.064,1
"PLGRKT",0.00651075800367663,-0.282810051573111,0.081,0.098,1
"FBXO42",0.00654518245892645,0.510108753009614,0.166,0.111,1
"ABCF1",0.00655035960953701,0.255523635531522,0.433,0.352,1
"SNX20",0.00657950014708153,0.233278473060396,0.192,0.163,1
"TGS1",0.00660089044365456,0.407193642955956,0.205,0.153,1
"ARL4A",0.00660638385927935,0.652223261419254,0.078,0.043,1
"COX20",0.00663065522617075,0.304929377800784,0.257,0.211,1
"BTBD9",0.00663533536362903,0.385721229691136,0.3,0.224,1
"AKAP17A",0.00666646198736755,-0.237061714438495,0.29,0.326,1
"CKB",0.00668669476506607,-1.07211043799407,0.016,0.025,1
"ZNF628",0.00668729227357602,-0.724717386217226,0.028,0.044,1
"ACTG1",0.00672102555919587,0.163540166265089,0.792,0.758,1
"PRIM1",0.00673117379947196,-0.68358223878489,0.036,0.056,1
"KHDC4",0.00675485749818198,0.460123458712197,0.152,0.109,1
"ENSG00000290560",0.00680878751021777,0.627262286638457,0.093,0.055,1
"SNTB2",0.00684440386497246,-1.12142957936006,0.021,0.039,1
"ARPC1A",0.00686971944783976,0.294681634631806,0.27,0.213,1
"AK6",0.00690601473461879,-0.437879748025971,0.14,0.166,1
"SLFN5",0.00690757675498042,-0.192991960378553,0.38,0.388,1
"LINC00891",0.00690886683009297,1.06994669015483,0.042,0.021,1
"TRBV11-2",0.00693550750487396,-1.25818861718942,0.018,0.021,1
"ARHGAP21",0.00695147539620417,0.458920846917953,0.065,0.037,1
"SLC39A10",0.00695176280387473,-0.236891020290554,0.106,0.123,1
"MSN",0.00696210033704922,-0.13963160321331,0.546,0.557,1
"NDUFS8",0.006967996140276,-0.306476515280145,0.345,0.381,1
"NUBP2",0.00706038176052336,-0.332701933451319,0.256,0.294,1
"ENSG00000235119",0.00707118019823007,0.791122286012957,0.058,0.029,1
"ARMH3",0.00709171546747321,-0.480408586943016,0.084,0.108,1
"ECH1",0.00715444347272889,-0.295842211212391,0.269,0.303,1
"YBEY",0.00718441025748297,-0.651369264826924,0.076,0.101,1
"CASP8",0.00720756734205029,0.302460625570852,0.352,0.294,1
"GPATCH2",0.00721729985821092,0.729669903578753,0.107,0.064,1
"KLHL36",0.00723613674966829,0.351986938813758,0.201,0.16,1
"C6orf62",0.0072362411392295,0.429258789819184,0.209,0.149,1
"SPAG4",0.00725181845933188,-1.55323677332479,0.009,0.021,1
"OOEP",0.00725659640783697,0.290538733360936,0.313,0.248,1
"RAC1",0.00726278634641213,-0.213335555959731,0.524,0.556,1
"WDR46",0.00730506326623997,-0.389046323149257,0.131,0.15,1
"ENOX2",0.00730590205105883,-0.618340788599005,0.06,0.084,1
"L3MBTL3",0.00731435567379907,-0.561206692470075,0.072,0.097,1
"IRF9",0.00732559619901484,-0.293679915185919,0.361,0.398,1
"ASXL1",0.00736084963317496,0.231191162828439,0.465,0.385,1
"ANKRD55",0.00737030363461809,0.472654220130592,0.124,0.087,1
"ENSG00000291149",0.00737741597902249,0.420862577100708,0.211,0.148,1
"FAM89B",0.00738295649227967,-0.256846697300869,0.224,0.262,1
"SHOC2",0.00744391971150082,0.356177456015514,0.298,0.23,1
"MAP2K1",0.00746314256558551,-0.311054420306975,0.202,0.239,1
"AFG3L2",0.00754537740697734,0.47215575308124,0.191,0.129,1
"LSM6",0.0075614524973193,-0.2960463151156,0.252,0.279,1
"ENSG00000226465",0.00756737767477626,1.08347683568149,0.022,0.007,1
"MAF1",0.00760631508154604,-0.220769463295553,0.49,0.505,1
"AHI1",0.0076180671544915,-0.280912770169057,0.109,0.133,1
"THOC7",0.00764952679711576,-0.263828268789706,0.208,0.21,1
"LIPE-AS1",0.0076920673243002,1.52054931742722,0.031,0.011,1
"HSPB1",0.00771324462057875,-0.273698184275049,0.379,0.409,1
"IL21R",0.00772304261065981,-0.328894879955316,0.335,0.363,1
"PQBP1",0.00778452390818609,-0.259711201230295,0.391,0.411,1
"PRR12",0.00783427752960395,0.602339398562568,0.096,0.056,1
"RPH3AL",0.00784032852055232,-1.21077095067639,0.011,0.02,1
"ATAD2",0.00786166613461434,0.460356208563105,0.036,0.019,1
"FARS2",0.00790863088776432,0.417651555338199,0.13,0.085,1
"YME1L1",0.00790938494494676,0.233450274803235,0.446,0.384,1
"ODF2",0.0079095629822844,-0.340557826538909,0.137,0.165,1
"ZC3H12A",0.00792108776033635,0.416776022949602,0.163,0.112,1
"FERMT3",0.00792528659633639,-0.336252449199177,0.096,0.114,1
"SIVA1",0.00795051395807423,-0.275055832448334,0.433,0.464,1
"SLC39A4",0.00800007759941631,-0.962955284130421,0.02,0.036,1
"ORAI1",0.00800430305801976,-0.209193875169694,0.477,0.504,1
"SLC25A45",0.00800554911614025,0.906589359456868,0.055,0.028,1
"RSPRY1",0.008009299704945,0.522373356927258,0.149,0.101,1
"IMPDH2",0.00801951310004404,-0.18820430132483,0.418,0.434,1
"DLEU2",0.00802164760071859,0.336336726809991,0.292,0.231,1
"NSMCE4A",0.00802459238597131,-0.545321859105192,0.092,0.118,1
"RNASEH2C",0.00802755774958585,-0.324367845976752,0.177,0.214,1
"C1QBP",0.00804787671720568,-0.178620460403877,0.562,0.584,1
"TMX3",0.00808196750097828,-0.450863494978385,0.113,0.135,1
"SUMO3",0.00809500122653784,-0.290881872272019,0.335,0.37,1
"OTULINL",0.00811307074916245,-0.321984630353305,0.197,0.23,1
"ZNF154",0.00811365016449675,-0.646127595021166,0.054,0.078,1
"RNASET2",0.00812113208646228,0.193581582733744,0.617,0.554,1
"RPUSD3",0.00820271785398461,-0.461658748894836,0.108,0.132,1
"TSPAN33",0.00829527085585382,1.8703448677383,0.012,0.002,1
"GUSBP1",0.00831826074474239,0.611159356617611,0.122,0.077,1
"ELAC2",0.00838082044240161,0.645839585446891,0.122,0.075,1
"TMEM87A",0.00840382286101187,0.270775394131829,0.31,0.242,1
"GRN",0.00844592788389145,-0.59970279271384,0.049,0.071,1
"RHBDD2",0.00845182848356712,0.244498692824592,0.411,0.347,1
"HSPH1",0.00846646016111157,0.465095852644886,0.227,0.156,1
"NDUFA6",0.00846941733852708,-0.228325857645185,0.453,0.491,1
"MOK",0.0084714153179393,2.03730841506163,0.016,0.004,1
"GCDH",0.00849471836508637,-0.434341461587371,0.12,0.152,1
"LACTB2",0.00851620290385802,-0.686588976396537,0.038,0.057,1
"ADAL",0.0085178352827788,2.04283822117403,0.017,0.004,1
"ENSG00000291201",0.00853664192974304,0.64432326566838,0.033,0.018,1
"HEMGN",0.00853924378319365,-1.24771634886871,0.013,0.028,1
"EIF4E",0.00854783929440635,-0.121145137213457,0.293,0.27,1
"NUP210",0.00858687482722885,0.375060322162285,0.182,0.126,1
"SMIM3",0.00859685366341707,-0.477799816624833,0.061,0.084,1
"PRKAG1",0.0086150708087224,0.431520169517204,0.123,0.078,1
"TUBD1",0.00867964371176,0.602722465151162,0.078,0.052,1
"COTL1",0.00869278904479203,-0.186223912734455,0.438,0.452,1
"SEPHS1",0.00871580628017435,0.322715527837467,0.144,0.101,1
"VASP",0.00875350889139496,-0.2861632040029,0.239,0.26,1
"ENSG00000287092",0.00880289107808973,0.596222701256092,0.09,0.062,1
"C20orf204",0.00881559301868473,-1.10004551175401,0.022,0.034,1
"MRPS2",0.00881739479926208,-0.405353795751559,0.161,0.19,1
"MIR155HG",0.00884448218860404,-0.4175299341848,0.06,0.083,1
"ZNF568",0.00887374563384068,0.793247752332637,0.065,0.037,1
"WAC-AS1",0.0089355230604627,0.655995199848301,0.094,0.06,1
"CARS1",0.00903827102887619,-0.294147738510416,0.169,0.197,1
"LIMS2",0.00903982601492601,-0.82373458482886,0.04,0.062,1
"CWF19L2",0.00907381794762432,0.282375701124958,0.247,0.183,1
"CRYL1",0.00907894598327507,-0.700657399365304,0.029,0.036,1
"SNHG25",0.00914813978177941,0.28788973197904,0.232,0.179,1
"DYNLL1",0.0091891599240117,0.262775902201871,0.428,0.368,1
"TRAV38-1",0.00920134392496258,-1.11372346948352,0.015,0.03,1
"SEC13",0.0092152723924922,-0.13797953459002,0.338,0.364,1
"HERC6",0.0092358909694001,-0.688783946518735,0.047,0.069,1
"CCDC93",0.00931129279740676,0.4032524944494,0.191,0.135,1
"MAP2K7",0.00938832718728709,0.413067316137719,0.191,0.138,1
"SLCO5A1",0.00941886230830564,1.02104491610468,0.06,0.029,1
"PRKCQ",0.00943323613114847,0.232904388199769,0.323,0.272,1
"ZNF830",0.00943368547973102,0.359196186058254,0.223,0.163,1
"SH2D3C",0.00944456759365825,0.35104002255659,0.174,0.124,1
"DYRK2",0.0095222354363266,0.140386276987161,0.332,0.293,1
"CBFA2T3",0.00952427702622798,-1.32690734224959,0.006,0.018,1
"VDAC2",0.00953517837175051,-0.22091163268316,0.479,0.519,1
"MICALL1",0.00955203131465717,-0.493999342800429,0.045,0.061,1
"PLEKHM3",0.00964180128674783,1.11081183903676,0.035,0.014,1
"SEPTIN6",0.009656021100384,0.176527914353855,0.674,0.614,1
"POR",0.00966173579883144,-0.359709381589831,0.171,0.197,1
"ZNFX1",0.00966268407365438,-0.118181282522631,0.267,0.278,1
"KRAS",0.00974517656122726,-0.198687004930932,0.492,0.513,1
"ARL14EP",0.00975838028622892,-0.369807964216608,0.171,0.201,1
"GGACT",0.00983179629777986,1.96846140027185,0.015,0.002,1
"WAKMAR2",0.00984349770823274,0.48606260181998,0.095,0.061,1
"RPS6KA5",0.00987570483111852,0.388870919040867,0.223,0.162,1
"TIMM29",0.00991305217343615,-0.387041907782413,0.066,0.082,1
"FOXO3",0.0099350579576803,0.392527297906248,0.117,0.077,1
"GNPDA1",0.0100232193656931,-0.497843502955919,0.083,0.101,1
"SMDT1",0.0100260372555478,0.169374471717505,0.537,0.468,1
"PLCL2",0.0100914054744637,0.255083906594646,0.403,0.324,1
"PGAM1",0.0101143656766649,-0.139332836140378,0.506,0.529,1
"COMMD1",0.0101796963374254,-0.211541832254614,0.164,0.187,1
"TSPOAP1-AS1",0.0102507729837137,-0.415319535095252,0.133,0.156,1
"PHKA2",0.0102567576667015,0.702494905793342,0.03,0.014,1
"ARID1A",0.0102971662512862,0.351487367442326,0.247,0.179,1
"UBE2M",0.0103014092734603,0.265369725930617,0.3,0.238,1
"SF3B1",0.0103150725705224,0.149041384314067,0.714,0.651,1
"GABARAP",0.0103159574344378,-0.173516935802656,0.75,0.763,1
"FAAH2",0.0103987953145804,-0.10550201706872,0.455,0.468,1
"FAM89A",0.0104689250735487,-1.04951296448872,0.017,0.03,1
"NOTCH2NLC",0.0105374957957488,0.338148579569269,0.231,0.177,1
"BATF",0.0105414964818071,-0.341843019494166,0.2,0.201,1
"AKAP9",0.0105557860859196,0.258787071375201,0.389,0.32,1
"NUDT16",0.0105622359156253,-1.53692256959739,0.009,0.022,1
"DPAGT1",0.0105734953388503,-0.817827129830596,0.038,0.057,1
"NEDD9",0.0105854419660705,0.527468616222365,0.107,0.069,1
"MDM4",0.0106010993280364,0.360256958804245,0.195,0.139,1
"EXOC6B",0.0106149559286065,0.174920631528593,0.136,0.093,1
"MT1F",0.010633483756629,1.62339386344395,0.025,0.008,1
"DARS1",0.010806440448666,-0.274003415341789,0.222,0.244,1
"ABHD11",0.0108461878188884,-1.28614659348069,0.008,0.02,1
"TLR1",0.0108683119219052,0.151521885272683,0.037,0.023,1
"NR2F6",0.0108736513375046,-1.16405926417913,0.011,0.023,1
"HIVEP2",0.0108771793700354,0.172211972330236,0.679,0.585,1
"MAGED2",0.0108980754419174,-0.175925779408567,0.423,0.451,1
"SRSF11",0.0108992506090108,0.168837434974612,0.689,0.624,1
"PIK3CD",0.0108998056781403,0.225462887719453,0.515,0.44,1
"RBM15B",0.0110138750067551,-0.276472622200549,0.209,0.233,1
"TSIX",0.0110185950933665,2.61729420863024,0.01,0.001,1
"RNASEK",0.0110349754882555,-0.159314995843614,0.903,0.904,1
"STUB1",0.0110440243303848,-0.298042292777209,0.297,0.323,1
"TECR",0.0110630235757715,0.125982324334931,0.696,0.653,1
"HDLBP",0.0110668152307598,-0.167406530828866,0.215,0.239,1
"ENSG00000273748",0.0111426864261019,-0.87611978586229,0.039,0.056,1
"BACH1",0.0111604291013434,-0.310935795063209,0.135,0.15,1
"ZNF444",0.0112127095767175,-0.416965917250215,0.153,0.178,1
"AMN1",0.0112440644443917,0.166200729276523,0.091,0.064,1
"PRPF4B",0.0113024148313962,0.209756333810558,0.435,0.379,1
"CCDC85B",0.0113811967934542,-0.278615747591532,0.312,0.331,1
"NLRP6",0.0114055724802244,-0.913200524240775,0.023,0.037,1
"RASA2",0.0114103631778602,0.193497305482426,0.55,0.477,1
"MBD2",0.0114206563706098,0.380807999963895,0.224,0.158,1
"OCIAD2",0.011437528150724,-0.173172440545901,0.832,0.842,1
"HEATR1",0.0115298389273415,-0.320885478427131,0.108,0.112,1
"CDC40",0.0115619401421278,0.282035220672299,0.291,0.232,1
"IKZF4",0.0115636524816764,-0.124644043178045,0.05,0.04,1
"TSG101",0.0115867409183256,0.298840408061942,0.22,0.16,1
"MZF1",0.0116511725465977,-0.210320283455245,0.05,0.059,1
"ENSG00000257322",0.0116523048065097,0.114264335312809,0.854,0.828,1
"POLR2J",0.0116636659991619,-0.272447002050925,0.331,0.37,1
"CCR9",0.0116656800128419,1.89112174821727,0.015,0.005,1
"DRG2",0.0117802817042026,-0.37150608005738,0.121,0.146,1
"MAP9",0.0118022679476103,1.0531393948296,0.047,0.023,1
"ADIPOR1",0.0118365627209497,-0.169560673568399,0.282,0.309,1
"LLGL1",0.0118539743448925,-1.05138245321216,0.017,0.03,1
"CFL2",0.011876140291395,0.547341863345149,0.091,0.057,1
"USP53",0.0119039396620992,0.701029175317573,0.071,0.042,1
"GRAMD2B",0.0119107252424102,0.609071543759568,0.051,0.028,1
"RPN2",0.011943898095364,-0.232271840784583,0.381,0.41,1
"ZNF322",0.0119485951796592,1.07608735583538,0.035,0.015,1
"CAPZB",0.0119710029783847,-0.188554056379905,0.585,0.602,1
"INO80B",0.011971330986019,-0.439144636305115,0.103,0.125,1
"SEPTIN7",0.0119826157656024,0.112847062436468,0.668,0.641,1
"GTF2I",0.0120953947112107,-0.173113233745639,0.278,0.26,1
"GSTM3",0.0120985440110051,-0.631080113172434,0.072,0.102,1
"MFSD8",0.0120987456348132,0.11075233678807,0.13,0.097,1
"ISCU",0.0121191124704501,0.114551573503908,0.604,0.574,1
"RAN",0.0121200550883826,-0.137933375826254,0.782,0.789,1
"BLMH",0.012184715467947,-0.329639913552089,0.176,0.203,1
"SERINC5",0.012187737657527,0.245418877733117,0.42,0.34,1
"NUDCD2",0.0121894963981715,-0.312621396731471,0.264,0.294,1
"CCDC124",0.0122364474446828,-0.339836984557422,0.215,0.251,1
"RALBP1",0.0122834559967011,0.34328089550933,0.32,0.247,1
"HTATIP2",0.0122860629705041,-0.415082566696658,0.094,0.119,1
"THUMPD3",0.0123026713014562,-0.573510258632383,0.091,0.118,1
"IMPDH1",0.0123635354597163,-0.618734111216689,0.043,0.054,1
"AHCY",0.0123640303260865,-0.461173811208444,0.112,0.138,1
"TRIM52-AS1",0.0124117500532087,-0.552400049958964,0.088,0.109,1
"DERL1",0.0124248028446421,-0.319833356150435,0.185,0.214,1
"EIF3K",0.012429713085466,-0.128037508654214,0.866,0.875,1
"GNPTAB",0.0124414238462971,0.415355148043291,0.148,0.101,1
"JMJD7",0.0124896848319231,-0.643887605550701,0.054,0.07,1
"NUP50",0.0125323138095865,0.240191283710652,0.28,0.244,1
"MYDGF",0.0125495785753977,-0.15753502067963,0.311,0.333,1
"DCXR",0.0125603808925079,-0.226376133008067,0.384,0.423,1
"NAA10",0.0125749326832731,-0.426281510329735,0.12,0.143,1
"GDF11",0.0125753121760953,1.38441454048741,0.027,0.009,1
"THEMIS",0.0126163607174423,-0.210858583343611,0.34,0.334,1
"NXPE3",0.0127060446839642,-0.436745803809631,0.089,0.114,1
"SC5D",0.0127862753320706,-0.456045681339937,0.141,0.172,1
"SLC25A39",0.0128340846467352,-0.480414818245704,0.137,0.159,1
"HSD17B12",0.0128730251179346,-0.304485119972156,0.149,0.163,1
"USP34",0.0128949773124804,0.291458489437583,0.389,0.306,1
"ZNF607",0.0128951882030814,1.83681171272308,0.017,0.004,1
"UBE4B",0.0128969168828276,0.397376903866944,0.158,0.109,1
"SERPINH1",0.0129108020494976,-1.74428093692408,0.007,0.019,1
"CD55",0.0129566254204721,-0.119143633142067,0.809,0.796,1
"LAMP3",0.0129642961674961,-0.710148192746381,0.019,0.032,1
"ENSG00000272449",0.0129763688577103,-0.355737298944877,0.09,0.116,1
"PRH1",0.0129814835634431,0.477241418081488,0.05,0.028,1
"ETFRF1",0.0130046541666,-0.366525596900974,0.156,0.163,1
"SRPK1",0.0130100410385101,-0.296573192237786,0.258,0.289,1
"AKAP10",0.0130597823861834,0.457718727491802,0.144,0.097,1
"DIMT1",0.0130619025565435,-0.275795986195053,0.228,0.245,1
"TFDP2",0.0131001398332651,0.299976863498326,0.243,0.19,1
"CD37",0.0131581200269512,-0.15936667836708,0.854,0.85,1
"ADNP",0.0132302803415941,0.30866453882116,0.253,0.197,1
"LDLR",0.0132879946037441,-0.615859339100525,0.027,0.032,1
"CSAD",0.013340323935255,0.530052537414354,0.112,0.075,1
"GOLGA8M.1",0.013341071770949,1.02906094459621,0.031,0.013,1
"TIMM8B",0.0133821673173203,-0.270670592452159,0.22,0.248,1
"HFM1",0.0134628603026834,1.08152162722159,0.035,0.015,1
"ZNF664",0.0134639841969197,0.308693118328356,0.156,0.11,1
"PI4KAP1",0.0134794941983538,-0.548921834570455,0.077,0.103,1
"TRAC",0.0134904465035126,-0.279142177571344,0.216,0.246,1
"SOX4",0.0134944200232411,0.247195704386209,0.368,0.349,1
"CSNK2A2",0.01355427159995,0.302171425435118,0.151,0.103,1
"NDUFAF3",0.0136197106648889,-0.30803950027968,0.244,0.27,1
"URB2",0.0136594085783922,0.760968526654022,0.048,0.023,1
"MIDEAS",0.0136693565539587,0.487186094139465,0.132,0.088,1
"SDHB",0.0136868682637149,-0.154332248827228,0.307,0.327,1
"STIP1",0.0136903890140981,-0.226267800587407,0.182,0.184,1
"WDR77",0.013693029772259,-0.517018994924878,0.089,0.116,1
"TUBA1C",0.0137051353758136,-0.479109010782699,0.08,0.101,1
"TRAPPC8",0.0137238279060438,0.451855914648832,0.139,0.091,1
"CBX2",0.0138192652308722,-1.79245732413921,0.004,0.013,1
"MGAT4B",0.0138872290206796,-0.330916102887607,0.138,0.15,1
"SMIM27",0.0139399352776836,0.35969070224543,0.181,0.142,1
"SLC16A10",0.0139674752011599,0.338270939064494,0.125,0.083,1
"TRIR",0.0140119037548566,-0.173994670972385,0.798,0.817,1
"RARA",0.0140282899029487,0.283685145998044,0.386,0.309,1
"LAMTOR3",0.0141042939573552,0.293441248524005,0.28,0.221,1
"H2AJ",0.0141149269556706,-0.430265720038556,0.101,0.109,1
"CLK3",0.0141321632605332,0.272946691409714,0.222,0.183,1
"LAMTOR1",0.0141485425636758,-0.158873719417777,0.261,0.276,1
"HAR1B",0.0142130690251015,-1.03468299144519,0.007,0.015,1
"VAMP5",0.0142808067630936,-0.235462563305335,0.159,0.177,1
"MVD",0.0143364955961816,-0.439056365766731,0.074,0.094,1
"SCAF11",0.0144482406416395,0.180547193321964,0.565,0.508,1
"PRDX2",0.0144872805633615,-0.282975825088364,0.158,0.183,1
"ENSG00000269825",0.0145140555715259,-1.56959388512475,0.005,0.015,1
"VTI1B",0.0145438950051661,-0.262806560057236,0.226,0.251,1
"COX6B1",0.0145658892981722,-0.140946590837694,0.686,0.699,1
"ZNF581",0.0145712823950354,-0.333739356524593,0.193,0.214,1
"REST",0.0147176316085353,0.307836745225585,0.327,0.269,1
"TCEAL3",0.0147435916452461,-0.576824293198727,0.031,0.046,1
"GEMIN4",0.014879939328065,-0.445243053604515,0.08,0.095,1
"LIN52",0.0149000264591005,0.451912656019436,0.091,0.063,1
"ZC3HAV1",0.0149063086694375,0.145299984768535,0.563,0.491,1
"PSMD13",0.0149244755793936,-0.21256613152481,0.343,0.37,1
"FILIP1L",0.0149328496515793,0.447715838576084,0.267,0.19,1
"FPGS",0.0150037666020155,-0.425268375957699,0.139,0.163,1
"TNRC6A",0.015178398442089,0.283704103833303,0.328,0.262,1
"EPHB6",0.0152089112196238,-0.459373583537848,0.068,0.094,1
"ZDHHC3",0.0153012848701771,-0.288972341488887,0.143,0.171,1
"MRPL23",0.0153466881453506,-0.36225638999718,0.116,0.142,1
"SDF4",0.015352372011303,-0.34459841860618,0.231,0.252,1
"NAALADL2",0.0154787142409716,1.84969829422931,0.023,0.007,1
"LRPPRC",0.0155848042640336,-0.128140789189723,0.252,0.263,1
"DNAJC16",0.0156120119147785,-0.49538965103376,0.069,0.087,1
"KIAA1958",0.0156194976992164,-0.37026588451894,0.101,0.126,1
"TMEM18",0.0156742352957458,-0.331312919898758,0.212,0.247,1
"F8A3",0.0156858891388945,-1.13437355708211,0.011,0.026,1
"TOLLIP-DT",0.0157025512905514,-0.866502868749735,0.012,0.014,1
"BID",0.0157129298235786,-0.204323155471136,0.158,0.18,1
"MAPK9",0.0157261500413055,0.48876917499893,0.123,0.077,1
"REL",0.015740850331252,0.285379917862155,0.276,0.219,1
"ALYREF",0.0157430341159742,-0.222289898094041,0.331,0.349,1
"PPAN",0.0157588529607418,-0.342502975134633,0.2,0.226,1
"ZNF217",0.0157612381834362,0.193456471039148,0.273,0.244,1
"RAB24",0.015774314925222,-0.731667997525358,0.034,0.054,1
"TRAV12-1",0.0157892424092507,-0.554504185334877,0.039,0.035,1
"TRAF3IP3",0.0158472693111585,0.152731575649862,0.57,0.522,1
"CCDC28A",0.0159051676519844,0.280433339403305,0.245,0.196,1
"ANP32B",0.0159116455566446,-0.148765304012405,0.792,0.803,1
"RAB27B",0.0159221131864762,1.98088000478264,0.017,0.004,1
"LINC00278",0.0160070109849242,-1.25375827648305,0.01,0.021,1
"SLC41A3",0.0160880252559203,0.431794451269101,0.109,0.071,1
"ZNF524",0.0161497882347873,-0.283463218349122,0.121,0.141,1
"RC3H1",0.0161577164186568,0.349025912532132,0.25,0.193,1
"CD8A",0.0162196575206283,-1.52174847665794,0.006,0.011,1
"GPR146",0.0162643262508257,0.483975944380594,0.142,0.109,1
"SNW1",0.0162891992136125,0.297017563861896,0.3,0.234,1
"DDX60",0.0163012606565224,-0.481796149699312,0.088,0.107,1
"SARS2",0.0163795302204768,-0.657840080002031,0.034,0.047,1
"WBP1",0.016400534751727,-0.399285042562204,0.127,0.151,1
"LAMTOR2",0.0164977490928885,-0.334513627226264,0.186,0.203,1
"SLC15A4",0.0165387340457137,0.454333702507114,0.084,0.049,1
"FAM117B",0.0165444122304889,0.297676749409144,0.302,0.239,1
"PHF2",0.016561992344609,0.644152547734978,0.075,0.043,1
"ZHX3",0.0166163851928397,0.942086739951467,0.037,0.016,1
"TBXA2R",0.0167084656903742,-0.740639483614168,0.044,0.063,1
"HES1",0.0167510581217712,-1.11942468946836,0.017,0.035,1
"CCDC186",0.0168348129578297,0.288658364138376,0.2,0.17,1
"UXS1",0.0169112021365305,0.376584244278799,0.288,0.22,1
"ARHGAP5",0.017009897217211,0.722663036591727,0.081,0.046,1
"GPR132",0.0170431947530726,-0.232773431843194,0.307,0.326,1
"CENPH",0.0170645932830463,0.998757727741473,0.052,0.025,1
"ARHGAP25",0.0170706479033739,0.36110409308754,0.2,0.148,1
"STAG3",0.017073764639921,-0.502984863378711,0.037,0.053,1
"RRP15",0.0171123765918369,0.471148900056735,0.121,0.083,1
"LTA4H",0.0171185288100654,0.330187222568953,0.249,0.191,1
"LPCAT1",0.017128341326074,-0.630804270573356,0.031,0.047,1
"S100B",0.0171421032071339,1.43289004066436,0.047,0.02,1
"ARF6",0.0171823324505023,0.172832913059722,0.497,0.432,1
"TRIM21",0.0171917507855775,-0.275904272000374,0.096,0.112,1
"ZNF594-DT",0.0172266917934496,0.208022870373773,0.026,0.016,1
"IGFBP4",0.0172581076609966,-0.895461630052332,0.013,0.027,1
"KDM2A",0.0172703068106673,0.215721277489629,0.388,0.336,1
"TXK",0.0172845749706792,0.2835361117019,0.342,0.281,1
"TMOD2",0.0172977235246898,-0.199679969523971,0.132,0.15,1
"LINC03033",0.0173613523193275,-1.09830864276173,0.011,0.018,1
"COMMD5",0.0173792810699254,-0.5149525244355,0.095,0.121,1
"CD2AP",0.0174139634464948,0.298063949342016,0.28,0.228,1
"PLEKHA2",0.0174164597025192,0.180879522838804,0.147,0.108,1
"NUP58",0.0174526450531339,0.313831314305853,0.251,0.19,1
"ENSG00000283103",0.0174843388427428,-0.604910612673543,0.057,0.071,1
"NR1D1",0.017507666932287,0.410738625675003,0.138,0.1,1
"DOCK8",0.0175129001175963,0.27627712532824,0.36,0.299,1
"VOPP1",0.0175156200917255,0.334375759919487,0.203,0.159,1
"ATXN3",0.0175209723633683,0.334632328972836,0.186,0.145,1
"KIAA2026",0.0175518172630552,0.4036835592339,0.183,0.133,1
"APTX",0.0175841135578016,0.304167886605685,0.095,0.081,1
"SLC25A15",0.0175866300393547,1.61331234750121,0.017,0.005,1
"MVB12B",0.0175873229551582,-0.982238994286692,0.02,0.033,1
"ANO6",0.0175979116662122,0.467453077412581,0.124,0.085,1
"GPR18",0.0176617224323208,0.254952892031724,0.132,0.098,1
"PNISR",0.0178582627738591,0.1067539661193,0.699,0.628,1
"STXBP4",0.017878683705434,0.699602758599873,0.058,0.037,1
"FIP1L1",0.0179565701383787,-0.244323216621979,0.275,0.28,1
"ALOX5AP",0.0179770238844247,0.504550858080529,0.094,0.062,1
"BCL3",0.0181434715165388,-0.269716995090196,0.536,0.559,1
"PSMB5",0.0181604790607913,-0.290680960462634,0.273,0.303,1
"KDM5C",0.0181621113903985,0.540659585007234,0.142,0.095,1
"GEN1",0.0181690731373188,-0.619225576701655,0.013,0.013,1
"EIF4G2",0.018209959623375,0.104881692016847,0.816,0.765,1
"PPP1R2",0.0182601982181896,0.165967518412045,0.626,0.553,1
"SNHG9",0.018260649842471,0.21916321518597,0.182,0.144,1
"BTBD10",0.0182627865080099,0.467350644926492,0.145,0.1,1
"MTCH1",0.0182662224352494,0.135538869667756,0.418,0.349,1
"TRMT10C",0.0183218888986954,-0.252465949117202,0.361,0.379,1
"NOP16",0.0185576835948749,-0.167665642358545,0.169,0.166,1
"S1PR1-DT",0.0185618159534923,0.488473162028465,0.095,0.068,1
"SLC16A3",0.018566147474318,-0.746358212139821,0.034,0.053,1
"GPATCH11",0.0185738496846367,0.390075231607964,0.121,0.084,1
"ADCY10P1",0.0186036956791188,2.44299642267568,0.01,0.001,1
"PDE4B",0.0186096371086136,-0.273755148479075,0.239,0.249,1
"COPS8",0.0186232465003286,0.227508067677652,0.234,0.204,1
"PHB1",0.0186522820301472,-0.264875861875094,0.254,0.283,1
"WAC",0.0186845977938106,0.195185720060666,0.508,0.444,1
"TMEM127",0.0187108375303385,-0.422328227084573,0.099,0.125,1
"HIVEP1",0.0187240059992245,0.181565208380714,0.471,0.393,1
"TRIM22",0.0187447580910317,-0.2608352550124,0.319,0.343,1
"CATSPERB",0.0187921613075635,0.914163125837923,0.049,0.023,1
"ENSG00000235066",0.0188133634626745,2.54716571613279,0.011,0.001,1
"C3orf52",0.0188140366374115,1.035212856601,0.025,0.011,1
"SNX29",0.0188171668005066,0.293089363951631,0.203,0.149,1
"MYCBP",0.0188216931863298,-0.399229967039721,0.141,0.17,1
"PPP3CA",0.0188296750324576,0.396330047071459,0.221,0.162,1
"JAK3",0.0188564561220456,0.272191756045103,0.328,0.278,1
"ZNF3",0.0189148828296759,0.467482154040773,0.096,0.064,1
"PCGF6",0.0189580453449206,0.220880290288197,0.082,0.057,1
"TOMM20",0.018961072164006,-0.176671522989634,0.67,0.699,1
"TAOK1",0.0189809222918946,0.378818931893949,0.195,0.138,1
"AMD1",0.0189970485989551,0.235714472506815,0.295,0.23,1
"OTUD5",0.0190018926229798,-0.141105861230176,0.235,0.252,1
"KAT2B",0.0190276833455305,0.819461986879568,0.062,0.034,1
"SBF2",0.0190543368653991,0.641501682277153,0.091,0.057,1
"CCDC69",0.0191284797463398,-0.333137483653807,0.173,0.203,1
"MBNL2",0.0191573252210099,0.325464947795219,0.228,0.176,1
"EPHX2",0.0191698654602908,0.434344205798965,0.107,0.081,1
"SFT2D1",0.0192119673646758,-0.384613151225772,0.168,0.191,1
"TRBV30",0.0192236397891744,-0.960008431808925,0.028,0.042,1
"TNFRSF4",0.0192731228319067,-0.5957800878204,0.028,0.043,1
"ATF5",0.0194250631285552,0.470281556340151,0.115,0.08,1
"RAB30-DT",0.019446318955619,-0.538378237262221,0.077,0.098,1
"TMEM208",0.0194976158146015,-0.287708387316738,0.214,0.232,1
"UAP1",0.0195259143183447,0.422395496589969,0.125,0.084,1
"EXOC3",0.0195277305721427,-0.416856744856534,0.114,0.132,1
"BUB3",0.0196895519190531,-0.221024348703757,0.393,0.424,1
"ZNF767P",0.0197378240725179,0.459472039952844,0.125,0.084,1
"NCBP2AS2",0.0198420107645942,0.264175574934721,0.249,0.194,1
"CFAP20",0.0198910109230551,0.435410185590093,0.141,0.111,1
"RTF2",0.0199119701370983,-0.135834644164408,0.354,0.375,1
"PPME1",0.0199860131946167,0.607654588458814,0.081,0.052,1
"MAP7D3",0.020008836730761,0.751476674539724,0.058,0.032,1
"TSTD3",0.020042869724938,-0.538206327963282,0.022,0.027,1
"CHAMP1",0.0201084701549222,0.334918586239907,0.132,0.093,1
"COQ8A",0.0201553465732832,0.201318332776533,0.171,0.142,1
"P2RX4",0.0202919577196913,0.860828235941882,0.048,0.022,1
"SLC66A2",0.0203296861549107,-0.410433872079022,0.138,0.167,1
"SYNE1",0.0203499206224803,0.182264162416716,0.19,0.157,1
"HMGXB3",0.0203707533445716,0.728606991194541,0.079,0.048,1
"WIPF2",0.0204039726324653,0.466305687459874,0.104,0.069,1
"FAM76B",0.0204245532573716,0.357346795573943,0.167,0.119,1
"CYP4V2",0.020427839408396,-0.703486181933637,0.052,0.076,1
"GZMM",0.0204459475195468,-0.155699341022452,0.45,0.419,1
"CBL",0.0204493323778161,0.124671381353513,0.18,0.137,1
"HOXB-AS1",0.0204629378281956,1.91373203596729,0.017,0.005,1
"PLXDC1",0.0204744197094242,0.336544063764842,0.104,0.075,1
"CLCC1",0.0204929583448944,0.72579139473063,0.055,0.03,1
"TANK-AS1",0.02055833135929,0.774858188851557,0.061,0.034,1
"CERS4",0.0206447376228608,-0.225140480873581,0.05,0.061,1
"GOLGA4",0.0206608743089575,0.283229366986632,0.316,0.246,1
"ZNF579",0.0207758579472844,-0.61246851606735,0.062,0.084,1
"NUDT2",0.0207784976113253,0.592489645560885,0.1,0.063,1
"INPP4A",0.0208140436951877,0.149399079533425,0.34,0.303,1
"PRDM8",0.0208147940388909,-0.163014053398854,0.02,0.014,1
"TNFRSF1A",0.0209056084811758,-0.245099875294186,0.159,0.157,1
"HSPD1",0.0209966602249385,-0.182343904842778,0.422,0.427,1
"ZBTB1",0.0210270157618149,0.216407297312693,0.41,0.34,1
"SHB",0.0210371502066599,1.61529593587574,0.015,0.005,1
"GATAD2B",0.0210494050452742,0.1052841044236,0.326,0.308,1
"ATG4B",0.0211249350199979,-0.236637951053499,0.2,0.23,1
"TBCEL",0.0211546624315371,0.588285207739969,0.066,0.043,1
"SLC25A16",0.0211636475332414,0.670899066472484,0.081,0.05,1
"PLEKHM1",0.0211795303409246,0.399577420360639,0.105,0.071,1
"RGS10",0.0212376061526197,-0.15536005481524,0.834,0.843,1
"NFYA",0.0213203374895925,0.378049606532067,0.074,0.057,1
"CNNM4",0.0213326090824178,1.29819637669907,0.025,0.009,1
"AAR2",0.0213639293724965,0.424348910682821,0.111,0.088,1
"NAA20",0.0213957070467434,-0.286278068901489,0.241,0.268,1
"TRBV12-4",0.0214045744879327,-0.505834461570312,0.026,0.023,1
"IGSF9B",0.0214604356187156,-0.929586358049904,0.02,0.032,1
"PIGG",0.0214732886626308,0.412925881112914,0.086,0.055,1
"WDR4",0.0214827897671126,-0.577139023364833,0.044,0.064,1
"ZNF28",0.0214959208547439,0.892564584248202,0.05,0.026,1
"NBR1",0.0215352545014302,0.329393163468648,0.26,0.197,1
"PLAAT4",0.0215850309436166,-0.125255132476723,0.505,0.478,1
"ARHGAP15",0.0216170953945314,0.167833509439485,0.713,0.655,1
"UTP11",0.0216934341616742,0.481444789708512,0.127,0.088,1
"BPTF",0.0217056765825978,0.273082662669943,0.439,0.362,1
"ARSA",0.0217073405706196,-0.556050072674141,0.072,0.094,1
"KIDINS220",0.0217132104062852,0.258439794653056,0.2,0.144,1
"RFX3-DT",0.0218292299468403,1.18435654519592,0.03,0.014,1
"FOXK2",0.0218525456977195,0.433300607357514,0.152,0.104,1
"ENSG00000291063",0.021857694555658,0.711295230116528,0.038,0.018,1
"NDUFV1",0.0219283069354248,0.261479613229079,0.381,0.304,1
"TMEM167B",0.021936940507757,0.431781186422762,0.122,0.085,1
"BCAS2",0.0219481662559224,0.226678463766254,0.3,0.258,1
"ISY1",0.0219487230161517,0.266533085847228,0.277,0.23,1
"ECHDC1",0.0219825584743057,-0.31059296603773,0.204,0.228,1
"PANK4",0.0220856356450394,-0.240515183832557,0.113,0.131,1
"ABI1",0.0221153866829603,0.230483776347732,0.362,0.31,1
"ANKRD11",0.0222659232087132,0.180309284296731,0.508,0.47,1
"BAG6",0.0224259294576167,-0.307729999397462,0.229,0.262,1
"CSK",0.0225513641830859,-0.15865887374876,0.478,0.508,1
"DAAM1",0.0227617876797828,0.296174043532002,0.183,0.136,1
"MAP3K2",0.0227622301469833,0.185233802059122,0.419,0.34,1
"ZNF256",0.0228097389070626,1.12024044222718,0.03,0.013,1
"MT2A",0.0228165765806528,0.423169960386261,0.308,0.24,1
"SLC44A1",0.022939692545802,-0.505027644163306,0.075,0.101,1
"CLIC5",0.0229440922272559,-1.64571363546088,0.004,0.011,1
"UPF2",0.0229581606798868,0.22773422831633,0.311,0.253,1
"TRPS1",0.0229932635230937,0.146057933116638,0.145,0.131,1
"CD4",0.0230240949882366,0.132621251270564,0.227,0.177,1
"TXNDC16",0.0230541139887232,0.420889526203087,0.068,0.044,1
"ITFG2",0.0230568349887386,0.421791706793036,0.158,0.116,1
"ANK2",0.0230974841061584,0.375087876078176,0.265,0.219,1
"LY6E",0.0230991829980924,-0.258194838479428,0.334,0.352,1
"ZC3H6",0.0231408131718637,0.369273511380809,0.131,0.101,1
"EIF3H",0.0231492551134309,-0.107574486214744,0.845,0.855,1
"ELL2",0.0231803772299646,-0.387758692766193,0.09,0.102,1
"LRFN2",0.0232199647529257,1.68635644498158,0.021,0.007,1
"LINC00467",0.0232772144230288,2.66023178746167,0.01,0.001,1
"CLEC11A",0.0233218637826808,-0.632340068594669,0.055,0.075,1
"SCYL3",0.0233762546559169,-0.457753159578589,0.08,0.096,1
"MYL6B",0.02341628420586,-1.00699226873416,0.018,0.03,1
"PPP1CA",0.0234808239482775,-0.167677464926863,0.539,0.535,1
"PIGC",0.0235313104891523,-0.327683763984991,0.166,0.194,1
"TIMM50",0.0236484714062588,-0.408117757691416,0.141,0.162,1
"SLC35E3",0.0236569546099568,1.02476958996756,0.032,0.013,1
"NIPAL3",0.0236776431030314,-0.203274983387375,0.094,0.109,1
"METTL16",0.0237266604407597,0.396940436430052,0.158,0.117,1
"ENSG00000289582",0.0237344727975186,-0.932172575656548,0.019,0.035,1
"CLIP1",0.0238118929616638,0.529701515118986,0.131,0.085,1
"ATF4",0.0239316786686809,-0.280571334229236,0.311,0.347,1
"YBX1",0.0239329998970751,-0.112813188549449,0.903,0.896,1
"ENSG00000272368",0.0239750615286659,0.12167933899326,0.033,0.022,1
"PSAT1",0.0239823744307435,0.348175258113253,0.045,0.028,1
"IRAK1",0.0240131813541895,-0.189988570610629,0.081,0.081,1
"ANXA7",0.0241108941915019,-0.227213133743729,0.337,0.357,1
"CFAP210",0.0241192044866683,0.96665961261093,0.026,0.011,1
"UBALD2",0.0241535564893911,-0.204825941746714,0.662,0.696,1
"NOTCH2NLB",0.0241565298475638,1.18914914515924,0.035,0.015,1
"TIMM44",0.0241670211589316,0.620835977787141,0.083,0.053,1
"UBL3",0.0242526237400504,0.274745160061643,0.234,0.185,1
"HMG20B",0.0243001298980387,-0.27684379869052,0.159,0.187,1
"ATP5F1B",0.024345387435905,-0.112974475039325,0.826,0.813,1
"BBLN",0.0243809426425205,0.208367748479188,0.531,0.454,1
"TDRKH",0.0243810831113987,1.22354264652708,0.019,0.006,1
"LINC02273",0.024653489013496,-0.483311420012224,0.052,0.069,1
"STAU2",0.0246566592716532,0.571293780065551,0.076,0.046,1
"UCK1",0.0246847542989055,-0.699877970671006,0.061,0.082,1
"GCNT4",0.0247042652061854,0.416331607623002,0.099,0.067,1
"PRDM15",0.0247153034624692,0.426497703221582,0.032,0.019,1
"ATL2",0.0249466781253187,-0.300754187106996,0.12,0.119,1
"LINC01376",0.0249712057891112,1.77185196440931,0.012,0.002,1
"PJA1",0.0249994975143397,0.123203691614054,0.104,0.075,1
"CTSL",0.0250097469922098,-0.259398352899469,0.265,0.296,1
"DDX1",0.0250406827976347,0.357219528015977,0.159,0.123,1
"UFD1",0.0250648584413704,-0.220920893979491,0.253,0.256,1
"ATAD3B",0.0251848653822889,-0.357289337607799,0.06,0.067,1
"RIT1",0.0252232486556919,0.364373572299358,0.147,0.103,1
"RIPK3",0.0253154911931428,-0.978440950923159,0.017,0.03,1
"NUDT21",0.0253471159224998,-0.143256498938323,0.263,0.282,1
"WDR83OS",0.0253937913292039,-0.196648705585793,0.477,0.488,1
"CCDC6",0.0254969244499369,0.491635550077995,0.081,0.049,1
"TSPAN32",0.0255157945469746,-0.703682073697438,0.025,0.04,1
"SLC31A2",0.0256059912290387,0.576891357064383,0.041,0.025,1
"LINC02245",0.0256262466861856,-0.680379230706779,0.032,0.048,1
"DAPK3",0.0256696048541047,0.496220862577086,0.099,0.066,1
"SMARCB1",0.0256805024255141,-0.287917758892758,0.255,0.281,1
"KLHL32",0.0257398834148204,0.677201450820972,0.016,0.006,1
"CASK",0.025778102765499,0.332987239689811,0.149,0.103,1
"CISD3",0.0258336188543327,-0.735536409951087,0.038,0.056,1
"G3BP1",0.0258823635108033,0.206029526931889,0.469,0.409,1
"ENSG00000291210",0.0259224454871769,-1.70490682530159,0.006,0.016,1
"KRT10",0.0259501876382238,0.101845655861515,0.614,0.581,1
"AK3",0.0259956691248344,-0.184776898270169,0.11,0.125,1
"PUF60",0.0260055560550416,-0.232376208863403,0.427,0.46,1
"ITM2B",0.0260873264194503,-0.111830359775744,0.942,0.924,1
"ENSG00000287180",0.0261341198363373,-1.7218066166728,0.003,0.011,1
"AKT1S1",0.0261635265973174,-0.492769932360376,0.042,0.059,1
"CTSZ",0.0261763946855719,-0.639874930752252,0.029,0.043,1
"MKKS",0.0262149680666741,-0.365328665014011,0.146,0.165,1
"CNOT7",0.0263356896648406,-0.232398111560729,0.406,0.433,1
"ENSG00000251661",0.0265241795478597,-0.669378347575877,0.049,0.067,1
"TOMM40",0.0265600351143241,-0.367222933082298,0.127,0.152,1
"KDELR1",0.026586122609507,-0.352036566439357,0.239,0.268,1
"LINC-PINT",0.0266120915777642,0.114952987389073,0.418,0.345,1
"C4orf48",0.0266273398304918,-0.256810358009066,0.229,0.255,1
"SPRYD3",0.0266985716715896,-0.526432595774553,0.053,0.061,1
"GPATCH8",0.0268092587600542,0.198324570344666,0.362,0.29,1
"CSRP1-AS1",0.0268646329920919,1.77215469677187,0.013,0.004,1
"ENSG00000290832",0.0268703532755849,0.465407548369771,0.094,0.063,1
"PARP11",0.0269379896447753,-0.402849933654388,0.141,0.158,1
"FTX",0.0270129373895826,0.439160405995899,0.245,0.176,1
"PER2",0.0270363983529406,0.674702864999933,0.057,0.034,1
"SFXN4",0.0270847961661648,-0.75360731018959,0.038,0.054,1
"LRRC8A",0.0272521996171258,0.309963467472439,0.136,0.109,1
"PDCD6",0.0272929503603107,-0.210385158192691,0.493,0.52,1
"HVCN1",0.0274539629636116,-0.310911594917028,0.093,0.11,1
"DCAF5",0.0275154755411286,0.172346674463207,0.255,0.199,1
"GAB2",0.0275804811136426,-0.376664190749117,0.039,0.05,1
"PI4KA",0.0276817238133606,0.376200087993496,0.136,0.094,1
"TRAV13-1",0.0276935725245815,-0.300930021261551,0.07,0.064,1
"PIP4P2",0.0277250894575828,0.815688772089617,0.047,0.026,1
"DHX33",0.027817644705723,0.32795749417012,0.038,0.023,1
"IGF2BP3",0.0278288005018713,0.520822771284,0.058,0.035,1
"ZBTB39",0.0278360167420608,1.06291562233955,0.033,0.015,1
"ZNF207",0.0280066789025223,0.14007006213298,0.547,0.505,1
"PAXX",0.0280988415823852,-0.225132462548645,0.345,0.372,1
"KLHL5",0.028154960323806,0.247388315808699,0.245,0.211,1
"SLC2A11",0.0281862068677522,-0.613151223036304,0.047,0.063,1
"EEPD1",0.028225436907085,0.511580471312647,0.08,0.049,1
"TAGAP-AS1",0.0282609073783305,1.1983267281467,0.03,0.014,1
"RFTN1",0.0282617708593456,0.256134670335725,0.438,0.362,1
"TRAP1",0.0285859432809876,-0.267265113289155,0.117,0.133,1
"GYG1",0.0286097048799022,-0.970162847121902,0.017,0.029,1
"SLC25A44",0.0286279302554223,0.673701210809956,0.061,0.037,1
"RTTN",0.0287002354653071,0.558269646698562,0.084,0.053,1
"WDR45",0.0288438344164154,-0.349491979308289,0.148,0.174,1
"DSTN",0.0288741974260924,-0.223019015281885,0.241,0.265,1
"TPM4",0.0288940630126382,-0.217800304486695,0.187,0.208,1
"ZC3H12B",0.0289107047061312,0.44699149844775,0.142,0.098,1
"HELZ2",0.0289853461339745,-0.537584025119118,0.031,0.044,1
"ENSG00000242861",0.0291125614639139,0.957487185683377,0.042,0.02,1
"SLC30A4",0.0291335824654629,-0.546112986940279,0.018,0.028,1
"PSMA3",0.0293265061487235,-0.223202031560877,0.35,0.372,1
"FRY",0.0293393376467009,0.886679815762652,0.054,0.028,1
"MED16",0.0293677475318924,-0.158317709998306,0.151,0.165,1
"DHPS",0.0294001619024057,-0.384325255316745,0.213,0.246,1
"RPA1",0.0294184175409359,-0.189373451855151,0.165,0.181,1
"UPF3A",0.0294197624848874,0.303943531199263,0.253,0.198,1
"LRRC14",0.0295093823883136,-0.621905177047514,0.055,0.075,1
"PA2G4",0.029545746477861,-0.207778485800866,0.511,0.527,1
"PPM1F",0.0296671863930707,-0.915087476479884,0.012,0.023,1
"HMOX2",0.0297207820815387,0.211376755577619,0.303,0.251,1
"ZKSCAN5",0.0297356385000897,1.05586644005177,0.031,0.014,1
"FBXO3",0.0297981925169447,0.250436040472265,0.209,0.164,1
"REXO2",0.029830529487319,-0.298577890640342,0.302,0.331,1
"GPS2",0.0299242025084647,-0.224029009352549,0.483,0.515,1
"ADAMTS17",0.0299867863561036,-0.820723690792609,0.02,0.035,1
"MAP7D1",0.0300680641422606,0.191006072324907,0.461,0.417,1
"ENSG00000288823",0.0301044078436306,-1.34284074337768,0.006,0.015,1
"TRIOBP",0.0301739269215394,-0.702058308246481,0.049,0.069,1
"SAMD12",0.0302555149713486,0.827900589946028,0.03,0.014,1
"RPA2",0.0303659717231254,-0.251112191791485,0.222,0.239,1
"GOLPH3L",0.0304192627201602,0.26270025153037,0.093,0.077,1
"FMNL1-DT",0.0304931188711393,-0.242343131770159,0.275,0.281,1
"RIPK1",0.0306991027005808,0.329657802950541,0.163,0.129,1
"ORMDL2",0.0306995269776918,-0.246653186320751,0.159,0.178,1
"KRTCAP2",0.0307129008429187,-0.17987133888193,0.569,0.594,1
"SMC3",0.0307254894541373,0.239648243040468,0.306,0.256,1
"ZFAT",0.0307325524693046,0.879784490187181,0.039,0.021,1
"PDCD10",0.030742407350068,-0.208882549791721,0.324,0.349,1
"NBPF20",0.0307480339091412,1.12564520607393,0.028,0.011,1
"SRRT",0.0307891980556875,-0.257951389999891,0.26,0.28,1
"MRPL57",0.0307960143315088,-0.213733036848833,0.397,0.419,1
"VAMP8",0.0308190670385788,-0.202158602647261,0.389,0.404,1
"NTMT1",0.0308519859056905,-0.354950819644026,0.21,0.237,1
"LMNA",0.0309283780699417,-0.598771398828284,0.084,0.09,1
"PDCD2",0.0309722199679786,-0.288085963430148,0.335,0.351,1
"FOXN2",0.0310502360976722,0.333314897121034,0.18,0.132,1
"TBC1D1",0.0310717450465658,-0.312632185252147,0.135,0.146,1
"HDHD5",0.0311042908973053,-0.469650853015349,0.102,0.125,1
"THAP5",0.0311577368236269,0.358941987974494,0.125,0.098,1
"TRAV4",0.0312494460400014,0.838500415630205,0.033,0.016,1
"TRGV10",0.0312593978245997,-0.690186002815116,0.034,0.049,1
"CAMSAP2",0.0312735011376062,-0.230900856575778,0.114,0.131,1
"EYA3",0.0312942685371354,0.209664225339623,0.119,0.102,1
"EIF3J",0.031343464085279,0.2886428342662,0.303,0.241,1
"CMPK1",0.0314391944316133,-0.146271260093109,0.487,0.514,1
"SNRPF",0.0314484904721066,-0.115381264586054,0.494,0.511,1
"HNRNPUL1",0.0314634822795443,-0.111011833910022,0.5,0.508,1
"CTSD",0.0315479332738987,-0.401377993580895,0.131,0.151,1
"GTF2H3",0.0315519963061466,-0.320579528296916,0.088,0.104,1
"QDPR",0.0315701426138587,-0.673022331744032,0.041,0.057,1
"SNHG14",0.0316440781600001,0.377706104001813,0.16,0.112,1
"H2AC20",0.0317125441347924,0.664528048457336,0.073,0.041,1
"ZNF638",0.0317534172472367,0.260087097899043,0.392,0.319,1
"RNF19B",0.03175379137143,0.883127285729784,0.047,0.023,1
"ID3",0.0317778655951725,0.132573862235978,0.23,0.186,1
"UBA6-DT",0.0318278074564407,0.649904195917649,0.048,0.026,1
"KCTD7",0.0318610008610005,-0.151379203171753,0.029,0.023,1
"RALGAPA1",0.0318786543856551,-0.218167148400039,0.289,0.309,1
"FUT8",0.031915817166541,0.445208380565245,0.162,0.111,1
"KMT5C",0.0320085467006008,-0.51317573779706,0.045,0.057,1
"BDH1",0.0320149069498182,-0.732790205610842,0.036,0.054,1
"MRPL30",0.0320650875692358,0.435634837187822,0.096,0.068,1
"RNF138",0.0321175489699515,0.103607262567149,0.448,0.388,1
"PSTPIP1",0.0321970008599214,0.400691374004499,0.073,0.048,1
"ATP5MF",0.0322828129161569,-0.174084585077932,0.58,0.59,1
"EIF1B",0.0323078736584007,0.121250088111825,0.415,0.375,1
"MRPL51",0.0323119894759069,-0.169999900856831,0.402,0.424,1
"MGMT",0.0323786373716991,0.445755379594888,0.146,0.097,1
"MYC",0.0323991967797198,-0.122574997480768,0.53,0.554,1
"TRAV9-2",0.0324754659227373,-0.386421974756977,0.057,0.055,1
"PRDX4",0.0324765241510427,-0.536811140419484,0.064,0.082,1
"ZNF721",0.0328388918914009,0.297165746003419,0.248,0.191,1
"ENSG00000288851",0.0328438105014404,1.37667094090009,0.022,0.009,1
"TMEM147",0.032916833171719,-0.318936091345272,0.196,0.221,1
"PSMC4",0.0329362639732244,-0.195927024414234,0.406,0.436,1
"KLHL15",0.0329580370502833,-0.606910759052695,0.044,0.054,1
"ANKRD36B",0.0329801967601342,0.414064318602676,0.118,0.081,1
"CD302",0.0329863827810638,-0.538292867275742,0.042,0.059,1
"MYO1C",0.0330863289795541,-0.740532103299798,0.023,0.035,1
"RAD51D",0.0331140710055206,0.935379003329132,0.03,0.014,1
"CD3E",0.0331917524066669,-0.145556180475416,0.898,0.898,1
"SELENON",0.0332902005926757,0.675957511393154,0.05,0.033,1
"RPGR",0.0332911268714964,0.656643096964661,0.089,0.056,1
"VPS37B",0.0333360623385608,-0.395622619658522,0.165,0.184,1
"TRAF7",0.0333508262725723,-0.415101578992346,0.091,0.108,1
"MOAP1",0.0333918792027782,0.370041689173842,0.16,0.122,1
"CHPF",0.0335576007889198,-0.91443104695558,0.016,0.027,1
"SCRN3",0.0335600382948973,0.931060697646662,0.049,0.025,1
"RSF1",0.0335674268842332,0.222521248500578,0.392,0.33,1
"MTURN",0.0338378810316488,-0.529010268466998,0.098,0.123,1
"ZNF74",0.0339196297263747,0.88632807505993,0.027,0.012,1
"GLUL",0.0339418406075959,-0.358477962106369,0.062,0.081,1
"UBAC1",0.0339664091035405,0.417360311555935,0.135,0.101,1
"BLOC1S6",0.0339673225672706,0.315944542962935,0.208,0.151,1
"ZNF329",0.0339832316007833,0.572702869315,0.054,0.033,1
"CDC26",0.0340211812304402,-0.195933747225281,0.277,0.272,1
"ARHGAP11A",0.0340248220266043,2.09253266612393,0.011,0.002,1
"TIMELESS",0.0341722651786096,-1.48922758173604,0.006,0.015,1
"RBMX",0.0341808154148577,0.12876858662393,0.542,0.499,1
"CBR3",0.0341849002038954,1.04468747695828,0.034,0.014,1
"IFRD2",0.0341993172131291,-0.398290226309726,0.12,0.143,1
"RPL26L1",0.0342592368997472,-0.348692268925257,0.119,0.139,1
"ACD",0.0342641789054955,-0.247367856017427,0.186,0.198,1
"BCL2",0.0342791141825518,-0.341277227914458,0.164,0.189,1
"PSMG2",0.034393321784211,-0.223850715965784,0.332,0.35,1
"ZNF701",0.0344740609086936,0.580276363526384,0.06,0.036,1
"TMEM150A",0.0345870343333763,-0.567627091713517,0.039,0.056,1
"TTC17",0.0345905644801734,0.213716657703264,0.36,0.292,1
"LMBR1",0.0346092595318423,-0.152350512380303,0.178,0.192,1
"ELMO1",0.0347539377307056,0.285268804836421,0.266,0.222,1
"CKAP4",0.0347837849169327,0.45614613769466,0.143,0.103,1
"MEMO1",0.0348549757929963,-0.409311355699113,0.052,0.067,1
"SMIM8",0.0348729701295023,-0.479496391783097,0.052,0.062,1
"IFI30",0.0349497608822182,-1.27434690702994,0.005,0.014,1
"GRHPR",0.0349897371643883,-0.338522799186843,0.102,0.121,1
"ARF5",0.0351192765104881,-0.2035854666273,0.48,0.495,1
"GP6-AS1",0.0351920568060742,1.83221980368425,0.016,0.005,1
"KDM3A",0.0351952372051493,0.261325472078965,0.242,0.187,1
"RRP12",0.0351975693971363,0.43570013252905,0.095,0.06,1
"DDX18",0.0352033537743545,0.10864977558492,0.545,0.52,1
"CTSB",0.0352234681364684,-0.298322888675141,0.187,0.204,1
"IER5L-AS1",0.0352589505508213,1.79447490892948,0.01,0.002,1
"LRRC2",0.0352619348062405,0.751079908687722,0.042,0.022,1
"ZMAT5",0.0353033633723101,-0.532184314242974,0.038,0.047,1
"MKRN1",0.035431194630919,0.213030272117981,0.333,0.276,1
"MARK3",0.0354448893479645,-0.222567599645497,0.232,0.231,1
"TMC8",0.0354755086199159,-0.37241421745945,0.191,0.221,1
"LCK",0.0355315963309642,-0.187552637431948,0.605,0.603,1
"PPP1R15B",0.0355914719750018,0.420429641870686,0.116,0.081,1
"MGAT2",0.0356201045385498,-0.41017573787923,0.075,0.089,1
"SLC2A13",0.0356320264712965,1.22330424182743,0.02,0.008,1
"RORA",0.0358840484400187,0.196322709817531,0.399,0.342,1
"ATM",0.0358882613109223,0.206193036134029,0.462,0.385,1
"VPS37A",0.035914878532739,0.329786599883276,0.159,0.128,1
"USP3-AS1",0.0359213764241532,0.302082539664113,0.27,0.205,1
"POLD1",0.0359794910692822,-0.764936379035947,0.022,0.037,1
"PRR14L",0.0360741058818828,0.483602486626295,0.131,0.094,1
"ENSG00000267002",0.0360744060858611,-0.860527656504809,0.021,0.033,1
"BCAP31",0.0360960084376858,-0.295065180863337,0.263,0.28,1
"NME3",0.0361574963239904,-0.244126683569938,0.284,0.311,1
"PCM1",0.0361597970179532,0.26440669066536,0.468,0.384,1
"CEBPB",0.0361820752044886,-0.258100220481575,0.187,0.214,1
"ZNRF1",0.0362132212449251,-0.360129373669729,0.106,0.128,1
"AVEN",0.0363632766378479,-0.280281091992936,0.058,0.069,1
"PUS7L",0.036381534672123,0.523194999500046,0.077,0.048,1
"VTI1A",0.0363868543601146,0.254469906137084,0.238,0.186,1
"CTNNAL1",0.036441484763878,-0.547604534422629,0.031,0.047,1
"ZMYM6",0.0364867039538088,0.460374929949622,0.091,0.057,1
"HLA-DPB1",0.0364894606769304,-0.704009197558198,0.036,0.052,1
"NEPRO",0.0365093201423748,0.290278234938025,0.224,0.176,1
"NDUFAB1",0.0365209644709205,-0.193107035450867,0.433,0.45,1
"TRA2B",0.0365588448680498,0.190447288390668,0.407,0.362,1
"DUSP10",0.0365836168846438,-0.183812503661946,0.022,0.016,1
"CXXC1",0.0365909473575458,-0.298688600725375,0.169,0.198,1
"ATIC",0.0366173192149846,-0.193762417640088,0.17,0.185,1
"PELO",0.0366239002396969,-0.539286199545514,0.07,0.089,1
"PES1",0.0366825590986781,-0.312224470789551,0.143,0.166,1
"M6PR",0.0366851633003309,-0.262127760547526,0.305,0.328,1
"CASP7",0.036792320956706,-0.256056144125567,0.036,0.044,1
"KIF9-AS1",0.0369737116988501,0.13943010418779,0.032,0.023,1
"HCST",0.0369995344919177,0.219194834439846,0.329,0.286,1
"LIPA",0.0370066113967077,-0.281566271196625,0.088,0.088,1
"RAB30",0.0371106703804357,-0.250488506234782,0.112,0.128,1
"SCAMP1",0.0372600838249623,0.441527430661127,0.119,0.083,1
"PDIA4",0.0375834172794334,-0.265293990438987,0.183,0.207,1
"GAL3ST4",0.0376434888553801,-0.60358164107668,0.037,0.055,1
"SEMA4D",0.0376598799199785,0.254926323854042,0.299,0.238,1
"NSRP1",0.0376735069333091,0.145995667001829,0.187,0.165,1
"ITGB1BP1",0.0376765707533413,-0.33805687147752,0.18,0.199,1
"PCBP2",0.0376996252156778,-0.173816372288765,0.625,0.63,1
"RHD",0.0377109459891489,1.28518293457621,0.026,0.011,1
"ZNF264",0.0378253602155628,0.370009338054773,0.096,0.064,1
"NCOR1",0.0379983573950457,-0.186393643954757,0.35,0.368,1
"HTATSF1",0.038028239475307,0.3369874401141,0.254,0.198,1
"TMEM263",0.0380363824669753,-0.154004869888328,0.219,0.238,1
"CBLN3",0.0382428207159662,-1.21885206316597,0.008,0.016,1
"ENSG00000289152",0.0383113659833618,1.27431656112844,0.018,0.007,1
"GPCPD1",0.0384622179227877,0.245065605787469,0.259,0.197,1
"CDKL1",0.0385684052090693,-0.973980075655841,0.009,0.018,1
"MRPL41",0.0386360751726216,-0.280048261064957,0.351,0.375,1
"SQSTM1",0.0386449617350602,-0.148856484082333,0.514,0.515,1
"IMMT",0.0387341077730387,-0.233503676105222,0.299,0.323,1
"ATF7IP",0.0387947493429525,0.117100418389279,0.339,0.316,1
"ENSG00000254787",0.0388629969403156,2.01907522171307,0.011,0.002,1
"NSD3",0.0388990164698326,0.110243677464688,0.572,0.532,1
"C8orf82",0.0389490713019315,-0.756094276354234,0.028,0.044,1
"ENSG00000259945",0.039017353507713,-1.02971041091025,0.011,0.021,1
"MDC1",0.0390286566939874,0.608406448768869,0.06,0.041,1
"LNPK",0.0391497608327125,0.513207913184465,0.101,0.068,1
"SERTAD1",0.0392171454581607,0.208680347815398,0.14,0.129,1
"NFKBIL1",0.0392726976193359,-0.362286206371873,0.074,0.089,1
"CFAP418",0.0393313752767695,1.96325206377694,0.011,0.002,1
"MANBAL",0.0393543651912123,-0.496635972817093,0.049,0.056,1
"ELP4",0.0395074547872825,0.409876363809272,0.132,0.101,1
"SWSAP1",0.039583328854492,-0.678951512151226,0.034,0.049,1
"FURIN",0.0397183366710031,-0.469252172274983,0.094,0.109,1
"ZNF667-AS1",0.039786430606399,0.599294555622306,0.083,0.055,1
"MICU3",0.0397908512691352,-0.470547155446723,0.066,0.075,1
"RGL4",0.0398370168878873,0.377960348672414,0.122,0.082,1
"VIPAS39",0.039857023693074,0.767702509674058,0.051,0.027,1
"SFI1",0.0399194547490099,0.254334588061822,0.262,0.211,1
"MRPS24",0.0399496959823806,-0.230575383021793,0.384,0.397,1
"PARD6A",0.0400187009141858,-0.459925174608519,0.049,0.066,1
"STX2",0.0400505043350678,-0.458409648426467,0.083,0.095,1
"MGAT4A",0.0400788199630175,0.108649916109636,0.605,0.564,1
"PIK3R2",0.040154847900887,-0.537879295541078,0.045,0.061,1
"SLC30A1",0.0401652997205789,0.93793314183411,0.03,0.014,1
"ENSG00000240963",0.0402812612551377,1.3017356768718,0.024,0.009,1
"EPC2",0.0403140666840118,0.264519670186097,0.257,0.203,1
"LINC00174",0.0404253657932414,1.15144867192773,0.024,0.008,1
"NPIPB13",0.0406595289547034,-0.985015172102057,0.014,0.023,1
"GTF2B",0.0407708338874406,0.11802344779691,0.38,0.343,1
"SLC12A6",0.0408450050510264,0.243660813461709,0.285,0.221,1
"RELL2",0.0408934762846311,-0.907781306549957,0.013,0.023,1
"CERS6",0.040921250324652,0.35302971012772,0.189,0.136,1
"TRIM47",0.0409788539536878,-1.29668543477005,0.007,0.016,1
"PRKAG2",0.0410797701048839,-0.226204027780293,0.121,0.135,1
"ZNF213-AS1",0.0411999056343543,-0.102921852179028,0.036,0.04,1
"FHIP2B",0.0412819534978037,-0.444908643844221,0.083,0.101,1
"ZNHIT6",0.0413307811919577,0.547157241723462,0.102,0.07,1
"PYCR3",0.0414559111076853,-0.969407732149655,0.015,0.026,1
"KCNAB2",0.0415490713123755,0.347431290654889,0.151,0.104,1
"ASH1L",0.0417171317268263,0.202321041396742,0.548,0.466,1
"ENSG00000281383",0.0417188049014767,0.582614698406615,0.047,0.033,1
"ENSG00000291258",0.0417615773540943,0.754198045798919,0.031,0.016,1
"MINDY1",0.0417714452135675,1.12804715223211,0.02,0.008,1
"ENSG00000268081",0.0419431517023026,0.789311193983643,0.047,0.026,1
"MAGOH",0.0421773404129498,-0.198169223568371,0.507,0.533,1
"VPS51",0.0424388243815422,-0.147750347837423,0.447,0.463,1
"SLC39A8",0.0425293682058808,-0.183545604415018,0.147,0.157,1
"SNF8",0.0426814580397765,-0.331290017813181,0.201,0.228,1
"TBC1D17",0.0426924988589211,-0.346306648316791,0.117,0.132,1
"APEH",0.042759073412628,-0.231662697516266,0.084,0.096,1
"ENSG00000255882",0.042823679546656,0.558710096405614,0.02,0.011,1
"MRGBP",0.0429083864735183,-0.278168600620331,0.135,0.152,1
"BBS5",0.0429160863696447,0.267877139199833,0.015,0.008,1
"TBC1D22A-DT",0.0430960756834434,0.235967337712125,0.161,0.129,1
"LMO4",0.0430968463026374,0.503262851215325,0.059,0.036,1
"NMT2",0.0432143757370517,0.321156562333135,0.092,0.077,1
"UQCRC1",0.0432227756859155,-0.168035612422703,0.314,0.309,1
"SCAI",0.0433178981585891,0.173055048327695,0.122,0.109,1
"LUZP1",0.04332221778583,-0.43675525888123,0.085,0.095,1
"MPP7",0.0433287473619467,0.273088416161027,0.304,0.245,1
"CAMTA1",0.0435187277693792,-0.251593496139582,0.291,0.32,1
"NCLN",0.0435423709658126,-0.378494807157174,0.046,0.057,1
"CAPN15",0.0435641813775316,-0.663765770189006,0.038,0.054,1
"NAT10",0.0436283226467009,0.468772263539871,0.101,0.066,1
"PSTPIP2",0.043810010062175,1.35649202788897,0.019,0.007,1
"KIF16B",0.0438405051625854,0.458798611993027,0.029,0.016,1
"HAVCR2",0.0438610122601806,1.40504723013214,0.012,0.004,1
"PPIP5K2",0.0439516922609145,0.41607804742438,0.164,0.119,1
"SDF2L1",0.0439861207765944,-0.304958577218261,0.143,0.153,1
"MIR4422HG",0.0440450529862646,1.51762188774056,0.01,0.002,1
"SUMO1",0.0440483026327351,-0.170238407384557,0.541,0.552,1
"TOP2B",0.0441245299301745,0.250732424051765,0.385,0.329,1
"CRELD2",0.044139778523985,-0.466461227536436,0.081,0.1,1
"ENSG00000290854",0.0441490691058381,0.681850532662239,0.048,0.028,1
"CKS1B",0.0442457503656628,-0.402308165570038,0.114,0.136,1
"USP42",0.0443537713548013,-0.353405463913177,0.121,0.133,1
"PACC1",0.0444465289816231,-0.476726302446399,0.075,0.09,1
"SNHG12",0.0445316749700802,-0.377524590337523,0.184,0.212,1
"MBOAT7",0.0445383281317718,-0.855202390938539,0.032,0.046,1
"C15orf40",0.0445627287095222,-0.27552824092256,0.141,0.139,1
"CENPF",0.0445799684922299,0.794852897407237,0.054,0.029,1
"SLC3A2",0.0445872926798204,-0.194058698367021,0.395,0.403,1
"SUPT3H",0.044599247306343,-0.260901704009511,0.109,0.123,1
"SQOR",0.0448428461910223,-0.197797604053733,0.125,0.143,1
"PPP2CB",0.0448444810287041,0.523866245615346,0.095,0.061,1
"GRIP1",0.0448658374177413,1.31290700146412,0.027,0.012,1
"FLCN",0.0449226522972328,0.709810914929144,0.052,0.029,1
"KIF1B",0.0449495350672179,-0.341533929556134,0.057,0.069,1
"PUS7",0.044978171304358,-0.581108768172541,0.028,0.034,1
"ZFP37",0.045030668551081,1.24509721027673,0.013,0.004,1
"ARL16",0.0450751105956655,-0.372142210291271,0.128,0.15,1
"ANGEL2",0.0451453703933216,0.419944722986201,0.123,0.085,1
"ENSG00000267476",0.0452309901022341,1.0087139515118,0.033,0.016,1
"TIA1",0.0453730096610508,-0.250290621071874,0.241,0.261,1
"THAP7",0.0453756347710759,-0.291294727909952,0.191,0.207,1
"SECTM1",0.0453908174627213,-1.56401908200781,0.003,0.011,1
"FIG4",0.0454204938843484,-0.266114056742757,0.045,0.046,1
"CLEC2D",0.0454666548656097,0.151734141949893,0.768,0.73,1
"ID2",0.0454829263385028,0.399275421353604,0.155,0.123,1
"ZNF484",0.04554215906989,0.449493035259782,0.127,0.091,1
"PKIA",0.0456179247379695,-0.289751842431302,0.256,0.289,1
"RBM7",0.0456187045834426,-0.300036451497769,0.189,0.214,1
"PPP1R12C",0.0456362717667649,0.656830576131471,0.068,0.044,1
"CAT",0.0458039229224874,0.20530574573393,0.122,0.107,1
"PBX3",0.045804736278007,0.54740776513685,0.098,0.064,1
"GLRX5",0.0458405999475054,-0.19122306069581,0.331,0.326,1
"LARS1",0.0459479166529868,-0.377106019289293,0.137,0.155,1
"HHLA3",0.0460455580030063,1.78929942695466,0.016,0.005,1
"MRTO4",0.0461586771719147,-0.435777175422218,0.103,0.125,1
"ENSG00000226816",0.0461955964265581,-1.12925483360794,0.013,0.023,1
"KIAA1328",0.0462113957847429,0.714733538099382,0.062,0.039,1
"TYSND1",0.0462981353516791,-0.34648208228793,0.048,0.049,1
"COX5B",0.0463761151720387,-0.126244042574185,0.704,0.715,1
"TSNAX",0.0464291035591243,0.299019358237922,0.185,0.139,1
"ENSG00000266998",0.0464781362829496,-0.901186823056345,0.022,0.035,1
"NKIRAS1",0.0464908111651099,0.802720595848907,0.058,0.034,1
"SNRNP48",0.0465331587793656,-0.28000997938064,0.154,0.153,1
"YPEL5",0.0466425164299296,0.164254875364273,0.575,0.506,1
"ARHGAP1",0.0467580530218115,0.530774198427209,0.105,0.069,1
"CA5BP1",0.046869628977204,0.601239333662529,0.086,0.055,1
"KANTR",0.046886578850058,0.46885437907227,0.063,0.039,1
"FAM222B",0.0469370373154515,0.407327320940552,0.134,0.093,1
"PNO1",0.0469618198653184,-0.38429497980339,0.105,0.122,1
"NAPG",0.0471646531478227,0.257764210311153,0.138,0.115,1
"SNAPC2",0.0475215448999157,-0.60911122415011,0.041,0.057,1
"UBN2",0.0475785740994921,0.536049956572846,0.086,0.053,1
"ARRB2",0.0477456392349422,-0.215035411541755,0.313,0.333,1
"ENSG00000228830",0.0477527957078968,1.04833604782211,0.033,0.015,1
"PARVG",0.0478031897191917,-0.300145132262909,0.129,0.148,1
"EFCAB7",0.0478794331473841,-0.375806043401037,0.034,0.044,1
"DOP1A",0.0479388669454406,0.143285539209264,0.13,0.098,1
"OSTC",0.0480960847388383,-0.195608407935813,0.446,0.46,1
"ARMCX5",0.0483200401850396,1.03641155615098,0.028,0.013,1
"CDK5R1",0.0485085065040257,-0.531621778358021,0.054,0.074,1
"STN1",0.0486332542348524,0.428557337336355,0.072,0.056,1
"ITPRIP",0.0487334205198775,-0.474887720635897,0.107,0.135,1
"TXNDC12",0.0487664792999622,0.19051780103736,0.225,0.196,1
"NEK11",0.0487714196134853,1.31000011017206,0.023,0.011,1
"TXNDC11",0.0487865234781198,0.25317858136885,0.114,0.097,1
"WASL",0.0488787533385136,0.398057328752653,0.108,0.08,1
"C4orf46",0.0488936735489335,0.741091441097926,0.042,0.023,1
"MGAT1",0.0490248781682809,-0.233130839813519,0.168,0.171,1
"ORC4",0.0490847625100895,0.244448663283923,0.206,0.16,1
"LATS1",0.0491814297995241,0.387885738133329,0.172,0.125,1
"YPEL2",0.0491890373121652,0.169505004940377,0.259,0.205,1
"SH2D2A",0.0492011439139295,-0.438215956669452,0.123,0.142,1
"ILF2",0.0493260183372823,-0.150187869013996,0.547,0.57,1
"NOTCH2NLA",0.049335909701377,-0.375719078683966,0.109,0.131,1
"GINM1",0.0493589951508294,0.316880637936661,0.19,0.151,1
"NOTCH1",0.0494152716991093,-0.440922026391594,0.087,0.104,1
"ATP2B4",0.0494429752559541,0.489398865619365,0.104,0.068,1
"LMNB1",0.0494430888122936,-0.36322927462089,0.081,0.102,1
"PANX1",0.0494862158660351,0.70953301299415,0.031,0.015,1
"MTREX",0.0496930462033041,0.311796233833023,0.185,0.138,1
"PLCXD2",0.0496976253743136,1.07610684760009,0.026,0.013,1
"EIF6",0.0497207778508784,-0.210103279672934,0.253,0.274,1
"PGAP1",0.0497304655558197,-1.13429228370101,0.033,0.041,1
"UBE2D3",0.0497354460437322,-0.113108905745249,0.842,0.828,1
"SP4",0.0497586795607795,0.289220881123178,0.121,0.088,1
"RSBN1",0.0498084087492067,0.239334923405967,0.25,0.192,1
"TMEM229B",0.0498378932680094,-1.16717912202684,0.008,0.015,1
"ZNF414",0.0498743528083149,-0.391625328469741,0.113,0.135,1
"TMF1",0.0498788215195251,0.232636410698538,0.289,0.238,1
"ENSG00000274422",0.0499101602476137,1.06418671413902,0.025,0.011,1
"CCNH",0.0500315208952334,-0.201322583121868,0.319,0.34,1
"ENSG00000261684",0.0500722874831283,1.33979160371575,0.023,0.008,1
"GABARAPL2",0.0503621026085429,-0.174383465252867,0.602,0.603,1
"ABI2",0.0504812423586297,-0.438675270082932,0.079,0.097,1
"PATJ",0.0506088859337419,0.485239134701143,0.083,0.06,1
"ZNF831",0.0506802043185956,0.645881093597481,0.052,0.029,1
"ENSG00000235419",0.0509449923395,0.623222650123091,0.02,0.009,1
"PLOD3",0.0509647366218664,-0.904011829868036,0.026,0.039,1
"MRPL43",0.0509759281224085,-0.228800771268477,0.253,0.265,1
"COG6",0.0509801511183297,0.372230823276043,0.119,0.088,1
"MEN1",0.0510456941369726,-0.411549812603687,0.113,0.135,1
"AGTRAP",0.0511276156330953,-0.649550480093442,0.039,0.057,1
"COL1A1",0.0511365679361005,-1.33633756068995,0.004,0.011,1
"ANXA2R-OT1",0.051157495597667,0.436918260583618,0.046,0.034,1
"MYH10",0.0512083638033389,0.876352740806894,0.016,0.006,1
"RPL7L1",0.0512117564756776,0.129646685854041,0.28,0.26,1
"TAF12",0.0512204472158359,-0.33464522281339,0.124,0.144,1
"PHGDH",0.0512348117016363,-0.686088574662658,0.025,0.039,1
"PPP1R12A",0.051294123495273,0.193061237842199,0.375,0.304,1
"GLIDR",0.051301807787664,-1.31498580102582,0.004,0.011,1
"ITPKC",0.0513273054798375,0.913074170022708,0.032,0.015,1
"FLT1",0.0513781231911081,-0.398245717609206,0.115,0.132,1
"KLHL28",0.0513906492174858,0.172208423320749,0.199,0.171,1
"TMEM131L",0.0513933782757336,0.128767298048194,0.389,0.321,1
"MYPOP",0.0514304953008604,-0.428574876220162,0.075,0.094,1
"ENKD1",0.0514786092007948,-0.830458273644708,0.02,0.033,1
"BTN3A2",0.0515360087886861,-0.242716046731995,0.274,0.294,1
"ITPA",0.0515645244270599,-0.336035457131002,0.105,0.118,1
"HCP5",0.0516231897666191,-0.273253362776477,0.195,0.212,1
"SDHA",0.0516757630011416,-0.154571436278196,0.336,0.356,1
"PROSER1",0.0516861798105228,-0.418079772155727,0.068,0.082,1
"CYB5B",0.0517193762605565,-0.211285172906664,0.167,0.184,1
"JMJD1C",0.0518150697256278,0.217579812757499,0.518,0.441,1
"SCML4",0.0519553942973221,0.177527700708219,0.353,0.293,1
"NUP54",0.0521230797930051,0.289665613689623,0.219,0.172,1
"ITSN2",0.0521353888964495,0.209757292478354,0.47,0.398,1
"KPNA6",0.0522644779486164,0.289326455176075,0.191,0.15,1
"ENSG00000287124",0.0523397167796851,1.54510561841467,0.01,0.002,1
"C11orf71",0.0524222863289069,-0.662703541735409,0.042,0.06,1
"ZNF8",0.0527226944750397,0.617009349243475,0.066,0.041,1
"ALOX12-AS1",0.052750230244813,0.396134451557834,0.101,0.073,1
"ZNF613",0.0527533445442979,0.428145681178871,0.037,0.022,1
"AAMDC",0.0527579993662596,-0.617966735778442,0.042,0.057,1
"ADH5",0.0527784680063466,0.181442934911866,0.328,0.261,1
"PTPN20",0.0528104960158846,-1.65775616899463,0.004,0.011,1
"TRAV21",0.0529924634258639,-0.661347823562842,0.041,0.059,1
"LINC02055",0.0531167398792512,2.0611705260437,0.012,0.002,1
"TCOF1",0.0533182482460188,0.397469257337077,0.135,0.104,1
"RMI1",0.0534203721340776,1.17874184378657,0.023,0.009,1
"IFT88",0.0534319497629821,-0.538019594882159,0.055,0.071,1
"RSRC1",0.0534595543010977,0.388080737392017,0.169,0.13,1
"ENSG00000284691",0.0535195087875397,-0.373994335701783,0.114,0.135,1
"FBXW5",0.0535208653720096,-0.235233247094731,0.216,0.226,1
"IGSF8",0.0536126991646332,-0.286877751252051,0.102,0.119,1
"KLHL23",0.0537020341219809,1.55850081667195,0.017,0.006,1
"USP11",0.0537349840134223,0.141955028658987,0.195,0.153,1
"RNF103",0.0537714834310214,0.412343562041755,0.095,0.068,1
"ZMYND8",0.0538273137911821,0.433583538647055,0.105,0.08,1
"TIMM17B",0.0538504075768865,-0.226317509045384,0.184,0.204,1
"CTSC",0.0538860475404392,-0.399577052690815,0.14,0.162,1
"TLK2",0.0541028131511321,0.299591685656501,0.22,0.169,1
"ZFP91",0.0541159717164028,0.384796692723651,0.189,0.142,1
"IFIH1",0.0542886818127615,-0.208165937265002,0.12,0.137,1
"MFF",0.0544388555639717,0.160611929178092,0.323,0.287,1
"ENSG00000288934",0.0544512199749544,-1.77506348295078,0.003,0.011,1
"SOS2",0.05454116876974,-0.247383694417016,0.205,0.222,1
"FMNL3",0.0545884230105867,0.558832617989873,0.081,0.053,1
"ZNF107",0.0546100240883301,0.338027264658856,0.161,0.115,1
"LINC02613",0.0546279489092099,0.916856042868281,0.041,0.022,1
"ARL6IP4",0.0546465647101247,-0.148378256864453,0.519,0.54,1
"AFF1",0.0547222974450765,-0.248229229836173,0.234,0.254,1
"BPGM",0.0547834427882461,0.192323827095946,0.302,0.256,1
"ADORA2A",0.0548229287846486,0.892428163736643,0.032,0.016,1
"E2F4",0.0549052265324944,-0.249627953577431,0.203,0.218,1
"CD83",0.055018232383675,0.139025217733736,0.158,0.124,1
"TMEM161A",0.0550874908195727,-0.288892617932346,0.053,0.062,1
"ZNF516",0.0551135997974478,0.907160031506104,0.039,0.02,1
"WDR47",0.0551330935718131,0.681969030844451,0.068,0.041,1
"ZNF10",0.0552976737137399,0.516782053244451,0.099,0.074,1
"SPRYD7",0.055333897102696,-1.39438651234417,0.005,0.013,1
"MCAT",0.0553779749573329,-0.52395907758413,0.049,0.069,1
"RNF130",0.0554733437292352,-0.246995155149893,0.167,0.179,1
"ZNF699",0.0554870796470036,0.507713846225862,0.063,0.039,1
"PIN1",0.055493835830151,-0.272198557507156,0.247,0.28,1
"EOLA2-DT",0.0554969756220475,-1.16997442429735,0.008,0.015,1
"GTPBP6",0.0555407590499445,-0.229358989726782,0.201,0.221,1
"YWHAQ",0.0556007951245817,-0.167001502234723,0.415,0.43,1
"NRM",0.0557730502995786,-0.929569525970789,0.013,0.023,1
"THOP1",0.0559055223910596,-0.357308287542311,0.048,0.061,1
"PMM1",0.0560337418646893,-0.418328303992177,0.067,0.071,1
"TPTEP1",0.0561438560582477,-0.62921554729758,0.041,0.06,1
"PRKCZ",0.0561511339100624,-0.826459620346806,0.02,0.034,1
"DCAF1",0.0563166175513619,0.318619006718623,0.108,0.077,1
"PIGK",0.0563210475137585,0.383710795898404,0.217,0.164,1
"DNPEP",0.056352710993724,-0.188276009448503,0.217,0.233,1
"ENSG00000290577",0.0563527187305477,-0.530684401336086,0.055,0.071,1
"GMDS-DT",0.0565048538211051,0.504108426697197,0.095,0.061,1
"FBXO25",0.0565608931019005,0.374093870549968,0.114,0.081,1
"C10orf143",0.0565642870226039,-0.850361057416391,0.016,0.027,1
"TDP1",0.0566797078134868,-0.235834332268379,0.081,0.089,1
"ITGAE",0.056710102359041,-0.134500819988079,0.216,0.233,1
"PPP1R12B",0.05689089056421,0.340765116342725,0.067,0.046,1
"DESI2",0.0568998085638094,0.184806749846272,0.141,0.111,1
"HAGHL",0.0569983708550341,-0.840709787223353,0.011,0.021,1
"GABARAPL1",0.0570388821420247,-0.344623384837775,0.129,0.149,1
"GARRE1",0.0570944529011041,-0.376005568963573,0.125,0.141,1
"BRD3OS",0.0571275431347094,-0.653273315402664,0.031,0.042,1
"LINC00685",0.0571942244549373,-1.22535262249581,0.005,0.012,1
"FBL",0.0572955357970668,-0.119079738059843,0.581,0.585,1
"FLI1",0.0573152988260006,0.126861832261736,0.287,0.242,1
"ZNF362",0.0573240835435159,0.575735960367985,0.073,0.043,1
"TFG",0.0573300892342498,-0.245624973978199,0.233,0.258,1
"KIAA0513",0.0574208400072983,-0.437132400252091,0.04,0.05,1
"PPP1R9B",0.0574545857625435,-0.473053759079459,0.018,0.02,1
"CDK17",0.0574844160699074,0.205662894224344,0.428,0.35,1
"DDX19A",0.0575515775081302,-0.175768421684739,0.139,0.148,1
"SEC11C",0.0576323650714088,-0.261410415009349,0.312,0.334,1
"UBR1",0.0577735497055499,0.325283163733943,0.216,0.159,1
"B3GALT6",0.0578144272247384,-0.38829289325987,0.122,0.138,1
"MIR29B2CHG",0.0578469144296813,0.478673652274379,0.072,0.053,1
"PPFIA1",0.0580286773903228,0.309779472409775,0.171,0.13,1
"MON1A",0.0581145612967894,-0.559787065516621,0.067,0.085,1
"FAM83G",0.0583160799715908,-0.503395325493961,0.046,0.056,1
"CSDE1",0.0584185853430959,0.123646546875663,0.759,0.704,1
"FAM53C",0.0584437780340956,0.27356621910738,0.083,0.073,1
"ANKRD54",0.0584476704332184,-0.475853046859206,0.066,0.085,1
"ARHGAP31",0.0585599064369366,-0.214214484829228,0.134,0.141,1
"ZBTB25",0.058560907949981,0.233339910075904,0.18,0.138,1
"FLYWCH1",0.0586846090583569,-0.506640412013971,0.035,0.047,1
"PLEKHJ1",0.0587776479764829,-0.258256722765025,0.222,0.249,1
"NCF1B",0.0588385485520593,-0.479569955517336,0.066,0.083,1
"SLC39A3",0.0588516218458785,-0.250311768996205,0.119,0.135,1
"PIGH",0.0588892048378759,0.14354306436452,0.128,0.116,1
"CTDP1",0.0589313060075652,-0.277966606820509,0.12,0.126,1
"NUFIP2",0.0589809365173978,0.22784548927031,0.289,0.23,1
"YPEL3",0.0590225673381994,-0.191905461041054,0.702,0.713,1
"ALAS1",0.0591825869118925,0.242785912242722,0.136,0.112,1
"MDM2",0.0591833876445778,0.44179508760286,0.108,0.076,1
"MRPS15",0.0592249631481535,-0.212834355330389,0.263,0.288,1
"NPIPB3",0.0592262642965485,0.959063028640415,0.027,0.012,1
"TCP11L1",0.0593179015806367,-0.800010235115632,0.025,0.039,1
"DTX3L",0.0594943800412489,-0.229494001742303,0.137,0.131,1
"DUSP7",0.059544870232762,1.74118136246332,0.016,0.005,1
"A1BG",0.0595509885036105,-0.560866086211801,0.06,0.083,1
"MTERF4",0.0595622787486823,-0.18446818813333,0.37,0.389,1
"ENSG00000258471",0.059649277550638,-1.31555247369628,0.007,0.015,1
"RAP1A",0.0596624562001493,-0.137715986525761,0.526,0.547,1
"PTPA",0.0598317932376688,-0.344622360511815,0.072,0.075,1
"SCLT1",0.0598501547973537,0.339351081178668,0.175,0.133,1
"TRIM69",0.0598710448947465,-0.617803266616967,0.043,0.056,1
"POLA1",0.0598886475303915,1.74788590089313,0.013,0.004,1
"ENSG00000255139",0.0599964631143872,0.438268656748989,0.033,0.02,1
"RIOX2",0.0600304979157431,0.739212639030693,0.044,0.022,1
"GPHN",0.0600987946303467,-0.272651264140902,0.105,0.123,1
"FCHSD1",0.0601264962800856,-0.693581361240128,0.019,0.03,1
"HECA",0.0602035187663154,0.30800142396756,0.198,0.157,1
"KLHDC10",0.0602212946899526,0.468265472351152,0.107,0.074,1
"TMEM101",0.0602245179745428,-0.285052149929828,0.089,0.089,1
"TCTN1",0.0602358946101302,-0.397847849552606,0.026,0.035,1
"FAM177A1",0.060295413362967,-0.162415336165751,0.641,0.619,1
"CCDC88A",0.0604439677924914,-0.773961768277036,0.025,0.033,1
"ALDOA",0.0605732752904086,-0.139487661044259,0.617,0.605,1
"CCDC127",0.0606474077940401,-0.212019581686153,0.093,0.103,1
"MCC",0.0606560316041035,1.33281724290733,0.021,0.008,1
"COX5A",0.0606980502880171,-0.180666266757522,0.382,0.388,1
"BTBD7",0.060791516367059,0.282345168351818,0.148,0.123,1
"PSMD1",0.0608102900608323,-0.180147174850065,0.234,0.248,1
"PYCR2",0.0608630107572714,-0.232389475654188,0.254,0.275,1
"POC1B-AS1",0.0610008344005309,-1.22756039882064,0.008,0.015,1
"CDC42SE2",0.0611513219977779,0.129352672157741,0.72,0.671,1
"PTPN2",0.0613037302049826,0.208964580020612,0.348,0.306,1
"UQCRC2",0.061441305935399,-0.139359707983249,0.416,0.43,1
"PTPN11",0.0614633726294343,0.261789219380389,0.231,0.174,1
"SPINK2",0.0616609480373471,-1.06278143290468,0.009,0.016,1
"WBP4",0.0617197800787905,0.317197004045266,0.154,0.115,1
"ZSCAN2",0.0617670904797621,-0.254341119424204,0.036,0.036,1
"LMAN1",0.0618287939366648,-0.286179498053346,0.218,0.239,1
"SLC25A32",0.0618377897504858,0.329881854015335,0.196,0.148,1
"ZFPL1",0.0618402159321376,-0.20166337445505,0.09,0.083,1
"VAMP4",0.0619651140694546,-0.293067017407919,0.104,0.122,1
"CYB5R1",0.0620446696067702,0.436165013573829,0.085,0.057,1
"TRMT11",0.0620908129913673,0.42115770723859,0.101,0.069,1
"ERGIC3",0.0621695676371915,-0.138546779274927,0.431,0.45,1
"TMCO4",0.0622121807681914,-1.07272736278148,0.015,0.022,1
"STK39",0.062286269279537,0.438157201366568,0.124,0.085,1
"RETREG3",0.0623800472819658,0.310491358631459,0.182,0.139,1
"TOB1",0.0625532638531516,0.250711937449194,0.244,0.194,1
"GTF3C2",0.0625663835634576,0.263789193170555,0.174,0.131,1
"AGTPBP1",0.0628031722286303,0.286101377485363,0.26,0.206,1
"GCNA",0.0628848152245732,0.59391784635607,0.018,0.009,1
"TMEM219",0.0628929281507892,-0.286061206449783,0.2,0.218,1
"ABHD3",0.0628942378223338,0.284143556262997,0.134,0.107,1
"MAL",0.0629431056457646,0.189527228750366,0.439,0.371,1
"TRGC2",0.0629949909195721,-0.897641251040742,0.008,0.015,1
"ZNF565",0.0630184204224483,-0.515559175951132,0.062,0.077,1
"ENSG00000287382",0.0630919054294753,0.651572974828596,0.025,0.012,1
"HEATR5A",0.0631614061300101,1.09270516470758,0.027,0.012,1
"ZPR1",0.0632178178865892,0.296709711993923,0.152,0.111,1
"MIR3667HG",0.0632609850016041,-0.412776105981782,0.068,0.088,1
"DTD1",0.0634696273581729,0.566190019665351,0.045,0.026,1
"CRACR2A",0.0636234306395972,0.547360971009211,0.083,0.053,1
"TBC1D9B",0.0636275101767595,-0.321326249087695,0.068,0.082,1
"GTF2H1",0.0636382880366351,0.281675455101175,0.29,0.238,1
"FAM171A1",0.0637571585603163,-0.381341538779881,0.072,0.087,1
"OAZ2",0.0638157498358988,-0.485692771066665,0.076,0.096,1
"NTAN1",0.0638214128368204,-0.136049559448049,0.112,0.109,1
"TTC24",0.0639778569171312,1.17942803482133,0.029,0.013,1
"PPFIBP2",0.064119573076051,0.580376878083564,0.047,0.033,1
"PDIA3",0.0641248462897156,-0.141704261177589,0.55,0.562,1
"TRGV5",0.0641341556320107,-1.31354497242009,0.006,0.013,1
"SPN",0.064157309927722,-0.335331467444312,0.126,0.141,1
"THOC6",0.0641686930096952,-0.23109005745747,0.106,0.121,1
"CCZ1B",0.0642329843159914,0.610610267335186,0.066,0.042,1
"ENSG00000289960",0.0643107588183337,1.56172759047836,0.012,0.004,1
"GCHFR",0.064329718638112,-0.37540757612084,0.077,0.095,1
"RFX7",0.0645760219263648,0.227686593963068,0.222,0.184,1
"TRBV7-3",0.0646359501733462,0.845284261878135,0.025,0.012,1
"UBA7",0.0646715514312811,-0.42745130303024,0.064,0.073,1
"FEM1B",0.0648305816642647,0.11384537775346,0.123,0.096,1
"PTP4A3",0.064835633638864,-0.57681528393174,0.032,0.046,1
"C2orf68",0.0648687905107666,-0.440991479463409,0.101,0.122,1
"SSBP3",0.0649575631538045,-0.227201312885854,0.151,0.172,1
"TRBV19",0.0649662758161298,-0.671953400081577,0.049,0.066,1
"SLC25A35",0.0650883270676257,-1.31936215769445,0.007,0.015,1
"ZNF395",0.0651602764227384,0.449913260498477,0.087,0.059,1
"NPIPB4",0.0653223201898749,-0.413043958132368,0.046,0.053,1
"DROSHA",0.065369767986144,0.479417210557984,0.094,0.061,1
"GPR155",0.065384877532763,0.38848350681074,0.135,0.102,1
"C12orf75",0.0653866928293877,-0.311563499885785,0.107,0.129,1
"RPS6KA2",0.0654210211328015,0.61503025968091,0.054,0.035,1
"PCSK5",0.0656651730069036,0.481109492629571,0.09,0.067,1
"RAB11A",0.0658574433958585,0.132320566994469,0.572,0.501,1
"MTERF1",0.0659411673285797,0.295491029192358,0.081,0.063,1
"ZYG11B",0.0659503110223855,0.480281617923568,0.091,0.061,1
"ZNF48",0.0661526663814149,-0.198145677070365,0.061,0.067,1
"IGF2R",0.0661566871515111,0.317154970500808,0.163,0.123,1
"ARMC10",0.0661868391945755,-0.170680682869497,0.142,0.139,1
"KLHL20",0.0662237600038945,0.315325704103069,0.17,0.138,1
"ENSG00000197585",0.0663748605521267,-1.13612611119565,0.009,0.016,1
"VPS13D",0.0664699331040876,0.320032294348238,0.153,0.112,1
"DPY30",0.0665565797478396,0.143562772216181,0.304,0.265,1
"TNFRSF10A",0.0665678134127374,-0.407322857252715,0.155,0.169,1
"MON2",0.0665963249275467,0.270367597094187,0.218,0.165,1
"SF3B2",0.0666543822773163,-0.147673064425732,0.571,0.577,1
"ARMH4",0.0667083185712438,0.400181818004842,0.071,0.044,1
"ZSWIM7",0.0667233595766342,-0.36025202091635,0.113,0.129,1
"SMS",0.0667315992542004,-0.337052671031447,0.116,0.137,1
"PITHD1",0.0667748146049257,0.151136017020108,0.313,0.266,1
"PRDX6",0.0667911737167583,-0.213289746507588,0.361,0.379,1
"ELOF1",0.0668101067252667,-0.341919961717104,0.16,0.181,1
"FHL2",0.0668413827856184,-1.25479033110556,0.011,0.02,1
"IKBIP",0.0669387140817314,-0.245182460730577,0.073,0.084,1
"UCKL1",0.0669664061055771,-0.417487752880612,0.125,0.15,1
"NEURL1",0.0669694673499245,-0.817177217242323,0.017,0.028,1
"HERC1",0.0670376206291968,0.156802130958426,0.648,0.597,1
"SUPT6H",0.0670524881019904,0.32545866601437,0.294,0.228,1
"BDP1",0.0671402530284048,0.241811316652833,0.329,0.272,1
"TAB2",0.0671689983565563,0.264783621305526,0.447,0.385,1
"ABRACL",0.0672403338930272,-0.180488095221459,0.54,0.557,1
"PDPR",0.067324513946354,0.425201580914719,0.095,0.063,1
"RNLS",0.0673479720474665,0.176945514596799,0.013,0.006,1
"ENSG00000287070",0.0676831489929543,0.464030153608864,0.041,0.028,1
"PBX4",0.0676977894267739,0.285907867781488,0.185,0.141,1
"KLHL18",0.0679795461811366,0.341020821351728,0.113,0.091,1
"MED11",0.0680832662238019,-0.242470388637467,0.134,0.15,1
"ZRANB2",0.068103600057298,0.103222348319162,0.464,0.419,1
"SDHAP4",0.0681776706562827,0.491307094858936,0.056,0.035,1
"CACTIN",0.0681997909107888,-0.37537962215303,0.061,0.076,1
"SLC48A1",0.0683751933711432,-0.848014092676509,0.022,0.035,1
"HECTD4",0.0684311300408157,0.225340837122695,0.138,0.115,1
"MANEA",0.0684815764126539,-0.237337013864083,0.072,0.082,1
"ZSWIM6",0.0684999218548673,0.28886943187053,0.208,0.158,1
"UBE2D1",0.0685099119880692,0.25304084961641,0.209,0.164,1
"POLR3B",0.0686413458927925,0.265787572233215,0.069,0.047,1
"RASA3",0.0687621821702861,0.153940641418828,0.535,0.465,1
"ENSG00000222017",0.0687743314459228,0.912404688158501,0.022,0.011,1
"ENO2",0.0688049444824462,-0.456478472758696,0.101,0.119,1
"UFL1",0.069062659859626,0.180820067138316,0.26,0.231,1
"CAB39L",0.0690735087893312,-0.824057490468139,0.02,0.028,1
"PHAF1",0.0690886533798997,0.402407648470442,0.07,0.046,1
"MYO1G",0.0692883194161363,-0.412916691121875,0.063,0.076,1
"RBM6",0.0692985522635111,0.181198045228721,0.272,0.235,1
"CCDC92",0.0694938530704895,-0.2847720240926,0.185,0.2,1
"ABCA1",0.0696611797412213,-0.58154830135578,0.075,0.096,1
"AHR",0.0697850285468397,0.390766260080762,0.103,0.07,1
"FOCAD",0.0698993658201693,0.516590867132503,0.074,0.053,1
"AIMP1",0.0699375852487144,0.250748898861602,0.267,0.215,1
"NADK",0.0699700256491116,-0.501481825107009,0.065,0.083,1
"RUNX2",0.0700530688739506,-1.12659953870743,0.008,0.016,1
"PAG1",0.0701622207644752,0.194687904198107,0.419,0.359,1
"ANP32A",0.0701821607942136,-0.212822348466746,0.355,0.386,1
"ZNRF2",0.0702992890162591,0.294696589974344,0.194,0.153,1
"CBR1",0.0703137767558868,-0.398902539579475,0.07,0.08,1
"SERPINB9",0.0704881964963841,0.279026108725498,0.274,0.212,1
"ENDOD1",0.0705867415898504,-0.966005475793952,0.014,0.026,1
"INPP5E",0.0705900615571642,-0.639392153042935,0.042,0.055,1
"KLHL3",0.0707585635117692,0.935829721443523,0.021,0.009,1
"KIF21B",0.0708682979414113,0.2656174230882,0.096,0.069,1
"ENSG00000248268",0.0708733155171618,0.38592633947408,0.087,0.057,1
"INVS",0.0709542263689903,0.365132817035511,0.156,0.116,1
"TRMT61A",0.0711711993825576,-0.411199466573708,0.046,0.062,1
"ENSG00000179253",0.0713479328557681,0.518577027034048,0.023,0.013,1
"ENSG00000291220",0.0713851751663389,-0.775151062638195,0.018,0.028,1
"TSPAN2",0.0713940130743964,0.314381291866296,0.149,0.112,1
"ZFP62",0.0714421013479286,0.148262646845289,0.058,0.043,1
"UTP20",0.0714687830349622,0.394672539288552,0.081,0.053,1
"ZNF778",0.071775998087186,0.636426594484476,0.047,0.027,1
"CHCHD5",0.0717761311324089,-0.21387636706679,0.14,0.156,1
"ANKRD39",0.0718140679998866,-0.116560913812887,0.07,0.077,1
"GRK6",0.0718192752676386,-0.161154690291902,0.321,0.329,1
"VDAC1",0.0718607546984163,-0.136921011166416,0.369,0.361,1
"KDM3B",0.0719108164236752,0.248721124371945,0.151,0.112,1
"ZDHHC4",0.0719541462712535,-0.408915118136419,0.099,0.117,1
"CROCCP2",0.072356339594049,0.303697426623238,0.179,0.138,1
"ATXN2",0.072416611879858,0.109678967112974,0.183,0.15,1
"CALHM6",0.072595711606018,0.416619137233239,0.047,0.035,1
"CRYBB2P1",0.0727441378439945,-0.437866926496751,0.117,0.139,1
"BLOC1S5",0.0727685711842403,0.340049511202742,0.118,0.083,1
"IER3-AS1",0.0730478768127034,-1.10967788002318,0.007,0.013,1
"ENSG00000229151",0.0731401966652861,0.641186033379988,0.053,0.029,1
"NUP93",0.0732187600144861,0.343191103894286,0.141,0.11,1
"KIAA0825",0.0732434908013028,-0.606238220710488,0.011,0.019,1
"CHD1",0.0733531023062167,0.194179781829514,0.416,0.347,1
"CCDC43",0.073546660825453,0.442371790352701,0.104,0.076,1
"ENSG00000256152",0.0735720122610438,-0.777566845188684,0.018,0.028,1
"KLHL22",0.0736633775481224,0.468708957565084,0.057,0.036,1
"DIDO1",0.0736713550375799,0.177035930003429,0.253,0.217,1
"PFKP",0.0736786403109407,-0.37352794565425,0.063,0.07,1
"NASP",0.073734727046214,0.109440032301252,0.595,0.521,1
"GNAI2",0.0738589909882198,-0.135130031529562,0.611,0.625,1
"ZNF343",0.0739453608243114,0.290906447316804,0.031,0.02,1
"SCPEP1",0.0741093595642159,-0.116491300143857,0.039,0.036,1
"UNC119",0.0741888430202394,-0.1525151038697,0.18,0.2,1
"SAP18",0.0742759400975036,-0.139044663223486,0.699,0.705,1
"ENSG00000289375",0.0743207575194165,-1.90241883509894,0.004,0.011,1
"ENSG00000289135",0.0743834748318127,-0.710890114425415,0.022,0.033,1
"PSD",0.0743966546283205,-0.446918423634356,0.098,0.121,1
"HM13",0.0745155928950443,-0.186353370124141,0.262,0.279,1
"NHP2",0.0746006061088335,-0.188641403343411,0.313,0.316,1
"EZH2",0.0746991208547955,-0.408312770363076,0.075,0.09,1
"ANKRD17-DT",0.0747360606390266,1.02069589558409,0.023,0.009,1
"HNRNPF",0.074757143747162,-0.1298855919939,0.715,0.719,1
"OXSR1",0.0748914447576607,0.419868530713965,0.149,0.105,1
"RALY",0.0749556534392325,-0.169263322993745,0.513,0.527,1
"CCT3",0.0751249694031336,-0.13212552903269,0.499,0.507,1
"VIM-AS1",0.0753164109556971,-0.239824504486244,0.116,0.117,1
"PMS1",0.0753260485425437,0.469453244902612,0.073,0.052,1
"BCL2L11",0.0754252368030512,0.322341425693799,0.13,0.104,1
"TSSC4",0.0755792771200212,-0.223474674980163,0.283,0.293,1
"INTS12",0.0756308505625343,0.216727595284238,0.106,0.093,1
"TUBGCP3",0.0756386397133189,0.54821458587447,0.069,0.044,1
"GLG1",0.0757519295875825,0.217627700996661,0.375,0.31,1
"CHRM3-AS2",0.0757910210719743,0.178915421958268,0.242,0.198,1
"KLHL29",0.0758725966798157,-0.524884367250696,0.022,0.03,1
"NAP1L5",0.0759800788342764,-0.331419374456255,0.025,0.032,1
"ZNF213",0.076094183462638,0.768064300832563,0.023,0.011,1
"LAGE3",0.0761793597837214,-0.266534230982544,0.22,0.233,1
"KLRG1",0.0762088722591244,0.837463648446952,0.06,0.036,1
"TMEM135",0.0765649981577686,0.467474992334644,0.085,0.063,1
"KCNC4",0.0766458399277843,0.160598911918597,0.019,0.012,1
"GOLGA7B",0.0766698552826389,-0.707515546661281,0.018,0.028,1
"STAT5A",0.0767474417321606,-0.352111803015924,0.178,0.192,1
"ANKRD40",0.0769548970692182,0.412963944646846,0.075,0.049,1
"TEN1",0.0770130868241403,-0.461560395168338,0.059,0.075,1
"CBFB",0.0771562387292366,-0.226201626221417,0.211,0.222,1
"GOLGA8B",0.0772449505733341,0.457422729366218,0.099,0.066,1
"LINS1",0.0772635944357448,-0.260017611933205,0.226,0.241,1
"ZSWIM4",0.0773386327990461,-0.946460748676189,0.017,0.026,1
"MPC2",0.0773779300681228,0.192488259410608,0.326,0.265,1
"MBD1",0.0774018656121118,-0.245432772496858,0.164,0.164,1
"RANBP10",0.0774355565867412,0.496094700022966,0.079,0.052,1
"RCN1",0.0774623044919288,-0.508474633576239,0.03,0.042,1
"UBOX5",0.0775000560570155,0.429242843116582,0.064,0.041,1
"GON7",0.0775016579714194,-0.449178316191509,0.09,0.101,1
"RNF44",0.0776079583521855,0.221541224365887,0.262,0.212,1
"UNC119B",0.0776765238354951,-0.729536517619787,0.031,0.044,1
"MICB",0.0777738821671958,-0.692868116476492,0.032,0.046,1
"RAB7A",0.0778831497058117,-0.1210849417438,0.555,0.571,1
"RYBP",0.0779671965132973,0.527916644658845,0.096,0.064,1
"SCRIB",0.0779721560126537,-0.841000362381404,0.015,0.026,1
"TRAPPC2L",0.07812834670131,0.332937083965635,0.198,0.149,1
"IARS2",0.0782165226929849,0.33562344351965,0.191,0.145,1
"TSEN15",0.078238038660745,0.336841312184832,0.137,0.096,1
"BBS7",0.0783718459222318,-0.363555296630813,0.046,0.056,1
"CD40LG",0.0784246861040783,0.314161103391122,0.163,0.136,1
"POLR3K",0.0784523351678431,0.283313880074595,0.091,0.064,1
"GTF2H4",0.0784796540030664,-0.359873003591599,0.065,0.075,1
"PIAS1",0.0784931304204808,0.202689626052971,0.47,0.405,1
"CCT5",0.0785153967933123,-0.178127749532441,0.376,0.379,1
"IFNG-AS1",0.0785311008081605,0.804838420678132,0.024,0.014,1
"SPEN",0.078609614981929,0.279321159486204,0.226,0.18,1
"KANSL1L",0.0786262107684381,-0.416989289168798,0.089,0.107,1
"CEP128",0.0786763177351789,0.80431257862652,0.036,0.019,1
"RBM4B",0.0787121952692385,0.389716265942091,0.091,0.064,1
"KDM7A-DT",0.0787733972174808,-0.375234389763462,0.056,0.069,1
"TRIM38",0.0788813911786798,0.317372698696953,0.153,0.112,1
"SNX14",0.0789086775565797,-0.298155379349152,0.091,0.104,1
"ITGB2-AS1",0.0790571922119702,0.198827176927738,0.168,0.133,1
"RAD21",0.0791197397181334,0.104498095902446,0.632,0.56,1
"RGS2",0.0791678755077617,1.32491880407166,0.013,0.006,1
"IRGQ",0.0791749309259069,-0.795351107342522,0.017,0.022,1
"MATK",0.0791763175149114,-0.520974037468585,0.03,0.04,1
"DRAM2",0.0792311011537583,0.155476700923236,0.199,0.177,1
"OSBP",0.079250919894603,0.31891289974692,0.211,0.16,1
"UBQLN1",0.0793750723047504,0.294866038386785,0.28,0.231,1
"WDFY2",0.0793956371864836,0.312039487475857,0.178,0.132,1
"RND1",0.0794122275738565,1.11615379479752,0.018,0.008,1
"ZFAND2B",0.0794357513444161,-0.292998704747239,0.147,0.167,1
"WASL-DT",0.079577100254998,-1.11279774056862,0.009,0.018,1
"FLII",0.0795901968511356,-0.335393139494296,0.14,0.158,1
"MAP3K7",0.0796217794878523,0.220116722369315,0.137,0.104,1
"ANKRD26",0.0796673367865471,0.310394287572378,0.136,0.097,1
"REEP5",0.0798552668137016,-0.202037996146821,0.194,0.205,1
"ATG16L1",0.0799458532885593,0.317049432110315,0.098,0.078,1
"TRMT2B",0.0800789808244309,0.310635935907716,0.044,0.029,1
"PPM1G",0.0802571650796967,-0.172301659862089,0.441,0.454,1
"PDE7B-AS1",0.0802617132305679,1.3719333512256,0.011,0.002,1
"ENSG00000254898",0.0803486215007603,-1.37197648305784,0.006,0.014,1
"LYSMD4",0.0804223160361896,-0.411750219689642,0.03,0.041,1
"PGM3",0.0804412564076442,0.458659015096941,0.07,0.053,1
"RHBDD3",0.080445577666171,0.406644053392366,0.024,0.014,1
"SPRY3",0.0806195178010607,1.28697859455722,0.024,0.011,1
"LARS2",0.0806548401396661,-0.413430605718554,0.071,0.083,1
"ABHD17A",0.0807810665192586,-0.143679497257329,0.551,0.564,1
"UQCR10",0.0809283756543023,-0.126583968892683,0.723,0.733,1
"SNHG1",0.0809913413074045,-0.24802909153244,0.359,0.395,1
"PRELID3B",0.0810304995390041,-0.235046842632,0.277,0.294,1
"PYM1",0.0811315282971394,0.386893772016446,0.153,0.111,1
"PMF1",0.0812082322658146,-0.134315964576203,0.276,0.28,1
"BCAS3",0.0813141180529936,0.429891459624332,0.165,0.115,1
"TCAF2C",0.081538406653538,1.58976939542347,0.012,0.004,1
"SNURF",0.0815750594440312,0.323682675272871,0.032,0.022,1
"ENSG00000265401",0.0815917836807566,0.922098877209866,0.042,0.022,1
"PCNP",0.0817085437856843,-0.205030497355205,0.388,0.409,1
"XPC",0.0817726600840454,0.279168483430046,0.229,0.181,1
"NUB1",0.0817964638745368,0.243062625930208,0.323,0.269,1
"BLK",0.0818329238160657,0.864774472467646,0.029,0.013,1
"RNH1",0.0818958076265985,-0.167986390064059,0.388,0.39,1
"TALAM1",0.0819248498105726,-0.120920441494006,0.93,0.934,1
"TCF12",0.0819741149934698,0.19160758071665,0.369,0.315,1
"TRIM16",0.0820242245554555,-0.951418258558543,0.013,0.022,1
"ZFYVE1",0.0820569571847902,0.11929832606359,0.051,0.036,1
"ENSG00000287252",0.0821719791517734,-1.66684504750916,0.004,0.011,1
"SEC61A1",0.0822111173733652,-0.228722498066726,0.196,0.217,1
"OSER1",0.0822236822274778,0.22390132107264,0.271,0.222,1
"PSME3IP1",0.0822665912406344,0.338735357458038,0.138,0.103,1
"LYRM4",0.0824534923220177,-0.150267158402267,0.109,0.102,1
"DMTN",0.0824632638924665,-1.43764101437996,0.004,0.011,1
"ANKHD1-DT",0.082465475436508,0.969157323839767,0.013,0.006,1
"ENSG00000261526",0.0824777791597029,0.151314484216227,0.046,0.034,1
"FBXO33",0.0824915105741747,0.27015552833849,0.177,0.137,1
"PIK3R4",0.0825972630270328,0.39870439173827,0.118,0.084,1
"HNRNPM",0.0827470300654497,-0.121086576354397,0.519,0.534,1
"LZTS2",0.0827525190331525,-0.687431239511948,0.024,0.035,1
"HEXIM1",0.0827733315701618,0.442151858406026,0.12,0.087,1
"CPPED1",0.082835044908903,-0.89351661325683,0.011,0.02,1
"OSTM1",0.0828363621289301,-0.27807754195978,0.095,0.107,1
"ENSG00000290399",0.0828596721565165,1.06018251076814,0.021,0.008,1
"GTF2E2",0.0828984634371371,0.166020272446643,0.181,0.148,1
"CYP20A1",0.0830355728210578,0.237405988163369,0.243,0.189,1
"HEATR5B",0.083050677073432,0.13579429197875,0.15,0.122,1
"MCM3AP",0.0830562056291347,-0.237783498563281,0.088,0.101,1
"RCL1",0.083347198695844,-0.406487077586971,0.087,0.104,1
"STARD10",0.0834445412631039,-0.27214360894722,0.158,0.176,1
"ZFYVE16",0.0834678279184554,0.465664778982167,0.106,0.069,1
"ACOX3",0.0835891627304725,-0.477810461687668,0.042,0.047,1
"DNAAF5",0.0836763212893534,-0.606508751680397,0.04,0.052,1
"GSK3B",0.0837124486095542,-0.141340843553318,0.211,0.198,1
"FAM174C",0.0838995978214142,-0.215444119863742,0.202,0.224,1
"ZNF835",0.0839055099108632,1.57996906866827,0.01,0.002,1
"PAFAH1B3",0.0839594524905808,-0.356236420383058,0.103,0.124,1
"PTGER4",0.0840875966368,-0.186342469108629,0.166,0.186,1
"TRAPPC13",0.0841217423165009,0.137483811961629,0.072,0.056,1
"ST3GAL1",0.0841634291598537,0.356348752675844,0.164,0.122,1
"ENSG00000290048",0.0842880284601094,0.855293327335255,0.027,0.014,1
"MBP",0.0843773445036723,-0.155851148378959,0.505,0.499,1
"DICER1",0.084466821437953,0.209989010049902,0.226,0.186,1
"UBR5",0.0845116098179897,0.215742115324142,0.29,0.235,1
"ACOT8",0.0845886800432682,0.312778905813704,0.095,0.071,1
"ZMYM5",0.0846506083481394,-0.252414280753089,0.125,0.129,1
"FKBP4",0.0847183326876982,-0.257694146054791,0.176,0.197,1
"CARNS1",0.084798925835987,1.29769123025264,0.01,0.004,1
"ANKRD49",0.0848057645689352,0.205711141498855,0.2,0.165,1
"BRPF3-AS1",0.0848063226905929,-1.10973830105422,0.013,0.025,1
"CILK1",0.0849666449253118,0.524303906684647,0.063,0.041,1
"FOXP1-AS1",0.0850221415985726,0.105781623492955,0.042,0.032,1
"RAB37",0.085028657797995,-0.411004571586876,0.015,0.013,1
"MZT2A",0.0850397362847656,-0.103303379979286,0.43,0.44,1
"PLA2G2C",0.0851065436020438,-0.66641170403854,0.015,0.022,1
"MRPS22",0.0851334225061456,0.307373964307813,0.189,0.144,1
"PRXL2A",0.0852360185460935,-0.785820660978664,0.032,0.047,1
"WDR13",0.0852398233908267,-0.303947104170688,0.075,0.088,1
"ENSG00000290057",0.085423150231483,0.574608036401481,0.056,0.036,1
"NFAT5",0.0854317404177116,0.240364402727403,0.264,0.206,1
"CNIH1",0.0854324987722756,-0.161908490404216,0.368,0.386,1
"ITGA4",0.0854601561499434,0.297156937701899,0.313,0.249,1
"ATXN7L3",0.0854654775866878,0.387785295352513,0.07,0.052,1
"ZMAT3",0.0856057006348076,0.163259478925761,0.126,0.115,1
"PGM5P2",0.0857100044858979,1.09693075269865,0.024,0.011,1
"ATG12",0.0857329665883313,0.173495134456224,0.261,0.222,1
"PWP2",0.085877429105297,-0.438039310940833,0.069,0.084,1
"RICTOR",0.085893868480381,0.134552077187591,0.381,0.317,1
"SIN3A",0.0859390273654781,0.28811631683904,0.267,0.214,1
"FOXJ3",0.0860267606650002,0.245622620662379,0.287,0.23,1
"PATZ1",0.0862312313622618,-0.338798238198937,0.127,0.145,1
"GPA33",0.08625318255387,-0.207042889669944,0.06,0.052,1
"ATP7A",0.086266256264865,-0.391622297765577,0.094,0.105,1
"NR2C2AP",0.0863211857873564,-0.506853621156205,0.078,0.096,1
"EGLN1",0.0863535021364018,-0.21219309825179,0.121,0.118,1
"SARDH",0.0867472210206768,0.358070749018695,0.095,0.066,1
"JOSD2",0.0867543780279821,-0.309441502495575,0.05,0.06,1
"TCEA1",0.0867559693369103,0.148177050591678,0.468,0.422,1
"ZFYVE26",0.0867660753841475,0.287716051807032,0.062,0.049,1
"SNED1",0.086856607911599,0.212268435671255,0.122,0.108,1
"EXOG",0.0868953488020223,0.205480430579027,0.121,0.09,1
"CD2",0.0869787001158383,0.142105140100447,0.71,0.664,1
"CDIP1",0.0869845866024091,-0.25420946212272,0.16,0.173,1
"CA6",0.0870082711789518,-0.332607550068196,0.042,0.042,1
"PTBP3",0.0870365612941754,-0.175990653169009,0.27,0.263,1
"CSKMT",0.0871588619515588,-0.711482275644454,0.04,0.059,1
"GPR65",0.0871730746363922,-0.462420406602044,0.067,0.081,1
"RNASEH2B",0.0872704242637089,0.213761112978015,0.227,0.194,1
"LAPTM4A",0.0873126469440691,-0.190738004565128,0.342,0.359,1
"POGLUT1",0.0874196020475545,0.332993044543275,0.081,0.057,1
"UBE2Q1",0.0874762840933258,0.411778088114599,0.098,0.068,1
"C11orf68",0.0875652838772093,0.108333145695854,0.196,0.173,1
"LINC02312",0.0876247232193275,-1.49485979327144,0.005,0.013,1
"CARD8",0.0876305241452452,0.193741565015524,0.178,0.151,1
"PARK7",0.0876454370799185,-0.125346303903636,0.602,0.601,1
"PPP4C",0.0876652649519447,-0.132422538546218,0.572,0.57,1
"OAS2",0.0877311320680888,-0.449150111258004,0.091,0.109,1
"ENSG00000291272",0.0878288157728133,-1.70267547492982,0.004,0.011,1
"TBL1XR1",0.0878800985041486,0.224166188933493,0.317,0.263,1
"ENSG00000188897",0.0879118250440117,-0.955928841463174,0.006,0.012,1
"RANBP3-DT",0.0879301050677379,-0.895791383775579,0.021,0.035,1
"RHPN1",0.088088586801514,0.443218795855201,0.037,0.022,1
"NME1",0.0883191289566242,-0.389833555078441,0.086,0.103,1
"GAREM1",0.0883687914095826,-0.354835217668186,0.113,0.13,1
"FAM241A",0.0884779105695026,0.120376652306671,0.255,0.244,1
"PWWP2B",0.0884865423608133,-0.583157454455423,0.033,0.046,1
"ATP5F1A",0.0885248725785635,-0.112850429222399,0.598,0.612,1
"MECP2",0.088565948085562,0.132651124731874,0.26,0.233,1
"ZNF263",0.0887476885393307,-0.385400673696266,0.088,0.108,1
"HIBADH",0.0887825092977978,0.409951912860947,0.137,0.098,1
"TVP23C",0.0888229776242087,-0.145576687463368,0.038,0.032,1
"NBPF19",0.088928671524287,-0.311312929118973,0.131,0.152,1
"SESTD1",0.0889998965011795,0.380705696065238,0.034,0.021,1
"SCCPDH",0.0890609830494448,-0.529673857521106,0.039,0.048,1
"ARHGEF2",0.0890978754645575,0.230987427806943,0.26,0.206,1
"COPRS",0.0891026718344317,-0.565311840976112,0.03,0.043,1
"KIFAP3",0.0891363307375319,0.235213785139671,0.202,0.173,1
"LPAR6",0.0892610070754133,-0.301740536440712,0.197,0.225,1
"ETAA1",0.0895094082008433,0.750489635351611,0.042,0.023,1
"LGALS9",0.0895230316828786,-0.492253711792797,0.041,0.048,1
"CCDC167",0.0895526117183956,-0.101119951763582,0.232,0.242,1
"ENSG00000290737",0.0895739631297379,-0.488184357364718,0.039,0.05,1
"EIF3L",0.0895875746070208,0.114989103543898,0.822,0.774,1
"CCDC18-AS1",0.0897175396952145,0.170743144925689,0.269,0.221,1
"PGAP2",0.0897681151177584,0.306611863970178,0.079,0.061,1
"NUDC",0.0898354475280753,-0.110050836220498,0.436,0.419,1
"ENSG00000291147",0.090234014206053,0.363030058275748,0.092,0.07,1
"TMEM91",0.0902555694667666,0.535247784856731,0.033,0.02,1
"ATG13",0.0902557406453441,0.189410171829614,0.156,0.124,1
"MRPL55",0.0904035464186377,-0.265073135969299,0.145,0.164,1
"FAM120AOS",0.0904926495227604,-0.339991540556153,0.141,0.155,1
"DBI",0.090623234081796,-0.176452998701,0.413,0.427,1
"OFD1",0.0907736930191868,0.149394135725784,0.195,0.152,1
"TRIM8",0.0908019371645545,0.248417851694898,0.25,0.208,1
"SLC66A3",0.0910148553561735,0.553526153484821,0.054,0.035,1
"IRS1",0.0910223459665014,0.523486738677501,0.044,0.026,1
"CLK4",0.0911478873119428,0.215918715267359,0.318,0.265,1
"ABCA5",0.0912008061239395,0.425153854868004,0.084,0.057,1
"WDPCP",0.0912245340296517,0.569394489127697,0.084,0.056,1
"E2F3",0.0912575464385286,0.497713125374038,0.069,0.052,1
"RELT",0.091285391607082,-0.844990625557691,0.02,0.026,1
"ZNF853",0.0914227054525309,-0.904019899703434,0.01,0.018,1
"ZC3H13",0.0915303497185015,0.28259061733285,0.267,0.211,1
"SREK1IP1",0.0916435216582639,0.15357315217659,0.274,0.24,1
"TMEM185A",0.0916635486866859,-0.339522098248253,0.051,0.056,1
"CELA1",0.0916807487928438,0.255278459307163,0.026,0.015,1
"KDM6B",0.091720072943686,0.178257995048738,0.443,0.381,1
"MORC2",0.0917307189921508,-0.394783122794629,0.021,0.028,1
"TMTC2",0.0917616488788724,-0.732128546822294,0.016,0.023,1
"LTA",0.0918822181800059,0.233991621757398,0.235,0.204,1
"TRAV14DV4",0.0920410986013492,-0.731094524471851,0.023,0.036,1
"GTPBP3",0.0920430069725542,0.627508446092116,0.048,0.028,1
"MTG2",0.0922434427522403,-0.241678845477118,0.078,0.089,1
"MTX1",0.0922784340617522,-0.146541069755187,0.156,0.165,1
"ZCRB1",0.0923404149060605,0.255671480859172,0.158,0.132,1
"ARID1B",0.0924314654293002,0.143288741799494,0.403,0.35,1
"DMAC2",0.0924398896719998,-0.174171840807889,0.092,0.091,1
"GSKIP",0.0924431655010661,0.279214958269246,0.151,0.115,1
"YTHDF2",0.0924535739157311,0.190971939485617,0.39,0.336,1
"MRPL54",0.0925470713248561,-0.216833444431614,0.342,0.352,1
"MAPK8",0.0926466025784808,0.190637019805722,0.407,0.341,1
"H2AC8",0.0929271943673984,-0.516219681935332,0.025,0.033,1
"NSMCE1",0.0930545955230344,-0.120639946714555,0.338,0.342,1
"PMS2P4",0.0931171946520654,0.651357468642812,0.058,0.035,1
"FAM131A",0.0931706508868066,-0.716676742560006,0.022,0.032,1
"TCP11L2",0.0931842648492081,0.190495106703396,0.478,0.415,1
"SFXN3",0.0933037132132556,0.527354539303516,0.045,0.026,1
"HEG1",0.0933595887133953,0.298121655417826,0.166,0.135,1
"XPR1",0.0935337485132833,0.337802643371273,0.115,0.089,1
"MAP2K3",0.0936160502791269,-0.257406680980246,0.145,0.159,1
"SNRPE",0.0936678868755285,-0.120715027167752,0.419,0.433,1
"ATP5MC1",0.0937108537373741,-0.214419945483626,0.278,0.299,1
"CCDC71L",0.0937796949353722,-0.514092478903444,0.032,0.046,1
"ZDHHC16",0.0938595482503061,-0.517968269932569,0.079,0.096,1
"TNFRSF10B",0.0940635571660277,-0.165258138237249,0.048,0.054,1
"TRAM2",0.0942885151029139,0.499386371925493,0.018,0.009,1
"BCL10",0.0943584915273587,0.301915611352881,0.145,0.111,1
"SANBR",0.0943994779239049,0.87729341324958,0.022,0.011,1
"TRAPPC12",0.0944406541829758,-0.241163658084458,0.108,0.122,1
"SNX13",0.094453371422948,0.369882694558441,0.136,0.102,1
"CBLL1",0.0944558502368012,0.11263439784368,0.242,0.221,1
"NR3C1",0.0945758024689059,0.11763459997365,0.592,0.55,1
"RSL24D1",0.0947075742480369,-0.151171143264822,0.606,0.611,1
"PDE5A",0.0947087616325491,-1.03962244300312,0.01,0.018,1
"SMAD5",0.0948757556330052,-0.873002137527213,0.009,0.016,1
"HSBP1L1",0.0950388506476342,-0.508915882173715,0.049,0.062,1
"MAML1",0.0950460407217907,0.318901672952219,0.158,0.123,1
"CCDC47",0.0950481410147664,0.170181131938674,0.203,0.174,1
"QSER1",0.0951396006414009,0.37704549567124,0.082,0.057,1
"SYPL1",0.0951655737317892,-0.240286585524908,0.345,0.358,1
"PEPD",0.0952014106746771,-0.127872395146829,0.084,0.093,1
"STIM1",0.095225690871444,0.401811522822189,0.166,0.122,1
"ARCN1",0.09523351059598,0.278548724718359,0.264,0.215,1
"HIRA",0.0953228546154705,0.462364821448036,0.056,0.035,1
"NT5C2",0.0954128066908448,0.263476088648054,0.229,0.177,1
"ENSG00000266049",0.0956162936557291,0.3812592505634,0.147,0.105,1
"EIF5B",0.0956461879575237,0.184630573324845,0.446,0.379,1
"DDX41",0.0956487802977212,-0.408451958489815,0.104,0.123,1
"ACSS1",0.0957853397030117,-0.202928830146297,0.175,0.192,1
"SLC7A6",0.0958000577723529,0.201787513959721,0.365,0.308,1
"KATNIP",0.095857185555721,0.462230977875288,0.045,0.027,1
"RPP30",0.0959594801042993,0.273060678979808,0.221,0.178,1
"ACAD11",0.0960100649481209,0.843836189637583,0.029,0.014,1
"CC2D1A",0.0960523431427929,-0.52258265376578,0.039,0.052,1
"ALKBH4",0.096174764054526,-0.451886172304786,0.082,0.101,1
"ZCWPW2",0.0962482543714288,0.894381915609047,0.026,0.013,1
"GPR89A",0.0962915496429715,0.323632057640705,0.109,0.078,1
"AMMECR1",0.0964456025351049,0.368453458048285,0.088,0.06,1
"MBLAC1",0.0964910002165567,-0.69419101621591,0.013,0.014,1
"ATG14",0.0965378050647475,0.421134436170325,0.159,0.118,1
"YAF2",0.0965481403336849,0.213293968188165,0.295,0.238,1
"SEPSECS",0.0965748808997302,0.567863521808996,0.056,0.037,1
"PRKN",0.0965846596634455,0.624597572625261,0.049,0.027,1
"NQO2",0.0966120879084166,-0.452439588077928,0.068,0.08,1
"ERO1B",0.0967539607455276,0.342143561909779,0.111,0.08,1
"TENT2",0.0967947435368478,0.227297543305097,0.284,0.227,1
"MCOLN1",0.0968216315281098,0.333892652082735,0.045,0.036,1
"CCDC9",0.0968328863097055,-0.361682377924117,0.072,0.088,1
"STX7",0.0969591840710421,0.302800907315102,0.061,0.04,1
"SPOP",0.0970183813631086,0.229544855256441,0.259,0.215,1
"LANCL2",0.0970195747002508,0.267536598951442,0.06,0.042,1
"POLR3E",0.0971905554358954,0.314152776053255,0.202,0.153,1
"RETSAT",0.0972205393565885,0.733615939014016,0.039,0.022,1
"ENSG00000287697",0.0974819073622126,0.602353704910335,0.039,0.025,1
"VPS52",0.0974927013641986,0.594762378272117,0.062,0.037,1
"CDKN2AIP",0.0975678793043122,0.209774343948577,0.205,0.163,1
"TOPORS",0.0977112943440969,0.283328200632406,0.168,0.137,1
"SUMF1",0.0977273039042718,0.513221995667408,0.081,0.052,1
"MRPL24",0.0978638272490397,-0.365000807955592,0.103,0.114,1
"CDC37L1-DT",0.0980615581196838,-0.884647629550973,0.017,0.027,1
"CD58",0.0981538451951873,-0.431347348876306,0.048,0.057,1
"ALDH18A1",0.0981565643757471,-0.207460605572902,0.055,0.062,1
"SEC63",0.0982530580790057,0.245445254342321,0.252,0.2,1
"C1orf21",0.0983916914839865,-1.48908368280206,0.006,0.012,1
"GALNT4",0.0984547602634389,-1.44066587446214,0.005,0.012,1
"PPP2R3C",0.0984675447980386,0.342672882685213,0.139,0.102,1
"DIAPH2",0.0985367295023565,0.677168476485547,0.064,0.039,1
"DENND1A",0.0985795215651981,-0.137724656221803,0.092,0.102,1
"CD9",0.098605918298708,-1.39821918830372,0.011,0.022,1
"MIER1",0.0986214329004803,0.207676598061393,0.394,0.327,1
"SNPH",0.0986261337396428,0.352550278402184,0.049,0.034,1
"NUTM2B-AS1",0.0986279521920425,0.129811975761203,0.331,0.303,1
"SMG5",0.0986508954700153,0.334166746964907,0.115,0.084,1
"MARS1",0.0986839532623262,-0.173954083138915,0.237,0.252,1
"MTSS1",0.0987043359804732,0.610107545321903,0.044,0.027,1
"HINFP",0.0989903819807555,-0.305426556844214,0.085,0.102,1
"MRPL58",0.0990235462268641,0.125400428594483,0.143,0.133,1
"LINC01278",0.0991054952547014,-0.294854783836196,0.068,0.069,1
"ZBTB11-AS1",0.0991123703703923,-0.690478049420191,0.033,0.044,1
"COPB2",0.0991276811454162,0.228239676243953,0.28,0.231,1
"RPS6KC1",0.0992586731889012,0.450781021696059,0.108,0.075,1
"PER1",0.0993415868738787,0.260657008398881,0.213,0.172,1
"ENSG00000257925",0.0994241257976731,-0.627726921904899,0.025,0.036,1
"GART",0.0996102531299559,-0.247188931867252,0.167,0.181,1
"NICN1",0.0996954776720935,1.07725119973089,0.023,0.011,1
"CEBPZ",0.0998903092534349,0.221040820281224,0.344,0.3,1
"C15orf61",0.0999333967621072,-0.195807067620473,0.181,0.183,1
"NARF-AS2",0.0999418591902084,-1.18868143932905,0.008,0.018,1
"JAGN1",0.0999765505950058,-0.193748352370479,0.262,0.279,1
"CELF1",0.0999827650118225,0.152500096368653,0.41,0.349,1
"ENSG00000289339",0.100115599841886,0.245408226623327,0.04,0.039,1
"MYO18A",0.100211238568976,0.937806280252337,0.023,0.011,1
"ZNF420",0.100259831249029,0.284426865839155,0.128,0.094,1
"SIKE1",0.100327056835508,0.264477910840948,0.175,0.144,1
"ZC3H4",0.100341991084064,0.407846074031209,0.085,0.061,1
"COX19",0.100400546802067,0.140173529844042,0.191,0.164,1
"SLC37A1",0.100501577900616,-0.420804894903378,0.068,0.082,1
"CYC1",0.100713573723444,-0.214436658259891,0.3,0.311,1
"FBXL4",0.100851647957584,0.247412421276942,0.121,0.097,1
"CENPS",0.100859779704371,0.383113652423311,0.05,0.036,1
"TSC22D2",0.1008793143541,0.281866490484393,0.157,0.123,1
"MED26",0.100925136066296,0.343581012178893,0.08,0.059,1
"RCOR3",0.100948911942693,0.233053465407351,0.174,0.133,1
"VPS28",0.101180371047329,-0.181471872101617,0.422,0.426,1
"RSBN1L",0.101224289486046,0.150475808906835,0.299,0.256,1
"RUNX1",0.101274331729338,0.102289860554385,0.398,0.368,1
"APBB1IP",0.101286316236044,0.154239785024007,0.506,0.454,1
"ENSG00000257277",0.10140336946694,0.778851492814495,0.037,0.02,1
"RECQL5",0.101522918093141,-0.618014938375014,0.013,0.016,1
"ENSG00000272583",0.101684478955301,1.23711428364954,0.012,0.005,1
"PAOX",0.101725328174396,-0.500887391856952,0.038,0.049,1
"H1-2",0.101805519707133,0.339547329749598,0.126,0.089,1
"LINC01215",0.101859967178501,0.314377051989258,0.147,0.109,1
"SMIM15",0.101871741742405,-0.334555110684754,0.106,0.121,1
"GCLM",0.101996477663682,-0.695009091283399,0.037,0.05,1
"BMI1",0.102008555492495,-0.135602602156979,0.124,0.13,1
"WSB1",0.102091416278622,0.136619490554171,0.368,0.307,1
"DPYD",0.102153505498616,0.149839904129086,0.502,0.44,1
"ZNF549",0.102320118467561,0.6489148320083,0.05,0.03,1
"RASSF5",0.102336707438414,-0.141361389474056,0.368,0.381,1
"FBXL3",0.102449166192796,0.18323467743188,0.303,0.248,1
"ENSG00000291177",0.102475416395326,0.402158644437287,0.095,0.066,1
"TMED8",0.102495426926916,-0.293627508178548,0.049,0.059,1
"SPATS2",0.10257429623584,-0.803065750612478,0.025,0.036,1
"ZNF507",0.102600602069006,0.109145309119971,0.109,0.088,1
"ENSG00000267058",0.102637735897376,0.604678315253197,0.015,0.008,1
"SLC25A12",0.102639554483146,0.363360923784415,0.142,0.109,1
"ATP23",0.102709704754043,-0.353358021434578,0.071,0.076,1
"GFI1",0.102745299746322,0.663508711354084,0.047,0.029,1
"ODR4",0.102890175054773,0.255008289811707,0.115,0.087,1
"METRNL",0.102957676578323,-1.27885357352576,0.007,0.014,1
"DNAJC5",0.102961515472263,0.482176054289308,0.11,0.075,1
"LINC02520",0.102999494740373,-0.596425521043973,0.017,0.025,1
"TRIP10",0.103087741613249,-0.819893595738629,0.013,0.021,1
"BBS9",0.103111702218901,0.376701942940555,0.104,0.077,1
"RAB33B-AS1",0.103157914085615,0.421868121552934,0.084,0.057,1
"PCYT1A",0.103195375512729,0.337532181178545,0.068,0.053,1
"APOL3",0.103209546768187,-0.200669783369712,0.173,0.177,1
"PPT1",0.103271681730902,-0.325356989499165,0.177,0.198,1
"ELL",0.103305467226733,0.382599360035409,0.075,0.054,1
"CNOT6",0.103339307005072,0.276382032757874,0.132,0.104,1
"CCDC25",0.103362899357175,-0.334705527862808,0.125,0.139,1
"GEMIN8",0.103412883276054,-0.44810355468251,0.069,0.078,1
"STAP2",0.103418726708493,-1.11924270731232,0.006,0.012,1
"ENSG00000286162",0.103482578391724,0.546005604722632,0.057,0.037,1
"GPRASP1",0.103583567777683,0.307830822610556,0.08,0.062,1
"CALCB",0.103614185812906,-0.84533875723728,0.013,0.022,1
"KBTBD2",0.103686146626445,0.275168336808964,0.204,0.162,1
"ANXA5",0.103691210510326,-0.225503393510901,0.166,0.169,1
"PAXBP1-AS1",0.103785435267985,-0.803267103882597,0.021,0.032,1
"PHC3",0.104120459004773,0.171560030275851,0.383,0.328,1
"ANO8",0.104313444244809,0.494701057733979,0.026,0.015,1
"CA2",0.10432600910107,0.628251762022887,0.025,0.018,1
"PPP1R35",0.104351183428482,-0.259663035517539,0.27,0.289,1
"CHKB",0.104382530333251,0.247341889761683,0.242,0.19,1
"GIMAP2",0.104537724937354,-0.216708159649543,0.379,0.403,1
"LRIG2",0.104551876881174,0.446642947794569,0.068,0.048,1
"TUBA1B-AS1",0.104651264119194,-0.363721315752162,0.07,0.085,1
"ZNF576",0.104678249787236,-0.42113620125802,0.051,0.062,1
"PLCD1",0.104709994232085,-0.649185822182205,0.042,0.055,1
"RAB8A",0.104726963510494,-0.189732939771008,0.253,0.272,1
"SCAMP2",0.104741906671287,-0.206817156509917,0.341,0.367,1
"ADGRG5",0.104850335182728,-1.03849880202597,0.006,0.012,1
"THRAP3",0.10490300575574,0.141574078991829,0.478,0.432,1
"LIPT1",0.104969391533051,0.396556884070831,0.046,0.034,1
"AP1B1",0.105121712108307,-0.417146768938912,0.078,0.091,1
"XRCC4",0.105141026048655,0.599818758281785,0.026,0.013,1
"ZNHIT2",0.105146703222653,-0.366632715668252,0.086,0.107,1
"CDC34",0.105187316423383,-0.254738759264469,0.246,0.261,1
"ENSG00000285080",0.105409194439538,0.563444318140908,0.042,0.027,1
"ZNF8-DT",0.105464465305444,-0.541778836415487,0.049,0.062,1
"TRMT1",0.105536001773393,-0.284026330278149,0.168,0.19,1
"MSRB1",0.105545715962771,-0.629417714667855,0.026,0.036,1
"TSTD2",0.10567451033768,0.472335847613443,0.084,0.059,1
"MTHFD1",0.105781108208741,-0.690567772369574,0.03,0.042,1
"ENSG00000290073",0.105807779051979,0.635779946998017,0.04,0.026,1
"VKORC1",0.105836397716996,-0.220463157432765,0.286,0.299,1
"KANK1",0.106149505404097,-0.67174941024355,0.019,0.03,1
"ZNF775",0.106201680999379,-0.235656729786498,0.04,0.046,1
"CYB5D1",0.106388602941397,-0.936854284959854,0.011,0.018,1
"DMGDH",0.106392540798674,1.40766433646024,0.011,0.004,1
"PDCD2L",0.106416049230614,-0.514613101958631,0.066,0.084,1
"NCOR2",0.106592505952053,-0.339454385316541,0.092,0.102,1
"CHD7",0.106645581758206,-0.136811423091691,0.246,0.252,1
"ZNF879",0.106739800877774,0.903951843013787,0.031,0.015,1
"LDLRAD4",0.106765776380397,0.161228730605493,0.38,0.349,1
"PEDS1",0.106769625198227,0.128717392592768,0.141,0.123,1
"ARFRP1",0.106967007508181,-0.222910291705978,0.112,0.124,1
"WDR20",0.106994009215555,0.244973324223019,0.165,0.126,1
"TMC6",0.107113286779105,0.230226261985838,0.24,0.187,1
"EPHX1",0.107240043287582,-0.485435394481263,0.015,0.022,1
"POMK",0.107360802974083,0.203691436808505,0.049,0.035,1
"PTPN1",0.107394649036176,0.241362359880013,0.242,0.205,1
"DDX39A",0.107474819062132,-0.167225594336501,0.447,0.466,1
"ASF1B",0.107487275640237,1.0233705615194,0.01,0.004,1
"ETNK1",0.107676686106271,0.283652775126442,0.239,0.189,1
"MCPH1-AS1",0.107679412666584,-0.570558811922327,0.03,0.033,1
"TMEM116",0.107807032518512,0.756577433989857,0.031,0.019,1
"CNST",0.107969329734709,0.229461278937309,0.331,0.276,1
"XIAP",0.107979189638495,0.153721314023748,0.126,0.114,1
"ATG2B",0.10808088531037,0.193186376531796,0.147,0.126,1
"DUSP12",0.108089027102869,-0.285147791287593,0.138,0.156,1
"RNF157",0.1081253078182,0.425854491887619,0.087,0.059,1
"SCAF8",0.108169536018965,0.25154727416923,0.197,0.152,1
"RTN3",0.108226482750452,-0.208045998688096,0.258,0.263,1
"PNISR-AS1",0.108290433218308,1.04124436630777,0.02,0.009,1
"LYRM9",0.10849810807903,0.145848575131572,0.049,0.035,1
"POLRMT",0.108502260910859,-0.311953295174006,0.121,0.139,1
"POLN",0.108527289685297,-1.05046790652939,0.005,0.011,1
"DGKE",0.108542439440185,0.429647360803254,0.048,0.034,1
"DNTTIP1",0.108685243272683,-0.198134720377434,0.139,0.15,1
"DNAJC2",0.108710757343701,0.296919837874658,0.229,0.187,1
"IPMK",0.108745094513025,0.505089784751039,0.066,0.043,1
"RPS6KB2",0.108867510846679,-0.269732568596394,0.233,0.261,1
"ANKRD12",0.108940544903905,0.16356672483296,0.748,0.697,1
"PPP2R1B",0.108987384660779,-0.455747820561273,0.054,0.068,1
"CTSH",0.108997280537954,-1.05366312961794,0.007,0.015,1
"ATP10A",0.109014089265197,0.44339850980739,0.127,0.09,1
"TBC1D22B",0.109115035721087,0.376310122791213,0.092,0.067,1
"SNX12",0.109121328456538,0.401188978510802,0.06,0.039,1
"ZNF2",0.109165408849079,-0.744843934650044,0.021,0.032,1
"STK11",0.109303596658586,-0.115798298372821,0.113,0.118,1
"ENSG00000228061",0.109327576293912,0.808027516029447,0.031,0.016,1
"ESF1",0.109382878573714,0.196308009701592,0.227,0.181,1
"PTPN18",0.109458077502215,-0.463369001508952,0.055,0.069,1
"HNRNPD-DT",0.10962067023423,0.349317418646571,0.029,0.021,1
"TRAV30",0.109627390878467,-0.205450522033554,0.018,0.013,1
"ECHDC2",0.109995794116115,0.266825365535273,0.114,0.083,1
"MINDY3",0.110110537599053,0.617095358162994,0.067,0.046,1
"PAFAH1B1",0.11026006054124,0.169673878045323,0.483,0.411,1
"ADSL",0.110284746601714,0.129260845157987,0.302,0.27,1
"ADA",0.110343862235712,-0.234504909423299,0.291,0.306,1
"MPPE1",0.110358941500138,0.305374756805063,0.133,0.101,1
"STAG3L5P",0.11036552056048,-0.212713232988988,0.117,0.126,1
"RASSF2",0.110393616400953,-0.162668504562127,0.189,0.197,1
"ENSG00000276136",0.110476292759576,1.47940847168467,0.012,0.005,1
"NFIX",0.110559676163369,-0.901607828302573,0.013,0.019,1
"USP30-AS1",0.110634883965899,-0.666124093565298,0.023,0.033,1
"CARD8-AS1",0.110662663173297,0.314843698178062,0.125,0.095,1
"POLR2K",0.11070404212348,-0.222073294438041,0.282,0.302,1
"IPO7",0.110880334082718,-0.158604913432102,0.282,0.287,1
"MYO15B",0.111039369711726,0.614123761424241,0.03,0.018,1
"LGALS1",0.111157230847875,-0.128696439559128,0.052,0.061,1
"HELZ",0.111188538819743,0.247391988817516,0.252,0.2,1
"PRPSAP1",0.11130448681554,-0.399935976148484,0.104,0.122,1
"RAB11FIP4",0.1114386595315,0.392077377471232,0.101,0.073,1
"FGGY",0.111717815224638,-0.485869444066297,0.019,0.02,1
"PCMTD2",0.111726955460934,0.215202579483249,0.233,0.199,1
"MPV17",0.111745656125188,-0.454709117387756,0.068,0.084,1
"CRELD1",0.111795470254326,-0.345822656349562,0.066,0.083,1
"RFESD",0.111796401758919,-0.820720457136775,0.01,0.018,1
"RRBP1",0.112074252424174,-0.336773259307147,0.058,0.057,1
"TTI2",0.112190572803256,-0.448215822193782,0.05,0.062,1
"ZDHHC12",0.112242243872106,-0.228182240897474,0.174,0.186,1
"AREL1",0.112337124828126,0.394560704479502,0.101,0.069,1
"GNLY",0.112346122583147,-0.575012053689067,0.006,0.013,1
"DBNDD2",0.112419629074478,-0.508818372018224,0.054,0.071,1
"ARRDC2",0.112428778782534,-0.110348451038212,0.663,0.677,1
"OTUD7A",0.112448220105856,-0.625941198877313,0.033,0.044,1
"ZNF781",0.112517712556848,1.36217666211171,0.014,0.006,1
"ZNF777",0.11280411479818,0.57424435045527,0.045,0.027,1
"ERP27",0.112882929454359,0.325949976673181,0.028,0.016,1
"SEC31B",0.112982601722465,1.2250493287172,0.02,0.009,1
"PSMD11",0.113164695187149,-0.202085776724133,0.292,0.296,1
"BBS12",0.113178433061116,-0.90257128466549,0.009,0.015,1
"RAD51-AS1",0.113335750956427,0.625454041802742,0.043,0.025,1
"DPY19L2P2",0.113700158510684,0.695253248061714,0.029,0.015,1
"SNRK",0.113789757520955,0.1389519389719,0.423,0.376,1
"ABI3",0.113845060351805,-0.33227708494516,0.078,0.091,1
"CLEC16A",0.113891209341306,0.153371494736953,0.11,0.097,1
"MCTS1",0.113927652652557,-0.330890070152128,0.115,0.131,1
"VNN2",0.114086565272728,0.69570674325697,0.03,0.015,1
"LINC01431",0.114179107602866,0.624110380311671,0.011,0.005,1
"GPATCH4",0.114235017889399,0.214444617602428,0.136,0.104,1
"CTSA",0.114453084174572,-0.420238874733298,0.066,0.08,1
"DYRK1A",0.114534927474249,0.226541035300857,0.286,0.233,1
"OR2A1-AS1",0.114600119563903,-0.941768621032524,0.015,0.022,1
"USP6NL",0.114612728242243,-0.553758960073396,0.037,0.046,1
"NLRC3",0.114716152919814,0.386872254231668,0.13,0.096,1
"TARS1",0.114724838208733,-0.190609283082188,0.192,0.194,1
"ZNF675",0.114983241005594,0.342680554673223,0.115,0.084,1
"CCAR1",0.115280119347916,0.221574572409262,0.303,0.24,1
"VAV3",0.11528956302207,-0.290995643983196,0.06,0.061,1
"PTPRE",0.115637118448045,0.373382905533325,0.114,0.09,1
"ARID3B",0.115807843972634,-0.366409863465018,0.084,0.093,1
"OSGEP",0.115857444633367,-0.229705733757692,0.157,0.159,1
"ENSG00000291079",0.116057376832481,-0.191573086436363,0.052,0.057,1
"TAF7",0.116358041783356,-0.22211819814946,0.388,0.397,1
"SGPL1",0.116510620905404,-0.494186143279295,0.042,0.054,1
"MIR17HG",0.116531557133479,0.644094642101783,0.03,0.018,1
"CNPY2-AS1",0.116639888091457,-0.586304766554263,0.045,0.057,1
"NSUN4",0.116815112075871,-0.122434073502341,0.058,0.06,1
"GALNT12",0.116856934098003,0.610627616888781,0.032,0.018,1
"ENPP2",0.116880088371497,0.455855266788129,0.064,0.044,1
"RAB3IP",0.116981005227424,-0.373450900609563,0.068,0.081,1
"MRFAP1",0.116994229476497,-0.229467997929782,0.38,0.399,1
"SLC9A6",0.117081352231056,0.758704472734303,0.04,0.025,1
"JAZF1",0.117108050687544,0.431406557025731,0.124,0.085,1
"CUTC",0.117119289286624,-0.211865502822788,0.179,0.176,1
"ZFP36L2",0.117128611885992,-0.139297046442847,0.867,0.865,1
"SLC25A40",0.117332334821935,0.44624005594684,0.075,0.054,1
"MBNL3",0.11736330420654,0.795076574775618,0.04,0.023,1
"NDUFB4",0.117384081985845,-0.13336910602582,0.633,0.621,1
"PHF13",0.117492356664426,0.728045919111492,0.045,0.027,1
"FANCG",0.117717570319269,-1.16767353595614,0.013,0.022,1
"ATF6",0.11773988438224,-0.244484086298594,0.165,0.171,1
"ENSG00000289596",0.117807373592773,-0.665807034723389,0.026,0.04,1
"AGPAT5",0.117822014063614,-0.184861263711717,0.256,0.263,1
"MINDY2",0.117899101613034,0.473793578608313,0.075,0.05,1
"SRI",0.118467502232832,-0.147908426776641,0.234,0.232,1
"SNX17",0.118614146094656,-0.236017943144313,0.262,0.281,1
"ADGRA3",0.118787279132627,0.242869790783104,0.017,0.011,1
"UBAP2L",0.118888478405634,-0.157535725298055,0.232,0.244,1
"LINC00910",0.118904957580909,0.733667821744043,0.028,0.015,1
"ANXA2R-AS1",0.11893631541683,0.7954064167248,0.029,0.015,1
"MAPKAP1",0.119005587959374,0.309271708690759,0.125,0.094,1
"FAS",0.119051647157364,-0.272560344779437,0.073,0.085,1
"SETD6",0.119078395847833,0.643355249580977,0.049,0.029,1
"GTPBP10",0.119081058164206,0.256899822452155,0.137,0.109,1
"E2F6",0.11912660020461,0.530051242492553,0.041,0.032,1
"PARP12",0.119302499342202,-0.186027058121405,0.17,0.17,1
"XPOT",0.119337799983725,-0.455838943097365,0.077,0.091,1
"SRSF8",0.119338781073516,-0.324109300270431,0.153,0.169,1
"SMAD3",0.11946276171554,-0.369358461926048,0.082,0.097,1
"TMEM245",0.119561968450799,0.217291747897585,0.246,0.193,1
"NIPBL",0.119579555984682,0.107497948498457,0.518,0.481,1
"USB1",0.119684896851344,-0.432957024999361,0.051,0.067,1
"MIR762HG",0.119713644438019,-0.477812039114716,0.053,0.066,1
"FNBP1",0.1197539257007,0.144892055339489,0.508,0.432,1
"WSB2",0.119754353986753,-0.232513369103291,0.049,0.056,1
"RETREG2",0.119774884108064,-0.29220573148914,0.178,0.191,1
"ZBTB18",0.119850868800432,0.192874322193746,0.155,0.123,1
"HNRNPD",0.120036811299923,-0.100266125606666,0.609,0.598,1
"ATXN7",0.120081415891107,0.249534472561864,0.247,0.197,1
"KLHDC1",0.120142889099247,0.72102571417607,0.028,0.016,1
"SLF1",0.120160058181647,0.535868185801649,0.077,0.054,1
"MYCBP2",0.120244576366172,0.194959410498048,0.36,0.297,1
"FHOD1",0.120370186135339,-0.40081086096099,0.015,0.02,1
"ITPK1",0.120546501605369,-0.493818395653502,0.033,0.043,1
"RPAP1",0.120581345530709,-0.696795883082856,0.027,0.036,1
"TRBV6-1",0.120611287433577,0.790597177143184,0.042,0.027,1
"BAK1",0.120785044279532,-0.130712294478895,0.086,0.094,1
"PATL2",0.120791409806742,0.196845343762816,0.055,0.048,1
"TOX",0.121181384852422,0.187328205597818,0.234,0.213,1
"SHISAL2A",0.121534619244462,0.236800890247684,0.184,0.146,1
"ING3",0.121589496864432,0.366332192553008,0.126,0.094,1
"GALT",0.121678279571969,0.262610627024114,0.138,0.1,1
"NCOA4",0.121747856344281,-0.178740321473796,0.329,0.336,1
"PSMB8-AS1",0.121756979954053,-0.171484346895251,0.257,0.269,1
"FIBP",0.121780438198173,-0.247239347273585,0.138,0.155,1
"OMA1",0.121889992936749,-0.784905405655338,0.019,0.028,1
"PAX8-AS1",0.121920055023272,-0.612947860937762,0.033,0.04,1
"MTHFD2L",0.122235663607724,0.303633015481515,0.116,0.085,1
"COPA",0.122289749148012,-0.211960649761357,0.285,0.299,1
"BZW2",0.12239887121866,0.209098958275396,0.201,0.159,1
"SSBP2",0.122548792174153,0.163302978460802,0.305,0.256,1
"RNF38",0.122605753761634,0.225171297626418,0.252,0.207,1
"MDS2",0.122842305776911,0.417742450491916,0.05,0.036,1
"IFT172",0.122968902461001,1.57438531802582,0.011,0.004,1
"SRGN",0.123096058928776,-0.133027617711345,0.768,0.758,1
"ENSG00000284707",0.123242156655588,0.239365978466776,0.21,0.169,1
"NR4A2",0.123357648159748,-0.184023440022949,0.049,0.044,1
"EIF2A",0.1233925466672,-0.184263990833452,0.379,0.391,1
"ABCF2",0.123456424307499,-0.203925452833389,0.166,0.179,1
"TBC1D22A",0.123515579697177,0.335162838889838,0.283,0.219,1
"IQSEC1",0.123567392557093,0.445459853394355,0.112,0.082,1
"ZNF708",0.123773055382772,0.277455713184276,0.116,0.096,1
"WDR5",0.123815725437979,-0.273286156949752,0.108,0.121,1
"SULF2",0.123955917869482,0.75894170770378,0.023,0.012,1
"D2HGDH",0.123959405204071,-0.648538439703362,0.028,0.035,1
"POLR3H",0.124001811286591,-0.326147620784248,0.057,0.069,1
"IDH2",0.124014803629192,-0.229275424022854,0.185,0.191,1
"NHEJ1",0.124079941682201,-0.423515107104294,0.072,0.088,1
"RESF1",0.124155714183867,0.165976675260289,0.469,0.415,1
"ARL2BP",0.124196233294584,0.121704203010719,0.489,0.444,1
"PSMA4",0.124213036255803,-0.188349144449902,0.336,0.349,1
"SPAG7",0.124359720615536,-0.236715179280716,0.205,0.22,1
"GPR174",0.124444577109983,-0.151229122966896,0.17,0.167,1
"SNRPB2",0.124452493197196,0.116839818810141,0.387,0.352,1
"LINC00886",0.12446383171265,-0.657151238731021,0.015,0.023,1
"SF3B5",0.124576513544093,-0.19022672669041,0.503,0.513,1
"NEU3",0.124681655017099,-0.64752043214542,0.02,0.029,1
"C1orf54",0.124697850907135,-0.586184130563187,0.026,0.034,1
"ENSG00000283128",0.124858042648344,1.28885035162804,0.01,0.004,1
"MTMR1",0.124895301635392,0.326317548572546,0.114,0.084,1
"REPS1",0.125143173461697,0.397290071573146,0.126,0.093,1
"PSMB2",0.125239522728366,-0.119868307888275,0.28,0.29,1
"ODC1",0.125312802841109,0.219205134124923,0.194,0.163,1
"PDE7B",0.125700948111748,0.377991960385528,0.083,0.066,1
"TMEM109",0.125707311025363,-0.169011909279693,0.245,0.259,1
"NOMO2",0.125990665294299,0.521238538150494,0.06,0.04,1
"TFAM",0.126112906738582,0.200531531962963,0.279,0.23,1
"LIMA1",0.126119340007469,0.471796802548386,0.023,0.013,1
"MBD5",0.126142586285743,0.249780186507798,0.205,0.167,1
"ENSG00000288817",0.126311193870058,-1.05506228136442,0.008,0.015,1
"MOSPD2",0.12636067659373,0.448148249921275,0.075,0.053,1
"SRP9",0.126574542052072,-0.106905152492284,0.638,0.651,1
"BRAF",0.126654677857955,0.19875652244556,0.33,0.27,1
"ACSL5",0.126837455276572,-0.475044914255866,0.048,0.056,1
"METTL1",0.126967892611228,-0.435783055471694,0.023,0.03,1
"SNRPD1",0.127038532198594,-0.161147118232737,0.342,0.338,1
"ENSG00000236449",0.127305293165417,0.264694081567059,0.121,0.091,1
"MSL3",0.127312161662397,0.132666679935514,0.542,0.487,1
"CYB561D1",0.127377771642336,0.458084803005575,0.048,0.032,1
"LIMS1",0.127414057786493,0.298779480825548,0.139,0.108,1
"ACVR2A",0.12768852390906,1.13338936589537,0.026,0.012,1
"EID2",0.127733264922134,-0.158171334645697,0.178,0.189,1
"FAM227B",0.127749500522363,-0.406543258213965,0.025,0.028,1
"SP140",0.12782811654522,-0.231249061377765,0.112,0.116,1
"UBALD1",0.127870372189425,-0.23191256767537,0.117,0.13,1
"NUP43",0.127872504241039,0.395015818701308,0.064,0.044,1
"ERCC6",0.127879772600751,0.375999370067621,0.074,0.049,1
"PARP11-AS1",0.128002612701344,0.384775202280576,0.11,0.08,1
"ENSG00000259363",0.128111208982247,-0.145046791481253,0.019,0.022,1
"SPPL2B",0.12818072488959,-0.159537501295596,0.09,0.084,1
"GRIPAP1",0.128184861358192,-0.168008807928276,0.116,0.124,1
"PPP1CC",0.128200897292002,-0.117663864015576,0.443,0.454,1
"CFAP410",0.128309296756352,-0.145802713930649,0.11,0.117,1
"ENSG00000248367",0.128366279279295,0.352779610342518,0.034,0.025,1
"DEF6",0.128549251363,-0.152474971755649,0.417,0.423,1
"WDR59",0.128555536824498,0.129811823239347,0.087,0.078,1
"MYL5",0.128581721203741,-0.603764200239771,0.036,0.044,1
"MSANTD4",0.128817731462893,-0.570510505465236,0.034,0.046,1
"RBM19",0.128825503829227,0.148873167873602,0.08,0.061,1
"PEA15",0.128862167630954,-0.108345301763214,0.043,0.047,1
"IFI16",0.129020866153667,-0.111924702094772,0.333,0.344,1
"ZNHIT1",0.129116675664841,-0.209252156265889,0.281,0.288,1
"DNAJC1",0.129248387714683,-0.339428146773547,0.153,0.167,1
"C11orf24",0.129295230039853,0.751914354477132,0.04,0.026,1
"SPOPL",0.129409053743667,1.10389811150043,0.025,0.012,1
"CHMP5",0.12947344897642,-0.186014587007072,0.207,0.208,1
"PDE7A",0.129520354582011,0.144339302281848,0.369,0.327,1
"ITPR2",0.129544497125866,-0.11829335102111,0.275,0.278,1
"SPSB3",0.129685761774642,-0.205952215467253,0.449,0.46,1
"LYSMD3",0.12990322813222,0.133879307484309,0.12,0.109,1
"EDEM3",0.129971087342388,0.2042419386425,0.247,0.208,1
"RNF125",0.129982510365413,0.167222347879242,0.398,0.343,1
"HAUS4",0.130029673997098,-0.404411086615927,0.073,0.088,1
"DNAH6",0.130580306203478,1.26803974666427,0.019,0.008,1
"CTNND1",0.130728999285783,1.0323294437095,0.023,0.011,1
"USP21",0.130799544236833,-0.415694289439176,0.086,0.103,1
"STX4",0.130951857932625,-0.329328715829077,0.127,0.142,1
"H6PD",0.130954502500358,-0.498125177235172,0.032,0.04,1
"RNF34",0.130966496234897,0.27188398299448,0.224,0.177,1
"THG1L",0.131067181701918,-0.131190753731064,0.033,0.027,1
"PSMD4",0.131219987504755,-0.204133857754312,0.297,0.295,1
"DPH6",0.131304678388842,0.544675787843446,0.079,0.053,1
"FUT11",0.131338936562826,-0.562082253252631,0.033,0.043,1
"RGS19",0.131340571793598,-0.280220788560872,0.172,0.186,1
"ZNF892",0.131406607263108,0.731789203470612,0.017,0.008,1
"NOXA1",0.131482006362849,-1.28708183520694,0.006,0.012,1
"GABPB1",0.131512529738287,0.196894430890332,0.198,0.158,1
"SKIC8",0.13169198442553,-0.230154270325859,0.175,0.187,1
"PTDSS1",0.131753920402388,-0.224997743546513,0.221,0.239,1
"ROGDI",0.13176271652118,-0.494287471414817,0.015,0.021,1
"ZNF780A",0.131805751930811,-0.252265345399393,0.071,0.081,1
"NFKBIB",0.131860460895179,0.255864577806803,0.195,0.158,1
"SMYD2",0.131951838576482,-0.104767609735412,0.146,0.152,1
"RPF1",0.131956000043678,0.245877404522865,0.178,0.152,1
"LINC01089",0.131958586301216,0.181461451768115,0.179,0.144,1
"MDFIC",0.132040341887727,0.294685463012418,0.177,0.139,1
"PNPLA8",0.132191858389485,0.182476694072132,0.2,0.173,1
"DHX57",0.132334684971536,0.817933145400799,0.038,0.02,1
"AP1M1",0.13233817442931,-0.107845111639531,0.323,0.328,1
"TMEM115",0.132601980953601,0.112319032475261,0.168,0.151,1
"LINC00863",0.133007061034439,0.421451955090485,0.062,0.044,1
"ENSG00000289155",0.133076968088456,0.568890637863078,0.01,0.005,1
"KIF5B",0.133093514762352,0.139824536652465,0.326,0.286,1
"PFDN6",0.133144779495317,-0.156181189780584,0.185,0.196,1
"BBC3",0.133146687502607,0.108928627154497,0.227,0.2,1
"ZKSCAN1",0.133150396409222,0.253762489104421,0.194,0.156,1
"CAND2",0.133211749445749,-1.11163662115287,0.007,0.013,1
"TP53I13",0.133351433458285,-0.327288501349375,0.061,0.073,1
"NAA60",0.133416932122127,-0.218329706661578,0.192,0.204,1
"GPAT4-AS1",0.133470493778025,0.716260865825058,0.035,0.021,1
"NATD1",0.133683997485479,1.15848496170442,0.011,0.005,1
"UBASH3B",0.13374223992163,0.463111409019201,0.088,0.06,1
"NHERF1",0.133757987328721,0.115235543726945,0.227,0.206,1
"EFCAB5",0.133768970194906,0.527897021530756,0.049,0.035,1
"CDK10",0.133874991445819,-0.222350304252407,0.117,0.131,1
"USP14",0.13394827278148,0.17139132716108,0.258,0.21,1
"PIAS2",0.134133639595988,0.325839138048714,0.117,0.085,1
"TTC27",0.134300242699941,-0.324801708444976,0.113,0.131,1
"PUDP",0.13431408843131,0.46102059001958,0.073,0.048,1
"ZNF611",0.13439074381747,0.344924964014904,0.099,0.069,1
"MRPL27",0.134420202501143,-0.270008189217803,0.145,0.157,1
"LINC00920",0.134517603472948,0.865513656825504,0.024,0.012,1
"EP300",0.134603633227575,0.253204458888139,0.19,0.148,1
"NR1D2",0.134623212662497,0.20160138330854,0.21,0.176,1
"TPD52L2",0.134761964059101,-0.15145331050535,0.141,0.151,1
"RABGGTA",0.134847892029356,0.364687227455156,0.084,0.064,1
"HSF2",0.135041319821861,0.100594549271271,0.136,0.125,1
"METTL14",0.135074143063347,0.362038859607422,0.105,0.077,1
"ECI1",0.135099490140665,-0.347853847991782,0.088,0.105,1
"ACADVL",0.135128667959768,-0.155962337941065,0.225,0.241,1
"H2AC11",0.135239015894774,0.565812254495583,0.031,0.018,1
"ZBTB33",0.135341887835178,0.444760646551703,0.077,0.052,1
"TIMM21",0.135345784178916,0.375385033080362,0.092,0.067,1
"ARRB1",0.135529122983746,-0.647615115516262,0.023,0.032,1
"ARMC2",0.135544117127016,0.519070492020887,0.039,0.023,1
"AMIGO1",0.135749983928824,0.447778201579487,0.035,0.02,1
"NEURL4",0.135867306451832,-0.465156867314269,0.018,0.027,1
"FBXO30",0.135897939780983,0.67577976895509,0.037,0.021,1
"GEMIN7",0.135908286468356,-0.275120658504482,0.067,0.077,1
"ZNF470",0.135918918107539,-0.609596049538549,0.011,0.013,1
"MFHAS1",0.136080541083968,0.281605351764638,0.064,0.056,1
"DTWD1",0.136094852782783,-0.302616862200549,0.108,0.123,1
"KCNN4",0.136221443006747,-0.715448489581187,0.02,0.029,1
"SMAD7",0.136379487239637,0.172758474104642,0.17,0.135,1
"ASNSD1",0.136616021964022,0.502460120848276,0.051,0.035,1
"IQCB1",0.136714984667289,0.278768823553485,0.172,0.13,1
"ENSG00000234915",0.136747206511806,-0.60621469062172,0.021,0.026,1
"ZNF791",0.136773711110318,0.235203756165245,0.149,0.121,1
"MYO19",0.136827304876431,0.5097713277161,0.043,0.03,1
"SUPT7L",0.136866949460888,0.207961133398137,0.167,0.13,1
"MAP1LC3B",0.137045183032508,-0.110861953307986,0.499,0.52,1
"BCL2L1",0.137115273289835,-0.464218247536343,0.057,0.067,1
"SMAD4",0.137153298654013,0.157493219307127,0.331,0.28,1
"RORA-AS1",0.137157024593675,0.262173962922951,0.11,0.087,1
"NUBPL",0.137165032241467,-0.129682979154814,0.06,0.052,1
"EIF2B4",0.137250991094494,-0.254853803017301,0.132,0.148,1
"MAK16",0.137427198432761,0.537203112618647,0.06,0.04,1
"ADRM1",0.137491018216759,-0.122378464305314,0.417,0.405,1
"DYRK3",0.13761746876519,-1.18555243447689,0.007,0.012,1
"NSMCE3",0.13762461931202,0.10972956255753,0.347,0.3,1
"SPCS1",0.137742378441556,-0.100541769671726,0.588,0.588,1
"EBP",0.137774412273737,-0.116112973630995,0.09,0.097,1
"RPAP3",0.137784298507827,0.230159539598126,0.233,0.193,1
"SELP",0.137801531887384,-1.13277669954739,0.008,0.012,1
"CHMP2B",0.137822381886258,0.231713286861161,0.189,0.153,1
"CANT1",0.137826656812936,0.180928766744333,0.112,0.096,1
"CUL3",0.137832690571418,0.17343773423194,0.41,0.344,1
"WDR6",0.137863154954565,-0.304967654406413,0.171,0.187,1
"HIGD1A",0.137869451908801,-0.166941570667193,0.174,0.183,1
"SIT1",0.137970951378912,-0.403300667259823,0.084,0.102,1
"FAM151B-DT",0.138041690061133,0.473406461280528,0.035,0.021,1
"BTN3A1",0.138117553057721,0.226067563954412,0.208,0.17,1
"LY86",0.138164762097523,0.613667426911336,0.029,0.015,1
"APLF",0.138166975763627,-0.326200370248641,0.042,0.05,1
"INTS9",0.138297986700651,-0.286597425563537,0.088,0.102,1
"CCNDBP1",0.138404221004482,-0.202693336014831,0.252,0.261,1
"KLF6",0.138451022294658,0.283324395608068,0.302,0.253,1
"EXT2",0.138627354853247,0.357693862232657,0.093,0.064,1
"AASDHPPT",0.138742360969992,-0.198500175527543,0.225,0.226,1
"HNRNPLL",0.138790137784851,-0.354677506055296,0.067,0.08,1
"CEP350",0.138831062141195,0.166650481648182,0.384,0.322,1
"CCDC112",0.138891341389481,0.821003329532697,0.022,0.012,1
"EMC3",0.138955533285748,0.129015758597984,0.246,0.219,1
"PNRC2",0.139099151070669,0.120142955936525,0.447,0.406,1
"LINC01003",0.139114041867704,0.21648973412969,0.091,0.082,1
"ERVK3-1",0.139220783058314,0.203113435786686,0.235,0.189,1
"SETD3",0.139227085186397,-0.298392602695958,0.117,0.131,1
"ZNF226",0.139285495979193,0.414038535897153,0.071,0.048,1
"IFT80",0.139360402081281,0.434608338584611,0.093,0.067,1
"MTA3",0.139473492946711,-0.263742049943138,0.183,0.198,1
"TUBGCP4",0.13948375669479,-0.434283412693761,0.027,0.034,1
"NCSTN",0.139524732298421,0.36543566217602,0.116,0.084,1
"U2SURP",0.139829325092824,0.104168800799004,0.363,0.327,1
"TRERF1",0.139845056176796,0.117328401161997,0.042,0.032,1
"ZNF136",0.140055596261642,0.356913987907107,0.09,0.063,1
"NAA80",0.140178567442851,-0.280891055303882,0.071,0.08,1
"NDUFS4",0.140198349129709,0.362610679390487,0.18,0.132,1
"ENSG00000257579",0.140308931554858,-0.837082693536691,0.007,0.012,1
"TOX4",0.140354818823673,-0.151696182687346,0.276,0.287,1
"ENSG00000286797",0.140498414854699,1.26954265860965,0.017,0.007,1
"CAMK1D",0.140500402318411,0.139530160160455,0.384,0.341,1
"ENSG00000245025",0.140531598332345,-1.4060487102871,0.005,0.011,1
"H2AC21",0.140540503624653,1.44785854096039,0.014,0.006,1
"ZNF91",0.140635802423834,0.266995727334038,0.198,0.159,1
"SURF2",0.140735757021634,-0.236395782910784,0.201,0.218,1
"FXYD1",0.140964378621582,-0.89699171747839,0.012,0.02,1
"MED14",0.141184830353438,0.26127234068435,0.16,0.123,1
"TBC1D16",0.141299752367891,-0.424784270949321,0.015,0.02,1
"YIPF2",0.14131894254766,0.28218289225483,0.075,0.061,1
"ZBED5",0.141336359963641,-0.24070814435665,0.143,0.155,1
"POLE",0.141434907901819,-0.426475616585242,0.037,0.043,1
"CD47",0.141457567590539,0.125888017417263,0.501,0.452,1
"DUSP23",0.141640480923593,-0.494742965151058,0.049,0.062,1
"REV1",0.141646055803242,0.109853924139772,0.132,0.102,1
"CXADR",0.141733137930749,-1.04778488675065,0.01,0.015,1
"GNB5",0.141750870081929,0.186444705933753,0.218,0.17,1
"MXD4",0.142153465206277,-0.142141942833408,0.402,0.416,1
"NR4A3",0.142154305409979,-0.827581705955579,0.015,0.018,1
"GPR137",0.142156936403073,-0.203646754020798,0.183,0.194,1
"ERCC6L2",0.142367042489986,0.342880557373842,0.149,0.114,1
"GAPVD1",0.142623756700811,0.191462482521604,0.234,0.194,1
"RASSF6",0.142644467827199,1.16079600131301,0.01,0.005,1
"DEXI",0.142648148549052,-0.285515322922693,0.13,0.144,1
"NRDC",0.142776989732505,-0.19754906648495,0.173,0.186,1
"MIR99AHG",0.142822747117538,0.655945237457938,0.013,0.006,1
"PLEKHA7",0.142828313027956,0.319461405740884,0.106,0.077,1
"TSPAN17",0.142870982898231,-0.852550209413301,0.02,0.03,1
"ZBTB24",0.142891548601445,0.187352850755353,0.22,0.185,1
"NRBF2",0.142905768820038,0.214846287767582,0.205,0.173,1
"IMPACT",0.142943200333687,0.707266731545933,0.035,0.02,1
"RFX5",0.143368894860198,-0.19901778170509,0.107,0.103,1
"NUDT8",0.14338776075971,1.27116477514171,0.01,0.004,1
"SUPT4H1",0.143638929970698,-0.172855589341599,0.408,0.424,1
"ZBTB22",0.143923661276806,-0.382541727004101,0.054,0.067,1
"RPRD2",0.14396439072906,0.182380986275914,0.264,0.227,1
"FBXO5",0.144370597341644,-0.431546846605591,0.026,0.034,1
"DHX15",0.144404725201998,0.21658841448033,0.312,0.268,1
"ADPRS",0.144487516556746,0.195399435507098,0.19,0.151,1
"DHX35",0.14456169530179,-0.337939929499811,0.041,0.048,1
"PRKRIP1",0.144607286278134,0.166633346250721,0.199,0.164,1
"SNX10",0.144689942633989,0.396481522833072,0.037,0.025,1
"MGME1",0.144726754664244,0.582142670781961,0.038,0.022,1
"SUPV3L1",0.144797010194747,-0.137119414504262,0.109,0.117,1
"AHNAK",0.144962690273495,0.46160498726177,0.184,0.129,1
"TRBV4-2",0.145030652439314,-0.904126311229841,0.022,0.027,1
"TMEM181",0.145116918545157,0.525583707122176,0.078,0.052,1
"TMEM156",0.145116994142961,-0.285504846676812,0.121,0.133,1
"IPPK",0.14516094104362,0.173093140126271,0.066,0.052,1
"ZFAND5",0.145213811954161,0.242449780007101,0.269,0.221,1
"RHOB",0.145251385542938,-0.559812942018703,0.009,0.014,1
"DLG4",0.145258718322754,-0.566848069216614,0.017,0.025,1
"ENSG00000272447",0.145269778134413,-0.518311312204273,0.027,0.037,1
"RP9",0.145349125636613,0.145184976834825,0.169,0.135,1
"GTF2F1",0.145447253440982,0.130771866357486,0.24,0.215,1
"CCDC102B",0.145538183663742,0.676442950206099,0.026,0.014,1
"ZNF443",0.145689306052549,-0.580521100977385,0.01,0.009,1
"NXT1",0.145721231779308,-0.147628975059729,0.247,0.263,1
"UBL7-DT",0.145747062164962,0.586384286521524,0.042,0.025,1
"DNAH1",0.145826709858608,0.462757720173401,0.018,0.011,1
"ATAD5",0.145839588414859,0.180439955533239,0.048,0.033,1
"ENSG00000291188",0.145903734849702,-1.08444026551106,0.008,0.014,1
"SF3A2",0.145987757008672,-0.156127071991114,0.489,0.501,1
"SLC35F1",0.146055916655009,0.263614424286973,0.225,0.181,1
"GOLGA8A",0.146187772651067,0.27159838269961,0.154,0.111,1
"TMEM141",0.146394803710341,-0.408095155469607,0.067,0.083,1
"TBRG4",0.146418172024478,-0.2989904724212,0.146,0.159,1
"VPS41",0.146430995807027,0.303599386862528,0.111,0.087,1
"LMNB2",0.146546745992504,-0.290984610788638,0.123,0.136,1
"SOD2",0.146640264090374,-0.116302223205251,0.447,0.437,1
"CNIH2",0.146761090855999,-0.21713409737688,0.038,0.033,1
"HDAC2",0.146796581350021,0.153246134439113,0.301,0.253,1
"CD96",0.146959678129728,0.189687938345127,0.549,0.479,1
"AKT2",0.14704268495422,-0.205434515655395,0.23,0.234,1
"TRAV8-2",0.14713477854758,0.349676325009184,0.103,0.085,1
"B3GALT4",0.147230922033821,0.369393212886832,0.07,0.048,1
"CCDC115",0.14728838168906,0.227042370281315,0.177,0.138,1
"TTC9C",0.147481743032181,0.262109908470201,0.139,0.107,1
"CEP95",0.147545471467318,0.23603360011714,0.191,0.144,1
"MYB",0.147655048632246,0.453445812554617,0.052,0.034,1
"ACTN1",0.147740777421414,0.122613803263639,0.454,0.397,1
"CYB5R3",0.147856810408291,-0.23850550705857,0.226,0.241,1
"PRDX5",0.147998621730444,-0.141750766586316,0.392,0.4,1
"MTO1",0.148036299733186,0.313124974587905,0.104,0.076,1
"ENSG00000285955",0.148063949911881,0.755657326213917,0.016,0.007,1
"TIPARP-AS1",0.148068880353372,0.890079469594229,0.021,0.009,1
"CNOT2",0.148223154733452,0.142505952721262,0.41,0.348,1
"NAXE",0.148316353553076,-0.268955041001939,0.195,0.214,1
"SUPT20H",0.148333085559122,-0.242685402273283,0.185,0.19,1
"ILRUN",0.148432620677342,0.243588913694117,0.127,0.095,1
"APPAT",0.148564252925243,0.345153478270651,0.054,0.033,1
"TMPO",0.148579038929217,-0.20912352047085,0.306,0.314,1
"ATP13A1",0.148597064586637,0.37979227236836,0.108,0.078,1
"NAPEPLD",0.148669280369316,0.339389385952432,0.052,0.033,1
"RCHY1",0.148770694712497,0.175033505115646,0.123,0.107,1
"C1orf112",0.148959391817583,-0.214183628102515,0.21,0.228,1
"OSGEPL1",0.149060880129564,0.667418701648975,0.027,0.016,1
"PFKL",0.149099946804097,-0.187184778393428,0.122,0.123,1
"MOB1B",0.149171508339303,0.210447805014512,0.099,0.074,1
"SEC14L1",0.149237164719569,-0.149817338478244,0.177,0.174,1
"PIGN",0.149386835933862,0.327535019300869,0.069,0.053,1
"UBR4",0.149462680372672,-0.200457862640377,0.217,0.225,1
"POLD2",0.149517017555701,-0.111735513300513,0.131,0.136,1
"ENSG00000233223",0.149572247651162,-0.324294799224715,0.047,0.05,1
"APOLD1",0.149682058763972,0.23386690096484,0.092,0.069,1
"DYNC1I2",0.149864721257972,0.142317526740888,0.154,0.123,1
"KNOP1",0.149874025098192,-0.403836360910649,0.057,0.069,1
"LINC02422",0.149906474844536,0.925663719744231,0.015,0.007,1
"TMEM248",0.149993665294453,-0.221775092108511,0.313,0.322,1
"RABL3",0.150042932015576,0.214744418932282,0.086,0.07,1
"ENSG00000291171",0.150060790725116,-0.530671968754616,0.04,0.054,1
"TMED5",0.150088935081749,-0.216148316668563,0.183,0.198,1
"DNPH1",0.150183548618115,-0.218005275380865,0.391,0.416,1
"ZNF223",0.150408442739261,0.83677962552943,0.021,0.009,1
"ZMPSTE24",0.15048757490248,-0.309904507366412,0.129,0.142,1
"CLN8",0.150519735616222,-0.343841029925734,0.084,0.101,1
"ENSG00000289293",0.150523891625154,0.411765354505051,0.07,0.046,1
"EIF4G1",0.150620916725951,-0.113511369454436,0.266,0.265,1
"HCFC1R1",0.15085687040366,-0.170670847664973,0.125,0.133,1
"ZNF487",0.150861744037729,0.457163111811108,0.045,0.032,1
"RTRAF",0.150879865459496,-0.134092638593204,0.648,0.652,1
"SELENOF",0.150941615177819,-0.131251445193056,0.539,0.55,1
"ALAD",0.151093931043435,0.340782073518558,0.059,0.044,1
"TRIM59",0.151466938739618,0.347293259393121,0.081,0.057,1
"NAT1",0.151550546256482,0.886556779917551,0.017,0.008,1
"ZNF17",0.151575329864028,0.561220641304722,0.06,0.04,1
"ZNF528-AS1",0.151832458069157,0.760664021827252,0.012,0.006,1
"USP8",0.151956204814148,0.217090031427034,0.209,0.165,1
"STAG1",0.151961340756014,0.189409356803354,0.373,0.323,1
"ARAF",0.152076722953631,-0.179522528963022,0.259,0.273,1
"RDX",0.152119220010274,-0.494507658738192,0.04,0.052,1
"UBA1",0.152229791916932,-0.240365035547445,0.202,0.219,1
"DOLK",0.1524230298011,0.718239772037153,0.022,0.012,1
"ATXN7L2",0.152461014525469,0.253066201269527,0.058,0.048,1
"RNF126",0.152550243450797,-0.159907686981564,0.379,0.379,1
"USP44",0.152576410736075,-0.437421022128185,0.024,0.025,1
"SLC12A7",0.152763737621343,-0.401438146122865,0.1,0.111,1
"RALGPS2",0.152784143227792,0.291441261241431,0.131,0.097,1
"GZMK",0.152846083150122,0.865325526893073,0.024,0.014,1
"PLPP5",0.152885671374803,-0.370237483986318,0.051,0.061,1
"FAM184A",0.152972091870516,0.1951452388745,0.115,0.088,1
"FBXL18",0.153149358178949,0.499839559713768,0.027,0.015,1
"MADD",0.153152861049355,0.414136645594065,0.097,0.068,1
"ECT2",0.15335131074339,-0.823667242987445,0.01,0.018,1
"CD320",0.15336225382803,-0.332385853814742,0.073,0.08,1
"COX10",0.153384585617869,0.331041601714807,0.106,0.081,1
"INTS13",0.153581003471219,-0.268673176186513,0.076,0.089,1
"ZNF559",0.15358241873354,-0.319863978716686,0.052,0.062,1
"THEMIS2",0.153739312114764,-0.505075519477902,0.042,0.052,1
"STX16",0.153757673135804,0.146409645370333,0.157,0.133,1
"ZNF181",0.153770036707716,0.455744261422706,0.059,0.039,1
"FANCC",0.154062726753896,0.471022245208514,0.041,0.026,1
"IFT74",0.154087016089746,0.402506648068016,0.059,0.037,1
"MAD2L2",0.154222054495597,-0.244227770573787,0.084,0.098,1
"ALKBH5",0.154414573847394,-0.18067078893833,0.288,0.3,1
"DHX36",0.154457008477708,0.196971589987223,0.363,0.306,1
"GRSF1",0.154580771940924,-0.169324225356119,0.33,0.333,1
"MMP24",0.154670878536597,-0.941503105893565,0.009,0.015,1
"ARMCX2",0.154746362936518,-0.793702292651719,0.014,0.021,1
"RHNO1",0.155021212429439,0.429932240878099,0.059,0.04,1
"PPP1CB",0.155126871126264,0.167691846084367,0.421,0.351,1
"ZKSCAN4",0.155207141433652,0.661985805362326,0.039,0.022,1
"GALNT10",0.155291457129509,-0.191345147475014,0.118,0.125,1
"SVBP",0.155315583416807,0.218805456421548,0.154,0.129,1
"CTU1",0.155489708375994,-0.31613266750449,0.121,0.133,1
"SNHG3",0.155507045299072,-0.137142229921141,0.368,0.386,1
"CHRAC1",0.155552262816512,-0.25098947086002,0.229,0.241,1
"PRELID1",0.155617219287021,-0.183569531397646,0.337,0.354,1
"FAM131B-AS2",0.15569443192593,0.743578287209274,0.023,0.012,1
"SKA2",0.155736930386384,-0.16371622161,0.079,0.085,1
"UBE2Q2P1",0.155805947612675,0.788507557970064,0.017,0.008,1
"SLC12A2-DT",0.15587373704747,0.398511191069397,0.075,0.054,1
"ZNF800",0.155883415282782,0.103959812794279,0.4,0.362,1
"GPC2",0.155968180798087,-0.132580039750102,0.126,0.133,1
"TBC1D7",0.156135525577208,0.477013445867508,0.054,0.035,1
"ZNF250",0.156239905159702,-0.500843199683593,0.031,0.04,1
"SLC18B1",0.156432148534633,-0.410478377898187,0.042,0.049,1
"ENSG00000183562",0.156509774553952,0.448673627022099,0.056,0.041,1
"BCDIN3D",0.1566094084334,-0.211544243829631,0.057,0.056,1
"CUBN",0.156656058919495,0.755219027223958,0.032,0.019,1
"TRPV2",0.156701789740774,-0.262955677250399,0.05,0.059,1
"CASC15",0.156847025980991,-0.303718920143465,0.152,0.165,1
"LZTFL1",0.157266172647838,-0.160301005939923,0.112,0.121,1
"QPCTL",0.157270296713712,-0.682826595077466,0.012,0.019,1
"NLK",0.15745251904327,0.271161767193402,0.07,0.057,1
"MYO5A",0.157609278848089,0.605135443626641,0.055,0.037,1
"LINC02694",0.157614938775068,0.623527700957743,0.027,0.016,1
"CNBD2",0.15770615837366,0.469624054932768,0.026,0.018,1
"MARCHF3",0.157798884682517,0.180238635243956,0.282,0.235,1
"QRSL1",0.157832118977072,-0.125872261880373,0.094,0.101,1
"RNF19A",0.157985677311884,0.207973097849393,0.187,0.158,1
"AGMAT",0.157987769116823,-0.473146903563775,0.033,0.041,1
"MRPS16",0.157991144028669,-0.261141951484587,0.203,0.22,1
"GPX7",0.157999452849049,-0.175104332442116,0.145,0.139,1
"TRMU",0.158020204578576,-0.383186902900958,0.104,0.117,1
"BCOR",0.15807766166844,0.240406708328299,0.232,0.186,1
"SLFN12L",0.158111085584613,0.576390565940461,0.06,0.039,1
"RGP1",0.158143252219171,-0.413411992874952,0.044,0.054,1
"ZNF30",0.158262235090569,-0.839258693055243,0.012,0.02,1
"ENO3",0.158590693695764,1.25035208343613,0.014,0.006,1
"PSMD9",0.158621567351128,-0.182658760330743,0.356,0.359,1
"ADAM8",0.158701100968562,-0.29129244687442,0.105,0.117,1
"PRPF6",0.158971581608638,-0.137296234742792,0.313,0.32,1
"DUSP2",0.158981772325719,-0.177107968246757,0.194,0.191,1
"CD151",0.159074876476533,0.850280569907559,0.022,0.011,1
"AFF2",0.15911148412246,-0.308913306704603,0.018,0.022,1
"AP3S1",0.159190988782702,-0.221021338639908,0.215,0.232,1
"KLHDC4",0.15921027397261,-0.33928577978999,0.078,0.09,1
"RTF1",0.159378574778227,0.191398011038957,0.362,0.306,1
"CSRNP1",0.159404125936427,-0.171308602492103,0.17,0.177,1
"PAK2",0.159669173484256,-0.107586250122526,0.607,0.583,1
"CTSW",0.159679686590788,-1.00726253044464,0.007,0.014,1
"MIR3677HG",0.159810190317035,-1.2504232397862,0.006,0.011,1
"STMP1",0.160027058450618,0.104054682017685,0.323,0.296,1
"TINF2",0.160063048379894,-0.134849210275375,0.198,0.204,1
"POLH",0.160132444602704,0.283403590410009,0.078,0.06,1
"SDHAP1",0.160151229398077,-0.238042815738339,0.171,0.176,1
"DNAJB9",0.160241893021308,-0.218250644669553,0.133,0.132,1
"NFU1",0.160287180099806,-0.12210801972279,0.082,0.084,1
"POLE4",0.160299326613939,-0.150551389300533,0.176,0.187,1
"CKS2",0.160313388209487,-0.195128057089608,0.094,0.104,1
"ZNF680",0.160475418030211,0.619036720609528,0.041,0.025,1
"PLEKHG1",0.160498140876137,0.393787074911588,0.043,0.03,1
"ENSG00000260136",0.16063645543812,-1.10070060864057,0.007,0.013,1
"ENSG00000234162",0.160673485854798,-0.723871335594827,0.012,0.019,1
"MTHFD1L",0.160932805531211,-0.198007720204525,0.115,0.125,1
"LMLN",0.161069073279447,1.08397729791932,0.016,0.006,1
"LINC02693",0.161248932773549,0.887998221245598,0.014,0.006,1
"ICAM2",0.161263823933467,-0.155088746668721,0.563,0.576,1
"CNEP1R1",0.161421686575583,0.373454922130747,0.079,0.054,1
"TIMM17A",0.161474274965988,0.11884467570797,0.215,0.193,1
"ENSG00000286153",0.161536180179157,0.383858290066398,0.029,0.018,1
"FKBPL",0.16154562170806,-0.414295087741943,0.025,0.034,1
"TPT1-AS1",0.161562457473229,-0.315553465558503,0.095,0.103,1
"AQR",0.161665574282488,0.335585941198237,0.162,0.119,1
"PSMD5",0.161731854625493,-0.242508047245602,0.122,0.128,1
"ALKBH2",0.161776480632598,-0.399968497756797,0.058,0.069,1
"ATG5",0.161909407199698,0.127996394622063,0.225,0.187,1
"MTPAP",0.161991245923462,-0.611913131065827,0.028,0.036,1
"OTUD4",0.162086835678668,-0.124785490215746,0.18,0.173,1
"LRRC47",0.162250741013465,0.174812896095223,0.131,0.104,1
"SNIP1",0.162360975824699,0.353881187819891,0.093,0.069,1
"AGER",0.162408641527873,0.634736100668997,0.028,0.016,1
"ERV3-1",0.162412868216664,0.366714496267965,0.054,0.039,1
"TUBGCP6",0.162487198032577,-0.487560919852127,0.046,0.059,1
"NDUFB1",0.162553343262227,0.152341417705063,0.398,0.356,1
"POLR2D",0.162908197213519,0.226599673638709,0.142,0.112,1
"MCPH1",0.162939198523421,-0.184446755470891,0.15,0.162,1
"WIZ",0.162972641981634,0.394629919058327,0.064,0.043,1
"TMEM205",0.163068637948502,-0.46185748800345,0.055,0.07,1
"TTF1",0.163074307624295,0.209147780181748,0.113,0.085,1
"PAFAH2",0.163190665975069,0.371717019163127,0.055,0.042,1
"ENSG00000254910",0.163415404006486,0.830625372496128,0.015,0.007,1
"RIPOR1",0.163426320968513,-0.308591580254553,0.097,0.111,1
"CENPJ",0.16344777824208,0.918662084695843,0.025,0.014,1
"MARK4",0.163469669260355,-0.489524115668003,0.065,0.078,1
"CIB2",0.163506204857258,-1.02175474379942,0.01,0.019,1
"RPUSD2",0.163613837235706,-0.444840731337775,0.073,0.078,1
"FBXL8",0.163656411170979,-0.477930926803191,0.022,0.03,1
"WDR35",0.163676553715419,0.372355975259623,0.053,0.041,1
"HERC2P3",0.163726841873766,0.853980377374594,0.029,0.015,1
"LRCH4",0.163763957111959,-0.234392177988436,0.146,0.16,1
"SAMD9L",0.163860862780022,-0.288289761794678,0.059,0.064,1
"TOGARAM1",0.16398549561636,0.342927520742505,0.08,0.06,1
"ENSG00000290047",0.1640922400888,0.766021165526606,0.027,0.015,1
"ENSG00000291233",0.164356192030026,-0.403749399966833,0.028,0.033,1
"KANSL1-AS1",0.164397179680439,0.453313707542539,0.032,0.019,1
"MAN2A2",0.164412128959224,-0.409457143011171,0.031,0.033,1
"RAB1B",0.164477078037215,-0.111984632409949,0.325,0.31,1
"SLC29A3",0.1645561578943,-0.582724913432066,0.021,0.029,1
"INO80D",0.164620165455245,0.217997051192005,0.201,0.159,1
"ADAMTS10",0.164674846857755,-0.442432989623151,0.067,0.078,1
"NUMBL",0.164695065342356,-1.05994200555849,0.006,0.012,1
"ENSG00000234428",0.164746783185435,-0.447442682378306,0.013,0.019,1
"AGO4",0.164829726982849,-0.492422013170852,0.05,0.061,1
"RNF114",0.164884324527601,-0.198360164015826,0.293,0.311,1
"SLC16A7",0.164891968198852,0.34610193219727,0.118,0.084,1
"ZFAND1",0.165099548050094,-0.241112231912703,0.182,0.193,1
"LASP1",0.165144075947694,0.241332059551125,0.17,0.131,1
"NDUFB9",0.165290432129139,-0.127554517239173,0.583,0.588,1
"SIN3B",0.165630079008211,-0.206240308731825,0.091,0.102,1
"C1D",0.165711950730466,0.145904951318401,0.273,0.237,1
"FKRP",0.165758354445717,-0.462670992942471,0.026,0.028,1
"EMD",0.16579084025499,-0.141681848083021,0.433,0.439,1
"SLC25A19",0.16580943695209,0.568823927342734,0.064,0.043,1
"ZNF865",0.165934203710629,0.258576594045504,0.073,0.054,1
"SLC50A1",0.165938605198443,0.140148864080424,0.078,0.06,1
"ST6GALNAC6",0.166027560976286,-0.259760575725808,0.15,0.162,1
"AUTS2",0.166099205682185,-0.145857519629719,0.156,0.16,1
"SLC35A4",0.166284303774733,-0.18341717724679,0.106,0.115,1
"CD200",0.166461402168329,0.572001222654555,0.03,0.018,1
"MTHFS",0.166665735795177,-0.230115842684365,0.239,0.251,1
"RELB",0.166742672925633,-0.116566100271907,0.722,0.71,1
"WDR37",0.166755050663752,0.297320521914862,0.146,0.112,1
"HERPUD2-AS1",0.166949291427005,-1.45948909936023,0.005,0.011,1
"SNHG15",0.167215506837383,-0.194344119230596,0.194,0.215,1
"MRPL36",0.16724281015162,-0.211577012540374,0.235,0.246,1
"PHF1",0.167383998810203,-0.182219171399086,0.425,0.444,1
"CARD16",0.167654726226732,0.219543184313065,0.112,0.094,1
"RAB5B",0.167793276752945,-0.219799859052647,0.205,0.212,1
"CHAF1A",0.167845363133397,0.774244558654769,0.024,0.014,1
"CENPC",0.167927759545437,0.18903964165398,0.322,0.268,1
"PDHX",0.168037694007173,-0.436056370341991,0.061,0.074,1
"FCSK",0.168153526197149,0.93572579943388,0.017,0.008,1
"DNAJC19",0.168174302072942,-0.167941190057255,0.333,0.345,1
"ZNF706",0.168187164460736,-0.154356487051599,0.56,0.561,1
"TRBV4-1",0.168455786048262,-0.559275202922947,0.02,0.019,1
"CPSF3",0.168511402049281,0.192854768279069,0.077,0.056,1
"TXNRD2",0.168521161247881,0.75342200818042,0.034,0.02,1
"SSR3",0.168546486386256,-0.116400317255278,0.289,0.275,1
"SAMHD1",0.1685796357114,0.171809213390059,0.392,0.343,1
"GZMA",0.168891842975736,0.468961754750665,0.028,0.027,1
"NIN",0.169206405252495,0.225027490676153,0.263,0.219,1
"ENSG00000286907",0.169237036460922,1.0183062197498,0.011,0.004,1
"LARP1B",0.169238886651695,-0.39094750638295,0.043,0.047,1
"SDK1",0.169267419974417,-0.437614653315055,0.05,0.062,1
"USP33",0.169312650971354,0.166145961477341,0.284,0.232,1
"PAK1",0.169361497109681,-0.147234306191235,0.23,0.234,1
"LRWD1",0.169417915869098,-0.299555879452118,0.108,0.122,1
"ENSG00000290396",0.169430858232597,1.09834658965106,0.01,0.004,1
"ENOSF1",0.169570413128378,0.566598457552113,0.082,0.054,1
"SPNS3",0.169594525568804,-0.630363856446316,0.022,0.029,1
"FUBP1",0.169611049903758,0.103075548834679,0.408,0.377,1
"WDR27",0.169641263039539,0.894308649693777,0.024,0.013,1
"REPIN1-AS1",0.169801127435872,0.622645478728622,0.025,0.013,1
"DCAF15",0.16980528509474,-0.114136379973599,0.157,0.167,1
"MR1",0.169900466526922,0.403763275477978,0.066,0.047,1
"WHAMM",0.169997626089044,0.134646152578501,0.474,0.436,1
"AGO1",0.170176488024708,0.400452235660382,0.059,0.039,1
"RNGTT",0.170276618925365,0.172561264123871,0.16,0.135,1
"PPP3CC",0.170777183899928,-0.103344846150205,0.288,0.288,1
"MOB4",0.170904218133228,-0.173524852429266,0.289,0.294,1
"ZC3H8",0.171028388716743,0.114179381834554,0.291,0.246,1
"DNAJB14",0.171062476982301,0.148828491886692,0.36,0.304,1
"TOPBP1",0.171069930375496,0.206070726750834,0.161,0.135,1
"C8orf88",0.17132246983527,-0.791451267969482,0.012,0.021,1
"ZNF627",0.171377507634119,-0.106129560726541,0.047,0.048,1
"ATP8B2",0.171414696724868,-0.328961474547824,0.056,0.062,1
"RSRC2",0.171469607366415,0.119909141637077,0.462,0.416,1
"FAM76A",0.171515222454685,0.187352749018677,0.084,0.074,1
"USP5",0.171830807377325,-0.170844625451882,0.061,0.063,1
"DPP4",0.172050211395328,-0.244898918887815,0.07,0.08,1
"FEZ2",0.1722571394589,-0.301074956228552,0.057,0.069,1
"C14orf119",0.172263007423136,-0.164937455234225,0.34,0.352,1
"CMTM6",0.172380149129235,-0.112248793402844,0.335,0.34,1
"LHFPL5",0.172483648574411,-0.229640037467855,0.035,0.041,1
"ZNF417",0.172587962184664,0.380169600814437,0.033,0.021,1
"TRIM24",0.172688480143589,0.137249878152336,0.107,0.097,1
"MRPL12",0.172734233849973,-0.318510701507727,0.133,0.151,1
"TUBE1",0.172896645416738,0.499159305818468,0.067,0.047,1
"AREG",0.172918634369852,-0.417051342081939,0.036,0.048,1
"G6PC3",0.172938306794752,-0.415602779219405,0.023,0.03,1
"SNTG2",0.172992146655184,-0.821459277580599,0.012,0.019,1
"R3HCC1L",0.17303861898182,0.158701767026051,0.12,0.111,1
"POGK",0.173183478228778,0.28671934353482,0.155,0.115,1
"ENSG00000278766",0.173355873248231,0.611367980672229,0.013,0.006,1
"GRWD1",0.173365880773326,-0.122609334309589,0.137,0.144,1
"HDAC11",0.173508674676499,-1.04131534100881,0.006,0.012,1
"DDR1",0.173540428702628,0.418641806466452,0.027,0.02,1
"MRPL21",0.173603883879876,0.125136540289176,0.241,0.215,1
"H4C11",0.173722052759667,-1.03861714339854,0.006,0.012,1
"ENC1",0.173752067743266,-0.533282670701696,0.011,0.015,1
"TACC1",0.173809319966448,0.210940404185566,0.159,0.126,1
"EIF4EBP3",0.173936882788348,-0.359836808567924,0.068,0.077,1
"INPPL1",0.174040683646838,-0.105499166424564,0.03,0.033,1
"DHTKD1",0.174103716899572,-0.191250306129454,0.02,0.025,1
"SNHG7",0.174161545133125,-0.173425918794851,0.557,0.557,1
"TGFBR3",0.174217405490705,-0.561795314488922,0.025,0.033,1
"DNASE1L1",0.174235358230544,-0.771352521118214,0.007,0.012,1
"HIF1A-AS3",0.174313371931151,-0.244169232205981,0.124,0.136,1
"ENSG00000288756",0.174388313405722,0.522121040387431,0.034,0.023,1
"DGKI",0.174428899549734,1.53179898446178,0.011,0.004,1
"CARMIL2",0.174452335407001,0.305764051478076,0.083,0.06,1
"STPG4",0.174554466903132,1.06925789609531,0.012,0.005,1
"MAN1B1",0.174722654039637,0.176822107944153,0.093,0.083,1
"DOCK11",0.174817633647194,0.259487367212014,0.22,0.178,1
"ZC4H2",0.174844266499352,0.52531558871418,0.067,0.043,1
"GNA15",0.174873897115781,-0.828856984972858,0.007,0.013,1
"PRMT7",0.17498852645182,0.385939102567006,0.068,0.048,1
"SLAMF1",0.175043777019259,0.295109487505414,0.08,0.062,1
"TRAV3",0.175212424161557,-0.546438902402768,0.022,0.022,1
"TSFM",0.175251115033157,-0.228086401491182,0.133,0.138,1
"MAN1A1",0.175257150360736,-0.417720975118323,0.056,0.067,1
"UBTD2",0.175334211928736,-0.588825888279971,0.027,0.037,1
"ROCK1",0.175425976596316,0.211838260094047,0.335,0.276,1
"SCML1",0.175644104403341,0.1549065567341,0.403,0.356,1
"TMEM69",0.1757555274232,-0.322241279261164,0.111,0.119,1
"VPS45",0.175897521151921,0.144428153331595,0.061,0.047,1
"MYO9A",0.175978290719711,-0.106625304166678,0.103,0.108,1
"SIRT1",0.176033849624387,0.208131023459533,0.165,0.131,1
"UIMC1",0.176036266580818,0.127010526895545,0.2,0.18,1
"ERLIN2",0.176076023019217,0.673914682464998,0.026,0.014,1
"CENPX",0.176124253358366,-0.391442546066966,0.091,0.11,1
"NOP14",0.176185035386754,-0.163117488333429,0.142,0.149,1
"ZNF155",0.176346874202495,0.859954386843761,0.03,0.016,1
"ATP6V1F",0.176461557636036,-0.142958902068894,0.454,0.45,1
"FXYD2",0.176615508034023,0.873487814899549,0.012,0.006,1
"ENSG00000260616",0.176631679366072,-0.558681647152471,0.03,0.04,1
"ABTB1",0.176722126698341,-0.242691381745426,0.199,0.207,1
"ENSG00000285043",0.176763700080513,-0.675845873418952,0.029,0.039,1
"ITGA1",0.176977166052559,1.03223842413594,0.023,0.012,1
"TNPO1",0.177167268484553,0.118213594395401,0.224,0.183,1
"VIPR1",0.177185316507472,-0.329587190550094,0.05,0.059,1
"FNDC10",0.177262828463199,1.36052616010637,0.01,0.002,1
"MAP3K12",0.177287296960118,0.645488098423255,0.021,0.011,1
"FAF2",0.177320187669018,0.231100982606834,0.127,0.096,1
"TDRD7",0.1773940660323,0.318581934033137,0.068,0.049,1
"UBL4A",0.177570838429792,-0.228953315791951,0.096,0.097,1
"NUP35",0.177666802526239,0.211181928888151,0.071,0.057,1
"ZNF407-AS1",0.177818791000642,0.23526000124155,0.085,0.073,1
"TAF3",0.177828251243707,0.166626330070874,0.255,0.208,1
"RASA4B",0.177865965032808,-0.974743449982674,0.011,0.019,1
"METTL18",0.177887238720633,-0.252362591806683,0.074,0.082,1
"TRBV3-1",0.1779041968785,-0.694789044184574,0.039,0.05,1
"CTBP1",0.178029677207431,-0.127590974440945,0.297,0.289,1
"CDPF1",0.178052679683531,-0.659115941696346,0.03,0.039,1
"ENSG00000267383",0.178112756013074,-1.36533797228579,0.006,0.013,1
"PM20D2",0.178239897527131,0.644287619073076,0.036,0.021,1
"IFT122",0.178528355536266,0.488630308788435,0.05,0.033,1
"MCTP2",0.178557704532669,0.779164646664528,0.014,0.007,1
"DSTYK",0.178904728085516,0.320706366169637,0.087,0.063,1
"ZNF410",0.178939016774265,-0.204331153900596,0.134,0.137,1
"FAM200A",0.178971708249974,0.303063237037489,0.062,0.046,1
"DCBLD2",0.179084463792417,0.478783293906857,0.033,0.025,1
"LTBP4",0.179110540362124,-0.343401883943044,0.049,0.053,1
"MIDN",0.17918454570078,-0.140751578479467,0.278,0.29,1
"TMEM30A",0.17930396857823,0.176906163276381,0.212,0.173,1
"NUP155",0.179359172543921,-0.228214343994948,0.089,0.093,1
"STAP1",0.179390088553496,1.02200362539247,0.016,0.008,1
"LYAR",0.179452344808344,0.243229088164445,0.068,0.057,1
"CAND1",0.179490645679603,0.177081795066021,0.303,0.249,1
"RUNX3",0.179613799523238,0.172537944627763,0.348,0.287,1
"CYB5D2",0.179635607689355,0.590147426091511,0.032,0.022,1
"FAM219A",0.179858035469907,0.623268032209706,0.018,0.009,1
"FCF1",0.180180875277343,0.154945931294346,0.11,0.096,1
"JMJD4",0.180344086482228,-0.521911308972192,0.041,0.053,1
"CSNK1G1",0.180378284175745,0.392137498233135,0.123,0.09,1
"DCAF12",0.180399136614177,0.212228331526088,0.124,0.094,1
"GALK2",0.180518797917384,0.419833147071583,0.087,0.063,1
"ENSG00000273221",0.180602267591142,-0.993083447396656,0.009,0.018,1
"CREBBP",0.180617286464604,0.161583344986537,0.301,0.248,1
"SEL1L",0.180943979998855,0.194641910272766,0.178,0.138,1
"ENSG00000228655",0.180947427510529,0.366590810483595,0.186,0.145,1
"TRIM33",0.181000799605564,0.209151592333968,0.237,0.194,1
"ST3GAL5",0.181024305092538,-0.362357300464661,0.089,0.1,1
"CPD",0.181085170813147,0.274710353244401,0.103,0.077,1
"RFC2",0.181174271002689,0.2239929723291,0.09,0.07,1
"UHMK1",0.181208603585825,0.116553935244321,0.223,0.183,1
"DYNLRB1",0.181248492741049,-0.120188603741812,0.346,0.359,1
"GPN3",0.181282819042254,0.177786326529943,0.125,0.098,1
"STRADA",0.181617379090406,0.296726135157342,0.088,0.061,1
"F2RL1",0.181684855462745,-1.37495817430783,0.005,0.011,1
"PCCA",0.181690317776575,0.955358254294742,0.019,0.008,1
"HCG11",0.181722102440407,-0.982546524025214,0.008,0.015,1
"GOLGA2",0.181951162303851,-0.386387815991473,0.075,0.085,1
"HADH",0.181989271384897,0.193006016054838,0.092,0.08,1
"PROSER2",0.182002917558186,0.491572094761586,0.042,0.03,1
"TRAV17",0.18201712543542,0.261824879594689,0.036,0.037,1
"ZNF600",0.18223960918141,0.498644275158332,0.034,0.02,1
"ENSG00000286786",0.182356974037827,0.744315281185449,0.025,0.013,1
"MYOSLID",0.182358868615907,-0.846811748068168,0.01,0.016,1
"MAP1A",0.182371275685649,0.901549559589482,0.023,0.012,1
"SPATS2L",0.182482286955028,-0.527327313880905,0.014,0.02,1
"EIF5A2",0.182565564174413,0.57110531503735,0.036,0.025,1
"HEMK1",0.182971922227573,0.916763756922578,0.023,0.012,1
"RAB39B",0.183170427604264,-0.506401576266546,0.048,0.06,1
"MEST",0.183278418321888,-1.05003104662599,0.007,0.014,1
"ZAP70",0.183297381681334,-0.13989265231228,0.466,0.479,1
"HARS2",0.183324284383457,0.238910928485627,0.099,0.074,1
"TARS3",0.183427379024152,-0.274471150977325,0.139,0.148,1
"GOLGB1",0.18345519434748,0.230318724487751,0.318,0.255,1
"UBE2H",0.183608513757872,0.139863987316696,0.266,0.22,1
"IRF1-AS1",0.183791432499783,-0.269601276422002,0.223,0.238,1
"SH3BP5L",0.183819250740758,-0.347983848406718,0.058,0.069,1
"ZFP1",0.183835163079599,0.435116177001111,0.065,0.046,1
"C3orf38",0.183966372087946,0.184119232855818,0.116,0.095,1
"ZNF302",0.184019658374514,-0.197891443996312,0.143,0.145,1
"FAM228B",0.184402295183517,-0.555905858715627,0.032,0.041,1
"NUP98",0.184690674995038,0.198350124795886,0.376,0.317,1
"C1S",0.184815306977233,-0.463867702534222,0.024,0.032,1
"QSOX1",0.185120684571806,0.446293322012311,0.07,0.05,1
"DNAJC8",0.185228843169173,-0.145867677514158,0.54,0.555,1
"STIM2",0.185338560148178,0.137103119195354,0.245,0.219,1
"ZC3HC1",0.185486837376877,0.115592771639734,0.072,0.067,1
"ZNF71",0.185492237422718,0.387443079625772,0.071,0.048,1
"CD2BP2",0.185651301000413,-0.25507093794082,0.183,0.198,1
"JARID2",0.18565633343946,-0.139757307077491,0.302,0.313,1
"COA7",0.185665694872171,-0.720220832371965,0.012,0.018,1
"ENSG00000273080",0.185718397851555,-1.14862444321188,0.006,0.011,1
"RCC2",0.185738320711018,-0.16226027354149,0.171,0.183,1
"MFSD3",0.185857389847567,0.666676425511501,0.028,0.016,1
"TOR1AIP1",0.18598486472017,-0.178498865303295,0.163,0.172,1
"LINC00938",0.186036373381096,0.292380833986047,0.05,0.039,1
"ARHGAP10",0.186157278799084,-0.356264513762585,0.025,0.032,1
"SBDS",0.186613150327729,0.151335254963353,0.264,0.217,1
"SLC25A14",0.18664679645035,0.436462497406029,0.045,0.033,1
"JPT1",0.186798596387585,0.19843943396916,0.229,0.191,1
"SRGAP2",0.18681048568121,0.458620438649411,0.025,0.019,1
"GORASP1",0.186861330898961,-0.892610038288625,0.014,0.022,1
"ZNF230",0.186905455590946,-0.300513384854376,0.05,0.057,1
"NSUN5",0.187091050733108,-0.326238334442462,0.159,0.172,1
"SPATA2",0.187146774987447,-0.180319158105738,0.069,0.077,1
"POM121C",0.187276359311644,0.21622451252141,0.249,0.205,1
"GSTK1",0.187305836300485,-0.113899942391755,0.51,0.493,1
"CD28",0.187532440600544,0.159347441331544,0.316,0.27,1
"PLAGL1",0.187571042154265,-0.393132508882132,0.008,0.012,1
"ZSWIM1",0.187581179246263,0.642681323820188,0.036,0.021,1
"MED20",0.187582681018354,0.524686083620512,0.037,0.025,1
"SLC16A11",0.18770544571922,0.796864191625152,0.014,0.007,1
"FMNL1",0.187786767862405,-0.120943255436771,0.429,0.431,1
"PDE6D",0.187835845733582,0.324210075560357,0.122,0.093,1
"MTMR6",0.187910590387785,0.295049266086682,0.206,0.156,1
"RRM1",0.187957489311906,-0.166347170518652,0.132,0.138,1
"C9orf78",0.187959491470738,-0.137934344655454,0.547,0.549,1
"ZNF605",0.188000958346254,-0.330502506005753,0.026,0.033,1
"GOLT1B",0.188168653320215,0.130964719114904,0.197,0.177,1
"CCZ1",0.188184540920925,-0.239503952153895,0.072,0.074,1
"ALG5",0.188334568132989,-0.162395993765994,0.179,0.189,1
"PLEKHG4",0.188466435077263,-0.981395413880081,0.016,0.023,1
"SYMPK",0.188496481374793,0.338465268243622,0.096,0.069,1
"THRA",0.18865943704567,0.202152618242407,0.097,0.08,1
"ARL15",0.188843089570359,0.230394085219626,0.129,0.101,1
"TNFSF10",0.188885199508809,-0.122665540115874,0.115,0.122,1
"RFXANK",0.189023044297844,-0.275800007823872,0.147,0.162,1
"OPTN",0.189057657404259,-0.135704142124517,0.421,0.418,1
"SMIM12",0.189334956735515,-0.203689092909582,0.209,0.219,1
"SLC10A7",0.189336487852079,-0.464930169249848,0.037,0.046,1
"MHENCR",0.189429423070292,-0.22436763763462,0.332,0.356,1
"MRPS33",0.189577405996563,-0.137910555684713,0.195,0.203,1
"ATP1B1",0.189805663448783,0.358572225568236,0.039,0.032,1
"HERC2P9",0.189809638238401,1.00717654403745,0.01,0.005,1
"BICD1",0.189820669326861,0.266014442272652,0.052,0.037,1
"CMC2",0.189820863631736,-0.242424809266934,0.204,0.214,1
"UBE2J1",0.189836789490028,0.128125163707815,0.123,0.112,1
"EP400",0.189906747604649,0.254055086530616,0.155,0.124,1
"ACIN1",0.190105218702725,0.184328969041349,0.363,0.311,1
"KMT2C",0.190222890836036,0.14844420733498,0.343,0.3,1
"LDOC1",0.190588898313303,0.911771916214832,0.013,0.006,1
"EXOC4",0.190845908441005,0.214846517397966,0.204,0.165,1
"GPR107",0.191403426675673,0.250685747406343,0.089,0.07,1
"LINC01876",0.191417908418229,0.6670179887789,0.039,0.023,1
"URM1",0.191642398861653,-0.173250236060589,0.239,0.254,1
"POLDIP2",0.191675910085816,-0.22002997608929,0.159,0.169,1
"ZSWIM8",0.191721291323993,-0.338464267613003,0.061,0.067,1
"ACTR1B",0.191771073893823,0.225192820562218,0.18,0.148,1
"ARFGEF1",0.191906777097008,0.128587155806014,0.279,0.228,1
"AGAP4",0.191936359399959,0.224945125672623,0.025,0.016,1
"IPO4",0.1919557066595,-0.396466396577265,0.072,0.083,1
"FMR1",0.192050840674557,0.343174901053928,0.133,0.097,1
"KDM2B-DT",0.19211713050012,0.917241225681916,0.013,0.006,1
"SRFBP1",0.192259478744753,0.304327022162205,0.126,0.097,1
"ACSL1",0.192563982893561,-0.216992795043814,0.067,0.068,1
"INPP5A",0.192596479505839,0.165024428774743,0.102,0.077,1
"SLC3A1",0.192607603331412,1.42541280246333,0.012,0.005,1
"APH1A",0.192624917305566,-0.143167110783488,0.425,0.436,1
"PLB1",0.192642255607589,-1.07379391353909,0.007,0.013,1
"ATL3",0.192664012675196,-0.242373473539231,0.087,0.097,1
"TSEN54",0.192689044021845,-0.26663745278153,0.082,0.088,1
"RASL11A",0.192775576454501,0.682922063786569,0.018,0.011,1
"RER1",0.192816732793736,-0.189206607461845,0.245,0.26,1
"ABHD6",0.192897112610183,-0.364313167220397,0.011,0.015,1
"PPM1K",0.193007782410711,0.126363188157839,0.232,0.203,1
"CAMLG",0.193058191719782,-0.16606998440623,0.353,0.368,1
"PDP2",0.193331990484267,1.12004798665247,0.012,0.005,1
"EXO5-DT",0.193390311037767,0.574929585241964,0.03,0.016,1
"GNPTG",0.193585412822852,0.255507574442795,0.175,0.139,1
"CCDC137",0.193590015597001,-0.174728418062102,0.108,0.095,1
"ANKRD52",0.193600649133809,0.28035806713548,0.092,0.074,1
"RCOR1",0.193647770739245,0.292891234411797,0.144,0.107,1
"TTC5",0.193648960278523,0.289526946592606,0.076,0.06,1
"CCDC106",0.19369167468369,-0.301198016531355,0.017,0.02,1
"ENSG00000289974",0.193701599287302,-0.557904191632502,0.015,0.015,1
"ST3GAL3",0.193747954271859,0.342588828999966,0.065,0.049,1
"COP1",0.19382845947898,0.220312683075966,0.281,0.231,1
"PRR5",0.194084327571096,-0.480910295097722,0.05,0.062,1
"MEGF9",0.194371781067349,-0.175327853005057,0.046,0.05,1
"PPP2R5E",0.19438594669296,0.11343241865027,0.217,0.196,1
"STMN1",0.194390001279263,-0.229583422858164,0.541,0.57,1
"VMAC",0.194633386349559,0.378719188089204,0.049,0.033,1
"POLR2L",0.194641782696387,-0.106494814915734,0.538,0.549,1
"TMEM230",0.194658288035309,-0.133886070437684,0.23,0.239,1
"LAPTM4B",0.194665476164843,-0.606843682741354,0.037,0.047,1
"AP1AR",0.194850879422313,0.11689731148098,0.089,0.069,1
"ANKRD28",0.195296430500315,0.26478816640604,0.102,0.082,1
"SAE1",0.195378750703323,-0.245095069155796,0.161,0.177,1
"ABHD14A",0.195470659552288,0.397406690868847,0.068,0.05,1
"ZBTB49",0.195484584668049,0.284699674768047,0.042,0.029,1
"MBLAC2",0.195570592269346,0.85782335758215,0.026,0.013,1
"C5orf58",0.195751345916768,-0.234202362043082,0.025,0.03,1
"EAF2",0.195756981424683,-0.264227589410015,0.032,0.034,1
"KAT8",0.196018744713717,-0.204934856327127,0.205,0.218,1
"PAIP2B",0.196353289188677,-0.3762601163071,0.023,0.021,1
"LIPC",0.196370787723529,1.17292538084681,0.01,0.005,1
"CNPY2",0.196691161888079,-0.171760076446903,0.283,0.294,1
"EHBP1",0.196738026135116,0.314424300829985,0.093,0.069,1
"SCAMP1-AS1",0.196837273886214,-0.274400927010339,0.03,0.037,1
"ENSA",0.196952880452386,-0.124006887570254,0.403,0.413,1
"CCS",0.196990837572624,-0.174975765805833,0.181,0.177,1
"EHD1",0.197409743286465,0.101859997819809,0.172,0.153,1
"THOC1",0.197410143987095,0.197750279089945,0.176,0.151,1
"SH2B3",0.197673302459251,0.392656138547272,0.101,0.071,1
"MTBP",0.197692388816255,0.494519324100674,0.034,0.021,1
"GTF3C4",0.197802681902304,0.331008024617862,0.126,0.097,1
"FOSB",0.197986038230007,1.17535752107772,0.025,0.015,1
"ZNF227",0.198198362939372,-0.101483029761217,0.083,0.077,1
"ZNF691",0.198233750072648,-0.476566199520947,0.039,0.048,1
"LINC02340",0.198317449432401,0.516973222784933,0.033,0.019,1
"EMG1",0.19843725424155,-0.228220426369546,0.169,0.18,1
"CD99L2",0.198620152391951,0.448677855282892,0.04,0.029,1
"ST6GALNAC4",0.198638253756005,-0.378323298669915,0.068,0.08,1
"MLX",0.198664643569914,0.159002080764753,0.237,0.197,1
"BRAP",0.198719838025301,0.280517233938829,0.118,0.095,1
"TRD-AS1",0.198836830474734,-0.541443896753119,0.019,0.028,1
"C10orf95-AS1",0.199001240232739,-0.590632506693972,0.03,0.041,1
"BTBD1",0.19909084245998,0.207603613015363,0.183,0.144,1
"ENSG00000267737",0.199162748296303,-0.774471603675565,0.016,0.025,1
"DENND10",0.19935210781246,-0.208420885269393,0.054,0.054,1
"CSNK1G3",0.19935955999149,0.327216833995296,0.12,0.089,1
"RGS14",0.199372055974112,-0.216613125696954,0.13,0.143,1
"IL23A",0.19960477586223,0.133039140028229,0.17,0.15,1
"ENSG00000266947",0.199658166690253,-0.305682838515121,0.059,0.06,1
"FCHO1",0.199783459206796,-0.160056632163989,0.091,0.088,1
"ELMO2",0.199867886188656,0.351860949673732,0.125,0.097,1
"IPO8",0.199929943934529,0.269578054133669,0.117,0.085,1
"S100A9",0.200022669978399,-0.944490050925373,0.008,0.014,1
"PMPCB",0.200091871886729,-0.135237495599183,0.37,0.377,1
"TRBV2",0.200132101690391,-0.52376819303112,0.042,0.054,1
"ABL2",0.200391765127147,-0.171939870745561,0.068,0.074,1
"APAF1",0.20041724213453,-0.630504789264809,0.028,0.035,1
"CYRIB",0.200622049699652,-0.108525964935883,0.4,0.406,1
"DDTL",0.200778948916138,0.987708831639005,0.012,0.005,1
"UPRT",0.20092162094268,-0.350056218307776,0.079,0.087,1
"VPS36",0.200928822636809,-0.121653335469814,0.167,0.169,1
"AIFM1",0.200941039854513,0.255174929524659,0.088,0.067,1
"PRPF31",0.200956162463533,0.104043099892902,0.22,0.197,1
"RASSF1",0.201099344221446,-0.107988321892819,0.137,0.143,1
"RBM42",0.201698570686011,-0.160424338052082,0.302,0.31,1
"STAG3L4",0.201768357306618,-0.231716426194248,0.06,0.069,1
"ADO",0.201900034333877,0.337555362260213,0.062,0.046,1
"CRCP",0.202126357634294,-0.295599638704038,0.107,0.121,1
"SEC24D",0.202144986347221,0.624945202855536,0.042,0.027,1
"ZHX1",0.202220763023381,-0.261937678934772,0.095,0.108,1
"SYNJ1",0.202315348814636,0.246891016235467,0.087,0.064,1
"RGS1",0.202662615904095,0.145264858684327,0.313,0.299,1
"KCNQ5",0.203070022524018,0.366330034258885,0.077,0.053,1
"MIR497HG",0.203173705330654,0.300625493585796,0.136,0.111,1
"C19orf38",0.203199507002201,-1.1722116292561,0.006,0.011,1
"TPST2",0.203256177135801,-0.336403072491655,0.039,0.048,1
"CCT4",0.203266327874403,-0.149963410770946,0.521,0.534,1
"ARPC4",0.203340854830126,-0.105699127962925,0.298,0.279,1
"ZBTB3",0.20339227502252,-0.639265774149901,0.013,0.019,1
"SEMA4B",0.203410668039517,-0.907752384780183,0.016,0.025,1
"SNAI3-AS1",0.203504815796098,-1.28130808476839,0.007,0.013,1
"LMO7",0.2035416286386,0.346720903622628,0.039,0.032,1
"NRCAM",0.20381714101659,0.481048209085679,0.02,0.009,1
"RAB19",0.203863557708526,-0.728320648670032,0.012,0.018,1
"MDN1",0.203930579463251,-0.3123629547011,0.087,0.095,1
"MAN2B2",0.203992989066474,0.57110710749708,0.044,0.029,1
"IVNS1ABP",0.204065300576968,0.207956766326746,0.308,0.259,1
"CCNK",0.204066338433788,0.183181881656245,0.259,0.217,1
"SUGP2",0.204230303023962,-0.40959991419373,0.063,0.071,1
"KCNK6",0.204287952212158,0.735236595534728,0.018,0.008,1
"PBX2",0.204364733806817,0.279482962703028,0.095,0.075,1
"CD79B",0.20444647215346,-1.02560611046613,0.006,0.011,1
"ENSG00000290067",0.204520315110828,0.407759063771036,0.059,0.039,1
"LINC01128",0.20469354434847,0.218084991912143,0.138,0.114,1
"GGCX",0.204822276106115,-0.337430329610825,0.059,0.069,1
"DCTN2",0.20487672441219,-0.165593896018188,0.223,0.231,1
"TUBGCP5",0.204894119361032,0.402541385307158,0.048,0.03,1
"LINC01004",0.204977328693016,0.401840931524875,0.069,0.048,1
"C22orf39",0.205122315506091,-0.170097833018304,0.161,0.171,1
"NUDT3",0.205160232018391,0.327161580382067,0.158,0.118,1
"DGAT1",0.205208867297111,-0.256208064894541,0.123,0.137,1
"GSS",0.205266176327215,-0.242879165103473,0.086,0.095,1
"FAM168A",0.205299160427396,0.229039400906749,0.132,0.107,1
"PRKAA1",0.205477149129858,0.244047328631656,0.209,0.165,1
"SPRYD4",0.205681939287336,0.227374227956167,0.036,0.029,1
"CTSO",0.20571503689623,0.428954475447025,0.042,0.026,1
"TIMM22",0.205733931802196,0.139570953348275,0.114,0.101,1
"ASB7",0.205818872590344,0.396834302207335,0.088,0.063,1
"SIPA1L3",0.205900454386648,0.333273835012979,0.089,0.064,1
"KAT2A",0.206093531288814,-0.347504576167684,0.073,0.083,1
"TOX2",0.206310161069314,-0.302536132414791,0.15,0.174,1
"ENSG00000219410",0.206334707888135,0.202384292410803,0.04,0.03,1
"JAML",0.206353161530949,-0.366979854720519,0.081,0.094,1
"ZNF771",0.206368618271586,-0.680828709621676,0.024,0.033,1
"PCMTD1-DT",0.206593949546556,0.286852403627667,0.016,0.009,1
"ENSG00000289614",0.206623608945742,-0.354497450041485,0.099,0.116,1
"RNF145",0.206729624476011,0.166228477567832,0.336,0.285,1
"PARVB",0.206781214578948,-1.01283123084569,0.007,0.012,1
"ZGPAT",0.206808778206656,-0.272399923823389,0.166,0.183,1
"GSK3B-DT",0.206918197093397,1.51253572720201,0.01,0.004,1
"SPSB2",0.206976711225801,-0.540716598732401,0.036,0.042,1
"HDAC7",0.207086354388255,-0.210824678044943,0.238,0.256,1
"NUP153-AS1",0.207368906826397,-0.385034104295971,0.042,0.052,1
"GGA3",0.207588717447698,0.210040902212113,0.109,0.082,1
"NELFB",0.207740524704236,-0.366739143000837,0.107,0.119,1
"LINC00342",0.207953236794455,0.316669469090346,0.085,0.059,1
"ATP6V1C1",0.208127334558983,-0.145966676262129,0.118,0.125,1
"DCAF8",0.208128819340043,0.199549067328853,0.241,0.201,1
"GNB4",0.208235579934496,-1.05476417752326,0.006,0.012,1
"CSNK1A1",0.208344721902685,0.145561375243133,0.481,0.432,1
"TASOR2",0.20848509943422,0.138117278907649,0.277,0.248,1
"ENSG00000274265",0.208550616829361,-0.153269449494806,0.228,0.231,1
"NF1",0.208677786696625,0.195442308208476,0.102,0.085,1
"COMMD2",0.208712213994591,0.321206460737653,0.14,0.107,1
"ZNF783",0.208747271351733,-0.504290008391947,0.027,0.035,1
"MLLT6",0.208748615724916,0.244403656086297,0.133,0.104,1
"MSI2",0.208946903612498,0.154440515635408,0.212,0.169,1
"TRNT1",0.209043109481757,0.244705922664613,0.196,0.159,1
"ELMOD3",0.209217202577137,0.301177120273371,0.089,0.064,1
"SIRT2",0.209217632135941,-0.237370821740649,0.194,0.212,1
"RAB11FIP1",0.209248877704726,0.425636027228385,0.03,0.019,1
"ENSG00000289393",0.209298606370544,-0.503602809874217,0.013,0.019,1
"ITM2C",0.209398846927447,-0.240081644587483,0.117,0.136,1
"CD59",0.20950544785113,-0.201315810320879,0.243,0.255,1
"ENSG00000287555",0.209722103178169,0.41692106009548,0.056,0.04,1
"WDR45B",0.209738650509118,0.175051097887702,0.103,0.077,1
"TM2D3",0.209748075185601,0.163834400103747,0.238,0.2,1
"COA1",0.209966316315043,-0.140221104741453,0.285,0.293,1
"ELF4",0.2101072316083,-0.210546366631006,0.099,0.1,1
"TCEANC2",0.210228885533974,0.516789576599673,0.047,0.03,1
"GMEB2",0.210237674638629,0.170432920092321,0.111,0.091,1
"ING2",0.210370564660939,0.417891390631739,0.06,0.042,1
"MRPS12",0.21043910163361,-0.182284128000906,0.2,0.211,1
"ENSG00000267523",0.210551663394467,-0.439128997865339,0.023,0.028,1
"TMEM154",0.210737706000373,0.13014594011806,0.154,0.135,1
"TAF8",0.210776369259378,0.336285694504044,0.107,0.078,1
"CLOCK",0.210790854039667,-0.402428676710813,0.055,0.064,1
"CCP110",0.210924003155881,0.396901231521467,0.086,0.062,1
"LRRC58",0.210948615451347,0.344022720821406,0.106,0.08,1
"ASB8",0.211006230706799,0.156840999697079,0.165,0.141,1
"ZNF333",0.21126822087201,0.512192170687257,0.04,0.028,1
"PPT2",0.211427789733947,-0.532582457031556,0.033,0.046,1
"SLC1A5",0.211444066997956,-0.560592791420317,0.02,0.028,1
"RFX2",0.211450624747355,-0.136113136244257,0.104,0.111,1
"HS2ST1",0.211468133722817,0.155512812367365,0.125,0.098,1
"TMEM143",0.211513748764259,-0.321109717045454,0.026,0.026,1
"TERF1",0.211651154689648,-0.301678896736246,0.119,0.132,1
"COPS7B",0.211658020926598,-0.302661152994808,0.142,0.156,1
"ZNF442",0.211706703879798,1.24907527900978,0.01,0.004,1
"GARS1-DT",0.212109284822443,-0.192496637259493,0.063,0.067,1
"DGKQ",0.212129311422691,-0.628111703027651,0.02,0.029,1
"TRIM35",0.212264805726008,-0.516777823394554,0.036,0.046,1
"INO80",0.212312387773024,0.263082412546873,0.168,0.131,1
"MTERF3",0.212373658157185,0.306598725958815,0.116,0.09,1
"TTC26",0.212437220453742,0.970124818869794,0.013,0.006,1
"FAM204A",0.212514313025648,0.134429881046373,0.262,0.234,1
"BAD",0.212565598085443,-0.14669186542349,0.18,0.192,1
"RNF144B",0.212605105575516,0.693814334855366,0.024,0.013,1
"TRPC4AP",0.212643475968256,0.137829072219323,0.284,0.249,1
"ENSG00000272277",0.212852920097421,0.363605974921992,0.02,0.012,1
"HMGN4",0.212867032048028,-0.178393505560357,0.248,0.26,1
"UROD",0.212980077920077,0.104108389342298,0.144,0.129,1
"IDH1",0.21299261597652,0.661950821855653,0.021,0.013,1
"PDSS2",0.213186063747049,0.277897334561896,0.1,0.076,1
"LMTK3",0.213190908184756,-0.965296869216759,0.01,0.018,1
"TRIM5",0.213332118625328,-0.231478902197257,0.102,0.114,1
"RPRD1B",0.213621017214342,0.182222433778052,0.117,0.095,1
"HELQ",0.213675231732514,0.329534243199533,0.095,0.069,1
"TMEM67",0.21400265286318,0.31903216113985,0.043,0.029,1
"ZNF626",0.214033616760791,0.359906629920355,0.054,0.042,1
"PKD2L2-DT",0.214187426567232,0.265551212640455,0.02,0.013,1
"RGMB",0.214205096734014,-0.516469269932884,0.014,0.02,1
"ZNRD2",0.214406411842452,-0.190871422895614,0.248,0.258,1
"XPO4",0.214470110370515,0.119949641142983,0.163,0.148,1
"ERCC1",0.214633470397099,-0.387148574648875,0.07,0.08,1
"ARHGEF5",0.214786877280045,-0.203831531189499,0.024,0.022,1
"APBB3",0.214789373222747,-0.459496240040978,0.03,0.04,1
"DOCK2",0.214947387216391,0.200486475126215,0.24,0.201,1
"CES2",0.215024945546711,0.196340455123508,0.071,0.057,1
"MAGED1",0.215139332102923,0.136944190351573,0.121,0.093,1
"DCP1A",0.215311904650312,0.138284894979983,0.191,0.173,1
"AEBP1",0.215359422892051,-0.654020972907884,0.03,0.04,1
"FRAT1",0.215438904501067,0.189791778148791,0.077,0.064,1
"PAK4",0.215454968745616,-0.486266300813406,0.046,0.056,1
"MEF2D",0.215573663342896,0.274505243135357,0.128,0.1,1
"STK16",0.215617838839877,-0.314805907037917,0.055,0.064,1
"PORCN",0.215778363113107,-0.263554771103658,0.045,0.05,1
"PCNT",0.215854689682166,-0.330536372414395,0.063,0.074,1
"RPS19BP1",0.215951825713612,-0.185716099908206,0.375,0.395,1
"INTS14",0.216090446249179,-0.216282883046769,0.078,0.087,1
"ZMYM1",0.216172895340819,-0.254662856226781,0.057,0.064,1
"NCBP2",0.216343400023352,0.146163192664949,0.241,0.211,1
"SLC7A1",0.216387580919676,0.435795458794654,0.056,0.04,1
"TXN",0.216572473887966,-0.172408738245586,0.234,0.24,1
"ENSG00000291081",0.216694036911285,-0.595406864592493,0.007,0.011,1
"EPB41L4A-AS1",0.216779582203103,-0.140258538400381,0.391,0.398,1
"PMS2",0.216781916733481,0.496676184857878,0.036,0.022,1
"CENATAC",0.216820824818454,-0.313426542993678,0.097,0.108,1
"FEM1A",0.216928097604276,0.124969757564519,0.075,0.061,1
"SLC35B1",0.217098389710816,-0.204092819997971,0.079,0.087,1
"IER5L",0.21710462015713,0.486751550471237,0.025,0.019,1
"METTL5",0.217115061552079,-0.176919418853634,0.213,0.222,1
"C19orf73",0.21712169510812,-0.493731520016298,0.009,0.014,1
"DHRS12",0.21717664423938,0.571763251895664,0.039,0.026,1
"EAF1",0.217191730314834,0.259523347466024,0.046,0.037,1
"ZNF169",0.217276173875051,0.237712159651198,0.063,0.053,1
"MLH3",0.217315747378154,0.521820333121286,0.044,0.03,1
"RAB40B",0.217779504375969,-0.615763816543844,0.016,0.021,1
"SNRNP27",0.217831045154932,0.15977595950452,0.184,0.162,1
"EEF2KMT",0.217834965052601,-0.548367829225285,0.022,0.03,1
"CDYL",0.218003172458115,0.362069214015125,0.073,0.049,1
"ENSG00000289334",0.218182455804263,0.20868823217967,0.067,0.054,1
"TXLNG",0.218202704325314,0.21888351307529,0.132,0.111,1
"RUVBL2",0.218224313518857,-0.339686192188986,0.11,0.121,1
"FMNL2",0.218225518362716,-0.478573763086786,0.015,0.02,1
"ENSG00000267009",0.218271807825596,-0.224168867137576,0.031,0.037,1
"GTF2F2",0.21845214304189,0.236324574226826,0.15,0.118,1
"ESCO1",0.218483237380887,-0.135883868465153,0.181,0.189,1
"HAUS8",0.218595115460695,-0.559153915518245,0.039,0.053,1
"CHRNE",0.218664547598191,-1.15533376497179,0.005,0.011,1
"ZNF709",0.218679637822109,0.313439294178923,0.055,0.043,1
"INKA2",0.218703201370833,0.241795366616669,0.039,0.033,1
"NME7",0.2187621652876,-0.214840447800208,0.096,0.107,1
"RABL6",0.218813355088529,-0.163238434411545,0.166,0.157,1
"TASOR",0.2189215080544,-0.233498239252691,0.16,0.167,1
"C1orf35",0.219217197930162,-0.282053155740358,0.144,0.156,1
"LYRM4-AS1",0.219288696097328,-0.974444923897152,0.008,0.013,1
"RRS1",0.21938055556222,-0.322343746083381,0.07,0.081,1
"ZNF844",0.219759319822708,0.59371916278949,0.019,0.009,1
"ENSG00000285669",0.22003152428232,1.31828093267005,0.01,0.004,1
"CCDC66",0.220363046753813,-0.185490900246398,0.285,0.289,1
"SPAG1",0.220405802670548,1.0961359383942,0.015,0.006,1
"MKRN2",0.220435868013891,0.250353987859674,0.143,0.116,1
"GLMN",0.220526137919757,0.212005990923817,0.157,0.129,1
"USP9X",0.220572440462376,0.241930137695139,0.24,0.198,1
"C1orf216",0.220707264718378,0.934994324486292,0.016,0.007,1
"HADHB",0.220729306105136,0.119222524920234,0.213,0.186,1
"BAZ2A",0.220835907170723,0.186434927810795,0.246,0.204,1
"ENSG00000290039",0.220954696477694,0.730096973046224,0.01,0.005,1
"ARF4",0.221128925300081,-0.162440548557231,0.345,0.348,1
"ABHD10",0.221163547141446,0.244068692860803,0.1,0.075,1
"C4orf33",0.221269033073319,-0.225193604209196,0.02,0.023,1
"CUEDC2",0.221270828384291,-0.217061849626588,0.136,0.144,1
"BABAM2",0.221316440224768,0.11739145348278,0.164,0.128,1
"FUNDC2",0.221388467503584,-0.186273058122263,0.279,0.296,1
"MAGEF1",0.221502656893856,-0.350031263931248,0.048,0.05,1
"AMPD2",0.221503478144569,-0.183276405083912,0.07,0.078,1
"RRAGC-DT",0.221632891433517,0.692819015286204,0.022,0.013,1
"KCNQ1OT1",0.221660391256014,0.853356804392543,0.017,0.008,1
"PRDM1",0.221720166533413,0.938607866324368,0.012,0.006,1
"BZW1",0.221768673971025,-0.108694258196319,0.54,0.53,1
"GNL3L",0.221814904867586,0.346606688036525,0.104,0.073,1
"SPIN3",0.221903277927831,-0.795229282370502,0.007,0.012,1
"ENTPD1-AS1",0.222221799665104,0.496938273518243,0.052,0.033,1
"PNMA1",0.222480749763892,-0.148776875384933,0.096,0.103,1
"RAD54L2",0.222744470855568,0.267699140108424,0.111,0.089,1
"ZNF66",0.222756804536466,0.332690994970581,0.042,0.032,1
"WASHC4",0.222819032666488,0.120097379405138,0.368,0.333,1
"GFM2",0.222901808748219,0.386805213551755,0.063,0.046,1
"GET1",0.223013991339038,0.18339591909752,0.134,0.105,1
"CLIP3",0.223170852879606,0.236653255670599,0.032,0.027,1
"IK",0.223188407154908,0.127651861388721,0.573,0.513,1
"PLEKHF1",0.223208684918215,0.175274635692404,0.102,0.081,1
"ENSG00000286145",0.223356581699594,0.412637492803451,0.092,0.066,1
"TRMT112",0.223385275100377,-0.125768289838992,0.612,0.603,1
"ZNF827",0.223466713497041,-0.192099487978462,0.119,0.129,1
"RAP1GDS1",0.223534723523854,0.257983700777312,0.157,0.126,1
"PSME4",0.223540327391258,0.201297313475645,0.199,0.155,1
"SACS",0.22423855756069,-0.434626800023941,0.051,0.061,1
"PAICS",0.22427084967359,-0.252256513140073,0.111,0.117,1
"WASHC2A",0.224290645619677,0.260873249598707,0.133,0.1,1
"STOM",0.224301749587749,-0.45318220543874,0.032,0.037,1
"ENSG00000183308",0.224374501103516,0.602469684398149,0.034,0.022,1
"MPI",0.224414206978166,-0.110083192072409,0.063,0.066,1
"PARP3",0.224414900797785,-0.731430130019011,0.01,0.015,1
"TATDN1",0.224532479988119,0.15451206945454,0.126,0.102,1
"SMARCA2",0.224589759778849,0.176178915055055,0.296,0.253,1
"FAM234A",0.224765529525599,-0.349460089241039,0.064,0.075,1
"UBE2R2",0.224974594287093,-0.134906171135763,0.452,0.456,1
"DIS3L2",0.225196033051111,0.157087527911897,0.11,0.098,1
"CREBL2",0.225340425718157,0.198036224845169,0.19,0.155,1
"TNFRSF12A",0.225394125426706,-0.895247200693206,0.007,0.012,1
"DMAC1",0.225674461688168,-0.229194456938943,0.152,0.163,1
"RPS6KB1",0.225770955935006,0.264098826409371,0.216,0.174,1
"TARBP2",0.225815091636367,-0.321277308508555,0.091,0.107,1
"RAB35",0.226235083933743,-0.251802342789543,0.212,0.227,1
"DCTN4",0.226290560565657,0.134398845883659,0.233,0.192,1
"TRAV5",0.226608152235404,-1.13059972954398,0.006,0.012,1
"THAP11",0.226625212540247,-0.130046615619104,0.3,0.289,1
"TENT5A",0.226658059594655,0.503609563894254,0.029,0.021,1
"TM7SF3",0.226714008743224,0.395035819580245,0.057,0.042,1
"TAB1",0.226832218341476,-0.758059749814295,0.026,0.034,1
"RAD17",0.22693891815142,0.334841947692734,0.079,0.061,1
"HDGF",0.227106503748512,-0.164401741179272,0.296,0.294,1
"LINC00239",0.227191755106202,-0.641668242678326,0.018,0.023,1
"MTOR",0.227428435599315,0.333563657694436,0.08,0.059,1
"RAB12",0.227494539508164,0.655696524362439,0.044,0.027,1
"TRIM23",0.227747279311859,0.236092690590405,0.131,0.103,1
"ENSG00000279168",0.227980047267503,-0.224383787105152,0.136,0.144,1
"DELE1",0.22802603411178,0.145632729626553,0.121,0.103,1
"PIKFYVE",0.228258962182147,0.174493103916435,0.132,0.108,1
"ARL6",0.228481537166092,0.27756789048123,0.039,0.026,1
"XPO5",0.228557679238649,0.238106240111748,0.075,0.055,1
"ATF7",0.228589336820981,-0.151799706146704,0.118,0.125,1
"UQCC6",0.228684207376309,0.242924561451532,0.06,0.049,1
"ZCCHC14",0.228981880872507,-0.139350634353652,0.107,0.094,1
"CC2D1B",0.228991854278575,0.384579823110914,0.067,0.048,1
"TAF5",0.229490549921362,-0.119123180276775,0.038,0.032,1
"ATP6V0D1",0.22958040485949,-0.21186929252361,0.296,0.317,1
"ANO10",0.229623200128047,0.553814188850581,0.027,0.016,1
"RAP2A",0.229674399703467,0.235006551340013,0.105,0.08,1
"FBXO28",0.229830346952909,0.137318437117073,0.133,0.107,1
"DHX16",0.229968175961823,0.286850145063801,0.125,0.091,1
"BMS1P1",0.230031268521062,0.791470977193171,0.015,0.007,1
"DDOST",0.230296758139601,-0.127837188162287,0.401,0.403,1
"ENSG00000291180",0.230585238281373,-0.828554522944105,0.008,0.013,1
"ELF2",0.230633400619555,0.157690626811493,0.399,0.343,1
"DPF2",0.230716702469565,0.132650089775411,0.24,0.203,1
"DCP2",0.231008627201004,0.170166309154163,0.253,0.214,1
"PDCD4-AS1",0.231166751346141,-0.207338368047185,0.11,0.105,1
"PSKH1",0.231169583906204,0.416142288765299,0.041,0.027,1
"UBE2E3",0.231173342131854,0.147934806786105,0.257,0.224,1
"ITFG1",0.231179854750329,0.191144621712653,0.237,0.191,1
"RUFY3",0.231225953586206,-0.461743288128837,0.038,0.046,1
"EFCAB14",0.231276438321695,0.201731189568823,0.199,0.169,1
"COMMD4",0.231549003819911,-0.42446143230529,0.044,0.053,1
"WHRN",0.231552310398884,-0.709402201655176,0.023,0.028,1
"OAS3",0.231563902888984,-0.472290397822506,0.033,0.043,1
"TCAF2",0.231625218094549,-0.228160340639742,0.055,0.06,1
"UBE2J2",0.231690225659665,-0.159265217476808,0.228,0.241,1
"ENSG00000254873",0.231824716193804,-1.21602347113328,0.005,0.011,1
"DPYD-AS1",0.232238418501653,-0.21964594935323,0.062,0.066,1
"TBCB",0.232265853528193,-0.197207063730327,0.22,0.224,1
"ATP2C1",0.232588427457312,0.122009098240713,0.129,0.115,1
"SMAD1",0.233215607853991,-0.684231987705644,0.02,0.028,1
"LINC01473",0.233224974380215,0.242012762548184,0.053,0.035,1
"F11R",0.233262948398976,0.348095363146717,0.071,0.053,1
"SLC25A13",0.233686915469353,0.12494608101809,0.041,0.028,1
"ENSG00000291202",0.233715681026832,0.682777817487155,0.015,0.008,1
"OSGIN2",0.233946820915937,0.488184321513223,0.051,0.035,1
"TRBV5-5",0.234035855788003,-1.02259371959545,0.012,0.014,1
"SMG1P5",0.234198459906525,0.294221408818474,0.117,0.09,1
"MMACHC",0.234201520374412,-0.337011080272895,0.015,0.019,1
"MREG",0.23424941476214,0.198835576288159,0.029,0.023,1
"CTIF",0.234292442441492,-1.03937886291793,0.007,0.012,1
"TRIM32",0.234629271911118,0.63722950592488,0.039,0.025,1
"CD27-AS1",0.234673874276712,-0.732865156098355,0.013,0.019,1
"SIRT6",0.234770342501201,0.466251552488232,0.047,0.033,1
"ZNF808",0.234834370861123,0.311023393716376,0.065,0.046,1
"IFT25",0.234996294052583,0.139309617522386,0.173,0.149,1
"RANGRF",0.235385913311783,-0.286808677786862,0.14,0.159,1
"CINP",0.235564725251195,-0.138617232942678,0.075,0.08,1
"METTL9",0.235632739477143,-0.154224054368017,0.391,0.399,1
"SLC41A1",0.235704971600262,0.520480088552182,0.041,0.027,1
"MARK2",0.235872907583787,0.181562831654316,0.202,0.164,1
"CNPPD1",0.23616232562342,0.187249855886817,0.197,0.16,1
"SPRY1",0.236252864602102,-0.161834396865665,0.013,0.015,1
"COA3",0.236254827440728,-0.230369301063791,0.139,0.15,1
"BCL2L1-AS1",0.236279389793245,-0.381404573163992,0.008,0.012,1
"DEF8",0.236417082706367,0.374261248400057,0.059,0.041,1
"ZNF875",0.236417661009185,-0.117955089759134,0.064,0.07,1
"NDUFV2-AS1",0.236455875530355,0.182505110202618,0.106,0.088,1
"FAM229B",0.23652036418962,-0.356518395932002,0.035,0.042,1
"BFAR",0.236575173734597,-0.197491238167333,0.195,0.206,1
"ZNF275",0.236805179227917,0.32149483543163,0.06,0.044,1
"PIAS4",0.236928481562623,0.251770563655387,0.126,0.098,1
"NPAS2",0.237598272111542,0.801255552662471,0.019,0.009,1
"DDX54",0.237821053178368,-0.201481248498038,0.174,0.189,1
"FARSB",0.237937488223365,-0.173793560644121,0.108,0.116,1
"CCDC97",0.238007864018656,-0.25682272512579,0.145,0.148,1
"VIRMA",0.238162958163651,0.243228467204921,0.183,0.148,1
"DNASE2",0.238387835472016,-0.325532272620065,0.062,0.071,1
"FBXO38",0.238435913492677,-0.121711714565701,0.142,0.137,1
"ESD",0.238517479961864,-0.178056791596472,0.302,0.303,1
"ENSG00000261172",0.238964392924805,-0.760915657000562,0.006,0.011,1
"PRAF2",0.239205248618058,-0.281817900604602,0.09,0.101,1
"GOLM2",0.239234364388127,0.145194861295708,0.151,0.119,1
"PARP14",0.23932033330985,-0.229063641277182,0.138,0.138,1
"URGCP",0.239359509588983,0.261359875880461,0.13,0.101,1
"MARCKSL1",0.239499819300989,-0.172825049030986,0.615,0.639,1
"SH3GLB2",0.239579100981811,-0.10822583574566,0.13,0.123,1
"KLF12",0.239598153513131,0.147688133352111,0.521,0.468,1
"SEPTIN11",0.239629662294922,0.282808926434713,0.034,0.029,1
"GLA",0.239678778887716,-0.378435861999685,0.082,0.093,1
"RNASEH1",0.239722542456039,0.134163114160147,0.133,0.119,1
"ENSG00000272540",0.239772707319749,-0.661859537286645,0.018,0.022,1
"RBMXL1",0.239999176812885,0.140446462724637,0.127,0.111,1
"ALG12",0.240112115210872,0.193145727352213,0.073,0.054,1
"UFSP2",0.240145018523276,0.250784476652385,0.094,0.067,1
"NUDT4",0.240383975738159,0.204354038869796,0.183,0.149,1
"DEDD2",0.240631761705077,0.211600909815216,0.128,0.105,1
"IMMP2L",0.24068274564727,0.152568090628224,0.209,0.184,1
"TAB3",0.240759113232643,0.456567936112987,0.068,0.046,1
"SP2",0.240881918920381,-0.223108160262504,0.102,0.111,1
"KIAA1671",0.241095878626098,-0.103810345312239,0.042,0.042,1
"TFCP2",0.241097469783623,0.113711440549781,0.097,0.085,1
"NFS1",0.241267422282906,0.363016215137201,0.051,0.034,1
"PCNX1",0.241296147032315,0.129616958073455,0.217,0.178,1
"GET4",0.241304517546674,0.168843285645697,0.158,0.132,1
"TMED7",0.241472352541045,0.163266920413909,0.16,0.137,1
"MAP3K13",0.241585680247557,0.347413828470395,0.163,0.119,1
"MED25",0.241755567118345,-0.126648964766753,0.174,0.178,1
"ZNF429",0.241939871576791,0.347153503194306,0.07,0.05,1
"TNF",0.242027137955938,0.4205190754801,0.048,0.037,1
"TENM1",0.242063140980046,0.28248411399356,0.054,0.039,1
"REEP6",0.242188888214315,-0.633321152080243,0.009,0.012,1
"MIB2",0.242193463978027,-0.325282930190178,0.124,0.138,1
"SGTB",0.242252843789705,0.168545496686161,0.235,0.194,1
"RRM2B",0.242309792420652,-0.445510982596085,0.032,0.04,1
"XYLT1",0.242397416147776,0.170472240876474,0.124,0.1,1
"DDX11",0.242455807009529,0.638247794268461,0.026,0.015,1
"ARRDC3",0.242781738630597,0.282032214763938,0.048,0.041,1
"VASH1",0.242806432497882,-0.812775815217345,0.006,0.012,1
"CACNB3",0.242878390864979,-0.891223038487173,0.008,0.015,1
"TMEM120B",0.242901969229856,-0.172783317898963,0.062,0.062,1
"GLT8D1",0.243346123706364,-0.112186654520433,0.088,0.093,1
"PHACTR4",0.243502695981048,0.236381680917311,0.212,0.17,1
"SLX4",0.243662671269164,1.02817319237721,0.013,0.006,1
"TIGD1",0.243793181291156,0.256019036315726,0.04,0.032,1
"CASS4",0.243842035493874,-0.110696849814234,0.034,0.036,1
"RNF111",0.243921480425351,0.122191900929628,0.223,0.197,1
"TSPO",0.244021941638055,0.134010482878202,0.159,0.125,1
"RING1",0.244200901459326,-0.193313362100769,0.198,0.205,1
"KIAA0319L",0.244642229335149,0.223847550596035,0.119,0.1,1
"ENSG00000291037",0.244664570868089,-0.334964589242925,0.055,0.061,1
"RAB2B",0.244668600181882,0.353994496571448,0.081,0.057,1
"MINPP1",0.244851889011215,0.424374431857952,0.05,0.036,1
"CMTM3",0.245196719979754,-0.277099469015548,0.141,0.15,1
"DDIT3",0.245446452530069,0.142246432271722,0.154,0.133,1
"TTC33",0.245585500135462,-0.244163823947805,0.121,0.131,1
"CERS5",0.245790412584615,-0.391760040397671,0.071,0.08,1
"CLIP4",0.246160127205384,-0.220013804055574,0.109,0.118,1
"RAPGEF2",0.246326171600124,-0.12065407222672,0.121,0.124,1
"ENSG00000225889",0.247058198471421,0.718669764612528,0.02,0.011,1
"TMCC1",0.247241576750627,-0.163257199260248,0.176,0.166,1
"PI4K2A",0.247256938985127,0.110348575562555,0.036,0.033,1
"CEP20",0.247304026592832,0.272346363992217,0.119,0.095,1
"TBCD",0.247319178509767,-0.316549240333219,0.065,0.07,1
"CUL7",0.247475446629842,0.767568166154665,0.021,0.012,1
"APPL1",0.247500520650158,-0.114641334683498,0.211,0.213,1
"PKP4",0.247630052325589,-0.376345892957821,0.042,0.046,1
"FASTKD1",0.247633762124488,-0.33110287622558,0.089,0.098,1
"AGPAT4",0.247705559984901,0.281815839956336,0.079,0.064,1
"DUS1L",0.247753777707134,-0.16015809253735,0.345,0.35,1
"TSPAN14-AS1",0.247806772519815,1.28290125324931,0.018,0.008,1
"ARHGEF7",0.248256299508828,0.149767090033748,0.358,0.311,1
"ZBTB7A",0.248332009441819,0.201295102030429,0.294,0.248,1
"TPRG1L",0.248543143768776,0.123435630916076,0.228,0.19,1
"ENSG00000230010",0.248583773511377,-0.386296670454654,0.009,0.013,1
"PIGW",0.248621682820642,-0.673104374329202,0.019,0.026,1
"ZFYVE27",0.248701034369584,0.101105359341808,0.129,0.11,1
"CPNE1",0.248702901643949,-0.143164952127585,0.262,0.266,1
"SBNO1-AS1",0.248781034138479,-0.397315587199599,0.03,0.036,1
"MAPK7",0.248866819726573,0.586726904341593,0.025,0.015,1
"PIGU",0.248955080447213,0.308700147509944,0.054,0.037,1
"PTRHD1",0.249148091100982,-0.120653709518179,0.178,0.185,1
"C2orf49",0.249180203866467,0.11196437402557,0.152,0.126,1
"VPS4B",0.2492170732461,0.103863801252719,0.308,0.26,1
"RAB4A",0.249409252811309,-0.225872353221499,0.139,0.145,1
"AMZ2P1",0.249418343681971,0.553455822315456,0.038,0.023,1
"PURA",0.249634324732888,0.21975854145149,0.188,0.152,1
"RABGAP1",0.249676607049817,0.16686718407581,0.259,0.23,1
"TMEM234",0.249755370514046,-0.247211030171423,0.048,0.053,1
"NPRL2",0.249780851004216,-0.295384678218331,0.113,0.124,1
"LGALS8",0.249871363835344,-0.217434926298951,0.134,0.141,1
"DNAJB4",0.249968364936062,0.383613133651976,0.04,0.033,1
"SLC27A4",0.250038363168862,-0.533520304825135,0.029,0.037,1
"RAB8B",0.250047099746046,0.177592778384462,0.253,0.211,1
"GTF2A1",0.250111718962617,-0.125435620907792,0.108,0.096,1
"KCNMB4",0.250123449016201,0.221206739243561,0.06,0.05,1
"NAT14",0.250260884070385,0.466139933069787,0.019,0.012,1
"TOMM22",0.250264382933227,-0.124814773199406,0.39,0.393,1
"ZNF644",0.250269508195313,0.134276930402803,0.396,0.348,1
"ZBTB37",0.250554580046421,0.52822546554454,0.029,0.018,1
"SESN2",0.250697003658254,-0.507253340588529,0.016,0.023,1
"IFI27L1",0.250913320614948,0.320013042822129,0.03,0.026,1
"SLC24A1",0.25094922939975,0.70305079628205,0.029,0.016,1
"KPNA3",0.250969390421021,0.101550817449914,0.202,0.184,1
"LAYN",0.251082519352865,-0.367464269110326,0.014,0.02,1
"ENSG00000226824",0.251211724571656,0.326831302019604,0.072,0.05,1
"TXNDC17",0.251377827331497,0.100264268248725,0.264,0.245,1
"FBXL13",0.251654197562916,1.4221870987394,0.012,0.005,1
"NCOA2",0.25173115723939,0.169384613592037,0.246,0.214,1
"POMGNT2",0.252014855680225,-0.409150227100622,0.057,0.063,1
"PIM2",0.252031510432207,0.117075477730924,0.603,0.566,1
"LINC00511",0.252324745102783,-0.890116660508486,0.009,0.015,1
"TTC39C",0.25235350387874,-0.163252080298083,0.207,0.218,1
"ZBTB10",0.252380000983409,0.187847804160747,0.075,0.066,1
"PHKB",0.252385113646602,-0.210876391208014,0.145,0.146,1
"WDR89",0.252489996248983,0.168876341453519,0.117,0.102,1
"MLST8",0.252578832044014,-0.234148907279137,0.072,0.082,1
"CLIC4",0.252608525370427,0.791746535826763,0.019,0.011,1
"MRPS26",0.252686027559524,-0.280404924449914,0.212,0.224,1
"ENSG00000290683",0.252710428913576,0.118886639269123,0.075,0.067,1
"THAP12",0.252760510442715,0.112027046820044,0.174,0.143,1
"USHBP1",0.252794327996632,0.876569750961367,0.015,0.007,1
"TRAF4",0.253058873779217,0.19169469819718,0.169,0.141,1
"HEXD",0.25317013718583,-0.277298409126312,0.102,0.111,1
"TAOK3",0.253229874595485,0.133727517336842,0.256,0.21,1
"ENSG00000288907",0.253660073830929,-0.480191923795775,0.017,0.021,1
"OTULIN",0.253666433284681,0.259584616211368,0.104,0.087,1
"KDSR",0.253785999541634,-0.137625512283539,0.256,0.259,1
"ELOA-AS1",0.253967475831101,-0.390244242675377,0.041,0.044,1
"AP3M1",0.254074806025512,-0.106810348397992,0.115,0.116,1
"CS",0.254198891798889,-0.200583315555036,0.283,0.292,1
"TRAV23DV6",0.254490218614024,-0.801842302930249,0.023,0.028,1
"NF2",0.254504779881938,-0.251810139971271,0.07,0.077,1
"MVP-DT",0.254525764139625,0.172717198127595,0.051,0.043,1
"SMYD3",0.254664777246762,-0.223316736158876,0.184,0.19,1
"SERPINB8",0.25482950222898,0.567563102887224,0.055,0.036,1
"TRIM3",0.254880268524907,0.608229524726146,0.023,0.014,1
"HDGFL2",0.254886390081664,0.183710867423394,0.122,0.098,1
"CHD8",0.254930736888104,0.174898331601144,0.268,0.218,1
"TCIRG1",0.255095988700017,-0.298466690082868,0.128,0.139,1
"RBAK",0.255124476495328,-0.163439381701081,0.049,0.054,1
"CIPC",0.255176365893788,0.532104288653101,0.03,0.018,1
"RBM34",0.255201328930262,0.386665349228136,0.066,0.049,1
"LYRM2",0.255217002088196,-0.264196123425144,0.13,0.143,1
"ENSG00000255320",0.255380066947079,-1.07305297583238,0.006,0.011,1
"GDAP2",0.255636216694268,0.200433048908646,0.102,0.077,1
"ORMDL3",0.255710708105072,-0.242259478521565,0.186,0.201,1
"RNF2",0.255905115361069,0.240168833389175,0.13,0.102,1
"TRAV16",0.255988789097205,-0.294333176252588,0.031,0.027,1
"DCK",0.256069275964584,-0.103319831780497,0.356,0.367,1
"DNAAF2",0.256411484473722,-0.320633655948857,0.075,0.084,1
"PRKCB",0.256501558627386,0.101905668407466,0.129,0.101,1
"PIH1D1",0.256635825852322,-0.167571428979601,0.287,0.287,1
"TMEM214",0.256912256549418,-0.399664870296581,0.046,0.056,1
"ATXN1L",0.256920107869255,0.392909106701231,0.056,0.043,1
"WWOX",0.256968637198218,0.342134114276684,0.128,0.098,1
"TBC1D2",0.257328194057229,-0.531210022927956,0.014,0.019,1
"TRUB2",0.257652749780927,0.156310305248994,0.074,0.064,1
"SMPD2",0.257692702384518,-0.310511312613302,0.072,0.081,1
"ASCC1",0.25769311635917,0.184713835957236,0.1,0.082,1
"FRYL",0.257786180779476,-0.104020861070432,0.306,0.296,1
"LEMD3",0.257878617587951,0.184750210587547,0.216,0.176,1
"TMEM35B",0.257968901089901,-0.185546780225969,0.147,0.15,1
"RUNDC3B",0.257992194514835,-0.631666628549945,0.011,0.016,1
"KTN1-AS1",0.258179477465483,-0.780884693830845,0.009,0.012,1
"ARHGEF35-AS1",0.258260098768834,-0.499879666321402,0.023,0.027,1
"ENSG00000289043",0.258361534444739,-0.662984959194588,0.016,0.023,1
"MORN2",0.258514996540825,0.606353615695228,0.027,0.016,1
"COLGALT1",0.258884917311667,-0.524256872107063,0.03,0.04,1
"GMPS",0.258999086192107,-0.116648608188379,0.153,0.142,1
"CDK2AP2",0.259030972027639,-0.194009642807032,0.215,0.225,1
"DDHD2",0.259111130843082,0.266642670491017,0.095,0.071,1
"BTRC",0.259200889825948,0.244776035132639,0.131,0.101,1
"CASTOR2",0.25921163794343,0.13103854574889,0.037,0.027,1
"TRAV35",0.259264026883635,-0.532849399772237,0.028,0.032,1
"PCBD1",0.259344614332457,-0.742689478239163,0.011,0.016,1
"TADA2A",0.259393342666287,-0.353081458110777,0.034,0.04,1
"SMIM7",0.259686219513298,-0.18564282673874,0.165,0.174,1
"TRDMT1",0.259923748513376,-0.125861260607302,0.169,0.163,1
"JMJD6",0.259984158260487,-0.294420699166732,0.104,0.114,1
"RITA1",0.260447922925993,0.109776430412668,0.046,0.036,1
"LSG1",0.260482483570021,0.15113147569919,0.142,0.111,1
"RAB5C",0.26088947291548,-0.128862904093685,0.419,0.423,1
"TRGV3",0.260901838719615,0.26725966161999,0.019,0.012,1
"THUMPD3-AS1",0.2610160505608,0.15888496451827,0.273,0.233,1
"SH2D3A",0.261025122241501,-0.229307481934736,0.108,0.118,1
"NFX1",0.261089149357869,0.20995933851321,0.139,0.116,1
"RFC5",0.261102200479882,0.237815688489617,0.06,0.049,1
"FBXL15",0.261350525908626,-0.236986618584702,0.08,0.09,1
"CBR4",0.261693809857631,0.423069274830289,0.048,0.032,1
"TRAV19",0.261840440603725,-0.342319503023992,0.032,0.041,1
"MSRA",0.261926581974949,0.173964110211617,0.072,0.063,1
"NIFK",0.262161298172715,-0.173551532311122,0.27,0.267,1
"ACVR1B",0.262208496726595,-0.125921856711066,0.047,0.047,1
"ROBO3",0.262262727895637,-0.353488638835157,0.027,0.034,1
"FCHSD2",0.262275007793626,0.18759709901709,0.228,0.185,1
"CDC7",0.262509418083096,0.512289044128879,0.053,0.035,1
"TACO1",0.262515082063391,-0.225857802482426,0.082,0.089,1
"GBA1",0.262541196480804,-0.184279466232103,0.032,0.032,1
"ENSG00000237705",0.262560889724542,-0.404150919421572,0.034,0.04,1
"SMIM14",0.26266253036469,0.566001353023453,0.023,0.013,1
"CENPB",0.262832831652753,0.444869387081554,0.088,0.06,1
"EPM2A",0.262850157337935,-0.301996938658685,0.026,0.026,1
"ENSG00000286533",0.263024507789996,-0.276506763638261,0.015,0.014,1
"ERAP1",0.263099056718771,-0.121113729333397,0.166,0.169,1
"LINC02100",0.263590813709716,0.546269396065667,0.026,0.018,1
"RPP25L",0.263617472241635,-0.341849518924508,0.08,0.09,1
"ENSG00000287595",0.263715781190656,0.832608240790136,0.012,0.007,1
"ENSG00000285280",0.263787219846958,0.768692873227691,0.019,0.011,1
"MRPS35",0.2641476933905,-0.132473555864202,0.258,0.262,1
"MPHOSPH6",0.264650238218387,0.258135219386561,0.114,0.094,1
"CASP4",0.264711673226017,-0.199665073588004,0.127,0.126,1
"ADCK5",0.264955167465708,0.478773753627832,0.025,0.018,1
"TGIF2",0.26496542078787,0.121798892584994,0.333,0.301,1
"EZH1",0.265051083222378,0.118714874149741,0.163,0.133,1
"PARP15",0.265506734442441,0.368407106241263,0.065,0.048,1
"ALG14",0.265976532848183,-0.329835278077789,0.026,0.025,1
"SATB1-AS1",0.265991481702883,0.159229831648711,0.255,0.218,1
"ATP11C",0.266069943430812,0.304040478693925,0.102,0.074,1
"SLC26A5",0.266216370162126,-0.562208116560869,0.01,0.014,1
"TMEM177",0.266343873006433,-0.156178915968688,0.04,0.044,1
"CIAO2A",0.266551472065792,-0.185521053861186,0.247,0.258,1
"ATG2A",0.266568263931117,-0.111966451717667,0.061,0.061,1
"TRAF5",0.266648717909507,0.475739947135896,0.047,0.032,1
"CYREN",0.266827500121621,-0.214047015545573,0.081,0.083,1
"MBTD1",0.266872837694722,0.220204178616306,0.155,0.121,1
"TCAIM",0.266937783617775,0.161304895415494,0.043,0.033,1
"ENSG00000229021",0.267112824882957,0.259849461770857,0.01,0.006,1
"ATRN",0.26727725753364,0.420951213537295,0.057,0.042,1
"LIG3",0.267430744468132,-0.286300175904242,0.06,0.069,1
"TMEM267",0.267833567989497,0.357066784727204,0.07,0.05,1
"H1-10",0.267939575349543,-0.159830306532977,0.393,0.407,1
"PHF7",0.268230218910383,0.854162462072214,0.021,0.012,1
"ENSG00000273729",0.268521268361359,-1.06115284836054,0.008,0.014,1
"SPAST",0.268570024790594,0.286140439728123,0.103,0.077,1
"TRAPPC14",0.268573424885558,-0.271684571892075,0.113,0.123,1
"SPATA6L",0.268865322221945,0.802380787168997,0.013,0.007,1
"SLC36A1",0.269069552868582,0.869756002998183,0.013,0.006,1
"ENSG00000260711",0.269335758026736,0.709398873056579,0.015,0.007,1
"PRPS2",0.269339702498264,-0.256675220605182,0.089,0.098,1
"SLC19A1",0.269343539247481,-0.590523967551086,0.024,0.032,1
"DNAJB2",0.269345876791615,0.334255424224673,0.072,0.054,1
"IL4R",0.269353958441954,0.2114722191232,0.385,0.322,1
"CLPTM1",0.269382711479703,0.115177702047903,0.193,0.17,1
"HYCC2",0.269501951736911,0.15913745643255,0.181,0.157,1
"CENPV",0.269583852436374,-0.368937604578821,0.075,0.087,1
"RNF212",0.269906343862261,0.608650538884975,0.024,0.015,1
"KLHDC3",0.270104653333177,-0.224764509158087,0.32,0.337,1
"MTHFD2",0.270118906717333,-0.162858303121455,0.102,0.11,1
"KLF3-AS1",0.270190348729247,-0.161580302436655,0.06,0.064,1
"MVK",0.270192102442802,0.210705824114849,0.083,0.064,1
"PTPN9",0.27029442825418,-0.375285953702554,0.044,0.053,1
"ENSG00000291055",0.270394132115944,0.916583847970986,0.025,0.014,1
"ZDHHC8",0.270512478945143,-0.286096336203923,0.051,0.057,1
"ZNF684",0.270555077080876,0.537549896736267,0.035,0.022,1
"PIP4K2C",0.270662570098427,0.54724483967983,0.039,0.025,1
"TRAK1",0.270671829381527,-0.221330159769756,0.042,0.039,1
"CHM",0.270771932830301,0.250807473391686,0.083,0.061,1
"SLC27A5",0.270861422526695,-0.394161749607687,0.034,0.043,1
"RBM28",0.27089694983246,0.228201415165156,0.099,0.083,1
"PTPRK",0.27125191878693,-0.364552594165245,0.069,0.081,1
"SNX18",0.271321927159452,-0.135271971508639,0.025,0.025,1
"ENSG00000290833",0.271323394747287,0.263783835074045,0.099,0.082,1
"TPRA1",0.271357079006003,-0.345096783035048,0.11,0.123,1
"PTPRS",0.271456164830154,-0.669932865233805,0.013,0.02,1
"RASSF8",0.271585385453107,0.818207065188181,0.013,0.007,1
"SMIM19",0.271636007041017,0.420520442093833,0.115,0.085,1
"TTLL1",0.271751706875511,-1.19559845928242,0.006,0.011,1
"NAMPT",0.271843177548534,-0.180329826769461,0.156,0.167,1
"ZNF415",0.271993169769017,0.671585773865279,0.015,0.008,1
"CRYZL1",0.272012161318848,-0.224693133891515,0.147,0.158,1
"CASP3",0.272542016457064,0.141725969131578,0.218,0.186,1
"YEATS2",0.272558944798016,0.133591302994053,0.101,0.08,1
"UGDH",0.272571897655868,-0.370245144521277,0.015,0.02,1
"GDPD1",0.272629881030087,0.752863584492203,0.021,0.013,1
"ZNF624",0.27277486803526,0.503349175754063,0.048,0.033,1
"ENSG00000285679",0.272801831515645,0.913351598350925,0.012,0.007,1
"MORN1",0.272820169265494,0.81180186027144,0.01,0.005,1
"ING1",0.272872130608275,0.143158591443463,0.102,0.089,1
"MIGA2",0.273059885774317,0.263114394467053,0.053,0.042,1
"LINC02211",0.273091500731108,-0.424543516787437,0.014,0.018,1
"PGPEP1",0.273202841756863,-0.12190815729895,0.017,0.013,1
"FBXL19",0.27336573501004,-0.701675831932394,0.01,0.015,1
"CIAO3",0.273432136780186,0.370658664453318,0.05,0.033,1
"KMO",0.273729104808464,-0.565568359702426,0.013,0.016,1
"NUP88",0.274010430828791,0.286154240390479,0.133,0.104,1
"SLC22A17",0.274040605450372,-0.475115146536766,0.019,0.023,1
"VPS26A",0.274130830848203,0.104251376126369,0.191,0.159,1
"WRN",0.27416289500022,0.251452942794328,0.122,0.096,1
"PALB2",0.274177948435751,-0.130961001831654,0.02,0.018,1
"C2orf42",0.274517872367646,0.490979016730214,0.025,0.016,1
"NOP2",0.274607004500819,-0.237947325386283,0.189,0.201,1
"MDH2",0.274857470616303,-0.152668619992662,0.378,0.376,1
"ZNF710",0.274886081709078,0.446594578676168,0.036,0.025,1
"PDZD2",0.274917061066891,0.402954213029586,0.025,0.021,1
"KBTBD6",0.27494365147661,0.445188014910474,0.044,0.03,1
"AFAP1",0.274993486023071,0.884965761160311,0.015,0.007,1
"SLAIN1",0.275197861874267,0.423539019096563,0.079,0.059,1
"NCBP3",0.275483266555472,0.26892490942733,0.181,0.148,1
"CEROX1",0.27552326926472,0.137527136992525,0.05,0.043,1
"AP2M1",0.275891972321323,-0.128825464338361,0.434,0.441,1
"UBXN6",0.27592681689231,0.255803930846984,0.072,0.059,1
"MAPKAPK2",0.276033691917547,0.179438163653841,0.257,0.218,1
"ATOX1",0.276086564906274,0.262109930210434,0.111,0.091,1
"ZBTB41",0.276135691721297,0.340823801030429,0.049,0.034,1
"TBCK",0.276276119746798,0.376488206567883,0.106,0.075,1
"ENDOV",0.276371830243246,-0.217110565806648,0.028,0.034,1
"PISD",0.276373734564383,-0.322986537658414,0.088,0.1,1
"EEA1",0.276705924243996,0.138075725871759,0.205,0.166,1
"RHEB",0.276745159881761,-0.115101494548109,0.286,0.287,1
"EHBP1L1",0.276816175826331,-0.376834349072295,0.047,0.055,1
"GDAP1",0.277040133651041,0.394810020731823,0.052,0.036,1
"ZNF430",0.277240059622547,0.147863657759484,0.231,0.192,1
"OGG1",0.277245214747655,-0.591041023568482,0.017,0.023,1
"ATG9A",0.277625280000637,0.123982136808022,0.111,0.093,1
"TADA3",0.277858014935184,0.144963691884495,0.114,0.1,1
"DNAJC10",0.278519392568833,0.263176581375565,0.141,0.11,1
"SDCBP2-AS1",0.27862480634511,0.41966887556926,0.052,0.036,1
"LINC01588",0.278641532313454,0.497247122472626,0.027,0.018,1
"H1-4",0.278787342126287,-0.111246270451164,0.151,0.15,1
"ZFYVE21",0.278834503374996,-0.131756242506249,0.058,0.054,1
"ST3GAL1-DT",0.279036315426378,-0.958983985589833,0.006,0.012,1
"ENSG00000286223",0.279209843309675,-0.618819949779693,0.01,0.015,1
"PRKAR2A",0.279406674011908,-0.230614203596133,0.139,0.148,1
"LINC00243",0.279532522836785,-0.569007558955259,0.022,0.029,1
"GTPBP8",0.27953622062068,-0.146584545759963,0.244,0.253,1
"ZNF75A",0.279579712858337,-0.196022794792598,0.074,0.07,1
"LRRC37B",0.279710326148804,0.288541238553743,0.114,0.088,1
"AMDHD2",0.279812835933572,-0.434452798151471,0.058,0.068,1
"SMARCC2",0.279983408779584,-0.185596953601594,0.227,0.232,1
"PDPK1",0.280025276023519,0.155634397443509,0.113,0.096,1
"ZNF83",0.280161225002785,0.157014497473044,0.105,0.082,1
"ZNF551",0.280176456158564,0.521088496478506,0.047,0.033,1
"CLINT1",0.280260105102396,0.187776545721685,0.26,0.214,1
"MAPK1",0.280271397497772,0.141134806836347,0.259,0.215,1
"JOSD1",0.280338169127485,-0.144337564145418,0.191,0.193,1
"ARL6IP6",0.280453855332335,-0.20028066378595,0.167,0.17,1
"GCA",0.280573119018752,0.205869310138091,0.105,0.095,1
"LIAS",0.280809581291988,0.152060015486751,0.048,0.044,1
"LINC02752",0.280852394232007,0.59355440136887,0.027,0.015,1
"IFT52",0.28089309368952,-0.293630682477029,0.11,0.115,1
"C16orf54",0.280915352205526,-0.168282415091552,0.333,0.33,1
"SPATA24",0.280958193178934,-0.743777553362214,0.012,0.019,1
"NUDT22",0.281339093237771,-0.178671696682414,0.104,0.111,1
"CCDC102A",0.281346353324022,0.331493345543213,0.069,0.053,1
"SUCLG2",0.281384787342752,0.22277593094154,0.166,0.128,1
"RHOT1",0.28145043493125,0.284329446244392,0.123,0.096,1
"KCTD17",0.281540473367641,-0.268968780596692,0.043,0.042,1
"SLC9A9",0.281627825251646,0.406930289045298,0.058,0.041,1
"PCNX2",0.281783294939886,0.27968666918974,0.114,0.089,1
"CSTF2",0.281847540768592,-0.229340301444724,0.069,0.075,1
"RLF",0.281872405806848,0.18015127747659,0.201,0.164,1
"SETD1A",0.281989301780183,-0.220242639251078,0.054,0.061,1
"ERAP2",0.282118606190359,-0.104259181314074,0.195,0.194,1
"ENSG00000244459",0.282218971651329,-0.654780108735152,0.012,0.018,1
"ELOVL4",0.282266818385541,0.305927679038891,0.024,0.018,1
"IL10RA",0.282484178150613,0.130243033185537,0.191,0.159,1
"DDX47",0.282511162823128,0.187215780422567,0.108,0.095,1
"DLST",0.282563599783258,-0.232073113256898,0.156,0.167,1
"TMED2",0.282922574329029,-0.126884945690151,0.454,0.454,1
"ZFAND3",0.28300821644726,0.118890462306613,0.327,0.3,1
"FLOT1",0.283056355360825,-0.145041651263361,0.15,0.155,1
"ZNF813",0.283270113266359,-0.197513984205356,0.028,0.025,1
"TNFSF8",0.283275997569137,0.263436929672082,0.057,0.041,1
"GPATCH1",0.283301080586128,-0.156182139361388,0.044,0.039,1
"NABP2",0.283460849091828,0.23106967205511,0.033,0.023,1
"PEX6",0.283543174064618,0.417139336843986,0.07,0.055,1
"TNFRSF25",0.284220289283322,-0.118757158701224,0.524,0.519,1
"ENSG00000269194",0.284312961111079,0.702352659135332,0.013,0.006,1
"SH3PXD2A",0.28463207859973,-0.324626533529541,0.038,0.044,1
"DGLUCY",0.284742349978316,0.261055919780484,0.057,0.041,1
"ZDHHC20",0.284774919530825,0.193759856744529,0.199,0.167,1
"VEZF1",0.284956366352095,0.155882085773553,0.26,0.231,1
"LEO1",0.284980425399149,0.191657393355702,0.116,0.089,1
"ZNF596",0.285001078306865,-0.587937393843745,0.016,0.022,1
"MIR4453HG",0.285156079884767,-0.577359031445919,0.015,0.02,1
"RBPJ",0.285266895739389,0.153685668112273,0.316,0.261,1
"MCRS1",0.285588037319093,-0.226177451085859,0.178,0.185,1
"ZNF142",0.285822718866191,0.479013119479436,0.048,0.035,1
"TRAV8-3",0.285892156914282,0.224736960670741,0.077,0.061,1
"FRMD6",0.285944754522727,0.939499361939324,0.01,0.004,1
"SPTLC2",0.285945153323986,0.374892888618583,0.109,0.083,1
"TBP",0.285945675142265,0.219396718932189,0.178,0.145,1
"YIF1A",0.286024627060619,-0.203841596566799,0.166,0.177,1
"TCEANC",0.286098961183044,0.505243238804101,0.027,0.019,1
"DCTPP1",0.286105512117423,-0.278660964886495,0.136,0.151,1
"ABCC5",0.286159423124623,-0.308070543641026,0.038,0.037,1
"SNX5",0.286253628080949,-0.190757087916672,0.141,0.153,1
"SRGAP3",0.286346512622778,-0.914123057986389,0.009,0.015,1
"ENSG00000231128",0.286407580557785,0.955508290273228,0.017,0.008,1
"SURF1",0.286407965753462,-0.19732411260911,0.184,0.186,1
"SELENOM",0.28659364190661,-0.227923018515511,0.082,0.082,1
"PTRH1",0.286698473890768,-0.241870046552453,0.049,0.054,1
"ENSG00000290921",0.287201904674085,0.214766200232249,0.074,0.053,1
"CCDC117",0.287214019045797,-0.239661613557005,0.05,0.059,1
"MCPH1-DT",0.287342540264457,-0.645132834403583,0.015,0.021,1
"OSTF1",0.287423876011964,-0.199616900314292,0.162,0.162,1
"SECISBP2",0.287429314910956,0.166150743867146,0.328,0.28,1
"LINC03009",0.28765667143885,0.263124918396894,0.165,0.128,1
"FAM91A1",0.287673161744776,0.178529320342777,0.084,0.068,1
"ENSG00000286787",0.287705909799599,0.388082440342275,0.017,0.009,1
"ZNF277-AS1",0.287712306006858,-0.967270012338897,0.006,0.011,1
"DYNLT2",0.287776724938269,0.979727251648268,0.015,0.007,1
"HTR2B",0.287833998986063,-0.828570584664614,0.01,0.016,1
"RNF215",0.287883877913566,-1.02448226102349,0.008,0.013,1
"MAPK8IP3",0.288567332472172,0.280976848647667,0.141,0.115,1
"CACNA2D4",0.288584901764725,0.850037252045684,0.02,0.011,1
"ANXA4",0.288615231339455,0.918760591341352,0.012,0.006,1
"ELK3",0.289086537679528,0.12215682098591,0.374,0.335,1
"HTRA2",0.28916876891184,-0.26540071722749,0.084,0.093,1
"SPIDR",0.289193377865992,-0.233608711327527,0.13,0.135,1
"TTN-AS1",0.289295627606007,0.275857858931532,0.077,0.062,1
"ENSG00000251194",0.289435833896404,0.318970187033013,0.01,0.006,1
"GTDC1",0.289634782904749,-0.351718024389955,0.044,0.047,1
"TNKS2",0.289757199149375,0.182956585503327,0.283,0.233,1
"PTS",0.289937472723578,0.318785831059694,0.103,0.078,1
"METTL8",0.289956543083592,0.244286529669466,0.054,0.04,1
"FANCF",0.290002878084914,-0.288295458983169,0.078,0.083,1
"MAD2L1BP",0.290153500608931,0.190505413982425,0.129,0.102,1
"ENSG00000240401",0.290267053437905,0.873846636141582,0.015,0.008,1
"ELMO1-AS1",0.290322403544682,-0.841466899179855,0.007,0.012,1
"GAK",0.290469578397726,-0.154541237175444,0.123,0.131,1
"SHMT2",0.290695883776881,-0.223424774945664,0.129,0.139,1
"SH3KBP1",0.290840577973151,0.170609766348135,0.275,0.227,1
"XPO7",0.290994808379812,0.33841234476417,0.113,0.083,1
"CHFR",0.291010265324498,0.239743343576566,0.126,0.1,1
"SEC22C",0.291199142980781,0.241238734536839,0.124,0.095,1
"HPS6",0.291556423710271,0.253921319727904,0.118,0.093,1
"TESC",0.291744468375412,-0.463196579797633,0.01,0.014,1
"HYI",0.291892715433069,-0.333873210062253,0.03,0.034,1
"TMEM216",0.292593644337522,-0.241801669859498,0.048,0.055,1
"SORBS3",0.292767742956995,0.117805252480981,0.136,0.111,1
"PHYH",0.292893181583316,0.338669533375993,0.054,0.039,1
"MIS12",0.293203483451785,-0.328484717481458,0.103,0.115,1
"ALKBH1",0.293273828724351,0.267802113539412,0.068,0.049,1
"C5orf63",0.293597147233883,0.63553859346738,0.019,0.011,1
"ENSG00000289117",0.293627286447165,-1.11601397667712,0.006,0.011,1
"DTX3",0.293708196953766,0.3012591187657,0.067,0.05,1
"ASTE1",0.293798405684025,0.311780852050983,0.098,0.075,1
"USP40",0.293950118047405,-0.682756176361175,0.015,0.02,1
"HSD17B7P2",0.294003323017557,0.407527018882405,0.054,0.037,1
"HDAC4",0.294169130601264,-0.314187695130524,0.146,0.156,1
"SRSF12",0.294238987742802,0.676674182061979,0.01,0.005,1
"CIAO2B",0.294305717301848,0.101940289501605,0.466,0.43,1
"CDK6",0.294413547435008,0.384490693585871,0.062,0.047,1
"BICD2",0.294511611276056,0.2062895715357,0.09,0.074,1
"POLI",0.294599404542348,-0.563136262608693,0.029,0.035,1
"PER3",0.294723991117343,-0.549257383964632,0.014,0.019,1
"NDUFB5",0.294875195594524,-0.182571886625204,0.191,0.198,1
"ENSG00000278601",0.294966317191427,0.72616499732796,0.014,0.007,1
"UBLCP1",0.295028967608516,0.173670050591314,0.178,0.141,1
"PPP4R3A",0.295049583545503,0.104714363660002,0.356,0.328,1
"CENPT",0.295124304656802,-0.260607298035431,0.149,0.164,1
"OPA1",0.295342881300314,0.398519304155873,0.114,0.08,1
"DYRK4",0.295361290579797,-0.361805507808508,0.062,0.067,1
"USP19",0.295487814010548,-0.245751359606107,0.086,0.093,1
"MRPS34",0.295513784740906,-0.175462555619644,0.245,0.247,1
"SREBF1",0.295749004971011,-0.138540899184348,0.178,0.187,1
"TASP1",0.295924567950113,0.177330219468372,0.18,0.146,1
"MIGA1",0.295943298662457,0.192272969907887,0.134,0.109,1
"EFNB1",0.295972481336513,0.762657632902565,0.014,0.008,1
"ELOA",0.296296702616933,-0.172232167062367,0.082,0.087,1
"DLG1",0.29642125300417,0.200383738021291,0.213,0.17,1
"MAN2C1",0.296524127780057,-0.380872620613232,0.097,0.108,1
"DIPK2A",0.296635065282037,0.194689322982041,0.034,0.025,1
"ZNF22",0.296761196211605,-0.206899616536655,0.26,0.279,1
"NPIPB2",0.296788081812619,-0.681577924144952,0.008,0.013,1
"H1-0",0.296848478176784,0.140151474304343,0.01,0.007,1
"HPCAL4",0.296879517331364,0.216966751206601,0.073,0.061,1
"WASHC1",0.296882140347705,-0.662161688621236,0.015,0.018,1
"ENSG00000290461",0.296921346473017,0.440604771413026,0.014,0.008,1
"TYW3",0.297014713204422,0.264284678197282,0.136,0.107,1
"NOP9",0.297060401161988,-0.171218593538119,0.033,0.036,1
"IFNAR2",0.297086562576403,0.207423222749677,0.274,0.234,1
"SUFU",0.297168263922172,0.232944805913998,0.06,0.043,1
"BOLA1",0.297305242598277,-0.288904409090343,0.084,0.09,1
"FBXO11",0.297599854288552,0.10158324949627,0.298,0.263,1
"PPIF",0.297605396914185,-0.120060826952148,0.076,0.082,1
"SLC31A1",0.297615896846503,0.570290636095949,0.032,0.021,1
"NFE2L1",0.297897178196423,0.478140009186066,0.055,0.037,1
"ENSG00000288957",0.297907281776165,-1.07759765194893,0.006,0.012,1
"AZI2",0.298083611134206,0.175568118204054,0.189,0.156,1
"RNF115",0.298085721099152,0.131092514613946,0.227,0.189,1
"NMRAL1",0.298179056792583,0.365440753260883,0.085,0.061,1
"TMEM25",0.298268060235167,-0.331315178423634,0.024,0.025,1
"PEX26",0.298397451395658,0.21341985611051,0.073,0.06,1
"TMEM256",0.298420742513446,-0.1335625925905,0.19,0.198,1
"CDKN2AIPNL",0.298684809897584,-0.285380448150557,0.086,0.098,1
"FBLN7",0.298867416459078,-0.212135033077594,0.242,0.249,1
"ZNF587B",0.299281030287707,0.597946472624196,0.039,0.025,1
"RBM17",0.299353906896865,-0.110427865417909,0.443,0.429,1
"ZNF354A",0.299465914401755,-0.265855632674121,0.059,0.067,1
"ATF1",0.299942958531118,0.196211671221953,0.187,0.155,1
"TIFA",0.300020053097394,0.170916838504362,0.121,0.108,1
"SECISBP2L",0.300056936035014,-0.120655084522725,0.229,0.234,1
"RBM45",0.300098695085158,-0.380651385840706,0.038,0.041,1
"LPCAT4",0.300121623349898,0.482116795937631,0.036,0.027,1
"TRAV2",0.300129749875392,0.548496716123688,0.025,0.021,1
"CXorf38",0.300453569822815,0.293745946785259,0.107,0.081,1
"PPCDC",0.300636382740735,0.583653141075743,0.019,0.011,1
"STRN3",0.300984493615419,0.140698754918322,0.119,0.093,1
"TMX4",0.301017636014138,0.229091615202487,0.17,0.138,1
"ENSG00000270055",0.301038736376833,-0.334554267618686,0.046,0.054,1
"ENSG00000286808",0.301135382631436,0.417153198821223,0.019,0.013,1
"LAMP2",0.301216407530494,-0.240120004679004,0.098,0.107,1
"MED21",0.301293325550223,0.187050593025562,0.138,0.116,1
"HEIH",0.301307240708978,-0.196273019827747,0.071,0.071,1
"ENSG00000233912",0.301368668212407,0.39015921278368,0.054,0.042,1
"POLD3",0.301427326804597,0.254402256377701,0.077,0.06,1
"PJA2",0.301479677284352,0.122202545798807,0.267,0.244,1
"TNIP3",0.301761064328743,0.184648993766993,0.019,0.012,1
"GRAMD4",0.301968255861639,-0.466665889237561,0.022,0.03,1
"BMERB1",0.302012767587209,0.575908462058326,0.028,0.016,1
"FUT10",0.302089374115052,0.805597753371361,0.018,0.009,1
"SMIM11",0.302121291777985,-0.24415275506582,0.178,0.192,1
"KANSL2",0.302310228923536,0.167099259439493,0.167,0.142,1
"STX3",0.302602545149874,-0.601950841137553,0.013,0.02,1
"LETMD1",0.302742859580886,-0.196556841834227,0.187,0.196,1
"VPS72",0.302786642459669,-0.184399090892478,0.166,0.174,1
"CATSPERE",0.302886877993111,0.874898810373577,0.016,0.008,1
"VPS8",0.302972219149581,-0.183854406557464,0.182,0.181,1
"PSMD7",0.303035087281731,-0.136072442093102,0.46,0.461,1
"TRBV10-1",0.303063699912213,-0.781155053553596,0.009,0.015,1
"RIC3",0.303148974538739,0.200932000063811,0.027,0.019,1
"MCM8",0.303190642416548,0.921685110345482,0.015,0.007,1
"SLC25A24",0.303429120731539,-0.644607982210688,0.021,0.028,1
"GBP5",0.303464819873956,-0.197752050309921,0.043,0.049,1
"TIMM8A",0.303638305055049,-0.304541605196103,0.044,0.052,1
"ILRUN-AS1",0.303695075516857,0.420483330506942,0.042,0.028,1
"ARMC6",0.304035556599918,-0.165100549491487,0.069,0.074,1
"LRRCC1",0.304047320164728,1.06337137274318,0.011,0.005,1
"PLA2G15",0.304159896738984,0.918482365989632,0.012,0.006,1
"NBPF11",0.304195071718952,0.345077815744102,0.072,0.053,1
"ZNF18",0.304275396845806,0.247104483144771,0.038,0.029,1
"ENSG00000275454",0.304579739573689,0.550015900436395,0.015,0.008,1
"ZNF212",0.30471873585148,0.262509762367958,0.067,0.05,1
"ZBTB48",0.304750211961162,0.172324391746075,0.07,0.061,1
"KBTBD7",0.304768324914104,0.323213650054453,0.065,0.048,1
"UQCC4",0.305159051315743,-0.245904801939884,0.08,0.089,1
"PPP3CB",0.30524549372631,0.119016380958685,0.148,0.124,1
"FAF1",0.305254640026617,0.16603421229676,0.275,0.231,1
"TEX10",0.305304956657886,-0.164505814672771,0.098,0.093,1
"GPI",0.305384350114296,-0.171556725548176,0.276,0.285,1
"CPOX",0.30546136022393,0.333242458746613,0.045,0.035,1
"VARS1",0.305527725624783,-0.437692101933597,0.034,0.042,1
"ZNF518B",0.305687229077848,-0.370415438064956,0.08,0.091,1
"CDC42EP3",0.3057864823444,-0.237027220840223,0.071,0.077,1
"UMAD1",0.305914317233209,0.203612085868103,0.189,0.151,1
"GGPS1",0.305920308027517,-0.113382515600649,0.165,0.169,1
"GIMAP6",0.305962834281468,-0.130447355203917,0.224,0.23,1
"ENSG00000241219",0.306288574273405,0.645898551379065,0.018,0.011,1
"CAPN7",0.306497458446239,0.222611746583179,0.183,0.146,1
"MAPRE1",0.306618988248738,-0.140817251283077,0.328,0.334,1
"SETD7",0.306707595425221,0.235231274689391,0.019,0.018,1
"FBXO7",0.306718113673361,-0.13069857882289,0.293,0.289,1
"USO1",0.306726616804319,0.176308270886581,0.148,0.114,1
"ZNF510",0.306836571260518,0.702237085538085,0.038,0.025,1
"BCS1L",0.307016198726156,0.419577217467232,0.032,0.02,1
"GLYCTK",0.307117522427339,-0.359897878545851,0.061,0.073,1
"ATAT1",0.307176889232512,-0.424952012810361,0.046,0.056,1
"XPA",0.307195927087009,0.229630222871146,0.19,0.155,1
"SPATA5",0.307363743658567,0.25518934430645,0.103,0.076,1
"POT1-AS1",0.307390097033167,1.10130704179743,0.015,0.007,1
"KICS2",0.30741522968448,-0.195750006455881,0.03,0.035,1
"NMI",0.307458680918606,-0.128459035557194,0.262,0.262,1
"MIER2",0.307967155293997,-0.340557051655608,0.055,0.063,1
"FKBP3",0.308007637166785,-0.148011410641975,0.204,0.208,1
"KIAA0930",0.308012538571267,0.491998724301304,0.038,0.025,1
"TMEM191C",0.308057281500646,0.298233944707757,0.021,0.013,1
"LRRC8C",0.308226715601477,0.176896709478951,0.345,0.289,1
"PPP1R18",0.308278427047432,-0.164243552895153,0.428,0.43,1
"ICA1L",0.308352847065696,0.28956516510368,0.028,0.02,1
"LIMD1-AS1",0.30858934355552,-0.551807168925485,0.007,0.012,1
"UBA3",0.308597524864484,-0.194683422612109,0.244,0.245,1
"ZNF583",0.308605416117494,0.375799345567554,0.054,0.037,1
"ENSG00000286863",0.308680476473788,1.06912031639439,0.012,0.006,1
"ENSG00000287104",0.308732837646838,0.270166827519026,0.055,0.039,1
"ZFHX3",0.308786514964686,-0.756264697313101,0.008,0.012,1
"TSPAN18",0.308851001855989,-0.534763170920882,0.014,0.019,1
"PILRB",0.308994481075335,-0.472181102398288,0.046,0.054,1
"FUBP3",0.309177782518857,0.174708968524031,0.149,0.117,1
"PAN3",0.309270168468892,0.114344815126777,0.385,0.331,1
"SLC4A8",0.309551400661137,-0.972968980344538,0.007,0.012,1
"BORCS6",0.309700126796513,-0.172804103099319,0.069,0.068,1
"CRNKL1",0.309785157345985,0.150447894316361,0.173,0.144,1
"NSUN2",0.309825042958592,0.305585156184108,0.149,0.111,1
"ZNF512B",0.309838231557643,-0.195487193704619,0.056,0.061,1
"ENSG00000268584",0.309951360375908,-0.117956104949183,0.011,0.011,1
"CCDC18",0.309987222239104,0.167771648426618,0.04,0.035,1
"ZNF160",0.310159883908668,0.221959830794136,0.134,0.108,1
"CHRM3",0.310321980638861,-0.133832176979477,0.066,0.07,1
"LYPLAL1",0.310452300310823,0.269877355163996,0.085,0.062,1
"NADK2",0.31045888349091,-0.443359672820136,0.046,0.052,1
"GDI1",0.31054784836708,0.112429161803765,0.232,0.201,1
"WNK1",0.310586233121991,0.123069082118445,0.339,0.286,1
"CHD9",0.310741678774587,0.148847761203749,0.113,0.093,1
"ZBED6",0.310867177728147,-0.228007130817427,0.089,0.094,1
"GGA1",0.310870853411565,-0.223828111842387,0.104,0.116,1
"RAB2A",0.310955987171914,0.121073324896398,0.45,0.398,1
"SFXN2",0.311345428101966,0.560423105835572,0.029,0.018,1
"CEP162",0.311413493857792,0.214139273399003,0.061,0.053,1
"LLPH",0.311521866135266,0.132826055263533,0.187,0.159,1
"TMEM106A",0.311669621854761,-0.579959875520664,0.012,0.018,1
"ITGAV",0.311929951682105,-0.260462289596996,0.02,0.026,1
"CCDC22",0.312062262676888,-0.371155565946827,0.061,0.071,1
"CEP120",0.312322277146545,0.153496425573687,0.158,0.139,1
"RABGEF1",0.312624588291132,0.303995669517695,0.147,0.115,1
"DNAJC9-AS1.1",0.312641787301972,-0.350113768352223,0.014,0.019,1
"IL17RA",0.313176826215286,0.164898987232067,0.203,0.167,1
"JRKL",0.313188319584476,-0.407988086829033,0.022,0.029,1
"PCGF3",0.313202597031593,-0.209065445311582,0.049,0.049,1
"DERL2",0.313244966137715,0.111653054199586,0.224,0.191,1
"BLVRA",0.313355316339639,-0.344550682757836,0.035,0.037,1
"ZNF724",0.313370118340266,0.56372428919506,0.02,0.012,1
"MORN3",0.313391200456312,-0.278239896854842,0.037,0.042,1
"ENSG00000260246",0.313446551906357,-1.3742376866878,0.005,0.011,1
"GBF1",0.313465716652237,0.237424056147969,0.17,0.135,1
"EIPR1",0.313478751360673,-0.265630316062635,0.057,0.057,1
"GALK1",0.313501831203801,-0.474603293835888,0.015,0.021,1
"C2orf81",0.313670301084517,0.57036448514695,0.015,0.009,1
"LSR",0.313747947993711,-0.343212927305743,0.022,0.027,1
"FXR2",0.313785252588729,0.132141437549385,0.085,0.067,1
"ACOT13",0.313806567814908,-0.416294854220054,0.046,0.053,1
"HLA-F-AS1",0.314056227846398,-0.653433422473794,0.012,0.018,1
"CCNL2",0.314164829602292,0.151351013193149,0.241,0.204,1
"PLCB1",0.314333732576666,0.210074601649048,0.055,0.05,1
"PPIL2",0.31441411042492,0.244884918136383,0.118,0.091,1
"PDIK1L",0.314448745957727,0.346921875414467,0.078,0.059,1
"ENSG00000227197",0.314629201518653,0.89765681538952,0.011,0.005,1
"FBXO9",0.314654293236827,0.114965838200359,0.2,0.17,1
"PLD6",0.314671463493512,-0.598892968310627,0.017,0.023,1
"ATG7",0.314786598985414,0.354412643983782,0.069,0.047,1
"JARID2-AS1",0.314837036597821,0.609046006372111,0.013,0.008,1
"ZNF446",0.314966900195636,-0.30458625180729,0.024,0.028,1
"ENSG00000275457",0.315046023830217,-0.317579186714647,0.021,0.027,1
"NBPF3",0.315196194906892,0.469459895016064,0.034,0.025,1
"KANSL1L-AS1",0.315199042124672,1.01993757150397,0.018,0.008,1
"ITCH",0.315297517326723,0.186169105612743,0.279,0.232,1
"LEMD2",0.31533340529058,0.259320337546806,0.111,0.087,1
"TRAPPC6A",0.315395676817199,0.134422197043367,0.141,0.128,1
"ZNF215",0.315572473223512,0.403191399807912,0.036,0.023,1
"TRBV7-2",0.315584366125883,0.182629335408739,0.049,0.039,1
"PFDN4",0.315664533432408,-0.153076055438703,0.239,0.244,1
"RARS1",0.315721388066014,-0.26130116867836,0.094,0.098,1
"ZNF527",0.315787273796515,-0.292393416574142,0.036,0.037,1
"MSH3",0.315887533861476,0.261786480482014,0.083,0.063,1
"DDB1",0.315985472741843,-0.107654508493075,0.273,0.26,1
"TRBV7-9",0.316049849824539,0.511246115099116,0.037,0.029,1
"SOX2-OT",0.316052191734504,-1.16375664427731,0.007,0.012,1
"C16orf86",0.316134421392703,-0.720226080818611,0.01,0.016,1
"LACTB",0.316226580589662,0.223071084798477,0.105,0.082,1
"LZIC",0.316270526173241,-0.175637591826839,0.155,0.149,1
"NOL8",0.316302539926723,0.209335863319011,0.133,0.111,1
"CLCN6",0.316364139883584,-0.372242554535739,0.025,0.025,1
"TNFSF13B",0.31639708811809,-0.439637446667227,0.03,0.035,1
"MAP3K11",0.316584303784145,-0.253324395326122,0.12,0.129,1
"TAF1B",0.31661485565451,0.179899948895758,0.09,0.075,1
"TTC32",0.316655053397531,-0.127572684439666,0.105,0.095,1
"ENSG00000235979",0.316774936433334,0.108654708308815,0.119,0.112,1
"TBC1D10B",0.316848718155395,0.131665961753942,0.126,0.11,1
"PNKD",0.316962841580006,0.133321531745301,0.219,0.196,1
"PYGB",0.317038860427115,0.133825386710427,0.123,0.098,1
"SURF6",0.317274517066049,0.198921756863876,0.112,0.087,1
"KLHL7",0.317447742790648,0.182598951134047,0.141,0.115,1
"SPTY2D1",0.317459908955699,0.283287718161906,0.13,0.105,1
"CHCHD4",0.317577343175542,0.319267437093823,0.07,0.054,1
"SH3BP5",0.31772117588964,0.15539595956726,0.12,0.095,1
"EDRF1",0.31776667734418,0.123043143099657,0.118,0.104,1
"GEMIN6",0.317932339247935,-0.267139458471458,0.08,0.089,1
"RPUSD4",0.318076061845568,0.208942529055999,0.097,0.074,1
"TMEM161B-DT",0.31829770927905,-0.331161459627809,0.056,0.064,1
"ADSS2",0.318340768564251,0.163705670571361,0.317,0.262,1
"RAD23B",0.318654753628501,0.108727322638625,0.341,0.302,1
"ZDHHC13",0.318763843067492,0.456975996074608,0.048,0.034,1
"SH3BP2",0.318993085485358,-0.543427101193205,0.01,0.013,1
"HSPA14",0.319032510035178,-0.246369785710731,0.079,0.088,1
"HK1",0.319060532242712,-0.143112328424979,0.337,0.347,1
"SELENOS",0.319225529400841,0.178001088258178,0.197,0.16,1
"NUCB2",0.319376603688608,-0.235347394664436,0.256,0.273,1
"A1BG-AS1",0.319415013376318,0.860359066585548,0.013,0.007,1
"MIR3142HG",0.319835812461861,0.557713901010329,0.019,0.012,1
"DNAJC24",0.319920396239262,-0.199566169378115,0.069,0.075,1
"ENSG00000261267",0.320130122864075,-0.369787798614557,0.015,0.019,1
"TMED3",0.320133111592421,0.111607596489559,0.115,0.098,1
"FIGNL1",0.32045373938395,0.215470810562906,0.052,0.042,1
"CEBPZOS",0.320571425226799,0.182922149922417,0.153,0.125,1
"SEC11A",0.320938969725222,0.113913492843848,0.357,0.32,1
"SSTR3",0.320956126580398,0.534211940295792,0.019,0.013,1
"TMEM14C",0.321167236343311,-0.208129567922166,0.178,0.186,1
"GALC",0.321172686998084,0.256216402246615,0.059,0.049,1
"FBXL12",0.321291927841392,-0.251039371760174,0.069,0.071,1
"COX10-DT",0.321574125301646,0.48440798375712,0.035,0.023,1
"INTS6-AS1",0.321602295167248,-0.373002784354181,0.039,0.046,1
"SAFB2",0.321717298851453,0.114580873867004,0.363,0.319,1
"CPNE3",0.321861893420341,0.259521697877229,0.174,0.139,1
"UBE4A",0.321961941715585,0.168879212629468,0.177,0.149,1
"ZNF773",0.322158396734599,0.386472949292228,0.044,0.03,1
"ANKAR",0.322719180674271,0.555175893677537,0.05,0.033,1
"RHOC",0.322843869633002,-0.259648305015958,0.013,0.016,1
"STPG1",0.322858865193451,-0.751826292539277,0.015,0.021,1
"RIDA",0.322932074898013,-0.289658536840816,0.024,0.027,1
"MYBBP1A",0.323234824535374,-0.248164468764766,0.068,0.073,1
"EIF2AK2",0.323254800197254,-0.223635403877269,0.159,0.17,1
"ENSG00000291011",0.323473586259435,0.282583179524569,0.01,0.006,1
"NAIP",0.323634860770099,0.425545992466215,0.019,0.012,1
"TSEN34",0.323814525066642,-0.237288266781326,0.107,0.112,1
"DNAJC11",0.323871279777612,0.294418737555142,0.065,0.047,1
"ARFGAP1",0.3239240878325,0.474597079074995,0.066,0.047,1
"PXDNL",0.323947294744281,-0.482137800936064,0.01,0.013,1
"CNNM2",0.324001230857004,0.352660303011683,0.055,0.041,1
"EID1",0.324046428490995,-0.126655004268973,0.408,0.406,1
"SGK1",0.32441487340651,0.227793249240576,0.143,0.121,1
"HAUS1",0.32443665744797,-0.148531063933755,0.085,0.091,1
"TRBJ2-1",0.324610382183637,-0.623910425318755,0.008,0.012,1
"PIGL",0.324645664746079,-0.233896445999461,0.11,0.111,1
"ZSCAN25",0.324661610180658,-0.362580776940512,0.057,0.068,1
"TRBV21-1",0.324819207365592,-0.286282663763272,0.029,0.027,1
"SERPINF1",0.3250465440569,-0.681618538858612,0.017,0.026,1
"CCDC88C",0.32523212444356,0.150582183810164,0.313,0.263,1
"ME3",0.325515973613805,0.358662649314419,0.019,0.014,1
"SCFD2",0.325562118248945,-0.181389692967857,0.112,0.117,1
"ACTN4",0.325575957232087,-0.157015849092834,0.097,0.09,1
"ZFR",0.325778100901971,0.103220987981701,0.305,0.275,1
"ATXN10",0.325804266158941,-0.161363664975552,0.28,0.282,1
"LINC01572",0.325823665455478,0.85751576246734,0.013,0.007,1
"CITED2",0.325899287653101,0.105879754678175,0.171,0.143,1
"CCNY",0.325923630120113,0.116633538773394,0.444,0.392,1
"GIGYF2",0.326024824637401,0.206489291826055,0.206,0.166,1
"PRKAR1B",0.326204924262555,0.189312795199429,0.146,0.122,1
"APEX2",0.326271365733377,0.298591652776401,0.125,0.1,1
"ENSG00000261512",0.326341158965694,0.750683221043771,0.013,0.007,1
"VHL",0.326391705767638,-0.194362873555432,0.181,0.185,1
"ZNF496",0.326475867693054,0.462287997332956,0.058,0.037,1
"PFDN1",0.326514289966211,0.116178693417429,0.276,0.235,1
"TSR3",0.326615628102814,-0.171221222905171,0.301,0.307,1
"DTYMK",0.326725142264088,-0.232093792256884,0.056,0.066,1
"ITGA5",0.327003350960083,0.138124251429539,0.296,0.255,1
"IWS1",0.327163861304801,0.216511326710744,0.19,0.159,1
"SP1",0.327593269431405,0.262863130679081,0.07,0.057,1
"STX8",0.327698972162264,-0.179050040188966,0.067,0.074,1
"CHAC2",0.327746285256792,-0.391259884093045,0.042,0.048,1
"PEX5",0.327826819122847,-0.182918687783308,0.039,0.044,1
"CTR9",0.327915360785351,0.150201060986451,0.261,0.222,1
"ZNF34",0.328165853470408,0.556095788407566,0.017,0.009,1
"CTU2",0.328356979876902,-0.309832337604661,0.081,0.09,1
"SLC26A11",0.328630014274846,0.287684016457574,0.037,0.03,1
"ENSG00000273275",0.328678161526422,0.424868400318608,0.03,0.019,1
"PRKAR1A",0.328705336301061,-0.10320656137709,0.437,0.438,1
"ERMP1",0.32887176659312,0.468557564687898,0.051,0.034,1
"MRPL34",0.328918798604204,-0.13484683417396,0.361,0.359,1
"FITM2",0.32906390380429,0.682538255169407,0.016,0.008,1
"H2BC18",0.32909742211656,0.730959454051441,0.018,0.009,1
"PPP6R1",0.329435333354057,-0.184033189778931,0.222,0.23,1
"SMARCD2",0.329559079741704,-0.109910886298805,0.164,0.167,1
"TRBV10-3",0.329740993845607,0.15588610303812,0.022,0.015,1
"CEP295",0.329847677241112,0.266923139504171,0.085,0.064,1
"NSDHL",0.330022294931649,0.41062066644286,0.039,0.027,1
"LRRC1",0.330083734993666,0.522461751396361,0.019,0.012,1
"ZNF282",0.330450396012487,0.248299903060785,0.025,0.018,1
"TMEM184C",0.330520868195547,0.23754415028255,0.076,0.061,1
"RNF167",0.330645084833234,-0.158499922708073,0.246,0.254,1
"ENSG00000288858",0.330850326003364,-0.728080555519733,0.007,0.012,1
"SGMS1-AS1",0.33092723414104,-1.13855477553065,0.006,0.011,1
"ENSG00000274460",0.331062618003515,0.655792195691086,0.02,0.013,1
"GPATCH3",0.33109755231536,0.11077694600189,0.076,0.068,1
"ENSG00000215014",0.33113815075305,-1.04718456358021,0.006,0.011,1
"WDR26",0.331253038590958,0.139450621559604,0.203,0.17,1
"SUGT1P3",0.331255798695041,0.4954906478217,0.027,0.018,1
"TIMMDC1",0.331417743843076,-0.205509863061311,0.09,0.096,1
"GBA2",0.3314855196695,-0.536070633535334,0.021,0.025,1
"EXOSC5",0.331524777328667,0.12804115241027,0.118,0.098,1
"ANXA2R",0.331940793594587,-0.181296708435874,0.23,0.245,1
"DPM1",0.332099431157108,0.13612481771106,0.156,0.133,1
"CERT1",0.332106952796787,0.188780070959808,0.191,0.156,1
"RAE1",0.332182625433813,-0.10529792256041,0.189,0.194,1
"PAWR",0.332288368913141,0.78517133583166,0.019,0.011,1
"FTSJ1",0.332346996802771,-0.115667918653053,0.15,0.148,1
"CDC25B",0.332382066768044,-0.152473175384699,0.276,0.27,1
"SYTL2",0.332430801318738,-0.187294768041329,0.186,0.197,1
"UNC45A",0.332464149854123,-0.160900010886348,0.104,0.114,1
"WDR5B",0.33256734368796,-0.4378356756118,0.018,0.023,1
"FKBP15",0.332603800923389,0.233307131030585,0.099,0.08,1
"NHLRC2",0.332691656034423,0.331052536481553,0.05,0.034,1
"TRIM56",0.332698376049635,0.261818800832599,0.13,0.102,1
"ENSG00000289890",0.332859040370685,-0.937944889482834,0.006,0.011,1
"STK26",0.333293317414042,0.133707051156107,0.224,0.194,1
"KCTD18",0.333439349482491,0.208919177888333,0.062,0.052,1
"SLC25A30",0.333660516137007,-0.395688643254891,0.018,0.019,1
"RNF149",0.333773676228044,0.100664105520705,0.558,0.499,1
"TMEM79",0.333798691825083,-0.289295448101932,0.025,0.025,1
"LIX1L-AS1",0.333903295909951,0.279249440907121,0.034,0.027,1
"MED23",0.333916785847876,0.200678862646021,0.145,0.121,1
"ENSG00000285921",0.334028156981177,0.543460070003087,0.034,0.021,1
"CEP290",0.334054226729596,0.281240691556996,0.12,0.094,1
"ZNF620",0.33408338792431,0.834986245010654,0.01,0.005,1
"CAST",0.33413014310643,0.118809338891774,0.445,0.383,1
"NECTIN1",0.334200083588491,-0.863251173722276,0.01,0.015,1
"A2ML1-AS1",0.334371323845325,-0.457900746709664,0.023,0.026,1
"SLC16A1-AS1",0.334626298503736,0.488930820231463,0.044,0.029,1
"QSOX2",0.334634968076967,-0.292423952136081,0.029,0.035,1
"FCGBP",0.33491704377593,-0.607104142599548,0.012,0.018,1
"ZFP82",0.334966443530468,0.275912877657326,0.049,0.037,1
"ZNF445",0.334968586705357,0.27210104774064,0.081,0.059,1
"KIF27",0.335402079681322,0.292363926193421,0.074,0.06,1
"HMBOX1",0.335761837275617,-0.237897459822486,0.135,0.144,1
"ENSG00000287608",0.335885592503783,-0.610387334598484,0.011,0.015,1
"TP53TG1",0.335970875257734,0.304362208911296,0.09,0.069,1
"FUT8-AS1",0.33603738858422,-0.277940360383622,0.01,0.008,1
"GOSR1",0.336064856896019,0.15406514061227,0.251,0.215,1
"ZNF486",0.336128717833366,0.428065595584266,0.027,0.016,1
"TRMT12",0.33613137504586,0.177940398508555,0.042,0.033,1
"RTCA",0.336720290844277,-0.181080895518454,0.108,0.114,1
"TUBG2",0.336973443651913,0.491078703507513,0.025,0.018,1
"NBPF12",0.337468866575214,0.311453516536314,0.111,0.085,1
"ZNF880",0.33753825365572,-0.247334252484547,0.05,0.057,1
"NDUFA9",0.337549280204602,-0.130838074207779,0.244,0.249,1
"FBXW11",0.338180580580789,0.185813626891727,0.204,0.176,1
"TESK1",0.338521685625162,0.420536783886519,0.075,0.056,1
"NAPA",0.338589612391776,-0.121955201470799,0.362,0.357,1
"FBXO41",0.338866729038276,-0.676758791314208,0.011,0.016,1
"EIF2AK4",0.338874038690771,0.125161055032986,0.067,0.062,1
"ENSG00000242880",0.339107374754821,0.242120025783889,0.024,0.021,1
"PIAS3",0.339122723107043,-0.567161887858339,0.023,0.03,1
"ARHGAP12",0.339374815054679,0.195703139893929,0.117,0.093,1
"CNOT11",0.339457153551818,0.212107201703431,0.164,0.131,1
"USP51",0.339802476661341,1.32377881147765,0.013,0.006,1
"RAF1",0.33990855369077,-0.211576120274903,0.2,0.212,1
"EXTL3",0.339920860674112,0.71413301983803,0.019,0.012,1
"ZNF513",0.340142975033563,-0.30905217999431,0.044,0.052,1
"CEP83",0.340284828470803,0.245516077231602,0.139,0.114,1
"ENSG00000240553",0.340462600474265,-0.177671009453401,0.019,0.022,1
"PDF",0.340558272648944,-0.198438818673788,0.053,0.061,1
"TEC",0.340580534819257,-0.635833083830502,0.012,0.018,1
"ICMT",0.340729259521606,-0.219607903008356,0.052,0.049,1
"SLC38A5",0.340896356748323,-0.507764893990474,0.017,0.022,1
"IRAK1BP1",0.341050645457835,0.470524391787642,0.037,0.026,1
"MCM7",0.34111101920063,-0.146774409030126,0.274,0.266,1
"ZNF480",0.341178247834971,-0.225590904998077,0.065,0.069,1
"GABPB1-AS1",0.341218894541811,0.144354358670285,0.174,0.142,1
"STAT1",0.341342368615813,-0.131453062331854,0.329,0.33,1
"DCLRE1C",0.341345042056092,0.293811248719708,0.081,0.06,1
"LXN",0.341402086027979,0.281281636953944,0.055,0.04,1
"MCCC1",0.341410206756301,0.209179610228186,0.07,0.056,1
"ACSL4",0.341704736892289,0.138232746591244,0.102,0.082,1
"PDLIM2",0.34179087935409,-0.25700063154965,0.078,0.088,1
"POLR1G",0.341860224890153,0.803811051022573,0.015,0.009,1
"TAF9",0.341932678376972,-0.190007028441211,0.312,0.323,1
"HSD17B4",0.341957242203111,0.221346482105151,0.046,0.037,1
"TAF2",0.342189530692541,0.254320153086734,0.113,0.085,1
"NCOA7",0.342294148438692,0.29355426724799,0.118,0.087,1
"MIR4435-2HG",0.34260320353021,0.477711976845709,0.036,0.026,1
"RCSD1",0.342649722611741,-0.236055141280185,0.092,0.095,1
"ZC2HC1A",0.342674028856119,0.559417604291387,0.011,0.006,1
"TCEA2",0.34313488677225,-0.15880414695531,0.072,0.076,1
"PCAT1",0.343184166304804,0.591336632970536,0.056,0.037,1
"KYAT1",0.34324730669347,-0.695583131459649,0.012,0.018,1
"BTBD2",0.343294772588359,0.23999126595877,0.075,0.055,1
"SART3",0.343373940194408,0.19785162367913,0.167,0.137,1
"NSD1",0.343444823845983,0.145824471455183,0.254,0.207,1
"STRIP1",0.343665685077902,-0.227748269596996,0.16,0.17,1
"TSNARE1",0.343740419672082,0.540365171034934,0.038,0.028,1
"GNG7",0.343791202310263,0.14495844557979,0.02,0.02,1
"C1RL",0.343795583156339,-0.738165818162857,0.011,0.015,1
"RC3H2",0.343806075624941,0.153112199776426,0.18,0.157,1
"CCDC125",0.343809142370806,0.839428826000912,0.019,0.011,1
"EFNA1",0.343851760649212,-0.228563038925843,0.058,0.068,1
"SUV39H2",0.343887969165914,0.256087970204738,0.036,0.028,1
"CLTC",0.34406778343976,0.139369409965365,0.247,0.211,1
"EMC1",0.344130755048387,0.216755167105487,0.082,0.067,1
"MRPL13",0.344390455464914,-0.175534206235878,0.174,0.18,1
"EEF1AKMT1",0.344406417829481,0.308551004643251,0.018,0.014,1
"TEDC1",0.344418699382413,0.179388090136631,0.085,0.067,1
"ARIH2OS",0.344488485835607,-0.214668212289784,0.027,0.029,1
"ENSG00000290192",0.34464522908477,-0.158995266934151,0.102,0.103,1
"NCOA5",0.344689846773316,0.153413918293404,0.181,0.16,1
"SPAG9",0.344728073395075,0.202146614781228,0.172,0.148,1
"MAP3K14",0.344877608454905,0.301201949098334,0.079,0.057,1
"IQCH-AS1",0.34501776056726,0.807633116406709,0.018,0.009,1
"PARP4",0.345127410326132,0.180126239845024,0.11,0.088,1
"EXOSC3",0.345240306149262,-0.160671778365845,0.174,0.172,1
"DGKD",0.345375657052379,-0.239585347950832,0.15,0.156,1
"WDHD1",0.345394022518429,0.879107729536922,0.019,0.011,1
"WDR36",0.345414302832088,0.218610120339679,0.142,0.116,1
"IFIT3",0.34561794947982,-0.292125350734525,0.058,0.069,1
"ZCCHC10",0.345664559480238,0.161512042480588,0.192,0.169,1
"ERC1",0.345855002433318,-0.15997773548691,0.263,0.265,1
"ZNF547",0.346011287382272,0.168277091488607,0.031,0.026,1
"IFNGR2",0.346241389028857,-0.143051776893578,0.275,0.282,1
"PEMT",0.346606672419976,-0.290800848455444,0.036,0.041,1
"FANCM",0.346743725936811,0.135118741973054,0.047,0.035,1
"RAVER2",0.34692439103136,-0.677077742991511,0.014,0.019,1
"FAM200B",0.347018325974048,0.11878165318855,0.174,0.144,1
"COPZ1",0.347077574318309,-0.277866681696136,0.167,0.173,1
"POFUT2",0.347178672140244,-0.288733655949062,0.087,0.09,1
"KDM1B",0.347331794384134,0.483103525972385,0.037,0.027,1
"SMCO4",0.347365434843279,-0.300939136273583,0.008,0.011,1
"RBM22",0.347524977287819,0.156670207522468,0.24,0.207,1
"NPIPA1",0.347579383657403,0.590820635597605,0.03,0.02,1
"N4BP2L2-IT2",0.347677900588025,0.499913694319361,0.01,0.005,1
"CNN3",0.3480234104385,-0.731015858611953,0.011,0.018,1
"TPRN",0.348279427218046,0.229526993155862,0.018,0.011,1
"GPAA1",0.348415885096104,-0.348524331662377,0.099,0.112,1
"EXOSC2",0.348467691058676,-0.257069532297563,0.059,0.063,1
"RIGI",0.348596878137145,0.253178623021975,0.146,0.118,1
"GABPB1-IT1",0.34872425907131,-0.31374440947601,0.178,0.192,1
"ZXDC",0.348726292620535,0.14123531743622,0.163,0.142,1
"ZNF736",0.348746705571561,0.322894987257264,0.087,0.068,1
"ZMPSTE24-DT",0.348755629978192,-0.65803448342708,0.024,0.033,1
"PTK2",0.348933285239358,-0.20558372578834,0.202,0.211,1
"HLA-DPA1",0.349075720989178,0.314429917909441,0.051,0.035,1
"SPG7",0.349095433567534,-0.176520954177454,0.205,0.206,1
"FMC1",0.349489639257481,-0.313358056267642,0.063,0.069,1
"NEK8",0.349522816992741,-0.48847908569872,0.013,0.015,1
"METAP1D",0.349585706489594,0.519768217925151,0.025,0.018,1
"ZNF106",0.349593074042869,0.182992520399474,0.187,0.153,1
"B4GALT1",0.349750777334665,0.319667526317204,0.125,0.094,1
"ZNF416",0.3497571926141,0.565964617609273,0.024,0.015,1
"HNRNPH2",0.349758610827054,-0.132822959795601,0.307,0.313,1
"ZNF407",0.349809079471281,0.152445425924221,0.152,0.125,1
"DHX34",0.350007660454068,-0.423759414019524,0.026,0.032,1
"RAPH1",0.35009302616918,-0.440087194355927,0.03,0.036,1
"TTTY10",0.350131698888026,-0.614373349414084,0.012,0.016,1
"TWNK",0.350343013393124,-0.475306057005608,0.02,0.025,1
"MRPS18A",0.350348490559834,0.26227468184232,0.128,0.102,1
"EVI5",0.350371669057624,-0.491485954836645,0.01,0.012,1
"GPR108",0.350379625859346,-0.228806700648082,0.085,0.091,1
"WARS2-AS1",0.35049211078007,0.173437634426882,0.042,0.036,1
"SLC33A1",0.350518533287723,-0.166651884185727,0.054,0.05,1
"DBH",0.350539520384389,-0.454884050903146,0.018,0.023,1
"MOCS3",0.350830273092678,-0.177205917445509,0.039,0.039,1
"LINC00649",0.350937453393128,-0.334110417194348,0.13,0.142,1
"CDC16",0.351070342363889,0.149287126266822,0.119,0.103,1
"PGP",0.351146095626425,-0.207752093460885,0.128,0.139,1
"KIF9",0.351482815084175,0.305955901240748,0.032,0.025,1
"ZNF511",0.35154959405784,-0.193454118824508,0.149,0.156,1
"DHX58",0.351602566249465,-0.137177154522258,0.023,0.027,1
"NBPF15",0.351605557178308,-0.37766617867764,0.047,0.05,1
"ZMYM2",0.351667046202829,-0.137733199713746,0.224,0.22,1
"RILPL1",0.351708579101946,0.501023449702604,0.021,0.012,1
"ORC3",0.351796315457973,-0.298494715055563,0.089,0.096,1
"SIRT5",0.351875003832533,0.492498292770764,0.028,0.02,1
"CAMKK1",0.352021429680603,-0.523133885396611,0.013,0.014,1
"PPOX",0.352067545683363,0.272997590161414,0.052,0.037,1
"SRA1",0.352310580476186,-0.203697176133915,0.138,0.143,1
"PIK3R5-DT",0.352401918154707,0.395302543206078,0.011,0.006,1
"ENSG00000291159",0.35240818097829,0.563147037983936,0.038,0.025,1
"YOD1",0.352468697764276,-0.417336482242823,0.019,0.023,1
"LINC02798",0.352640228412054,0.515824330000175,0.019,0.011,1
"FAM229A",0.352830794912243,0.827569038205271,0.012,0.006,1
"FEN1",0.352925156348368,0.336820185621472,0.082,0.063,1
"ENSG00000255495",0.352995030794825,0.368300147489975,0.017,0.011,1
"DNAAF10",0.353008366714879,-0.152836966096386,0.021,0.016,1
"FNIP1",0.35306852668964,0.189682780600344,0.172,0.139,1
"TCEAL8",0.353204869002848,0.176202294889982,0.109,0.088,1
"DCAF16",0.353219862282025,-0.226143926457945,0.133,0.139,1
"TMEM139-AS1",0.353220142872226,-0.68117462135945,0.008,0.013,1
"PTTG1IP",0.353538344207679,0.191736363310271,0.259,0.213,1
"PWWP3A",0.353625946310606,-0.114254974619384,0.055,0.057,1
"SAP30L-AS1",0.353653118915635,0.397956764886019,0.026,0.016,1
"TFPT",0.353696764750768,-0.364985785718633,0.049,0.056,1
"GANAB",0.353991464044616,-0.116106645690768,0.143,0.145,1
"POLR3GL",0.354193373337232,0.112200304241266,0.149,0.121,1
"EVI5L",0.354309409540747,1.04123295777388,0.017,0.009,1
"ATRAID",0.354371613753947,-0.132261343856667,0.231,0.233,1
"SMARCAL1",0.354399029612219,-0.15798773433634,0.054,0.055,1
"NSMCE2",0.354507367088412,0.135586041263554,0.149,0.131,1
"POLM",0.354560908403489,-0.299235244617114,0.064,0.07,1
"ENSG00000285692",0.354603787073286,-0.186317061632153,0.022,0.021,1
"NOMO1",0.354608069244841,0.306141227438113,0.033,0.022,1
"MYCBP2-AS1",0.354615716466728,-0.438562031453495,0.03,0.035,1
"TMX1",0.354620059001075,-0.143340394140824,0.225,0.234,1
"ENSG00000291117",0.355079827164004,0.101362646910697,0.078,0.062,1
"ZNF814",0.355462271149742,0.316702377089501,0.083,0.066,1
"SP3",0.355780626333414,0.107674835562213,0.356,0.317,1
"PELO-AS1",0.355867813168669,0.883085063007816,0.01,0.005,1
"EMP1",0.35595600041735,0.813147354812513,0.017,0.008,1
"HDAC10",0.35598457514145,-0.368141888709256,0.076,0.081,1
"TRPT1",0.356417452605787,-0.272004922458745,0.093,0.101,1
"FRA10AC1",0.356640655383645,-0.129408287261219,0.084,0.089,1
"RBMS3",0.356780628886927,0.382926034174872,0.021,0.014,1
"TRAF2",0.356794110784485,-0.266080105944313,0.07,0.074,1
"CYB5R4",0.356963592633564,0.332004041226587,0.11,0.083,1
"SH2D4A",0.357389817125129,0.259326344153879,0.023,0.016,1
"PTPDC1",0.357453171403165,0.771640994437561,0.022,0.012,1
"ENSG00000226471",0.357458027907576,-0.198522175605832,0.028,0.032,1
"ENSG00000288935",0.357503790240172,-0.609184426458727,0.008,0.013,1
"FOXRED1",0.357569864947229,0.343076746290975,0.044,0.033,1
"UTP25",0.357602495416124,-0.159414685886698,0.095,0.097,1
"AKAP8",0.357868877920474,0.185787892310416,0.111,0.089,1
"AGK",0.357959443096085,0.283569838855813,0.065,0.047,1
"THOC3",0.357998912437057,-0.23401085944544,0.223,0.233,1
"SNHG11",0.358065372276124,0.139653542081064,0.032,0.03,1
"YRDC",0.358779660715414,0.100900788020679,0.104,0.093,1
"MYRIP",0.358824665081433,0.679168955970466,0.011,0.006,1
"SLC25A17",0.358838754054298,-0.188462086208293,0.073,0.078,1
"WAS",0.358863791657385,0.102140196451924,0.248,0.221,1
"GFM1",0.358947835781271,0.147283559983732,0.159,0.135,1
"SWT1",0.359038880193191,0.206433011077045,0.053,0.04,1
"CFAP298",0.359053216238007,0.173421850880756,0.194,0.162,1
"HAUS6",0.359171017964908,0.293855566889787,0.075,0.06,1
"RBM26",0.35917925743895,0.148806452194847,0.335,0.289,1
"GLCE",0.359468262372527,0.183688382403735,0.045,0.035,1
"NDC1",0.359538274363017,0.262709756506137,0.088,0.068,1
"DENND6A",0.359554186165998,0.24779130381738,0.125,0.1,1
"LINC02649",0.359657768291762,0.427794138510597,0.026,0.016,1
"TPM2",0.359885116721492,-0.47168878864589,0.015,0.019,1
"MFSD1",0.360028169943118,0.176371904924231,0.093,0.074,1
"TM7SF2",0.360274301912039,-0.470263771452187,0.022,0.026,1
"NDUFV3",0.3602850949804,-0.126062966438695,0.109,0.112,1
"CHPT1",0.360398538898585,-0.412149039517808,0.037,0.041,1
"MTM1",0.360406734717779,0.187057703647716,0.079,0.061,1
"FASN",0.360416019500074,-0.344129906153355,0.067,0.07,1
"ZNF790",0.360926957466072,-0.175728152862974,0.032,0.035,1
"AP3S2",0.361116854705951,-0.281384404115138,0.059,0.067,1
"KBTBD11",0.361423675803396,0.551275689770254,0.015,0.008,1
"GPAT4",0.361441947669967,-0.162587507035089,0.116,0.117,1
"PLEK2",0.361605195127953,0.55153406889956,0.015,0.009,1
"TBC1D15",0.361742723255954,0.177779953279442,0.309,0.263,1
"HMGCS1",0.361744093868599,0.114595593030379,0.091,0.07,1
"ENSG00000274104",0.36175767115529,0.842452495118572,0.02,0.012,1
"MRS2",0.361893442152012,0.342800275327499,0.078,0.057,1
"CCNT1",0.362021339405872,0.194514360002541,0.169,0.142,1
"KCTD3",0.362127146933119,-0.58242529034411,0.01,0.014,1
"NCAPD3",0.36215843919635,-0.241166103290353,0.101,0.109,1
"CUL5",0.362175434729715,-0.105308615491991,0.209,0.212,1
"TRAV26-1",0.362192434143082,-0.256794184779785,0.05,0.061,1
"FAM3A",0.362324719228921,-0.28141526374136,0.095,0.104,1
"TAOK2",0.36271615702958,-0.16685568176784,0.04,0.043,1
"EPS15L1",0.362794894238184,-0.258774121642755,0.144,0.153,1
"POC5",0.362885529735907,-0.248122265424759,0.06,0.066,1
"GSTM2",0.363006926476342,-0.190028790108359,0.133,0.145,1
"ENTR1",0.36333249291402,0.279144060472194,0.123,0.093,1
"ENSG00000259536",0.363432871176958,-0.326515029576365,0.012,0.014,1
"DYM",0.363484185824022,0.148305225620711,0.244,0.204,1
"NADSYN1",0.36350694494683,0.209696085336863,0.084,0.067,1
"MRPL42",0.363522552840004,0.131992793372525,0.213,0.186,1
"ENSG00000233848",0.36376875000427,-0.377376424051782,0.012,0.015,1
"RNF181",0.363909497124648,-0.154163425455184,0.372,0.371,1
"SPATA5L1",0.363980702901196,0.308329544846007,0.049,0.037,1
"ENSG00000231104",0.364013853528118,-0.381630655132488,0.013,0.016,1
"STXBP2",0.364241499196508,-0.221181455185279,0.184,0.194,1
"SIDT2",0.364299510094315,0.104217797311863,0.035,0.028,1
"CIAPIN1",0.364409163783466,0.207501973907611,0.149,0.119,1
"PHACTR2",0.364439913589428,-0.182738503057609,0.117,0.122,1
"CDHR3",0.364460645399857,0.128221695832888,0.07,0.063,1
"RMDN3",0.364542530371202,0.103819962665002,0.065,0.061,1
"UBE2F",0.364565317804046,-0.256777019913133,0.159,0.171,1
"ANKS1A",0.365095937245573,0.198176393213662,0.09,0.071,1
"EIF3J-DT",0.365393868843058,0.210284859823647,0.044,0.037,1
"SFR1",0.365427516954759,0.434568410853379,0.042,0.03,1
"RAB40C",0.36584871876412,0.102660465024553,0.044,0.04,1
"BNIP2",0.366057605283733,0.129760037618475,0.4,0.352,1
"PMS2P3",0.366154559832749,0.389009822927572,0.038,0.028,1
"ZNF324B",0.366466779211309,0.394600275991,0.013,0.007,1
"PRR34-AS1",0.366626479602333,0.384230902369946,0.017,0.013,1
"UHRF2",0.366637228673286,0.177925422433022,0.179,0.156,1
"TRIM27",0.366675948780971,-0.187047027777241,0.148,0.155,1
"AGAP6",0.366771037675636,-0.493741583137895,0.027,0.032,1
"ABCA7",0.366816022134929,0.24002227961036,0.056,0.042,1
"PYGO2",0.366906705318644,0.140124951600485,0.128,0.11,1
"GOSR2",0.367061372277394,-0.23955617800036,0.096,0.104,1
"ENSG00000248544",0.367153609760433,-0.674507698923415,0.009,0.013,1
"WDR1",0.367179003774647,-0.114199447157799,0.368,0.365,1
"DDX60L",0.367217777003395,-0.116611024425278,0.091,0.089,1
"DCUN1D5",0.367999125866525,0.159018860792107,0.149,0.123,1
"AKR1C3",0.36810618369753,-0.225212726178087,0.111,0.111,1
"RPL23AP7",0.368337448478386,0.115305094241075,0.094,0.074,1
"BEX2",0.36837338682256,-0.149984809911458,0.206,0.206,1
"ENSG00000287263",0.368386146970121,-0.216757852049439,0.121,0.128,1
"KLHL12",0.368388619738088,0.142538559771816,0.042,0.034,1
"CDC42-AS1",0.368428233067482,-0.847522579839102,0.011,0.015,1
"CYB561A3",0.36843452644043,-0.288433749588796,0.082,0.094,1
"ZFYVE28",0.368555732378636,-0.460833295878072,0.032,0.037,1
"ATP2B1-AS1",0.368602283793042,0.543670501861907,0.017,0.011,1
"MGA",0.368755499557507,0.321908329363356,0.114,0.085,1
"RRP9",0.368831868398339,0.259109791431396,0.065,0.047,1
"FMNL1-AS1",0.369052667232883,-0.369230719546332,0.032,0.037,1
"EXOSC7",0.369056371299066,-0.188576522135921,0.187,0.189,1
"TAFA1",0.369410278462218,0.764710300245063,0.01,0.005,1
"RCBTB2",0.369721460606706,0.128376821804057,0.017,0.012,1
"GK5",0.369748806901376,0.308349990056592,0.034,0.027,1
"RAD1",0.369786540669569,0.20788523818102,0.116,0.102,1
"PIGQ",0.369970629455579,-0.365884378811871,0.032,0.041,1
"ENSG00000223732",0.370713361492547,-0.452136176244541,0.016,0.019,1
"ZNF25",0.371020175603147,0.490602910826228,0.033,0.023,1
"SVIL",0.371171685515021,0.134554250020193,0.097,0.087,1
"ERCC2",0.371280385660528,-0.239935500100423,0.02,0.023,1
"ZNF57",0.371346486823802,-0.361195107313592,0.01,0.013,1
"SNX19",0.371358366446515,-0.232183765790598,0.065,0.07,1
"CDADC1",0.371429480744318,-0.393611661951945,0.027,0.032,1
"KYAT3",0.371783137020239,0.278821573518646,0.127,0.098,1
"USF3",0.372476017097641,0.148146902582418,0.136,0.11,1
"HECW2-AS1",0.372790501721012,0.397138407893173,0.063,0.047,1
"ENSG00000288818",0.372984066668442,-0.141893015942121,0.049,0.049,1
"BRMS1L",0.373047655763872,0.287906760166854,0.041,0.033,1
"LZTS3",0.37341973320114,0.349342967590234,0.102,0.075,1
"VANGL1",0.373615355757886,0.808293037590668,0.013,0.008,1
"SIAE",0.373794018459448,-0.126306205851847,0.015,0.012,1
"ZSCAN22",0.373826658172195,-0.444647994049649,0.022,0.027,1
"OSER1-DT",0.37383165048918,-0.130720125534186,0.056,0.056,1
"SUZ12",0.374156498769339,-0.144909869746683,0.306,0.304,1
"IDE",0.374227624699781,0.342073585155388,0.059,0.042,1
"JADE2",0.374458620293768,0.18067868427352,0.224,0.19,1
"SLC35B3",0.374563463634982,-0.275970648008962,0.072,0.081,1
"SLC9B1",0.374606487008415,0.46022337067504,0.018,0.009,1
"IST1",0.374695809319164,-0.154776710519368,0.284,0.287,1
"ASB16-AS1",0.374971008184831,0.370800420135884,0.03,0.022,1
"CCDC159",0.375122512263843,-0.1431595548394,0.029,0.032,1
"CHURC1",0.375554796009141,-0.125577902349562,0.495,0.492,1
"B4GALT5",0.375565718594475,-0.399188111932535,0.036,0.043,1
"CYP2R1",0.375655116448532,0.275844166683985,0.092,0.069,1
"BCAT2",0.375871551527165,-0.40329453664175,0.04,0.046,1
"MLKL",0.375879913134244,-0.622536074511459,0.019,0.025,1
"TACC3",0.375972580021229,-0.13260156726691,0.306,0.304,1
"ZNF696",0.376096740369788,-0.746607918478452,0.013,0.019,1
"IFIT1",0.3762646253623,-0.417753262955202,0.036,0.041,1
"PLEKHA8",0.376284704319966,0.264299615457561,0.034,0.025,1
"RAB9A",0.376563112738757,-0.181775808664967,0.131,0.138,1
"AP5S1",0.376644257471759,-0.277615138548802,0.059,0.067,1
"USF2",0.376699904149019,0.212492455096454,0.107,0.088,1
"LSAMP",0.376849299952727,0.530021173777457,0.037,0.026,1
"PXMP2",0.377045381094409,-0.448042665602963,0.039,0.049,1
"SNX8",0.377090848115228,1.03264846539748,0.013,0.007,1
"HIF1AN",0.37710507007104,0.208022809503731,0.11,0.09,1
"EIF1B-AS1",0.377167481904279,-0.307431176101025,0.019,0.021,1
"HLA-DRB1",0.377257066015057,-0.855309614918917,0.01,0.016,1
"LINC00513",0.377497541368117,0.285255652463055,0.057,0.042,1
"NABP1",0.377681936547461,-0.215307944351359,0.035,0.039,1
"EDC4",0.377746134465704,-0.180449737626265,0.106,0.109,1
"PTDSS2",0.37786928024639,-0.336503964568424,0.026,0.029,1
"SPOUT1",0.377961498664364,-0.318198337985454,0.085,0.094,1
"SLC37A3",0.378106319532459,0.187767624157734,0.125,0.107,1
"IFT81",0.378315439402559,0.77733204237675,0.012,0.006,1
"DVL3",0.378473412318417,0.315049641343905,0.065,0.048,1
"NPL",0.378564342739546,0.50910931632521,0.017,0.011,1
"CDK11A",0.378646623228359,0.115708423911958,0.209,0.179,1
"DCTN5",0.378732071052672,0.376570020640436,0.063,0.047,1
"GMPPB",0.378764217608594,-0.346944890949967,0.052,0.059,1
"SLC39A13",0.378828704065077,-0.200822053663369,0.091,0.09,1
"DBR1",0.378887659357895,0.296948027356549,0.06,0.043,1
"PLLP",0.379010472273516,-0.174019027474177,0.11,0.107,1
"RAB3A",0.379181796717245,-0.661333688915931,0.007,0.012,1
"LRFN3",0.379346981521357,-0.54127048329495,0.016,0.021,1
"C8orf33",0.379423686527293,0.218353646303142,0.114,0.093,1
"TRAV10",0.379516428049215,-0.848611252447111,0.015,0.02,1
"RUVBL1",0.379585126073644,-0.140234992252963,0.123,0.116,1
"MYEF2",0.379646275160352,0.537652148324884,0.026,0.018,1
"ENSG00000271918",0.379743257291875,-0.770843974830759,0.008,0.013,1
"KRCC1",0.379777838550793,0.324725903510183,0.107,0.082,1
"SIGMAR1",0.379813747900481,0.19938753084403,0.082,0.069,1
"ARL13B",0.379902109653891,0.196802669496742,0.083,0.063,1
"PFKM",0.38001475358207,-0.495031737435382,0.011,0.015,1
"LSM11",0.380488888164869,0.816531860797731,0.01,0.005,1
"KLHL2",0.381064420207892,0.381717422176573,0.085,0.06,1
"TRBV9",0.381201499230507,0.218637746706056,0.035,0.034,1
"CCT6B",0.381268137863569,0.287411338161966,0.013,0.012,1
"SAC3D1",0.381302879580168,-0.228505854969986,0.082,0.082,1
"SREBF2-AS1",0.381593883579907,0.732490674033162,0.011,0.006,1
"ENSG00000287825",0.381594420315032,0.346582911007841,0.021,0.014,1
"PYROXD1",0.381654478479873,0.327187027870963,0.078,0.057,1
"INF2",0.381724306961984,-0.25224533054271,0.019,0.019,1
"YIPF6",0.381839084411938,-0.174144470621002,0.055,0.059,1
"KLF2-DT",0.381929728173555,0.245270007379286,0.016,0.011,1
"MRM3",0.382287009179431,-0.188609534265822,0.083,0.083,1
"RBKS",0.382347009151724,-0.16512862979636,0.021,0.022,1
"UNKL",0.382473792697982,-0.249148697206038,0.101,0.111,1
"SMAGP",0.382549290739326,-0.141660648068544,0.028,0.03,1
"ZSWIM5",0.382858557515475,0.800916082090647,0.01,0.005,1
"MYLIP",0.383052666469455,-0.133856247497898,0.242,0.244,1
"ZNF567-DT",0.383193596590321,0.465746680820818,0.031,0.021,1
"BMS1",0.383215629238907,0.105272885753253,0.162,0.132,1
"CCDC146",0.383491172986509,0.704969859794359,0.014,0.008,1
"TAF4",0.38362616258784,0.376150837397698,0.052,0.035,1
"MIR924HG",0.383724856418945,-0.408385560966955,0.034,0.04,1
"SCO1",0.383727379847018,0.238149409849349,0.084,0.064,1
"PHRF1",0.383760973364611,0.1745052261486,0.128,0.108,1
"SLC16A1",0.38380815640966,0.313619049848871,0.06,0.044,1
"MAGI3",0.383978916689429,0.160781811074572,0.098,0.076,1
"IFRD1",0.384030995200177,0.13238762563224,0.237,0.206,1
"ZNF616",0.384341944219459,-0.260158261882449,0.024,0.027,1
"DNAJC30",0.384598509414588,-0.219491978118397,0.075,0.082,1
"CEP89",0.384599903737802,0.148884540739481,0.054,0.04,1
"CNP",0.38471788828205,0.11692459391525,0.084,0.075,1
"COQ7",0.384807797290401,-0.433024558959279,0.025,0.03,1
"NUBP1",0.385039142879085,0.235710725229448,0.097,0.074,1
"MPZ",0.385170818471994,0.500149208304967,0.011,0.007,1
"WDR25",0.385697825453735,0.449580166203997,0.04,0.028,1
"CDIPT",0.385789798466644,-0.189190502664044,0.195,0.201,1
"TMEM182",0.385972504527627,-0.649757335199899,0.011,0.016,1
"ALG10B",0.385972506709384,0.494664142482676,0.015,0.011,1
"NCKAP5L",0.38600485235571,-0.22721423954285,0.055,0.06,1
"CAMK2G",0.386039473911175,0.240485372234839,0.078,0.06,1
"MTMR8",0.386127470103105,0.400997474490254,0.041,0.032,1
"HOMER2",0.386135234273059,0.567615969431447,0.015,0.007,1
"HPF1",0.38617682167768,0.117152500908878,0.122,0.102,1
"MSMO1",0.386433668649302,0.164645748168196,0.094,0.077,1
"PTCH2",0.386513962821313,0.303716436358111,0.014,0.009,1
"ENSG00000258560",0.38655720158442,-0.567974919472439,0.028,0.035,1
"GABPA",0.386765444479424,0.151730598464349,0.142,0.117,1
"KCNA3",0.386880438812871,0.139602434617874,0.203,0.174,1
"ENSG00000290476",0.386985585247951,0.289513170683977,0.03,0.023,1
"GUCD1",0.387019465288882,0.260288868476798,0.07,0.053,1
"ATG4C",0.387100713888706,-0.296916599174797,0.049,0.054,1
"AP4E1",0.38716795094968,0.320651383700903,0.057,0.043,1
"CDK9",0.387311003981346,-0.163646021239582,0.199,0.207,1
"PHB2",0.387372329132311,-0.102034635915,0.558,0.543,1
"C19orf44",0.387541523919944,0.530608549998221,0.021,0.014,1
"PEBP1",0.387609254592581,-0.105291551804368,0.465,0.465,1
"PARN",0.387755035305955,-0.218401448504904,0.115,0.121,1
"SSX2IP",0.387917473784552,-0.289147663836271,0.076,0.083,1
"HGS",0.387991710105169,-0.190239117672676,0.185,0.194,1
"MAST3",0.38819580416005,0.493347093031622,0.032,0.021,1
"PRR29",0.388453949991294,-0.448410473256555,0.017,0.021,1
"NDUFA6-DT",0.388464864871419,0.383576217649864,0.031,0.021,1
"ATPAF1",0.38890569765545,0.117508686744563,0.082,0.071,1
"FKBP8",0.38908831782981,-0.1263569085213,0.435,0.436,1
"LINC00265",0.389242756392188,0.643508388303665,0.011,0.006,1
"FAM118B",0.389244766647603,-0.122296525788215,0.056,0.057,1
"MED28",0.38943468230785,-0.107195054618372,0.283,0.293,1
"TRMT13",0.389438005669566,-0.23778185115473,0.086,0.094,1
"ALG10",0.389638072386449,-0.269169888126334,0.026,0.03,1
"TIAL1",0.389874901542825,-0.13107289464418,0.387,0.385,1
"TMEM272",0.38991487745847,1.03592385422817,0.01,0.005,1
"NRROS",0.390056434825634,-0.288349984459343,0.012,0.014,1
"ZFP30",0.390063954253729,-0.246775315495508,0.032,0.036,1
"LCDR",0.390082203986351,-0.405967749157014,0.019,0.02,1
"PIK3IP1-DT",0.390131023059608,0.418271777160877,0.051,0.035,1
"SCO2",0.390161074648032,-0.317506949790908,0.087,0.094,1
"LINC01550",0.390216974984609,0.152654368901424,0.149,0.125,1
"CD69",0.390416517523887,0.128465137077114,0.474,0.441,1
"STX17",0.390834678258543,0.242076647586711,0.138,0.112,1
"GTPBP1",0.391083142516985,-0.119856590586886,0.065,0.069,1
"TMEM126A",0.391153194888931,-0.169506366474608,0.164,0.171,1
"IL18BP",0.391155049816865,-0.360420093388433,0.026,0.027,1
"MRPL9",0.391664170222727,-0.176166077145508,0.207,0.213,1
"S100P",0.391786431459353,0.141570654197131,0.015,0.014,1
"FZD6",0.391795879286063,-0.385794082203717,0.009,0.012,1
"MCRIP1",0.391800048989427,-0.145011781012671,0.181,0.178,1
"MCM3AP-AS1",0.391831973740469,-0.180868739108759,0.013,0.013,1
"SLAMF6",0.392001299117385,0.408785306286664,0.032,0.022,1
"GGT7",0.392044222101603,-0.413470007433724,0.06,0.066,1
"ZC3H11A",0.39219934968137,-0.200703599706532,0.118,0.118,1
"ANP32E",0.392321617628176,-0.165619345102464,0.224,0.226,1
"MPLKIP",0.392916745662231,-0.1880138920668,0.213,0.219,1
"TCF7L2",0.393047689426175,-0.245551901342098,0.074,0.08,1
"ENSG00000270175",0.393130166542096,-1.04143475306281,0.007,0.012,1
"ENSG00000170846",0.39349947545781,0.164947811573058,0.133,0.11,1
"LLPH-DT",0.393555436512275,0.562383042488978,0.013,0.007,1
"EDEM1",0.39404573945161,0.244626613465285,0.118,0.095,1
"HCG17",0.394157010909163,-0.473232411662337,0.023,0.029,1
"FUCA1",0.394338383511758,0.322165122780387,0.042,0.03,1
"PDCD5",0.394493337653812,-0.132781454964475,0.365,0.361,1
"ENSG00000249456",0.394539763360784,-0.262881985497617,0.028,0.027,1
"LINC01725",0.394725653869496,0.107675400467615,0.056,0.049,1
"CRIP2",0.394771798869848,-0.243294548755304,0.053,0.053,1
"RNF41",0.394778982076719,-0.15807441874763,0.121,0.129,1
"ZNF577",0.394821681611457,-0.606412316230419,0.011,0.014,1
"PPP1R16B",0.395144669712793,-0.136052766637236,0.193,0.186,1
"ACAA2",0.395242401459248,-0.287307705397355,0.086,0.088,1
"HAX1",0.395392798370383,-0.158432021519671,0.319,0.324,1
"ST20",0.395462968373704,0.582088410635145,0.021,0.013,1
"VIPR2",0.395680628189694,-0.223478968759194,0.013,0.013,1
"ENSG00000247134",0.396051932855048,-0.286121644865051,0.037,0.04,1
"ARL3",0.396069269811756,-0.244667845467223,0.08,0.082,1
"MLLT11",0.396108840121906,-0.213033990743967,0.021,0.026,1
"FAM111A",0.396191091023195,0.24141048469574,0.073,0.055,1
"HSD11B1L",0.39624445777149,0.66456734531903,0.019,0.012,1
"MSH2",0.396359474887864,0.106316760607244,0.164,0.142,1
"MAP3K4",0.396489291990805,0.230402773102168,0.091,0.074,1
"TNK2",0.396726751941779,-0.182221781068178,0.071,0.076,1
"SZT2",0.396731817944142,0.182614367536945,0.055,0.044,1
"NAA25",0.396941787757057,-0.171283884862972,0.138,0.143,1
"CACYBP",0.396976385418219,-0.1118645985539,0.491,0.492,1
"FAM104A",0.397095363509547,0.209123604358132,0.158,0.135,1
"EARS2",0.397123490955827,-0.697989392134549,0.017,0.023,1
"DNAJC3-DT",0.397175209856826,-0.304527509360032,0.01,0.013,1
"ASAH1",0.39758624095674,0.20584705161456,0.132,0.104,1
"OGT",0.397794775124574,0.134518690863426,0.421,0.368,1
"LAP3",0.397802318733789,-0.118735921603641,0.162,0.169,1
"EXOC6",0.398254229693136,0.175951510194357,0.176,0.142,1
"FAM161A",0.398680067885194,0.863716137650921,0.011,0.005,1
"ANAPC7",0.398813905815966,0.194084861220849,0.092,0.078,1
"ANKRD42",0.398958371131079,0.445350083275715,0.02,0.014,1
"NGDN",0.399176104084519,-0.137378457371105,0.341,0.35,1
"GPC3",0.399451700015418,0.539394562566107,0.012,0.007,1
"ZNF75D",0.399875307329828,-0.362493549563253,0.044,0.048,1
"PYHIN1",0.400037970192829,0.428038539608105,0.036,0.023,1
"AXIN2",0.400261514466416,0.290722030740735,0.067,0.05,1
"NUP62CL",0.400372897270891,-0.593820479190714,0.011,0.015,1
"ZNF131",0.400449758172806,0.102775240061433,0.282,0.242,1
"ENSG00000289405",0.40070098005874,-0.660590140504935,0.019,0.025,1
"CEP44",0.401104129638579,0.325317284278793,0.055,0.04,1
"HMGN5",0.401262063109696,0.621395817852544,0.016,0.011,1
"ARHGAP19",0.401386706100026,-0.309883562958382,0.019,0.023,1
"RRN3",0.401545986288252,0.171086906308259,0.124,0.101,1
"ENTREP3",0.401624208627182,-0.249866925172554,0.04,0.047,1
"DOK6",0.401737123122291,0.839871247354039,0.013,0.007,1
"TMEM97",0.401752263483226,0.329239777728189,0.035,0.025,1
"FBXO36",0.401769612764716,0.273121290841265,0.016,0.011,1
"PRDM4-AS1",0.40187284335928,0.683463547844992,0.011,0.005,1
"CNKSR2",0.402041269164267,0.312928296877372,0.06,0.042,1
"NUDT15",0.402079182503491,-0.184830753999396,0.071,0.075,1
"ABHD2",0.402515365879266,0.491717848151424,0.053,0.035,1
"IFT140",0.40309894335303,0.167161772447654,0.016,0.012,1
"TMEM192",0.403355341419066,-0.285970463950018,0.021,0.026,1
"SLC12A9",0.40364058394874,0.288896276387446,0.051,0.036,1
"CFAP97",0.403642370227395,0.213236823040668,0.122,0.094,1
"UBQLN4",0.403741150709544,-0.21490041687575,0.069,0.076,1
"ZHX2",0.403964424631843,0.108520182771865,0.398,0.342,1
"ITPR3",0.403975601988064,-0.199040552026178,0.067,0.073,1
"MAPKAPK3",0.404019893681946,-0.354112776482567,0.038,0.044,1
"METTL23",0.404030765311374,-0.154578886047976,0.159,0.153,1
"PP7080",0.404055649213264,-0.606367336688246,0.013,0.018,1
"ACAD8",0.404395094397049,0.102193210524089,0.055,0.052,1
"SYNE2",0.404587289157455,0.115052593744023,0.304,0.27,1
"MTRF1L",0.404684790444361,0.117270857543074,0.063,0.054,1
"RNF166",0.404943773837069,-0.15283608850838,0.21,0.215,1
"DCAKD",0.404968518947285,-0.328336294098563,0.068,0.075,1
"PLAG1",0.405005176623915,0.155384801911455,0.062,0.054,1
"TPP1",0.405115247602785,-0.196361489286216,0.054,0.057,1
"MAST2",0.405153096008279,0.521065811423065,0.017,0.012,1
"NSMF",0.405231565793219,-0.173765151748297,0.057,0.061,1
"ABCG1",0.405416170623749,-0.100768659884606,0.296,0.287,1
"ENSG00000275180",0.405445337265415,-0.993265205813166,0.006,0.011,1
"CFAP68",0.405502901714104,-0.138995819698056,0.127,0.128,1
"ZNF782",0.405570792432928,0.199953764896854,0.042,0.033,1
"TXLNA",0.405646943025746,-0.104588109348915,0.105,0.101,1
"TSGA10",0.406196882358524,0.362918563710856,0.059,0.043,1
"FBXL16",0.406203381272489,-0.620702075243466,0.022,0.028,1
"CHD1-DT",0.406206976401453,-0.262592404156918,0.03,0.035,1
"APBA3",0.406349756463723,-0.175670348149815,0.233,0.242,1
"FRAT2",0.406380023266091,0.156755585006061,0.098,0.081,1
"OGFOD2",0.406403935057173,0.109241609146149,0.059,0.053,1
"NAP1L1",0.406528878940768,0.104718883648839,0.736,0.693,1
"WDR90",0.406563884117356,-0.860759059676239,0.006,0.011,1
"TMEM102",0.406771431668561,0.243729460941192,0.085,0.069,1
"NORAD",0.407112347660451,0.201018394346009,0.289,0.237,1
"CST3",0.40732641603659,0.956351974652869,0.014,0.007,1
"FBXO31",0.40788460442081,0.188184351607331,0.089,0.07,1
"AVL9",0.40797686362538,0.152108463734899,0.145,0.122,1
"ZNF330",0.407990729289264,0.183097664024576,0.153,0.124,1
"PLA2G4B",0.408088517920498,-0.482793904934109,0.015,0.019,1
"SLC6A16",0.408176832179461,0.26167952457285,0.01,0.006,1
"RLN1",0.408216834653889,-0.433096575929845,0.028,0.034,1
"STT3A",0.408246402990669,-0.130557781133951,0.143,0.139,1
"TPGS2",0.408717603138154,-0.113957593131113,0.121,0.114,1
"DHRS4L2",0.408845649440599,-0.347507851805426,0.03,0.032,1
"NIFK-AS1",0.408861706434508,0.141389793905195,0.063,0.054,1
"MTMR12",0.408952102315157,0.154220782530164,0.087,0.071,1
"TRAV8-4",0.409211630307739,-0.204312399292884,0.044,0.049,1
"PCBP4",0.409341432138308,-0.815186324798693,0.007,0.011,1
"ALS2",0.409555425792084,-0.557382806769382,0.023,0.03,1
"CPA5",0.409816277446607,-0.615975106444643,0.008,0.013,1
"TRIP6",0.40996910456269,-0.22950422697865,0.045,0.049,1
"LIG1",0.41013525324394,-0.306069688272102,0.059,0.068,1
"ENSG00000236935",0.410547121505537,0.326309255259042,0.029,0.02,1
"ENSG00000233850",0.410597036434655,-0.215970892987312,0.035,0.04,1
"TP53INP1",0.410672076216994,0.273425500131762,0.045,0.036,1
"CEP164",0.410784816752069,0.355155449735486,0.046,0.033,1
"USP36",0.410928919813439,0.222525428749856,0.214,0.178,1
"PIGO",0.411053582353847,0.549294639044431,0.034,0.022,1
"H2AC25",0.411097533898594,0.270894468642485,0.065,0.048,1
"ZNF594",0.411161478320131,-0.542714056993258,0.02,0.023,1
"SLC7A6OS",0.411411746837525,0.121373059154615,0.191,0.159,1
"MNAT1",0.411545703522657,0.191528184251552,0.115,0.091,1
"PCSK1N",0.41164593271867,-0.594757285897825,0.009,0.012,1
"PTRH2",0.41165708404974,0.150669916513256,0.124,0.111,1
"ATP6AP2",0.411860104043534,-0.103676472532274,0.337,0.344,1
"ZNF575",0.412159893981251,0.636136279028816,0.011,0.006,1
"SAP130",0.412223287045856,-0.279901224612895,0.054,0.06,1
"HIF1A-AS1",0.412326599174051,0.860246487037081,0.011,0.007,1
"YARS2",0.412369700358033,0.278439145024135,0.09,0.07,1
"HAPLN3",0.41276761953345,-0.177368297175622,0.222,0.233,1
"PRKAR1B-AS1",0.412775358178888,0.749412643187429,0.01,0.005,1
"COMTD1",0.41293523287298,-0.218133457965199,0.034,0.037,1
"ACAP3",0.412941684308305,-0.442419172542218,0.038,0.043,1
"LANCL1",0.413524258000698,0.29056613106454,0.066,0.05,1
"ABTB2",0.413788037241427,-0.417322150498026,0.01,0.011,1
"LRRC45",0.413819783615457,0.64318564347315,0.017,0.011,1
"TMEM106B",0.414098801994062,-0.120578338603101,0.164,0.156,1
"FAM217B",0.414246589509819,0.107376462506654,0.066,0.056,1
"COMT",0.414292179143071,-0.252076373286987,0.098,0.103,1
"BCL2L12",0.414363897803979,0.121307858523191,0.094,0.081,1
"PPP2R5A",0.414382619263124,0.18051357372171,0.179,0.146,1
"CCDC120",0.414433747520709,-0.155876697723786,0.04,0.04,1
"ENSG00000291228",0.414702280634095,-0.649513198951693,0.018,0.023,1
"CETN2",0.414753164413824,0.523110532589266,0.041,0.027,1
"UGGT1",0.414792813007052,0.362784030821627,0.078,0.059,1
"TTF2",0.414877242623382,-0.341919084927616,0.046,0.049,1
"HACE1",0.415080734908465,-0.311674486643636,0.052,0.056,1
"ALDOC",0.415149610238398,-0.478302685091774,0.035,0.041,1
"XPC-AS1",0.41524015650465,0.465355630611596,0.013,0.008,1
"PHC1",0.415363894484379,0.316304263831345,0.054,0.041,1
"FAM106A",0.415540972981029,0.780615969177188,0.01,0.005,1
"KRI1",0.415543022164566,-0.194139619883299,0.118,0.118,1
"DNAAF4",0.415633223870485,0.584214603195664,0.018,0.011,1
"CDK5",0.415992832777888,-0.214010564173349,0.023,0.026,1
"HSD17B11",0.416329967860276,-0.208353509414761,0.244,0.252,1
"BRCA2",0.416459800223232,0.571569594172776,0.019,0.014,1
"DUSP1",0.416460744671795,0.149403787333496,0.103,0.09,1
"HYOU1",0.416527331633059,0.223682986028774,0.103,0.08,1
"ENSG00000269091",0.41663612848737,-0.64455988499306,0.007,0.011,1
"PSMC2",0.416790912719869,-0.146496769981541,0.225,0.227,1
"UBR2",0.417032315136665,0.146827113544414,0.239,0.2,1
"TRUB1",0.417146855371614,0.329918461576297,0.053,0.037,1
"VPS13B-DT",0.417178302521261,0.259436841614807,0.037,0.026,1
"HLA-DRA",0.417240952775623,-0.697952844576824,0.015,0.018,1
"SIAH3",0.417469391315928,-0.501172723703652,0.03,0.035,1
"ENSG00000285830",0.417681658296537,0.640129463421061,0.021,0.013,1
"SAAL1",0.417740167336977,0.159547250497339,0.078,0.062,1
"OTUB1",0.417820354942003,-0.104499358404455,0.461,0.47,1
"MRPL32",0.417846734937458,-0.170051904075788,0.239,0.247,1
"CXCR5",0.417891581904916,0.243796719233458,0.011,0.009,1
"TIGD2",0.417893421957138,0.635245603350572,0.011,0.006,1
"REX1BD",0.418230707703085,-0.171620617328818,0.23,0.237,1
"KIAA1586",0.418290523677732,-0.15242681315796,0.085,0.089,1
"SYVN1",0.418408043619751,-0.194886996523569,0.172,0.18,1
"RFXAP",0.418443997734367,-0.25317230431672,0.061,0.068,1
"PIGV",0.4186398089449,0.513314161220719,0.038,0.026,1
"CYRIA",0.418791511605129,0.390570916434691,0.02,0.014,1
"FPGT",0.41883283573977,0.60046044053674,0.031,0.019,1
"MRM2",0.418839475407049,-0.12010710332986,0.064,0.067,1
"ENSG00000278376",0.418854977184426,0.386891928515467,0.035,0.025,1
"ACOT7",0.418892750963187,-0.305526126303825,0.061,0.067,1
"OGFOD1",0.418917421018041,-0.137501227038415,0.102,0.107,1
"ENSG00000233635",0.419089694390012,-0.210151431599159,0.029,0.029,1
"GCFC2",0.419231169468875,0.231364317129941,0.144,0.117,1
"GATD1",0.41927487679456,0.106553745750189,0.048,0.04,1
"SLC35E2B",0.41927777256947,0.238016035329433,0.104,0.087,1
"ARHGAP30",0.419465839943262,0.15821974269784,0.332,0.282,1
"TRIP11",0.419540025261971,0.124142389629702,0.178,0.158,1
"SNX2",0.419669194226249,0.189128411771357,0.234,0.2,1
"REEP3",0.419915493703281,-0.145319828903647,0.096,0.098,1
"CRADD",0.420201154260176,0.304416658569031,0.042,0.032,1
"RNF144A",0.420245080634634,0.13388030297622,0.12,0.097,1
"DPP8",0.420764961284652,0.128625211985952,0.137,0.11,1
"USP7-AS1",0.420809819458944,-0.616737273537441,0.012,0.016,1
"LZTR1",0.421236290301931,0.205648924308392,0.034,0.026,1
"ZNF253",0.421351748859347,0.182808376361908,0.093,0.073,1
"SLC25A22",0.421366410730626,-0.451549536467984,0.03,0.034,1
"LIMK2",0.421760677700084,-0.155122575262943,0.078,0.077,1
"COMMD8",0.421815784714427,0.135986120096697,0.133,0.109,1
"ZNF426",0.421913194471136,0.293949406336754,0.055,0.044,1
"GLO1",0.422097620324116,0.164346584542898,0.186,0.153,1
"SLC35C1",0.422226858353702,0.441885247383996,0.028,0.021,1
"YLPM1",0.422416346898629,0.162123033863965,0.249,0.205,1
"MSL2",0.422435238826737,0.100781141431886,0.197,0.166,1
"DUS2",0.422440672769034,0.238104449891832,0.03,0.025,1
"SS18",0.422581807284595,-0.134310138035967,0.294,0.292,1
"C8orf44",0.422588423720655,0.193294353100262,0.067,0.052,1
"SLC35E1",0.422643797533349,0.239425874123463,0.092,0.071,1
"ASB1",0.422687316479601,0.236251398581585,0.062,0.048,1
"ARMC1",0.422724132984662,0.135551336635478,0.146,0.126,1
"HPS3",0.422783760056725,-0.13145384706141,0.053,0.054,1
"ENSG00000289928",0.422853188509121,-0.647672247119253,0.008,0.012,1
"ENSG00000291179",0.42288117481377,0.384301961676273,0.012,0.007,1
"RANBP9",0.422949068358982,-0.126787018551807,0.223,0.224,1
"RAB4B",0.423004077289617,0.289230941799531,0.095,0.074,1
"RNF214",0.423394469037122,0.367981268004831,0.048,0.034,1
"CFAP92",0.423788261867301,0.876275193463126,0.014,0.007,1
"ENSG00000285651",0.423824560437235,0.189257305246375,0.046,0.033,1
"CIAO1",0.423992723793095,0.156603518098819,0.253,0.218,1
"MFSD14CP",0.423996102724452,0.16803716847548,0.125,0.103,1
"NPAT",0.424018357782927,0.12411778518028,0.26,0.228,1
"VPS13C",0.424106913926821,-0.116510995119737,0.264,0.256,1
"FSBP",0.424183762806066,-0.387389207994288,0.019,0.022,1
"ZNF200",0.424332057457624,-0.217616281490861,0.064,0.062,1
"RAB11FIP3",0.424360407198956,0.102411067635036,0.109,0.1,1
"LENG8-AS1",0.424360524281571,0.45082993717299,0.023,0.015,1
"SYNE3",0.424425275394646,0.308331469735286,0.042,0.037,1
"ENSG00000225313",0.424598123018341,1.00860407334173,0.01,0.005,1
"ATG101",0.424627471022654,-0.200415759630475,0.125,0.132,1
"HENMT1",0.424642451973437,-0.229990239039371,0.04,0.044,1
"MMP25-AS1",0.424688634513667,-0.513505181650512,0.029,0.035,1
"ENSG00000249207",0.424802204186977,0.137597763886785,0.06,0.049,1
"CUTA",0.424843496316568,-0.118243072643153,0.581,0.575,1
"TFAP4",0.42497946661211,-0.5113804087781,0.039,0.048,1
"ZNF225",0.424997458887466,-0.413430325036979,0.017,0.018,1
"DARS2",0.425512305000378,-0.172514621708467,0.02,0.02,1
"RRP7BP",0.425512375423515,0.191634794690909,0.089,0.07,1
"SLC25A28",0.425603078920342,0.254824296156639,0.096,0.074,1
"RAB5A",0.425662149605676,-0.115221449337124,0.228,0.231,1
"FMO5",0.426069551019784,0.521517140967435,0.012,0.006,1
"FAM153CP",0.426172076408144,0.233289948853123,0.081,0.064,1
"SPESP1",0.42623677652244,-0.569207704749537,0.017,0.022,1
"FTO",0.426307867197599,0.11301974872208,0.12,0.108,1
"ENSG00000291054",0.426584447653245,-0.253075262040935,0.033,0.033,1
"DPM3",0.427032001277452,-0.145371185197955,0.167,0.176,1
"LRR1",0.427578321908077,-0.292591484496624,0.065,0.075,1
"PTPMT1",0.427998623076782,-0.153484391880311,0.147,0.153,1
"AKR1B1",0.428020629810908,-0.174274473405247,0.195,0.196,1
"LPCAT2",0.428056356037491,0.604949861158351,0.013,0.009,1
"MCMBP",0.428070163173183,0.153571555338141,0.197,0.169,1
"SLC25A25-AS1",0.428298024646429,-0.586281700666162,0.01,0.014,1
"LARP4",0.42834352245061,0.173242583501368,0.146,0.126,1
"CERNA1",0.42851295388457,-0.669877043060592,0.01,0.015,1
"NRIP3",0.428648636096555,-0.553495580419402,0.011,0.015,1
"HINT3",0.42871418265788,-0.276572822724675,0.066,0.073,1
"ZFY",0.428786946047927,-0.162012280057461,0.074,0.075,1
"USP38-DT",0.428907484706811,-0.38036172020616,0.019,0.022,1
"TTC21B",0.428985763605933,0.212228921475671,0.124,0.097,1
"RNF121",0.429615048004814,0.219683774743866,0.066,0.054,1
"ZNF571",0.429625171135481,0.368116549650339,0.027,0.018,1
"ZNF655",0.429647338767819,0.13838495855948,0.345,0.301,1
"CCRL2",0.429703011475042,-0.676686576685154,0.01,0.014,1
"AFG1L",0.429710736559626,0.11714697071721,0.023,0.021,1
"TRMT6",0.42971680258145,0.204619922039167,0.095,0.077,1
"ENSG00000274425",0.429945553866876,-0.611918904974025,0.012,0.016,1
"MASTL",0.430095209968764,0.608930796904803,0.023,0.014,1
"ADI1",0.430418189350912,-0.126129012772494,0.301,0.295,1
"ANKRD10",0.430419068718103,-0.139607848980451,0.226,0.226,1
"SLC39A7",0.43060725471208,-0.116600447416842,0.103,0.107,1
"CPT1B",0.430642834578116,-0.770824365344832,0.007,0.011,1
"TRIM14",0.430944611724918,-0.262469469114769,0.113,0.119,1
"NDUFS7",0.431102732904109,-0.12798075445034,0.339,0.345,1
"RBL1",0.431222765339503,0.258916297963656,0.138,0.111,1
"TMCO3",0.431290090187107,-0.290184714863341,0.037,0.041,1
"MUS81",0.431317148602706,-0.233045312742716,0.077,0.084,1
"FLOT2",0.431345621048656,0.218111131232685,0.125,0.104,1
"METTL3",0.431384456021508,0.306456956024651,0.091,0.074,1
"TAF6L",0.431565559811225,-0.216652689251418,0.06,0.068,1
"CSTF1",0.431767722712391,-0.198178568625604,0.1,0.102,1
"ZNF658",0.431899254392308,0.475468018951362,0.029,0.018,1
"MIS18BP1",0.432157832614625,0.130229801107735,0.143,0.117,1
"HEXB",0.432287680943874,-0.248331101222416,0.082,0.087,1
"TTC38",0.432484012818448,-0.611946260935334,0.009,0.012,1
"KCNQ1",0.432535501411661,-0.292469410942921,0.063,0.073,1
"ATXN7L3B",0.432731550439983,0.119116473338834,0.215,0.19,1
"CHMP3-AS1",0.432874875427146,0.77806744656556,0.016,0.008,1
"PIP5K1C",0.433002438578729,-0.226672336735046,0.046,0.046,1
"SRGAP2C",0.433169642127756,-0.436816677386305,0.023,0.028,1
"KLC1",0.433215980492126,0.148282044821124,0.156,0.133,1
"PIGT",0.433518560301857,-0.157382721019544,0.177,0.179,1
"ARL17A",0.433583389668645,-0.351116641581828,0.035,0.039,1
"ZNF326",0.433605924006472,0.158596476924814,0.195,0.163,1
"OAS1",0.43369934189818,-0.168063977176382,0.033,0.039,1
"SNHG4",0.433768969035343,-0.383367380319084,0.028,0.034,1
"CCDC157",0.433799413434574,-0.425679552205898,0.019,0.023,1
"TMEM218",0.433872627206933,-0.30950224446689,0.027,0.029,1
"SLC9A1",0.434027860521975,0.232801039018798,0.046,0.035,1
"TRBV6-6",0.434054426723223,-0.607809418852895,0.018,0.026,1
"FAM111A-DT",0.434065859918736,0.166600993823195,0.012,0.008,1
"MRPS18B",0.434112874464963,-0.147778658368112,0.248,0.255,1
"RUSC1",0.434658514760422,-0.10501360901445,0.069,0.069,1
"ESR2",0.434950349929095,0.544719803334493,0.029,0.02,1
"TMEM167A",0.435154822153465,-0.212041189233888,0.175,0.184,1
"ENSG00000289603",0.435203039521899,0.273337685713972,0.05,0.043,1
"ZNF383",0.435203172778316,0.214679549133886,0.082,0.066,1
"TMEM276",0.435215824465084,-0.406260812562098,0.044,0.052,1
"KDM8",0.435357555857027,-0.450232930584238,0.033,0.039,1
"MRPS28",0.435561763179828,0.166647140522325,0.112,0.094,1
"CAMSAP1",0.435568053379959,0.412803298690395,0.045,0.032,1
"FDPS",0.43561538159621,-0.124768268585069,0.195,0.199,1
"GLYR1",0.436048209694079,0.159593158084967,0.177,0.145,1
"ESRRA",0.436092777499433,-0.317319890658452,0.043,0.05,1
"LARP4B",0.436151502049573,0.122031940020749,0.203,0.169,1
"RNFT1-DT",0.436308461553964,-0.487891891512764,0.009,0.013,1
"EXTL2",0.43641273467513,0.294980181526915,0.033,0.026,1
"ELK1",0.436468587051937,-0.132811355098147,0.089,0.088,1
"TIGD7",0.436765584435544,0.516006820939082,0.018,0.013,1
"GINS3",0.436880432817372,-0.661134638657114,0.01,0.015,1
"CD84",0.436995524247975,0.130843640015954,0.017,0.016,1
"UBN1",0.437076409704172,0.152725275764937,0.2,0.173,1
"ZNF286B",0.437292157898762,0.886454444442263,0.01,0.005,1
"MOB3A",0.437406875083217,-0.189672069461115,0.146,0.153,1
"RBM15",0.437476478600855,0.212922617261253,0.089,0.073,1
"ENDOG",0.437595870943554,-0.255993434053273,0.079,0.084,1
"HELB",0.437668914724983,0.128385129299669,0.214,0.181,1
"DNMT3A",0.437759313988158,0.109569656839326,0.165,0.146,1
"AMBRA1",0.437855672651269,-0.140105585975745,0.174,0.178,1
"PODXL2",0.437880255901696,0.506086047908456,0.018,0.012,1
"ZDHHC7",0.437990478167916,0.140472466014602,0.122,0.101,1
"PANK3",0.438155862702404,-0.155609288677263,0.099,0.095,1
"ENSG00000235480",0.43856796589057,-1.04324238880303,0.006,0.011,1
"EMSY",0.438827660459853,0.141880486027371,0.2,0.178,1
"MBOAT2",0.439039168138869,0.206013658806652,0.016,0.015,1
"LINC00882",0.439160260567403,0.965650457921308,0.011,0.006,1
"SEC24B",0.439275560747142,0.104690057857348,0.222,0.206,1
"ZNF737",0.439341840797299,0.289591012265336,0.068,0.053,1
"ZNF316",0.439591510184455,-0.323965677378444,0.043,0.052,1
"IDH3G",0.439746595003204,-0.177819662692648,0.182,0.19,1
"TXNDC15",0.439766497509571,0.128113954072312,0.141,0.116,1
"JPT2",0.439829159789877,0.143106053606989,0.109,0.098,1
"ENSG00000290924",0.439870232164031,-0.27115233483992,0.038,0.043,1
"ENSG00000287086",0.439887315076964,0.648397081857937,0.021,0.013,1
"ERI3",0.440066677681861,-0.192376050682223,0.094,0.102,1
"NUDT16L1",0.440122653596464,-0.158358235332029,0.2,0.201,1
"LSM2",0.440377610386131,-0.113399714285881,0.193,0.196,1
"DYNC2LI1",0.440630152361682,0.418183878983119,0.024,0.018,1
"FUOM",0.440648156052025,-0.225877008540764,0.04,0.042,1
"ENSG00000273338",0.440719987213474,0.523557569108397,0.015,0.011,1
"FAM118A",0.440979657676004,-0.122880623655596,0.354,0.344,1
"LGMN",0.441045279597997,-0.268580280981112,0.068,0.078,1
"MRPS23",0.441404315149996,-0.197637369161135,0.164,0.165,1
"PDK3",0.441461409287419,0.120407779205508,0.204,0.174,1
"PLA2G6",0.441886352237219,0.343533884096015,0.025,0.018,1
"ENSG00000288999",0.442031443142649,-0.157506691762628,0.031,0.034,1
"MAPKBP1",0.442171254759021,0.399228372160628,0.043,0.029,1
"PXMP4",0.442309867209915,0.53579102909329,0.023,0.016,1
"GSR",0.442418637171182,0.279339418179167,0.061,0.046,1
"SMIM10L1",0.442477308051563,-0.142599677365036,0.23,0.232,1
"CHN2",0.442616076996062,0.548490868481689,0.017,0.011,1
"NVL",0.442813616890918,0.157236424501238,0.087,0.07,1
"CR2",0.442817278953342,0.304992323122439,0.017,0.012,1
"CEP135",0.442967658739444,0.12725267313797,0.17,0.149,1
"HAUS7",0.443063058049826,0.325576179043609,0.015,0.009,1
"IVD",0.443180160427151,-0.306364328255514,0.047,0.05,1
"NCF1",0.443510978342728,-0.156338989269618,0.063,0.056,1
"GLMP",0.443559494160553,-0.40389788701328,0.051,0.059,1
"APRG1",0.443579740958564,-0.615974992545016,0.013,0.018,1
"ENSG00000272742",0.443723987332879,0.235753268130429,0.135,0.107,1
"ENSG00000274015",0.443786907649977,0.372950279847631,0.041,0.03,1
"ENSG00000243305",0.44388020477574,-0.130498652228896,0.062,0.066,1
"PSMC6",0.443976030420064,-0.143662703809278,0.307,0.307,1
"C17orf97",0.443996939169249,-0.3339936833256,0.034,0.04,1
"ACTL6A",0.444097119732316,-0.218144247928622,0.152,0.155,1
"DHFR2",0.444373695807448,-0.344016226668692,0.014,0.014,1
"HYLS1",0.444529000154668,-0.294438838033362,0.036,0.036,1
"ENSG00000260274",0.444921187587499,0.428970535497385,0.015,0.009,1
"LTBP3",0.445077371623989,0.139870851281826,0.203,0.173,1
"ZNF184",0.445178483123322,0.104724727279348,0.037,0.028,1
"DCAF13",0.445567269560893,0.105312930230103,0.151,0.126,1
"TAMALIN",0.445681211548013,-0.151974913802129,0.08,0.081,1
"CEP104",0.44585024027047,-0.267028580433456,0.119,0.124,1
"SDHAF4",0.445860858786061,0.578176350247481,0.019,0.012,1
"CTPS1",0.445895483899747,-0.135268334834123,0.093,0.094,1
"TRAV25",0.445936879549341,0.392826389050551,0.016,0.011,1
"CHRM5",0.446081648542693,-0.239762264522941,0.015,0.013,1
"DUSP18",0.44608889054897,0.484807118188224,0.04,0.027,1
"ENSG00000288012",0.446188779982769,-0.384955648039893,0.017,0.021,1
"ZNF599",0.446216824817542,-0.675469344335319,0.015,0.021,1
"CHRNB1",0.446249945266706,0.304963462078854,0.045,0.032,1
"FUZ",0.446356312721024,-0.348939248886491,0.042,0.048,1
"ENSG00000289341",0.446488626646095,0.594997166682683,0.033,0.025,1
"NME9",0.446633137410541,-0.305552054673934,0.016,0.019,1
"RRAS2",0.446963571453219,-0.195181841530994,0.119,0.125,1
"DUSP8",0.44725352530641,0.244496886475819,0.082,0.066,1
"RPGRIP1L",0.447353399427627,0.244027172661398,0.02,0.014,1
"KRT73-AS1",0.447584202689779,0.202349580649664,0.049,0.041,1
"FUCA2",0.447624748504066,0.782047433016935,0.01,0.005,1
"PALS2",0.447687528569027,-0.250171536829805,0.079,0.087,1
"HTT",0.447703070426292,0.194808403392749,0.111,0.088,1
"ETV3",0.44776150769823,-0.128250937401726,0.086,0.089,1
"PPP1R11",0.447771759728742,-0.100404040494308,0.262,0.266,1
"ARMCX6",0.447957831858673,-0.258659084818852,0.11,0.118,1
"MTRF1",0.448059916298508,0.504647925294393,0.048,0.034,1
"WDR70",0.448120144394785,-0.113306090041728,0.148,0.137,1
"CHERP",0.448299912999739,0.160757190173689,0.168,0.139,1
"SNX25",0.448342201726186,0.340579927269856,0.099,0.076,1
"ACBD4",0.448400993752274,-0.206000049611355,0.023,0.026,1
"RELA-DT",0.448559102242787,-0.100707949595457,0.024,0.021,1
"YPEL1",0.448652103258112,0.68985090015943,0.013,0.008,1
"PIGB",0.448716069361707,0.232365064316874,0.079,0.06,1
"SNRPD3",0.448828509227522,-0.114303126416397,0.497,0.492,1
"CALD1",0.448915277189274,0.542037833763009,0.03,0.02,1
"AGGF1",0.449474981222581,0.199517329723714,0.178,0.144,1
"ABHD13",0.449687566681694,0.138826068467018,0.147,0.126,1
"CCNJ",0.4496997200205,0.369823594146675,0.018,0.013,1
"WASHC2C",0.449733280540117,0.184366016479361,0.137,0.105,1
"CASTOR3P",0.44976645784464,-0.146310080584986,0.064,0.06,1
"IL12RB1",0.449846085343964,0.434329904971407,0.047,0.036,1
"TMEM62",0.449872508863699,0.37091453596474,0.018,0.014,1
"MBD6",0.44995308049738,0.175839447435989,0.092,0.076,1
"BYSL",0.449957077827556,-0.310933557008032,0.028,0.03,1
"SMN1",0.449970938933776,-0.42880757432659,0.018,0.02,1
"MTFR1",0.449996364734614,-0.179246872524623,0.076,0.076,1
"ZNF438",0.450201332259197,0.178619728623653,0.045,0.034,1
"SSH1",0.450249228555971,0.333245304105722,0.041,0.03,1
"POC1B",0.450670888240816,0.492317566663067,0.047,0.032,1
"MIR3936HG",0.450855706324103,0.529779033767849,0.019,0.013,1
"RFX5-AS1",0.450900968725366,-0.363273366327088,0.023,0.028,1
"ENSG00000291207",0.450984980140064,0.211301352477852,0.074,0.064,1
"TMEM71",0.451206822308027,0.15585998313611,0.107,0.085,1
"MAPKAPK5",0.451317586757004,0.115079454615292,0.147,0.133,1
"C21orf91",0.451517796932466,0.164274516574753,0.165,0.142,1
"ZNF789",0.451805528873527,0.314760251623342,0.066,0.049,1
"TMEM185B",0.451830888782947,-0.119714439387339,0.063,0.064,1
"NAGLU",0.452084927228689,-0.292652303884086,0.025,0.025,1
"BTBD6",0.452222878544101,-0.195447179153761,0.138,0.142,1
"ZNF529",0.452247107010624,0.212955142551275,0.102,0.084,1
"MX2",0.452367319129014,0.122123462955548,0.205,0.18,1
"ENSG00000275119",0.452376264090336,-0.290028683870553,0.016,0.018,1
"PTPRN2",0.45250182750407,0.42757881597499,0.015,0.008,1
"ENSG00000289156",0.452597606812283,0.253326954883988,0.03,0.025,1
"SLC35B4",0.452725938239577,-0.235362520417072,0.032,0.036,1
"THEM6",0.452742793573218,-0.472652202445712,0.03,0.036,1
"NSMAF",0.452870479086275,0.217509490264362,0.143,0.112,1
"CUL2",0.453101061945979,0.182563744659799,0.192,0.162,1
"ZNF816",0.453580383031561,0.27127948954069,0.032,0.022,1
"CPB2-AS1",0.453772434545966,0.260102770096989,0.063,0.046,1
"PTPRJ",0.453788197990769,-0.111673959913416,0.183,0.186,1
"ARL17B",0.453856845007709,-0.223571024515161,0.033,0.034,1
"FAM120C",0.453877917190199,0.240386591370656,0.059,0.047,1
"SLCO4A1",0.453996491582038,0.382788962839249,0.02,0.015,1
"CENPP",0.454002953461872,0.263583575135546,0.081,0.06,1
"ZNF738",0.454035032198864,-0.122172195190394,0.043,0.041,1
"ZNF552",0.454046611617283,0.360205149097057,0.042,0.03,1
"TTC28",0.454204168728252,0.476002502065735,0.015,0.009,1
"SRD5A1",0.454219902985941,-0.491871926189186,0.012,0.015,1
"RAB6A",0.454274252688608,0.148432268646045,0.259,0.217,1
"THAP7-AS1",0.454305958065463,-0.548696956183877,0.018,0.023,1
"CCNY-AS1",0.454593589231324,0.408177174960779,0.021,0.014,1
"EMSY-DT",0.454716846463763,0.297958700335086,0.022,0.015,1
"ENSG00000273828",0.454754475054897,0.682354758700779,0.019,0.011,1
"SMC6",0.454938879377919,0.142334908242391,0.115,0.091,1
"CETN3",0.45498541531628,0.420192205961843,0.041,0.028,1
"ENSG00000286809",0.454997566836393,0.560565885871447,0.012,0.006,1
"NEK4",0.455005432963179,-0.131627966159374,0.024,0.026,1
"PRIM2",0.455017927367888,-0.261988181166791,0.067,0.067,1
"RRP36",0.4551378010184,-0.127806508572534,0.218,0.224,1
"GPR137B",0.455183529664478,0.120384586640421,0.062,0.055,1
"WARS2",0.455305166315809,0.333631153446406,0.083,0.063,1
"KIAA1522",0.455448265356357,-0.193631071695262,0.026,0.026,1
"CEACAM21",0.455528751172089,0.194265730773048,0.077,0.059,1
"INTS3",0.455587246331613,0.414995421728631,0.041,0.028,1
"SHMT1",0.455765414430629,0.311969938073691,0.026,0.02,1
"RRAS",0.455959877339033,-0.369189629107066,0.045,0.049,1
"ENSG00000261840",0.456075704783718,-0.527762551878185,0.016,0.02,1
"ZNF304",0.456079082194932,-0.331438577330007,0.018,0.02,1
"TRAPPC11",0.456093287143331,0.146672043512302,0.08,0.069,1
"GPN1",0.456317970084503,0.120728047891078,0.148,0.123,1
"POLR2H",0.456653981981966,-0.134044590159453,0.168,0.173,1
"ABHD15-AS1",0.456706177952654,-0.156547805191513,0.112,0.115,1
"GIMAP8",0.456837379812863,0.181418135718692,0.211,0.171,1
"APBB1",0.456871885483622,-0.134324443604372,0.36,0.364,1
"RETREG1-AS1",0.456930904229901,-0.540426035324243,0.011,0.015,1
"SLC25A23",0.456951530822343,0.640053004408507,0.027,0.019,1
"COG1",0.456976071893429,0.252319310789025,0.102,0.081,1
"ENSG00000245482",0.45709398518346,0.919451625051561,0.011,0.005,1
"FAM120B",0.457190937346478,0.150221964220454,0.237,0.199,1
"ENSG00000291299",0.45727276396405,0.461341759769034,0.032,0.022,1
"ENSG00000235078",0.457477434465917,-0.681719841431399,0.008,0.011,1
"ZNF318",0.457636079586545,0.224640749077815,0.086,0.073,1
"ACVR2B",0.45772458896444,0.532593948118865,0.02,0.014,1
"DNM3",0.457852357383863,0.248539069295938,0.023,0.019,1
"NOL9",0.457878489764385,0.235602033672943,0.132,0.109,1
"RBFA",0.458120920375029,0.134088089174007,0.096,0.083,1
"MAPRE3",0.458238744966093,0.369534590467113,0.043,0.03,1
"VWA5A",0.458267944238228,1.1258679769018,0.012,0.005,1
"MAT2A",0.458323251295344,-0.107596504814148,0.32,0.321,1
"SASH3",0.458401884610748,-0.199201965129844,0.116,0.121,1
"FUNDC1",0.458584450374743,-0.177910479875613,0.062,0.066,1
"ZNF492",0.458602739247282,-0.391737598658795,0.008,0.011,1
"PPP3CB-AS1",0.458816238111336,-0.372425383241121,0.018,0.021,1
"SELENOI",0.459033255995305,0.15529107758995,0.084,0.067,1
"OGFRL1",0.459038031346955,0.504202814108014,0.018,0.011,1
"H1-3",0.45908849147265,0.228515021361803,0.127,0.103,1
"ENSG00000288942",0.45929431626432,0.416761630582067,0.018,0.012,1
"MUL1",0.459530420564485,-0.241861912260537,0.06,0.063,1
"MNT",0.459531860803189,0.31045692029693,0.079,0.057,1
"PAPOLG",0.459853360465144,-0.124204857555834,0.143,0.145,1
"MRPS31",0.459972427740384,0.179972720873097,0.176,0.145,1
"CASP8AP2",0.460051630260698,-0.19268256510296,0.112,0.111,1
"SMG9",0.460089934323769,-0.278456906690929,0.07,0.071,1
"ENSG00000288833",0.460117060795028,0.466689555365099,0.025,0.018,1
"DENND1B",0.460166657115926,-0.150060785518625,0.113,0.108,1
"ATXN7L3-AS1",0.460305944592098,0.298021587165741,0.037,0.027,1
"HECTD2",0.460326059383286,0.329040262440465,0.015,0.009,1
"ENSG00000288983",0.460447017779967,-0.657533062609013,0.008,0.013,1
"DHRS13",0.460479693788222,-0.145658497583368,0.089,0.089,1
"COASY",0.460482544205596,-0.177596856075108,0.114,0.118,1
"SNN",0.460819392424352,-0.152122170086948,0.09,0.093,1
"ARL1",0.460905204059114,-0.174730097638219,0.105,0.11,1
"FAM135A",0.461047349265873,0.40668676148397,0.023,0.014,1
"TEX261",0.461269436854675,-0.184755364809698,0.06,0.066,1
"ABCA10",0.46183911287859,-0.355048408707128,0.01,0.013,1
"NAGPA",0.461881697240941,-0.284924441722457,0.084,0.09,1
"CEP78",0.461910492702869,-0.176980641092551,0.054,0.059,1
"EXOC3-AS1",0.461986363750019,-0.484938160445126,0.01,0.013,1
"ATF2",0.46206328824743,0.128536695826421,0.237,0.207,1
"TBXAS1",0.46207571411623,0.696234606873814,0.014,0.008,1
"SDAD1",0.462144647296038,-0.128703870799308,0.198,0.2,1
"SPPL3",0.462198691467956,0.105169559015052,0.262,0.228,1
"ABCD3",0.462300635777545,0.167105496303811,0.143,0.121,1
"ZNF234",0.462594531152533,0.433236323576099,0.036,0.025,1
"LRPAP1",0.462621447449456,-0.114809844184255,0.323,0.328,1
"EEFSEC",0.462703331170281,-0.181776253837086,0.105,0.107,1
"CORO1B",0.462745122024941,0.127202626811634,0.279,0.253,1
"RAB3GAP2",0.46276324921069,0.196608536718373,0.174,0.142,1
"MTFMT",0.463151454833387,-0.169507657454864,0.065,0.07,1
"GTF3C1",0.463269471013869,0.101826903036354,0.146,0.128,1
"KRR1",0.463733030216355,0.119002179682305,0.273,0.235,1
"ZFP64",0.464000171770916,-0.142504509129774,0.037,0.037,1
"H2BC12",0.464246898649297,-0.259044711476176,0.068,0.073,1
"TMED1",0.464405030523161,-0.138831125585265,0.04,0.042,1
"ENSG00000290070",0.464696260186662,0.559224347167965,0.014,0.009,1
"NSUN3",0.464699312304745,0.163837037962863,0.08,0.066,1
"MPP1",0.465041968461139,-0.389336628302224,0.029,0.035,1
"CYP51A1",0.46526515758658,-0.30433749256851,0.061,0.064,1
"BSCL2",0.465434004577873,-0.110528800803608,0.073,0.075,1
"ISCA1",0.465459112468381,-0.124335185327746,0.306,0.308,1
"ENSG00000255229",0.465522547828768,-0.324251198611393,0.012,0.011,1
"ZNF787",0.465746879215913,-0.265798792369707,0.117,0.125,1
"COL6A2",0.466124270020184,-0.641401643931743,0.011,0.014,1
"ERGIC1",0.466154280834129,-0.253332273920454,0.096,0.097,1
"SGSM2",0.466304795903442,-0.246967364349532,0.069,0.073,1
"DENND6A-AS1",0.466325425839758,-0.404038263730023,0.015,0.019,1
"TNFRSF10D",0.466474656433863,0.142476529485817,0.049,0.04,1
"ZNF529-AS1",0.466554054124743,0.519093002700951,0.022,0.015,1
"RASSF7",0.466605036572269,-0.242989960903116,0.132,0.135,1
"HDAC1",0.466773925487349,-0.113664235408632,0.27,0.267,1
"ARPC5L",0.46686841788652,-0.143270612734277,0.204,0.206,1
"SF3B4",0.466966887807225,-0.12360764926178,0.474,0.472,1
"DR1",0.467199790569279,-0.159744874322754,0.315,0.321,1
"TTC13",0.46756972921289,-0.258947880365548,0.052,0.057,1
"ERMAP",0.467830403038161,-0.365308089491764,0.015,0.018,1
"FAM216A",0.467957544996381,-0.448707033483326,0.029,0.034,1
"TFB1M",0.467982752540219,0.266395581190168,0.076,0.059,1
"AGL",0.468172559606102,0.442526737324727,0.049,0.034,1
"FAM185A",0.46821730439961,-0.171732947026118,0.044,0.044,1
"VIRMA-DT",0.468280428963749,-0.418771678947122,0.013,0.015,1
"PEX1",0.468453051532138,-0.336441861623087,0.072,0.076,1
"RENBP",0.468500848755227,0.575828691939648,0.017,0.011,1
"ENSG00000228037",0.468691076592385,-0.444426805288103,0.013,0.016,1
"STX18",0.468778709699924,-0.255109039068905,0.105,0.105,1
"IRAK4",0.468832375029403,-0.141323000393819,0.113,0.115,1
"RTL6",0.469122234279557,-0.13905999652034,0.022,0.022,1
"CTC-338M12.4",0.469144601591467,-0.288255525833605,0.022,0.028,1
"ENPP4",0.469170724125238,0.207842042784535,0.045,0.035,1
"SH3GL1",0.469266784332189,-0.223633324322449,0.127,0.133,1
"ALKBH8",0.46956625685457,0.340587889844637,0.048,0.035,1
"INO80C",0.469581792271076,0.248787365004708,0.102,0.081,1
"CPEB2",0.469827266943135,0.382436904642741,0.056,0.04,1
"CEP70",0.469901051019124,-0.259929507069574,0.037,0.043,1
"CKMT2-AS1",0.469939392290878,0.436579734534907,0.04,0.026,1
"RNASEH2A",0.469963999488174,0.353423459079036,0.026,0.018,1
"TTN",0.470061794215836,0.170630031289968,0.115,0.091,1
"DACH1",0.470332047997022,0.2543463015218,0.111,0.091,1
"VAT1",0.470361475143626,-0.313818995960437,0.066,0.071,1
"ENSG00000290927",0.470383283572133,-0.182980164668566,0.121,0.126,1
"ENSG00000225450",0.470578066399295,0.367951710501191,0.032,0.023,1
"ENSG00000291174",0.470629503199999,-0.287074293184411,0.018,0.018,1
"MRM1",0.470852915491219,-0.712024713343217,0.01,0.014,1
"SLC20A2",0.471170061205179,0.113251309350423,0.242,0.21,1
"TRIP4",0.471205968940476,0.150309433089134,0.077,0.064,1
"DHX38",0.471307302636092,-0.206377602433392,0.112,0.117,1
"STK10",0.47137420961485,0.151757574407614,0.271,0.233,1
"NIP7",0.471578702426734,0.119260169287881,0.164,0.142,1
"CCDC14",0.471693411913695,0.254611945855346,0.069,0.052,1
"SLC4A5",0.471884589676689,0.670699015373954,0.01,0.006,1
"TARS2",0.472089506751446,0.287652515975553,0.036,0.025,1
"WDR19",0.472432664027208,0.428542690622,0.064,0.044,1
"EPS8",0.472634309089939,-0.455167938108066,0.017,0.019,1
"SARM1",0.472913370208881,-0.368635232387596,0.026,0.029,1
"CRTAP",0.473475355755251,0.140519643952125,0.067,0.056,1
"C2orf74",0.473817300533385,-0.370812115990429,0.068,0.071,1
"DVL2",0.473854283179921,0.149002317486903,0.109,0.093,1
"TPD52",0.473864600412282,0.325045808477918,0.033,0.023,1
"TTC4",0.474320139646515,-0.222876971921262,0.075,0.08,1
"ZNF268",0.474497467295141,0.334821499537349,0.039,0.029,1
"EMC4",0.474652783389191,-0.127674907244702,0.358,0.362,1
"FNDC3B",0.474704129474184,0.165902522379682,0.113,0.098,1
"NDUFS1",0.474742579244512,0.164737959573879,0.139,0.118,1
"SENP6",0.474821409204256,0.117251623032826,0.389,0.337,1
"PAN2",0.474951576196346,0.327918381075702,0.054,0.039,1
"DCLRE1B",0.475044800578357,0.183887815991117,0.021,0.016,1
"ZNF713",0.475159549101312,0.318236891913743,0.038,0.029,1
"ZNF667",0.475205388800645,0.881334889120556,0.018,0.011,1
"ZNF526",0.475258509164891,0.459924796180838,0.033,0.022,1
"SF3B3",0.475515921821999,-0.104763339259954,0.247,0.235,1
"AHCYL2",0.475965958016505,0.266059541861637,0.106,0.081,1
"ENSG00000278002",0.475994702806504,-0.381931575865035,0.011,0.014,1
"FAM193B",0.476140142913515,-0.257569851845465,0.089,0.097,1
"MCUR1",0.476157118233139,0.16168947269481,0.091,0.074,1
"HCFC1",0.476262405198354,-0.157827030955475,0.099,0.094,1
"BORCS8",0.476274313875241,-0.121133006269439,0.085,0.082,1
"FAM13A-AS1",0.476381516590033,0.338285672782893,0.026,0.021,1
"TADA1",0.476785663272056,-0.297517151955824,0.083,0.091,1
"ZIK1",0.477329180271429,0.288479111796748,0.032,0.026,1
"ZNF45",0.477574522224493,0.186473326309633,0.062,0.048,1
"LENG9",0.477575418697578,-0.609215206961331,0.011,0.015,1
"GGCT",0.477734609544145,-0.103836226205708,0.112,0.107,1
"MTRES1",0.477912517794851,-0.242302235724824,0.063,0.067,1
"LYPLA1",0.4779514965766,-0.160361330310726,0.16,0.163,1
"TET1",0.478170822178083,0.547032633357896,0.01,0.006,1
"ZNF682",0.478188126499508,0.111553796711636,0.063,0.049,1
"ACTR3C",0.478707217107225,0.78013796534282,0.016,0.009,1
"TRMT61B",0.478744693454616,-0.160257815597945,0.107,0.109,1
"PRPF39",0.478945155418545,-0.136857779584479,0.15,0.148,1
"SLC10A3",0.478952421973928,-0.204249638362107,0.128,0.135,1
"SEPHS2",0.47915029164455,-0.137291418704188,0.218,0.219,1
"ATF7IP2",0.479193410240269,-0.219872018184182,0.224,0.231,1
"FAXDC2",0.479248774627422,0.519620332802584,0.012,0.006,1
"BRD8",0.479414130688722,0.188523238609333,0.141,0.115,1
"ANGPT2",0.479624652769508,0.539199696018367,0.016,0.011,1
"SGCB",0.479724098783924,0.447278779072039,0.017,0.014,1
"AP1S1",0.479730137460381,0.415121972849688,0.017,0.011,1
"ZNF891",0.479894369122199,0.349074905986439,0.042,0.034,1
"TMEM268",0.479965818667064,-0.289501009469644,0.034,0.039,1
"ISG15",0.480263977387589,-0.168908593120844,0.184,0.187,1
"PRORP",0.480474816874778,-0.129038428920297,0.193,0.193,1
"TEP1",0.480981969827748,-0.432323613874321,0.013,0.016,1
"IPO13",0.481015580586235,-0.201762044106663,0.04,0.043,1
"DOCK7",0.481264749344227,-0.117330860663137,0.029,0.029,1
"H4C5",0.481496107685695,0.190435701347199,0.015,0.013,1
"DYNC1LI2",0.481506618634423,0.130209076389998,0.19,0.167,1
"BOLA2",0.481832418699653,-0.155937414387127,0.086,0.087,1
"HS3ST3B1",0.481970364632882,0.22864188964795,0.044,0.033,1
"ENSG00000290968",0.482019655440523,0.204653925998585,0.082,0.063,1
"C11orf80",0.482160536821337,0.109871128634384,0.046,0.039,1
"GABBR1",0.482205623324608,-0.319394683716179,0.015,0.019,1
"EPOR",0.482380085987818,-0.345401690794825,0.02,0.02,1
"CDK5RAP2",0.482442748065057,0.203563632395311,0.097,0.076,1
"PARP6",0.482579548411649,-0.235847401239903,0.115,0.121,1
"B3GAT2",0.482627964916122,0.658433252853053,0.015,0.008,1
"EPS8L2",0.482689135290176,0.126203141990939,0.026,0.025,1
"ATP13A2",0.483082557854725,-0.178604079745763,0.066,0.064,1
"COL18A1",0.483434244598678,-0.192685004554301,0.169,0.169,1
"TMEM33",0.483545512399676,0.145586576956786,0.126,0.11,1
"TRAV6",0.483571201907245,-0.313433112730663,0.019,0.019,1
"RWDD2B",0.48362262634575,0.257243710835033,0.017,0.012,1
"RPP38",0.483695299247502,0.118782552239441,0.16,0.133,1
"ZNF408",0.483831623111791,0.182964211046369,0.058,0.048,1
"CDK14",0.484343095907453,-0.344941956828051,0.013,0.012,1
"PNPLA7",0.484349697043214,0.352514590693178,0.011,0.008,1
"CRACDL",0.484435466280144,-0.620746413136366,0.014,0.019,1
"HDGFL3",0.484445009558867,-0.179536558908368,0.108,0.11,1
"CES4A",0.484864159368449,0.423590598425779,0.012,0.008,1
"SCRN1",0.484896632617842,-0.293484897109482,0.01,0.013,1
"FAM210B",0.484956049306851,-0.293450808681695,0.035,0.04,1
"NSUN6",0.485032066210312,-0.244142567105123,0.069,0.071,1
"ZNF134",0.485269777658436,0.167199955260743,0.08,0.064,1
"ZNRD2-DT",0.485344649779375,0.157009753358162,0.034,0.03,1
"SGK3",0.485413266842276,-0.245568951606251,0.078,0.078,1
"RXRA",0.485728438707537,-0.181683497927825,0.02,0.023,1
"ESS2",0.485826526458007,-0.196341244869786,0.085,0.089,1
"TMEM94",0.486309524944185,0.254096753841718,0.03,0.022,1
"TMEM129",0.486319354055113,-0.311319856439333,0.073,0.081,1
"SLC5A3",0.486351358822288,0.222059561269798,0.221,0.18,1
"FN3KRP",0.486360210229281,-0.205016589868905,0.104,0.104,1
"TTC9",0.48637827777767,0.145264035569281,0.109,0.091,1
"WFS1",0.486508865565273,-0.788219321201634,0.006,0.011,1
"SPAG6",0.486786389064298,-0.237801819867811,0.009,0.012,1
"PPFIBP1",0.486917674838115,0.713265370783562,0.017,0.011,1
"CREB3L2",0.487015995060444,-0.5464451529927,0.012,0.014,1
"BLVRB",0.487030589788051,-0.462771925054154,0.016,0.02,1
"STARD5",0.487068864611144,-0.561159620812773,0.019,0.025,1
"SRBD1",0.48714502011942,-0.18104825305104,0.051,0.052,1
"LMF1",0.48715672122284,0.231917256144385,0.043,0.032,1
"ENSG00000279159",0.487378221009086,0.569732168317035,0.018,0.011,1
"KLF9",0.487408177703592,0.172610822274142,0.117,0.1,1
"ERN1",0.487420727135255,0.347053677830703,0.047,0.036,1
"RSKR",0.487440746754829,-0.279222478065406,0.009,0.011,1
"ZNF674-AS1",0.487664928340189,0.110749297004419,0.02,0.02,1
"C1orf56",0.487824698221496,-0.156314644321535,0.02,0.021,1
"ENSG00000276728",0.487894898448861,-0.391696219899994,0.01,0.014,1
"CLIP2",0.488463859164158,0.487731410962715,0.012,0.008,1
"TTC1",0.48877171702344,0.111116825108832,0.225,0.199,1
"PITPNM2",0.488772985501318,-0.274084777929628,0.078,0.077,1
"MAPKAPK5-AS1",0.489133682394403,-0.191375002081682,0.24,0.252,1
"UBE2Q2P13",0.489242505793069,-0.410533341352425,0.009,0.013,1
"RANBP6",0.489550050162837,-0.211577139945606,0.087,0.084,1
"SBK1",0.490193461836898,-0.124332861257522,0.107,0.103,1
"ARHGAP26",0.490387043367916,0.194064156424332,0.103,0.085,1
"ENSG00000226266",0.490405877199632,0.644803200446897,0.019,0.012,1
"IFTAP",0.490561827531927,0.284087714580601,0.015,0.009,1
"SLC11A1",0.490767186138212,0.652633870951997,0.013,0.008,1
"CHMP4B",0.490769293110179,-0.101333315127528,0.255,0.255,1
"ZNF85",0.491029586460774,-0.300906385517251,0.038,0.046,1
"LTV1",0.491056872943193,-0.224978774923772,0.121,0.126,1
"PAM",0.491349725586831,0.419326831368063,0.025,0.016,1
"AHDC1",0.491989673833464,-0.285761515294855,0.042,0.049,1
"C1orf74",0.49204561240434,0.530939132869551,0.02,0.013,1
"TFRC",0.492159624328531,0.28826136891223,0.085,0.064,1
"CBR3-AS1",0.49275022259791,0.576475150846546,0.018,0.012,1
"CYP2U1",0.492812561779962,0.265985742406593,0.035,0.027,1
"MBTPS2",0.492926801555039,0.180580822762664,0.02,0.015,1
"FAAP100",0.492942532580035,-0.355249275639375,0.035,0.037,1
"SLU7",0.493003645870889,0.124047902198455,0.224,0.189,1
"PEX13",0.493098381132504,0.151968657872064,0.11,0.089,1
"CENPE",0.493151955791534,-0.248248558879148,0.018,0.015,1
"DENND4C",0.493348546816719,-0.160482200941334,0.188,0.185,1
"RSPH3",0.493512504352636,0.694615184751932,0.011,0.007,1
"OTUD6B",0.493667362130473,0.265380058369864,0.058,0.052,1
"APOL2",0.493775645680703,0.117182134343306,0.077,0.062,1
"NCKAP1",0.49384262246555,0.666857304693639,0.013,0.007,1
"FXN",0.493936161115925,-0.177772117122923,0.096,0.102,1
"TEX2",0.494107838063099,0.173337969414141,0.042,0.033,1
"TPRKB",0.49433754860448,-0.105899131970631,0.2,0.199,1
"C17orf67",0.49449795025762,-0.371034865860109,0.026,0.027,1
"PRPSAP2",0.494589115047705,-0.159466909462506,0.108,0.114,1
"NDUFS3",0.494592587067789,0.11177884985351,0.317,0.276,1
"SOS1",0.494727815281139,0.172511566452523,0.178,0.145,1
"ADAT2",0.495059504987779,0.18769365518731,0.055,0.043,1
"MAFG",0.495280285633755,0.11787300493454,0.076,0.067,1
"RAD51B",0.495495781639207,0.20057614223944,0.097,0.082,1
"HCG27",0.495512133203865,0.162108740252774,0.019,0.013,1
"AKR1E2",0.496166892519705,0.279613083476783,0.036,0.028,1
"RDH14",0.496482413602179,-0.131639363031515,0.189,0.193,1
"CENPQ",0.496550973842335,0.178474552355163,0.031,0.028,1
"IKZF3",0.496574908341209,0.125448755683009,0.412,0.37,1
"TMEM63B",0.496989022369964,-0.154407117246211,0.069,0.074,1
"B3GLCT",0.49746303650201,-0.146737612841996,0.085,0.08,1
"ARAP1",0.497585663350844,-0.295874944723181,0.085,0.093,1
"RBBP8",0.49799572717827,-0.108561583168092,0.027,0.029,1
"NSF",0.49809796067924,-0.129229930299469,0.141,0.139,1
"LRRC28",0.498166493460687,-0.371507262220457,0.047,0.054,1
"RGPD8",0.498622767129037,0.250874715029347,0.038,0.028,1
"RPS6KA4",0.498634958808725,0.320494424249994,0.021,0.014,1
"DIS3L",0.498936418775828,0.248811809608989,0.061,0.049,1
"ENSG00000290689",0.498975531603444,0.520822016996906,0.03,0.02,1
"EIF4EBP1",0.498981049261493,0.166730517153833,0.029,0.022,1
"GTF3C2-AS2",0.499053778268262,-0.494844330876231,0.011,0.015,1
"NKAP",0.499065709909538,0.13063657472543,0.163,0.142,1
"PRKAB2",0.499071793786987,0.332210152207343,0.036,0.026,1
"MCCC2",0.499424529496563,-0.23720668476326,0.107,0.107,1
"UROS",0.499439433860586,0.167236262345452,0.084,0.064,1
"ANKRD50",0.499654165634889,0.583029051826844,0.015,0.009,1
"PUS1",0.499738474863719,-0.277691907347226,0.049,0.054,1
"PIGS",0.499848312900628,-0.119985763096057,0.095,0.09,1
"TMA16",0.49991960700812,0.401755576676172,0.052,0.039,1
"RPL34-DT",0.500088388140922,-0.366885502497643,0.021,0.019,1
"BRMS1",0.500091243944051,0.118922121365287,0.165,0.145,1
"NUDT14",0.500225145663602,0.173623505936736,0.027,0.023,1
"NUDT19",0.500249131777259,0.203630805093113,0.015,0.011,1
"LERFS",0.500482532471543,-0.325059626905568,0.013,0.014,1
"SLC36A4",0.500591911348203,-0.12643692874764,0.184,0.181,1
"SLC19A2",0.501040753648578,-0.289651311219423,0.016,0.018,1
"MRPL45",0.50109508229714,-0.149823156512401,0.144,0.143,1
"NPEPPS",0.501275388950673,0.117575328320251,0.238,0.204,1
"ADPRM",0.501596255987102,-0.193373638368798,0.134,0.142,1
"HLA-DMA",0.5016358521401,0.234002600640084,0.04,0.033,1
"SMARCD1",0.5016710019139,-0.117978158728419,0.176,0.178,1
"SDR42E2",0.501700911661795,0.688711676186553,0.012,0.007,1
"C9orf85",0.501919330931946,-0.244853916001199,0.091,0.097,1
"SPCS3-AS1",0.502181491969481,-0.23233841384049,0.021,0.023,1
"RAD54B",0.502614768009793,-0.612157188821673,0.012,0.015,1
"MYLK-AS1",0.502666594066694,-0.63322750889149,0.01,0.014,1
"RMND5B",0.502795322594883,-0.278686033295851,0.064,0.066,1
"CHPF2",0.50293312684014,-0.171834682074727,0.056,0.057,1
"SRC",0.503542004503851,0.606446349968801,0.011,0.006,1
"SOCS7",0.503554816620211,0.294671552836104,0.029,0.021,1
"IMP4",0.503828180660632,-0.207502937683959,0.24,0.249,1
"STK3",0.503864319376066,-0.264269870243186,0.038,0.043,1
"FZR1",0.504111445677318,-0.170030397453715,0.116,0.112,1
"NQO1-DT",0.504117350086284,-0.663853495669288,0.008,0.012,1
"METTL22",0.504169538020232,0.229543881964212,0.06,0.047,1
"ABCD1",0.504334792832424,-0.252666161259336,0.013,0.012,1
"GALNS",0.504682918355848,-0.457483270796761,0.013,0.016,1
"PICK1",0.50477435190532,0.192008742014832,0.045,0.033,1
"RPAP2",0.50485255601535,0.17855530047067,0.189,0.156,1
"MFN1",0.505080748455789,0.174800781016819,0.098,0.077,1
"TNFRSF10A-DT",0.50509930996571,-0.471633638753551,0.012,0.019,1
"ZDHHC14",0.505499002118863,-0.462000742459414,0.015,0.019,1
"TMEM106C",0.505553671857828,-0.198739005024179,0.068,0.071,1
"ENSG00000272501",0.505945568333784,-0.133275642685323,0.066,0.067,1
"FER",0.505984293072533,0.119960411862909,0.107,0.087,1
"ARRDC1-AS1",0.50598736679328,-0.167625526322868,0.066,0.063,1
"SLC12A9-AS1",0.506108531481686,0.50320400959495,0.014,0.008,1
"CD79A",0.50615230554762,-0.321329947381623,0.023,0.026,1
"AMIGO2",0.506183872280394,-0.261437335814677,0.039,0.039,1
"ZNF846",0.506475175414213,0.421129175086383,0.027,0.021,1
"MATCAP1",0.506644354997157,-0.619467707595034,0.007,0.011,1
"TJAP1",0.506854371358654,0.174879327951556,0.115,0.095,1
"ZNF490",0.506939820871575,0.149273567678204,0.059,0.048,1
"ZNF518A",0.507338140611804,-0.132111207273313,0.083,0.075,1
"ENSG00000277511",0.50745374165083,-0.268030578054098,0.041,0.046,1
"MTX3",0.507488998431469,-0.278370584280901,0.036,0.041,1
"ENSG00000251675",0.507528432429626,-0.580850829010003,0.012,0.015,1
"VPS35",0.507627381417707,0.165669104833238,0.292,0.246,1
"CDK20",0.507997469848199,-0.457167970569428,0.018,0.021,1
"CIDEB",0.508030417076132,-0.622201476377111,0.007,0.011,1
"BAG4",0.508061918881165,0.12372796001767,0.097,0.078,1
"SLC5A10",0.508311825050598,-0.479804440221772,0.019,0.023,1
"ARF3",0.50855245398909,-0.13508506294903,0.158,0.163,1
"RMDN1",0.508593778093708,0.152052772747354,0.069,0.053,1
"ENSG00000289620",0.508684461067055,0.124245848537088,0.024,0.018,1
"TRIM52",0.508697014769872,0.168858190952927,0.1,0.081,1
"FOS",0.508861203107248,-0.334303100092498,0.078,0.075,1
"CHTF18",0.509163566919062,-0.4059020221107,0.022,0.026,1
"GATD1-DT",0.509364269947291,0.514744348026441,0.016,0.011,1
"GTPBP2",0.509430877775213,-0.150412504515988,0.034,0.035,1
"SPEF2",0.509720856666881,-0.395687062326428,0.024,0.028,1
"COX7A2L",0.50979927226041,-0.112416224935643,0.463,0.45,1
"MACIR",0.510030659959312,-0.364138475878883,0.017,0.019,1
"VCL",0.510132658197632,-0.330843790333414,0.03,0.033,1
"ZNF225-AS1",0.51048801955479,-0.495976861492159,0.013,0.016,1
"UBAC2-AS1",0.510975641700212,-0.514742532898982,0.01,0.013,1
"CNDP2",0.510990241970153,0.151986422061592,0.13,0.109,1
"STK25",0.51111519697483,-0.259562745089738,0.094,0.103,1
"POU2F2-AS1",0.51150540461694,-0.181717213335547,0.045,0.041,1
"CD82",0.511766531500595,0.227111275854825,0.136,0.114,1
"ENSG00000291131",0.511974479160582,0.225934111708709,0.016,0.014,1
"PPP4R1",0.512034912672891,-0.247832925315224,0.062,0.064,1
"THBS3",0.51215734304191,-0.474584027025836,0.008,0.011,1
"ABL1",0.512192446700791,0.216286836131542,0.07,0.059,1
"RNF24",0.512744943478746,0.168931092046316,0.095,0.077,1
"GP1BA",0.513061397284983,0.835587141400738,0.011,0.006,1
"CCDC82",0.513122019371495,0.116980797741147,0.218,0.187,1
"TMEM64",0.513217959022624,-0.380007687540053,0.025,0.03,1
"IFIT5",0.513367211806617,-0.163520287008228,0.103,0.108,1
"METTL2A",0.513419639458498,-0.238173168815777,0.066,0.073,1
"PCSK7",0.513700257454413,0.136812669089374,0.166,0.142,1
"SPICE1",0.513717416530475,0.119217128966706,0.088,0.073,1
"ENSG00000280614",0.513822798811633,0.297790324752876,0.019,0.012,1
"EGLN3",0.513859219760005,0.54843564938399,0.01,0.006,1
"NEIL1",0.513979513446604,-0.535571389448446,0.009,0.013,1
"DTNBP1",0.514013818868545,0.18067527491321,0.163,0.131,1
"CISD1",0.514025874751209,-0.269434240164845,0.086,0.088,1
"THSD4",0.514093244370978,-0.385202963888339,0.012,0.013,1
"PHF6",0.514113640293251,0.196044392472209,0.08,0.066,1
"PRRC2B",0.514163978592487,0.104632543015939,0.333,0.288,1
"PTPRM",0.514172991307595,0.440010997760811,0.02,0.013,1
"SCRN2",0.514275751487359,-0.257283337457702,0.051,0.055,1
"PPP1R3E",0.514310837158055,0.173291078894759,0.059,0.046,1
"CA11",0.514470036394271,0.518743234200232,0.022,0.014,1
"OMD",0.514580526801448,-0.204240849820314,0.03,0.034,1
"ASTN2",0.515063808730948,0.29139012874283,0.019,0.014,1
"GMCL1",0.515404286193728,0.130321916508361,0.17,0.143,1
"SCYL1",0.516083832047673,-0.137523438312639,0.18,0.183,1
"FAM50B",0.516085566798377,0.327853273592594,0.054,0.04,1
"MICAL1",0.516138976633149,0.160905903654857,0.073,0.063,1
"TOE1",0.516227362673585,0.169665289471706,0.057,0.048,1
"PXN",0.516363070914684,0.150907347400397,0.291,0.246,1
"MACF1",0.516376375332205,0.16731992197953,0.144,0.116,1
"VPS54",0.516508365313161,0.195892236491211,0.104,0.089,1
"PITPNA-AS1",0.516559383341239,-0.16958752426538,0.116,0.116,1
"LIMK1",0.516670734820267,-0.338978498345042,0.015,0.019,1
"KAT5",0.516727495220184,0.135725235872655,0.139,0.118,1
"GBP1",0.516760237067329,-0.153850350209728,0.108,0.11,1
"LCORL",0.516780956502891,0.265378656259307,0.085,0.068,1
"ENSG00000174171",0.516943144407559,-0.231835677201376,0.029,0.03,1
"ANKLE2",0.517563739039019,0.110165356915527,0.207,0.179,1
"PLPBP",0.517642654525556,-0.116293246598346,0.112,0.116,1
"LINC00641",0.51765466032697,-0.676250356654253,0.009,0.012,1
"TTBK2",0.517666063126034,-0.273767049744924,0.084,0.096,1
"ARHGAP27",0.518000638144151,-0.326896878577742,0.072,0.077,1
"ENSG00000253607",0.518647685618339,-0.518667845176732,0.015,0.02,1
"TAF13",0.518657363405398,0.16472840265135,0.04,0.034,1
"CNOT9",0.519817189576247,-0.165121318263997,0.156,0.159,1
"RFNG",0.520021719549774,-0.116152600184184,0.055,0.057,1
"MAPK6",0.520063443664743,-0.210157542591873,0.102,0.107,1
"INO80D-AS1",0.520081804363716,0.263477868918765,0.049,0.039,1
"WDR3",0.520203982723231,0.104321109141263,0.051,0.047,1
"GSAP",0.520216175061217,0.140169124631499,0.021,0.019,1
"SLC25A53",0.520273689996839,-0.120252724253996,0.08,0.083,1
"ZCWPW1",0.520303855654701,-0.307535130257463,0.025,0.028,1
"ST20-AS1",0.520518825407754,-0.190558288436017,0.013,0.015,1
"TP53INP2",0.520533868997086,0.329798918181322,0.023,0.021,1
"UNK",0.520609197575367,0.176431513327918,0.099,0.084,1
"FAM83F",0.520685523817666,0.608960166506511,0.013,0.008,1
"C19orf47",0.520719295482095,0.2407240557791,0.032,0.025,1
"POLDIP3",0.52074338382413,0.101991811040699,0.195,0.173,1
"ZNF76",0.520762900521599,-0.199695428017776,0.076,0.076,1
"DNAJC17",0.520881477731279,-0.165388725189983,0.062,0.066,1
"DDX10",0.520944755334689,-0.15981311374499,0.138,0.135,1
"LRRC59",0.521156500899398,-0.135370383542469,0.135,0.139,1
"NARS2",0.521367802379253,0.194355248598326,0.084,0.066,1
"ACACB",0.52164512728337,0.451059340493488,0.012,0.011,1
"MEF2B",0.521818466329529,0.690321888207024,0.014,0.008,1
"ALG11",0.521899380992618,-0.176814330434942,0.088,0.093,1
"SPG11",0.521902854373188,0.171960212901537,0.092,0.071,1
"ZNF436",0.521934862250278,-0.420997011008176,0.019,0.02,1
"PTK2B",0.522151995044887,0.152474794356168,0.101,0.089,1
"ALKBH3",0.522384931709689,-0.250074555203355,0.066,0.067,1
"XXYLT1",0.522473486213172,-0.217621729031629,0.027,0.027,1
"SNAPC1",0.522544564722354,0.20294284139079,0.077,0.061,1
"MACROD1",0.522877215720811,-0.323186298928736,0.028,0.032,1
"POLR2F",0.523269956031796,-0.160023713738189,0.287,0.287,1
"ACAD10",0.523696814691185,0.241687528212024,0.016,0.014,1
"H2BC15",0.523933088055979,-0.477056099141253,0.01,0.011,1
"TMEM223",0.523980303098658,-0.154507498455554,0.226,0.225,1
"PLAUR",0.524050942378893,-0.46109020422009,0.01,0.009,1
"ENSG00000290846",0.524314521571047,0.82236659866992,0.02,0.012,1
"DNAJC9",0.524457300079592,0.140497032031867,0.2,0.176,1
"SLC35A2",0.524610769664145,0.15662772678012,0.039,0.032,1
"PIGBOS1",0.524790012169253,-0.204335741476768,0.083,0.084,1
"SSRP1",0.524958061272216,-0.128477486380119,0.217,0.22,1
"BPNT1",0.525128032620633,-0.267411870430455,0.051,0.055,1
"TMEM38B",0.525199089278015,-0.119577267356242,0.08,0.081,1
"LINC00847",0.525242015388397,0.200546897818754,0.08,0.067,1
"DNAJC4",0.525362642082775,-0.215674740025086,0.189,0.199,1
"KAT14",0.525518122292759,-0.264828930624709,0.037,0.042,1
"MSL1",0.525629051957949,0.187560400509826,0.202,0.165,1
"MAFF",0.525685788452367,-0.271532045612004,0.02,0.022,1
"DCAF4",0.525733429787336,0.372816187356703,0.03,0.021,1
"SEC22A",0.525740855885783,0.207818260204484,0.151,0.119,1
"FGFBP2",0.526000182691898,-0.1637679350774,0.031,0.034,1
"FGFBP3",0.526024401923824,0.549263898031019,0.011,0.006,1
"APOL6",0.526129724565667,0.213801199364389,0.179,0.151,1
"DUS3L",0.526139525058148,-0.14590090180853,0.143,0.15,1
"DCUN1D4",0.526365537869621,-0.493863471905639,0.041,0.048,1
"ATOSA",0.526451966146552,0.137803706209238,0.318,0.276,1
"WWP1",0.526532163391869,0.146946208392055,0.169,0.141,1
"RDH13",0.526592945389776,0.324459522980296,0.024,0.018,1
"SLFN12",0.526598480881664,0.267134048200208,0.017,0.011,1
"ENSG00000291259",0.526917250185526,-0.179415840502398,0.023,0.025,1
"SNRPA1",0.526943860574918,-0.135336005826929,0.302,0.303,1
"POP1",0.526999091148137,0.100891251609271,0.062,0.056,1
"MAPK13",0.527037234988653,-0.493362865755884,0.041,0.048,1
"ZFP3",0.527161975307579,0.46678890910321,0.023,0.016,1
"PGBD2",0.527228430975036,-0.287714788606278,0.025,0.027,1
"TMEM250",0.527513346382296,0.105870657122508,0.175,0.15,1
"MRPL35",0.527519532915367,0.108720161256412,0.077,0.068,1
"GTF2E1",0.527649296500313,-0.126129360502834,0.041,0.04,1
"IL11RA",0.527662691267594,-0.382502455238939,0.019,0.022,1
"FAM20B",0.52785693835355,-0.296962551463351,0.042,0.042,1
"COPG2",0.527890747263578,0.333538219623062,0.023,0.015,1
"MZT1",0.52806382932087,-0.125747979145964,0.183,0.19,1
"TRIB2",0.528274819924667,-0.124210273731881,0.107,0.108,1
"PMVK",0.528367575687441,-0.258808067367431,0.066,0.07,1
"DMXL2",0.528397731784122,-0.316277453035148,0.01,0.011,1
"MLH1",0.528767258056183,0.171700486048004,0.074,0.056,1
"CARM1",0.528775152255604,0.126815056523662,0.039,0.033,1
"NSUN5P1",0.528895634804034,-0.361617330940932,0.053,0.061,1
"FANCE",0.528899593941205,-0.181692162787487,0.013,0.015,1
"SLMAP",0.528935282222298,0.132451682761284,0.226,0.19,1
"PTGR3",0.529079001774274,0.22623875796805,0.043,0.039,1
"DUSP22",0.529114562535442,-0.188003838988563,0.08,0.085,1
"TGFBR1",0.529163972872494,0.11590530640739,0.086,0.074,1
"TFEB",0.529164991062383,-0.279932379258575,0.059,0.063,1
"ATP6V0E2-AS1",0.529524899413835,-0.37480232594231,0.012,0.011,1
"NSD2",0.529659227455631,-0.126089047119584,0.084,0.084,1
"BTF3L4",0.529693637523101,-0.12550968341438,0.329,0.321,1
"BCORL1",0.529783095347132,-0.325877727081108,0.014,0.016,1
"AP3B1",0.529819636788581,0.13683043721755,0.218,0.186,1
"DDX59",0.529920901384737,0.197946084816153,0.092,0.073,1
"FAM161B",0.53014884766098,0.530129960339075,0.018,0.012,1
"ADGRL1",0.530214084071386,0.162087159192619,0.045,0.037,1
"MPG",0.530294902304609,-0.205444762251091,0.139,0.142,1
"ZNF460-AS1",0.53044255959374,0.558571588501614,0.012,0.008,1
"C7orf25",0.530446394398436,0.386998486345922,0.028,0.021,1
"OVCH1-AS1",0.530456096558394,-0.112890746593695,0.014,0.013,1
"TRMT2A",0.53048880596954,-0.208770710964231,0.098,0.102,1
"HSCB",0.530540357337496,0.267907541130094,0.078,0.063,1
"TMEM168",0.530784217012896,0.178599766771809,0.097,0.082,1
"ZFPM1",0.53086164857209,-0.167527079320962,0.109,0.111,1
"ENSG00000288820",0.531109316454948,0.166507668727519,0.021,0.018,1
"UBE2Q2",0.531133218924468,-0.119712363323444,0.134,0.131,1
"ENSG00000289211",0.531314059984623,0.263921993050423,0.015,0.011,1
"ENSG00000288741",0.531430223822319,-0.209216656682327,0.01,0.012,1
"MRPL1",0.531580382571328,-0.148976336915122,0.087,0.09,1
"NOTCH2",0.531686198531484,0.190411249131363,0.119,0.101,1
"PPP1R3D",0.531745480816265,0.393916321315013,0.023,0.015,1
"WASF1",0.531780176510362,-0.981382937752364,0.009,0.014,1
"SLC25A1",0.531826702829388,-0.169114901621319,0.092,0.094,1
"SLC25A25",0.531929684285181,0.138517798192715,0.027,0.021,1
"FAM78A",0.531980606941781,0.135465222406647,0.102,0.085,1
"LIPT2",0.532075715069691,-0.186058484562064,0.032,0.034,1
"MTCH2",0.532106042300482,0.139826831949852,0.238,0.199,1
"CBY1",0.53216096902615,0.42252407318484,0.04,0.028,1
"PRRT3",0.532428066443382,0.143886233351125,0.016,0.013,1
"WDR33",0.532542456148928,-0.151602034132581,0.335,0.337,1
"COQ5",0.532788616390959,-0.346942072362159,0.039,0.042,1
"NFKBID",0.533055318585261,0.237880028757895,0.086,0.074,1
"CEP170",0.533244123570448,0.173036695547248,0.128,0.107,1
"OXT",0.53333079827911,-0.530894624316487,0.017,0.022,1
"EMC9",0.533402465192781,-0.347504856284871,0.03,0.033,1
"SNHG26",0.533776901575435,-0.340719483070215,0.024,0.026,1
"ENSG00000222043",0.534031627571274,0.895467193173642,0.01,0.007,1
"TMCO6",0.534047200645942,-0.308084607489342,0.054,0.06,1
"REPIN1",0.534058005513729,-0.151650847162932,0.119,0.124,1
"DAPP1",0.534129187921042,0.236107903860272,0.041,0.034,1
"TP53RK",0.53456988952967,-0.140590897619772,0.111,0.115,1
"ZNF239",0.534658822176199,-0.752201593704114,0.009,0.013,1
"RBBP9",0.535085183785825,0.167435629360925,0.081,0.063,1
"FAM162A",0.535283462120844,0.102006781413604,0.3,0.263,1
"BTD",0.536548608491985,0.15299111976817,0.072,0.057,1
"DSE",0.53683135203528,-0.318592954946683,0.04,0.043,1
"ZNF121",0.536863207072088,-0.28211746204806,0.089,0.093,1
"TRBV25-1",0.537009790722726,0.782838113015875,0.011,0.007,1
"RBM11",0.537113312502605,-0.443934109921194,0.009,0.013,1
"JUP",0.537489894527192,-0.599382321743533,0.011,0.015,1
"ACP5",0.537543038466794,0.340064964016668,0.048,0.036,1
"ZNF341",0.537574171010415,-0.307252321801031,0.023,0.028,1
"PIBF1",0.537750779304695,0.132960420541566,0.273,0.237,1
"MCM9",0.537792348846762,0.119738619699376,0.116,0.098,1
"GCN1",0.538107348744415,-0.169155633973554,0.092,0.094,1
"SHISA5",0.538133847921982,-0.114337236132639,0.28,0.282,1
"EXD2",0.538272571254836,-0.211312198776792,0.022,0.023,1
"NOC2L",0.538612481370965,0.119618637521923,0.197,0.177,1
"HSD17B10",0.539001978240113,-0.184495478878366,0.178,0.18,1
"STARD4-AS1",0.53909946480997,0.198929470080039,0.032,0.027,1
"SCARB2",0.539127780861125,0.164280269812925,0.063,0.05,1
"ITFG2-AS1",0.5393214759173,0.293033436008615,0.032,0.027,1
"ENSG00000277969",0.539390569493895,-0.623062280187173,0.009,0.012,1
"USP45",0.539405301604121,-0.184723285664944,0.047,0.044,1
"SHLD3",0.539546648580693,-0.201820818092979,0.034,0.033,1
"SPRING1",0.539815530248913,-0.180050889103588,0.065,0.07,1
"LINC01891",0.540058544268341,0.128264837730986,0.15,0.133,1
"ICOSLG",0.540330410173145,-0.401179243231059,0.015,0.019,1
"CCAR2",0.540466911748125,0.115926593259756,0.189,0.164,1
"MAPK3",0.540705884491021,-0.255622594256201,0.056,0.062,1
"FAM149B1",0.540840924306781,0.272888904309641,0.029,0.02,1
"ZNF248",0.540923463412429,0.116562627419786,0.033,0.027,1
"CCNI2",0.541101044688356,0.56131083099044,0.017,0.011,1
"NUDCD3",0.541248286615629,0.118065104086277,0.117,0.095,1
"ANKIB1",0.54221275360083,0.209100015789395,0.178,0.148,1
"SAMD9",0.542286713100434,-0.154156962540198,0.153,0.155,1
"TRBV6-4",0.542394578754168,-0.502517275514486,0.008,0.012,1
"ENSG00000230325",0.542666118637969,-0.665778872912712,0.011,0.013,1
"ARMCX1",0.543134920574813,-0.11529465132396,0.009,0.011,1
"LINC02762",0.543159705570286,0.555453363201022,0.015,0.009,1
"VPS37C",0.543326538328933,0.355013340787116,0.029,0.021,1
"ENSG00000284734",0.543377055597683,-0.392464040782483,0.023,0.028,1
"ENSG00000249492",0.543556420289764,0.20159962845481,0.026,0.018,1
"CCHCR1",0.543621853472288,-0.374510731258899,0.018,0.021,1
"MAP4K3",0.543842355609676,0.234073151499472,0.087,0.071,1
"P2RX5",0.544290336495175,0.519750517584143,0.012,0.008,1
"SMG6",0.544324874430366,0.145985490086254,0.14,0.114,1
"CEP250-AS1",0.544445144068713,-0.202406310141445,0.031,0.032,1
"ZNF335",0.544743878934259,0.133435963557908,0.126,0.107,1
"KXD1",0.544764147747382,-0.133667206045915,0.156,0.153,1
"TIPARP",0.54486475053067,0.218719039079879,0.117,0.1,1
"KDM2B",0.545307695767978,0.177936177658362,0.158,0.138,1
"ANAPC4",0.545358951606679,0.230026567756843,0.081,0.063,1
"DCTN1",0.545655003125483,-0.158624890752621,0.127,0.122,1
"ZCCHC2",0.545661515643186,0.19515672921953,0.074,0.062,1
"CLN5",0.545679478091305,0.155788203191373,0.132,0.109,1
"ZNF654",0.545907827869211,0.116947185068712,0.13,0.105,1
"NDUFAF1",0.545989016044901,-0.132829248887964,0.041,0.04,1
"OPA3",0.546013421305202,0.259907215495038,0.054,0.043,1
"ZNF621",0.546020845453115,0.448881301939827,0.026,0.019,1
"DAG1",0.546304548500928,-0.312675318768496,0.035,0.039,1
"RNASEL",0.546488310192832,0.381277339717223,0.03,0.022,1
"IPO9",0.546678476513384,-0.108743461679841,0.137,0.135,1
"EXT1",0.546824618973902,0.177294433058714,0.096,0.078,1
"FAM222A",0.546973841339893,-0.515914973476455,0.024,0.03,1
"TATDN3",0.547057595523077,0.291701654633666,0.05,0.039,1
"SASS6",0.547060538564703,0.108167313212529,0.036,0.03,1
"TM2D2",0.547879110952589,-0.129794548180154,0.064,0.068,1
"CHMP1B",0.547893035806198,-0.111363767963367,0.171,0.174,1
"LINC00957",0.547994369316373,0.318123015458288,0.022,0.015,1
"GORAB",0.548106568206711,-0.201629985894648,0.035,0.039,1
"ENSG00000281181",0.54824758592882,-0.199729250681451,0.039,0.041,1
"PGAM5",0.548324989876159,0.172719250369585,0.073,0.059,1
"RNF122",0.548543401230633,-0.610536046231577,0.014,0.019,1
"PIP4K2B",0.548768569538352,-0.245256678335218,0.028,0.029,1
"LINC00662",0.549113264011723,0.213908861730116,0.069,0.054,1
"CD44-AS1",0.549162555337585,0.477823004055441,0.021,0.013,1
"LRATD2",0.549228435601598,-0.262398977073778,0.018,0.021,1
"CCNE1",0.549327871018048,-0.372871000324093,0.03,0.035,1
"ZNF671",0.549415152969592,-0.385047269282532,0.042,0.044,1
"SQLE",0.549448894887462,-0.279719933681206,0.095,0.103,1
"ARHGEF6",0.549492302985296,0.203314975096237,0.135,0.11,1
"ENSG00000289938",0.549715294093528,-0.42126527235073,0.01,0.013,1
"ENSG00000232754",0.549958683118653,-0.687049155460877,0.009,0.013,1
"UBAP2",0.550315819858599,0.101843178831906,0.145,0.122,1
"HLA-L",0.550619043831103,-0.421054577192768,0.012,0.016,1
"DZANK1",0.55065994768788,-0.203177339114384,0.011,0.013,1
"FLYWCH2",0.550849009109017,0.159038244962403,0.133,0.111,1
"MSANTD7",0.550912158215026,-0.273157438022386,0.037,0.043,1
"AP4S1",0.55115420195768,0.179929531408407,0.054,0.042,1
"ANKRD33B",0.551403352055292,-0.514436808360418,0.008,0.012,1
"ENSG00000291178",0.551458091122307,-0.196038579473352,0.093,0.095,1
"ENSG00000287042",0.551787186714658,0.38246234150338,0.015,0.012,1
"SEMA6A-AS1",0.552164705236938,-0.37355503208367,0.011,0.014,1
"ADCY9",0.552536440057021,-0.58129599524836,0.013,0.018,1
"DNAJB12",0.553195056614486,-0.107737372841518,0.164,0.162,1
"WDR44",0.553200722764891,-0.20557161482017,0.082,0.084,1
"CCNB1IP1",0.55328730439132,-0.146012708275181,0.088,0.091,1
"ZNF135",0.553422670006454,0.182502028525493,0.011,0.009,1
"ENSG00000275964",0.553664721573046,-0.418344230806972,0.012,0.013,1
"RUNDC1",0.553681336804966,0.106089772160598,0.042,0.037,1
"ARSB",0.553724537933436,0.417527602031854,0.019,0.012,1
"NPM3",0.553958058415082,-0.226941699449322,0.065,0.07,1
"EFCAB13",0.554047036879525,-0.461904120771139,0.021,0.026,1
"NCDN",0.554058166981454,0.290914553628971,0.032,0.023,1
"CHCHD6",0.554421568129043,0.252942535036686,0.061,0.044,1
"IFT43",0.554683236797907,-0.118003215056665,0.088,0.089,1
"CRTC1",0.555056361038331,0.13505091603427,0.073,0.057,1
"PITRM1",0.555253045859181,0.131381523645893,0.092,0.076,1
"ENSG00000226647",0.555465883276854,0.415296517203152,0.034,0.023,1
"CACNA1D",0.555618860213206,-0.67077164141017,0.008,0.012,1
"TRBV5-1",0.555783135633511,-0.261263619980194,0.082,0.083,1
"FAM114A2",0.5558884073549,0.272736276650756,0.046,0.033,1
"NSMCE1-DT",0.555995192001943,0.529301514533593,0.01,0.007,1
"TTC8",0.556036528144085,0.444251030425977,0.01,0.007,1
"NCKIPSD",0.556112209814647,-0.530639577127604,0.022,0.027,1
"RASGRP2",0.556136153022927,-0.120572614592714,0.593,0.588,1
"H3C4",0.556216332584833,0.266912850866214,0.059,0.046,1
"TRNAU1AP",0.556261692240678,-0.104374704409317,0.158,0.162,1
"SERINC3",0.556269051588786,0.124868992393435,0.437,0.382,1
"CYTH3",0.556422692744661,0.332049897852599,0.026,0.02,1
"SRCAP",0.556517420812321,-0.108571182749549,0.163,0.159,1
"GAN",0.556627574091963,-0.256440601460581,0.044,0.05,1
"NUS1",0.556756185187112,-0.164958645040717,0.139,0.144,1
"TMEM140",0.557273717113567,-0.142773595146642,0.058,0.062,1
"DDX28",0.557618267331824,0.193616547273353,0.092,0.075,1
"HIVEP3",0.557875487136604,-0.117268310987205,0.126,0.128,1
"LAMTOR5-AS1",0.557904574918076,-0.482453745305824,0.011,0.015,1
"PARP16",0.558002322362229,0.181474622860179,0.078,0.064,1
"ATG4A",0.558208715654883,0.179950887394006,0.055,0.048,1
"TEX30",0.558618783192887,-0.260219451182226,0.088,0.094,1
"ALG6",0.558761549077168,0.148425744483648,0.056,0.046,1
"SGSM3",0.558854289633605,-0.14951691934291,0.118,0.126,1
"APOOL",0.559007121739772,0.383998264744648,0.054,0.039,1
"ENSG00000291113",0.55903760588519,-0.290096921906322,0.073,0.075,1
"LINC00624",0.559198881069733,0.447878759005324,0.03,0.021,1
"GIPC1",0.559258009827884,-0.272084735577528,0.071,0.078,1
"RBM15-AS1",0.559278373020776,0.311265714385844,0.014,0.012,1
"ENSG00000267283",0.559397646592393,-0.398670810455391,0.014,0.016,1
"ACSM3",0.559580359659332,0.571644802197969,0.015,0.009,1
"PLXNA1",0.560057032327303,0.400993284772247,0.016,0.011,1
"ENSG00000291015",0.560072411926937,0.121284289133418,0.027,0.022,1
"SLC38A6",0.560223812343122,-0.416048597385859,0.046,0.053,1
"TRAV39",0.560389224650305,-0.436529875805847,0.018,0.023,1
"CD99",0.560413762110172,-0.103984730670299,0.378,0.371,1
"PSMG1",0.560504818433305,-0.210939145803663,0.065,0.07,1
"VPS33B",0.56056111776671,0.213870985100968,0.035,0.028,1
"RCC1L",0.56094039558856,-0.183999643426303,0.069,0.069,1
"CHTF8",0.561046502094523,-0.124238391127269,0.094,0.096,1
"NBR2",0.561166233363803,0.278943988138238,0.024,0.018,1
"AARS2",0.561274902512592,-0.370972473671786,0.029,0.03,1
"PSENEN",0.561705315823553,-0.146152676483434,0.19,0.194,1
"WDCP",0.562005470051387,0.380637009180322,0.028,0.021,1
"MED7",0.562169751211038,-0.196984219477714,0.086,0.09,1
"ENSG00000287387",0.562307582382175,-0.429006215083402,0.027,0.03,1
"EIF2D",0.562322153495975,0.132613212989245,0.185,0.156,1
"NENF",0.562439956896351,-0.140039913728518,0.251,0.254,1
"VGLL4",0.562460360388661,0.117942702481078,0.146,0.123,1
"ADA2",0.562462325931433,0.221396838484635,0.092,0.073,1
"ZNF839",0.562485127535875,0.256719762790372,0.026,0.019,1
"SMCR8",0.563071362432323,0.312638145906158,0.05,0.037,1
"MGST3",0.563568524232115,0.108560763718021,0.208,0.178,1
"SAMD4B",0.563668097426354,-0.117153570897335,0.115,0.118,1
"MRPS30",0.563977665714818,-0.10805853046126,0.172,0.171,1
"YTHDF3-DT",0.56408005564114,0.43569674664434,0.01,0.007,1
"ENSG00000282917",0.564144825073532,-0.42350084664048,0.016,0.018,1
"ZNF717",0.564170102262137,0.504822464981767,0.017,0.012,1
"TMEM87B",0.564229547671737,0.21596928973669,0.068,0.055,1
"ARL4D",0.564322343365326,0.534109840084006,0.011,0.007,1
"KHK",0.564418803310016,0.160277123347853,0.011,0.008,1
"MPZL3",0.564451406938167,0.192576863061335,0.117,0.094,1
"VILL",0.56446565022736,-0.138014856231066,0.021,0.022,1
"BCKDHB",0.564640737614787,0.267455375321413,0.06,0.046,1
"GRAPL",0.564677873521691,0.174991719748798,0.068,0.054,1
"ENSG00000288044",0.564755038176155,-0.130278566829136,0.023,0.025,1
"UBE3C",0.564976938471694,0.154872001619041,0.17,0.146,1
"HDAC4-AS1",0.565130646257278,0.203323201053812,0.019,0.016,1
"FANCA",0.565144971223023,0.505772945259804,0.024,0.014,1
"DOCK8-AS2",0.565198343713729,0.585839066186796,0.01,0.006,1
"NPIPA9",0.565217222163283,-0.51995216061327,0.01,0.014,1
"MYL11",0.565480628264487,-0.548943108244094,0.01,0.013,1
"C2orf49-DT",0.565526264439734,0.299723125754062,0.026,0.019,1
"ABHD16A",0.565660503401293,-0.154594923238804,0.164,0.16,1
"ZBED5-AS1",0.565712660127253,-0.426035750482741,0.018,0.02,1
"ITPRID2",0.565941785324005,0.201471624953693,0.063,0.05,1
"MSANTD3",0.565967475056246,0.292448293476865,0.043,0.032,1
"SPON1",0.566009017802649,0.349770003795742,0.085,0.063,1
"UBE2D4",0.566066783011959,-0.216773492064489,0.07,0.074,1
"PRICKLE3",0.566271707843499,-0.346701309030026,0.024,0.028,1
"ELMO3",0.566298200669268,-0.715593138239469,0.01,0.014,1
"ZC3H12A-DT",0.566474305494586,-0.270163930275321,0.015,0.018,1
"APH1B",0.56660393119816,-0.387963560106594,0.039,0.042,1
"ENSG00000227627",0.566713261890987,0.385628651036835,0.021,0.014,1
"ENSG00000286264",0.566736423292559,-0.321627206332683,0.031,0.033,1
"FBXL17",0.566763452885463,0.147453381861073,0.21,0.177,1
"CARS2",0.566993320678739,-0.18790152498399,0.08,0.081,1
"CEP72",0.567031733491966,0.397558804876423,0.022,0.015,1
"CAPRIN1",0.567331845082005,-0.13170715005456,0.303,0.297,1
"RASGRF2",0.567334583212786,-0.186232580812921,0.059,0.061,1
"BISPR",0.567418228169745,-0.270093563440281,0.018,0.019,1
"TIMM23B",0.567609929592036,0.10841851299645,0.112,0.1,1
"PRKAB1",0.567637667472554,-0.273678188091072,0.065,0.07,1
"MYH11",0.567838850713112,0.635856753095088,0.015,0.008,1
"ZNF267",0.567941049479967,0.174497396699642,0.254,0.218,1
"SP2-DT",0.568006667555414,0.458182372813796,0.028,0.02,1
"RABEP2",0.568090439527364,0.115246175672829,0.073,0.066,1
"NDST2",0.568092442786093,-0.150275792314936,0.138,0.137,1
"B9D2",0.568382871669919,-0.286352885026715,0.089,0.098,1
"DHCR7",0.568404466268074,0.273033183514004,0.052,0.039,1
"GRPEL2",0.568796800081885,0.209870770337031,0.065,0.052,1
"EFL1",0.568805460287377,-0.214423242901354,0.107,0.108,1
"ENSG00000273149",0.568942323677294,0.144684575413026,0.058,0.05,1
"APOM",0.568945653092472,-0.487208999264145,0.015,0.019,1
"KLHDC2",0.569080761026982,-0.123021188669338,0.305,0.309,1
"TRAV24",0.569418761215988,-0.470011551321655,0.01,0.012,1
"ENSG00000262211",0.569580906048859,0.353179939802726,0.012,0.009,1
"GTF2I-AS1",0.569705017489536,0.372584436537192,0.04,0.028,1
"CAPS",0.570113908216754,0.534136086724398,0.01,0.007,1
"ADGRF3",0.570122751722342,0.424087631348597,0.01,0.007,1
"NME6",0.570140078598494,0.111499737188533,0.056,0.043,1
"FICD",0.570357513330283,-0.33452497974497,0.017,0.019,1
"NUP153",0.570492718216111,0.220235547688449,0.216,0.179,1
"ENSG00000273118",0.570534111765244,-0.324426293361411,0.024,0.029,1
"GLUD1P3",0.570731032831673,-0.182212436801941,0.05,0.048,1
"FRG1",0.570749115244669,-0.149681801041754,0.195,0.198,1
"ENSG00000290784",0.570785239214117,0.217368322236015,0.035,0.028,1
"RIMKLB",0.571084501722621,0.2528594665877,0.047,0.041,1
"NIBAN1",0.571257783318761,-0.208323668465031,0.016,0.019,1
"CABIN1",0.571289164475823,0.224908427682128,0.144,0.116,1
"SCAPER",0.57133560134641,0.156934863934864,0.153,0.129,1
"FOXO3B",0.571393881694717,0.506938264729087,0.028,0.019,1
"CCDC138",0.571502917949047,0.104368490045557,0.074,0.061,1
"DPH1",0.571699795651411,-0.128907804537827,0.199,0.19,1
"ENSG00000275807",0.571808779490729,-0.489040158175372,0.017,0.019,1
"ENSG00000291003",0.571836998386799,-0.291687210800919,0.015,0.016,1
"RNF123",0.571882886625561,-0.355429382557419,0.016,0.019,1
"PERP",0.571951731732251,-0.391380677279849,0.014,0.018,1
"ZNF436-AS1",0.572094919686436,-0.643492442406894,0.008,0.011,1
"MARCHF2",0.572162672751338,0.176713954137509,0.06,0.05,1
"TCAF1",0.572336860219114,0.399634898609435,0.027,0.019,1
"ZNF700",0.57257008732066,0.171798394850944,0.035,0.028,1
"SYNRG",0.572765077205859,0.134990354525497,0.229,0.197,1
"VSIR",0.572889987454409,-0.198340543468401,0.085,0.082,1
"CDAN1",0.572899613456263,0.106285934763446,0.038,0.032,1
"TRAV26-2",0.573009099182296,-0.42323892098889,0.023,0.027,1
"INTS8",0.573076546732077,0.13488073910075,0.126,0.107,1
"TYMP",0.573083312668529,0.150315977324099,0.053,0.042,1
"POLK",0.573085451738549,0.157172711717176,0.15,0.129,1
"CEP57L1",0.573129283070716,0.365165776755955,0.023,0.015,1
"C2orf92",0.573131473377213,-0.37050718708625,0.008,0.011,1
"RGL2",0.573267716841544,-0.535495529770175,0.018,0.022,1
"GTF2H2",0.573335986041491,0.115665825711805,0.04,0.035,1
"ANKRD42-DT",0.573444412726675,-0.202818798101525,0.037,0.042,1
"ENSG00000287957",0.573469792348034,0.479608077158025,0.016,0.009,1
"MFSD13A",0.573537127642288,-0.23306100102027,0.014,0.015,1
"EFR3A",0.573625360790057,0.106916327879858,0.25,0.22,1
"DFFB",0.573684146801304,0.469694535343399,0.026,0.018,1
"ENSG00000291060",0.573781086739528,0.131737034806853,0.053,0.048,1
"CCDC61",0.574079509149419,0.26081673378361,0.018,0.012,1
"MIR302CHG",0.574175687689981,-0.631809715228921,0.007,0.011,1
"ENSG00000291283",0.574239674330977,0.431338640894082,0.024,0.015,1
"LMNTD2",0.574428697401594,0.421259363781664,0.017,0.012,1
"AMER1",0.574832179040978,0.497652268236051,0.014,0.008,1
"SIRT4",0.57513771814871,0.691194599073974,0.018,0.012,1
"ENSG00000269968",0.575313066328951,-0.429091755999736,0.011,0.013,1
"ENSG00000241525",0.575339786526107,-0.526071060985056,0.011,0.014,1
"ZC3H10",0.57539887627206,0.539664536259045,0.023,0.015,1
"MPHOSPH10",0.575586949924922,-0.148948921633927,0.225,0.224,1
"PRKACB-DT",0.575625267663805,-0.808479358029381,0.007,0.012,1
"SWI5",0.5757914145144,0.213762017186022,0.067,0.053,1
"LINC01409",0.576155200763113,-0.425470224421669,0.034,0.04,1
"FAM168B",0.576241886276151,0.112132530828437,0.116,0.104,1
"DDX31",0.576733878552059,0.304935772058136,0.081,0.062,1
"ZDHHC5",0.576791833749418,0.141002869096908,0.121,0.102,1
"GSE1",0.576873201740988,0.463852797562397,0.032,0.022,1
"ZNF460",0.577048854546681,-0.178169660395928,0.13,0.126,1
"TOR3A",0.577363827054378,-0.148181047018541,0.067,0.068,1
"XRCC3",0.577636405344601,-0.567806709605731,0.013,0.018,1
"GRPEL1",0.578062442967656,-0.102611469417673,0.18,0.181,1
"NFKBIZ",0.578222585501445,-0.156371427624498,0.278,0.28,1
"ZNF514",0.578233907116043,-0.116151423285349,0.035,0.036,1
"DNAJC27-AS1",0.578334736603607,-0.553572338195636,0.009,0.012,1
"ENSG00000280195",0.578574838120448,0.432832132511978,0.014,0.008,1
"ZNF195",0.579062253322139,-0.227981204681239,0.106,0.109,1
"MCM3",0.579071651813158,-0.155346566957446,0.149,0.149,1
"FAM98B",0.579270274405969,0.16280509612354,0.092,0.074,1
"POLR3D",0.579420141315066,-0.215048855626302,0.064,0.064,1
"MRPL45P2",0.579520889487281,-0.212148016817383,0.067,0.068,1
"PYCARD",0.579585576837172,-0.306481993272857,0.038,0.042,1
"SV2A",0.579669229196007,0.841595188548603,0.012,0.007,1
"LIPT2-AS1",0.579726192663032,-0.479044910893948,0.014,0.016,1
"BOD1",0.579727088356732,0.103237169472388,0.158,0.139,1
"ATPAF2",0.579935147838561,-0.298356719747379,0.044,0.049,1
"CHST14",0.580178997945289,0.282444638586217,0.028,0.021,1
"C2",0.580181462999835,0.547756828215701,0.012,0.008,1
"BMF",0.58033240360856,0.218253487581501,0.047,0.039,1
"RIPK2",0.580374152893354,-0.381974332453497,0.013,0.016,1
"ENSG00000289469",0.580676022631057,0.752644534830995,0.012,0.007,1
"LINC01145",0.580904012826757,0.145659478053164,0.139,0.115,1
"PTK7",0.581009352459256,-0.236044575130045,0.019,0.023,1
"ENSG00000262039",0.581239888202131,0.731097571240142,0.012,0.007,1
"PLIN2",0.581473302559639,0.174976917947966,0.171,0.139,1
"FHIP1B",0.581474409831857,-0.257475193332998,0.078,0.083,1
"CLASP1",0.582021898149011,0.148633318732992,0.187,0.157,1
"ZNF584",0.582362514355373,-0.277119112380519,0.039,0.04,1
"PGM1",0.583028099419988,-0.134415790029557,0.059,0.06,1
"SOAT1",0.583168650876515,-0.209192854267082,0.103,0.107,1
"CNIH3",0.583334718320491,0.552124886373126,0.012,0.007,1
"C2CD5-AS1",0.5836519272083,-0.235440026094449,0.029,0.033,1
"TLE2",0.583784295510251,-0.335597396273331,0.042,0.049,1
"ENSG00000289406",0.583797789312496,-0.132548452515474,0.028,0.029,1
"API5",0.58380112784685,0.128828095576838,0.326,0.281,1
"MRPL38",0.583985798805639,-0.138759027445785,0.271,0.268,1
"ENSG00000277369",0.58410334563271,-0.247093279266106,0.015,0.018,1
"CLN3",0.584438701219305,0.118112710153984,0.111,0.091,1
"C11orf98",0.584504021094631,-0.103954456309854,0.263,0.261,1
"FHIP2A",0.584613694003752,-0.14173936671042,0.095,0.093,1
"ENSG00000214719",0.585016505506061,0.247181030112659,0.035,0.029,1
"OASL",0.585108146341266,1.00123815847249,0.013,0.008,1
"ENSG00000259375",0.585309349207719,-0.558299905975741,0.009,0.011,1
"CLSTN1",0.585333633837486,-0.168728605174194,0.096,0.097,1
"ZBTB4",0.585378329553839,-0.179681003312353,0.125,0.125,1
"CHID1",0.58580204542324,-0.169481275037286,0.048,0.047,1
"SNRK-AS1",0.585848007888595,0.275636563331624,0.069,0.052,1
"GYS1",0.586018988734165,0.331430463718532,0.03,0.022,1
"DUSP14",0.586089298419814,0.154335493202219,0.095,0.081,1
"NCBP1",0.586610623778808,-0.173080183766955,0.128,0.13,1
"ALDH5A1",0.586628675416022,0.17525193225789,0.031,0.025,1
"BTBD19",0.58665618363775,0.400622991626619,0.016,0.012,1
"ENSG00000251652",0.586673986203392,0.391950990188985,0.012,0.008,1
"TBCE",0.586742243772599,0.116205416987035,0.035,0.032,1
"SNX27",0.586802118944661,0.199088892425783,0.131,0.11,1
"SEMA4F",0.586895852195413,0.515398337506139,0.01,0.006,1
"EMC1-AS1",0.587286120817617,0.333532305342329,0.029,0.022,1
"TMEM263-DT",0.587528551202821,0.400031065739057,0.013,0.009,1
"RAB33B",0.587616267126465,0.141227942349003,0.085,0.069,1
"ENSG00000241073",0.588067918243947,-0.153753765411658,0.016,0.016,1
"TAFAZZIN",0.588142464900135,-0.122642520674378,0.113,0.11,1
"ENSG00000288904",0.588346525773247,0.229881163754707,0.024,0.018,1
"ENSG00000286128",0.588372303052224,-0.621862133759332,0.011,0.013,1
"ENSG00000237356",0.588472044048141,0.266826810742026,0.01,0.008,1
"ENSG00000288899",0.588542141454373,0.410238765404568,0.01,0.006,1
"GNB1L",0.588585797771952,0.307375413935647,0.053,0.04,1
"PABPC1L",0.588613726992084,0.305977245039088,0.023,0.016,1
"FBXO46",0.588888524392524,-0.279853601568639,0.079,0.082,1
"CLSTN3",0.58888964890106,0.285051120546698,0.016,0.012,1
"ARFIP2",0.588889788824361,-0.120119771534694,0.141,0.143,1
"NOLC1",0.589024833827657,0.104203410777579,0.263,0.226,1
"TRIM66",0.589456035651958,0.529926475317741,0.022,0.014,1
"RASGRP3",0.589567709761278,-0.140909132980306,0.027,0.027,1
"ENSG00000258561",0.589600891628377,0.380054683450123,0.01,0.006,1
"TICAM1",0.589602950648615,0.145489889661041,0.141,0.118,1
"ORC2",0.589661303014729,0.177636688836218,0.138,0.116,1
"PRPF4",0.589765807711792,0.176823562540191,0.132,0.107,1
"ATAD3A",0.589788721906052,-0.179691954584647,0.047,0.052,1
"GGA2",0.590049399548218,-0.141163583747072,0.084,0.085,1
"HGH1",0.590126060417594,-0.233432447062052,0.036,0.04,1
"DALRD3",0.590712056594911,-0.142212032247245,0.075,0.076,1
"ENSG00000286803",0.59100550503879,0.293109035037832,0.016,0.012,1
"PRDM10",0.591129825213079,-0.270206311895887,0.064,0.069,1
"ENTPD5",0.591393544012536,-0.557804989275565,0.013,0.014,1
"BCL6",0.591491696934227,-0.198406306059698,0.112,0.118,1
"UFSP1",0.591988635276756,0.798165763143357,0.012,0.007,1
"CNTN5",0.592392169828972,0.619638336220293,0.015,0.011,1
"FLJ40194",0.592865311062278,0.579101875234389,0.011,0.007,1
"ACAT1",0.592965220359887,-0.212562880972149,0.058,0.062,1
"ENSG00000288856",0.593139761617772,0.560868653598617,0.013,0.008,1
"SLC29A2",0.593402343985311,0.324571511348407,0.016,0.012,1
"MED9",0.593581896296158,-0.257936879315891,0.07,0.074,1
"EOLA1-DT",0.593763516947198,-0.561480794365539,0.013,0.016,1
"TOP3B",0.593822575170369,0.231793676815349,0.045,0.032,1
"SUV39H2-DT",0.593981648205923,-0.129034687600196,0.013,0.011,1
"HARBI1",0.593995653408995,0.314483622245804,0.013,0.011,1
"ENSG00000227486",0.594095790717627,0.459973289860983,0.025,0.02,1
"NAA15",0.594165810625543,0.150246400213686,0.185,0.158,1
"ENSG00000272106",0.594416564321687,-0.256804838049331,0.031,0.034,1
"HMGCR",0.594768004996135,0.207957673149913,0.066,0.053,1
"NDRG2",0.594793517403856,0.264074116556933,0.025,0.02,1
"C11orf65",0.59516080440313,0.413649956642073,0.037,0.025,1
"BOLA2B",0.595200513877723,0.321638688610382,0.026,0.021,1
"PEX14",0.595392020033232,0.210191218466114,0.132,0.108,1
"ENSG00000234961",0.59550097411241,0.374442845487532,0.141,0.111,1
"KLC2",0.595536574471867,-0.150249552899573,0.08,0.085,1
"SGSH",0.595697668421325,0.146219344088362,0.069,0.052,1
"FOXK1",0.595750455876385,0.153719375804347,0.228,0.197,1
"IDNK",0.5960690263627,-0.255885689723206,0.021,0.023,1
"PTTG1",0.596144824384921,0.298397762322894,0.035,0.028,1
"ERLEC1",0.596231493692861,0.116818148507196,0.228,0.193,1
"FAM193A",0.596460444805238,0.225865459639303,0.16,0.133,1
"KCTD2",0.596465555715712,-0.197728660125537,0.05,0.046,1
"TBC1D14",0.596594714111122,-0.107483728069294,0.101,0.1,1
"TRMT5",0.596789689463162,-0.226870156882991,0.022,0.023,1
"UBE2O",0.597245575433679,0.132619756400863,0.148,0.123,1
"CHAF1B",0.597814483334307,-0.337872921318365,0.013,0.015,1
"SNED1-AS1",0.598098159711021,0.424910727961973,0.034,0.025,1
"CUL9",0.598297556870376,-0.133089718658221,0.05,0.05,1
"C14orf39",0.598309500551249,0.42239532317992,0.018,0.012,1
"PUSL1",0.598802558735921,0.168608307474236,0.076,0.063,1
"CYLD-AS1",0.599028143116045,0.39877276655087,0.023,0.016,1
"CENPO",0.5990443917039,-0.183256573332447,0.01,0.012,1
"FAM219B",0.599169943125287,-0.241641646203496,0.036,0.039,1
"SMC2",0.599503007867795,0.191169382202858,0.06,0.047,1
"PCGF1",0.5995052195685,0.126125632659832,0.074,0.062,1
"SDHAF2",0.599511508446182,-0.136572663590968,0.328,0.322,1
"DCAF11",0.599612530790376,-0.118235278080991,0.189,0.186,1
"ZDHHC6",0.600201219900601,0.129372119785393,0.176,0.151,1
"CNPY4",0.600222799334858,-0.183408855368453,0.069,0.068,1
"ACER3",0.600238440255587,0.163514585670999,0.069,0.059,1
"TRBJ2-3",0.600356552551691,-0.545852044326202,0.011,0.014,1
"ADK",0.600463738868131,0.169434608799016,0.323,0.273,1
"SRRD",0.601345722103365,-0.270486567394376,0.06,0.062,1
"SLC49A4",0.601560005591413,0.219785680853636,0.091,0.073,1
"ZNF33B",0.601593329634723,-0.120462722840577,0.147,0.15,1
"LINC03076",0.601866551907349,0.220271138818553,0.058,0.048,1
"PHLPP2",0.60201670754579,0.305233506798279,0.051,0.037,1
"MRPS31P5",0.602053400247812,0.213194185124597,0.028,0.025,1
"ARRDC3-AS1",0.602211099787964,0.441827589191782,0.012,0.008,1
"ENSG00000275202",0.60222183942884,-0.160322337429137,0.014,0.016,1
"TRBV6-2",0.602645501512941,-0.221377330811185,0.022,0.028,1
"JRK",0.602681863805503,0.343174381776049,0.022,0.015,1
"NFATC3",0.602758197202419,0.104767371029707,0.206,0.183,1
"NOL12",0.602849649754703,-0.226591778590527,0.133,0.141,1
"CWC27",0.603276868677394,0.138378514200482,0.15,0.131,1
"CLUH",0.603415642312802,-0.141270413892131,0.039,0.041,1
"SESN3",0.603526717924848,0.155331289904635,0.182,0.159,1
"LRRC37A3",0.603592824337136,-0.281786471186875,0.065,0.07,1
"ZBTB40",0.603690796786578,-0.121137772998163,0.061,0.063,1
"SPACA9",0.604061070311482,-0.364270172484788,0.009,0.011,1
"ENSG00000242798",0.604143157334258,-0.384496195588806,0.016,0.018,1
"ENSG00000264895",0.604370930300394,0.574825761825881,0.013,0.008,1
"MAP3K14-AS1",0.60475140088896,0.266886061178616,0.036,0.029,1
"GIT1",0.60481934992794,0.108687223761288,0.057,0.046,1
"ZNF623",0.604853012754518,0.248567452244129,0.039,0.032,1
"EHMT2",0.604982003202886,0.197293172057642,0.072,0.057,1
"SNUPN",0.605230904795881,-0.19574065276044,0.057,0.059,1
"ENSG00000290383",0.605241551286745,-0.245617059255951,0.04,0.044,1
"TAF1C",0.605267743065492,0.111919112801708,0.08,0.069,1
"CAMKMT",0.605457998752795,-0.168427716255133,0.13,0.131,1
"H2BC5",0.605689978689037,0.610337036643571,0.012,0.007,1
"ULK2",0.606096801067277,-0.191370349320893,0.016,0.015,1
"OAF",0.606503611641687,-0.401600451096369,0.017,0.02,1
"HSD17B8",0.606612572744437,0.18007341996422,0.052,0.044,1
"DNAJA4",0.60678321636145,-0.137966123708881,0.043,0.041,1
"MIF4GD-DT",0.606894010077984,0.909177192331448,0.01,0.006,1
"TRIO",0.606957381018268,-0.371819937300312,0.021,0.02,1
"ZWILCH",0.607189277689516,-0.269436999924806,0.039,0.04,1
"TOR1B",0.607394017545259,0.181805295115681,0.074,0.06,1
"ARHGEF19",0.607520950656112,-0.313686523578882,0.027,0.03,1
"MED29",0.60776646566734,-0.16907928682226,0.087,0.091,1
"ENSG00000261505",0.607792724746041,0.640134252325462,0.01,0.006,1
"MRPS9",0.607839288227708,-0.161630480380465,0.109,0.111,1
"ZNF280B",0.608139100538833,0.261989161546375,0.015,0.009,1
"RHBDF2",0.608237217854971,-0.286836545552097,0.018,0.02,1
"NT5DC1",0.608249159901345,-0.29503188706736,0.078,0.081,1
"MED1",0.608284358942621,0.173843506485167,0.169,0.136,1
"ENSG00000279529",0.608381993281369,0.45696957011984,0.017,0.013,1
"CDKL5",0.608479104649473,0.179012967311103,0.053,0.047,1
"NAIF1",0.608707805559444,-0.451869331910946,0.014,0.018,1
"TMEM161B",0.608789901585431,0.132813870579745,0.131,0.111,1
"PLCG1",0.609442554351793,-0.136501995588028,0.128,0.128,1
"CAPN10-DT",0.609553845147725,-0.228036000410579,0.014,0.016,1
"CCDC50",0.609739379519488,0.442325018163073,0.024,0.016,1
"ANAPC2",0.609787382741651,-0.122548742685597,0.089,0.085,1
"AAAS",0.610049801775754,-0.160463552881744,0.056,0.059,1
"AIG1",0.610056065850842,0.145902505868354,0.056,0.05,1
"ACSL6",0.610102822168672,0.23769928451954,0.023,0.016,1
"ENSG00000273199",0.610241143005201,0.484407822599826,0.013,0.008,1
"TRG-AS1",0.610332056849252,0.11924909331508,0.11,0.091,1
"EIF4ENIF1",0.610427293502134,0.112649426971078,0.038,0.035,1
"PHF12",0.610793239072523,0.139398682185015,0.19,0.162,1
"C16orf74",0.610820353429346,0.243485782303765,0.04,0.029,1
"GAA",0.611483403857458,0.148510626059478,0.026,0.023,1
"PTPRO",0.611489664812989,0.555107885736973,0.021,0.015,1
"ENSG00000254777",0.611945041910078,-0.291177929334236,0.021,0.025,1
"NDUFAF2",0.612006185618465,0.21997575804622,0.138,0.111,1
"WWC3",0.612028135237129,-0.189904250726335,0.049,0.049,1
"NEMP2",0.61221449317691,0.217285065623972,0.042,0.033,1
"SLC9A8",0.612297117866525,0.199702669053814,0.111,0.089,1
"PLA2G4C",0.612555699432858,0.4203523873279,0.016,0.012,1
"ENSG00000259564",0.612573142135341,-0.567840237474345,0.01,0.013,1
"B3GALNT2",0.612652204725905,0.210578793233702,0.026,0.022,1
"RDH11",0.61272804600576,-0.137270465449512,0.167,0.173,1
"ARHGAP17",0.612752158583512,0.138350197891508,0.194,0.167,1
"ZNF530",0.612797679638867,0.169432596430669,0.018,0.014,1
"PPARA",0.612898777692763,-0.227260794753015,0.041,0.043,1
"ZDHHC2",0.613006084525552,0.103118160890853,0.107,0.089,1
"PHC2",0.613189148812051,-0.147715086676707,0.127,0.124,1
"OTUD1",0.613222452993106,0.123530149418757,0.072,0.064,1
"PRPF19",0.613301565591934,-0.107131576936723,0.258,0.258,1
"C7orf31",0.61358690597239,-0.117177679970443,0.028,0.029,1
"ZCCHC8",0.613621887867264,0.101250985805159,0.139,0.116,1
"ZNF584-DT",0.613771171189583,0.472565162779063,0.013,0.008,1
"HSPA1B",0.613961131503116,-0.567554416984623,0.022,0.022,1
"DNASE1",0.614064061694902,-0.116556739840677,0.044,0.044,1
"FBF1",0.614248805065253,-0.219759319476248,0.027,0.028,1
"ENSG00000287377",0.614367898603158,-0.437028398396302,0.012,0.014,1
"RBM10",0.6144768127866,0.148698552549745,0.094,0.078,1
"LMBRD2",0.614548842387876,-0.141186867200478,0.055,0.055,1
"ZNF347",0.614577535997006,-0.660780166347487,0.012,0.015,1
"GTF2IRD2",0.614720859832396,0.206545416950867,0.039,0.034,1
"TDRD3",0.61540306183534,0.160942977321073,0.074,0.06,1
"RNPEP",0.615452743641467,-0.203394269348198,0.066,0.069,1
"TRMT10A",0.615486060347604,-0.483024723923358,0.018,0.021,1
"PMAIP1",0.615729603138199,0.306789872387146,0.042,0.033,1
"ASAH2B",0.615794606978786,-0.368936096927142,0.018,0.019,1
"ZZZ3",0.616006957723693,0.156223668098386,0.229,0.193,1
"RPL39L",0.616094864061332,0.463056773098843,0.013,0.008,1
"TRAF3IP1",0.616178990738244,-0.223795108847026,0.044,0.043,1
"JHY",0.61641595377715,0.113794698261068,0.028,0.025,1
"MPDU1",0.616768490648269,-0.127707277115642,0.129,0.125,1
"ABRAXAS2",0.61679235329047,0.191332495408892,0.124,0.105,1
"NAA40",0.616993777448044,-0.358736811126016,0.032,0.035,1
"DPP3",0.617105323044447,0.111320034786795,0.053,0.043,1
"ZNF398",0.61711572452924,0.10836962114137,0.087,0.071,1
"ENSG00000289421",0.617188250839201,0.371755842753468,0.01,0.006,1
"TFE3",0.61719951283478,-0.122593402238869,0.086,0.084,1
"ZNF558",0.617255013710537,-0.463868447929165,0.018,0.022,1
"SPDL1",0.618038620373945,-0.223446849702634,0.035,0.037,1
"TRAV13-2",0.619173858003583,-0.313351234313143,0.041,0.048,1
"SGIP1",0.619368459669438,-0.498428410649262,0.013,0.018,1
"TMEM209",0.619616538714021,-0.135459361111317,0.083,0.081,1
"ZMAT1",0.619635046736807,0.32452851252051,0.039,0.029,1
"PHF5A",0.619673579614649,-0.102345982618637,0.296,0.294,1
"ZNF69",0.619764787809722,-0.305807876536967,0.013,0.013,1
"HIBCH",0.619831555956467,-0.197719712207542,0.072,0.075,1
"PKD1",0.619928828341623,0.320536897384559,0.024,0.018,1
"CGAS",0.619970244343182,-0.340528374401587,0.021,0.023,1
"KCTD21",0.620048892003297,-0.101746586522715,0.06,0.057,1
"LINC00665",0.620633165692974,0.197316508526989,0.022,0.018,1
"LCMT1",0.62090730104771,-0.13208590838491,0.139,0.143,1
"ENSG00000278390",0.620948109475563,0.32745408132218,0.02,0.015,1
"PIGP",0.621137312368857,-0.135248740835952,0.103,0.103,1
"H2BC11",0.621224684395503,-0.562203409764084,0.01,0.013,1
"FABP5",0.621439550002079,-0.163756342738688,0.023,0.025,1
"CDK8",0.621515428255211,0.119799517063158,0.156,0.133,1
"STX11",0.621639169353962,0.102607217055831,0.087,0.073,1
"BCL2L13",0.621646539736446,-0.140735645577288,0.07,0.07,1
"ACADSB",0.621721125467087,0.179766722564908,0.074,0.059,1
"POP4",0.621797685289919,0.184607876025816,0.151,0.125,1
"ZNF836",0.621830701848371,-0.168910327929628,0.081,0.077,1
"KDELR2",0.621929324179426,-0.172820364187132,0.253,0.252,1
"TRAFD1",0.622024018573162,0.108861344626718,0.094,0.087,1
"DHX9-AS1",0.62227802849304,-0.202901964458055,0.013,0.013,1
"SNHG20",0.622441769691271,0.13386943786718,0.049,0.046,1
"ZNF585A",0.622978118833177,-0.21793760959517,0.116,0.116,1
"HACD3",0.623140857460273,0.11397180392816,0.183,0.163,1
"ZUP1",0.623154443542161,0.13091104299673,0.073,0.06,1
"TTC21B-AS1",0.623535436913582,-0.225723063544986,0.025,0.028,1
"CCDC51",0.623600326624067,-0.218228114851553,0.019,0.02,1
"MIR4458HG",0.623689668257597,-0.258638180560776,0.024,0.026,1
"DCTD",0.623821492924683,-0.147316735407578,0.084,0.083,1
"ANKUB1",0.623869038802092,-0.126589698467615,0.063,0.06,1
"EPM2A-DT",0.62388120185715,0.368491487324237,0.021,0.013,1
"TBC1D13",0.624257419824501,0.165158222614608,0.083,0.067,1
"PRKCA-AS1",0.624646324297458,0.383092535061178,0.031,0.022,1
"TG",0.625161251017829,0.357788820615588,0.011,0.007,1
"RAB27A",0.625381171505495,0.126300215817656,0.121,0.105,1
"CENPW",0.625594669017238,-0.375992076283218,0.011,0.013,1
"TNFRSF13C",0.625683258526662,0.232096902047735,0.031,0.023,1
"GNAT2",0.625683901112499,-0.47299563416256,0.009,0.012,1
"MTHFR",0.62595592125538,0.35556280982226,0.022,0.015,1
"CASTOR1",0.626195748599683,-0.243553924617022,0.018,0.02,1
"FAM50A",0.626274893405103,-0.26409275653035,0.128,0.13,1
"MED22",0.626303189196206,0.189240609282229,0.03,0.021,1
"DDX23",0.626495138334916,0.14152565038347,0.137,0.121,1
"YJU2B",0.626558478290689,-0.101680521431809,0.162,0.159,1
"ARID3A",0.626920142743619,0.376571530110047,0.053,0.04,1
"ENSG00000288600",0.627157930544614,0.232922162788165,0.018,0.014,1
"MLYCD",0.627222019896209,0.337465568229617,0.038,0.027,1
"BTN2A2",0.627228652891888,-0.153910896667527,0.047,0.05,1
"ACBD3",0.627291256176671,0.126042122393407,0.176,0.152,1
"EPHA1-AS1",0.627381324729261,0.51873226595817,0.013,0.008,1
"PLAGL2",0.627766686791732,0.169027535372754,0.056,0.044,1
"YES1",0.627934998915708,-0.106820859125087,0.119,0.119,1
"QTRT2",0.627939620613378,-0.120341296853142,0.065,0.064,1
"VAV1",0.628439531415579,-0.134316241586354,0.183,0.183,1
"TMEM30A-DT",0.628583417947047,-0.448830640908878,0.013,0.016,1
"ISYNA1",0.628630241202187,-0.351540471231226,0.028,0.034,1
"FIRRE",0.628841261861851,0.615530515648921,0.011,0.007,1
"TSHZ2",0.628868310511805,-0.104367074719219,0.056,0.059,1
"ENSG00000259972",0.628998611532194,0.228939902287206,0.032,0.027,1
"SLC40A1",0.629855097714192,0.191531549829529,0.057,0.049,1
"LRP12",0.629981954768726,0.298286662959072,0.02,0.013,1
"CHROMR",0.630035820867778,-0.319871415033827,0.014,0.016,1
"ANGPTL1",0.630049868687873,0.292344037467474,0.016,0.012,1
"GPAM",0.630051944169501,0.338702820308059,0.017,0.013,1
"ENSG00000289255",0.630217887403897,-0.860235152483498,0.007,0.011,1
"SLC20A1-DT",0.630598824580544,-0.149017693644425,0.03,0.03,1
"TEX22",0.630673832788985,0.165717251173012,0.021,0.02,1
"KIFBP",0.630745806234715,0.161000442595035,0.041,0.033,1
"PPP2R5B",0.630911244372495,0.24506514985086,0.044,0.036,1
"SRPRB",0.631302459901502,-0.108308921662856,0.117,0.117,1
"GMNN",0.631322608167876,-0.39465820220509,0.038,0.042,1
"KATNAL1",0.631764606279085,-0.334813916681974,0.013,0.013,1
"ZNF799",0.631781668934314,-0.320167530818324,0.016,0.019,1
"MPZL1",0.631802353490708,-0.158775945203407,0.024,0.027,1
"SLC35A5",0.632316183892199,0.166233660726423,0.057,0.044,1
"SAP30",0.632620922672634,0.174091178900565,0.036,0.033,1
"RNF141",0.632677379404061,-0.268841721667933,0.063,0.066,1
"TMEM254",0.633193720381424,-0.168509380636868,0.057,0.059,1
"WASHC3",0.633254741893164,-0.136527759806723,0.152,0.146,1
"H4C16",0.633669928207561,0.346718893030805,0.021,0.014,1
"SS18L1",0.633723545270937,0.169715084406109,0.035,0.03,1
"RTN4IP1",0.633854279665488,0.640933084219214,0.017,0.011,1
"CCDC7",0.633862321087297,0.143571780128883,0.044,0.036,1
"BRCC3",0.63394501396403,-0.103145232998604,0.075,0.076,1
"TRBV29-1",0.634038499252696,-0.368086157350517,0.021,0.026,1
"ENSG00000279110",0.634054691891221,0.169001448307926,0.021,0.016,1
"IPO5",0.634196493579761,0.179420755385548,0.192,0.163,1
"MTSS2",0.634274635949196,0.114106293804512,0.016,0.011,1
"UBXN11",0.634358667881118,-0.225773646540645,0.075,0.078,1
"SENP8",0.634530900461635,0.519750966232284,0.01,0.006,1
"BIRC6-AS2",0.635308110941806,-0.241041507077658,0.047,0.048,1
"LONP2",0.635782736688814,0.140869065717254,0.207,0.172,1
"SNHG22",0.635895931587211,0.545536577006571,0.012,0.008,1
"CDKN2C",0.635970950472478,-0.361477482118479,0.024,0.025,1
"SLC38A9",0.636109042970572,0.112834482805597,0.099,0.082,1
"PPP1R13B",0.636500570066718,-0.12289845212869,0.088,0.087,1
"PSMC3IP",0.63661424418734,-0.461105126816372,0.018,0.021,1
"ZNF653",0.636816351346147,0.302693333049969,0.017,0.011,1
"TNK1",0.6368935775796,-0.442008775273862,0.015,0.019,1
"PREP",0.636986242623648,0.129568478124373,0.131,0.107,1
"YWHAG",0.637755709825043,-0.228901299928633,0.096,0.097,1
"MCM2",0.637757238470078,0.345498409255269,0.013,0.009,1
"CBLB",0.637913537258054,0.127818355116832,0.355,0.308,1
"MED27",0.637944006110063,-0.126849623074037,0.189,0.189,1
"RBM33-DT",0.638102477304978,0.219284516821125,0.017,0.013,1
"LSS",0.638118200857706,0.117306192759266,0.023,0.018,1
"EEF2K",0.638253425069795,0.211608680889591,0.04,0.03,1
"TRIM39",0.63843254245239,-0.172954184937415,0.054,0.047,1
"CCDC141",0.638623250244895,0.145116142916865,0.035,0.029,1
"LINC01806",0.638990816452146,0.147580264814959,0.064,0.053,1
"ENSG00000261799",0.639081700450051,-0.318777890008814,0.016,0.016,1
"ZNF20",0.639370072671737,0.232779137207202,0.018,0.013,1
"CPLANE1",0.639726275256294,0.286783079126858,0.049,0.036,1
"PDK2",0.639730651735925,-0.225068011961755,0.081,0.085,1
"H4C4",0.639862293409505,-0.163847663726756,0.011,0.012,1
"TMEM63A",0.640359227232445,0.113372521362065,0.198,0.177,1
"CARD19",0.64041763477956,0.145788902983262,0.124,0.104,1
"RHOQ",0.640801285604909,0.268902201466613,0.032,0.025,1
"PRDM4",0.641165859796468,-0.1340159968689,0.059,0.061,1
"PROSER3",0.64149779432556,-0.26683130191833,0.018,0.02,1
"CEP152",0.641506336645751,0.137115723806312,0.033,0.029,1
"ENSG00000271254",0.641541586751911,-0.471934424725065,0.009,0.011,1
"ZMYND19",0.641802129934612,-0.102064813166402,0.122,0.116,1
"TTL",0.641814187598054,0.189908570405107,0.054,0.041,1
"ELOVL1",0.641947320810874,-0.153123966782014,0.121,0.119,1
"UFL1-AS1",0.641949459460921,0.393512154797825,0.017,0.012,1
"PPP2R3B",0.641969126079392,0.210206345100818,0.047,0.036,1
"HOTAIRM1",0.642091418603247,0.388905171526672,0.01,0.007,1
"BTAF1",0.642098741051797,0.130485880534828,0.192,0.166,1
"BORCS5",0.642130410707959,0.198543320249055,0.165,0.136,1
"USP34-DT",0.642199859279916,0.164528194289337,0.035,0.03,1
"CHKA",0.642437731235797,0.108368171174295,0.094,0.076,1
"ENSG00000289788",0.642956707012427,-0.127157108344688,0.018,0.018,1
"G6PD",0.643056474701334,-0.293246481242668,0.056,0.063,1
"IRS2",0.643188375576387,0.142148425710881,0.053,0.044,1
"TCF19",0.643263961738565,0.190889906839891,0.019,0.015,1
"MAN1B1-DT",0.643396133811902,0.400070759253993,0.016,0.011,1
"ZNF746",0.643479813097953,0.130700534821492,0.074,0.063,1
"SLC2A1",0.643888704098788,-0.353953710263888,0.021,0.022,1
"POU6F1",0.644002388919204,-0.121902811504775,0.029,0.029,1
"TOMM40L",0.644126030939458,-0.27687881920115,0.018,0.02,1
"FAM174B",0.644211222422578,0.380849290325746,0.034,0.026,1
"BRPF1",0.645179646067512,0.22776518277914,0.061,0.047,1
"TVP23B",0.645599056674084,0.181789785970481,0.127,0.104,1
"DERPC",0.645807331996911,-0.152840412505683,0.035,0.035,1
"FAM241B",0.645903876056004,-0.398224672622184,0.008,0.011,1
"C7orf50",0.646193038200232,0.124864845961122,0.097,0.082,1
"OSBPL3",0.646353064981277,0.418232352355652,0.027,0.021,1
"FASTK",0.646423750467376,0.140209143989201,0.17,0.149,1
"ABHD8",0.646435784588907,-0.316800400871084,0.036,0.041,1
"AKAP7",0.646838679428419,-0.119422199108032,0.042,0.043,1
"ENSG00000238142",0.647337787147363,-0.310657113867415,0.032,0.033,1
"PTGR2",0.647345557356032,0.295004740652744,0.013,0.009,1
"MYG1",0.64777765035296,-0.17058065873727,0.175,0.174,1
"NUDT9",0.647792604135685,-0.205182134234149,0.063,0.063,1
"LYPLA2",0.647915155242839,-0.154102019412933,0.225,0.226,1
"PABIR3",0.648329540989955,-0.102157161473703,0.059,0.055,1
"GEMIN2",0.648639649485648,0.275062966747638,0.067,0.052,1
"MFSD4A",0.648833503392676,0.43795020082255,0.013,0.009,1
"F8A1",0.648852195555174,0.816153778275051,0.01,0.006,1
"SUGT1-DT",0.648905133400059,-0.679551313667126,0.01,0.014,1
"TREX1",0.64932487806931,-0.133225172568284,0.023,0.023,1
"THOC5",0.649365248144256,0.209459731941601,0.086,0.071,1
"SLC35F6",0.649471098145811,-0.241668353820485,0.032,0.033,1
"FBXO48",0.649483117812389,0.316248544126547,0.032,0.022,1
"AK5",0.64967168771958,0.228375344338876,0.067,0.056,1
"NRDE2",0.64984146637731,0.180289545975281,0.067,0.057,1
"IRF2-DT",0.649887491097227,-0.379952429920241,0.026,0.03,1
"GRK3",0.649950372822658,-0.163568273155979,0.016,0.015,1
"MICU1",0.650016372966875,-0.10873357950121,0.094,0.1,1
"ALG8",0.65025141188174,-0.162489300990005,0.062,0.063,1
"SOCS2",0.650399106780995,-0.372236508670211,0.021,0.022,1
"RBBP5",0.650717893853007,0.103940006217894,0.136,0.117,1
"LRRC40",0.65086758017611,0.143721803911837,0.103,0.087,1
"PEX2",0.650915449999461,0.14954215552211,0.121,0.101,1
"NAAA",0.650940655251532,0.181427928287542,0.088,0.071,1
"MKNK1",0.651113834685768,0.109937931917701,0.05,0.037,1
"MED17",0.651339372345829,0.213670375063956,0.139,0.115,1
"ERICH6-AS1",0.651518313075666,0.409169545956785,0.034,0.025,1
"EID2B",0.651613908560277,0.107760757620489,0.044,0.035,1
"B4GAT1",0.651644725884511,-0.108473862608186,0.034,0.034,1
"LMBRD1",0.651912060397681,-0.166513866867699,0.317,0.316,1
"MRPL20-AS1",0.652009410799434,-0.202113254599765,0.095,0.098,1
"ENSG00000259692",0.652483753308128,-0.387981195083551,0.024,0.027,1
"FAM174A",0.652529825945795,-0.223227682528112,0.034,0.036,1
"MKRN2OS",0.652778661147795,0.303416745561447,0.01,0.007,1
"ENSG00000290951",0.65278089873897,0.246485590168336,0.041,0.033,1
"DMAC2L",0.652884527045659,0.151245723152622,0.085,0.069,1
"SLC12A4",0.653127067219531,-0.425838332642668,0.011,0.013,1
"ENSG00000231873",0.653434925013681,-0.288182646199429,0.034,0.036,1
"PPP1R13L",0.65362789747547,-0.710693172520139,0.01,0.013,1
"ENSG00000290796",0.653720306323657,-0.569796100942259,0.015,0.018,1
"NFYC-AS1",0.653822530978847,0.106644828945167,0.015,0.014,1
"B4GALT4-AS1",0.653913636665214,0.68574003801158,0.013,0.008,1
"CD38",0.65420386006631,0.118169015827809,0.086,0.071,1
"DYNC2I1",0.654771426575658,-0.143314336442079,0.088,0.088,1
"MEAK7",0.654841542702384,-0.315460898191779,0.01,0.011,1
"ATP11B",0.655583994559275,0.115156686629611,0.277,0.244,1
"ENSG00000284052",0.656060649816269,0.362978580095855,0.014,0.011,1
"IKZF2",0.656074701324653,-0.152523966689393,0.198,0.201,1
"ENSG00000273456",0.656197359899195,-0.374993820332603,0.013,0.015,1
"DTWD2",0.656372172271986,0.207874189974762,0.031,0.022,1
"MIRLET7A1HG",0.656449506120005,0.101406394915663,0.069,0.057,1
"GSPT2",0.656495788525926,0.202097683836294,0.028,0.023,1
"TEFM",0.656549560945156,0.176224125178081,0.073,0.059,1
"ENSG00000257386",0.656923765232208,-0.137625103198933,0.01,0.012,1
"GPN2",0.657511618193477,0.164461145787515,0.052,0.042,1
"ZNF93",0.658053989129165,-0.362400687818614,0.033,0.035,1
"GSTZ1",0.658113619317357,-0.149164017653503,0.017,0.015,1
"ENSG00000289826",0.658342200056407,-0.407419223211942,0.021,0.025,1
"PPIH",0.65877896426388,-0.11237906366489,0.195,0.192,1
"CHP1",0.658787356162403,-0.100182304818055,0.048,0.046,1
"SYNPO2",0.659094337514815,-0.413345806025157,0.012,0.016,1
"MBOAT1",0.659346105752625,-0.149426453154713,0.024,0.02,1
"LAX1",0.659404746044469,0.182600262320098,0.033,0.025,1
"C17orf80",0.659665330129832,0.249299446289689,0.044,0.034,1
"WRAP53",0.659983946470647,-0.164928290453815,0.054,0.056,1
"KIAA2013",0.660463815747105,0.100281841867571,0.132,0.112,1
"ALG1",0.660531382056182,-0.114458235686906,0.068,0.066,1
"ZDHHC9",0.66058358492557,0.150019321324511,0.015,0.013,1
"SF3A3",0.660784426963568,-0.105727815653319,0.287,0.286,1
"MFGE8",0.66083576014235,0.138579912363334,0.037,0.032,1
"ENSG00000263657",0.661073532254205,0.131741546315677,0.076,0.067,1
"HERC5",0.661125920231017,-0.186115931234929,0.087,0.091,1
"TCTA",0.661184640550666,0.180423640039506,0.048,0.037,1
"CYSLTR2",0.661929987100766,-0.284719784361656,0.012,0.015,1
"ZNF331",0.662240179891044,-0.171819221754033,0.108,0.105,1
"ARHGAP35",0.662602184208213,0.212073355713084,0.064,0.049,1
"ELP3",0.6627625559092,-0.151872215419367,0.083,0.084,1
"IDUA",0.663566136178392,-0.249768299753101,0.058,0.062,1
"ENSG00000253194",0.6638185829177,0.195960551793705,0.046,0.037,1
"CRIPT",0.663930932443955,-0.111530880563501,0.17,0.164,1
"DCTN3",0.664272700967805,-0.108078290691869,0.328,0.317,1
"C2CD2L",0.664320832251186,0.202317206692525,0.038,0.03,1
"KPNB1-DT",0.664652809835082,-0.317114138739763,0.022,0.023,1
"CENPK",0.6646854437887,0.152327592499649,0.182,0.149,1
"ZNF138",0.664742081152644,0.120100454147543,0.111,0.096,1
"CXorf65",0.664823753700636,0.465086511134538,0.018,0.014,1
"RACGAP1",0.664998535925077,-0.231130163918419,0.051,0.054,1
"SOX6",0.665067942120223,-0.464944533076797,0.01,0.012,1
"CDCA7L",0.665091875876153,-0.23341997375588,0.127,0.13,1
"NMNAT3",0.666422538765555,-0.170894538066536,0.03,0.033,1
"COQ3",0.666933353600453,-0.41660734288017,0.015,0.018,1
"CEP250",0.667042303534388,0.201552192223237,0.061,0.047,1
"ISG20L2",0.667058509516678,0.162133136481905,0.141,0.118,1
"ZNF397",0.667188932532857,-0.172796652133412,0.066,0.067,1
"HECTD3",0.66738115274516,0.230500334588156,0.038,0.029,1
"NLE1",0.667440019147498,0.160427634397043,0.06,0.05,1
"BLM",0.667497812102025,0.200118254255014,0.016,0.011,1
"MRPL10",0.667746105809215,-0.116420592894606,0.135,0.13,1
"SERAC1",0.667840754667252,-0.294488301721954,0.014,0.016,1
"CCND1",0.667921841742262,-0.55763375686498,0.008,0.011,1
"SLC25A38",0.668199080005271,-0.178639531656352,0.162,0.167,1
"ENOPH1",0.668334778731139,-0.16333354511118,0.137,0.131,1
"GNE",0.668779213968556,0.239750153597312,0.046,0.036,1
"ENSG00000277301",0.669022886331857,-0.441414161431336,0.018,0.022,1
"HIPK3",0.669129378507035,0.169784908091645,0.118,0.102,1
"ZNF569",0.669473631440387,0.166144306956925,0.06,0.054,1
"BUD13",0.669742825567964,-0.11213721672237,0.121,0.122,1
"EOLA1",0.670113001090666,-0.142780567154495,0.062,0.063,1
"SMIM29",0.670217915633193,0.119129030877586,0.091,0.075,1
"HS6ST1",0.670268357316206,0.137944351971381,0.044,0.036,1
"NARF",0.67055397720675,-0.108278201926522,0.241,0.239,1
"LNX2",0.67085902300567,0.158864724844216,0.064,0.055,1
"BARD1",0.670999078131002,-0.317403780819333,0.034,0.039,1
"FAM221A",0.671187136663371,0.497368125091977,0.023,0.019,1
"NAE1",0.67119490420383,-0.138763016681504,0.209,0.204,1
"PAX8",0.67126527188555,-0.399149972236893,0.011,0.012,1
"NKD1",0.671500297361002,-0.183039115773636,0.143,0.148,1
"UBR5-DT",0.671766544229686,0.494324466923206,0.015,0.009,1
"ANKEF1",0.671802882446646,-0.325046790112096,0.016,0.018,1
"GNA12",0.671901938158179,0.256661713192762,0.055,0.046,1
"LOXL1-AS1",0.672559976209934,-0.198994459666538,0.027,0.028,1
"HILPDA",0.672763764746251,0.614805629383132,0.02,0.014,1
"ZSCAN30",0.672817742605914,-0.313737932916768,0.022,0.025,1
"TMEM191A",0.672987710991501,-0.193524230128629,0.061,0.06,1
"NLN",0.67319380786415,-0.433310252301728,0.017,0.019,1
"PRRC1",0.673471731567351,0.101534734348604,0.123,0.109,1
"PKP2",0.673490848239901,0.769877062995046,0.01,0.006,1
"RBM41",0.673724271419275,-0.194696133503448,0.115,0.116,1
"ENSG00000273329",0.673930582381481,-0.549189309492944,0.013,0.014,1
"FOXO4",0.674042036525018,-0.441586050237099,0.024,0.028,1
"G2E3",0.674227145766123,0.156456585466334,0.131,0.11,1
"KISS1R",0.674405344120382,-0.560197736806632,0.008,0.011,1
"ENSG00000278834",0.67464599748958,-0.449371403944027,0.011,0.013,1
"ZNF597",0.674789750118484,0.308136409834728,0.025,0.019,1
"ARMC7",0.675111495209317,0.30087394040066,0.036,0.028,1
"ENSG00000287351",0.675139046764324,0.381430740628371,0.011,0.007,1
"TRAV12-3",0.675543515277221,0.153229576630406,0.031,0.026,1
"ENSG00000291176",0.675560888060843,-0.476561900829665,0.011,0.013,1
"TEPSIN",0.675681971861393,0.167877770496541,0.073,0.06,1
"WDR12",0.67611410102822,-0.178817633951067,0.054,0.055,1
"UBE2G1",0.676540397627589,-0.195712166951124,0.274,0.276,1
"SUV39H1",0.676840344516365,-0.284519998054119,0.045,0.046,1
"ZNF542P",0.677145116292136,0.145326213450618,0.037,0.03,1
"EFTUD2",0.677697894126629,0.174236380182167,0.167,0.139,1
"GSTCD",0.677968171662244,0.257182783480024,0.026,0.019,1
"SPATA6",0.678294529918039,-0.775888229912722,0.009,0.011,1
"ENSG00000228427",0.678345759850395,-0.373064575667205,0.023,0.025,1
"PLEKHA5",0.678484371034601,0.113337784755094,0.037,0.032,1
"SMARCAD1",0.678639421277363,0.195677983637603,0.112,0.089,1
"ENSG00000267469",0.678993254516461,-0.183329824236286,0.069,0.074,1
"ITGB1",0.679121923304638,0.10670469026795,0.215,0.184,1
"ENSG00000249870",0.679258945008428,0.463361209576006,0.01,0.006,1
"ROM1",0.679704681061229,-0.442325328861289,0.011,0.012,1
"BAZ2B",0.679936098825643,0.133268801772275,0.073,0.063,1
"ZWINT",0.67999226694552,-0.1476257109471,0.029,0.028,1
"KARS1",0.680130430002545,-0.120602731834982,0.183,0.178,1
"P3H1",0.680295920492043,0.13679979112614,0.061,0.052,1
"TAPT1",0.680371881049343,0.109211722493429,0.163,0.141,1
"SPINDOC",0.680406607851185,0.115509198788764,0.032,0.027,1
"TJP2",0.680458334158934,-0.121395034415702,0.011,0.012,1
"WDR53",0.680537158566104,-0.109869014469082,0.045,0.041,1
"MAGEE1",0.681026235566472,-0.134019010739052,0.02,0.019,1
"CHKB-DT",0.681197083393691,-0.441509544020584,0.01,0.011,1
"GPR180",0.68133410326093,0.124052598249303,0.032,0.028,1
"TMED10",0.681534661329733,-0.100621166609397,0.364,0.352,1
"HIP1",0.681669807936555,0.170630437016069,0.012,0.008,1
"ARRDC5",0.68167534842351,0.215241249900745,0.011,0.007,1
"SLC38A4-AS1",0.682009515066544,0.235584669702475,0.022,0.014,1
"ZNG1F",0.682254781599469,-0.312552211193932,0.018,0.019,1
"INSIG1",0.682424131571957,-0.183116357278815,0.142,0.142,1
"VSIG1",0.682475558552188,0.38089944462782,0.044,0.03,1
"ATP6V1E2",0.682573114525208,0.367711952782187,0.03,0.025,1
"ENSG00000291078",0.682773775876849,-0.235753619269915,0.038,0.039,1
"ITPR1",0.683085607177891,0.159295690415536,0.129,0.116,1
"INTS2",0.683488261733819,-0.133830203844697,0.031,0.029,1
"PPP5D1P",0.683538770989735,-0.257935472129332,0.017,0.02,1
"SULT1B1",0.683646009413788,0.310704970907777,0.048,0.035,1
"ELAC1",0.684039989387333,-0.345937843201882,0.017,0.02,1
"ENSG00000250592",0.684186096614817,0.429553334930374,0.012,0.008,1
"MARCHF9",0.684308108529702,-0.111037181035769,0.283,0.282,1
"ENSG00000223725",0.68454793992046,0.222650713874707,0.018,0.014,1
"DPCD",0.684686677708081,0.297145834948787,0.011,0.008,1
"ENSG00000236140",0.68480658631986,0.126528411052353,0.013,0.011,1
"KLC4",0.684894593235367,0.317522979543325,0.054,0.041,1
"BRAT1",0.684909208190298,0.140491121361645,0.115,0.097,1
"EXOC5",0.685173218949555,0.164355059196946,0.174,0.148,1
"GOLGA6L9",0.685655891192966,0.249955055557731,0.015,0.009,1
"DSN1",0.685782726093624,0.26377790757935,0.036,0.028,1
"TRBV5-6",0.685916727718355,0.263212055811914,0.018,0.014,1
"ENSG00000260570",0.686025024426951,0.379124709280242,0.011,0.007,1
"TTLL4",0.686034851455393,-0.273278507257222,0.033,0.036,1
"FANCB",0.686246219770167,0.162294035301858,0.026,0.022,1
"NPIPB5",0.686335573593681,0.313835136076901,0.023,0.019,1
"VCPIP1",0.686353028470775,0.206663704640472,0.103,0.082,1
"FAM3C",0.686476407797676,-0.102205517017138,0.068,0.069,1
"WDR24",0.686517268875778,0.127129696751844,0.027,0.025,1
"ZNF668",0.686538868330852,0.158742950466981,0.046,0.039,1
"ARHGEF35",0.686726321784734,-0.157249591958467,0.018,0.018,1
"POLA2",0.686921653283505,0.34743351522699,0.042,0.032,1
"ILVBL",0.687283997801829,-0.316196524119682,0.058,0.062,1
"ACVR1",0.687426388247785,-0.160361590778234,0.109,0.111,1
"VRK3",0.68748385545635,-0.116910088985361,0.136,0.133,1
"TMEM65",0.687552285307775,-0.100088385528866,0.16,0.153,1
"CASP1",0.687608598187512,0.272103376631196,0.031,0.022,1
"G2E3-AS1",0.687638061670964,0.145017638009191,0.012,0.008,1
"ATG9B",0.687876888281783,-0.331613115834345,0.024,0.027,1
"MACO1",0.687930926416606,0.119658445978262,0.278,0.245,1
"YIF1B",0.688329084337071,-0.210394505167598,0.096,0.1,1
"NCKAP1L",0.688449137022782,0.129810867912137,0.218,0.189,1
"CGRRF1",0.688598967061867,-0.129358781761395,0.064,0.066,1
"ENSG00000250602",0.688666802241174,0.575535475797937,0.012,0.007,1
"ECI2",0.68881090904146,-0.123744884630044,0.152,0.146,1
"ENSG00000251131",0.688837196050695,0.355941943375035,0.017,0.013,1
"ENSG00000288965",0.689038918723783,0.285461241992709,0.017,0.012,1
"ERLIN1",0.68971792429836,0.221149062685509,0.049,0.04,1
"DHRS7B",0.689849042434988,0.210230986676482,0.063,0.05,1
"THADA",0.690233995338128,0.266681114824545,0.095,0.075,1
"ZNF688",0.690292472705942,-0.128043276215849,0.073,0.068,1
"OSBPL7",0.690390509234155,0.248475746977252,0.023,0.016,1
"TPMT",0.690496644951988,-0.307219053522581,0.036,0.04,1
"TIPIN",0.690620965883309,0.236290806463268,0.034,0.027,1
"LSM5",0.690647704836566,0.104274899178732,0.431,0.384,1
"NOL6",0.691241718336273,0.144315774788001,0.046,0.04,1
"RRP8",0.691479431379487,0.167053572618133,0.107,0.09,1
"AGFG2",0.691586735249205,-0.409929942481931,0.016,0.019,1
"ZNF222",0.692357228551052,-0.276917522372361,0.027,0.029,1
"PGGT1B",0.692780934728518,0.109931237406758,0.081,0.069,1
"ZKSCAN8",0.692783949161179,-0.183780490970155,0.074,0.076,1
"SPDYE2B",0.692935305055812,-0.192811362120155,0.017,0.02,1
"SEL1L3",0.693049834589478,-0.431549668365812,0.019,0.02,1
"KMT2E-AS1",0.693521340085745,-0.112234730389644,0.089,0.093,1
"SNRNP25",0.693781804464344,0.139101203287112,0.065,0.056,1
"TSPAN5",0.693936690420668,-0.156466265789881,0.067,0.067,1
"LINC01362",0.694120605056802,-0.601653424676443,0.01,0.012,1
"RBSN",0.694793571408716,0.113611825188905,0.073,0.062,1
"LRRC51",0.694801025457676,0.204267109552604,0.018,0.015,1
"CDK19",0.694887010182169,-0.271718109586649,0.057,0.061,1
"PLBD2",0.695177862673875,-0.216176581144888,0.018,0.02,1
"ZNF672",0.695192247442006,-0.190202066246519,0.059,0.06,1
"EFNA4",0.695617009562376,0.105022671453639,0.017,0.015,1
"C2CD5",0.695637233042918,0.218748436825008,0.111,0.091,1
"ADAT3",0.695672928041424,-0.145525065400687,0.041,0.043,1
"BBOF1",0.69600162731563,0.15058688998564,0.026,0.022,1
"OBSCN",0.696062236432865,-0.195015404129437,0.047,0.044,1
"MICAL2",0.696332697511358,-0.299418673124323,0.015,0.013,1
"ADAM15",0.696348424297407,0.254002930435328,0.013,0.009,1
"ENSG00000271858",0.696378428931486,-0.322055920059314,0.038,0.041,1
"SDR42E1",0.696461306189874,-0.627995334396471,0.009,0.012,1
"GTF2H2C",0.696645121764754,0.278272768433784,0.061,0.044,1
"CAPN2",0.696807093394533,-0.102873303361819,0.06,0.057,1
"SNX16",0.696981368956091,-0.282581939604673,0.029,0.029,1
"NOC4L",0.698358466259027,-0.121678367485214,0.12,0.121,1
"ANKRD13A",0.698641610520302,0.184590709304441,0.106,0.084,1
"PLEKHG2",0.698880443668904,-0.348643386238648,0.021,0.022,1
"ENSG00000285693",0.699517090354711,-0.255844539437274,0.027,0.027,1
"TRAV1-1",0.699565790037923,0.172940943619226,0.014,0.011,1
"NGRN",0.699584696021574,-0.11551735771626,0.299,0.3,1
"ATP8B1",0.699701044285333,0.260481663739045,0.025,0.018,1
"LINC00528",0.700005530168851,0.405840654366027,0.012,0.008,1
"PCED1A",0.700119234113069,-0.126947204942253,0.061,0.061,1
"STAT2",0.700380511810764,0.151428975126923,0.162,0.135,1
"ENSG00000270050",0.700555259856078,-0.368015298417609,0.009,0.011,1
"RBM43",0.700561762561674,0.122802338261903,0.056,0.046,1
"SIK2",0.700713058539635,-0.165838288453781,0.072,0.067,1
"BTN2A1",0.700767908043473,-0.142673217163514,0.118,0.118,1
"NRL",0.700897718358823,-0.457412652887595,0.015,0.015,1
"NFYB",0.701024028446463,-0.110975522530598,0.076,0.074,1
"ENSG00000254538",0.701205224035019,-0.192995392756335,0.021,0.019,1
"TSPAN31",0.701324579499375,-0.212485079390443,0.076,0.077,1
"ZBTB9",0.701324776006612,0.16202207281832,0.038,0.032,1
"TBC1D10A",0.70163796493705,-0.117811382832796,0.191,0.189,1
"RECK",0.7017541271843,-0.209404828861258,0.043,0.043,1
"GNA11",0.70205264584299,0.311033213175346,0.01,0.007,1
"PHF19",0.702443021544365,-0.163316588353273,0.118,0.118,1
"SDK2",0.702459894930866,0.462903241267004,0.017,0.012,1
"ZNF182",0.702858618830827,0.143750524261884,0.02,0.016,1
"ZNF566",0.702876404366612,0.131179848613485,0.046,0.037,1
"PTPN22",0.703135445026047,0.237016078676179,0.149,0.125,1
"ENSG00000289496",0.703230908879794,-0.474162583270203,0.009,0.011,1
"H2BC4",0.70343681163321,0.237913127731994,0.045,0.035,1
"WNT7A",0.703644702672456,-0.383939774282618,0.016,0.016,1
"LYRM1",0.703719326118338,-0.218485043519585,0.04,0.04,1
"PCBD2",0.7039071957942,-0.140749133968717,0.038,0.037,1
"HMGA1P4",0.704177913707345,0.24100027137618,0.021,0.015,1
"SOX8",0.704426070710523,-0.357396509609058,0.011,0.014,1
"LINC02320",0.704883403794219,0.246139556641607,0.012,0.009,1
"IP6K2",0.705122948930949,-0.166358310367994,0.251,0.254,1
"ZNF593",0.705793729371105,-0.178015044884448,0.088,0.085,1
"H2BC7",0.705990331251395,0.255125256109102,0.01,0.008,1
"TUT7",0.706224740136405,0.113793027595871,0.158,0.139,1
"NFIC",0.706982098376627,0.16277542491996,0.073,0.061,1
"NAPB",0.707131317948509,0.288861847228831,0.039,0.03,1
"HACD2",0.707178459702044,-0.186891970872751,0.083,0.085,1
"LRCH3",0.707564847870869,0.141488793360056,0.231,0.194,1
"ING5",0.707574113931064,-0.111477041479928,0.141,0.141,1
"SAMD4A",0.70781840189977,0.622640729122048,0.01,0.006,1
"HIVEP2-DT",0.708101308799264,-0.466012602615161,0.009,0.011,1
"HINT2",0.708172835453321,0.140554179108631,0.067,0.057,1
"EFCAB2",0.708413511479894,0.274985501092326,0.048,0.036,1
"TMEM175",0.708765621844387,-0.129021263525752,0.108,0.105,1
"WNT5B",0.708879487636883,-0.142635629807462,0.018,0.019,1
"USP18",0.709035551091997,-0.257493253585278,0.044,0.047,1
"TOM1",0.709076355841447,-0.108522268001501,0.108,0.1,1
"ENSG00000261460",0.709181324622628,0.702693271300198,0.012,0.007,1
"TTC12",0.709686719198674,-0.278636101657841,0.018,0.019,1
"ENSG00000289294",0.709993361488465,0.235664592843651,0.033,0.026,1
"SAYSD1",0.710022405289411,0.119321789663899,0.091,0.075,1
"ATG10",0.710544750455511,0.201019521378557,0.052,0.04,1
"CYTH2",0.710584434658908,-0.120454705167557,0.163,0.159,1
"MPND",0.710661538471965,0.147415364154724,0.017,0.014,1
"ALDH6A1",0.710853212161975,0.105156600704473,0.027,0.022,1
"EYS",0.711040952791005,0.195699836297147,0.014,0.009,1
"TGDS",0.711440457581357,0.201779838957161,0.086,0.068,1
"SKI",0.711804613570231,0.119159963112177,0.209,0.183,1
"STX18-AS1",0.712245199313883,-0.236719387655628,0.013,0.012,1
"VEZT",0.712339265868374,0.111014540672474,0.195,0.17,1
"DDAH2",0.712394542354232,-0.341106148426525,0.025,0.028,1
"ENSG00000230074",0.712437484785061,-0.325972814912333,0.022,0.025,1
"RHEBL1",0.712468948153983,-0.250595444024484,0.017,0.016,1
"PNPLA6",0.712518686519949,0.146601270429773,0.046,0.04,1
"GK",0.712612937501066,-0.567061980805095,0.01,0.013,1
"ATP11A",0.712932986480609,0.193688311707287,0.059,0.048,1
"FAM199X",0.71295162546728,0.18708112003897,0.095,0.08,1
"CTNNBIP1",0.71331812122888,-0.307122544783519,0.03,0.033,1
"ZNF79",0.713513293077836,-0.178121758905281,0.018,0.019,1
"ENSG00000289929",0.713676972198027,-0.322162009982742,0.013,0.013,1
"DCAF17",0.713705513280205,0.214478291897042,0.064,0.054,1
"ENSG00000291224",0.713801891280753,0.124000412253812,0.036,0.032,1
"LINC00861",0.71393086846487,-0.102284517634063,0.534,0.521,1
"PFAS",0.71396375853511,0.500267279403217,0.022,0.014,1
"ZNF337",0.714282763626396,-0.282418441191036,0.047,0.053,1
"PACRGL",0.714294469274671,0.17176989089283,0.038,0.029,1
"MIR22HG",0.714299122280039,0.249608796499873,0.015,0.012,1
"LY6G5B",0.71435972095918,0.261230780575638,0.01,0.007,1
"ZNF589",0.71490839329412,0.214794788242616,0.056,0.044,1
"MTF1",0.714946867771561,0.187217740970341,0.066,0.055,1
"ABCC10",0.715409183829656,0.161851815553062,0.042,0.034,1
"ACO1",0.715455002721005,0.11572265609734,0.045,0.037,1
"ENSG00000284634",0.715899048064512,0.353328088539817,0.016,0.013,1
"ACADS",0.716102881649933,0.178138196116256,0.046,0.041,1
"SLC8B1",0.71619905840926,-0.114922658135119,0.163,0.163,1
"TOR2A",0.716347313413113,-0.241478229026807,0.067,0.074,1
"ZNF629",0.716492241424536,0.570936648570529,0.015,0.011,1
"ZNF280C",0.71673867956171,0.352717989904081,0.019,0.014,1
"ZNF517",0.716995332915726,-0.347549729312871,0.012,0.014,1
"PHAX",0.717069432246382,-0.11669431752603,0.2,0.197,1
"ERICH1",0.717185613734339,0.106033524939673,0.143,0.124,1
"SGMS1",0.717394082164446,-0.15226535076905,0.098,0.095,1
"LIN7B",0.717405144963943,0.239394334681658,0.034,0.026,1
"DACT1",0.71751077831762,0.174038959868576,0.014,0.012,1
"DHX32",0.717602309373322,-0.389991595613809,0.018,0.02,1
"ERMN",0.717665230696699,0.372303521508687,0.013,0.009,1
"C2orf76",0.717697933695042,-0.239710861503305,0.025,0.025,1
"LCMT2",0.717987103842812,0.287662638429406,0.013,0.009,1
"ENSG00000226605",0.718017467540484,0.554694987464647,0.011,0.007,1
"ENSG00000268119",0.718332264760705,0.202438268428144,0.013,0.009,1
"TRBV27",0.718493750545309,0.180368945172634,0.026,0.025,1
"KIF18A",0.718958951025918,-0.138616931493637,0.013,0.014,1
"ENSG00000289161",0.71941161606545,0.203428689434832,0.012,0.011,1
"ALDH16A1",0.720204512406613,-0.170428141682817,0.122,0.123,1
"BET1L",0.720507026360132,-0.167092371084467,0.167,0.167,1
"IPP",0.720595065759043,-0.172374978544324,0.032,0.034,1
"DOHH",0.720900193572441,-0.259995173349645,0.06,0.067,1
"EXD3",0.721482421536942,0.257577388950753,0.024,0.019,1
"POMT1",0.721681143382599,-0.119187081371949,0.05,0.049,1
"ZNF284",0.722101066182378,-0.253291615666895,0.018,0.02,1
"ZNF260",0.722138342700295,0.116409730378979,0.077,0.066,1
"UNC93B1",0.722182723851177,0.395037774409229,0.015,0.011,1
"EIF3C",0.722403939847978,-0.180922119649614,0.024,0.026,1
"ENSG00000288064",0.723009827104604,0.233044949069085,0.011,0.008,1
"TMEM199",0.723192769265985,0.111247350041892,0.122,0.102,1
"UBQLN2",0.72344193441104,-0.149577512289343,0.187,0.191,1
"RPP40",0.723745968742443,-0.28167165758164,0.042,0.043,1
"RIMOC1",0.723831735528284,-0.131517170576452,0.138,0.139,1
"CASZ1",0.724073805289334,-0.210504984749004,0.052,0.055,1
"VPS16",0.725123387113677,-0.130146812602399,0.092,0.091,1
"FMN1",0.725617735062189,-0.175097726812671,0.019,0.021,1
"ENSG00000288887",0.725868104335837,0.717876304978211,0.013,0.008,1
"PHTF1",0.725967705174527,0.409936446163397,0.017,0.012,1
"ZNF43",0.726015610633901,0.121320133698897,0.078,0.063,1
"MRI1",0.726467507926291,-0.172188795471927,0.059,0.056,1
"MRRF",0.726509422621694,-0.130227695289254,0.078,0.077,1
"WNT10A",0.726588240514797,-0.534321409397914,0.009,0.012,1
"TMTC4",0.726628304544321,0.260907655876536,0.032,0.023,1
"USP35",0.72666170144782,-0.145060972532477,0.074,0.069,1
"ENSG00000289049",0.727111872308828,0.598185046214634,0.012,0.008,1
"ZNF283",0.727193145754737,-0.274196298430251,0.026,0.028,1
"C17orf100",0.728289596223805,0.125077738555716,0.011,0.008,1
"ENSG00000290127",0.72839851453314,0.268958472814549,0.01,0.007,1
"TRABD2A",0.728434787029506,-0.207104054829019,0.147,0.148,1
"SLC41A2",0.72862866926397,-0.147375770831167,0.012,0.013,1
"DDX42",0.728927821422782,0.118277568720078,0.189,0.166,1
"PPIEL",0.729129911511524,0.100523275318545,0.012,0.009,1
"JAK2",0.729512724836067,-0.218594737520279,0.037,0.037,1
"ENSG00000287100",0.729735247266383,0.197030994977066,0.011,0.008,1
"TNPO3",0.730041188103907,-0.122271616306588,0.149,0.139,1
"C8orf58",0.730368840927734,-0.293501879558588,0.019,0.021,1
"CLYBL",0.730767112592179,0.107715995067752,0.034,0.028,1
"ENSG00000290876",0.730821109790586,0.166193241436542,0.053,0.048,1
"ZNF689",0.730968439749493,-0.134295654519179,0.046,0.046,1
"ENSG00000290767",0.730988610377146,-0.405343875844674,0.009,0.011,1
"CD109",0.731021078874114,0.257331342729821,0.036,0.027,1
"ZNF845",0.731854916009496,-0.271879698885185,0.037,0.041,1
"BBS1",0.732448027127456,-0.124833781945323,0.049,0.046,1
"APLP2",0.732477443101233,-0.135184673874573,0.136,0.138,1
"ENSG00000286458",0.732700573375896,0.220346925045972,0.025,0.019,1
"GGT1",0.732780446170536,0.147060648290237,0.019,0.014,1
"ENSG00000288891",0.732847852919173,-0.198594574758002,0.038,0.04,1
"PDE4DIP",0.732984926025468,-0.120615815295238,0.109,0.109,1
"PNKP",0.733041034070834,-0.180792181548548,0.092,0.09,1
"RXYLT1",0.733086204204433,0.156013372796702,0.063,0.05,1
"NMNAT1",0.733110216413116,0.142821371198809,0.013,0.011,1
"INAFM1",0.733241490197016,0.168045641683468,0.036,0.029,1
"AP1G2-AS1",0.733427223941645,-0.238631871535636,0.018,0.02,1
"ENSG00000248969",0.734485344436501,-0.134514007724787,0.02,0.02,1
"SS18L2",0.734617739585127,-0.103843514412681,0.378,0.376,1
"SGCE",0.734654614506264,0.241244525270573,0.015,0.012,1
"ZNF81",0.734792320145276,-0.149148787175069,0.025,0.025,1
"ENSG00000235522",0.734842716770393,-0.164490396264293,0.016,0.016,1
"SRSF6",0.734943066800674,0.113016925711164,0.318,0.283,1
"FOXJ2",0.735051531211104,0.103825264466362,0.068,0.06,1
"ARHGAP15-AS1",0.73527848999956,0.220288294983745,0.019,0.016,1
"MTIF3",0.7353096437788,0.127531163552317,0.175,0.153,1
"ZSCAN5A",0.73537149904296,0.173903939308774,0.04,0.033,1
"LRIF1",0.735900592797853,0.276073757244805,0.052,0.04,1
"SEC23A",0.736208016258583,0.12812341901668,0.107,0.095,1
"CLPTM1L",0.736231226227265,-0.121032399712712,0.208,0.205,1
"ENSG00000289827",0.736387136674065,-0.103526954605362,0.012,0.011,1
"ZNF543",0.736403520115897,0.162220875265942,0.026,0.021,1
"ACTR8",0.736444000058221,0.141562230333173,0.072,0.059,1
"KIF1C",0.736467278530543,-0.431523588857573,0.02,0.022,1
"HK2",0.736645425437656,0.147578177039644,0.011,0.009,1
"ENSG00000258317",0.737149328802601,0.367177361041699,0.014,0.009,1
"XPNPEP3",0.737186213203381,-0.126171319095524,0.095,0.091,1
"TGFA",0.737710792280284,0.394065696147606,0.031,0.023,1
"NIPA1",0.737939539427478,-0.237066980108342,0.035,0.035,1
"KIAA0753",0.7379573928691,-0.188452697479562,0.037,0.036,1
"ALG9",0.738226645133096,0.249180991308398,0.062,0.05,1
"L2HGDH",0.73842779145959,0.339930871204322,0.023,0.018,1
"PNPO",0.739580798275683,0.197055040772507,0.019,0.014,1
"KPNA2",0.739585523523083,-0.128865603375502,0.153,0.148,1
"ENSG00000227598",0.740082586618991,0.223334139030474,0.019,0.014,1
"REEP4",0.740165246696079,0.130924407080384,0.044,0.036,1
"GALNT1",0.740272845828102,-0.142310310078574,0.09,0.089,1
"SLC16A13",0.74032495568067,0.357704959677978,0.015,0.011,1
"USP30",0.740376738338528,-0.219564737925051,0.028,0.029,1
"TMEM201",0.740835250252556,0.260497648915361,0.012,0.009,1
"ZNF16",0.740885832579224,-0.236631400221802,0.019,0.02,1
"ENSG00000291124",0.740937299337034,-0.173636801306921,0.033,0.034,1
"ZSCAN12",0.740942752119618,0.112622232616149,0.018,0.015,1
"SLC22A23",0.741067378536029,-0.196305580902643,0.066,0.068,1
"TCFL5",0.741298384352899,-0.196117857325121,0.034,0.033,1
"ZNF850",0.741599159502638,0.197472228664013,0.021,0.018,1
"ENSG00000250075",0.741725728087078,-0.246429039396669,0.021,0.022,1
"ENSG00000287510",0.742150481973691,0.16561478121617,0.025,0.021,1
"STAMBPL1",0.742374134856789,0.252740135901497,0.06,0.047,1
"ENSG00000238221",0.742608347865733,0.53037321233773,0.011,0.007,1
"CCSAP",0.742862348766108,0.187588417676211,0.048,0.04,1
"KCTD9",0.742882550701978,-0.138041482491416,0.04,0.035,1
"TTC30B",0.742919392395786,-0.439526203678848,0.012,0.014,1
"USE1",0.743331130063661,-0.115311408335759,0.183,0.181,1
"FGFRL1",0.743334733482536,-0.171949381255278,0.014,0.014,1
"GIN1",0.743455616736142,0.106765985236768,0.03,0.026,1
"TRBV23-1",0.743469689195205,-0.148208495173106,0.009,0.012,1
"RNF213-AS1",0.743609729110789,0.309703992291963,0.022,0.016,1
"C11orf21",0.74367509906996,0.173176185113781,0.02,0.016,1
"NUDT7",0.743742375163071,-0.458741147140421,0.01,0.012,1
"USP27X",0.74387207220357,0.320350608846346,0.033,0.026,1
"ENSG00000289206",0.743960502950403,-0.498926681596627,0.008,0.011,1
"BLOC1S3",0.74431472159549,0.193788038542942,0.021,0.016,1
"ACY1",0.745233000920905,-0.544870766494538,0.01,0.013,1
"SLC37A4",0.746155775307532,-0.147794632123765,0.018,0.015,1
"ULK1",0.746304666571517,-0.150797031261361,0.074,0.074,1
"SERPINB9P1",0.746616813463263,0.387634438291145,0.019,0.013,1
"SAV1",0.746781791968399,0.272755086665943,0.034,0.026,1
"ARFIP1",0.746848595933302,0.234579995199945,0.05,0.039,1
"USP12",0.747392200562331,0.175218503361297,0.167,0.141,1
"ORC6",0.747498245846087,0.226156390619657,0.016,0.013,1
"LRRC57",0.747506130913442,0.158980025950573,0.041,0.035,1
"ENSG00000233461",0.747817964488294,0.306022942834733,0.021,0.016,1
"CORO2A",0.748096632599949,0.192330186881791,0.035,0.028,1
"ZNF295-AS1",0.748238432707171,-0.257013054095987,0.011,0.009,1
"XKR8",0.748278795709862,0.106302804738146,0.065,0.055,1
"PDE8A",0.748682897410894,-0.138067993891416,0.089,0.088,1
"CEP19",0.748746676680397,-0.213191973026729,0.048,0.042,1
"CNTROB",0.748933343796576,0.235497434248191,0.019,0.014,1
"ENSG00000290366",0.749048019522161,0.168119505623681,0.014,0.009,1
"TRIM41",0.749058339191248,0.252225041039007,0.031,0.023,1
"ADAM23",0.749080881281456,0.20614669238949,0.032,0.026,1
"ANKS3",0.749243135760085,0.122019660891132,0.033,0.027,1
"FUT4",0.750614890824522,0.21818611858018,0.029,0.025,1
"ENSG00000262823",0.750637177842364,-0.171897397206347,0.011,0.012,1
"ENSG00000290646",0.751232745640408,-0.288033550167476,0.011,0.012,1
"VPS35L",0.752036631511648,0.13956416283084,0.08,0.067,1
"E2F1",0.752126084009401,-0.138939568737918,0.009,0.011,1
"PINX1",0.752233142718266,0.175976966606825,0.088,0.074,1
"RSAD2",0.752502617397293,0.115361378232555,0.065,0.056,1
"H4C6",0.752546917093039,0.329666884428955,0.023,0.015,1
"ENSG00000291264",0.7525530232993,-0.230384089920345,0.01,0.012,1
"SYNC",0.75258031151633,-0.137534714626446,0.18,0.173,1
"MECR",0.753071119929081,0.398656135951412,0.022,0.016,1
"UNC13D",0.753194569088748,0.245251285533041,0.041,0.032,1
"BCKDK",0.753658059894231,-0.220198950799999,0.064,0.066,1
"PIGM",0.753707605977273,-0.284407900257388,0.038,0.041,1
"SLFN11",0.753800662370085,-0.237512959096343,0.018,0.02,1
"EIF4EBP2",0.754041105250933,-0.100279176536087,0.185,0.181,1
"TMEM70",0.754167761827928,-0.136655585595527,0.193,0.191,1
"CRLF1",0.75419885974988,0.227240240301229,0.019,0.015,1
"PAXIP1-DT",0.754210097501409,-0.170954783128702,0.056,0.055,1
"ZBTB17",0.754561275243721,-0.270504087921368,0.079,0.083,1
"ZBTB5",0.754578651902828,-0.108669807847485,0.055,0.057,1
"RCBTB1",0.754667378402134,0.159846718723972,0.044,0.036,1
"LINC02976",0.754810487853191,-0.167363503791989,0.014,0.014,1
"ENSG00000265204",0.754816383275932,-0.33271578690726,0.013,0.015,1
"LINC01122",0.755511258544087,0.410111772601219,0.011,0.008,1
"ARL10",0.75557339513204,-0.110794862715693,0.031,0.032,1
"ZNF485",0.755853616353466,-0.267726922706598,0.016,0.015,1
"ENSG00000257342",0.755870705331082,-0.109770943742257,0.013,0.011,1
"ST7L",0.755872800306232,0.232242946628962,0.034,0.027,1
"SHC1",0.755902207929117,-0.121469813187201,0.092,0.093,1
"AGAP3",0.755931413515328,-0.140762226360679,0.026,0.027,1
"MED18",0.756685823813194,-0.193300510683196,0.035,0.033,1
"ZNF211",0.756776672465036,-0.141429371400828,0.075,0.073,1
"PDCL",0.757169296153306,-0.116351490266657,0.089,0.088,1
"SEPSECS-AS1",0.757237432580241,0.379794205313314,0.014,0.011,1
"PRKAG2-AS1",0.75725173286795,-0.28704010656422,0.023,0.025,1
"TRABD-AS1",0.75728399509148,-0.211551078802343,0.033,0.035,1
"CAPN1",0.757454796036813,-0.164987709299572,0.085,0.087,1
"WRAP73",0.757696552925867,-0.162097110118866,0.115,0.117,1
"SLC9A3-AS1",0.757967398840386,0.233243525781214,0.015,0.012,1
"NBPF14",0.758049961704588,-0.131554093317696,0.066,0.063,1
"MEPCE",0.758315305894274,-0.178497735955026,0.097,0.096,1
"SFT2D2",0.758542413808345,0.132071189540776,0.138,0.118,1
"ZNF707",0.75874724835444,0.231274392619246,0.037,0.03,1
"ENSG00000287269",0.75900723487094,0.3213351587028,0.01,0.007,1
"HCFC2",0.759639475397987,0.103872339523265,0.068,0.06,1
"NBPF9",0.759961981529159,-0.172978870657604,0.047,0.047,1
"THTPA",0.75998973095703,0.312424473441899,0.026,0.02,1
"RAB11FIP5",0.760242523007576,-0.452800615743902,0.011,0.013,1
"C1QTNF7-AS1",0.760405680426715,-0.121599068670486,0.014,0.014,1
"ENSG00000285976",0.760547066195772,0.277839625554545,0.012,0.009,1
"BEND5",0.760591999720539,-0.156051671615146,0.033,0.034,1
"ZNF441",0.760661395133575,-0.241738205304832,0.009,0.011,1
"NKG7",0.760694072988294,-0.595651921674542,0.008,0.011,1
"GUSBP2",0.761110315300747,-0.369750177005566,0.011,0.013,1
"ZDHHC24",0.761285412451715,-0.266464159461802,0.039,0.04,1
"LST1",0.761443817678172,0.131720272728762,0.024,0.021,1
"WDR11",0.76163967342244,-0.147463898065687,0.052,0.048,1
"ASB6",0.761642851933725,-0.16371134746583,0.086,0.084,1
"ENSG00000268362",0.761754837127524,-0.297593815316746,0.03,0.029,1
"MUTYH",0.762084070533184,-0.112268769569612,0.1,0.102,1
"COG4",0.762164442120507,-0.379117650654632,0.035,0.039,1
"LLGL2",0.762363461340432,-0.338452779049122,0.017,0.019,1
"ZNF394",0.762844516591655,-0.124594391924377,0.17,0.169,1
"SKIC2",0.762904794440768,-0.107483782190421,0.081,0.078,1
"CASD1",0.76337989933719,0.144174402852189,0.096,0.08,1
"ENSG00000288061",0.764134454393719,-0.347394087474995,0.037,0.042,1
"DEPDC5",0.764246531203786,-0.316178649720637,0.037,0.041,1
"TMEM191B",0.764470228036257,0.27029755248993,0.01,0.007,1
"ENSG00000278730",0.764831969708368,-0.468521758747967,0.009,0.011,1
"AASDH",0.764975944727132,0.221317432328118,0.079,0.067,1
"P4HA1",0.765099730977226,0.150514059988657,0.082,0.07,1
"GTF3C5",0.765137457574841,-0.191679728736214,0.139,0.143,1
"ZNF252P",0.765308529857323,-0.477543458352542,0.012,0.014,1
"AMPD3",0.766028744866319,-0.18992588496609,0.061,0.064,1
"ZMYM3",0.766136519605207,0.249959369594094,0.024,0.018,1
"TIRAP",0.766149024287253,0.288844847154588,0.013,0.009,1
"RRN3P3",0.766227247792198,0.12859295437572,0.034,0.028,1
"ENSG00000289047",0.766302215682273,-0.156766107790149,0.029,0.027,1
"NT5DC3",0.76645838451543,-0.300911595589903,0.016,0.015,1
"ENSG00000272211",0.766612295084392,0.264428571050724,0.02,0.014,1
"CMPK2",0.76686440424315,-0.132897511545292,0.041,0.042,1
"MANF",0.767012514457982,-0.102552202034901,0.241,0.237,1
"KCNJ13",0.767205217542037,-0.563309824262755,0.012,0.013,1
"TMEM107",0.767217825534169,-0.323172895813105,0.035,0.04,1
"SFXN5",0.76776626596825,-0.163283355387781,0.013,0.012,1
"HYAL2",0.76788498216794,-0.678227614478085,0.01,0.013,1
"ZNF287",0.768026115561612,-0.161548989876072,0.044,0.043,1
"TNFSF12",0.768089464807099,-0.198165201762339,0.064,0.064,1
"NBPF1",0.768413342437451,-0.139591066926569,0.075,0.071,1
"RAD18",0.768533442452506,0.120258103974905,0.063,0.053,1
"ARMC9",0.768545402851363,0.231075750224846,0.054,0.043,1
"FIZ1",0.768767126285443,-0.194850191740841,0.053,0.054,1
"ENSG00000197813",0.769404374881053,-0.193836579337861,0.024,0.026,1
"ENSG00000290018",0.769413160617655,0.145567247149689,0.038,0.03,1
"CTBP1-AS",0.769413238012648,-0.408907811747255,0.015,0.016,1
"THUMPD2",0.770896931831095,0.124050204196823,0.069,0.063,1
"LINC02256.1",0.771029772259461,0.228196667325204,0.07,0.061,1
"RNF157-AS1",0.77112697939229,0.244628434312508,0.032,0.025,1
"NXT2",0.771438785885044,-0.318784356084709,0.029,0.032,1
"N4BP3",0.771551213315825,0.272580441264254,0.022,0.015,1
"SLC22A5",0.771580443679053,0.289167489639246,0.023,0.018,1
"XKR6",0.771646141783784,0.179070598827502,0.036,0.029,1
"NFRKB",0.771842816381926,0.184273164666561,0.095,0.08,1
"MMAB",0.771929543349975,-0.118279575586617,0.05,0.052,1
"ENSG00000290835",0.771968130949385,0.28927057073088,0.022,0.018,1
"ENSG00000288827",0.772189500859701,-0.38662697101611,0.019,0.02,1
"HSDL2",0.772229157125746,-0.240009882675056,0.04,0.041,1
"LIX1-AS1",0.772614837915572,0.335712368337035,0.011,0.008,1
"CD63",0.77284966160765,-0.203956328273534,0.05,0.053,1
"IMMP1L",0.773391768305075,0.170994702859271,0.127,0.108,1
"ZNG1C",0.773403504110696,-0.528265305893314,0.013,0.015,1
"LPCAT3",0.773439719939951,-0.122648714418126,0.131,0.13,1
"ATE1",0.773753410515771,0.116609528900812,0.148,0.129,1
"ANKHD1",0.77399454528295,-0.110732092815558,0.348,0.337,1
"PBLD",0.774463927219255,0.215510071759523,0.014,0.012,1
"ANO9",0.774675695824627,-0.17131588130923,0.053,0.056,1
"DLG2",0.774919483695099,0.283355640699279,0.023,0.018,1
"XYLT2",0.775271383180891,-0.196553485810017,0.012,0.013,1
"USP7",0.775369632270794,0.140923524750372,0.166,0.141,1
"ENSG00000259088",0.776040737283918,0.35573935375588,0.014,0.009,1
"ENSG00000273674",0.776189826448815,0.239327673694309,0.012,0.009,1
"SLC25A42",0.77641528851848,-0.286904086698013,0.035,0.037,1
"PPIL1",0.776464362738934,0.150695009277566,0.07,0.056,1
"CBX8",0.77692436998325,0.470617241444718,0.014,0.009,1
"RIOK2",0.777099042367053,-0.103884356454625,0.132,0.13,1
"GHDC",0.77712068210485,0.154062415862887,0.011,0.009,1
"CROCC",0.777236550097498,-0.149005056750942,0.043,0.044,1
"C2CD2",0.777456160289315,0.439932465491804,0.016,0.011,1
"NSUN5P2",0.779096827096347,0.168107301267773,0.051,0.043,1
"SNAI3",0.779100328407457,-0.273826933239818,0.022,0.022,1
"AFTPH",0.779479596110329,0.10805219992906,0.222,0.191,1
"METRN",0.779564876332847,0.195000331971366,0.014,0.013,1
"DHRS7",0.779679263286465,-0.197912324939276,0.033,0.035,1
"KATNBL1",0.779732828445404,0.105079194307984,0.18,0.153,1
"ATN1",0.780156629660388,0.159990346007245,0.031,0.027,1
"ENSG00000288755",0.780214093372042,0.178609689501808,0.018,0.015,1
"CHST2",0.78050287514252,-0.324757305852281,0.035,0.04,1
"C17orf75",0.780514306652379,-0.219138259899403,0.048,0.049,1
"TMEM44-AS1",0.780606719956644,-0.21660888380371,0.016,0.018,1
"FAR2",0.780709686524768,0.277892378561697,0.021,0.016,1
"UVSSA",0.780829987489068,0.215959601181671,0.037,0.028,1
"FBXL22",0.780832967251042,0.212500072270931,0.021,0.018,1
"ATP10D",0.781131480886969,-0.381674705122859,0.012,0.014,1
"CENPL",0.781518965020986,0.162461063408637,0.035,0.029,1
"RRAGB",0.781742651318962,-0.107734079651441,0.056,0.056,1
"N6AMT1",0.781836011863558,-0.269401800397006,0.037,0.037,1
"MTMR9",0.781993366769879,0.114823806213247,0.055,0.048,1
"ZBTB14",0.78244360265733,-0.125118877646267,0.051,0.046,1
"HEATR3",0.782444883568779,0.186598860804741,0.049,0.037,1
"GLT8D2",0.782806969763058,0.134887410825317,0.011,0.012,1
"LNCRNA-IUR",0.782910471202231,-0.201174916916118,0.053,0.053,1
"LINC00663",0.78291410969179,-0.18091486336666,0.01,0.007,1
"ANKMY2",0.783010707133936,0.310681363260879,0.019,0.015,1
"SYNGAP1-AS1",0.784571418584238,0.269433743906167,0.017,0.012,1
"KIFC2",0.784634034554777,-0.322360166336225,0.028,0.029,1
"SNX11",0.784835763392198,-0.195094098483449,0.031,0.033,1
"FNBP1L",0.784870888066178,-0.142478792480864,0.016,0.015,1
"BLTP3A",0.785030679573505,0.206611870086212,0.039,0.032,1
"CPSF4",0.785233488395705,0.153935900804174,0.034,0.028,1
"PFKFB2",0.785511650206398,-0.399546938764112,0.009,0.011,1
"KIN",0.785638365626399,-0.1227041386083,0.121,0.121,1
"DENND1C",0.785695663705994,-0.165698938705406,0.132,0.128,1
"MED12L",0.7864697806787,0.11686255218184,0.011,0.009,1
"MMD",0.786583098631298,-0.25647859050889,0.027,0.027,1
"ENSG00000232995",0.786688647835301,0.319789260801299,0.011,0.007,1
"EDRF1-AS1",0.787426036028959,0.317072443042615,0.011,0.008,1
"SFT2D3",0.787510757314521,-0.178770549083998,0.046,0.046,1
"CDCA7",0.788000516877056,0.326689412631989,0.011,0.008,1
"ENSG00000267598",0.788205208111325,0.140642737766159,0.028,0.025,1
"H3C1",0.788517056604667,0.104779576974846,0.01,0.008,1
"LINC02067",0.788818711824282,0.490170103661001,0.012,0.008,1
"ZBTB21",0.788823022091754,0.128095068355101,0.102,0.088,1
"FAAH",0.788947134200476,0.220998695731716,0.011,0.009,1
"GOPC",0.789584564954204,0.11089126527251,0.184,0.159,1
"ENSG00000288924",0.789596686760313,0.263925601668963,0.013,0.009,1
"ALCAM",0.789828116434767,0.436567413704934,0.015,0.011,1
"MAN2B1",0.789844357838119,0.111080972105722,0.161,0.142,1
"IFT22",0.789992590984743,-0.234319434590492,0.044,0.042,1
"ENSG00000285165",0.790112563498201,-0.203842499954507,0.012,0.013,1
"PABIR1",0.790948043280644,0.122773296148561,0.108,0.094,1
"MTRR",0.791174032076044,0.165460436658637,0.095,0.081,1
"CASP10",0.791216609260242,0.134264323930689,0.082,0.069,1
"ENSG00000240571",0.791223249872966,0.412035975121203,0.011,0.007,1
"ZXDA",0.791237251042871,-0.31362210560328,0.015,0.018,1
"RFLNB",0.791553624582089,-0.227225574864818,0.028,0.029,1
"UBE2T",0.791695584091141,0.113737030393646,0.045,0.04,1
"ABAT",0.792315590343287,0.210438743784783,0.039,0.03,1
"ENSG00000291156",0.792564258237324,0.136993160648669,0.012,0.011,1
"MROH1",0.792887567905815,0.101974963081637,0.051,0.041,1
"HSD17B1",0.79291534975766,-0.127225019575185,0.015,0.014,1
"ENSG00000263990",0.793065893628741,0.301209126923943,0.01,0.008,1
"ZNF440",0.793266438329691,0.403322387457128,0.015,0.011,1
"ZBTB6",0.793314321561072,-0.227877379322186,0.065,0.066,1
"UBXN2B",0.793377927861302,-0.202803630819777,0.077,0.078,1
"SIK1",0.7934025976485,0.129865849808381,0.039,0.033,1
"L3HYPDH",0.793717737909594,-0.223190399869496,0.015,0.016,1
"ZNF92",0.794429278235336,0.192996464131563,0.1,0.085,1
"FBXO45",0.794953599506741,0.174020674733156,0.06,0.052,1
"ENSG00000262370",0.794967724256516,0.18202403137069,0.016,0.013,1
"CAD",0.795375767007291,-0.21623703217942,0.027,0.028,1
"PFN2",0.795456653981147,0.119885456072904,0.019,0.015,1
"CDC23",0.795874008816618,0.131410550675021,0.094,0.081,1
"LRRC70",0.795889675244448,-0.574576422461916,0.009,0.011,1
"GCAT",0.795942363537488,-0.285467323387805,0.01,0.008,1
"PSMD6-AS2",0.796452696089371,-0.180775375181081,0.024,0.022,1
"ENSG00000289180",0.796685138781203,0.101807670592224,0.014,0.011,1
"ACAD9",0.796780235289983,0.136211075168844,0.058,0.047,1
"NOB1",0.796831608699113,0.109687420013831,0.238,0.215,1
"BLCAP",0.797734789313175,-0.100102716672763,0.222,0.222,1
"FBXW7",0.798972303376448,-0.100466179092553,0.201,0.192,1
"SH3TC1",0.799019708465466,0.111064782956211,0.021,0.019,1
"TOLLIP",0.799161311662895,-0.113827405228794,0.165,0.162,1
"BBS10",0.799561565140769,-0.35281342612133,0.013,0.014,1
"NCAPG2",0.799751673552076,0.262471120000598,0.016,0.013,1
"IRF2BP1",0.799826535370428,-0.181338427321232,0.128,0.13,1
"ZBTB7B",0.799857726734572,-0.20110668386372,0.029,0.029,1
"NACC1",0.799875536890838,-0.232919832059409,0.044,0.046,1
"HSH2D",0.800575755435432,-0.192386810674427,0.074,0.074,1
"AGPS",0.801322872938098,0.185245465131048,0.092,0.076,1
"POLR1F",0.801926802669586,-0.1055092844366,0.108,0.108,1
"OBI1",0.802091650990118,-0.133948824256794,0.111,0.109,1
"ERI1",0.802517732181276,-0.228792264072778,0.045,0.044,1
"LINC00205",0.803226449440329,-0.351310471098481,0.016,0.018,1
"DNMBP",0.803909703141118,-0.131664587473444,0.023,0.023,1
"CHMP6",0.803920183127608,-0.191945938960283,0.075,0.076,1
"ENSG00000259138",0.803967926430533,-0.106687140526463,0.011,0.012,1
"RBM5-AS1",0.804220408892039,0.395722116059704,0.012,0.008,1
"DVL1",0.804467463813284,0.203799987281169,0.024,0.02,1
"C18orf25",0.805123782385877,-0.136064335092424,0.111,0.112,1
"ERCC4",0.805451701764064,-0.155079006107666,0.062,0.06,1
"TICAM2-AS1",0.805643008266116,-0.11983031202227,0.023,0.022,1
"DGUOK-AS1",0.806137686239904,0.140120594384825,0.013,0.011,1
"SMUG1",0.806298254502123,-0.188895453985361,0.024,0.025,1
"CAMTA2",0.806570881579669,-0.148401767598247,0.051,0.049,1
"PLET1",0.806573222969829,0.266875650939792,0.015,0.011,1
"SIDT1",0.806772241644436,-0.151384535764516,0.094,0.093,1
"ABCC4",0.807116038637341,-0.287387951189858,0.022,0.023,1
"GRAP",0.807506980657176,-0.139364970185767,0.2,0.198,1
"ENSG00000290109",0.807592430447841,0.155342427356784,0.07,0.057,1
"ACOT9",0.807631982336493,-0.228509205454589,0.015,0.016,1
"ENSG00000290459",0.807965169973687,0.217353523615873,0.013,0.009,1
"ADGRL1-AS1",0.8080713150197,-0.193935779069424,0.023,0.023,1
"STEEP1",0.8084347947439,0.214299693006732,0.049,0.039,1
"TRAV41",0.808653255446798,-0.202307920365392,0.039,0.042,1
"CHEK1",0.808837838860094,-0.276800280211112,0.01,0.011,1
"ENSG00000271780",0.808967120173981,0.309555713285389,0.011,0.009,1
"SLC25A11",0.809309851933235,0.109042586302837,0.098,0.083,1
"TRIT1",0.809559702822533,0.110375881745412,0.085,0.074,1
"ENSG00000259589",0.809700564999653,0.154692348074777,0.097,0.081,1
"FDXACB1",0.810307017023537,-0.275702655472612,0.02,0.021,1
"RWDD2A",0.810553110394707,-0.233159545800861,0.022,0.022,1
"ZNF174",0.810766300064971,0.103629147440503,0.054,0.047,1
"DBF4B",0.811065104799486,-0.423398245263425,0.01,0.012,1
"ENSG00000289226",0.81138362231932,-0.252955902879182,0.012,0.014,1
"PTPN12",0.811850952386423,-0.136272922462107,0.068,0.066,1
"ENSG00000278932",0.811898545680235,0.14693317684507,0.022,0.016,1
"GCLC",0.812379437144909,-0.15377200336466,0.043,0.042,1
"ZNF704",0.812545081061602,0.100939802734535,0.084,0.075,1
"SNX15",0.812713709890453,-0.280238547207772,0.04,0.042,1
"SMC1B",0.812748245307952,0.407694978417406,0.025,0.018,1
"SLC5A6",0.814027552436084,0.236917786867729,0.077,0.06,1
"ENSG00000291262",0.814240471763759,-0.330926142212154,0.018,0.02,1
"UST",0.814263941370743,-0.161697747190511,0.031,0.03,1
"NUP133",0.814942322255027,0.106866425381189,0.152,0.136,1
"NNT-AS1",0.815400544451164,0.194686549067113,0.037,0.029,1
"DPP3-DT",0.815907224488526,0.228220442233496,0.043,0.035,1
"RHOXF1",0.816058549032964,-0.134900288793465,0.031,0.03,1
"PITRM1-AS1",0.816114392894956,0.271942212738624,0.011,0.008,1
"TRAF6",0.816553654787689,0.144330590399642,0.088,0.074,1
"ZC3H18",0.817043883276398,0.136929912950656,0.176,0.155,1
"HSF5",0.817077253749315,0.293593771044709,0.016,0.011,1
"CPT1A",0.817234792719123,-0.15718751590715,0.032,0.032,1
"TMPO-AS1",0.817469096016375,-0.228345988145553,0.034,0.035,1
"GTF2H5",0.817487494317499,0.120565249249805,0.158,0.133,1
"PKNOX1",0.81775145377668,-0.126925264850966,0.075,0.074,1
"ENSG00000280383",0.817923714380426,-0.192077239330075,0.017,0.018,1
"COPS4",0.817949155476053,-0.100452928152722,0.161,0.158,1
"ZNF41",0.818018729331264,0.242166451336629,0.047,0.037,1
"ACBD5",0.818202754766026,0.10951022267043,0.091,0.075,1
"PPP2R5D",0.818887363855177,-0.154953052845179,0.107,0.104,1
"SLC26A6",0.818889934715794,0.117405009045618,0.011,0.011,1
"CCDC191",0.819079898774738,0.105779955431836,0.028,0.025,1
"NTAQ1",0.819545034062031,-0.160148272361122,0.02,0.02,1
"LRP8",0.819990049824489,0.15394264387225,0.014,0.011,1
"GCH1",0.820315260004394,-0.122405559013032,0.122,0.123,1
"ZNF197",0.820437213726525,0.20282499060683,0.019,0.014,1
"CLN8-AS1",0.820628517294401,-0.102770441078019,0.142,0.142,1
"TRIM26",0.820688280085743,0.10358435631307,0.099,0.084,1
"LINC00630",0.821008772313132,0.287274233674513,0.023,0.018,1
"MIF4GD",0.821211574550041,-0.16271230388914,0.089,0.09,1
"ALPK1",0.821863298779134,0.14426216693043,0.057,0.046,1
"PRKAR2B",0.822348362869668,-0.222916550399393,0.017,0.018,1
"CEP97",0.82250488091208,-0.295322106792229,0.04,0.042,1
"SAMSN1",0.822862502446847,0.169745216894069,0.175,0.15,1
"DPH2",0.82299760137279,-0.105678752967079,0.079,0.078,1
"DGCR6L",0.823464139900701,-0.14139221412534,0.244,0.242,1
"GOLGA2P5",0.823473281398036,-0.228989632167747,0.012,0.013,1
"KIF3B",0.823750517192816,-0.157695848613688,0.04,0.041,1
"ZNF646",0.823813982282504,0.243335483703768,0.028,0.022,1
"GUSB",0.823837949466248,-0.189206687234433,0.108,0.112,1
"KIZ-AS1",0.824043437126909,0.362436573523111,0.011,0.008,1
"HPS4",0.824461474473176,0.129780682778656,0.082,0.068,1
"TPM1",0.824607757322014,-0.247229209354655,0.031,0.033,1
"STOML1",0.824905593972509,-0.155214025801511,0.017,0.018,1
"COQ2",0.825082350273845,-0.196106829787548,0.05,0.05,1
"ST8SIA1",0.82526810920821,0.693093296147555,0.01,0.006,1
"TBC1D8",0.825376288053466,-0.172402091551668,0.015,0.014,1
"CROCCP3",0.825973434393637,0.195843389400719,0.013,0.011,1
"ENSG00000289100",0.826261984374869,-0.298394839285236,0.012,0.014,1
"ENSG00000243176",0.826334917058953,0.367523363798162,0.012,0.009,1
"TFB2M",0.826430517666627,0.13706913808888,0.076,0.066,1
"AKT1",0.826570672934916,-0.128772409896513,0.095,0.089,1
"SNTA1",0.82668515699327,-0.447058353239468,0.01,0.012,1
"SEPTIN7-DT",0.826748209159271,0.129549802175472,0.01,0.008,1
"ZNF862",0.827026698081401,-0.119901431692579,0.133,0.13,1
"DLK2",0.827310061895045,-0.335608253085174,0.018,0.021,1
"DNAL1",0.827517781224015,0.239711010212964,0.026,0.021,1
"BCLAF3",0.827739463751816,0.189480266174693,0.033,0.026,1
"PPP1R16A",0.828207697747448,0.339968460118441,0.019,0.015,1
"AGPAT3",0.828243694659431,0.107383275887795,0.137,0.122,1
"EXPH5",0.828256809344031,-0.166149278161282,0.01,0.008,1
"DCBLD1",0.828581575031241,0.143211041346723,0.022,0.018,1
"TLE1",0.828967238220426,-0.212692694344824,0.01,0.009,1
"CAMKK2",0.828977418667302,-0.16581305287697,0.026,0.025,1
"ENSG00000259865",0.829487877050739,-0.135817769226097,0.02,0.02,1
"ZNF124",0.83018548242791,0.159450739727877,0.081,0.071,1
"CLDN15",0.830642455162882,-0.481165217770013,0.009,0.011,1
"MEX3B",0.831113642848982,0.113142592579549,0.01,0.009,1
"HLTF",0.832268610627717,-0.217464094559718,0.071,0.071,1
"GFOD2",0.832650303152939,-0.202253947767346,0.06,0.06,1
"GDPGP1",0.832874697041103,-0.344332684175167,0.013,0.015,1
"TRMO",0.832943493758653,-0.153542395089688,0.148,0.146,1
"DMWD",0.833495067756296,-0.237596023992257,0.04,0.041,1
"ENSG00000251143",0.833629054243212,0.107349973205154,0.051,0.044,1
"CCDC144BP",0.834032629952027,-0.183291918032513,0.041,0.041,1
"ERFL",0.834118208249778,0.309514928371531,0.016,0.012,1
"MIATNB",0.83430316505952,0.124538482218851,0.076,0.066,1
"MIR23AHG",0.834447376527771,0.347268020450867,0.044,0.037,1
"ZKSCAN2",0.835032808342573,-0.194457458223759,0.012,0.012,1
"TRDV1",0.836248088782373,-0.494271224445212,0.014,0.018,1
"ZNF384",0.83637780852663,-0.129067421200971,0.177,0.174,1
"FZD1",0.836446451386263,-0.358870157659378,0.009,0.011,1
"ENSG00000257496",0.836470332859684,0.452188004611925,0.011,0.008,1
"LSM14B",0.836823129410477,-0.154737614135271,0.088,0.088,1
"TRAV8-6",0.837145185073222,-0.156521623594569,0.044,0.044,1
"LINC02390",0.837555700178248,-0.317455304054906,0.012,0.013,1
"FHL1",0.838178428497367,0.237382882026356,0.031,0.025,1
"CCDC152",0.839036658213999,-0.12354852725874,0.02,0.021,1
"UBXN8",0.839238103263787,-0.361792191828449,0.016,0.016,1
"MAP3K5",0.839302690793586,0.310939457523721,0.032,0.025,1
"ARSG",0.839937940158733,-0.199119159809548,0.013,0.012,1
"NHLRC3",0.840315565428333,0.292951908173553,0.034,0.026,1
"PHYKPL",0.840776184870343,-0.10199713095059,0.226,0.215,1
"ENSG00000286035",0.841040334263763,-0.27107520449759,0.01,0.011,1
"RBM5",0.841073832523752,0.133773881394779,0.314,0.276,1
"METTL25",0.841093884804218,-0.172348278540813,0.062,0.059,1
"AVIL",0.84120942359751,0.111428510917791,0.01,0.008,1
"MRNIP",0.841495068163226,-0.12517698405058,0.067,0.063,1
"ACOX1",0.841567665953261,0.176966607592006,0.071,0.059,1
"PML",0.841628269976812,-0.127319594932165,0.118,0.115,1
"INSYN2B",0.841819552565214,0.33998811812003,0.013,0.009,1
"NANP",0.841987844601228,-0.262525588143546,0.01,0.011,1
"MOSPD3",0.842167046620424,-0.268656767817903,0.032,0.034,1
"ZNF202",0.842288546434264,0.145879683602018,0.036,0.029,1
"NEDD4L",0.842509502699417,-0.291220264498845,0.012,0.013,1
"MRPL53",0.842715081247435,-0.10659660758459,0.051,0.052,1
"PCYOX1L",0.843104478967054,0.165746325436013,0.018,0.013,1
"ENSG00000289370",0.843196522842793,-0.350779994951701,0.019,0.021,1
"ATP6V0A1",0.843561121910048,0.143373809483387,0.017,0.014,1
"ENSG00000239300",0.84358207441129,0.60702278603494,0.011,0.008,1
"PXK",0.843811813014376,-0.184733595265708,0.083,0.084,1
"TOB2",0.843823973852018,-0.115456038638834,0.074,0.071,1
"FAM8A1",0.843847766163076,0.136641691076943,0.062,0.054,1
"STOX1",0.843911952535004,-0.32706289045103,0.013,0.014,1
"ZBTB47-AS1",0.844414549937219,0.220298862765981,0.028,0.023,1
"UQCC3",0.845160589378284,-0.135529703559648,0.09,0.093,1
"DNAJB5",0.845180432131096,0.434795086814866,0.01,0.007,1
"INPP5D",0.84591202300156,0.162916617985821,0.205,0.167,1
"APOBEC3D",0.846055419092695,-0.394097579891807,0.009,0.011,1
"MACROH2A2",0.84615141187222,-0.215847663818638,0.011,0.012,1
"IMPA1",0.84633077550015,-0.179530322852695,0.083,0.083,1
"TWSG1",0.846629127459621,-0.212363705376082,0.03,0.03,1
"SVIL-AS1",0.846650070710333,-0.243154254751687,0.015,0.015,1
"ZNF367",0.846983806490591,0.293205798461311,0.017,0.013,1
"SGPP1",0.847052282916227,-0.168758986433958,0.076,0.075,1
"ENSG00000248664",0.847741762164094,0.269663346675451,0.01,0.007,1
"ZNF614",0.848105427631622,0.138273520196164,0.054,0.046,1
"LONP1",0.848278433629785,-0.10663698821113,0.102,0.093,1
"HSPA13",0.848305800720761,0.160520122733679,0.132,0.115,1
"CCDC34",0.848334795382339,-0.336543777942715,0.021,0.022,1
"DCAF6",0.84844709144454,0.102335594139497,0.173,0.15,1
"ZGRF1",0.848600688560793,-0.116834351344976,0.012,0.011,1
"KLHDC7B",0.849109824006301,-0.269533566698872,0.012,0.013,1
"ENSG00000291215",0.84913550436353,0.248066813679295,0.019,0.014,1
"TRBV24-1",0.849181982033203,-0.336577191569982,0.032,0.034,1
"TRBV15",0.849336020353538,-0.305773972897758,0.013,0.014,1
"MIER3",0.849682848627762,0.108518906802341,0.047,0.039,1
"ENSG00000277855",0.849707265143558,-0.106256858609914,0.038,0.037,1
"ARNT",0.849757583686368,-0.105825936071122,0.105,0.102,1
"SUSD6",0.850045890947521,-0.130436503393935,0.063,0.062,1
"TASL",0.850062397810047,0.19380724764975,0.01,0.009,1
"ZDHHC18",0.850247042258367,-0.118421535624917,0.136,0.132,1
"HMGB3",0.850356785426712,-0.178617439965632,0.03,0.028,1
"LMAN2L",0.85050206177197,-0.176335543800688,0.027,0.027,1
"LRRC8C-DT",0.850719993074635,-0.149582196805813,0.052,0.054,1
"ANGEL1",0.851050218085865,0.191596436778756,0.041,0.033,1
"ARHGAP11B",0.851425085912789,-0.224765894746193,0.017,0.019,1
"CCDC39",0.851543509530132,0.207709437705558,0.01,0.007,1
"ENSG00000242628",0.851675002240858,0.163242905466521,0.011,0.009,1
"AP1G1",0.851789290748116,0.127287085038818,0.14,0.118,1
"ZSWIM9",0.852267994596018,0.243620584798534,0.019,0.014,1
"SPSB1",0.852873380231555,-0.274708891353789,0.055,0.056,1
"B3GNTL1",0.853014786271543,0.309667818299729,0.028,0.021,1
"CEP131",0.853390749708775,0.185523444819361,0.018,0.015,1
"ALKBH6",0.853692552473144,0.112631091275745,0.066,0.054,1
"DUSP3",0.853883192858632,-0.113495855811652,0.022,0.019,1
"KLHDC8B",0.854594785267431,0.116333769238531,0.017,0.015,1
"TTLL12",0.85471131521911,0.116370515101813,0.034,0.028,1
"ENSG00000187186",0.854932078698792,-0.211442416575805,0.011,0.012,1
"TBC1D19",0.85500184364955,0.159778542742533,0.047,0.037,1
"WASH6P",0.855153897511781,-0.104898010917396,0.013,0.012,1
"SLC35D2",0.855980601656452,0.246716596338151,0.025,0.022,1
"PKIG",0.856774019755576,-0.107324125645503,0.04,0.039,1
"C3orf33",0.856995139011044,-0.229012033802502,0.011,0.012,1
"PGLS-DT",0.857010828901172,-0.156307448868904,0.018,0.018,1
"FBXW8",0.857317781223796,-0.208101124709151,0.02,0.019,1
"CFLAR-AS1",0.857454540187099,0.302032040053906,0.032,0.025,1
"LINC00115",0.857623147946495,-0.206025879471333,0.018,0.016,1
"NR3C2",0.857900628527337,0.1663884223967,0.015,0.012,1
"SHLD2",0.857949045109487,0.160119818438092,0.115,0.097,1
"MTMR2",0.858487686848384,0.199172419817391,0.029,0.023,1
"ENSG00000283696",0.858770386806674,0.247282332769274,0.011,0.008,1
"TOM1L1",0.858930932553534,0.274602012465254,0.011,0.008,1
"C2orf15",0.859364093926871,0.188530104276376,0.019,0.015,1
"TMSB15B-AS1",0.859549165450898,0.265007893176217,0.01,0.008,1
"ASL",0.859607315612177,-0.37023356933157,0.032,0.036,1
"WDR76",0.859744625695766,-0.163243362937098,0.029,0.026,1
"ENSG00000231681",0.860021512248756,-0.439016211867892,0.009,0.011,1
"NPHP3",0.860431665245366,-0.131170844428808,0.108,0.105,1
"CDK12",0.860562324761163,0.105290307751326,0.205,0.178,1
"ZSCAN21",0.860736028459015,-0.282942934522377,0.031,0.034,1
"PARP2",0.860947903668667,-0.247337319581785,0.03,0.03,1
"CAPRIN2",0.861120997265644,0.169842804968201,0.028,0.022,1
"ENSG00000262879",0.861321776482878,0.112612070243891,0.058,0.05,1
"ENSG00000271533",0.861409162638027,-0.489670585939932,0.01,0.012,1
"ENSG00000258526",0.861439995380069,-0.241070735717531,0.016,0.016,1
"DERA",0.861623709846725,-0.196155979221542,0.046,0.047,1
"FAIM",0.861695480921113,-0.359051544966267,0.022,0.023,1
"LINC00426",0.862102347965788,-0.323883342555368,0.009,0.011,1
"NKRF",0.862876112250712,-0.216680284956692,0.041,0.041,1
"ZNF557",0.862987934715083,-0.147444326063078,0.045,0.043,1
"SNHG19",0.863292541875884,0.163933138112929,0.065,0.057,1
"CNNM3",0.863438000303971,-0.15420169248506,0.054,0.053,1
"ZNF528",0.863649883854206,0.270046526954665,0.013,0.011,1
"ENSG00000289055",0.863650492912605,-0.125330485412562,0.013,0.011,1
"ZNF133",0.863862125405129,0.167451312612487,0.031,0.026,1
"NUP62",0.864044650645589,-0.108492302678992,0.14,0.139,1
"ZW10",0.864358478150469,-0.14072003460256,0.069,0.062,1
"NTHL1",0.864360030439488,-0.440968193755191,0.012,0.014,1
"ZNF257",0.864734233983871,0.192847567533514,0.016,0.013,1
"FECH",0.864771953721733,-0.166774338737289,0.032,0.033,1
"DXO",0.864794153059667,-0.206154392333779,0.08,0.083,1
"ABHD17B",0.864857319184329,-0.278020224769062,0.084,0.087,1
"GCC1",0.865384451649503,0.148094555449525,0.047,0.041,1
"AAGAB",0.865774889392431,-0.103826940931624,0.072,0.068,1
"APOBEC3F",0.865811269897729,0.131963108287642,0.011,0.011,1
"NBEAL2",0.865939038376919,-0.16121184284653,0.033,0.033,1
"TRMT1L",0.866486040674043,0.114442968551906,0.073,0.061,1
"DPY19L1",0.867777927655192,0.268694695465494,0.01,0.007,1
"ENSG00000290099",0.868186202228916,0.385353900890796,0.013,0.011,1
"ZNF790-AS1",0.868488857221698,-0.19076555293228,0.02,0.02,1
"TRIM68",0.868835561657878,-0.113560795597031,0.028,0.028,1
"ENSG00000288744",0.86913624826084,-0.370952544509879,0.012,0.012,1
"MARCKS",0.870098457810564,-0.16425826507685,0.015,0.014,1
"NAA38",0.870865078897148,-0.105983965695244,0.158,0.157,1
"STS",0.871536748628826,-0.319330117249937,0.01,0.011,1
"GTF3C3",0.871918911031668,0.141372257361829,0.071,0.06,1
"SPAG5-AS1",0.872733346973811,0.233962476947081,0.014,0.009,1
"SLC4A2",0.873655938433383,0.108510532578797,0.032,0.027,1
"TRIM65",0.873805273788225,-0.250500415999248,0.031,0.029,1
"CENPU",0.874552913866019,-0.131415085922463,0.014,0.013,1
"KIF3C",0.87459496773762,-0.253378751958484,0.016,0.015,1
"MICA",0.874999500599904,-0.186164880511368,0.026,0.025,1
"ZNF77",0.875121571150313,0.262495794597125,0.016,0.012,1
"RAB43",0.875166976111243,-0.118706789130945,0.156,0.158,1
"PTCD2",0.875499454039312,0.267715973854676,0.019,0.014,1
"PYGM",0.875884588807424,0.157117361828393,0.01,0.008,1
"SMURF2",0.875898039948055,0.106069807135585,0.296,0.266,1
"OSBPL5",0.875999524380664,0.100785112268452,0.017,0.014,1
"ENSG00000287503",0.876244235161623,-0.310786244286636,0.011,0.011,1
"CD8B",0.876466431482663,-0.205350429647378,0.015,0.015,1
"HSPBP1",0.877421282168969,-0.116299871784592,0.142,0.137,1
"RCC1",0.878041612805658,0.208909543388346,0.066,0.054,1
"PIGA",0.878052583560732,0.139690679880752,0.041,0.036,1
"PUS10",0.878749114753303,0.148627764956536,0.016,0.013,1
"C9orf64",0.879209707165144,0.242320385179926,0.012,0.009,1
"ZNF582",0.879218810376529,-0.264766604634977,0.018,0.019,1
"ENSG00000254682",0.87981890660655,-0.109212188055801,0.081,0.077,1
"STXBP5",0.880433032229053,0.12996290092839,0.09,0.071,1
"DUS4L",0.880645240416704,-0.121066308783038,0.04,0.037,1
"ZNF570",0.880719301077377,0.170932482668504,0.04,0.032,1
"SRR",0.880841359413402,-0.202029633502526,0.02,0.02,1
"ALS2CL",0.881149840397529,0.123923226946271,0.027,0.023,1
"GOT1",0.881465556833527,0.109654366033337,0.097,0.085,1
"S100A4",0.881669247172022,0.114282188747111,0.104,0.089,1
"CSRNP2",0.881774504197805,-0.193355915260165,0.041,0.041,1
"RALGPS1",0.881784450521602,-0.29709527010903,0.015,0.015,1
"ENSG00000259097",0.881991558511901,-0.169706128945806,0.039,0.039,1
"ZNF467",0.882521926536918,-0.291727662639211,0.026,0.029,1
"CASC11",0.884398635063117,-0.28552581893848,0.013,0.014,1
"MIA2",0.884725685314469,0.11496161274346,0.155,0.135,1
"EML5",0.884918794105844,0.124736943966878,0.016,0.012,1
"CCDC174",0.88583371994531,-0.109571524733168,0.218,0.212,1
"RALB",0.885944674847569,-0.140413707811957,0.027,0.027,1
"ZNF622",0.88637103316058,-0.108834446982427,0.146,0.144,1
"TRAV18",0.886439572321833,0.179506623682919,0.015,0.014,1
"CTSF",0.886505517206333,-0.124411909770746,0.025,0.022,1
"H4C8",0.887218876712734,0.17093538448198,0.018,0.015,1
"HACL1",0.887526108064969,-0.108980927103069,0.114,0.112,1
"CBX7",0.887575440577361,-0.100736744145459,0.073,0.07,1
"SDHAF1",0.887705853932822,-0.175179936362172,0.106,0.103,1
"GNL3",0.888159489635499,0.107245214744753,0.256,0.225,1
"ENSG00000231731",0.888382733867231,0.272265907185242,0.022,0.016,1
"TMEM104",0.888660678972425,-0.106184787170127,0.024,0.025,1
"ENSG00000265907",0.888879532018152,0.175185302421868,0.021,0.018,1
"ZNF711",0.888961140061676,-0.274828772482814,0.032,0.034,1
"ENSG00000289015",0.889043682787385,-0.189141594414846,0.011,0.011,1
"ENG",0.889067941173493,0.135162572940366,0.01,0.008,1
"KTI12",0.889431476289199,0.20635935565854,0.014,0.012,1
"EOGT",0.889561564961987,-0.176943377330303,0.01,0.011,1
"H2AC17",0.889719866804097,-0.139386151896265,0.016,0.015,1
"STAMBP",0.88981756741792,0.122193835919363,0.107,0.093,1
"CRAT",0.889824006399872,-0.183517422896998,0.017,0.016,1
"DLGAP4-AS1",0.890754776722146,0.179401499350702,0.012,0.009,1
"STX6",0.89076903786876,-0.100831663768533,0.125,0.122,1
"TMEM9B-AS1",0.891146287894812,-0.371622979194979,0.009,0.011,1
"ACP2",0.891747296882436,0.176028438866431,0.03,0.025,1
"HMG20A",0.891803682463569,0.117998367690007,0.124,0.108,1
"LIMD1",0.892103997176308,0.114499532002434,0.03,0.027,1
"KRBA1",0.892176348277051,-0.278594807259276,0.017,0.019,1
"TTLL11",0.892588930208894,0.108980718219225,0.025,0.02,1
"SNRNP200",0.893069920552446,0.108780420900171,0.288,0.255,1
"MAU2",0.893565280432186,0.125344984063362,0.142,0.122,1
"LRRC69",0.893944900494637,0.172827605764756,0.011,0.009,1
"LIN9",0.894081951106312,0.101385785050491,0.055,0.047,1
"CCR4",0.894697883293718,-0.40372193012463,0.01,0.011,1
"TRAV8-1",0.896001985215286,-0.383342814103216,0.025,0.026,1
"ENSG00000253653",0.896234121974713,-0.172300412206353,0.011,0.012,1
"UPK3BL1",0.897225596161893,-0.116738049161322,0.02,0.019,1
"ENSG00000287378",0.89763527274752,0.315761053174658,0.058,0.043,1
"CCNO-DT",0.897663097400193,-0.541098306354703,0.014,0.016,1
"KBTBD3",0.898385788702544,-0.114506193333018,0.037,0.035,1
"ENSG00000257553",0.89843957116255,-0.362970083193591,0.012,0.012,1
"SPHK2",0.898461051510626,-0.182482879054223,0.05,0.047,1
"FAM24B",0.898598944042218,-0.202095129793662,0.043,0.044,1
"ST7",0.8990694371489,-0.202976777207416,0.016,0.016,1
"BAG2",0.899812559295769,-0.242005358232877,0.022,0.023,1
"ECPAS",0.900071963295698,0.157504119934334,0.089,0.075,1
"RTL8C",0.900121096686373,-0.106459333060408,0.066,0.066,1
"KNTC1",0.900539939351984,-0.211338718542363,0.016,0.014,1
"ENSG00000267787",0.900686639526186,0.21169496092409,0.037,0.029,1
"HEBP1",0.900729704555609,-0.191206779028307,0.075,0.076,1
"VPS13A",0.90076247218285,0.126602335887797,0.178,0.153,1
"ANKZF1",0.900808876378046,-0.149773890601314,0.12,0.118,1
"ENSG00000258982",0.901295917969237,-0.128240063294959,0.01,0.008,1
"ENSG00000254459",0.902624709594086,0.168218494652487,0.014,0.013,1
"ZNF432",0.902704529962583,-0.185564441405557,0.03,0.03,1
"SAP30L",0.903151460508229,-0.107682011398311,0.149,0.143,1
"ZBED3",0.903693949551983,0.214703783026555,0.03,0.026,1
"TRBV6-5",0.903766147470299,-0.178162150287345,0.041,0.042,1
"NEPRO-AS1",0.904070599819848,-0.106641783595968,0.086,0.082,1
"UQCC1",0.904173901810855,0.165482955871717,0.053,0.044,1
"TRBV18",0.904198225993189,-0.300376859793758,0.04,0.042,1
"ANKRD27",0.90499022913206,0.154225604985256,0.053,0.044,1
"SPDYA",0.90542584140481,-0.176826810613878,0.01,0.009,1
"HDDC3",0.905462775217821,-0.122943708322998,0.06,0.059,1
"ENSG00000286020",0.906479380650371,0.146100923008762,0.057,0.046,1
"TRBV7-6",0.90672095344523,-0.323112904491766,0.013,0.014,1
"ENSG00000287965",0.907157679894121,0.142701641588039,0.013,0.011,1
"MPPED2",0.907398673961862,-0.102676530682795,0.021,0.021,1
"TRBV12-3",0.908453145704899,0.506340357229975,0.024,0.022,1
"WAPL-DT",0.908496913602315,-0.502774567059639,0.01,0.012,1
"PRUNE1",0.908608740034341,0.12078355340432,0.089,0.078,1
"TMLHE-AS1",0.909091869561484,-0.275725623712321,0.013,0.013,1
"XNDC1N",0.909102497788415,0.16431618398554,0.036,0.028,1
"GALE",0.909202691779318,0.11298846432741,0.021,0.018,1
"RAB35-AS1",0.909210711534981,-0.151209568313766,0.032,0.029,1
"SMPD1",0.909354302903862,-0.11246843379294,0.252,0.255,1
"ZNF546",0.90956097656864,0.123039019968521,0.016,0.013,1
"MAP3K20",0.909818826949183,-0.210642394695726,0.011,0.011,1
"SMIM13",0.91005254212961,-0.133362767106718,0.047,0.046,1
"ENSG00000291047",0.91035454798198,-0.113554145470072,0.029,0.028,1
"EXOC1",0.910497793908473,0.114031611760578,0.108,0.096,1
"ZNF519",0.911978830003909,-0.220179836874089,0.041,0.043,1
"NAPA-AS1",0.912146503329123,-0.286858733198348,0.017,0.018,1
"PLPP6",0.912453045039645,0.205470460844767,0.021,0.018,1
"AK9",0.912762041148858,-0.114092246358198,0.056,0.054,1
"NCK1-DT",0.91289157832792,0.107417888355875,0.014,0.012,1
"H2AC15",0.913625559508939,-0.141812565321676,0.015,0.013,1
"ABRAXAS1",0.913698141382267,-0.105857856636708,0.156,0.152,1
"ENSG00000270066",0.913760523962214,-0.307738742728815,0.011,0.012,1
"FAHD2B",0.913862598273983,0.103730113911426,0.038,0.033,1
"SGF29",0.914682343012922,-0.132450237204257,0.265,0.259,1
"COQ9",0.914849612441919,-0.102807792146764,0.084,0.081,1
"GINS4",0.914924542468974,0.130050508961398,0.011,0.008,1
"PANK2-AS1",0.914953212416378,0.216167877942379,0.017,0.013,1
"ING2-DT",0.915571416469472,-0.316473517597566,0.026,0.027,1
"SLC43A2",0.915819978540362,-0.560914536869521,0.018,0.021,1
"DDX51",0.915954712207552,-0.110478876028398,0.061,0.057,1
"ZNF319",0.916411292548402,-0.211995827712604,0.02,0.02,1
"SLC39A14",0.916643311261255,-0.122504948819198,0.013,0.013,1
"ENSG00000246225",0.916784275199127,-0.105893207677345,0.025,0.023,1
"NAXD",0.916798293569395,0.116760465499304,0.061,0.053,1
"BRF2",0.916962176199714,-0.132321757785271,0.066,0.064,1
"NEXN",0.917554757715316,0.318673501537645,0.014,0.011,1
"CACNA1C",0.917561097737019,-0.321040165038442,0.011,0.012,1
"NPIPB11",0.917782614967357,0.39851759243745,0.017,0.012,1
"ENTPD7",0.918906137706988,-0.243235188106557,0.015,0.015,1
"ZFAND2A-DT",0.919307089603994,-0.373797699718232,0.012,0.014,1
"MALSU1",0.919482587143854,-0.1012566487625,0.213,0.206,1
"TMEM260",0.919651591481056,-0.105814164038654,0.074,0.071,1
"ENSG00000289398",0.919853952818805,0.233348177529903,0.012,0.011,1
"ADAMTS6",0.920332152551236,0.216472287905572,0.04,0.033,1
"SNX30",0.920743701568082,0.33352429600975,0.016,0.012,1
"ZNF567",0.920917509021021,0.115660452896436,0.089,0.078,1
"DTX2",0.921374452749647,0.131406437441178,0.11,0.097,1
"MAK",0.921981473223586,0.182741616066828,0.017,0.013,1
"GADD45G",0.922475924629584,-0.184465233606929,0.031,0.033,1
"ZNF687",0.923025481579356,-0.273513959954528,0.029,0.029,1
"HELLS",0.923222020167199,-0.154691784506307,0.017,0.016,1
"OLFM2",0.923270285415192,-0.108925872674857,0.141,0.135,1
"RNF139-DT",0.923615194139744,-0.333702963547937,0.012,0.013,1
"BTLA",0.92382963534248,0.123545131920487,0.051,0.044,1
"PRDM11",0.923908976916106,-0.146184843217235,0.01,0.011,1
"MIEF2",0.923966987503066,-0.128793352211,0.017,0.016,1
"DDIAS",0.924098792286317,-0.252002705112226,0.019,0.02,1
"USP13",0.924188049117243,-0.133450318005496,0.01,0.009,1
"ENSG00000259201",0.926507394675004,0.106427060075792,0.024,0.021,1
"ZDHHC21",0.926516295395046,0.376653672691904,0.021,0.015,1
"KLHL17",0.927102532522473,0.319997831608884,0.016,0.013,1
"DOT1L",0.927600365909182,0.213067616354579,0.052,0.043,1
"PRMT3",0.927642713448495,0.180860441373599,0.079,0.067,1
"SLC9A3",0.928792729914166,-0.28372359624367,0.026,0.028,1
"PSPH",0.928859743135105,0.115925586429933,0.015,0.013,1
"KRIT1",0.929292450622394,0.120856538379493,0.123,0.104,1
"KMT2D",0.9295110284458,0.108184302312908,0.111,0.096,1
"TAPBPL",0.930386314308151,-0.123077791422024,0.075,0.071,1
"DISC1",0.930904128176579,-0.121706360915421,0.031,0.029,1
"ZNF805",0.930914666933444,-0.131809473596523,0.056,0.054,1
"KRTCAP3",0.931268274103026,-0.251307315387877,0.033,0.034,1
"DECR2",0.932143756401964,0.263509550972058,0.018,0.015,1
"MSRB2",0.932202561183733,0.121146219670226,0.053,0.044,1
"PCYT2",0.932483847443304,-0.145440010982599,0.058,0.059,1
"PXN-AS1",0.93451189909665,-0.146079127464028,0.034,0.033,1
"SH3RF3",0.934516557865728,-0.249185843203737,0.055,0.054,1
"ACCS",0.936046140221121,0.184102510395032,0.015,0.013,1
"CR1",0.936531505547697,0.168893345388431,0.02,0.015,1
"RNASEH1-DT",0.936790137094692,-0.271289837379016,0.023,0.023,1
"CDKL3",0.936801313646011,-0.109853061772987,0.027,0.025,1
"ENSG00000270659",0.936916880513892,-0.324951352883565,0.016,0.018,1
"TRIM11",0.937231960414226,-0.10595629597318,0.083,0.08,1
"FZD3",0.937630191199807,-0.167499169242343,0.012,0.012,1
"CCNB1",0.937882514060528,0.199466956374414,0.023,0.019,1
"GGH",0.937989568809224,-0.114051843884964,0.01,0.011,1
"ADAT1",0.938306927373721,-0.117399540351121,0.025,0.023,1
"CACHD1",0.939209092415267,-0.136435337264018,0.053,0.052,1
"MAP1S",0.939498775864208,-0.106106367964562,0.152,0.146,1
"TBL2",0.940785951060812,-0.167619221840964,0.044,0.043,1
"TDP2",0.941360854676365,-0.152407637970696,0.166,0.159,1
"ZNF718",0.941366803376676,-0.124054657462759,0.08,0.078,1
"PARD3",0.941649583379205,-0.126435655287854,0.05,0.047,1
"DGKH",0.94172792539154,-0.362643301331144,0.013,0.015,1
"SPATA1",0.941790767238409,0.31497847949908,0.02,0.016,1
"GLB1",0.94204765219218,-0.122554100644915,0.046,0.041,1
"ENSG00000261468",0.942659688234055,-0.389486009995673,0.011,0.012,1
"CMTR1",0.942965429068429,-0.132442864215416,0.073,0.069,1
"NR4A1",0.94322951194876,-0.112022025665075,0.027,0.03,1
"UNC5D",0.944027166019626,-0.166684959594768,0.015,0.014,1
"ENSG00000228010",0.944233138067866,0.183129404532909,0.018,0.015,1
"C3orf62",0.944564200429221,0.180609815181852,0.01,0.007,1
"DET1",0.944828431961265,-0.182366804255605,0.012,0.012,1
"ZNF792",0.945003485884745,-0.113174445588076,0.021,0.019,1
"ZC2HC1C",0.945504261762899,0.160923701620836,0.012,0.009,1
"ZNF483",0.945561262658193,0.196171073075631,0.02,0.014,1
"PPP4R3B-DT",0.945659716880164,-0.120135705809148,0.031,0.033,1
"FAM86DP",0.945697973679245,-0.192666361114536,0.023,0.022,1
"ENSG00000231856",0.946080799689514,-0.29357890965717,0.02,0.022,1
"ZSCAN2-AS1",0.946604745187401,-0.253120565653739,0.012,0.012,1
"IFT27",0.946739999414689,-0.131792812060525,0.037,0.035,1
"ENSG00000285730",0.946787102194685,-0.118648625385699,0.029,0.027,1
"ZFP69B",0.946854379958505,0.140543461549048,0.032,0.025,1
"ENSG00000260927",0.947291580403795,0.120613787133,0.012,0.011,1
"CHML",0.947696173744242,-0.153270234973117,0.028,0.028,1
"PIDD1",0.948182668045083,-0.159231543953945,0.029,0.028,1
"MTCP1",0.948222483675231,-0.119270826888104,0.09,0.087,1
"C10orf88",0.948238393891184,-0.131465591781356,0.022,0.021,1
"ENSG00000271380",0.948281163110185,-0.124833662164683,0.025,0.022,1
"MFSD6",0.948369761364223,0.116852577312041,0.108,0.093,1
"CHEK2",0.949153819476416,-0.11305605066723,0.011,0.012,1
"PCGF3-AS1",0.949210266713098,-0.114991934740968,0.042,0.04,1
"FANCD2",0.949311539653601,-0.100425420140663,0.023,0.022,1
"IRF4",0.950215217022243,0.253368062008584,0.069,0.059,1
"PLXNC1",0.950634227266352,-0.207103982370871,0.018,0.016,1
"OBI1-AS1",0.950692409052367,0.160992501164598,0.012,0.011,1
"PECR",0.95083586405047,-0.116248538784038,0.035,0.034,1
"GANC",0.951078651550531,0.148012873138124,0.042,0.036,1
"PARS2",0.951181427842764,0.181618303311564,0.01,0.008,1
"ZNF823",0.951557088183127,-0.192377476076948,0.036,0.034,1
"SEC24B-AS1",0.951621472665572,-0.135287761532309,0.01,0.011,1
"SCAMP4",0.951899522981128,-0.102254749438896,0.071,0.069,1
"P4HTM",0.95279829481205,-0.100883708178477,0.073,0.07,1
"ENSG00000253636",0.952877964059645,0.381795672027765,0.011,0.008,1
"PLEKHO2",0.952994705364117,0.113419724037079,0.012,0.011,1
"HTD2",0.953298496951121,-0.115074174437334,0.046,0.043,1
"BAIAP2",0.954299403778353,-0.12573087048925,0.044,0.046,1
"EPN2",0.954520772280659,-0.100406573408161,0.027,0.025,1
"CIP2A",0.954670818606326,0.120700012660984,0.016,0.014,1
"TRAV36DV7",0.954679243229713,-0.234455330603428,0.022,0.022,1
"PTPN23",0.955984262591465,-0.135946699180089,0.054,0.052,1
"RAB25",0.956703375132157,0.145808553955459,0.011,0.008,1
"ENSG00000275441",0.957862139924402,-0.217552089463016,0.019,0.02,1
"NFIA",0.958046033876089,-0.175640188162806,0.013,0.014,1
"CCDC59",0.958776026732941,-0.105406926039063,0.305,0.297,1
"INTS1",0.958897967178366,-0.180767724144876,0.074,0.073,1
"ATPSCKMT",0.959013862192012,-0.11822487730165,0.01,0.009,1
"ZBTB20-AS5",0.959193162929628,0.273771892911687,0.016,0.012,1
"ENSG00000290786",0.95927309476621,-0.340073703720711,0.015,0.016,1
"SP2-AS1",0.959353343928673,-0.553911951685799,0.011,0.012,1
"INAFM2",0.960500185893408,0.121206811899,0.015,0.012,1
"C2orf27A",0.961667245583669,0.140237476641452,0.02,0.016,1
"ENSG00000272256",0.96195202854539,0.118217443652954,0.051,0.044,1
"NLRP2",0.96221722905938,-0.118678683708151,0.01,0.011,1
"GPSM2",0.962239462623854,-0.201381855265801,0.013,0.013,1
"CRTC3-AS1",0.962441211326035,0.188828212550014,0.015,0.013,1
"ABCB9",0.96298578056507,-0.23134184733097,0.011,0.013,1
"C1orf159",0.963416355593618,-0.121478089937919,0.042,0.041,1
"ENSG00000259001",0.963628496801655,0.193539598057177,0.01,0.008,1
"ENSG00000261386",0.963998805439745,-0.30165210579015,0.023,0.025,1
"DUSP5",0.964127844623281,-0.195341551232628,0.011,0.012,1
"P2RY11",0.964686208763898,0.148888888874595,0.01,0.008,1
"TAF4B",0.964695367148339,-0.126123598415252,0.225,0.218,1
"LIPE",0.964724726809107,-0.176586385172014,0.017,0.016,1
"SERTAD3",0.964725835131666,-0.120773300907054,0.05,0.048,1
"PRADC1",0.96487933651394,-0.140109420448094,0.044,0.042,1
"THNSL1",0.965283944617269,-0.166427822932985,0.018,0.016,1
"LINC02987",0.965670525606129,-0.143395977784921,0.023,0.023,1
"IQCC",0.967039863246899,-0.169031088741862,0.01,0.009,1
"ENSG00000254263",0.967488478632864,-0.126342317660448,0.012,0.011,1
"UBR7",0.967690443158408,-0.117916899012882,0.102,0.097,1
"DPYSL2",0.968704790308652,-0.206796520146516,0.012,0.012,1
"KLHL8",0.968980389710907,-0.119056175648129,0.062,0.056,1
"AKAP13-AS1",0.969171898590548,0.139606708793567,0.039,0.033,1
"EMC2",0.969393675112091,-0.105383532963586,0.133,0.125,1
"METTL25B",0.96975844808322,-0.148416825619082,0.018,0.018,1
"NIPSNAP1",0.971366327000055,-0.165999233728004,0.043,0.039,1
"LINC01993",0.972273879794583,-0.225925756231227,0.018,0.02,1
"ZNF19",0.972275575775539,-0.115895728017914,0.011,0.011,1
"LINC00540",0.972720832109556,0.142767570153704,0.04,0.035,1
"GNAI1",0.973057002371713,0.145643929222211,0.013,0.011,1
"BCL9",0.973070729330678,-0.200574924096969,0.034,0.035,1
"ESR1",0.973277711884528,-0.113000682423152,0.013,0.012,1
"LINC02580",0.973877829013644,-0.204035690094186,0.025,0.025,1
"ERCC8",0.974095167257092,0.118721181961983,0.062,0.056,1
"TESMIN",0.974309506433882,-0.115738296617415,0.01,0.011,1
"PGBD4",0.97586508352406,-0.360525686273758,0.01,0.011,1
"ZNF358",0.975891973887034,-0.207332976985212,0.029,0.028,1
"FSCN1",0.976840400745106,0.121317307888283,0.011,0.012,1
"NFKBIE",0.977019331257439,0.197294495858818,0.032,0.028,1
"MCEE",0.97727952984906,-0.194095503775052,0.032,0.03,1
"SPEN-AS1",0.977882020518152,-0.148894535563817,0.07,0.069,1
"ENSG00000259007",0.978489661144242,-0.213761031862025,0.01,0.009,1
"POLR2J3",0.979648298086363,-0.122637354160329,0.199,0.193,1
"LINC00598",0.980198377196435,-0.110131457364302,0.01,0.009,1
"CABLES2",0.980345543017405,-0.183374039106045,0.011,0.011,1
"ZNF747-DT",0.980930568768389,-0.254006245889321,0.029,0.029,1
"NISCH",0.980933913620637,-0.124370744577632,0.083,0.081,1
"ACP6",0.981479028366904,0.129969054783677,0.019,0.015,1
"IQCE",0.982543116560321,0.110942447655586,0.024,0.022,1
"STARD4",0.982753429978151,0.21814592128778,0.043,0.037,1
"TMEM220",0.984338657617262,-0.102314586116181,0.018,0.016,1
"MEIOC",0.984341275565994,0.291346662349942,0.012,0.009,1
"ZBTB26",0.984350342565751,-0.161866720889115,0.04,0.04,1
"BCL2L14",0.98469852831694,0.124272908653608,0.012,0.011,1
"C20orf96",0.985932355444944,0.114690814615794,0.015,0.014,1
"LINC01036",0.98619405521246,-0.116047605638649,0.012,0.012,1
"CCND2-AS1",0.986264092628678,-0.106599290167102,0.011,0.011,1
"MIB1",0.986424105606936,0.152831787385622,0.062,0.052,1
"CPEB3",0.98659079760716,-0.108176699361736,0.031,0.029,1
"AMY2B",0.988048899625486,-0.173897155858091,0.018,0.016,1
"C1QTNF6",0.988163683946043,-0.229613880619131,0.018,0.018,1
"NUDT18",0.988711765518449,-0.119810056380314,0.041,0.04,1
"CCDC62",0.98971701643486,0.108075605358186,0.01,0.008,1
"TCEAL1",0.992754103326259,0.187314598749119,0.022,0.02,1
"NR1H3",0.993389371266564,-0.16178345780734,0.012,0.012,1
"ENSG00000267694",0.993825488987055,-0.102354248272518,0.021,0.019,1
"SLC7A5",0.993914649284192,0.109648073964976,0.045,0.04,1
"HYCC1",0.994498575465856,-0.148246762513806,0.063,0.061,1
"KLHL11",0.994666379923503,-0.120183135607468,0.063,0.059,1
"RHOBTB3",0.99477657172673,0.152491864494934,0.03,0.026,1
"CHI3L2",0.995422858434896,-0.125011853411879,0.293,0.289,1
"IQCG",0.99588749465359,0.119394175289028,0.026,0.023,1
"TRAV20",0.995952108700808,0.183975403385259,0.022,0.022,1
"AMMECR1L",0.996279561926508,0.111688563902657,0.057,0.05,1
"ZNF320",0.996314014503097,-0.129156987819417,0.018,0.016,1
"APOL1",0.996709681910776,-0.26152256983166,0.018,0.018,1
"CCNT2-AS1",0.996907697112983,-0.107337506268181,0.013,0.012,1
"C2orf69",0.997556553077993,-0.124431310747257,0.069,0.066,1
"EPM2AIP1",0.997610693661901,-0.123177815806763,0.077,0.074,1
"SULT1A1",0.998054641177917,0.200844357709697,0.01,0.008,1
"SAMD3",0.998524641079093,0.103229104492087,0.12,0.104,1
"RNF227",0.99945204997393,0.15343717746708,0.011,0.009,1
"NUP50-DT",0.999768870915827,0.206587911655436,0.033,0.028,1
