"","p_val","avg_log2FC","pct.1","pct.2","p_val_adj"
"ENSG00000289901",6.86375485278468e-267,1.78161732374478,0.76,0.332,1.20637355292543e-262
"RBFOX2",7.43359471550215e-225,-0.584388165666787,0.993,0.997,1.30652860719666e-220
"RPL39",2.21088956719933e-131,-0.224063996604459,0.999,0.999,3.88585950330954e-127
"JUND",1.55213616834319e-121,0.704975062867259,0.959,0.869,2.72803452947999e-117
"RPL34",7.24481780666956e-121,-0.21955788056993,1,1,1.27334917770024e-116
"HBB",1.84295522217701e-115,1.64897812698507,0.268,0.062,3.23917809849831e-111
"MZT2B",7.30033964199219e-107,-0.69608718273402,0.682,0.817,1.28310769547655e-102
"SNHG5",9.54542113609355e-103,-0.829957739770123,0.526,0.676,1.6777032188798e-98
"RPS4Y1",2.23352993645437e-99,0.677340396928604,0.784,0.506,3.92565221631219e-95
"C20orf204",3.22485259319927e-96,4.69623844695445,0.137,0.007,5.66800091780704e-92
"RPL37A",2.82861146230943e-94,-0.228552305223732,0.998,1,4.97156750615506e-90
"FILIP1L",1.76055653129143e-81,1.29749089890301,0.519,0.272,3.09435415939783e-77
"CREM",2.10427870095866e-79,1.07285751072069,0.609,0.397,3.69848024480493e-75
"ACTG1",3.89917374806453e-68,0.570602880155431,0.916,0.833,6.85318777959822e-64
"RPL36",4.1692385745242e-67,-0.164213026696722,0.999,0.999,7.32785371858374e-63
"RPL35",2.76707069221e-65,-0.198286946874065,0.996,0.997,4.8634034486283e-61
"KLHL4",4.72363740514933e-65,9.02154081874941,0.07,0,8.30226510329047e-61
"RPS28",1.71546604868865e-61,-0.140952001327695,0.999,0.999,3.01510312717517e-57
"PPDPF",3.94879952511159e-61,0.422645822135219,0.915,0.836,6.94041004533614e-57
"RPS4X",2.92389058465248e-58,-0.191719046823279,0.997,0.998,5.1390300915852e-54
"CXCR4",6.8502969251708e-57,0.45207260830525,0.956,0.911,1.20400818756802e-52
"MYADM",1.85565207949298e-55,0.734036477390545,0.715,0.526,3.26149409491686e-51
"LITAF",4.38338526003665e-55,0.57378635079294,0.811,0.667,7.70423793304042e-51
"HSPH1",5.08790729981046e-55,0.923911180177648,0.507,0.318,8.94250587014686e-51
"FAM177A1",1.32841129017227e-54,0.555424734475114,0.874,0.745,2.33481568360679e-50
"ZFP36L2",3.51950056604326e-51,0.490311585369909,0.878,0.792,6.18587419487763e-47
"HLA-C",4.08242670531384e-50,0.293111755244007,0.998,0.996,7.17527317725961e-46
"RPL37",1.00649086725465e-49,-0.113024786462192,1,1,1.76900834828677e-45
"NSA2",1.78222552822595e-49,-0.47982270512933,0.692,0.769,3.13243958840993e-45
"CCDC57",2.43904651570595e-49,0.752281309119077,0.553,0.381,4.28686815600479e-45
"RPS6",1.16716819005725e-47,-0.114920978618904,0.999,0.999,2.05141481084462e-43
"CD8A",4.46357762922018e-47,0.51284601946799,0.772,0.649,7.84518404111739e-43
"YWHAZ",6.16964730433326e-47,0.324977067800963,0.974,0.927,1.08437721020961e-42
"CENPK",3.94154522170138e-46,1.524085176655,0.206,0.074,6.92765988166235e-42
"CNN2",5.5678855782762e-43,0.589359246749524,0.645,0.486,9.78611569237826e-39
"RPS27",7.04793931523611e-43,-0.131276278315429,1,1,1.2387458140459e-38
"RPL18A",1.4974501216042e-42,-0.120243057683191,0.997,0.999,2.63191833373154e-38
"ITM2B",1.90284922386649e-41,-0.410224738036749,0.91,0.935,3.34444779586773e-37
"HNRNPA2B1",2.30646328469861e-41,-0.343394408225211,0.93,0.948,4.05383986918628e-37
"TC2N",5.64892684254258e-41,0.935811787769067,0.366,0.203,9.92855381845284e-37
"ABLIM1",1.23290842742264e-40,0.431418144498589,0.928,0.874,2.16695985203804e-36
"RPL35A",2.13355749076146e-40,-0.129630750743432,0.999,0.999,3.74994064576235e-36
"CD8B2",2.22501905450616e-40,7.83334437579644,0.041,0,3.91069349020003e-36
"RPS21",2.71019060279585e-40,-0.116917785061334,0.999,0.999,4.76343100347398e-36
"NPEPPSP1",3.96783603998149e-40,-0.763909916790646,0.248,0.397,6.97386862387147e-36
"CD7",3.92965738260826e-39,0.364552916518022,0.952,0.908,6.90676581567227e-35
"TCF7",1.22102143893828e-38,-0.34923276872203,0.889,0.919,2.14606728107792e-34
"YPEL5",6.99329673032966e-38,0.494252196971312,0.756,0.599,1.22914183332274e-33
"KDM4B",1.55775706627997e-37,0.845559799961108,0.426,0.283,2.73791381969368e-33
"RNASEK",1.73892007321548e-37,-0.397456642779568,0.869,0.905,3.05632592068354e-33
"CD55",1.93522761037532e-37,0.352423864194925,0.92,0.872,3.40135604799566e-33
"GZMM",3.27554859916039e-37,0.563977476847236,0.606,0.45,5.7571042178843e-33
"RPS19",4.17134115551865e-37,-0.102589810732374,0.997,0.998,7.33154921493957e-33
"EZR",4.75083013472538e-37,0.440225727559426,0.945,0.89,8.35005904479333e-33
"SMDT1",5.66595476504564e-37,-0.486796951566086,0.506,0.633,9.95848209504421e-33
"RGCC",2.47370296250182e-36,0.407072437967838,0.895,0.805,4.34778032689319e-32
"SOCS3",2.55232931371776e-36,-1.42157636737224,0.108,0.202,4.48597400179033e-32
"STAT3",7.49877274348108e-36,0.542318838206149,0.662,0.506,1.31798429739424e-31
"ENSG00000278996",1.00718108822647e-35,0.557748116622121,0.824,0.718,1.77022148066684e-31
"SRGN",9.17847258199565e-35,0.418531430139485,0.928,0.869,1.61320834101156e-30
"RPS15A",8.09781244725916e-34,-0.107977709174112,0.999,1,1.42327151573027e-29
"IL7R",1.61933735409973e-33,-0.346376629489381,0.95,0.957,2.84614733356569e-29
"FLT3LG",3.95699280286134e-33,0.34830114061253,0.866,0.759,6.95481055030909e-29
"SH2D2A",1.9476106679007e-32,0.945724944327106,0.313,0.177,3.42312050990226e-28
"CSRNP1",3.99382073069033e-32,0.766383605321469,0.386,0.248,7.01953931626133e-28
"STK17A",1.22750375729574e-31,-0.306154211531975,0.917,0.945,2.15746060382298e-27
"RPLP2",4.7846301104971e-31,-0.10563920067068,0.998,1,8.40946588220971e-27
"SELENOK",5.80428988665102e-31,0.504900340779938,0.59,0.454,1.02016199047778e-26
"TNFRSF1B",1.48974591494643e-30,1.25080497447681,0.198,0.089,2.61837742010985e-26
"GABARAPL1",2.27927763431233e-30,0.637916066229152,0.435,0.296,4.00605837006734e-26
"SERPINE2",6.79947540825075e-30,-1.75619535860436,0.035,0.103,1.19507579775415e-25
"TSC22D3",9.68106218721543e-30,0.389026339821541,0.839,0.736,1.70154349002498e-25
"THEMIS",1.9075635328223e-29,-0.547475035596303,0.412,0.508,3.35273366528848e-25
"SYAP1",2.11091214060458e-29,0.632406798470793,0.493,0.331,3.71013917832661e-25
"RPL38",7.0307096597055e-29,-0.191208501496712,0.997,0.999,1.23571752978984e-24
"BATF",1.1144693655323e-28,-1.73612100162589,0.047,0.109,1.95879135685956e-24
"RPL19",1.2861468601092e-28,-0.10254060729597,0.999,0.999,2.26053172132793e-24
"LINC-PINT",1.3661352145204e-28,0.507744430419933,0.665,0.54,2.40111925304106e-24
"METRNL",1.5977813841323e-28,1.28948204070588,0.163,0.071,2.80826056075092e-24
"C17orf49",1.80302660100457e-28,-0.435469005412092,0.612,0.698,3.16899955392562e-24
"RPL41",2.79141005439905e-28,0.135124639059987,0.999,0.999,4.90618231161177e-24
"RPS24",4.26544252392518e-28,-0.131907983921407,0.999,0.999,7.4969417800509e-24
"UCP2",4.50186812721761e-28,0.448072006910148,0.822,0.706,7.91248342039767e-24
"S1PR4",4.58642903923109e-28,0.415312746174243,0.802,0.698,8.06110767935256e-24
"FOS",5.01028141072645e-28,1.057307318777,0.233,0.142,8.80607060749281e-24
"GPCPD1",9.11380654091028e-28,0.658858424106128,0.421,0.291,1.60184263763039e-23
"LYPD3",9.86591425082329e-28,1.48351287406938,0.175,0.09,1.7340330887247e-23
"HLA-A",1.11963523383268e-27,0.154221863612467,0.999,1,1.96787088698431e-23
"GSPT1",1.72198760230179e-27,0.512206712482589,0.636,0.512,3.02656540980562e-23
"DUSP1",2.36735511567196e-27,0.736950625197621,0.284,0.171,4.16086335130503e-23
"PSAT1",3.92508603521921e-26,-1.74697400512054,0.033,0.092,6.89873121550129e-22
"MARCKSL1",7.56552662121284e-26,-0.450424742478517,0.494,0.604,1.32971695894437e-21
"FOSL2",8.38756323975186e-26,1.64356768759421,0.12,0.043,1.47419811501879e-21
"RPS13",1.02065788851746e-25,-0.110981542675233,0.998,1,1.79390830485829e-21
"PMEPA1",1.09876650614042e-25,0.638872372976535,0.425,0.304,1.9311920111924e-21
"RPL14",1.40033542706412e-25,-0.125196912875195,0.997,1,2.4612295466079e-21
"ZFP36",1.42635486661318e-25,0.434864132203646,0.865,0.774,2.50696131355932e-21
"VIM",1.57424562643763e-25,0.296744131834485,0.99,0.976,2.76689411302678e-21
"ANK3",2.09716167750063e-25,-1.6409592843375,0.036,0.088,3.68597136437511e-21
"PASK",2.94539785747941e-25,0.707338317790256,0.516,0.374,5.17683127430581e-21
"EIF2S2",6.51674401145734e-25,-0.416945031056312,0.574,0.631,1.14538292745374e-20
"TNFAIP3",8.83908649330001e-25,0.475171424476012,0.756,0.668,1.55355784206241e-20
"HLA-DQB1",9.15954604349807e-25,2.41643833842446,0.055,0.01,1.60988181260522e-20
"LTB",1.0184959735897e-24,-0.30883567807051,0.919,0.944,1.79010852318126e-20
"DDX3Y",1.55892374811308e-24,0.601947138553648,0.393,0.247,2.73996437968355e-20
"CYBA",2.03109126247485e-24,0.398330424651552,0.809,0.698,3.56984600292579e-20
"PGGHG",2.13845923994535e-24,0.732745799202232,0.288,0.173,3.75855596012795e-20
"ABHD17A",2.36118936282623e-24,0.384166413914723,0.68,0.565,4.15002642410337e-20
"CIB1",3.64243964329714e-24,0.352762044240287,0.776,0.683,6.40195191705906e-20
"SPOCK2",6.52045311636612e-24,0.241511087440368,0.896,0.821,1.14603483973251e-19
"PCED1B-AS1",6.82018389894019e-24,0.322262040745626,0.829,0.733,1.19871552207773e-19
"PLEKHA2",8.54744935461845e-24,0.800870237256328,0.301,0.173,1.50229969856774e-19
"KLF2",8.96502599656721e-24,0.263048999714144,0.9,0.86,1.57569296915665e-19
"ATP5F1E",9.63773561800911e-24,-0.195831786624138,0.983,0.988,1.69392841222128e-19
"S100A6",9.96608947175533e-24,0.384355685975667,0.583,0.439,1.75163988555572e-19
"ANK2",1.18119301787504e-23,-0.616566016536269,0.263,0.361,2.07606484821717e-19
"ARL6IP5",2.27890834101378e-23,-0.360031127110732,0.704,0.766,4.00540930016583e-19
"CORO1A",3.48150541149697e-23,-0.297357945566965,0.877,0.89,6.11909391124707e-19
"IL2RG",3.99706585555657e-23,-0.307014525676469,0.852,0.883,7.02524294772622e-19
"RHOH",5.71560789064305e-23,0.296116362505218,0.709,0.623,1.00457524285942e-18
"CFAP210",8.71481631311903e-23,1.29112368981862,0.136,0.056,1.5317161151938e-18
"ENSG00000291066",1.05764101794842e-22,0.802782250342972,0.22,0.124,1.85890985314615e-18
"ANXA1",2.87544938070435e-22,-0.431110679916506,0.428,0.508,5.05388983152597e-18
"PRMT1",3.66290280451126e-22,-0.429917251562792,0.524,0.604,6.43791796920898e-18
"MT-ND3",4.97020866301246e-22,-0.244708419152885,0.99,0.993,8.7356387461107e-18
"USP36",7.7538326030821e-22,0.734695056568292,0.293,0.178,1.36281361831771e-17
"P2RY8",1.12688058931224e-21,0.598777628363427,0.464,0.328,1.9806053237752e-17
"UTY",1.20248487405228e-21,0.765808655343777,0.287,0.163,2.11348741463429e-17
"ELL2",1.27005683399641e-21,0.958013641104438,0.251,0.149,2.23225189143209e-17
"ZFAS1",1.55844424558394e-21,-0.272429629180966,0.884,0.893,2.73912160603834e-17
"ITM2C",1.89051732843802e-21,-0.701818707497264,0.33,0.382,3.32277325646266e-17
"CHKA",2.72852988052604e-21,1.04284589420524,0.17,0.082,4.79566411801256e-17
"ADGRE5",2.74079247966434e-21,0.451731331698924,0.716,0.613,4.81721686225804e-17
"MT-CO2",3.88264005903536e-21,-0.166781371440103,0.996,0.998,6.82412816776054e-17
"G3BP2",4.59688095811567e-21,0.448831932623349,0.673,0.563,8.07947797198409e-17
"MARCHF3",7.17426479376125e-21,-0.715281980450431,0.177,0.266,1.26094878015148e-16
"CD52",8.86873838462986e-21,0.298692724806865,0.815,0.719,1.55876945848254e-16
"TSPYL2",9.90955729439018e-21,0.648854782761735,0.4,0.303,1.74170379006202e-16
"NR4A2",1.34053878600333e-20,1.37856233518741,0.112,0.056,2.35613097027945e-16
"BACH2",3.34386438981452e-20,0.268306292919319,0.93,0.887,5.87717605153799e-16
"LYSMD2",3.84846364620086e-20,-0.434664412333357,0.428,0.508,6.76405970456264e-16
"ZNF331",4.17138490051549e-20,1.0088739327278,0.169,0.113,7.33162610114602e-16
"ENSG00000284600",7.87131916278784e-20,5.38937447133158,0.022,0.001,1.38346305605159e-15
"CHMP7",8.79075156183765e-20,-0.41264618722533,0.484,0.576,1.54506249450859e-15
"C12orf57",9.25004033157419e-20,-0.247999110857102,0.931,0.943,1.62578708867748e-15
"MCL1",9.71184810918709e-20,0.457882988917439,0.645,0.552,1.70695442367072e-15
"STAT4",1.16755293158965e-19,0.471447503574299,0.528,0.385,2.05209103256196e-15
"CALM2",1.3217740460144e-19,0.221275624256703,0.919,0.874,2.32315006327491e-15
"FYB1",1.37424732090771e-19,-0.336360777640276,0.739,0.795,2.41537709122739e-15
"YARS1",1.60256459809834e-19,-0.420766779295816,0.441,0.488,2.81666753761765e-15
"B4GALT1",1.67024444182688e-19,0.77236522108138,0.25,0.148,2.93562163095492e-15
"LINC02520",1.83039777156803e-19,2.10238169861441,0.051,0.011,3.21710712330797e-15
"SRSF2",2.26718990890153e-19,0.283538284219431,0.94,0.903,3.98481298388532e-15
"GAS5",2.28767271646146e-19,-0.194807192530092,0.934,0.949,4.02081356645267e-15
"KLF3",3.08986618620311e-19,0.34459021904121,0.686,0.57,5.43074880887058e-15
"JUN",8.27829767328666e-19,0.633248893280153,0.447,0.346,1.45499359905686e-14
"RBM38",8.29469718576164e-19,0.287858350177831,0.695,0.584,1.45787597736947e-14
"CARS1",8.67644486826437e-19,-0.597827796989649,0.254,0.324,1.52497195004615e-14
"BICDL1",1.0990881533692e-18,0.337634441169039,0.751,0.663,1.9317573383617e-14
"PHF20",1.16442741403587e-18,0.475757672576321,0.508,0.387,2.04659762290945e-14
"BORCS5",1.18917811472341e-18,0.699556455908405,0.317,0.203,2.09009945443786e-14
"DUSP2",1.38991194951571e-18,0.807025793033708,0.272,0.187,2.44290924246881e-14
"TTTY14",1.3929621802984e-18,1.04733452959263,0.183,0.094,2.44827032809247e-14
"AKR1C3",1.40260612635557e-18,-2.1864939809371,0.011,0.044,2.46522052768255e-14
"PKIA",1.69906019758592e-18,-0.532975107694751,0.281,0.344,2.98626820327701e-14
"NACA",1.74181423593196e-18,-0.106423875796331,0.999,0.999,3.06141270107401e-14
"ADAMTS6",1.85163220876209e-18,1.40212863323018,0.103,0.039,3.25442877012025e-14
"VPS37B",1.88874424956714e-18,0.696340890331732,0.329,0.228,3.3196568930392e-14
"PAXX",2.11144175730612e-18,0.345234361119126,0.576,0.455,3.71107003264123e-14
"LCP2",2.12581464930935e-18,-0.460492780202262,0.399,0.478,3.73633182762611e-14
"LEF1",2.13269030225102e-18,-0.267522276759153,0.854,0.892,3.74841647523639e-14
"CCPG1",2.19419972946233e-18,0.783331751628697,0.221,0.123,3.85652544450298e-14
"SIPA1",2.25803989803988e-18,0.667887961507132,0.302,0.192,3.9687309247949e-14
"CALM1",2.80976722758657e-18,0.143432105998364,0.983,0.977,4.93844687920616e-14
"PHLDB3",2.82425718277575e-18,0.829117358653943,0.219,0.124,4.96391442444665e-14
"PAK1",3.35698439089226e-18,0.54682356079659,0.436,0.301,5.90023576543223e-14
"ANP32A",3.74505755336667e-18,-0.457049707261835,0.378,0.454,6.58231315579726e-14
"IKZF2",3.81779645445021e-18,-0.398530688825332,0.479,0.564,6.7101590483417e-14
"SH3BGRL3",4.27056806599187e-18,0.214874730971687,0.956,0.927,7.50595043278731e-14
"ENSG00000290569",4.33212445072581e-18,-1.0236096874984,0.082,0.133,7.61414193459569e-14
"HSP90AA1",4.80074216197387e-18,0.284424124117987,0.89,0.805,8.43778442388528e-14
"GBP4",4.99505200488661e-18,-0.499854612135909,0.285,0.346,8.77930340378871e-14
"LAYN",5.47907944698497e-18,1.00827202779669,0.146,0.076,9.63003003602078e-14
"CCR7",7.14160174244351e-18,0.185639539981554,0.975,0.979,1.25520792225187e-13
"LRRFIP1",7.30925036618827e-18,0.275097664813592,0.872,0.786,1.28467384436125e-13
"PKM",8.48416655141939e-18,-0.408383516046611,0.486,0.54,1.49117711307747e-13
"JOSD1",8.78992346196171e-18,0.605947363278261,0.342,0.225,1.54491694767439e-13
"KCNAB2",9.44307343882981e-18,0.754419669445442,0.222,0.126,1.65971458760873e-13
"FAM89B",9.93094609891159e-18,-0.722279559492595,0.141,0.216,1.7454630863447e-13
"LRRC8D",1.30400802748201e-17,-0.378453892254382,0.491,0.555,2.29192450910238e-13
"ZSWIM6",1.56801121743306e-17,0.660119070731425,0.28,0.183,2.75593651576034e-13
"PPP2R5C",1.60346145820859e-17,0.362811681300762,0.644,0.533,2.81824385894742e-13
"CEMIP2",1.64070028028894e-17,0.602073645736534,0.271,0.18,2.88369481263584e-13
"LRRN3",2.12070098545543e-17,-0.566474412273341,0.317,0.396,3.72734405203646e-13
"LDHB",2.37822198436152e-17,-0.204828084064426,0.883,0.894,4.1799629597138e-13
"MT1F",2.38983610542732e-17,1.33251742589228,0.096,0.04,4.20037593889906e-13
"PPP1R15A",2.7563932390497e-17,0.47354124218738,0.443,0.328,4.84463675695376e-13
"CD8B",5.49271095473827e-17,0.259317777052171,0.685,0.595,9.65398877404798e-13
"POLR2A",5.86862705622024e-17,0.428144821665858,0.523,0.394,1.03146989140127e-12
"TRABD",6.56083359950534e-17,0.357852754032206,0.58,0.468,1.15313211344906e-12
"SELL",6.84497145243106e-17,-0.330626767603863,0.777,0.799,1.20307218247928e-12
"NUP98",7.96978044447283e-17,0.437592377232951,0.5,0.379,1.40076861092054e-12
"CALR",8.26501037296067e-17,0.361260957877906,0.653,0.547,1.45265822315157e-12
"CARD19",8.88166912469868e-17,-0.860329360221762,0.125,0.187,1.56104216535704e-12
"USP9Y",1.02020558803283e-16,0.711381092337255,0.212,0.118,1.7931133415265e-12
"ENSG00000289614",1.14878407407011e-16,-0.986520965159458,0.089,0.151,2.01910288858563e-12
"SRSF3",1.18654404257063e-16,0.365509863743151,0.658,0.55,2.08546980922214e-12
"GNAS",1.76816375304363e-16,0.223303251933136,0.942,0.905,3.10772461234948e-12
"LINC02446",2.41508932893904e-16,0.335459045510231,0.583,0.557,4.24476100454325e-12
"PCNT",2.7845227120434e-16,0.784590336797194,0.221,0.137,4.89407711868749e-12
"SIK1",3.15687831746519e-16,1.323515248043,0.074,0.03,5.54852933077681e-12
"PDCD4",3.17498815857436e-16,0.221440139304938,0.959,0.935,5.58035918751029e-12
"ARHGAP9",3.73454772556079e-16,0.354339776778944,0.592,0.479,6.56384108244565e-12
"TXNIP",4.25849014672091e-16,0.351732841911766,0.53,0.435,7.48472228187667e-12
"PFN1",4.32012733148137e-16,-0.203312308608147,0.966,0.971,7.59305579781165e-12
"CD5",4.42494494583281e-16,0.36821430028341,0.571,0.448,7.77728323679574e-12
"SYNGR2",4.51995112032797e-16,-0.457310057394281,0.356,0.421,7.94426608908845e-12
"MYC",4.57759768078443e-16,-0.378972544908681,0.5,0.55,8.04558568374671e-12
"PCBP1",5.52943409660109e-16,-0.206792223125163,0.953,0.96,9.71853336818608e-12
"SRSF7",5.9322475341391e-16,0.262083196920472,0.739,0.65,1.04265182660029e-11
"ENSG00000280441",6.11539799075107e-16,0.272209660375914,0.999,0.998,1.07484235085441e-11
"FOXO1",7.06545183121693e-16,0.342264520837719,0.524,0.434,1.24182381385469e-11
"TUBB",7.64973777764033e-16,-0.341199951601621,0.626,0.68,1.34451791179806e-11
"FOXP1",8.9460569766105e-16,-0.219257132227583,0.894,0.912,1.57235897420906e-11
"APMAP",1.14066174404333e-15,0.561111618603255,0.288,0.202,2.00482708133056e-11
"HLA-DPB1",1.2625019816331e-15,0.993670347547453,0.129,0.067,2.21897348291834e-11
"TXLNGY",1.31870066092922e-15,0.772900362630893,0.191,0.106,2.3177482816492e-11
"TPM4",1.38669198244289e-15,0.651345983850765,0.242,0.15,2.43724982834162e-11
"ENSG00000273118",1.73908357440276e-15,-0.933854708042466,0.082,0.137,3.05661329037029e-11
"DDT",1.83952372658498e-15,-0.33558585026663,0.559,0.591,3.23314690184576e-11
"GALNT11",1.86037025453779e-15,0.611443456717865,0.339,0.227,3.26978675937562e-11
"CPA5",1.87625969344114e-15,2.60811289826435,0.028,0.004,3.29771403719215e-11
"ATP5IF1",2.48837610321173e-15,0.286869251061592,0.713,0.607,4.37356983900494e-11
"ENO1",2.55422048435733e-15,-0.246075676169262,0.718,0.735,4.48929792330644e-11
"RPS29",2.64348631410016e-15,-0.110505814994671,0.999,1,4.64619154566245e-11
"CTSW",3.00523623200515e-15,0.777316134254489,0.228,0.14,5.28200320137226e-11
"DIP2A",3.62120367704203e-15,0.522377540566364,0.363,0.254,6.36462758276907e-11
"RBM3",3.91443641137007e-15,0.28329927003725,0.826,0.734,6.88001343662404e-11
"AOAH",4.16801367743935e-15,0.560917640863996,0.332,0.242,7.32570083946741e-11
"EIF1AY",4.8092639418917e-15,0.654696474791858,0.221,0.13,8.45276230426885e-11
"LINC01115.1",4.86313886213967e-15,-6.24520238333926,0,0.013,8.54745286409668e-11
"POU2F2",8.17883479968455e-15,-0.524245306897377,0.236,0.298,1.43751200439256e-10
"ISCU",1.13257573795639e-14,-0.309689051615109,0.67,0.69,1.99061511703216e-10
"TARS1",1.2053139244688e-14,-0.493381304357586,0.255,0.304,2.11845975364635e-10
"CSTB",1.29953559276764e-14,0.437500874753199,0.425,0.312,2.2840637578484e-10
"PEBP1",1.30704011589397e-14,0.34391629504303,0.499,0.413,2.29725370769524e-10
"CD3G",1.31857378533533e-14,0.308859898659983,0.627,0.53,2.31752528510538e-10
"CHST11",1.43209730568518e-14,-0.501902166633401,0.23,0.302,2.51705422447226e-10
"SDCBP",1.73033484971811e-14,0.338116474581246,0.596,0.483,3.04123653186455e-10
"EMB",1.79239894761955e-14,0.490911629028334,0.376,0.265,3.15032039033612e-10
"AUTS2",1.85938699757064e-14,0.799124051443834,0.243,0.149,3.26805858693016e-10
"TNRC6C",2.03088616584587e-14,0.416601734359063,0.422,0.322,3.56948552509069e-10
"TECR",2.04138731656104e-14,0.227280122254351,0.749,0.661,3.58794234758768e-10
"LMNA",2.78400815618301e-14,0.730739889934078,0.432,0.327,4.89317273530726e-10
"ISCA1",3.24211107115007e-14,0.403481938175916,0.445,0.341,5.69833441865336e-10
"SETD2",3.42605840358021e-14,0.386653934917535,0.549,0.449,6.02164025013257e-10
"ENSG00000289620",4.36224866032571e-14,1.85677164801364,0.04,0.01,7.66708824538847e-10
"CMTM8",5.26814895631481e-14,-1.2771757117407,0.046,0.087,9.25929860561891e-10
"ANXA5",5.89856725303758e-14,0.776841808642872,0.203,0.121,1.03673218039389e-09
"USP11",7.30365065612227e-14,0.37870709742685,0.509,0.393,1.28368963932005e-09
"EMP3",7.81184188508482e-14,-0.181372262066098,0.949,0.955,1.37300932972251e-09
"IFI16",8.94138849872616e-14,-0.511369059826378,0.263,0.315,1.57153844253611e-09
"TIAM1",9.33782866459463e-14,-0.841012851594702,0.112,0.172,1.64121676608915e-09
"RHBDD2",1.37871079148578e-13,0.439301909700123,0.374,0.27,2.4232220871154e-09
"ENSG00000291149",1.60661393978481e-13,-0.619252567814175,0.153,0.212,2.82378466056577e-09
"MT1X",1.67510623648696e-13,0.639765019699088,0.181,0.108,2.94416672124948e-09
"ZHX2",1.71636554773281e-13,0.366071667820453,0.572,0.472,3.01668408669519e-09
"MARS1",1.80264154259256e-13,-0.428015561389942,0.289,0.333,3.16832277526067e-09
"SAMHD1",1.97228170630425e-13,0.487639598344894,0.437,0.33,3.46648232700035e-09
"CXCL16",2.09012086950191e-13,1.11140247683134,0.11,0.049,3.67359644023656e-09
"SMCHD1",2.36914929570341e-13,0.243491834771127,0.729,0.649,4.16401680212831e-09
"ACTB",2.40014841169418e-13,0.159742767984368,0.995,0.992,4.21850084839368e-09
"ANKRD36",2.4746687124587e-13,0.696037961291096,0.192,0.111,4.34947772901741e-09
"CD248",2.6783456134408e-13,1.34822074499517,0.062,0.022,4.70746025018355e-09
"TAGAP",3.04911911661049e-13,0.364025070720113,0.429,0.341,5.35913175935459e-09
"RCOR1",3.396993684398e-13,0.66949556909373,0.202,0.119,5.97055609969793e-09
"DDX24",3.47408449320387e-13,0.219537733639927,0.815,0.737,6.10605090525513e-09
"JAK1",3.7426611218026e-13,-0.211503832683078,0.914,0.915,6.57810118768024e-09
"RBL1",4.4524403595179e-13,0.825619550922316,0.143,0.078,7.82560917588867e-09
"PBXIP1",4.47017451775844e-13,0.287014842862163,0.661,0.576,7.85677873241223e-09
"KLRK1",4.47657684667415e-13,-0.221317996325785,0.816,0.835,7.86803146571449e-09
"RANBP2",4.65613439861668e-13,0.411317365106458,0.567,0.445,8.18362181900868e-09
"GNG2",4.93214898853363e-13,0.201242674074801,0.804,0.693,8.6687450622467e-09
"FAM149A",4.94517270313263e-13,2.20496204900987,0.034,0.007,8.69163554302592e-09
"CYB5A",5.22206760905507e-13,-0.457032544370913,0.343,0.412,9.17830602967519e-09
"UBE2R2",5.32076578443379e-13,-0.305205734341616,0.539,0.577,9.35177794272082e-09
"SNN",5.54549938033519e-13,0.750167964372273,0.169,0.098,9.74676971087714e-09
"CDKN1B",5.63479832573332e-13,0.294161774965341,0.503,0.413,9.90372153730887e-09
"PTPN22",6.01565037695939e-13,0.540518600341183,0.317,0.219,1.05731071025438e-08
"RUNX3",6.27743333911298e-13,0.368250604230963,0.574,0.471,1.1033216836825e-08
"SYTL3",7.09825425721557e-13,0.559371634041699,0.231,0.149,1.24758916824821e-08
"CD74",7.16029011411719e-13,0.250294047317065,0.881,0.831,1.25849259045724e-08
"MIR497HG",7.24320717262587e-13,-0.684122171701479,0.109,0.156,1.27306609266072e-08
"REX1BD",7.29772467063418e-13,0.556755846742399,0.262,0.176,1.28264808811066e-08
"LINC00623",7.84876641446066e-13,-0.631291710055677,0.165,0.21,1.37949918500561e-08
"DPP7",8.27691819412023e-13,0.377972131312983,0.402,0.311,1.45475114179857e-08
"SLC22A17",9.0291968895498e-13,1.70107395948319,0.046,0.013,1.58697164530727e-08
"UAP1",9.08366010458104e-13,0.777499810730679,0.169,0.098,1.59654409998116e-08
"ENSG00000289605",9.7364991007297e-13,-3.92672253788574,0,0.013,1.71128708194425e-08
"CFL1",1.03912983770291e-12,-0.187182704039481,0.95,0.95,1.82637460274663e-08
"PAG1",1.18922577277187e-12,-0.346738911366545,0.422,0.476,2.09018321822384e-08
"GNB5",1.20988659434736e-12,0.530366937223499,0.257,0.174,2.12649667822492e-08
"SEC14L1",1.22167037156019e-12,0.493236134248278,0.416,0.289,2.14720784505419e-08
"HCST",1.35274483225043e-12,0.292973110102999,0.579,0.474,2.37758431716335e-08
"HBG2",1.43082113480534e-12,5.21409264027568,0.018,0.001,2.51481122653386e-08
"GARS1",1.48373265371911e-12,-0.392162574548928,0.311,0.349,2.6078085121767e-08
"RUNDC3B",1.54198929374572e-12,-1.95029740026902,0.008,0.031,2.71020038268748e-08
"PLEKHB2",1.64431551608687e-12,0.46704481579744,0.424,0.315,2.89004895107429e-08
"SEMA4D",1.99158385322800e-12,0.455239888881229,0.327,0.237,3.50040778043354e-08
"GOLGA8A",2.00222747073364e-12,0.721577927703164,0.172,0.101,3.51911500256145e-08
"RRM1",2.19639693363107e-12,0.753940947788141,0.186,0.112,3.86038725054996e-08
"SLC7A5",2.49149904262245e-12,1.17982268046657,0.098,0.048,4.37905871731322e-08
"RAP1A",2.85445750849264e-12,-0.303790142523819,0.567,0.598,5.01699451692667e-08
"YBX3",3.11571444790991e-12,0.323507950455651,0.733,0.63,5.47617971364646e-08
"CCDC28B",4.52721850724673e-12,-0.652162270428629,0.143,0.201,7.95703924833685e-08
"PNISR",4.64225487091566e-12,-0.274347690188265,0.65,0.699,8.15922716112136e-08
"FTH1",4.91135502953326e-12,0.282256014482381,0.995,0.995,8.63219759990765e-08
"XIST",5.12205987923653e-12,-0.710152033737995,0.066,0.114,9.00253244374613e-08
"CST7",5.1397187722886e-12,2.29183082072213,0.04,0.016,9.03356971417445e-08
"ZAP70",5.26437217792029e-12,0.269834928271001,0.578,0.5,9.2526605399127e-08
"FASN",5.53548076942096e-12,0.789211765598645,0.16,0.089,9.72916100033428e-08
"ENSG00000257732",5.67838331308645e-12,-0.390459581157514,0.206,0.248,9.98032651108075e-08
"PCBP3",5.87155533877502e-12,0.966176960522576,0.127,0.067,1.0319845663431e-07
"IVNS1ABP",6.3134031476956e-12,0.339797998606175,0.54,0.435,1.10964373723898e-07
"SLC5A6",6.62793896824906e-12,0.72535589592335,0.186,0.11,1.16492655305945e-07
"ITK",7.27618766230539e-12,-0.292362290798493,0.595,0.64,1.2788627435268e-07
"HLA-DPA1",7.45207935301983e-12,1.34931334229358,0.052,0.025,1.30977746708676e-07
"TSEN54",7.6194857844877e-12,0.796612594112479,0.173,0.101,1.33920082148156e-07
"PIK3CD",8.33567795852659e-12,-0.298669022710461,0.477,0.522,1.46507875799063e-07
"MTMR6",9.48255719626077e-12,0.537888363041112,0.286,0.202,1.66665425281479e-07
"SIPA1L1",1.10054225426584e-11,0.42888906328923,0.511,0.42,1.93431306609764e-07
"CORO7",1.10180953029899e-11,0.337403581694323,0.508,0.402,1.9365404304535e-07
"DDIT4",1.13283406853348e-11,0.929910348166216,0.152,0.094,1.99106915885445e-07
"KDM6B",1.72450899459849e-11,0.321603675374995,0.593,0.505,3.03099700890631e-07
"UBE2I",1.72813643620243e-11,-0.268910995525242,0.661,0.696,3.0373726002694e-07
"SMAP2",1.76123335648781e-11,0.227938060724422,0.795,0.726,3.09554374736298e-07
"PTP4A2",1.78052276446532e-11,-0.297323053838482,0.65,0.688,3.12944681082425e-07
"ARHGAP45",1.86295596336066e-11,0.228462773667941,0.694,0.623,3.27433140120269e-07
"HECA",1.88966448672732e-11,0.476981422661569,0.278,0.2,3.32127430187194e-07
"IER3",2.13201798606512e-11,1.16067412161754,0.095,0.045,3.74723481230805e-07
"RPS11",2.24438483894026e-11,-0.115350817033284,0.988,0.987,3.94473079292139e-07
"KCNN4",2.39073371569122e-11,0.743334959393527,0.121,0.064,4.20195357869888e-07
"NUP50",2.78508783409355e-11,0.495218853066537,0.306,0.206,4.89507037720283e-07
"JMJD1C",3.03422429886674e-11,0.299824405201768,0.664,0.582,5.33295262768818e-07
"TRBV27",3.31765285029615e-11,-1.1778257636578,0.056,0.093,5.8311066496805e-07
"CLIC3",3.6525000250742e-11,0.635548233004707,0.166,0.101,6.41963404407041e-07
"HMGA1",4.23828269551866e-11,-0.250924390346185,0.635,0.653,7.44920566564359e-07
"GPX4",4.63138558429179e-11,-0.197453096597807,0.831,0.848,8.14012330295125e-07
"HIP1R",4.91634975957399e-11,0.487397967420347,0.216,0.142,8.64097633742725e-07
"DHCR7",5.04567843927779e-11,1.08392240006694,0.076,0.034,8.86828442487464e-07
"IL4R",5.24259438520358e-11,0.519852402435854,0.358,0.255,9.21438389143381e-07
"NDRG1",5.60353193108172e-11,0.670454120173439,0.133,0.074,9.84876772206923e-07
"FAM153CP",5.70486231791389e-11,0.942378381638813,0.112,0.056,1.00268660099655e-06
"ZFP36L1",5.90983563652362e-11,-0.157169045830268,0.821,0.855,1.03871271147539e-06
"EMD",6.32069584511067e-11,0.279863099164668,0.638,0.539,1.11092550173665e-06
"PARP11-AS1",7.14217501437483e-11,-1.14835325984919,0.029,0.06,1.25530868052652e-06
"GPRIN3",7.24961975762189e-11,-0.374674956331472,0.286,0.314,1.27419316859962e-06
"JAM3",8.45440540936085e-11,0.852992938809995,0.123,0.065,1.48594629474926e-06
"SYNE2",9.03404369426367e-11,0.4227443055146,0.448,0.35,1.58782351970378e-06
"STMN1",9.35386720545553e-11,-0.416871761277322,0.451,0.495,1.64403570003086e-06
"BANF1",9.35604464833344e-11,-0.409791364103218,0.3,0.343,1.64441840739108e-06
"PARK7",9.36306103887212e-11,-0.2417106629896,0.636,0.659,1.64565160819216e-06
"ATP8A1",9.48073687304647e-11,0.269997987998056,0.698,0.626,1.66633431280665e-06
"FUS",1.206446900469e-10,0.222019319823738,0.694,0.605,2.12045107226432e-06
"TUBB2A",1.37784372163388e-10,0.469873239782812,0.207,0.145,2.4216981251437e-06
"HSPA5",1.51829578141715e-10,0.331503127166603,0.483,0.395,2.66855666541879e-06
"RNASET2",1.52089165721208e-10,0.351339147631875,0.355,0.262,2.67311917671596e-06
"SYTL2",1.55845538809161e-10,-0.379508753820286,0.192,0.239,2.73914119010981e-06
"IFNGR2",1.697841922786e-10,-0.377228899029319,0.243,0.293,2.98412696348867e-06
"ARHGEF7",1.7418946741131e-10,0.321233766227841,0.544,0.442,3.06155407922118e-06
"SC5D",1.77464165523522e-10,0.678503355214306,0.171,0.108,3.11911017324142e-06
"GBP2",1.92496146148282e-10,-0.285959412568013,0.55,0.587,3.3833122647022e-06
"PHF20L1",1.95006258333317e-10,0.340704356075164,0.443,0.367,3.42742999646638e-06
"PPIA",1.97341101974869e-10,-0.115324114263704,0.988,0.983,3.4684672083103e-06
"ZNF658",2.08937294842148e-10,2.25107734950162,0.03,0.007,3.6722818941456e-06
"PRL",2.10907509876813e-10,-1.60107511879475,0.025,0.054,3.70691039359486e-06
"BEX4",2.1596011195092e-10,0.367295956736862,0.336,0.246,3.79571492764937e-06
"ENSG00000290786",2.2169256348065e-10,-1.88220018144003,0.008,0.029,3.8964684957359e-06
"APBA3",2.26727435129787e-10,-0.51032792553986,0.218,0.271,3.98496139984114e-06
"FMN1",2.29746392509186e-10,-1.71793188648651,0.009,0.03,4.03802259474145e-06
"ZFAND6",2.37527491590018e-10,0.377081233261353,0.411,0.309,4.17478319218616e-06
"BTBD9",2.56044127532911e-10,0.449385843681061,0.372,0.279,4.50023158551844e-06
"HLA-G",2.99260075678365e-10,-0.392641957487182,0.217,0.265,5.25979509012295e-06
"KDM5D",3.04572247799205e-10,0.993427234074911,0.089,0.043,5.35316182731883e-06
"CALM3",3.35283061489467e-10,0.330356621479289,0.427,0.338,5.89293508873888e-06
"DUSP8",3.65895911995776e-10,0.758479486586224,0.109,0.062,6.43098654923776e-06
"UBC",3.84805311160856e-10,0.109364890414651,0.991,0.986,6.7633381489632e-06
"SEC23B",3.85910912213194e-10,0.553369398900951,0.21,0.139,6.7827701930591e-06
"DNAJB1",3.89773952585471e-10,0.302231907879982,0.471,0.388,6.85066699064223e-06
"ADK",3.92928062085955e-10,0.354722888112965,0.555,0.439,6.90610361922274e-06
"LEF1-AS1",4.17696517504254e-10,-0.411220757923784,0.273,0.314,7.34143399165477e-06
"NR3C1",4.60470070926876e-10,0.296108119246391,0.603,0.51,8.09322196661077e-06
"BTG1",4.7279792969565e-10,0.104745844950114,0.995,0.993,8.30989641233075e-06
"GNL1",4.80728428300968e-10,0.368205082585795,0.365,0.284,8.44928285581782e-06
"BDH2",4.98808164852135e-10,0.633096298317018,0.156,0.097,8.76705230544112e-06
"MT2A",5.00636395776407e-10,0.304662605604444,0.404,0.317,8.79918529216612e-06
"CHD1",5.48397843227387e-10,0.341557300041966,0.505,0.406,9.63864049256456e-06
"TNFAIP8",6.0055198516356e-10,-0.192845485389462,0.59,0.635,1.05553016912347e-05
"ALG13",6.10280367947182e-10,0.387795725533997,0.39,0.309,1.07262877470397e-05
"SLC16A3",6.10423940485555e-10,1.05691665552476,0.086,0.041,1.07288111779741e-05
"PDE4B",6.26263160122976e-10,0.355652019043458,0.372,0.317,1.10072013023214e-05
"NLRP1",6.58717211172023e-10,0.393016279896464,0.34,0.26,1.15776137035595e-05
"LAPTM4B",6.66320007740883e-10,1.56828547475222,0.042,0.013,1.17112404560538e-05
"ARIH1",6.85582270859876e-10,0.386211564532991,0.399,0.306,1.20497939926332e-05
"EPSTI1",6.916075077711e-10,-0.519111101761347,0.164,0.216,1.21556935565849e-05
"BCL9L",7.02515222920668e-10,0.418130073595197,0.311,0.226,1.23474075580537e-05
"CELF2",7.05188300193933e-10,0.284188563559807,0.556,0.469,1.23943895642086e-05
"EEIG2",7.1328060009401e-10,0.578144399557893,0.219,0.155,1.25366198272523e-05
"SKP1",7.67827922747334e-10,-0.146986800557807,0.904,0.923,1.34953435702071e-05
"PRNP",8.6881896433938e-10,0.386626452550496,0.391,0.292,1.52703621172289e-05
"PLK3",8.78379469082245e-10,0.401609213001716,0.381,0.287,1.54383975485895e-05
"SNHG7",9.74786125378942e-10,-0.381986556859501,0.478,0.534,1.71328409396603e-05
"EML4",1.09197298372986e-09,0.283747924648221,0.623,0.526,1.9192517162036e-05
"HIPK3",1.09724989959057e-09,0.627929500183429,0.195,0.126,1.92852642352038e-05
"PPP1CB",1.17621776798389e-09,0.353621496325489,0.517,0.432,2.06732034900848e-05
"LSR",1.17895093806826e-09,0.517550223369188,0.278,0.188,2.07212416874877e-05
"GPR132",1.18173845163e-09,0.385734834561469,0.34,0.253,2.07702350258489e-05
"WSB1",1.19863852741021e-09,0.289066132644033,0.523,0.423,2.10672707577618e-05
"AHR",1.24985387066948e-09,0.645190480941274,0.217,0.147,2.19674316308867e-05
"PDE4A",1.28191786374944e-09,1.17366335073924,0.064,0.027,2.25309883732601e-05
"RPL36AL",1.28595512098715e-09,-0.16531392628208,0.956,0.964,2.26019472064701e-05
"GNG8",1.36242334102321e-09,1.3427772142596,0.059,0.026,2.39459526418239e-05
"MAD1L1",1.56724464787539e-09,0.300943216993,0.361,0.281,2.75458919310578e-05
"MAPRE2",1.58463710388963e-09,0.245633957211221,0.522,0.43,2.78515817379641e-05
"IL2RB",1.63793122284035e-09,0.596986996702469,0.209,0.132,2.8788279172642e-05
"LDLRAP1",1.84373508485317e-09,0.306711024986395,0.386,0.308,3.24054878513793e-05
"ITPRIP",1.86013836048344e-09,0.799002973564193,0.098,0.053,3.2693791823857e-05
"SRSF5",1.88660523277738e-09,-0.210870327698341,0.888,0.899,3.31589735712953e-05
"FOSB",2.02574048505544e-09,0.823795102845164,0.121,0.078,3.56044147653345e-05
"ENSG00000287979",2.04364912020307e-09,-4.1983150346224,0.001,0.013,3.59191769366892e-05
"ENSG00000226455",2.08299943797767e-09,-0.716942578244731,0.065,0.096,3.66107981218955e-05
"ENSG00000287252",2.08475737708085e-09,2.73338258694201,0.017,0.002,3.66416956595731e-05
"ATP6V0E1",2.10426382316463e-09,-0.230664621543852,0.663,0.696,3.69845409559415e-05
"CCNI",2.1631756793819e-09,-0.149143067813223,0.925,0.933,3.80199757408162e-05
"PIM2",2.17945239205024e-09,-0.306716879554095,0.429,0.485,3.8306055242675e-05
"KLF13",2.209392085104e-09,0.280557452432792,0.542,0.439,3.88322752877879e-05
"CDK5RAP3",2.27080475334724e-09,0.426169690615029,0.276,0.198,3.9911664344831e-05
"PTPN4",2.59140720851376e-09,0.451778278151753,0.324,0.233,4.55465730968379e-05
"ANXA2",2.60467839892408e-09,0.55547376670385,0.201,0.13,4.57798275394896e-05
"CIRBP",2.88066759676372e-09,0.120754447137698,0.835,0.782,5.06306136807191e-05
"FAS",3.19599235564217e-09,-0.461407396141126,0.121,0.156,5.61727616427668e-05
"NOP53",3.29287950706557e-09,0.106809847070526,0.945,0.932,5.78756502161845e-05
"ZFY",3.49076459872901e-09,0.812900753449472,0.11,0.059,6.13536785872612e-05
"ENSG00000291117",3.67472435505487e-09,0.803062994829649,0.102,0.057,6.45869552644444e-05
"SFMBT2",3.75221195878316e-09,0.504916982402697,0.23,0.153,6.59488773875729e-05
"OAT",3.82462764149222e-09,0.36979409506161,0.362,0.27,6.72216554268672e-05
"BRK1",4.01635653921824e-09,-0.257421706531881,0.535,0.581,7.05914825332997e-05
"DYNLL1",4.01829121899864e-09,0.247567894835799,0.518,0.434,7.06254864651201e-05
"FXYD5",4.04025455882723e-09,0.180188424255903,0.913,0.882,7.10115141259474e-05
"MCM6",4.07398511439925e-09,0.554966683117459,0.237,0.167,7.16043623706813e-05
"ARHGAP31",4.68471516042776e-09,-0.443387654366997,0.155,0.183,8.23385536596783e-05
"ENSG00000290121",4.91696583009977e-09,-2.2481357223708,0.006,0.024,8.64205914298335e-05
"SEC14L2",4.92289798765165e-09,0.808380055385499,0.114,0.062,8.65248550309655e-05
"GPR137",5.01864458668726e-09,-0.463990563611068,0.19,0.229,8.82076972556152e-05
"EEIG1",5.143955177189e-09,0.22251583318676,0.519,0.464,9.04101561942738e-05
"PGAP1",5.14565887828919e-09,0.866060234682781,0.112,0.059,9.04401004448108e-05
"IGSF9B",5.19135733400527e-09,1.24498899853831,0.056,0.021,9.12432965024767e-05
"ARL4A",5.88998903905512e-09,0.6483723062044,0.174,0.108,0.000103522447350433
"HERPUD2",6.15006896766121e-09,0.348008941814144,0.355,0.28,0.000108093612175614
"BLK",6.58377513358287e-09,1.7680068783174,0.031,0.008,0.000115716431747853
"GBP5",6.60293961954082e-09,-0.523387913012066,0.117,0.151,0.000116053266753049
"CRYBG1",7.02080910899612e-09,0.454835827994351,0.338,0.247,0.000123397740899716
"MVD",7.12981724373223e-09,0.59425156457707,0.174,0.107,0.000125313667875838
"DNPH1",7.34689484336596e-09,-0.467706712258271,0.282,0.313,0.000129129023767
"UBE2O",7.78960557755404e-09,0.593139806485995,0.202,0.135,0.00013691010763109
"SQSTM1",7.81283921834519e-09,-0.208313525516088,0.705,0.71,0.000137318462101635
"NASP",7.92577057726952e-09,0.247453693159136,0.666,0.574,0.000139303343666089
"DHRS3",8.5148524085181e-09,-0.320033090595621,0.315,0.359,0.000149657045932114
"AARS1",8.76273047855879e-09,-0.556100955311712,0.132,0.174,0.000154013750891149
"SEPTIN1",8.86883751491051e-09,0.232313054778861,0.537,0.449,0.000155878688162067
"MGMT",9.45011488424811e-09,0.602257125769582,0.157,0.1,0.000166095219205545
"RRP12",9.62425673311561e-09,0.625502869829445,0.191,0.126,0.00016915593634124
"C16orf54",1.05624913182209e-08,0.32782462478982,0.335,0.259,0.000185646347409051
"RBL2",1.07612464759915e-08,0.310199743151367,0.445,0.355,0.000189139668062026
"BRD1",1.09156105114363e-08,0.475824982696565,0.279,0.194,0.000191852770349004
"ESYT2",1.09347025907367e-08,0.27637055266724,0.58,0.476,0.000192188332734789
"CCND3",1.22319521634559e-08,-0.319102884603686,0.514,0.555,0.000214988791224901
"NAP1L1",1.22471837749297e-08,-0.177331554307184,0.776,0.772,0.000215256502028165
"CLK1",1.23085014591414e-08,0.242186364424645,0.49,0.415,0.00021633422164587
"LY75",1.32046232412332e-08,0.829934653596347,0.1,0.056,0.000232084458087914
"ATP5MF",1.38100342030929e-08,-0.281143136149214,0.554,0.601,0.00024272516115356
"SOCS1",1.39970890521872e-08,0.211963076579516,0.285,0.21,0.000246012837181242
"PRPF8",1.42472257689943e-08,0.331389401305104,0.476,0.383,0.000250409240115845
"PEAK1",1.46381684824636e-08,-0.458190516133372,0.138,0.17,0.00025728044924778
"ATP2B1",1.60617213786314e-08,0.346387415321797,0.413,0.316,0.000282300814950825
"ARID5B",1.72366572825778e-08,0.59030563750892,0.146,0.092,0.000302951488398587
"ENSG00000287978",1.75805129641497e-08,0.696525680905824,0.086,0.048,0.000308995095857895
"ARHGEF1",1.8093095442094e-08,0.170340639193682,0.719,0.652,0.000318004245490244
"CDR2",1.86026451027369e-08,-0.272705295452034,0.447,0.479,0.000326960090325704
"PCM1",1.91283758537919e-08,0.31104149338574,0.602,0.511,0.000336200334006246
"HLA-E",2.03695581569407e-08,0.10774995183192,0.982,0.971,0.000358015354166389
"SELENOH",2.16251194719111e-08,-0.268730301072628,0.56,0.584,0.000380083099838309
"CYTH4",2.16658811318398e-08,-0.49905574835393,0.153,0.2,0.000380799526773217
"IER5L",2.37247636822297e-08,0.993060609615002,0.066,0.031,0.000416986446478869
"MT-ND1",2.40423789054198e-08,-0.163099324818423,0.98,0.981,0.000422568851641659
"SDHAP1",2.44586970710496e-08,0.411200079442475,0.217,0.152,0.000429886059720768
"CSNK1D",2.56355778358975e-08,0.317395657346185,0.456,0.364,0.000450570916043735
"NDFIP1",2.57925450332149e-08,0.166859751627747,0.865,0.812,0.000453329771503785
"ARID5A",2.81343346969868e-08,0.166073308037554,0.787,0.71,0.00049448906663424
"ODC1",3.0842744006858e-08,0.412742456712527,0.341,0.254,0.000542092068664536
"RGS10",3.15249666878047e-08,0.140335261169025,0.886,0.848,0.000554082814504856
"JMJD6",3.20813869963197e-08,0.464551982646961,0.239,0.173,0.000563862457847316
"MICU3",3.27302279184533e-08,0.792704018207519,0.106,0.06,0.000575266485894735
"RBM26",3.33571592754204e-08,-0.335383979970241,0.328,0.36,0.000586285431424789
"CNOT6L",3.34679893410369e-08,0.295918017813443,0.498,0.414,0.000588233380658064
"BTG2",3.66477973901199e-08,0.171127352982689,0.509,0.442,0.000644121686928747
"TNRC18",3.70407385782573e-08,0.713682577047324,0.145,0.086,0.000651028021251449
"RHBDF2",3.71134784418139e-08,0.933604066194887,0.077,0.037,0.000652306497093321
"NR4A3",3.76113101094557e-08,1.09483792026303,0.062,0.03,0.000661056386483793
"RGL4",4.14361922299013e-08,0.557143624247735,0.138,0.084,0.000728282514632746
"PRF1",4.16314015082817e-08,0.70971340906412,0.115,0.075,0.000731713512909559
"CDC42EP3",4.29034222064887e-08,-0.462701534177971,0.238,0.279,0.000754070548701246
"GIMAP2",4.30332176361489e-08,-0.406208959164293,0.296,0.329,0.000756351833172953
"RASA3",4.53702177609061e-08,0.297630715915048,0.51,0.436,0.000797426947365685
"HGSNAT",4.64254247811678e-08,0.539100199004122,0.207,0.135,0.000815973265953805
"POFUT2",4.84882917668792e-08,0.547674907346366,0.141,0.088,0.000852230216094668
"SPON2",4.91801714010344e-08,0.993152464699403,0.058,0.027,0.00086439069254458
"RBM14",5.15540452598219e-08,0.289689785775859,0.489,0.399,0.000906113899486629
"SLA",5.42997810256223e-08,0.62962817183481,0.135,0.084,0.000954372951306338
"LPXN",5.74588917861828e-08,-0.250287483282154,0.574,0.587,0.00100989748203395
"ENSG00000255026",5.97214693260087e-08,0.502893388118076,0.193,0.129,0.00104966454487393
"FAM118A",6.15643261833206e-08,0.308470547189153,0.441,0.354,0.00108205459699804
"HINT1",6.48666720805837e-08,-0.105672559894994,0.973,0.965,0.00114009662848834
"PNPT1",6.63492108834806e-08,-0.622498308284636,0.118,0.155,0.00116615373048805
"TBC1D10C",6.75018067182111e-08,0.241127131879812,0.45,0.368,0.00118641175487928
"GIMAP1",7.21533489418722e-08,-0.256487498815501,0.577,0.612,0.00126816726100235
"SKIL",7.37163054668193e-08,0.237074261506645,0.623,0.528,0.00129563778488482
"PRKAR1A",7.48734904104995e-08,0.246559458296283,0.543,0.441,0.00131597646745494
"TRPS1",7.626786519642e-08,0.582207674913873,0.153,0.096,0.00134048399869228
"SOX4",7.85980750287409e-08,-0.591200228825411,0.169,0.223,0.00138143976670515
"RNF213",8.1798604288573e-08,0.234514522873346,0.479,0.393,0.00143769226897596
"MIDN",9.51742084899594e-08,0.313481363210391,0.34,0.267,0.00167278188841953
"ENSG00000269091",9.62789132015977e-08,2.29143105070315,0.018,0.003,0.00169219817843128
"ZSCAN18",9.99392916104024e-08,0.618027988201608,0.113,0.069,0.00175653298934443
"BLTP1",1.01547116771312e-07,0.48814001326797,0.179,0.118,0.00178479212437257
"SRPK1",1.0536555055366e-07,-0.349556429037249,0.275,0.313,0.00185190491653112
"TPRN",1.16712125675754e-07,1.3878634682097,0.036,0.012,0.00205133232087705
"HNRNPA1",1.19211052204093e-07,0.102476505747596,0.988,0.98,0.00209525345353915
"ARHGDIB",1.20409992555784e-07,-0.130611598040311,0.974,0.977,0.00211632602916046
"PSME2",1.24037602049415e-07,-0.256279988037492,0.491,0.519,0.00218008489362052
"LMBR1",1.27683474981304e-07,0.382519253881777,0.343,0.249,0.0022441647562714
"OSBPL8",1.3336027290978e-07,-0.159893907818317,0.79,0.777,0.0023439401566623
"LSP1",1.42130854174394e-07,-0.23014328485282,0.64,0.653,0.00249809189296915
"EIF4G2",1.42208831363593e-07,0.155650994533572,0.842,0.78,0.00249946242004651
"N4BP3",1.43419425061627e-07,0.537338795322019,0.184,0.129,0.00252073981488316
"IRF7",1.45806348884866e-07,-0.401328111830829,0.327,0.378,0.0025626923880004
"LRRC8A",1.46255962097649e-07,0.544675624935905,0.139,0.095,0.00257059478982828
"GUK1",1.63724390937165e-07,0.157929743234798,0.83,0.767,0.00287761989511161
"CAPZA1",1.6418037455524e-07,0.235349485457523,0.618,0.534,0.0028856342631829
"TMEM30B",1.66862463997697e-07,2.69413151956315,0.013,0.001,0.00293277466722352
"RNF125",1.74813306076415e-07,0.271148134047979,0.479,0.404,0.00307251866759908
"POLR2J3",1.83563510974163e-07,-0.450310533595787,0.175,0.218,0.00322631226888189
"INPP5D",1.85091175215441e-07,0.533226379048514,0.174,0.116,0.00325316249558659
"ENSG00000287001",1.86596427934011e-07,-2.40794010595624,0.002,0.012,0.00327961881736817
"APBB1",1.95690041229745e-07,-0.405941752894583,0.276,0.32,0.00343944816465399
"C1orf162",1.96981645629348e-07,0.751454878449325,0.089,0.049,0.00346214940358141
"CHCHD10",2.03794737268546e-07,0.312535069323543,0.377,0.303,0.00358189630223197
"ZEB2",2.09929398663505e-07,1.33452727147664,0.04,0.022,0.00368971911090976
"PGK1",2.2568571720926e-07,0.183247431478826,0.865,0.808,0.00396665216566996
"TP53INP2",2.34857546521504e-07,0.99529566855179,0.06,0.029,0.00412785623766195
"MYT1L",2.38584798290576e-07,3.48542891739601,0.011,0.001,0.00419336641475517
"CCDC102A",2.40923875655835e-07,-0.624517248651425,0.073,0.099,0.00423447803852696
"RAB7A",2.49099154213036e-07,-0.222767842802916,0.555,0.577,0.00437816673444833
"FDFT1",2.57495137789722e-07,-0.347709190211343,0.264,0.296,0.00452573454179216
"USP7",2.67912997559258e-07,0.457688722221292,0.23,0.16,0.00470883884510152
"UBE2D3",2.71150451671709e-07,-0.165103986689791,0.847,0.858,0.00476574033858197
"CTH",2.7624773357794e-07,1.68687975852277,0.028,0.01,0.00485533016536587
"SIK2",2.78007099130965e-07,0.644223880702395,0.144,0.09,0.00488625277432583
"ENSG00000287378",3.1173269862324e-07,0.712357832001456,0.153,0.089,0.00547901391100206
"CENPC",3.12815487312647e-07,0.31337411743546,0.389,0.306,0.00549804500500709
"APIP",3.2758803536063e-07,-0.483421454720595,0.146,0.183,0.00575768730949844
"FAM162A",3.33183688411766e-07,0.370001392236335,0.327,0.242,0.00585603650752521
"AKTIP",3.40249705060983e-07,0.486788280755712,0.161,0.111,0.00598022881615184
"NOTCH2NLR",3.51295883199288e-07,-2.20954638148337,0.004,0.017,0.00617437644311069
"ENSG00000289293",3.61208840258341e-07,0.684195930941276,0.103,0.059,0.0063486065763806
"GADD45B",3.69846946229636e-07,0.24714327526698,0.428,0.354,0.00650042992693208
"LINC02968",3.76114814016701e-07,2.1501089867325,0.016,0.003,0.00661059397115754
"DNAH6",3.98087790376768e-07,1.10420071697025,0.046,0.019,0.00699679100366207
"DGKZ",4.04335490747724e-07,0.475824682854063,0.165,0.115,0.007106600585382
"ARL4C",4.05088982384977e-07,0.152134204388985,0.851,0.81,0.00711984395439836
"ITGB2",4.34471766054871e-07,0.471862798482404,0.2,0.144,0.00763627576018041
"HSD17B2-AS1",4.43223182491668e-07,2.43785456404932,0.016,0.003,0.00779009065547355
"USP15",4.50777444365126e-07,0.223085493836712,0.611,0.526,0.00792286436216146
"IL21R",4.74025776238649e-07,0.283754182775072,0.442,0.372,0.0083314770431705
"BCL2",5.19619867921038e-07,0.375339246453013,0.336,0.271,0.00913283879858017
"NR1H2",5.20085341198773e-07,0.242536311261796,0.413,0.33,0.00914101995690964
"SAMD10",5.39366050718607e-07,1.44289501257373,0.033,0.011,0.00947989770743024
"PRKAR2A",5.51217351989207e-07,0.385375226302491,0.258,0.19,0.00968819617856231
"ENSG00000274767",5.51814464167549e-07,-2.56492952158517,0.002,0.012,0.00969869102220884
"P2RY10",5.82452930761838e-07,0.263065225436341,0.451,0.357,0.0102371927110701
"HMGN2",5.93008038853584e-07,0.137313730501318,0.629,0.562,0.0104227092908906
"JMY",5.9877699746021e-07,0.424949749316322,0.217,0.161,0.0105241045073606
"INPP5A",6.08282815753922e-07,0.634349040613411,0.138,0.088,0.0106911787696909
"TIFA",6.20926559754318e-07,-0.900997325750833,0.051,0.079,0.0109134052142419
"SERTAD1",6.24794289572091e-07,0.349019581398479,0.178,0.125,0.0109813844335191
"AKAP17A",6.25325604060927e-07,0.296239360173868,0.319,0.263,0.0109907228169748
"ZMYM2",6.28339764018495e-07,0.369505029255087,0.335,0.262,0.0110436996923891
"JPX",6.60306843523966e-07,-0.315482568940332,0.281,0.302,0.0116055530817772
"PKIA-AS1",7.30996467819085e-07,-0.865776170737275,0.032,0.054,0.0128479939183882
"ADI1",7.33792375551698e-07,-0.44684094401539,0.172,0.208,0.0128971347926967
"KMT2E",7.33871971093591e-07,0.157415473726908,0.72,0.64,0.012898533763941
"WWOX",7.39547330704537e-07,0.509480396708551,0.174,0.124,0.0129982838844629
"PDIA3",7.428313057704e-07,0.201542556772019,0.586,0.517,0.0130560030302205
"TMF1",7.46360288936015e-07,0.333057615750475,0.366,0.288,0.0131180284383394
"KLF6",7.76688247094546e-07,0.251236582661734,0.514,0.439,0.0136510726309337
"SLC12A6",7.78581112003434e-07,-0.21170352919275,0.41,0.437,0.0136843416245724
"ENSG00000285976",7.82364239994373e-07,1.13400457118549,0.036,0.015,0.0137508338821411
"ZNF641",8.06664520959784e-07,0.764848324353299,0.077,0.043,0.0141779356203892
"TSC22D4",8.08884218127949e-07,-0.416437161790494,0.226,0.266,0.0142169490178168
"ZFPM1",8.21915522989623e-07,0.437918067953635,0.183,0.13,0.0144459872320656
"HSPA9",8.36830858071607e-07,0.260404435475311,0.542,0.454,0.0147081391614666
"RALGAPA1",8.40485536698426e-07,0.283468714191001,0.54,0.455,0.0147723737930115
"PPM1B",8.52872009397862e-07,0.297306723425663,0.393,0.31,0.0149900784371768
"KRT10",8.83719178161437e-07,-0.224503155167851,0.622,0.651,0.0155322482753654
"RAP1B",8.84604517644765e-07,-0.133439060942304,0.879,0.872,0.0155478090021244
"EPHX1",9.23392205311715e-07,-1.07250250494249,0.022,0.041,0.0162295414005587
"PVRIG",9.43334750464696e-07,0.390062474331876,0.155,0.108,0.0165800515741675
"ILRUN",9.49752254814937e-07,0.471562628664389,0.179,0.129,0.0166928456306273
"SARDH",9.67890266917046e-07,1.21146828533545,0.032,0.014,0.017011639331334
"AGAP2",9.70555788936878e-07,0.794856724571198,0.082,0.046,0.0170584885463546
"IDS",9.73309490364279e-07,0.23078310254288,0.714,0.631,0.0171068876026426
"PRPF6",9.88702012347419e-07,0.301125345280977,0.378,0.305,0.0173774265690182
"FGFR1",9.93021800138069e-07,1.39692000467446,0.035,0.012,0.0174533511592267
"ABI3",1.01314218375019e-06,0.558710124777435,0.117,0.083,0.0178069870215933
"PCYT1A",1.01930297653348e-06,0.68383515932448,0.089,0.052,0.0179152691155525
"ENOSF1",1.02145028911128e-06,0.633705834915653,0.108,0.067,0.0179530102814199
"NFE2L2",1.06410220087378e-06,0.184440422194584,0.453,0.423,0.0187026602825575
"MIGA2",1.07796334334721e-06,0.717882406020705,0.07,0.038,0.0189462837226706
"OGDH",1.0809479411151e-06,0.429716440880898,0.26,0.192,0.018998741013039
"DAD1",1.09490235255243e-06,-0.297415802925741,0.446,0.481,0.0192440037484615
"INSIG1",1.11394317111582e-06,0.323877682475702,0.203,0.145,0.0195786651755317
"RELB",1.1545572717008e-06,-0.206088863044164,0.715,0.727,0.0202924986074132
"SCML4",1.16536787949017e-06,0.327038111966865,0.329,0.259,0.0204825058499193
"KLF5",1.22635236791195e-06,1.61020480011367,0.026,0.008,0.0215543692184204
"CDK2AP2",1.24534087327284e-06,0.258997642732762,0.253,0.191,0.0218881111886434
"FGFBP2",1.30516179865588e-06,0.68741520763677,0.106,0.076,0.0229395237731757
"RBBP4",1.30863293521113e-06,-0.229224135213403,0.449,0.475,0.0230005324692708
"SRSF4",1.348101440974e-06,-0.19338246790999,0.481,0.515,0.023694230926559
"GIMAP6",1.35431881501466e-06,-0.395548608274152,0.207,0.244,0.0238035074926977
"FOXJ3",1.36146433838401e-06,-0.269503955873394,0.322,0.354,0.0239290972114374
"NBL1",1.36929406456047e-06,0.54329570721755,0.201,0.143,0.0240667124787147
"EXOC3",1.41370894734442e-06,0.473755521187757,0.161,0.109,0.0248473484585255
"MAL",1.42461034408194e-06,0.31930299312303,0.292,0.221,0.0250389514075842
"SON",1.4346081958739e-06,-0.143227460369893,0.864,0.873,0.0252146736506797
"CHMP4B",1.4420173624977e-06,-0.282517819100281,0.291,0.314,0.0253448971632597
"C1QBP",1.56138040143238e-06,-0.14352177406267,0.615,0.612,0.0274428219355755
"GPBP1",1.61298517383319e-06,0.176179763376138,0.697,0.629,0.0283498274152922
"EXT1",1.62554285918637e-06,0.699451388830913,0.106,0.074,0.0285705412930596
"DSTN",1.62852679780855e-06,0.382375488779157,0.266,0.199,0.0286229869982831
"COA1",1.62931042690992e-06,-0.318465314611953,0.312,0.349,0.0286367600633687
"NSMCE3",1.65637738227368e-06,0.206411257061279,0.407,0.363,0.0291124888708423
"TMC8",1.74161098992183e-06,0.409891866441976,0.176,0.128,0.030610554758866
"UBE2B",1.7587391407875e-06,0.107236906515521,0.806,0.761,0.030911599138481
"HFM1",1.82395176395378e-06,0.95861465898132,0.05,0.025,0.0320577762032517
"CDC42",1.82967425178637e-06,-0.142558166321713,0.875,0.87,0.0321583546493972
"LRP6",1.83415972469306e-06,1.62588196128052,0.021,0.005,0.0322371913212052
"NEDD9",2.05304655159871e-06,0.580225903045683,0.122,0.08,0.036084346190899
"PPP1R18",2.06450653633203e-06,-0.276275407857772,0.357,0.399,0.0362857668825717
"PPP1R14B",2.09535881793949e-06,-0.250437210218784,0.335,0.363,0.0368280265841045
"CAST",2.12482841132705e-06,0.307985225382282,0.573,0.501,0.0373459841574842
"DNAJB6",2.14489263096742e-06,0.196504003651746,0.467,0.403,0.0376986328818834
"GAPDH",2.25177845502766e-06,0.251751539990999,0.796,0.731,0.0395772581255661
"HNRNPK",2.32912417360556e-06,-0.123808038893153,0.887,0.875,0.0409366864752914
"TMPO",2.35001060851336e-06,-0.316747466286644,0.285,0.315,0.0413037864552309
"SIK3",2.41179821303398e-06,0.216095230563092,0.636,0.559,0.0423897653922852
"DHX36",2.41998923016711e-06,0.290694826936843,0.461,0.383,0.0425337307094171
"MRPL34",2.69520997360279e-06,-0.311301118907908,0.319,0.353,0.0473710104960427
"RASGRP1",2.71692236103938e-06,-0.243526639121194,0.381,0.404,0.0477526274176281
"HBS1L",2.73546236912602e-06,-0.305393075204726,0.382,0.415,0.048078486599759
"PTGER4",2.8057155130023e-06,0.377798108181367,0.252,0.202,0.0493132558565284
"SERINC1",2.81718411846424e-06,0.205219690713541,0.605,0.526,0.0495148280661275
"BID",2.83224934107709e-06,-0.363770500963658,0.193,0.228,0.0497796144187709
"PSMA4",2.84687528257562e-06,-0.246609133780062,0.363,0.372,0.050036679966549
"IFIT3",2.88189144478991e-06,-1.27046600059401,0.022,0.04,0.0506521240336275
"CD46",2.92536234153413e-06,0.288603527510952,0.389,0.316,0.0514161685148038
"ENSG00000197585",2.978169548663e-06,2.19536301724582,0.012,0.002,0.0523443079873009
"LDHA",3.03127149121669e-06,0.214821576843553,0.814,0.753,0.0532776277296246
"POLR3E",3.21521694351603e-06,0.389457934045167,0.268,0.201,0.0565106529992378
"NSMF",3.24598759094316e-06,0.644871297798915,0.097,0.058,0.0570514778984169
"KIF9-AS1",3.28420400969092e-06,0.690416609944761,0.079,0.044,0.0577231696743277
"IL32",3.45302615060213e-06,0.208294283742642,0.764,0.693,0.060690387622983
"WWC3",3.65303195621695e-06,1.15502143122728,0.044,0.02,0.0642056896624692
"EEF1E1",3.68361046751661e-06,-0.36823572235748,0.198,0.234,0.064743137577072
"KLRB1",3.73707464814912e-06,-0.866310888118948,0.012,0.028,0.065682824015869
"MAPK1IP1L",3.79559721278959e-06,0.210943830973842,0.545,0.465,0.0667114166119898
"COMMD7",3.95937627839397e-06,0.539849000736538,0.136,0.091,0.0695899974690525
"ZNF10",3.97775179801593e-06,0.52004808542748,0.135,0.091,0.0699129656019279
"CMIP",3.98177719108124e-06,0.445623386208967,0.205,0.148,0.0699837159104438
"TMEM14C",4.03140325474806e-06,-0.361450751433791,0.19,0.221,0.0708559436054519
"LRBA",4.07813788531637e-06,0.29000946892665,0.388,0.313,0.0716773514723206
"TEDC1",4.26080816510972e-06,0.430525406930965,0.131,0.086,0.0748879643099684
"BLMH",4.2735128785584e-06,-0.248120699798405,0.225,0.253,0.0751112623535424
"ACSL3",4.32339695080875e-06,0.431774713241072,0.198,0.14,0.0759880248074145
"SURF1",4.32909853301782e-06,0.380293022262957,0.191,0.134,0.0760882358163213
"POLR2L",4.36067657190954e-06,-0.156631456400482,0.636,0.623,0.076643251427882
"PRELID1",4.40511905023212e-06,-0.290550512616288,0.341,0.38,0.0774243724268797
"ATP1A1",4.40991347736893e-06,0.197918617580452,0.608,0.534,0.0775086392782363
"ENSG00000253980",4.42346382159653e-06,-0.411110796814592,0.132,0.16,0.0777468001283807
"STAT5B",4.49262746795578e-06,0.29126324743229,0.326,0.262,0.0789624203767908
"EMC10",4.55128858321531e-06,0.274398321689429,0.291,0.221,0.0799934481385923
"CYB5R3",4.55179708766172e-06,0.308443247905476,0.294,0.226,0.0800023856127424
"KCTD20",4.55454998775592e-06,0.358379278638227,0.261,0.196,0.0800507705847981
"GABARAPL2",4.68133020685889e-06,-0.250960970847278,0.555,0.577,0.0822790597157518
"RTL6",4.69852433834256e-06,0.840122709633607,0.073,0.041,0.0825812637707088
"CD2",4.74059997981632e-06,-0.164212340966192,0.732,0.748,0.0833207852452516
"MT1E",4.90049024058594e-06,2.33709455862309,0.014,0.003,0.0861310164685385
"RCAN3",4.93605067076521e-06,0.176593522457888,0.622,0.557,0.0867560265893693
"OSTM1",5.01781607242046e-06,0.49532809543827,0.144,0.099,0.0881931352888619
"MARCHF6",5.0507972957813e-06,0.30517062192294,0.303,0.233,0.0887728132706521
"EPB41",5.26056940301779e-06,-0.179862189220023,0.698,0.713,0.0924597678274407
"NANS",5.28521479504528e-06,0.396069829248986,0.25,0.188,0.0928929352377158
"TRIM24",5.41720355911766e-06,0.524941362813772,0.126,0.087,0.0952127697550519
"CDKN1A",5.45293099791852e-06,1.15598533600886,0.047,0.023,0.095840715219416
"S100B",5.62294979405844e-06,0.492576809278167,0.244,0.198,0.0988289655803711
"PSMA2",5.86475752678847e-06,-0.178496762164592,0.575,0.581,0.103078978290834
"SNHG8",5.89206803018174e-06,-0.176037137407441,0.777,0.795,0.103558987698474
"EPB41L2",6.0916332950385e-06,-0.526383737963381,0.084,0.116,0.107066546793597
"CHSY1",6.14452773086498e-06,0.939419509235506,0.05,0.023,0.107996219397683
"GNPDA1",6.15357310284394e-06,-0.429347137543898,0.096,0.12,0.108155200855585
"CAPN2",6.22827874951373e-06,0.615341846420827,0.113,0.072,0.109468227301453
"TMC6",6.35782729706946e-06,0.320020489979955,0.233,0.174,0.111745172573293
"SLC38A2",6.46141506180943e-06,0.193947231245461,0.691,0.621,0.113565831126363
"PSMA1",6.54873787541929e-06,-0.150230589997388,0.696,0.682,0.115100616898369
"DUSP16",6.69653666118547e-06,0.414217916599265,0.177,0.128,0.117698328356996
"TENT4A",6.77376552577805e-06,0.671285320638745,0.095,0.058,0.119055702881075
"ITPKB",6.87593431565313e-06,0.210991091296593,0.451,0.393,0.120851421531919
"ZNF276",6.91675199143314e-06,0.303686803574373,0.271,0.208,0.121568833001429
"SET",7.02063446224713e-06,-0.15431685093474,0.782,0.782,0.123394671308456
"ATP2A3",7.02396540238567e-06,0.415205939596591,0.185,0.132,0.123453215912331
"HNRNPUL1",7.03176290250299e-06,0.222356380334244,0.586,0.502,0.123590264774393
"ARHGEF18",7.19971750645202e-06,0.209743271734068,0.301,0.255,0.126542234893401
"SLC2A3",7.28829905483582e-06,0.228422431926208,0.324,0.26,0.128099144187794
"TRAPPC5",7.30177167962975e-06,-0.220940214813524,0.377,0.383,0.128335939041173
"ICA1L",7.51045440477097e-06,-0.694638471252504,0.043,0.06,0.132003746618255
"RIPOR2",7.85635907801541e-06,-0.168679407670413,0.692,0.714,0.138083367155199
"BMP1",7.92434981273202e-06,3.60930577330864,0.01,0.001,0.139278372308578
"MXRA7",7.98904538190587e-06,0.475963120675771,0.184,0.124,0.140415461632378
"RPGR",8.06907845223637e-06,0.544563756722986,0.149,0.1,0.141822122876506
"HNRNPH1",8.26091879354e-06,0.201855176288419,0.494,0.414,0.145193908715259
"FAM229B",8.3614466413648e-06,0.642848777929602,0.074,0.041,0.146960786168628
"ITM2A",8.48654693383444e-06,0.16356587349073,0.721,0.644,0.149159548909074
"CWC25",8.74434425069821e-06,0.235926117033905,0.269,0.207,0.153690594550272
"PA2G4",8.75695198171499e-06,-0.206920017347829,0.561,0.573,0.153912188030623
"KMT5C",8.79395845108238e-06,0.53645935004055,0.091,0.056,0.154562613736224
"SPAG9",8.8329920895938e-06,0.378664707329111,0.226,0.175,0.155248668966701
"GRAMD1B",8.89356536163073e-06,1.00716826427635,0.031,0.013,0.156313304796022
"ELAPOR2",9.03103312737142e-06,0.806456808849052,0.051,0.025,0.15872943824668
"SLC39A1",9.21398506498967e-06,-0.490236279226645,0.124,0.151,0.161945001502259
"LDB1",9.2156290113025e-06,0.452361100353529,0.173,0.12,0.161973895502653
"JAKMIP2",9.33008170640901e-06,1.71639658073183,0.022,0.007,0.163985516071845
"DYNLL2",9.36255053208171e-06,0.421314423967042,0.214,0.159,0.164556188151868
"SYNC",9.44681302641739e-06,-0.378795928174321,0.153,0.181,0.166037185752312
"CSGALNACT1",9.78440913296868e-06,-0.474872715683504,0.132,0.166,0.171970774921058
"TCIRG1",9.92922112414729e-06,0.569098372574591,0.117,0.075,0.174515990478013
"JAZF1",1.00993498779633e-05,0.565372858292961,0.125,0.08,0.177506173455083
"TERF2IP",1.02295317031523e-05,0.186030396468129,0.484,0.401,0.179794249214604
"HIF1A",1.02904620488705e-05,-0.196741828838124,0.535,0.559,0.180865160970948
"STAT5A",1.04707632754134e-05,0.392423070747526,0.259,0.195,0.184034135328666
"CXCR3",1.05395126699654e-05,0.302272958288425,0.268,0.208,0.185242474687313
"ENSG00000260711",1.13190324909928e-05,1.94071360669615,0.014,0.003,0.19894331506169
"RANGAP1",1.14272701878991e-05,0.348524050144691,0.325,0.256,0.200845700822515
"WDR73",1.15283637967339e-05,0.641085851565435,0.113,0.072,0.202622522091395
"PLSCR1",1.15688972565294e-05,-0.48959068509852,0.1,0.119,0.20333493818076
"SELENOM",1.18599752955567e-05,0.628236103594562,0.074,0.048,0.208450925794704
"ZC3H7A",1.19295164859275e-05,-0.277590191799163,0.353,0.384,0.209673181756662
"ATP5MC2",1.20214200379386e-05,0.101785292754911,0.899,0.867,0.211288478586809
"TESPA1",1.2149134650482e-05,-0.14002241698727,0.633,0.654,0.213533190616872
"MSN",1.22357845554701e-05,-0.120897832954728,0.662,0.647,0.215056149346942
"PPP3CA",1.22454431924922e-05,-0.205468237265051,0.269,0.295,0.215225909551243
"SMURF2",1.2478855778541e-05,0.307013417763806,0.385,0.311,0.219328369163636
"PNPLA2",1.26782685234683e-05,-0.230693187584913,0.575,0.601,0.222833247568479
"SDK1",1.29523440892021e-05,1.21414324424691,0.039,0.018,0.227650399711816
"DDHD2",1.29543320976149e-05,0.605210072867032,0.114,0.073,0.227685340947679
"H1-3",1.29816439068138e-05,0.595303221974785,0.135,0.087,0.22816537330616
"OAZ1",1.30267504062213e-05,-0.136918225674426,0.957,0.957,0.228958165139746
"WIPF2",1.33090514349611e-05,0.503649643837555,0.132,0.086,0.233919888020876
"IL10RA",1.33647396959513e-05,0.299839131364839,0.202,0.155,0.23489866489604
"FAM228B",1.34331611145516e-05,0.834045143323214,0.045,0.023,0.236101239749358
"MTSS2",1.34459785727447e-05,0.875528643540203,0.042,0.02,0.236326519394562
"SETD1B",1.34613797937221e-05,0.243866025391328,0.32,0.25,0.23659721125446
"DUSP10",1.35663533124764e-05,0.904340509492035,0.054,0.03,0.238442225820085
"RUBCN",1.3575489733871e-05,0.464145760497698,0.142,0.098,0.238602807562516
"CLN8",1.35881835946619e-05,0.699232916319538,0.077,0.045,0.238825914859777
"GCNT4",1.36946354938876e-05,0.496987151988688,0.094,0.059,0.240696913440569
"CSNK1G2",1.37021884659141e-05,0.208561631867573,0.551,0.465,0.240829664476907
"SYTL1",1.38429020706758e-05,0.343061966281345,0.24,0.183,0.243302846794199
"TOB1",1.38818750743942e-05,0.337502076946656,0.327,0.262,0.243987836307552
"FBXL14",1.38905227534722e-05,0.451392460101757,0.14,0.092,0.244139827915028
"IKBKE",1.40090033831624e-05,-0.411042175841271,0.125,0.153,0.246222243462463
"EVI2A",1.47170998087633e-05,-0.198728212601776,0.467,0.495,0.258667746238824
"RFTN1",1.47777168014878e-05,0.239943695410566,0.554,0.464,0.25973315050295
"PRDM8",1.48303759449401e-05,-1.04090844936499,0.023,0.04,0.260658687608267
"CD38",1.51699609541961e-05,0.815476183684746,0.078,0.046,0.26662723373095
"CDC42EP3-AS1",1.51967062186538e-05,-0.888572496543261,0.032,0.051,0.267097308499059
"GFOD1",1.5466016665243e-05,1.21992339092104,0.02,0.007,0.271830708908312
"TRABD2A",1.56420438991798e-05,0.423853867806409,0.182,0.131,0.274924563571985
"CSK",1.56580251177138e-05,-0.253889913595582,0.415,0.449,0.275205449468937
"BTAF1",1.58623708784734e-05,0.398487247383418,0.249,0.191,0.278797030560049
"YPEL3",1.59313627660641e-05,-0.299503843975792,0.547,0.583,0.280009631976342
"SLA2",1.60994520783037e-05,0.828552736039057,0.059,0.033,0.282963969728266
"MRPS31",1.62713177495256e-05,-0.367713815030937,0.183,0.201,0.285984680765661
"IQSEC3",1.72040086089059e-05,-1.53099131765668,0.008,0.02,0.30237765531013
"DENND4A",1.73051755743997e-05,0.201951991794943,0.65,0.567,0.30415576589565
"TCF3",1.74585955784304e-05,-0.440515015582303,0.136,0.165,0.306852275886492
"BCL3",1.75107188274921e-05,-0.208318151719541,0.566,0.576,0.307768394112002
"PER1",1.77323171016277e-05,0.256071223210236,0.293,0.248,0.311663205378209
"WAC-AS1",1.78542419985554e-05,0.561006111892715,0.113,0.071,0.31380615736661
"PARVG",1.79976884642051e-05,0.319921324965118,0.194,0.139,0.316327372446868
"OAS1",1.80208630538764e-05,-1.52690778805362,0.013,0.029,0.316734689034931
"ANP32B",1.80322861016095e-05,-0.169332528708221,0.719,0.73,0.316935460521888
"ARG2",1.82672238138081e-05,0.450346776758118,0.168,0.116,0.321064725751492
"HIPK1",1.84947513408732e-05,0.282587705369759,0.419,0.347,0.325063749567188
"OSER1",1.85220852360019e-05,0.228912993504808,0.288,0.234,0.32554417010797
"CDV3",1.86310934632965e-05,0.221653332620961,0.54,0.47,0.3274600987109
"BLOC1S6",1.8939467902117e-05,0.321700751859368,0.257,0.193,0.332880087847609
"KTN1",1.91023825822131e-05,-0.19699962031057,0.532,0.536,0.335743476264978
"DEK",1.92844539978265e-05,-0.249778588369081,0.387,0.407,0.338943563465798
"ZNF827",1.92962688099185e-05,-0.322313539838045,0.148,0.175,0.339151220603127
"UBXN1",1.94660096063907e-05,-0.169543633321937,0.789,0.795,0.342134584841922
"BCL6",1.9590940331052e-05,-0.584040793882775,0.086,0.114,0.344330367258571
"BIN2",2.00390756896515e-05,0.279167312253491,0.264,0.203,0.352206794321315
"SLC25A4",2.01680996603988e-05,0.529882907490363,0.084,0.051,0.35447451963117
"TANK",2.04291517791746e-05,-0.304204467630997,0.27,0.299,0.359062771670773
"DDIT3",2.108522296001e-05,0.338917176929963,0.223,0.163,0.370593878745135
"PNRC2",2.11729326601093e-05,0.177503393365674,0.507,0.434,0.372135464434082
"BPGM",2.19556940760944e-05,0.351538136312784,0.232,0.174,0.385893279081434
"CYLD",2.2031952698033e-05,-0.155732191795789,0.645,0.667,0.387233600620629
"C17orf107",2.20953641056681e-05,2.13024580434983,0.014,0.003,0.388348119521222
"GTPBP1",2.23048626828551e-05,0.485730426795821,0.121,0.078,0.392030266513861
"KPNA2",2.23114145716388e-05,0.419666030095425,0.223,0.168,0.392145422511124
"LINC02055",2.23996563498448e-05,2.10753625830299,0.016,0.004,0.393696360004873
"FBXW7",2.25585284439183e-05,0.3484449072762,0.29,0.223,0.396488695930309
"S100A9",2.27576548610176e-05,2.55480754822794,0.01,0.001,0.399988541837246
"ARHGAP4",2.28062907334933e-05,0.220226955465586,0.389,0.325,0.400843365931878
"NCOA7",2.29147931779149e-05,-0.406107659959967,0.106,0.131,0.402750404895033
"RAB27A",2.30756625123162e-05,-0.30876451416802,0.236,0.255,0.405577844316469
"SIRT3",2.33533201177911e-05,0.727133788599688,0.055,0.028,0.410457954390296
"HID1",2.34435675522047e-05,2.26858280126084,0.012,0.003,0.41204414329755
"ENSG00000291156",2.35421052243443e-05,-0.406930001203013,0.062,0.081,0.413776041423075
"AMD1",2.3687482109832e-05,0.234971829669678,0.376,0.299,0.416331185562407
"CEP128",2.37159025975261e-05,1.00639728563492,0.038,0.02,0.416830704054119
"AGPAT5",2.40355526739966e-05,0.348808521191409,0.304,0.232,0.422448873798164
"GCC2",2.43746462685803e-05,0.171565617795937,0.644,0.586,0.428408782816568
"GNA13",2.43947931876169e-05,0.291468097269963,0.364,0.285,0.428762885065554
"GIMAP4",2.44547015465296e-05,-0.151310435897669,0.61,0.624,0.429815834381804
"ABCA10",2.46550290088594e-05,-1.53972503519899,0.006,0.016,0.433336789859713
"CLASP2",2.4829280207806e-05,0.450472332242753,0.206,0.151,0.436399428932399
"PTOV1",2.54514404944211e-05,-0.359440773924996,0.23,0.266,0.447334518129945
"GCH1",2.57105912144528e-05,0.502561370385213,0.159,0.11,0.451889351185223
"DLST",2.60887820742302e-05,0.361006596122211,0.237,0.177,0.45853643373667
"USP14",2.63366713012016e-05,0.290395897745398,0.313,0.239,0.462893334789919
"PIK3R1",2.63955168654611e-05,0.318726637122797,0.272,0.208,0.463927604427344
"TIPARP",2.64244507839625e-05,0.504068574762313,0.161,0.111,0.464436146978925
"IDI1",2.68208069194436e-05,0.287104830084856,0.294,0.239,0.471402502416141
"RHOA",2.71091333486911e-05,-0.13398526816641,0.788,0.8,0.476470127736594
"DNAJB2",2.72045856382542e-05,0.488302926560181,0.11,0.074,0.478147797177956
"MARCHF2",2.74266089290245e-05,0.680199362222668,0.067,0.039,0.482050078536535
"CR2",2.78651968254554e-05,0.796923357429091,0.038,0.018,0.489758699404204
"MRPL14",2.81736589960718e-05,-0.203726194726985,0.468,0.492,0.495180230514959
"JUNB",2.88009209220622e-05,-0.20742602266472,0.743,0.756,0.506204986126165
"SCML1",2.89250003521138e-05,0.224707102381006,0.357,0.286,0.508385806188752
"SLC39A8",2.93920717382569e-05,0.412423021376641,0.245,0.179,0.516595052871603
"BBS2",2.95644977933004e-05,0.481350073656392,0.128,0.086,0.519625613215048
"TRAT1",2.96371167103811e-05,-0.205290020608684,0.448,0.481,0.520901963301658
"ALKBH6",2.96424379024606e-05,0.528175114698139,0.081,0.054,0.520995488573647
"RUNX3-AS1",2.97684536987285e-05,2.12598843806147,0.012,0.002,0.523210342208853
"MAML3",3.01472563757165e-05,0.510317580766781,0.109,0.071,0.529868178059593
"MEF2A",3.06943556356223e-05,-0.229897253189993,0.294,0.313,0.539483994651698
"ZFAND2B",3.07184840262685e-05,0.362488110948469,0.201,0.148,0.539908075245695
"HLA-DRA",3.09689404358662e-05,1.39553272211857,0.019,0.008,0.544310097100784
"VAMP5",3.10848427400547e-05,0.358838257630985,0.234,0.17,0.546347195999201
"RUVBL1",3.14098105302593e-05,0.487296426984982,0.178,0.124,0.552058829879838
"TXNDC11",3.20846379759712e-05,0.422505820275779,0.133,0.098,0.563919597065669
"FKBP2",3.21777172048005e-05,-0.329527118447478,0.278,0.307,0.565555557591574
"EVI2B",3.3068600574418e-05,-0.201631810374127,0.47,0.479,0.581213723695971
"TMEM123",3.33170499809435e-05,-0.133988702586969,0.828,0.832,0.585580470465063
"PAK2",3.33234954214494e-05,0.187117907489163,0.7,0.628,0.585693755527395
"ZC3H12A",3.36851426613279e-05,0.322192252732713,0.221,0.178,0.5920500674155
"ZBTB4",3.40277662472664e-05,0.418221011947045,0.198,0.145,0.598072019561955
"KCNA3",3.40692823695055e-05,0.27431446282652,0.233,0.177,0.598801706926428
"PRKCH",3.40846303693268e-05,0.146989980592291,0.701,0.64,0.599071463371288
"TTC27",3.4178511389845e-05,-0.432766468391768,0.107,0.129,0.600721516187916
"COMMD3",3.43204626225904e-05,-0.46907101479172,0.141,0.174,0.603216451054649
"ACAP1",3.49957677631495e-05,0.222563175544333,0.351,0.293,0.615085614205115
"TGFB1",3.5430088930313e-05,0.183491126592798,0.898,0.866,0.62271924303918
"TRAPPC10",3.65235172639227e-05,0.300778861790688,0.305,0.236,0.641937339430706
"SAMSN1",3.71557058390872e-05,0.394968240338686,0.191,0.146,0.653048685827797
"H1-2",3.73470503299102e-05,0.50758300434142,0.168,0.124,0.656411756598502
"ENSG00000291220",3.77636702305608e-05,-1.0256589900624,0.018,0.03,0.663734267972337
"TMEM50B",3.84922180701118e-05,0.274502338855858,0.24,0.187,0.676539224800286
"SFI1",4.10528677802484e-05,0.218031285102865,0.307,0.251,0.721545204105646
"SERPINB6",4.11682802593255e-05,-1.0032008888672,0.008,0.019,0.723573693837904
"TLE5",4.16346053044869e-05,-0.147044947658129,0.935,0.932,0.731769822831663
"RAP2B",4.17749016640479e-05,0.377828335577377,0.219,0.161,0.734235671647306
"HCFC1R1",4.21623454116507e-05,-0.423788741514377,0.121,0.15,0.741045382955172
"RAB11FIP1",4.2970022038489e-05,0.959456773559722,0.041,0.02,0.755241107348482
"IFI44L",4.30579416018555e-05,-0.449881113544055,0.073,0.1,0.756786381594212
"SACM1L",4.3182735846684e-05,0.374999095530387,0.257,0.191,0.758979765241318
"HECTD1",4.33219967713876e-05,0.353424713341206,0.274,0.205,0.761427415253909
"SLC2A4RG",4.36673172286188e-05,0.432305681125193,0.142,0.097,0.767496767610203
"PGM3",4.3825099596956e-05,0.691705224789084,0.076,0.045,0.770269950516098
"IER5",4.39356196185466e-05,-0.104959231196973,0.335,0.361,0.772212450415575
"TACC3",4.42786432609815e-05,0.265629625024239,0.259,0.2,0.778241433955011
"POMT1",4.44245694053144e-05,0.640617552186403,0.075,0.043,0.780806231867806
"PRAG1",4.45602796663471e-05,-0.389211416223666,0.161,0.191,0.783191475415717
"KDSR",4.52830019536971e-05,-0.317746920858405,0.222,0.25,0.79589404233818
"C8orf88",4.5568542112365e-05,-1.0495396236617,0.012,0.025,0.800912696166927
"IFIT1",4.56190753620437e-05,-1.28004387466975,0.014,0.031,0.801800868563279
"SELENOF",4.67073589571152e-05,-0.182463649292305,0.549,0.552,0.820928541030257
"REEP4",4.67145411436236e-05,0.869808273621872,0.056,0.029,0.821054775140329
"MSL3",4.69811898423726e-05,-0.153157562932332,0.566,0.556,0.825741392669541
"SAXO2",4.90183382049578e-05,1.72928451214118,0.017,0.005,0.861546312290339
"TAX1BP1",4.91404033269351e-05,0.162083219725915,0.632,0.554,0.863691728874211
"NECAP2",4.92641577548668e-05,-0.215670081671651,0.42,0.442,0.865866836699538
"LINC00513",4.99103562585775e-05,0.565341519807306,0.151,0.098,0.877224421600759
"ENSG00000226816",5.0125015101714e-05,1.43819301554703,0.019,0.006,0.880997265427726
"NR4A1",5.03447353671672e-05,0.535755819330689,0.044,0.025,0.88485906881333
"RASSF3",5.0745685124198e-05,0.278806213130685,0.303,0.248,0.891906161742905
"SLCO4A1",5.17818055971294e-05,0.904350445446367,0.045,0.023,0.910117015175147
"CIDEB",5.1899252952785e-05,2.03218957182196,0.014,0.003,0.912181269898149
"MIR181A1HG",5.23688695141274e-05,-0.478490468016612,0.115,0.145,0.920435250580302
"RLF",5.25247702130208e-05,0.30192903261281,0.26,0.197,0.923175361264054
"TUBA4A",5.31934593723527e-05,0.214988222682327,0.354,0.342,0.93492824192847
"ST3GAL5",5.33034392650575e-05,0.438004791314515,0.131,0.092,0.936861248522651
"CHCHD7",5.42239963404146e-05,0.303688234712502,0.254,0.194,0.953040959679127
"HEXIM1",5.45127946156074e-05,0.430787064229709,0.18,0.132,0.958116878163916
"S100A4",5.50194948358024e-05,0.517072128156908,0.137,0.096,0.967022641234064
"ANAPC16",5.55084030382332e-05,-0.236228435607221,0.519,0.542,0.975615691799986
"AKIRIN1",5.65076176333904e-05,0.200431847676985,0.385,0.312,0.993177887524469
"SERP1",5.81217511833889e-05,0.110876798857255,0.817,0.757,1
"CRYBB2P1",5.8421656729404e-05,-0.416188075148089,0.093,0.118,1
"STAG2",5.85379063079632e-05,-0.147728269826986,0.616,0.62,1
"OXCT1",5.90995073195567e-05,0.439239131501214,0.191,0.136,1
"USP12",5.95516516938019e-05,0.3261399348824,0.297,0.23,1
"FLT1",6.05288151116081e-05,0.499629612668083,0.132,0.088,1
"SMARCB1",6.07798205923757e-05,-0.256863976885591,0.277,0.301,1
"ADSS2",6.08522272206376e-05,0.289749221007512,0.401,0.328,1
"PRXL2C",6.11712176758944e-05,0.592132966383617,0.086,0.052,1
"NKG7",6.13989694645534e-05,1.50196562944329,0.08,0.081,1
"ENSG00000286931",6.24522543450198e-05,1.13891346894959,0.028,0.011,1
"RNF139",6.29636386064653e-05,0.363237103625408,0.173,0.131,1
"NDUFS6",6.31998925076867e-05,-0.210489561478385,0.484,0.507,1
"TNIK",6.37063895564875e-05,0.248315242618444,0.412,0.351,1
"SUPV3L1",6.37826902034794e-05,0.380489624747985,0.181,0.135,1
"ZEB1",6.4222811747065e-05,0.127695346151881,0.765,0.727,1
"RAPGEF6",6.5092055733372e-05,-0.173154344704711,0.553,0.55,1
"XAF1",6.54569583853116e-05,-0.54879487540127,0.051,0.07,1
"MTHFD2",6.58839609000769e-05,-0.375920144255877,0.142,0.171,1
"DCAF8",6.9125302270764e-05,-0.236860836486908,0.278,0.303,1
"BAZ1B",6.94301987556422e-05,-0.309246346534394,0.232,0.249,1
"RASSF2",6.97298532788083e-05,0.416668429395439,0.199,0.14,1
"DENR",7.02233348463486e-05,-0.277427039427536,0.323,0.347,1
"ATXN7L1",7.03124755033703e-05,0.510035013098582,0.115,0.079,1
"AMPD2",7.08580111958443e-05,0.511886829747633,0.112,0.072,1
"ZNF704",7.22110117441448e-05,0.565690872630975,0.127,0.084,1
"COPS8",7.24279305800477e-05,0.233530577557617,0.286,0.222,1
"FBXW2",7.2962377381457e-05,0.331432150688528,0.202,0.154,1
"CFAP97D2",7.32010634924329e-05,0.756799538008753,0.046,0.027,1
"SNHG1",7.33987843452196e-05,-0.286948886138498,0.347,0.379,1
"CASP9",7.4332363648603e-05,0.728502416085512,0.051,0.03,1
"RNF126",7.46956564862053e-05,-0.250031339365165,0.38,0.406,1
"CSRP1",7.4789894699202e-05,0.651626723329877,0.078,0.047,1
"XPOT",7.54885318008405e-05,-0.372821774112573,0.093,0.111,1
"SNRPG",7.60769718481207e-05,-0.14590025721408,0.739,0.732,1
"SAE1",7.67624772197651e-05,-0.366438015795202,0.167,0.188,1
"H1-4",7.85219456227148e-05,0.452852728320067,0.211,0.152,1
"AK6",7.89842980894429e-05,-0.378087167418859,0.149,0.173,1
"TSPAN5",7.90534219032664e-05,-0.536460165699037,0.08,0.104,1
"RGS2",7.9685706074936e-05,1.11888431535415,0.025,0.011,1
"HIF1A-AS3",8.15639351105012e-05,-0.30977160702177,0.135,0.158,1
"CNPPD1",8.16485319772019e-05,0.296903508407507,0.236,0.182,1
"MITD1",8.19784202775742e-05,-0.345238780882577,0.226,0.26,1
"LCNL1",8.28715334212369e-05,1.43727697717449,0.02,0.006,1
"MCRIP2",8.2991001710805e-05,0.837945308676316,0.039,0.02,1
"C1orf21",8.43140588755592e-05,0.824487077202465,0.068,0.04,1
"ENSG00000290073",8.47446316724726e-05,0.586582667170238,0.047,0.025,1
"ZBED3",8.47549069960957e-05,0.587483738697514,0.109,0.07,1
"POLR2I",8.61106080681674e-05,-0.245335856931643,0.401,0.424,1
"UBE2Q2",8.66354138870087e-05,0.426275790351409,0.151,0.106,1
"ENSG00000234162",8.74195904204078e-05,-0.718821926155291,0.017,0.028,1
"TOX",8.78376984882214e-05,-0.487361653751425,0.131,0.167,1
"RPS19BP1",8.84037892323573e-05,-0.265173557546415,0.372,0.396,1
"ENSG00000286009",8.87061063500693e-05,1.39174313369556,0.018,0.006,1
"R3HDM4",8.97634180825318e-05,0.14276447023844,0.765,0.706,1
"TRAV38-1",9.13293671571951e-05,-1.4587875466893,0.016,0.03,1
"GPR155",9.24051263825265e-05,-0.341734319601301,0.153,0.168,1
"ACOT2",9.33147973322996e-05,0.585647965519896,0.089,0.056,1
"CCM2",9.45993736006422e-05,0.145712877990462,0.367,0.328,1
"TPT1-AS1",9.55909450440351e-05,0.480790883645084,0.136,0.092,1
"AIF1",9.55939542796427e-05,0.25387849374814,0.348,0.283,1
"SLAMF1",9.59657995911205e-05,-0.806588967988114,0.028,0.047,1
"MAN2A1",9.70647820415595e-05,0.287846725587675,0.241,0.187,1
"GPRASP1",9.70764946759152e-05,0.652504068115303,0.081,0.049,1
"GTF3A",9.71137935667094e-05,-0.18228916402425,0.592,0.595,1
"TBC1D4",9.94793499085344e-05,0.285555865376467,0.235,0.181,1
"ACTN1",0.000101295905549394,0.188297510066413,0.414,0.363,1
"ZNF253",0.000101496210849808,-0.504533141453033,0.069,0.092,1
"TACC1",0.000104208609503791,0.360705505628458,0.252,0.198,1
"RIPOR1",0.000108967224414655,-0.321002412997371,0.13,0.153,1
"TTC1",0.000109293551533521,-0.256034755501825,0.183,0.208,1
"DNMT3A",0.000109700899620939,-0.382991543511875,0.12,0.138,1
"CASC15",0.000110080543352027,-0.925247073417175,0.032,0.052,1
"TOP2B",0.000110484299302988,0.237701188191816,0.399,0.328,1
"MYO9B",0.00011055786414458,0.354839859858881,0.227,0.167,1
"MAML2",0.000110825565524118,0.257997290198563,0.565,0.516,1
"SLC35E1",0.00011155278136661,0.479737550948836,0.117,0.079,1
"ELK3",0.000111889372788012,-0.248957934710696,0.296,0.319,1
"ATF4",0.000112910474121037,-0.236738051591386,0.35,0.375,1
"ARPC1B",0.000113096372300427,-0.132296901322351,0.753,0.761,1
"DDB2",0.00011332574157382,0.539536265333806,0.08,0.053,1
"IFIH1",0.000114522475402892,-0.361239535650106,0.13,0.152,1
"GOLGB1",0.000116451117477364,0.266820069002511,0.444,0.363,1
"FKBP1A",0.000117630437369085,-0.208527637710841,0.637,0.651,1
"ERCC1",0.000118888309560735,0.429354202964,0.126,0.088,1
"H2AC20",0.000120021022168892,0.615746914221678,0.079,0.047,1
"PDE7A",0.000120304828925649,0.223523610733551,0.35,0.291,1
"RNPEPL1",0.000123588047353145,0.229641102212469,0.334,0.268,1
"RSAD2",0.000126687984081235,-0.991895511484082,0.018,0.032,1
"CCDC40",0.000126955528673358,1.80616496434993,0.016,0.005,1
"PLAAT4",0.000127473909968479,0.143703463465131,0.58,0.523,1
"PAFAH1B1",0.000127501828216627,0.17805413495447,0.543,0.482,1
"SLC66A2",0.000127632586667002,0.37276158185539,0.197,0.144,1
"ATP2A2",0.000127873478769754,0.49961197063864,0.14,0.097,1
"N4BP2",0.000127901097400123,0.456109058623493,0.146,0.102,1
"ODF3B",0.000129281700047874,0.991320759952662,0.033,0.016,1
"APH1B",0.000130550286772501,0.725185131428121,0.068,0.039,1
"TCF25",0.000131410358326899,0.200278794336473,0.57,0.495,1
"PNMA1",0.000131546524163477,0.406732535594217,0.149,0.11,1
"ZFAND2A",0.000132956223962631,0.348778876452019,0.154,0.113,1
"ABCA7",0.000133131940596103,0.657652821914169,0.061,0.036,1
"EPRS1",0.000133161810661927,-0.28070738490525,0.232,0.254,1
"GPATCH2",0.000135227439768571,0.381188818131199,0.155,0.112,1
"ARAP2",0.000137423506079789,-0.23222576634676,0.316,0.336,1
"SPSB3",0.000137860969607062,0.114740799280374,0.448,0.406,1
"SH2D3C",0.00013934967679004,-0.499662768517304,0.121,0.146,1
"AHCY",0.000141693357990342,-0.393781761232641,0.129,0.153,1
"CYSTM1",0.000141917032239555,0.211218396270508,0.474,0.406,1
"BBLN",0.000148167399186772,0.161216309508279,0.577,0.491,1
"BHLHE40",0.000149032354342282,0.760917625514155,0.111,0.079,1
"ATP5F1C",0.000149903650182116,-0.176499550887458,0.594,0.595,1
"RBM25",0.000150011693008122,0.177119975537708,0.618,0.548,1
"C4orf33",0.00015180093807398,0.742171390676932,0.043,0.023,1
"RFFL",0.00015207482519786,-0.296709420277923,0.198,0.222,1
"CERS4",0.000152190753002851,-0.594324591494608,0.051,0.071,1
"LINC03049",0.000152733924690439,-0.595999752854961,0.123,0.148,1
"KDM7A",0.000153479413249436,0.22312141463564,0.409,0.345,1
"DDX27",0.000154008355344596,0.211831717083207,0.334,0.267,1
"BIN3",0.00015433767496278,0.369834612008016,0.161,0.118,1
"ZFP37",0.000154585618847626,1.08144992401771,0.019,0.007,1
"GMCL1",0.000154702383184099,0.356943258633739,0.232,0.176,1
"H2AZ2",0.000154969474355084,0.116870900666051,0.762,0.706,1
"OXA1L",0.00015534986756817,0.172354669310199,0.459,0.405,1
"KAT6B",0.000156368879708809,0.279586952293654,0.331,0.265,1
"SLFN11",0.000157467499677014,0.834941474155032,0.04,0.02,1
"BCL11B",0.000158499140290841,0.135448822768265,0.581,0.517,1
"PPIL3",0.000158598512947621,0.486926043730055,0.103,0.068,1
"FOXN2",0.000158956403934669,0.327610259530701,0.224,0.173,1
"KIF1B",0.000161074390117259,0.686689407674494,0.066,0.04,1
"PGRMC2",0.000161878952451765,0.31793664139247,0.218,0.168,1
"CR1",0.000163090476716246,1.13728835054434,0.038,0.017,1
"TRAV19",0.000165245546697675,-0.79079232040673,0.05,0.071,1
"SMARCA5",0.000165479711856437,0.222676201681458,0.441,0.362,1
"STARD10",0.000165589190528323,-0.376420154862226,0.154,0.179,1
"HABP4",0.000166396018804917,0.505814130390152,0.123,0.083,1
"ENSG00000290823",0.000168907222215843,0.196979717085389,0.429,0.36,1
"DRAP1",0.000169947348510067,-0.194168929819642,0.606,0.617,1
"THEM4",0.000170993000927666,-0.408788482511544,0.167,0.192,1
"SELPLG",0.000171756431699788,0.143652566197293,0.642,0.577,1
"TTC21B",0.0001731674708101,0.419370801252823,0.129,0.097,1
"SMAD4",0.00017376919273764,0.207001180314149,0.38,0.315,1
"RIOK3",0.000175328353086496,0.291569240513778,0.3,0.237,1
"ENSG00000236935",0.00017574620853356,0.926768637988618,0.036,0.019,1
"ADGRG5",0.000178444299912495,-1.32809993846624,0.005,0.012,1
"OXSR1",0.000178853525892771,0.361319730346116,0.225,0.166,1
"INTS1",0.000180427298825817,0.46733538819333,0.082,0.051,1
"GNLY",0.000182795628692711,2.10090305945163,0.016,0.007,1
"PPP2R3B",0.000182939436835172,0.728477827384813,0.06,0.036,1
"SRPRA",0.000183317614527615,0.199935488905179,0.47,0.413,1
"NFATC1",0.000185138734695392,0.248146990696629,0.251,0.2,1
"RAC1",0.000187567943049587,-0.147740322683904,0.556,0.573,1
"PLA2G4C",0.000188370368849472,-1.02529169116712,0.01,0.02,1
"AMDHD2",0.000190587525676112,0.639460029429958,0.069,0.043,1
"SLC30A1",0.000192560695673853,0.825275295479407,0.04,0.02,1
"HAGH",0.000192810360511817,0.322901086969992,0.231,0.179,1
"IKZF1",0.000195782302721867,-0.159484429736213,0.698,0.689,1
"PPFIBP2",0.000196430332474048,0.475004105464258,0.187,0.136,1
"EPHA4",0.000197044018322818,0.415011289569705,0.201,0.149,1
"ENO2",0.000198550182065115,0.371503211246685,0.139,0.099,1
"ITPR1",0.000198713725395576,-0.259006896371277,0.148,0.171,1
"ENSG00000240535",0.000205536723926099,-2.27413364489581,0.003,0.01,1
"SHMT2",0.000207521386078121,-0.303193757843781,0.121,0.13,1
"SRP72",0.000207901862408375,-0.191236549187421,0.327,0.343,1
"TNFRSF25",0.000212907609233051,-0.215040104754842,0.366,0.389,1
"ESYT1",0.000214198845228155,0.305914311104554,0.258,0.198,1
"TRBV12-4",0.000215095198327433,0.863217523905951,0.051,0.03,1
"MLLT3",0.000216060676389,0.156704080511696,0.49,0.445,1
"CCDC124",0.000217367585903445,-0.305917159528237,0.208,0.238,1
"AQP3",0.00022469019092197,0.178441728898949,0.28,0.223,1
"APOA1-AS",0.000226410047875329,1.12432041864097,0.016,0.006,1
"BBOF1",0.000226717752299441,0.819494051995918,0.039,0.02,1
"SOX12",0.000229491072576214,0.410977848072245,0.071,0.047,1
"SUPT6H",0.000231408881448717,0.212798709544668,0.365,0.293,1
"CHMP1B",0.000232236323033829,0.328993236116049,0.256,0.213,1
"HNRNPF",0.000233860883738887,-0.115309182142917,0.772,0.776,1
"TRAFD1",0.000237107556273308,-0.372090140664995,0.115,0.134,1
"RPS6KA3",0.00024219127844802,-0.196051326416935,0.326,0.34,1
"FBLN2",0.000242619511360566,1.0794665921008,0.024,0.011,1
"PRPS1",0.000244867066970858,0.255428424839984,0.31,0.248,1
"ACAT2",0.000244883387480954,0.365574454820225,0.133,0.097,1
"MEF2D",0.000245779609345912,0.327605761929798,0.176,0.135,1
"FAM117B",0.00024810034633428,-0.165186746728768,0.377,0.397,1
"TNFSF8",0.000252931471735109,0.579369743501423,0.059,0.035,1
"ENSG00000287555",0.000255724709674498,0.579964832725564,0.08,0.048,1
"SNRNP200",0.000259075187444201,0.231207332153876,0.37,0.298,1
"FAM227A",0.000260071815161059,2.4777814215828,0.011,0.002,1
"RSL1D1",0.000262003516498738,-0.115228383977456,0.707,0.693,1
"ORAI1",0.000263045667200459,-0.203498284777415,0.516,0.543,1
"LINC00278",0.000263639817361188,1.23111459024065,0.019,0.007,1
"ANKZF1",0.000266433158623465,0.403234951103904,0.13,0.094,1
"TMEM219",0.000268105202176553,0.311952908907066,0.208,0.155,1
"PATZ1",0.000268623158482368,0.358829306381791,0.159,0.119,1
"TUBA1B",0.000271370831414597,-0.213632549796982,0.623,0.635,1
"IARS1",0.000271692372719369,-0.218444212769824,0.22,0.233,1
"WDR55",0.000272796475599551,0.48021082134356,0.119,0.082,1
"PPIL4",0.000272956294054469,0.184550874937441,0.391,0.327,1
"RCC2",0.000273648925134998,-0.222758113436607,0.214,0.232,1
"ARL13B",0.000273687416883122,0.313775545581199,0.134,0.097,1
"TRIM26",0.000273909354425897,0.39047171638378,0.141,0.1,1
"RAB43",0.000275268156622775,-0.408773785067164,0.114,0.139,1
"ARHGEF12",0.00027568352686735,1.25509951604974,0.019,0.007,1
"CIAO2A",0.000276848031777184,-0.28584649780628,0.233,0.26,1
"ISG15",0.00027731018988608,0.274081366937464,0.335,0.274,1
"TRIM33",0.000277643235739761,0.269430349715821,0.29,0.234,1
"RHOF",0.000278918784024874,0.206072946922189,0.471,0.411,1
"EXOSC5",0.000281809480751755,-0.469637004189192,0.081,0.099,1
"COPZ1",0.000283951822484642,-0.355389885150311,0.16,0.182,1
"MIR23AHG",0.000283982464824883,0.550129462044712,0.117,0.087,1
"TRAF5",0.000286763911632076,0.590757597946629,0.069,0.043,1
"SPPL2B",0.000288440874099922,0.446556468215859,0.099,0.066,1
"PBRM1",0.000289069716273064,-0.170645638656253,0.373,0.377,1
"KIF2A",0.000289809883910699,-0.16976624814473,0.622,0.636,1
"IL17RA",0.000291942232861349,0.281479380617039,0.15,0.117,1
"TNFRSF13C",0.000292644947196319,0.566424892319887,0.073,0.046,1
"ENSG00000283103",0.000293093784180956,-0.577017869665186,0.073,0.095,1
"IGSF8",0.000293165957312961,0.281107967311498,0.153,0.111,1
"SELENOW",0.000293257877464001,0.202221949748111,0.345,0.29,1
"ELF4",0.000293663426293758,0.431985111621359,0.129,0.093,1
"NLE1",0.00030342249344169,0.469333599810891,0.086,0.055,1
"SLC12A7",0.000309039685528376,0.417260661851603,0.108,0.077,1
"CLIC5",0.000312999299171465,1.39872890188474,0.02,0.007,1
"DDX39A",0.000313014846965935,-0.194653178285928,0.477,0.49,1
"TRGV10",0.000316047491764999,-0.3437452514974,0.087,0.109,1
"SAMD1",0.000317999701172465,0.684929317944091,0.051,0.03,1
"CUTA",0.000318374558436566,-0.224986921203932,0.548,0.571,1
"PITPNC1",0.000320100787111514,0.159343437852668,0.832,0.778,1
"CNPY3",0.000320924199558897,-0.271048427583815,0.384,0.403,1
"CDC26",0.000321270219243699,-0.205595555308694,0.273,0.273,1
"NT5C3A",0.000321601392113844,0.218121147285417,0.353,0.294,1
"ABCG1",0.000325716513689183,-0.201138074742466,0.436,0.45,1
"DYNC1H1",0.000327082255005399,0.248615776994181,0.371,0.3,1
"ETV3",0.000331001874442878,0.594104927972508,0.095,0.062,1
"PDE8A",0.00033138974511797,0.319603214815411,0.101,0.07,1
"ROBO1",0.000332769591297415,-0.39530349772082,0.067,0.084,1
"NUTF2",0.000333636274980009,-0.203300875774418,0.362,0.372,1
"REEP5",0.000336519838032126,0.252218088577293,0.29,0.235,1
"NUP153-AS1",0.000340385635233216,-0.521148747921881,0.055,0.074,1
"FAM133B",0.000341740441491608,-0.210026423560356,0.29,0.315,1
"ARRDC3",0.00034446383383208,0.456430788744404,0.098,0.066,1
"TENT5C",0.000346035055534546,0.674356842603821,0.051,0.032,1
"AREG",0.000349901177217098,1.03732906695075,0.038,0.02,1
"ARPC2",0.000353718366858594,-0.130965069417381,0.886,0.879,1
"ZC3H12D",0.000355163979612629,0.370016308331602,0.287,0.228,1
"PTTG1IP",0.000355168684420122,0.328448807604484,0.235,0.178,1
"LINC02482",0.000359549835395303,-0.896633196415895,0.02,0.033,1
"PAX8-AS1",0.000361749468919643,0.74523450426839,0.04,0.021,1
"HNRNPC",0.000362657926796708,-0.109079002266728,0.773,0.769,1
"TNIP3",0.000366779514894918,-1.28272062475258,0.019,0.034,1
"ELAVL1",0.000368633592102949,-0.273550809351466,0.271,0.286,1
"IFFO2",0.000369720229068693,0.519947368694555,0.107,0.074,1
"ZCRB1",0.000370652840531769,0.352165147845687,0.199,0.146,1
"CASC3",0.000375623977558702,0.343054204986591,0.236,0.179,1
"PRCP",0.000380344396906253,0.290363497932922,0.329,0.27,1
"CEBPB",0.000381600382027894,-0.248523146399598,0.184,0.183,1
"RORA",0.000389366971909446,-0.189650910286346,0.508,0.523,1
"LERFS",0.000390630059106619,-1.48904275198684,0.007,0.016,1
"PRKCSH",0.000390890428337777,0.281738716312336,0.249,0.206,1
"TCP10L",0.000393019000744218,0.761953955375974,0.031,0.018,1
"PSME3",0.00039312294242699,-0.126905140984134,0.223,0.24,1
"APOL3",0.000397061363618198,-0.199338522371139,0.198,0.214,1
"SPON1",0.000402134664184071,0.518277891004668,0.094,0.061,1
"NOC2L",0.000404644631026926,0.259379764601444,0.22,0.166,1
"ZXDC",0.000405619614891408,0.336147295919767,0.188,0.142,1
"G3BP1",0.000407232728532998,0.229683304029934,0.519,0.444,1
"ADNP",0.000407479034795978,0.262272962963363,0.3,0.236,1
"NDUFB1",0.000411071216917212,-0.210333476566468,0.388,0.398,1
"TAF6",0.000411382382880871,-0.460686846068017,0.095,0.115,1
"STARD3NL",0.000414232195933258,0.290785337919693,0.192,0.148,1
"ANKRD36C",0.00041602360882708,0.511928375032122,0.107,0.076,1
"C1orf52",0.000416291669914862,0.227990290574756,0.254,0.208,1
"ATP5ME",0.000417967566373756,-0.179972216970802,0.583,0.583,1
"LINC01163",0.000419001667708683,2.18766229911613,0.01,0.002,1
"TRG-AS1",0.000421350764883088,-0.394617018384142,0.132,0.158,1
"DYNC1I2",0.000423546163253475,-0.297722917936547,0.166,0.175,1
"MGAT4A",0.000425216868365244,0.123482056924492,0.714,0.657,1
"ILF3",0.000430161860883283,0.190652214726681,0.491,0.428,1
"LUC7L3",0.00043105399387546,0.117963071988186,0.404,0.375,1
"ENSG00000290968",0.000431997332163837,0.600140565216186,0.084,0.056,1
"EIF4E3",0.000437308165339651,0.438184300173551,0.139,0.1,1
"ERVK3-1",0.000441669766081855,0.245825540057289,0.31,0.251,1
"THEMIS2",0.000442563400856828,1.0371496682128,0.028,0.014,1
"PXN",0.000442910248422554,0.346413988377505,0.264,0.207,1
"RSU1",0.000444845176829795,0.334444202858993,0.234,0.178,1
"MKRN1",0.000448979810074487,0.220711435367363,0.349,0.284,1
"MAP1LC3A",0.000448990097675384,0.28266850199975,0.205,0.16,1
"HMGN3",0.000449152986021035,0.161068259855218,0.294,0.257,1
"PDAP1",0.000449325567824608,-0.252000090000359,0.26,0.276,1
"TFB1M",0.000449550930041743,0.567463156507788,0.092,0.059,1
"NARS1",0.000451385030465934,-0.269149081894304,0.26,0.275,1
"TAPT1",0.000453208501132559,0.410619976753503,0.175,0.128,1
"MFNG",0.000460366694693375,-0.165648695916052,0.354,0.379,1
"PCBP1-AS1",0.000464027178994604,-0.203614475807532,0.187,0.192,1
"CHRNE",0.000471674498732927,0.863630933889808,0.039,0.02,1
"ARID4A",0.00047349818998289,0.286094064706288,0.258,0.207,1
"SLFN5",0.000489317724285233,0.217506964962761,0.576,0.499,1
"PLEKHG4",0.000489665951663814,1.04175866451434,0.022,0.009,1
"EDEM3",0.000495024528277087,0.242814558883385,0.263,0.209,1
"AEN",0.000498858859418841,-0.602044365671996,0.053,0.072,1
"SFPQ",0.000499229592165579,0.112162390062551,0.83,0.78,1
"LIPE-AS1",0.000506122383426133,0.713029856776054,0.039,0.02,1
"MED13L",0.000506918431509004,0.259061800326876,0.372,0.305,1
"IL16",0.000510565703129833,-0.274500928614041,0.358,0.388,1
"FCRL3",0.00051318575705059,1.4056095774742,0.012,0.004,1
"DPM3",0.000517441370645413,-0.378054220595222,0.163,0.189,1
"GPR18",0.000524954556046243,0.316620015102156,0.169,0.132,1
"ZNF430",0.000526452247436152,0.227860462412767,0.263,0.218,1
"NDEL1",0.000526751368595509,0.244357419663065,0.249,0.206,1
"MYB",0.000527387893533696,-0.454544949775056,0.142,0.172,1
"EIF3F",0.000528704316484302,-0.105026539826868,0.902,0.894,1
"SMIM19",0.000529922686517174,0.275604942120766,0.144,0.115,1
"CXXC5",0.000529971409115877,-0.761855909528072,0.037,0.051,1
"MIR4300HG",0.000530247902623925,-1.25116041344772,0.004,0.011,1
"CS",0.000532246673447942,-0.243012452858688,0.277,0.292,1
"RGS1",0.000533150318731898,0.251135245480632,0.272,0.228,1
"TTC31",0.000541291240545463,0.552481568038862,0.069,0.046,1
"CRYZ",0.000543063954565975,0.705314699150205,0.06,0.035,1
"MAPRE3",0.000548845795342246,0.475088709831693,0.137,0.097,1
"KIF23",0.000553402036464928,1.44138835214176,0.017,0.006,1
"NFE2L3",0.000554736525379085,-0.652234623237837,0.028,0.041,1
"CD226",0.000558061364310457,-0.527673457661858,0.051,0.069,1
"ANKRD13A",0.000559354559571952,0.405589612492155,0.129,0.088,1
"GPR180",0.000559991398908824,-1.07251516439992,0.018,0.032,1
"JTB",0.000561652143005538,-0.162755223450143,0.649,0.66,1
"SLC38A3",0.000568889260379042,1.84535066549401,0.014,0.004,1
"FZR1",0.000573028616055524,0.302907187642335,0.182,0.134,1
"NOMO2",0.000578851243711423,0.637781088064031,0.074,0.044,1
"SNTG2",0.000581969426712735,-0.754251212725098,0.032,0.046,1
"HMGB2",0.000585215812051645,0.276230091912978,0.229,0.187,1
"C2CD2",0.000591263580693152,-1.14339154884073,0.007,0.015,1
"BABAM2",0.000591383257913882,0.332086746985941,0.194,0.145,1
"TTC3",0.000594230761442636,0.195571023483375,0.542,0.468,1
"PRPF38A",0.000597050532445238,0.234170673373705,0.282,0.224,1
"FASTK",0.000604227603488777,0.303153220528204,0.15,0.123,1
"TMEM69",0.000609081195325149,-0.344700045127133,0.115,0.129,1
"MAP3K2",0.000611316728533218,0.193068222719594,0.519,0.45,1
"TRAV13-2",0.000621434522140586,-0.845101914572976,0.036,0.052,1
"RFX3",0.000623223746402213,0.210679459510157,0.386,0.32,1
"CEP135",0.000624201691400633,-0.356955900115786,0.144,0.166,1
"MFGE8",0.000630215671394872,0.489392720641075,0.062,0.039,1
"CDYL2",0.000630927124254202,0.801548608673729,0.043,0.022,1
"ALMS1",0.000631520371251722,0.47997839653881,0.135,0.093,1
"CAB39",0.000631786184763799,-0.183603448105577,0.301,0.318,1
"EGLN2",0.000633814781600294,0.209917111581893,0.432,0.364,1
"PRKACB",0.000635549472660926,-0.108849288302015,0.502,0.521,1
"FBXO8",0.000639284114651466,0.436063980186089,0.116,0.08,1
"ENSG00000272211",0.000645206874177485,1.16265995382713,0.019,0.008,1
"INPP4A",0.000645731610489268,0.241595928727543,0.333,0.268,1
"RTRAF",0.000649134415803574,-0.135573054779972,0.669,0.671,1
"TBC1D19",0.000651702617071991,0.662742206833772,0.067,0.042,1
"ACOT9",0.000651770968265967,0.787411548122094,0.047,0.027,1
"NCR3LG1",0.000652166184289354,0.968941563603924,0.039,0.019,1
"GMIP",0.000653141724813243,0.322141485410356,0.207,0.157,1
"RNF167",0.000654268749245078,-0.275576772648262,0.249,0.265,1
"LETM2",0.000665880478454326,1.13360291657898,0.03,0.014,1
"STAU1",0.00066744809901677,0.159957951512349,0.406,0.336,1
"PPP2R3C",0.000671454711113918,0.24542965026208,0.199,0.153,1
"SNPH",0.000671997339774553,0.77688663905476,0.042,0.022,1
"PSTPIP1",0.000683437848163812,0.510932821866259,0.076,0.05,1
"DCK",0.000687956673483619,-0.234068328419926,0.335,0.347,1
"RSRP1",0.000689200074214125,-0.182346540159148,0.702,0.691,1
"CCT4",0.00069281284341342,-0.14301117242313,0.556,0.546,1
"MTMR12",0.000699499599313586,0.401734059548207,0.107,0.074,1
"ZNF275",0.000699857920888923,0.661576337697583,0.064,0.039,1
"MAFIP",0.000706237768914429,-1.56655435111082,0.005,0.014,1
"SNHG32",0.000707399677642346,0.184856304678964,0.566,0.495,1
"ARID3B",0.000708865489768875,0.430967326125733,0.137,0.098,1
"H2AZ1",0.000711451417402424,-0.170000363039492,0.697,0.712,1
"BORCS7",0.000718867708940437,-0.232089664947214,0.22,0.231,1
"POGZ",0.0007198240083419,0.256392575583546,0.258,0.205,1
"TRPV2",0.000721882587331788,0.616203526936529,0.063,0.04,1
"SGSH",0.000722006422453421,0.513691269336254,0.08,0.051,1
"TOP1",0.000722361693185337,0.185384694044088,0.476,0.404,1
"KDM2A",0.000723800012466568,0.104648403548083,0.448,0.416,1
"PCSK5",0.000735968506149415,0.318884716037741,0.089,0.078,1
"RNF34",0.000742631990425327,0.187973075268601,0.291,0.23,1
"EOMES",0.000742921925714612,0.427182677153304,0.03,0.018,1
"ENSG00000262049",0.000745578628936161,0.462207803487027,0.063,0.04,1
"SKI",0.000747105479923551,0.278553957559632,0.242,0.19,1
"H2AC25",0.000747212512311224,0.517396154512831,0.081,0.053,1
"TLE1",0.000754054499113072,1.53546088526242,0.019,0.007,1
"DPEP2",0.000760848487420577,0.507700106363604,0.081,0.054,1
"DPP4",0.000769457892396558,0.666345458393296,0.053,0.031,1
"HBP1",0.000770867794943753,0.172096681273508,0.446,0.383,1
"MIR22HG",0.000771182904612156,0.875788474822566,0.038,0.02,1
"SPTSSA",0.000772975622066105,0.533515747164856,0.069,0.045,1
"PLIN3",0.000781217559289617,-0.515838332134341,0.041,0.056,1
"PHLPP2",0.00078199912434519,0.579742224772122,0.068,0.042,1
"KIAA0586",0.000783735822354669,0.44519093134718,0.121,0.082,1
"ARHGAP30",0.000784424710924256,0.192006014705174,0.379,0.335,1
"AFF3",0.000785321246386259,0.631375150683237,0.042,0.027,1
"BET1L",0.000785401881940505,0.337031513894519,0.168,0.127,1
"RNF114",0.000794814384864152,0.165332406466472,0.349,0.291,1
"SETD9",0.000800279363142805,-0.761657459405365,0.024,0.036,1
"TTC12",0.000800289143438072,1.10663951333184,0.018,0.007,1
"U2AF1",0.000801673009495685,0.108895744405943,0.786,0.731,1
"MEN1",0.000810209929748026,-0.319933101311355,0.13,0.139,1
"TRIM39",0.000814573252027196,0.410950124813861,0.088,0.06,1
"MICA",0.000817137020596469,0.906763357245984,0.034,0.017,1
"ENTREP3",0.000818039035391249,-0.580174315663201,0.044,0.057,1
"NUP62",0.000829015926254143,-0.315413990838823,0.155,0.175,1
"KAT6A",0.000831382449208943,0.153254462057892,0.681,0.602,1
"TRAF4",0.000835243459873214,0.272153346984202,0.233,0.196,1
"NSD1",0.000838396372754255,0.256159356050527,0.224,0.174,1
"NBR1",0.000839489367561077,0.186956140471886,0.265,0.212,1
"RAPGEF2",0.000846882754110395,0.374499954163817,0.189,0.14,1
"PDCD2",0.000851716902140057,-0.204705218154714,0.327,0.337,1
"DYRK1A",0.000853019366495501,0.247644618047898,0.336,0.278,1
"SAR1A",0.000868189021508336,0.310478188293105,0.296,0.231,1
"SLC25A36",0.000868892525108065,0.287546598704711,0.225,0.176,1
"AFF4",0.000869214364594909,0.247178874847664,0.309,0.253,1
"BLOC1S1",0.000875693362964122,-0.21989997657889,0.307,0.333,1
"NUDT19",0.000876786464960247,0.807421658297752,0.036,0.018,1
"DYRK4",0.000877284029914607,0.572544476255283,0.078,0.05,1
"TTN-AS1",0.000878544071254474,0.52814511034341,0.091,0.067,1
"CFL2",0.000879870834664805,-0.608421731952891,0.064,0.083,1
"FSIP1",0.000882994354076525,1.75384546218565,0.012,0.004,1
"GLRX3",0.000897177375201501,-0.273868111404978,0.207,0.226,1
"NCSTN",0.000916371444240861,0.406256053258087,0.118,0.093,1
"ZBTB9",0.000922749298726644,0.592038543459819,0.05,0.029,1
"PXN-AS1",0.000925260667161747,0.846254316991269,0.041,0.024,1
"LYRM9",0.000928144571043314,0.662114827545298,0.049,0.027,1
"SIAH2",0.000930010887604607,0.208995249001685,0.142,0.116,1
"PARP8",0.000933175429715436,0.187490803728905,0.593,0.52,1
"LRRC23",0.000955013021467098,0.523322471224695,0.054,0.032,1
"TRAPPC6A",0.000955167592605296,0.429151704553998,0.15,0.105,1
"HIBADH",0.000959838245273401,0.420702271148412,0.135,0.096,1
"DNMBP",0.000965400275760826,0.545187929657188,0.063,0.038,1
"UBL5",0.000965727806377496,-0.147075480458895,0.798,0.802,1
"TBCK",0.000966640537230289,0.425518026431625,0.136,0.095,1
"SERINC5",0.00096935864198389,-0.192366635272539,0.343,0.36,1
"TMBIM6",0.000971326758928883,-0.131264623258287,0.818,0.81,1
"SRBD1",0.000975472434729804,-0.505783481062253,0.051,0.067,1
"TBC1D22A",0.000976026887305075,0.262813558917183,0.355,0.29,1
"OSTF1",0.000986863250659208,0.288606133729889,0.234,0.182,1
"PIAS1",0.000987162294906991,0.127454963656892,0.526,0.467,1
"TNFRSF10A-DT",0.000990132588696937,-1.70510751036994,0.004,0.012,1
"ARF4",0.000997863755736798,0.181966303667398,0.434,0.375,1
"HOXB2",0.000998439419437982,0.474202878226378,0.071,0.048,1
"AFF1",0.000998638829910648,-0.238208969546396,0.217,0.23,1
"TXN",0.000999670673892378,-0.327008114521623,0.172,0.192,1
"SPTBN1",0.00102596946775081,0.250186914861699,0.429,0.35,1
"NBEAL2",0.00103065660573327,0.516026625111355,0.059,0.037,1
"TRGV3",0.00103501066692451,1.08851193105571,0.024,0.013,1
"NLRP6",0.00103692053281775,0.782778544362312,0.043,0.024,1
"MRPS7",0.00104340529706473,-0.215229220411501,0.297,0.309,1
"CRY2",0.00104696308857213,0.473048775345312,0.116,0.082,1
"NDST2",0.00105447980466313,0.185555665823892,0.175,0.136,1
"ELAPOR1",0.00105877996648383,1.2301412722424,0.022,0.009,1
"XYLT1",0.00105939852252053,0.46308555307198,0.093,0.065,1
"THOP1",0.00106189069296526,0.232696542408271,0.079,0.056,1
"STX12",0.00106387335441391,0.290847188191921,0.186,0.138,1
"UBR1",0.00106933582841287,0.240167211145894,0.27,0.218,1
"HSPA1A",0.00107042721017701,0.838064069405856,0.04,0.024,1
"HS2ST1",0.00108422377496596,0.295134408465564,0.162,0.12,1
"SBF1",0.0010956056437002,0.364047077157274,0.171,0.127,1
"PHF21A",0.00109686546553584,-0.24785259919635,0.163,0.184,1
"MED15",0.00109871533428652,0.222350874792807,0.326,0.276,1
"MX1",0.00110206280949641,0.158972508082844,0.287,0.228,1
"PPWD1",0.00110291622408878,0.213441348728952,0.303,0.247,1
"H4C6",0.00112235734111798,-0.695660181236569,0.017,0.029,1
"AGPAT4",0.0011236346833006,0.39308558552744,0.19,0.145,1
"SMU1",0.00112696662429826,0.164757067170696,0.421,0.348,1
"HEATR6",0.00112986215277873,0.514053860427591,0.055,0.035,1
"TBCC",0.00113072912697649,0.177023487829256,0.355,0.298,1
"NUCB2",0.00113387012568854,-0.289585811816149,0.353,0.381,1
"SMS",0.00113527960118137,-0.315042250634742,0.111,0.127,1
"PRDM2",0.00113871930292611,0.180361182303226,0.394,0.325,1
"ASAP1",0.00114007334347435,0.236609344515357,0.339,0.279,1
"PWP2",0.00114479435361944,0.43651842462186,0.111,0.077,1
"PIK3C2B",0.00114706380041702,-0.548170960298126,0.047,0.064,1
"RUSF1",0.00115826273776175,0.616543923977301,0.051,0.031,1
"HPCAL4",0.00115865106624564,0.388364461586161,0.134,0.096,1
"TGFBR2",0.00116413566563786,-0.115673334978701,0.811,0.813,1
"SLC12A5",0.00116648309014212,1.78246413617843,0.01,0.003,1
"RFX2",0.00117287784374432,0.344784259050309,0.225,0.172,1
"PER2",0.00117373404520542,0.510336101028563,0.084,0.056,1
"TMEM41B",0.00117684147717284,0.174069224810741,0.289,0.239,1
"CDC34",0.00118117658042382,0.173478103645651,0.297,0.256,1
"LINC01128",0.00118142564463673,0.48321673096092,0.092,0.061,1
"MTFP1",0.00118516032570898,0.275012387021071,0.229,0.183,1
"DALRD3",0.00119215332306598,0.417404248393686,0.111,0.077,1
"ASCC3",0.00120594720854326,0.285319168259424,0.23,0.175,1
"PPP2R5A",0.00120733863542482,0.305246187218126,0.223,0.177,1
"HCG18",0.00121267338367545,0.349123130005233,0.156,0.116,1
"NBPF26",0.00121392806823323,-0.289474529772016,0.146,0.162,1
"PDCD2L",0.00121750177929008,-0.378911428058027,0.073,0.09,1
"WWP2",0.00122484821550445,0.37960472242555,0.126,0.094,1
"MYH9",0.00122631847800124,0.172478261304699,0.674,0.594,1
"ARMCX4",0.00122819202914982,1.02825872841547,0.023,0.01,1
"NET1",0.00123248453323281,-0.629162443991793,0.033,0.046,1
"ENSG00000288528",0.00123587448536927,-0.494669120264626,0.056,0.07,1
"MMUT",0.00123757425801544,0.504346030441981,0.083,0.056,1
"TAF13",0.00124007362006843,0.571680461597807,0.06,0.039,1
"CYB561D2",0.00124237641604492,0.388615480346568,0.107,0.079,1
"CHAF1B",0.00124288912437976,1.12045297009364,0.014,0.005,1
"NDUFC2",0.00124394409381323,0.161278144744336,0.472,0.405,1
"COPS9",0.00125720157712502,-0.143150793184756,0.474,0.488,1
"LGALS3",0.00125730685838716,1.65569549933952,0.015,0.006,1
"MAP2K3",0.00126474339147711,0.221994245417003,0.253,0.203,1
"RASGRP3",0.00126717244402566,1.05047306933215,0.032,0.016,1
"TPCN2",0.00126729821339261,0.946535802651627,0.029,0.014,1
"PRKAR1B",0.00127274201928209,0.366456609651556,0.176,0.134,1
"SBDS",0.00127786052680152,0.200551925862607,0.311,0.254,1
"KLF12",0.00128589146325985,0.151242207588125,0.608,0.535,1
"NME4",0.00129177391170715,0.366528580727782,0.141,0.101,1
"WDFY2",0.00129293170889648,0.267874834101052,0.313,0.245,1
"ABTB3",0.0013008050185214,0.214469495723359,0.429,0.382,1
"TMEM50A",0.00130187342067026,-0.112708414057006,0.739,0.73,1
"PLEKHJ1",0.00130396757266727,-0.318275140098741,0.203,0.23,1
"RNF166",0.00132137660422506,0.231340784244675,0.306,0.248,1
"SLC35A1",0.00132214330665579,0.295835798111644,0.136,0.108,1
"ABHD14B",0.00135952846907177,0.22878750192173,0.283,0.225,1
"TTN",0.00136360272810582,0.346784521112256,0.148,0.112,1
"ENSG00000291188",0.00136395768517481,0.830954628637287,0.024,0.012,1
"KCNC4",0.00136886564253726,1.0359580277075,0.02,0.009,1
"TCF12",0.00137623433681732,-0.174643259153119,0.387,0.388,1
"GADD45A",0.00137701623068337,0.597787336538175,0.048,0.032,1
"SNX17",0.00138210075752843,-0.212587631701134,0.285,0.299,1
"PLAGL2",0.00138991931508365,0.523230463512633,0.063,0.039,1
"IGF2R",0.00139083188149521,0.315566812866076,0.164,0.121,1
"SSBP3",0.0013915647579151,-0.366801719794178,0.146,0.163,1
"PAK1IP1",0.00140113153746121,-0.386717982918284,0.091,0.108,1
"CCNDBP1",0.00140348222532576,0.160575801361365,0.305,0.265,1
"REV3L",0.00141895646784744,0.28925357010653,0.223,0.175,1
"GNA12",0.0014246819418131,0.571902172019215,0.065,0.041,1
"ARHGDIA",0.00142515071877116,0.158947991893925,0.58,0.513,1
"XRCC5",0.00143000394877893,-0.12233760168615,0.618,0.621,1
"ABHD15-AS1",0.00143008035664867,-0.279849884256949,0.094,0.108,1
"PLEKHM1",0.0014408641490967,0.349305105218993,0.131,0.095,1
"SERINC3",0.00145711450699697,0.197065968756124,0.485,0.418,1
"DTNB",0.00147286158508633,0.429902254175861,0.101,0.075,1
"CCND2",0.00148099722983441,0.281866275856275,0.362,0.292,1
"RGPD2",0.00148274374628786,1.07499568042286,0.014,0.007,1
"MAN1A1",0.00148672923836669,0.422555865194935,0.135,0.099,1
"KCTD10",0.0015017686200313,0.467181681019446,0.108,0.072,1
"RNF149",0.00150182834887483,0.123260902826453,0.625,0.565,1
"TGS1",0.00151061512491232,0.323112193122376,0.24,0.187,1
"NSMAF",0.00151106634279282,0.301318365074126,0.158,0.115,1
"TOM1",0.00152339272640968,0.343917757473094,0.127,0.092,1
"IFT52",0.0015312566278191,0.323571082124746,0.15,0.116,1
"IQSEC1",0.00153519719214829,0.504456145347676,0.077,0.048,1
"GOLGA8M.1",0.00154426028425483,-1.1059229562069,0.01,0.021,1
"POU2F2-AS1",0.0015447424375754,-0.499797973759433,0.051,0.068,1
"NBEAL1",0.00154711253819551,0.2218606646927,0.262,0.219,1
"MRM2",0.00154956839915474,0.53843871649674,0.08,0.054,1
"GAS8",0.00155226775045937,1.3651377682431,0.012,0.004,1
"NLRC3",0.00155755511336849,0.365859061697161,0.121,0.084,1
"SYT11",0.00156544463506473,0.823555095370951,0.049,0.028,1
"ZNF568",0.0015657584211023,0.478758601156778,0.074,0.052,1
"WASHC4",0.00157032503776933,-0.186121335277428,0.309,0.308,1
"HSBP1L1",0.00157571769514818,0.538937957144269,0.036,0.021,1
"KRT73",0.00157745115237329,1.68761892746982,0.012,0.004,1
"ENSG00000267469",0.00158169820849795,-0.330839606821699,0.061,0.074,1
"SH2D1A",0.00158198837867347,-0.316533185334737,0.212,0.237,1
"SH3GLB2",0.00158711148960905,0.309341395359816,0.121,0.093,1
"CDK17",0.00159312521355547,0.159307588449776,0.469,0.417,1
"TSPYL1",0.00159512155009869,0.205351303652678,0.341,0.284,1
"UBE2E3",0.00159781188528835,-0.291601338084309,0.228,0.249,1
"SLC25A30",0.00160299369476707,0.828263927327774,0.035,0.018,1
"CTC1",0.00160931818811203,0.321035811397999,0.146,0.108,1
"PHF12",0.0016107345865764,0.242198145261611,0.275,0.228,1
"TPST2",0.00161968838959692,0.321067988933323,0.224,0.173,1
"SUMO3",0.00162452812129412,0.151542336623504,0.333,0.273,1
"BAIAP2L1",0.00162837847696207,0.222231367468557,0.224,0.175,1
"SFT2D1",0.00164371899009618,0.235189732119517,0.201,0.158,1
"MMAB",0.00165570851415711,0.52229661282715,0.062,0.039,1
"COPA",0.00165815666893442,0.22565903858915,0.394,0.331,1
"KCNH3",0.00166125025780278,1.23104636331426,0.019,0.008,1
"STAG3L5P",0.00166712572269554,0.334774097191107,0.194,0.142,1
"TRAV1-2",0.0016756834879223,0.24426783374702,0.045,0.03,1
"ZCCHC17",0.00167688055595819,0.359903026673818,0.142,0.103,1
"UBE2H",0.0016821718823669,0.135659946544478,0.313,0.258,1
"BEX2",0.00168844476717552,0.248520682395667,0.234,0.191,1
"ARSB",0.00169490534436009,0.821024320435517,0.031,0.016,1
"ENSG00000290921",0.0017034115433601,0.163636092300501,0.085,0.078,1
"NECTIN3",0.00170471955211566,0.78907464494461,0.022,0.011,1
"NFU1",0.00172518017060442,0.396396841113612,0.157,0.115,1
"ENSG00000289474",0.00173092132569248,0.245546479365654,0.258,0.201,1
"JADE1",0.00173517075971594,0.391831916950776,0.133,0.098,1
"ZNF131",0.00174499387891494,0.243626235420923,0.354,0.298,1
"DOK2",0.0017679414858094,0.282277452888105,0.088,0.064,1
"PAM16",0.00177725896236273,-0.283291791805238,0.099,0.118,1
"FIGNL1",0.00177749428408684,0.644102787713337,0.056,0.034,1
"ENSG00000273149",0.00178401559330858,-0.220986263817271,0.063,0.073,1
"PPM1K",0.00179038772570142,0.260612151060415,0.269,0.214,1
"GPS2",0.00179909425230937,-0.211370987872258,0.557,0.569,1
"MBIP",0.00180526440160463,0.326836268440891,0.161,0.125,1
"RNF168",0.00180796139409333,0.203181055487916,0.368,0.316,1
"TSPOAP1-AS1",0.00180913570793286,-0.28416426799018,0.163,0.181,1
"MFN1",0.0018132849537036,0.384927025575223,0.127,0.096,1
"ASH1L",0.00181974058607876,-0.127698295446348,0.533,0.539,1
"AMBRA1",0.00182124809427254,0.291463752972,0.186,0.15,1
"TUFM",0.00182490520181983,-0.167964160307213,0.552,0.554,1
"PRKX",0.00183368472447098,-0.2556256135376,0.129,0.147,1
"BRD7",0.0018352053074452,-0.153125620673569,0.414,0.421,1
"CYP51A1",0.00183654477402543,0.486780504323155,0.104,0.071,1
"GPSM3",0.00183935197350395,-0.151138553809089,0.674,0.675,1
"RAB24",0.00184735559709776,0.460973292650756,0.078,0.057,1
"TGIF1",0.0018504975045694,-0.16924687616634,0.489,0.508,1
"TTC33",0.00185178764960473,0.284646226018083,0.168,0.127,1
"MAP1S",0.00185193208604343,0.312156223847584,0.204,0.163,1
"COX6C",0.00187008877521374,-0.120091351394733,0.793,0.795,1
"ENSG00000235978",0.00187203123510724,-0.752946484270293,0.028,0.039,1
"CISH",0.00188291862594261,0.951125118072104,0.038,0.023,1
"UQCR11",0.00188393985083858,0.127618692382714,0.686,0.623,1
"PGAM1",0.00189846450436214,0.133330470740305,0.61,0.546,1
"CA5B",0.00190027262572538,0.336147908195786,0.185,0.145,1
"YJU2B",0.00191440466904427,0.256891176490902,0.183,0.142,1
"OSGEP",0.00192335848053643,0.272302874044148,0.216,0.164,1
"STAG3L4",0.00195024074402525,0.422997575095173,0.096,0.065,1
"EIF2AK2",0.00195396978212339,-0.366106831006205,0.147,0.165,1
"CDHR3",0.00195448924428966,0.533846583776524,0.049,0.029,1
"HERC3",0.00196507770993622,0.307000191860738,0.129,0.094,1
"ENSG00000289582",0.0019744294947489,-1.02799083740414,0.013,0.022,1
"HAUS1",0.00198016716196169,-0.352511456708607,0.082,0.099,1
"TP53BP1",0.00198204079776336,0.27939174526728,0.207,0.158,1
"FBRSL1",0.00198680536105077,0.261426670139381,0.159,0.117,1
"THOC3",0.00199880427402526,0.211243678775346,0.232,0.185,1
"SESTD1",0.0019995957146673,0.613772834998595,0.046,0.03,1
"TNFRSF10B",0.00200918922242195,0.723600961201231,0.048,0.027,1
"SGSM2",0.00201175345398812,0.36614476642846,0.095,0.067,1
"TAF7",0.00201353337003901,-0.224993603496587,0.415,0.439,1
"ARMH1",0.00201462351379081,0.199328244928542,0.419,0.361,1
"WDR74",0.00202216860693658,-0.204990876141478,0.338,0.345,1
"ICOSLG",0.00202912576042259,0.763584691814963,0.028,0.014,1
"RHOQ",0.00203378949895461,0.649167014071353,0.047,0.028,1
"SFXN3",0.0020338906899225,0.399183311694927,0.088,0.061,1
"COQ2",0.00205995569936792,0.426319861851064,0.088,0.06,1
"IL6R",0.00206519920421722,-0.489976975774018,0.024,0.034,1
"PSMB6",0.00207391634053924,-0.15016499030855,0.547,0.556,1
"TCF4",0.00207816939477244,-0.654420198202468,0.032,0.045,1
"EIF4A3",0.00208705576338112,0.154042099009414,0.358,0.31,1
"GTSF1",0.00209742023246641,-1.23353882521485,0.006,0.014,1
"CD69",0.00210900564824163,-0.162792958029893,0.497,0.528,1
"JAML",0.00211258350382344,-0.260382377509834,0.185,0.191,1
"DDX6",0.00212839995488076,0.145113298206711,0.561,0.49,1
"PMS1",0.00213000413508572,0.433547644452397,0.096,0.073,1
"FPGT",0.00213236978007269,0.751666862463542,0.032,0.016,1
"LINC01003",0.00215049212178495,0.253333914613718,0.109,0.082,1
"STAM",0.00215193265685749,-0.210712087887808,0.236,0.234,1
"FNDC3B",0.00217942163209591,-0.287632319162052,0.127,0.146,1
"TTC24",0.00218229293509886,0.657015143084922,0.054,0.032,1
"BAK1",0.00218351356143109,0.372192346008887,0.096,0.069,1
"NCOA3",0.0021847525639386,-0.180217718113147,0.399,0.414,1
"SESN2",0.00218554629108566,0.679909606436607,0.044,0.027,1
"RELT",0.00218967560119459,0.586961255592774,0.046,0.031,1
"POLH",0.00219462388664361,0.485934673856229,0.091,0.06,1
"RPL22L1",0.00221171250823971,-0.17801685368932,0.473,0.471,1
"PPP3CC",0.00222342959939972,0.194666978704663,0.357,0.3,1
"PEF1",0.00222838090357782,0.213715448722273,0.27,0.217,1
"DTD1",0.00223063937248575,0.481674912536876,0.046,0.032,1
"NPIPB11",0.0022330717870148,0.908419315519811,0.023,0.011,1
"NT5E",0.00223736564238401,-0.337866358189586,0.083,0.097,1
"WDR91",0.0022465991674351,0.558267660070712,0.065,0.04,1
"COA6-AS1",0.0022551045719128,-0.298665249783662,0.057,0.071,1
"CAMKK1",0.00225516475492474,1.72910837941373,0.013,0.004,1
"NRBP2",0.00226401610969333,1.13764185972988,0.017,0.008,1
"ENSG00000290832",0.00226777915944508,0.39681824649221,0.103,0.077,1
"ENSG00000290833",0.00229932285453849,0.398779717195804,0.091,0.063,1
"DGKQ",0.00230340651821159,0.540361679700791,0.045,0.027,1
"NEU1",0.00232080340539278,0.294758496813333,0.204,0.16,1
"JAK3",0.00232109479696368,0.260237514619431,0.26,0.204,1
"ATP23",0.00232589183727031,-0.548044325742746,0.057,0.073,1
"AP2S1",0.00233780706325897,-0.183013980241872,0.385,0.404,1
"FUT8",0.00234752005529654,0.350770019038456,0.15,0.114,1
"TYW3",0.00235725667481271,0.377775595924569,0.138,0.101,1
"FUZ",0.00236493179859681,0.478860482070937,0.073,0.048,1
"PFDN4",0.00237020534755784,-0.216719206786335,0.26,0.274,1
"SNX29",0.00237865093353439,0.293021333844328,0.143,0.109,1
"STX5",0.00238447949462962,0.189530940607931,0.333,0.274,1
"ANXA11",0.00239627642243336,0.108435265703195,0.537,0.474,1
"CNN3",0.00242257238274622,0.74986163551,0.035,0.019,1
"ERGIC1",0.00245076021559426,0.326488377386644,0.156,0.114,1
"PKN1",0.00245115067911779,0.245923576881364,0.335,0.272,1
"NBPF15",0.00245192123683616,-0.731228886397838,0.019,0.03,1
"NMRK1",0.00245815064537029,0.295248712288824,0.154,0.119,1
"TIAL1",0.00246775737643959,-0.173769147690432,0.429,0.431,1
"OCIAD2",0.00247826693961471,-0.186821479476845,0.608,0.63,1
"GIMAP8",0.00249487391130747,-0.287486592267161,0.176,0.191,1
"HSD17B7P2",0.00249977737691571,0.555701012867309,0.06,0.04,1
"MED12",0.00250033332579005,-0.364168569831781,0.09,0.104,1
"PDP1",0.00251131836475999,0.363178860422313,0.099,0.067,1
"ZNF706",0.00251133813819172,-0.14223238514582,0.645,0.632,1
"TCAF2C",0.00251247720497431,-0.999586456475774,0.012,0.021,1
"PCMTD2",0.00251667416227212,-0.36057884245198,0.148,0.169,1
"SLC25A22",0.00253248540326492,0.608516065512756,0.055,0.035,1
"ZNF487",0.00253498072656395,0.525477728670425,0.069,0.048,1
"PTGR2",0.00253658815159616,0.684769228750095,0.025,0.013,1
"WDR77",0.00256523700573945,-0.46468214961208,0.073,0.09,1
"WDR41",0.00257980010974361,0.720430209873565,0.034,0.019,1
"KIF13B",0.0025832351145199,0.341381334995654,0.134,0.097,1
"TENT4B",0.00260508077033059,0.31889010050141,0.158,0.123,1
"DNM2",0.00263358579413627,0.248995124782931,0.39,0.328,1
"DCTN2",0.00263492363348767,-0.208084208975434,0.262,0.274,1
"CRCP",0.00263773953887653,0.332518735758579,0.138,0.108,1
"RB1CC1",0.00264043939878275,0.212887560928182,0.425,0.358,1
"PP7080",0.00264772709556317,-0.683695982071305,0.011,0.019,1
"IFT57",0.0026478856982969,0.273177470430316,0.257,0.201,1
"CACYBP",0.00265524515679418,-0.12772666398647,0.485,0.5,1
"EIF1B",0.00267323622471689,0.100645006878452,0.496,0.434,1
"TMEM30A",0.00267338749649873,0.229209165888089,0.234,0.2,1
"SH3YL1",0.00268573909429035,0.317010793744565,0.225,0.176,1
"ZNF701",0.00271129325846497,0.439566093177489,0.056,0.039,1
"TMEM175",0.00272750768078165,0.358028121786441,0.117,0.085,1
"TMEM205",0.00272766808695355,-0.567402607785892,0.06,0.079,1
"TNRC6A",0.00273478815097371,0.130192128569005,0.314,0.286,1
"MORF4L2",0.00273560587825835,0.134369138711264,0.504,0.439,1
"ST3GAL1",0.00273790740884069,0.244699704788083,0.197,0.153,1
"ISOC2",0.00274673346743741,-0.577264454600736,0.03,0.042,1
"FXR2",0.00275594031951584,0.349576467674458,0.103,0.075,1
"NFAT5",0.00278505420647702,0.205982283512648,0.422,0.384,1
"TRAV16",0.00279797269965465,-0.333369507602762,0.015,0.024,1
"NUCB1",0.00280561046973929,0.347080396610691,0.18,0.134,1
"IFITM1",0.00281463225345255,-0.104077108839725,0.944,0.946,1
"SOD2",0.0028159786298151,0.151199872705262,0.374,0.312,1
"THOC1",0.00282265033179952,0.192127296445225,0.205,0.178,1
"CD320",0.00285196302884819,0.44062193090247,0.083,0.056,1
"PGAP6",0.00285805074065337,0.413919851595634,0.097,0.07,1
"RNMT",0.00286662891900603,0.167263853521302,0.391,0.331,1
"LINC00963",0.00287835879528562,0.867299256540793,0.032,0.017,1
"KDM4C",0.00287852577390839,0.231879350015358,0.239,0.195,1
"SNU13",0.00289738577249186,0.120939073834946,0.748,0.692,1
"EEF1AKMT2",0.00291145605075511,-0.320228335277414,0.117,0.134,1
"AKAP13-AS1",0.00291750550458625,-0.466775198701826,0.046,0.056,1
"TRAPPC4",0.00292819733841654,0.219648179677962,0.265,0.213,1
"WASH2P",0.00295933437877083,-0.399584704330366,0.082,0.102,1
"EFR3A",0.00296172627149511,0.273255707035643,0.263,0.21,1
"KMT2C",0.00296368418655689,0.195846978484702,0.404,0.338,1
"MECP2",0.00297556415710698,0.107050074941741,0.285,0.256,1
"FADS3",0.00298369784191191,0.84038733195267,0.038,0.021,1
"PFKL",0.00299527962658928,0.297976530405955,0.108,0.078,1
"ZNF441",0.00300199765961015,1.08467809250436,0.014,0.006,1
"PLCB2",0.00301069465390658,0.540109445885135,0.055,0.035,1
"NCOA6",0.00304823381911049,-0.295289846242694,0.112,0.126,1
"RNH1",0.00305033518662964,0.154485399899354,0.428,0.379,1
"SUMF2",0.00305573547857874,0.205865057202429,0.223,0.174,1
"COG5",0.00307719444393107,0.254057325035226,0.275,0.233,1
"PABIR3",0.00307945094207894,0.462591755306315,0.114,0.077,1
"L3MBTL3",0.00308048708629754,0.476323615415584,0.11,0.076,1
"CAMK1D",0.00308813491548201,0.20822104260154,0.368,0.322,1
"ZNF611",0.00308979551502371,0.340813966671724,0.114,0.085,1
"RNF19B",0.00309484087760072,0.470811818359219,0.073,0.048,1
"GLTP",0.00309746429221037,0.19916772942915,0.185,0.142,1
"HEATR1",0.00309826650844696,0.318509448044,0.17,0.132,1
"ARF3",0.00312060650682641,-0.236950493815154,0.169,0.172,1
"PCK2",0.00312930288777169,-0.888564439106467,0.016,0.027,1
"TRAV29DV5",0.0031299939211688,-0.405011029109211,0.047,0.062,1
"PABPC1",0.00314682246015288,0.101880656780887,0.997,0.998,1
"C14orf28",0.00316742335475975,0.681068986526461,0.04,0.023,1
"LINC02613",0.00317707893037554,-0.47048807857925,0.039,0.048,1
"ZNF496",0.00321831980759156,0.380476266555315,0.122,0.089,1
"PRPF4",0.00322404931234691,0.280387477899366,0.151,0.113,1
"IGFBP2",0.00322602282652272,-1.50840442381125,0.005,0.012,1
"SLC16A10",0.00324304762473915,0.307080838293138,0.182,0.142,1
"ZNF324",0.00324521050481668,0.448984611507586,0.063,0.043,1
"ICOS",0.00326396727212007,-0.170071631508128,0.248,0.267,1
"ARHGAP26",0.00326480746862255,0.280922799824955,0.167,0.136,1
"C7orf50",0.00327500318097586,0.362468283993615,0.104,0.075,1
"MICAL1",0.00327993509641136,0.313308858250361,0.105,0.074,1
"IFFO1",0.00328699655947595,0.455723402301484,0.037,0.022,1
"TBC1D16",0.00329224922956691,0.980107222455422,0.025,0.012,1
"NDUFV1",0.00330796246472219,0.17680694903421,0.413,0.351,1
"SPPL3",0.00332649016768203,0.204536388948782,0.287,0.232,1
"EML3",0.0033347947674942,0.277372358837902,0.153,0.114,1
"PYCR2",0.00333789743972261,-0.254939938793967,0.251,0.271,1
"NCAPH2",0.00334235678443027,0.396568911998878,0.123,0.091,1
"POMZP3",0.00334725420796743,0.313777826344437,0.085,0.06,1
"ENSG00000290577",0.00334885992480874,1.08158419271255,0.018,0.009,1
"N4BP2L2",0.00335890257158201,-0.118972742475625,0.64,0.648,1
"FBXO33",0.00337209133037796,0.312354745978728,0.185,0.146,1
"SLCO5A1",0.0033791903261517,0.583803840510021,0.068,0.046,1
"GZMK",0.0034096785480391,-0.61890548572666,0.058,0.081,1
"TRBV6-1",0.00342285669773481,-0.87681406459025,0.024,0.03,1
"ENSG00000237568",0.00342460789730966,-1.03797481405231,0.011,0.019,1
"ATP9B",0.00345884546366718,0.251768324590044,0.282,0.223,1
"OSBPL9",0.00346539097983756,0.174595680927144,0.315,0.258,1
"CTBP1",0.00347954022810854,0.207198512728421,0.354,0.292,1
"ASAH1",0.00356044128941814,0.313837403467174,0.114,0.085,1
"ZNF451-AS1",0.00356067505272391,-0.43751566195211,0.035,0.044,1
"PRKN",0.00356829189763665,0.717659355203102,0.048,0.029,1
"KATNB1",0.00358472554833553,0.248125309795424,0.081,0.066,1
"UBE2D1",0.00361237336050978,-0.213333371837326,0.268,0.269,1
"MYO1G",0.00362308846323956,0.315584001076229,0.144,0.105,1
"CSGALNACT2",0.00363804531676231,0.175044399045126,0.428,0.364,1
"PPP1R21",0.00364054239513111,0.164873873596804,0.215,0.188,1
"OGT",0.00364428096454937,0.149882734352312,0.542,0.492,1
"RILPL2",0.00364898417989254,0.263900646369816,0.225,0.185,1
"ITGAL",0.0036621884265653,0.376559885086249,0.116,0.085,1
"PJA1",0.00366496599378864,0.333629544250721,0.148,0.112,1
"UBA7",0.00367432907162523,0.483593004953655,0.08,0.054,1
"HACD2",0.00367528179897782,0.297866959228005,0.104,0.076,1
"PNP",0.00370567826230508,0.276107448410228,0.318,0.253,1
"BMS1",0.00372420160767092,0.310687729914625,0.201,0.151,1
"ZNF160",0.00372715263049133,0.173398356848813,0.145,0.122,1
"C1orf35",0.00374442533967085,0.307792911952,0.147,0.112,1
"TRAF3IP3",0.00375679231938962,-0.22324000730239,0.409,0.437,1
"PDE4D",0.00376903247227636,0.141738216703137,0.508,0.443,1
"PTPRE",0.00379048834745393,0.307761007910016,0.161,0.121,1
"PLEKHA5",0.00379325294864402,-0.39057964320746,0.055,0.067,1
"ZFYVE16",0.00379560005820007,0.377951349750964,0.127,0.098,1
"LCP1",0.0038119557273182,-0.200387826416642,0.365,0.376,1
"PITPNM2",0.00381804644921236,0.588915810190439,0.064,0.041,1
"BOP1",0.00382755276617294,-0.351345826311176,0.091,0.108,1
"UBE2Q2P1",0.00382786456132822,1.15364131088173,0.022,0.011,1
"HYLS1",0.00382797425970051,-0.544600458248067,0.02,0.03,1
"STXBP4",0.00383838005229656,0.653018508424594,0.068,0.044,1
"PPP1R15B",0.00384133026585113,0.338973660709404,0.193,0.153,1
"CORO2A",0.0038574377165225,0.49871705732495,0.061,0.038,1
"ENSG00000282885",0.00387661113801855,-0.228429771028836,0.126,0.143,1
"USP16",0.00390750428089472,0.109689774727925,0.342,0.29,1
"PALS2",0.00392852606673588,0.646249863107002,0.069,0.048,1
"HNRNPA3",0.00396394603733523,-0.101302335539565,0.697,0.694,1
"GTF3C3",0.00396761696318738,0.471567750025407,0.091,0.062,1
"STK35",0.00399010439450952,0.583179529407116,0.047,0.03,1
"ANKEF1",0.00401526964705252,0.815505482518881,0.027,0.014,1
"HMCES",0.00403623619415349,0.244987101362133,0.282,0.233,1
"IFI44",0.00403798610854344,-0.478275072333542,0.06,0.076,1
"ZZEF1",0.00404103982229208,0.309278279505332,0.168,0.129,1
"ENSG00000235419",0.00404898052242906,-0.702854144214808,0.02,0.027,1
"ZNF677",0.00404964585619479,0.243082567842854,0.035,0.025,1
"STEEP1",0.00405262616615606,0.470181239082032,0.065,0.043,1
"MLEC",0.00406093013794583,0.259576894504519,0.192,0.156,1
"TUT7",0.00406518610264264,0.25082976170111,0.22,0.183,1
"BCAT2",0.00409752711999958,0.621631273301859,0.044,0.028,1
"FHIT",0.00412384168602613,-0.262669011109735,0.201,0.216,1
"ANAPC2",0.00413070659070117,0.392820561999575,0.111,0.08,1
"ENSG00000284707",0.0041531399839522,0.223973318037161,0.238,0.197,1
"MIR3667HG",0.00420340624248087,-0.453249288505623,0.05,0.059,1
"ERO1B",0.00420408740775774,0.334608426654614,0.129,0.097,1
"PDZD8",0.00420702329896432,0.423259630019674,0.119,0.083,1
"ENSG00000291159",0.00420972503767897,0.727059399107481,0.037,0.022,1
"ATXN2L",0.00422390239198867,-0.185985968134904,0.35,0.36,1
"ULK4",0.00427364848244763,0.328216398201894,0.122,0.088,1
"SBDSP1",0.00429060293040995,0.25865959877672,0.209,0.166,1
"SCGB2B2",0.00430583265845054,-0.683068169053624,0.01,0.018,1
"GSTK1",0.00430588161150278,0.136062952855722,0.501,0.444,1
"IFRD1",0.00431810592419584,0.132221666617243,0.338,0.287,1
"FYTTD1",0.00432284001739373,0.227860869490855,0.327,0.27,1
"CISD2",0.00435575488755336,-0.235314367435806,0.212,0.22,1
"BBX",0.00435676546065066,-0.228910948312006,0.329,0.343,1
"KLHL2",0.00436954877398696,0.313776824089831,0.166,0.133,1
"BAX",0.00438058566363373,-0.182783548978129,0.285,0.289,1
"PPP1R35",0.00438179096350653,0.15189695729957,0.255,0.217,1
"EPHX2",0.00442278379967994,0.414644533100868,0.048,0.032,1
"LMF2",0.00443285272091479,0.184877658487494,0.198,0.158,1
"RAB11FIP2",0.00445276866510488,-0.316552342541344,0.095,0.109,1
"MTRFR",0.00447424622146604,0.200915228635806,0.296,0.247,1
"CD99",0.00448526262761826,0.174038127577861,0.429,0.372,1
"ENSG00000290067",0.00451407966055629,0.539772754730348,0.049,0.031,1
"SH3BGRL",0.00452325817529405,0.179721585020996,0.382,0.319,1
"NBPF3",0.00456699027823856,0.486371201837291,0.054,0.035,1
"SLC5A3",0.00456787030672557,-0.174606558323969,0.321,0.319,1
"NDUFA12",0.00457338645736745,-0.178933974474801,0.511,0.516,1
"ENSG00000288851",0.00459348746566954,-0.724963501803201,0.012,0.02,1
"GTPBP6",0.00462715997388826,0.162500980023358,0.248,0.203,1
"MIRLET7A1HG",0.00465159699480064,-0.237454481149604,0.065,0.078,1
"GABPB1-AS1",0.00465238977689072,0.167276288903879,0.196,0.173,1
"FCHSD1",0.00466406266799492,0.467430050397086,0.052,0.034,1
"GLIPR1",0.00467184144449093,0.215523350342751,0.476,0.395,1
"RNF5",0.00468033095227206,-0.203276251268293,0.303,0.324,1
"FAM86DP",0.0046840666349253,0.690302576742741,0.035,0.02,1
"TMEM120A",0.00470370874197101,-0.526259043625168,0.062,0.072,1
"PBX4",0.00470878679198882,0.212927648751036,0.282,0.235,1
"FLOT1",0.00471563998222006,0.403262883838393,0.112,0.079,1
"FAM171A1",0.00471629159800816,-0.558824579354227,0.03,0.041,1
"TET2",0.00471987335980777,0.303665711406553,0.181,0.137,1
"SLC25A45",0.00474386030656475,0.555104042125512,0.048,0.032,1
"PSME4",0.00477681444965716,0.20981669681777,0.276,0.225,1
"PGM2L1",0.00483140970446084,0.148953847133218,0.195,0.156,1
"NDUFB11",0.00485371550120256,-0.145395985356391,0.697,0.696,1
"LTBP3",0.00486008510705088,-0.318952208020748,0.158,0.174,1
"FHOD1",0.00486083397563624,-0.509259558531788,0.028,0.037,1
"EWSR1",0.00486106552440749,0.135989285774262,0.579,0.512,1
"WDR26",0.00486615574705545,0.259670324507048,0.271,0.217,1
"KIF3A",0.00487132347455917,0.305520751739988,0.163,0.123,1
"ATP6V1B2",0.0048737642340181,0.261651294631116,0.179,0.138,1
"EOLA1",0.00487675454023278,0.382517977393221,0.136,0.101,1
"UTP14A",0.00488789226116472,-0.36108527389008,0.078,0.09,1
"ALG3",0.00488976283977778,-0.320263042548582,0.123,0.138,1
"SLC3A2",0.00490522382994085,0.107792255809512,0.545,0.488,1
"INPP1",0.00495699855196556,1.20818474980134,0.014,0.005,1
"ADIPOR2",0.00498686606639291,0.292389162741628,0.152,0.116,1
"ECPAS",0.00503183475210007,0.255974935693012,0.154,0.117,1
"ENSG00000288930",0.00504184192138522,1.34458539184148,0.012,0.004,1
"MUL1",0.00504577834970952,0.436692588866436,0.087,0.06,1
"SEPTIN9",0.0050600850332186,0.142593541711459,0.436,0.377,1
"IGF1R",0.0051138174013634,0.243824064591151,0.232,0.198,1
"VEZF1",0.00518027677203284,-0.149347324666345,0.361,0.369,1
"RTCB",0.00518864313265822,-0.138123741347275,0.342,0.341,1
"STYX",0.0051951883214072,-0.275082580010573,0.169,0.182,1
"BIK",0.00520630390781689,0.850019584953634,0.027,0.014,1
"ZSCAN22",0.00521069812140614,0.557617206110178,0.036,0.022,1
"MRPL48",0.00521125861070415,-0.421885405759818,0.078,0.093,1
"CARD11",0.00521541725423455,0.266500574443292,0.218,0.184,1
"GPR89B",0.00521790706706909,-0.208301658853426,0.156,0.171,1
"NUMA1",0.00522566492657812,0.213342205324083,0.329,0.282,1
"EPS15",0.00523231710311829,0.240988222309879,0.254,0.21,1
"APLP2",0.00525041428299697,-0.300846235113029,0.149,0.171,1
"POT1-AS1",0.00525380547151156,1.05754539064776,0.02,0.01,1
"PLPP5",0.00528383607389803,0.534331737159052,0.073,0.047,1
"WIPF1",0.00534688947219747,-0.15044913773415,0.609,0.61,1
"LINC01679",0.00535025618024924,1.3942469590412,0.012,0.004,1
"IFT22",0.00537101265506424,0.422773422693565,0.083,0.056,1
"AP1B1",0.00537382719939121,0.341289642636885,0.111,0.081,1
"PRORP",0.0054080471945807,0.102639632276408,0.214,0.173,1
"LINC01414",0.00543539082672324,1.36422403861435,0.012,0.005,1
"ZMYM4",0.00545241011244958,-0.237208826253848,0.138,0.151,1
"ATAD5",0.0054606818181487,0.61307206089895,0.049,0.029,1
"PDK3",0.005466343821163,-0.286161336512542,0.21,0.222,1
"SLC27A1",0.00547516991316172,1.05102356348356,0.014,0.005,1
"FLYWCH2",0.00548091872167227,0.331516013366866,0.126,0.095,1
"ARHGEF6",0.00548502547778232,0.279984743669948,0.119,0.086,1
"C12orf76",0.00549189965366583,-0.410027149745213,0.084,0.093,1
"PLCB1",0.00550041503161788,-0.513066933251019,0.05,0.064,1
"GSKIP",0.00550497411231345,0.251571130027052,0.151,0.114,1
"YTHDF3",0.00550587848480752,0.241381274688156,0.178,0.144,1
"TBC1D32",0.00551157939268718,0.367058182088626,0.124,0.087,1
"ZDHHC11B",0.00551759249724904,1.2479532636626,0.016,0.007,1
"NEDD4L",0.00554101780970684,-0.695937184346234,0.028,0.039,1
"TBC1D23",0.00555685632497473,0.310735695991304,0.165,0.127,1
"SHLD1",0.00556866357257423,0.255702923797314,0.195,0.154,1
"CLDND1",0.00558457352679952,0.153178186886386,0.381,0.322,1
"TUBA1C",0.00558717304681809,-0.143708256766272,0.166,0.166,1
"LDLRAD4",0.00563292136513574,0.166669969939495,0.518,0.454,1
"PARD6G",0.0056362248792031,1.02162932409632,0.02,0.009,1
"MARK2",0.00563649968109566,0.272155020975719,0.224,0.178,1
"GOLGA8B",0.00566966830963622,0.310787372572925,0.101,0.077,1
"SLC7A6",0.00567545624926224,0.153924220142203,0.4,0.351,1
"ENSG00000286408",0.00569339156271686,0.849530212785808,0.015,0.008,1
"ENSG00000241219",0.00569653818012479,-0.919363748995142,0.013,0.022,1
"NDUFV2",0.00570132460204508,-0.106354417972816,0.738,0.729,1
"CCDC157",0.00570751015998386,0.546304566396544,0.057,0.036,1
"ZNF708",0.0057132608214537,0.330252718174372,0.14,0.105,1
"PITHD1",0.00571796020212813,0.177783725780318,0.358,0.305,1
"SAMD12",0.00572636360513744,0.806198130005062,0.031,0.02,1
"KCNQ1OT1",0.00572780800015416,0.618511576529359,0.021,0.011,1
"ZNF606",0.00573943670698295,-0.326847888454029,0.049,0.059,1
"FAM184A",0.00576531778837184,0.467006545393807,0.068,0.046,1
"FASTKD1",0.00578474931897102,0.427986823174006,0.131,0.094,1
"PRXL2B",0.00580799441130155,-0.268400271168253,0.086,0.099,1
"VGLL4",0.00581731637513431,-0.189244871056727,0.11,0.122,1
"ENSG00000226465",0.00582617366523093,-0.739738614973017,0.014,0.024,1
"YIPF6",0.00582631221121325,0.466641383931127,0.076,0.053,1
"RUNX2",0.0058282929515779,-0.365595739611913,0.109,0.124,1
"MCM7",0.00583894458958792,-0.231136905150338,0.25,0.274,1
"ENSG00000289863",0.00584343083751028,1.1573896476471,0.012,0.004,1
"C16orf74",0.00585448260954752,0.602555325875499,0.037,0.023,1
"BRF1",0.00585673355486018,0.485108733261016,0.091,0.061,1
"FH",0.00588593349689407,0.284635442479195,0.127,0.094,1
"CTR9",0.00588771631979946,0.217716270219711,0.325,0.271,1
"MBNL1",0.00590325822757226,0.118462934066012,0.926,0.915,1
"BRAF",0.00590682086730348,0.190932014134394,0.452,0.39,1
"DUSP5",0.00591293836644502,0.721857873755556,0.016,0.009,1
"ZFX",0.00592713582269224,-0.185288387134855,0.187,0.203,1
"ENTPD7",0.00594050611638349,0.732623670535572,0.025,0.013,1
"N4BP1",0.00594445178345577,-0.104300475428085,0.536,0.535,1
"SETX",0.0059507045549053,0.207366337870386,0.277,0.222,1
"DCTN1",0.00597090876279817,0.34479621504052,0.138,0.101,1
"ZNF292",0.00598951779836338,-0.130583945301988,0.468,0.47,1
"CWF19L1",0.00599957065941904,0.361654738019016,0.135,0.098,1
"PI4KA",0.00606579089121933,0.301347865449835,0.171,0.129,1
"FBXO32",0.00608107175829799,-0.402202940741178,0.091,0.103,1
"STAT2",0.00608244644109315,-0.292441807536731,0.143,0.16,1
"NEURL1",0.00611469755538559,1.01256560150555,0.021,0.009,1
"CCDC200",0.00612107192599034,-0.305313461241137,0.019,0.026,1
"JPT1",0.00613764556054487,0.217390754148266,0.267,0.215,1
"EPN2",0.00618094103289196,0.5775820947472,0.033,0.02,1
"UBE2D2",0.00620097782573395,-0.128302591388467,0.751,0.752,1
"PPM1D",0.00620931115086614,0.330499693493521,0.127,0.095,1
"GADD45GIP1",0.00621550000527001,-0.157892033703876,0.441,0.446,1
"FBXO11",0.00621660276329461,0.184941130129606,0.402,0.34,1
"MFN2",0.00621944300108377,0.382674487072683,0.101,0.071,1
"SLC20A1",0.0062234632601853,0.293879989248932,0.16,0.126,1
"ILK",0.00622888740063127,-0.125353771736443,0.272,0.289,1
"PAQR3",0.00625240571702633,0.466791738007942,0.091,0.064,1
"XPC",0.00626582031347576,0.233771328796976,0.325,0.272,1
"CYTH1",0.00627611486688152,0.109553501014038,0.688,0.643,1
"GINM1",0.00627833729012844,0.1771259756459,0.221,0.182,1
"MXD1",0.00628946054558114,0.431760933459163,0.08,0.056,1
"IFNAR2",0.0063007216410229,-0.170965416848625,0.386,0.384,1
"IL6ST",0.00631173976330571,-0.161413682474119,0.346,0.356,1
"PANK3",0.00633241903607671,-0.35613653176299,0.111,0.126,1
"HDGF",0.00633748476340188,-0.201247487104131,0.305,0.319,1
"SLC10A3",0.00633833027873688,0.255976809524264,0.174,0.133,1
"UQCRFS1",0.00635207747846828,-0.122863394972076,0.588,0.595,1
"ENPP2",0.00636318694163649,0.49765674904863,0.06,0.042,1
"CFAP36",0.0063763975368187,0.235695874838866,0.256,0.202,1
"MRPS15",0.00637917774858997,-0.191363643341064,0.287,0.295,1
"CD83",0.0064140523399343,-0.290017634967948,0.15,0.17,1
"ACP5",0.00641818103776833,0.631692154042173,0.037,0.025,1
"CYSLTR1",0.00643233117155536,-0.863570273912011,0.008,0.014,1
"MCTP2",0.00643809219801909,1.25890474025279,0.011,0.004,1
"AGAP3",0.00644094581946802,0.964163742760872,0.023,0.012,1
"CYSLTR2",0.0064445155923279,1.53658104931072,0.013,0.005,1
"ATMIN",0.00644984890952408,0.187080561930063,0.148,0.116,1
"GSR",0.00645390159436892,-0.385658680342131,0.049,0.062,1
"RABGEF1",0.00645600574226839,0.275048731057909,0.204,0.156,1
"SNHG12",0.00647075934060315,-0.294107518463527,0.248,0.257,1
"XBP1",0.00648344752084082,0.175095588399224,0.288,0.247,1
"RAB40C",0.00649079400193015,0.53716434011571,0.051,0.033,1
"ZNF766",0.00649900245822876,0.233586888439216,0.147,0.118,1
"WBP4",0.00652301450495161,-0.15232707300919,0.136,0.147,1
"MDM2",0.00653089495431573,0.364721101387367,0.132,0.096,1
"PIGK",0.00655219657863142,-0.138013160523566,0.228,0.235,1
"GTF2H2C",0.00657417368652771,-0.201186376430331,0.06,0.069,1
"ADSL",0.00660580304243288,-0.167647508408253,0.347,0.349,1
"PGLYRP2",0.00661637990261441,-1.02135311014103,0.005,0.011,1
"C11orf54",0.00662584788931813,-0.313971467157351,0.117,0.13,1
"NDUFB3",0.00664336268661035,-0.180347614878914,0.305,0.315,1
"FAM131A",0.0066497719712054,0.580855043756131,0.039,0.023,1
"TNFSF12",0.00665360693344446,0.504922346649515,0.058,0.037,1
"HSPA13",0.00665533950587531,0.165582163709396,0.166,0.132,1
"HPF1",0.00665748116026548,-0.437747662703544,0.082,0.1,1
"GIPC3",0.00666141878284804,1.5473102887275,0.011,0.004,1
"ENSG00000272447",0.00666517506141531,-0.516386369702533,0.035,0.046,1
"PDE9A",0.00667888123754311,-0.459920119755161,0.056,0.068,1
"HMGN1",0.00670201888891542,-0.129545699052536,0.66,0.649,1
"ZNF207",0.00670487041481518,-0.132322787685869,0.576,0.573,1
"RASA1",0.0067150520132171,-0.259452520906358,0.154,0.164,1
"SPPL2A",0.00671740733910936,-0.215507235471147,0.266,0.283,1
"UBE2Q2P2",0.00672359251677036,-0.222772347417427,0.092,0.096,1
"ULK1",0.00672525525081925,0.344613967458011,0.096,0.069,1
"TMEM67",0.00677227259235188,0.403475763806368,0.089,0.061,1
"REL",0.00682282815471306,0.198234089888071,0.434,0.379,1
"FLCN",0.0068466209709376,0.544329049560453,0.059,0.037,1
"BRD2",0.00684794241774187,0.129578732653837,0.519,0.463,1
"PIGF",0.00686168164699062,0.400244478875682,0.094,0.066,1
"HNRNPU",0.00687620649750388,0.115068360655833,0.821,0.782,1
"GPR108",0.00689017088033095,-0.375560017149527,0.077,0.092,1
"TNFAIP8L1",0.0069323229246683,-0.343804816681744,0.128,0.148,1
"RPA3",0.00694975257820929,0.100038783558662,0.405,0.347,1
"MAGEH1",0.00695211020935947,0.276082594839307,0.153,0.119,1
"CCDC167",0.00697851435714447,-0.209826303791193,0.256,0.276,1
"NPHP3",0.00698058973558754,0.313706542755313,0.114,0.084,1
"PHLDB2",0.00701320391148874,-0.31597661037322,0.021,0.03,1
"C1orf122",0.00701542212812872,-0.135650062801114,0.198,0.189,1
"RNF103",0.00701982044332847,0.386525967624598,0.109,0.079,1
"SERPINH1",0.007076877272704,-0.833806818320665,0.01,0.016,1
"IRAK2",0.00709552024269034,-1.05427515921539,0.01,0.018,1
"LEMD3",0.00710727718009576,0.211873501422004,0.262,0.213,1
"TYMP",0.00712016275535046,-0.405557808317704,0.058,0.071,1
"ENSG00000284685",0.00713075673071026,1.20769992674297,0.013,0.005,1
"ALG10",0.00714676788030888,-0.608827207716219,0.017,0.023,1
"UBQLN1",0.00715622377478844,0.194694380406984,0.329,0.279,1
"CD274",0.00715850641907506,-0.943049503763187,0.012,0.019,1
"MAN1C1",0.00718692239226326,0.26326736799477,0.24,0.19,1
"CDYL",0.00722725450660299,-0.295547214605328,0.115,0.129,1
"IFNAR1",0.00723004968435932,-0.190308494681231,0.373,0.38,1
"HIPK2",0.00723845231551041,0.323232089423064,0.162,0.12,1
"LINC00540",0.00725307881028476,-0.584962891685119,0.041,0.051,1
"PPP5D1P",0.00729639227601274,-1.11423422428425,0.008,0.014,1
"SNAI3",0.00730848564674452,0.556553548627169,0.053,0.034,1
"STXBP3",0.00735895298898109,0.210882622352593,0.324,0.268,1
"MAP3K4",0.00737309820299731,0.357345702899317,0.104,0.076,1
"OASL",0.00738567467675044,0.522632793611614,0.042,0.031,1
"GTF2H2",0.00738873186877259,-0.499048131197998,0.037,0.051,1
"CKAP2-DT",0.00741823051094619,0.947426862900413,0.011,0.004,1
"GOLGA7",0.00744695384813794,-0.182074757157967,0.304,0.325,1
"XKR6",0.00746779219676931,-0.339334909635779,0.058,0.069,1
"PSMD1",0.00746919159105333,-0.175502970249018,0.272,0.273,1
"DAAM1",0.00748235073519265,0.256376371259627,0.181,0.14,1
"NRAV",0.00748916182914939,1.04310447115823,0.017,0.007,1
"PRDM15",0.00749251716990245,-0.389376744673521,0.027,0.036,1
"SF3B4",0.0075228430970369,-0.134279629457826,0.474,0.483,1
"MAST4",0.00753048473105971,-0.206014959192983,0.174,0.186,1
"PCAT1",0.00756958743195243,0.581240543138032,0.061,0.042,1
"CLTB",0.00760729012468366,0.163623386730318,0.367,0.313,1
"USP18",0.00761907140691287,-0.636055997498258,0.027,0.037,1
"ARHGEF9",0.00764339850516899,0.556257833535057,0.052,0.035,1
"PREPL",0.00764851935541338,0.201148867501287,0.169,0.145,1
"PPIP5K2",0.00766356963380682,0.328650792838354,0.174,0.134,1
"CLN8-AS1",0.00767837992190751,0.258789585232126,0.122,0.092,1
"HSPD1",0.00771795919381436,0.16762720181897,0.511,0.448,1
"ERP29",0.0077499841523086,-0.124305765254083,0.576,0.585,1
"HMGCS1",0.00775216726212701,0.331724314462865,0.136,0.107,1
"CATSPERB",0.00775312057284156,0.771069186619826,0.031,0.016,1
"ACTR3",0.00775528168883782,-0.102087102703997,0.592,0.596,1
"METTL9",0.00776798542977168,-0.175023781538879,0.387,0.396,1
"PCNX4",0.00776889319323619,0.2401095407964,0.271,0.218,1
"GSTM4",0.00777201170963177,1.21726889581,0.017,0.008,1
"TIMM9",0.0077731412081718,-0.257357861119725,0.16,0.173,1
"RPSA2",0.00778138853488058,0.348531476413703,0.184,0.137,1
"TRIM52",0.00778304250389806,0.294090631575299,0.1,0.074,1
"B3GLCT",0.00779002899192429,0.264770150410516,0.13,0.097,1
"CHMP5",0.00780095458509369,-0.241825922682376,0.206,0.214,1
"ARMCX3",0.0078200921178175,0.267425164755395,0.173,0.137,1
"VCPIP1",0.00782165147700556,0.357982283901865,0.146,0.108,1
"ZNF232-AS1",0.00784172877805518,0.357428440768683,0.092,0.071,1
"IRF2-DT",0.00784281898354256,-0.52609303907551,0.018,0.026,1
"TRIB2",0.00785501038260971,-0.410931679801013,0.058,0.072,1
"RNF216P1",0.0080068792145728,0.185114461259488,0.246,0.203,1
"ABCD3",0.00801372463177757,0.24300642458984,0.155,0.118,1
"AKAP10",0.0080144102519421,-0.214353199064393,0.139,0.153,1
"FAM13B",0.00804687279041212,0.217450575360856,0.311,0.254,1
"UBE2V2",0.00806750745062061,-0.214776658301315,0.153,0.163,1
"SCP2",0.00808407816865478,0.233148725038279,0.212,0.175,1
"PTPRA",0.00809898856216422,0.266430933503974,0.267,0.218,1
"EFCAB5",0.00813062473015001,-0.457655721163281,0.046,0.056,1
"SLF1",0.00814919191710664,0.312128163297151,0.086,0.067,1
"TRAPPC8",0.00815765357274378,0.32876583056967,0.168,0.13,1
"TRABD-AS1",0.00816585102330856,0.607334543365035,0.039,0.024,1
"CHPT1",0.00817002892503974,-0.685818936177417,0.03,0.04,1
"ZNF429",0.00817075150596911,0.276451101539915,0.1,0.08,1
"GMEB1",0.00819402692484554,0.364556235858659,0.119,0.088,1
"ATAD2",0.0082080268264742,0.24669758277656,0.042,0.029,1
"NAA80",0.00824489332014954,0.460325872822418,0.083,0.059,1
"LATS1",0.00830378648925259,0.184270429502395,0.204,0.171,1
"LRRC56",0.00832380499114076,0.783445665363741,0.025,0.013,1
"NCOA5",0.00833432529856198,0.258964205673475,0.198,0.162,1
"ENSG00000273319",0.00834537638363567,0.47336327551767,0.051,0.032,1
"POLI",0.00835052151806309,0.652532581102627,0.028,0.018,1
"ENSG00000234961",0.00840779076702443,0.371019034681235,0.334,0.261,1
"MFSD6",0.00842810258019467,0.3221801755123,0.189,0.145,1
"TNIP1",0.0084299152376792,-0.157881338403029,0.445,0.447,1
"CASP8AP2",0.00843116160341511,-0.247607031309856,0.11,0.124,1
"TMEM184B",0.00844700594917871,0.366445717872562,0.085,0.064,1
"MOB3A",0.0084678819473364,0.257292105909501,0.159,0.124,1
"FAM120AOS",0.00849956777354472,0.227114477778125,0.204,0.164,1
"TRPM7",0.00850056099329447,-0.150727031738017,0.34,0.348,1
"WDR83OS",0.00850640319179739,-0.127036955313144,0.553,0.538,1
"CCDC97",0.00852396839023832,0.259865659811078,0.181,0.142,1
"ITGAE",0.00854182268512526,-0.202939578104391,0.284,0.297,1
"VAMP7",0.00858478348582517,0.232582387036319,0.174,0.136,1
"FLJ20021",0.00862703989566431,-0.308612769772834,0.008,0.011,1
"NSRP1",0.00863427022627739,-0.182991881948158,0.202,0.213,1
"GNG5",0.00865630356778242,-0.116816239315996,0.696,0.696,1
"RPS6KA5",0.00866332469720823,0.208577267665125,0.198,0.158,1
"PPP1CA",0.00866410755127632,-0.156910865409243,0.526,0.525,1
"UHMK1",0.008726823200746,0.230248643077529,0.249,0.204,1
"EXOSC8",0.00874763733141758,-0.248123487696303,0.17,0.185,1
"ENSG00000255229",0.00879683657052969,1.18312303194841,0.017,0.008,1
"LSM3",0.00881918219585267,-0.17944373689764,0.316,0.33,1
"CYP4V2",0.00884295884677964,0.378285480851805,0.076,0.054,1
"GNPTAB",0.00886385993313593,0.250017768916949,0.155,0.12,1
"MOCS2",0.00895336474515605,0.176854405880624,0.158,0.123,1
"SNHG20",0.00897115287542897,-0.396826206373056,0.048,0.058,1
"PRDM4",0.00897529672602986,0.422576366120876,0.077,0.052,1
"POLG",0.00900662622605381,0.320869626869383,0.197,0.156,1
"P2RX4",0.00903875098978565,0.418704189019217,0.059,0.04,1
"ATP6V1A",0.00908024895724219,0.321153220761094,0.154,0.116,1
"CABIN1",0.00909538562096525,0.264318500110238,0.225,0.178,1
"FURIN",0.0091057107335547,0.3796386745602,0.13,0.095,1
"ADAM9",0.00915759972630826,1.13751489389846,0.014,0.006,1
"RWDD3",0.00917271067477082,0.268880943842152,0.147,0.115,1
"RNF19A",0.00917567045557079,0.192977593738036,0.261,0.215,1
"ENSG00000290453",0.00917772511856326,0.619573929407191,0.052,0.032,1
"FOXK2",0.00918333763565759,0.284960311063339,0.163,0.125,1
"EIF2B2",0.0091872313313315,0.305453157374391,0.145,0.11,1
"CD53",0.00922152544396253,0.117752135988335,0.799,0.758,1
"SLC35D1",0.00926198896914906,0.416207555275391,0.111,0.082,1
"MYL12B",0.0092664640389965,-0.100992986863601,0.894,0.889,1
"UBASH3A",0.00927068259756759,-0.162852283380304,0.337,0.34,1
"ZBTB24",0.00933457553122514,-0.166017247247927,0.234,0.247,1
"ZNF184",0.00935584811317758,0.568578720585125,0.048,0.03,1
"PLCD1",0.00937837066025897,0.42026619975041,0.05,0.032,1
"DHX15",0.00938440800849291,0.201322833404245,0.352,0.301,1
"NAAA",0.0093863484824128,0.511573650213458,0.062,0.041,1
"SOS1",0.00942054287925092,0.28860597984755,0.233,0.183,1
"BRD3OS",0.00943098100235104,0.549349178640019,0.049,0.031,1
"COMMD8",0.00949568157490917,0.25805565544609,0.17,0.132,1
"OTUD7A",0.00950141876663642,0.239337320213844,0.062,0.049,1
"CLSTN1",0.00965830087971952,0.279459042626332,0.103,0.084,1
"TOR1AIP2",0.0096743972042492,0.275016200937676,0.143,0.108,1
"FANCA",0.00975218337781575,0.615076327026845,0.031,0.02,1
"PSMA6",0.00979246829469205,-0.110750044171813,0.537,0.536,1
"PWWP2A",0.00980118780336427,0.309941963847408,0.125,0.095,1
"GTDC1",0.00981426715727738,0.261856076288143,0.188,0.156,1
"NSD3",0.00986829789153552,0.14467085981798,0.54,0.472,1
"AKR1B1",0.00987872131228807,0.235870439903962,0.176,0.144,1
"GZMA",0.00988428135432062,-0.832151965656802,0.013,0.021,1
"RRP7A",0.00989430609214119,-0.272003475906128,0.228,0.244,1
"SNAP47",0.00990705334873874,-0.370415312442606,0.073,0.081,1
"ZNF777",0.0099120542541383,0.489569161681692,0.057,0.038,1
"ACAT1",0.0099695351386563,0.42947817883044,0.072,0.051,1
"SLC2A1",0.00998919689879081,0.652299545431373,0.046,0.029,1
"LPIN2",0.0100156293717864,-0.212406976759667,0.238,0.253,1
"GRK2",0.0100849417084224,0.13025604878399,0.432,0.37,1
"ENSG00000290057",0.0101265071523344,-0.609122979639988,0.042,0.058,1
"METAP2",0.0101310440413765,-0.133907551079569,0.401,0.403,1
"SPG21",0.0101508835686595,-0.242743423086851,0.204,0.218,1
"BTG3",0.0101518182042135,0.232866150297773,0.205,0.168,1
"CCNB1IP1",0.0101797169212423,-0.258534033009355,0.1,0.111,1
"HMOX2",0.0101915906662152,0.21675107732128,0.312,0.262,1
"CNST",0.0102497830316518,0.162197845111354,0.359,0.3,1
"ATP6V0D1",0.0102521981628965,0.179795916445875,0.367,0.315,1
"ABHD14A",0.0102905342877643,0.424340730977797,0.054,0.036,1
"LINC01145",0.0102967383271329,-0.28181337455665,0.152,0.162,1
"ENSG00000255495",0.0102994960846055,0.99021757220047,0.015,0.007,1
"ZNF581",0.0103340110340962,-0.213094743934072,0.217,0.229,1
"SLC4A1AP",0.0103842337580283,0.312257796564194,0.154,0.118,1
"XPR1",0.0104391264149116,0.336835603734335,0.149,0.119,1
"BATF3",0.0104412362696666,-0.786637068526474,0.005,0.011,1
"JHY",0.0104580071721018,0.588315453276594,0.035,0.021,1
"KDM5B",0.0104811147989288,0.271268749057189,0.229,0.183,1
"TRBV5-6",0.0105303094916425,-0.421174489361456,0.023,0.021,1
"PYGB",0.010536588441905,0.223889800184419,0.126,0.104,1
"TRBV10-1",0.0106408555869201,-0.565373247694346,0.011,0.009,1
"NCKAP1L",0.0106554042755632,0.24836254954669,0.242,0.198,1
"BRMS1L",0.0106642756577065,0.408629402604856,0.039,0.026,1
"TMEM191A",0.0106677478058546,0.397514762191952,0.059,0.04,1
"CNOT9",0.0106682772554685,-0.268309867718934,0.161,0.176,1
"EMC1-AS1",0.0106963092571831,0.22199739574482,0.028,0.027,1
"BEX3",0.0107028538909563,0.194739425656645,0.227,0.184,1
"GDI1",0.0107105459174509,0.184001874855942,0.259,0.212,1
"GSTO1",0.0107319368740926,0.176659428221532,0.321,0.286,1
"RAB11B-AS1",0.0107330555081854,-0.778647976207419,0.018,0.028,1
"ZFYVE27",0.0107357545939733,0.215725277434512,0.144,0.114,1
"IFNGR1",0.0108014843148721,0.232355368912819,0.203,0.161,1
"ZNF362",0.010838859739034,0.406715064423314,0.047,0.033,1
"UBXN6",0.0108459859960496,0.347297007505031,0.08,0.056,1
"TAF1D",0.0109104980658138,-0.142290795384318,0.553,0.539,1
"ALPK1",0.0109384655829116,-0.5342981882153,0.033,0.044,1
"MICOS10",0.0109470512819608,0.112350948082397,0.385,0.33,1
"LAMTOR5",0.0110751995940154,0.121960106457529,0.547,0.484,1
"UBAC1",0.0110758959209241,0.233914892606809,0.129,0.099,1
"TPD52",0.0110975438533689,-0.523879433207078,0.014,0.02,1
"POP5",0.0111083890552066,0.182713484323355,0.125,0.097,1
"NBPF19",0.0111110787991547,-0.264931438412102,0.14,0.154,1
"ENDOD1",0.0111268097361014,0.71844729140745,0.017,0.011,1
"SYNJ2",0.0111422600540542,0.372292339318931,0.119,0.088,1
"NT5DC1",0.0111631282528429,0.33059186773994,0.096,0.07,1
"TUT4",0.0111750768671634,0.118844654764202,0.594,0.539,1
"UBQLN4",0.0111936455915109,-0.140460156740935,0.082,0.078,1
"CALHM2",0.011223824199884,0.872575229222144,0.027,0.014,1
"CDK6",0.0112396801286556,0.548243660523107,0.084,0.056,1
"HSD17B7",0.0112633852096228,-0.353651607097552,0.089,0.103,1
"APRT",0.0112876207173836,0.124426257407637,0.665,0.602,1
"ZFC3H1",0.0113234736718534,0.219787157232783,0.299,0.24,1
"CHFR",0.0113908105608204,0.268660665415466,0.164,0.127,1
"UXS1",0.0114120092271569,-0.209274906228766,0.247,0.26,1
"DUSP18",0.0114141274553214,0.382420836442576,0.079,0.056,1
"ECHDC2",0.0114247522293909,0.427974261807688,0.084,0.061,1
"UBAC2-AS1",0.0114264613807207,-1.40136340899117,0.007,0.014,1
"FLII",0.0114591966373655,0.2566945664797,0.161,0.125,1
"CFAP298",0.0114775180398459,-0.125505253742996,0.247,0.257,1
"LSM12",0.0114920286612359,-0.246199438972547,0.177,0.193,1
"FBXW11",0.011517086606267,0.184604679370947,0.252,0.203,1
"DISC1",0.0115369028241173,-0.333778686848575,0.023,0.03,1
"HS3ST3B1",0.0115520989165198,0.567059646053957,0.04,0.025,1
"PRKCQ-AS1",0.0115584796978686,-0.175346106138231,0.476,0.474,1
"KLHL11",0.0115796438195934,0.325263973856797,0.066,0.049,1
"SBNO2",0.0116072657919831,0.252674959253171,0.168,0.132,1
"SMIM11",0.0116253177098788,-0.282816319797986,0.159,0.171,1
"PPM1N",0.0116326628836052,1.12940920957916,0.013,0.006,1
"ATG2A",0.0116570415860958,0.402391036343032,0.076,0.053,1
"POLR3C",0.0116620979887849,0.200762013288702,0.172,0.136,1
"ZBTB21",0.0116726405216415,0.249885124538625,0.124,0.094,1
"MLH3",0.0116737715117953,0.514808534259299,0.057,0.037,1
"TRBV4-1",0.0116956522649114,0.28500480100599,0.045,0.031,1
"LRRC28",0.0117158060631159,-0.372006564196785,0.047,0.056,1
"PRKCI",0.0117238707008316,0.31183556905529,0.175,0.132,1
"LRRC37A2",0.011726989143578,0.794152754582896,0.028,0.015,1
"PCBD1",0.0117569406832347,0.931683904740532,0.022,0.012,1
"ZNF580",0.011767071313058,-0.299606857592998,0.103,0.117,1
"EXOG",0.0118056814596705,0.293078644653285,0.144,0.111,1
"ARRDC2",0.0118242690442363,0.113020009007864,0.632,0.579,1
"TYW1B",0.0118274672958024,0.392500004893342,0.073,0.051,1
"DTNBP1",0.0118445627295163,-0.103010238028628,0.146,0.14,1
"SPG7",0.0118608872402679,0.191841909923099,0.267,0.217,1
"KLRC2",0.0118614477095792,-0.441908710256664,0.062,0.08,1
"SLC9A6",0.0118917406107835,0.723083996063714,0.04,0.024,1
"TVP23C",0.0119033252000454,0.494357776933808,0.046,0.03,1
"SDK2",0.0119065018013238,1.21756206659353,0.012,0.005,1
"ARL8A",0.0119648327122408,0.164308271540806,0.202,0.163,1
"FAM53C",0.0119701919438681,0.309171371201945,0.093,0.069,1
"RGS16",0.0119796193084345,-1.04260675824183,0.009,0.014,1
"ZNF223",0.011996229529277,0.571636399578543,0.027,0.017,1
"POLR2K",0.0120299432844007,0.152185193245492,0.318,0.285,1
"PTRH1",0.0121104611044743,0.476100064993408,0.067,0.046,1
"MZF1",0.0121177576516994,0.297370230320637,0.077,0.059,1
"GM2A",0.0121340057051144,-0.554147176627358,0.036,0.046,1
"DNAJA4",0.0121345514066861,0.383612598211052,0.059,0.041,1
"AQR",0.0121442956297933,0.23840891006193,0.185,0.153,1
"CROT",0.012147058921093,0.49362652185683,0.04,0.025,1
"RELCH",0.012149702941384,0.227690685044653,0.181,0.141,1
"ENSG00000274422",0.0121633554129619,-0.9082224716685,0.012,0.019,1
"MPP7",0.012197052259709,0.169680469492111,0.353,0.306,1
"H3C4",0.0122400272694569,0.356768744045487,0.057,0.04,1
"TM9SF3",0.0122487562651777,0.176116016216214,0.438,0.375,1
"MADD",0.0122656948076183,0.318195200930496,0.113,0.083,1
"PDIA6",0.0122741780861757,0.31351729774008,0.162,0.128,1
"FRAT1",0.0122904235578952,0.318078025422745,0.082,0.059,1
"GSDMD",0.0123131383723241,0.283992586293222,0.102,0.08,1
"PDCD6IP",0.012344587304198,0.191780653570201,0.338,0.287,1
"TWSG1",0.0123563385363877,0.42550109605983,0.043,0.028,1
"ENSG00000263657",0.0123952694814561,-0.313190876577213,0.068,0.079,1
"VAV3",0.0124041761269081,0.476767186502089,0.123,0.089,1
"CD59",0.0124470547112042,0.128502901056381,0.203,0.181,1
"THAP11",0.012505217127517,-0.193823423714391,0.288,0.302,1
"PACS1",0.0125055977992548,0.103553440640792,0.63,0.591,1
"SNRNP70",0.0125596716887737,-0.140973444343052,0.481,0.488,1
"NUCKS1",0.0125671322265988,-0.155873412925093,0.453,0.449,1
"OPA1",0.012654731718609,0.350835249773643,0.159,0.119,1
"ITGB1BP1",0.0126661107271774,-0.262783242970285,0.186,0.201,1
"FAM193B",0.01267701738301,0.318221840649381,0.108,0.082,1
"LINC02422",0.0127756603819893,-0.755919837663496,0.008,0.016,1
"ZNF831",0.012790064791319,0.257564544988308,0.119,0.091,1
"DAPP1",0.0128249243124139,-0.645288413977855,0.015,0.022,1
"UQCRC1",0.0128377517145906,-0.170996391678845,0.308,0.317,1
"ZCWPW2",0.0128496078373015,-0.734934593048261,0.024,0.034,1
"C1orf54",0.0128547281455527,0.573481968427033,0.041,0.027,1
"HERPUD1",0.0129188132099137,0.204481805410989,0.298,0.253,1
"ENSG00000226471",0.0129621455532361,0.248701694698595,0.028,0.024,1
"GLUD1",0.0129792244367605,0.207681480029553,0.296,0.245,1
"GNL2",0.0130287372563854,0.275494091596187,0.231,0.187,1
"ENSG00000286162",0.0130786856890095,-0.547971103227174,0.044,0.057,1
"PRDX3",0.0131338757831379,-0.175512131697993,0.279,0.281,1
"SLC25A37",0.0131350931090466,0.569231732380738,0.059,0.04,1
"PEX1",0.0131395905204735,0.298095649653241,0.083,0.06,1
"RFXANK",0.0131499481545095,-0.25933737476428,0.135,0.144,1
"CARD16",0.0131649299608434,0.299687461074128,0.106,0.083,1
"CABLES2",0.0131680373161017,1.05581316011251,0.015,0.007,1
"OAS2",0.013177693851898,-0.389642453766343,0.08,0.088,1
"MCM4",0.0131781118195425,0.481421033281135,0.038,0.023,1
"SLC16A1",0.0132942891370616,0.398941179112537,0.094,0.069,1
"MON2",0.0133398127183416,0.103834336983182,0.243,0.218,1
"NOL7",0.0133416143353682,-0.127828004890956,0.505,0.493,1
"UBN2",0.013343384143565,0.177269636892881,0.125,0.098,1
"IQGAP2",0.0133886760464887,0.260194619116098,0.227,0.184,1
"VPS26A",0.0134097853144665,0.127226985723634,0.222,0.198,1
"VPS4B",0.0134389888873623,0.127535209136882,0.379,0.321,1
"SERTAD3",0.0134574614894994,0.321470654010399,0.065,0.048,1
"FAM199X",0.0134610759803608,0.249171986091293,0.121,0.092,1
"RAB35",0.0134672680966433,0.199683426634288,0.242,0.2,1
"PCMTD1",0.0134918041294149,-0.155017483298248,0.363,0.373,1
"APP",0.0135139665684035,-0.264367422460297,0.102,0.103,1
"USP20",0.0135351752424912,0.256223458255091,0.165,0.128,1
"GRINA",0.0135786111333241,-0.287918416526849,0.11,0.121,1
"CDIP1",0.0136601357074393,0.305366795979336,0.13,0.1,1
"ZNF28",0.0136780395217209,0.558987073787954,0.049,0.034,1
"TRAF1",0.013692877987272,0.306242320210478,0.324,0.283,1
"RASAL3",0.0137477254139364,-0.192528577507393,0.3,0.311,1
"DHODH",0.0137993456112477,-0.853563884101775,0.008,0.013,1
"VSIR",0.01382579442001,0.297014553498558,0.087,0.064,1
"ASTE1",0.0138969946512178,0.265445966824921,0.129,0.099,1
"ZNF764",0.0139445719331724,0.276186224736471,0.072,0.051,1
"SPATA20",0.0139500252682603,0.935247574613587,0.016,0.008,1
"RAB12",0.0140088877316947,0.539871819805098,0.06,0.04,1
"ZNF444",0.0140130135756153,-0.312658768053131,0.145,0.162,1
"PLEKHA3",0.0140422731147559,0.261978563413279,0.202,0.161,1
"CDKN1C",0.0141656534602992,1.04354806612274,0.012,0.006,1
"TIMM21",0.0141857883494434,-0.169015857637123,0.085,0.092,1
"TADA2B",0.014218433335842,0.321067943723466,0.101,0.075,1
"HSD17B8",0.014222498735593,0.430460155819104,0.065,0.044,1
"NCBP1",0.0142225635497009,0.251776107801409,0.149,0.124,1
"CASC11",0.0142268584074163,-0.78869732006307,0.012,0.02,1
"EXOSC3",0.0142439351101061,0.225703355425045,0.228,0.184,1
"SYT5",0.0143030145414556,1.13531750990894,0.01,0.005,1
"SMPD1",0.0143118278103059,-0.237331818451297,0.197,0.208,1
"SH3GL1",0.0143988197337349,0.165204661546484,0.145,0.116,1
"CLDN7",0.014407922614633,1.3133130885045,0.011,0.004,1
"TSTD2",0.0144385991213846,0.344611435574327,0.115,0.085,1
"TRAP1",0.0144390815033965,0.406050285264807,0.126,0.094,1
"DENND4B",0.0144797961014012,0.296538500436004,0.075,0.054,1
"CEP192",0.0145097003764588,0.262689981719285,0.113,0.083,1
"SNRPC",0.0145103668084733,-0.14722436153029,0.391,0.403,1
"MPZL2",0.0145796903581108,-0.747527451840614,0.019,0.026,1
"PIGT",0.0145893326456882,0.241746240436569,0.221,0.18,1
"RBM23",0.0145955036220159,0.143167849822853,0.308,0.262,1
"SLC35F1",0.0147013396535392,0.258441917246598,0.256,0.206,1
"ASCC1",0.0147015295754175,-0.285051441036121,0.117,0.13,1
"PRCC",0.0147221509930649,-0.173951228106999,0.23,0.234,1
"RPL39L",0.0147238684622769,-1.05151398563183,0.009,0.017,1
"RUNX1",0.0147550966067647,-0.316469896959028,0.174,0.196,1
"SP100",0.0148185015178767,-0.152200774646023,0.541,0.542,1
"PLAG1",0.0148211258795974,0.371879644872847,0.075,0.053,1
"PHF23",0.014849102127122,0.197315197793883,0.231,0.188,1
"ZNF304",0.0148832887419394,0.401070646452957,0.017,0.01,1
"RBBP9",0.0148842011741424,-0.289226666166868,0.082,0.089,1
"REG4",0.0148869021108731,0.363182220924399,0.046,0.03,1
"FIG4",0.0149236757033537,-0.279445407050134,0.035,0.043,1
"ADRM1",0.0149369240269265,-0.127328456080806,0.469,0.462,1
"CTPS1",0.0149403558841771,0.2159972125957,0.16,0.126,1
"PPME1",0.0149885839553233,0.379092285545132,0.082,0.059,1
"FAM136A",0.0150382748945294,0.164050070033767,0.238,0.203,1
"ZNF268",0.0150606697564406,0.485385315948197,0.051,0.036,1
"AP1S3",0.0151014269343762,-0.581731351119026,0.02,0.027,1
"TBL1XR1",0.0151103427065615,-0.101007475061967,0.306,0.315,1
"USP3",0.0151272572713302,0.112301855216439,0.823,0.787,1
"ZNF267",0.0151964509948171,-0.108465949685039,0.439,0.437,1
"TAB3",0.0152517739260843,0.181892574352273,0.078,0.059,1
"CEP20",0.0152795071947938,-0.281011081645605,0.118,0.127,1
"CD63",0.0152834550214145,0.268780512596853,0.097,0.074,1
"KBTBD3",0.0152954453619329,0.486783856239972,0.043,0.027,1
"EFHD2",0.0153656705669573,0.211396198006443,0.449,0.388,1
"HYCC1",0.0153914498428745,0.336435676263894,0.08,0.058,1
"ARL2",0.0154723880737352,-0.303319954411984,0.113,0.124,1
"GEM",0.0154996589830003,0.520710493007796,0.021,0.012,1
"ENSG00000285921",0.0155686016277055,0.708497569181408,0.043,0.026,1
"ABHD12",0.0155869518086358,0.163065044442147,0.092,0.07,1
"FXYD2",0.015609930010904,-0.980666670333624,0.013,0.02,1
"SPEN",0.0156598587622663,0.261202503623755,0.254,0.205,1
"MEI1",0.0157004591678436,0.287717324114553,0.106,0.078,1
"EIF2S1",0.0157554346868916,-0.176549202549268,0.284,0.291,1
"SLC25A19",0.0157647994481025,0.405481225366699,0.083,0.06,1
"RAB1A",0.0157812160549073,0.174402908736039,0.282,0.242,1
"LINC00954",0.0157850517485889,0.402756911736616,0.053,0.036,1
"STPG1",0.015800224054723,0.506697203811377,0.023,0.014,1
"CACNA2D4",0.0158037382196506,0.888083936908106,0.022,0.012,1
"CCDC184",0.0158384716785276,0.841580843959881,0.023,0.013,1
"ZNF789",0.0158473251062846,0.440153438194558,0.075,0.052,1
"BNIP3L",0.015916871743467,-0.166265839968627,0.435,0.437,1
"PPP1R3D",0.0159178183578043,0.745516279602163,0.021,0.011,1
"BCAS4",0.0159563191802809,0.241869659950591,0.128,0.099,1
"GALT",0.016022486679072,0.309197022373943,0.11,0.081,1
"ILRUN-AS1",0.0160316089841497,-0.455655169195771,0.037,0.049,1
"RCHY1",0.0160831980330994,0.275188302190302,0.137,0.108,1
"ENSG00000267283",0.0161007608275441,0.765646900476646,0.019,0.01,1
"DUSP28",0.0161214952382189,0.383553277005857,0.079,0.054,1
"SLU7",0.0161464917628663,0.147680173197536,0.261,0.215,1
"FCHO2",0.0161950015737331,1.2658970940756,0.011,0.004,1
"MYG1",0.0162035046802574,-0.148166221024894,0.17,0.179,1
"ZNF135",0.016251375193931,1.02185200957881,0.016,0.007,1
"IST1",0.0163884392647703,0.166197404564714,0.331,0.281,1
"SLC35D2",0.0163933194057549,0.405508294448975,0.096,0.068,1
"PDCL3",0.0164077978310501,0.241947941958955,0.218,0.176,1
"CAMSAP2",0.0164370912113765,-0.106752678218015,0.054,0.059,1
"AIP",0.0164548495820404,-0.213614502764336,0.321,0.34,1
"HACD4",0.0164563538008908,0.391800320782973,0.094,0.068,1
"ENSG00000174171",0.0164713517807257,0.547849731021774,0.043,0.027,1
"MAF1",0.0164726515309516,-0.144536650842865,0.511,0.519,1
"NDUFAB1",0.0164730290045413,-0.139434516775331,0.465,0.465,1
"DMAP1",0.0165759621669768,0.303738871354548,0.128,0.095,1
"ARPC5",0.0165926714940259,-0.11300644870313,0.548,0.553,1
"HENMT1",0.0166099356866514,0.334080979175848,0.091,0.068,1
"GPD2",0.0166900450953928,0.680365499200184,0.036,0.023,1
"INTS6L",0.0167473673729314,-0.296497989478899,0.119,0.129,1
"FAM185A",0.016822069174834,0.309454807073822,0.048,0.033,1
"ELMO1",0.0168427663713519,0.190265803249727,0.313,0.261,1
"HDGFL3",0.0168567255922037,0.403244166133127,0.083,0.057,1
"BSG",0.0168822357376523,-0.132335797417108,0.491,0.488,1
"ENSG00000235119",0.016983863522163,0.386238865186133,0.061,0.043,1
"SPAG1",0.0170718426526284,0.671386720826236,0.035,0.022,1
"FXYD7",0.0171487806573481,0.567799207593186,0.068,0.046,1
"ENDOG",0.0171749304956936,0.340581178903097,0.105,0.08,1
"PDE12",0.017226225323023,0.269988385760953,0.14,0.107,1
"DENND1B",0.017294783801594,0.208888773190622,0.148,0.119,1
"ZNF358",0.0172956355875865,0.461395060877383,0.057,0.038,1
"STEAP1B",0.0173033845463644,0.278119207919513,0.246,0.195,1
"DNAJA1",0.0173171814470098,-0.118940956329978,0.639,0.639,1
"PIAS2",0.0173253243968718,0.204301189536247,0.129,0.101,1
"NBPF12",0.0173626741010732,-0.139862473285203,0.108,0.107,1
"CTSO",0.0174023170691174,0.693801897482393,0.049,0.029,1
"PDLIM2",0.0174027466984496,0.319687583428751,0.097,0.071,1
"BTLA",0.0174465327677444,-0.574601163869492,0.015,0.022,1
"CBX2",0.0174555289204946,-0.797915190799116,0.006,0.012,1
"SAMD9L",0.0174686699185842,-0.369351457289147,0.049,0.058,1
"SSRP1",0.0175201724991237,-0.183798585379518,0.229,0.232,1
"TLK1",0.0175383913308281,0.205460041633646,0.374,0.313,1
"BRD9",0.0175418744974115,0.128552326872665,0.143,0.115,1
"ENSG00000231128",0.017545227380548,0.704453107569402,0.037,0.023,1
"ZKSCAN5",0.017546679081161,0.551228056596923,0.041,0.029,1
"TCF7L2",0.0176895594065829,-0.273223510371361,0.092,0.103,1
"KIAA0930",0.0177095998288124,0.58073384316933,0.043,0.027,1
"UBAP2",0.0177205502126876,0.241680399791883,0.181,0.145,1
"ENSG00000290461",0.0177269993594857,0.925624445014735,0.018,0.01,1
"ARL4D",0.0178821622913026,0.961873375090434,0.011,0.005,1
"PJA2",0.0178850714632737,0.143127541912125,0.345,0.296,1
"LPCAT4",0.0179320090473374,0.412446766289662,0.039,0.029,1
"ODAD4",0.0179507751204346,0.906138304352218,0.014,0.007,1
"CDK20",0.018040280620249,0.757780675303257,0.024,0.013,1
"CARMIL2",0.0180674611903781,0.339693047466775,0.076,0.054,1
"THAP1",0.0180705864010995,0.186831974289976,0.131,0.111,1
"HSBP1",0.0180850016636311,0.193795272541843,0.297,0.247,1
"SLC17A5",0.0180890223208174,-0.272249262892423,0.065,0.069,1
"LRRC1",0.0181113643694443,0.774462856691831,0.018,0.009,1
"SH3D19",0.0181514429088339,-0.336259927589608,0.039,0.045,1
"SAP30L-AS1",0.0181612266397937,0.395169137996493,0.03,0.02,1
"MFAP3",0.0182062517786856,0.310206713656326,0.064,0.046,1
"NAB2",0.0182784583448018,0.450762622796873,0.051,0.034,1
"UBR2",0.0183088562259586,0.1879817055151,0.288,0.247,1
"SIRT7",0.0183165760879221,0.229737085271601,0.206,0.17,1
"TMPO-AS1",0.0183565485276304,-0.456379152305975,0.034,0.044,1
"SPN",0.0184892500139126,0.286223726781007,0.138,0.108,1
"ZNF280B",0.0184914139868904,0.941110234430464,0.02,0.01,1
"NOP10",0.0184965788647639,-0.125269501541313,0.645,0.64,1
"HECTD4",0.0185800242327252,0.3014615105538,0.161,0.129,1
"LINC02245",0.0185991764330396,-0.588674228406037,0.033,0.045,1
"ENSG00000256152",0.0186105472917728,0.576697153961254,0.06,0.04,1
"HCP5",0.0186306773547877,0.220465482190097,0.274,0.236,1
"FAM120A",0.0186744640141613,0.170829577840282,0.165,0.132,1
"WDR89",0.0187181441866897,0.21953475350625,0.142,0.109,1
"TFDP1",0.0188456939410368,0.279277933152427,0.153,0.118,1
"MEGF6",0.0188481356705334,0.689768153650952,0.026,0.016,1
"ZNF513",0.0188505194948817,0.52538376689737,0.057,0.038,1
"BLTP2",0.0189205885167329,0.265539548461844,0.15,0.119,1
"SLC25A29",0.0189390330535088,0.947943091766086,0.023,0.012,1
"EBPL",0.0189516701525468,0.221896058139128,0.15,0.117,1
"COMMD5",0.0189626689317129,0.326366399817131,0.139,0.109,1
"EFCAB6",0.0189744643503059,1.22350832743204,0.015,0.007,1
"APBA2",0.0189861589992485,0.155502832653699,0.298,0.261,1
"TXNDC17",0.0190010197050934,0.15339498665039,0.315,0.266,1
"CEP120",0.0190027870505853,0.200784578943291,0.194,0.155,1
"RPAP3",0.0190051998214426,-0.190615610663915,0.206,0.221,1
"ENSG00000291054",0.0190142687445313,-0.152395994794976,0.033,0.038,1
"CDK2AP1",0.0190477801931053,-0.227169770592709,0.092,0.099,1
"GGA2",0.019116551740363,0.309964992120981,0.096,0.077,1
"SLX9",0.0191338758520484,-0.273064411018467,0.102,0.116,1
"GTF3C2",0.0191712638551546,-0.226719476648446,0.16,0.172,1
"MAPKBP1",0.0191955909340756,0.615843280169261,0.039,0.024,1
"PSMD8",0.0192181173400499,-0.135363948142325,0.511,0.509,1
"YWHAG",0.0192305682065706,0.314400799408078,0.131,0.097,1
"DAB1",0.0192399773358866,0.617739145203195,0.035,0.023,1
"VRK2",0.0192799685279767,0.354110899037193,0.078,0.062,1
"SFT2D2",0.0192908388936507,0.297676971747505,0.191,0.149,1
"PIN4",0.0192987122016249,-0.204941553503596,0.121,0.13,1
"TAFAZZIN",0.0193354368935024,0.332592857481141,0.106,0.081,1
"LACTB2-AS1",0.0193455164137893,0.660832365462815,0.022,0.013,1
"PNKP",0.0193750101703631,0.267044982600156,0.159,0.132,1
"WDR46",0.0193786129979841,-0.284262421808868,0.141,0.154,1
"CLN5",0.0195291057470735,0.272699062055104,0.132,0.1,1
"CDKN2C",0.0195378371032271,-0.536648566379124,0.021,0.03,1
"PDXK",0.0195469469727073,0.2206623266335,0.186,0.148,1
"EMC3",0.019563855049758,0.16997017606062,0.296,0.246,1
"MAP3K14",0.0195724630795143,0.369788661055837,0.103,0.076,1
"LTA",0.0196008834611323,-0.296675670510302,0.159,0.175,1
"FAM91A1",0.0196101655828407,0.194012031881615,0.085,0.075,1
"ZNF892",0.0196172472189107,0.913024957186873,0.018,0.009,1
"IL1RAP",0.0196756517790509,0.414045455422292,0.04,0.032,1
"MLF2",0.0197432253655696,-0.112470255360217,0.407,0.399,1
"MEPCE",0.0197943118500734,0.285365196765683,0.129,0.098,1
"ENSG00000253194",0.0197964523717798,0.665917305174632,0.042,0.025,1
"ZNF555",0.0198221184902798,-0.58360452313249,0.027,0.037,1
"BRI3",0.0198601656211255,-0.137730019390283,0.517,0.521,1
"IKZF5",0.0198782670371817,0.25097843199877,0.2,0.164,1
"STUB1",0.0198804035149487,0.155077315018435,0.348,0.302,1
"UTP4",0.0198975801162331,0.211212699468273,0.188,0.155,1
"SLC2A13",0.0199652923952165,0.624755143342654,0.03,0.018,1
"OPRM1",0.0199797969108654,-0.376794132853906,0.031,0.039,1
"ENSG00000290548",0.0200251710541001,0.291744077585638,0.088,0.067,1
"IRF2",0.0200423646207367,-0.283267649881273,0.256,0.275,1
"PSD",0.020053348131235,0.348726975403681,0.094,0.075,1
"ATP1A1-AS1",0.0200747609333197,0.413066363527172,0.082,0.059,1
"ENSG00000291201",0.0200845101917389,0.652763558330714,0.036,0.023,1
"SNX13",0.0201200302682548,0.257548765913748,0.161,0.127,1
"CHD9",0.0202032295985952,0.262446527082956,0.115,0.087,1
"NEPRO-AS1",0.0202752749163356,-0.352036850139478,0.067,0.076,1
"CRIP2",0.0202948475553722,0.316768658768784,0.09,0.079,1
"SGMS1",0.0202971665668318,0.350749430877329,0.115,0.086,1
"MINK1",0.0203133218721983,0.435868490157305,0.096,0.069,1
"MLLT10",0.0204011075615936,0.270088773873144,0.157,0.127,1
"MMS19",0.020406433345397,0.228402649771824,0.143,0.111,1
"MRE11",0.0204480385455069,-0.275185577490737,0.11,0.119,1
"MCC",0.0204668333108515,-0.579388997432241,0.018,0.025,1
"PSMD6",0.0204750219419575,-0.115240188692761,0.422,0.426,1
"MAFF",0.0206024775215126,0.457475390296124,0.043,0.028,1
"CORO1A-AS1",0.0206223032331226,0.477767846877095,0.062,0.042,1
"DBR1",0.0207548897659574,0.297632202718505,0.064,0.044,1
"AP4B1",0.0207694400687186,0.306489516575402,0.098,0.071,1
"C19orf25",0.0207999780271192,0.117981918866295,0.173,0.142,1
"TXLNG",0.0208728614508268,0.163812036425393,0.176,0.142,1
"CEP250-AS1",0.0209005182668923,0.221959728498272,0.049,0.033,1
"DONSON",0.0209055386982196,0.449176022991175,0.063,0.042,1
"SHKBP1",0.0209104854092335,-0.206179821396848,0.165,0.179,1
"COL18A1",0.0210081260099192,0.198746595739111,0.12,0.101,1
"ENSG00000227678",0.0210197660680552,0.99579851772995,0.012,0.005,1
"ZMIZ1",0.02105646525667,0.253529327985934,0.042,0.028,1
"CSRNP2",0.021059704810786,0.383673731696349,0.06,0.042,1
"ENSG00000286145",0.0210969845303221,0.123031813859692,0.119,0.108,1
"ARNT",0.0211163403703437,0.294002527197623,0.125,0.098,1
"ENSG00000291207",0.021181050233665,0.34828880699181,0.09,0.067,1
"RBM44",0.0211864613147815,1.3193154364217,0.01,0.004,1
"NADK2",0.0212827319394507,0.482319970632276,0.052,0.035,1
"TARBP1",0.0214208215335586,0.425098444559003,0.072,0.053,1
"STK11IP",0.0215334195641732,0.520084533226592,0.029,0.017,1
"BCAS2",0.0216029971056351,0.130258310018628,0.343,0.294,1
"KIF27",0.0216090162755506,0.270618798596757,0.134,0.106,1
"DGKE",0.0216300519422487,0.437645050313198,0.058,0.039,1
"HPS6",0.0216647023649906,0.317213814060874,0.135,0.103,1
"LRCH1",0.0217073150426453,0.235002709520982,0.248,0.205,1
"SEMA4A",0.021725412940709,-0.972667032982031,0.008,0.014,1
"ZNF865",0.021739908826919,-0.353716467235521,0.052,0.061,1
"RNF213-AS1",0.0217746108630782,0.435473090143666,0.038,0.026,1
"BORCS6",0.0218180383689897,0.216695183491706,0.078,0.062,1
"LZTR1",0.0219204552330486,0.547650712510608,0.042,0.027,1
"GOT2",0.0219473252469217,0.324507438674882,0.111,0.082,1
"CBR3",0.0219531727985247,0.593799884963334,0.043,0.026,1
"ZNF567",0.0219793466387346,0.265810467992748,0.103,0.077,1
"TMEM126B",0.0220138966826641,-0.278264909802407,0.201,0.216,1
"ENSG00000266947",0.0220840722658652,-0.313171576983378,0.083,0.089,1
"METTL17",0.0221139483929052,0.172850577691102,0.173,0.139,1
"TBC1D2B",0.0221186531055288,0.321408259983793,0.093,0.069,1
"ZNRF1",0.0221228080876119,-0.416000839610961,0.071,0.084,1
"COMMD2",0.0221228999671501,0.2241531798297,0.149,0.118,1
"ZNG1E",0.0221618705848625,0.191700640848281,0.221,0.181,1
"NSUN2",0.02221503763092,0.313046408878737,0.214,0.167,1
"GTF3C1",0.0222313648261538,0.215144988144997,0.181,0.152,1
"TANC2",0.0222924261539739,0.224944644045145,0.335,0.273,1
"CD164",0.0223219982301701,0.112640343856078,0.464,0.409,1
"ARAP1",0.0223525020696654,0.247805727832104,0.116,0.087,1
"MAP1A",0.0223642264279661,0.74147273076484,0.037,0.022,1
"FAM13A",0.0224372109051029,0.617611678569422,0.043,0.027,1
"EMC4",0.0224418499001282,0.127653487062261,0.423,0.368,1
"MIR155HG",0.0224783856544394,-0.188927519915014,0.148,0.163,1
"PDZD2",0.022508706539718,-1.0058024429464,0.011,0.018,1
"SSU72",0.0225664791761875,-0.15260249691519,0.424,0.427,1
"ZFYVE1",0.0225906779857927,0.334250990832844,0.073,0.051,1
"HSD17B4",0.0225928798111437,-0.229732308555239,0.038,0.036,1
"ENSG00000266049",0.022612604307338,0.162537401201716,0.182,0.145,1
"SH3BP5-AS1",0.0226996359466411,0.670255837516751,0.021,0.011,1
"F8A3",0.0227076970245315,-0.85097844912762,0.012,0.019,1
"AZI2",0.0227340429930224,-0.234424231283204,0.183,0.196,1
"FAM174A",0.0227341523228918,0.362844858702835,0.064,0.049,1
"WAKMAR2",0.0228270220822464,0.352702129709437,0.085,0.061,1
"RAB8B",0.0228466081988052,0.169221389474963,0.358,0.312,1
"CLBA1",0.0228537978004329,0.902618289082602,0.016,0.008,1
"PTPRK",0.0228706187047158,-0.180417602357883,0.151,0.15,1
"CD99L2",0.0228905128198688,0.670850246788426,0.043,0.027,1
"EIF2AK1",0.0228966373913309,-0.189677502874839,0.184,0.19,1
"CRYL1",0.0229778741096956,-0.508932076778185,0.018,0.022,1
"LINC00861",0.0230509208991063,-0.14580103541095,0.335,0.349,1
"MXD4",0.0230586032010089,0.108382538828226,0.457,0.412,1
"H2BC15",0.0230988655236363,0.705680328083957,0.021,0.012,1
"SMG1P5",0.0231262417938941,0.292719536869278,0.126,0.095,1
"RAD51B",0.023138967202747,0.147451466638851,0.111,0.1,1
"SAYSD1",0.0231554487237395,0.344291141181712,0.119,0.089,1
"AARS2",0.023196314186728,0.656695260655208,0.028,0.018,1
"BLVRB",0.0232496779133554,0.665349284395057,0.024,0.015,1
"PAXIP1-DT",0.0232671194036936,-0.112924674503695,0.056,0.057,1
"LNX2",0.0232714754659752,0.366054633847981,0.091,0.065,1
"WARS2-AS1",0.0233304948971465,0.496923154623344,0.061,0.041,1
"PLA2G4B",0.0233346997398491,0.18181132039003,0.014,0.009,1
"ABCB10",0.0234484843617452,0.526260340783221,0.036,0.022,1
"RALGPS2",0.0235090364592006,0.246113997465993,0.15,0.125,1
"EXOC8",0.0235501984739931,0.396704021693894,0.09,0.065,1
"TMX4",0.0235680222917631,0.219879194571146,0.233,0.187,1
"CREBZF",0.0235797725703758,-0.176949798961492,0.22,0.234,1
"PIGP",0.0236294660311025,-0.26219470232203,0.095,0.099,1
"RTCA-AS1",0.0236479598339092,1.01330188057432,0.011,0.005,1
"CSTF1",0.0236623666567298,-0.108888268915373,0.118,0.113,1
"DHFR",0.0236921796040961,0.330452482877969,0.122,0.093,1
"CEP290",0.023722177016107,0.311123120260621,0.148,0.114,1
"ITGAV",0.0237949776106419,0.679871201239403,0.03,0.018,1
"RTCA",0.0238110517395768,0.222868593635696,0.137,0.113,1
"ANAPC13",0.0238344009528449,-0.268628219370197,0.145,0.153,1
"FNIP2",0.0238456009419098,0.539791123300485,0.042,0.028,1
"ENSG00000285693",0.0238512526254396,0.437650834791256,0.041,0.028,1
"RIPK1",0.0238809013398622,0.255868061554272,0.186,0.149,1
"LY96",0.0240654873561363,-0.596957505671531,0.022,0.03,1
"ZNF800",0.0240899994624525,-0.100193362935466,0.471,0.457,1
"PRKACB-DT",0.0241245759618104,-0.966841658541189,0.009,0.015,1
"ENSG00000287104",0.0241376426119399,0.366118140473053,0.056,0.038,1
"TMEM104",0.0241528854100253,0.274713434195004,0.019,0.016,1
"SGK1",0.0243125927830059,-0.115503316524311,0.164,0.178,1
"DTX3",0.0243135078444905,0.338313700872432,0.086,0.067,1
"ENSG00000288965",0.0243222259811882,0.980245052374355,0.015,0.007,1
"CCL5",0.0243516016180263,0.523501572232273,0.079,0.062,1
"AP5Z1",0.0243581658553574,0.192584622102246,0.221,0.182,1
"CENPX",0.0243696464184821,-0.240572371613859,0.065,0.077,1
"CTSD",0.0243809880420948,0.29281528135578,0.118,0.09,1
"FOXJ1",0.0245186584621553,0.630613785593991,0.028,0.017,1
"H2BC12",0.0245357252999201,-0.280273114500687,0.075,0.085,1
"ZNF721",0.0246069230330232,0.173811721215893,0.251,0.207,1
"PIGG",0.0246133630280224,0.297149590016877,0.098,0.073,1
"PTCH1",0.0246681856713411,0.750184967123871,0.019,0.012,1
"PYGO2",0.0247296383534628,0.171391864252305,0.137,0.111,1
"BRPF3-AS1",0.0248804802771282,-0.392405173186471,0.017,0.02,1
"C11orf68",0.0249154016003634,-0.183022689882005,0.185,0.183,1
"HRAS",0.0250303080164615,0.231909890104375,0.161,0.129,1
"SMIM3",0.0251289720813501,-0.469986580771996,0.04,0.05,1
"SDHAF3",0.0251304475515698,-0.312719969855905,0.088,0.099,1
"WDR18",0.0251716933278069,0.197771454595712,0.205,0.164,1
"PPARD",0.0251996741098095,-0.331741264489565,0.071,0.084,1
"UBE2S",0.0252674497078545,0.115876699812278,0.282,0.253,1
"CCDC82",0.0253039557147023,0.145653161154024,0.264,0.238,1
"ENSG00000261386",0.0253655895708744,-0.793812979642345,0.014,0.022,1
"ZWILCH",0.0254394367183235,0.35927370538729,0.049,0.034,1
"PRR5",0.0254547957956537,0.282035438772758,0.188,0.146,1
"TRBV2",0.0254891239769918,0.424964789150183,0.044,0.032,1
"SGSM3",0.0256176476920965,0.264488487700461,0.115,0.089,1
"TRIM38",0.0256493029368239,0.211431146259483,0.174,0.14,1
"MAPK8",0.0256782631916558,0.136097465780846,0.45,0.393,1
"LAG3",0.025786677685882,1.21785910007733,0.01,0.005,1
"ARHGAP1",0.0258228575937501,0.284903596028186,0.113,0.086,1
"GFI1",0.025838594329785,-0.201133536055132,0.165,0.173,1
"FAM161B",0.0258489725053503,0.766910790662655,0.028,0.016,1
"ACACB",0.0259863171077401,1.08470429588938,0.013,0.007,1
"DBN1",0.026009016586877,-0.383500056096622,0.037,0.046,1
"TARP",0.0260098878441786,-0.324382750786894,0.009,0.011,1
"HNRNPM",0.0260442128056326,-0.116006575380565,0.568,0.563,1
"ENSG00000214719",0.0260588880175612,0.584306157236197,0.034,0.021,1
"GMPPB",0.0260983751265803,0.497739916526313,0.063,0.045,1
"ENSG00000271204",0.0261099107205056,0.782103072495079,0.025,0.014,1
"PHACTR2",0.0261477222722187,0.338097009969499,0.088,0.066,1
"FCGRT",0.0261497135608317,0.322574423732705,0.112,0.083,1
"UBE2D4",0.0261789176369456,0.374344662465994,0.084,0.064,1
"SHLD2",0.0262272605714025,0.20659996528236,0.172,0.134,1
"GCSAM",0.0262337597787413,-0.280598651167888,0.131,0.147,1
"UBA5",0.0262788008673411,0.294442238644595,0.134,0.098,1
"AHCTF1",0.0263475496827533,0.17548739800643,0.2,0.166,1
"ATRN",0.0263750454963705,0.198927673014369,0.074,0.054,1
"HEXD",0.0264234491534985,0.349365963983852,0.091,0.07,1
"NIF3L1",0.0264295191972954,-0.367515969108008,0.081,0.087,1
"YES1",0.0265211580378548,0.240430884365153,0.152,0.122,1
"OR2A1-AS1",0.0265307048079746,1.14622930140111,0.013,0.006,1
"STXBP5",0.0265353809932759,0.142769930812837,0.106,0.095,1
"TOR1B",0.0265471954738869,0.228413599442713,0.084,0.064,1
"TENM1",0.0266039343009407,-0.454651064838286,0.028,0.032,1
"PSMB3",0.0266601917335962,-0.131319678394329,0.516,0.516,1
"SPDYE2",0.0266625747332984,-0.901621016375471,0.011,0.016,1
"ZNF511",0.0266649075343672,0.191555040486115,0.176,0.149,1
"RBBP7",0.0267776587444942,0.102797877093031,0.398,0.346,1
"ING4",0.0268221400489951,-0.236723107503997,0.161,0.176,1
"AFG3L2",0.0268502667454056,0.201533664364945,0.23,0.188,1
"CCDC86",0.0268696204394729,-0.348243131823266,0.04,0.046,1
"ZSWIM4",0.0269484794549601,0.615045940120335,0.033,0.02,1
"MVK",0.027034400924612,0.216148380800622,0.071,0.059,1
"KMT5A",0.0270723961823422,0.375434665157014,0.075,0.054,1
"HADHA",0.0271251307389671,0.180826646675875,0.384,0.329,1
"UBTD1",0.0271914381542121,0.665724866418569,0.012,0.006,1
"ODF2",0.027204701328729,0.146325755554353,0.173,0.14,1
"SH2B3",0.027250462240589,0.340966208251524,0.105,0.082,1
"SELENOO",0.0272607976917288,0.255159118024662,0.182,0.145,1
"NMI",0.0274629340169728,-0.160991473611378,0.23,0.229,1
"A2ML1-AS1",0.0274797248936163,-0.241725388972186,0.032,0.037,1
"CTDNEP1",0.0275334389732119,-0.160609935767299,0.463,0.466,1
"HDDC3",0.0275381550985934,-0.332040408536613,0.052,0.054,1
"ABHD2",0.0275517295618746,0.515764742841105,0.047,0.03,1
"PRR14",0.0275864246684817,-0.214780683415791,0.24,0.256,1
"COLGALT1",0.0276092717263664,-0.26015892750221,0.033,0.032,1
"ABCA5",0.0276103515477776,-0.34707856904008,0.076,0.089,1
"NUP214",0.0276215444785325,0.145808520697836,0.232,0.191,1
"METTL6",0.0276433859642601,0.135978273221601,0.079,0.064,1
"SGIP1",0.027660068708583,1.22947010365349,0.011,0.004,1
"GTF2H5",0.0276636164733313,-0.257016745102678,0.149,0.159,1
"ZPR1",0.0276806567840203,0.225756616327174,0.202,0.163,1
"TRBV7-4",0.0277477542152776,0.917233770124078,0.019,0.01,1
"CDK11A",0.0277703765878138,-0.26560992413416,0.222,0.236,1
"PHTF2",0.027808566251922,0.476840757965691,0.065,0.045,1
"CSNK1A1",0.0278473448077575,0.130128891672643,0.534,0.466,1
"JAGN1",0.0279721139787386,-0.225678221909741,0.273,0.284,1
"TRAV12-3",0.0279745355283965,-0.768394152746891,0.022,0.027,1
"NR1D1",0.0279784454350702,-0.275678668783013,0.099,0.106,1
"ZMYM5",0.0279820736991546,0.21582280613109,0.153,0.119,1
"FCER1G",0.0280066563024789,-0.568596701781076,0.033,0.043,1
"DNAJC1",0.0281123571770942,0.174025199721596,0.202,0.162,1
"CCDC12",0.0281151235689388,0.118122015608982,0.398,0.35,1
"NFKBID",0.0281179114519664,0.299259815326716,0.126,0.105,1
"PLAC8",0.0281451480747627,0.125526616949216,0.569,0.503,1
"MXI1",0.0282095526936716,0.162593644627083,0.193,0.16,1
"ACSL4",0.0282271462507545,0.230430848812166,0.14,0.115,1
"EHD4",0.0282287663343955,0.323608603583584,0.135,0.104,1
"GCA",0.0283208827407571,-0.343033724856272,0.072,0.079,1
"FAM76A",0.0283449989155499,0.341052947011877,0.104,0.078,1
"YY1",0.0283748709948825,-0.150239982772035,0.473,0.479,1
"ZNF668",0.0283878394916217,-0.356729052232562,0.035,0.042,1
"BRI3BP",0.028428215212492,0.570175154184163,0.028,0.017,1
"PHYH",0.0284536922267596,0.334868044730474,0.083,0.061,1
"MAPK9",0.0284803012934353,0.18763197929488,0.123,0.098,1
"USF2",0.0285475303397132,0.366944343564307,0.116,0.087,1
"CTSH",0.0285520201085679,0.643445609270599,0.013,0.007,1
"DMWD",0.0286353054108005,0.306063273607253,0.08,0.064,1
"TRBV20-1",0.0286446692131408,0.303538747780314,0.098,0.078,1
"RETREG3",0.0286509553822293,0.168109535212435,0.189,0.152,1
"FBXO45",0.0286541352986586,0.318069615516324,0.069,0.05,1
"PARP12",0.028823146463631,-0.226536265348956,0.139,0.148,1
"ATXN7",0.0288746343572271,0.184263329230114,0.262,0.219,1
"RNF111",0.0290982914782494,0.198299472303286,0.259,0.21,1
"LARP1B",0.0291372916202778,0.460658996460112,0.067,0.046,1
"PIGA",0.0292037999890111,0.493062502524115,0.068,0.049,1
"ATXN1L",0.0292944017641482,0.277438209129135,0.063,0.046,1
"GCSH",0.0293783188912709,-0.286061040571781,0.066,0.075,1
"DRAIC",0.0293920257769217,-0.521631112812181,0.013,0.02,1
"THAP12",0.0294469508359139,0.24539301824194,0.202,0.159,1
"MED17",0.0295093053680078,0.117048231158905,0.17,0.139,1
"MAP3K3",0.0295150388896207,0.21182836404636,0.161,0.128,1
"SRI",0.0295427987127937,0.180885106359677,0.275,0.228,1
"LINC02328",0.0295431853879903,-0.431853027387231,0.054,0.066,1
"TGFBR3",0.029549131959905,0.500964352229925,0.054,0.037,1
"USHBP1",0.0295769155525664,-0.491996410151538,0.009,0.012,1
"RHOB",0.0295875197618453,0.671427317266349,0.029,0.022,1
"GPATCH1",0.0297542086780742,0.423568879930902,0.051,0.038,1
"SGO2",0.0297986545293176,-0.561770764098419,0.012,0.015,1
"HIC1",0.0298079633696459,1.34143411355442,0.01,0.004,1
"TTL",0.0298175211328402,0.569847052550263,0.057,0.038,1
"ZNF467",0.0299404693675525,-0.958862468692162,0.012,0.02,1
"UBE2E2",0.0299826549715864,0.227612394383352,0.211,0.171,1
"TCF20",0.0299833857419226,-0.248477707722919,0.105,0.112,1
"USP37",0.0300481653218254,0.173905875999449,0.159,0.126,1
"SULF2",0.0301018303701803,-0.49073890135455,0.025,0.033,1
"ZNF747",0.0301518056442721,0.353288519010848,0.051,0.036,1
"ENSG00000237773",0.0302603426712795,0.545572507776291,0.057,0.04,1
"ARRDC1",0.0302773322079227,0.234914433310228,0.131,0.103,1
"KPNB1-DT",0.0302919596745806,0.48135817722174,0.03,0.02,1
"LAX1",0.0303233742991241,0.382579881436271,0.041,0.027,1
"CUL9",0.0303697951125683,0.516652650087265,0.064,0.044,1
"NSMCE4A",0.0303944489302449,0.127594019494063,0.101,0.078,1
"TIMP1",0.0304861000620187,-0.240996619836976,0.081,0.086,1
"SLC43A3",0.0305515512105183,-0.426898664196935,0.022,0.028,1
"DISP1",0.0306262668927371,0.262230975462746,0.082,0.059,1
"CHAC1",0.0306338334548996,-0.919330630936366,0.005,0.01,1
"ETS2",0.0307687929378957,0.60486276595991,0.039,0.026,1
"TOR1AIP1",0.0307764809659903,0.181232167324975,0.216,0.185,1
"ZNF468",0.0308103304499269,0.328046351944215,0.059,0.043,1
"LINC01806",0.0308359960364504,0.270732294466993,0.06,0.043,1
"ZUP1",0.0308418256418372,0.349366402076217,0.097,0.074,1
"KCTD21",0.030905068261101,0.41616708008929,0.069,0.048,1
"RORA-AS1",0.0309360042526613,-0.141207320477337,0.154,0.155,1
"CHML",0.0309738958950707,-0.627346553488447,0.026,0.034,1
"ADHFE1",0.0309960392085983,0.823379460313649,0.02,0.011,1
"ZNF644",0.0310165444060054,0.116700833536043,0.428,0.385,1
"ENSG00000291177",0.0311243127783513,-0.20241345146462,0.082,0.089,1
"HAGHL",0.0311824441535108,0.239637932933983,0.096,0.073,1
"LARS1",0.0311993722543234,-0.164918533154804,0.173,0.178,1
"IRS2",0.0312196853169312,0.316161744622708,0.079,0.057,1
"SECISBP2",0.0312981545934024,0.154200472089462,0.357,0.307,1
"KANSL1",0.0313444047988598,0.140887486516194,0.388,0.339,1
"USP54",0.0313601165102036,0.717271567012262,0.034,0.02,1
"CACNA1C-AS1",0.031380897568018,0.728091244818344,0.017,0.01,1
"SIDT2",0.0313924531187741,0.553926900553064,0.042,0.029,1
"CERT1",0.0314238514335918,0.15540990152352,0.226,0.184,1
"RNF130",0.0314667708706392,0.308496703328246,0.174,0.135,1
"CHN2",0.0314865166608348,0.489071901755848,0.029,0.018,1
"SUN1",0.0316537000145719,0.180419863296831,0.214,0.181,1
"PSKH1",0.0317143247714491,0.429668684287309,0.045,0.03,1
"ENSG00000289331",0.0317632059809201,-0.494533335545458,0.034,0.046,1
"HK1",0.0317649884434364,-0.147267530341874,0.24,0.233,1
"MPLKIP",0.0317808803083114,-0.17756151561975,0.189,0.202,1
"CTSL",0.0317870955111741,0.450189867569077,0.032,0.024,1
"GTF2IRD2B",0.0317917080853478,-0.117833009001252,0.17,0.176,1
"PDE4DIP",0.0318121930528731,-0.243009908785441,0.187,0.197,1
"TRAPPC2B",0.0319108440295346,0.175639254851791,0.113,0.092,1
"PDRG1",0.031922847831095,0.21997020592443,0.096,0.077,1
"LRRC8B",0.0319913490474664,0.150925692202476,0.125,0.115,1
"ETF1",0.0320502715894293,0.211829741348485,0.3,0.249,1
"DPH1",0.0320591985786806,0.246082782881188,0.236,0.196,1
"MED23",0.0321075821985849,0.266561516142787,0.171,0.135,1
"IFT20",0.0321252963887286,-0.219882335624024,0.201,0.21,1
"NOP14",0.0321261667556573,-0.172633438733173,0.168,0.175,1
"PHC2",0.0321319808447739,0.261242443890763,0.141,0.108,1
"ZNF44",0.0322203764377701,0.257627568899898,0.216,0.172,1
"FAIM",0.0323107228408757,0.545923839170171,0.041,0.026,1
"MSANTD4",0.0323528359715362,0.422228462720207,0.054,0.036,1
"DYNLRB1",0.0323594208214994,-0.10009843209985,0.37,0.375,1
"TRBV19",0.0323850449522715,-0.363727946093203,0.053,0.065,1
"JMJD8",0.0323954251828992,0.21330127526886,0.136,0.107,1
"ALYREF",0.0324362819697792,0.15057601097971,0.424,0.371,1
"MASTL",0.032483054766487,0.587586259741519,0.045,0.029,1
"PABPN1",0.032535781382546,-0.126162400628848,0.542,0.545,1
"INAFM1",0.032564567089845,-0.411524515113957,0.03,0.036,1
"GALNT2",0.0326136891004996,0.160094417092142,0.123,0.103,1
"GTF2H1",0.0326596868864124,-0.101157610501805,0.256,0.247,1
"PSMC4",0.0327032306622747,-0.122752214872868,0.441,0.448,1
"MANBAL",0.0327071657606221,-0.388049260740196,0.057,0.067,1
"ENSG00000271737",0.0327442551186117,0.528658799410499,0.021,0.017,1
"TMEM161B-DT",0.0327545776992957,-0.430021014794988,0.06,0.07,1
"GAREM1",0.0328545619475631,0.220383764367554,0.147,0.118,1
"RPUSD3",0.0328617101076422,-0.270300965552171,0.115,0.125,1
"XAB2",0.032921681197157,0.133477471161214,0.348,0.301,1
"ERF",0.0330002300656141,0.141423337938818,0.152,0.132,1
"HNRNPD-DT",0.0330211846204684,0.297999823541313,0.032,0.023,1
"PHF6",0.0330342936686991,-0.358419390497077,0.066,0.077,1
"RNF24",0.0330509064787278,0.206016053313041,0.133,0.104,1
"NHP2",0.0330932602599804,-0.139411720487783,0.312,0.316,1
"STRADB",0.0331173647545351,0.127620169112054,0.108,0.088,1
"FAM104B",0.0332601808248169,-0.21630504660315,0.068,0.074,1
"TMEM97",0.0333491794320506,-0.169326479210856,0.042,0.048,1
"MBD2",0.0333657060370527,0.218702672211046,0.223,0.183,1
"PTPN7",0.0334536799470994,0.292108518138588,0.111,0.085,1
"CITED2",0.0334889025182602,0.150938558443493,0.15,0.132,1
"NDE1",0.0336134231703183,-0.143914509988739,0.305,0.311,1
"ZBTB18",0.0336290681792635,0.227018939027648,0.132,0.105,1
"TRAV30",0.0336473387724023,-0.915508745479094,0.017,0.023,1
"DOCK9",0.0336632467404311,0.200718564526883,0.277,0.227,1
"PCYOX1L",0.0336646055275296,0.698192660026757,0.02,0.011,1
"SRP54",0.0336736196364928,0.135044579826449,0.378,0.322,1
"NMNAT3",0.0336925765891134,0.507915168925424,0.024,0.014,1
"NTPCR",0.0337377093687533,-0.337606258473747,0.053,0.064,1
"FHIP2A",0.0338153870355611,0.212759979432464,0.1,0.083,1
"ZNF547",0.0338467551024209,0.50311686297826,0.042,0.028,1
"WDR37",0.0338527996752912,0.191231171882438,0.165,0.135,1
"TMTC2",0.0338536487033132,-0.857543849880114,0.011,0.017,1
"FAM174C",0.0338543914160902,-0.229640079778822,0.195,0.2,1
"CEP350",0.0339802243722358,0.143624885868003,0.407,0.356,1
"TFAP4",0.0340349865660517,-0.538969807594616,0.02,0.028,1
"FSD1L",0.0340387798680638,0.792040359732103,0.015,0.007,1
"AP2M1",0.0340476487327339,-0.131072195441711,0.443,0.448,1
"ETFRF1",0.0340650457646895,0.126055061690847,0.221,0.18,1
"CPB2-AS1",0.0340816712876363,-0.304280141850002,0.06,0.069,1
"SNRPE",0.0341479534515717,-0.121438327529596,0.449,0.446,1
"RPA1",0.0342117349299399,-0.157757910772598,0.156,0.164,1
"FANCI",0.0342631503794622,0.518416949920717,0.033,0.021,1
"HIC2",0.0342644087212165,0.394812383373223,0.053,0.037,1
"MYBL1",0.0343011255462477,0.967475016672862,0.021,0.012,1
"BTN2A2",0.0344134893147377,-0.38779187093508,0.075,0.085,1
"CPEB4",0.0344154362314142,0.402143517026454,0.061,0.045,1
"ZNF337-AS1",0.0344420358723154,0.701748239549011,0.018,0.013,1
"SNED1-AS1",0.0345348992990423,-0.330694020276164,0.044,0.05,1
"SCLY",0.0346979410873369,-0.260574936231315,0.054,0.064,1
"SUMF1",0.0347182464655016,0.430737662710292,0.085,0.059,1
"PFKFB3",0.0347252460321403,0.160866015430149,0.293,0.248,1
"GPATCH8",0.0347282448547538,0.128617482071898,0.391,0.339,1
"ATF5",0.0347669485351509,-0.283869493044159,0.07,0.075,1
"ENSG00000270055",0.0348086516692565,-0.312080508455714,0.064,0.075,1
"PDIK1L",0.0348445761338106,0.33003604183302,0.076,0.057,1
"USP6NL",0.0348591811651359,-0.36421198012406,0.047,0.056,1
"DPH5",0.0348778154003062,-0.19247084355825,0.15,0.158,1
"FIZ1",0.0348953561420607,-0.280867061316025,0.053,0.063,1
"CDK9",0.0349130249419263,0.111103273110188,0.263,0.222,1
"TRD-AS1",0.0349150628387832,-0.672491745811773,0.02,0.027,1
"D2HGDH",0.0349562025279852,0.464120648666366,0.047,0.033,1
"SACS",0.0350517026563254,0.290538217466204,0.076,0.054,1
"DEAF1",0.0350635571985503,-0.105258944212435,0.312,0.318,1
"TRBV5-5",0.0350820364255951,-0.847738392281486,0.011,0.012,1
"ZFAND4",0.0351040824920558,0.318559146789253,0.077,0.06,1
"PCYOX1",0.0352002755229846,0.460193875280787,0.046,0.032,1
"DNAJB9",0.0352494217295874,0.210382540218794,0.131,0.108,1
"CCDC93",0.0353598182027999,0.205393004019397,0.2,0.165,1
"SLC23A2",0.035363582765101,0.335196124821331,0.094,0.07,1
"H2BC5",0.0353710094252151,0.744844714273577,0.012,0.006,1
"HYCC2",0.0354117137533338,0.208737988213987,0.247,0.204,1
"RNF212",0.0354500480846615,-0.767034227218157,0.011,0.016,1
"LIMS1",0.0354827534640555,-0.247339712700121,0.107,0.119,1
"GLYCTK",0.0354853261108206,0.339460523806577,0.069,0.05,1
"NTMT1",0.0354991729775825,0.120235303179177,0.245,0.212,1
"EIF4B",0.0355179672531686,0.12220662247307,0.754,0.7,1
"TMBIM1",0.0355475087487994,0.101801828872523,0.342,0.302,1
"HSPBP1",0.0356387787595035,0.206195923252605,0.203,0.165,1
"POLR1F",0.0356873060565998,0.183902095807438,0.143,0.114,1
"ENSG00000261526",0.0358206652118573,0.284257407947327,0.041,0.031,1
"USP5",0.0358300459756618,-0.329446381063664,0.059,0.068,1
"MKS1",0.0358576830900103,0.488288318295901,0.025,0.016,1
"RPRD1B",0.035913748369594,0.300657669941642,0.14,0.108,1
"ENSG00000290646",0.0359184927943661,0.79274486843054,0.019,0.01,1
"AXIN1",0.0359553004175877,0.139597062764031,0.123,0.11,1
"FHL3",0.0359611075303415,-0.409934164874183,0.056,0.067,1
"WBP11",0.0359748952404685,0.142818359178794,0.4,0.343,1
"SCAF4",0.0359799819012114,0.178449531773434,0.23,0.194,1
"ENSG00000286548",0.0359829881528793,-0.424111102059897,0.007,0.012,1
"SIN3A",0.0361162867660369,-0.10764833672497,0.277,0.263,1
"PIGB",0.0361283730118086,0.312877406053784,0.088,0.064,1
"BCL2L12",0.0361353124659662,-0.291781606276416,0.086,0.099,1
"CUL4B",0.0362515143334201,-0.31535537822234,0.098,0.11,1
"DENND5A",0.0363479411907727,-0.183923232675084,0.154,0.162,1
"GCN1",0.036348072817347,0.302306930730921,0.133,0.101,1
"MLXIP",0.0364824278337591,0.209058966422276,0.213,0.181,1
"GNL3L",0.0364836602197677,0.309303942543912,0.132,0.101,1
"CBR3-AS1",0.0364948424027294,0.766211848652469,0.02,0.011,1
"R3HDM2",0.0365269495668618,0.106768171008035,0.314,0.265,1
"ZNF433-AS1",0.0365618937125322,-0.27164211947167,0.135,0.147,1
"ZNF862",0.0365817222607822,-0.264099708526113,0.107,0.119,1
"MLF1",0.0366580018469412,0.614740482848418,0.014,0.007,1
"MGST3",0.0366589216241171,0.157746617773208,0.211,0.176,1
"CRK",0.0366609255420462,0.20241696627258,0.145,0.115,1
"AKIP1",0.0366679267954166,0.268131063064891,0.106,0.081,1
"ATP5MC1",0.036700118633094,-0.198447042691395,0.263,0.27,1
"GHITM",0.0367433049647645,0.115888279940189,0.614,0.554,1
"TRAV2",0.0367464484552339,0.625042212728162,0.026,0.017,1
"CSNK2A2",0.0367845175423453,0.154360800215956,0.191,0.153,1
"NSMCE1",0.0368097328560578,0.184069397216592,0.357,0.309,1
"SSBP4",0.0369229012214032,0.120616416075008,0.242,0.217,1
"ZNF713",0.037080995467085,0.475604571728195,0.048,0.035,1
"ZC3H12B",0.0372475105982216,-0.237262644158836,0.134,0.142,1
"IFIT2",0.0374119029762586,-0.951254690470832,0.028,0.039,1
"METRN",0.0374386539973282,0.427093374919751,0.062,0.046,1
"HCLS1",0.0374513890844206,0.102803429878053,0.595,0.529,1
"CTNNA1",0.0374631673535453,0.959881153239476,0.01,0.004,1
"IFT80",0.0374715664162137,0.210809529192817,0.148,0.118,1
"NAA15",0.03748052709235,-0.199233098969468,0.183,0.189,1
"TTC28",0.0374850940025427,0.597139196811769,0.014,0.013,1
"CDC14A",0.0375271440946618,0.145139192408065,0.341,0.311,1
"RBM38-AS1",0.0375553816210021,0.31904448271498,0.035,0.029,1
"ZNF526",0.0375775684617371,0.410464691341597,0.047,0.032,1
"KLF16",0.0377222258221142,0.335717534999852,0.088,0.067,1
"SLC37A3",0.0377238800455885,0.283777954776576,0.138,0.108,1
"PARD6B",0.0377438917058878,0.407467939764137,0.043,0.033,1
"VPS9D1",0.037771395830898,0.590833551978091,0.024,0.014,1
"POR",0.0377933515482275,0.105885450850941,0.2,0.169,1
"RSL1D1-DT",0.0378661747225561,0.378567315442892,0.11,0.08,1
"EOLA2",0.0379088954052831,0.272755304350711,0.18,0.145,1
"TBC1D25",0.0379402827697713,0.199648554495479,0.145,0.115,1
"ZNF33A",0.0379775609385748,0.141350274704032,0.217,0.181,1
"SAV1",0.0381194474290373,0.416047378906429,0.028,0.018,1
"CFAP20",0.0381827001414612,0.23741685430783,0.176,0.146,1
"GNG10",0.0383094589603173,-0.228239010200451,0.135,0.146,1
"PHGDH",0.0383145907264544,-0.349507162022401,0.046,0.055,1
"ERFL",0.0383341136079007,0.245921137054725,0.028,0.018,1
"HOXB-AS1",0.0384431936190071,0.568319041171863,0.024,0.014,1
"UPK3BL1",0.0384520442326525,-0.616286230807853,0.012,0.018,1
"UNC13D",0.038455658153788,0.403690319586359,0.051,0.035,1
"ZGPAT",0.0385938882243398,-0.233650449875271,0.164,0.174,1
"CARHSP1",0.0386275810648262,0.217094081224624,0.185,0.15,1
"TNFRSF10A",0.0387475145675732,-0.351221770685714,0.079,0.093,1
"DAG1",0.0387623272254447,0.185503133702042,0.053,0.042,1
"AK1",0.0388427394384651,0.755991324077566,0.015,0.008,1
"POLE4",0.038845121185427,-0.143016420421106,0.17,0.163,1
"ATP5MK",0.0388719679925223,-0.12911018408908,0.651,0.65,1
"PEX12",0.0390284898161146,0.565960651196582,0.015,0.008,1
"NEK4",0.0390368762094567,0.549894325124327,0.047,0.03,1
"DAPK3",0.0390484704956033,0.246393979665273,0.108,0.084,1
"CC2D1B",0.0390653783671268,0.247135232334283,0.082,0.066,1
"TTC26",0.039078706307181,0.617838798515798,0.02,0.012,1
"PTTG1",0.0391485306121703,0.527283046947399,0.029,0.021,1
"MBTD1",0.0393348247725844,-0.154632952003534,0.154,0.162,1
"KRBOX5",0.0393490410255998,-0.30334559415798,0.087,0.095,1
"PIGX",0.0393726662235143,0.188845999034558,0.257,0.219,1
"FBXO7",0.0394227084713623,0.144477672322202,0.376,0.327,1
"TRMT13",0.0394826047027087,0.373182417748577,0.106,0.078,1
"ENSG00000288064",0.0394875743672851,0.903322033874665,0.023,0.012,1
"ST7",0.0395270988671464,-0.386558893218731,0.025,0.029,1
"COPS7B",0.0395372384918451,-0.238708450992287,0.128,0.137,1
"CTDP1",0.0395714427894549,0.212352404098377,0.173,0.143,1
"ACAD9",0.0395774256939485,0.411442618084412,0.065,0.046,1
"CHRNB1",0.0397166840644182,-0.343137720601466,0.037,0.046,1
"SP4",0.0397221568025275,0.24142879882643,0.12,0.096,1
"MKRN2",0.0398120975822254,0.198329388782614,0.166,0.134,1
"NPIPB4",0.0398649204938437,0.313393100755527,0.067,0.053,1
"TRAV21",0.0398650026307842,-0.591672250777402,0.039,0.049,1
"KIAA0040",0.0398953136901572,-0.455520692869682,0.069,0.083,1
"RYBP",0.0399214355366552,0.264769480051053,0.119,0.094,1
"TFDP2",0.0399579778488179,0.133221344355727,0.199,0.164,1
"TARS3",0.0399646947074684,0.160272220850572,0.14,0.118,1
"AP1G1",0.0400013655836167,0.253037029947044,0.182,0.145,1
"TMEM234",0.0400064513899418,0.310312303612468,0.074,0.053,1
"SMAD1",0.0400309899936762,0.815057804723482,0.01,0.004,1
"CMPK2",0.0400439770714346,-0.742264607408829,0.014,0.021,1
"CNPY2-AS1",0.0400902215153651,-0.306093555079099,0.059,0.069,1
"TOR3A",0.0401660868771305,0.124454900725325,0.093,0.075,1
"ZNF763",0.0401994456869708,0.596627799157512,0.011,0.005,1
"SURF4",0.0402157225238978,0.181118891356247,0.336,0.295,1
"CAMSAP1",0.0403204558187209,0.399683576524992,0.057,0.039,1
"PGAP2",0.0404362158475598,0.119305080119295,0.068,0.062,1
"ERLIN2",0.0404379207025831,0.499085535855401,0.035,0.023,1
"CTSF",0.0404557943732367,0.612269544512338,0.023,0.015,1
"PRKDC",0.0404897791690151,0.206579325550479,0.27,0.22,1
"IFRD2",0.0404918597711094,-0.160733973469489,0.14,0.142,1
"DUSP14",0.0405468742603108,0.236790903799557,0.155,0.127,1
"WDR43",0.0407115880668011,-0.113877826999422,0.238,0.241,1
"ATXN2",0.0407173437738197,0.210946554598807,0.224,0.182,1
"NECAB3",0.0407401825613684,0.50377219446191,0.02,0.012,1
"NOA1",0.0410226387158329,0.145049082361999,0.177,0.145,1
"ENSG00000289370",0.041026325467019,0.670341006605115,0.023,0.015,1
"ENSG00000283674",0.0410649874091164,0.686994938718092,0.031,0.019,1
"USP44",0.0411238544429658,0.641351496694292,0.031,0.019,1
"VAPA",0.0413244486506189,-0.128161085286026,0.559,0.56,1
"RLN1",0.0415133363520015,-0.761823194580414,0.021,0.03,1
"ZNF587",0.0416918871750287,0.503005958180498,0.051,0.035,1
"FAM222A",0.0418318850900233,0.445645203635644,0.035,0.025,1
"RSRC1",0.041989642863876,0.209107075004242,0.173,0.147,1
"UFSP2",0.0420215500822587,0.296886130332311,0.121,0.094,1
"SRGAP2B",0.0420458559895804,-0.170939175586532,0.021,0.025,1
"RAB15",0.0420974447108084,0.210802012901522,0.029,0.019,1
"NOD1",0.04219799069308,0.681789472592087,0.032,0.02,1
"PKNOX1",0.0423693153649342,0.304639302480705,0.088,0.065,1
"TTC14",0.0423709017995323,0.15150050474399,0.246,0.21,1
"BAZ1A",0.042489174860198,0.152077988384691,0.607,0.555,1
"RASL11A",0.0424966322171565,0.868686153360872,0.016,0.009,1
"RHD",0.0425653172776299,-0.513488022297425,0.028,0.035,1
"CENPB",0.0426888095008675,0.325447720171577,0.099,0.074,1
"WDR11",0.0427068326433899,0.511329519474382,0.068,0.046,1
"MRPL45",0.0427893659098147,-0.179057991899457,0.138,0.143,1
"RNF32",0.0428051715323579,1.15379047414769,0.01,0.004,1
"TMEM202-AS1",0.0428267925019949,0.813258362951404,0.018,0.01,1
"REXO2",0.04288890659073,-0.1792409593469,0.28,0.281,1
"APEH",0.0429060177079115,-0.285238305904675,0.086,0.097,1
"ENSG00000267299",0.0429225101237916,1.13644484488798,0.01,0.004,1
"DDIAS",0.0429636356996237,-0.660645319800168,0.021,0.029,1
"ENSG00000241073",0.0430431836229265,-0.833266797289695,0.014,0.02,1
"HACE1",0.0430469470845227,0.418939821048359,0.066,0.046,1
"CCNH",0.0430868137000359,0.118915076141762,0.369,0.323,1
"ARFGEF1",0.0431381159198486,0.153392701419749,0.322,0.269,1
"NME3",0.0431724047277876,0.132032444144006,0.236,0.201,1
"MRPL23",0.043195711320619,-0.128518318568191,0.121,0.119,1
"CRTC1",0.0432763498865096,0.334519538530651,0.087,0.064,1
"QSOX1",0.0433052045481175,0.35202595083107,0.071,0.052,1
"DHDDS",0.0434684852782752,0.37801256279855,0.06,0.042,1
"BLOC1S3",0.0434832694039288,0.31831383266905,0.025,0.017,1
"HES4",0.0435770292006877,0.476595442698114,0.078,0.06,1
"ING5",0.0436097965057534,0.192104105146445,0.123,0.104,1
"HDAC7",0.0436221877917794,-0.223396401957715,0.192,0.207,1
"HMGA1P4",0.0436260032662218,0.500866618818574,0.032,0.021,1
"MPZL3",0.0436693609102266,0.211059895802989,0.215,0.181,1
"ENSG00000280206",0.043768577004045,-0.750815674732804,0.01,0.015,1
"MSI2",0.0439019697959816,0.171023132256142,0.286,0.244,1
"SESN3",0.0439325088290454,-0.213140983665115,0.187,0.197,1
"ZNF264",0.0439426937530341,0.251994247469831,0.105,0.079,1
"ENSG00000290192",0.0440330483157898,0.317177977424023,0.14,0.112,1
"RABEP2",0.0440471889046505,0.29828063953686,0.096,0.072,1
"KRAS",0.044052059144418,-0.123006028561849,0.486,0.474,1
"CHD7",0.0441197380712987,-0.131917066279415,0.237,0.242,1
"NDUFS8",0.0441446521884029,-0.164184444327648,0.322,0.325,1
"ZNF280C",0.0441841353212324,0.638454486080967,0.028,0.021,1
"LENG8-AS1",0.0442480897664634,0.553816698510042,0.03,0.02,1
"TMEM143",0.0443198581370088,-0.765074959964632,0.017,0.024,1
"HPCAL1",0.0443516164006847,-0.129043926701924,0.186,0.192,1
"SETD6",0.0444212299615888,0.339616588441931,0.053,0.038,1
"MRPS6",0.0444832271845248,-0.124889409866382,0.644,0.634,1
"SIMC1",0.044483633722742,0.318785836590139,0.085,0.066,1
"CCDC141",0.0444968149146098,0.451050344732626,0.048,0.033,1
"NVL",0.0445869513208913,-0.323327683508879,0.08,0.09,1
"MCTS1",0.0445983911945712,-0.137626269467817,0.141,0.15,1
"ALDOC",0.044628871409935,0.375933411382927,0.042,0.029,1
"SAP30BP",0.0446866010519499,0.110283028795572,0.391,0.341,1
"CLDND2",0.0446890205519856,-1.17245748046782,0.006,0.011,1
"ZFTRAF1",0.0446936376024948,0.354873645173338,0.066,0.047,1
"STAG1",0.0446962546239907,-0.115370486201799,0.372,0.376,1
"TRMT61A",0.044716370812688,-0.300732254799017,0.045,0.052,1
"PELO-AS1",0.0447739350277054,-0.23308214514068,0.018,0.017,1
"EPHB6",0.0448182748504241,0.498922873112817,0.038,0.026,1
"WDFY1",0.0449126012394654,0.326460016120391,0.075,0.057,1
"YWHAH",0.0449261745099509,0.248277505200023,0.088,0.073,1
"TRIM22",0.0450604188754285,0.16767109441352,0.336,0.287,1
"PLPP1",0.0450849242991707,-0.241208111741892,0.106,0.114,1
"MICALL1",0.0451281344733544,0.431998656733221,0.045,0.031,1
"THG1L",0.0451487379012435,0.360421163331722,0.074,0.053,1
"POMC",0.0451550985279869,-0.39593810608261,0.054,0.063,1
"RNPC3",0.0451650552713258,0.192927934136005,0.211,0.179,1
"IMMT",0.0451861133808819,-0.175272314076543,0.253,0.255,1
"BCR",0.0453712680986096,0.334752870448259,0.085,0.063,1
"CBY1",0.0454570772893153,0.254926046641227,0.059,0.043,1
"KIF3B",0.0456158355121487,0.398835232273338,0.076,0.054,1
"ZNF565",0.0457089170916945,-0.341179915284979,0.066,0.074,1
"NORAD",0.0457303808195507,0.134586316055704,0.367,0.31,1
"GTF2F1",0.0458133568135631,0.166424190370783,0.299,0.252,1
"RAD23A",0.0459994751075915,-0.134343110215711,0.508,0.51,1
"SCFD1",0.0460089615548705,0.162728708243047,0.27,0.226,1
"TRADD",0.0460187906818028,-0.209020441428566,0.135,0.142,1
"CEP97",0.0462306279632316,0.28363791250542,0.043,0.035,1
"TMX1",0.0463284565565995,-0.212289728801534,0.194,0.205,1
"ENSG00000289211",0.0463371911592906,-0.345287185625459,0.022,0.025,1
"ADTRP",0.0463547003662793,0.191938327040168,0.028,0.022,1
"SDAD1",0.0463868933979297,0.116765240807443,0.224,0.186,1
"TRIM66",0.0465037267878915,0.512172764569121,0.034,0.021,1
"MANEA-DT",0.0465060310834018,-0.496336247996381,0.036,0.045,1
"DGKI",0.0465548672006685,-0.829620276744752,0.01,0.014,1
"ZNF142",0.0466334161065083,0.315122007205813,0.069,0.054,1
"FAM83F",0.0467362462602546,0.639921554403579,0.023,0.014,1
"A1BG-AS1",0.0467488449983968,0.596358560613064,0.042,0.028,1
"TECPR1",0.0468571444604058,0.265076213791468,0.084,0.065,1
"DTYMK",0.0468708988369646,-0.340544537824465,0.052,0.062,1
"LLPH",0.0469648781969211,-0.193108922204464,0.2,0.204,1
"LINC00324",0.0470094870491305,0.553480896274944,0.029,0.018,1
"RPP14",0.0470315484597732,0.449503030461926,0.049,0.033,1
"LMTK2",0.0470670335708369,0.196157402562283,0.121,0.096,1
"ELOA",0.0471262381662614,0.298012294058148,0.116,0.091,1
"PARP3",0.0471546873859863,0.698180283470442,0.021,0.012,1
"ZBTB48",0.0471977621162032,0.32875070507858,0.103,0.079,1
"LDLR",0.0472907971061101,0.456278589486043,0.059,0.041,1
"SV2C",0.0475620718873269,-0.143422180653288,0.069,0.069,1
"PLEC",0.0475901116678039,0.201220845456334,0.341,0.288,1
"MAN2B2",0.0476428950033737,0.296224057850898,0.045,0.036,1
"LIN7B",0.0476867212851729,0.431819970410594,0.027,0.017,1
"WDR83",0.0476930654071421,-0.358324645686217,0.062,0.07,1
"TRBV7-3",0.0476976480640824,0.582090092139952,0.023,0.015,1
"ZBTB7A",0.0479796973859241,0.110271215688838,0.411,0.359,1
"NEDD8",0.0480392477012888,-0.113513436641406,0.418,0.419,1
"PABIR1",0.048105269953855,0.105310589642691,0.132,0.109,1
"BBS5",0.0482521053988425,0.856037808051565,0.023,0.012,1
"BPHL",0.0483029373735233,0.569371394353903,0.03,0.02,1
"PKN2",0.0483188041163858,0.179274572261286,0.285,0.24,1
"SENP7",0.0483376765403848,-0.177269859490889,0.265,0.273,1
"PARD6A",0.0483412898536604,0.209376536995365,0.087,0.068,1
"STAU2",0.0483527385982527,-0.148844482593612,0.095,0.086,1
"CAPNS1",0.0483640304128107,0.116366487616676,0.268,0.239,1
"CAP1",0.0484151369992992,-0.117076079480064,0.475,0.475,1
"THOC7",0.0484526007457559,-0.121504286839795,0.203,0.204,1
"LSS",0.0485222751702791,0.365258346725535,0.031,0.02,1
"ACADS",0.0485269385291032,0.404558447385345,0.041,0.028,1
"VASH1",0.0485290060759952,-0.790934398910748,0.007,0.011,1
"ZRANB1",0.048587089547189,0.312778591561675,0.08,0.059,1
"CD2BP2",0.0486118966503722,0.132752078553563,0.217,0.181,1
"PPIF",0.0487923087711336,0.158652967410955,0.07,0.062,1
"RAB11B",0.0488519164164337,-0.19971528561944,0.313,0.322,1
"WDR59",0.0488874309481406,0.27575008929162,0.107,0.087,1
"SLC16A7",0.0488917727215278,0.22229952447379,0.127,0.097,1
"LRPAP1",0.0488937022012633,0.10482391109572,0.392,0.342,1
"TOMM5",0.0490235785370854,-0.110854684096069,0.453,0.456,1
"TRIM32",0.0490506042814065,0.386367662030051,0.044,0.03,1
"YWHAE",0.0490658604231535,0.122504895653801,0.37,0.33,1
"LAIR1",0.0491811176279755,-0.49736751190609,0.021,0.03,1
"SDHAF2",0.0492086602340691,-0.133938891802171,0.358,0.363,1
"B4GALT7",0.0492353081730718,0.487990212566793,0.049,0.034,1
"EPM2AIP1",0.0493649157775573,0.341324148872771,0.08,0.059,1
"ZNF784",0.0493692476130674,0.531786147926653,0.027,0.019,1
"POFUT1",0.0493892837956868,-0.388318082960527,0.041,0.049,1
"CDC16",0.0493911582867768,0.208153749283441,0.144,0.114,1
"PLEKHF2",0.0494588055791732,0.206361417825029,0.144,0.114,1
"ORMDL3",0.0495182038932758,-0.196539270327577,0.194,0.202,1
"JUP",0.0495317323154271,-0.559254994623532,0.013,0.015,1
"GIT1",0.0495529395150772,0.382952212217915,0.057,0.045,1
"NFXL1",0.0495738824047866,-0.257310772389264,0.047,0.048,1
"CDK13",0.0495824620183038,0.15062150358741,0.351,0.303,1
"MFSD13A",0.0495874140782247,-0.68218397599655,0.014,0.021,1
"ABRAXAS2",0.0496056919784192,0.209008929388347,0.141,0.113,1
"DNAJC16",0.0498143984550293,0.269296335554137,0.085,0.066,1
"CCDC125",0.0500265638081469,0.56689828828145,0.021,0.012,1
"LYRM7",0.0500539665128054,-0.263183452744721,0.087,0.097,1
"PDK1",0.050083106136876,0.267796610632069,0.105,0.082,1
"CYB5B",0.0502870625403413,0.160119505715347,0.216,0.189,1
"PLOD3",0.0503880796298383,0.412085193889149,0.03,0.02,1
"DHRSX",0.0504112565660409,0.273208906005702,0.091,0.074,1
"USO1",0.0504269200117804,0.267168019524204,0.179,0.142,1
"ATP6AP1",0.0504634966710957,0.145280676533871,0.167,0.142,1
"TMEM39B",0.0505310773328415,-0.324033014673206,0.065,0.072,1
"GET1",0.0506471994069873,0.178661831628841,0.145,0.116,1
"WDR27",0.050695196285979,-0.483963370681034,0.019,0.025,1
"PSMG4",0.0506989831022423,-0.242502634439501,0.118,0.129,1
"TPPP",0.0507394902596604,1.00822232419471,0.018,0.01,1
"ZZZ3",0.0507949983819777,-0.105163575677596,0.248,0.235,1
"ACLY",0.0507951076283288,-0.16213254421769,0.124,0.121,1
"GPAT4",0.0508212883337924,0.190015822942081,0.148,0.127,1
"SMAD7",0.0509198898795846,0.201963129405255,0.147,0.119,1
"ADA2",0.0510267805028489,0.255306740612712,0.098,0.074,1
"DUSP11",0.0510660930434319,0.153014867407522,0.365,0.315,1
"APOBEC3G",0.051092435124368,0.345728214252139,0.082,0.072,1
"EVI5L",0.0511257325524691,0.420335100252421,0.02,0.015,1
"BAZ2A",0.0511306192543233,-0.113841459418656,0.255,0.248,1
"SPRY1",0.0511545987431337,-0.400677112314968,0.041,0.048,1
"PRMT3",0.0511576484872908,-0.268327373771317,0.077,0.084,1
"SULT1B1",0.0511596379709068,-0.502230680512567,0.017,0.023,1
"DPP3-DT",0.0511962167891098,0.18091901118233,0.052,0.039,1
"RUFY2",0.0512140180666058,0.211459646632141,0.073,0.061,1
"GGCX",0.0512499142609509,0.319100206639821,0.086,0.064,1
"LRRC2",0.0513873044316193,0.483200929534529,0.012,0.007,1
"PLEKHO2",0.0513971712395721,0.685486773719193,0.017,0.009,1
"RBKS",0.0514133994689544,0.43402974516346,0.028,0.018,1
"BBS7",0.0514527496044128,0.144970676061595,0.067,0.052,1
"BBS1",0.0514871707506977,0.204697141595537,0.056,0.041,1
"LMAN2L",0.0515008489837347,0.500534925148322,0.037,0.025,1
"ENSG00000265401",0.0515098256287128,-0.209971254203552,0.063,0.07,1
"MAP4K1",0.0515999623835629,0.34946531292522,0.091,0.07,1
"NEU3",0.051662543097233,0.36835477304916,0.03,0.025,1
"PLD3",0.0516757045250244,0.26093466247366,0.132,0.102,1
"ELMO3",0.0517038925920188,-0.300617787891478,0.012,0.016,1
"ENSG00000248969",0.0517162284153808,-0.542583901369413,0.021,0.027,1
"ENSG00000277511",0.0517184954341548,-0.658492207541459,0.021,0.028,1
"MAP3K5",0.0517257937419436,0.360060319312219,0.049,0.035,1
"GPAM",0.0517261448717778,0.788954055055554,0.021,0.013,1
"COX7A2L",0.0517265706134934,-0.114033263611866,0.454,0.452,1
"ZYG11B",0.0517398294943836,0.326220517227285,0.075,0.06,1
"NDUFA1",0.0517772585019783,-0.110768781982479,0.688,0.684,1
"PDSS1",0.0519180718418989,0.535042454888276,0.037,0.025,1
"SP3",0.0521554181940788,0.137234751022354,0.351,0.303,1
"GATA3",0.0521817776324504,0.268458446133591,0.162,0.126,1
"ENSG00000285651",0.0522139394915869,-0.550533106697137,0.031,0.038,1
"RAMAC",0.0524241213146754,0.148500488244719,0.234,0.197,1
"TMEM204",0.0524638308819356,-0.247079636641306,0.24,0.253,1
"COX20",0.0525942299231818,-0.181123104609972,0.263,0.267,1
"ST6GALNAC6",0.0527429499354752,0.180869776893987,0.18,0.15,1
"CYP20A1",0.052817414144106,0.128353309939323,0.267,0.242,1
"RPS6KB1",0.0528435423533591,0.143683899564794,0.278,0.237,1
"ODF2L",0.0528524084709407,0.13844901279235,0.339,0.296,1
"STAT1",0.0529245576280763,-0.178780022884735,0.254,0.251,1
"NAPA-AS1",0.05326048834977,-0.337384177329487,0.022,0.028,1
"CEP57",0.0533783373644425,0.153178571725981,0.342,0.296,1
"AKAP7",0.0534070409735284,0.189598871528318,0.043,0.036,1
"PTCH2",0.0534484215216943,0.229185760902214,0.012,0.012,1
"DOCK7",0.0534911308541402,0.46771636621146,0.029,0.018,1
"HLA-DRB1",0.0535175421436354,1.1844804882436,0.017,0.012,1
"FEM1A",0.0535777521771857,0.277806003754385,0.073,0.054,1
"H2AC15",0.0536954956703466,0.25685375111572,0.017,0.012,1
"MARCHF8",0.0537197023750916,0.188759987349547,0.12,0.094,1
"FAM104A",0.053763638746745,0.127925740592332,0.191,0.159,1
"USE1",0.0537821434952928,-0.179616378961912,0.183,0.188,1
"UBN1",0.0538305501738046,0.168396862186712,0.241,0.206,1
"PDE6D",0.0538326390889245,-0.155843463597651,0.128,0.138,1
"ZMYM4-AS1",0.0538757479378149,-0.755614891913851,0.013,0.019,1
"MACO1",0.0540015807114422,0.118655293707903,0.368,0.332,1
"RAB5IF",0.0540275376118672,-0.120278496057411,0.399,0.406,1
"FBXL13",0.0540508799716852,-0.562158095083923,0.02,0.026,1
"CASTOR1",0.0541693040270578,0.66675604654537,0.019,0.011,1
"LINC01215",0.0541703291504834,-0.272247749473563,0.099,0.105,1
"MTMR10",0.0541736938068324,0.31567660227812,0.117,0.088,1
"DDTL",0.0543161901218572,-0.521584598490541,0.012,0.015,1
"UBLCP1",0.0543169779472886,-0.142023945854245,0.22,0.223,1
"ZFYVE21",0.0543382222444745,0.364136246195745,0.052,0.036,1
"ARL6IP1",0.0545078249287774,0.102908006326915,0.594,0.529,1
"ITGB7",0.0545848826770677,0.148008073687233,0.263,0.227,1
"LETMD1",0.0545941696948231,-0.188565860133535,0.185,0.185,1
"PTPRM",0.0546642973931858,1.1149740088997,0.01,0.005,1
"BMF",0.0546712514900077,-0.589337377336621,0.012,0.017,1
"ZNF425",0.0548771872764497,0.804824620606253,0.013,0.008,1
"FAHD1",0.0548953023109585,0.17996347610803,0.053,0.044,1
"PLCB3",0.0551204563873061,-0.339148752099223,0.007,0.01,1
"RARA",0.0554339313899522,0.115582075492405,0.632,0.577,1
"ZNF85",0.0554704150583801,0.293963538860575,0.046,0.035,1
"PDPR",0.055473602676826,0.259441934457299,0.099,0.076,1
"PRPS2",0.0554849369850901,0.237591763861752,0.081,0.066,1
"FAAP100",0.0555342956460082,0.447071473132461,0.037,0.026,1
"PPP5C",0.0555955694803242,-0.15671129898524,0.115,0.115,1
"APPL2",0.0557756551768207,-0.19372534216547,0.143,0.152,1
"KLHL32",0.0560550485321723,0.815565006608118,0.016,0.009,1
"CALD1",0.056075115555104,0.468904951220821,0.02,0.012,1
"ZNF654",0.0560877683772244,0.108955577444469,0.146,0.12,1
"AP3S1",0.0561223741310953,0.135130396278234,0.269,0.227,1
"TPI1",0.056135760565176,-0.132908116054258,0.44,0.443,1
"PNKD",0.0561822073821435,-0.251905774653099,0.155,0.17,1
"DNAJB11",0.0562026766604114,0.205485130681697,0.236,0.192,1
"TRIOBP",0.0562964688524978,0.450141494827109,0.063,0.044,1
"KCNIP4",0.0563190364871766,1.21227337923909,0.01,0.004,1
"BRIX1",0.0563337587824817,-0.168246454240951,0.186,0.189,1
"STK40",0.0564273399710787,0.194978744796417,0.157,0.13,1
"THAP7",0.0564324322956505,0.147626054832106,0.221,0.184,1
"ANKRD13D",0.0564371598062364,0.222830876737682,0.145,0.116,1
"NFYB",0.0566228933047417,0.13758366178307,0.077,0.062,1
"LACTB",0.0568468242056944,-0.161202447712645,0.144,0.147,1
"PPP1R13B",0.0568722930751709,0.276085360286973,0.112,0.087,1
"IFI30",0.056918573166652,0.947677300306116,0.012,0.006,1
"SLC38A10",0.057021587622664,0.107838421292502,0.076,0.061,1
"LY9",0.0570339594247797,-0.398984873748812,0.072,0.087,1
"LIPT1",0.0570691366631087,0.137081063928543,0.042,0.033,1
"CCL28",0.0571594964999653,0.465227139024163,0.033,0.021,1
"DGCR6L",0.0571904363369326,0.17271911765573,0.217,0.181,1
"ENSG00000286863",0.0571921865253858,0.648497115133004,0.023,0.013,1
"HP1BP3",0.0572077453889417,-0.113000610011809,0.485,0.48,1
"ZNF22",0.0572270881151101,-0.179358579146631,0.336,0.343,1
"CENPE",0.0572700330832174,0.823525015061876,0.015,0.008,1
"PHB1",0.0574607059901442,-0.211600572863085,0.255,0.26,1
"PIK3C3",0.0574698888213816,-0.172596342192288,0.198,0.203,1
"ZNF692",0.0575448652088223,-0.753618955715178,0.019,0.025,1
"SLC9A3",0.0575561353745695,-0.4997064477649,0.024,0.03,1
"FMO5",0.0575597558226302,-0.611942518644971,0.007,0.011,1
"RARA-AS1",0.0576110724607511,0.548436830885089,0.016,0.009,1
"ENSG00000267002",0.0576195357524633,0.440143880804697,0.034,0.022,1
"ENSG00000287382",0.0576784590989321,-0.703343863233806,0.011,0.015,1
"CCNYL1",0.0577585417099616,0.291869439135512,0.08,0.061,1
"TP53INP1",0.0578114467430062,-0.425075946714891,0.015,0.017,1
"ENSG00000288907",0.0578170037689736,0.37793804936535,0.021,0.014,1
"USP31",0.0578758001146789,-0.35191713547426,0.018,0.023,1
"VILL",0.057954155064582,0.4654171033621,0.029,0.019,1
"DGUOK",0.0580609430045924,-0.101374702967486,0.413,0.417,1
"ADNP-AS1",0.0580969408486658,0.884817830929789,0.013,0.006,1
"KYAT3",0.0581720174345797,-0.204615093813486,0.126,0.133,1
"TGIF2",0.058293965482907,0.129698183914835,0.389,0.34,1
"TAF9B",0.0584018654032322,-0.204966504844925,0.106,0.107,1
"COG1",0.0584153903663674,0.147722374586937,0.124,0.098,1
"ARPP19",0.0584735133470348,0.14215425520956,0.258,0.22,1
"TARS2",0.05858118029648,0.666358437390929,0.047,0.03,1
"PODXL2",0.0587357683967388,0.552294039959143,0.018,0.012,1
"ORC6",0.0587802749175461,0.82639894295445,0.015,0.01,1
"SUPT3H",0.0587973023273555,-0.139931446578189,0.219,0.224,1
"DAPK2",0.0588504807214825,0.526757862562426,0.064,0.041,1
"DIP2B",0.0588810142763972,-0.141674070944178,0.204,0.199,1
"TAF5",0.059048871166019,0.34382795368695,0.046,0.034,1
"TEX2",0.0591287387165668,0.444354878035985,0.044,0.029,1
"ANO8",0.0592095371376295,0.683703716742422,0.013,0.009,1
"PIGS",0.0592183276803987,-0.326343377694937,0.08,0.089,1
"DYRK1B",0.0592817903036339,0.202884183529308,0.188,0.155,1
"CHST2",0.05933540458523,-0.530693474449807,0.025,0.029,1
"HEBP2",0.0593448034128576,0.139548264123977,0.218,0.191,1
"ZNF841",0.0593653977093643,0.44426691972752,0.043,0.03,1
"TFRC",0.0594700318538543,-0.1121017348073,0.095,0.099,1
"DDAH2",0.0595505735496859,-0.489452012928028,0.023,0.03,1
"ZBTB10",0.0595811368418921,0.107221692066578,0.145,0.121,1
"ITGA5",0.0595827077847018,0.170323011428135,0.267,0.231,1
"SLC12A4",0.0596375413477891,0.846723030323758,0.015,0.008,1
"NDUFA13",0.0597566461776326,-0.109846453368833,0.726,0.711,1
"PRKCE",0.0598885007856879,0.232005221752633,0.101,0.078,1
"XPO6",0.0599402859463727,0.164369395785828,0.243,0.2,1
"ENSG00000228655",0.0601164725551479,-0.133042234784671,0.162,0.166,1
"DPF2",0.0601221829864908,0.14017572115169,0.258,0.223,1
"CDH4",0.0601425174812909,1.07522632608278,0.01,0.004,1
"MAPK14",0.0602034012605903,0.140188299315522,0.193,0.168,1
"ENSG00000261684",0.0602046339582865,0.620382868996177,0.028,0.017,1
"ZNF41",0.0602095896370935,-0.138711715411755,0.058,0.054,1
"MAP4",0.0602429443735945,-0.161509470562051,0.149,0.15,1
"ENSG00000279110",0.0602743999876976,-0.318782014669633,0.013,0.017,1
"SLC9A1",0.0602974181658454,0.416534221893693,0.053,0.037,1
"NPHP4",0.060323477704475,0.323072782597521,0.052,0.04,1
"CYCS",0.0603312732447899,0.102467300627849,0.498,0.446,1
"ENSG00000272256",0.0603457784233528,0.198638290908244,0.121,0.098,1
"DHPS",0.0604045493460065,-0.187492724977357,0.179,0.186,1
"PTPN23-DT",0.0605472465099745,0.986392819882415,0.012,0.006,1
"GALNT1",0.0605496580607484,-0.118990115523803,0.108,0.113,1
"MIF4GD-DT",0.0605840217242862,0.717677463152842,0.016,0.009,1
"ACVR2A",0.0607128538600903,-0.512717739199456,0.013,0.018,1
"USF3",0.0607496464396997,0.165436449974476,0.142,0.114,1
"PTPRJ",0.0608059125217685,0.176514537019327,0.353,0.3,1
"LNCRNA-IUR",0.0608070557929198,-0.276238167248329,0.055,0.062,1
"SBNO1",0.0608179312748466,0.140063428569493,0.295,0.258,1
"ENSG00000258526",0.0609997542941217,-0.508765440121634,0.017,0.023,1
"GOLGA1",0.061017802037507,0.419303952328292,0.063,0.048,1
"CCDC50",0.061049556704837,0.627779519997293,0.013,0.008,1
"USP38-DT",0.0610506250564316,-0.613489034828941,0.016,0.024,1
"ENSG00000283128",0.061233990808942,-0.833904582156885,0.007,0.012,1
"ZNF844",0.0612723513666895,0.265198488131238,0.012,0.009,1
"ZKSCAN2",0.0613273630398539,0.57444402030325,0.017,0.01,1
"TMEM88",0.0613383767162093,1.22335656331789,0.013,0.006,1
"ABITRAM",0.0613481176286379,0.196114517469843,0.081,0.068,1
"ZNF317",0.0613689506219343,0.203357361461162,0.089,0.069,1
"ENSG00000285710",0.0615026021407296,-0.763511568777939,0.007,0.012,1
"CTNNBL1",0.0615220029469695,-0.191595654916703,0.179,0.184,1
"TFE3",0.0615996326754883,0.243526268044159,0.114,0.095,1
"ELP5",0.0618836967388156,-0.15347565801493,0.24,0.249,1
"LRRC42",0.0619035971009871,-0.257078805872678,0.052,0.061,1
"C14orf93",0.0619229090741535,-0.255658294195579,0.026,0.026,1
"TIGD5",0.0619393376043524,0.399970270303315,0.045,0.033,1
"ENSG00000285801",0.0619879345554602,0.645228206720403,0.012,0.009,1
"NFX1",0.0620416575632025,0.15322953737609,0.152,0.129,1
"ARHGEF40",0.0620530339774322,-1.11984733589524,0.006,0.011,1
"COPB1",0.0621268661144013,0.132652649648779,0.563,0.5,1
"C1GALT1C1",0.0621539695612572,-0.116262718872829,0.073,0.076,1
"OGFRL1",0.0621822479614472,0.507109483870049,0.028,0.018,1
"ENSG00000227486",0.0622587780057297,0.400314715563314,0.02,0.013,1
"AMFR",0.0624160683769353,0.183417648107385,0.175,0.143,1
"NDOR1",0.0624497279532046,-0.346058501096994,0.049,0.054,1
"STK10",0.0624713425466585,-0.113642896730047,0.358,0.35,1
"ARMC6",0.0624966244109159,-0.378795184395061,0.067,0.075,1
"DCAF8-DT",0.0624972512497863,-0.316909647553592,0.033,0.041,1
"CALHM6",0.0626481983127267,-0.121814232699069,0.017,0.015,1
"BIN1",0.0626644784020759,0.146450569959455,0.327,0.281,1
"KBTBD2",0.0626898198727943,0.195426818461126,0.214,0.176,1
"LMLN",0.0626910538341108,0.642475489836227,0.03,0.02,1
"COTL1",0.0628088013016245,0.146337266847616,0.463,0.409,1
"LAP3",0.062835970942508,0.159265942088042,0.214,0.183,1
"OPN3",0.0628708978972039,-0.59488513110485,0.012,0.017,1
"ZBTB43",0.0630122391127417,0.211101696685865,0.172,0.137,1
"ENSG00000291068",0.0632914289796512,0.759713287767014,0.018,0.01,1
"CGRRF1",0.0633383166642913,0.330781709631343,0.094,0.071,1
"LPIN1",0.0634323760504266,0.231314451733475,0.184,0.149,1
"KMT2B",0.0635583518402106,0.274184560953254,0.124,0.097,1
"PANK2",0.0635602914975127,0.167296754921988,0.253,0.213,1
"IL11RA",0.0636201018087798,0.49535883983662,0.017,0.01,1
"ZNF561",0.0636681879790278,0.264718832718976,0.041,0.031,1
"NRF1",0.0637583169737161,0.128533077441772,0.17,0.152,1
"PSPC1",0.0637642208400219,0.149193807366373,0.285,0.241,1
"UBE2T",0.0637919297664614,-0.442757244364493,0.039,0.048,1
"CCDC32",0.0638767459181074,0.180449158548097,0.135,0.113,1
"THAP9",0.0638771528892219,-0.647619765467831,0.014,0.02,1
"WDR35",0.0638863768069942,0.238948082447116,0.104,0.081,1
"REPIN1-AS1",0.0640346928252053,-0.433704826816062,0.02,0.025,1
"NRCAM",0.0641429014832095,0.183390389177908,0.078,0.068,1
"TTC7A",0.0641940899505651,-0.160934422042927,0.27,0.268,1
"C11orf21",0.0642798945652487,0.507658859515522,0.034,0.023,1
"BBC3",0.0643093639777015,-0.265202547071491,0.23,0.246,1
"ERV3-1",0.0643124438362359,0.185715077278323,0.052,0.045,1
"ENSG00000273565",0.0643242212691393,0.707789657636031,0.013,0.007,1
"CDK4",0.0643374907766488,-0.215738043680831,0.196,0.203,1
"TRBV7-5",0.0643601377532636,0.743450511064344,0.02,0.013,1
"SMARCE1",0.0644848215699891,-0.101852709017295,0.412,0.412,1
"MLLT6",0.0648301897016667,0.257025343785096,0.146,0.118,1
"ADAL",0.0648439428573699,-0.53659525833144,0.018,0.024,1
"ZNF592",0.064854571661281,0.234257955101933,0.154,0.128,1
"ZBED1",0.0649122508893906,0.178534602495321,0.061,0.049,1
"ZNF559",0.0650655954391471,0.380276263313381,0.053,0.037,1
"ATP6V1E1",0.0650783421750016,-0.166796595212167,0.182,0.185,1
"ACOT7",0.0651647820710772,0.289933738655941,0.078,0.057,1
"TPMT",0.0652283367636279,0.471043281814468,0.038,0.026,1
"PHOSPHO2",0.0652388949115963,0.372926241862272,0.028,0.022,1
"DHX57",0.0655194784226222,0.488998076923147,0.045,0.03,1
"RNFT1",0.0657697227470226,0.247522917009076,0.107,0.083,1
"MYBBP1A",0.0658838146219755,0.358678056216378,0.09,0.066,1
"IFI6",0.0659272653059063,0.15457691560885,0.198,0.167,1
"ATL3",0.0662352684730845,0.284321050641321,0.107,0.083,1
"FUOM",0.0662946468737773,0.420801789900004,0.063,0.044,1
"RPRD2",0.0663112208514963,0.153957760066469,0.256,0.215,1
"SNHG14",0.066467525312467,0.209112382415682,0.194,0.155,1
"JARID2-AS1",0.0664958951868761,0.608597386183157,0.011,0.007,1
"TSSC4",0.0666186656679152,-0.183273349611754,0.286,0.286,1
"SLC37A1",0.0666413328601584,0.286982543284372,0.092,0.069,1
"TOP3B",0.0669205607261734,0.339806543661489,0.05,0.038,1
"SLC50A1",0.0669208688607516,-0.242720791459987,0.112,0.121,1
"FBXO42",0.0669264167765207,0.14940751282767,0.174,0.149,1
"CLPB",0.0669309428318739,-0.448584280422539,0.028,0.034,1
"MPC2",0.0669330343027722,0.128349466574682,0.358,0.31,1
"SLIRP",0.0669389720139033,-0.120414678809689,0.406,0.405,1
"SUSD4",0.0671819322411396,0.658678454434586,0.023,0.014,1
"PNPLA8",0.0673956646372857,0.188553648122489,0.225,0.195,1
"GCNT1",0.0674313589516219,0.669884760268503,0.012,0.007,1
"TOX4",0.067459592592235,0.115696010306011,0.353,0.311,1
"UNC93B1",0.0675771879359933,0.604963924264454,0.015,0.011,1
"SDR42E1",0.0675806739875842,1.23808085357276,0.01,0.004,1
"UQCR10",0.067588861844865,-0.102049867283398,0.745,0.725,1
"ZNF440",0.0676732300243644,0.546822452039837,0.018,0.01,1
"TRAV3",0.0678408824525857,0.487748985015073,0.036,0.025,1
"ENSG00000235785",0.0678729470129365,1.05410594711971,0.01,0.005,1
"ZNF525",0.0679011264134756,0.413502421759103,0.038,0.025,1
"NOP58",0.0679527583945008,0.129728392962791,0.501,0.441,1
"CCNK",0.0681031676291785,0.172844112150296,0.309,0.266,1
"SNURF",0.0681089136981861,0.420393587206834,0.041,0.028,1
"FADD",0.06819287907937,0.144837760541977,0.142,0.116,1
"SH3RF3",0.0682215995250168,0.282568676952094,0.044,0.032,1
"KLHL7",0.068281358380923,0.162726379950853,0.16,0.128,1
"USP8",0.0683297067836093,0.194543154113546,0.254,0.215,1
"DHX16",0.0684288437296298,0.200701014346719,0.15,0.119,1
"ZNF626",0.0684564369783372,-0.177212001068063,0.045,0.049,1
"ELL",0.068467635839142,0.292740443609042,0.107,0.082,1
"GPS1",0.06850870681967,0.13645156717005,0.145,0.118,1
"CHMP3",0.068630865680783,-0.137788878990168,0.269,0.276,1
"SPTAN1",0.0686346836630679,0.124976800767734,0.461,0.403,1
"BAG2",0.0686588638391511,0.486392823943198,0.042,0.029,1
"VDAC1",0.0689109719723533,0.145736304690066,0.456,0.405,1
"PFAS",0.0689189990563123,0.367729392950663,0.024,0.019,1
"AASDHPPT",0.0689253192498352,0.113210901875973,0.255,0.226,1
"INPPL1",0.0690824773168867,0.421871005960181,0.044,0.03,1
"MBNL2",0.0690993507290106,-0.161121404475381,0.223,0.235,1
"NPRL3",0.069238093321114,-0.330227487276163,0.071,0.082,1
"TRAV17",0.0692544445055835,-0.521166827312969,0.043,0.051,1
"RNF11",0.0692739445734131,0.111364504686785,0.27,0.24,1
"NPL",0.0692927320121256,-0.659990305888471,0.009,0.014,1
"MED20",0.0693346915891891,0.319799924734891,0.056,0.042,1
"BRPF1",0.0693803254494689,0.224277560694288,0.066,0.05,1
"ANTXR2",0.0694263232070031,-0.138763822065222,0.217,0.223,1
"LINC02361",0.0694903021034001,0.297664386211635,0.042,0.03,1
"MDFIC",0.0695916449147899,-0.274881627000358,0.108,0.116,1
"MPDU1",0.0696309061152961,0.257983941444224,0.137,0.112,1
"FGFRL1",0.0697723211000913,0.668326241818924,0.021,0.012,1
"GFPT1",0.0698233012046592,0.227981621581489,0.163,0.13,1
"KIFAP3",0.0699024452306814,0.207012871903874,0.252,0.213,1
"TMSB15B-AS1",0.0700823035699561,-0.487548939332934,0.011,0.016,1
"PPIH",0.0701130759554275,0.154839733406847,0.199,0.162,1
"SFXN2",0.0701326245100678,0.42761153316961,0.031,0.02,1
"PSD4",0.0701795040954949,0.344054646712182,0.073,0.055,1
"ERO1A",0.0702768533855588,0.28034356408033,0.133,0.102,1
"CBR4",0.0702805192359094,-0.384316809607489,0.041,0.047,1
"KIAA1191",0.0704398809819576,0.154271071477812,0.246,0.211,1
"PTDSS1",0.0704548257483249,0.125452868620609,0.31,0.265,1
"DNAL4",0.0705215120987354,0.32785757739561,0.079,0.059,1
"ZNF295-AS1",0.0705419520775093,0.739236646364089,0.013,0.007,1
"MOV10",0.0705788902310418,0.428346828300349,0.064,0.046,1
"EIF6",0.0707005577059637,0.126150686927525,0.389,0.343,1
"CNBD2",0.0707189173514559,0.410342213114976,0.037,0.027,1
"NCK2",0.070940203846363,-0.113020626507671,0.514,0.505,1
"BARD1",0.0712203218436304,0.301552650656983,0.045,0.033,1
"RALGDS",0.0713337185047993,0.143436632990563,0.396,0.344,1
"NMB",0.0713942668335263,-0.679023271233526,0.021,0.027,1
"FKBP3",0.0714258092397425,-0.2189511779895,0.189,0.197,1
"FAM3C",0.0714857894637347,0.284586623568797,0.114,0.088,1
"MIER1",0.0715355951488022,0.127772341538302,0.415,0.362,1
"POLDIP2",0.0715676111352563,-0.151686148882697,0.164,0.17,1
"TRAV12-1",0.0715745596672681,-0.515170352692749,0.046,0.051,1
"GSE1",0.0716577732997882,0.253419551218353,0.092,0.07,1
"PRDX2",0.0718102100304047,0.180069670821289,0.162,0.13,1
"GORASP1",0.0719290867421308,0.742139132655527,0.019,0.011,1
"TTLL4",0.0720410482052469,0.239556188750564,0.05,0.037,1
"ERLIN1",0.0721222322249197,0.363470941930323,0.054,0.038,1
"ZNF749",0.0721892037739894,-0.339131611467843,0.072,0.085,1
"ATG9A",0.0721923090562155,0.231110520912382,0.119,0.094,1
"STARD4",0.0725954590910718,0.374931202393817,0.059,0.046,1
"ELP2",0.0726148548111815,0.12586939680966,0.3,0.256,1
"ENSG00000287092",0.0726525469675695,-0.567530133110846,0.03,0.038,1
"CALCRL",0.0726732094862882,0.824451500067148,0.014,0.007,1
"DBNL",0.0726742149210023,0.203048035481416,0.186,0.153,1
"ENSG00000247228",0.0727763071141087,0.808041180419642,0.013,0.007,1
"LMNB1",0.0728276003006641,0.10838378935774,0.059,0.054,1
"HSPA1B",0.0728794170031378,0.8205739713755,0.016,0.011,1
"TMEM33",0.072996484989812,-0.184671214036157,0.142,0.149,1
"AKR1A1",0.0730222435560977,-0.228944146615093,0.159,0.163,1
"ENSG00000253200",0.0730561826548161,0.43975989996431,0.036,0.024,1
"MAGOHB",0.0731159067828607,-0.139064563114074,0.11,0.116,1
"POP1",0.073265538993396,0.370587320665767,0.064,0.047,1
"RIN3",0.0734296251192652,-0.102175102961582,0.236,0.243,1
"ARL2BP",0.0736743777086946,0.126071232047999,0.497,0.437,1
"ENSG00000231329",0.0736825793419567,0.385421237141061,0.034,0.023,1
"DNTTIP2",0.073802068118028,0.104530705571541,0.347,0.309,1
"RASSF5",0.0738136827964481,-0.121407988850843,0.433,0.422,1
"VEGFB",0.0738400442765063,0.226128701625619,0.199,0.16,1
"ENSG00000258800",0.0739460606750733,0.823655411572077,0.013,0.007,1
"NT5C3B",0.0739482137733769,-0.125211434177628,0.093,0.097,1
"ARRDC1-AS1",0.074010144610309,-0.352411266116872,0.044,0.055,1
"ENSG00000229151",0.0741257459780325,0.350125118182699,0.068,0.05,1
"SLC25A46",0.0741903593600391,0.129448220930594,0.22,0.184,1
"THRA",0.0744737902533928,-0.307144144982571,0.077,0.086,1
"TEX30",0.0745196090378689,0.20764828204182,0.116,0.092,1
"SAMD4B",0.0746181285554895,0.220203178099542,0.161,0.128,1
"MON1B",0.0746393117479454,0.269664777954065,0.099,0.077,1
"ORC5",0.0747556497642935,-0.158228741409254,0.12,0.122,1
"LRIG1",0.0748010047300081,0.617729805522995,0.016,0.01,1
"ENSG00000291113",0.0748038517859322,0.239819289974567,0.055,0.046,1
"ENSG00000284734",0.0749985435767218,-0.692484460214374,0.016,0.022,1
"TRAV8-3",0.0750773496039325,-0.396186122924487,0.053,0.056,1
"DCP1A",0.0751090269005365,0.143559975176194,0.239,0.207,1
"SNTB1",0.0751265316098562,0.111728582193161,0.133,0.106,1
"UBL7",0.0752094812474494,-0.15324959777645,0.231,0.232,1
"MCTP1",0.0753480857799861,-0.472645893789346,0.036,0.043,1
"SPOP",0.0754375130538472,-0.189515479869299,0.253,0.262,1
"FLAD1",0.0755198597558485,-0.235133195054845,0.085,0.093,1
"ENSG00000246225",0.0755544345926907,0.477518641008495,0.034,0.024,1
"AAK1",0.0756214804872705,-0.172340207019687,0.445,0.451,1
"ENSG00000286242",0.0756948560687457,0.147399667766624,0.014,0.01,1
"PPIP5K1",0.0757014997782016,0.993992463108392,0.013,0.006,1
"ERCC8",0.0757608452971491,-0.321998687381559,0.055,0.061,1
"PAIP2B",0.0757682014144729,0.503141633828514,0.027,0.018,1
"PTS",0.07581735153326,0.134318963384752,0.142,0.115,1
"ISCA2",0.0758520140508932,-0.212231585982843,0.171,0.178,1
"C12orf42",0.0761238684208874,0.423743162451585,0.027,0.019,1
"ENSG00000231521",0.0761533968042483,0.795562807894508,0.01,0.005,1
"AMPD3",0.0762730806409856,0.52821556743628,0.024,0.015,1
"CCNT2",0.0762833578729635,0.128986948673225,0.197,0.167,1
"AK2",0.0763444332123829,-0.220472709299783,0.171,0.179,1
"MAGT1",0.0764301007169882,0.203406188710518,0.172,0.137,1
"TTF1",0.0764732175242408,-0.221506634092356,0.123,0.127,1
"ANKRA2",0.0764880812164107,0.125115742018139,0.136,0.112,1
"TLN1",0.0765230720734112,-0.160083595117168,0.235,0.238,1
"ZBTB44",0.0765472109536681,-0.129814463053687,0.245,0.251,1
"DYNC2H1",0.0765707616629768,1.03897472303117,0.011,0.005,1
"CPNE1",0.0766822313427798,0.135631510028106,0.355,0.307,1
"LAMP1",0.0768518151151356,-0.131825181859746,0.37,0.372,1
"PVT1",0.0768721631232809,-0.15096307196935,0.138,0.145,1
"GOLPH3",0.0769360811533359,0.127784057883284,0.334,0.289,1
"ENSG00000290876",0.0769497326443383,0.255502539692652,0.075,0.066,1
"NFRKB",0.0771514308346186,0.266110259712952,0.077,0.059,1
"DEGS1",0.0772717897187431,0.17813310209773,0.256,0.215,1
"SORBS3",0.0772909914343744,-0.279865527531456,0.093,0.104,1
"CNNM4",0.0773592242538345,0.560633494858534,0.029,0.018,1
"ENSG00000289564",0.0774292607091805,0.69535877386648,0.012,0.006,1
"ZNF655",0.0774866448538048,0.134507466700651,0.416,0.369,1
"BZW2",0.0778290564236568,-0.143663209182294,0.217,0.223,1
"PARP9",0.0779490035795707,-0.257921225476458,0.079,0.087,1
"BTD",0.078026041155397,0.143327236008445,0.082,0.071,1
"DHRS12",0.078091325440763,0.408644346954663,0.043,0.032,1
"CCDC134",0.0782546724274691,0.359929799506009,0.035,0.025,1
"CRLF1",0.0784006940958649,-0.517560857429968,0.021,0.027,1
"ANKUB1",0.0784985329929318,0.268178967559783,0.074,0.058,1
"CHP1",0.0785359991970367,0.226632805072993,0.076,0.056,1
"LINC02976",0.0788669205293567,0.634696053348829,0.02,0.012,1
"GMEB2",0.0789332781964647,0.230531571754837,0.11,0.087,1
"AP1S2",0.0789976947763728,-0.196117833735743,0.191,0.197,1
"GIGYF1",0.0791441112078753,0.168020765792534,0.116,0.094,1
"KDM5C",0.0791637226758238,-0.119963588982968,0.163,0.17,1
"EIF1B-AS1",0.0792834117879339,0.432328235922387,0.026,0.019,1
"BAP1",0.0792999494475934,0.296446683335367,0.104,0.079,1
"HAUS2",0.0793339641427328,0.175451752367458,0.131,0.108,1
"PSMB8",0.0793661833136692,-0.125911178690688,0.657,0.655,1
"FAM221A",0.0793745698809281,-0.639924766269406,0.018,0.023,1
"UBE2Q1",0.0793800421703754,0.251008510801446,0.115,0.091,1
"DDX23",0.0795848936314316,-0.176171350701613,0.155,0.158,1
"VAMP3",0.0795849025877775,0.219533191249878,0.121,0.095,1
"STAT4-AS1",0.0798227025663781,0.77962135957047,0.018,0.009,1
"SLC4A7",0.0798251642069254,0.191599252453312,0.11,0.085,1
"SPATA2L",0.0798420968121309,0.26629941201697,0.053,0.039,1
"XPNPEP1",0.0798999729224993,0.100001213469374,0.062,0.051,1
"TRAV8-1",0.0799817200716489,0.330064712439598,0.028,0.019,1
"MPV17L2",0.0801577444138559,0.520259813062919,0.026,0.017,1
"KCNQ5",0.0801611078768111,0.284271508041647,0.089,0.07,1
"ETFBKMT",0.0802864523507204,0.548598572756219,0.01,0.005,1
"NBPF10",0.0806006019777268,-0.446329713587141,0.018,0.024,1
"SNAI3-AS1",0.08081494077191,0.603240881858923,0.014,0.008,1
"ZBTB41",0.0809319831049398,0.274526637158595,0.052,0.039,1
"SETDB1",0.080956603975754,-0.205123642358906,0.12,0.126,1
"MTMR4",0.0811006554604385,-0.309811013522095,0.064,0.069,1
"ARL17A",0.0812480405034689,0.395864373580389,0.041,0.03,1
"LINC00265",0.081363399383164,0.603233745376177,0.013,0.008,1
"KATNA1",0.0814366904923988,0.189355404389197,0.147,0.123,1
"AOPEP",0.0815511207484136,0.438001177820935,0.054,0.036,1
"ITFG2-AS1",0.0815792522339179,-0.548287308077819,0.025,0.031,1
"GRAMD4",0.0817598111398224,0.702624317679042,0.019,0.011,1
"ENSG00000285955",0.0820315448302852,-0.547536979114407,0.009,0.012,1
"MLLT11",0.0821500411184037,-0.185303339638529,0.067,0.072,1
"USP32",0.0822153763378061,-0.116550906197526,0.143,0.145,1
"ENSG00000290576",0.0822652408244336,0.980488494365674,0.011,0.006,1
"SLC45A4",0.0825762823353705,0.373366520375841,0.034,0.025,1
"RAD51D",0.082632569748834,-0.239463931929469,0.035,0.038,1
"KBTBD6",0.0827513441415403,0.534585392484519,0.036,0.024,1
"EP400",0.0827856034923957,0.200630938685667,0.173,0.143,1
"SCCPDH",0.082818970584549,0.287134465350307,0.129,0.098,1
"ENSG00000272078",0.0828477772883834,0.713832711324344,0.021,0.014,1
"FARP2",0.0828781282603008,0.436603752599046,0.047,0.034,1
"ATXN1-AS1",0.083017696739367,0.315140596053714,0.035,0.024,1
"ATF2",0.0831002534339646,0.162191325404694,0.267,0.227,1
"CHD6",0.0831224088583726,0.118947230947674,0.313,0.269,1
"CCNT1",0.0832055450304609,0.178424609439126,0.19,0.16,1
"ENSG00000287124",0.0832345126744732,0.581369216953521,0.01,0.005,1
"PECAM1",0.0832462161134932,-0.16785072132804,0.204,0.196,1
"PFKFB2",0.0832991809660818,0.683079858811648,0.022,0.013,1
"MOK",0.0833306807715286,0.35011936255737,0.06,0.046,1
"ATAD3B",0.0833627590436912,0.249943189006903,0.076,0.059,1
"ZNF57",0.0835715513764115,0.874323636188095,0.015,0.008,1
"ENSG00000260271",0.0836012227311876,-0.624077898936402,0.01,0.014,1
"QRSL1",0.0836982980708995,-0.294158994984468,0.087,0.098,1
"POLR2J2",0.0837149575835397,0.444882150843557,0.035,0.025,1
"GTPBP4",0.0837625928219713,-0.106430852970592,0.232,0.234,1
"SNX15",0.0838532413313362,0.297667200350255,0.024,0.017,1
"ASF1A",0.0838741031405097,0.13930733562659,0.252,0.215,1
"PIK3R4",0.0839689304471372,0.229054751589278,0.136,0.108,1
"ATXN3",0.0841082813165426,0.119032386735446,0.206,0.187,1
"SNHG16",0.0842716647263276,0.140048893983113,0.506,0.463,1
"SNX19",0.0843788638947023,0.337761092689526,0.062,0.044,1
"ALDH3A2",0.0843792964318981,0.675745000848038,0.019,0.012,1
"MAP3K7CL",0.0843870225008083,0.904729157246307,0.011,0.006,1
"EED",0.0843979672855188,0.198363426658478,0.155,0.127,1
"TTC19",0.0845730111639373,0.175738043106496,0.276,0.23,1
"ABCC1",0.0845972920754583,0.103217740770094,0.417,0.364,1
"IRAK4",0.0846422366618939,0.232634532453307,0.141,0.114,1
"THBS3-AS1",0.0846611418021299,0.324166392260698,0.055,0.04,1
"ENSG00000291079",0.0849340779000168,-0.278678523330113,0.083,0.087,1
"FECH",0.0849458046813592,0.311913989111039,0.039,0.028,1
"DESI2",0.0850662172983696,0.171213486484464,0.157,0.128,1
"CEP72",0.0851428565538725,0.657991461165273,0.022,0.014,1
"TRERF1",0.0851699662480747,0.136399325617053,0.032,0.024,1
"CTC-338M12.4",0.0851977223618457,0.546618709854709,0.024,0.018,1
"ITFG2",0.0852221523463584,0.123117874485607,0.152,0.132,1
"SAP25",0.0852555864946843,-0.58905119339988,0.019,0.027,1
"SLC15A4",0.0852632090804009,0.407293212061525,0.077,0.055,1
"TBCE",0.0853897370767412,-0.159772765081257,0.035,0.037,1
"LYRM4",0.0854665990273458,-0.226993349733569,0.109,0.116,1
"RPP30",0.0855367520902195,0.174187430931774,0.204,0.173,1
"GIPC1",0.0855511376905556,0.360077477467883,0.044,0.031,1
"LIG1",0.0855562521971126,0.425693460044648,0.062,0.045,1
"KCNJ14",0.0857879086444454,-0.734858175794391,0.005,0.01,1
"CTSZ",0.0860026588012416,-0.3203750147424,0.029,0.034,1
"SLC49A4",0.0860466560791452,0.203197564878896,0.087,0.067,1
"LINC01278",0.0862132715446402,0.244873108796612,0.068,0.055,1
"CKS1B",0.0862469814135368,-0.215314961724341,0.12,0.129,1
"B4GALT5",0.086274654198246,0.254756972432792,0.098,0.077,1
"SNX10",0.0863239394617009,-0.481186598122578,0.023,0.031,1
"SUOX",0.0867745982852232,-0.566698759155285,0.022,0.029,1
"PALB2",0.0867854933858908,-0.252115195233629,0.021,0.021,1
"VBP1",0.0868247002581398,-0.178077390952855,0.206,0.214,1
"ZXDA",0.0868727158275482,0.435558368422074,0.021,0.014,1
"ICAM3",0.086932390095736,0.117451141977958,0.485,0.427,1
"ACSL1",0.0870029853098498,0.350675482674221,0.061,0.044,1
"TRAV39",0.087315489248811,-0.883258629654291,0.012,0.017,1
"CEP83",0.0873829172839998,0.185628707037256,0.22,0.184,1
"ZNF330",0.0874679433759885,0.101562573620232,0.178,0.152,1
"CRACR2A",0.0877232511149493,0.350001357664927,0.067,0.052,1
"RRS1",0.0877506321015456,-0.170425469437307,0.083,0.087,1
"YEATS2",0.0877525551524668,-0.217293402740389,0.08,0.086,1
"LRRC70",0.0877714078052264,0.10837387205033,0.01,0.006,1
"ENSG00000290924",0.0878055811011839,0.254520119946531,0.05,0.04,1
"ANKAR",0.0878418674046927,-0.371744788341932,0.035,0.04,1
"TRIM46",0.0881029585977967,0.942754447006668,0.01,0.005,1
"ZBTB5",0.0881098376152437,0.271226586006676,0.068,0.052,1
"DCHS1",0.0881402155606561,0.475549789484721,0.038,0.027,1
"NAF1",0.0881567021512607,0.240675176870868,0.142,0.114,1
"ZNF180",0.0881826093501356,0.287025003426011,0.066,0.049,1
"HSF5",0.088211274879836,0.817527374194204,0.014,0.007,1
"COX19",0.0883529269271304,0.123683130450656,0.209,0.176,1
"ENSG00000278743",0.0887468979321362,0.149371770109594,0.053,0.043,1
"MIR4422HG",0.0887520464799958,0.911350251525408,0.01,0.005,1
"GLMN",0.0887610258028409,0.166026278061994,0.235,0.201,1
"GATD1",0.0887637099091687,-0.189626459790892,0.043,0.047,1
"NDUFB5",0.088793170307825,0.120766898198908,0.232,0.193,1
"UGP2",0.0890239783484767,0.126205479113922,0.255,0.217,1
"APOLD1",0.0890664919482209,-0.305896834598614,0.066,0.077,1
"ZSWIM3",0.0890814698381199,0.367626964252358,0.036,0.026,1
"CD101",0.0892519220008488,0.863475954847673,0.011,0.005,1
"KLRK1-AS1",0.0893694763377365,-0.119872799808631,0.259,0.254,1
"PABPC4",0.0893927285158049,0.175490668691331,0.272,0.231,1
"ENSG00000286223",0.0894577489640435,0.791880892550854,0.015,0.009,1
"ULK3",0.0895335887112668,0.183180338231952,0.09,0.07,1
"CNOT3",0.0896055483479045,-0.163293816606493,0.131,0.138,1
"SCAPER",0.0899347031060272,0.200539298857199,0.137,0.114,1
"KLHL20",0.0899859380188507,0.147271706712154,0.176,0.146,1
"LINC02256.1",0.0900421805103725,0.171251594967581,0.091,0.072,1
"MAT2A",0.090106007820871,0.176404501583675,0.329,0.285,1
"TRBV6-5",0.0901987314663661,-0.540692727085209,0.038,0.04,1
"KMT2D",0.0902718486781685,0.277692205261688,0.126,0.097,1
"ASTN2",0.0904875827558858,0.396018840419692,0.016,0.012,1
"ZNF248",0.0905130132126608,-0.438714978769573,0.033,0.04,1
"TBC1D9B",0.0906632093400046,0.272603346097367,0.065,0.048,1
"LRCH3",0.0906868768964455,0.161557471661134,0.354,0.299,1
"ENSG00000289359",0.0907386527200631,-0.989565996290422,0.009,0.013,1
"TSIX",0.0907563302910346,-0.304713337709572,0.007,0.01,1
"SDE2",0.0907671513313929,0.17686286826202,0.192,0.161,1
"MTUS1",0.0908673718844679,0.250189127833936,0.035,0.025,1
"EFNB1",0.0910136322569274,0.346854326447147,0.013,0.009,1
"CASK",0.0910840671099098,0.116999687312,0.212,0.18,1
"PTPN12",0.0911004996604664,-0.257577350957289,0.058,0.058,1
"LINC03011",0.0912110461603486,-0.27641968838485,0.016,0.016,1
"YME1L1",0.0912876552072124,0.11427819086548,0.486,0.437,1
"LINC01550",0.0913372520202488,0.220856410737843,0.116,0.097,1
"SIAE",0.0915063022982658,0.701965746912786,0.014,0.009,1
"NUDT1",0.0915518116016296,0.293905350702102,0.078,0.058,1
"XPO4",0.0916164594284347,0.113826052525639,0.201,0.179,1
"SLC16A11",0.091656203645757,0.810564759811124,0.011,0.006,1
"APOBEC3C",0.0916618173644678,0.527913343388646,0.028,0.021,1
"MED22",0.091763968964033,-0.347249638198433,0.031,0.035,1
"ACADSB",0.0917915637374065,0.216614151800438,0.061,0.045,1
"LTN1",0.0918478406008213,0.222140383639876,0.145,0.116,1
"ZNF345",0.0918970446358786,-0.204722105921507,0.064,0.072,1
"FKBPL",0.0920037481833784,-0.629009272756721,0.022,0.029,1
"ZNF333",0.0921661382141349,-0.378145421296963,0.027,0.032,1
"HSPB1",0.092205415104805,-0.150546326218293,0.338,0.338,1
"SCAMP4",0.0923096538407299,0.176931646454727,0.101,0.08,1
"FAM76B",0.0923308052396365,0.218211105223312,0.167,0.138,1
"LMBRD1",0.0923807765955709,0.118974637223831,0.342,0.3,1
"ZBTB34",0.0924368134515579,0.602792186323807,0.031,0.019,1
"KIAA0513",0.0924519853557675,0.393999245499587,0.075,0.055,1
"TTC5",0.0924533168660596,0.241143663792941,0.081,0.064,1
"ENSG00000290018",0.0925675742335757,-0.561022834899676,0.036,0.046,1
"R3HDM1",0.0928917899737332,-0.150796262141365,0.209,0.213,1
"ENSG00000223725",0.0930273948785595,0.77349099242222,0.017,0.01,1
"PSMB8-AS1",0.0933127092573437,-0.188601050270042,0.24,0.25,1
"TRAV9-2",0.0933271841039674,-0.635298656675326,0.022,0.027,1
"CDADC1",0.093411509595257,0.314069140429933,0.051,0.037,1
"ENSG00000290737",0.0936007588285435,0.393940090720839,0.053,0.039,1
"BDH1",0.0936217254571427,0.361094510667154,0.038,0.024,1
"STX16",0.0937965715325279,0.135573014784214,0.142,0.123,1
"SH2D3A",0.0939032458922249,0.257307783564226,0.143,0.111,1
"ZSCAN16-AS1",0.0939790613352954,-0.216950493031752,0.149,0.155,1
"AFDN",0.0942033008050492,0.959819220362026,0.012,0.005,1
"ZC3H18",0.0942915543873861,0.216938693435679,0.243,0.2,1
"IP6K1",0.0944232347699459,0.105615152878025,0.28,0.245,1
"SUDS3",0.0945119960731042,-0.103053661181988,0.14,0.145,1
"SLC25A51",0.0945166124133296,0.216030135585715,0.114,0.089,1
"ELAC2",0.0947850524371372,0.261140707117872,0.125,0.097,1
"ZRANB2",0.0947886785383255,-0.126086836626444,0.429,0.434,1
"DDX28",0.0947895185746153,0.127029174437733,0.095,0.085,1
"GNB1L",0.0949100818789344,-0.382805932428388,0.042,0.048,1
"ZNF554",0.0950047868421552,0.406915123076441,0.026,0.017,1
"PHF13",0.0950946209371201,0.192478005364361,0.047,0.038,1
"NDUFAF6",0.0952601409951647,0.103261841864086,0.122,0.102,1
"GK",0.09538329367834,0.55004765421782,0.02,0.013,1
"CHRM3",0.095455689449074,0.498104962528146,0.047,0.034,1
"ACTR6",0.09558023129475,0.110563943690829,0.209,0.181,1
"ENSG00000290790",0.0955888400224208,-0.638386055407627,0.008,0.012,1
"ARHGAP35",0.0956044935581039,-0.184622017072229,0.052,0.049,1
"GID4",0.0956047975825174,-0.125010192721267,0.079,0.075,1
"METAP1D",0.0956366590644144,0.280907478267211,0.034,0.026,1
"DLG4",0.0957556746218712,0.332144234648721,0.025,0.02,1
"ENSG00000225450",0.0957895997377368,0.324598399913445,0.044,0.031,1
"RRP1",0.09584845341953,0.214959729794689,0.13,0.104,1
"SETD3",0.0959263523486443,-0.157072526499674,0.11,0.108,1
"TAB1",0.0960387535617657,-0.212055888590515,0.036,0.038,1
"HCG27",0.0960841810475825,-0.222656102091373,0.014,0.017,1
"FBXO48",0.0963646121274127,0.206331883471535,0.038,0.029,1
"MTRF1",0.0965485733053841,-0.4409715310378,0.041,0.048,1
"PDHX",0.0965653738062852,-0.25621198908536,0.067,0.073,1
"STX3",0.0967815751114643,0.465802071444143,0.021,0.013,1
"ENSG00000289340",0.0968133867110231,0.587901549212458,0.013,0.008,1
"UBOX5",0.0971669498716152,0.291895801308682,0.064,0.047,1
"BMPR2",0.0972531296105648,-0.227951571133673,0.137,0.145,1
"ZNF335",0.0973487333888992,0.212288238295814,0.164,0.134,1
"C11orf65",0.0975827979841853,-0.195370866560563,0.065,0.064,1
"ENSG00000288891",0.0976310431487465,0.227182993057721,0.042,0.035,1
"ARMC1",0.0978364751793259,0.192950003285356,0.165,0.137,1
"ETNK2",0.0978644556396835,0.749442913065689,0.012,0.007,1
"RPS6KA4",0.0979868926298579,0.194232645741023,0.02,0.014,1
"HNRNPK-AS1",0.0980405675867116,-0.165188567494115,0.058,0.061,1
"ALG9",0.0981252965509176,0.270276854700275,0.079,0.062,1
"IQCC",0.0982004013091641,0.789460004631528,0.014,0.007,1
"FBXO3",0.0983725682712257,0.124224808025647,0.213,0.189,1
"ERMN",0.0985205991866787,0.673761365829136,0.016,0.009,1
"VPS52",0.0985789205026482,0.244080674581217,0.067,0.052,1
"NBPF1",0.0986235264614397,-0.241598887870611,0.081,0.086,1
"MAP2K1",0.0986863479529691,-0.1025482724737,0.24,0.223,1
"STX10",0.0987135827122054,-0.181709564610808,0.108,0.117,1
"CCDC152",0.0990595698055577,-0.143831618839679,0.03,0.029,1
"ASF1B",0.0990644338541174,-0.938501597166543,0.006,0.01,1
"C5orf58",0.0991545441521343,-0.301165332219842,0.025,0.031,1
"SNTA1",0.099281787000077,0.911592246874805,0.013,0.007,1
"CDIN1",0.0992925308655566,0.281490213546408,0.036,0.027,1
"NABP1",0.0993110499282523,0.315392523868939,0.058,0.044,1
"KIAA0232",0.0993995886711729,0.131992560994087,0.191,0.156,1
"BCORP1",0.0995868251721572,0.607114627897405,0.024,0.015,1
"RRM2B",0.099588030260156,0.394397159079437,0.044,0.031,1
"TRUB1",0.0996343458242861,0.255955971643632,0.05,0.041,1
"DDX19A-DT",0.0996725382249921,-1.03058343287876,0.007,0.012,1
"TAMALIN",0.0999605446888821,0.293726772481024,0.108,0.086,1
"NFS1",0.100014028982636,0.346299070507113,0.045,0.033,1
"ZNF717",0.100216731379924,0.63538701014567,0.026,0.016,1
"UQCRC2",0.100259661460631,-0.103673091590659,0.445,0.438,1
"TRAV6",0.100276250087392,0.369182449014136,0.028,0.019,1
"STT3A",0.100303073356309,0.101822553397281,0.159,0.131,1
"TUBGCP4",0.100342054935753,0.473058149946661,0.034,0.026,1
"BUD23",0.100346019113936,-0.112719317434836,0.388,0.376,1
"SNED1",0.100351265330259,-0.139934961214869,0.192,0.188,1
"CYB561A3",0.100431413333769,-0.242850078384957,0.08,0.089,1
"CRTAM",0.100636276028619,-0.112602473763294,0.208,0.216,1
"NCDN",0.100916020527664,0.433856154926215,0.034,0.022,1
"HEXIM2-AS1",0.1009439188634,-0.227309317057351,0.072,0.078,1
"HNRNPR",0.101005205468219,-0.106514321956907,0.524,0.509,1
"PPAT",0.101293851586041,-0.296416187076528,0.042,0.05,1
"ENSG00000273456",0.10134219759904,-0.627955307571501,0.014,0.017,1
"BCL2L14",0.101547676186012,1.08477800152338,0.011,0.005,1
"MAST2",0.101612691035869,0.371078127756586,0.026,0.017,1
"TMEM147",0.101698395392652,-0.17873486549616,0.215,0.218,1
"DCAKD",0.101766212947126,-0.115034760335262,0.078,0.08,1
"LINC00910",0.102027608717622,0.268048974208924,0.048,0.036,1
"MTURN",0.102160886234139,-0.270553816692728,0.103,0.114,1
"NXPE3",0.10225198838789,0.245102508315182,0.105,0.082,1
"CCDC107",0.102428067142924,-0.215511520529499,0.168,0.177,1
"FRAT2",0.102513165503495,0.22309194174043,0.097,0.078,1
"SMAP1",0.102618498004907,-0.122286204510013,0.317,0.312,1
"TRAV10",0.102742400625807,-0.666383521632594,0.018,0.024,1
"CCDC127",0.102825194588617,0.264839533980874,0.126,0.1,1
"UBR5-DT",0.102965687546024,0.607834394658598,0.017,0.01,1
"ZNF136",0.1029755663174,0.179272206201082,0.096,0.079,1
"TMCO6",0.1029851117865,0.344985473849653,0.059,0.044,1
"DDX54",0.10303393680023,0.163085644136002,0.221,0.185,1
"TRMT11",0.103081968001112,0.226242012515483,0.107,0.085,1
"GBAP1",0.103204797249773,0.856475372541523,0.01,0.005,1
"EPOR",0.10324050845885,0.635165193338715,0.015,0.01,1
"OR4D1",0.103350998301802,0.730968006428264,0.011,0.006,1
"MYSM1",0.103493403268168,0.199400239493094,0.15,0.124,1
"NTSR1",0.103597640960137,-0.503308456821117,0.026,0.03,1
"ZNF439",0.103613144087047,0.428109515940061,0.033,0.023,1
"KCNJ13",0.103737339970539,-0.533509808002157,0.013,0.017,1
"SPATC1L",0.103754756412289,0.556347132500872,0.014,0.01,1
"PTGR3",0.103773933365453,-0.385535308068274,0.035,0.041,1
"SLC24A1",0.103807612934836,0.457462408182447,0.057,0.04,1
"ENSG00000280614",0.103882646655864,0.474978764623381,0.028,0.02,1
"PIGH",0.104076630542518,0.125784803352758,0.129,0.111,1
"SMG5",0.10409412967644,0.14184389944743,0.124,0.104,1
"SYNGR1",0.104126870059063,0.546129289348891,0.018,0.013,1
"TRBV21-1",0.104197783174418,0.413651010123191,0.032,0.029,1
"EBNA1BP2",0.10420853347646,0.333123135088989,0.114,0.089,1
"CHTF8",0.10424057384545,-0.188084908783605,0.107,0.108,1
"SNF8",0.104301736312338,-0.128310818053424,0.223,0.223,1
"H2BC7",0.104420117913078,0.652713127932396,0.014,0.009,1
"TSNARE1",0.104540821630108,0.328840341027393,0.043,0.03,1
"GAMT",0.104546064604538,0.102699546772933,0.06,0.048,1
"PMVK",0.104689282109607,0.305045566312567,0.099,0.074,1
"STN1",0.104764922177817,-0.318020147204204,0.077,0.086,1
"PPCDC",0.104828948345404,0.615280380544675,0.021,0.016,1
"FBXO4",0.104845873437276,0.386727116020885,0.051,0.035,1
"CCDC115",0.105054498827897,0.14872372745041,0.192,0.161,1
"CHST10",0.105108735516269,0.491788416431772,0.013,0.008,1
"AHDC1",0.105160804245075,0.315934068460253,0.051,0.04,1
"CALCB",0.105185776848714,0.468615823775511,0.027,0.018,1
"ZNF236-DT",0.105186007935978,0.300493400218886,0.035,0.025,1
"ADPRS",0.105423915645356,0.101126901451409,0.21,0.176,1
"MAP9",0.105429130330606,0.316938845416968,0.095,0.075,1
"MRM1",0.105539226598813,0.362399031512236,0.014,0.012,1
"AP3B1",0.105602649876547,0.105787112263068,0.252,0.213,1
"APOBEC3F",0.105660524840036,0.530251671280078,0.026,0.016,1
"GRK3",0.105682890813637,-0.515152545613655,0.009,0.012,1
"ZNF100",0.105811634868455,0.158366938965182,0.122,0.097,1
"GPR183",0.105829437031688,0.136689432937425,0.244,0.236,1
"ABCF3",0.10594756281333,0.175401627911523,0.187,0.154,1
"CLIP3",0.105957436387101,0.244902657520262,0.03,0.023,1
"GDAP2",0.105958111113922,0.219641542672827,0.118,0.102,1
"LMTK3",0.106130578029887,0.751046639505204,0.014,0.008,1
"DYRK3",0.106218108334024,0.801412215964732,0.014,0.008,1
"NAALADL1",0.106239602501008,0.837314606269279,0.013,0.007,1
"PCSK1N",0.106252920408945,0.206568353754021,0.151,0.127,1
"ZNF438",0.106369583582558,0.383699456263352,0.052,0.038,1
"TRAF7",0.106396394560625,-0.202005231365074,0.104,0.108,1
"ACTR3B",0.106417432410772,0.500666559089771,0.047,0.033,1
"MYL5",0.106429207009586,0.217978950608724,0.043,0.032,1
"C8orf58",0.106588070084666,0.625991548399612,0.031,0.021,1
"FRMD8",0.106616385618878,0.110815920791095,0.204,0.173,1
"MPG",0.106621975009506,0.118714043244678,0.146,0.121,1
"UBTF",0.106709663771026,0.122537801282998,0.219,0.187,1
"CFL1P1",0.106780841967976,0.104944254968185,0.009,0.01,1
"COQ8B",0.106806736988081,0.312245981478988,0.058,0.044,1
"FKRP",0.106920789716507,0.284422149083261,0.037,0.027,1
"RBSN",0.107005692279508,0.183051790854252,0.063,0.05,1
"IMPA1",0.107034725217994,0.205136982363817,0.109,0.086,1
"ANKRD13C",0.107046454955294,0.193260366367473,0.185,0.15,1
"TRMT61B",0.1071360790311,0.249106971654589,0.108,0.086,1
"KLRC4",0.107136857209868,-0.316041867724355,0.152,0.162,1
"LINC00402",0.107184695468542,0.37976562793244,0.029,0.019,1
"HNRNPL",0.107212093030546,-0.102371493827721,0.667,0.663,1
"YRDC",0.107276620960974,0.186801974399204,0.131,0.114,1
"VPS11",0.107326696699212,0.175494071566439,0.087,0.069,1
"ENSG00000291100",0.107356452517289,0.204239302200842,0.13,0.105,1
"PRXL2A",0.107362115686191,0.305890553860901,0.034,0.023,1
"ANKRD16",0.107472513858843,0.381669047694413,0.028,0.018,1
"ENSG00000259564",0.107714396167823,0.351578528559494,0.016,0.01,1
"BTBD10",0.107964990253693,0.142016638432839,0.202,0.168,1
"KCTD6",0.10797243968729,0.122101153253509,0.062,0.055,1
"ZCCHC2",0.108284636992941,0.268843408945032,0.101,0.079,1
"ENSG00000240963",0.108294916784526,0.12397035230132,0.027,0.021,1
"IL20RB",0.108428068315853,-0.714430877820512,0.009,0.012,1
"RABGGTA",0.108670413445096,0.152105060185324,0.082,0.064,1
"F11R",0.108710158467772,-0.326422422804979,0.061,0.068,1
"ZNF622",0.108734772847527,-0.17198805541682,0.172,0.176,1
"SIRT4",0.108871192317156,-0.448663264494571,0.014,0.019,1
"CASP10",0.108879535321741,-0.32427387902358,0.05,0.056,1
"ENSG00000290872",0.109048451117204,-0.361776947540494,0.043,0.051,1
"MMP24",0.109168223212628,-0.755900222928028,0.007,0.011,1
"BCL11A",0.109234110496616,-0.379015299911555,0.052,0.06,1
"SPEG",0.10928501791797,0.267700280313738,0.013,0.011,1
"PPP2CB",0.109400518046554,0.258211988036914,0.117,0.091,1
"COQ7",0.10944389762135,0.408715970698279,0.035,0.026,1
"LYRM1",0.109533399597877,0.194695982792561,0.054,0.04,1
"ZNF566",0.109556399881773,0.422959758570544,0.049,0.035,1
"ENSG00000287387",0.109589276179008,0.518204782163005,0.027,0.018,1
"GSPT2",0.109803250734118,0.534793876939192,0.028,0.018,1
"AZIN1",0.109995891325239,0.127446602920508,0.222,0.188,1
"CPSF4",0.110137930367195,0.344228834657828,0.048,0.037,1
"KIF1C",0.110238023938144,0.797558493669421,0.015,0.009,1
"NAMPT",0.110286863533114,0.155844995506002,0.205,0.173,1
"ACAP3",0.110387220016746,-0.363796029762404,0.034,0.042,1
"DNAJC28",0.11042137586809,-0.222949992243065,0.009,0.01,1
"AAAS",0.110468104085373,-0.26516035046664,0.058,0.065,1
"SNX4",0.110692737658148,0.207511768952087,0.165,0.133,1
"DOCK11",0.110737690306619,0.135626562981288,0.25,0.215,1
"GOLGA2P5",0.110744158665502,0.582276862567236,0.017,0.01,1
"TMEM160",0.110908872208259,-0.192890934598617,0.273,0.284,1
"GON4L",0.110912599218392,0.123915728535033,0.296,0.256,1
"C2orf74",0.11097904197469,-0.397859345586988,0.065,0.072,1
"TMEM237",0.111044114460192,0.353387666366944,0.039,0.027,1
"MICU2",0.111084748167659,-0.113572883039695,0.273,0.274,1
"IFIT5",0.111193117956658,-0.193781478014519,0.082,0.083,1
"MTAP",0.111440547066146,-0.160590440313962,0.085,0.089,1
"QTRT1",0.111719901913218,0.230156409663158,0.203,0.164,1
"TRBV7-9",0.112072547247661,-0.484868058666051,0.051,0.061,1
"SPATA33",0.112144654287913,0.335851366207268,0.056,0.042,1
"RTF2",0.112183295977683,0.11626641203413,0.391,0.342,1
"ENSG00000290856",0.11228532300049,0.228165628683791,0.085,0.067,1
"PGD",0.112395384325142,-0.191306913924264,0.199,0.208,1
"TRBV3-1",0.112449438565707,-0.573628082926309,0.021,0.025,1
"TM9SF4",0.112739992096604,0.134987414939675,0.156,0.129,1
"SDHA",0.112802263972307,0.106368511598979,0.375,0.329,1
"PCGF6",0.112819723911609,0.217196798188267,0.082,0.063,1
"FUT11",0.112830135839652,0.438043634209234,0.054,0.04,1
"ZNF805",0.11284059784266,0.2521149037692,0.056,0.041,1
"ZNF516",0.113014956156443,0.502386833225002,0.032,0.024,1
"OBSCN",0.113130003200595,0.290510217919826,0.047,0.034,1
"GP6-AS1",0.113248175417218,0.149200330223917,0.022,0.019,1
"TRIM5",0.113301568636875,-0.297155337455882,0.095,0.102,1
"GPATCH11",0.11334925137202,0.206484923962266,0.124,0.099,1
"BPNT1",0.113546815968276,0.319563284476219,0.051,0.036,1
"ZNF219",0.11365261480511,0.130715650482017,0.067,0.055,1
"MAPKAP1",0.113699676768795,-0.150387258760738,0.126,0.129,1
"MRPL58",0.113781214192165,-0.217371489456393,0.126,0.132,1
"WAPL",0.113898025731992,0.117165065318945,0.364,0.323,1
"ANXA2R-AS1",0.11390144117777,0.52781159752348,0.028,0.018,1
"CEP85L",0.113933669428316,-0.138337298172215,0.314,0.303,1
"NAXE",0.113933905778257,-0.168753846041594,0.17,0.174,1
"TRAF3IP1",0.114013877870042,0.34886606672844,0.064,0.047,1
"TBC1D17",0.114164921744872,-0.235376979010153,0.131,0.136,1
"MAP3K9",0.114210936798906,0.67935012358658,0.019,0.012,1
"YIPF5",0.114345231079046,0.130304251968234,0.377,0.325,1
"FHIP2B",0.114488432035615,0.286880722633483,0.081,0.064,1
"ABCB9",0.114562472929018,0.121958099019507,0.012,0.012,1
"FEM1B",0.114569059570524,0.221559455532546,0.141,0.117,1
"PURA",0.114654456060205,0.114492071868937,0.247,0.214,1
"NEK11",0.114739472642159,0.325653818265793,0.039,0.028,1
"ACTR3-AS1",0.114745065534907,-0.18541140196782,0.033,0.036,1
"CTU2",0.114890577866693,0.263283833215359,0.127,0.101,1
"DLAT",0.114980914272443,0.157488393999248,0.076,0.058,1
"RHOT2",0.115008731603357,0.110206802336694,0.184,0.16,1
"ENSG00000289398",0.115144409588826,0.453536559426045,0.017,0.012,1
"STX17-DT",0.115308990074901,0.657899421816647,0.013,0.007,1
"APOL2",0.115486020234306,-0.285107731500341,0.064,0.069,1
"LTBP4",0.115512551897224,-0.109970660819976,0.042,0.037,1
"ST6GALNAC4",0.115533066242017,-0.23856244095976,0.073,0.075,1
"BLOC1S2",0.115580017046292,0.126693694270095,0.305,0.26,1
"CYP3A5",0.115632465060027,0.73088820186203,0.011,0.006,1
"TIMMDC1",0.115727307624537,-0.192568840247197,0.096,0.101,1
"TRIM59",0.115751234640038,0.277015104849426,0.083,0.063,1
"SEC31A",0.115823908917651,0.147618723507935,0.312,0.267,1
"MAPK8IP1",0.115832464624975,0.437681805527223,0.031,0.02,1
"EPB41L4A-AS1",0.115949692250931,0.113889360979172,0.448,0.401,1
"NLRP2",0.116094590539933,0.539888630686746,0.014,0.009,1
"AEBP1",0.116192116882218,0.290054250128625,0.041,0.029,1
"BCAP29",0.116211998784014,0.233463300313144,0.11,0.09,1
"SPRYD3",0.116261304557767,0.255464370031685,0.064,0.048,1
"MIR4453HG",0.116276700242113,0.31764677326242,0.014,0.011,1
"STOM",0.116302135340633,-0.273116442998564,0.046,0.048,1
"DHX8",0.116488536785709,0.209820905960982,0.174,0.144,1
"ATPAF2",0.116493984916574,0.274119417288689,0.046,0.034,1
"SMIM7",0.116572410003747,-0.116766845529187,0.18,0.185,1
"EGLN1",0.116606341625022,0.109069593387324,0.131,0.108,1
"STIM1",0.11664526469887,0.137818401039613,0.217,0.182,1
"ZDHHC4",0.116663863825313,-0.237525470609073,0.121,0.126,1
"DHRS4L2",0.116810920052619,-0.700853079078262,0.014,0.018,1
"FAM219B",0.117000550429627,0.292215408459438,0.046,0.036,1
"SYNE3",0.117105450147076,-0.175856131652385,0.035,0.039,1
"IGFLR1",0.117325090510752,0.118733544065376,0.169,0.141,1
"RNF14",0.117477272266467,-0.1169515939762,0.117,0.121,1
"POLG2",0.11749509652228,0.24613520101342,0.082,0.067,1
"TRBV5-4",0.11756729973059,-0.619834565939004,0.017,0.022,1
"FEZ1",0.117602515176979,0.169976820597859,0.03,0.022,1
"ALG2",0.117647185577039,0.137826023797653,0.148,0.122,1
"STYXL1",0.117656561092359,-0.430471368008694,0.022,0.025,1
"ENSG00000291003",0.117780703658714,0.173900695937868,0.014,0.014,1
"TFIP11",0.117805416911421,0.121696498914144,0.243,0.209,1
"H3C6",0.117827460018974,-0.709872000849237,0.009,0.014,1
"TAOK1",0.118180624314725,0.151391022309932,0.227,0.196,1
"WASHC5",0.118504468040813,0.241311728526439,0.123,0.096,1
"TRIP4",0.118521375632818,0.198810871346834,0.088,0.07,1
"NME1",0.11859441869772,-0.180181782903424,0.097,0.103,1
"SPATS2",0.118673689559438,0.441242846847239,0.026,0.02,1
"PATL2",0.118687352581088,0.295436807558204,0.059,0.046,1
"COQ10B",0.118805862459448,0.112725267472984,0.256,0.22,1
"KLHL29",0.118812778416539,0.79217158676042,0.01,0.006,1
"RABL2B",0.118876197176829,0.301796227714711,0.098,0.075,1
"TRBV28",0.118911267508568,0.315083592585865,0.039,0.031,1
"WDR47",0.118949433147799,0.290076961411739,0.09,0.074,1
"CCDC126",0.119001515535178,-0.191074785726685,0.095,0.101,1
"OSBPL2",0.11925354207276,0.179463910389936,0.11,0.092,1
"MAX",0.119282513758856,-0.113395064621135,0.651,0.648,1
"NCOA2",0.119579756722055,0.136130663335455,0.217,0.189,1
"ARMH3",0.119600460876438,-0.213587982591951,0.09,0.094,1
"CBX4",0.119721025205221,0.133058444433889,0.093,0.08,1
"QDPR",0.120030091754421,0.29958896797273,0.034,0.024,1
"ZC4H2",0.120063315188451,-0.330877962322565,0.05,0.053,1
"HHLA3",0.120114344620736,0.254189655343287,0.018,0.014,1
"MED31",0.120165971151822,0.145438998486448,0.217,0.187,1
"PTGER2",0.120230213995641,0.894566642039426,0.013,0.007,1
"CEP112",0.120388774686961,-0.185981418111271,0.084,0.088,1
"GSTCD",0.120443351322259,-0.162645073502146,0.022,0.025,1
"TEX22",0.120452395681755,0.179523911476125,0.02,0.014,1
"PHLDB1",0.120592371948691,0.902987056069061,0.014,0.007,1
"SHQ1",0.120606361661709,0.343743333379369,0.091,0.07,1
"UBE2L6",0.120639828471108,-0.140377672556965,0.341,0.337,1
"LMF1",0.120891172550991,0.373582432664756,0.041,0.031,1
"CENATAC",0.120910119325516,0.270241454787892,0.108,0.086,1
"APBB3",0.120944858667485,0.320064787662563,0.038,0.027,1
"ENSG00000255328",0.120979282221351,0.134677335642281,0.011,0.011,1
"RNF169",0.121046340890584,0.258296102722899,0.149,0.121,1
"TAF1",0.121053034015891,0.185178395388285,0.156,0.125,1
"MAFK",0.12106311510722,0.220110892524365,0.09,0.072,1
"ZDHHC16",0.121084309968554,-0.166119077957272,0.091,0.097,1
"LPCAT1",0.121114471241703,0.467949670941698,0.043,0.032,1
"PRKCH-AS1",0.121244681305457,0.153954016293554,0.172,0.145,1
"ENSG00000287117",0.121272449248086,0.828828760070321,0.012,0.007,1
"ELP1",0.12146202583113,0.183288004722422,0.107,0.083,1
"RBMX2",0.121466160183185,-0.173626591591824,0.124,0.129,1
"LRRC40",0.121515826688992,0.190637729178226,0.144,0.114,1
"ZFR",0.121576035776021,-0.118734231439891,0.334,0.331,1
"ENSG00000248367",0.121583125266263,0.537690427042242,0.028,0.02,1
"YIF1A",0.121730726934058,0.154760639562949,0.202,0.17,1
"UPF3A",0.121975712293073,-0.119896205012161,0.218,0.221,1
"RWDD2B",0.122033519563624,-0.513844500093451,0.014,0.019,1
"ZNF473",0.122448607195425,0.368792441185096,0.041,0.03,1
"PPIL1",0.122527313084791,-0.282902475592623,0.069,0.075,1
"CLIP4",0.122533419900491,0.193280377417685,0.144,0.119,1
"MAPKAPK5",0.122546477042176,-0.136370089937883,0.157,0.155,1
"GALNT6",0.122570776713942,-0.24239464661334,0.06,0.068,1
"GLRX5",0.122681751388866,0.106342019108458,0.337,0.293,1
"C1GALT1",0.122937112594983,-0.153898919669462,0.212,0.213,1
"MCUB",0.123039462649652,-0.108767410312332,0.676,0.67,1
"DOP1A",0.123117487157519,0.125612602077846,0.139,0.114,1
"LYST",0.123133867654131,0.122557300896756,0.427,0.374,1
"PIP4K2A",0.12319028721328,0.106210189455407,0.338,0.297,1
"SIDT1",0.123210191712064,0.246657024442758,0.097,0.081,1
"NQO1-DT",0.123255254624962,-0.496964750941669,0.011,0.014,1
"NAA35",0.123274272307248,0.178493666600317,0.196,0.165,1
"ENSG00000278730",0.123505849658658,0.465297199226262,0.015,0.009,1
"PRDM11",0.123559079580074,0.420039946329305,0.016,0.014,1
"ENTR1",0.123637924740301,-0.121721151525136,0.124,0.128,1
"SELENOS",0.123915905060324,0.128958859572067,0.231,0.194,1
"SND1",0.124279726319313,0.211000274265999,0.256,0.213,1
"NUP155",0.124340416535998,0.133798747796878,0.108,0.088,1
"SEC11C",0.124403835174655,-0.135499696539573,0.275,0.274,1
"SENP2",0.124413045526186,0.2068056481374,0.126,0.105,1
"GPN1",0.124489037278273,0.154724849373858,0.226,0.192,1
"HIF1AN",0.124570347468273,-0.152743161667935,0.114,0.113,1
"TIMM44",0.124586055972131,-0.131831409126956,0.084,0.084,1
"CARD8",0.124606824871722,-0.198009339217043,0.199,0.206,1
"TTI1",0.124612452112814,0.140772257437466,0.101,0.082,1
"ENSG00000261573",0.124620369596688,0.143492936429028,0.228,0.194,1
"MRPS27",0.12484339843913,-0.121569806817191,0.15,0.152,1
"ZNF737",0.124892003354301,0.243413553244668,0.063,0.049,1
"RETREG2",0.124946687329443,0.150561649969905,0.194,0.163,1
"GDPD1",0.125077380067125,-0.436484310534639,0.016,0.022,1
"ENSG00000287425",0.125168441635578,0.385685387766421,0.015,0.009,1
"MAPKAPK2",0.125225178242042,0.129156293946394,0.319,0.281,1
"A1BG",0.125282714028622,-0.100662941349414,0.27,0.273,1
"GALNT12",0.125359078310768,0.464258803365115,0.024,0.015,1
"CDC42-AS1",0.125425619112293,-0.67521168888771,0.009,0.013,1
"RBM5-AS1",0.125544375533005,-0.253699869756724,0.012,0.014,1
"NOP14-AS1",0.125599885012815,0.346418145403387,0.05,0.036,1
"ENSG00000272918",0.125639940896249,0.660003221920904,0.015,0.009,1
"IVD",0.125736037194612,0.24236547658953,0.076,0.059,1
"H2AJ",0.12575244213293,-0.257233490291219,0.153,0.159,1
"BACH1",0.125999827494965,0.188789406506131,0.235,0.194,1
"ENSG00000265987",0.126000396177091,0.763427772893098,0.015,0.009,1
"KDM4A",0.126105682166199,-0.241649870212793,0.102,0.106,1
"METTL26",0.126128913138408,0.124476351782814,0.306,0.269,1
"FCMR",0.126150127531619,-0.138701908104105,0.624,0.615,1
"STX2",0.126257463765284,0.175952794105489,0.13,0.108,1
"ERAP1",0.1263125772518,0.200979597704428,0.177,0.142,1
"RBM12",0.126322121957684,0.244920982327115,0.118,0.098,1
"KANSL1L",0.126389403439775,-0.154126300656393,0.084,0.089,1
"IKBKB",0.126437755866928,-0.14987616164577,0.113,0.11,1
"TM7SF3",0.126554250435936,0.287189386809841,0.055,0.042,1
"NAPEPLD",0.126734388503,0.368089249787741,0.046,0.033,1
"ENTPD4",0.126826699692594,0.227590157212479,0.173,0.14,1
"REEP3",0.126954001999588,0.214134135482028,0.118,0.093,1
"MMD",0.12705000395205,0.297582565047628,0.084,0.066,1
"HOOK2",0.127295079647412,-0.177534630041324,0.157,0.165,1
"BTBD6",0.127423384801456,0.175966010175318,0.144,0.122,1
"MIB1",0.127932619243673,-0.113407491089937,0.093,0.097,1
"LIMK1",0.128037112356461,0.464161933695816,0.022,0.014,1
"MATCAP2",0.12831901161449,0.33856867658271,0.035,0.025,1
"MRTFB",0.128421618255643,0.256773073182125,0.088,0.071,1
"NLGN2",0.128425709495839,0.694962467295714,0.014,0.008,1
"SAMM50",0.128488972056255,0.197327195613335,0.192,0.158,1
"MPHOSPH9",0.12866435204558,0.124168422041425,0.116,0.103,1
"GPR137B",0.128758210057896,0.155147214670138,0.067,0.058,1
"HMBS",0.128844054516447,0.66971283327474,0.02,0.012,1
"TOGARAM1",0.129044872945178,0.254461071769106,0.093,0.074,1
"CRADD",0.12904594206444,-0.421645207873551,0.032,0.039,1
"USP9X",0.129188172234754,0.14640968374257,0.314,0.273,1
"ENSG00000228010",0.129248028074882,0.435344201581787,0.023,0.017,1
"MDH2",0.129275181156215,0.112364618089807,0.443,0.395,1
"POLR3G",0.129459387365448,0.91386838399413,0.01,0.006,1
"C19orf73",0.129720606456028,-0.691664547254198,0.008,0.013,1
"PREP",0.129931733774576,0.261171440706476,0.131,0.105,1
"ENSG00000289334",0.129937102334095,0.151028082818943,0.076,0.064,1
"TMEM91",0.130014705765115,0.681710070188166,0.029,0.019,1
"METTL23",0.130121601510059,0.158317714387866,0.206,0.171,1
"VPS39",0.130281781503831,0.214321540542009,0.162,0.131,1
"NOTCH2",0.130295159391396,-0.14386521715457,0.113,0.117,1
"PHF19",0.130349284521761,0.183684579553954,0.114,0.092,1
"HDAC4-AS1",0.130412250525898,-0.515041580954716,0.018,0.025,1
"GPKOW",0.130483273033726,-0.228284353813147,0.105,0.114,1
"DTX3L",0.130514158791452,-0.170113306066094,0.105,0.108,1
"PRC1",0.130526138509168,0.967060636908509,0.01,0.005,1
"ELP6",0.130540657037588,0.245196869674853,0.098,0.077,1
"PLEKHM3",0.13062592305571,0.363201934837289,0.037,0.025,1
"TSPAN33",0.130648406012506,-0.519026648693059,0.007,0.01,1
"ZNF143",0.13066220497591,0.104203352932664,0.102,0.092,1
"MCAM",0.130708856540833,0.364284882952182,0.016,0.01,1
"EID2",0.130763002306212,-0.162913349581972,0.184,0.185,1
"YTHDC2",0.13078188839598,0.219719152152494,0.182,0.151,1
"LAMTOR5-AS1",0.13081983598262,0.440389785263994,0.016,0.01,1
"ZNF688",0.130837763656403,0.250009841202542,0.074,0.06,1
"DCTPP1",0.130995503555553,-0.173338099155439,0.146,0.149,1
"ENSG00000231769",0.131152402625686,-0.777813733918926,0.008,0.012,1
"MED26",0.131458044150191,0.125866039941675,0.093,0.082,1
"DPY19L2P2",0.131549377906516,0.354294477246109,0.058,0.043,1
"TANGO2",0.131590766148902,0.311364738935186,0.056,0.043,1
"CATSPERE",0.131649492742805,0.529242313811682,0.016,0.009,1
"PRKAG2-AS1",0.131669351814317,0.41580099737775,0.026,0.018,1
"ZSCAN21",0.131679157909291,0.395040163288924,0.037,0.025,1
"CASS4",0.13168888184933,0.332925222169076,0.038,0.03,1
"CC2D1A",0.13204387455615,-0.239899424865327,0.041,0.042,1
"ACTN4",0.13207744284295,-0.12614667859409,0.149,0.149,1
"NRDE2",0.132146482998241,0.256377371297516,0.078,0.066,1
"ENSG00000278601",0.132470827708949,-0.535850367025088,0.015,0.02,1
"AKAP1-DT",0.132605984225423,0.513792038914819,0.01,0.006,1
"STAG3",0.133021373732429,-0.400498668991926,0.051,0.061,1
"CDK5",0.133371929456204,0.190113743291422,0.029,0.022,1
"UBXN2A",0.133462795372957,0.139436761895115,0.164,0.136,1
"PFDN1",0.13367955342867,-0.123516742564253,0.261,0.253,1
"DEPDC7",0.133713613019032,-0.773787075392979,0.012,0.017,1
"HAVCR2",0.133715599290559,0.678575928667995,0.016,0.01,1
"CIP2A",0.133814589745304,-0.374940177790201,0.022,0.026,1
"DAP",0.134055160116977,0.192267484092613,0.137,0.111,1
"ZNF570",0.134084913712895,0.305410086544531,0.038,0.032,1
"RSBN1",0.134119242953738,0.101502832543918,0.266,0.231,1
"EIF2B1",0.134128528593056,0.136006728494525,0.149,0.126,1
"RNF8",0.134580604464027,0.332465847961913,0.071,0.052,1
"CMAS",0.134711628448187,0.211877434439508,0.109,0.089,1
"UFD1",0.13475324232397,-0.12310464414683,0.262,0.266,1
"PSENEN",0.134775169690789,-0.157463709346578,0.228,0.23,1
"NONO",0.134776079626801,0.102248767452967,0.614,0.571,1
"ENSG00000226647",0.134840234213723,-0.329260048268749,0.035,0.04,1
"IBTK",0.134850391309457,0.221162866298942,0.14,0.113,1
"PRKAG1",0.134936512834438,0.164420595669224,0.152,0.123,1
"SAC3D1",0.134974491279979,-0.394300923138371,0.05,0.06,1
"BCL7C",0.135068879037309,0.134020407110405,0.155,0.129,1
"MTR",0.135400844220418,0.16515552967076,0.269,0.231,1
"CEP76",0.135430839695121,-0.245177044414313,0.044,0.046,1
"TSPAN14-AS1",0.135486146880649,0.616508852968431,0.019,0.012,1
"LONP1",0.135510562887258,0.160867460366815,0.121,0.095,1
"SMN2",0.135546495878491,0.27581244054982,0.01,0.006,1
"BAHD1",0.135639443085114,0.305273505732329,0.073,0.057,1
"TTC9C",0.135718554286249,-0.126427927145416,0.133,0.138,1
"LYPLAL1",0.135915911573939,-0.274627174393277,0.084,0.089,1
"HEATR5B",0.135923116258482,-0.183302912026808,0.108,0.112,1
"TRAV41",0.136042205941529,-0.721122051554935,0.021,0.026,1
"TEN1",0.136163087119644,-0.123809014443096,0.095,0.097,1
"TCEAL9",0.136186828382641,-0.839904358016573,0.012,0.017,1
"AGBL5",0.136312875286173,-0.319864345206859,0.038,0.042,1
"PRR34-AS1",0.136339355545061,0.638094080774511,0.016,0.009,1
"DKK3",0.136353705464263,0.49330260493081,0.02,0.013,1
"EEF1AKMT4",0.136396738107422,-0.229152227573638,0.023,0.024,1
"RILPL1",0.136425978728568,-0.276576060328339,0.012,0.013,1
"IFI35",0.136603659459695,0.142978305323108,0.115,0.093,1
"SAAL1",0.136737257822288,0.193182894677622,0.077,0.064,1
"DENND1A",0.136778410120442,-0.140572547047417,0.095,0.101,1
"MRPL20-AS1",0.136983746306756,0.181977281632692,0.105,0.084,1
"FANCG",0.137121504957389,-0.704483578620116,0.012,0.017,1
"TMEM68",0.137291560826524,0.191798173819437,0.076,0.061,1
"DNASE1L1",0.137383560529786,0.609859511192577,0.017,0.012,1
"SDHAP4",0.137633670663584,-0.332568512989258,0.042,0.048,1
"IFT46",0.137914267653512,0.189261552197744,0.028,0.02,1
"NDUFB6",0.138428414865127,-0.120603805157986,0.448,0.437,1
"METTL22",0.138470348771109,0.245246375686752,0.078,0.065,1
"SLC66A3",0.138579302385716,0.262696609977052,0.052,0.04,1
"JAK2",0.138589898712904,0.259889287641617,0.055,0.047,1
"TEFM",0.138632463177284,0.249220245057733,0.08,0.061,1
"RDH14",0.138641840676155,-0.155948084383674,0.236,0.242,1
"MANEA",0.138717097718081,-0.323143699582817,0.058,0.065,1
"ENSG00000258824",0.138869902700281,-0.891630537528727,0.007,0.01,1
"CROCCP3",0.138970334436605,0.638165855174381,0.018,0.011,1
"LINC00662",0.139352021855115,-0.142741221067573,0.07,0.066,1
"ENSG00000247121",0.139370626405664,-0.265947957384282,0.049,0.054,1
"ENSG00000288820",0.139391427471056,-0.299337666162542,0.022,0.026,1
"LINC00174",0.139627602085425,-0.119092284910157,0.025,0.026,1
"TMEM19",0.139851747292424,-0.254135692203714,0.075,0.083,1
"RAVER2",0.139867428035061,-0.185137729969985,0.016,0.017,1
"TMEM115",0.140034571710072,0.10411939515149,0.182,0.161,1
"ZNF383",0.14026258894542,0.137841576585892,0.099,0.085,1
"COA6",0.140269262844529,-0.180491044358144,0.187,0.193,1
"ARHGEF3",0.140385750783543,0.114600863123704,0.348,0.304,1
"HMGXB4",0.140515875578624,0.163435998058876,0.163,0.135,1
"SLC9A3-AS1",0.140613761788676,0.307006165013627,0.013,0.011,1
"FMC1",0.140671175498323,0.173035329551397,0.073,0.058,1
"DCTD",0.140921108027687,0.213696687670568,0.101,0.081,1
"LENG9",0.140943936191784,-0.547557016088003,0.011,0.015,1
"CNEP1R1",0.141016309635519,0.161535170282507,0.084,0.074,1
"SSX2IP",0.141023184201962,0.216240539489008,0.095,0.075,1
"B3GAT2",0.141069324841554,-0.588289340746639,0.014,0.018,1
"MRPL53",0.141073166456015,0.254182144003104,0.074,0.058,1
"CRB3",0.141185503602837,0.51164607969377,0.01,0.006,1
"PAM",0.141194802068275,0.418772142324717,0.024,0.017,1
"SHISA8",0.141224383454544,0.329442333701531,0.011,0.007,1
"MAP2K2",0.141241118598786,-0.118568629741703,0.362,0.351,1
"MMADHC",0.141377241493346,-0.104299908966309,0.389,0.375,1
"DIXDC1",0.141401420153907,-0.642918212347845,0.007,0.01,1
"CHRM3-AS2",0.141422738783365,0.187834353734511,0.157,0.137,1
"ENSG00000254604",0.141454629658609,-0.305093514937662,0.022,0.026,1
"BRD3",0.141614413822446,-0.212547738673013,0.115,0.122,1
"COL1A1",0.141653292985625,0.485804528231583,0.012,0.007,1
"ENSG00000235979",0.141791511679869,0.288742380752974,0.147,0.115,1
"ENSG00000230773",0.141814646498137,0.932387169887352,0.01,0.006,1
"TIMELESS",0.141882267586296,-0.710391631992356,0.007,0.011,1
"GBF1",0.142089269087319,0.196360953015285,0.209,0.172,1
"EPB41L5",0.142098890486355,0.302026138722761,0.067,0.049,1
"GUSB",0.142110358639616,0.169120548161011,0.113,0.091,1
"TCOF1",0.142149529448483,-0.236477192118454,0.126,0.133,1
"ARHGEF2",0.142245676249047,0.116977216781328,0.276,0.237,1
"PFDN6",0.142389291778084,-0.155813289477772,0.223,0.224,1
"ENSG00000290003",0.142451414388814,-0.644319240009152,0.011,0.015,1
"PEX5",0.14252084185047,-0.397836950846953,0.033,0.038,1
"GGACT",0.142557485795636,0.636014237483036,0.013,0.007,1
"SLC25A35",0.142770275176381,0.521181394603597,0.013,0.008,1
"ECI2",0.142797854725751,0.1520365026222,0.154,0.133,1
"ENSG00000285080",0.143048525013102,0.381177773263975,0.051,0.038,1
"DNAJC21",0.143244088672976,0.156844007847195,0.242,0.211,1
"ZNF250",0.143400383361598,0.406107970656283,0.043,0.032,1
"HAPLN3",0.143429624839481,-0.252750103317803,0.161,0.169,1
"LPAR6",0.143502202540406,-0.34989086042122,0.05,0.057,1
"TOX-DT",0.143557323594083,-0.377919128179624,0.058,0.068,1
"TOMM40",0.14362816708642,-0.177750687953877,0.145,0.15,1
"LINC00937",0.143630676331003,0.491351037820835,0.025,0.018,1
"NAIP",0.143650647355903,-0.463116415132485,0.023,0.028,1
"UCK1",0.143872301818862,0.136194936605027,0.082,0.07,1
"APRG1",0.143881315449863,-0.404225367334127,0.013,0.017,1
"SLC25A42",0.144044193938859,0.102270512594563,0.028,0.023,1
"MORC3",0.144377515559661,-0.176281967124621,0.3,0.304,1
"SNRNP27",0.144440214961542,-0.167334063827348,0.17,0.177,1
"VRK3",0.144517301792732,0.238393968642425,0.187,0.15,1
"DENND2D",0.144884083684656,-0.126179135353173,0.202,0.208,1
"VSIG1",0.144930175948277,-0.636635514507952,0.015,0.019,1
"TP53TG1",0.144986253948898,0.196651199909325,0.082,0.067,1
"MRPL4",0.145014839007011,-0.115773436624363,0.255,0.249,1
"SRF",0.145072122698834,0.194987813803869,0.122,0.103,1
"RAB21",0.145107052845428,0.107910457669211,0.383,0.337,1
"RNGTT",0.145130639154708,0.159593114818011,0.194,0.163,1
"PRIM1",0.145253755225162,-0.602051021982129,0.037,0.045,1
"SCRN2",0.145316853476238,0.137770413649736,0.045,0.038,1
"TSC2",0.145399572717058,0.152535454342683,0.082,0.064,1
"GOLPH3L",0.14541615896607,0.232471306080888,0.092,0.072,1
"ZNF600",0.145497925747707,0.33512127389902,0.049,0.035,1
"INTS6-AS1",0.145673825651168,-0.126443726577296,0.037,0.033,1
"ENSG00000291015",0.145758693226258,0.709368195499195,0.013,0.007,1
"NUDT4",0.146067589499742,0.142329281183203,0.197,0.168,1
"NMRAL1",0.146120584570817,-0.102961859405091,0.067,0.067,1
"FAM169A",0.146431900803088,0.253530640106421,0.085,0.066,1
"ZBTB20-AS5",0.146508418788877,0.828162233440006,0.015,0.008,1
"SCAMP2",0.146515143891573,-0.134752948467312,0.358,0.348,1
"SIL1",0.146551633531179,0.405866734214836,0.058,0.043,1
"GRWD1",0.146637535378729,-0.166726885095724,0.155,0.157,1
"BBS10",0.146922986802911,0.76790583216339,0.017,0.009,1
"UTP6",0.146924761336876,0.104098565084974,0.186,0.159,1
"ENSG00000229368",0.147266796920385,-0.524505800087019,0.01,0.013,1
"PEX6",0.147476400086333,-0.215938937706783,0.068,0.075,1
"CLPTM1",0.147641834727393,0.157541592636985,0.209,0.176,1
"ZNF165",0.147746821580886,0.418530711019383,0.032,0.023,1
"STAMBPL1",0.14781249568841,0.405427871630257,0.03,0.021,1
"ENSG00000290999",0.147936314512603,-0.526565945822153,0.02,0.025,1
"PANX1",0.148099674928658,-0.394562216746991,0.027,0.03,1
"NPIPA9",0.148245823472422,0.726868119535371,0.017,0.01,1
"PHF2",0.148266618452592,0.195537792863438,0.068,0.059,1
"BECN1",0.148345994316599,0.142253778676878,0.276,0.236,1
"NHLRC2",0.148348276178529,0.285796506681157,0.054,0.039,1
"CREBRF",0.148383840540719,-0.128885730387521,0.328,0.333,1
"FAM89A",0.148559638839977,0.22032874836466,0.027,0.02,1
"ZMYM1",0.148672434881333,0.25251053378769,0.083,0.063,1
"RABEP1",0.148742860182975,0.130533144583989,0.399,0.349,1
"PACC1",0.148852750400459,-0.277634166220061,0.092,0.099,1
"TP53",0.148932083095425,-0.24522498111169,0.097,0.103,1
"TMOD2",0.148949171072577,0.114670122000995,0.105,0.094,1
"GIGYF2",0.149165966718343,-0.136455714958465,0.206,0.206,1
"SLC22A18",0.149195986839951,0.35558150836811,0.016,0.011,1
"KIAA0319L",0.149228238292489,-0.153388998411204,0.107,0.11,1
"COMT",0.1492685751196,-0.211717070692277,0.096,0.102,1
"SLFN12L",0.149431045213013,0.294608895420322,0.103,0.081,1
"ENSG00000254420",0.14976130410045,0.44193428785398,0.029,0.018,1
"KANSL3",0.149906866632002,0.105404496196665,0.115,0.095,1
"RPP25L",0.14995220338033,0.166888846031639,0.099,0.086,1
"TRAF3IP2",0.149974011346085,0.265483784718493,0.059,0.045,1
"GAB3",0.150046317485054,0.504204945223765,0.024,0.015,1
"PRMT6",0.150058014325967,0.325327802033537,0.075,0.057,1
"NHERF1",0.150269764121149,0.138312457017136,0.278,0.244,1
"LINC00624",0.15030064461746,0.220266830621435,0.035,0.026,1
"GXYLT1",0.15031202346716,0.215330851304791,0.097,0.078,1
"CAPZA2",0.150530283150676,-0.101667485227175,0.44,0.431,1
"ZBTB49",0.150607886916298,0.267437468971884,0.057,0.044,1
"OAS3",0.150620503696497,-0.279366492439384,0.028,0.03,1
"CUL4A",0.150691449080864,0.163548835671455,0.3,0.249,1
"ZNF836",0.150716594315605,-0.153781723084163,0.065,0.069,1
"DPY19L1",0.150732365489618,0.361710014767502,0.02,0.013,1
"KIF5B",0.150814964131758,0.135206739241141,0.348,0.304,1
"ZFP90",0.1510417197556,0.16499254294787,0.142,0.116,1
"TEC",0.151075569690752,-0.529225004673302,0.021,0.026,1
"TRIM8",0.151173740116696,0.138988162103164,0.298,0.259,1
"ZC3H3",0.151635966377463,-0.203959467494119,0.165,0.166,1
"PIK3C2A",0.151687166059938,0.162544994342237,0.169,0.141,1
"DDRGK1",0.151840357472224,-0.18846483275517,0.204,0.209,1
"TRAPPC3",0.151879255099331,-0.127634748453615,0.307,0.305,1
"NSUN6",0.15229653017669,-0.194377081433122,0.072,0.078,1
"ADNP2",0.152404730134498,0.166578100439143,0.121,0.098,1
"MESD",0.152538161297643,0.142972941939662,0.272,0.241,1
"FBXL6",0.152585661841718,-0.114379252225684,0.111,0.116,1
"VOPP1",0.15271412253878,0.126638646211578,0.148,0.124,1
"LSP1P5.1",0.152803654873111,-0.46980509638347,0.008,0.012,1
"TOLLIP-DT",0.15295856416705,0.188798605742659,0.016,0.012,1
"LTV1",0.153127930051802,-0.120269167846101,0.138,0.137,1
"SNRNP48",0.153209281111182,-0.108115630227217,0.13,0.129,1
"NR2C1",0.153238438314014,0.159482852226264,0.132,0.113,1
"ZNF584-DT",0.153249990969211,0.496644879816183,0.02,0.012,1
"ENSG00000274265",0.153344784704415,-0.10875261488028,0.244,0.244,1
"FCGBP",0.153436004578589,-0.246997377029546,0.074,0.075,1
"CTDSP2",0.153477364477808,-0.131535733630243,0.285,0.281,1
"POM121",0.153579394761605,0.140276710962991,0.263,0.225,1
"ENPP4",0.153662057239299,0.360950422632434,0.057,0.043,1
"HLA-DMA",0.153676579682298,-0.269984407345651,0.033,0.038,1
"KLHL21",0.153726697086979,0.269594750050849,0.075,0.058,1
"GMNN",0.153854328184909,0.363241788722338,0.036,0.026,1
"DNAL1",0.153857919312434,0.269918159313842,0.053,0.04,1
"HAPSTR1",0.153894759068594,0.117177010830158,0.168,0.147,1
"ARMCX2",0.153967853694575,0.394092705453647,0.028,0.022,1
"SMIM13",0.15398025312696,0.23443866327672,0.067,0.056,1
"ENSG00000289929",0.154017661113052,0.436879389886398,0.012,0.007,1
"NEK7",0.154047916072296,-0.164313305537371,0.294,0.295,1
"SCN11A",0.154129823019126,-0.454174556059572,0.008,0.012,1
"ENSG00000279168",0.154170220528884,-0.219886700372221,0.131,0.139,1
"DOCK8-AS2",0.154200646996073,-0.626054527445671,0.009,0.013,1
"TMEM39A",0.154208386943853,0.324292614832389,0.089,0.069,1
"PSME3IP1",0.154264399073061,-0.154488357979621,0.132,0.137,1
"NKAP",0.154648842927862,0.181578127537043,0.23,0.194,1
"LNPK",0.154652846845632,0.28853474153131,0.104,0.08,1
"TEX10",0.154687795273775,-0.163078343917824,0.1,0.104,1
"BPNT2",0.155127456641106,0.305110203024432,0.113,0.09,1
"SNX9-AS1",0.155229192054696,-0.461544927582594,0.015,0.02,1
"RWDD2A",0.155317655946667,0.536768203209535,0.02,0.013,1
"SEL1L3",0.15535095189756,0.367624899979533,0.034,0.025,1
"LPAR5",0.15552718743459,0.552301675988695,0.023,0.014,1
"MAEA",0.15554987717803,-0.10430047340975,0.219,0.219,1
"ENSG00000290119",0.15572989323555,-0.662954068956808,0.007,0.01,1
"MIR3142HG",0.15574020176982,-0.766714604753462,0.011,0.016,1
"SOCS7",0.155843796914637,0.362088300626906,0.035,0.025,1
"PIGU",0.155999724778521,-0.303020927487219,0.047,0.049,1
"TOB2",0.156105941015216,0.207736568492789,0.119,0.099,1
"PEX19",0.156112652905505,-0.251731407769644,0.088,0.096,1
"C11orf80",0.156185491520443,0.230851300125552,0.054,0.042,1
"NPTN",0.156219881313385,-0.15917241386827,0.186,0.189,1
"ARRB1",0.156720106968253,-0.346216679770229,0.023,0.026,1
"IFI27L1",0.156725440705471,0.404661717696653,0.034,0.025,1
"ENSG00000287608",0.156758797816959,-0.411002395468998,0.011,0.014,1
"TRBV5-1",0.156770012420277,-0.355843782889189,0.041,0.048,1
"CCP110",0.15690191012232,0.206468536842529,0.109,0.088,1
"SNRPB2",0.157028148320457,-0.124274048981058,0.404,0.395,1
"BAD",0.157165049663967,-0.116127698448874,0.189,0.183,1
"ERN1",0.157442038155162,0.360522776224318,0.032,0.022,1
"PAWR",0.15750549967017,-0.413329126418043,0.015,0.019,1
"DOK4",0.157623336254605,-0.340222199198567,0.024,0.027,1
"NOL9",0.157742825087536,0.228437914828782,0.152,0.121,1
"TIA1",0.157817047335957,-0.123209918502272,0.248,0.251,1
"EEPD1",0.158207293790679,0.469086606011317,0.033,0.025,1
"FRS2",0.15824927239111,0.202561270626685,0.142,0.114,1
"C18orf21",0.158835469064197,-0.236207151950412,0.093,0.097,1
"DDX52",0.15910787878742,0.128416903654253,0.161,0.142,1
"DTD2",0.159146400230421,0.35493658431381,0.048,0.037,1
"ENSG00000288871",0.159185586623423,-0.251407272178374,0.026,0.031,1
"SLC19A1",0.15932311802008,0.562165279192933,0.021,0.015,1
"SSNA1",0.159458309174339,-0.10732844439702,0.39,0.389,1
"LDOC1",0.159562911143471,-0.379445817095755,0.008,0.011,1
"PTPRN2",0.159641586844367,0.61250023250077,0.013,0.008,1
"POMK",0.159830196439978,0.280073064486053,0.054,0.039,1
"CFLAR-AS1",0.159869656802208,-0.307290883647203,0.02,0.022,1
"ZNF607",0.159902783915491,0.662509875947069,0.022,0.014,1
"ABRAXAS1",0.159909888850105,0.16271864345214,0.142,0.117,1
"PRPF31",0.160234975440476,-0.114730987031178,0.22,0.221,1
"SYNJ1",0.160302616889247,0.246573923540606,0.084,0.067,1
"TSPO",0.160328637894397,0.182424530071052,0.171,0.141,1
"MAN1A2",0.160388355257698,0.197356333107277,0.2,0.164,1
"GPR55",0.160458915737401,-0.325173275165851,0.032,0.038,1
"ZNF341",0.160511528318291,0.407974879869105,0.028,0.019,1
"ZNF623",0.160611950605101,-0.272895352989835,0.041,0.045,1
"RAF1",0.160723754857591,0.105789638874055,0.235,0.212,1
"ALDH5A1",0.160831435765262,0.440763864571655,0.027,0.018,1
"LINC00630",0.160849186077036,0.17287958467023,0.022,0.017,1
"PYM1",0.160885540347564,0.131811172817839,0.14,0.116,1
"FAM227B",0.160989601847308,0.306965345577323,0.027,0.021,1
"TRAPPC9",0.161195544525972,0.216883593195222,0.154,0.124,1
"UFL1-AS1",0.161392356441976,0.540236733658575,0.014,0.009,1
"ZHX3",0.161440496876882,-0.260616815004432,0.038,0.037,1
"CACNA1C",0.161536265581138,0.586524128395625,0.012,0.007,1
"NICN1",0.161568187207499,0.46688038806092,0.025,0.016,1
"MAP4K3",0.161733477056261,-0.24735355571529,0.085,0.089,1
"MAGEE1",0.16223015634327,0.325090813870466,0.024,0.017,1
"COPS7A",0.162292416615466,0.176347520031678,0.07,0.061,1
"TRIM61",0.162386095525832,-0.403965418794937,0.012,0.016,1
"CPNE2",0.162578332333179,0.171981583629123,0.155,0.127,1
"AP5B1",0.162724318547309,0.334203738661002,0.054,0.042,1
"ANKRD28",0.162813389501975,0.22184208511875,0.118,0.094,1
"IKBKG",0.162940396537134,-0.147578069321569,0.142,0.145,1
"SLC30A9",0.162979629177426,0.12337297152963,0.188,0.157,1
"PDE3A",0.163011886315432,0.297835654957245,0.101,0.079,1
"PPFIA1",0.163025061019804,0.131564908424396,0.188,0.157,1
"CRTAP",0.163211594096602,0.343675503008263,0.053,0.04,1
"MRPL12",0.163254076078737,-0.200677633552837,0.146,0.15,1
"TBC1D7",0.163273916833498,0.109744209702757,0.054,0.049,1
"MATN1-AS1",0.163296820371101,0.178978908193071,0.019,0.013,1
"ZNF792",0.163428547900869,-0.628976326301169,0.01,0.014,1
"POLD3",0.163610699477479,0.258950546190006,0.081,0.064,1
"TMEM127",0.16367127934055,0.151805959385635,0.134,0.109,1
"PTPN2",0.163711923897476,-0.102719612588212,0.346,0.335,1
"LGALS3BP",0.163744544059235,0.264489813365349,0.091,0.069,1
"SLC27A5",0.163772968990462,0.242390836441739,0.065,0.052,1
"ENSG00000291232",0.164215444118744,-0.230634552962195,0.059,0.063,1
"LINC01934",0.164240964811958,-0.360850522573839,0.079,0.089,1
"SNX16",0.164290052270614,0.324559295082593,0.033,0.024,1
"CCDC34",0.164427702619264,0.396186460906666,0.021,0.014,1
"EVA1C",0.164450582400951,0.244759394733717,0.04,0.03,1
"ENSG00000232342",0.164464995119633,0.632101192315848,0.015,0.008,1
"LPP",0.164581116537588,0.185924490816934,0.114,0.093,1
"ADPGK",0.164827298777619,0.148708093376579,0.22,0.191,1
"TADA2A",0.164932974424831,-0.238641485932196,0.043,0.044,1
"ENSG00000273221",0.165646751824329,-0.679544922777876,0.009,0.012,1
"TRAF6",0.165790188901905,0.199651728383887,0.098,0.08,1
"ZYX",0.165815802665041,0.106194359816848,0.38,0.335,1
"NCF1B",0.165842030387505,0.1887457817709,0.049,0.039,1
"TESK2",0.166027949483523,-0.250029908788377,0.057,0.059,1
"FAM78A",0.166130044674078,0.160455987900048,0.066,0.055,1
"CEP95",0.166177270534866,0.101200939341088,0.233,0.199,1
"SLFN12",0.166215480800271,-0.373189410458322,0.025,0.029,1
"NFIC",0.166261098618712,-0.231080219731128,0.065,0.067,1
"TREX1",0.166362177275376,-0.536440925749005,0.015,0.02,1
"ENSG00000259945",0.166420576086577,-0.180227466904726,0.024,0.026,1
"RPUSD2",0.16652769295318,-0.224670323663245,0.09,0.096,1
"RHNO1",0.166540282162665,0.235003481161656,0.058,0.045,1
"ZER1",0.166729397937807,0.136927048180364,0.173,0.146,1
"C2CD5",0.166739124324152,0.12506405534173,0.119,0.102,1
"MAP3K11",0.166756380007554,0.17656359522911,0.145,0.121,1
"C1orf56",0.166782452323739,0.563794157612852,0.027,0.018,1
"NEXN",0.166784059235898,-0.591698005680747,0.009,0.012,1
"PEMT",0.166809142307545,0.277287553022987,0.05,0.037,1
"CCNY",0.166894933685065,0.12069982345242,0.474,0.424,1
"TM2D2",0.167197966481054,0.265396933604428,0.08,0.061,1
"ERCC4",0.167405928256003,-0.227144508818768,0.067,0.072,1
"PIP4P2",0.167414473914802,-0.445027488821793,0.015,0.018,1
"PKD2L2",0.167661843431639,0.233400432007047,0.059,0.045,1
"PAXIP1",0.167672072475051,0.138444946170059,0.043,0.034,1
"DLG3",0.167858810029259,0.594450197373212,0.011,0.006,1
"PRKACA",0.167965072191858,0.145440367034979,0.08,0.067,1
"NUP43",0.16817745212661,-0.193302827423587,0.049,0.052,1
"ZNF23",0.168185294654214,0.426654556462513,0.03,0.02,1
"ENSG00000254777",0.168396590162433,-0.159848838858405,0.019,0.022,1
"PLEKHG1",0.168550231529211,0.431323993936144,0.013,0.009,1
"PEX3",0.169050291791073,0.107099362504417,0.142,0.118,1
"RASGRF2",0.169275491946674,0.275202134424102,0.088,0.069,1
"CACNA1D",0.169280547273359,0.61826780147761,0.011,0.007,1
"ZNF813",0.16928743859087,-0.107412719764575,0.026,0.026,1
"THNSL1",0.169299916320902,0.449066084418153,0.03,0.02,1
"SKP2",0.169355282689878,0.312039860766637,0.061,0.045,1
"SUV39H1",0.169377451440869,0.150907891702698,0.052,0.045,1
"TMEM135",0.169587841281541,-0.151804614362005,0.103,0.108,1
"ANAPC4",0.169816227947943,0.16581612568627,0.088,0.07,1
"REPIN1",0.1699428892831,-0.177625107309765,0.165,0.169,1
"GCNA",0.169975625613281,0.232527332238525,0.069,0.054,1
"MAP3K8",0.170116976644609,-0.221954522655106,0.036,0.044,1
"LINC01841",0.170264963299781,0.643398031315306,0.01,0.006,1
"TMEM9",0.170293219353858,0.16064208607072,0.04,0.032,1
"NSUN3",0.170310426112254,-0.142848956862772,0.076,0.079,1
"HTT",0.170460689523773,0.14668865748917,0.121,0.097,1
"AMIGO2",0.170469098909067,-0.265665609935612,0.065,0.069,1
"BBS4",0.170485869942208,0.322411933726387,0.038,0.026,1
"SMC5",0.17054997753264,0.119133970475206,0.261,0.225,1
"HSDL1",0.170820336869944,0.196906675177841,0.086,0.071,1
"NBPF14",0.170880788747838,-0.141942584911767,0.069,0.073,1
"GIT2",0.170902999573011,0.107772349367291,0.222,0.194,1
"SPAG6",0.170937100216339,1.00272306254167,0.011,0.007,1
"TTTY10",0.170985332278819,0.968944901339025,0.012,0.006,1
"CHAMP1",0.171167838390815,0.23593181407694,0.113,0.088,1
"ZBTB11",0.171368483001227,0.189961827534772,0.182,0.153,1
"MYO9A",0.171377371663119,0.231313379614476,0.141,0.114,1
"CDKL2",0.171389715946257,0.783005776606005,0.012,0.007,1
"TIMM8A",0.17160606669814,-0.238629036038613,0.056,0.06,1
"IQCH-AS1",0.171616815520919,-0.185576665641457,0.028,0.026,1
"AGAP4",0.171824607958535,0.276273679130025,0.027,0.021,1
"SCAMP3",0.171845812050578,-0.100147800440512,0.302,0.303,1
"LINC00667",0.172032273024944,-0.242443911781938,0.104,0.111,1
"JADE2",0.17214976691432,0.134122320834635,0.225,0.192,1
"RFNG",0.172298116944604,0.226963344170609,0.057,0.046,1
"SLC35E4",0.17232248764382,0.577253419247198,0.015,0.009,1
"FAM120B",0.172342642295352,0.138010945800361,0.256,0.228,1
"FAM20B",0.172372809867316,0.189563988599547,0.059,0.046,1
"VAV1",0.17247953342075,0.229463928832268,0.169,0.142,1
"CCDC88B",0.172497045315244,0.138377938096373,0.109,0.089,1
"ZNF286B",0.17258468243332,-0.324456085020637,0.009,0.011,1
"RPA2",0.172660028019377,0.109418345559932,0.243,0.214,1
"C17orf80",0.17266160264502,-0.195320544724066,0.06,0.064,1
"ZNF354B",0.172723320405078,0.118705760871519,0.083,0.067,1
"FRS3",0.172805048436026,0.197456795310345,0.013,0.011,1
"OCM",0.172897625801722,0.532544215327881,0.01,0.005,1
"PATJ",0.172921929551546,0.201867169630033,0.096,0.077,1
"HTATIP2",0.172999868303909,-0.285841100203629,0.081,0.089,1
"POLB",0.173099448430358,0.163772527006965,0.161,0.136,1
"KIN",0.173502129678201,-0.22859508037698,0.117,0.119,1
"ENSG00000257925",0.173897072863137,-0.225372567050011,0.034,0.038,1
"ORAI2",0.173999027544971,0.16470303337153,0.226,0.193,1
"FEN1",0.174049093415792,0.158568724418347,0.09,0.074,1
"MARCKS",0.174065780776458,-0.860940122749573,0.006,0.01,1
"ENSG00000291147",0.174107674043643,0.27122555925347,0.091,0.073,1
"ASNSD1",0.174126958376196,-0.250898826855456,0.051,0.056,1
"H2AC11",0.174313337374667,0.175832235148849,0.03,0.021,1
"CCDC14",0.174436042960327,0.16591341802859,0.075,0.06,1
"MYH10",0.174625287522597,0.664287319969772,0.016,0.009,1
"ABHD13",0.17467550290741,0.145728504683324,0.132,0.108,1
"TFEB",0.174928914783954,0.133459632733774,0.062,0.055,1
"RPL23AP7",0.174942799593878,0.171013085319668,0.12,0.097,1
"WDR70",0.174973543308472,-0.101608606455846,0.16,0.153,1
"RECK",0.17518262334773,0.320834064001684,0.045,0.036,1
"ZNF227",0.175328992935185,-0.105602136640795,0.078,0.078,1
"ERMARD",0.17538836114772,0.462424432035699,0.037,0.025,1
"ZRSR2",0.175599062647471,-0.189906612910426,0.143,0.151,1
"SLC35E3",0.175642467731928,0.544039446044084,0.034,0.024,1
"RAB11FIP3",0.175747085052724,-0.162523304401632,0.134,0.139,1
"CREB3L2",0.175753012904301,0.58559931602506,0.015,0.01,1
"ZNF382",0.176080959455056,0.512186404060806,0.02,0.014,1
"MCM8",0.17624512242076,-0.269524594646001,0.014,0.015,1
"GNPTG",0.176275112523065,-0.162774198138511,0.157,0.159,1
"SGPL1",0.176362480674541,0.274139191990098,0.072,0.055,1
"CCAR2",0.176384931597042,0.141192303994339,0.229,0.194,1
"ENSG00000278390",0.176399757994805,0.432859024123582,0.024,0.016,1
"TRAV4",0.176766377304867,-0.433093105043753,0.043,0.049,1
"ATG101",0.176997013909857,-0.131420263431811,0.129,0.134,1
"CAAP1",0.177084702513897,0.206988434728484,0.148,0.123,1
"GORAB",0.177527233785754,0.259727351846178,0.065,0.055,1
"YPEL4",0.177637760853269,0.201052500495218,0.05,0.039,1
"SCO2",0.177677553545302,0.19233072988853,0.116,0.093,1
"ENSG00000259007",0.177859749564118,0.374663419183416,0.024,0.017,1
"ANGEL1",0.177883771047894,0.299354298419305,0.043,0.031,1
"MED1",0.177903371851812,0.186761493409699,0.213,0.184,1
"CD200R1",0.178057027570617,-0.255420467296661,0.023,0.027,1
"YIPF2",0.178159146010794,0.213114950620878,0.096,0.077,1
"MAML1",0.178193733615633,0.154817077753368,0.164,0.136,1
"PIGM",0.178196201386491,0.170583012825087,0.042,0.035,1
"PABPC1L",0.178469506757506,0.299096227669402,0.032,0.023,1
"HDAC6",0.17878787870254,-0.102995933556103,0.046,0.043,1
"ENSG00000288925",0.178914023974286,-0.180947083991729,0.021,0.026,1
"AP1S1",0.179093605554397,0.479267314353434,0.015,0.011,1
"RMC1",0.179692534018021,0.1786655202969,0.118,0.096,1
"GART",0.179815047357326,-0.133946087865351,0.175,0.176,1
"SLC9B2",0.180130792368489,0.424603897127427,0.048,0.033,1
"NCKAP5L",0.180196544542453,0.244760691840436,0.066,0.052,1
"SBK1",0.180210309344368,0.102027143061745,0.141,0.118,1
"RHBDD3",0.180409955769337,0.421207055654683,0.024,0.017,1
"CCRL2",0.180425629566576,0.562444034934195,0.01,0.006,1
"ADAMTS17",0.180496254993312,-0.444340819033865,0.029,0.032,1
"RBFA",0.180751631801236,0.248731299770561,0.133,0.108,1
"BRAT1",0.180849243920601,-0.175527341674635,0.105,0.111,1
"NUTM2E",0.18089416402115,0.464906216148815,0.011,0.007,1
"ASB8",0.180897384690529,0.152414398231368,0.182,0.15,1
"HOOK3",0.180909459455157,0.133376866494094,0.23,0.195,1
"DNAJC18",0.180988036401035,-0.321656243120671,0.036,0.038,1
"ADAM8",0.181108327175039,0.320055459805246,0.056,0.043,1
"IQCG",0.181119492108962,0.299981329810693,0.039,0.03,1
"LEPROT",0.181184890948462,0.281912019779807,0.06,0.046,1
"BRMS1",0.181615930509019,-0.146305848017275,0.189,0.194,1
"CACFD1",0.181637019517536,-0.555544695738072,0.012,0.016,1
"LINC01362",0.181737873727579,-0.416381763537521,0.011,0.013,1
"OVCH1-AS1",0.18177042298674,0.61215277508105,0.013,0.007,1
"UVRAG",0.181793252075475,-0.118957921279798,0.213,0.214,1
"PILRB",0.181830656643577,0.29080296076097,0.068,0.053,1
"GEN1",0.181951437204786,0.489473063889108,0.028,0.018,1
"ADAM10",0.182125171019274,0.188980333954184,0.256,0.215,1
"CHROMR",0.182435459342331,-0.191093130467204,0.019,0.019,1
"SIRPG",0.182610991024251,-0.311516964607592,0.066,0.077,1
"ZNF573",0.183274268784541,0.342992411725615,0.027,0.019,1
"CNTROB",0.183323344254805,0.152143250954286,0.023,0.018,1
"CHAC2",0.183384850682529,0.199372826234824,0.061,0.048,1
"GAB2",0.183396434458411,0.15885045216885,0.055,0.041,1
"TRBV4-2",0.183493749052231,0.338802155753942,0.031,0.023,1
"NRIP3",0.183604253810132,0.587955829550896,0.025,0.016,1
"SOCS5",0.183733699974609,-0.151588422694962,0.036,0.035,1
"SPEF2",0.183810893618819,-0.418958994636792,0.023,0.028,1
"PLEKHG2",0.183846033121762,-0.296513536384652,0.023,0.027,1
"LINC03015",0.183863260454554,-0.162766201020878,0.008,0.01,1
"ETFDH",0.183893424132906,0.209412385979336,0.091,0.075,1
"METTL1",0.183910735711331,-0.190875389009445,0.038,0.041,1
"ARFIP1",0.184014127778357,0.272825257585321,0.076,0.057,1
"SPSB1",0.184396025305784,0.260977023737708,0.028,0.021,1
"ABHD18",0.184482444530416,0.151884168566769,0.177,0.15,1
"ZXDB",0.184530698475408,0.314581860727619,0.052,0.039,1
"ENSG00000251867",0.184545883009989,0.288304473401317,0.013,0.012,1
"MRPS16",0.184648116053588,0.11537596082178,0.226,0.202,1
"MLKL",0.184713471453554,-0.409255614726476,0.025,0.031,1
"SKA2",0.184906295771389,-0.350827733035573,0.057,0.065,1
"ANAPC1",0.18492337511282,-0.214822709259818,0.15,0.158,1
"WNT5B",0.185013317139166,0.593393198133566,0.021,0.014,1
"N6AMT1",0.185066753573725,0.314097640500355,0.043,0.031,1
"WDR19",0.185163788853286,0.22067041528039,0.101,0.079,1
"TSGA10",0.185264053326699,0.289876879017452,0.074,0.057,1
"PDE6B",0.185317765508602,0.242691402296749,0.035,0.029,1
"KATNIP",0.185338226919302,0.13140929031036,0.064,0.055,1
"CROCCP2",0.18544233322554,-0.127716752967963,0.174,0.17,1
"TSNAX",0.185511470956735,0.114389415203077,0.172,0.152,1
"EPG5",0.185717179596888,0.230875682401249,0.074,0.061,1
"SPAG4",0.185766790707681,0.239522432447272,0.047,0.034,1
"CCSAP",0.185939922303353,-0.246698933597725,0.05,0.051,1
"PMS2P4",0.185985601823124,0.252318257178651,0.067,0.055,1
"GPR171",0.186019063133824,0.180531855223884,0.12,0.097,1
"ATP8B2",0.186099606077918,-0.29834566895972,0.067,0.072,1
"PHYKPL",0.186101339914654,0.100173721269765,0.243,0.21,1
"KDSR-DT",0.186118948233353,0.446067651150361,0.015,0.012,1
"RIDA",0.186356200721388,-0.407425943530081,0.023,0.027,1
"AGBL3",0.186831637459377,0.305178219765067,0.092,0.072,1
"ZCCHC9",0.186842112650803,-0.170758343360008,0.078,0.081,1
"CDKAL1",0.187020105308229,0.150454262869651,0.284,0.244,1
"FUCA1",0.18775959173806,0.298007674848539,0.042,0.031,1
"TSEN15",0.18793688583765,-0.137559183847313,0.13,0.133,1
"IRS1",0.187954087649939,0.248243776052345,0.025,0.018,1
"KDM3A",0.188442697223227,0.12091488858337,0.276,0.239,1
"DHRS11",0.188663985580176,0.623707602500806,0.012,0.007,1
"PIGN",0.188727735029087,0.261182474023858,0.076,0.06,1
"COMMD4",0.18881378957761,0.30687194827213,0.04,0.029,1
"UTP25",0.188942070654864,-0.14566859334283,0.103,0.1,1
"GALC",0.188962528033944,0.256591406674435,0.064,0.05,1
"EFCAB13",0.189185877381829,0.416864291359986,0.032,0.022,1
"KHDRBS3",0.189269595890833,-0.489043834199975,0.014,0.017,1
"RAP1GDS1",0.189563899040631,0.1417064558655,0.152,0.128,1
"BAG4",0.189673909415135,0.221200185257941,0.093,0.074,1
"EPS8L2",0.189910937619873,-0.338422800513996,0.031,0.033,1
"DLGAP4-AS1",0.190010375893077,0.334181304710467,0.019,0.013,1
"TTC8",0.190189802921106,0.70513606653364,0.014,0.008,1
"ATAD1",0.190352129590534,0.101043157258272,0.254,0.225,1
"ZNF791",0.19052863226622,0.110125537605927,0.142,0.13,1
"CENPV",0.190595251657363,0.311783909548169,0.065,0.051,1
"EMC9",0.190758372117088,-0.385509085316324,0.027,0.033,1
"GPR174",0.190977122415119,-0.115915294600725,0.224,0.228,1
"BRCA2",0.191016801188297,0.541646096031917,0.023,0.017,1
"NME6",0.191098000102638,0.26680931335287,0.069,0.052,1
"COPG1",0.191172935857226,0.18485854796066,0.198,0.163,1
"CTSS",0.191407085390463,0.191112816278839,0.172,0.142,1
"NPEPPS",0.191462591170185,-0.131521798098604,0.268,0.269,1
"RFC2",0.191484522495537,-0.21852469193971,0.079,0.084,1
"PFKP",0.191584476425878,0.346532563631473,0.078,0.058,1
"CASTOR3P",0.191595322025775,-0.231281144323383,0.077,0.082,1
"ZFP69",0.191828692222969,-0.520311767776347,0.017,0.022,1
"GPN3",0.191846854906804,-0.220237540806757,0.126,0.131,1
"WASHC1",0.191954900997457,-0.520467092237418,0.015,0.019,1
"RGP1",0.192022239151002,0.23065364967156,0.074,0.06,1
"HSP90B1",0.192221344376653,0.104148820540357,0.65,0.597,1
"PNPLA6",0.192352384784112,0.327840420995429,0.052,0.04,1
"EDC3",0.192415469866832,0.266536525746247,0.086,0.066,1
"GBP1",0.192556100794631,-0.226365579714759,0.096,0.102,1
"MAP4K2",0.19278189942095,-0.192794752849665,0.159,0.165,1
"CLUH",0.192938242141714,0.312572825068394,0.045,0.032,1
"FBLN7",0.193019027258422,0.38293208327616,0.027,0.02,1
"ZNF350-AS1",0.193073960127614,0.711359105823104,0.014,0.008,1
"TALDO1",0.19342605771311,-0.140331684783071,0.248,0.251,1
"PAICS",0.193740416072727,-0.165424094133947,0.096,0.101,1
"NBR2",0.193816614711579,0.424261185329471,0.026,0.018,1
"ZNF667-AS1",0.194211625830792,-0.145159418757711,0.077,0.081,1
"GPATCH3",0.194288478391657,0.126196092124345,0.095,0.079,1
"PCSK4",0.194366830570827,0.711524484490331,0.015,0.009,1
"INF2",0.194378106814675,0.444337041406946,0.018,0.012,1
"HAUS6",0.194636761285494,-0.16435508916778,0.08,0.079,1
"SUCLG2",0.194673568839234,0.184227084873426,0.151,0.123,1
"GMFB",0.194679326212719,0.130803298263454,0.136,0.119,1
"TMA16",0.194782842633499,-0.191847003906485,0.043,0.044,1
"FICD",0.194794897364241,0.286696025226354,0.019,0.014,1
"INVS",0.194795692724128,0.122012912398716,0.185,0.17,1
"GEMIN7",0.194877647221189,-0.273504750220706,0.087,0.091,1
"KDM8",0.195312095572365,0.251167611396931,0.041,0.032,1
"CLYBL",0.195364301619796,0.37411038861189,0.028,0.021,1
"DSN1",0.195392095976501,0.398456129513974,0.033,0.024,1
"PUM3",0.195422886457759,0.144829433716685,0.201,0.17,1
"ZNF93",0.195590155958415,-0.358478911760072,0.035,0.041,1
"SPINT2",0.195601625337004,0.131585402872169,0.254,0.217,1
"GRB10",0.195614238054117,0.205121029121626,0.014,0.013,1
"CETN2",0.195708882055388,0.12103002307607,0.071,0.063,1
"ENSG00000280195",0.195961703648328,-0.505807178166659,0.01,0.013,1
"MARCHF7",0.195970633761393,-0.102585192941227,0.392,0.384,1
"CLASRP",0.196082036631945,0.121580478148572,0.158,0.137,1
"NUB1",0.196154380871077,-0.123279924566127,0.313,0.316,1
"PADI4",0.196272641192029,-0.292558391920009,0.029,0.034,1
"PTPN23",0.196357088039548,0.218403975270265,0.071,0.055,1
"ZNF586",0.196480015490377,-0.207442148023923,0.109,0.114,1
"ENTPD1-AS1",0.196489465972993,0.30780280858912,0.057,0.043,1
"LEO1",0.196579574763724,0.143715741860258,0.134,0.111,1
"LUZP1",0.196702372632098,-0.117891982327743,0.109,0.105,1
"RNPEP",0.196705500189274,0.291306012680839,0.065,0.051,1
"GATAD2A",0.196791054701186,0.150118718012018,0.257,0.22,1
"DNAAF10",0.197021213589552,0.279219824804725,0.036,0.026,1
"MLYCD",0.197059339325463,0.130548356374773,0.035,0.028,1
"SNX27",0.197154284780603,0.115018879556333,0.135,0.112,1
"TIRAP",0.197371278021376,0.444388832057059,0.019,0.014,1
"MGRN1",0.197403231249985,0.128377141500569,0.148,0.123,1
"SEPTIN7-DT",0.197442112760891,0.449581657783091,0.012,0.007,1
"SEL1L",0.197490840929957,0.112717505756885,0.192,0.162,1
"ADPRM",0.197577915014096,-0.280430418513023,0.078,0.085,1
"LINC02694",0.197600833356423,-0.205936739468216,0.012,0.013,1
"C1S",0.197624910892566,-0.344966786865757,0.029,0.032,1
"ANKRD39",0.197791183805724,0.253612508282923,0.08,0.062,1
"TDRD3",0.19798046330058,0.220455987227505,0.097,0.079,1
"DYNLT2",0.198041435667334,-0.555392492668373,0.014,0.018,1
"SLC39A14",0.198060359599003,0.512730968383975,0.022,0.014,1
"TLE3",0.198073950847135,0.15469390179717,0.288,0.242,1
"MARF1",0.198133662212208,-0.124594318953109,0.253,0.251,1
"CSTF2",0.198147235888748,0.236850326821551,0.072,0.056,1
"DOCK2",0.198315595460507,0.197930473474975,0.236,0.202,1
"ZNF700",0.198428938335227,0.206026731693488,0.04,0.034,1
"FER",0.198447318732283,0.215451087966205,0.165,0.131,1
"FBXO9",0.198514046777147,0.133549316270208,0.17,0.143,1
"ENSG00000251661",0.198528518213924,-0.392510456032385,0.052,0.06,1
"EYA3",0.198580392158476,0.155471247572934,0.132,0.11,1
"NIPA1",0.198897558650751,0.297571328197817,0.046,0.036,1
"BTN3A2",0.198990632795798,-0.111856770689944,0.305,0.308,1
"HEMK1",0.199211595385947,0.24207214734426,0.028,0.019,1
"IDNK",0.199418915777104,0.404224492176657,0.032,0.022,1
"LINC01891",0.199478655078284,0.200967830016475,0.127,0.106,1
"ABI2",0.199630040375645,-0.106408596595114,0.091,0.09,1
"ENSG00000273748",0.199838070304237,-0.366172666136884,0.044,0.049,1
"UCHL5",0.199841869531813,-0.141561626455207,0.157,0.145,1
"SLC17A9",0.199888612678391,0.592832815412566,0.018,0.012,1
"RXRA",0.200079459548911,0.433364600435113,0.032,0.024,1
"C2orf81",0.200157398747235,0.203576134486249,0.017,0.012,1
"IFT25",0.200177549259956,-0.170263927985897,0.151,0.155,1
"FKBP11",0.200242442731853,0.14650769241619,0.228,0.194,1
"TRBJ2-7",0.200421675332097,0.339882606751852,0.01,0.009,1
"GABPA",0.200475329257361,-0.158055780030823,0.14,0.144,1
"EPS8",0.200490869302613,0.454916231075782,0.021,0.015,1
"ZNF563",0.200533662655407,-0.186901354341348,0.114,0.116,1
"CISD3",0.200560363838287,0.149119475649198,0.041,0.036,1
"GLOD4",0.200768822243814,-0.16107927582004,0.227,0.23,1
"MAP3K14-AS1",0.201070940093136,0.273755999533305,0.04,0.028,1
"ZNF394",0.201217427417458,0.128811175605038,0.206,0.176,1
"TXNDC9",0.201267370866432,-0.155075602906877,0.215,0.218,1
"ENSG00000227627",0.201315695292138,0.284646160275686,0.025,0.02,1
"ADISSP",0.201373524494942,0.240957358967262,0.087,0.07,1
"EXPH5",0.201488340241592,0.751057321973264,0.013,0.008,1
"TMUB1",0.201506396629334,-0.122616222512055,0.311,0.315,1
"ENSG00000285812",0.201865517373282,-0.420993292684571,0.009,0.012,1
"ZSCAN16",0.201882288605618,0.22768397106917,0.056,0.047,1
"WDR76",0.201951583617561,-0.65732143881643,0.016,0.021,1
"GRIP1",0.20200607906536,-0.357072812934092,0.02,0.023,1
"SNIP1",0.202133685824772,0.139157728325147,0.107,0.089,1
"SP2",0.202507756527148,-0.12278342713879,0.12,0.122,1
"DHX34",0.202663668542184,-0.37792336156183,0.026,0.03,1
"PRPF3",0.202705491922019,-0.143565664922052,0.16,0.158,1
"ENSG00000281181",0.203034153932694,0.360572238771066,0.052,0.038,1
"SLC2A6",0.20313256756937,-0.265888435638386,0.016,0.016,1
"APLF",0.203247237054424,-0.172786561114304,0.066,0.069,1
"MAGED1",0.203274745512812,0.160023179809055,0.156,0.129,1
"RRP36",0.203407841773835,-0.116088784984785,0.266,0.257,1
"SSTR3",0.20348034911366,-0.573116092400564,0.009,0.01,1
"TRAK1",0.203501394338761,0.364122393403197,0.047,0.036,1
"CPEB2",0.203574044879354,0.116794244950031,0.046,0.035,1
"CPT2",0.203735919093657,0.219730265773839,0.044,0.034,1
"WDR44",0.203820064557794,0.192859475117827,0.131,0.109,1
"GPHN",0.203956401736394,-0.114230573018733,0.108,0.105,1
"CKLF",0.203961775537027,-0.146903438522108,0.164,0.167,1
"PSEN1",0.204187108753935,0.154261235666053,0.256,0.219,1
"OSER1-DT",0.204207760837542,0.240496216081417,0.054,0.042,1
"ZNF71",0.204455974025522,-0.154906069839183,0.059,0.063,1
"DIS3L2",0.204456593746466,0.140802474959208,0.129,0.117,1
"PARP2",0.204492624528184,0.339550454920397,0.034,0.024,1
"SNHG26",0.204508852188807,0.410635947028927,0.032,0.023,1
"MAP2K6",0.204762043157228,0.763594197913722,0.01,0.007,1
"CNKSR2",0.204765188445361,0.200089509583995,0.052,0.045,1
"PAOX",0.204955710774363,-0.234884122630103,0.091,0.094,1
"ZNF790",0.205266454101362,0.269658281190347,0.05,0.038,1
"NCAPG2",0.205292721725843,0.603611639789784,0.016,0.009,1
"SENP3",0.205311120805627,-0.151073633060807,0.077,0.074,1
"GATD1-DT",0.205360528841158,-0.49136085993635,0.015,0.02,1
"IDUA",0.205385189985377,0.19622907819184,0.062,0.049,1
"CARNMT1",0.205491105213256,0.236493025368079,0.095,0.075,1
"PPM1M",0.205544419320652,0.233043225327296,0.098,0.08,1
"STRN4",0.205782894867757,-0.134722305273704,0.112,0.115,1
"ASB6",0.206022216450501,0.148168893268729,0.101,0.085,1
"ATP6V0E2",0.206047034681552,-0.262769994794754,0.117,0.125,1
"PRR7",0.206152303456732,0.204955048554943,0.248,0.209,1
"FBXO30",0.206260925552939,0.4887703470506,0.043,0.03,1
"RNASEH2B",0.206280221833192,-0.120919879210681,0.225,0.228,1
"ICE2",0.20659659625608,0.155282232550764,0.216,0.186,1
"SCFD2",0.20675035010396,0.206572861251992,0.115,0.096,1
"TMEM64",0.206784683004218,0.201166693339664,0.035,0.026,1
"HYOU1",0.206804775305276,0.134042189897783,0.127,0.114,1
"ENSG00000277369",0.206933838944308,0.273110548871206,0.021,0.014,1
"ENSG00000253636",0.206979876635223,-0.546279741381761,0.012,0.016,1
"SUSD6",0.20715061515559,0.204916300525564,0.061,0.051,1
"NELFCD",0.207161551471032,-0.122227192130343,0.226,0.22,1
"MTHFR",0.207182969208021,0.388559659063954,0.029,0.02,1
"ZNF329",0.207319346906545,0.127719939134401,0.075,0.064,1
"ENSG00000291175",0.20738536733989,0.334943707283129,0.044,0.033,1
"TRAV8-2",0.207503156184865,-0.105176860542008,0.093,0.083,1
"PRDX4",0.207629976989823,-0.103939011832652,0.068,0.072,1
"NR3C2",0.207697319652097,0.257155310035458,0.047,0.04,1
"ENSG00000288887",0.207801837098366,-0.147159165425364,0.026,0.025,1
"NAE1",0.207836862425207,0.14474944451431,0.22,0.185,1
"CHUK",0.208281057402722,0.192723396685858,0.106,0.085,1
"TMEM164",0.208291271082087,0.389900072339803,0.027,0.019,1
"MAPRE1",0.208297533329615,0.109995267531358,0.388,0.338,1
"EBAG9",0.208403041169384,-0.136580601239439,0.105,0.11,1
"TOE1",0.20840651772249,0.195169950130713,0.068,0.056,1
"ENSG00000289366",0.208868110587151,-0.357553896301608,0.018,0.022,1
"TRIM21",0.209201319996609,0.151095501046677,0.116,0.097,1
"ZNF26",0.209334836561394,0.288196187511656,0.081,0.065,1
"CPTP",0.209413762975712,-0.10410957726698,0.087,0.081,1
"GMPPA",0.209463402617869,-0.321006311129809,0.024,0.028,1
"CYTOR",0.209464805194401,0.77180602374491,0.014,0.01,1
"TMEM245",0.209481524345157,0.12774740747763,0.3,0.259,1
"NUDCD2",0.209551422939367,-0.102271471450338,0.253,0.252,1
"MAP3K7",0.209595489385537,-0.111216124082874,0.141,0.136,1
"NEMP2",0.209806290057286,-0.273450068686122,0.039,0.041,1
"DIAPH2",0.209819012867357,0.303814341124272,0.072,0.055,1
"ZDHHC14",0.209838383129679,-0.304733562035138,0.017,0.021,1
"ATP11B",0.209855300638403,0.112862160054511,0.347,0.304,1
"CASTOR2",0.210032119226743,0.389602645479322,0.045,0.034,1
"RIPK2",0.210255630255206,-0.583383271816357,0.012,0.016,1
"PRANCR",0.210280927828235,0.157035811679958,0.122,0.106,1
"COASY",0.210318147384279,-0.136720173714315,0.114,0.115,1
"RANBP3",0.210322988784824,-0.118647527288843,0.237,0.239,1
"RARG",0.210353938310969,0.264186933325655,0.057,0.045,1
"KHSRP",0.210379870220221,0.121087172384978,0.126,0.104,1
"RAD9A",0.21066066233541,-0.150219040241297,0.086,0.09,1
"ZFYVE9",0.21079151897622,0.180421499521704,0.011,0.007,1
"MCM3AP",0.210911934125226,0.171738407393561,0.111,0.091,1
"BTBD1",0.211035108555099,0.154584420843199,0.196,0.171,1
"DCTN5",0.211145834197557,0.119381178964137,0.104,0.083,1
"ZNF79",0.21133404250508,0.130257375154081,0.028,0.023,1
"VPS13C",0.211342147049951,0.131875469984211,0.325,0.277,1
"ZNF182",0.211369931160688,0.284614171709155,0.029,0.023,1
"CENPH",0.211492503725036,0.23905299439113,0.047,0.035,1
"SLC30A6",0.211536806460818,0.113337092677447,0.122,0.102,1
"SLC38A7",0.21166693311882,-0.449861789875578,0.015,0.018,1
"ZNF557",0.211706518642945,0.19910071264664,0.059,0.046,1
"RMDN1",0.211794643437551,0.260778957215097,0.091,0.07,1
"PYHIN1",0.211998872000246,0.437347834816673,0.04,0.033,1
"ZC3H6",0.212063982144258,-0.352187188536497,0.085,0.091,1
"ATG7",0.212378920509267,-0.136684134333023,0.068,0.069,1
"C21orf62-AS1",0.212518422025722,0.488908959101116,0.012,0.007,1
"ADAM22",0.212870044548905,0.460514679814092,0.016,0.01,1
"TASOR",0.213089108387015,-0.110324648774458,0.185,0.179,1
"THTPA",0.213165878832263,-0.477668533237581,0.026,0.031,1
"CROCC",0.213172812650973,0.312371943558997,0.044,0.035,1
"NIPSNAP3A",0.213254740555059,0.151814951841878,0.073,0.058,1
"MSL2",0.213380706856171,0.1725942650022,0.215,0.181,1
"SLC36A1",0.21352348059854,0.285382503118614,0.014,0.011,1
"FNTB",0.213596916811648,-0.373713379475801,0.028,0.032,1
"ATG4A",0.213665594525267,-0.350346452199472,0.048,0.053,1
"SMPD2",0.213758323086184,0.173382285929012,0.099,0.082,1
"CCDC6",0.213943740383145,0.256046812728419,0.097,0.076,1
"ENSG00000291259",0.213975912868216,0.22918886852073,0.021,0.016,1
"ZNF497",0.214071975592637,0.76408442274237,0.014,0.009,1
"RECQL5",0.214078071427101,-0.167760208690638,0.017,0.015,1
"LIX1-AS1",0.214371227100306,-0.159287541539,0.013,0.014,1
"CLHC1",0.214545711771514,-0.487786556013424,0.016,0.021,1
"RANBP6",0.214559180084939,0.10365328751279,0.098,0.091,1
"ENSG00000291258",0.214620293581655,-0.750515265854187,0.009,0.014,1
"COMTD1",0.214685404853459,0.148093386685966,0.045,0.038,1
"HYAL2",0.214870515448365,0.309290398312289,0.017,0.012,1
"STIP1",0.215459947905835,0.152081420297194,0.323,0.28,1
"ZFAT",0.215492738188057,-0.169909834198412,0.036,0.039,1
"PTPDC1",0.215523044838475,0.492550361595338,0.019,0.012,1
"BTBD2",0.215684842983837,-0.15303919588419,0.055,0.051,1
"ARSA",0.215741261411298,0.125339677636098,0.068,0.056,1
"TRBV12-3",0.215797470891672,-0.393574121918242,0.02,0.02,1
"ACBD3",0.215943946463326,0.103260151722459,0.209,0.179,1
"HCCS",0.215966555513725,-0.329420259120049,0.063,0.069,1
"RTN3",0.21603647995449,-0.120864286680178,0.276,0.277,1
"C17orf97",0.216097471824961,-0.29044572135847,0.048,0.053,1
"SIN3B",0.216152664657817,0.110174494786212,0.105,0.088,1
"SPATA5",0.216196415546612,-0.279346094689259,0.083,0.088,1
"KMT2E-AS1",0.216244887562482,0.1718249465032,0.082,0.074,1
"FAM114A2",0.216330437776701,-0.188849337710275,0.052,0.055,1
"UAP1L1",0.216351872970655,0.414179231320347,0.014,0.009,1
"ZNF45",0.216395007969875,-0.205949740281352,0.05,0.054,1
"LCMT1",0.216428453832793,-0.153568863000796,0.138,0.141,1
"SCYL2",0.216618480241546,0.147045763480403,0.213,0.182,1
"ZNF718",0.216729160170096,-0.266255913843628,0.066,0.071,1
"ZNF395",0.216984345338879,0.164667887731991,0.059,0.045,1
"RRP1B",0.217223866087449,0.168357296336461,0.208,0.179,1
"ADCY3",0.21722643092029,0.281307512776056,0.013,0.009,1
"COA8",0.217530777878739,-0.15541900175754,0.154,0.158,1
"BCL2L11",0.21755273135177,0.101829314531342,0.135,0.117,1
"PAXBP1",0.217570531220712,0.121563120725479,0.201,0.179,1
"ENSG00000287042",0.217594314104135,0.744005736623215,0.018,0.011,1
"TMIGD2",0.217602733416117,-0.291588715006688,0.066,0.069,1
"RWDD4",0.217662014311049,0.132371496459458,0.172,0.145,1
"ZNF232",0.217669940982497,0.25020873661126,0.061,0.047,1
"CYFIP1",0.217932159431175,1.0999309289394,0.011,0.005,1
"ADGRL1",0.218377547986107,-0.399148635157673,0.021,0.026,1
"FAM50B",0.218502639167786,0.408855645172679,0.034,0.025,1
"PEX2",0.218749611768145,0.114725537520673,0.138,0.117,1
"PPA2",0.218852662121196,0.192670558046582,0.136,0.113,1
"VCPKMT",0.218880247906449,-0.156995010770653,0.169,0.175,1
"NAA38",0.218958705683104,0.126655312424926,0.14,0.116,1
"COA7",0.219021199525873,-0.324514114465428,0.016,0.018,1
"GATB",0.219193308820145,-0.362380075869395,0.024,0.027,1
"KLHL3",0.219196290306431,0.504185305720389,0.014,0.011,1
"TIMP2",0.21937549751795,-0.190989221332165,0.075,0.081,1
"SP140L",0.21944771334318,-0.174840646243018,0.204,0.201,1
"ALKBH4",0.219541648718823,-0.302116931568098,0.075,0.081,1
"SPRING1",0.219548650733888,0.136154481156534,0.1,0.081,1
"MBD4",0.219736274004802,-0.14979226744629,0.226,0.228,1
"PDIA5",0.219742513503687,0.344400451017654,0.014,0.009,1
"ARPC4",0.22015788079847,-0.105442810303515,0.317,0.308,1
"GSTP1",0.220203084776459,-0.15847762265922,0.361,0.359,1
"RAPGEF1",0.220217378603114,0.119444393881764,0.22,0.187,1
"OTUD7B",0.220232363481412,0.766221081370968,0.013,0.008,1
"HDAC5",0.220518605559616,-0.134826986444233,0.152,0.159,1
"MGAT4B",0.221137966483245,0.188010089595272,0.162,0.134,1
"NUTM2B-AS1",0.221316223677882,-0.125517675193031,0.323,0.321,1
"KLHL36",0.221648375287924,-0.184740242738909,0.169,0.167,1
"ENSG00000287957",0.221659307768343,-0.454056732946771,0.016,0.02,1
"CPSF3",0.22173727830593,0.262876119974075,0.113,0.091,1
"TMEM254",0.221777620915473,-0.280774106591809,0.055,0.059,1
"GALNT7",0.221876515645447,-0.182451251076156,0.074,0.075,1
"HDDC2",0.222288137683769,-0.132092393825191,0.15,0.152,1
"KLF9",0.222326775403113,0.106482427812111,0.157,0.135,1
"OSBPL3",0.222411889566116,0.372023934057643,0.027,0.019,1
"SLC35F2",0.222635536142882,0.535802708982385,0.01,0.007,1
"RFC4",0.222642211386263,-0.291225434384744,0.039,0.041,1
"ENSG00000288942",0.222648643727415,-0.315631406831277,0.011,0.011,1
"ARF4-AS1",0.222677202414524,-0.478375330241481,0.018,0.022,1
"KLRG1",0.222700595660019,-0.257949006503615,0.037,0.038,1
"CLCN3",0.222872659012695,0.207640360045971,0.205,0.174,1
"ENSG00000232754",0.223043067988054,-0.22125546390418,0.01,0.012,1
"MAN1B1",0.223194752936038,0.199915593690168,0.091,0.074,1
"DNAJC27-AS1",0.223668239617122,-0.750732711581533,0.009,0.011,1
"ABHD8",0.224030775427979,-0.426672546589411,0.027,0.034,1
"GSAP",0.224243270972869,0.503249118134419,0.017,0.011,1
"ATF6-DT",0.224363156843406,0.750466325101636,0.012,0.007,1
"MCF2",0.224466865751171,-0.333312419993591,0.008,0.011,1
"ENSG00000291174",0.224642901613069,0.284285867264315,0.042,0.031,1
"VPS25",0.224780478135808,0.1410416302574,0.146,0.125,1
"ENSG00000261267",0.224866702964775,0.277022434768149,0.031,0.026,1
"ZNF850",0.224885481911484,-0.287909843323771,0.021,0.022,1
"MPRIP",0.224918206500051,0.116908829141655,0.143,0.124,1
"CLCN5",0.225419923996888,0.486613616115092,0.018,0.012,1
"XIAP",0.225538649057106,0.196748354290574,0.145,0.118,1
"ENSG00000289306",0.225553135363078,0.287938608439444,0.013,0.008,1
"CASP3",0.22570146178223,0.141467443176152,0.177,0.148,1
"SETD1A",0.225714104089425,-0.130580815073073,0.06,0.061,1
"NNT",0.22580738061218,0.131868004460066,0.138,0.117,1
"ZNF420",0.225830539919706,0.167135927955547,0.13,0.11,1
"RAB2B",0.226051850701713,0.17785311969314,0.096,0.082,1
"GOT1",0.226316055511894,0.244506391260912,0.116,0.096,1
"NEIL2",0.226380147155001,0.405223673038151,0.017,0.011,1
"TLR1",0.226663079965711,-0.756114905773871,0.009,0.013,1
"ENSG00000258603",0.226888065727115,0.674271174969693,0.015,0.009,1
"THAP3",0.226965903921726,-0.18892212662971,0.08,0.079,1
"NME9",0.227025641496433,0.122977988295601,0.019,0.015,1
"TRBV30",0.227179631651785,0.331391182282358,0.042,0.033,1
"ENO3",0.227181743818377,0.705484763761778,0.013,0.008,1
"CYB5D2",0.227486832252872,-0.312743029631561,0.029,0.033,1
"SLC20A2",0.227508396646236,-0.154478826617541,0.14,0.144,1
"SLC31A2",0.227593161603024,0.131324431302106,0.036,0.027,1
"IL12RB1",0.227870986076747,0.355115248289102,0.051,0.038,1
"IFNG-AS1",0.227895542618633,-0.271968409196713,0.028,0.027,1
"TRPT1",0.228533090154173,0.141966537911106,0.114,0.094,1
"FBXO22",0.22859389537193,0.228809598095277,0.097,0.077,1
"RAB4A",0.228600904139553,-0.142948736818836,0.178,0.174,1
"CBX8",0.228691701038894,0.411008633301417,0.011,0.007,1
"PUS3",0.228957400983041,-0.252131101541356,0.079,0.081,1
"LRRFIP2",0.22905597875057,0.155675691901699,0.169,0.14,1
"TCAF2",0.229130700251302,-0.177000037801657,0.054,0.051,1
"TMEM138",0.229180710906038,0.140594601157953,0.136,0.114,1
"GYG1",0.229211953882013,0.433755801213572,0.032,0.022,1
"AP5M1",0.229301628028297,0.12025419301276,0.149,0.122,1
"RBCK1",0.229354069384987,-0.124718338400081,0.2,0.203,1
"GTF2IRD2",0.229403215545687,0.189190824464583,0.042,0.033,1
"EDEM1",0.22949135842849,-0.248830874755916,0.09,0.098,1
"TWNK",0.230604978118094,-0.116326955485558,0.033,0.035,1
"DHRS7",0.23062633582671,0.223947941335871,0.127,0.101,1
"CISD1",0.230789902047077,0.230524349387231,0.091,0.074,1
"SRGAP3",0.230912391145731,0.609701840743283,0.014,0.009,1
"OS9",0.230921994197198,0.122902235141553,0.221,0.189,1
"HERC2P3",0.231011609984162,0.207550118586664,0.027,0.023,1
"PHKG2",0.231039989364108,-0.110092531004653,0.114,0.108,1
"KLHL42",0.231195545641611,0.391490641650309,0.046,0.032,1
"PTGES2",0.231271419793816,0.211603240196682,0.124,0.104,1
"ZNF316",0.23157939056252,-0.12851069913249,0.045,0.041,1
"DNAJC17",0.231619848194339,0.274043894026772,0.076,0.059,1
"ENSG00000269194",0.231734169973837,0.37210398768759,0.01,0.006,1
"GINS4",0.231755810747741,0.549532420307971,0.015,0.009,1
"DIPK2A",0.232173611856536,0.203242515844396,0.039,0.03,1
"IFT172",0.232194627396267,0.305638247237903,0.018,0.013,1
"PRRT3",0.232229157711505,0.145711924189643,0.012,0.01,1
"ENSG00000290047",0.232432764236467,0.225062524680437,0.027,0.022,1
"SENP5",0.232604042583448,0.103274467577915,0.199,0.168,1
"PLCE1",0.232658617887543,0.562054812295382,0.01,0.006,1
"ENSG00000251131",0.23267703205001,0.298184052915707,0.021,0.017,1
"YOD1",0.232693083508885,0.284041046844168,0.03,0.021,1
"GLMP",0.232828816389393,0.239206159926895,0.047,0.036,1
"VPS4A",0.23287212606781,0.120468001643895,0.222,0.19,1
"ZC3H11A",0.233300936692787,-0.17031095064435,0.118,0.12,1
"LIPE",0.233532957041373,0.169987309264509,0.022,0.016,1
"TRIM47",0.233638595028332,0.787818200211137,0.011,0.007,1
"NUDT22",0.233792981243334,-0.242479593097259,0.106,0.112,1
"XXYLT1",0.233849034515076,0.376055469766667,0.036,0.028,1
"TMEM231",0.234268184188131,0.631595958134898,0.013,0.008,1
"BCL10-AS1",0.234617798682428,-0.346545397683629,0.008,0.01,1
"PHLDA1",0.234770974019397,0.123995072224812,0.038,0.037,1
"ME2",0.234884411448566,-0.114286772614236,0.141,0.137,1
"BMT2",0.235000618425846,0.185627814387504,0.179,0.152,1
"FANCB",0.235310566429122,-0.420351441337139,0.024,0.029,1
"ZBTB6",0.235382631979284,-0.217780467405682,0.068,0.073,1
"ZBTB37",0.235492443210023,0.465112560363528,0.027,0.019,1
"DIPK1A",0.235749582178398,0.110676189027718,0.413,0.362,1
"MRM3",0.235828573842938,0.147577614128128,0.109,0.089,1
"SLC41A2",0.236498770384614,-0.298953033367219,0.016,0.02,1
"SSR1",0.236613142190784,-0.111671765073507,0.23,0.226,1
"ZNF790-AS1",0.236755458390886,0.212338138527286,0.021,0.017,1
"MTHFD1",0.237058850255747,0.123761743700942,0.041,0.033,1
"MAK",0.23736567018279,0.486549235530782,0.044,0.032,1
"GRN",0.237365936612971,-0.215515556831013,0.044,0.047,1
"MTHFSD",0.237392137671211,-0.113068583713083,0.02,0.018,1
"NDUFAF5",0.237476466209219,0.197469115431633,0.066,0.057,1
"KIF18A",0.237487091752288,0.148050686737288,0.024,0.021,1
"BCOR",0.237644113253569,0.181520268892816,0.181,0.15,1
"THAP7-AS1",0.237674655056076,0.44066467418211,0.024,0.016,1
"HLA-L",0.237690931482251,0.461236711133103,0.025,0.017,1
"CXorf65",0.237861351003179,-0.631281196469328,0.011,0.014,1
"TNS2-AS1",0.237989089621145,-0.186755369727034,0.054,0.054,1
"RPP40",0.238467614873109,-0.241577334769524,0.054,0.059,1
"SLC40A1",0.238573594480952,0.608063055572496,0.015,0.009,1
"SGTA",0.238593672631176,0.163782242351687,0.143,0.12,1
"GTF2I-AS1",0.238609372823765,-0.23815168861129,0.036,0.037,1
"HS6ST1",0.238938003779619,0.18906877905046,0.042,0.032,1
"ENSG00000285612",0.23908603920384,-0.162418640028942,0.042,0.043,1
"LMNTD2",0.239322711460474,0.160814575225046,0.01,0.008,1
"SASH3",0.239566655588843,-0.166504700219461,0.091,0.098,1
"TM9SF2",0.239608667258812,0.115648438145405,0.407,0.362,1
"TTC38",0.239690409876575,0.412010858298289,0.014,0.011,1
"PRKAA1",0.239762379227849,0.130536288550282,0.248,0.215,1
"LZTS2",0.239834561581603,0.417216971059437,0.029,0.021,1
"AGTPBP1",0.239843951132334,0.143761422649458,0.295,0.256,1
"MBNL3",0.239911354191402,0.322160300229039,0.054,0.04,1
"BAZ2B",0.240084037352822,0.209349254351073,0.086,0.07,1
"ENSG00000278834",0.240209352932645,0.490964553151148,0.023,0.015,1
"MNT",0.24023998578334,0.107480499109171,0.079,0.064,1
"RRN3",0.240242269508207,0.124603259035323,0.149,0.124,1
"TRIM69",0.240265148289817,0.286056806393272,0.068,0.054,1
"TPP1",0.240295774377312,0.167932316095559,0.067,0.053,1
"HPS4",0.24062499756415,0.150451229490918,0.093,0.08,1
"BRF2",0.240677019375965,0.120158572021006,0.066,0.058,1
"ZCCHC8",0.240682303973687,0.129830542290101,0.161,0.134,1
"TSR3",0.240814208728189,-0.107548217742906,0.308,0.304,1
"SUGT1P3",0.240821460185431,-0.384751246996756,0.019,0.022,1
"DNAI4",0.240834942294929,-0.725459128384185,0.014,0.017,1
"DMPK",0.241200340117464,0.27057722014484,0.011,0.007,1
"ENSG00000289015",0.241303374664204,0.36776221774194,0.012,0.008,1
"MFSD9",0.241367703561755,0.316577901984475,0.043,0.032,1
"ENSG00000257176",0.241555782001658,0.832483070241197,0.012,0.007,1
"HMGCL",0.241563458177517,-0.259165639924241,0.035,0.04,1
"KANSL1-AS1",0.241960023876526,0.279805418945086,0.033,0.025,1
"SPDYA",0.242033933047284,0.564113265778824,0.014,0.01,1
"UBP1",0.242057200533464,0.212735473679231,0.109,0.086,1
"LONRF1",0.242228672017074,0.214472841350285,0.057,0.047,1
"CREBBP",0.242499094977193,0.123840936187078,0.338,0.302,1
"PEX16",0.242516851689134,0.126371100716889,0.241,0.208,1
"HEATR3",0.242624610517762,0.245087714063628,0.045,0.039,1
"SPTY2D1",0.242698352116027,0.195811789932563,0.142,0.124,1
"ARMC10",0.242830146596325,-0.153787624607542,0.164,0.166,1
"TRAV12-2",0.242936331661113,0.262150404537027,0.043,0.038,1
"ENSG00000272540",0.242944969238495,-0.23953527637284,0.02,0.021,1
"MRPS31P5",0.242983680792353,0.257318245391168,0.039,0.03,1
"ENSG00000260616",0.243012612389541,-0.337497196029169,0.022,0.025,1
"FLI1",0.243076793690889,-0.141217358038324,0.201,0.207,1
"SPATA7",0.243124349652396,0.948756405436629,0.012,0.007,1
"ATP6V1D",0.243180047249439,0.152134077709683,0.2,0.17,1
"HDAC1",0.243279548675074,-0.112285641466272,0.274,0.258,1
"FBXO2",0.243362217165127,0.799331037841509,0.01,0.006,1
"RAP2C-AS1",0.243560771484911,0.297814021252183,0.04,0.03,1
"ZNF236",0.243565273075544,0.286311839833267,0.104,0.082,1
"PRIMPOL",0.243616227113387,0.25184569772643,0.031,0.023,1
"TULP3",0.243634019637138,0.206625181846783,0.09,0.072,1
"CASP6",0.243719881096197,-0.240944105032008,0.056,0.061,1
"KIF16B",0.243732130383111,0.571255336471408,0.024,0.016,1
"ENSG00000288999",0.244007993993391,0.324194619029885,0.036,0.029,1
"DNA2",0.244113746116934,0.415747590607472,0.014,0.009,1
"ENSG00000286153",0.244127673496741,-0.575464490755476,0.008,0.011,1
"SORL1",0.244318392807378,0.111614566779488,0.213,0.187,1
"SLC25A13",0.244662954792344,0.213872347980723,0.025,0.021,1
"HSCB",0.244686628794548,-0.175644332377965,0.073,0.077,1
"DOK1",0.245014685349965,0.153033186289099,0.067,0.055,1
"CUTC",0.245055865587904,-0.18165731466553,0.181,0.185,1
"FARS2",0.245065284048083,0.134268904725018,0.145,0.127,1
"TSHZ1",0.245215404580469,0.207916037057638,0.129,0.106,1
"AZIN2",0.245283868451276,0.655622896609723,0.013,0.008,1
"RTEL1",0.245339469249202,0.29508709814311,0.016,0.013,1
"LINC02964",0.24536782140953,-0.259930745112491,0.053,0.058,1
"TG",0.24537069414314,0.594366989559603,0.013,0.009,1
"COQ4",0.245445914406925,-0.186496515560875,0.176,0.181,1
"KBTBD8",0.245781738942283,0.438086848922185,0.016,0.011,1
"PINX1",0.245861712120463,-0.141339201375789,0.09,0.091,1
"SQLE",0.245970022833015,0.169351815457564,0.117,0.097,1
"NUDT14",0.24602969996781,0.131398283729145,0.018,0.014,1
"SPG11",0.2460621091141,0.221797022228801,0.109,0.087,1
"MAP3K2-DT",0.246120323733778,0.180399423872369,0.057,0.044,1
"DPYD-AS1",0.246163899871855,0.208508624645166,0.045,0.035,1
"H2AC6",0.246212673121928,-0.205486500433933,0.097,0.101,1
"BEST1",0.246610404079016,0.268875948872114,0.207,0.176,1
"EMSY-DT",0.246615558568949,-0.423135032283581,0.017,0.02,1
"ABL2",0.246894284513648,0.287334745119612,0.09,0.072,1
"ZNRD2",0.247395275926481,-0.151653437046466,0.261,0.263,1
"TMEM167B",0.247425750029151,0.146868561062142,0.146,0.127,1
"PPP1R10",0.247634922120978,0.131798827639963,0.265,0.228,1
"EMP1",0.247699910075957,0.111517906771918,0.092,0.073,1
"POT1",0.248056900939244,0.258432464599199,0.069,0.056,1
"ZNF287",0.248324058275142,0.30334905803257,0.059,0.044,1
"SEPTIN2",0.248351734399514,0.103578104366339,0.434,0.391,1
"ZNF584",0.248368801610593,0.220511666840693,0.067,0.053,1
"MCM3",0.248455712585836,-0.161454626323446,0.14,0.144,1
"PPP2R5D",0.248509012404251,0.155416263393171,0.104,0.086,1
"SMIM8",0.248616230858869,-0.256983128035463,0.041,0.045,1
"YPEL2",0.248668365281443,-0.110164808737553,0.257,0.255,1
"TRMT2B",0.248990933991021,0.358019768520213,0.058,0.044,1
"SGO1-AS1",0.24913196894459,0.285229710203233,0.021,0.015,1
"HAUS5",0.249150845518923,0.268480032461122,0.04,0.031,1
"SPCS2",0.24919590870126,-0.115946132577156,0.479,0.482,1
"ATP2B4",0.249454149493139,0.205165012282571,0.102,0.089,1
"DCUN1D4",0.249479603935586,-0.207305330666314,0.06,0.064,1
"MRPL27",0.249562265772712,-0.105868893465001,0.173,0.164,1
"TRMU",0.249574337907908,-0.182412479454284,0.092,0.097,1
"AGPAT1",0.249727875687383,-0.319919780923318,0.044,0.049,1
"HECW2",0.249882484570628,-0.647310150100942,0.01,0.013,1
"RAB8A",0.250210971644816,-0.143385991497591,0.252,0.255,1
"U2AF2",0.250331297641239,-0.113117535403284,0.322,0.317,1
"PCID2",0.250342491355406,-0.143365011119864,0.143,0.145,1
"ENSG00000286787",0.250402117588776,0.443851540375884,0.019,0.013,1
"POLM",0.250634498628378,0.200853986144597,0.085,0.069,1
"COPB2",0.251070105249552,0.102848770940198,0.311,0.273,1
"NDUFA7",0.251422963672632,-0.18539202453959,0.246,0.249,1
"DCAF4",0.251460015469246,-0.20533675475706,0.028,0.032,1
"ZMAT5",0.251501379046179,-0.276163114455052,0.041,0.043,1
"MINCR",0.251884303264433,-0.248996753954379,0.035,0.038,1
"PCCB",0.252066994103251,0.282005798410512,0.083,0.064,1
"RABGGTB",0.252072373254522,0.127109649043197,0.205,0.178,1
"QKI",0.252614355569245,-0.105600604719839,0.311,0.305,1
"TLE2",0.252706751170517,-0.150286375216869,0.021,0.025,1
"ENSG00000232934",0.252868168558618,-0.519549803417283,0.012,0.014,1
"RSKR",0.253015406957446,-0.381218483622877,0.012,0.014,1
"EBP",0.253043899222834,0.143013178013921,0.131,0.111,1
"ZSCAN26",0.253061567216349,0.114415508385855,0.052,0.042,1
"MFSD14CP",0.253180861959879,0.172751101260378,0.142,0.118,1
"DYRK2",0.253384946958174,-0.193828761016463,0.229,0.238,1
"PPP1R12C",0.253467554708486,0.120686021311332,0.063,0.058,1
"PPID",0.253599412078767,-0.127832345654524,0.181,0.181,1
"SNRK-AS1",0.253944286474769,-0.263443807222432,0.078,0.082,1
"CLN3",0.25399947807626,-0.232402125366605,0.106,0.111,1
"POLD2",0.254151836154222,0.149406165156737,0.148,0.122,1
"PIP4K2B",0.254330367382162,-0.205239082156963,0.027,0.028,1
"IRAK1BP1",0.254725461238073,0.282211318662541,0.04,0.029,1
"TMEM183A",0.254798099992853,-0.103456499515667,0.276,0.273,1
"POLD1",0.255045855667546,0.422004025026213,0.024,0.017,1
"GLUD1P3",0.255172605745747,-0.291136904428016,0.04,0.044,1
"CENPT",0.255438622422385,0.120811078775788,0.155,0.135,1
"ENSG00000236498",0.255535151820983,0.505546219653988,0.025,0.016,1
"NFIA",0.255581161261256,0.278887814577194,0.018,0.012,1
"KPNA4",0.25558930617122,-0.100129236171417,0.321,0.319,1
"RCAN3AS",0.255814303385912,0.190194021205928,0.127,0.107,1
"H2AC17",0.255925143552446,0.469787697783446,0.02,0.014,1
"PPP2R1B",0.256190530235162,0.182149903655449,0.072,0.058,1
"DGKD",0.256352069118317,-0.158640317198825,0.172,0.17,1
"BCAS3",0.25640483174712,0.152766490357146,0.175,0.149,1
"ZNF786",0.256412922136971,0.240681737467381,0.064,0.051,1
"ANKIB1",0.256833079597524,0.186030680349631,0.199,0.169,1
"MCPH1",0.257012330075903,-0.124746288254421,0.164,0.167,1
"ENSG00000287086",0.257124300999527,-0.254045935473992,0.019,0.022,1
"ERAP2",0.257578979582816,0.186522684308621,0.171,0.145,1
"FDPS",0.25760109279907,0.152639793518551,0.197,0.17,1
"C19orf47",0.257684303743554,0.121457134366361,0.036,0.033,1
"MAK16",0.25770017105708,0.216954163843808,0.067,0.056,1
"RAB3GAP2",0.257916595098394,0.132668090123365,0.202,0.171,1
"MTMR8",0.258295849821223,0.275436700726335,0.046,0.037,1
"SPAST",0.258309464446547,0.119109176861912,0.117,0.096,1
"PDK2",0.25836328914403,-0.232389651125829,0.062,0.067,1
"TESK1",0.258549121657228,0.188408774760828,0.093,0.079,1
"MTM1",0.258819545058579,0.111029804416329,0.084,0.072,1
"ITGB2-AS1",0.258894430700042,-0.200357394035255,0.074,0.08,1
"ARHGEF5",0.258940939637121,-0.175485262413657,0.02,0.021,1
"WASL",0.258968602164354,-0.18946085066271,0.095,0.098,1
"ENSG00000262039",0.258970632665172,-0.433836109973098,0.012,0.015,1
"SMAGP",0.25913604859157,-0.109825127075226,0.026,0.024,1
"MRPS23",0.259199836047821,-0.137089935282018,0.182,0.182,1
"NF1",0.25929997970076,-0.124373011324038,0.129,0.128,1
"HGS",0.259313793109411,0.112904211585,0.192,0.165,1
"CCDC77",0.259348552499711,0.143963444120849,0.052,0.045,1
"DCAF11",0.259645620909193,0.161348649816415,0.197,0.166,1
"SASS6",0.259708818983866,0.329839112100011,0.036,0.025,1
"VPS13D",0.25995579648972,0.154203599822737,0.165,0.135,1
"ENSG00000267058",0.260038271083965,-0.721381148479102,0.007,0.011,1
"PBX3",0.260310472524996,0.248440590616057,0.068,0.053,1
"PTGIR",0.260339755311649,0.38880378746599,0.021,0.018,1
"OAF",0.260374768623412,0.307547747711937,0.025,0.018,1
"CDC37L1-DT",0.260703816160953,-0.225079667797976,0.016,0.017,1
"YARS2",0.260938010848269,-0.140200010185879,0.106,0.108,1
"ESCO1",0.260958699404492,0.120066255600422,0.221,0.189,1
"C9orf64",0.261057368854028,-0.402783500762859,0.014,0.017,1
"SLC12A2",0.261170464333217,0.17643307372532,0.099,0.081,1
"IFITM3",0.261174870453893,0.158536727838682,0.13,0.113,1
"ACAA2",0.261497001761878,0.127983805875953,0.118,0.099,1
"LINC01118",0.261668098329808,0.453591404734864,0.01,0.007,1
"LONP2",0.261772857532675,0.125766301125144,0.207,0.176,1
"NUBPL",0.261788689874197,0.175307774614876,0.069,0.055,1
"TIGD6",0.262083452447623,0.332654009173635,0.011,0.008,1
"SKIC3",0.262693404664234,0.147183364428199,0.164,0.137,1
"H2AC13",0.262832250379576,-0.583449004678486,0.008,0.01,1
"NEMP2-DT",0.262927635442224,-0.264510842187772,0.009,0.011,1
"ABL1",0.263064588672714,0.268242653913179,0.09,0.069,1
"FRA10AC1",0.263243376923464,0.196638410255946,0.096,0.076,1
"ENSG00000289841",0.263467078771082,-0.452542557635257,0.008,0.01,1
"IBA57",0.263492224307085,0.100173151165363,0.035,0.031,1
"ENSG00000225889",0.263797275071214,0.426979350389294,0.013,0.011,1
"EIF3J-DT",0.263823242948483,0.103327723457563,0.053,0.043,1
"PYROXD1",0.264141013552164,-0.126994412151059,0.078,0.08,1
"ZNF32-AS3",0.264159765540178,-0.5665519596068,0.008,0.011,1
"RENBP",0.264279108504698,-0.410784137365142,0.013,0.017,1
"TNPO1",0.264401480576209,0.136427888272462,0.23,0.199,1
"DNAJC13",0.264450187341261,-0.171894746205036,0.081,0.082,1
"ENSG00000287503",0.264541523089116,0.279030908333382,0.02,0.014,1
"GCLC",0.265090677790757,0.179867472125845,0.082,0.068,1
"CAMKK2",0.265106686082876,0.310068993487786,0.032,0.025,1
"SEMA4B",0.265143765289242,0.292436999337728,0.018,0.012,1
"DUSP22",0.265421796178836,-0.100420431803105,0.107,0.108,1
"FAR1",0.266067104947476,0.152367242365873,0.168,0.141,1
"SLC39A6",0.266428285060216,0.14308211504739,0.145,0.122,1
"AVIL",0.266724484260433,0.23170375618873,0.011,0.007,1
"USP13",0.26703022604787,0.534430192367146,0.013,0.008,1
"MRPL28",0.267048612715868,-0.108004559005666,0.146,0.146,1
"MTG1",0.267099337367607,0.108879325637156,0.184,0.162,1
"PEPD",0.267241636690825,0.164883055098827,0.104,0.088,1
"MOSPD3",0.267604146911462,-0.180080459526746,0.034,0.035,1
"FAM210B",0.267682964945114,0.137599040098999,0.024,0.019,1
"MRPL22",0.26795838367751,-0.102123185316609,0.286,0.269,1
"GOPC",0.268263785958373,-0.141626851074929,0.215,0.21,1
"UVSSA",0.268659070221254,0.302308652447029,0.036,0.028,1
"COP1",0.268973347795909,0.113666054850025,0.343,0.304,1
"SAMD8",0.269298830070577,0.241976849705068,0.103,0.086,1
"OTUD6B",0.269520667260856,0.130710864794056,0.068,0.056,1
"FAM98A",0.269581293036657,-0.117522683675863,0.097,0.093,1
"FHIP1B",0.269587061587367,0.144615423824195,0.09,0.075,1
"ZNF3",0.269598124966705,0.137477007074385,0.097,0.078,1
"ENSG00000287510",0.269786071030597,-0.477421651437913,0.016,0.019,1
"ENSG00000288012",0.269900449891627,-0.211253268898423,0.028,0.03,1
"ZDHHC5",0.269907111235579,0.206496265689788,0.16,0.134,1
"LINC01473",0.270274112179155,0.170008701275515,0.065,0.054,1
"STK38L",0.270513079046486,0.133752741072623,0.141,0.118,1
"TRBV9",0.270604090001081,0.146250298899766,0.063,0.054,1
"PRPSAP1",0.271384991353408,-0.208747459432592,0.098,0.101,1
"SPINK2",0.27150281486784,-0.435914495923393,0.018,0.02,1
"MYL6B",0.271508611386355,-0.389084293571599,0.02,0.024,1
"ZNF449",0.271529770139827,0.417387401936625,0.021,0.015,1
"HECTD3",0.271549922344241,0.27957682160262,0.048,0.037,1
"ANO10",0.271655147135049,0.352103938040344,0.038,0.03,1
"HEIH",0.271814499647456,-0.21661056412853,0.075,0.079,1
"LINC00685",0.271912084228754,0.413634435939064,0.012,0.008,1
"ZMYM6",0.271952907811583,0.118531931379941,0.168,0.139,1
"ASB1",0.272016272729886,0.218124413804416,0.114,0.093,1
"GTPBP8",0.272320422822465,-0.15080990931325,0.179,0.183,1
"SLCO3A1",0.272567412828325,0.254283616044184,0.156,0.124,1
"C1orf109",0.272763143896625,-0.187346535260704,0.067,0.069,1
"YDJC",0.273035220125779,-0.119278959468055,0.187,0.191,1
"PURB",0.273074265676572,0.147870270626017,0.078,0.068,1
"ENGASE",0.273118849771398,-0.30170941264489,0.028,0.033,1
"ZNF320",0.273132705707431,0.276714980061961,0.017,0.014,1
"ZNF302",0.27340785339728,-0.155255643355212,0.147,0.148,1
"MPI",0.273496095449233,0.201615617803394,0.079,0.064,1
"DHFR2",0.273712314793086,0.384895859989284,0.025,0.017,1
"FOXO3",0.27384579461898,0.170044129834237,0.116,0.096,1
"RP2",0.273890485151908,0.223212049435705,0.087,0.069,1
"POLL",0.274138398019513,-0.263618629560212,0.047,0.051,1
"ENSG00000259865",0.274225590657771,-0.318756313183264,0.015,0.018,1
"ZNF561-AS1",0.274324368812006,-0.231937453503382,0.029,0.031,1
"SCLT1",0.274584104504178,0.156513515122983,0.215,0.18,1
"DNAH1",0.274594710694933,0.458895128698316,0.016,0.011,1
"FKTN",0.274633370993983,0.429753468127982,0.032,0.022,1
"AGER",0.274807789186899,-0.128611352372183,0.019,0.021,1
"FAM216A",0.274889211048707,-0.226293603183986,0.03,0.034,1
"RCSD1",0.274957057129061,-0.199897927370514,0.115,0.119,1
"ZNF540",0.274965922387555,0.206973769277523,0.047,0.038,1
"RABL6",0.275208687014565,0.151455510180716,0.169,0.142,1
"PRKAG2",0.275313337102722,0.10643684207897,0.138,0.124,1
"HLCS",0.27539380028606,0.264381969985303,0.051,0.041,1
"ATP6V1C1",0.275702041209491,-0.179536206623225,0.123,0.124,1
"HPS1",0.275813096552644,0.119117296250359,0.13,0.108,1
"GUSBP2",0.275974103287584,0.526835707054061,0.018,0.012,1
"BCL2L1",0.27608909770048,0.178760074975167,0.085,0.068,1
"PTPRK-AS1",0.276176310856962,-0.407022798475462,0.023,0.026,1
"UBE2Q2P13",0.276341338034845,0.433092566548344,0.018,0.012,1
"ZC3HC1",0.276363054766075,0.239591898053273,0.082,0.07,1
"UMAD1",0.276683746980661,0.107808483203349,0.228,0.197,1
"TMEM128",0.276859887236174,0.115416557357836,0.079,0.064,1
"SNX5",0.277113821395877,-0.137808994813796,0.127,0.132,1
"MCF2L2",0.277139283678072,0.341669256141514,0.011,0.009,1
"ENSG00000288827",0.277476031894675,0.303107969934794,0.035,0.026,1
"STIMATE",0.277664078415993,0.184494478128187,0.062,0.05,1
"ENSG00000260086",0.277750914688819,-0.286392199405317,0.013,0.015,1
"WDHD1",0.278015259098017,0.446059315612565,0.019,0.013,1
"IPCEF1",0.278246847262753,-0.190438971796152,0.222,0.226,1
"COG8",0.278344777847829,-0.18690441031068,0.075,0.078,1
"NEMP1",0.278480672716897,-0.209595737821463,0.065,0.067,1
"NUMB",0.278675643334946,0.139759411871463,0.172,0.145,1
"FLVCR1",0.278696203332319,0.443838059914323,0.015,0.011,1
"LBR",0.278768588193983,0.101897240069488,0.335,0.296,1
"ENSG00000287377",0.278777520585058,0.257846282715359,0.025,0.018,1
"SEC22B",0.278790301278727,0.119134222899374,0.201,0.173,1
"ZNF106",0.278795440573624,0.156810123439552,0.166,0.137,1
"KRT73-AS1",0.279032021594118,0.407468825658174,0.025,0.017,1
"DPH6",0.279347004439252,0.26056257347878,0.059,0.048,1
"TCERG1",0.279372920612595,0.114181759999167,0.326,0.281,1
"MIAT",0.279799980092914,-0.279288860015484,0.021,0.024,1
"NANOS3",0.27989163238643,-0.290187869408402,0.021,0.024,1
"OMD",0.280135484966748,0.32126883115662,0.029,0.023,1
"GPN2",0.280176871919359,0.146730910598287,0.061,0.052,1
"CCNO-DT",0.280598243350729,-0.186213257946359,0.014,0.016,1
"ETFA",0.280621870406841,0.167812177417301,0.198,0.164,1
"ZFAND2A-DT",0.280728304197294,0.540796151923232,0.013,0.009,1
"ENSG00000250751",0.280861367243195,0.22908564635754,0.01,0.009,1
"HIVEP3",0.280978175485544,0.217823519289605,0.104,0.085,1
"ALG1",0.281161183317469,0.128839563683443,0.068,0.055,1
"ATG5",0.281279570754445,0.135953186630389,0.248,0.218,1
"MAD2L1BP",0.281293421094859,0.113300899176599,0.134,0.113,1
"RPF2",0.281467796644756,-0.153108578320003,0.096,0.099,1
"TGFBRAP1",0.281578875935271,-0.233913135432346,0.059,0.062,1
"HERC2P9",0.281622197211276,-0.202410963780991,0.01,0.012,1
"TYSND1",0.28199127937174,0.249289246395795,0.048,0.037,1
"SPATA6",0.28201298057057,0.403466627477428,0.015,0.009,1
"RCC1",0.282177814597244,-0.158327846999981,0.072,0.072,1
"UBA6",0.282834784807284,0.137319647709352,0.224,0.19,1
"ATRIP",0.282852911160953,0.212703349121232,0.08,0.067,1
"SYNGAP1-AS1",0.283070332987914,0.162604623834603,0.021,0.016,1
"TXNRD2",0.283207974543842,0.102652059752462,0.028,0.026,1
"TRBV11-2",0.283235114649032,-0.333762921696928,0.03,0.031,1
"CCDC61",0.283278332758286,-0.15752313807895,0.017,0.018,1
"DUS4L",0.28408127652459,-0.181851230958198,0.037,0.04,1
"AMMECR1L",0.284155144083923,0.159969793021647,0.071,0.058,1
"ACAD9-DT",0.284338292849597,-0.630379827976346,0.008,0.012,1
"TPCN1",0.284338881355671,-0.150800449195801,0.016,0.016,1
"NR2C2AP",0.284563132544903,-0.214289509932428,0.09,0.095,1
"MORC4",0.284867973720305,0.380978007801533,0.022,0.017,1
"ZNF416",0.2850404271398,-0.254085856487317,0.032,0.034,1
"EOGT",0.285226124206512,0.678497692689722,0.012,0.009,1
"PPARA",0.285283079900144,-0.213989959800192,0.048,0.048,1
"GCC1",0.285326887340303,0.217063023940441,0.057,0.045,1
"ENSG00000291046",0.285423137635539,0.518718925067731,0.017,0.012,1
"SEPTIN8",0.28562899123635,0.586004644783054,0.012,0.007,1
"POLD4",0.285844470776619,-0.108354434080055,0.31,0.306,1
"ATAT1",0.285970894852364,-0.22561741521438,0.048,0.053,1
"POLDIP3",0.286013067079725,0.110025880942557,0.232,0.205,1
"MORC2",0.28639789334905,0.48011014674508,0.02,0.014,1
"PLEKHM2",0.286499692815409,0.167785615855857,0.169,0.14,1
"TRMT44",0.287373273588039,0.163233345927021,0.045,0.037,1
"SLC25A20",0.287434920612067,-0.328513255459375,0.025,0.029,1
"ENSG00000277476",0.287572179739152,0.513093088758235,0.01,0.006,1
"ZMYND8",0.287779048905823,0.102006777646519,0.093,0.081,1
"FOXJ2",0.287858001115213,-0.196352744067594,0.065,0.064,1
"ENSG00000291283",0.288219118021845,0.379514616704157,0.026,0.019,1
"GIN1",0.288351223301916,-0.246387045705671,0.025,0.026,1
"NMD3",0.288360913367397,0.1845097808111,0.121,0.097,1
"HDX",0.28839263826703,0.500687840511803,0.011,0.007,1
"HOOK1",0.28874847456575,-0.121672404153072,0.063,0.066,1
"CTNNAL1",0.28876670256603,0.289298946277836,0.07,0.057,1
"NBAS",0.288971143250552,0.157956699061657,0.135,0.115,1
"C8orf82",0.289014066077342,-0.322108970426857,0.029,0.034,1
"GARRE1",0.289023827582343,0.181208458970529,0.095,0.079,1
"MPV17",0.289474310147528,0.235435695195441,0.078,0.064,1
"TCTN3",0.289621848353419,0.12401271147879,0.134,0.111,1
"SNX30",0.290247416937532,0.615885435378266,0.018,0.012,1
"KDELR2",0.290428049217397,-0.124506004534859,0.262,0.255,1
"PICK1",0.290583197107507,-0.311793720834793,0.033,0.036,1
"ZNFX1",0.290929764232613,0.131718698319181,0.33,0.287,1
"CCDC88A",0.291060226552074,-0.268471333096503,0.03,0.033,1
"ABTB2",0.291125736624408,-0.393691988073645,0.012,0.015,1
"ENSG00000241490",0.291243264910603,0.401920491672026,0.016,0.013,1
"ENSG00000287216",0.291362997349158,-0.686329335681542,0.008,0.011,1
"HCFC2",0.29151215753192,0.141801513349412,0.078,0.064,1
"FAM174B",0.291525861303893,-0.300042633530564,0.016,0.02,1
"ZNF681",0.291670451088205,-0.195070659027886,0.032,0.034,1
"EMC2",0.291893848142886,0.115636975478025,0.124,0.106,1
"LRRC57",0.292056790499101,0.163853089685527,0.044,0.033,1
"MTHFD2L",0.292159511074796,-0.202186148663415,0.103,0.106,1
"LRP8",0.292235705761545,0.615000663967701,0.019,0.012,1
"RNF215",0.292260003872199,0.492536697644139,0.021,0.015,1
"ENSG00000281383",0.292274180397343,0.167541637894958,0.057,0.049,1
"CFAP54",0.292405118425531,0.56442979606534,0.011,0.008,1
"ZNF75D",0.292970231209357,-0.178537035433472,0.048,0.052,1
"PXMP4",0.293114230886337,0.228690004337015,0.025,0.02,1
"VPS8",0.293242207360912,0.116530672998194,0.202,0.169,1
"ERCC5",0.293459562972579,0.133248482757007,0.264,0.228,1
"ATP7A",0.293518077174924,0.222492145517347,0.11,0.09,1
"CREB3L4",0.293652892841096,-0.381303590311981,0.011,0.013,1
"AP1G2",0.293825750761872,0.129972412378336,0.162,0.139,1
"CAPN7",0.294088934138147,0.143435985139111,0.209,0.18,1
"UTP20",0.294098618928263,0.170011207612343,0.076,0.066,1
"KRBA1",0.294103923589879,0.282744793443761,0.018,0.014,1
"RAD51-AS1",0.294260153066808,0.239569049426991,0.043,0.035,1
"PGM5P2",0.294759989573862,0.306345877963574,0.019,0.014,1
"AFAP1",0.294822429930418,0.840386949850688,0.015,0.009,1
"IFNLR1",0.294833691750393,-0.314708246036201,0.009,0.01,1
"ZNF354A",0.295061754976719,-0.247892736989145,0.072,0.076,1
"NUP37",0.295079935979552,0.14383112192592,0.082,0.069,1
"UBL7-DT",0.295095631863188,0.308000146801872,0.045,0.037,1
"MKRN2OS",0.29515996123477,0.407109542152777,0.013,0.009,1
"STING1",0.295209383590132,0.307147491005808,0.04,0.031,1
"KCTD5",0.295219104958714,0.165128723804995,0.069,0.059,1
"SEC16A",0.295287834896947,0.235549417369863,0.166,0.134,1
"NEK1",0.295323422211135,0.142070641510158,0.249,0.213,1
"TSPAN32",0.295569425230761,-0.150809216139534,0.094,0.098,1
"RAI1",0.295872555980161,0.14552225642545,0.119,0.097,1
"TRMT5",0.295893620760281,0.408087394836594,0.023,0.016,1
"SANBR",0.296530334773103,0.461653761828042,0.012,0.007,1
"TAF6L",0.29656304283407,-0.237731293061949,0.067,0.072,1
"ITPKC",0.296621982760431,0.140285340080427,0.048,0.038,1
"MAFG",0.296711144188406,0.141060997263595,0.099,0.082,1
"FNBP1L",0.296947201975094,0.212670714117352,0.017,0.012,1
"KRBOX4",0.297141181002945,-0.20316250260034,0.104,0.107,1
"ATG2B",0.297170896206988,0.165390108760727,0.164,0.138,1
"MSANTD3",0.29752698793944,0.201253340715141,0.048,0.036,1
"ANKRD50",0.297553567603429,-0.603345467461314,0.009,0.012,1
"SGMS1-AS1",0.297935031590554,0.498232582135898,0.013,0.009,1
"PITPNA-AS1",0.2980045198317,-0.213000467069638,0.106,0.11,1
"ENSG00000187186",0.298037773275643,-0.206169808205498,0.01,0.012,1
"DNPEP",0.298057885142984,0.13115352756585,0.215,0.184,1
"ADAT3",0.29819677508235,0.225055103171218,0.061,0.051,1
"RANBP3-DT",0.298232345080912,0.120019472326825,0.025,0.018,1
"SLC22A5",0.298312168301923,0.359461448337135,0.025,0.018,1
"MCPH1-AS1",0.29842293159645,0.24927216260859,0.034,0.025,1
"HDAC4",0.298468203082976,0.2064841937507,0.155,0.13,1
"EP300",0.29853383010457,0.135969386192477,0.223,0.19,1
"RNF115",0.298573121843201,0.101059985361592,0.266,0.229,1
"NEMF",0.298668898078314,0.101376032747944,0.28,0.244,1
"CHMP6",0.298686954761814,0.150266803604903,0.084,0.069,1
"SMCR8",0.298693770198533,-0.130284353409897,0.053,0.05,1
"SART3",0.299045447366976,0.146317029932584,0.195,0.166,1
"DGUOK-AS1",0.299088693214754,0.52191607513697,0.016,0.01,1
"DZIP3",0.29914495895287,0.171048302245652,0.075,0.059,1
"KCNQ1",0.299206856097337,0.301748125848136,0.051,0.041,1
"CTNND1",0.299226370210759,-0.124202923721112,0.031,0.034,1
"KLC2",0.299237809133837,-0.17235668793335,0.104,0.108,1
"LINC01588",0.299259892266338,-0.175988919444206,0.037,0.037,1
"VPS18",0.299396400729726,0.200797259828692,0.045,0.038,1
"ELK4",0.299762526222837,0.137207646992398,0.262,0.223,1
"ADGRV1",0.299889655972645,0.644561078455219,0.01,0.007,1
"ZNF594",0.30040293449454,0.369302079263924,0.025,0.017,1
"WDR45",0.300580094594229,-0.131631618283957,0.186,0.184,1
"ENSG00000230325",0.300823710896463,0.412598871532456,0.014,0.009,1
"SLC25A24",0.300862126402136,0.477619743336112,0.025,0.017,1
"ZNF266",0.300885139531864,-0.118290064568042,0.132,0.128,1
"OIP5-AS1",0.300901432764262,0.105829231632514,0.191,0.166,1
"TAGAP-AS1",0.301085223024485,0.388804441121261,0.052,0.04,1
"TRAPPC2L",0.301129382660576,0.154657608042315,0.163,0.139,1
"SPHK2",0.301156727236427,0.270249555078439,0.056,0.045,1
"MAD2L2",0.301417721428864,0.156785398054445,0.089,0.075,1
"OXLD1",0.301485317821308,-0.165261221316235,0.161,0.159,1
"PPP1R12A-AS2",0.301530053944962,-0.396034082653248,0.01,0.013,1
"ADCK5",0.301551598535786,-0.157002749131029,0.023,0.025,1
"DDX10",0.30187778092048,-0.155212571417281,0.15,0.146,1
"MED11",0.302122914785593,0.10008184885138,0.166,0.147,1
"HERC4",0.302390070623664,-0.135841121578231,0.206,0.206,1
"HELB",0.302413614019559,-0.161384119264488,0.164,0.165,1
"SUSD1",0.302439928114414,0.19931409521265,0.014,0.012,1
"ZNF235",0.302524113427323,0.296464432482317,0.076,0.062,1
"CMTM7",0.302777369391143,-0.230179303548087,0.167,0.178,1
"ARFGEF2",0.303145066794254,0.11025212226801,0.18,0.15,1
"SBF2-AS1",0.303220354811777,0.631380940028551,0.012,0.007,1
"UBE2E1",0.303255768606361,-0.112473147955957,0.222,0.214,1
"NPIPB3",0.303413948939653,-0.102081375163436,0.027,0.028,1
"PSMG3-AS1",0.303718021497678,0.106190744234957,0.019,0.014,1
"VIRMA-DT",0.303810264888017,0.147009638392079,0.017,0.014,1
"ENSG00000271918",0.303842279496024,0.321650417708953,0.01,0.006,1
"NT5DC3",0.303944368569729,0.466959058323112,0.014,0.009,1
"UPF1",0.304144105150643,0.105223180465851,0.184,0.165,1
"ACVR1",0.304157487536944,-0.194479129366653,0.099,0.102,1
"PBLD",0.304351474675241,-0.114102656432555,0.014,0.016,1
"SLAIN1",0.304476186027319,0.117635192720935,0.087,0.073,1
"HCG11",0.304840357484446,-0.771693213647128,0.008,0.011,1
"PMS2",0.304923464410172,-0.213021750140644,0.036,0.036,1
"TAOK3",0.305248984094354,0.157399160463894,0.287,0.249,1
"LINC01135",0.305379633325825,-0.34072322503155,0.023,0.027,1
"UPF2",0.305850675475195,-0.121372460486903,0.28,0.278,1
"CEP43",0.30587156825207,-0.196122956458844,0.063,0.066,1
"ADAT1",0.305975548039887,0.402587202964602,0.032,0.023,1
"NOP9",0.306029911890038,0.335542426607216,0.04,0.03,1
"ACOT8",0.306239458961904,-0.255855664159508,0.081,0.085,1
"ZBTB2",0.306895361179625,-0.183043957391593,0.1,0.103,1
"ENSG00000228830",0.307053827942852,0.392775821508852,0.044,0.033,1
"TMEM62",0.307055602862268,0.411985102595123,0.025,0.018,1
"GSK3B",0.307588150852007,-0.111079106258059,0.227,0.222,1
"NAPG",0.307714678218692,0.150498593689525,0.155,0.13,1
"TNFSF10",0.307735654738275,-0.106123225729005,0.024,0.025,1
"NAXD",0.307780658328916,0.193443292839736,0.065,0.052,1
"AHSA1",0.307835372512901,-0.100980656045177,0.251,0.246,1
"SMYD4",0.307893280864579,0.180917148864109,0.065,0.052,1
"RMI1",0.308584673780334,0.335487308097628,0.026,0.018,1
"SRP14-DT",0.308691536768075,-0.334932516359334,0.016,0.019,1
"USP30",0.308707786840059,-0.364486593786286,0.027,0.029,1
"ENSG00000244701",0.308831614864705,-0.403970554723002,0.007,0.01,1
"TMEM106C",0.308864355546187,-0.102088455803674,0.053,0.055,1
"ASPHD2",0.309138114050341,0.340343317802815,0.035,0.026,1
"PIK3CB",0.30928416598446,0.104918203276628,0.089,0.072,1
"SHC1",0.309309516508695,0.143439859391873,0.103,0.084,1
"PNPLA7",0.309645437287423,-0.53558305904652,0.007,0.01,1
"ENTPD6",0.309687771952544,0.236889484818236,0.083,0.067,1
"CENPM",0.309738407859398,0.396279673528679,0.031,0.022,1
"ZNF558",0.309898671409614,0.378133375054201,0.023,0.016,1
"UPP1",0.310020590178656,0.154569532506759,0.294,0.254,1
"C2CD2L",0.310094592309002,0.203413878975664,0.045,0.035,1
"UHRF1",0.310268284141114,0.643230965694516,0.012,0.007,1
"EPM2A",0.310363947948839,0.346231165222541,0.034,0.025,1
"NDUFV2-AS1",0.310466543196459,0.14229279080261,0.117,0.099,1
"PGS1",0.310739311161574,-0.159409161350542,0.087,0.085,1
"PRR12",0.310860774937784,0.152221690513817,0.079,0.064,1
"ZNG1B",0.311351929220476,-0.109096704831265,0.257,0.255,1
"ZNF134",0.311479870058187,0.132693938796952,0.109,0.091,1
"ENSG00000288044",0.311698568014385,-0.319840491206792,0.033,0.037,1
"TUBGCP3",0.311699336957828,0.182398129280546,0.067,0.054,1
"SPRED2",0.312155971979814,0.568090301869375,0.013,0.009,1
"ENSG00000258561",0.312486719503833,0.560980438872217,0.012,0.007,1
"WDR5B",0.312493636122709,0.357772923478533,0.028,0.021,1
"USP53",0.312700031127408,0.227548928339456,0.089,0.074,1
"SPSB2",0.312717607653184,0.14861625733772,0.047,0.04,1
"TMED9",0.312865817060418,-0.114219832139725,0.35,0.339,1
"BTBD7",0.313825506077625,0.160897017011375,0.171,0.144,1
"RELA-DT",0.313979830613339,-0.113356906108318,0.027,0.023,1
"ZNF419",0.314082296917992,0.164469111024583,0.044,0.035,1
"TMEM185A",0.314191552411806,0.180363154014689,0.061,0.048,1
"PRDM4-AS1",0.314373784621357,0.511791840704632,0.01,0.006,1
"ROBO3",0.314489576876368,0.297579818459322,0.022,0.016,1
"TPM2",0.314730403285153,-0.541338908092924,0.008,0.01,1
"ENOPH1",0.314769940775891,-0.125395627249268,0.156,0.155,1
"ZNF594-DT",0.315005026688272,-0.369866256954263,0.022,0.022,1
"SPTLC2",0.315181143567671,0.229230336562331,0.126,0.1,1
"RALA",0.315363375879156,0.134248504272489,0.585,0.53,1
"KLHL17",0.315446129155687,-0.506999011205962,0.017,0.02,1
"GOLM2",0.31570579655687,-0.132623737892793,0.146,0.147,1
"RBM45",0.31593801029954,-0.156376876278514,0.034,0.031,1
"RPS6KA2",0.316365231644685,-0.505966782707012,0.018,0.021,1
"TMEM14A",0.316470567785811,0.212392218840142,0.061,0.049,1
"MCEE",0.316521341379793,-0.295041731855116,0.033,0.036,1
"FANCM",0.316557189647528,0.26995890622586,0.05,0.039,1
"ZNF512B",0.316830731801951,0.286364967121609,0.048,0.039,1
"SKAP2",0.317131899372287,-0.365252773966708,0.013,0.014,1
"FAM120C",0.317270792179713,-0.207841202510374,0.05,0.055,1
"ENDOV",0.317431659563023,-0.243699722896728,0.045,0.047,1
"QPCTL",0.317468112839577,0.324515546428654,0.025,0.018,1
"ZNF211",0.317551648321183,-0.186600260819818,0.08,0.083,1
"TTLL5",0.317648790240732,0.1639225953301,0.122,0.1,1
"PTDSS2",0.317934496508788,-0.169240445838654,0.035,0.036,1
"ITPA",0.318197841263065,0.121350764369847,0.167,0.14,1
"EDC4",0.318240898730492,0.107721691176846,0.127,0.105,1
"TAF4B",0.318258834953079,0.156618262655873,0.203,0.176,1
"PTK7",0.318375000323884,0.40030713519979,0.021,0.015,1
"RAB29",0.318478014348739,0.123097571263867,0.218,0.186,1
"DOP1B",0.318598156617112,0.175414006325669,0.068,0.053,1
"ZNF528",0.318702339076894,0.747636163283903,0.013,0.008,1
"WRAP53",0.318717404004274,-0.146268389161903,0.061,0.06,1
"ENSG00000272009",0.318880353981144,0.197215459647305,0.025,0.02,1
"TMEM256",0.319089856347544,-0.120532418196615,0.209,0.21,1
"EXOC4",0.319171516833043,0.124711698470031,0.193,0.166,1
"MUTYH",0.319691943815664,0.126664770999359,0.105,0.089,1
"ENSG00000261460",0.31983241617677,0.24473882711028,0.02,0.014,1
"PTAR1",0.319956036772964,0.11642912698107,0.197,0.174,1
"PERP",0.32007664337218,0.347536037133248,0.039,0.028,1
"MBD5",0.321113578500743,-0.159328288912822,0.225,0.223,1
"STK11",0.321889900903961,-0.204393718132108,0.105,0.109,1
"ANTKMT",0.321936347940453,0.158682378094749,0.145,0.122,1
"ATP1B2",0.321958943648711,-0.606475391866443,0.01,0.013,1
"TUBGCP2",0.322177957993196,0.12848642837757,0.177,0.154,1
"LINC00467",0.322233246486924,0.510972624121562,0.012,0.007,1
"QSER1",0.322265038257153,-0.136116515772497,0.067,0.068,1
"ADCY9",0.322391243532184,0.169284510893075,0.012,0.01,1
"KLHDC4",0.322420548464707,0.157253699304399,0.138,0.12,1
"NRROS",0.322432435824272,0.114657605184461,0.014,0.01,1
"NHLRC3",0.322574104993155,0.186573647181922,0.067,0.054,1
"ZNF652",0.322710925652893,0.115529034519389,0.117,0.103,1
"UBE2D3-AS1",0.322930047483368,-0.665207526470643,0.008,0.012,1
"ACYP1",0.322985842144669,-0.457160897786489,0.033,0.036,1
"LINC01259",0.323105929185902,0.282611552515977,0.022,0.017,1
"RMI2",0.323300495508701,-0.162449246888588,0.091,0.095,1
"ENSG00000290109",0.323562363084552,-0.107568355682912,0.205,0.197,1
"NLRX1",0.324239959734436,0.11679336591255,0.013,0.012,1
"ZNF510",0.324283032299836,0.233253922255366,0.042,0.033,1
"NPIPB13",0.324328386311173,-0.265451262120674,0.026,0.025,1
"SEPTIN11",0.324370398223877,-0.135401706275168,0.125,0.124,1
"ZNF593",0.324835240151808,0.107877987951148,0.142,0.128,1
"NAPRT",0.325061883256969,0.348396661585027,0.05,0.038,1
"GALM",0.32516112832897,0.45358321634483,0.027,0.022,1
"TSPAN4",0.325165447010466,-0.319382829584072,0.011,0.012,1
"BLVRA",0.325371836385697,-0.129416417193355,0.021,0.023,1
"ORAI3",0.325427592782996,-0.281050790449199,0.027,0.03,1
"TAF2",0.325829204061075,0.169600600375192,0.148,0.124,1
"FBXW4",0.325969655501104,0.194289602745745,0.103,0.085,1
"ENSG00000255670",0.32634103552945,0.553941094338257,0.011,0.008,1
"ZNF124",0.326640301577868,0.115953363471437,0.088,0.077,1
"ANGPT2",0.326675561960248,-0.253791401592973,0.019,0.021,1
"NLN",0.326691951564333,0.465535936049795,0.02,0.016,1
"LHFPL5",0.326793123606144,-0.15657405781143,0.042,0.045,1
"LSM14B",0.326958587890977,0.101225270943821,0.094,0.079,1
"SHLD3",0.327023925629836,-0.300228862233396,0.031,0.032,1
"ENSG00000285756",0.327255316566322,-0.150470327397438,0.053,0.049,1
"THSD4",0.327272009126493,0.393626336304403,0.014,0.011,1
"JMJD4",0.327820772735051,0.347349174891286,0.048,0.038,1
"RGPD8",0.327885830901001,0.310837354453015,0.051,0.038,1
"PSMD5",0.328157065499779,0.161405129461573,0.152,0.127,1
"GDE1",0.328209871962512,0.153176026451361,0.086,0.069,1
"KSR1",0.328271300538305,0.300792352103191,0.035,0.027,1
"ABHD6",0.328399948771645,0.179403272344095,0.019,0.014,1
"ENSG00000228086",0.328510257420582,-0.526625401020493,0.013,0.014,1
"ENSG00000291121",0.328578114152513,-0.104282267376835,0.039,0.039,1
"TIPARP-AS1",0.328767943886743,-0.115932963239764,0.029,0.027,1
"DMGDH",0.328934622470204,0.274571563187389,0.017,0.014,1
"SMARCD2",0.32902137987985,0.138444619179645,0.194,0.165,1
"TBL2",0.329022332045154,0.133173654431207,0.047,0.038,1
"HIKESHI",0.329334952343593,-0.1255000097248,0.15,0.149,1
"PSMF1",0.329766870036382,-0.111945405912541,0.367,0.36,1
"GABBR1",0.329772841327443,-0.60832919851977,0.009,0.012,1
"NELFE",0.330120484667235,-0.102937339372815,0.246,0.239,1
"ENSG00000285999",0.330407220870671,-0.311809615060304,0.017,0.02,1
"MAVS",0.330455097986927,0.228846175073925,0.052,0.04,1
"TMEM156",0.330481111709565,0.176496108338078,0.164,0.137,1
"PRADC1",0.330519960802914,0.374765538846787,0.029,0.021,1
"FBXL18",0.330553263852592,0.393499504980344,0.024,0.017,1
"TMEM170A",0.330697810024536,0.118385247492695,0.17,0.145,1
"CCDC146",0.330896324850475,0.494606102503874,0.02,0.015,1
"TMEM106A",0.330939252953632,0.332865757388837,0.035,0.027,1
"RNF26",0.331011720688673,0.169412935938218,0.058,0.047,1
"FANCL",0.331184777927376,-0.280596993749283,0.009,0.011,1
"ATOSB",0.331539233921509,0.346824728217516,0.044,0.033,1
"RBAK",0.331549948055643,-0.104528409504517,0.057,0.054,1
"MLX",0.331907143146366,-0.117265070323373,0.214,0.201,1
"G2E3",0.331980699414912,0.114156181866994,0.155,0.132,1
"NATD1",0.332154491424826,0.486505673424085,0.012,0.009,1
"PKP4",0.332251270264844,-0.133853482113643,0.044,0.042,1
"UBASH3B",0.332897311954095,-0.296010012424063,0.034,0.038,1
"LXN",0.332925197546909,0.299304395952935,0.042,0.032,1
"EMILIN2",0.33298945467761,0.329427231676165,0.015,0.012,1
"SDCBP2",0.333134702045459,-0.36572271215486,0.011,0.013,1
"DENND1C",0.333650868677271,0.185222996091847,0.114,0.095,1
"RNF113A",0.333691772237311,-0.132043011217509,0.163,0.165,1
"POLR3D",0.333730474065474,0.273858994880628,0.08,0.067,1
"SLC39A9",0.333967298925393,0.224236340666308,0.087,0.071,1
"USP51",0.334348593548671,0.481214312325429,0.011,0.009,1
"FOXP4",0.334413866452075,-0.191585945908813,0.022,0.026,1
"HMGXB3",0.334475550011479,0.220556977376283,0.112,0.088,1
"ALS2",0.334515185039825,0.166197710002449,0.043,0.035,1
"NKD1",0.334522163383182,-0.176195686513589,0.098,0.102,1
"SDHAF4",0.334916440163381,0.481850845863222,0.02,0.014,1
"MAD2L1-DT",0.335068935382412,0.656003390965278,0.012,0.007,1
"KRT2",0.335093829940541,0.712561305557163,0.01,0.006,1
"TDG",0.3352675735365,-0.123504464156754,0.217,0.216,1
"NDC1",0.335491514536707,-0.175679897048742,0.086,0.088,1
"NUDT8",0.335691561752406,-0.310168885397085,0.011,0.013,1
"SMC3",0.335809630839946,0.10184316960478,0.321,0.289,1
"TUG1",0.33581790231458,-0.12674439133897,0.076,0.075,1
"ENSG00000258623",0.336041019517111,-0.638618829900918,0.01,0.014,1
"C18orf25",0.336165296901494,0.241652005384602,0.121,0.102,1
"ENSG00000276216",0.336690778658295,-0.526969592196726,0.016,0.019,1
"LIG4",0.336878020470856,0.228778465678316,0.05,0.04,1
"TRMT12",0.337064128891206,-0.247482059540549,0.044,0.048,1
"ARMT1",0.337512794361722,0.110857262184529,0.083,0.069,1
"DHRS4",0.337532052586164,-0.201506864245469,0.064,0.066,1
"ENSG00000257553",0.337707334924238,-0.376784850762057,0.014,0.016,1
"GALE",0.337870145994553,-0.42843889175386,0.019,0.022,1
"CD9",0.338157358404485,0.205884508310131,0.032,0.024,1
"ENSG00000228509",0.338195918413916,0.262249251520388,0.011,0.008,1
"DPY19L4",0.338203347729202,0.116286179768338,0.023,0.017,1
"ZFYVE28",0.339269265824097,0.236287749599664,0.055,0.042,1
"PIDD1",0.339304126536866,-0.236153250805652,0.031,0.03,1
"ARMC9",0.339467267979038,0.245479145722628,0.068,0.054,1
"LIMK2",0.33946754849387,-0.120737337457475,0.076,0.069,1
"KIAA2026",0.339505017663369,0.110298314679364,0.166,0.142,1
"C8orf33",0.339540944396939,-0.167725690822176,0.117,0.119,1
"LINC00920",0.33955926933205,0.227583564364309,0.015,0.011,1
"PARP6",0.339616603952377,-0.159147205307062,0.119,0.119,1
"COQ6",0.339657686851497,0.17073778253539,0.075,0.064,1
"SVIL-AS1",0.339717037138971,0.275276637474835,0.026,0.02,1
"ENSG00000215014",0.33973442676897,0.433835404314729,0.011,0.007,1
"MRPL39",0.339973713115878,-0.111307041989636,0.143,0.138,1
"DNAJC25",0.34019558135058,0.175390249805925,0.05,0.043,1
"PLEKHB1",0.340240282205111,0.219966445040054,0.039,0.031,1
"MTMR1",0.340326892514668,0.125206711444675,0.135,0.114,1
"PARP15",0.340621068344026,0.291797785400716,0.062,0.049,1
"ENSG00000286797",0.340696146209593,0.359427025304877,0.012,0.008,1
"NOL10",0.341021947108018,0.206170087952233,0.12,0.1,1
"MCM3AP-AS1",0.341052207500156,-0.235981789949682,0.011,0.011,1
"WDR5B-DT",0.341110908564741,0.155021853544998,0.118,0.101,1
"RHOT1",0.341127882083428,-0.154963481277423,0.102,0.103,1
"ENSG00000284602",0.341200488324751,0.283256068057438,0.017,0.012,1
"C2orf76",0.341325567177699,-0.217899236733804,0.034,0.035,1
"STARD9",0.34140562999812,-0.519949445436799,0.012,0.014,1
"ENSG00000239300",0.341537517630982,-0.407578449017064,0.01,0.013,1
"ASH1L-AS1",0.341653020546276,0.264947462498408,0.047,0.04,1
"TIAM2",0.341784724024305,-0.171695388814984,0.04,0.041,1
"TRIM27",0.34197258329758,-0.110494090968075,0.171,0.167,1
"NKIRAS2",0.342001092299469,-0.111127093466086,0.103,0.099,1
"LYSMD4",0.342130696174126,-0.343064903034329,0.014,0.016,1
"RBM12B",0.342131635974147,0.180603178543401,0.07,0.055,1
"RAB33A",0.342583067795098,-0.126486463885628,0.149,0.141,1
"DDX1",0.343084486657771,0.118626988604305,0.164,0.138,1
"LINC02693",0.343260572551162,0.356690514615087,0.018,0.013,1
"AGTRAP",0.34341812745966,-0.39655135935595,0.03,0.035,1
"H2AX",0.343464180744559,0.141956626183628,0.111,0.094,1
"ZNF14",0.343581167140134,0.112304483845935,0.1,0.085,1
"TMEM201",0.343658815305106,0.291872562883829,0.01,0.007,1
"MRPS24",0.343964430742673,-0.135964730261729,0.374,0.376,1
"ACACA",0.344153121930225,0.196790133474213,0.094,0.079,1
"STOML2",0.344173944458846,-0.134841883285626,0.246,0.243,1
"WARS2",0.344263645151391,0.128124913975585,0.126,0.106,1
"RANBP10",0.344561835181657,0.202529963171027,0.09,0.073,1
"TUBGCP6",0.344688150215275,-0.185463280271112,0.058,0.06,1
"IFT88",0.344828573422295,0.219780036689816,0.092,0.074,1
"SLC26A11",0.344964293271915,0.224289052858426,0.049,0.038,1
"AFG1L",0.345107546953475,-0.123170035478387,0.02,0.022,1
"ZNF853",0.345325394089812,0.394730081047242,0.024,0.018,1
"CLEC16A",0.345574106738898,0.147131231549341,0.124,0.102,1
"ENKD1",0.345575920869748,0.138206656043984,0.043,0.035,1
"FAM106A",0.345659581317617,-0.258107852968354,0.009,0.012,1
"ERVK13-1",0.345781828986307,0.183812312921335,0.039,0.03,1
"USF1",0.346158353682149,-0.181277847575059,0.151,0.154,1
"SLC25A16",0.346178705571856,0.26579594263234,0.079,0.064,1
"QTRT2",0.346355721685915,0.106843627129594,0.097,0.08,1
"MRPL52",0.346629612090844,-0.122949291462835,0.323,0.318,1
"XPO5",0.346659202035615,-0.130338745838827,0.075,0.077,1
"ATAD3A",0.346786144015836,-0.290741176865468,0.055,0.06,1
"PGBD2",0.346845103589918,0.195033250323845,0.04,0.033,1
"LINC00957",0.346888481356605,0.401184772502456,0.022,0.016,1
"LINC00863",0.347009183095844,0.121636540794826,0.081,0.068,1
"GNG4",0.347022022615802,0.412006620680531,0.026,0.019,1
"NIPAL3",0.347507833789114,0.15688744163963,0.106,0.089,1
"DVL3",0.347819462938513,-0.269264380107193,0.065,0.069,1
"PITRM1",0.347962475106234,0.166086668329885,0.119,0.097,1
"SLC25A40",0.348078412986217,-0.28430240102864,0.065,0.069,1
"ENSG00000288935",0.348228609997008,-0.520811856240421,0.009,0.01,1
"LHPP",0.348608282920568,0.229051021338757,0.042,0.034,1
"NF2",0.348659315969666,0.21761543305272,0.072,0.057,1
"CAMK2G",0.348790157792411,0.154193264707063,0.066,0.056,1
"AKNA",0.349194120807353,0.107594104960216,0.46,0.417,1
"TNFAIP1",0.34921851586558,0.187258055250326,0.065,0.053,1
"TXNDC16",0.349682441155852,0.169380810306249,0.05,0.041,1
"PI4KAP1",0.349756641096816,0.137773219925481,0.086,0.071,1
"ZC3H14",0.350215328341594,-0.138927594538292,0.137,0.138,1
"GDAP1",0.350465926260371,0.338139129392146,0.057,0.042,1
"LINC00342",0.350644182599562,0.252948732249454,0.082,0.064,1
"EHD1",0.350745965346163,0.101549432412036,0.194,0.175,1
"PPP2R3A",0.350860802775058,-0.602579001681335,0.009,0.011,1
"TMEM117",0.351015461635899,0.267487848410408,0.017,0.012,1
"VPS26B",0.351110579047045,0.129453538501589,0.149,0.127,1
"BIRC6-AS2",0.351269427655035,-0.120780948699301,0.054,0.054,1
"NIFK",0.351373525499554,-0.117865331156107,0.308,0.297,1
"ENSG00000267787",0.3514213700038,-0.209203460690415,0.033,0.036,1
"PLCG1",0.351623887981783,0.157527002827798,0.149,0.126,1
"ENSG00000290383",0.351690100036458,0.326506546882547,0.035,0.027,1
"BORCS8",0.352097400031569,-0.197007635374385,0.089,0.092,1
"EMC1",0.3524186001525,0.188166414586277,0.091,0.075,1
"TERF1",0.35244188651681,-0.162937498466755,0.138,0.138,1
"RNF122",0.352490074650373,-0.237052619485657,0.01,0.012,1
"NXT2",0.352750919608497,0.340547678703357,0.036,0.029,1
"ZNF597",0.352998073658036,0.302708980442512,0.03,0.024,1
"DHRS1",0.353160102125575,-0.263720237314919,0.047,0.052,1
"NFKBIL1",0.353299973621787,0.142465328758326,0.074,0.061,1
"ENSG00000276517",0.353599430697247,-0.262190700632861,0.009,0.01,1
"LTO1",0.353629185554369,-0.182801905948869,0.071,0.07,1
"ZDHHC20",0.353747522652978,0.103045643899543,0.243,0.21,1
"IFT140",0.353832072102523,-0.419118614522426,0.017,0.02,1
"ALDH18A1",0.353919235056794,-0.153045564599327,0.05,0.052,1
"ASRGL1",0.353921505662264,0.503355061020224,0.01,0.007,1
"RAB4B",0.354116959657333,-0.152659572002034,0.112,0.114,1
"LIMD1-AS1",0.354145022316835,0.400352681322628,0.011,0.008,1
"PSTK",0.35461693047232,0.243398537606392,0.047,0.036,1
"GPR160",0.354909792005443,-0.220523458273508,0.019,0.021,1
"ZNF589",0.355158016344997,0.31050347761479,0.047,0.035,1
"SERPINB9P1",0.355451028352791,-0.410449605119974,0.019,0.021,1
"AK3",0.355911924403287,-0.187415655567559,0.137,0.14,1
"TMEM59",0.356239656955246,-0.1255493096848,0.6,0.597,1
"CTNNBIP1",0.356423235922616,-0.103950648342297,0.026,0.025,1
"CSAD",0.356554075910128,-0.116055256803953,0.066,0.067,1
"WDR81",0.356963571385892,0.312348986588101,0.039,0.03,1
"TMEM141",0.357410858834858,-0.202747187651922,0.08,0.081,1
"MAP7D3",0.357613049473151,0.225669968010919,0.064,0.053,1
"CNNM2",0.357729677632084,0.271161951337616,0.049,0.041,1
"FBXL17",0.357960141807631,0.180384289848489,0.19,0.168,1
"ASMTL-AS1",0.358351727699346,0.571686912337844,0.013,0.009,1
"CLNS1A",0.358501272763647,0.100545197500557,0.378,0.334,1
"GTF2E1",0.358517931024876,0.157678934518349,0.061,0.047,1
"TTC30B",0.358830207549709,-0.585947733515251,0.011,0.013,1
"MIIP",0.358861036410489,0.16833130033634,0.054,0.045,1
"SMARCC2",0.359058658714306,-0.106951657586944,0.224,0.221,1
"ENSG00000250075",0.359754447950381,-0.188582140390965,0.024,0.027,1
"NUDT2",0.360024524458833,0.155027327106697,0.1,0.081,1
"HECTD2",0.360127982273572,0.302303883041897,0.021,0.015,1
"DICER1",0.360182941331809,0.133625171583631,0.247,0.219,1
"ENSG00000264895",0.360614493224908,0.331310960238681,0.015,0.01,1
"CDK8",0.360755987896317,-0.108396008261071,0.174,0.172,1
"XRCC1",0.360797386301773,-0.180519998838221,0.111,0.112,1
"CCDC122",0.361578483927413,0.46286702209178,0.014,0.009,1
"FBXO36",0.361784661927261,-0.143924023284743,0.028,0.029,1
"RERE",0.362081379741899,-0.104843932518341,0.194,0.184,1
"PAK4",0.362087046741282,-0.120559220045118,0.055,0.054,1
"LCDR",0.362104506629057,0.282360042531599,0.024,0.019,1
"ENSG00000231104",0.362497626454711,-0.305029316320587,0.013,0.014,1
"ELOVL1",0.362575361089779,0.132783845172317,0.165,0.143,1
"TINF2",0.36268258169689,0.112104520251121,0.247,0.217,1
"ATP1A3",0.362717680765939,-0.19887532858263,0.023,0.025,1
"ENSG00000289827",0.362783354837863,0.390261978981778,0.015,0.011,1
"ENSG00000270175",0.362786890000452,0.433132886067459,0.01,0.006,1
"STARD7",0.36290792132061,0.109313194608116,0.28,0.245,1
"BRWD3",0.362916423389642,0.158079744800194,0.125,0.104,1
"UST",0.36327115964229,-0.106061844254856,0.083,0.08,1
"ZNF829",0.363403486398026,0.189834414209646,0.021,0.019,1
"RNF144B",0.363770223491757,-0.235306203579552,0.012,0.013,1
"SEC22A",0.363789676136592,-0.117463385901782,0.131,0.13,1
"ENSG00000249602",0.363825156997112,-0.50924907646778,0.008,0.011,1
"KANSL2",0.364441328942099,-0.118358426430418,0.17,0.17,1
"NCF1",0.364458370643829,-0.106769168394992,0.032,0.031,1
"WDTC1",0.364513144154363,-0.222066967568781,0.101,0.106,1
"P2RY11",0.364649562491542,0.353316257281576,0.012,0.008,1
"ENSG00000290835",0.364818161498748,0.283712455007803,0.037,0.028,1
"HSPBAP1",0.365045195608478,0.107584433799722,0.105,0.087,1
"PSMC3IP",0.365138340856506,0.152658558965641,0.034,0.026,1
"H2BC6",0.365176479061753,0.398164034365636,0.012,0.008,1
"STK16",0.365239321835565,-0.212158207595123,0.061,0.065,1
"KLHDC10",0.365241218236896,0.131616357288278,0.126,0.108,1
"DENND6B",0.365308669959573,0.191431937208363,0.028,0.022,1
"CHCHD6",0.365421665145392,0.279316350745391,0.059,0.047,1
"RPUSD1",0.365458851236038,0.143938185349031,0.105,0.087,1
"GPR89A",0.366051063593393,0.147045233561725,0.109,0.094,1
"TDRKH",0.366080033139461,-0.308663839582326,0.014,0.017,1
"KLHL8",0.366423425129074,0.129664194711733,0.082,0.067,1
"NFKBIE",0.366730436286262,0.120327636284828,0.054,0.044,1
"AP2A1",0.366988512317252,0.158239276922234,0.094,0.081,1
"KAT2B",0.366995656726096,0.148060766700218,0.066,0.055,1
"TMEM150A",0.367036784631073,0.187372635954686,0.053,0.046,1
"TOP3A",0.367195657734986,0.232286389457929,0.07,0.056,1
"SH3GLB1",0.367627865051692,0.106227247866278,0.328,0.286,1
"HOMER1",0.367633279155353,0.303134678809974,0.023,0.018,1
"COPB2-DT",0.368223728280397,0.121122144502861,0.019,0.017,1
"PTCD2",0.3689974916762,-0.275228580283079,0.018,0.02,1
"AGPS",0.369063612447061,0.101216871839723,0.112,0.096,1
"UBE2J2",0.369242983755886,-0.117766144237491,0.261,0.255,1
"SLAMF6",0.369324351491607,-0.225503471493645,0.037,0.041,1
"TOP1MT",0.369498047104935,0.164677699370731,0.059,0.051,1
"CYB5R4",0.369516735544259,0.107073866895092,0.141,0.12,1
"SLC12A9",0.369662251773467,-0.172382925510934,0.049,0.05,1
"SYNRG",0.36967076656686,-0.132894628204564,0.258,0.256,1
"ENSG00000288818",0.369685630362658,-0.179434980333759,0.044,0.043,1
"ENSG00000267383",0.369774828565756,0.569100498413309,0.011,0.007,1
"RGS19",0.369955249177897,0.121380478917912,0.154,0.134,1
"ALKBH1",0.370369632887219,0.101425723934939,0.08,0.066,1
"AP1AR",0.370525280600222,-0.242437388287124,0.074,0.077,1
"PI4K2A",0.371280705431287,0.273164179366526,0.043,0.035,1
"RETSAT",0.371696173575736,0.267914647161656,0.036,0.029,1
"DNAI7",0.372343877155451,-0.545851734961202,0.009,0.01,1
"PPP1R15B-AS1",0.372457372602145,0.451711827445958,0.012,0.008,1
"ERICH6-AS1",0.372729651374971,0.192422987741096,0.075,0.061,1
"GAA",0.372967682635992,0.220686476936423,0.024,0.018,1
"TMEM60",0.373010284187982,0.120455217649599,0.081,0.067,1
"PINK1",0.373637672895616,-0.216224946633933,0.154,0.159,1
"DRAM1",0.373812886633361,-0.229768956889001,0.015,0.017,1
"H3C10",0.374273770618279,0.50841424286376,0.015,0.012,1
"ATOX1",0.374320794853265,0.15287209206277,0.104,0.091,1
"MSMO1",0.374612584267993,0.102240610405069,0.107,0.092,1
"USP7-AS1",0.374985172308544,0.283194082639166,0.012,0.009,1
"TFB2M",0.375065083195598,-0.107524272318331,0.093,0.091,1
"TAF5L",0.375267632032906,0.240952023117159,0.087,0.07,1
"LIMD1",0.375444231865849,0.319206786274575,0.029,0.021,1
"THSD4-AS1",0.37547065740348,0.234825614118942,0.1,0.081,1
"ZNF740",0.376015627283268,0.145980776460274,0.087,0.072,1
"CEP131",0.376227470096033,-0.325837985939863,0.011,0.012,1
"FAM111A",0.376372410737018,-0.254832242141976,0.059,0.06,1
"RAD54L2",0.376599216568101,0.222881214868383,0.115,0.093,1
"ENSG00000278002",0.376880779045651,0.135009726046103,0.012,0.011,1
"LIN52",0.377284994565713,0.175384736678979,0.086,0.071,1
"MAPK13",0.377322964295473,0.171451575954973,0.043,0.037,1
"ADCK1",0.377325913871827,0.265098678561087,0.02,0.014,1
"TRAV18",0.37740029495579,-0.27806616643949,0.01,0.012,1
"NEURL2",0.377429292356527,-0.874761636702792,0.007,0.01,1
"ENSG00000249870",0.377535832914197,-0.483576678802869,0.011,0.013,1
"ENSG00000288600",0.377561423308678,0.513141543491598,0.01,0.007,1
"TMEM87B",0.377585406521145,-0.149056783612994,0.073,0.074,1
"NSMCE2",0.377707128508291,0.102834064484634,0.181,0.154,1
"MZT1",0.378002135835684,-0.163134717526856,0.179,0.179,1
"ZNF724",0.378630378870284,-0.416676435015433,0.014,0.016,1
"CD82",0.378666478053705,-0.198874180458603,0.064,0.068,1
"TRIB3",0.379472525784919,0.571460985215356,0.011,0.007,1
"ZNF585A",0.379914251336664,-0.128899925833414,0.116,0.114,1
"TWF1",0.37992166532875,0.15860376396762,0.161,0.138,1
"ZNF484",0.380049685931401,-0.114344430201917,0.111,0.111,1
"ENSG00000247853",0.380112034650116,0.412194389037204,0.013,0.008,1
"MAPK6",0.380198241654172,-0.149002761410515,0.112,0.114,1
"DYNC1LI2",0.380320481597388,0.124764255055072,0.197,0.168,1
"CYB561D1",0.380370948342211,0.139437278198484,0.032,0.027,1
"LCORL",0.380705124893778,0.119175016898247,0.12,0.099,1
"IMMP1L",0.380765524344472,-0.115998724439915,0.137,0.135,1
"ANKRD36B",0.3815254246934,0.120099238606804,0.101,0.091,1
"SNX11",0.381585791008005,0.185438099752303,0.041,0.035,1
"ENSG00000290578",0.382371754521255,0.180798387520822,0.07,0.059,1
"FAM200A",0.382413989162744,0.10812818696337,0.064,0.053,1
"DAPK1",0.382522612334249,-0.371558303681035,0.012,0.017,1
"ZNF483",0.382601039424736,0.340032009704575,0.026,0.019,1
"JMJD7",0.383046033681509,0.171057827876593,0.055,0.048,1
"HMGN5",0.383781181775588,-0.262818139628943,0.017,0.019,1
"FKBP4",0.38390817125998,0.102283587131379,0.191,0.169,1
"TTBK2",0.384217769287185,-0.123503382518973,0.093,0.095,1
"TNK1",0.384365624362915,0.334348180540434,0.022,0.017,1
"ENSG00000225339",0.384444989212246,-0.15429270038261,0.009,0.011,1
"SYCE1L",0.384839550509469,-0.212020154587661,0.031,0.035,1
"RUSC1",0.384913374869605,0.120518870097668,0.067,0.056,1
"TRAV14DV4",0.384928860675864,-0.348280558449531,0.054,0.058,1
"TMEM185B",0.384943460157822,0.172146255766397,0.081,0.066,1
"SLC25A53",0.384958794130932,0.156500429430605,0.122,0.104,1
"CLK2",0.38497380293422,0.128604693828263,0.122,0.103,1
"ENSG00000289277",0.385219509816884,-0.803416250501932,0.007,0.01,1
"CCNI2",0.385429541839527,0.52071248516525,0.011,0.007,1
"LIMA1",0.385602313865693,0.405159753009645,0.022,0.016,1
"ZNF598",0.386573837437051,0.137506180090262,0.12,0.104,1
"SLC10A7",0.386666966748565,0.260069245022937,0.051,0.04,1
"ENSG00000291171",0.387026578954246,-0.173435626443862,0.044,0.046,1
"ZNF133",0.387088422026266,0.2250648187757,0.028,0.021,1
"CDIPT",0.387106970296833,-0.160822272471819,0.152,0.155,1
"CUL3",0.387140961346507,0.105682004703148,0.485,0.439,1
"DXO",0.387165117437146,-0.179082818091716,0.083,0.088,1
"NBPF20",0.388013184471092,-0.206165174148479,0.025,0.027,1
"ENSG00000203279",0.388116824739687,0.333975262962604,0.017,0.012,1
"DNAJC11",0.388155493084892,-0.115336051386711,0.07,0.069,1
"ZNF408",0.388662331500122,0.141580244291542,0.076,0.063,1
"RCOR3",0.389148715084403,-0.137341450766627,0.144,0.146,1
"RXYLT1",0.38941316629204,-0.167736501580252,0.064,0.067,1
"LSM11",0.389492894726918,0.392280664220646,0.015,0.012,1
"GTPBP2",0.38963260965696,-0.214220429933722,0.043,0.044,1
"ZNF197",0.389774678037826,-0.286194450301121,0.02,0.023,1
"ZNF649",0.389805306886625,0.108966352661878,0.067,0.055,1
"TOB1-AS1",0.389821700600348,-0.135947164866145,0.011,0.011,1
"ZNF845",0.38987175681919,0.176321099054626,0.047,0.04,1
"PXDNL",0.389914144710694,-0.213451832071035,0.013,0.012,1
"ZBED4",0.390040586221504,0.176008218666472,0.073,0.058,1
"MSTO1",0.390137122720362,0.267183951714697,0.07,0.055,1
"ENSG00000234428",0.390563125530659,-0.203908013437372,0.016,0.017,1
"POC1B-AS1",0.390734712793814,-0.288378146101989,0.02,0.02,1
"IL10RB",0.390919353519979,0.139536262534627,0.105,0.09,1
"POLR2M",0.390956415352752,-0.125635859060429,0.168,0.17,1
"KLHL22",0.390991508171268,0.22809149724095,0.066,0.052,1
"MORN3",0.391321317252807,0.167518911092036,0.037,0.031,1
"SNRNP25",0.391356970756961,0.123297771743726,0.06,0.051,1
"THEM6",0.391386303085618,0.200537079921033,0.023,0.018,1
"PTEN",0.39145661326205,-0.117014060188972,0.264,0.254,1
"CINP",0.391495439818428,0.122674390293497,0.09,0.081,1
"POLR1A",0.391881307613697,0.228218699939938,0.075,0.062,1
"ZACN",0.392773494540878,0.543773116081021,0.016,0.011,1
"ABAT",0.393057471513794,-0.164796109978909,0.05,0.053,1
"KBTBD7",0.393128793991799,0.108586743028163,0.038,0.031,1
"GOLGA6L9",0.393155965028592,-0.304404774795531,0.012,0.015,1
"PPM1F",0.393455936034048,0.264994768938344,0.011,0.008,1
"DMXL1",0.393463492665981,0.120156088427557,0.152,0.129,1
"ZDHHC6",0.393505661992394,0.136207405259054,0.193,0.165,1
"SRPK2",0.393847975117955,0.132046272887966,0.338,0.296,1
"APOM",0.393921634188103,-0.187213630484295,0.025,0.028,1
"SLC27A4",0.394038471701002,0.167601245392148,0.035,0.029,1
"OMA1",0.394097277216565,-0.166871955980816,0.028,0.027,1
"PCED1B",0.394181505989325,0.106808045608628,0.411,0.37,1
"CTNS",0.394215890187197,-0.166883575331243,0.03,0.03,1
"LDAF1",0.394271942310485,0.1225212546559,0.033,0.03,1
"MTMR9",0.394583492777761,0.15404593404131,0.081,0.07,1
"FBF1",0.395103172930873,-0.328247168318726,0.031,0.035,1
"ARFGAP1",0.395272452961118,0.234415498371739,0.072,0.059,1
"ZNF674",0.396131780338844,0.18078983525145,0.019,0.014,1
"ENSG00000225313",0.396392520557208,0.70983402898625,0.01,0.007,1
"TGDS",0.397067272739889,0.111908403825737,0.101,0.084,1
"ENSG00000284526",0.397068180716294,0.450728653534545,0.011,0.007,1
"GLRX",0.39771782039115,-0.154886637882609,0.21,0.203,1
"JPT2",0.39781604428819,0.116384973511801,0.123,0.106,1
"LARP7",0.398199455418987,0.110555779791068,0.201,0.173,1
"ZNF621",0.398242810473155,0.277239831919539,0.039,0.03,1
"ENSG00000259536",0.398244797760497,-0.236401964764482,0.011,0.011,1
"PDLIM7",0.398245720378604,0.580134012744883,0.014,0.009,1
"MTERF2",0.398328433497153,-0.387517825830987,0.016,0.02,1
"MRI1",0.398503767714686,0.198339360363106,0.057,0.047,1
"PAQR8",0.398510874678012,-0.217383459456507,0.099,0.099,1
"ZNF281",0.398719227636257,0.105830511589372,0.185,0.162,1
"NOP2",0.398754532898068,0.118372980401683,0.234,0.204,1
"TRIP6",0.399948843491403,-0.25376191793547,0.04,0.043,1
"NCALD",0.400181310596636,0.230118218182426,0.043,0.038,1
"FANCF",0.400270259764298,-0.179224148497958,0.099,0.1,1
"NOMO1",0.400363029037075,0.137869125916755,0.041,0.033,1
"ENSG00000235189",0.401569414539862,-0.357868683553473,0.013,0.016,1
"DCAF17",0.402072749266786,-0.131055473030201,0.073,0.076,1
"SRD5A1",0.402272393861479,0.302147305351579,0.021,0.015,1
"ENSG00000242628",0.402580426007274,0.719629442751057,0.015,0.009,1
"HPS5",0.403004532297678,0.30400730194802,0.108,0.086,1
"LMO4",0.403196339425986,0.11023317286679,0.077,0.065,1
"CUL1",0.403603439188472,0.103126368666108,0.265,0.235,1
"DESI1",0.403728577538847,0.229088086483423,0.126,0.105,1
"C6orf226",0.403876795388785,0.107987814285486,0.117,0.102,1
"ENSG00000273338",0.403891989913509,-0.416054447008314,0.022,0.027,1
"HCG17",0.404112887426694,0.260479353477876,0.039,0.031,1
"RCBTB2",0.404124301077979,-0.347695059105875,0.011,0.011,1
"KIAA1671",0.404347220752232,-0.252319867784034,0.034,0.038,1
"ADORA2A",0.404353313542387,0.176309629741873,0.028,0.024,1
"LINC00339",0.4048087474948,-0.241378752915116,0.06,0.064,1
"DDX11",0.404835316901512,-0.379221366724615,0.019,0.022,1
"MCAT",0.40492050570678,0.149999915151365,0.082,0.066,1
"NPDC1",0.405054390665679,0.260363933195587,0.05,0.043,1
"FYCO1",0.405191432547724,-0.13131445045765,0.062,0.063,1
"DNAJC14",0.405529918003586,-0.217746481389539,0.057,0.06,1
"ERP27",0.405606365007414,-0.103514851323939,0.038,0.038,1
"NUDT9",0.405964017567358,0.134663934775999,0.083,0.067,1
"DPH3",0.406520999979326,0.108642216795152,0.183,0.159,1
"MED14",0.406644700020457,0.1284900276311,0.164,0.142,1
"PEDS1",0.406648956162133,-0.124687494174053,0.146,0.144,1
"TRAV23DV6",0.406922589782572,-0.414889591243903,0.018,0.023,1
"SLC25A14",0.407031919572302,0.246993079339308,0.056,0.044,1
"TNFAIP8L2",0.407093997646919,0.249647363000512,0.056,0.044,1
"TCTA",0.407421222502227,0.222663856038332,0.061,0.05,1
"DOHH",0.407532157979998,-0.175393483306744,0.066,0.07,1
"MREG",0.407853142201121,-0.135520771011041,0.026,0.026,1
"KLRD1",0.408252506054952,0.923709208811405,0.015,0.013,1
"LINC00665",0.409326157800365,0.299715030440315,0.017,0.013,1
"IREB2",0.409363411889593,0.103249309902987,0.224,0.196,1
"ANKS1A",0.409675432117901,0.184234123221672,0.134,0.111,1
"ZNF213-AS1",0.409744924042591,-0.28779437689672,0.038,0.04,1
"ZNF414",0.409749287156687,-0.162033430032336,0.13,0.132,1
"MYPOP",0.409752254776589,-0.130029449100372,0.069,0.071,1
"ZNF782",0.409782899637821,0.212213019848043,0.049,0.043,1
"ENSG00000272195",0.409823766447443,0.190585615299776,0.014,0.011,1
"PCCA",0.40985871247011,0.408143302474441,0.029,0.022,1
"MPPE1",0.410053125561685,0.11335133240639,0.133,0.112,1
"CCT6B",0.410168618758082,0.334670230830933,0.019,0.014,1
"HVCN1",0.410221176191734,-0.185402030464282,0.041,0.042,1
"ALOX5AP",0.41070186389999,0.173000452523353,0.055,0.047,1
"CNDP2",0.411175004949838,-0.108720101339128,0.129,0.129,1
"ARMCX5-GPRASP2",0.411193037869996,0.109215828140151,0.031,0.025,1
"TRIM35",0.411471414369236,0.179985358275099,0.061,0.049,1
"ZNF888",0.411538012774424,0.201582150064908,0.021,0.016,1
"ERCC6",0.411638694811308,0.165949219856248,0.077,0.063,1
"ENSG00000290767",0.412122064513885,0.327270785331422,0.019,0.013,1
"MTERF3",0.412201022577456,0.205513334710263,0.141,0.116,1
"NCAPD2",0.412322427042878,-0.221292934387089,0.051,0.05,1
"RBM15-AS1",0.41236119855391,-0.354155170688943,0.016,0.019,1
"INTS5",0.412510811175508,0.111539462478617,0.138,0.119,1
"UEVLD",0.412734852352764,-0.269949172489249,0.011,0.012,1
"KICS2",0.413417291941067,0.319536175103484,0.038,0.03,1
"CUBN",0.413587152285724,-0.186834325677069,0.044,0.045,1
"PLAA",0.413668398101806,0.125946753891068,0.164,0.139,1
"ENSG00000290989",0.414146735065951,0.26855124126936,0.029,0.022,1
"IFT122",0.414240077741996,0.253450438483361,0.038,0.029,1
"DEXI",0.414481258517347,-0.111280550739218,0.122,0.124,1
"ZFP82",0.414539792534653,-0.344773827164676,0.032,0.035,1
"OGFOD3",0.414557181169037,0.172585066060849,0.055,0.044,1
"TRMT10A",0.414602669045775,-0.269130890650258,0.013,0.016,1
"CCNJ",0.414619329868423,0.267338249187416,0.021,0.017,1
"TNFRSF12A",0.415119279185737,0.158029664395041,0.024,0.019,1
"TRBV18",0.415767667166265,0.613499413389326,0.017,0.016,1
"ATP8B1-AS1",0.415792392661908,-0.218138346958376,0.026,0.024,1
"ARHGEF35-AS1",0.415877399281342,-0.257371589854321,0.015,0.015,1
"IER5L-AS1",0.416118020439816,0.168250079805202,0.015,0.012,1
"PHACTR4",0.416158996921015,0.100153700647095,0.238,0.217,1
"TFCP2",0.416163236520513,0.170445334538551,0.118,0.095,1
"RFXAP",0.416190084527106,0.132645831482592,0.058,0.048,1
"SWSAP1",0.416307669927923,-0.314165023388351,0.038,0.043,1
"NME7",0.417241514948733,0.124226765714284,0.206,0.176,1
"PHF7",0.417373205991885,0.262063326040747,0.021,0.015,1
"CCDC102B",0.417576505546551,-0.377522182039537,0.018,0.021,1
"GLCE",0.417665181357999,0.116234777395539,0.061,0.051,1
"ENSG00000276136",0.418243504196455,0.266306024351513,0.014,0.012,1
"DNAAF5",0.418287484584259,-0.133717302624065,0.053,0.054,1
"ACTMAP",0.418312097604281,0.374058568281728,0.018,0.012,1
"YIPF1",0.418500038541623,-0.193151442242842,0.044,0.046,1
"LRRC69",0.41925869098759,-0.190881953152373,0.009,0.011,1
"USP27X",0.419349303061568,0.178364865046724,0.028,0.022,1
"ZBTB39",0.419648783162184,0.153669164292705,0.032,0.025,1
"TYK2",0.419674858698038,0.112454521243605,0.1,0.083,1
"MAPK7",0.419704559130382,0.217798629724176,0.029,0.024,1
"CEP70",0.419878027164889,0.303944919171252,0.041,0.032,1
"RABL3",0.419924848880416,0.128924124632428,0.096,0.08,1
"DECR2",0.420020652178695,0.402429273793205,0.02,0.014,1
"SLC44A1",0.420416932187155,-0.20990183382257,0.048,0.052,1
"ENSG00000261766",0.420480761750017,0.413590456029889,0.012,0.009,1
"ZNF605",0.420663616250683,-0.256729325232508,0.022,0.023,1
"DUS2",0.420760375943901,0.23374984778501,0.026,0.023,1
"ZNF226",0.420802724449722,-0.167814093598887,0.069,0.071,1
"FABP5",0.420812717393305,0.173383331711373,0.109,0.095,1
"STX17",0.420949810922769,0.144578936830522,0.13,0.114,1
"ELMOD2",0.421027284026389,-0.237434706021853,0.053,0.055,1
"ENSG00000291131",0.421034440455006,0.137774673992635,0.016,0.012,1
"ZNF25",0.421188691422314,0.312040699553131,0.026,0.019,1
"BLTP3A",0.421208909917574,0.26575490900309,0.059,0.046,1
"E2F5",0.421227321021461,0.14390636240846,0.048,0.038,1
"TMEM250",0.421612406738308,-0.128424987142336,0.161,0.159,1
"ANKRD44-AS1",0.421915239028924,-0.110272051952913,0.049,0.044,1
"SLC4A8",0.422279888579246,-0.296852780054146,0.01,0.012,1
"SNX18",0.422685626162787,-0.178547211040127,0.028,0.029,1
"DVL2",0.422793396073694,0.104667948078732,0.141,0.122,1
"PTPN1",0.423254838064864,0.102716082424163,0.295,0.257,1
"CCNY-AS1",0.423502975535907,-0.193153979809674,0.016,0.018,1
"ENSG00000258471",0.423524844988502,0.448992630664732,0.01,0.006,1
"SLC38A6",0.423538480500176,0.103258394932574,0.052,0.045,1
"C1QTNF7-AS1",0.423578169260521,0.449777582533231,0.014,0.009,1
"ZNF432",0.424028692047838,0.211486227880364,0.04,0.034,1
"DENND6A-AS1",0.424196178582168,0.150286251092629,0.024,0.019,1
"GLB1",0.424329997049936,0.242052652043831,0.028,0.021,1
"ZNF837",0.424485293355316,-0.357458493998259,0.013,0.016,1
"ENSG00000274460",0.425485216862066,-0.388936749006033,0.013,0.014,1
"IRF9",0.425582147448492,-0.11909861273284,0.344,0.337,1
"HDHD3",0.425598397828901,-0.160058563247819,0.107,0.11,1
"EZH1",0.425702025223512,0.112518323708839,0.169,0.149,1
"COQ3",0.42578403998332,0.236131068542961,0.013,0.011,1
"EME2",0.426112512972038,0.398641744729208,0.019,0.012,1
"DHX35",0.426323695876816,0.105744733229142,0.058,0.054,1
"SPIDR",0.426359729871272,0.22372132141603,0.122,0.101,1
"SPDYE5",0.426615587497281,-0.415246787479231,0.008,0.01,1
"SLC35A2",0.426797973221409,0.119140160431976,0.056,0.048,1
"TMLHE",0.426815607371185,0.164860530168655,0.075,0.062,1
"TBC1D31",0.427602731590621,-0.313957529816899,0.029,0.033,1
"HSPA2-AS1",0.427973242379619,-0.204015753388292,0.052,0.057,1
"NTHL1",0.42807230700619,-0.373245872208546,0.012,0.014,1
"ENSG00000271380",0.428567715002907,-0.210884580964227,0.031,0.033,1
"ENSG00000270066",0.428729021969938,-0.622289693878633,0.011,0.014,1
"ENSG00000268584",0.428990536966006,0.257841193495281,0.011,0.008,1
"RMDN2",0.429412332819506,0.285442950327347,0.015,0.011,1
"DLEC1",0.429413686401127,0.411892794540513,0.014,0.011,1
"KIFBP",0.429511136233626,0.253665530197163,0.044,0.035,1
"ZNF69",0.430089027079375,0.296604798232837,0.03,0.022,1
"IMPACT",0.430209361765804,-0.132334282214525,0.027,0.026,1
"CKAP4",0.430441866018167,0.228847454675246,0.139,0.115,1
"RCBTB1",0.43081867648516,0.274012259834063,0.041,0.033,1
"ZFP3",0.431389065990939,0.330559356837982,0.025,0.019,1
"ENSG00000286786",0.432127079807399,0.128338878963787,0.021,0.016,1
"SLC25A23",0.432169010489753,0.47600640215182,0.014,0.011,1
"ACOX3",0.432517758047821,0.19837462727829,0.052,0.042,1
"CMTR1",0.432668873506808,0.128783836783784,0.081,0.067,1
"EXOC5",0.432705020704769,0.106690629679655,0.188,0.16,1
"NAT10",0.432766481024246,0.175537941054864,0.117,0.096,1
"ZNG1F",0.43277697605144,-0.100326139261099,0.024,0.024,1
"ENSG00000280383",0.43284639566902,0.304397544369855,0.016,0.013,1
"HLA-DOA",0.433021389927334,0.473830879303978,0.014,0.01,1
"ZNF671",0.433083397035127,0.189223850161585,0.059,0.048,1
"ENSG00000257579",0.433326224383323,-0.375251246680832,0.012,0.014,1
"LINC00891",0.433347265445207,-0.452174925301353,0.024,0.026,1
"SRGAP2C",0.433412711465621,0.337550763575779,0.029,0.022,1
"ZNF132",0.433624536856461,0.419436604814027,0.012,0.008,1
"GSTM2",0.433642973686724,-0.236983591653158,0.066,0.071,1
"ANKMY1",0.433684955254072,0.173811926624087,0.075,0.063,1
"ZNF514",0.433714067467942,-0.155187613686797,0.035,0.035,1
"PCNX2",0.435311451620077,0.161179273599846,0.081,0.07,1
"ENSG00000257545",0.435512075992402,0.505103588968898,0.011,0.007,1
"SCRN3",0.435787447386572,-0.193648220203289,0.042,0.043,1
"ERCC2",0.436115206761004,-0.167788433273572,0.017,0.018,1
"PELP1",0.436273295086512,0.129390284404642,0.138,0.118,1
"ENSG00000245025",0.436477480774199,0.507651832493822,0.01,0.007,1
"CENPF",0.436483156185214,-0.106947809676657,0.037,0.038,1
"RNF20",0.436497875848258,0.191303816443499,0.101,0.082,1
"ZNF19",0.436538223392746,-0.226037184029376,0.013,0.015,1
"C4orf47",0.436752234956211,0.152393746779762,0.013,0.01,1
"H2BC4",0.43683025071454,0.29712865175037,0.057,0.045,1
"RFX7",0.436856456379225,0.141068281197574,0.253,0.218,1
"RPS6KA1",0.437036780783656,0.20502674212724,0.049,0.039,1
"ABCC4",0.437145626150187,0.215680775970311,0.018,0.015,1
"VAMP1",0.437392092721597,-0.190518456067215,0.05,0.049,1
"MAP2K7",0.437469950375081,0.108949881034935,0.201,0.178,1
"ENSG00000250592",0.437582954553208,0.532873827160343,0.012,0.008,1
"ENSG00000261552",0.437675735764697,0.522384321203708,0.01,0.006,1
"ZNF696",0.437738273050658,-0.111295258467195,0.016,0.014,1
"PLK2",0.438004498208063,0.254319886432997,0.032,0.024,1
"INPP4B",0.438400511562324,0.183043709346462,0.04,0.033,1
"SLC19A2",0.438467790202476,0.194336192738011,0.024,0.019,1
"DNAJC9-AS1.1",0.438624879604031,0.270539576487913,0.016,0.012,1
"ZNF714",0.438884309128404,0.123992992723338,0.058,0.053,1
"KCTD7",0.4392508563835,0.210450325034511,0.033,0.027,1
"ARRDC3-AS1",0.43968558124612,0.414386561087944,0.021,0.016,1
"ARMCX1",0.439799268942428,0.402161915322987,0.017,0.012,1
"UBAP1L",0.439922467832669,-0.568640101784424,0.009,0.011,1
"DGCR8",0.439961605961594,0.147120394083875,0.117,0.099,1
"PHTF1",0.439966505410389,-0.106533873943924,0.047,0.048,1
"ENSG00000230612",0.440242649141517,0.539824630668213,0.015,0.01,1
"TCEAL4",0.440316331689937,0.17892524591922,0.061,0.049,1
"NSUN4",0.440599668146789,-0.135379352449959,0.057,0.058,1
"DEDD",0.440612367552915,-0.124053217597359,0.203,0.201,1
"INSYN2B",0.440915579318482,-0.384329768450349,0.01,0.011,1
"UBXN11",0.441113655506878,0.115037530722719,0.091,0.075,1
"FSBP",0.441220961702507,0.199872225886241,0.015,0.01,1
"BOLA3",0.44133771465086,0.136961837917622,0.116,0.1,1
"ZNF252P",0.441729637112976,-0.149149485747713,0.012,0.014,1
"NFATC2",0.442269529465907,0.144027065335651,0.215,0.192,1
"CCDC69",0.442527208009628,-0.101667857157246,0.222,0.213,1
"SLC46A3",0.443025388795274,-0.181444445108772,0.041,0.043,1
"ABCD1",0.443122926464914,0.10387612417371,0.018,0.014,1
"KDM7A-DT",0.443937463401551,0.1759274897503,0.047,0.037,1
"MFHAS1",0.444494067180217,0.24735273738984,0.052,0.04,1
"SNHG22",0.444863102370076,-0.142403396967958,0.02,0.021,1
"WDR54",0.445686525065458,0.156357189200878,0.112,0.095,1
"TMEM229B",0.445778612550632,0.429551385343457,0.012,0.008,1
"FUT10",0.445848541452323,-0.38751260877836,0.019,0.021,1
"ZNF318",0.447366946043864,0.143849033549463,0.074,0.063,1
"NSG1",0.447415328430796,-0.289176574075881,0.017,0.021,1
"UBA3",0.447709554876498,-0.101715767866888,0.267,0.262,1
"RELL1",0.44795764893931,0.157205609795938,0.121,0.101,1
"FRY",0.448070888916417,-0.199036078872539,0.013,0.016,1
"TUT1",0.448441628719804,0.106301219301271,0.081,0.068,1
"C16orf46",0.448504499726802,-0.21594139096098,0.037,0.04,1
"ZNF442",0.44876795480123,0.18108693014358,0.013,0.01,1
"AKR7A2",0.448788923860764,-0.191993217604435,0.102,0.106,1
"LYRM4-AS1",0.448994365185713,-0.370179635397875,0.011,0.012,1
"AGK",0.449019979978231,0.190067955519125,0.059,0.048,1
"ITGB1",0.449051330007428,0.15466904711092,0.216,0.187,1
"ENSG00000288924",0.449065848231354,0.249407365223909,0.02,0.014,1
"SSH1",0.449140254771883,0.159271711137826,0.044,0.038,1
"TRIM23",0.449621918936805,0.107520792579864,0.135,0.116,1
"ZNF517",0.449721110889773,0.200826661652264,0.011,0.009,1
"NT5C2",0.449779635881476,0.150012103466489,0.208,0.181,1
"SMARCD3",0.450136784999388,0.197388718977285,0.044,0.035,1
"PELI3",0.450568637534786,0.417449165407999,0.01,0.006,1
"GSTM1",0.450706405845169,0.246035901548753,0.054,0.042,1
"GOLPH3-DT",0.45072093180094,-0.489085380425164,0.008,0.011,1
"UBE2F",0.450858969965591,-0.185872954374083,0.116,0.119,1
"MYO1C",0.451120204266075,0.35067871694089,0.011,0.009,1
"BRCC3",0.451462573532322,0.130295146787351,0.076,0.064,1
"TMEM107",0.451932592877166,-0.347395015655485,0.036,0.038,1
"TMEM167A",0.452648545319652,0.117347275499485,0.23,0.203,1
"LCK",0.452982983377782,-0.133040658236198,0.578,0.564,1
"TMSB15B",0.453057694749254,0.257601818889292,0.023,0.018,1
"MED16",0.453197231702563,-0.141966468390566,0.148,0.149,1
"AGBL2",0.453201257959098,0.388636765179984,0.01,0.007,1
"SLC31A1",0.453454414770428,0.262340937837765,0.023,0.019,1
"ARHGAP19",0.453630797137239,0.439169121845625,0.025,0.02,1
"EIF2B3",0.453662766591134,0.15419690258118,0.112,0.093,1
"ENSG00000272588",0.453714012418709,0.260631435208702,0.014,0.009,1
"TGFBR1",0.453809213789657,-0.125388134722122,0.11,0.11,1
"GET4",0.453969622047976,-0.104501830153616,0.162,0.164,1
"SELENON",0.454605700526093,0.366622903358403,0.034,0.025,1
"C16orf86",0.454639193240348,-0.419831647843743,0.01,0.012,1
"BICD2",0.45475575290993,0.136018611191306,0.097,0.082,1
"SCYL3",0.454830160487224,-0.130032473959452,0.099,0.097,1
"CAPG",0.45488275084084,-0.247348566236182,0.059,0.061,1
"RRP7BP",0.455238874759262,0.112673953738906,0.088,0.074,1
"GABPB2",0.455660976119497,0.224432028182332,0.05,0.04,1
"HSH2D",0.455868712947658,0.172457017129835,0.065,0.058,1
"ANKS3",0.45596556150575,0.239881245437526,0.04,0.033,1
"RUVBL2",0.455977000883562,0.153028283681441,0.151,0.129,1
"LCMT2",0.456307954427699,0.230422580362413,0.019,0.015,1
"TMEM63A",0.456460748576471,-0.1168321839346,0.154,0.153,1
"SUFU",0.45660384021003,0.125879843929847,0.054,0.047,1
"DCBLD2",0.456807547627627,0.104439585688639,0.023,0.017,1
"RSAD1",0.457063635606092,-0.171001173404473,0.139,0.143,1
"MBD3",0.457177013272432,-0.164986822061564,0.091,0.094,1
"ZNF257",0.4573327138399,0.309766597042708,0.015,0.011,1
"BIVM",0.457678433620998,0.26390151727128,0.016,0.012,1
"MED9",0.458049924925387,0.142980956964397,0.066,0.058,1
"CSTPP1",0.458752928249605,0.175979313167238,0.115,0.095,1
"DMAC2",0.458855057497075,-0.118018816532192,0.089,0.09,1
"ENSG00000259097",0.45885932824387,-0.360277038591264,0.029,0.034,1
"SPOPL",0.459111753627899,0.458400105883125,0.024,0.018,1
"GNE",0.459432616683668,0.134927539053284,0.058,0.05,1
"TBCEL",0.459443679684329,0.26585747776541,0.057,0.045,1
"SERAC1",0.45958184354852,0.284198825268145,0.023,0.018,1
"NBPF8",0.460730697019828,-0.125505888267083,0.09,0.085,1
"DNAJC4",0.46100721669949,-0.101778229619973,0.178,0.174,1
"TFPT",0.461067928117006,-0.116311722276245,0.065,0.063,1
"CENPQ",0.46132224273684,-0.306265614000363,0.029,0.031,1
"LAS1L",0.461437528830281,-0.102821429925073,0.114,0.114,1
"ENSG00000255882",0.461729508591194,-0.264815103830629,0.012,0.014,1
"ENSG00000265496",0.462187907329403,-0.176069027117654,0.038,0.04,1
"NEDD1",0.462209029936732,0.148647790688774,0.135,0.116,1
"PIAS4",0.462283702581813,-0.188447232517729,0.13,0.133,1
"LUCAT1",0.46253128825459,-0.450794026792813,0.009,0.01,1
"SMAD5",0.462683725340956,-0.109754745302913,0.024,0.023,1
"TSEN2",0.462715119236439,-0.276417216302274,0.04,0.042,1
"ALDH9A1",0.462849647386725,-0.132686624316426,0.185,0.184,1
"VCL",0.463173108521699,-0.160497268851117,0.03,0.032,1
"ZNF527",0.463242281542891,0.105391318455055,0.041,0.034,1
"ENSG00000251143",0.463285709688906,0.289731162603683,0.052,0.04,1
"ENSG00000290762",0.463674511563493,0.513218076268191,0.012,0.009,1
"RCN1",0.464103051240072,0.40711727608449,0.038,0.029,1
"ENSG00000289421",0.464109766170414,0.235537594356327,0.01,0.009,1
"KIDINS220",0.464248353227773,0.109060678130928,0.209,0.18,1
"ZCCHC4",0.464924927318748,0.287429535192989,0.045,0.035,1
"LINC02295",0.465104741409418,-0.48837379466452,0.016,0.02,1
"DUS3L",0.465442979676812,0.104898038369597,0.163,0.144,1
"PTP4A3",0.465512977474273,0.329731690054736,0.021,0.015,1
"ENSG00000290535",0.465778371681986,0.477859558863535,0.011,0.007,1
"GMDS",0.466058275636172,0.143988634215865,0.182,0.157,1
"LINC01572",0.466353164790029,0.465230122799026,0.03,0.022,1
"KRBA2",0.466475305204061,0.110724524790866,0.02,0.017,1
"TMEM9B-AS1",0.46685199907,0.310146399693455,0.013,0.009,1
"BICRA",0.467579987784047,0.132420610603303,0.039,0.035,1
"RNFT1-DT",0.467858505948092,-0.377563455634291,0.014,0.016,1
"MRPL18",0.468021334828293,-0.113862896691739,0.263,0.262,1
"TRAV20",0.468197060069975,-0.230954159447821,0.018,0.017,1
"ZNF486",0.468294913293897,-0.21557211658592,0.033,0.035,1
"EXO5-DT",0.468575613443072,0.175921271312005,0.036,0.029,1
"SMG6",0.46861538888032,0.108342284326803,0.16,0.143,1
"SRR",0.468710796204455,0.318010911736852,0.025,0.02,1
"KLHL23",0.468776414191691,0.193279358869161,0.026,0.023,1
"PTPMT1",0.468827932485808,0.104127437559003,0.158,0.137,1
"LINC01260",0.46898763529619,-0.294797529060823,0.017,0.02,1
"LENG1",0.469094795238527,-0.12236216173322,0.112,0.117,1
"ECRG4",0.469114159667218,0.262892595554685,0.013,0.009,1
"CIAO3",0.469342500363046,0.151544092468216,0.048,0.04,1
"ARL6",0.469553540473589,0.243863342806178,0.044,0.033,1
"CCR9",0.469764522142949,-0.454853069119967,0.015,0.021,1
"ZFP14",0.469887768016247,-0.244547383545297,0.064,0.065,1
"ADD1",0.47005320537148,-0.108587060426587,0.282,0.272,1
"PHF8",0.470151915268609,0.1374000434484,0.096,0.077,1
"LIPT2",0.470570454571576,0.284323077696413,0.03,0.026,1
"DCUN1D2",0.470768604836498,0.215315736239568,0.046,0.037,1
"REXO1",0.47086595956533,0.126757404333414,0.108,0.093,1
"SPHK1",0.470989578532535,0.451605264260313,0.014,0.01,1
"CLSTN3",0.471156173631013,0.175419432956268,0.024,0.02,1
"LINC02390",0.47127462909009,0.452441827531516,0.026,0.019,1
"IRGQ",0.471431026184239,0.271719902676259,0.032,0.025,1
"DNAJC27",0.471458590672106,-0.107574198027773,0.067,0.067,1
"DNAJB5",0.471515656511975,0.170680034566844,0.01,0.007,1
"C6orf47",0.471639879376621,0.120188024017462,0.119,0.101,1
"SMUG1",0.471806559986731,0.210910231256555,0.028,0.022,1
"MMACHC",0.472076471674919,0.384627862628479,0.019,0.013,1
"TTYH3",0.472177435577518,0.388831182810771,0.013,0.009,1
"ENSG00000267009",0.472234311326391,-0.29055640228603,0.036,0.041,1
"ENSG00000289056",0.472273018941546,-0.208797406922635,0.083,0.086,1
"LINC02067",0.472432702986748,0.597455528579803,0.015,0.01,1
"GDF11",0.472461385309201,-0.170508003288518,0.033,0.03,1
"MFSD14B",0.472490473255111,0.172969166808098,0.185,0.158,1
"RNASEH2A",0.472678018070054,-0.377713692336982,0.022,0.025,1
"POP7",0.472881841319878,0.147554384194966,0.109,0.09,1
"GPR35",0.473273451017069,0.250303660440953,0.028,0.023,1
"LMO7",0.473508013166288,0.121725470915103,0.043,0.034,1
"KIZ",0.473612673609998,-0.117835930450384,0.138,0.14,1
"ATP1B1",0.473756367438407,0.109187744262455,0.066,0.059,1
"PRDM10",0.473763973944459,-0.222250464758579,0.065,0.067,1
"ZNF83",0.473808240574947,0.129672864426828,0.117,0.098,1
"SCAMP1-AS1",0.474164620909239,0.185772374202293,0.04,0.032,1
"ZNG1C",0.474197581206969,0.3211481083041,0.023,0.017,1
"USP2-AS1",0.475514789957067,0.431689735720809,0.01,0.007,1
"PAXBP1-AS1",0.475532792292547,-0.273506695112257,0.015,0.016,1
"ENSG00000289152",0.475921577880758,0.333547855165278,0.019,0.015,1
"GARS1-DT",0.476009779481943,-0.17502743525862,0.064,0.065,1
"MEGF9",0.476914231707313,0.220360868482453,0.033,0.026,1
"ENSG00000267364",0.477079493184339,-0.17897499009593,0.015,0.016,1
"CD84",0.477199266552414,-0.248506024332318,0.031,0.03,1
"TET1",0.477989068754074,0.494849625954456,0.01,0.007,1
"SMIM15",0.478081223916196,0.184931463123043,0.14,0.118,1
"DYNC2I1",0.478667589040452,-0.13715747089351,0.097,0.098,1
"KLHDC3",0.479050888630285,-0.102924432014891,0.317,0.304,1
"ZSCAN30",0.479133569768611,0.163085427014511,0.029,0.023,1
"TTC4",0.479349059048254,-0.142524970262172,0.089,0.089,1
"ROCK2",0.479697173520054,0.199624399744249,0.067,0.054,1
"NCK1-DT",0.480549527871591,-0.35256776770573,0.013,0.016,1
"KCNK6",0.480588604544181,0.100612578363784,0.018,0.014,1
"RPAP1",0.480777504237843,-0.112552181558159,0.043,0.043,1
"MRPS30",0.481712811227543,-0.101698632791926,0.189,0.184,1
"KHDC4",0.481884259410464,-0.151046522272009,0.128,0.129,1
"UPRT",0.481899476057576,-0.183417377288451,0.08,0.082,1
"HILPDA",0.482935099243568,-0.390911019589902,0.017,0.019,1
"PSMG3",0.483304572069631,-0.127253482352117,0.088,0.091,1
"ENSG00000257027",0.483513985168792,0.356236905012889,0.013,0.009,1
"ZNF343",0.483586217951042,0.286426267532621,0.033,0.026,1
"TRAV38-2DV8",0.483635258081714,-0.306828847065757,0.031,0.034,1
"RAD54B",0.484284332672818,0.438577644757888,0.012,0.009,1
"ABR",0.484570481128089,0.16396622473376,0.041,0.033,1
"TMLHE-AS1",0.484607028880563,0.318557645753135,0.014,0.011,1
"GNGT2",0.484793585687314,0.431879741573503,0.012,0.009,1
"ZNF549",0.485159101158729,0.236063291596732,0.052,0.042,1
"EIF4G1",0.485679719963959,0.124542898771379,0.332,0.287,1
"ULK2",0.485825204184935,0.543052582226283,0.014,0.009,1
"SLC35F6",0.486455242714069,0.227938647078212,0.035,0.028,1
"C6orf89",0.486792518416491,0.121102854870789,0.146,0.123,1
"C3orf33",0.486880968642151,0.320334109390415,0.017,0.012,1
"TRBV15",0.487310620546398,0.230226282024908,0.017,0.015,1
"PLEKHA8",0.487391776244387,0.251615652590543,0.032,0.025,1
"C1orf74",0.487571067264992,0.317702110986413,0.017,0.012,1
"TSPAN6",0.488032910355966,-0.125594468343798,0.011,0.012,1
"LRRC45",0.488306985558369,0.311244484500423,0.01,0.007,1
"NDUFB7",0.488310058317552,-0.105114884890053,0.202,0.193,1
"CCHCR1",0.488355778793607,-0.287055893565604,0.02,0.021,1
"ENSG00000290948",0.48868678945812,0.175606458180814,0.045,0.038,1
"SLC26A6",0.48948052629058,-0.275465942384011,0.012,0.013,1
"SDR42E2",0.489634473668491,-0.715995283752449,0.008,0.011,1
"BNIP3",0.489775610688443,-0.104593319628655,0.242,0.241,1
"ENSG00000243176",0.489802202720257,-0.346047294497372,0.014,0.017,1
"USPL1",0.489804210957687,0.130731995216463,0.137,0.118,1
"NPIPB5",0.4899825157891,0.28805740231468,0.037,0.03,1
"WDCP",0.490180650862735,0.15815665549313,0.03,0.026,1
"SLC38A4-AS1",0.490217929596875,0.21345666973696,0.061,0.047,1
"NPIPB15",0.490314627949773,-0.319977557671159,0.011,0.012,1
"BORA",0.490426182092942,-0.206345090721552,0.027,0.028,1
"CDK5RAP1",0.49096453218788,0.162727326513709,0.142,0.12,1
"CKMT2-AS1",0.491061431266389,-0.138547033114798,0.038,0.038,1
"WIPI1",0.491139267989513,0.340877379174782,0.013,0.011,1
"ENSG00000285728",0.491265866164856,0.392322611877228,0.013,0.009,1
"EGFL8",0.491362704533902,0.436167991878601,0.016,0.012,1
"EHMT1",0.491749051215445,0.115235785952196,0.223,0.192,1
"AMZ2P1",0.492044943185815,-0.122715691852873,0.057,0.057,1
"MSRB1",0.492770045195204,-0.122009624340501,0.028,0.03,1
"LINC02340",0.493276202182897,0.105085280323602,0.036,0.032,1
"C5orf34",0.493404707280782,0.255942951871866,0.031,0.023,1
"NCEH1",0.493504990668278,0.486897419052342,0.012,0.009,1
"MIR924HG",0.493656207696149,-0.234250946203401,0.034,0.036,1
"SEMA4F",0.493890766445573,0.49899182126301,0.013,0.009,1
"TOMM40L",0.493904684876761,0.210828327953016,0.025,0.019,1
"ENSG00000285658",0.494442024308358,-0.290057877517785,0.01,0.011,1
"ENSG00000284428",0.494558635975323,0.119535476477086,0.055,0.045,1
"TRAV8-4",0.494681203123826,0.190336340667811,0.031,0.025,1
"RFX5-AS1",0.494703185806549,-0.129579303216111,0.032,0.033,1
"BRPF3",0.494868491697027,-0.115715132040016,0.068,0.066,1
"FBXL8",0.495493415404371,-0.320535028356129,0.013,0.016,1
"ZGRF1",0.496275884958602,-0.436860734138894,0.016,0.018,1
"ENSG00000290796",0.496312084003505,-0.326896818113267,0.012,0.014,1
"XRCC3",0.496336614839844,0.386041545857753,0.011,0.008,1
"GMDS-DT",0.496415181747505,0.198192825855126,0.098,0.079,1
"GLT8D2",0.496973309088094,0.108461703126308,0.016,0.013,1
"MFSD1",0.49697381935707,0.182030509673785,0.084,0.067,1
"MAILR",0.497378025799396,0.294948049595006,0.016,0.012,1
"RPUSD4",0.497444275563133,0.100267770363999,0.115,0.103,1
"ENSG00000289161",0.497543151180654,-0.504786612855494,0.009,0.01,1
"ENSG00000254538",0.497568512347428,-0.339687559559013,0.024,0.026,1
"CEP89",0.498358983936127,-0.177621495495374,0.063,0.063,1
"MIR29B2CHG",0.498590581845364,0.126340962633637,0.067,0.057,1
"MYCBP2-AS1",0.498659532129776,-0.259111305979581,0.032,0.034,1
"EXOC3-AS1",0.498974160194755,0.296865986832824,0.016,0.012,1
"MYNN",0.499043000212311,0.128675201693287,0.123,0.105,1
"MTG2",0.49913200548832,-0.104277707566769,0.094,0.094,1
"RFC5",0.499223045279009,-0.192581533642529,0.043,0.047,1
"BMERB1",0.499583951121045,0.29126124400911,0.038,0.031,1
"GPR146",0.499913958565103,0.282300334234122,0.015,0.011,1
"ATG9B",0.499958757624165,-0.378410779817398,0.021,0.023,1
"PITRM1-AS1",0.5001557973023,-0.146513379781678,0.013,0.013,1
"LRRC47",0.500280002139831,0.109181004023214,0.147,0.128,1
"PLD2",0.500600266713759,-0.2157046379534,0.014,0.014,1
"FAM98B",0.500642412491973,0.167815287343821,0.107,0.09,1
"SPTLC1",0.501758504314056,-0.105419265743038,0.193,0.184,1
"PIGO",0.501758884671332,0.174741518202184,0.042,0.035,1
"ANKHD1",0.501873231962518,0.10411421372658,0.405,0.361,1
"INTS2",0.502068559801532,0.284963405898437,0.041,0.032,1
"EXOSC7",0.502365711143074,0.111516321484052,0.189,0.167,1
"CEP170",0.50290351983518,0.191992578917013,0.13,0.109,1
"TANK-AS1",0.503786482300226,-0.207523726766996,0.044,0.046,1
"PHPT1",0.504114514524185,0.150116948270801,0.129,0.108,1
"ENSG00000229502",0.504251367616656,0.562357355988769,0.013,0.009,1
"RBM34",0.504308540909611,-0.106180541470116,0.094,0.095,1
"FBXO5",0.504531103751429,-0.218685167076169,0.027,0.029,1
"ZNF689",0.504992753857584,0.17669529893548,0.052,0.042,1
"PEX7",0.505061634818355,-0.162344413879401,0.02,0.02,1
"ENSG00000289406",0.505170910426056,-0.281127794145926,0.029,0.033,1
"STK32C",0.50553109179399,-0.160071414812939,0.037,0.038,1
"IGHMBP2",0.50571138932162,-0.204984891083068,0.06,0.059,1
"TNFSF13B",0.506507799085859,-0.172595356581504,0.013,0.012,1
"ZC3H4",0.506573739419903,-0.103394970275849,0.09,0.088,1
"ICMT",0.506734947137778,0.294081698902779,0.055,0.043,1
"GLRX2",0.507766678050385,-0.116489127369752,0.042,0.044,1
"KLF3-AS1",0.508440929518355,0.125866706314727,0.067,0.055,1
"CENPS",0.509024224027311,-0.106415877980723,0.072,0.071,1
"PRDX5",0.509097100280711,-0.103256115864885,0.452,0.44,1
"ZNF530",0.50912810297048,0.33988734835633,0.021,0.015,1
"SNAPC4",0.509149943649051,0.105013416021354,0.062,0.051,1
"CCDC65",0.50986503374048,0.283677986621285,0.011,0.009,1
"NOL12",0.509936745077863,-0.122424032055331,0.105,0.106,1
"ELP3",0.510168826122225,-0.118032148336686,0.083,0.082,1
"PRKAR1B-AS1",0.511100910226531,0.19069301979429,0.022,0.02,1
"ANKRD6",0.511161159807974,0.158596323895058,0.01,0.007,1
"FAM118B",0.511256085295376,0.127792196027748,0.081,0.068,1
"CARNMT1-AS1",0.511547658116256,0.494021940604667,0.011,0.007,1
"ARHGEF38",0.512340222863641,0.466972006142642,0.01,0.007,1
"ZNF195",0.512420874964929,-0.124715582085842,0.128,0.126,1
"CCDC39",0.51287123075437,0.148372354196979,0.018,0.013,1
"GABPB1-IT1",0.513413681572674,-0.164081759092014,0.185,0.192,1
"MFSD5",0.514047912417546,-0.108733582307413,0.166,0.165,1
"ST3GAL2",0.514131277736963,-0.115453314951983,0.063,0.063,1
"CBLN3",0.514203524882822,0.240285143623654,0.01,0.008,1
"DDX51",0.514401486539928,0.138904057569975,0.073,0.064,1
"MBOAT7",0.514466202810339,-0.294635343059555,0.03,0.032,1
"ZNF506",0.514497684697474,-0.143441049596258,0.281,0.278,1
"ZNF747-DT",0.514831487763202,-0.352376815427559,0.03,0.033,1
"RBBP8",0.515264029517453,0.218090895562773,0.07,0.057,1
"NT5C1B",0.515267483191197,-0.262260518111955,0.008,0.01,1
"MIRLET7IHG",0.515624150497292,-0.509560549926169,0.011,0.014,1
"ZNF613",0.515984943411806,-0.276533158292453,0.034,0.036,1
"ZNF121",0.51623896485076,0.175495485207585,0.121,0.103,1
"ZNF785",0.516786793547755,0.155048307370093,0.024,0.021,1
"BLTP3B",0.516846748292882,0.114883168369756,0.161,0.139,1
"ZNF736",0.516971220827792,0.100665147584083,0.086,0.076,1
"STK19",0.516979752323132,0.166861091931867,0.092,0.078,1
"KLHDC8B",0.517306911669893,0.155863903216514,0.015,0.011,1
"GRAPL",0.518132568789261,0.240900681954218,0.033,0.026,1
"HADH",0.518356122179862,0.143796917610412,0.086,0.074,1
"PCBD2",0.518466144659569,0.205271857680289,0.043,0.035,1
"KIF3C",0.51886104398109,-0.350274723557783,0.009,0.01,1
"NDUFA6-DT",0.519298081909763,-0.211147467019493,0.024,0.025,1
"PANK4",0.519658271642642,-0.144112151183624,0.119,0.117,1
"TTLL11",0.519959385445285,-0.151558092175967,0.026,0.026,1
"ENSG00000290366",0.52023896045081,0.781315645685472,0.01,0.008,1
"ZNF460-AS1",0.520845985620212,-0.118481004331213,0.01,0.012,1
"ACADM",0.521117016920612,-0.115719585490884,0.154,0.149,1
"PINK1-AS",0.521274993446615,0.323287520553398,0.014,0.01,1
"TP53TG5",0.521296929034249,0.348462507560283,0.011,0.007,1
"ZC3H12A-DT",0.521311710174349,-0.295432495441653,0.028,0.03,1
"STK24",0.521353885584528,-0.106943027086998,0.227,0.218,1
"ENSG00000259635",0.521547954050883,0.360566129260645,0.01,0.006,1
"ENSG00000226266",0.521707611700151,-0.187692791996061,0.017,0.019,1
"ENSG00000273619",0.521800290845176,0.191832792151287,0.014,0.014,1
"MBLAC2",0.521838520616414,0.210559704879217,0.02,0.014,1
"NECTIN1",0.522347652936265,0.164528399070483,0.016,0.013,1
"AREL1",0.52268283488558,0.144275782914919,0.129,0.111,1
"FAM156A",0.522905542934066,0.473639845000514,0.01,0.007,1
"TRIO",0.523036031056522,0.257260032262425,0.027,0.021,1
"TTC21B-AS1",0.523551500224157,0.459344976421509,0.028,0.02,1
"ZNF260",0.523597473123903,-0.191016314459547,0.072,0.074,1
"ARHGAP27",0.52374082031356,0.138623313489689,0.066,0.055,1
"DHX58",0.524066510712014,-0.331444641943937,0.023,0.026,1
"CHPF2",0.525136211626862,0.117495076468082,0.077,0.064,1
"TEP1",0.525711609786893,-0.239879182938738,0.022,0.023,1
"SFXN4",0.525826920265014,-0.268030908543681,0.045,0.047,1
"EGLN3",0.525921480062531,-0.225435218463712,0.012,0.013,1
"ZNF529",0.526297982309033,0.123562583714834,0.124,0.106,1
"TRBV10-2",0.526665195078015,0.443797547073058,0.011,0.01,1
"EXO5",0.526697326961183,0.156304699314614,0.05,0.042,1
"ENSG00000291215",0.528240496067073,0.138267863659308,0.022,0.016,1
"CDCA4",0.52829085365248,-0.135990537308624,0.104,0.107,1
"XKR8",0.528493910528615,0.147899184378733,0.061,0.05,1
"GTPBP3",0.528672759697987,0.15798765762635,0.047,0.038,1
"BNIP1",0.528955001089985,-0.172802504833469,0.053,0.056,1
"SLC25A28",0.529042048751351,-0.153969642574894,0.092,0.093,1
"ENSG00000275454",0.529075205957848,0.170039564790412,0.013,0.012,1
"PRKCZ",0.529520509227333,0.29224805238659,0.025,0.02,1
"C19orf44",0.529691026996841,0.358914871163551,0.026,0.019,1
"KANK1",0.529749398721965,-0.4665854673083,0.009,0.011,1
"TOR2A",0.529778296601764,-0.130412422125277,0.078,0.079,1
"MXRA8",0.529790699696408,0.592087316260445,0.011,0.007,1
"ENSG00000228162",0.529875851922659,0.410137437354462,0.019,0.014,1
"ENSG00000291037",0.5306308271707,-0.172048169427962,0.037,0.038,1
"RALGAPA2",0.531061501162139,-0.106047222733007,0.098,0.099,1
"URB1-AS1",0.531273857113324,0.288043393223683,0.023,0.017,1
"SUGT1-DT",0.531461482499164,0.291510109753681,0.011,0.008,1
"RRAGC-DT",0.531475162726452,-0.264919089326385,0.017,0.017,1
"SALL2",0.532283015423388,-0.324677241767482,0.015,0.017,1
"PKN2-AS1",0.532427672820064,-0.392282525289,0.011,0.012,1
"FAAH2",0.53250564159814,0.113099320697105,0.308,0.276,1
"NPM3",0.533150089628401,-0.138870119835392,0.08,0.081,1
"FBXW9",0.534012903132998,-0.135063889810198,0.028,0.025,1
"ENSG00000289598",0.534240726091583,0.275034799286755,0.016,0.012,1
"ACOT13",0.535111482887167,-0.142091086704344,0.057,0.056,1
"RASA4B",0.535327262545438,0.137687589010689,0.016,0.013,1
"SBNO1-AS1",0.535494764986245,-0.188476776353534,0.034,0.037,1
"VKORC1",0.535763974438492,-0.10149387866636,0.333,0.328,1
"FAAP24",0.536003196149208,0.162344245976509,0.011,0.007,1
"OSBPL7",0.536066479786458,0.164909451379311,0.025,0.022,1
"SYCP2",0.536322086861417,0.239289552767366,0.014,0.011,1
"GLIDR",0.536375678502161,0.658437834299739,0.011,0.008,1
"PRPF40B",0.536937091400443,0.125134303809341,0.043,0.036,1
"HIRIP3",0.537118165854928,-0.137930186947389,0.062,0.059,1
"SPDL1",0.537207492713566,-0.281285675435166,0.035,0.036,1
"TOLLIP",0.537311709929874,0.127364922831801,0.17,0.15,1
"SUV39H2-DT",0.537600269523305,0.40347241657103,0.014,0.01,1
"SGK3",0.538704046433705,0.131655053731407,0.072,0.061,1
"TRAV36DV7",0.538907490631419,-0.260522200234386,0.015,0.017,1
"ENSG00000286313",0.53891076826629,0.330846776163579,0.012,0.009,1
"SLC35A3",0.539287095512745,0.185571819390314,0.111,0.093,1
"MAPK3",0.539312318515394,-0.219771247305518,0.037,0.041,1
"ZNF587B",0.539779945924124,-0.11025841792481,0.045,0.046,1
"PFN2",0.540421086539791,0.313327449593608,0.015,0.012,1
"ENSG00000291060",0.540786422459443,0.264704392428594,0.065,0.052,1
"DOCK3",0.541543504817152,0.455416100853323,0.011,0.009,1
"GPR65",0.541568295286281,-0.16260751350383,0.086,0.087,1
"TNFRSF10D",0.542040842417678,-0.377343031863818,0.011,0.014,1
"ACSL5",0.542201393733217,0.251488008410593,0.076,0.062,1
"ENSG00000258317",0.5423520116635,0.242744110073659,0.018,0.014,1
"CCND2-AS1",0.542600937665035,0.458796574031724,0.013,0.01,1
"SCMH1",0.542708803678543,-0.140870671152451,0.111,0.112,1
"RFX3-DT",0.542958293201961,0.194734641562113,0.033,0.03,1
"ENSG00000289471",0.543004941854831,0.307001371165541,0.011,0.008,1
"SHPK",0.543117824590546,0.188860257428018,0.018,0.014,1
"LRR1",0.543155101868372,0.106989422907009,0.081,0.069,1
"ENSG00000233850",0.543528665620736,0.178236815430023,0.019,0.015,1
"CYP2U1",0.543646483195107,0.16679261650004,0.034,0.027,1
"SH3BP5",0.544298016542259,0.214547411338962,0.032,0.029,1
"POLK",0.544361485482741,-0.127332058287257,0.127,0.124,1
"ALG12",0.544685011079157,-0.272820554571432,0.067,0.071,1
"RAP2A",0.54512527345678,0.103553960682761,0.137,0.118,1
"H2AC19",0.545473420054725,0.368886566287463,0.019,0.015,1
"MSANTD7",0.546145178117966,-0.245927654607947,0.043,0.045,1
"ERMP1",0.546625265005093,0.18564737283455,0.053,0.043,1
"ENSG00000261512",0.547201220661424,-0.4106516538875,0.01,0.013,1
"ENSG00000266677",0.547348187894707,0.301483392981159,0.018,0.013,1
"RMDN3",0.547455039065735,0.193192427302045,0.089,0.073,1
"ELOVL4",0.547682479037975,-0.235595280509627,0.017,0.017,1
"PORCN",0.547767694943648,-0.150835244991101,0.049,0.048,1
"ZNF614",0.547819995794266,-0.137163411619179,0.052,0.053,1
"ZBED5",0.547888474603135,-0.121464346097978,0.149,0.148,1
"CANX",0.547912093502981,0.119070132267439,0.392,0.346,1
"SPDYE2B",0.547987260471659,-0.1739448049773,0.021,0.023,1
"MKRN3",0.548000917278517,-0.547576000144592,0.008,0.011,1
"CDK16",0.548042110806111,-0.137353369735525,0.158,0.157,1
"FCSK",0.548049796380575,0.147279117572835,0.014,0.01,1
"ENSG00000291299",0.548353865879628,-0.164131830612845,0.028,0.025,1
"C8orf44",0.548360825650588,-0.180821401799901,0.057,0.056,1
"ENSG00000275964",0.548442795727251,0.122098096499711,0.014,0.011,1
"DBF4B",0.548994381932228,-0.41842213284726,0.012,0.014,1
"NIBAN1",0.549104760891886,0.267183916622228,0.049,0.041,1
"ZNF485",0.549129683012751,-0.192892085224773,0.011,0.011,1
"RGL1",0.549254627522615,0.343991394614791,0.013,0.01,1
"ITIH4",0.549304249894996,0.353004596678431,0.011,0.007,1
"CAMSAP1-DT",0.551538235454728,0.202466513964166,0.016,0.012,1
"GRK4",0.552192488086515,0.415868058838183,0.022,0.016,1
"SLC35B3",0.552692082626019,-0.157771951836687,0.075,0.075,1
"TTPAL",0.552753660638602,0.216128678356426,0.06,0.048,1
"LZTS3",0.552821908117561,0.143123929214358,0.102,0.087,1
"ZNF726",0.552915936205479,-0.109419741103507,0.016,0.017,1
"ENSG00000289093",0.553035200012026,-0.284060701594603,0.028,0.031,1
"ENSG00000291143",0.553138931763237,-0.201117762935693,0.144,0.137,1
"ATF6",0.553382785879495,0.126715626691068,0.211,0.181,1
"ENSG00000254907",0.553685256471643,0.435436514118772,0.025,0.018,1
"PABIR2",0.553701834788994,0.100521406561101,0.083,0.074,1
"TRAV27",0.553948197167494,0.2318297034358,0.034,0.028,1
"ZNF709",0.554078952363444,0.103335742938199,0.064,0.056,1
"RRAS2",0.554420422917996,0.131765380941532,0.197,0.171,1
"RBM41",0.554691118993538,-0.158301308986027,0.108,0.104,1
"SLC1A5",0.555110140007538,0.160478654017143,0.034,0.029,1
"ENSG00000258891",0.55536701336878,0.307588028110328,0.019,0.014,1
"TCTN2",0.555541283010871,0.207750593955075,0.017,0.016,1
"GALNS",0.555825349361158,0.110588456617241,0.02,0.015,1
"PPP6R2",0.555850852416626,0.10325149367028,0.239,0.21,1
"ENSG00000289707",0.556217310687056,-0.226579790183584,0.015,0.018,1
"CYP2R1",0.556463624439331,0.149180235059204,0.093,0.077,1
"ACER3",0.55721722554173,0.168147606838714,0.056,0.045,1
"ELMOD3",0.557454816057309,0.188817625528984,0.077,0.065,1
"NOPCHAP1",0.557511679290166,-0.112623179364513,0.091,0.091,1
"PPP1R16A",0.557716182114541,-0.177158743336825,0.019,0.02,1
"ENSG00000275202",0.558036828575054,-0.196205640142558,0.016,0.016,1
"PIGQ",0.558254527296148,-0.298225768378445,0.041,0.042,1
"SNAP29",0.558368668615,0.122601009478386,0.144,0.126,1
"FUT4",0.558392880601104,0.25502565085581,0.027,0.021,1
"TRAV24",0.559314082996725,-0.100909672128051,0.016,0.014,1
"NIT1",0.559340642027413,0.126720387885116,0.106,0.091,1
"FAM32A",0.559687340316937,-0.101515026417488,0.381,0.374,1
"UBA6-DT",0.56004682833024,0.159236385582832,0.04,0.033,1
"LIPA",0.560156073891959,0.106350208999212,0.08,0.067,1
"CHAF1A",0.56079970837265,0.392349132708687,0.023,0.018,1
"ANXA2R-OT1",0.560934035318481,0.204160279057602,0.056,0.048,1
"ZFYVE19",0.561027496573232,-0.123118581841423,0.042,0.044,1
"VPS13B-DT",0.561625967206577,-0.169915089675055,0.022,0.022,1
"ENSG00000254682",0.561838170571025,0.122703269309579,0.051,0.044,1
"METTL8",0.561854300152266,-0.113560936833192,0.043,0.043,1
"MAPKAPK5-AS1",0.562271022868664,-0.118489460142657,0.205,0.205,1
"ENSG00000258982",0.562363796987509,0.247803758742469,0.011,0.008,1
"SLC39A4",0.562726949377731,0.271968022279665,0.02,0.016,1
"MTCP1",0.563094842035422,-0.106564102228867,0.092,0.088,1
"ANKRD17",0.563331760557265,0.136237669179763,0.42,0.37,1
"ENSG00000289826",0.563845826731006,0.27623607833888,0.018,0.013,1
"ZNF567-DT",0.56404731315144,-0.245735242821596,0.024,0.024,1
"TCEA3",0.564054338797543,-0.196993389057826,0.017,0.019,1
"KMT5B",0.564554724768393,-0.103703527494301,0.222,0.22,1
"SETDB2",0.565612929817148,0.160228308367421,0.072,0.058,1
"LINC02325",0.566177272948395,0.194346513164401,0.04,0.032,1
"BCS1L",0.566312664680028,-0.176620589521197,0.031,0.031,1
"ZNF518A",0.566394607066952,0.115762430202396,0.092,0.077,1
"TRIM3",0.566569460205859,0.175944773875695,0.023,0.02,1
"CMTR2",0.566957861963687,0.146555023618201,0.093,0.078,1
"RNLS",0.566997588392901,0.179248398760339,0.01,0.01,1
"CHRM5",0.567517702609501,-0.197506224041218,0.013,0.012,1
"OXT",0.567775383875912,0.169373417746566,0.025,0.021,1
"DGKH",0.56822913373852,-0.103224901636988,0.014,0.014,1
"CATSPER2P1",0.568445899997811,0.579543372934145,0.013,0.009,1
"GPSM2",0.568812457855734,-0.143772990013372,0.015,0.016,1
"ENSG00000251034",0.569105882550964,0.191448018186072,0.062,0.05,1
"L3MBTL1",0.569914629735109,0.313709355812686,0.019,0.013,1
"ACP2",0.570322645710255,0.161336609160652,0.033,0.026,1
"MAN1B1-DT",0.570748517286487,-0.169473514023517,0.013,0.015,1
"KIAA1586",0.570788464496657,-0.137638870209226,0.089,0.089,1
"TRBV29-1",0.570834631684146,-0.161221852085045,0.025,0.029,1
"ZEB1-AS1",0.571077610745403,-0.179953688284087,0.025,0.026,1
"TAF1C",0.571339244037443,-0.160423451998979,0.093,0.093,1
"HS1BP3",0.571639091688735,0.216448248921933,0.023,0.018,1
"MRRF",0.571946993074327,0.139772049651319,0.121,0.1,1
"ZNF615",0.572125889970579,0.202580897132305,0.051,0.041,1
"ZNF628",0.572436615369417,0.182833698763122,0.036,0.03,1
"DEPDC5",0.572460084821929,0.235304031719122,0.045,0.037,1
"UQCC3",0.572607419672906,0.153052600945225,0.068,0.058,1
"MIR302CHG",0.57260937363008,-0.270534434146091,0.012,0.012,1
"ENSG00000276900",0.57306113941925,0.140454136726619,0.013,0.01,1
"DCLRE1C",0.573062001963808,0.193762685863417,0.079,0.064,1
"ZNF852",0.573424872266059,0.10411286735128,0.09,0.078,1
"ENSG00000291047",0.573639766016472,0.135977164251121,0.039,0.032,1
"C10orf143",0.573773150743535,0.342950665112957,0.03,0.023,1
"MIR17HG",0.574147835024958,0.234863335037127,0.025,0.019,1
"PCGF1",0.574432270120853,-0.219324717203934,0.056,0.059,1
"TULP4",0.57458832106052,0.104621785722778,0.131,0.113,1
"ATXN7L3",0.574874477535131,0.19671323449134,0.064,0.052,1
"OGG1",0.575127989458719,0.338554060415693,0.014,0.01,1
"ZNF571",0.575667008306368,-0.223892769547142,0.034,0.033,1
"FOXK1",0.575949321878037,0.116571352651445,0.273,0.242,1
"ENTPD3-AS1",0.576037114805457,0.118831879976081,0.023,0.019,1
"ENSG00000230074",0.576633987213579,0.182438353438561,0.014,0.012,1
"LINC01409",0.576653291917903,0.22871437972188,0.036,0.029,1
"PLAGL1",0.57750861452321,0.278761406971405,0.019,0.014,1
"HOTAIRM1",0.577523558864234,0.345002201713104,0.012,0.009,1
"FBXL19",0.578669624001445,-0.156790768112604,0.01,0.011,1
"RNF185",0.578880133133148,0.191334089976794,0.068,0.059,1
"ORC3",0.579334882451553,0.143739541741667,0.079,0.069,1
"SRGAP2",0.579710492855286,0.329259552484732,0.023,0.019,1
"ENSG00000275441",0.579907637314175,-0.30551457608437,0.025,0.029,1
"ENSG00000240553",0.579962698566997,0.192351272435928,0.02,0.017,1
"COX10-DT",0.580528542620034,0.233169194561167,0.029,0.023,1
"NPLOC4",0.58129762828229,0.125267381318922,0.149,0.128,1
"NCR3",0.58174926504435,0.276878433760939,0.021,0.017,1
"ZNF823",0.581805437297573,0.29439354043136,0.035,0.028,1
"CSTF3",0.58181379480451,-0.166764232882271,0.059,0.06,1
"IDE",0.581846442659778,0.234778560040449,0.044,0.037,1
"KNOP1",0.582333787639886,-0.156025860653372,0.051,0.052,1
"CPPED1",0.582393234823909,0.276282444744437,0.015,0.012,1
"CFAP68",0.582461104027038,0.111969455041717,0.139,0.118,1
"ANKRD42",0.582778312402471,0.164527836211278,0.041,0.033,1
"ABHD3",0.582997818655502,0.115453192319152,0.148,0.13,1
"NDUFS4",0.583072106989509,0.127082848881451,0.185,0.161,1
"ZNF398",0.583419298878221,0.118018215899766,0.087,0.073,1
"CEP152",0.583609054833159,0.199626390531576,0.032,0.028,1
"ZNF579",0.583674944895094,0.117157318872395,0.069,0.057,1
"FBH1",0.583796394929812,-0.114435283323981,0.122,0.118,1
"ABCA1",0.585049299107473,-0.198495633304405,0.044,0.046,1
"EXOSC1",0.585369141070418,0.105748474118831,0.23,0.2,1
"PTPA",0.58537110532135,0.13839043245516,0.073,0.063,1
"OTUD1",0.58573396149726,0.14743392232727,0.068,0.057,1
"IFT27",0.586005745272494,-0.176385305908465,0.042,0.042,1
"PDP2",0.586105602844615,0.28564495844348,0.016,0.012,1
"LGALS9",0.586131200290534,0.204834312308016,0.034,0.028,1
"EXOSC9",0.586305506367408,0.109920712651955,0.13,0.114,1
"DGAT1",0.586343865440074,-0.187003185563021,0.105,0.107,1
"RTL8A",0.586467280695462,-0.123814860757244,0.096,0.095,1
"CIPC",0.587025221643476,0.169484838260811,0.035,0.028,1
"UBE3B",0.587339122324496,-0.140466639532944,0.065,0.064,1
"PAX8",0.587416928865604,0.221286738426297,0.012,0.009,1
"SGCB",0.587486532773748,-0.287931497517899,0.015,0.016,1
"SH3BP5L",0.587832047720245,-0.117983510888532,0.056,0.056,1
"HYPK",0.588136616034248,0.17374518134772,0.084,0.072,1
"ENSG00000272831",0.588170458372053,-0.352110537139126,0.025,0.027,1
"SLX4IP",0.588209322441558,-0.175700458163152,0.038,0.036,1
"TRIM37",0.588796420992585,0.106765311331387,0.1,0.085,1
"USP28",0.589663275412224,-0.223194878378393,0.028,0.029,1
"OSGEPL1",0.590500224459155,0.11150722333252,0.027,0.022,1
"MTFR1L",0.591271218347454,-0.171110231651386,0.049,0.05,1
"ENSG00000278376",0.591370364345456,-0.212659592849555,0.02,0.022,1
"GNPNAT1",0.591665369915421,0.197964148425811,0.078,0.064,1
"DGLUCY",0.591821487319399,0.212225016996947,0.052,0.044,1
"NBEA",0.592467947632304,-0.240464857275886,0.032,0.034,1
"PDK1-AS1",0.592505373344093,-0.152510801400227,0.049,0.05,1
"MBTPS2",0.592859943675806,-0.353062144691588,0.021,0.023,1
"CMC4",0.59292844721755,0.25902656851925,0.012,0.009,1
"ARID3A",0.59315862111613,0.17833189878116,0.066,0.055,1
"PLXNA3",0.593730813239916,-0.196312230220554,0.016,0.017,1
"NUDT7",0.593835866438738,0.155116581415378,0.014,0.01,1
"CDK12",0.593965870128237,0.101044027740758,0.25,0.216,1
"ELK1",0.594454009551284,0.142353247180492,0.086,0.072,1
"CPT1A",0.594458065724723,-0.112571126087376,0.03,0.028,1
"ENSG00000253653",0.594569294800071,0.205896665118033,0.021,0.017,1
"ENSG00000242282",0.59493157923661,0.564821240053239,0.01,0.006,1
"TKFC",0.59522724445752,0.406977505749134,0.019,0.013,1
"DHTKD1",0.595271267786512,0.264984237781671,0.026,0.021,1
"ACY1",0.595301924146428,0.290640496844729,0.015,0.011,1
"NR1H3",0.595365713430986,0.207675010895555,0.013,0.01,1
"ENSG00000286458",0.595610081074205,0.325472347344052,0.036,0.028,1
"CKB",0.595880162221969,0.225115681597122,0.022,0.018,1
"NSUN5P2",0.595997392374257,0.130669400704034,0.037,0.03,1
"NUP62CL",0.59675012881519,0.213682729542032,0.015,0.012,1
"MANBA",0.597305807723658,-0.159471736709389,0.104,0.104,1
"ZNF213",0.597328068482734,0.243338633900482,0.024,0.018,1
"SPAG5-AS1",0.597437543678005,0.23020047474663,0.022,0.017,1
"ATN1",0.597885714693368,-0.180592552229332,0.037,0.038,1
"ZNF84",0.597958665412763,-0.137802003833615,0.118,0.117,1
"CNTN5",0.598163636756876,-0.227492874706252,0.012,0.012,1
"WDR3",0.598313581484608,-0.145339615986657,0.06,0.057,1
"NDRG2",0.598340419822358,0.260697344079431,0.022,0.018,1
"ALG11",0.598611178960544,-0.167936617864182,0.097,0.098,1
"RTN4IP1",0.598637628330237,0.373286112271251,0.016,0.012,1
"NAPB",0.598966675169698,0.183024481051981,0.047,0.039,1
"ITSN1",0.599406934948913,0.106217263752409,0.013,0.011,1
"CENATAC-DT",0.599420553009102,0.313729958180764,0.012,0.009,1
"VPS41",0.599691126545052,0.157695392530294,0.114,0.096,1
"EIF2AK3",0.599824431094552,0.139143131689536,0.096,0.079,1
"ENSG00000289399",0.600493302720995,0.238321312788786,0.012,0.009,1
"LINC02241",0.600790569534492,-0.268220754848116,0.009,0.01,1
"C15orf40",0.601181762992471,-0.121596206231858,0.155,0.153,1
"LRRC8C-DT",0.601502020086305,0.246974635640369,0.061,0.05,1
"SH3PXD2A",0.601742807686929,0.280281898886624,0.042,0.033,1
"ENSG00000230010",0.602891677872596,-0.396501253033409,0.009,0.01,1
"PDE5A",0.603009405706501,-0.254296324972468,0.012,0.012,1
"ENSG00000251675",0.603119092283779,0.277213532026555,0.01,0.007,1
"CCDC117",0.603460104692616,-0.199645605025062,0.059,0.061,1
"MPZL1",0.603841672834154,-0.471700178850655,0.012,0.014,1
"SMKR1",0.604379561359765,-0.154037477167274,0.012,0.012,1
"KLRC3",0.604638924324489,-0.248786757230104,0.063,0.068,1
"NEURL4",0.605325443514872,0.126094517727291,0.022,0.018,1
"CDC27",0.605938845830788,0.107251530043968,0.194,0.174,1
"C5orf22",0.605982919344927,0.170815042215966,0.105,0.092,1
"ENSG00000290689",0.606286084805008,0.128386682528231,0.056,0.048,1
"ZNF519",0.606544609899078,0.18029366484633,0.027,0.024,1
"ARHGAP11B",0.606887983646396,0.340350374801615,0.015,0.012,1
"MSRB2",0.607186283222882,0.24803119108108,0.029,0.023,1
"C5orf63",0.60752270071291,0.223438632479183,0.022,0.018,1
"TAF4",0.607594047978166,0.192139597746717,0.045,0.036,1
"TMEM30A-DT",0.607949322829753,0.195620220496441,0.011,0.008,1
"ANKRD40",0.608408548561718,0.114235548293709,0.079,0.068,1
"CAPN15",0.608606417821286,0.208103127149323,0.051,0.044,1
"STARD5",0.608918538380272,-0.17429924997641,0.014,0.013,1
"MTA1",0.609145515218787,0.104742543804219,0.122,0.107,1
"ZFP28",0.609492026231162,0.14022203505723,0.014,0.011,1
"ALG10B",0.609864468754654,0.56837307492296,0.013,0.01,1
"PXMP2",0.609918381314307,-0.198752655457406,0.03,0.032,1
"AK5",0.609971399376415,-0.458742869254404,0.025,0.027,1
"ENSG00000255847",0.610106914153392,0.201381014308865,0.01,0.007,1
"ENSG00000260257",0.61022501298463,0.277435410580003,0.012,0.009,1
"ACBD4",0.610298116380143,0.121395526708898,0.023,0.02,1
"C10orf95-AS1",0.610385711797647,-0.116800449760643,0.026,0.026,1
"H4C5",0.610421556769436,0.174826507711816,0.016,0.012,1
"EFHC2",0.610616049848343,-0.31856206332057,0.012,0.013,1
"ZNF814",0.610946851649009,-0.141303810313584,0.086,0.082,1
"SERPINB8",0.61114359035812,0.169553305082315,0.06,0.049,1
"WSB2",0.611205840895723,-0.121955383293173,0.044,0.044,1
"HEATR5A",0.611358972476701,-0.219028435357202,0.028,0.031,1
"ASH2L",0.611425305723749,0.114283588963251,0.117,0.099,1
"SORT1",0.611693315784112,0.241301047614932,0.016,0.013,1
"ENSG00000289405",0.611971662491212,0.321582291308692,0.028,0.021,1
"RRAS",0.612101347631562,-0.206583613507725,0.035,0.037,1
"ENSG00000284691",0.612123195224926,-0.134655753863692,0.095,0.093,1
"EPM2A-DT",0.612278537331808,0.277097407300303,0.02,0.017,1
"DOLK",0.612743154927393,0.252084510106118,0.029,0.023,1
"RND1",0.613889026404119,0.286020460240048,0.011,0.01,1
"CGAS",0.613909872170413,0.345383731933869,0.025,0.02,1
"LBHD1",0.613980799246232,0.452735524018371,0.011,0.008,1
"ENSG00000265907",0.614058446577015,-0.309533559731851,0.009,0.01,1
"ITGA1",0.614070919358735,0.308271276376481,0.056,0.042,1
"GALNT10",0.61457716996334,0.127648742597295,0.171,0.15,1
"C2orf74-DT",0.614644686465285,-0.23076989080284,0.024,0.025,1
"FAM234B",0.614680897025478,-0.302315577297377,0.011,0.013,1
"EDEM2",0.614783651681191,0.138723355697115,0.074,0.063,1
"MIER3",0.614876467110236,0.102054471598798,0.062,0.053,1
"ADO",0.615227129604882,-0.158272074425192,0.071,0.071,1
"ZNF699",0.615347876878476,-0.135138792941885,0.062,0.059,1
"ZNF542P",0.61538701266663,-0.212579167879802,0.033,0.035,1
"PLD6",0.615423149502846,-0.210793014102773,0.012,0.012,1
"ENSG00000288879",0.615531646556562,0.188524091839742,0.013,0.01,1
"LINC00882",0.615686450771155,-0.428101747537858,0.01,0.011,1
"TPRKB",0.615742590384654,-0.108446514453796,0.208,0.202,1
"LMBRD2",0.615825769502642,0.118015858546407,0.051,0.042,1
"AMY2B",0.616351148105814,0.210381669034418,0.024,0.018,1
"ZBTB3",0.616966569096625,0.136488740438038,0.02,0.014,1
"TRBV10-3",0.617621037124971,0.209375466487402,0.017,0.014,1
"MPND",0.617944836006577,0.355112497753007,0.016,0.011,1
"PRRC1",0.618247803228685,0.134345603947819,0.117,0.101,1
"MYL11",0.618369170714892,0.181801626830029,0.015,0.012,1
"SH3BP2",0.618776686965207,0.133713095780164,0.014,0.01,1
"ANKRD27",0.618927171918567,-0.179062184720485,0.074,0.073,1
"ENSG00000279738",0.619430676653747,-0.221312915041707,0.01,0.01,1
"SLC25A17",0.619706168437542,0.126776343920111,0.087,0.074,1
"TRMT1L",0.61979042737275,-0.131667328747851,0.078,0.077,1
"CLIC4",0.62020274266211,-0.162568801775865,0.016,0.017,1
"ENSG00000259692",0.620777987878328,-0.367041638210813,0.018,0.02,1
"CDCA7L",0.620979712703343,-0.104984765871651,0.062,0.064,1
"DOLPP1",0.622051258840048,-0.211921478610492,0.019,0.021,1
"ENSG00000263756",0.622210816999314,0.282658084396769,0.015,0.012,1
"STARD7-AS1",0.623033008594669,-0.309090573342563,0.013,0.013,1
"TMED8",0.624234074860675,-0.142607844599849,0.056,0.055,1
"DIS3",0.624249190279772,0.125964899283079,0.173,0.149,1
"VARS2",0.624406601903734,0.250888680709948,0.015,0.012,1
"CCDC112",0.624437589176482,0.141035551689459,0.012,0.01,1
"SPINDOC",0.625180139032223,0.133491272569993,0.04,0.034,1
"EXD2",0.625365165337111,0.195977102777614,0.02,0.017,1
"PPP4R1",0.626417668029924,0.234628432693233,0.082,0.068,1
"ADCK2",0.626651044224266,0.10244243153655,0.075,0.067,1
"RHOC",0.627054533488887,0.202961163452303,0.013,0.012,1
"TYW5",0.627071973279883,0.104035738042216,0.056,0.046,1
"ENSG00000227704",0.627228299427449,0.492750497687,0.011,0.008,1
"AMACR",0.62763251389029,-0.131307395303597,0.019,0.017,1
"TRAV8-6",0.628164656936958,-0.232447157116605,0.032,0.029,1
"ZNF544",0.628656903288381,-0.125547204113285,0.045,0.043,1
"ENSG00000272106",0.629523315033024,-0.155024367820881,0.041,0.038,1
"ENSG00000266998",0.630663257779148,-0.174803287302355,0.023,0.025,1
"POGLUT3",0.631136442040942,-0.353892379240468,0.01,0.012,1
"RAB40B",0.632009758338343,0.372705161546681,0.011,0.008,1
"ENSG00000275457",0.632038684072634,-0.32167231885955,0.022,0.024,1
"FBLN5",0.632173303282438,-0.176132102731368,0.028,0.027,1
"SLF2",0.63304200052683,-0.102493897851472,0.076,0.077,1
"ENSG00000277969",0.633360825557619,-0.106041589951008,0.02,0.019,1
"ENSG00000289135",0.634100069795838,-0.311826587567328,0.021,0.022,1
"TRBJ2-3",0.634123192232724,0.191527667596334,0.015,0.012,1
"CAMTA2",0.63420388125576,-0.1291674245228,0.047,0.045,1
"TMEM161A",0.634337904750464,0.137288797326603,0.049,0.041,1
"KLHL15",0.634595087296488,-0.11422334305441,0.044,0.045,1
"METTL2B",0.634647804863282,0.107103054083382,0.092,0.082,1
"PLB1",0.634712012665885,-0.236300216710651,0.023,0.025,1
"MED18",0.635368636437303,0.20857731539907,0.047,0.039,1
"GLI4",0.635513724093711,0.232964628263614,0.04,0.032,1
"BLM",0.635549426557263,0.294727883295058,0.018,0.013,1
"ENSG00000289043",0.635591829195604,-0.223826551017292,0.02,0.022,1
"TRIM41",0.635837336471263,-0.103137321422722,0.039,0.036,1
"OSBPL5",0.635998064221757,0.131853537960664,0.014,0.013,1
"TRIM13",0.636374324523754,0.128090938018786,0.103,0.088,1
"MTF1",0.637124600863714,0.153883964438266,0.084,0.074,1
"NQO2",0.637431632312365,0.11978654699383,0.08,0.068,1
"CENPJ",0.637955711612269,-0.125574576648187,0.022,0.021,1
"POLA2",0.638118908633416,-0.297439227323093,0.041,0.043,1
"ATP6V0D1-DT",0.638124820879006,0.263330684149999,0.019,0.015,1
"ENG",0.63924666879184,0.223373340746228,0.012,0.009,1
"SFMBT1",0.639279139716412,0.204175761954921,0.068,0.058,1
"LACC1",0.639493462896576,-0.33421149071094,0.012,0.013,1
"HOMER2",0.639829670354519,0.265534591283685,0.014,0.012,1
"ZNF319",0.63985581243242,0.207950316079604,0.028,0.022,1
"DNAJC24",0.639933319765305,-0.173120467832316,0.079,0.077,1
"SPCS3-AS1",0.640259574633718,0.162075174477333,0.023,0.018,1
"LYSMD1",0.640282279856813,0.342999876728912,0.011,0.008,1
"PLCXD1",0.640736753121029,0.203835365196655,0.012,0.01,1
"CENPO",0.640764564298193,0.273376732541118,0.012,0.01,1
"H2BC11",0.640818617531891,-0.23015286970965,0.011,0.012,1
"NAIF1",0.640871725957706,-0.129171975724793,0.02,0.02,1
"MAD2L1",0.641063213226756,-0.173040366972917,0.031,0.032,1
"SLC4A2",0.641559170590346,-0.239447936604408,0.039,0.04,1
"NEK8",0.642996440663849,-0.276316708008473,0.014,0.016,1
"BCDIN3D",0.643285559620401,-0.151209928750853,0.07,0.069,1
"NREP",0.643315979313325,-0.130252994849697,0.052,0.054,1
"FAM8A1",0.643566026364056,0.109568574967446,0.069,0.059,1
"CHEK1",0.643759487987352,0.375064700375722,0.016,0.013,1
"ATP6AP1-DT",0.643977084636593,0.46845391596325,0.01,0.007,1
"TEPSIN",0.644300984254839,0.12747439911646,0.085,0.074,1
"PDPK1",0.64438303646793,-0.15068041293103,0.097,0.095,1
"ZNF443",0.644819685086992,-0.650858371356923,0.008,0.01,1
"ENSG00000282917",0.644836071428154,0.374017181053419,0.019,0.014,1
"ZNF273",0.645339600712642,0.103103593941333,0.058,0.049,1
"HINFP",0.645396661501465,0.131511333856265,0.092,0.079,1
"CD58",0.645999141377284,0.18447044034619,0.085,0.071,1
"TRAV25",0.646130295399758,0.340701507492421,0.017,0.014,1
"FRMD4A",0.647250309787505,-0.425476000692604,0.018,0.02,1
"CARS2",0.647257807972755,0.10888122360968,0.097,0.083,1
"MYRIP",0.647460525184829,-0.276155597942412,0.009,0.011,1
"ANKRD36BP2",0.648281674126659,-0.183948066220796,0.015,0.017,1
"NUP133",0.64828369348298,0.104416953604766,0.167,0.144,1
"TMEM120B",0.648583633907222,0.128343118804828,0.087,0.077,1
"KCTD21-AS1",0.649514443830669,-0.358514083012978,0.011,0.012,1
"ENSG00000291210",0.650263915493886,-0.242534309197397,0.011,0.012,1
"SV2A",0.650746818842562,-0.346176132324334,0.011,0.012,1
"MECR",0.650759030182128,-0.180229831208658,0.015,0.014,1
"DCUN1D3",0.650861367994632,-0.219828265756665,0.012,0.012,1
"AP4M1",0.651021979017829,-0.213580558008189,0.073,0.073,1
"ZDHHC21",0.651075735517369,0.282172251297047,0.015,0.014,1
"PDXP",0.651788520757055,-0.160310207455259,0.063,0.064,1
"GJB6",0.651971837393289,0.36061598813958,0.01,0.006,1
"RNF141",0.652787337368417,-0.113420008351933,0.067,0.065,1
"SCRN1",0.653279606525402,-0.229587505967431,0.013,0.014,1
"LINC03072",0.653367663191916,0.194943283900194,0.016,0.012,1
"NUMBL",0.653570341446882,0.442167365879586,0.012,0.009,1
"PIAS3",0.653766922747178,-0.349376694729251,0.032,0.034,1
"SH2B1",0.653816625008264,-0.126678840121913,0.08,0.083,1
"ENSG00000290032",0.653982079128913,-0.261660301338335,0.01,0.012,1
"GYS1",0.654346858234388,0.291840900610081,0.025,0.019,1
"RUNDC1",0.65439085908592,0.1331693152107,0.057,0.049,1
"TRBV24-1",0.654598889938382,-0.33900006861067,0.029,0.03,1
"B4GAT1",0.654606072621397,0.13290053570748,0.018,0.014,1
"CYB561",0.655243513572531,0.124340296038944,0.013,0.01,1
"SNHG10",0.655271482197599,-0.18458417804024,0.08,0.082,1
"SIRT5",0.656148713243625,-0.380651622755369,0.024,0.025,1
"TAF1B",0.65617217699901,0.127552520325185,0.126,0.111,1
"DNAAF4",0.656340900445491,0.107754105991379,0.035,0.027,1
"ZSCAN29",0.656615576150301,-0.177027693734192,0.02,0.02,1
"AP4S1",0.656664854729815,0.176890260849558,0.057,0.05,1
"PKIG",0.657162482108258,0.109494635844522,0.086,0.072,1
"TIMM23B",0.657350501285087,0.113487684138067,0.149,0.127,1
"SLC35C1",0.657418634749028,0.137096301117333,0.035,0.029,1
"CEP104",0.657908048796355,0.14523092066029,0.124,0.107,1
"CD2AP-DT",0.658199026397802,0.124697390620472,0.011,0.008,1
"MGAT1",0.658313648711631,-0.136094092153329,0.185,0.181,1
"STPG4",0.658599486875231,0.148936391550675,0.012,0.012,1
"ENSG00000259118",0.6586522008609,-0.149497093384869,0.009,0.01,1
"C1orf216",0.659193352200369,0.454903896202855,0.011,0.008,1
"GALNT4",0.659263054337584,0.165829835795776,0.011,0.008,1
"GINS3",0.660257682808999,0.302503762770617,0.012,0.01,1
"ATP11A",0.660263870913241,-0.16954197666546,0.027,0.025,1
"ENSG00000260570",0.661169170140671,-0.164626927963529,0.013,0.014,1
"ZDHHC13",0.66177516550182,0.10830173226984,0.066,0.056,1
"MAP3K12",0.662776711984922,0.328666547917384,0.021,0.017,1
"ADGRA3",0.662876808040732,0.156900370874753,0.01,0.007,1
"MORN1",0.663146591725817,-0.498447817871474,0.011,0.011,1
"ENSG00000288817",0.663563484969397,-0.305033598137078,0.011,0.012,1
"GK5",0.663595219714998,0.29391488557556,0.031,0.026,1
"MIR3936HG",0.66368348439695,0.187757176815317,0.017,0.014,1
"CIB2",0.664158462304269,-0.328043549995124,0.012,0.014,1
"IRF3",0.66428253992263,-0.195587985494414,0.142,0.143,1
"ZDHHC23",0.664888164838811,0.48077782430767,0.01,0.007,1
"ENSG00000287965",0.665903474784397,-0.185389234635376,0.014,0.014,1
"THAP2",0.666108214649455,-0.203757440588812,0.041,0.042,1
"SCRIB",0.66637598900029,0.106126016684766,0.022,0.02,1
"EIF3CL",0.666533360788759,-0.100929435066028,0.016,0.016,1
"ARL5B",0.66667180340438,-0.101561461308315,0.073,0.069,1
"ZNF490",0.666919217440681,0.195542445965849,0.067,0.055,1
"ZNF524",0.667078187606669,-0.201508188314169,0.073,0.076,1
"CD27-AS1",0.667103731101363,-0.210359272601809,0.015,0.015,1
"TIGD2",0.667672634985846,0.282595144264798,0.015,0.012,1
"TUBE1",0.667954047743375,0.105204603480597,0.089,0.077,1
"WASHC2A",0.668403324183562,0.113077176731788,0.128,0.11,1
"TRBV23-1",0.668503262739403,-0.345099575529516,0.009,0.012,1
"PPFIBP1",0.668596553664938,0.228043307992898,0.013,0.01,1
"PGPEP1",0.668974617912398,0.135860694992897,0.031,0.025,1
"LDAH",0.669084416851293,0.106780993769885,0.052,0.043,1
"ENSG00000233223",0.669652277818416,-0.149403971346687,0.051,0.049,1
"ZNF839",0.669801663055662,-0.175137924325481,0.022,0.023,1
"WASL-DT",0.669855147335195,0.264773744169934,0.013,0.01,1
"ANGPTL6",0.670344987548768,0.145810224162219,0.012,0.01,1
"DNM3",0.670410246553331,0.102390943437003,0.013,0.012,1
"ENSG00000254263",0.670813571543174,-0.296898587506163,0.012,0.013,1
"BCL2L1-AS1",0.670995985716026,-0.222803006488465,0.011,0.011,1
"LIX1L-AS1",0.67128601380131,0.137790160050106,0.03,0.028,1
"TMEM79",0.671339606119879,-0.264895718700623,0.025,0.026,1
"TASL",0.671423407209324,-0.21769141576755,0.019,0.02,1
"ENSG00000289393",0.671805510047409,0.222085725334466,0.017,0.014,1
"ENSG00000289007",0.671999293823431,0.227330272199008,0.01,0.008,1
"KIF9",0.67219336805261,0.121165041427661,0.061,0.051,1
"MAGI3",0.672594147764257,0.146200008238546,0.048,0.039,1
"PPIL6",0.672813025785284,0.198524373434954,0.021,0.016,1
"RLN2",0.673186397781699,-0.185444319677478,0.013,0.014,1
"CCDC142",0.674407625866642,0.103993408015492,0.065,0.055,1
"WDR53",0.675688446835364,-0.115903926290475,0.045,0.044,1
"ZNF793",0.675940254661576,0.260448212645966,0.012,0.009,1
"KANTR",0.677011880244219,-0.131006694388153,0.047,0.048,1
"AK9",0.677188565901874,-0.118242713315363,0.054,0.053,1
"LRRC27",0.677390929837124,0.372010904919166,0.012,0.009,1
"ALKBH8",0.677488426295088,0.143233895215431,0.054,0.046,1
"SLC7A1",0.677525249198413,0.156021744080753,0.101,0.085,1
"APAF1",0.677583448427484,0.171353186843324,0.029,0.023,1
"ENSG00000284968",0.677748862720957,-0.420190627100493,0.01,0.011,1
"EEF2KMT",0.678042076207931,-0.206134333438428,0.032,0.032,1
"SUV39H2",0.678251838474109,-0.321391056827008,0.02,0.022,1
"GALK1",0.678336719160398,-0.313946785139335,0.008,0.01,1
"HLTF",0.678633856398571,0.108996607334578,0.073,0.063,1
"ZFTA",0.678890828551939,-0.259769319375493,0.01,0.011,1
"ASPH",0.679013529187556,0.12398410020474,0.014,0.012,1
"CCDC9",0.679450505483557,0.104345532758439,0.085,0.077,1
"CHKB-DT",0.679451658171598,-0.2030705814027,0.013,0.014,1
"LRRC75A",0.67945694427557,0.201911508655799,0.011,0.01,1
"ZCWPW1",0.679724091205454,-0.258364489976373,0.019,0.021,1
"SPATA6L",0.679913004690747,0.209754629587252,0.011,0.01,1
"DNMBP-AS1",0.680128155053886,0.348263380505048,0.01,0.007,1
"ILVBL",0.68015371123265,-0.12072825239597,0.065,0.063,1
"SYNGAP1",0.680883690593317,-0.123739654362912,0.107,0.104,1
"MYEF2",0.682178653167782,0.162540422068796,0.035,0.03,1
"AGFG2",0.683556270172773,0.220725961878806,0.015,0.012,1
"ENSG00000257386",0.683815323410193,0.344453980205435,0.012,0.009,1
"NUDT16",0.684401763206404,0.463307400562688,0.012,0.009,1
"CASP4LP",0.684421889348273,0.278909882144748,0.011,0.009,1
"WHRN",0.684589857393037,0.164944217776192,0.042,0.036,1
"SREBF2-AS1",0.685293178012229,-0.142208570251965,0.014,0.016,1
"ENSG00000274425",0.685529355916011,0.189964436020688,0.019,0.018,1
"AMN",0.685568320844863,0.10300150618998,0.016,0.014,1
"APOOL",0.685937874477216,0.141539578970293,0.055,0.044,1
"CFAP119",0.686211980248983,0.181856224578405,0.013,0.01,1
"KRI1",0.687034698399861,-0.135790426439812,0.142,0.14,1
"MYO19",0.687201465139555,0.131549100562256,0.048,0.04,1
"ARL10",0.68781895716463,0.110412097369482,0.037,0.034,1
"RAD17",0.688124897331837,0.147679250369884,0.086,0.072,1
"EEF2K",0.68839327237488,0.133007925202089,0.045,0.038,1
"ENSG00000286803",0.688639145666896,0.228824204037275,0.02,0.017,1
"ENSG00000176593",0.688873908177364,-0.21825599156398,0.023,0.025,1
"ENSG00000247134",0.68897338497554,0.183114666229093,0.033,0.027,1
"ZNF575",0.689220553245958,0.174733894980822,0.013,0.011,1
"NAP1L5",0.689809227609904,0.194345165863673,0.027,0.022,1
"SLK",0.690817722328983,0.131329349148981,0.269,0.23,1
"ZNF620",0.691744942627825,0.228473457597099,0.014,0.011,1
"URB2",0.692195056918845,0.111954158840767,0.056,0.049,1
"POLA1",0.692277560854671,0.154417891565109,0.014,0.013,1
"ATP13A2",0.692335481514919,0.119987599734819,0.064,0.056,1
"MDN1",0.692551860417502,0.107121092422596,0.119,0.103,1
"FLYWCH1",0.692809349957636,-0.140972459701374,0.03,0.03,1
"ARMCX6",0.693651672911873,0.154567402591777,0.112,0.097,1
"FGGY",0.694416425993159,0.233265193296827,0.029,0.025,1
"TUBGCP5",0.6944364430108,0.212502214992832,0.052,0.044,1
"ENSG00000269604",0.694833297030093,0.266856722890692,0.014,0.01,1
"ENSG00000291101",0.695804009076986,-0.109747208403231,0.015,0.013,1
"ENSG00000219410",0.695815030428374,-0.209213399645555,0.036,0.038,1
"SESN1",0.696392464633972,-0.212428911876553,0.132,0.133,1
"FLJ40194",0.698989717324244,-0.114635040867644,0.01,0.011,1
"SMN1",0.699651005240618,0.333292136665407,0.027,0.022,1
"KIZ-AS1",0.699851958221636,0.316564138398,0.01,0.007,1
"SNX20",0.70064012898915,0.10711394323083,0.102,0.089,1
"ENSG00000287351",0.702449918191589,0.449855805285351,0.012,0.01,1
"ZNF347",0.7029633579289,0.170236831762561,0.016,0.012,1
"DPPA4",0.703921814274025,0.353185777471523,0.012,0.009,1
"NABP2",0.704306480925875,-0.128877671556784,0.044,0.043,1
"ZNF470",0.704318616818266,0.341389562796508,0.015,0.012,1
"DOK6",0.704364261903635,-0.114808476621765,0.01,0.011,1
"LACTB2",0.705062051791845,0.108415024856531,0.051,0.043,1
"DMXL2",0.705166911473393,0.407032346178177,0.012,0.009,1
"MYLK4",0.705471024496697,-0.361798200818794,0.011,0.012,1
"ZMIZ2",0.706027956504781,0.117214983981833,0.081,0.071,1
"LINC02987",0.706267595680502,0.156010656195606,0.028,0.024,1
"ENSG00000242880",0.70628423071066,0.152988295641963,0.022,0.019,1
"FAM86B3P",0.706431433541146,-0.228425152369497,0.009,0.01,1
"NOTCH2NLB",0.706735465425774,-0.156300277806361,0.027,0.027,1
"ENSG00000240401",0.706892440934742,-0.236106727002511,0.014,0.013,1
"ENSG00000255321",0.70747335981193,0.292465706180051,0.01,0.007,1
"PGLS-DT",0.707998841478339,-0.220462786048138,0.019,0.02,1
"GPAT4-AS1",0.708072596930089,0.268374365573211,0.031,0.025,1
"RHOXF1",0.708146879151489,0.113967607263829,0.033,0.03,1
"ZNF799",0.708555062402638,0.266741604377451,0.018,0.014,1
"DYNLT2B",0.709426820304139,-0.158010093533844,0.045,0.045,1
"DDN-AS1",0.709560180117026,0.133637349606352,0.015,0.012,1
"CTPS2",0.709882345711245,0.341587651197993,0.014,0.01,1
"GFM2",0.709914143717278,-0.111363997535904,0.065,0.062,1
"SWAP70",0.710181143322342,0.104671997328933,0.045,0.04,1
"MIS12",0.711254167742705,-0.114255786191058,0.117,0.114,1
"CORO1C",0.711656018482291,0.213852557031243,0.025,0.02,1
"NIFK-AS1",0.712427283865351,-0.169696308973222,0.069,0.071,1
"GAL3ST4",0.712600292116664,-0.130167595841657,0.014,0.015,1
"RNASEH1-DT",0.712768145908356,0.256005982015763,0.039,0.032,1
"DPY19L3",0.712988138417673,-0.185867297146025,0.022,0.022,1
"OLMALINC",0.713191186294312,-0.289765867471409,0.013,0.015,1
"SMARCAD1",0.713678337127705,0.152475136950849,0.133,0.113,1
"RNF157",0.715551405835692,0.157216829069239,0.055,0.046,1
"IL18BP",0.716384150178626,0.281100344719153,0.024,0.018,1
"ENSG00000289723",0.71669482695246,-0.285916971868918,0.013,0.015,1
"KATNAL1",0.716915044486875,0.209072233052042,0.022,0.018,1
"ENSG00000288899",0.717319214023822,0.327971814174366,0.016,0.012,1
"TRAV13-1",0.717857123344166,-0.213210483660668,0.065,0.063,1
"PNPO",0.717864664079003,0.234709919534419,0.028,0.023,1
"PM20D2",0.717900546250149,0.161913767943855,0.038,0.033,1
"HDGFL2",0.718210905614454,-0.132619928324723,0.079,0.078,1
"ZDHHC9",0.720496678144316,0.13129479809332,0.02,0.016,1
"COPG2",0.720734371290948,0.203442765528069,0.034,0.028,1
"LINC03033",0.720768130455194,-0.184472172381569,0.019,0.019,1
"LINC00663",0.720968121679092,0.262138643090039,0.013,0.01,1
"PRKAR2B",0.721111386469089,0.152263929119688,0.023,0.02,1
"ENSG00000288075",0.721937826542448,-0.137730691622221,0.014,0.014,1
"ENSG00000286817",0.723455855968438,0.194636716515142,0.01,0.009,1
"AMIGO1",0.724774000864531,0.204703810908225,0.031,0.025,1
"ZMAT1",0.725168053522194,0.118996692261015,0.047,0.044,1
"TICAM2-AS1",0.725174887292977,0.309928533365102,0.028,0.022,1
"VPS53",0.725389287710257,0.119763880906235,0.131,0.112,1
"PRPSAP2",0.725549728876248,-0.10557592475648,0.123,0.121,1
"SWT1",0.726228814954068,-0.188662146531962,0.065,0.063,1
"FAM151B-DT",0.727615050312797,0.107110668548232,0.038,0.032,1
"PSTPIP2",0.728227166568973,0.433951985538133,0.01,0.007,1
"MRS2",0.728723396438854,0.144222762978807,0.076,0.064,1
"MAN2C1",0.72912779331073,0.162634632136066,0.085,0.073,1
"ENSG00000287697",0.729384158442959,0.128778661526975,0.041,0.034,1
"VAMP2",0.729687006478286,-0.106042848760044,0.524,0.517,1
"BOD1",0.729727680391642,-0.107669773641928,0.173,0.166,1
"SERPINB9",0.729748912593582,0.14667541540421,0.349,0.311,1
"MRPS9",0.730288489709078,0.110477234526759,0.114,0.101,1
"CAPN10-DT",0.730518221870908,0.100519524386542,0.017,0.014,1
"PPARGC1B",0.730715795708381,0.332271026385021,0.014,0.011,1
"RNF139-DT",0.731171228443487,-0.18522877142759,0.012,0.013,1
"TRIM62",0.731923595719513,-0.146362794667774,0.031,0.03,1
"DLGAP1-AS1",0.732857664389824,-0.199746592388625,0.046,0.048,1
"BRCA1",0.732928230776103,0.305274184556001,0.011,0.009,1
"ENSG00000279529",0.733536142108854,-0.106199982297595,0.022,0.022,1
"ENSG00000257496",0.733693046207351,0.3322091150205,0.016,0.012,1
"DUSP7",0.734129401061754,0.28693870966248,0.011,0.009,1
"ACP6",0.734180250395952,-0.261441182301018,0.017,0.018,1
"WDR45B",0.734381004308621,0.118298720693408,0.122,0.106,1
"ZNF322",0.734830813318034,0.151162810967841,0.043,0.037,1
"CERKL",0.734831276262931,-0.210079778489153,0.012,0.012,1
"KLHL25",0.735329728399688,0.281993404333392,0.013,0.01,1
"GDPD5",0.735362266165677,0.28106033113508,0.01,0.008,1
"TAB2",0.735641138950983,0.109779334004141,0.552,0.497,1
"FAM110A",0.73778243570362,-0.136393396557356,0.123,0.119,1
"ARMC2",0.738292897268177,-0.129310420743514,0.042,0.041,1
"ABCA2",0.738781837172525,0.160970999915111,0.019,0.016,1
"LINC00938",0.738885193212254,-0.179055921969265,0.055,0.056,1
"PSPH",0.739618214711252,-0.135683537519507,0.015,0.016,1
"ZNF879",0.739635625965488,-0.242737454761681,0.021,0.022,1
"DSTYK",0.739640602957256,0.133458773043258,0.083,0.071,1
"FBXW8",0.739693627344345,0.205262783582392,0.035,0.029,1
"SLC20A1-DT",0.739841186724331,-0.226784340586626,0.021,0.023,1
"ZNF667",0.740058508780838,0.134390307724306,0.025,0.022,1
"MAST3",0.7401402223935,0.189425442881334,0.032,0.026,1
"TMEM86A",0.741372219561374,-0.293228353436437,0.012,0.014,1
"KIF21A",0.741506836331304,0.421680028946728,0.014,0.011,1
"COPRS",0.743304615076937,0.235260696939682,0.035,0.03,1
"DELE1",0.743312031677184,0.128755201915445,0.131,0.114,1
"ENSG00000283633",0.743794791179308,0.116179348275551,0.012,0.011,1
"NRM",0.744535926900178,-0.205551501957357,0.01,0.011,1
"MTOR",0.745025499030137,0.128583540903959,0.085,0.074,1
"ZSWIM9",0.746352313086426,0.10039906933129,0.022,0.018,1
"ENSG00000183562",0.746602471561099,-0.202237953372832,0.079,0.079,1
"SCD",0.746680831342366,0.383539348967177,0.011,0.008,1
"TMEM267",0.746868890964673,-0.160964368265169,0.083,0.082,1
"EDRF1-AS1",0.747634831249848,-0.351924443342444,0.01,0.011,1
"ENSG00000289055",0.748082073325503,-0.352091283275882,0.009,0.011,1
"ACVR1B",0.748673482598382,0.22591926312447,0.032,0.025,1
"ENSG00000287070",0.749187517761409,-0.358020189952751,0.014,0.017,1
"MYO18A",0.749276458370506,0.233287037225678,0.015,0.012,1
"FAN1",0.749295329945134,0.196107651644369,0.036,0.031,1
"WDR24",0.749441567282524,0.192003213811415,0.029,0.024,1
"VPS11-DT",0.749691738860251,-0.18273371593942,0.009,0.01,1
"ENSG00000289976",0.750309500663298,-0.226109346290248,0.021,0.023,1
"RCAN1",0.750755690273192,-0.178601413393517,0.027,0.027,1
"RBM11",0.750894576029876,-0.241270651554621,0.013,0.014,1
"SLC48A1",0.751970034772847,-0.234128213845893,0.014,0.015,1
"ZNF808",0.752266722571658,0.134392980487975,0.075,0.063,1
"WDR5",0.752458113042454,0.136869215889656,0.118,0.103,1
"SEPSECS-AS1",0.752702939668835,-0.153722039058066,0.011,0.012,1
"ENSG00000237356",0.755084825302619,0.410961501112214,0.017,0.013,1
"PECR",0.755301996545489,-0.121301765730337,0.02,0.02,1
"MCPH1-DT",0.756553733429914,-0.271700142076593,0.025,0.026,1
"PTPN9",0.756655802839326,0.124599006407935,0.056,0.047,1
"KPTN",0.756853643725203,0.408640734289079,0.011,0.008,1
"EOGT-DT",0.757136357232807,-0.144988737912418,0.031,0.031,1
"SPRYD7",0.758774688869478,0.240205417454963,0.01,0.008,1
"SLC38A5",0.759781668606663,-0.205351144012774,0.022,0.022,1
"STX18-AS1",0.760269380049073,0.153083522038656,0.011,0.009,1
"NAALADL2",0.761072172083817,0.207036539934995,0.018,0.013,1
"RPL34-DT",0.76115232942292,-0.119186631906236,0.024,0.024,1
"ZBTB14",0.761920484551279,0.102644148111113,0.045,0.04,1
"PAFAH2",0.762125666645882,0.180915098308577,0.027,0.024,1
"C2",0.762202726762411,-0.126553604951463,0.013,0.014,1
"PUS10",0.76253605379503,0.276416498531153,0.024,0.019,1
"ENSG00000270050",0.76266415379659,0.189317042076025,0.01,0.008,1
"RRAGD",0.762665511141349,0.134373263718935,0.036,0.03,1
"ENSG00000249492",0.763084869870996,0.253979468400766,0.033,0.026,1
"GCHFR",0.763136973858902,-0.156666498658947,0.101,0.102,1
"ZNF738",0.763503247614431,-0.10018598868964,0.036,0.036,1
"SLC35G1",0.7639779265054,0.282263866447326,0.017,0.014,1
"NAGLU",0.764063234862049,0.121747363315071,0.032,0.027,1
"MSRA",0.764350541696328,0.156528606388672,0.043,0.038,1
"C7orf25",0.765810303233671,0.125043385646008,0.032,0.026,1
"ENSG00000188897",0.765873161105338,0.312541277870872,0.015,0.011,1
"ZNF282",0.766109688381433,0.198217196774448,0.028,0.022,1
"ENSG00000237851",0.767141072807026,0.274317390053874,0.011,0.009,1
"CRACDL",0.767875239696788,0.200356041600998,0.017,0.014,1
"SHB",0.768178578541463,0.299797243453007,0.015,0.013,1
"NANP",0.768384844487405,-0.178686484527616,0.012,0.013,1
"MIR4458HG",0.769125406199328,-0.104339330257275,0.027,0.027,1
"SLC33A1",0.769496323343465,0.125081839586746,0.054,0.046,1
"ENSG00000233635",0.770330979064224,0.219346765564863,0.058,0.045,1
"LINC00886",0.770585037960667,-0.138324942516528,0.019,0.02,1
"H4C16",0.770856069814018,-0.191147027044805,0.025,0.026,1
"ENSG00000260927",0.770934459157823,0.286212769247292,0.019,0.015,1
"ZNF436",0.770954293807378,0.115525986189049,0.022,0.018,1
"PYGM",0.774058086112083,0.355758795861421,0.012,0.009,1
"TARBP2",0.774313830776831,-0.111059296350168,0.107,0.103,1
"ZNF707",0.77519765933178,0.22628955317421,0.044,0.036,1
"TBK1",0.775242294578996,0.223700722804213,0.02,0.017,1
"ZFYVE26",0.77690701065068,-0.112832374381849,0.058,0.057,1
"WNT10A",0.777664501921479,-0.162290111322984,0.015,0.016,1
"TRBJ2-1",0.778616420719712,-0.278544534884173,0.01,0.011,1
"ACVR2B",0.779311192639187,-0.231064023637987,0.014,0.015,1
"TRAF3IP2-AS1",0.779520290803599,-0.10261115005933,0.069,0.066,1
"FOCAD",0.779673482407584,0.108451482046636,0.061,0.056,1
"MACROH2A2",0.779959590890426,-0.23865010151103,0.014,0.014,1
"EHBP1L1",0.780236517566515,0.134579428945488,0.046,0.04,1
"OTULIN",0.781818273303286,0.141836348140075,0.264,0.227,1
"FAXDC2",0.781951385950776,0.402127809685127,0.012,0.009,1
"H2AC8",0.782201634620503,0.146368994284321,0.035,0.029,1
"CD99P1",0.782813281026457,0.121762806005554,0.059,0.051,1
"NOM1",0.783085033465482,0.172852656220503,0.065,0.056,1
"SEMA4C",0.783586105559502,0.127058399350636,0.02,0.017,1
"ENSG00000267379",0.784189673842126,0.255056238552675,0.024,0.019,1
"ENSG00000242798",0.78449123849313,-0.192606940240661,0.018,0.017,1
"TRBV14",0.786780708064099,0.171430113998115,0.017,0.015,1
"SPACA9",0.786841642939181,-0.130681666902597,0.016,0.014,1
"ZNF781",0.786872604664385,-0.100641315881949,0.014,0.014,1
"ALG6",0.787188490459917,0.134603322669725,0.055,0.047,1
"HEXIM2",0.787305308652783,0.214268467834338,0.014,0.012,1
"NRL",0.787380564233909,-0.149898591895832,0.02,0.02,1
"CHST14",0.787476409039646,0.132575592046996,0.03,0.027,1
"CFAP44",0.789540887339966,-0.123946270323903,0.024,0.022,1
"TMEM192",0.789668661084655,-0.19040961385942,0.035,0.034,1
"SOX6",0.790053222216549,-0.353804227896245,0.013,0.014,1
"ATG4C",0.791196819530546,-0.147714168431352,0.044,0.043,1
"ISOC1",0.792094878592737,-0.156304253163581,0.072,0.072,1
"LRRC51",0.792133323173072,-0.265425269171407,0.019,0.02,1
"ZNF778-DT",0.792502042349186,-0.182132001687427,0.014,0.015,1
"PLXNC1",0.792718305837781,0.291217631348109,0.022,0.017,1
"KANSL1L-AS1",0.79279550395117,-0.192736236808081,0.016,0.015,1
"LOXL1-AS1",0.792903464845173,-0.170638898489613,0.032,0.033,1
"RHEBL1",0.795016841627536,0.102484439833973,0.014,0.011,1
"ENSG00000269958",0.795142249182455,0.331781870674597,0.01,0.007,1
"C2orf68",0.795762492194899,-0.119419203346647,0.108,0.106,1
"ZNF771",0.796115974702103,0.183486138433814,0.023,0.02,1
"TAFA2",0.796303407847384,0.126798300873927,0.022,0.018,1
"SLC43A2",0.796406062144263,-0.147150637666695,0.015,0.017,1
"TCAF1",0.798294682861917,-0.144913220199948,0.027,0.026,1
"PLBD2",0.799397518177842,0.296975520993484,0.013,0.01,1
"SDCBP2-AS1",0.799735172618107,0.149150507803854,0.065,0.055,1
"DHX9-AS1",0.800154952074505,-0.160287434360431,0.015,0.015,1
"METTL2A",0.800482036917033,0.100069039115974,0.087,0.075,1
"CLCN6",0.800955894247134,0.174582796127519,0.035,0.03,1
"NFYC-AS1",0.801334146159152,-0.160526059331092,0.015,0.014,1
"PSMG1",0.80177925163656,0.131930544787288,0.054,0.047,1
"ENSG00000290082",0.802741280449923,0.421246874273672,0.01,0.007,1
"VIM-AS1",0.803432096786284,0.248331658832358,0.26,0.221,1
"ERI1",0.803552034029659,0.115379044472244,0.051,0.043,1
"XRCC4",0.803780456388881,0.153372189515304,0.026,0.023,1
"ZNF653",0.80418355173639,-0.244611519488328,0.021,0.022,1
"SLC35B4",0.8043117304875,-0.101107136977191,0.036,0.035,1
"ATP6V1E2",0.804942996091741,-0.1877905199631,0.019,0.019,1
"CXADR",0.805124467663477,-0.186971359043198,0.011,0.009,1
"TELO2",0.805210083952433,0.166457524826352,0.049,0.042,1
"EFNA4",0.805888004266983,0.239435754773917,0.011,0.009,1
"ZNF30",0.806091639869669,-0.214248389146888,0.016,0.015,1
"ARSG",0.806879651947705,0.165005904469444,0.024,0.021,1
"GADD45G",0.806935487554582,0.10844434672873,0.031,0.027,1
"HERC6",0.807044790039195,0.128885065635759,0.051,0.044,1
"ENSG00000254459",0.807205076416457,-0.19931204120727,0.013,0.014,1
"MIR9-1HG",0.808041727079724,0.409599749756893,0.012,0.009,1
"ZNF500",0.808269196744833,0.126858539203312,0.035,0.03,1
"BEND5",0.808880390631748,0.107142134177979,0.035,0.031,1
"CLIP1",0.810381304286672,0.15764035170537,0.106,0.093,1
"CARF",0.811334718030502,0.128186599316037,0.046,0.038,1
"MYLK-AS1",0.811577107323696,0.145897238849172,0.018,0.015,1
"HEG1",0.811773517021318,0.142508449844244,0.085,0.075,1
"PGBD4",0.812065059332887,-0.131253958750232,0.012,0.013,1
"FAM219A",0.81207967414565,0.202131795703614,0.022,0.018,1
"EIF4ENIF1",0.812130446054249,0.117951981631163,0.053,0.045,1
"ACTR5",0.814424906099748,-0.137679425377957,0.04,0.04,1
"FAM161A",0.815214689731372,-0.110745105545006,0.014,0.014,1
"ENSG00000274292",0.815420283944831,0.168001918979299,0.043,0.038,1
"ENSG00000285830",0.815509978976201,-0.145904229363105,0.017,0.016,1
"IPO13",0.816588218157569,0.162898208369321,0.052,0.045,1
"MVB12A",0.821577461983555,-0.234279929164394,0.046,0.047,1
"MVP-DT",0.822270238668254,0.111949188956685,0.05,0.041,1
"ENSG00000291179",0.824653708472895,0.188668733318505,0.015,0.013,1
"SFXN5",0.824721857830247,-0.113551415706932,0.02,0.019,1
"MEF2B",0.8249835238442,-0.286684832897646,0.011,0.012,1
"ENSG00000289596",0.825215489129222,-0.128558223528739,0.03,0.03,1
"BOLA2B",0.826210237097192,0.156238994155997,0.025,0.021,1
"SNHG4",0.826540377627275,0.136709006573933,0.036,0.029,1
"DHX37",0.826669723550262,0.146707794841022,0.048,0.043,1
"ZNF225-AS1",0.827618620726216,0.115005507651432,0.016,0.014,1
"C1QTNF6",0.828235526882524,-0.136007331768997,0.018,0.018,1
"ENSG00000223732",0.829168827988249,0.261797521491983,0.019,0.015,1
"ADGRL1-AS1",0.829261254765641,-0.137850559446976,0.02,0.02,1
"ENSG00000288960",0.829433985328418,-0.200519161913063,0.009,0.01,1
"ENSG00000289312",0.832669327158621,0.290342547299633,0.011,0.011,1
"SEC61A2",0.833284454828715,0.183477138689105,0.045,0.038,1
"ENSG00000287100",0.833416470714271,0.164497126007597,0.02,0.017,1
"C20orf96",0.833512814380225,-0.193911202619609,0.013,0.014,1
"EXTL3",0.833520935628485,0.100395433311843,0.029,0.025,1
"TRAV35",0.833551395278742,-0.162410902923544,0.02,0.022,1
"ZNF212",0.833607370818386,0.107450568309631,0.071,0.061,1
"CENPN",0.833701990454981,-0.21401951543355,0.026,0.025,1
"TXNL4B",0.834240309032375,-0.114573094711224,0.077,0.075,1
"LST1",0.834555878935729,0.118971439766219,0.031,0.03,1
"NUDT11",0.834559269671757,0.246852971265765,0.015,0.011,1
"PDCD4-AS1",0.834754853860204,-0.115574024824468,0.118,0.113,1
"ENSG00000284052",0.835606835779325,0.159078279707376,0.018,0.015,1
"ENSG00000273674",0.836209135719373,-0.443558224312824,0.013,0.013,1
"CCDC85C",0.837139271103665,0.114756490299566,0.135,0.118,1
"ZSWIM1",0.83727427564302,0.12894361179099,0.036,0.031,1
"CLN6",0.837477289170267,0.120654755224875,0.053,0.046,1
"FXYD1",0.837583591158289,0.106422213639246,0.019,0.016,1
"UNC45B",0.838301105075676,0.110884549346003,0.04,0.035,1
"CLOCK",0.838317605160514,-0.112962890632512,0.059,0.055,1
"FAM111A-DT",0.838561061754333,-0.204385115553674,0.011,0.011,1
"NIPBL-DT",0.838731014914453,0.124421733815339,0.044,0.038,1
"LEMD2",0.839683047126279,0.111228451760939,0.106,0.094,1
"SIPA1L3",0.840704812481549,0.111976762132751,0.091,0.079,1
"LIN9",0.840819254270749,-0.129836385219405,0.049,0.048,1
"KCTD18",0.841058400284513,0.10921248517601,0.071,0.062,1
"STK39",0.841075264662852,0.111865695098258,0.104,0.09,1
"TMEM53",0.841301885024843,0.205154100668265,0.011,0.009,1
"ENSG00000271858",0.842173626825663,-0.179619955688435,0.023,0.023,1
"TBCCD1",0.843020483484515,-0.127879511098226,0.059,0.058,1
"DMAC2L",0.843187509027306,0.105087779306646,0.106,0.09,1
"EDAR",0.844271415800345,-0.1709110192559,0.011,0.01,1
"ENSG00000272449",0.845626690402631,-0.126349555043342,0.098,0.1,1
"ZNF552",0.846801853852436,-0.110029095517521,0.043,0.043,1
"C2CD5-AS1",0.847234194739805,0.137807966107411,0.035,0.03,1
"ZNF835",0.847893200875433,0.194367597973066,0.011,0.009,1
"CEP57L1",0.848331983970147,-0.3966856593093,0.018,0.018,1
"SLC35E2B",0.848605467638077,-0.117582032889259,0.095,0.092,1
"CFAP418",0.84867174304448,-0.210346545593827,0.009,0.01,1
"CPSF1",0.84996890943489,-0.103323024575024,0.074,0.074,1
"GDPGP1",0.851402412027183,-0.202527386987074,0.011,0.01,1
"ENSG00000254910",0.851668489249481,0.102020181557921,0.014,0.012,1
"CAMK2D",0.854668254162866,0.112429846133281,0.147,0.131,1
"MEX3D",0.854854653807084,-0.115797125649499,0.013,0.014,1
"GTF3C2-AS2",0.855039718179965,-0.174590598566664,0.016,0.015,1
"MAN2A2",0.857649938753554,0.195941367560482,0.033,0.026,1
"ENSG00000237126",0.858379568905264,-0.263551448395233,0.011,0.011,1
"NPAS2",0.858864597067124,0.23071211284006,0.023,0.019,1
"ZKSCAN7",0.859644783039441,0.291454032267434,0.011,0.008,1
"FITM2",0.859722356642918,-0.199590062399846,0.014,0.014,1
"CARNS1",0.859878378642121,0.118125004883486,0.016,0.014,1
"ENSG00000289960",0.859975708175512,0.133415621464013,0.017,0.014,1
"LINC01089",0.861343768211503,-0.10288852578257,0.127,0.127,1
"ENTPD5",0.861642039838634,-0.158541268376579,0.02,0.02,1
"ENSG00000270871",0.86202941042081,0.20613560152336,0.015,0.012,1
"C2orf49-DT",0.862360363395628,-0.20073018488419,0.03,0.032,1
"UROS",0.864315475448795,0.151933102152935,0.068,0.059,1
"LINC00641",0.864330391037924,0.168875515333234,0.015,0.013,1
"ITPRID2",0.865039492758205,0.136052163910504,0.064,0.054,1
"CAPRIN2",0.86645017951985,-0.260471329109696,0.025,0.025,1
"SLC3A1",0.866554777708157,0.203405444693171,0.015,0.012,1
"ENSG00000249236",0.866581060209444,-0.146468970797784,0.041,0.041,1
"BCL9",0.86662495261373,-0.180313230315138,0.043,0.043,1
"ENSG00000263990",0.867197184119405,0.336249658498452,0.017,0.013,1
"ENSG00000290039",0.867824003411797,-0.668621887133363,0.015,0.015,1
"METTL15",0.868583808364816,0.151600897967506,0.088,0.076,1
"ZNF710",0.868929491554901,0.1414232244208,0.025,0.021,1
"GRAP",0.869081395686083,-0.128385952736266,0.122,0.121,1
"LINC00680",0.869119259896974,-0.104808877525457,0.085,0.084,1
"TRBV7-2",0.871864868779976,-0.165151794020574,0.026,0.026,1
"ENSG00000289341",0.871894567083093,-0.389164329465498,0.03,0.033,1
"POLR1G",0.872426257546553,0.155501984755772,0.01,0.009,1
"ATPSCKMT",0.872494651970103,-0.265123966081541,0.011,0.011,1
"AXIN2",0.872912370392208,0.11614506444178,0.027,0.024,1
"TNKS1BP1",0.87305023324458,0.257445006901449,0.019,0.016,1
"RBM26-AS1",0.873419446433282,0.279593095533073,0.012,0.008,1
"SNAPC1",0.873662010186483,-0.129770064607036,0.081,0.077,1
"ENSG00000287825",0.87378054086987,-0.206206435731574,0.018,0.019,1
"SLC18B1",0.874199142671108,0.129012379241823,0.037,0.033,1
"CSKMT",0.874258919381725,-0.217534327534068,0.051,0.053,1
"HK2",0.874428922284088,-0.181719007865447,0.014,0.013,1
"ENSG00000273175",0.8744805900713,0.100852745550754,0.086,0.075,1
"SH3BP1",0.874602164473701,-0.147456783004937,0.045,0.048,1
"RIOX2",0.874969666006681,0.131951613305144,0.043,0.037,1
"ENSG00000272092",0.875348989111228,0.194664294379952,0.012,0.01,1
"SLX4",0.875417190973742,0.157455792814276,0.01,0.009,1
"KAT14",0.875565180981068,0.174648112390425,0.04,0.036,1
"EFNA1",0.875619569017017,-0.137298660302313,0.047,0.048,1
"ENSG00000259201",0.875937813192161,-0.137863988090731,0.031,0.03,1
"ENSG00000260719",0.876508593636224,-0.159097626495322,0.013,0.012,1
"DENND10",0.877085015829671,-0.120260638296976,0.062,0.061,1
"STX8",0.877185440477272,0.164785030292374,0.068,0.06,1
"ZNF680",0.877488316999803,-0.118137240643847,0.04,0.039,1
"TMEM147-AS1",0.877619899325066,-0.227344771911024,0.01,0.011,1
"NMNAT1",0.878616185421989,0.201141158661035,0.014,0.011,1
"C9orf85",0.880319920647195,0.122934155588616,0.097,0.084,1
"MBOAT1",0.880973334355788,0.302278157193212,0.01,0.008,1
"ROM1",0.882000752645987,-0.175026037898103,0.014,0.014,1
"MDS2",0.882939988917393,0.358718126394614,0.011,0.01,1
"SEC24D",0.88326313851902,-0.155205336456044,0.045,0.043,1
"ZNF551",0.884196107710336,0.20248608567388,0.054,0.045,1
"YTHDF3-DT",0.884495673113272,-0.363321118950338,0.011,0.009,1
"TMCO4",0.885233639011672,-0.250512534071397,0.011,0.01,1
"MTPAP",0.888386033481429,0.153026779154314,0.035,0.03,1
"CNIH3",0.888489150139217,0.10010079786808,0.013,0.011,1
"CYB5D1",0.888807316778909,-0.198270971148458,0.02,0.02,1
"CPEB3",0.889185426471846,0.100688298007632,0.042,0.037,1
"MYOSLID",0.890143122987605,-0.148872711176054,0.019,0.019,1
"WASF1",0.890982733476347,-0.264304045534268,0.013,0.014,1
"DARS2",0.891045905973675,0.125544325490868,0.034,0.03,1
"BTBD8",0.89155003003794,0.237978318222647,0.01,0.008,1
"AHNAK",0.891654387180336,0.112978503367179,0.312,0.278,1
"STRN3",0.891661314034572,0.110223713010617,0.141,0.123,1
"TANGO6",0.892587460051562,0.128587864454358,0.066,0.057,1
"MCF2L",0.892958621436404,0.232584873159878,0.01,0.009,1
"TNPO3",0.893287260603066,0.117456588339013,0.182,0.163,1
"SNHG21",0.893587608024043,-0.120411567674633,0.046,0.046,1
"SORBS1",0.894718389191824,0.316709047186089,0.012,0.009,1
"TRBV6-2",0.894961232333025,-0.242206791408134,0.019,0.02,1
"ENSG00000233461",0.894969857024692,-0.230320183587234,0.014,0.016,1
"WDR86-AS1",0.895954118325223,0.270492234652472,0.02,0.015,1
"ENSG00000275119",0.896236116842177,0.193095722408502,0.024,0.02,1
"KRTCAP3",0.900413369315116,0.172426355451062,0.028,0.025,1
"EOLA1-DT",0.900974311278682,-0.125347156397524,0.018,0.018,1
"SPNS3",0.901027178476025,-0.138479003633882,0.039,0.038,1
"ENSG00000278766",0.901462017633068,0.249189022872779,0.016,0.012,1
"ZNF174",0.901571231638076,-0.128441734217947,0.053,0.052,1
"ENSG00000285696",0.903625034770739,0.179980656552194,0.01,0.009,1
"PDE6G",0.90398282184207,-0.280425004528805,0.012,0.012,1
"CHD1-DT",0.906276274361414,-0.14108262139371,0.034,0.032,1
"NPC1",0.906823934904493,0.149928860503038,0.051,0.044,1
"CRAT",0.907899712919368,-0.129284373274043,0.015,0.015,1
"SPEN-AS1",0.908356080364147,-0.135513799494526,0.072,0.073,1
"TMEM268",0.908417424044865,0.130159367290882,0.044,0.038,1
"ENSG00000288061",0.909363407149265,-0.136789918920988,0.034,0.034,1
"SVIL",0.909689162083524,0.125188057917266,0.112,0.096,1
"ENSG00000261468",0.910100732214374,0.203881765946568,0.012,0.009,1
"SERPINF1",0.91025763377111,-0.216329906267458,0.065,0.062,1
"LRATD2",0.910276532519493,-0.100182507133283,0.019,0.017,1
"DCBLD1",0.911088569304375,-0.162488260904942,0.041,0.041,1
"ENSG00000286264",0.914708596498117,-0.146130180661612,0.059,0.058,1
"PFKM",0.915383138259007,0.113029489287547,0.015,0.014,1
"C2orf42",0.915482393395014,0.113793466586621,0.029,0.025,1
"GOLGA7B",0.915988084673261,-0.171712819668528,0.012,0.013,1
"CD79A",0.916794527807198,-0.111684025564385,0.11,0.106,1
"ARMC7",0.919718004512247,0.10766327739928,0.034,0.03,1
"GSTZ1",0.9199439189243,0.110979642622651,0.017,0.014,1
"ENSG00000271533",0.920162616626594,-0.178924520163355,0.012,0.011,1
"ENSG00000267605",0.920282351588996,0.430130925713617,0.013,0.01,1
"ATP6V0A1",0.921164799346323,-0.122416206563403,0.012,0.011,1
"ENSG00000268056",0.922899963914253,0.151926857593526,0.01,0.008,1
"FLACC1",0.924334832145597,0.202436958597533,0.017,0.014,1
"PROCR",0.92562310993278,0.256506275672608,0.011,0.009,1
"REC8",0.926072330029355,-0.259088872548509,0.033,0.033,1
"RAMACL",0.926444954109344,0.275524438239968,0.017,0.014,1
"TMEM263-DT",0.926800782686455,-0.290253487397966,0.012,0.012,1
"GSDMB",0.92838575716142,-0.111685460234963,0.027,0.027,1
"ZNF711",0.928790737111419,0.241857028223198,0.029,0.023,1
"AIMP2",0.930908430744983,0.121836773989216,0.099,0.087,1
"UBE2R2-AS1",0.931822702758535,-0.100686550202075,0.014,0.014,1
"CHMP3-AS1",0.932209063321411,0.235956166415569,0.018,0.015,1
"HDAC8",0.932649666869033,0.113714256679554,0.083,0.072,1
"GTF2H4",0.93272819803703,-0.109673900888299,0.058,0.057,1
"CERNA1",0.933318617415392,-0.176424604484672,0.018,0.017,1
"SHF",0.934407666725973,0.122982229418021,0.034,0.03,1
"ENSG00000289180",0.934797321953968,-0.283313829813654,0.012,0.012,1
"CHPF",0.935087626660582,-0.104114912937556,0.017,0.016,1
"TSPOAP1",0.935268888814568,0.212833438639618,0.016,0.015,1
"ZIK1",0.935338882923709,-0.157648240408135,0.023,0.022,1
"POLR1B",0.935663567480364,0.105475294645494,0.088,0.077,1
"MIEF2",0.936614376306825,-0.210003723229061,0.018,0.018,1
"UGDH",0.936764012155283,0.11478303910087,0.024,0.021,1
"ZNF529-AS1",0.938231686084052,-0.110762232919931,0.027,0.025,1
"CDKL1",0.939714382912524,0.225087774828747,0.014,0.012,1
"IQCE",0.939831966198694,-0.10235640509266,0.022,0.021,1
"INPP5E",0.941472799011888,-0.164197698610038,0.049,0.049,1
"DPP3",0.941900402520755,0.129178391162045,0.05,0.043,1
"SNX8",0.942274267040493,0.16178716602988,0.012,0.011,1
"ENSG00000285679",0.942325797632421,0.210629571864718,0.012,0.011,1
"ARHGEF35",0.94274540932591,0.203890143685943,0.01,0.009,1
"FDXACB1",0.94361826930421,0.144314151656136,0.029,0.025,1
"TOX2",0.944794247954923,-0.111770798652522,0.05,0.049,1
"SPESP1",0.945178376911484,-0.163049908712921,0.019,0.02,1
"ENSG00000228427",0.945596926623081,-0.106887376289277,0.018,0.017,1
"ENSG00000235066",0.946222067246145,-0.183924823895178,0.01,0.009,1
"HIRA",0.946535929353506,0.132646861302341,0.053,0.044,1
"IDH1",0.948241185260012,-0.106996687123605,0.019,0.019,1
"ENSG00000251194",0.951113306668283,0.234210513724909,0.017,0.014,1
"NDRG3",0.9511573907647,0.130882482458733,0.035,0.032,1
"CCDC51",0.951463237714218,0.153793503191915,0.022,0.02,1
"C7orf31",0.953774892327633,-0.157108251555071,0.039,0.037,1
"BEND3",0.9541216845182,0.221347484006557,0.011,0.009,1
"PIK3CD-AS2",0.955061790640453,-0.225586298372307,0.01,0.01,1
"ZNF546",0.956036926571219,0.105908610503138,0.022,0.019,1
"ENSG00000272030",0.956146536598077,0.159738272092044,0.012,0.01,1
"WASH6P",0.95681970505339,-0.1675685346003,0.015,0.014,1
"TAPT1-AS1",0.960274307641984,-0.141115496561246,0.019,0.018,1
"HPGD",0.960386807198132,0.13067356285613,0.037,0.031,1
"ATPAF1",0.964294064833896,-0.112181698230347,0.044,0.041,1
"LINC00921",0.964727974377463,-0.10619276001269,0.026,0.025,1
"MCM2",0.965256417737828,-0.111551721440818,0.014,0.013,1
"PPIEL",0.966746773276501,0.154951920822017,0.015,0.013,1
"SUMO4",0.967479348997198,0.217459720607252,0.027,0.022,1
"H3C1",0.967616635675701,0.117273955051919,0.01,0.008,1
"TRIP10",0.96912003148102,0.144110183640117,0.021,0.018,1
"LINC00598",0.969538018629783,-0.178841311241933,0.016,0.016,1
"GHDC",0.969791742882079,-0.296832250503547,0.011,0.012,1
"TRAV26-2",0.970726749436448,-0.111046509113021,0.025,0.024,1
"ENSG00000291186",0.971132117913827,-0.128097455922302,0.014,0.012,1
"ENSG00000236986",0.971296934333909,0.167714973148377,0.025,0.022,1
"NUAK2",0.9713595316247,-0.101767797632592,0.118,0.114,1
"ENSG00000268027",0.97154836947871,-0.120906270703163,0.24,0.236,1
"ENSG00000257342",0.972306165464708,0.294953087161012,0.015,0.013,1
"DOCK4",0.972571359056962,0.194746651090826,0.011,0.009,1
"CDH23",0.973923313561941,-0.314624991254579,0.01,0.01,1
"ZNF77",0.975559839127731,0.155957278668951,0.013,0.012,1
"ANKRD17-DT",0.97735628860411,-0.127646580038022,0.023,0.022,1
"ENSG00000230684",0.979413698133305,0.110827915453084,0.01,0.009,1
"ENSG00000287269",0.979999080962476,0.133118683290907,0.015,0.013,1
"PPRC1",0.980838354595001,0.116195576131783,0.133,0.117,1
"TCF19",0.981263623173936,0.11164121786077,0.016,0.015,1
"TSC1",0.9819220431036,0.105650745192329,0.099,0.09,1
"KLF2-DT",0.984829241905446,-0.10567674199946,0.014,0.014,1
"OLFM2",0.986424497811977,-0.112357668306334,0.067,0.063,1
"TXNDC5",0.987256299014637,0.170088137436768,0.02,0.017,1
"ENSG00000240571",0.989663066535399,0.110912261354971,0.015,0.014,1
"TLCD3A",0.991405457344167,0.120188453206397,0.012,0.01,1
"NCKIPSD",0.991811804848,-0.128300885919337,0.028,0.026,1
"ACTR3C",0.992960796231116,0.112034114999515,0.02,0.018,1
"ZNF599",0.99296736773805,0.172066360127095,0.019,0.017,1
"PRR3",0.993036112344926,0.121903510775468,0.059,0.054,1
"CITED4",0.993957394395267,-0.15323272287056,0.022,0.022,1
"ENSG00000274104",0.99562220447991,-0.101725881205638,0.024,0.023,1
"PROSER1",0.997682541078739,0.136228653635273,0.109,0.098,1
"DLK2",0.999260284178701,0.100645286230032,0.01,0.009,1
"ENSG00000290854",0.999333761435763,-0.122971615664776,0.043,0.04,1
